/home/jiahao/miniconda3/envs/irra/lib/python3.9/site-packages/torch/nn/functional.py:3609: UserWarning: Default upsampling behavior when mode=bilinear is changed to align_corners=False since 0.4.0. Please specify align_corners=True if the old behavior is desired. See the documentation of nn.Upsample for details.
  warnings.warn(
Not using distributed mode
### Hyper-parameters:
     output_dir: output_rerun2/ham_cuhk_tta/exp4/exp4.1.3/2025091400464
     seed: 42
     device: cuda
     batch_size_tta: 16
     epochs: 20
     lr: 0.0005
### Creating test dataset
     test_txt_set: 6156    test_img_set: 3074
     test_txt_loader: 13    test_img_loader: 7
### Creating model
Training Model with ['sdm', 'id', 'mlm'] tasks
Resized position embedding from size:torch.Size([1, 197, 768]) to size: torch.Size([1, 193, 768]) with height:24 width: 8
     Total Params Sum:  194535419
### Zero-Shot Score: 
+-------+--------+--------+--------+--------+--------+
| epoch |   R1   |   R5   |  R10   |  mAP   |  mINP  |
+-------+--------+--------+--------+--------+--------+
|  -999 | 70.598 | 86.891 | 91.780 | 63.391 | 47.063 |
+-------+--------+--------+--------+--------+--------+
### TTA:
### Compute Cos Similarity Uncertainty
     preprocess_tta_coefficients  start
     sample selection ...
     number of sample after sample_selection: 6156
     uncertainty ...
     pos/neg sampling ...
      number of sample after pos/neg sampling: torch.Size([6156, 8])
     preprocess_tta_coefficients  end
### Creating TTA dataset
     tta_dataset: 6156
### Creating tta dataloader
### be careful: func create_loader returns a list length of 1
     tta_loader: 384
### Configure adapted weights
     TTA Dropout Modules: 
 []
     TTA Require Gradient Params: 
 [('base_model.transformer.resblocks.1.ln_1.weight', torch.Size([512])), ('base_model.transformer.resblocks.1.ln_1.bias', torch.Size([512])), ('base_model.transformer.resblocks.1.ln_2.weight', torch.Size([512])), ('base_model.transformer.resblocks.1.ln_2.bias', torch.Size([512])), ('base_model.transformer.resblocks.2.ln_1.weight', torch.Size([512])), ('base_model.transformer.resblocks.2.ln_1.bias', torch.Size([512])), ('base_model.transformer.resblocks.2.ln_2.weight', torch.Size([512])), ('base_model.transformer.resblocks.2.ln_2.bias', torch.Size([512])), ('base_model.transformer.resblocks.3.ln_1.weight', torch.Size([512])), ('base_model.transformer.resblocks.3.ln_1.bias', torch.Size([512])), ('base_model.transformer.resblocks.3.ln_2.weight', torch.Size([512])), ('base_model.transformer.resblocks.3.ln_2.bias', torch.Size([512])), ('base_model.transformer.resblocks.4.ln_1.weight', torch.Size([512])), ('base_model.transformer.resblocks.4.ln_1.bias', torch.Size([512])), ('base_model.transformer.resblocks.4.ln_2.weight', torch.Size([512])), ('base_model.transformer.resblocks.4.ln_2.bias', torch.Size([512])), ('base_model.transformer.resblocks.5.ln_1.weight', torch.Size([512])), ('base_model.transformer.resblocks.5.ln_1.bias', torch.Size([512])), ('base_model.transformer.resblocks.5.ln_2.weight', torch.Size([512])), ('base_model.transformer.resblocks.5.ln_2.bias', torch.Size([512])), ('base_model.transformer.resblocks.7.ln_1.weight', torch.Size([512])), ('base_model.transformer.resblocks.7.ln_1.bias', torch.Size([512])), ('base_model.transformer.resblocks.7.ln_2.weight', torch.Size([512])), ('base_model.transformer.resblocks.7.ln_2.bias', torch.Size([512])), ('base_model.transformer.resblocks.8.ln_1.weight', torch.Size([512])), ('base_model.transformer.resblocks.8.ln_1.bias', torch.Size([512])), ('base_model.transformer.resblocks.8.ln_2.weight', torch.Size([512])), ('base_model.transformer.resblocks.8.ln_2.bias', torch.Size([512])), ('base_model.transformer.resblocks.9.ln_1.weight', torch.Size([512])), ('base_model.transformer.resblocks.9.ln_1.bias', torch.Size([512])), ('base_model.transformer.resblocks.9.ln_2.weight', torch.Size([512])), ('base_model.transformer.resblocks.9.ln_2.bias', torch.Size([512])), ('base_model.transformer.resblocks.10.ln_1.weight', torch.Size([512])), ('base_model.transformer.resblocks.10.ln_1.bias', torch.Size([512])), ('base_model.transformer.resblocks.10.ln_2.weight', torch.Size([512])), ('base_model.transformer.resblocks.10.ln_2.bias', torch.Size([512])), ('base_model.transformer.resblocks.11.ln_1.weight', torch.Size([512])), ('base_model.transformer.resblocks.11.ln_1.bias', torch.Size([512])), ('base_model.transformer.resblocks.11.ln_2.weight', torch.Size([512])), ('base_model.transformer.resblocks.11.ln_2.bias', torch.Size([512])), ('base_model.ln_final.weight', torch.Size([512])), ('base_model.ln_final.bias', torch.Size([512]))]
     TTA Dropout Modules Number: 
 0
     TTA Require Gradient Params Sum: 
 21504
Using 5.0 times learning rate for random init module 
### Start Test Time Adaptation : num_epoch = 20
     Epoch[0] Iteration[10/384], entropy: 0.4214, uncertainty: 1.8248, uncertainty_coeffi: 0.0010, loss: 0.1817, lr: 3.75e-04
     Epoch[0] Iteration[20/384], entropy: 0.3400, uncertainty: 1.7938, uncertainty_coeffi: 0.0010, loss: 0.1527, lr: 0.00e+00
     Epoch[0] Iteration[30/384], entropy: 0.3831, uncertainty: 1.7215, uncertainty_coeffi: 0.0010, loss: 0.1668, lr: 3.75e-04
     Epoch[0] Iteration[40/384], entropy: 0.3096, uncertainty: 1.9612, uncertainty_coeffi: 0.0010, loss: 0.1362, lr: 3.75e-04
     Epoch[0] Iteration[50/384], entropy: 0.5056, uncertainty: 2.0028, uncertainty_coeffi: 0.0010, loss: 0.2207, lr: 0.00e+00
     Epoch[0] Iteration[60/384], entropy: 0.2433, uncertainty: 1.8544, uncertainty_coeffi: 0.0010, loss: 0.1146, lr: 3.75e-04
     Epoch[0] Iteration[70/384], entropy: 0.3269, uncertainty: 1.8250, uncertainty_coeffi: 0.0010, loss: 0.1483, lr: 3.75e-04
     Epoch[0] Iteration[80/384], entropy: 0.6298, uncertainty: 2.0644, uncertainty_coeffi: 0.0010, loss: 0.2822, lr: 0.00e+00
     Epoch[0] Iteration[90/384], entropy: 0.4508, uncertainty: 1.9989, uncertainty_coeffi: 0.0010, loss: 0.2003, lr: 3.75e-04
     Epoch[0] Iteration[100/384], entropy: 0.4801, uncertainty: 1.9608, uncertainty_coeffi: 0.0010, loss: 0.2192, lr: 3.75e-04
     Epoch[0] Iteration[110/384], entropy: 0.2609, uncertainty: 1.8213, uncertainty_coeffi: 0.0010, loss: 0.1185, lr: 0.00e+00
     Epoch[0] Iteration[120/384], entropy: 0.3211, uncertainty: 1.8255, uncertainty_coeffi: 0.0010, loss: 0.1421, lr: 3.75e-04
     Epoch[0] Iteration[130/384], entropy: 0.5453, uncertainty: 2.0714, uncertainty_coeffi: 0.0010, loss: 0.2352, lr: 3.75e-04
     Epoch[0] Iteration[140/384], entropy: 0.3203, uncertainty: 1.8545, uncertainty_coeffi: 0.0010, loss: 0.1489, lr: 0.00e+00
     Epoch[0] Iteration[150/384], entropy: 0.3593, uncertainty: 1.8993, uncertainty_coeffi: 0.0010, loss: 0.1684, lr: 3.75e-04
     Epoch[0] Iteration[160/384], entropy: 0.3670, uncertainty: 1.9068, uncertainty_coeffi: 0.0010, loss: 0.1626, lr: 3.75e-04
     Epoch[0] Iteration[170/384], entropy: 0.3829, uncertainty: 1.8991, uncertainty_coeffi: 0.0010, loss: 0.1646, lr: 0.00e+00
     Epoch[0] Iteration[180/384], entropy: 0.4499, uncertainty: 1.8510, uncertainty_coeffi: 0.0010, loss: 0.1959, lr: 3.75e-04
     Epoch[0] Iteration[190/384], entropy: 0.5118, uncertainty: 1.9222, uncertainty_coeffi: 0.0010, loss: 0.2268, lr: 3.75e-04
     Epoch[0] Iteration[200/384], entropy: 0.3949, uncertainty: 1.9263, uncertainty_coeffi: 0.0010, loss: 0.1739, lr: 0.00e+00
     Epoch[0] Iteration[210/384], entropy: 0.2625, uncertainty: 1.8945, uncertainty_coeffi: 0.0010, loss: 0.1160, lr: 3.75e-04
     Epoch[0] Iteration[220/384], entropy: 0.2121, uncertainty: 1.8766, uncertainty_coeffi: 0.0010, loss: 0.0980, lr: 3.75e-04
     Epoch[0] Iteration[230/384], entropy: 0.2918, uncertainty: 1.8685, uncertainty_coeffi: 0.0010, loss: 0.1329, lr: 0.00e+00
     Epoch[0] Iteration[240/384], entropy: 0.2230, uncertainty: 1.8864, uncertainty_coeffi: 0.0010, loss: 0.1108, lr: 3.75e-04
     Epoch[0] Iteration[250/384], entropy: 0.4207, uncertainty: 1.8709, uncertainty_coeffi: 0.0010, loss: 0.1829, lr: 3.75e-04
     Epoch[0] Iteration[260/384], entropy: 0.3487, uncertainty: 1.8860, uncertainty_coeffi: 0.0010, loss: 0.1683, lr: 0.00e+00
     Epoch[0] Iteration[270/384], entropy: 0.3076, uncertainty: 1.9064, uncertainty_coeffi: 0.0010, loss: 0.1401, lr: 3.75e-04
     Epoch[0] Iteration[280/384], entropy: 0.4685, uncertainty: 1.8538, uncertainty_coeffi: 0.0010, loss: 0.2091, lr: 3.75e-04
     Epoch[0] Iteration[290/384], entropy: 0.6692, uncertainty: 2.0445, uncertainty_coeffi: 0.0010, loss: 0.2866, lr: 0.00e+00
     Epoch[0] Iteration[300/384], entropy: 0.0781, uncertainty: 1.5890, uncertainty_coeffi: 0.0010, loss: 0.0425, lr: 3.75e-04
     Epoch[0] Iteration[310/384], entropy: 0.4532, uncertainty: 1.8906, uncertainty_coeffi: 0.0010, loss: 0.2125, lr: 3.75e-04
     Epoch[0] Iteration[320/384], entropy: 0.3458, uncertainty: 2.0472, uncertainty_coeffi: 0.0010, loss: 0.1691, lr: 0.00e+00
     Epoch[0] Iteration[330/384], entropy: 0.3649, uncertainty: 1.8561, uncertainty_coeffi: 0.0010, loss: 0.1738, lr: 3.75e-04
     Epoch[0] Iteration[340/384], entropy: 0.3390, uncertainty: 1.8553, uncertainty_coeffi: 0.0010, loss: 0.1581, lr: 3.75e-04
     Epoch[0] Iteration[350/384], entropy: 0.3271, uncertainty: 1.8499, uncertainty_coeffi: 0.0010, loss: 0.1567, lr: 0.00e+00
     Epoch[0] Iteration[360/384], entropy: 0.3410, uncertainty: 1.7575, uncertainty_coeffi: 0.0010, loss: 0.1633, lr: 3.75e-04
     Epoch[0] Iteration[370/384], entropy: 0.5036, uncertainty: 2.0290, uncertainty_coeffi: 0.0010, loss: 0.2240, lr: 3.75e-04
     Epoch[0] Iteration[380/384], entropy: 0.7343, uncertainty: 2.1105, uncertainty_coeffi: 0.0010, loss: 0.3141, lr: 0.00e+00
     Averaged stats: entropy_avg: 0.3867, uncertainty_avg: 1.8963, uncertainty_coeffi_avg: 0.0010, loss_avg: 0.1742, lr_avg: 2.47e-04
     itm tta time 0:01:09
### TTA Eval Score: 
+-------+--------+--------+--------+--------+--------+
| epoch |   R1   |   R5   |  R10   |  mAP   |  mINP  |
+-------+--------+--------+--------+--------+--------+
|  -999 | 70.598 | 86.891 | 91.780 | 63.391 | 47.063 |
|   0   | 70.484 | 86.826 | 91.650 | 63.373 | 47.166 |
+-------+--------+--------+--------+--------+--------+
     logs:  {'epo': 0, 'R1': 70.484, 'R5': 86.826, 'R10': 91.65, 'mAP': 63.373, 'mINP': 47.166, 'entropy': 0.38670554227734866, 'uncertainty': 1.8962567040794773, 'uncertainty_coeffi': 0.0010000000474974513, 'loss': 0.17416917238580554, 'lr': 0.00024671052631578964}
     Epoch[1] Iteration[10/384], entropy: 0.2647, uncertainty: 1.7824, uncertainty_coeffi: 0.0010, loss: 0.1169, lr: 4.95e-04
     Epoch[1] Iteration[20/384], entropy: 0.2727, uncertainty: 1.7708, uncertainty_coeffi: 0.0010, loss: 0.1223, lr: 1.73e-04
     Epoch[1] Iteration[30/384], entropy: 0.3456, uncertainty: 1.7444, uncertainty_coeffi: 0.0010, loss: 0.1585, lr: 8.27e-05
     Epoch[1] Iteration[40/384], entropy: 0.3280, uncertainty: 1.9021, uncertainty_coeffi: 0.0010, loss: 0.1524, lr: 4.95e-04
     Epoch[1] Iteration[50/384], entropy: 0.3755, uncertainty: 1.8982, uncertainty_coeffi: 0.0010, loss: 0.1699, lr: 1.73e-04
     Epoch[1] Iteration[60/384], entropy: 0.2202, uncertainty: 1.7679, uncertainty_coeffi: 0.0010, loss: 0.1013, lr: 8.27e-05
     Epoch[1] Iteration[70/384], entropy: 0.1355, uncertainty: 1.7622, uncertainty_coeffi: 0.0010, loss: 0.0658, lr: 4.95e-04
     Epoch[1] Iteration[80/384], entropy: 0.4424, uncertainty: 1.8444, uncertainty_coeffi: 0.0010, loss: 0.1982, lr: 1.73e-04
     Epoch[1] Iteration[90/384], entropy: 0.1540, uncertainty: 1.6670, uncertainty_coeffi: 0.0010, loss: 0.0756, lr: 8.27e-05
     Epoch[1] Iteration[100/384], entropy: 0.4212, uncertainty: 1.9574, uncertainty_coeffi: 0.0010, loss: 0.1839, lr: 4.95e-04
     Epoch[1] Iteration[110/384], entropy: 0.4587, uncertainty: 1.8455, uncertainty_coeffi: 0.0010, loss: 0.2070, lr: 1.73e-04
     Epoch[1] Iteration[120/384], entropy: 0.2505, uncertainty: 1.7995, uncertainty_coeffi: 0.0010, loss: 0.1206, lr: 8.27e-05
     Epoch[1] Iteration[130/384], entropy: 0.4120, uncertainty: 1.9582, uncertainty_coeffi: 0.0010, loss: 0.1815, lr: 4.95e-04
     Epoch[1] Iteration[140/384], entropy: 0.3852, uncertainty: 1.8959, uncertainty_coeffi: 0.0010, loss: 0.1739, lr: 1.73e-04
     Epoch[1] Iteration[150/384], entropy: 0.1590, uncertainty: 1.7643, uncertainty_coeffi: 0.0010, loss: 0.0817, lr: 8.27e-05
     Epoch[1] Iteration[160/384], entropy: 0.4781, uncertainty: 1.9351, uncertainty_coeffi: 0.0010, loss: 0.2210, lr: 4.95e-04
     Epoch[1] Iteration[170/384], entropy: 0.3005, uncertainty: 1.8763, uncertainty_coeffi: 0.0010, loss: 0.1361, lr: 1.73e-04
     Epoch[1] Iteration[180/384], entropy: 0.2166, uncertainty: 1.8246, uncertainty_coeffi: 0.0010, loss: 0.1001, lr: 8.27e-05
     Epoch[1] Iteration[190/384], entropy: 0.3260, uncertainty: 1.9875, uncertainty_coeffi: 0.0010, loss: 0.1459, lr: 4.95e-04
     Epoch[1] Iteration[200/384], entropy: 0.2123, uncertainty: 1.7946, uncertainty_coeffi: 0.0010, loss: 0.1029, lr: 1.73e-04
     Epoch[1] Iteration[210/384], entropy: 0.3370, uncertainty: 1.7578, uncertainty_coeffi: 0.0010, loss: 0.1613, lr: 8.27e-05
     Epoch[1] Iteration[220/384], entropy: 0.3646, uncertainty: 1.9525, uncertainty_coeffi: 0.0010, loss: 0.1764, lr: 4.95e-04
     Epoch[1] Iteration[230/384], entropy: 0.4650, uncertainty: 1.8696, uncertainty_coeffi: 0.0010, loss: 0.2018, lr: 1.73e-04
     Epoch[1] Iteration[240/384], entropy: 0.3780, uncertainty: 1.8053, uncertainty_coeffi: 0.0010, loss: 0.1683, lr: 8.27e-05
     Epoch[1] Iteration[250/384], entropy: 0.3060, uncertainty: 1.7265, uncertainty_coeffi: 0.0010, loss: 0.1376, lr: 4.95e-04
     Epoch[1] Iteration[260/384], entropy: 0.4676, uncertainty: 1.8643, uncertainty_coeffi: 0.0010, loss: 0.2098, lr: 1.73e-04
     Epoch[1] Iteration[270/384], entropy: 0.2610, uncertainty: 1.8123, uncertainty_coeffi: 0.0010, loss: 0.1141, lr: 8.27e-05
     Epoch[1] Iteration[280/384], entropy: 0.2520, uncertainty: 1.8476, uncertainty_coeffi: 0.0010, loss: 0.1174, lr: 4.95e-04
     Epoch[1] Iteration[290/384], entropy: 0.2561, uncertainty: 1.7794, uncertainty_coeffi: 0.0010, loss: 0.1186, lr: 1.73e-04
     Epoch[1] Iteration[300/384], entropy: 0.3336, uncertainty: 1.9135, uncertainty_coeffi: 0.0010, loss: 0.1440, lr: 8.27e-05
     Epoch[1] Iteration[310/384], entropy: 0.3747, uncertainty: 2.0714, uncertainty_coeffi: 0.0010, loss: 0.1665, lr: 4.95e-04
     Epoch[1] Iteration[320/384], entropy: 0.3790, uncertainty: 1.9512, uncertainty_coeffi: 0.0010, loss: 0.1652, lr: 1.73e-04
     Epoch[1] Iteration[330/384], entropy: 0.4486, uncertainty: 1.9829, uncertainty_coeffi: 0.0010, loss: 0.1997, lr: 8.27e-05
     Epoch[1] Iteration[340/384], entropy: 0.3272, uncertainty: 1.7397, uncertainty_coeffi: 0.0010, loss: 0.1531, lr: 4.95e-04
     Epoch[1] Iteration[350/384], entropy: 0.3486, uncertainty: 1.8612, uncertainty_coeffi: 0.0010, loss: 0.1570, lr: 1.73e-04
     Epoch[1] Iteration[360/384], entropy: 0.2513, uncertainty: 1.8515, uncertainty_coeffi: 0.0010, loss: 0.1173, lr: 8.27e-05
     Epoch[1] Iteration[370/384], entropy: 0.5028, uncertainty: 1.9679, uncertainty_coeffi: 0.0010, loss: 0.2142, lr: 4.95e-04
     Epoch[1] Iteration[380/384], entropy: 0.4249, uncertainty: 1.8247, uncertainty_coeffi: 0.0010, loss: 0.2035, lr: 2.24e-04
     Averaged stats: entropy_avg: 0.3325, uncertainty_avg: 1.8515, uncertainty_coeffi_avg: 0.0010, loss_avg: 0.1511, lr_avg: 2.56e-04
     itm tta time 0:01:10
### TTA Eval Score: 
+-------+--------+--------+--------+--------+--------+
| epoch |   R1   |   R5   |  R10   |  mAP   |  mINP  |
+-------+--------+--------+--------+--------+--------+
|  -999 | 70.598 | 86.891 | 91.780 | 63.391 | 47.063 |
|   0   | 70.484 | 86.826 | 91.650 | 63.373 | 47.166 |
|   1   | 70.712 | 86.810 | 91.715 | 63.420 | 47.160 |
+-------+--------+--------+--------+--------+--------+
     logs:  {'epo': 1, 'R1': 70.712, 'R5': 86.81, 'R10': 91.715, 'mAP': 63.42, 'mINP': 47.16, 'entropy': 0.3325450710560146, 'uncertainty': 1.851513423417744, 'uncertainty_coeffi': 0.0010000000474974513, 'loss': 0.15109040352858996, 'lr': 0.0002557474943254345}
     Epoch[2] Iteration[10/384], entropy: 0.4049, uncertainty: 1.9232, uncertainty_coeffi: 0.0010, loss: 0.1780, lr: 2.24e-04
     Epoch[2] Iteration[20/384], entropy: 0.5138, uncertainty: 1.9955, uncertainty_coeffi: 0.0010, loss: 0.2286, lr: 4.78e-04
     Epoch[2] Iteration[30/384], entropy: 0.6104, uncertainty: 1.9762, uncertainty_coeffi: 0.0010, loss: 0.2617, lr: 4.77e-05
     Epoch[2] Iteration[40/384], entropy: 0.1942, uncertainty: 1.7989, uncertainty_coeffi: 0.0010, loss: 0.0945, lr: 2.24e-04
     Epoch[2] Iteration[50/384], entropy: 0.1562, uncertainty: 1.8181, uncertainty_coeffi: 0.0010, loss: 0.0756, lr: 4.78e-04
     Epoch[2] Iteration[60/384], entropy: 0.1727, uncertainty: 1.8508, uncertainty_coeffi: 0.0010, loss: 0.0845, lr: 4.77e-05
     Epoch[2] Iteration[70/384], entropy: 0.3844, uncertainty: 1.9924, uncertainty_coeffi: 0.0010, loss: 0.1615, lr: 2.24e-04
     Epoch[2] Iteration[80/384], entropy: 0.2984, uncertainty: 1.7519, uncertainty_coeffi: 0.0010, loss: 0.1363, lr: 4.78e-04
     Epoch[2] Iteration[90/384], entropy: 0.3819, uncertainty: 1.9021, uncertainty_coeffi: 0.0010, loss: 0.1700, lr: 4.77e-05
     Epoch[2] Iteration[100/384], entropy: 0.6177, uncertainty: 1.9958, uncertainty_coeffi: 0.0010, loss: 0.2645, lr: 2.24e-04
     Epoch[2] Iteration[110/384], entropy: 0.2777, uncertainty: 2.0079, uncertainty_coeffi: 0.0010, loss: 0.1260, lr: 4.78e-04
     Epoch[2] Iteration[120/384], entropy: 0.4892, uncertainty: 2.0047, uncertainty_coeffi: 0.0010, loss: 0.2087, lr: 4.77e-05
     Epoch[2] Iteration[130/384], entropy: 0.2078, uncertainty: 1.8389, uncertainty_coeffi: 0.0010, loss: 0.0994, lr: 2.24e-04
     Epoch[2] Iteration[140/384], entropy: 0.2995, uncertainty: 1.8691, uncertainty_coeffi: 0.0010, loss: 0.1468, lr: 4.78e-04
     Epoch[2] Iteration[150/384], entropy: 0.3747, uncertainty: 1.8868, uncertainty_coeffi: 0.0010, loss: 0.1666, lr: 4.77e-05
     Epoch[2] Iteration[160/384], entropy: 0.6665, uncertainty: 2.1130, uncertainty_coeffi: 0.0010, loss: 0.2781, lr: 2.24e-04
     Epoch[2] Iteration[170/384], entropy: 0.4134, uncertainty: 1.9328, uncertainty_coeffi: 0.0010, loss: 0.1782, lr: 4.78e-04
     Epoch[2] Iteration[180/384], entropy: 0.5498, uncertainty: 2.0397, uncertainty_coeffi: 0.0010, loss: 0.2338, lr: 4.77e-05
     Epoch[2] Iteration[190/384], entropy: 0.1863, uncertainty: 1.7838, uncertainty_coeffi: 0.0010, loss: 0.0849, lr: 2.24e-04
     Epoch[2] Iteration[200/384], entropy: 0.5456, uncertainty: 1.9028, uncertainty_coeffi: 0.0010, loss: 0.2410, lr: 4.78e-04
     Epoch[2] Iteration[210/384], entropy: 0.4016, uncertainty: 1.7564, uncertainty_coeffi: 0.0010, loss: 0.1789, lr: 4.77e-05
     Epoch[2] Iteration[220/384], entropy: 0.2552, uncertainty: 1.8067, uncertainty_coeffi: 0.0010, loss: 0.1192, lr: 2.24e-04
     Epoch[2] Iteration[230/384], entropy: 0.4543, uncertainty: 2.1028, uncertainty_coeffi: 0.0010, loss: 0.2011, lr: 4.78e-04
     Epoch[2] Iteration[240/384], entropy: 0.2347, uncertainty: 1.8256, uncertainty_coeffi: 0.0010, loss: 0.1085, lr: 4.77e-05
     Epoch[2] Iteration[250/384], entropy: 0.2819, uncertainty: 1.8818, uncertainty_coeffi: 0.0010, loss: 0.1330, lr: 2.24e-04
     Epoch[2] Iteration[260/384], entropy: 0.2407, uncertainty: 1.7547, uncertainty_coeffi: 0.0010, loss: 0.1074, lr: 4.78e-04
     Epoch[2] Iteration[270/384], entropy: 0.3233, uncertainty: 1.8361, uncertainty_coeffi: 0.0010, loss: 0.1494, lr: 4.77e-05
     Epoch[2] Iteration[280/384], entropy: 0.3525, uncertainty: 1.9756, uncertainty_coeffi: 0.0010, loss: 0.1585, lr: 2.24e-04
     Epoch[2] Iteration[290/384], entropy: 0.5639, uncertainty: 2.0137, uncertainty_coeffi: 0.0010, loss: 0.2526, lr: 4.78e-04
     Epoch[2] Iteration[300/384], entropy: 0.3636, uncertainty: 1.8540, uncertainty_coeffi: 0.0010, loss: 0.1656, lr: 4.77e-05
     Epoch[2] Iteration[310/384], entropy: 0.1389, uncertainty: 1.6770, uncertainty_coeffi: 0.0010, loss: 0.0709, lr: 2.24e-04
     Epoch[2] Iteration[320/384], entropy: 0.2907, uncertainty: 1.7659, uncertainty_coeffi: 0.0010, loss: 0.1377, lr: 4.78e-04
     Epoch[2] Iteration[330/384], entropy: 0.2702, uncertainty: 1.7616, uncertainty_coeffi: 0.0010, loss: 0.1178, lr: 4.77e-05
     Epoch[2] Iteration[340/384], entropy: 0.1725, uncertainty: 1.8108, uncertainty_coeffi: 0.0010, loss: 0.0896, lr: 2.24e-04
     Epoch[2] Iteration[350/384], entropy: 0.3896, uncertainty: 1.9554, uncertainty_coeffi: 0.0010, loss: 0.1832, lr: 4.78e-04
     Epoch[2] Iteration[360/384], entropy: 0.4909, uncertainty: 2.0800, uncertainty_coeffi: 0.0010, loss: 0.2150, lr: 4.77e-05
     Epoch[2] Iteration[370/384], entropy: 0.2151, uncertainty: 1.7944, uncertainty_coeffi: 0.0010, loss: 0.1023, lr: 2.24e-04
     Epoch[2] Iteration[380/384], entropy: 0.3017, uncertainty: 1.9435, uncertainty_coeffi: 0.0010, loss: 0.1303, lr: 4.78e-04
     Averaged stats: entropy_avg: 0.3549, uncertainty_avg: 1.8942, uncertainty_coeffi_avg: 0.0010, loss_avg: 0.1589, lr_avg: 2.55e-04
     itm tta time 0:01:10
### TTA Eval Score: 
+-------+--------+--------+--------+--------+--------+
| epoch |   R1   |   R5   |  R10   |  mAP   |  mINP  |
+-------+--------+--------+--------+--------+--------+
|  -999 | 70.598 | 86.891 | 91.780 | 63.391 | 47.063 |
|   0   | 70.484 | 86.826 | 91.650 | 63.373 | 47.166 |
|   1   | 70.712 | 86.810 | 91.715 | 63.420 | 47.160 |
|   2   | 70.484 | 86.712 | 91.732 | 63.366 | 47.143 |
+-------+--------+--------+--------+--------+--------+
     logs:  {'epo': 2, 'R1': 70.484, 'R5': 86.712, 'R10': 91.732, 'mAP': 63.366, 'mINP': 47.143, 'entropy': 0.3549080973393039, 'uncertainty': 1.894228154107144, 'uncertainty_coeffi': 0.0010000000474974513, 'loss': 0.15894945652077072, 'lr': 0.0002553224802261518}
     Epoch[3] Iteration[10/384], entropy: 0.3104, uncertainty: 1.8537, uncertainty_coeffi: 0.0010, loss: 0.1314, lr: 5.46e-06
     Epoch[3] Iteration[20/384], entropy: 0.2123, uncertainty: 1.6632, uncertainty_coeffi: 0.0010, loss: 0.0922, lr: 4.17e-04
     Epoch[3] Iteration[30/384], entropy: 0.3613, uncertainty: 1.9406, uncertainty_coeffi: 0.0010, loss: 0.1578, lr: 3.27e-04
     Epoch[3] Iteration[40/384], entropy: 0.5787, uncertainty: 1.9882, uncertainty_coeffi: 0.0010, loss: 0.2580, lr: 5.46e-06
     Epoch[3] Iteration[50/384], entropy: 0.2803, uncertainty: 1.8537, uncertainty_coeffi: 0.0010, loss: 0.1267, lr: 4.17e-04
     Epoch[3] Iteration[60/384], entropy: 0.4951, uncertainty: 1.8523, uncertainty_coeffi: 0.0010, loss: 0.2127, lr: 3.27e-04
     Epoch[3] Iteration[70/384], entropy: 0.4396, uncertainty: 1.9204, uncertainty_coeffi: 0.0010, loss: 0.1867, lr: 5.46e-06
     Epoch[3] Iteration[80/384], entropy: 0.5683, uncertainty: 1.9906, uncertainty_coeffi: 0.0010, loss: 0.2414, lr: 4.17e-04
     Epoch[3] Iteration[90/384], entropy: 0.1896, uncertainty: 1.8762, uncertainty_coeffi: 0.0010, loss: 0.0879, lr: 3.27e-04
     Epoch[3] Iteration[100/384], entropy: 0.3788, uncertainty: 1.9079, uncertainty_coeffi: 0.0010, loss: 0.1723, lr: 5.46e-06
     Epoch[3] Iteration[110/384], entropy: 0.6425, uncertainty: 1.9508, uncertainty_coeffi: 0.0010, loss: 0.2729, lr: 4.17e-04
     Epoch[3] Iteration[120/384], entropy: 0.5573, uncertainty: 1.9874, uncertainty_coeffi: 0.0010, loss: 0.2358, lr: 3.27e-04
     Epoch[3] Iteration[130/384], entropy: 0.4308, uncertainty: 1.8691, uncertainty_coeffi: 0.0010, loss: 0.1950, lr: 5.46e-06
     Epoch[3] Iteration[140/384], entropy: 0.2382, uncertainty: 1.8232, uncertainty_coeffi: 0.0010, loss: 0.1133, lr: 4.17e-04
     Epoch[3] Iteration[150/384], entropy: 0.2408, uncertainty: 1.7598, uncertainty_coeffi: 0.0010, loss: 0.1072, lr: 3.27e-04
     Epoch[3] Iteration[160/384], entropy: 0.3004, uncertainty: 2.0061, uncertainty_coeffi: 0.0010, loss: 0.1418, lr: 5.46e-06
     Epoch[3] Iteration[170/384], entropy: 0.3669, uncertainty: 1.8469, uncertainty_coeffi: 0.0010, loss: 0.1573, lr: 4.17e-04
     Epoch[3] Iteration[180/384], entropy: 0.4779, uncertainty: 1.9245, uncertainty_coeffi: 0.0010, loss: 0.2161, lr: 3.27e-04
     Epoch[3] Iteration[190/384], entropy: 0.3254, uncertainty: 1.9048, uncertainty_coeffi: 0.0010, loss: 0.1430, lr: 5.46e-06
     Epoch[3] Iteration[200/384], entropy: 0.3569, uncertainty: 1.8416, uncertainty_coeffi: 0.0010, loss: 0.1635, lr: 4.17e-04
     Epoch[3] Iteration[210/384], entropy: 0.5277, uncertainty: 2.0498, uncertainty_coeffi: 0.0010, loss: 0.2302, lr: 3.27e-04
     Epoch[3] Iteration[220/384], entropy: 0.4829, uncertainty: 1.9024, uncertainty_coeffi: 0.0010, loss: 0.2038, lr: 5.46e-06
     Epoch[3] Iteration[230/384], entropy: 0.2994, uncertainty: 1.8211, uncertainty_coeffi: 0.0010, loss: 0.1340, lr: 4.17e-04
     Epoch[3] Iteration[240/384], entropy: 0.3661, uncertainty: 1.7350, uncertainty_coeffi: 0.0010, loss: 0.1737, lr: 3.27e-04
     Epoch[3] Iteration[250/384], entropy: 0.3638, uncertainty: 1.9130, uncertainty_coeffi: 0.0010, loss: 0.1643, lr: 5.46e-06
     Epoch[3] Iteration[260/384], entropy: 0.1100, uncertainty: 1.7528, uncertainty_coeffi: 0.0010, loss: 0.0581, lr: 4.17e-04
     Epoch[3] Iteration[270/384], entropy: 0.3209, uncertainty: 1.9264, uncertainty_coeffi: 0.0010, loss: 0.1449, lr: 3.27e-04
     Epoch[3] Iteration[280/384], entropy: 0.2686, uncertainty: 1.7911, uncertainty_coeffi: 0.0010, loss: 0.1238, lr: 5.46e-06
     Epoch[3] Iteration[290/384], entropy: 0.4773, uncertainty: 1.9834, uncertainty_coeffi: 0.0010, loss: 0.2052, lr: 4.17e-04
     Epoch[3] Iteration[300/384], entropy: 0.3533, uncertainty: 1.9741, uncertainty_coeffi: 0.0010, loss: 0.1578, lr: 3.27e-04
     Epoch[3] Iteration[310/384], entropy: 0.4693, uncertainty: 2.0200, uncertainty_coeffi: 0.0010, loss: 0.2007, lr: 5.46e-06
     Epoch[3] Iteration[320/384], entropy: 0.6875, uncertainty: 1.9473, uncertainty_coeffi: 0.0010, loss: 0.2843, lr: 4.17e-04
     Epoch[3] Iteration[330/384], entropy: 0.2719, uncertainty: 1.7689, uncertainty_coeffi: 0.0010, loss: 0.1177, lr: 3.27e-04
     Epoch[3] Iteration[340/384], entropy: 0.4376, uncertainty: 1.9171, uncertainty_coeffi: 0.0010, loss: 0.1967, lr: 5.46e-06
     Epoch[3] Iteration[350/384], entropy: 0.3368, uncertainty: 1.8436, uncertainty_coeffi: 0.0010, loss: 0.1670, lr: 4.17e-04
     Epoch[3] Iteration[360/384], entropy: 0.3265, uncertainty: 1.8081, uncertainty_coeffi: 0.0010, loss: 0.1531, lr: 3.27e-04
     Epoch[3] Iteration[370/384], entropy: 0.2840, uncertainty: 1.9065, uncertainty_coeffi: 0.0010, loss: 0.1264, lr: 5.46e-06
     Epoch[3] Iteration[380/384], entropy: 0.1978, uncertainty: 1.8137, uncertainty_coeffi: 0.0010, loss: 0.0971, lr: 4.17e-04
     Averaged stats: entropy_avg: 0.3772, uncertainty_avg: 1.8851, uncertainty_coeffi_avg: 0.0010, loss_avg: 0.1672, lr_avg: 2.48e-04
     itm tta time 0:01:10
     Epoch[4] Iteration[10/384], entropy: 0.3314, uncertainty: 1.7316, uncertainty_coeffi: 0.0010, loss: 0.1518, lr: 1.25e-04
     Epoch[4] Iteration[20/384], entropy: 0.2490, uncertainty: 1.7933, uncertainty_coeffi: 0.0010, loss: 0.1130, lr: 1.25e-04
     Epoch[4] Iteration[30/384], entropy: 0.3381, uncertainty: 1.7831, uncertainty_coeffi: 0.0010, loss: 0.1508, lr: 5.00e-04
     Epoch[4] Iteration[40/384], entropy: 0.3922, uncertainty: 2.0860, uncertainty_coeffi: 0.0010, loss: 0.1721, lr: 1.25e-04
     Epoch[4] Iteration[50/384], entropy: 0.1218, uncertainty: 1.7627, uncertainty_coeffi: 0.0010, loss: 0.0606, lr: 1.25e-04
     Epoch[4] Iteration[60/384], entropy: 0.3080, uncertainty: 1.9274, uncertainty_coeffi: 0.0010, loss: 0.1460, lr: 5.00e-04
     Epoch[4] Iteration[70/384], entropy: 0.1435, uncertainty: 1.7459, uncertainty_coeffi: 0.0010, loss: 0.0672, lr: 1.25e-04
     Epoch[4] Iteration[80/384], entropy: 0.5903, uncertainty: 2.1108, uncertainty_coeffi: 0.0010, loss: 0.2530, lr: 1.25e-04
     Epoch[4] Iteration[90/384], entropy: 0.3935, uncertainty: 2.0449, uncertainty_coeffi: 0.0010, loss: 0.1717, lr: 5.00e-04
     Epoch[4] Iteration[100/384], entropy: 0.2068, uncertainty: 1.6555, uncertainty_coeffi: 0.0010, loss: 0.1003, lr: 1.25e-04
     Epoch[4] Iteration[110/384], entropy: 0.1353, uncertainty: 1.6128, uncertainty_coeffi: 0.0010, loss: 0.0649, lr: 1.25e-04
     Epoch[4] Iteration[120/384], entropy: 0.4786, uncertainty: 2.1191, uncertainty_coeffi: 0.0010, loss: 0.2065, lr: 5.00e-04
     Epoch[4] Iteration[130/384], entropy: 0.3831, uncertainty: 1.9886, uncertainty_coeffi: 0.0010, loss: 0.1665, lr: 1.25e-04
     Epoch[4] Iteration[140/384], entropy: 0.2936, uncertainty: 1.9519, uncertainty_coeffi: 0.0010, loss: 0.1399, lr: 1.25e-04
     Epoch[4] Iteration[150/384], entropy: 0.4308, uncertainty: 1.9382, uncertainty_coeffi: 0.0010, loss: 0.1980, lr: 5.00e-04
     Epoch[4] Iteration[160/384], entropy: 0.4417, uncertainty: 1.8280, uncertainty_coeffi: 0.0010, loss: 0.1896, lr: 1.25e-04
     Epoch[4] Iteration[170/384], entropy: 0.2603, uncertainty: 1.7545, uncertainty_coeffi: 0.0010, loss: 0.1131, lr: 1.25e-04
     Epoch[4] Iteration[180/384], entropy: 0.4177, uncertainty: 1.9998, uncertainty_coeffi: 0.0010, loss: 0.1755, lr: 5.00e-04
     Epoch[4] Iteration[190/384], entropy: 0.3629, uncertainty: 1.7816, uncertainty_coeffi: 0.0010, loss: 0.1546, lr: 1.25e-04
     Epoch[4] Iteration[200/384], entropy: 0.2825, uncertainty: 1.8658, uncertainty_coeffi: 0.0010, loss: 0.1305, lr: 1.25e-04
     Epoch[4] Iteration[210/384], entropy: 0.1651, uncertainty: 1.7621, uncertainty_coeffi: 0.0010, loss: 0.0822, lr: 5.00e-04
     Epoch[4] Iteration[220/384], entropy: 0.5279, uncertainty: 2.0254, uncertainty_coeffi: 0.0010, loss: 0.2335, lr: 1.25e-04
     Epoch[4] Iteration[230/384], entropy: 0.3228, uncertainty: 1.8717, uncertainty_coeffi: 0.0010, loss: 0.1550, lr: 1.25e-04
     Epoch[4] Iteration[240/384], entropy: 0.2113, uncertainty: 1.7729, uncertainty_coeffi: 0.0010, loss: 0.0943, lr: 5.00e-04
     Epoch[4] Iteration[250/384], entropy: 0.7495, uncertainty: 2.0855, uncertainty_coeffi: 0.0010, loss: 0.3137, lr: 1.25e-04
     Epoch[4] Iteration[260/384], entropy: 0.5009, uncertainty: 1.9125, uncertainty_coeffi: 0.0010, loss: 0.2159, lr: 1.25e-04
     Epoch[4] Iteration[270/384], entropy: 0.4431, uncertainty: 1.8299, uncertainty_coeffi: 0.0010, loss: 0.1954, lr: 5.00e-04
     Epoch[4] Iteration[280/384], entropy: 0.5443, uncertainty: 1.7940, uncertainty_coeffi: 0.0010, loss: 0.2441, lr: 1.25e-04
     Epoch[4] Iteration[290/384], entropy: 0.3873, uncertainty: 2.0181, uncertainty_coeffi: 0.0010, loss: 0.1726, lr: 1.25e-04
     Epoch[4] Iteration[300/384], entropy: 0.5086, uncertainty: 2.0617, uncertainty_coeffi: 0.0010, loss: 0.2112, lr: 5.00e-04
     Epoch[4] Iteration[310/384], entropy: 0.4188, uncertainty: 2.0343, uncertainty_coeffi: 0.0010, loss: 0.1898, lr: 1.25e-04
     Epoch[4] Iteration[320/384], entropy: 0.3382, uncertainty: 1.8367, uncertainty_coeffi: 0.0010, loss: 0.1584, lr: 1.25e-04
     Epoch[4] Iteration[330/384], entropy: 0.3331, uncertainty: 1.8201, uncertainty_coeffi: 0.0010, loss: 0.1502, lr: 5.00e-04
     Epoch[4] Iteration[340/384], entropy: 0.4349, uncertainty: 1.8756, uncertainty_coeffi: 0.0010, loss: 0.1968, lr: 1.25e-04
     Epoch[4] Iteration[350/384], entropy: 0.2402, uncertainty: 1.8337, uncertainty_coeffi: 0.0010, loss: 0.1076, lr: 1.25e-04
     Epoch[4] Iteration[360/384], entropy: 0.3381, uncertainty: 1.8482, uncertainty_coeffi: 0.0010, loss: 0.1481, lr: 5.00e-04
     Epoch[4] Iteration[370/384], entropy: 0.5301, uncertainty: 2.0255, uncertainty_coeffi: 0.0010, loss: 0.2387, lr: 1.25e-04
     Epoch[4] Iteration[380/384], entropy: 0.5338, uncertainty: 2.0384, uncertainty_coeffi: 0.0010, loss: 0.2316, lr: 1.25e-04
     Averaged stats: entropy_avg: 0.3708, uncertainty_avg: 1.8928, uncertainty_coeffi_avg: 0.0010, loss_avg: 0.1649, lr_avg: 2.43e-04
     itm tta time 0:01:11
### TTA Eval Score: 
+-------+--------+--------+--------+--------+--------+
| epoch |   R1   |   R5   |  R10   |  mAP   |  mINP  |
+-------+--------+--------+--------+--------+--------+
|  -999 | 70.598 | 86.891 | 91.780 | 63.391 | 47.063 |
|   0   | 70.484 | 86.826 | 91.650 | 63.373 | 47.166 |
|   1   | 70.712 | 86.810 | 91.715 | 63.420 | 47.160 |
|   2   | 70.484 | 86.712 | 91.732 | 63.366 | 47.143 |
|   4   | 70.387 | 86.745 | 91.683 | 63.330 | 47.032 |
+-------+--------+--------+--------+--------+--------+
     logs:  {'epo': 4, 'R1': 70.387, 'R5': 86.745, 'R10': 91.683, 'mAP': 63.33, 'mINP': 47.032, 'entropy': 0.37076231249068914, 'uncertainty': 1.8928382584923191, 'uncertainty_coeffi': 0.0010000000474974513, 'loss': 0.16486296949810103, 'lr': 0.0002434210526315766}
     Epoch[5] Iteration[10/384], entropy: 0.1938, uncertainty: 1.8423, uncertainty_coeffi: 0.0010, loss: 0.0875, lr: 4.17e-04
     Epoch[5] Iteration[20/384], entropy: 0.5183, uncertainty: 1.9712, uncertainty_coeffi: 0.0010, loss: 0.2236, lr: 5.46e-06
     Epoch[5] Iteration[30/384], entropy: 0.3833, uncertainty: 1.8777, uncertainty_coeffi: 0.0010, loss: 0.1718, lr: 3.27e-04
     Epoch[5] Iteration[40/384], entropy: 0.4623, uncertainty: 1.9350, uncertainty_coeffi: 0.0010, loss: 0.2026, lr: 4.17e-04
     Epoch[5] Iteration[50/384], entropy: 0.2887, uncertainty: 1.9019, uncertainty_coeffi: 0.0010, loss: 0.1283, lr: 5.46e-06
     Epoch[5] Iteration[60/384], entropy: 0.4886, uncertainty: 2.0238, uncertainty_coeffi: 0.0010, loss: 0.2148, lr: 3.27e-04
     Epoch[5] Iteration[70/384], entropy: 0.4670, uncertainty: 1.9170, uncertainty_coeffi: 0.0010, loss: 0.2006, lr: 4.17e-04
     Epoch[5] Iteration[80/384], entropy: 0.3465, uncertainty: 1.9394, uncertainty_coeffi: 0.0010, loss: 0.1556, lr: 5.46e-06
     Epoch[5] Iteration[90/384], entropy: 0.3441, uncertainty: 1.8690, uncertainty_coeffi: 0.0010, loss: 0.1624, lr: 3.27e-04
     Epoch[5] Iteration[100/384], entropy: 0.3822, uncertainty: 1.9514, uncertainty_coeffi: 0.0010, loss: 0.1746, lr: 4.17e-04
     Epoch[5] Iteration[110/384], entropy: 0.2391, uncertainty: 1.9340, uncertainty_coeffi: 0.0010, loss: 0.1144, lr: 5.46e-06
     Epoch[5] Iteration[120/384], entropy: 0.2142, uncertainty: 1.8182, uncertainty_coeffi: 0.0010, loss: 0.1038, lr: 3.27e-04
     Epoch[5] Iteration[130/384], entropy: 0.2019, uncertainty: 1.6325, uncertainty_coeffi: 0.0010, loss: 0.0914, lr: 4.17e-04
     Epoch[5] Iteration[140/384], entropy: 0.2734, uncertainty: 2.0167, uncertainty_coeffi: 0.0010, loss: 0.1215, lr: 5.46e-06
     Epoch[5] Iteration[150/384], entropy: 0.3680, uncertainty: 1.9007, uncertainty_coeffi: 0.0010, loss: 0.1675, lr: 3.27e-04
     Epoch[5] Iteration[160/384], entropy: 0.1542, uncertainty: 1.7714, uncertainty_coeffi: 0.0010, loss: 0.0718, lr: 4.17e-04
     Epoch[5] Iteration[170/384], entropy: 0.3461, uncertainty: 1.8596, uncertainty_coeffi: 0.0010, loss: 0.1532, lr: 5.46e-06
     Epoch[5] Iteration[180/384], entropy: 0.3173, uncertainty: 1.8117, uncertainty_coeffi: 0.0010, loss: 0.1410, lr: 3.27e-04
     Epoch[5] Iteration[190/384], entropy: 0.3738, uncertainty: 1.9665, uncertainty_coeffi: 0.0010, loss: 0.1654, lr: 4.17e-04
     Epoch[5] Iteration[200/384], entropy: 0.2093, uncertainty: 1.7859, uncertainty_coeffi: 0.0010, loss: 0.0938, lr: 5.46e-06
     Epoch[5] Iteration[210/384], entropy: 0.3952, uncertainty: 1.9846, uncertainty_coeffi: 0.0010, loss: 0.1710, lr: 3.27e-04
     Epoch[5] Iteration[220/384], entropy: 0.3434, uncertainty: 1.8613, uncertainty_coeffi: 0.0010, loss: 0.1561, lr: 4.17e-04
     Epoch[5] Iteration[230/384], entropy: 0.5656, uncertainty: 2.0795, uncertainty_coeffi: 0.0010, loss: 0.2460, lr: 5.46e-06
     Epoch[5] Iteration[240/384], entropy: 0.3641, uncertainty: 1.9424, uncertainty_coeffi: 0.0010, loss: 0.1598, lr: 3.27e-04
     Epoch[5] Iteration[250/384], entropy: 0.3234, uncertainty: 1.9272, uncertainty_coeffi: 0.0010, loss: 0.1395, lr: 4.17e-04
     Epoch[5] Iteration[260/384], entropy: 0.3052, uncertainty: 1.9260, uncertainty_coeffi: 0.0010, loss: 0.1446, lr: 5.46e-06
     Epoch[5] Iteration[270/384], entropy: 0.4548, uncertainty: 1.8544, uncertainty_coeffi: 0.0010, loss: 0.1986, lr: 3.27e-04
     Epoch[5] Iteration[280/384], entropy: 0.4354, uncertainty: 1.9296, uncertainty_coeffi: 0.0010, loss: 0.1887, lr: 4.17e-04
     Epoch[5] Iteration[290/384], entropy: 0.1885, uncertainty: 1.8295, uncertainty_coeffi: 0.0010, loss: 0.0867, lr: 5.46e-06
     Epoch[5] Iteration[300/384], entropy: 0.6585, uncertainty: 2.0069, uncertainty_coeffi: 0.0010, loss: 0.2871, lr: 3.27e-04
     Epoch[5] Iteration[310/384], entropy: 0.2985, uncertainty: 1.8413, uncertainty_coeffi: 0.0010, loss: 0.1331, lr: 4.17e-04
     Epoch[5] Iteration[320/384], entropy: 0.2749, uncertainty: 1.9366, uncertainty_coeffi: 0.0010, loss: 0.1185, lr: 5.46e-06
     Epoch[5] Iteration[330/384], entropy: 0.2644, uncertainty: 1.9378, uncertainty_coeffi: 0.0010, loss: 0.1233, lr: 3.27e-04
     Epoch[5] Iteration[340/384], entropy: 0.5762, uncertainty: 1.9955, uncertainty_coeffi: 0.0010, loss: 0.2480, lr: 4.17e-04
     Epoch[5] Iteration[350/384], entropy: 0.2427, uncertainty: 1.7982, uncertainty_coeffi: 0.0010, loss: 0.1165, lr: 5.46e-06
     Epoch[5] Iteration[360/384], entropy: 0.5453, uncertainty: 1.9911, uncertainty_coeffi: 0.0010, loss: 0.2366, lr: 3.27e-04
     Epoch[5] Iteration[370/384], entropy: 0.4198, uncertainty: 1.9246, uncertainty_coeffi: 0.0010, loss: 0.1851, lr: 4.17e-04
     Epoch[5] Iteration[380/384], entropy: 0.2957, uncertainty: 1.7957, uncertainty_coeffi: 0.0010, loss: 0.1334, lr: 5.46e-06
     Averaged stats: entropy_avg: 0.3559, uncertainty_avg: 1.9023, uncertainty_coeffi_avg: 0.0010, loss_avg: 0.1584, lr_avg: 2.48e-04
     itm tta time 0:01:10
     Epoch[6] Iteration[10/384], entropy: 0.1255, uncertainty: 1.6951, uncertainty_coeffi: 0.0010, loss: 0.0614, lr: 4.78e-04
     Epoch[6] Iteration[20/384], entropy: 0.4095, uncertainty: 1.9773, uncertainty_coeffi: 0.0010, loss: 0.1801, lr: 2.24e-04
     Epoch[6] Iteration[30/384], entropy: 0.3987, uncertainty: 1.8345, uncertainty_coeffi: 0.0010, loss: 0.1724, lr: 4.77e-05
     Epoch[6] Iteration[40/384], entropy: 0.6211, uncertainty: 2.0942, uncertainty_coeffi: 0.0010, loss: 0.2701, lr: 4.78e-04
     Epoch[6] Iteration[50/384], entropy: 0.3792, uncertainty: 1.9867, uncertainty_coeffi: 0.0010, loss: 0.1698, lr: 2.24e-04
     Epoch[6] Iteration[60/384], entropy: 0.2080, uncertainty: 1.7814, uncertainty_coeffi: 0.0010, loss: 0.0959, lr: 4.77e-05
     Epoch[6] Iteration[70/384], entropy: 0.4574, uncertainty: 1.8558, uncertainty_coeffi: 0.0010, loss: 0.1972, lr: 4.78e-04
     Epoch[6] Iteration[80/384], entropy: 0.3521, uncertainty: 1.8543, uncertainty_coeffi: 0.0010, loss: 0.1645, lr: 2.24e-04
     Epoch[6] Iteration[90/384], entropy: 0.3358, uncertainty: 1.9710, uncertainty_coeffi: 0.0010, loss: 0.1605, lr: 4.77e-05
     Epoch[6] Iteration[100/384], entropy: 0.3642, uncertainty: 1.8814, uncertainty_coeffi: 0.0010, loss: 0.1553, lr: 4.78e-04
     Epoch[6] Iteration[110/384], entropy: 0.2577, uncertainty: 1.8368, uncertainty_coeffi: 0.0010, loss: 0.1244, lr: 2.24e-04
     Epoch[6] Iteration[120/384], entropy: 0.1767, uncertainty: 1.8869, uncertainty_coeffi: 0.0010, loss: 0.0827, lr: 4.77e-05
     Epoch[6] Iteration[130/384], entropy: 0.4463, uncertainty: 1.8430, uncertainty_coeffi: 0.0010, loss: 0.1944, lr: 4.78e-04
     Epoch[6] Iteration[140/384], entropy: 0.3016, uncertainty: 1.7648, uncertainty_coeffi: 0.0010, loss: 0.1438, lr: 2.24e-04
     Epoch[6] Iteration[150/384], entropy: 0.5587, uncertainty: 1.8617, uncertainty_coeffi: 0.0010, loss: 0.2436, lr: 4.77e-05
     Epoch[6] Iteration[160/384], entropy: 0.2260, uncertainty: 1.8694, uncertainty_coeffi: 0.0010, loss: 0.1175, lr: 4.78e-04
     Epoch[6] Iteration[170/384], entropy: 0.3894, uncertainty: 1.9507, uncertainty_coeffi: 0.0010, loss: 0.1723, lr: 2.24e-04
     Epoch[6] Iteration[180/384], entropy: 0.3300, uncertainty: 2.0321, uncertainty_coeffi: 0.0010, loss: 0.1510, lr: 4.77e-05
     Epoch[6] Iteration[190/384], entropy: 0.1954, uncertainty: 1.6735, uncertainty_coeffi: 0.0010, loss: 0.0986, lr: 4.78e-04
     Epoch[6] Iteration[200/384], entropy: 0.2954, uncertainty: 1.7564, uncertainty_coeffi: 0.0010, loss: 0.1369, lr: 2.24e-04
     Epoch[6] Iteration[210/384], entropy: 0.2032, uncertainty: 1.9684, uncertainty_coeffi: 0.0010, loss: 0.1010, lr: 4.77e-05
     Epoch[6] Iteration[220/384], entropy: 0.3000, uncertainty: 1.8216, uncertainty_coeffi: 0.0010, loss: 0.1454, lr: 4.78e-04
     Epoch[6] Iteration[230/384], entropy: 0.4251, uncertainty: 1.8548, uncertainty_coeffi: 0.0010, loss: 0.1974, lr: 2.24e-04
     Epoch[6] Iteration[240/384], entropy: 0.2534, uncertainty: 1.7698, uncertainty_coeffi: 0.0010, loss: 0.1186, lr: 4.77e-05
     Epoch[6] Iteration[250/384], entropy: 0.4346, uncertainty: 1.9986, uncertainty_coeffi: 0.0010, loss: 0.1866, lr: 4.78e-04
     Epoch[6] Iteration[260/384], entropy: 0.3285, uncertainty: 1.7643, uncertainty_coeffi: 0.0010, loss: 0.1453, lr: 2.24e-04
     Epoch[6] Iteration[270/384], entropy: 0.2508, uncertainty: 1.7555, uncertainty_coeffi: 0.0010, loss: 0.1206, lr: 4.77e-05
     Epoch[6] Iteration[280/384], entropy: 0.1740, uncertainty: 1.6094, uncertainty_coeffi: 0.0010, loss: 0.0802, lr: 4.78e-04
     Epoch[6] Iteration[290/384], entropy: 0.3705, uncertainty: 1.7777, uncertainty_coeffi: 0.0010, loss: 0.1584, lr: 2.24e-04
     Epoch[6] Iteration[300/384], entropy: 0.3961, uncertainty: 1.9992, uncertainty_coeffi: 0.0010, loss: 0.1857, lr: 4.77e-05
     Epoch[6] Iteration[310/384], entropy: 0.1576, uncertainty: 1.6828, uncertainty_coeffi: 0.0010, loss: 0.0753, lr: 4.78e-04
     Epoch[6] Iteration[320/384], entropy: 0.1428, uncertainty: 1.6713, uncertainty_coeffi: 0.0010, loss: 0.0705, lr: 2.24e-04
     Epoch[6] Iteration[330/384], entropy: 0.1468, uncertainty: 1.8225, uncertainty_coeffi: 0.0010, loss: 0.0674, lr: 4.77e-05
     Epoch[6] Iteration[340/384], entropy: 0.3683, uncertainty: 1.9940, uncertainty_coeffi: 0.0010, loss: 0.1668, lr: 4.78e-04
     Epoch[6] Iteration[350/384], entropy: 0.2733, uncertainty: 1.8641, uncertainty_coeffi: 0.0010, loss: 0.1220, lr: 2.24e-04
     Epoch[6] Iteration[360/384], entropy: 0.4217, uncertainty: 2.0220, uncertainty_coeffi: 0.0010, loss: 0.1882, lr: 4.77e-05
     Epoch[6] Iteration[370/384], entropy: 0.1958, uncertainty: 1.7395, uncertainty_coeffi: 0.0010, loss: 0.0887, lr: 4.78e-04
     Epoch[6] Iteration[380/384], entropy: 0.4272, uncertainty: 1.9854, uncertainty_coeffi: 0.0010, loss: 0.1927, lr: 2.24e-04
     Averaged stats: entropy_avg: 0.3184, uncertainty_avg: 1.8555, uncertainty_coeffi_avg: 0.0010, loss_avg: 0.1448, lr_avg: 2.55e-04
     itm tta time 0:01:11
     Epoch[7] Iteration[10/384], entropy: 0.6422, uncertainty: 2.1219, uncertainty_coeffi: 0.0010, loss: 0.2720, lr: 2.24e-04
     Epoch[7] Iteration[20/384], entropy: 0.2203, uncertainty: 1.8582, uncertainty_coeffi: 0.0010, loss: 0.1015, lr: 4.78e-04
     Epoch[7] Iteration[30/384], entropy: 0.3686, uncertainty: 1.8769, uncertainty_coeffi: 0.0010, loss: 0.1623, lr: 4.77e-05
     Epoch[7] Iteration[40/384], entropy: 0.1822, uncertainty: 1.8260, uncertainty_coeffi: 0.0010, loss: 0.0861, lr: 2.24e-04
     Epoch[7] Iteration[50/384], entropy: 0.2059, uncertainty: 1.8301, uncertainty_coeffi: 0.0010, loss: 0.1013, lr: 4.78e-04
     Epoch[7] Iteration[60/384], entropy: 0.4265, uncertainty: 1.8727, uncertainty_coeffi: 0.0010, loss: 0.1987, lr: 4.77e-05
     Epoch[7] Iteration[70/384], entropy: 0.3737, uncertainty: 1.8930, uncertainty_coeffi: 0.0010, loss: 0.1646, lr: 2.24e-04
     Epoch[7] Iteration[80/384], entropy: 0.1741, uncertainty: 1.8425, uncertainty_coeffi: 0.0010, loss: 0.0855, lr: 4.78e-04
     Epoch[7] Iteration[90/384], entropy: 0.2082, uncertainty: 1.7367, uncertainty_coeffi: 0.0010, loss: 0.0974, lr: 4.77e-05
     Epoch[7] Iteration[100/384], entropy: 0.1750, uncertainty: 1.7101, uncertainty_coeffi: 0.0010, loss: 0.0870, lr: 2.24e-04
     Epoch[7] Iteration[110/384], entropy: 0.2650, uncertainty: 1.7391, uncertainty_coeffi: 0.0010, loss: 0.1253, lr: 4.78e-04
     Epoch[7] Iteration[120/384], entropy: 0.3548, uncertainty: 1.9358, uncertainty_coeffi: 0.0010, loss: 0.1572, lr: 4.77e-05
     Epoch[7] Iteration[130/384], entropy: 0.5776, uncertainty: 2.1054, uncertainty_coeffi: 0.0010, loss: 0.2419, lr: 2.24e-04
     Epoch[7] Iteration[140/384], entropy: 0.2423, uncertainty: 1.8345, uncertainty_coeffi: 0.0010, loss: 0.1184, lr: 4.78e-04
     Epoch[7] Iteration[150/384], entropy: 0.2635, uncertainty: 1.8352, uncertainty_coeffi: 0.0010, loss: 0.1154, lr: 4.77e-05
     Epoch[7] Iteration[160/384], entropy: 0.3705, uncertainty: 1.8802, uncertainty_coeffi: 0.0010, loss: 0.1622, lr: 2.24e-04
     Epoch[7] Iteration[170/384], entropy: 0.5187, uncertainty: 1.9806, uncertainty_coeffi: 0.0010, loss: 0.2300, lr: 4.78e-04
     Epoch[7] Iteration[180/384], entropy: 0.2510, uncertainty: 1.8862, uncertainty_coeffi: 0.0010, loss: 0.1123, lr: 4.77e-05
     Epoch[7] Iteration[190/384], entropy: 0.5742, uncertainty: 2.0169, uncertainty_coeffi: 0.0010, loss: 0.2516, lr: 2.24e-04
     Epoch[7] Iteration[200/384], entropy: 0.2285, uncertainty: 1.7951, uncertainty_coeffi: 0.0010, loss: 0.1053, lr: 4.78e-04
     Epoch[7] Iteration[210/384], entropy: 0.4401, uncertainty: 2.0162, uncertainty_coeffi: 0.0010, loss: 0.1907, lr: 4.77e-05
     Epoch[7] Iteration[220/384], entropy: 0.4123, uncertainty: 1.9291, uncertainty_coeffi: 0.0010, loss: 0.1885, lr: 2.24e-04
     Epoch[7] Iteration[230/384], entropy: 0.4054, uncertainty: 1.9071, uncertainty_coeffi: 0.0010, loss: 0.1807, lr: 4.78e-04
     Epoch[7] Iteration[240/384], entropy: 0.4236, uncertainty: 1.8170, uncertainty_coeffi: 0.0010, loss: 0.1841, lr: 4.77e-05
     Epoch[7] Iteration[250/384], entropy: 0.2700, uncertainty: 1.9190, uncertainty_coeffi: 0.0010, loss: 0.1237, lr: 2.24e-04
     Epoch[7] Iteration[260/384], entropy: 0.1834, uncertainty: 1.7269, uncertainty_coeffi: 0.0010, loss: 0.0919, lr: 4.78e-04
     Epoch[7] Iteration[270/384], entropy: 0.3515, uncertainty: 1.8650, uncertainty_coeffi: 0.0010, loss: 0.1554, lr: 4.77e-05
     Epoch[7] Iteration[280/384], entropy: 0.2254, uncertainty: 1.9134, uncertainty_coeffi: 0.0010, loss: 0.1041, lr: 2.24e-04
     Epoch[7] Iteration[290/384], entropy: 0.3067, uncertainty: 1.8274, uncertainty_coeffi: 0.0010, loss: 0.1424, lr: 4.78e-04
     Epoch[7] Iteration[300/384], entropy: 0.3067, uncertainty: 1.8165, uncertainty_coeffi: 0.0010, loss: 0.1400, lr: 4.77e-05
     Epoch[7] Iteration[310/384], entropy: 0.3548, uncertainty: 1.8366, uncertainty_coeffi: 0.0010, loss: 0.1574, lr: 2.24e-04
     Epoch[7] Iteration[320/384], entropy: 0.5135, uncertainty: 1.9440, uncertainty_coeffi: 0.0010, loss: 0.2277, lr: 4.78e-04
     Epoch[7] Iteration[330/384], entropy: 0.4824, uncertainty: 1.9039, uncertainty_coeffi: 0.0010, loss: 0.2049, lr: 4.77e-05
     Epoch[7] Iteration[340/384], entropy: 0.3030, uncertainty: 1.9610, uncertainty_coeffi: 0.0010, loss: 0.1407, lr: 2.24e-04
     Epoch[7] Iteration[350/384], entropy: 0.4500, uncertainty: 2.0599, uncertainty_coeffi: 0.0010, loss: 0.2011, lr: 4.78e-04
     Epoch[7] Iteration[360/384], entropy: 0.3267, uncertainty: 1.9313, uncertainty_coeffi: 0.0010, loss: 0.1447, lr: 4.77e-05
     Epoch[7] Iteration[370/384], entropy: 0.4099, uncertainty: 1.9718, uncertainty_coeffi: 0.0010, loss: 0.1826, lr: 2.24e-04
     Epoch[7] Iteration[380/384], entropy: 0.2839, uncertainty: 1.7121, uncertainty_coeffi: 0.0010, loss: 0.1368, lr: 4.78e-04
     Averaged stats: entropy_avg: 0.3440, uncertainty_avg: 1.8851, uncertainty_coeffi_avg: 0.0010, loss_avg: 0.1546, lr_avg: 2.55e-04
     itm tta time 0:01:11
     Epoch[8] Iteration[10/384], entropy: 0.2689, uncertainty: 1.8563, uncertainty_coeffi: 0.0010, loss: 0.1265, lr: 5.46e-06
     Epoch[8] Iteration[20/384], entropy: 0.2603, uncertainty: 1.7190, uncertainty_coeffi: 0.0010, loss: 0.1228, lr: 4.17e-04
     Epoch[8] Iteration[30/384], entropy: 0.4381, uncertainty: 1.9301, uncertainty_coeffi: 0.0010, loss: 0.1993, lr: 3.27e-04
     Epoch[8] Iteration[40/384], entropy: 0.4282, uncertainty: 1.8822, uncertainty_coeffi: 0.0010, loss: 0.1930, lr: 5.46e-06
     Epoch[8] Iteration[50/384], entropy: 0.4846, uncertainty: 1.9908, uncertainty_coeffi: 0.0010, loss: 0.2057, lr: 4.17e-04
     Epoch[8] Iteration[60/384], entropy: 0.4256, uncertainty: 1.9155, uncertainty_coeffi: 0.0010, loss: 0.1836, lr: 3.27e-04
     Epoch[8] Iteration[70/384], entropy: 0.4249, uncertainty: 1.8785, uncertainty_coeffi: 0.0010, loss: 0.1903, lr: 5.46e-06
     Epoch[8] Iteration[80/384], entropy: 0.1718, uncertainty: 1.7371, uncertainty_coeffi: 0.0010, loss: 0.0924, lr: 4.17e-04
     Epoch[8] Iteration[90/384], entropy: 0.3781, uncertainty: 1.8697, uncertainty_coeffi: 0.0010, loss: 0.1699, lr: 3.27e-04
     Epoch[8] Iteration[100/384], entropy: 0.3330, uncertainty: 1.7630, uncertainty_coeffi: 0.0010, loss: 0.1429, lr: 5.46e-06
     Epoch[8] Iteration[110/384], entropy: 0.2202, uncertainty: 1.8186, uncertainty_coeffi: 0.0010, loss: 0.1095, lr: 4.17e-04
     Epoch[8] Iteration[120/384], entropy: 0.4119, uncertainty: 1.9620, uncertainty_coeffi: 0.0010, loss: 0.1823, lr: 3.27e-04
     Epoch[8] Iteration[130/384], entropy: 0.1020, uncertainty: 1.6676, uncertainty_coeffi: 0.0010, loss: 0.0540, lr: 5.46e-06
     Epoch[8] Iteration[140/384], entropy: 0.4085, uncertainty: 1.9055, uncertainty_coeffi: 0.0010, loss: 0.1806, lr: 4.17e-04
     Epoch[8] Iteration[150/384], entropy: 0.4102, uncertainty: 1.9522, uncertainty_coeffi: 0.0010, loss: 0.1776, lr: 3.27e-04
     Epoch[8] Iteration[160/384], entropy: 0.2817, uncertainty: 1.9585, uncertainty_coeffi: 0.0010, loss: 0.1296, lr: 5.46e-06
     Epoch[8] Iteration[170/384], entropy: 0.2132, uncertainty: 1.9325, uncertainty_coeffi: 0.0010, loss: 0.1018, lr: 4.17e-04
     Epoch[8] Iteration[180/384], entropy: 0.1372, uncertainty: 1.6549, uncertainty_coeffi: 0.0010, loss: 0.0668, lr: 3.27e-04
     Epoch[8] Iteration[190/384], entropy: 0.0976, uncertainty: 1.6732, uncertainty_coeffi: 0.0010, loss: 0.0528, lr: 5.46e-06
     Epoch[8] Iteration[200/384], entropy: 0.2584, uncertainty: 1.8715, uncertainty_coeffi: 0.0010, loss: 0.1184, lr: 4.17e-04
     Epoch[8] Iteration[210/384], entropy: 0.1889, uncertainty: 1.8070, uncertainty_coeffi: 0.0010, loss: 0.0896, lr: 3.27e-04
     Epoch[8] Iteration[220/384], entropy: 0.2604, uncertainty: 1.8550, uncertainty_coeffi: 0.0010, loss: 0.1226, lr: 5.46e-06
     Epoch[8] Iteration[230/384], entropy: 0.2367, uncertainty: 1.9015, uncertainty_coeffi: 0.0010, loss: 0.1047, lr: 4.17e-04
     Epoch[8] Iteration[240/384], entropy: 0.2354, uncertainty: 1.8507, uncertainty_coeffi: 0.0010, loss: 0.1170, lr: 3.27e-04
     Epoch[8] Iteration[250/384], entropy: 0.3705, uncertainty: 1.8854, uncertainty_coeffi: 0.0010, loss: 0.1672, lr: 5.46e-06
     Epoch[8] Iteration[260/384], entropy: 0.2343, uncertainty: 1.8257, uncertainty_coeffi: 0.0010, loss: 0.1039, lr: 4.17e-04
     Epoch[8] Iteration[270/384], entropy: 0.3258, uncertainty: 1.9089, uncertainty_coeffi: 0.0010, loss: 0.1501, lr: 3.27e-04
     Epoch[8] Iteration[280/384], entropy: 0.2593, uncertainty: 1.7490, uncertainty_coeffi: 0.0010, loss: 0.1218, lr: 5.46e-06
     Epoch[8] Iteration[290/384], entropy: 0.4656, uncertainty: 2.1066, uncertainty_coeffi: 0.0010, loss: 0.1993, lr: 4.17e-04
     Epoch[8] Iteration[300/384], entropy: 0.4454, uncertainty: 1.9789, uncertainty_coeffi: 0.0010, loss: 0.1920, lr: 3.27e-04
     Epoch[8] Iteration[310/384], entropy: 0.3677, uncertainty: 1.9499, uncertainty_coeffi: 0.0010, loss: 0.1677, lr: 5.46e-06
     Epoch[8] Iteration[320/384], entropy: 0.5988, uncertainty: 1.9678, uncertainty_coeffi: 0.0010, loss: 0.2676, lr: 4.17e-04
     Epoch[8] Iteration[330/384], entropy: 0.2069, uncertainty: 1.8164, uncertainty_coeffi: 0.0010, loss: 0.0956, lr: 3.27e-04
     Epoch[8] Iteration[340/384], entropy: 0.4136, uncertainty: 1.9664, uncertainty_coeffi: 0.0010, loss: 0.1820, lr: 5.46e-06
     Epoch[8] Iteration[350/384], entropy: 0.3110, uncertainty: 1.8244, uncertainty_coeffi: 0.0010, loss: 0.1405, lr: 4.17e-04
     Epoch[8] Iteration[360/384], entropy: 0.2926, uncertainty: 1.9349, uncertainty_coeffi: 0.0010, loss: 0.1301, lr: 3.27e-04
     Epoch[8] Iteration[370/384], entropy: 0.4381, uncertainty: 1.9644, uncertainty_coeffi: 0.0010, loss: 0.2011, lr: 5.46e-06
     Epoch[8] Iteration[380/384], entropy: 0.2629, uncertainty: 1.8210, uncertainty_coeffi: 0.0010, loss: 0.1208, lr: 4.17e-04
     Averaged stats: entropy_avg: 0.3176, uncertainty_avg: 1.8698, uncertainty_coeffi_avg: 0.0010, loss_avg: 0.1440, lr_avg: 2.48e-04
     itm tta time 0:01:10
     Epoch[9] Iteration[10/384], entropy: 0.2215, uncertainty: 1.7792, uncertainty_coeffi: 0.0010, loss: 0.0948, lr: 1.25e-04
     Epoch[9] Iteration[20/384], entropy: 0.4416, uncertainty: 1.9712, uncertainty_coeffi: 0.0010, loss: 0.1945, lr: 1.25e-04
     Epoch[9] Iteration[30/384], entropy: 0.3007, uncertainty: 1.9363, uncertainty_coeffi: 0.0010, loss: 0.1335, lr: 5.00e-04
     Epoch[9] Iteration[40/384], entropy: 0.4295, uncertainty: 2.0277, uncertainty_coeffi: 0.0010, loss: 0.1936, lr: 1.25e-04
     Epoch[9] Iteration[50/384], entropy: 0.3301, uncertainty: 1.9783, uncertainty_coeffi: 0.0010, loss: 0.1457, lr: 1.25e-04
     Epoch[9] Iteration[60/384], entropy: 0.3111, uncertainty: 1.9129, uncertainty_coeffi: 0.0010, loss: 0.1420, lr: 5.00e-04
     Epoch[9] Iteration[70/384], entropy: 0.3953, uncertainty: 1.8556, uncertainty_coeffi: 0.0010, loss: 0.1740, lr: 1.25e-04
     Epoch[9] Iteration[80/384], entropy: 0.5100, uncertainty: 1.8767, uncertainty_coeffi: 0.0010, loss: 0.2229, lr: 1.25e-04
     Epoch[9] Iteration[90/384], entropy: 0.1173, uncertainty: 1.6864, uncertainty_coeffi: 0.0010, loss: 0.0619, lr: 5.00e-04
     Epoch[9] Iteration[100/384], entropy: 0.5186, uncertainty: 2.0203, uncertainty_coeffi: 0.0010, loss: 0.2351, lr: 1.25e-04
     Epoch[9] Iteration[110/384], entropy: 0.3383, uncertainty: 1.7798, uncertainty_coeffi: 0.0010, loss: 0.1456, lr: 1.25e-04
     Epoch[9] Iteration[120/384], entropy: 0.3967, uncertainty: 2.0022, uncertainty_coeffi: 0.0010, loss: 0.1787, lr: 5.00e-04
     Epoch[9] Iteration[130/384], entropy: 0.3161, uncertainty: 1.8773, uncertainty_coeffi: 0.0010, loss: 0.1428, lr: 1.25e-04
     Epoch[9] Iteration[140/384], entropy: 0.3731, uncertainty: 1.9606, uncertainty_coeffi: 0.0010, loss: 0.1645, lr: 1.25e-04
     Epoch[9] Iteration[150/384], entropy: 0.4133, uncertainty: 1.8867, uncertainty_coeffi: 0.0010, loss: 0.1933, lr: 5.00e-04
     Epoch[9] Iteration[160/384], entropy: 0.2607, uncertainty: 1.8321, uncertainty_coeffi: 0.0010, loss: 0.1158, lr: 1.25e-04
     Epoch[9] Iteration[170/384], entropy: 0.3707, uncertainty: 1.8934, uncertainty_coeffi: 0.0010, loss: 0.1678, lr: 1.25e-04
     Epoch[9] Iteration[180/384], entropy: 0.4221, uncertainty: 1.9072, uncertainty_coeffi: 0.0010, loss: 0.1887, lr: 5.00e-04
     Epoch[9] Iteration[190/384], entropy: 0.1510, uncertainty: 1.7352, uncertainty_coeffi: 0.0010, loss: 0.0697, lr: 1.25e-04
     Epoch[9] Iteration[200/384], entropy: 0.4127, uncertainty: 2.0358, uncertainty_coeffi: 0.0010, loss: 0.1883, lr: 1.25e-04
     Epoch[9] Iteration[210/384], entropy: 0.3116, uncertainty: 1.8662, uncertainty_coeffi: 0.0010, loss: 0.1442, lr: 5.00e-04
     Epoch[9] Iteration[220/384], entropy: 0.2762, uncertainty: 1.8178, uncertainty_coeffi: 0.0010, loss: 0.1278, lr: 1.25e-04
     Epoch[9] Iteration[230/384], entropy: 0.3078, uncertainty: 1.9387, uncertainty_coeffi: 0.0010, loss: 0.1401, lr: 1.25e-04
     Epoch[9] Iteration[240/384], entropy: 0.3647, uncertainty: 1.8733, uncertainty_coeffi: 0.0010, loss: 0.1668, lr: 5.00e-04
     Epoch[9] Iteration[250/384], entropy: 0.2437, uncertainty: 1.8405, uncertainty_coeffi: 0.0010, loss: 0.1095, lr: 1.25e-04
     Epoch[9] Iteration[260/384], entropy: 0.2415, uncertainty: 1.7583, uncertainty_coeffi: 0.0010, loss: 0.1117, lr: 1.25e-04
     Epoch[9] Iteration[270/384], entropy: 0.4134, uncertainty: 2.0136, uncertainty_coeffi: 0.0010, loss: 0.1793, lr: 5.00e-04
     Epoch[9] Iteration[280/384], entropy: 0.4281, uncertainty: 1.8567, uncertainty_coeffi: 0.0010, loss: 0.1940, lr: 1.25e-04
     Epoch[9] Iteration[290/384], entropy: 0.2748, uncertainty: 1.9170, uncertainty_coeffi: 0.0010, loss: 0.1203, lr: 1.25e-04
     Epoch[9] Iteration[300/384], entropy: 0.3345, uncertainty: 1.9337, uncertainty_coeffi: 0.0010, loss: 0.1550, lr: 5.00e-04
     Epoch[9] Iteration[310/384], entropy: 0.2999, uncertainty: 1.8592, uncertainty_coeffi: 0.0010, loss: 0.1365, lr: 1.25e-04
     Epoch[9] Iteration[320/384], entropy: 0.3060, uncertainty: 1.6669, uncertainty_coeffi: 0.0010, loss: 0.1360, lr: 1.25e-04
     Epoch[9] Iteration[330/384], entropy: 0.3158, uncertainty: 1.8409, uncertainty_coeffi: 0.0010, loss: 0.1445, lr: 5.00e-04
     Epoch[9] Iteration[340/384], entropy: 0.3264, uncertainty: 1.7638, uncertainty_coeffi: 0.0010, loss: 0.1424, lr: 1.25e-04
     Epoch[9] Iteration[350/384], entropy: 0.1160, uncertainty: 1.5655, uncertainty_coeffi: 0.0010, loss: 0.0608, lr: 1.25e-04
     Epoch[9] Iteration[360/384], entropy: 0.3737, uncertainty: 1.8936, uncertainty_coeffi: 0.0010, loss: 0.1709, lr: 5.00e-04
     Epoch[9] Iteration[370/384], entropy: 0.1804, uncertainty: 1.8187, uncertainty_coeffi: 0.0010, loss: 0.0856, lr: 1.25e-04
     Epoch[9] Iteration[380/384], entropy: 0.2244, uncertainty: 1.6870, uncertainty_coeffi: 0.0010, loss: 0.1036, lr: 1.25e-04
     Averaged stats: entropy_avg: 0.3255, uncertainty_avg: 1.8649, uncertainty_coeffi_avg: 0.0010, loss_avg: 0.1469, lr_avg: 2.43e-04
     itm tta time 0:01:10
### TTA Eval Score: 
+-------+--------+--------+--------+--------+--------+
| epoch |   R1   |   R5   |  R10   |  mAP   |  mINP  |
+-------+--------+--------+--------+--------+--------+
|  -999 | 70.598 | 86.891 | 91.780 | 63.391 | 47.063 |
|   0   | 70.484 | 86.826 | 91.650 | 63.373 | 47.166 |
|   1   | 70.712 | 86.810 | 91.715 | 63.420 | 47.160 |
|   2   | 70.484 | 86.712 | 91.732 | 63.366 | 47.143 |
|   4   | 70.387 | 86.745 | 91.683 | 63.330 | 47.032 |
|   9   | 70.435 | 86.615 | 91.667 | 63.320 | 47.037 |
+-------+--------+--------+--------+--------+--------+
     logs:  {'epo': 9, 'R1': 70.435, 'R5': 86.615, 'R10': 91.667, 'mAP': 63.32, 'mINP': 47.037, 'entropy': 0.32551171375732674, 'uncertainty': 1.864900253320995, 'uncertainty_coeffi': 0.0010000000474974513, 'loss': 0.14689509462761252, 'lr': 0.00024342105263158338}
     Epoch[10] Iteration[10/384], entropy: 0.4270, uncertainty: 1.9626, uncertainty_coeffi: 0.0010, loss: 0.1915, lr: 4.17e-04
     Epoch[10] Iteration[20/384], entropy: 0.2626, uncertainty: 1.8918, uncertainty_coeffi: 0.0010, loss: 0.1234, lr: 5.46e-06
     Epoch[10] Iteration[30/384], entropy: 0.5098, uncertainty: 1.9433, uncertainty_coeffi: 0.0010, loss: 0.2234, lr: 3.27e-04
     Epoch[10] Iteration[40/384], entropy: 0.4386, uncertainty: 1.9056, uncertainty_coeffi: 0.0010, loss: 0.1928, lr: 4.17e-04
     Epoch[10] Iteration[50/384], entropy: 0.3554, uncertainty: 2.0079, uncertainty_coeffi: 0.0010, loss: 0.1663, lr: 5.46e-06
     Epoch[10] Iteration[60/384], entropy: 0.2296, uncertainty: 1.9280, uncertainty_coeffi: 0.0010, loss: 0.1026, lr: 3.27e-04
     Epoch[10] Iteration[70/384], entropy: 0.3934, uncertainty: 1.8905, uncertainty_coeffi: 0.0010, loss: 0.1681, lr: 4.17e-04
     Epoch[10] Iteration[80/384], entropy: 0.4130, uncertainty: 2.0558, uncertainty_coeffi: 0.0010, loss: 0.1791, lr: 5.46e-06
     Epoch[10] Iteration[90/384], entropy: 0.2717, uncertainty: 1.9070, uncertainty_coeffi: 0.0010, loss: 0.1244, lr: 3.27e-04
     Epoch[10] Iteration[100/384], entropy: 0.4628, uncertainty: 1.8799, uncertainty_coeffi: 0.0010, loss: 0.2012, lr: 4.17e-04
     Epoch[10] Iteration[110/384], entropy: 0.3410, uncertainty: 1.8905, uncertainty_coeffi: 0.0010, loss: 0.1554, lr: 5.46e-06
     Epoch[10] Iteration[120/384], entropy: 0.2106, uncertainty: 1.9194, uncertainty_coeffi: 0.0010, loss: 0.0952, lr: 3.27e-04
     Epoch[10] Iteration[130/384], entropy: 0.2891, uncertainty: 1.7752, uncertainty_coeffi: 0.0010, loss: 0.1277, lr: 4.17e-04
     Epoch[10] Iteration[140/384], entropy: 0.3573, uncertainty: 1.8963, uncertainty_coeffi: 0.0010, loss: 0.1521, lr: 5.46e-06
     Epoch[10] Iteration[150/384], entropy: 0.2674, uncertainty: 1.9308, uncertainty_coeffi: 0.0010, loss: 0.1211, lr: 3.27e-04
     Epoch[10] Iteration[160/384], entropy: 0.3163, uncertainty: 1.9561, uncertainty_coeffi: 0.0010, loss: 0.1494, lr: 4.17e-04
     Epoch[10] Iteration[170/384], entropy: 0.1772, uncertainty: 1.6937, uncertainty_coeffi: 0.0010, loss: 0.0823, lr: 5.46e-06
     Epoch[10] Iteration[180/384], entropy: 0.2764, uncertainty: 1.7590, uncertainty_coeffi: 0.0010, loss: 0.1218, lr: 3.27e-04
     Epoch[10] Iteration[190/384], entropy: 0.5778, uncertainty: 2.0023, uncertainty_coeffi: 0.0010, loss: 0.2506, lr: 4.17e-04
     Epoch[10] Iteration[200/384], entropy: 0.4390, uncertainty: 2.0001, uncertainty_coeffi: 0.0010, loss: 0.1939, lr: 5.46e-06
     Epoch[10] Iteration[210/384], entropy: 0.5033, uncertainty: 1.9408, uncertainty_coeffi: 0.0010, loss: 0.2194, lr: 3.27e-04
     Epoch[10] Iteration[220/384], entropy: 0.3508, uncertainty: 2.0523, uncertainty_coeffi: 0.0010, loss: 0.1515, lr: 4.17e-04
     Epoch[10] Iteration[230/384], entropy: 0.3510, uncertainty: 1.8919, uncertainty_coeffi: 0.0010, loss: 0.1539, lr: 5.46e-06
     Epoch[10] Iteration[240/384], entropy: 0.2669, uncertainty: 1.7880, uncertainty_coeffi: 0.0010, loss: 0.1251, lr: 3.27e-04
     Epoch[10] Iteration[250/384], entropy: 0.3114, uncertainty: 1.9425, uncertainty_coeffi: 0.0010, loss: 0.1425, lr: 4.17e-04
     Epoch[10] Iteration[260/384], entropy: 0.4183, uncertainty: 2.0152, uncertainty_coeffi: 0.0010, loss: 0.1711, lr: 5.46e-06
     Epoch[10] Iteration[270/384], entropy: 0.2078, uncertainty: 1.7866, uncertainty_coeffi: 0.0010, loss: 0.1031, lr: 3.27e-04
     Epoch[10] Iteration[280/384], entropy: 0.4415, uncertainty: 2.0033, uncertainty_coeffi: 0.0010, loss: 0.1892, lr: 4.17e-04
     Epoch[10] Iteration[290/384], entropy: 0.2027, uncertainty: 1.6895, uncertainty_coeffi: 0.0010, loss: 0.0958, lr: 5.46e-06
     Epoch[10] Iteration[300/384], entropy: 0.3013, uncertainty: 1.7468, uncertainty_coeffi: 0.0010, loss: 0.1343, lr: 3.27e-04
     Epoch[10] Iteration[310/384], entropy: 0.3120, uncertainty: 1.9326, uncertainty_coeffi: 0.0010, loss: 0.1388, lr: 4.17e-04
     Epoch[10] Iteration[320/384], entropy: 0.1979, uncertainty: 1.8599, uncertainty_coeffi: 0.0010, loss: 0.0965, lr: 5.46e-06
     Epoch[10] Iteration[330/384], entropy: 0.3707, uncertainty: 1.9141, uncertainty_coeffi: 0.0010, loss: 0.1707, lr: 3.27e-04
     Epoch[10] Iteration[340/384], entropy: 0.1693, uncertainty: 1.7898, uncertainty_coeffi: 0.0010, loss: 0.0751, lr: 4.17e-04
     Epoch[10] Iteration[350/384], entropy: 0.4928, uncertainty: 1.9588, uncertainty_coeffi: 0.0010, loss: 0.2229, lr: 5.46e-06
     Epoch[10] Iteration[360/384], entropy: 0.3740, uncertainty: 1.8600, uncertainty_coeffi: 0.0010, loss: 0.1805, lr: 3.27e-04
     Epoch[10] Iteration[370/384], entropy: 0.1724, uncertainty: 1.7362, uncertainty_coeffi: 0.0010, loss: 0.0881, lr: 4.17e-04
     Epoch[10] Iteration[380/384], entropy: 0.4298, uncertainty: 2.0235, uncertainty_coeffi: 0.0010, loss: 0.1844, lr: 5.46e-06
     Averaged stats: entropy_avg: 0.3392, uncertainty_avg: 1.8981, uncertainty_coeffi_avg: 0.0010, loss_avg: 0.1517, lr_avg: 2.48e-04
     itm tta time 0:01:10
     Epoch[11] Iteration[10/384], entropy: 0.3935, uncertainty: 1.9733, uncertainty_coeffi: 0.0010, loss: 0.1767, lr: 4.78e-04
     Epoch[11] Iteration[20/384], entropy: 0.1138, uncertainty: 1.6002, uncertainty_coeffi: 0.0010, loss: 0.0608, lr: 2.24e-04
     Epoch[11] Iteration[30/384], entropy: 0.2066, uncertainty: 1.8176, uncertainty_coeffi: 0.0010, loss: 0.0950, lr: 4.77e-05
     Epoch[11] Iteration[40/384], entropy: 0.4558, uncertainty: 1.9310, uncertainty_coeffi: 0.0010, loss: 0.1929, lr: 4.78e-04
     Epoch[11] Iteration[50/384], entropy: 0.4523, uncertainty: 2.0137, uncertainty_coeffi: 0.0010, loss: 0.2031, lr: 2.24e-04
     Epoch[11] Iteration[60/384], entropy: 0.2854, uncertainty: 1.8566, uncertainty_coeffi: 0.0010, loss: 0.1349, lr: 4.77e-05
     Epoch[11] Iteration[70/384], entropy: 0.1388, uncertainty: 1.5807, uncertainty_coeffi: 0.0010, loss: 0.0723, lr: 4.78e-04
     Epoch[11] Iteration[80/384], entropy: 0.1450, uncertainty: 1.8697, uncertainty_coeffi: 0.0010, loss: 0.0673, lr: 2.24e-04
     Epoch[11] Iteration[90/384], entropy: 0.3171, uncertainty: 1.8020, uncertainty_coeffi: 0.0010, loss: 0.1466, lr: 4.77e-05
     Epoch[11] Iteration[100/384], entropy: 0.4953, uncertainty: 1.9317, uncertainty_coeffi: 0.0010, loss: 0.2173, lr: 4.78e-04
     Epoch[11] Iteration[110/384], entropy: 0.6381, uncertainty: 1.9961, uncertainty_coeffi: 0.0010, loss: 0.2930, lr: 2.24e-04
     Epoch[11] Iteration[120/384], entropy: 0.2742, uncertainty: 1.7642, uncertainty_coeffi: 0.0010, loss: 0.1269, lr: 4.77e-05
     Epoch[11] Iteration[130/384], entropy: 0.3922, uncertainty: 1.9200, uncertainty_coeffi: 0.0010, loss: 0.1685, lr: 4.78e-04
     Epoch[11] Iteration[140/384], entropy: 0.3582, uncertainty: 1.7492, uncertainty_coeffi: 0.0010, loss: 0.1584, lr: 2.24e-04
     Epoch[11] Iteration[150/384], entropy: 0.3980, uncertainty: 1.9401, uncertainty_coeffi: 0.0010, loss: 0.1722, lr: 4.77e-05
     Epoch[11] Iteration[160/384], entropy: 0.3798, uncertainty: 1.9980, uncertainty_coeffi: 0.0010, loss: 0.1672, lr: 4.78e-04
     Epoch[11] Iteration[170/384], entropy: 0.1522, uncertainty: 1.7398, uncertainty_coeffi: 0.0010, loss: 0.0738, lr: 2.24e-04
     Epoch[11] Iteration[180/384], entropy: 0.3077, uncertainty: 1.9270, uncertainty_coeffi: 0.0010, loss: 0.1353, lr: 4.77e-05
     Epoch[11] Iteration[190/384], entropy: 0.2211, uncertainty: 1.7884, uncertainty_coeffi: 0.0010, loss: 0.1045, lr: 4.78e-04
     Epoch[11] Iteration[200/384], entropy: 0.2072, uncertainty: 1.7463, uncertainty_coeffi: 0.0010, loss: 0.0961, lr: 2.24e-04
     Epoch[11] Iteration[210/384], entropy: 0.5524, uncertainty: 2.0911, uncertainty_coeffi: 0.0010, loss: 0.2420, lr: 4.77e-05
     Epoch[11] Iteration[220/384], entropy: 0.2141, uncertainty: 1.7820, uncertainty_coeffi: 0.0010, loss: 0.0981, lr: 4.78e-04
     Epoch[11] Iteration[230/384], entropy: 0.2694, uncertainty: 1.8794, uncertainty_coeffi: 0.0010, loss: 0.1177, lr: 2.24e-04
     Epoch[11] Iteration[240/384], entropy: 0.4261, uncertainty: 1.8246, uncertainty_coeffi: 0.0010, loss: 0.1947, lr: 4.77e-05
     Epoch[11] Iteration[250/384], entropy: 0.3050, uncertainty: 1.8735, uncertainty_coeffi: 0.0010, loss: 0.1396, lr: 4.78e-04
     Epoch[11] Iteration[260/384], entropy: 0.3156, uncertainty: 1.8571, uncertainty_coeffi: 0.0010, loss: 0.1515, lr: 2.24e-04
     Epoch[11] Iteration[270/384], entropy: 0.2584, uncertainty: 1.8559, uncertainty_coeffi: 0.0010, loss: 0.1197, lr: 4.77e-05
     Epoch[11] Iteration[280/384], entropy: 0.5490, uncertainty: 1.9720, uncertainty_coeffi: 0.0010, loss: 0.2419, lr: 4.78e-04
     Epoch[11] Iteration[290/384], entropy: 0.2326, uncertainty: 1.8411, uncertainty_coeffi: 0.0010, loss: 0.1088, lr: 2.24e-04
     Epoch[11] Iteration[300/384], entropy: 0.2435, uncertainty: 1.8381, uncertainty_coeffi: 0.0010, loss: 0.1120, lr: 4.77e-05
     Epoch[11] Iteration[310/384], entropy: 0.6019, uncertainty: 2.0707, uncertainty_coeffi: 0.0010, loss: 0.2590, lr: 4.78e-04
     Epoch[11] Iteration[320/384], entropy: 0.2285, uncertainty: 1.6921, uncertainty_coeffi: 0.0010, loss: 0.1048, lr: 2.24e-04
     Epoch[11] Iteration[330/384], entropy: 0.2612, uncertainty: 1.9580, uncertainty_coeffi: 0.0010, loss: 0.1181, lr: 4.77e-05
     Epoch[11] Iteration[340/384], entropy: 0.3426, uncertainty: 1.9949, uncertainty_coeffi: 0.0010, loss: 0.1534, lr: 4.78e-04
     Epoch[11] Iteration[350/384], entropy: 0.3831, uncertainty: 1.9970, uncertainty_coeffi: 0.0010, loss: 0.1819, lr: 2.24e-04
     Epoch[11] Iteration[360/384], entropy: 0.2949, uncertainty: 1.8128, uncertainty_coeffi: 0.0010, loss: 0.1340, lr: 4.77e-05
     Epoch[11] Iteration[370/384], entropy: 0.3496, uncertainty: 1.9228, uncertainty_coeffi: 0.0010, loss: 0.1511, lr: 4.78e-04
     Epoch[11] Iteration[380/384], entropy: 0.2879, uncertainty: 1.9634, uncertainty_coeffi: 0.0010, loss: 0.1351, lr: 2.24e-04
     Averaged stats: entropy_avg: 0.3276, uncertainty_avg: 1.8729, uncertainty_coeffi_avg: 0.0010, loss_avg: 0.1481, lr_avg: 2.55e-04
     itm tta time 0:01:10
     Epoch[12] Iteration[10/384], entropy: 0.4087, uncertainty: 1.8625, uncertainty_coeffi: 0.0010, loss: 0.1801, lr: 2.24e-04
     Epoch[12] Iteration[20/384], entropy: 0.3518, uncertainty: 1.8648, uncertainty_coeffi: 0.0010, loss: 0.1692, lr: 4.78e-04
     Epoch[12] Iteration[30/384], entropy: 0.1740, uncertainty: 1.7974, uncertainty_coeffi: 0.0010, loss: 0.0781, lr: 4.77e-05
     Epoch[12] Iteration[40/384], entropy: 0.3914, uncertainty: 1.9674, uncertainty_coeffi: 0.0010, loss: 0.1658, lr: 2.24e-04
     Epoch[12] Iteration[50/384], entropy: 0.2071, uncertainty: 1.9330, uncertainty_coeffi: 0.0010, loss: 0.1019, lr: 4.78e-04
     Epoch[12] Iteration[60/384], entropy: 0.3116, uncertainty: 2.0014, uncertainty_coeffi: 0.0010, loss: 0.1431, lr: 4.77e-05
     Epoch[12] Iteration[70/384], entropy: 0.2766, uncertainty: 1.9582, uncertainty_coeffi: 0.0010, loss: 0.1200, lr: 2.24e-04
     Epoch[12] Iteration[80/384], entropy: 0.2117, uncertainty: 1.9270, uncertainty_coeffi: 0.0010, loss: 0.0973, lr: 4.78e-04
     Epoch[12] Iteration[90/384], entropy: 0.2734, uncertainty: 1.8734, uncertainty_coeffi: 0.0010, loss: 0.1340, lr: 4.77e-05
     Epoch[12] Iteration[100/384], entropy: 0.1068, uncertainty: 1.7640, uncertainty_coeffi: 0.0010, loss: 0.0545, lr: 2.24e-04
     Epoch[12] Iteration[110/384], entropy: 0.3326, uncertainty: 1.8442, uncertainty_coeffi: 0.0010, loss: 0.1488, lr: 4.78e-04
     Epoch[12] Iteration[120/384], entropy: 0.4013, uncertainty: 1.9723, uncertainty_coeffi: 0.0010, loss: 0.1741, lr: 4.77e-05
     Epoch[12] Iteration[130/384], entropy: 0.2264, uncertainty: 1.6646, uncertainty_coeffi: 0.0010, loss: 0.1060, lr: 2.24e-04
     Epoch[12] Iteration[140/384], entropy: 0.2968, uncertainty: 1.9302, uncertainty_coeffi: 0.0010, loss: 0.1344, lr: 4.78e-04
     Epoch[12] Iteration[150/384], entropy: 0.4013, uncertainty: 1.8924, uncertainty_coeffi: 0.0010, loss: 0.1758, lr: 4.77e-05
     Epoch[12] Iteration[160/384], entropy: 0.2069, uncertainty: 1.9304, uncertainty_coeffi: 0.0010, loss: 0.0925, lr: 1.73e-04
     Epoch[12] Iteration[170/384], entropy: 0.3031, uncertainty: 1.8875, uncertainty_coeffi: 0.0010, loss: 0.1427, lr: 4.95e-04
     Epoch[12] Iteration[180/384], entropy: 0.7346, uncertainty: 2.0419, uncertainty_coeffi: 0.0010, loss: 0.3143, lr: 8.27e-05
     Epoch[12] Iteration[190/384], entropy: 0.4550, uncertainty: 1.9706, uncertainty_coeffi: 0.0010, loss: 0.1888, lr: 1.73e-04
     Epoch[12] Iteration[200/384], entropy: 0.1385, uncertainty: 1.7807, uncertainty_coeffi: 0.0010, loss: 0.0711, lr: 4.95e-04
     Epoch[12] Iteration[210/384], entropy: 0.1958, uncertainty: 1.7895, uncertainty_coeffi: 0.0010, loss: 0.0931, lr: 8.27e-05
     Epoch[12] Iteration[220/384], entropy: 0.2840, uncertainty: 1.7285, uncertainty_coeffi: 0.0010, loss: 0.1243, lr: 1.73e-04
     Epoch[12] Iteration[230/384], entropy: 0.2130, uncertainty: 1.8198, uncertainty_coeffi: 0.0010, loss: 0.0961, lr: 4.95e-04
     Epoch[12] Iteration[240/384], entropy: 0.0737, uncertainty: 1.6376, uncertainty_coeffi: 0.0010, loss: 0.0367, lr: 8.27e-05
     Epoch[12] Iteration[250/384], entropy: 0.2108, uncertainty: 1.8080, uncertainty_coeffi: 0.0010, loss: 0.0999, lr: 1.73e-04
     Epoch[12] Iteration[260/384], entropy: 0.2854, uncertainty: 1.9279, uncertainty_coeffi: 0.0010, loss: 0.1293, lr: 4.95e-04
     Epoch[12] Iteration[270/384], entropy: 0.1510, uncertainty: 1.8200, uncertainty_coeffi: 0.0010, loss: 0.0719, lr: 8.27e-05
     Epoch[12] Iteration[280/384], entropy: 0.3951, uncertainty: 1.8290, uncertainty_coeffi: 0.0010, loss: 0.1755, lr: 1.73e-04
     Epoch[12] Iteration[290/384], entropy: 0.1426, uncertainty: 1.7082, uncertainty_coeffi: 0.0010, loss: 0.0682, lr: 4.95e-04
     Epoch[12] Iteration[300/384], entropy: 0.1226, uncertainty: 1.7070, uncertainty_coeffi: 0.0010, loss: 0.0585, lr: 8.27e-05
     Epoch[12] Iteration[310/384], entropy: 0.4721, uncertainty: 1.9426, uncertainty_coeffi: 0.0010, loss: 0.2085, lr: 1.73e-04
     Epoch[12] Iteration[320/384], entropy: 0.4785, uncertainty: 2.0078, uncertainty_coeffi: 0.0010, loss: 0.2112, lr: 4.95e-04
     Epoch[12] Iteration[330/384], entropy: 0.4822, uncertainty: 1.9873, uncertainty_coeffi: 0.0010, loss: 0.2080, lr: 8.27e-05
     Epoch[12] Iteration[340/384], entropy: 0.3795, uncertainty: 1.9123, uncertainty_coeffi: 0.0010, loss: 0.1789, lr: 1.73e-04
     Epoch[12] Iteration[350/384], entropy: 0.2622, uncertainty: 1.8064, uncertainty_coeffi: 0.0010, loss: 0.1212, lr: 4.95e-04
     Epoch[12] Iteration[360/384], entropy: 0.5426, uncertainty: 1.9618, uncertainty_coeffi: 0.0010, loss: 0.2369, lr: 8.27e-05
     Epoch[12] Iteration[370/384], entropy: 0.4836, uncertainty: 1.9770, uncertainty_coeffi: 0.0010, loss: 0.2133, lr: 1.73e-04
     Epoch[12] Iteration[380/384], entropy: 0.3597, uncertainty: 1.9113, uncertainty_coeffi: 0.0010, loss: 0.1705, lr: 4.95e-04
     Averaged stats: entropy_avg: 0.3091, uncertainty_avg: 1.8723, uncertainty_coeffi_avg: 0.0010, loss_avg: 0.1393, lr_avg: 2.54e-04
     itm tta time 0:01:11
     Epoch[13] Iteration[10/384], entropy: 0.1047, uncertainty: 1.6883, uncertainty_coeffi: 0.0010, loss: 0.0569, lr: 0.00e+00
     Epoch[13] Iteration[20/384], entropy: 0.3145, uncertainty: 1.8461, uncertainty_coeffi: 0.0010, loss: 0.1475, lr: 3.75e-04
     Epoch[13] Iteration[30/384], entropy: 0.3496, uncertainty: 1.8480, uncertainty_coeffi: 0.0010, loss: 0.1520, lr: 3.75e-04
     Epoch[13] Iteration[40/384], entropy: 0.3822, uncertainty: 1.9199, uncertainty_coeffi: 0.0010, loss: 0.1615, lr: 0.00e+00
     Epoch[13] Iteration[50/384], entropy: 0.3596, uncertainty: 1.9401, uncertainty_coeffi: 0.0010, loss: 0.1585, lr: 3.75e-04
     Epoch[13] Iteration[60/384], entropy: 0.2542, uncertainty: 1.9522, uncertainty_coeffi: 0.0010, loss: 0.1135, lr: 3.75e-04
     Epoch[13] Iteration[70/384], entropy: 0.3308, uncertainty: 1.9889, uncertainty_coeffi: 0.0010, loss: 0.1446, lr: 0.00e+00
     Epoch[13] Iteration[80/384], entropy: 0.5116, uncertainty: 2.0721, uncertainty_coeffi: 0.0010, loss: 0.2190, lr: 3.75e-04
     Epoch[13] Iteration[90/384], entropy: 0.2721, uncertainty: 1.7729, uncertainty_coeffi: 0.0010, loss: 0.1251, lr: 3.75e-04
     Epoch[13] Iteration[100/384], entropy: 0.2721, uncertainty: 1.8146, uncertainty_coeffi: 0.0010, loss: 0.1222, lr: 0.00e+00
     Epoch[13] Iteration[110/384], entropy: 0.3130, uncertainty: 1.8208, uncertainty_coeffi: 0.0010, loss: 0.1453, lr: 3.75e-04
     Epoch[13] Iteration[120/384], entropy: 0.4755, uncertainty: 1.9774, uncertainty_coeffi: 0.0010, loss: 0.2105, lr: 3.75e-04
     Epoch[13] Iteration[130/384], entropy: 0.1608, uncertainty: 1.8158, uncertainty_coeffi: 0.0010, loss: 0.0743, lr: 0.00e+00
     Epoch[13] Iteration[140/384], entropy: 0.5155, uncertainty: 2.0859, uncertainty_coeffi: 0.0010, loss: 0.2273, lr: 3.75e-04
     Epoch[13] Iteration[150/384], entropy: 0.4269, uncertainty: 1.9221, uncertainty_coeffi: 0.0010, loss: 0.1828, lr: 3.75e-04
     Epoch[13] Iteration[160/384], entropy: 0.3322, uncertainty: 1.7578, uncertainty_coeffi: 0.0010, loss: 0.1462, lr: 0.00e+00
     Epoch[13] Iteration[170/384], entropy: 0.7166, uncertainty: 2.0673, uncertainty_coeffi: 0.0010, loss: 0.3181, lr: 3.75e-04
     Epoch[13] Iteration[180/384], entropy: 0.2685, uncertainty: 1.9673, uncertainty_coeffi: 0.0010, loss: 0.1164, lr: 3.75e-04
     Epoch[13] Iteration[190/384], entropy: 0.2198, uncertainty: 1.8725, uncertainty_coeffi: 0.0010, loss: 0.1058, lr: 0.00e+00
     Epoch[13] Iteration[200/384], entropy: 0.1760, uncertainty: 1.7506, uncertainty_coeffi: 0.0010, loss: 0.0798, lr: 3.75e-04
     Epoch[13] Iteration[210/384], entropy: 0.2398, uncertainty: 1.9257, uncertainty_coeffi: 0.0010, loss: 0.1076, lr: 3.75e-04
     Epoch[13] Iteration[220/384], entropy: 0.2410, uncertainty: 1.8498, uncertainty_coeffi: 0.0010, loss: 0.1115, lr: 0.00e+00
     Epoch[13] Iteration[230/384], entropy: 0.4357, uncertainty: 1.9794, uncertainty_coeffi: 0.0010, loss: 0.1966, lr: 3.75e-04
     Epoch[13] Iteration[240/384], entropy: 0.2672, uncertainty: 1.9448, uncertainty_coeffi: 0.0010, loss: 0.1211, lr: 3.75e-04
     Epoch[13] Iteration[250/384], entropy: 0.4769, uncertainty: 1.9306, uncertainty_coeffi: 0.0010, loss: 0.2126, lr: 0.00e+00
     Epoch[13] Iteration[260/384], entropy: 0.3807, uncertainty: 2.0903, uncertainty_coeffi: 0.0010, loss: 0.1654, lr: 3.75e-04
     Epoch[13] Iteration[270/384], entropy: 0.4124, uncertainty: 1.8700, uncertainty_coeffi: 0.0010, loss: 0.1788, lr: 3.75e-04
     Epoch[13] Iteration[280/384], entropy: 0.4565, uncertainty: 2.0403, uncertainty_coeffi: 0.0010, loss: 0.2019, lr: 0.00e+00
     Epoch[13] Iteration[290/384], entropy: 0.2947, uncertainty: 1.8089, uncertainty_coeffi: 0.0010, loss: 0.1406, lr: 3.75e-04
     Epoch[13] Iteration[300/384], entropy: 0.1282, uncertainty: 1.7996, uncertainty_coeffi: 0.0010, loss: 0.0680, lr: 3.75e-04
     Epoch[13] Iteration[310/384], entropy: 0.3671, uncertainty: 1.8371, uncertainty_coeffi: 0.0010, loss: 0.1675, lr: 0.00e+00
     Epoch[13] Iteration[320/384], entropy: 0.0598, uncertainty: 1.6678, uncertainty_coeffi: 0.0010, loss: 0.0328, lr: 3.75e-04
     Epoch[13] Iteration[330/384], entropy: 0.1737, uncertainty: 1.8203, uncertainty_coeffi: 0.0010, loss: 0.0848, lr: 3.75e-04
     Epoch[13] Iteration[340/384], entropy: 0.1167, uncertainty: 1.7762, uncertainty_coeffi: 0.0010, loss: 0.0564, lr: 0.00e+00
     Epoch[13] Iteration[350/384], entropy: 0.5476, uncertainty: 2.0443, uncertainty_coeffi: 0.0010, loss: 0.2401, lr: 3.75e-04
     Epoch[13] Iteration[360/384], entropy: 0.1337, uncertainty: 1.5447, uncertainty_coeffi: 0.0010, loss: 0.0645, lr: 3.75e-04
     Epoch[13] Iteration[370/384], entropy: 0.3787, uncertainty: 1.8852, uncertainty_coeffi: 0.0010, loss: 0.1605, lr: 0.00e+00
     Epoch[13] Iteration[380/384], entropy: 0.3436, uncertainty: 1.9707, uncertainty_coeffi: 0.0010, loss: 0.1519, lr: 3.75e-04
     Averaged stats: entropy_avg: 0.3213, uncertainty_avg: 1.8859, uncertainty_coeffi_avg: 0.0010, loss_avg: 0.1439, lr_avg: 2.47e-04
     itm tta time 0:01:11
     Epoch[14] Iteration[10/384], entropy: 0.3189, uncertainty: 1.8020, uncertainty_coeffi: 0.0010, loss: 0.1458, lr: 1.73e-04
     Epoch[14] Iteration[20/384], entropy: 0.2517, uncertainty: 1.7716, uncertainty_coeffi: 0.0010, loss: 0.1175, lr: 8.27e-05
     Epoch[14] Iteration[30/384], entropy: 0.2584, uncertainty: 1.8422, uncertainty_coeffi: 0.0010, loss: 0.1098, lr: 4.95e-04
     Epoch[14] Iteration[40/384], entropy: 0.1879, uncertainty: 1.8218, uncertainty_coeffi: 0.0010, loss: 0.0908, lr: 1.73e-04
     Epoch[14] Iteration[50/384], entropy: 0.2914, uncertainty: 1.8739, uncertainty_coeffi: 0.0010, loss: 0.1324, lr: 8.27e-05
     Epoch[14] Iteration[60/384], entropy: 0.2656, uncertainty: 1.9197, uncertainty_coeffi: 0.0010, loss: 0.1279, lr: 4.95e-04
     Epoch[14] Iteration[70/384], entropy: 0.2351, uncertainty: 1.8556, uncertainty_coeffi: 0.0010, loss: 0.1123, lr: 1.73e-04
     Epoch[14] Iteration[80/384], entropy: 0.3545, uncertainty: 1.8774, uncertainty_coeffi: 0.0010, loss: 0.1636, lr: 8.27e-05
     Epoch[14] Iteration[90/384], entropy: 0.2883, uncertainty: 1.8608, uncertainty_coeffi: 0.0010, loss: 0.1260, lr: 4.95e-04
     Epoch[14] Iteration[100/384], entropy: 0.5096, uncertainty: 1.9772, uncertainty_coeffi: 0.0010, loss: 0.2283, lr: 1.73e-04
     Epoch[14] Iteration[110/384], entropy: 0.2527, uncertainty: 1.8709, uncertainty_coeffi: 0.0010, loss: 0.1159, lr: 8.27e-05
     Epoch[14] Iteration[120/384], entropy: 0.2661, uncertainty: 1.7710, uncertainty_coeffi: 0.0010, loss: 0.1192, lr: 4.95e-04
     Epoch[14] Iteration[130/384], entropy: 0.4551, uncertainty: 1.9666, uncertainty_coeffi: 0.0010, loss: 0.1978, lr: 1.73e-04
     Epoch[14] Iteration[140/384], entropy: 0.5446, uncertainty: 2.0642, uncertainty_coeffi: 0.0010, loss: 0.2349, lr: 8.27e-05
     Epoch[14] Iteration[150/384], entropy: 0.4122, uncertainty: 1.8554, uncertainty_coeffi: 0.0010, loss: 0.1875, lr: 4.95e-04
     Epoch[14] Iteration[160/384], entropy: 0.2822, uncertainty: 1.9398, uncertainty_coeffi: 0.0010, loss: 0.1369, lr: 1.73e-04
     Epoch[14] Iteration[170/384], entropy: 0.5028, uncertainty: 2.0616, uncertainty_coeffi: 0.0010, loss: 0.2184, lr: 8.27e-05
     Epoch[14] Iteration[180/384], entropy: 0.1982, uncertainty: 1.7970, uncertainty_coeffi: 0.0010, loss: 0.1037, lr: 4.95e-04
     Epoch[14] Iteration[190/384], entropy: 0.3247, uncertainty: 1.7876, uncertainty_coeffi: 0.0010, loss: 0.1515, lr: 1.73e-04
     Epoch[14] Iteration[200/384], entropy: 0.3661, uncertainty: 2.0328, uncertainty_coeffi: 0.0010, loss: 0.1613, lr: 8.27e-05
     Epoch[14] Iteration[210/384], entropy: 0.3120, uncertainty: 1.9457, uncertainty_coeffi: 0.0010, loss: 0.1444, lr: 4.95e-04
     Epoch[14] Iteration[220/384], entropy: 0.2159, uncertainty: 1.8231, uncertainty_coeffi: 0.0010, loss: 0.0969, lr: 1.73e-04
     Epoch[14] Iteration[230/384], entropy: 0.1519, uncertainty: 1.8614, uncertainty_coeffi: 0.0010, loss: 0.0733, lr: 8.27e-05
     Epoch[14] Iteration[240/384], entropy: 0.3882, uncertainty: 1.8763, uncertainty_coeffi: 0.0010, loss: 0.1776, lr: 4.95e-04
     Epoch[14] Iteration[250/384], entropy: 0.4391, uncertainty: 1.9652, uncertainty_coeffi: 0.0010, loss: 0.1843, lr: 1.73e-04
     Epoch[14] Iteration[260/384], entropy: 0.3140, uncertainty: 1.9413, uncertainty_coeffi: 0.0010, loss: 0.1437, lr: 8.27e-05
     Epoch[14] Iteration[270/384], entropy: 0.1808, uncertainty: 1.6850, uncertainty_coeffi: 0.0010, loss: 0.0847, lr: 4.95e-04
     Epoch[14] Iteration[280/384], entropy: 0.3724, uncertainty: 1.9511, uncertainty_coeffi: 0.0010, loss: 0.1734, lr: 1.73e-04
     Epoch[14] Iteration[290/384], entropy: 0.2550, uncertainty: 1.7100, uncertainty_coeffi: 0.0010, loss: 0.1113, lr: 8.27e-05
     Epoch[14] Iteration[300/384], entropy: 0.3329, uncertainty: 1.8399, uncertainty_coeffi: 0.0010, loss: 0.1412, lr: 4.95e-04
     Epoch[14] Iteration[310/384], entropy: 0.3554, uncertainty: 1.8498, uncertainty_coeffi: 0.0010, loss: 0.1556, lr: 1.73e-04
     Epoch[14] Iteration[320/384], entropy: 0.3940, uncertainty: 1.8052, uncertainty_coeffi: 0.0010, loss: 0.1852, lr: 8.27e-05
     Epoch[14] Iteration[330/384], entropy: 0.3387, uncertainty: 1.8105, uncertainty_coeffi: 0.0010, loss: 0.1487, lr: 4.95e-04
     Epoch[14] Iteration[340/384], entropy: 0.2295, uncertainty: 1.7842, uncertainty_coeffi: 0.0010, loss: 0.1017, lr: 1.73e-04
     Epoch[14] Iteration[350/384], entropy: 0.2221, uncertainty: 1.9200, uncertainty_coeffi: 0.0010, loss: 0.0982, lr: 8.27e-05
     Epoch[14] Iteration[360/384], entropy: 0.4620, uncertainty: 2.0251, uncertainty_coeffi: 0.0010, loss: 0.2070, lr: 4.95e-04
     Epoch[14] Iteration[370/384], entropy: 0.2079, uncertainty: 1.7404, uncertainty_coeffi: 0.0010, loss: 0.0969, lr: 1.73e-04
     Epoch[14] Iteration[380/384], entropy: 0.1656, uncertainty: 1.8060, uncertainty_coeffi: 0.0010, loss: 0.0757, lr: 8.27e-05
     Averaged stats: entropy_avg: 0.3133, uncertainty_avg: 1.8708, uncertainty_coeffi_avg: 0.0010, loss_avg: 0.1416, lr_avg: 2.44e-04
     itm tta time 0:01:10
### TTA Eval Score: 
+-------+--------+--------+--------+--------+--------+
| epoch |   R1   |   R5   |  R10   |  mAP   |  mINP  |
+-------+--------+--------+--------+--------+--------+
|  -999 | 70.598 | 86.891 | 91.780 | 63.391 | 47.063 |
|   0   | 70.484 | 86.826 | 91.650 | 63.373 | 47.166 |
|   1   | 70.712 | 86.810 | 91.715 | 63.420 | 47.160 |
|   2   | 70.484 | 86.712 | 91.732 | 63.366 | 47.143 |
|   4   | 70.387 | 86.745 | 91.683 | 63.330 | 47.032 |
|   9   | 70.435 | 86.615 | 91.667 | 63.320 | 47.037 |
|   14  | 70.305 | 86.566 | 91.585 | 63.238 | 46.901 |
+-------+--------+--------+--------+--------+--------+
     logs:  {'epo': 14, 'R1': 70.305, 'R5': 86.566, 'R10': 91.585, 'mAP': 63.238, 'mINP': 46.901, 'entropy': 0.31325071461890874, 'uncertainty': 1.8707704136246128, 'uncertainty_coeffi': 0.0010000000474974513, 'loss': 0.14161364969454313, 'lr': 0.00024356481841621714}
     Epoch[15] Iteration[10/384], entropy: 0.3546, uncertainty: 1.9125, uncertainty_coeffi: 0.0010, loss: 0.1541, lr: 4.52e-04
     Epoch[15] Iteration[20/384], entropy: 0.5644, uncertainty: 1.9087, uncertainty_coeffi: 0.0010, loss: 0.2439, lr: 2.16e-05
     Epoch[15] Iteration[30/384], entropy: 0.3134, uncertainty: 1.8681, uncertainty_coeffi: 0.0010, loss: 0.1512, lr: 2.76e-04
     Epoch[15] Iteration[40/384], entropy: 0.1835, uncertainty: 1.8094, uncertainty_coeffi: 0.0010, loss: 0.0996, lr: 4.52e-04
     Epoch[15] Iteration[50/384], entropy: 0.4097, uncertainty: 1.9032, uncertainty_coeffi: 0.0010, loss: 0.1869, lr: 2.16e-05
     Epoch[15] Iteration[60/384], entropy: 0.1590, uncertainty: 1.8271, uncertainty_coeffi: 0.0010, loss: 0.0750, lr: 2.76e-04
     Epoch[15] Iteration[70/384], entropy: 0.2772, uncertainty: 1.8805, uncertainty_coeffi: 0.0010, loss: 0.1193, lr: 4.52e-04
     Epoch[15] Iteration[80/384], entropy: 0.5058, uncertainty: 2.0351, uncertainty_coeffi: 0.0010, loss: 0.2129, lr: 2.16e-05
     Epoch[15] Iteration[90/384], entropy: 0.2932, uncertainty: 1.8857, uncertainty_coeffi: 0.0010, loss: 0.1282, lr: 2.76e-04
     Epoch[15] Iteration[100/384], entropy: 0.3499, uncertainty: 1.6874, uncertainty_coeffi: 0.0010, loss: 0.1576, lr: 4.52e-04
     Epoch[15] Iteration[110/384], entropy: 0.3602, uncertainty: 2.0089, uncertainty_coeffi: 0.0010, loss: 0.1600, lr: 2.16e-05
     Epoch[15] Iteration[120/384], entropy: 0.3134, uncertainty: 1.8953, uncertainty_coeffi: 0.0010, loss: 0.1485, lr: 2.76e-04
     Epoch[15] Iteration[130/384], entropy: 0.4973, uncertainty: 2.0689, uncertainty_coeffi: 0.0010, loss: 0.2079, lr: 4.52e-04
     Epoch[15] Iteration[140/384], entropy: 0.4228, uncertainty: 2.0186, uncertainty_coeffi: 0.0010, loss: 0.1845, lr: 2.16e-05
     Epoch[15] Iteration[150/384], entropy: 0.3695, uncertainty: 1.9514, uncertainty_coeffi: 0.0010, loss: 0.1648, lr: 2.76e-04
     Epoch[15] Iteration[160/384], entropy: 0.2207, uncertainty: 1.8635, uncertainty_coeffi: 0.0010, loss: 0.0996, lr: 4.52e-04
     Epoch[15] Iteration[170/384], entropy: 0.2574, uncertainty: 1.8674, uncertainty_coeffi: 0.0010, loss: 0.1185, lr: 2.16e-05
     Epoch[15] Iteration[180/384], entropy: 0.2974, uncertainty: 1.8809, uncertainty_coeffi: 0.0010, loss: 0.1301, lr: 2.76e-04
     Epoch[15] Iteration[190/384], entropy: 0.7049, uncertainty: 2.1900, uncertainty_coeffi: 0.0010, loss: 0.2992, lr: 4.52e-04
     Epoch[15] Iteration[200/384], entropy: 0.3621, uncertainty: 1.9610, uncertainty_coeffi: 0.0010, loss: 0.1615, lr: 2.16e-05
     Epoch[15] Iteration[210/384], entropy: 0.3183, uncertainty: 1.8264, uncertainty_coeffi: 0.0010, loss: 0.1419, lr: 2.76e-04
     Epoch[15] Iteration[220/384], entropy: 0.4110, uncertainty: 1.9710, uncertainty_coeffi: 0.0010, loss: 0.1799, lr: 4.52e-04
     Epoch[15] Iteration[230/384], entropy: 0.1284, uncertainty: 1.6655, uncertainty_coeffi: 0.0010, loss: 0.0615, lr: 2.16e-05
     Epoch[15] Iteration[240/384], entropy: 0.2514, uncertainty: 1.9669, uncertainty_coeffi: 0.0010, loss: 0.1142, lr: 2.76e-04
     Epoch[15] Iteration[250/384], entropy: 0.4180, uncertainty: 1.9517, uncertainty_coeffi: 0.0010, loss: 0.1874, lr: 4.52e-04
     Epoch[15] Iteration[260/384], entropy: 0.3513, uncertainty: 1.9303, uncertainty_coeffi: 0.0010, loss: 0.1551, lr: 2.16e-05
     Epoch[15] Iteration[270/384], entropy: 0.4120, uncertainty: 1.8123, uncertainty_coeffi: 0.0010, loss: 0.1820, lr: 2.76e-04
     Epoch[15] Iteration[280/384], entropy: 0.2059, uncertainty: 1.8907, uncertainty_coeffi: 0.0010, loss: 0.0937, lr: 4.52e-04
     Epoch[15] Iteration[290/384], entropy: 0.2957, uncertainty: 1.9711, uncertainty_coeffi: 0.0010, loss: 0.1323, lr: 2.16e-05
     Epoch[15] Iteration[300/384], entropy: 0.1754, uncertainty: 1.8423, uncertainty_coeffi: 0.0010, loss: 0.0823, lr: 2.76e-04
     Epoch[15] Iteration[310/384], entropy: 0.5803, uncertainty: 2.0431, uncertainty_coeffi: 0.0010, loss: 0.2423, lr: 4.52e-04
     Epoch[15] Iteration[320/384], entropy: 0.3201, uncertainty: 1.9341, uncertainty_coeffi: 0.0010, loss: 0.1448, lr: 2.16e-05
     Epoch[15] Iteration[330/384], entropy: 0.3387, uncertainty: 1.8505, uncertainty_coeffi: 0.0010, loss: 0.1525, lr: 2.76e-04
     Epoch[15] Iteration[340/384], entropy: 0.4768, uncertainty: 2.0041, uncertainty_coeffi: 0.0010, loss: 0.2080, lr: 4.52e-04
     Epoch[15] Iteration[350/384], entropy: 0.2410, uncertainty: 1.7600, uncertainty_coeffi: 0.0010, loss: 0.1143, lr: 2.16e-05
     Epoch[15] Iteration[360/384], entropy: 0.3489, uncertainty: 1.8834, uncertainty_coeffi: 0.0010, loss: 0.1516, lr: 2.76e-04
     Epoch[15] Iteration[370/384], entropy: 0.2469, uncertainty: 1.9667, uncertainty_coeffi: 0.0010, loss: 0.1106, lr: 4.52e-04
     Epoch[15] Iteration[380/384], entropy: 0.5475, uncertainty: 1.9487, uncertainty_coeffi: 0.0010, loss: 0.2369, lr: 2.16e-05
     Averaged stats: entropy_avg: 0.3496, uncertainty_avg: 1.9117, uncertainty_coeffi_avg: 0.0010, loss_avg: 0.1551, lr_avg: 2.49e-04
     itm tta time 0:01:10
     Epoch[16] Iteration[10/384], entropy: 0.3563, uncertainty: 1.9278, uncertainty_coeffi: 0.0010, loss: 0.1616, lr: 4.52e-04
     Epoch[16] Iteration[20/384], entropy: 0.3453, uncertainty: 1.9565, uncertainty_coeffi: 0.0010, loss: 0.1624, lr: 2.76e-04
     Epoch[16] Iteration[30/384], entropy: 0.1334, uncertainty: 1.7402, uncertainty_coeffi: 0.0010, loss: 0.0634, lr: 2.16e-05
     Epoch[16] Iteration[40/384], entropy: 0.3480, uncertainty: 2.0075, uncertainty_coeffi: 0.0010, loss: 0.1631, lr: 4.52e-04
     Epoch[16] Iteration[50/384], entropy: 0.3710, uncertainty: 2.0222, uncertainty_coeffi: 0.0010, loss: 0.1611, lr: 2.76e-04
     Epoch[16] Iteration[60/384], entropy: 0.4069, uncertainty: 1.9520, uncertainty_coeffi: 0.0010, loss: 0.1846, lr: 2.16e-05
     Epoch[16] Iteration[70/384], entropy: 0.2934, uncertainty: 1.8218, uncertainty_coeffi: 0.0010, loss: 0.1382, lr: 4.52e-04
     Epoch[16] Iteration[80/384], entropy: 0.5461, uncertainty: 1.9800, uncertainty_coeffi: 0.0010, loss: 0.2403, lr: 2.76e-04
     Epoch[16] Iteration[90/384], entropy: 0.2320, uncertainty: 1.8086, uncertainty_coeffi: 0.0010, loss: 0.1032, lr: 2.16e-05
     Epoch[16] Iteration[100/384], entropy: 0.3933, uncertainty: 2.0062, uncertainty_coeffi: 0.0010, loss: 0.1787, lr: 4.52e-04
     Epoch[16] Iteration[110/384], entropy: 0.1356, uncertainty: 1.7018, uncertainty_coeffi: 0.0010, loss: 0.0696, lr: 2.76e-04
     Epoch[16] Iteration[120/384], entropy: 0.4436, uncertainty: 1.9725, uncertainty_coeffi: 0.0010, loss: 0.1841, lr: 2.16e-05
     Epoch[16] Iteration[130/384], entropy: 0.2826, uncertainty: 1.7889, uncertainty_coeffi: 0.0010, loss: 0.1317, lr: 4.52e-04
     Epoch[16] Iteration[140/384], entropy: 0.4368, uncertainty: 2.0353, uncertainty_coeffi: 0.0010, loss: 0.1817, lr: 2.76e-04
     Epoch[16] Iteration[150/384], entropy: 0.1746, uncertainty: 1.8112, uncertainty_coeffi: 0.0010, loss: 0.0773, lr: 2.16e-05
     Epoch[16] Iteration[160/384], entropy: 0.5951, uncertainty: 1.9808, uncertainty_coeffi: 0.0010, loss: 0.2557, lr: 4.52e-04
     Epoch[16] Iteration[170/384], entropy: 0.2991, uncertainty: 1.8582, uncertainty_coeffi: 0.0010, loss: 0.1326, lr: 2.76e-04
     Epoch[16] Iteration[180/384], entropy: 0.4525, uncertainty: 1.9908, uncertainty_coeffi: 0.0010, loss: 0.1961, lr: 2.16e-05
     Epoch[16] Iteration[190/384], entropy: 0.3963, uncertainty: 2.0513, uncertainty_coeffi: 0.0010, loss: 0.1794, lr: 4.52e-04
     Epoch[16] Iteration[200/384], entropy: 0.2908, uncertainty: 1.8183, uncertainty_coeffi: 0.0010, loss: 0.1305, lr: 2.76e-04
     Epoch[16] Iteration[210/384], entropy: 0.1948, uncertainty: 1.8034, uncertainty_coeffi: 0.0010, loss: 0.0961, lr: 2.16e-05
     Epoch[16] Iteration[220/384], entropy: 0.2190, uncertainty: 1.8157, uncertainty_coeffi: 0.0010, loss: 0.1039, lr: 4.52e-04
     Epoch[16] Iteration[230/384], entropy: 0.1284, uncertainty: 1.6866, uncertainty_coeffi: 0.0010, loss: 0.0632, lr: 2.76e-04
     Epoch[16] Iteration[240/384], entropy: 0.2888, uncertainty: 1.9457, uncertainty_coeffi: 0.0010, loss: 0.1280, lr: 2.16e-05
     Epoch[16] Iteration[250/384], entropy: 0.3420, uncertainty: 1.8647, uncertainty_coeffi: 0.0010, loss: 0.1514, lr: 4.52e-04
     Epoch[16] Iteration[260/384], entropy: 0.2095, uncertainty: 1.7597, uncertainty_coeffi: 0.0010, loss: 0.0996, lr: 2.76e-04
     Epoch[16] Iteration[270/384], entropy: 0.2098, uncertainty: 1.9066, uncertainty_coeffi: 0.0010, loss: 0.0985, lr: 2.16e-05
     Epoch[16] Iteration[280/384], entropy: 0.2734, uncertainty: 1.8711, uncertainty_coeffi: 0.0010, loss: 0.1270, lr: 4.52e-04
     Epoch[16] Iteration[290/384], entropy: 0.2567, uncertainty: 1.7685, uncertainty_coeffi: 0.0010, loss: 0.1231, lr: 2.76e-04
     Epoch[16] Iteration[300/384], entropy: 0.1833, uncertainty: 1.7399, uncertainty_coeffi: 0.0010, loss: 0.0888, lr: 2.16e-05
     Epoch[16] Iteration[310/384], entropy: 0.4208, uncertainty: 1.9919, uncertainty_coeffi: 0.0010, loss: 0.1785, lr: 4.52e-04
     Epoch[16] Iteration[320/384], entropy: 0.3052, uncertainty: 1.9618, uncertainty_coeffi: 0.0010, loss: 0.1342, lr: 2.76e-04
     Epoch[16] Iteration[330/384], entropy: 0.2301, uncertainty: 1.7211, uncertainty_coeffi: 0.0010, loss: 0.1129, lr: 2.16e-05
     Epoch[16] Iteration[340/384], entropy: 0.3231, uncertainty: 1.7975, uncertainty_coeffi: 0.0010, loss: 0.1468, lr: 4.52e-04
     Epoch[16] Iteration[350/384], entropy: 0.2995, uncertainty: 2.0400, uncertainty_coeffi: 0.0010, loss: 0.1307, lr: 2.76e-04
     Epoch[16] Iteration[360/384], entropy: 0.3613, uncertainty: 1.9338, uncertainty_coeffi: 0.0010, loss: 0.1605, lr: 2.16e-05
     Epoch[16] Iteration[370/384], entropy: 0.2793, uncertainty: 1.9189, uncertainty_coeffi: 0.0010, loss: 0.1266, lr: 4.52e-04
     Epoch[16] Iteration[380/384], entropy: 0.2422, uncertainty: 1.7473, uncertainty_coeffi: 0.0010, loss: 0.1070, lr: 2.76e-04
     Averaged stats: entropy_avg: 0.3079, uncertainty_avg: 1.8817, uncertainty_coeffi_avg: 0.0010, loss_avg: 0.1387, lr_avg: 2.56e-04
     itm tta time 0:01:11
     Epoch[17] Iteration[10/384], entropy: 0.1068, uncertainty: 1.6288, uncertainty_coeffi: 0.0010, loss: 0.0605, lr: 1.73e-04
     Epoch[17] Iteration[20/384], entropy: 0.3143, uncertainty: 1.9015, uncertainty_coeffi: 0.0010, loss: 0.1385, lr: 4.95e-04
     Epoch[17] Iteration[30/384], entropy: 0.5008, uncertainty: 1.8986, uncertainty_coeffi: 0.0010, loss: 0.2141, lr: 8.27e-05
     Epoch[17] Iteration[40/384], entropy: 0.3044, uncertainty: 1.6680, uncertainty_coeffi: 0.0010, loss: 0.1370, lr: 1.73e-04
     Epoch[17] Iteration[50/384], entropy: 0.3626, uncertainty: 1.9674, uncertainty_coeffi: 0.0010, loss: 0.1586, lr: 4.95e-04
     Epoch[17] Iteration[60/384], entropy: 0.3654, uncertainty: 1.7890, uncertainty_coeffi: 0.0010, loss: 0.1611, lr: 8.27e-05
     Epoch[17] Iteration[70/384], entropy: 0.1534, uncertainty: 1.7797, uncertainty_coeffi: 0.0010, loss: 0.0750, lr: 1.73e-04
     Epoch[17] Iteration[80/384], entropy: 0.2900, uncertainty: 1.9153, uncertainty_coeffi: 0.0010, loss: 0.1317, lr: 4.95e-04
     Epoch[17] Iteration[90/384], entropy: 0.3398, uncertainty: 1.8826, uncertainty_coeffi: 0.0010, loss: 0.1551, lr: 8.27e-05
     Epoch[17] Iteration[100/384], entropy: 0.3732, uncertainty: 1.8774, uncertainty_coeffi: 0.0010, loss: 0.1851, lr: 1.73e-04
     Epoch[17] Iteration[110/384], entropy: 0.2952, uncertainty: 1.9026, uncertainty_coeffi: 0.0010, loss: 0.1308, lr: 4.95e-04
     Epoch[17] Iteration[120/384], entropy: 0.4729, uncertainty: 1.9558, uncertainty_coeffi: 0.0010, loss: 0.2031, lr: 8.27e-05
     Epoch[17] Iteration[130/384], entropy: 0.4686, uncertainty: 2.0111, uncertainty_coeffi: 0.0010, loss: 0.2060, lr: 1.73e-04
     Epoch[17] Iteration[140/384], entropy: 0.1194, uncertainty: 1.7164, uncertainty_coeffi: 0.0010, loss: 0.0592, lr: 4.95e-04
     Epoch[17] Iteration[150/384], entropy: 0.2544, uncertainty: 1.8728, uncertainty_coeffi: 0.0010, loss: 0.1137, lr: 8.27e-05
     Epoch[17] Iteration[160/384], entropy: 0.2979, uncertainty: 1.7288, uncertainty_coeffi: 0.0010, loss: 0.1330, lr: 1.73e-04
     Epoch[17] Iteration[170/384], entropy: 0.3686, uncertainty: 1.9206, uncertainty_coeffi: 0.0010, loss: 0.1582, lr: 4.95e-04
     Epoch[17] Iteration[180/384], entropy: 0.2537, uncertainty: 1.8998, uncertainty_coeffi: 0.0010, loss: 0.1136, lr: 8.27e-05
     Epoch[17] Iteration[190/384], entropy: 0.3374, uncertainty: 1.9063, uncertainty_coeffi: 0.0010, loss: 0.1475, lr: 1.73e-04
     Epoch[17] Iteration[200/384], entropy: 0.2531, uncertainty: 1.7472, uncertainty_coeffi: 0.0010, loss: 0.1150, lr: 4.95e-04
     Epoch[17] Iteration[210/384], entropy: 0.3815, uncertainty: 1.9768, uncertainty_coeffi: 0.0010, loss: 0.1703, lr: 8.27e-05
     Epoch[17] Iteration[220/384], entropy: 0.3471, uncertainty: 1.8193, uncertainty_coeffi: 0.0010, loss: 0.1515, lr: 1.73e-04
     Epoch[17] Iteration[230/384], entropy: 0.3130, uncertainty: 1.8816, uncertainty_coeffi: 0.0010, loss: 0.1383, lr: 4.95e-04
     Epoch[17] Iteration[240/384], entropy: 0.2063, uncertainty: 1.7931, uncertainty_coeffi: 0.0010, loss: 0.0962, lr: 1.25e-04
     Epoch[17] Iteration[250/384], entropy: 0.2205, uncertainty: 1.8761, uncertainty_coeffi: 0.0010, loss: 0.1007, lr: 1.25e-04
     Epoch[17] Iteration[260/384], entropy: 0.3669, uncertainty: 1.7341, uncertainty_coeffi: 0.0010, loss: 0.1612, lr: 5.00e-04
     Epoch[17] Iteration[270/384], entropy: 0.2739, uncertainty: 1.7564, uncertainty_coeffi: 0.0010, loss: 0.1181, lr: 1.25e-04
     Epoch[17] Iteration[280/384], entropy: 0.2816, uncertainty: 1.7741, uncertainty_coeffi: 0.0010, loss: 0.1351, lr: 1.25e-04
     Epoch[17] Iteration[290/384], entropy: 0.6073, uncertainty: 2.1189, uncertainty_coeffi: 0.0010, loss: 0.2557, lr: 5.00e-04
     Epoch[17] Iteration[300/384], entropy: 0.3269, uncertainty: 1.8599, uncertainty_coeffi: 0.0010, loss: 0.1389, lr: 1.25e-04
     Epoch[17] Iteration[310/384], entropy: 0.4373, uncertainty: 2.0508, uncertainty_coeffi: 0.0010, loss: 0.1886, lr: 1.25e-04
     Epoch[17] Iteration[320/384], entropy: 0.2927, uncertainty: 1.9062, uncertainty_coeffi: 0.0010, loss: 0.1296, lr: 5.00e-04
     Epoch[17] Iteration[330/384], entropy: 0.2181, uncertainty: 1.8256, uncertainty_coeffi: 0.0010, loss: 0.0961, lr: 1.25e-04
     Epoch[17] Iteration[340/384], entropy: 0.5446, uncertainty: 2.0784, uncertainty_coeffi: 0.0010, loss: 0.2392, lr: 1.25e-04
     Epoch[17] Iteration[350/384], entropy: 0.4166, uncertainty: 1.8260, uncertainty_coeffi: 0.0010, loss: 0.1825, lr: 5.00e-04
     Epoch[17] Iteration[360/384], entropy: 0.4041, uncertainty: 2.0051, uncertainty_coeffi: 0.0010, loss: 0.1790, lr: 1.25e-04
     Epoch[17] Iteration[370/384], entropy: 0.5834, uncertainty: 2.0750, uncertainty_coeffi: 0.0010, loss: 0.2542, lr: 1.25e-04
     Epoch[17] Iteration[380/384], entropy: 0.2138, uncertainty: 1.7362, uncertainty_coeffi: 0.0010, loss: 0.0964, lr: 5.00e-04
     Averaged stats: entropy_avg: 0.3334, uncertainty_avg: 1.8701, uncertainty_coeffi_avg: 0.0010, loss_avg: 0.1481, lr_avg: 2.54e-04
     itm tta time 0:01:10
     Epoch[18] Iteration[10/384], entropy: 0.3532, uncertainty: 1.8273, uncertainty_coeffi: 0.0010, loss: 0.1672, lr: 5.46e-06
     Epoch[18] Iteration[20/384], entropy: 0.4163, uncertainty: 1.9738, uncertainty_coeffi: 0.0010, loss: 0.1863, lr: 3.27e-04
     Epoch[18] Iteration[30/384], entropy: 0.2464, uncertainty: 1.8659, uncertainty_coeffi: 0.0010, loss: 0.1156, lr: 4.17e-04
     Epoch[18] Iteration[40/384], entropy: 0.1131, uncertainty: 1.7242, uncertainty_coeffi: 0.0010, loss: 0.0565, lr: 5.46e-06
     Epoch[18] Iteration[50/384], entropy: 0.4936, uncertainty: 2.0555, uncertainty_coeffi: 0.0010, loss: 0.2166, lr: 3.27e-04
     Epoch[18] Iteration[60/384], entropy: 0.1330, uncertainty: 1.6904, uncertainty_coeffi: 0.0010, loss: 0.0667, lr: 4.17e-04
     Epoch[18] Iteration[70/384], entropy: 0.4453, uncertainty: 1.9790, uncertainty_coeffi: 0.0010, loss: 0.1967, lr: 5.46e-06
     Epoch[18] Iteration[80/384], entropy: 0.4126, uncertainty: 1.9193, uncertainty_coeffi: 0.0010, loss: 0.1905, lr: 3.27e-04
     Epoch[18] Iteration[90/384], entropy: 0.5276, uncertainty: 2.0836, uncertainty_coeffi: 0.0010, loss: 0.2234, lr: 4.17e-04
     Epoch[18] Iteration[100/384], entropy: 0.2027, uncertainty: 1.7816, uncertainty_coeffi: 0.0010, loss: 0.0986, lr: 5.46e-06
     Epoch[18] Iteration[110/384], entropy: 0.1764, uncertainty: 1.8046, uncertainty_coeffi: 0.0010, loss: 0.0872, lr: 3.27e-04
     Epoch[18] Iteration[120/384], entropy: 0.3277, uncertainty: 1.8680, uncertainty_coeffi: 0.0010, loss: 0.1494, lr: 4.17e-04
     Epoch[18] Iteration[130/384], entropy: 0.3266, uncertainty: 1.7220, uncertainty_coeffi: 0.0010, loss: 0.1434, lr: 5.46e-06
     Epoch[18] Iteration[140/384], entropy: 0.4622, uncertainty: 1.9945, uncertainty_coeffi: 0.0010, loss: 0.2051, lr: 3.27e-04
     Epoch[18] Iteration[150/384], entropy: 0.3784, uncertainty: 1.9733, uncertainty_coeffi: 0.0010, loss: 0.1744, lr: 4.17e-04
     Epoch[18] Iteration[160/384], entropy: 0.3125, uncertainty: 2.0479, uncertainty_coeffi: 0.0010, loss: 0.1370, lr: 5.46e-06
     Epoch[18] Iteration[170/384], entropy: 0.4889, uncertainty: 1.9670, uncertainty_coeffi: 0.0010, loss: 0.2074, lr: 3.27e-04
     Epoch[18] Iteration[180/384], entropy: 0.1720, uncertainty: 1.6895, uncertainty_coeffi: 0.0010, loss: 0.0851, lr: 4.17e-04
     Epoch[18] Iteration[190/384], entropy: 0.3179, uncertainty: 1.9406, uncertainty_coeffi: 0.0010, loss: 0.1442, lr: 5.46e-06
     Epoch[18] Iteration[200/384], entropy: 0.1844, uncertainty: 1.7604, uncertainty_coeffi: 0.0010, loss: 0.0809, lr: 3.27e-04
     Epoch[18] Iteration[210/384], entropy: 0.5025, uncertainty: 1.9046, uncertainty_coeffi: 0.0010, loss: 0.2175, lr: 4.17e-04
     Epoch[18] Iteration[220/384], entropy: 0.2748, uncertainty: 1.7612, uncertainty_coeffi: 0.0010, loss: 0.1314, lr: 5.46e-06
     Epoch[18] Iteration[230/384], entropy: 0.1444, uncertainty: 1.6905, uncertainty_coeffi: 0.0010, loss: 0.0660, lr: 3.27e-04
     Epoch[18] Iteration[240/384], entropy: 0.2741, uncertainty: 1.8617, uncertainty_coeffi: 0.0010, loss: 0.1207, lr: 4.17e-04
     Epoch[18] Iteration[250/384], entropy: 0.5171, uncertainty: 1.8135, uncertainty_coeffi: 0.0010, loss: 0.2262, lr: 5.46e-06
     Epoch[18] Iteration[260/384], entropy: 0.2590, uncertainty: 1.9790, uncertainty_coeffi: 0.0010, loss: 0.1207, lr: 3.27e-04
     Epoch[18] Iteration[270/384], entropy: 0.3027, uncertainty: 1.9832, uncertainty_coeffi: 0.0010, loss: 0.1424, lr: 4.17e-04
     Epoch[18] Iteration[280/384], entropy: 0.3168, uncertainty: 1.9217, uncertainty_coeffi: 0.0010, loss: 0.1420, lr: 5.46e-06
     Epoch[18] Iteration[290/384], entropy: 0.1843, uncertainty: 1.8038, uncertainty_coeffi: 0.0010, loss: 0.0902, lr: 3.27e-04
     Epoch[18] Iteration[300/384], entropy: 0.1899, uncertainty: 1.7230, uncertainty_coeffi: 0.0010, loss: 0.0818, lr: 4.17e-04
     Epoch[18] Iteration[310/384], entropy: 0.2309, uncertainty: 1.7389, uncertainty_coeffi: 0.0010, loss: 0.0997, lr: 5.46e-06
     Epoch[18] Iteration[320/384], entropy: 0.2900, uncertainty: 1.8067, uncertainty_coeffi: 0.0010, loss: 0.1278, lr: 3.27e-04
     Epoch[18] Iteration[330/384], entropy: 0.2700, uncertainty: 1.7787, uncertainty_coeffi: 0.0010, loss: 0.1233, lr: 4.17e-04
     Epoch[18] Iteration[340/384], entropy: 0.3124, uncertainty: 1.8894, uncertainty_coeffi: 0.0010, loss: 0.1373, lr: 5.46e-06
     Epoch[18] Iteration[350/384], entropy: 0.3745, uncertainty: 2.0713, uncertainty_coeffi: 0.0010, loss: 0.1631, lr: 3.27e-04
     Epoch[18] Iteration[360/384], entropy: 0.1970, uncertainty: 1.7662, uncertainty_coeffi: 0.0010, loss: 0.0959, lr: 4.17e-04
     Epoch[18] Iteration[370/384], entropy: 0.4184, uncertainty: 2.0172, uncertainty_coeffi: 0.0010, loss: 0.1821, lr: 5.46e-06
     Epoch[18] Iteration[380/384], entropy: 0.2869, uncertainty: 1.8618, uncertainty_coeffi: 0.0010, loss: 0.1277, lr: 3.27e-04
     Averaged stats: entropy_avg: 0.3115, uncertainty_avg: 1.8695, uncertainty_coeffi_avg: 0.0010, loss_avg: 0.1402, lr_avg: 2.46e-04
     itm tta time 0:01:10
     Epoch[19] Iteration[10/384], entropy: 0.4576, uncertainty: 1.9323, uncertainty_coeffi: 0.0010, loss: 0.2023, lr: 2.24e-04
     Epoch[19] Iteration[20/384], entropy: 0.3500, uncertainty: 1.9156, uncertainty_coeffi: 0.0010, loss: 0.1570, lr: 4.77e-05
     Epoch[19] Iteration[30/384], entropy: 0.3295, uncertainty: 1.8259, uncertainty_coeffi: 0.0010, loss: 0.1427, lr: 4.78e-04
     Epoch[19] Iteration[40/384], entropy: 0.3757, uncertainty: 1.9339, uncertainty_coeffi: 0.0010, loss: 0.1685, lr: 2.24e-04
     Epoch[19] Iteration[50/384], entropy: 0.2765, uncertainty: 1.7832, uncertainty_coeffi: 0.0010, loss: 0.1264, lr: 4.77e-05
     Epoch[19] Iteration[60/384], entropy: 0.3892, uncertainty: 1.8527, uncertainty_coeffi: 0.0010, loss: 0.1648, lr: 4.78e-04
     Epoch[19] Iteration[70/384], entropy: 0.1392, uncertainty: 1.7401, uncertainty_coeffi: 0.0010, loss: 0.0670, lr: 2.24e-04
     Epoch[19] Iteration[80/384], entropy: 0.3060, uncertainty: 1.7970, uncertainty_coeffi: 0.0010, loss: 0.1352, lr: 4.77e-05
     Epoch[19] Iteration[90/384], entropy: 0.4839, uncertainty: 1.9794, uncertainty_coeffi: 0.0010, loss: 0.2167, lr: 4.78e-04
     Epoch[19] Iteration[100/384], entropy: 0.3029, uncertainty: 1.8969, uncertainty_coeffi: 0.0010, loss: 0.1363, lr: 2.24e-04
     Epoch[19] Iteration[110/384], entropy: 0.2508, uncertainty: 1.9182, uncertainty_coeffi: 0.0010, loss: 0.1168, lr: 4.77e-05
     Epoch[19] Iteration[120/384], entropy: 0.1867, uncertainty: 1.8894, uncertainty_coeffi: 0.0010, loss: 0.0907, lr: 4.78e-04
     Epoch[19] Iteration[130/384], entropy: 0.2750, uncertainty: 1.8266, uncertainty_coeffi: 0.0010, loss: 0.1211, lr: 2.24e-04
     Epoch[19] Iteration[140/384], entropy: 0.1524, uncertainty: 1.7797, uncertainty_coeffi: 0.0010, loss: 0.0719, lr: 4.77e-05
     Epoch[19] Iteration[150/384], entropy: 0.4388, uncertainty: 1.8784, uncertainty_coeffi: 0.0010, loss: 0.2004, lr: 4.78e-04
     Epoch[19] Iteration[160/384], entropy: 0.2407, uncertainty: 1.6840, uncertainty_coeffi: 0.0010, loss: 0.1162, lr: 2.24e-04
     Epoch[19] Iteration[170/384], entropy: 0.1784, uncertainty: 1.8598, uncertainty_coeffi: 0.0010, loss: 0.0900, lr: 4.77e-05
     Epoch[19] Iteration[180/384], entropy: 0.5267, uncertainty: 2.0749, uncertainty_coeffi: 0.0010, loss: 0.2232, lr: 4.78e-04
     Epoch[19] Iteration[190/384], entropy: 0.3603, uncertainty: 1.8048, uncertainty_coeffi: 0.0010, loss: 0.1578, lr: 2.24e-04
     Epoch[19] Iteration[200/384], entropy: 0.3309, uncertainty: 1.8736, uncertainty_coeffi: 0.0010, loss: 0.1558, lr: 4.77e-05
     Epoch[19] Iteration[210/384], entropy: 0.2945, uncertainty: 1.9571, uncertainty_coeffi: 0.0010, loss: 0.1364, lr: 4.78e-04
     Epoch[19] Iteration[220/384], entropy: 0.2747, uncertainty: 1.7905, uncertainty_coeffi: 0.0010, loss: 0.1255, lr: 2.24e-04
     Epoch[19] Iteration[230/384], entropy: 0.3382, uncertainty: 2.0282, uncertainty_coeffi: 0.0010, loss: 0.1507, lr: 4.77e-05
     Epoch[19] Iteration[240/384], entropy: 0.3476, uncertainty: 1.9751, uncertainty_coeffi: 0.0010, loss: 0.1516, lr: 4.78e-04
     Epoch[19] Iteration[250/384], entropy: 0.2452, uncertainty: 1.7611, uncertainty_coeffi: 0.0010, loss: 0.1122, lr: 2.24e-04
     Epoch[19] Iteration[260/384], entropy: 0.3998, uncertainty: 1.9769, uncertainty_coeffi: 0.0010, loss: 0.1765, lr: 4.77e-05
     Epoch[19] Iteration[270/384], entropy: 0.4583, uncertainty: 1.9248, uncertainty_coeffi: 0.0010, loss: 0.2023, lr: 4.78e-04
     Epoch[19] Iteration[280/384], entropy: 0.4108, uncertainty: 2.0158, uncertainty_coeffi: 0.0010, loss: 0.1852, lr: 2.24e-04
     Epoch[19] Iteration[290/384], entropy: 0.3523, uncertainty: 1.9077, uncertainty_coeffi: 0.0010, loss: 0.1529, lr: 4.77e-05
     Epoch[19] Iteration[300/384], entropy: 0.2757, uncertainty: 1.9145, uncertainty_coeffi: 0.0010, loss: 0.1261, lr: 4.78e-04
     Epoch[19] Iteration[310/384], entropy: 0.2823, uncertainty: 1.9513, uncertainty_coeffi: 0.0010, loss: 0.1267, lr: 2.24e-04
     Epoch[19] Iteration[320/384], entropy: 0.3343, uncertainty: 1.8742, uncertainty_coeffi: 0.0010, loss: 0.1487, lr: 4.77e-05
     Epoch[19] Iteration[330/384], entropy: 0.1001, uncertainty: 1.7307, uncertainty_coeffi: 0.0010, loss: 0.0519, lr: 4.78e-04
     Epoch[19] Iteration[340/384], entropy: 0.2154, uncertainty: 1.6836, uncertainty_coeffi: 0.0010, loss: 0.1056, lr: 2.24e-04
     Epoch[19] Iteration[350/384], entropy: 0.3284, uncertainty: 1.9559, uncertainty_coeffi: 0.0010, loss: 0.1567, lr: 4.77e-05
     Epoch[19] Iteration[360/384], entropy: 0.1782, uncertainty: 1.7230, uncertainty_coeffi: 0.0010, loss: 0.0863, lr: 4.78e-04
     Epoch[19] Iteration[370/384], entropy: 0.2876, uncertainty: 1.8725, uncertainty_coeffi: 0.0010, loss: 0.1352, lr: 2.24e-04
     Epoch[19] Iteration[380/384], entropy: 0.2471, uncertainty: 2.0375, uncertainty_coeffi: 0.0010, loss: 0.1149, lr: 4.77e-05
     Averaged stats: entropy_avg: 0.3085, uncertainty_avg: 1.8770, uncertainty_coeffi_avg: 0.0010, loss_avg: 0.1396, lr_avg: 2.44e-04
     itm tta time 0:01:10
### TTA Eval Score: 
+-------+--------+--------+--------+--------+--------+
| epoch |   R1   |   R5   |  R10   |  mAP   |  mINP  |
+-------+--------+--------+--------+--------+--------+
|  -999 | 70.598 | 86.891 | 91.780 | 63.391 | 47.063 |
|   0   | 70.484 | 86.826 | 91.650 | 63.373 | 47.166 |
|   1   | 70.712 | 86.810 | 91.715 | 63.420 | 47.160 |
|   2   | 70.484 | 86.712 | 91.732 | 63.366 | 47.143 |
|   4   | 70.387 | 86.745 | 91.683 | 63.330 | 47.032 |
|   9   | 70.435 | 86.615 | 91.667 | 63.320 | 47.037 |
|   14  | 70.305 | 86.566 | 91.585 | 63.238 | 46.901 |
|   19  | 70.419 | 86.647 | 91.667 | 63.277 | 46.924 |
+-------+--------+--------+--------+--------+--------+
     logs:  {'epo': 19, 'R1': 70.419, 'R5': 86.647, 'R10': 91.667, 'mAP': 63.277, 'mINP': 46.924, 'entropy': 0.3084576578908845, 'uncertainty': 1.8770207699976469, 'uncertainty_coeffi': 0.0010000000474974513, 'loss': 0.13962777311864652, 'lr': 0.00024398983251550132}
### best epoch 1 : {'epo': '1', 'R1': '70.712', 'R5': '86.81', 'R10': '91.715', 'mAP': '63.42', 'mINP': '47.16', 'entropy': '0.3325450710560146', 'uncertainty': '1.851513423417744', 'uncertainty_coeffi': '0.0010000000474974513', 'loss': '0.15109040352858996', 'lr': '0.0002557474943254345'}
### Time 0:24:41
