/home/jiahao/miniconda3/envs/irra/lib/python3.9/site-packages/torch/nn/functional.py:3609: UserWarning: Default upsampling behavior when mode=bilinear is changed to align_corners=False since 0.4.0. Please specify align_corners=True if the old behavior is desired. See the documentation of nn.Upsample for details.
  warnings.warn(
Not using distributed mode
### Hyper-parameters:
     output_dir: output_rerun2/ham_cuhk_tta/exp4/exp4.2.4/2025091403162
     seed: 42
     device: cuda
     batch_size_tta: 16
     epochs: 20
     lr: 0.001
### Creating test dataset
     test_txt_set: 6156    test_img_set: 3074
     test_txt_loader: 13    test_img_loader: 7
### Creating model
Training Model with ['sdm', 'id', 'mlm'] tasks
Resized position embedding from size:torch.Size([1, 197, 768]) to size: torch.Size([1, 193, 768]) with height:24 width: 8
     Total Params Sum:  194535419
### Zero-Shot Score: 
+-------+--------+--------+--------+--------+--------+
| epoch |   R1   |   R5   |  R10   |  mAP   |  mINP  |
+-------+--------+--------+--------+--------+--------+
|  -999 | 70.598 | 86.891 | 91.780 | 63.391 | 47.063 |
+-------+--------+--------+--------+--------+--------+
### TTA:
### Compute Cos Similarity Uncertainty
     preprocess_tta_coefficients  start
     sample selection ...
     number of sample after sample_selection: 6156
     uncertainty ...
     pos/neg sampling ...
      number of sample after pos/neg sampling: torch.Size([6156, 8])
     preprocess_tta_coefficients  end
### Creating TTA dataset
     tta_dataset: 6156
### Creating tta dataloader
### be careful: func create_loader returns a list length of 1
     tta_loader: 384
### Configure adapted weights
     TTA Dropout Modules: 
 []
     TTA Require Gradient Params: 
 [('base_model.transformer.resblocks.1.ln_1.weight', torch.Size([512])), ('base_model.transformer.resblocks.1.ln_1.bias', torch.Size([512])), ('base_model.transformer.resblocks.1.ln_2.weight', torch.Size([512])), ('base_model.transformer.resblocks.1.ln_2.bias', torch.Size([512])), ('base_model.transformer.resblocks.2.ln_1.weight', torch.Size([512])), ('base_model.transformer.resblocks.2.ln_1.bias', torch.Size([512])), ('base_model.transformer.resblocks.2.ln_2.weight', torch.Size([512])), ('base_model.transformer.resblocks.2.ln_2.bias', torch.Size([512])), ('base_model.transformer.resblocks.3.ln_1.weight', torch.Size([512])), ('base_model.transformer.resblocks.3.ln_1.bias', torch.Size([512])), ('base_model.transformer.resblocks.3.ln_2.weight', torch.Size([512])), ('base_model.transformer.resblocks.3.ln_2.bias', torch.Size([512])), ('base_model.transformer.resblocks.4.ln_1.weight', torch.Size([512])), ('base_model.transformer.resblocks.4.ln_1.bias', torch.Size([512])), ('base_model.transformer.resblocks.4.ln_2.weight', torch.Size([512])), ('base_model.transformer.resblocks.4.ln_2.bias', torch.Size([512])), ('base_model.transformer.resblocks.5.ln_1.weight', torch.Size([512])), ('base_model.transformer.resblocks.5.ln_1.bias', torch.Size([512])), ('base_model.transformer.resblocks.5.ln_2.weight', torch.Size([512])), ('base_model.transformer.resblocks.5.ln_2.bias', torch.Size([512])), ('base_model.transformer.resblocks.7.ln_1.weight', torch.Size([512])), ('base_model.transformer.resblocks.7.ln_1.bias', torch.Size([512])), ('base_model.transformer.resblocks.7.ln_2.weight', torch.Size([512])), ('base_model.transformer.resblocks.7.ln_2.bias', torch.Size([512])), ('base_model.transformer.resblocks.8.ln_1.weight', torch.Size([512])), ('base_model.transformer.resblocks.8.ln_1.bias', torch.Size([512])), ('base_model.transformer.resblocks.8.ln_2.weight', torch.Size([512])), ('base_model.transformer.resblocks.8.ln_2.bias', torch.Size([512])), ('base_model.transformer.resblocks.9.ln_1.weight', torch.Size([512])), ('base_model.transformer.resblocks.9.ln_1.bias', torch.Size([512])), ('base_model.transformer.resblocks.9.ln_2.weight', torch.Size([512])), ('base_model.transformer.resblocks.9.ln_2.bias', torch.Size([512])), ('base_model.transformer.resblocks.10.ln_1.weight', torch.Size([512])), ('base_model.transformer.resblocks.10.ln_1.bias', torch.Size([512])), ('base_model.transformer.resblocks.10.ln_2.weight', torch.Size([512])), ('base_model.transformer.resblocks.10.ln_2.bias', torch.Size([512])), ('base_model.transformer.resblocks.11.ln_1.weight', torch.Size([512])), ('base_model.transformer.resblocks.11.ln_1.bias', torch.Size([512])), ('base_model.transformer.resblocks.11.ln_2.weight', torch.Size([512])), ('base_model.transformer.resblocks.11.ln_2.bias', torch.Size([512])), ('base_model.ln_final.weight', torch.Size([512])), ('base_model.ln_final.bias', torch.Size([512]))]
     TTA Dropout Modules Number: 
 0
     TTA Require Gradient Params Sum: 
 21504
Using 5.0 times learning rate for random init module 
### Start Test Time Adaptation : num_epoch = 20
     Epoch[0] Iteration[10/384], entropy: 0.4196, uncertainty: 1.8248, uncertainty_coeffi: 0.0001, loss: 0.1793, lr: 7.50e-04
     Epoch[0] Iteration[20/384], entropy: 0.3465, uncertainty: 1.7938, uncertainty_coeffi: 0.0001, loss: 0.1541, lr: 0.00e+00
     Epoch[0] Iteration[30/384], entropy: 0.3774, uncertainty: 1.7215, uncertainty_coeffi: 0.0001, loss: 0.1627, lr: 7.50e-04
     Epoch[0] Iteration[40/384], entropy: 0.3104, uncertainty: 1.9612, uncertainty_coeffi: 0.0001, loss: 0.1349, lr: 7.50e-04
     Epoch[0] Iteration[50/384], entropy: 0.5104, uncertainty: 2.0028, uncertainty_coeffi: 0.0001, loss: 0.2212, lr: 0.00e+00
     Epoch[0] Iteration[60/384], entropy: 0.2464, uncertainty: 1.8544, uncertainty_coeffi: 0.0001, loss: 0.1142, lr: 7.50e-04
     Epoch[0] Iteration[70/384], entropy: 0.3296, uncertainty: 1.8250, uncertainty_coeffi: 0.0001, loss: 0.1471, lr: 7.50e-04
     Epoch[0] Iteration[80/384], entropy: 0.6264, uncertainty: 2.0644, uncertainty_coeffi: 0.0001, loss: 0.2791, lr: 0.00e+00
     Epoch[0] Iteration[90/384], entropy: 0.4430, uncertainty: 1.9989, uncertainty_coeffi: 0.0001, loss: 0.1948, lr: 7.50e-04
     Epoch[0] Iteration[100/384], entropy: 0.4561, uncertainty: 1.9608, uncertainty_coeffi: 0.0001, loss: 0.2071, lr: 7.50e-04
     Epoch[0] Iteration[110/384], entropy: 0.2552, uncertainty: 1.8213, uncertainty_coeffi: 0.0001, loss: 0.1140, lr: 0.00e+00
     Epoch[0] Iteration[120/384], entropy: 0.3098, uncertainty: 1.8255, uncertainty_coeffi: 0.0001, loss: 0.1353, lr: 7.50e-04
     Epoch[0] Iteration[130/384], entropy: 0.5445, uncertainty: 2.0714, uncertainty_coeffi: 0.0001, loss: 0.2333, lr: 7.50e-04
     Epoch[0] Iteration[140/384], entropy: 0.3169, uncertainty: 1.8545, uncertainty_coeffi: 0.0001, loss: 0.1457, lr: 0.00e+00
     Epoch[0] Iteration[150/384], entropy: 0.3685, uncertainty: 1.8993, uncertainty_coeffi: 0.0001, loss: 0.1706, lr: 7.50e-04
     Epoch[0] Iteration[160/384], entropy: 0.3578, uncertainty: 1.9068, uncertainty_coeffi: 0.0001, loss: 0.1570, lr: 7.50e-04
     Epoch[0] Iteration[170/384], entropy: 0.3853, uncertainty: 1.8991, uncertainty_coeffi: 0.0001, loss: 0.1634, lr: 0.00e+00
     Epoch[0] Iteration[180/384], entropy: 0.4397, uncertainty: 1.8510, uncertainty_coeffi: 0.0001, loss: 0.1894, lr: 7.50e-04
     Epoch[0] Iteration[190/384], entropy: 0.5020, uncertainty: 1.9222, uncertainty_coeffi: 0.0001, loss: 0.2203, lr: 7.50e-04
     Epoch[0] Iteration[200/384], entropy: 0.3830, uncertainty: 1.9263, uncertainty_coeffi: 0.0001, loss: 0.1670, lr: 0.00e+00
     Epoch[0] Iteration[210/384], entropy: 0.2658, uncertainty: 1.8945, uncertainty_coeffi: 0.0001, loss: 0.1154, lr: 7.50e-04
     Epoch[0] Iteration[220/384], entropy: 0.2142, uncertainty: 1.8766, uncertainty_coeffi: 0.0001, loss: 0.0970, lr: 7.50e-04
     Epoch[0] Iteration[230/384], entropy: 0.2781, uncertainty: 1.8685, uncertainty_coeffi: 0.0001, loss: 0.1249, lr: 0.00e+00
     Epoch[0] Iteration[240/384], entropy: 0.2322, uncertainty: 1.8864, uncertainty_coeffi: 0.0001, loss: 0.1134, lr: 7.50e-04
     Epoch[0] Iteration[250/384], entropy: 0.4047, uncertainty: 1.8709, uncertainty_coeffi: 0.0001, loss: 0.1749, lr: 7.50e-04
     Epoch[0] Iteration[260/384], entropy: 0.3354, uncertainty: 1.8860, uncertainty_coeffi: 0.0001, loss: 0.1598, lr: 0.00e+00
     Epoch[0] Iteration[270/384], entropy: 0.2843, uncertainty: 1.9064, uncertainty_coeffi: 0.0001, loss: 0.1279, lr: 7.50e-04
     Epoch[0] Iteration[280/384], entropy: 0.4581, uncertainty: 1.8538, uncertainty_coeffi: 0.0001, loss: 0.2028, lr: 7.50e-04
     Epoch[0] Iteration[290/384], entropy: 0.6749, uncertainty: 2.0445, uncertainty_coeffi: 0.0001, loss: 0.2875, lr: 0.00e+00
     Epoch[0] Iteration[300/384], entropy: 0.0746, uncertainty: 1.5890, uncertainty_coeffi: 0.0001, loss: 0.0395, lr: 7.50e-04
     Epoch[0] Iteration[310/384], entropy: 0.4770, uncertainty: 1.8906, uncertainty_coeffi: 0.0001, loss: 0.2224, lr: 7.50e-04
     Epoch[0] Iteration[320/384], entropy: 0.3427, uncertainty: 2.0472, uncertainty_coeffi: 0.0001, loss: 0.1664, lr: 0.00e+00
     Epoch[0] Iteration[330/384], entropy: 0.3376, uncertainty: 1.8561, uncertainty_coeffi: 0.0001, loss: 0.1598, lr: 7.50e-04
     Epoch[0] Iteration[340/384], entropy: 0.3355, uncertainty: 1.8553, uncertainty_coeffi: 0.0001, loss: 0.1551, lr: 7.50e-04
     Epoch[0] Iteration[350/384], entropy: 0.3351, uncertainty: 1.8499, uncertainty_coeffi: 0.0001, loss: 0.1594, lr: 0.00e+00
     Epoch[0] Iteration[360/384], entropy: 0.3277, uncertainty: 1.7575, uncertainty_coeffi: 0.0001, loss: 0.1556, lr: 7.50e-04
     Epoch[0] Iteration[370/384], entropy: 0.5162, uncertainty: 2.0290, uncertainty_coeffi: 0.0001, loss: 0.2279, lr: 7.50e-04
     Epoch[0] Iteration[380/384], entropy: 0.7348, uncertainty: 2.1105, uncertainty_coeffi: 0.0001, loss: 0.3123, lr: 0.00e+00
     Averaged stats: entropy_avg: 0.3831, uncertainty_avg: 1.8963, uncertainty_coeffi_avg: 0.0001, loss_avg: 0.1708, lr_avg: 4.93e-04
     itm tta time 0:01:09
### TTA Eval Score: 
+-------+--------+--------+--------+--------+--------+
| epoch |   R1   |   R5   |  R10   |  mAP   |  mINP  |
+-------+--------+--------+--------+--------+--------+
|  -999 | 70.598 | 86.891 | 91.780 | 63.391 | 47.063 |
|   0   | 70.370 | 86.777 | 91.650 | 63.305 | 47.081 |
+-------+--------+--------+--------+--------+--------+
     logs:  {'epo': 0, 'R1': 70.37, 'R5': 86.777, 'R10': 91.65, 'mAP': 63.305, 'mINP': 47.081, 'entropy': 0.38308594885625336, 'uncertainty': 1.8962567040794773, 'uncertainty_coeffi': 9.999999747378752e-05, 'loss': 0.17084906309058792, 'lr': 0.0004934210526315793}
     Epoch[1] Iteration[10/384], entropy: 0.2665, uncertainty: 1.7824, uncertainty_coeffi: 0.0001, loss: 0.1159, lr: 9.89e-04
     Epoch[1] Iteration[20/384], entropy: 0.2809, uncertainty: 1.7708, uncertainty_coeffi: 0.0001, loss: 0.1242, lr: 3.45e-04
     Epoch[1] Iteration[30/384], entropy: 0.3442, uncertainty: 1.7444, uncertainty_coeffi: 0.0001, loss: 0.1557, lr: 1.65e-04
     Epoch[1] Iteration[40/384], entropy: 0.3084, uncertainty: 1.9021, uncertainty_coeffi: 0.0001, loss: 0.1413, lr: 9.89e-04
     Epoch[1] Iteration[50/384], entropy: 0.3725, uncertainty: 1.8982, uncertainty_coeffi: 0.0001, loss: 0.1663, lr: 3.45e-04
     Epoch[1] Iteration[60/384], entropy: 0.2155, uncertainty: 1.7679, uncertainty_coeffi: 0.0001, loss: 0.0973, lr: 1.65e-04
     Epoch[1] Iteration[70/384], entropy: 0.1355, uncertainty: 1.7622, uncertainty_coeffi: 0.0001, loss: 0.0645, lr: 9.89e-04
     Epoch[1] Iteration[80/384], entropy: 0.4345, uncertainty: 1.8444, uncertainty_coeffi: 0.0001, loss: 0.1940, lr: 3.45e-04
     Epoch[1] Iteration[90/384], entropy: 0.1506, uncertainty: 1.6670, uncertainty_coeffi: 0.0001, loss: 0.0723, lr: 1.65e-04
     Epoch[1] Iteration[100/384], entropy: 0.4182, uncertainty: 1.9574, uncertainty_coeffi: 0.0001, loss: 0.1811, lr: 9.89e-04
     Epoch[1] Iteration[110/384], entropy: 0.4299, uncertainty: 1.8455, uncertainty_coeffi: 0.0001, loss: 0.1922, lr: 3.45e-04
     Epoch[1] Iteration[120/384], entropy: 0.2546, uncertainty: 1.7995, uncertainty_coeffi: 0.0001, loss: 0.1212, lr: 1.65e-04
     Epoch[1] Iteration[130/384], entropy: 0.4076, uncertainty: 1.9582, uncertainty_coeffi: 0.0001, loss: 0.1775, lr: 9.89e-04
     Epoch[1] Iteration[140/384], entropy: 0.3693, uncertainty: 1.8959, uncertainty_coeffi: 0.0001, loss: 0.1641, lr: 3.45e-04
     Epoch[1] Iteration[150/384], entropy: 0.1658, uncertainty: 1.7643, uncertainty_coeffi: 0.0001, loss: 0.0835, lr: 1.65e-04
     Epoch[1] Iteration[160/384], entropy: 0.4635, uncertainty: 1.9351, uncertainty_coeffi: 0.0001, loss: 0.2134, lr: 9.57e-04
     Epoch[1] Iteration[170/384], entropy: 0.2953, uncertainty: 1.8763, uncertainty_coeffi: 0.0001, loss: 0.1318, lr: 4.48e-04
     Epoch[1] Iteration[180/384], entropy: 0.2089, uncertainty: 1.8246, uncertainty_coeffi: 0.0001, loss: 0.0954, lr: 9.55e-05
     Epoch[1] Iteration[190/384], entropy: 0.3268, uncertainty: 1.9875, uncertainty_coeffi: 0.0001, loss: 0.1447, lr: 9.57e-04
     Epoch[1] Iteration[200/384], entropy: 0.2171, uncertainty: 1.7946, uncertainty_coeffi: 0.0001, loss: 0.1031, lr: 4.48e-04
     Epoch[1] Iteration[210/384], entropy: 0.3453, uncertainty: 1.7578, uncertainty_coeffi: 0.0001, loss: 0.1631, lr: 9.55e-05
     Epoch[1] Iteration[220/384], entropy: 0.3649, uncertainty: 1.9525, uncertainty_coeffi: 0.0001, loss: 0.1748, lr: 9.57e-04
     Epoch[1] Iteration[230/384], entropy: 0.4448, uncertainty: 1.8696, uncertainty_coeffi: 0.0001, loss: 0.1917, lr: 4.48e-04
     Epoch[1] Iteration[240/384], entropy: 0.3793, uncertainty: 1.8053, uncertainty_coeffi: 0.0001, loss: 0.1668, lr: 9.55e-05
     Epoch[1] Iteration[250/384], entropy: 0.2972, uncertainty: 1.7265, uncertainty_coeffi: 0.0001, loss: 0.1321, lr: 9.57e-04
     Epoch[1] Iteration[260/384], entropy: 0.4611, uncertainty: 1.8643, uncertainty_coeffi: 0.0001, loss: 0.2054, lr: 4.48e-04
     Epoch[1] Iteration[270/384], entropy: 0.2509, uncertainty: 1.8123, uncertainty_coeffi: 0.0001, loss: 0.1080, lr: 9.55e-05
     Epoch[1] Iteration[280/384], entropy: 0.2511, uncertainty: 1.8476, uncertainty_coeffi: 0.0001, loss: 0.1147, lr: 9.57e-04
     Epoch[1] Iteration[290/384], entropy: 0.2492, uncertainty: 1.7794, uncertainty_coeffi: 0.0001, loss: 0.1142, lr: 4.48e-04
     Epoch[1] Iteration[300/384], entropy: 0.3238, uncertainty: 1.9135, uncertainty_coeffi: 0.0001, loss: 0.1375, lr: 9.55e-05
     Epoch[1] Iteration[310/384], entropy: 0.3549, uncertainty: 2.0714, uncertainty_coeffi: 0.0001, loss: 0.1559, lr: 9.57e-04
     Epoch[1] Iteration[320/384], entropy: 0.3519, uncertainty: 1.9512, uncertainty_coeffi: 0.0001, loss: 0.1518, lr: 4.48e-04
     Epoch[1] Iteration[330/384], entropy: 0.4350, uncertainty: 1.9829, uncertainty_coeffi: 0.0001, loss: 0.1915, lr: 9.55e-05
     Epoch[1] Iteration[340/384], entropy: 0.3315, uncertainty: 1.7397, uncertainty_coeffi: 0.0001, loss: 0.1532, lr: 9.57e-04
     Epoch[1] Iteration[350/384], entropy: 0.3296, uncertainty: 1.8612, uncertainty_coeffi: 0.0001, loss: 0.1475, lr: 4.48e-04
     Epoch[1] Iteration[360/384], entropy: 0.2670, uncertainty: 1.8515, uncertainty_coeffi: 0.0001, loss: 0.1228, lr: 9.55e-05
     Epoch[1] Iteration[370/384], entropy: 0.4829, uncertainty: 1.9679, uncertainty_coeffi: 0.0001, loss: 0.2038, lr: 9.57e-04
     Epoch[1] Iteration[380/384], entropy: 0.4176, uncertainty: 1.8247, uncertainty_coeffi: 0.0001, loss: 0.1982, lr: 4.48e-04
     Averaged stats: entropy_avg: 0.3264, uncertainty_avg: 1.8515, uncertainty_coeffi_avg: 0.0001, loss_avg: 0.1466, lr_avg: 5.11e-04
     itm tta time 0:01:10
### TTA Eval Score: 
+-------+--------+--------+--------+--------+--------+
| epoch |   R1   |   R5   |  R10   |  mAP   |  mINP  |
+-------+--------+--------+--------+--------+--------+
|  -999 | 70.598 | 86.891 | 91.780 | 63.391 | 47.063 |
|   0   | 70.370 | 86.777 | 91.650 | 63.305 | 47.081 |
|   1   | 70.517 | 86.615 | 91.699 | 63.334 | 47.035 |
+-------+--------+--------+--------+--------+--------+
     logs:  {'epo': 1, 'R1': 70.517, 'R5': 86.615, 'R10': 91.699, 'mAP': 63.334, 'mINP': 47.035, 'entropy': 0.3264126224737418, 'uncertainty': 1.851513423417744, 'uncertainty_coeffi': 9.999999747378752e-05, 'loss': 0.14664920439061366, 'lr': 0.000510644960452303}
     Epoch[2] Iteration[10/384], entropy: 0.4133, uncertainty: 1.9232, uncertainty_coeffi: 0.0001, loss: 0.1798, lr: 4.48e-04
     Epoch[2] Iteration[20/384], entropy: 0.4912, uncertainty: 1.9955, uncertainty_coeffi: 0.0001, loss: 0.2162, lr: 9.57e-04
     Epoch[2] Iteration[30/384], entropy: 0.6071, uncertainty: 1.9762, uncertainty_coeffi: 0.0001, loss: 0.2575, lr: 9.55e-05
     Epoch[2] Iteration[40/384], entropy: 0.1946, uncertainty: 1.7989, uncertainty_coeffi: 0.0001, loss: 0.0936, lr: 4.48e-04
     Epoch[2] Iteration[50/384], entropy: 0.1456, uncertainty: 1.8181, uncertainty_coeffi: 0.0001, loss: 0.0692, lr: 9.57e-04
     Epoch[2] Iteration[60/384], entropy: 0.1744, uncertainty: 1.8508, uncertainty_coeffi: 0.0001, loss: 0.0831, lr: 9.55e-05
     Epoch[2] Iteration[70/384], entropy: 0.3645, uncertainty: 1.9924, uncertainty_coeffi: 0.0001, loss: 0.1512, lr: 4.48e-04
     Epoch[2] Iteration[80/384], entropy: 0.2905, uncertainty: 1.7519, uncertainty_coeffi: 0.0001, loss: 0.1313, lr: 9.57e-04
     Epoch[2] Iteration[90/384], entropy: 0.3850, uncertainty: 1.9021, uncertainty_coeffi: 0.0001, loss: 0.1701, lr: 9.55e-05
     Epoch[2] Iteration[100/384], entropy: 0.6000, uncertainty: 1.9958, uncertainty_coeffi: 0.0001, loss: 0.2551, lr: 4.48e-04
     Epoch[2] Iteration[110/384], entropy: 0.2623, uncertainty: 2.0079, uncertainty_coeffi: 0.0001, loss: 0.1176, lr: 9.57e-04
     Epoch[2] Iteration[120/384], entropy: 0.4746, uncertainty: 2.0047, uncertainty_coeffi: 0.0001, loss: 0.2006, lr: 9.55e-05
     Epoch[2] Iteration[130/384], entropy: 0.2051, uncertainty: 1.8389, uncertainty_coeffi: 0.0001, loss: 0.0970, lr: 4.48e-04
     Epoch[2] Iteration[140/384], entropy: 0.2820, uncertainty: 1.8691, uncertainty_coeffi: 0.0001, loss: 0.1365, lr: 9.57e-04
     Epoch[2] Iteration[150/384], entropy: 0.3795, uncertainty: 1.8868, uncertainty_coeffi: 0.0001, loss: 0.1669, lr: 9.55e-05
     Epoch[2] Iteration[160/384], entropy: 0.6486, uncertainty: 2.1130, uncertainty_coeffi: 0.0001, loss: 0.2686, lr: 4.48e-04
     Epoch[2] Iteration[170/384], entropy: 0.3857, uncertainty: 1.9328, uncertainty_coeffi: 0.0001, loss: 0.1646, lr: 9.57e-04
     Epoch[2] Iteration[180/384], entropy: 0.5272, uncertainty: 2.0397, uncertainty_coeffi: 0.0001, loss: 0.2228, lr: 9.55e-05
     Epoch[2] Iteration[190/384], entropy: 0.1885, uncertainty: 1.7838, uncertainty_coeffi: 0.0001, loss: 0.0844, lr: 4.48e-04
     Epoch[2] Iteration[200/384], entropy: 0.5418, uncertainty: 1.9028, uncertainty_coeffi: 0.0001, loss: 0.2383, lr: 9.57e-04
     Epoch[2] Iteration[210/384], entropy: 0.3913, uncertainty: 1.7564, uncertainty_coeffi: 0.0001, loss: 0.1731, lr: 9.55e-05
     Epoch[2] Iteration[220/384], entropy: 0.2587, uncertainty: 1.8067, uncertainty_coeffi: 0.0001, loss: 0.1198, lr: 4.48e-04
     Epoch[2] Iteration[230/384], entropy: 0.4453, uncertainty: 2.1028, uncertainty_coeffi: 0.0001, loss: 0.1950, lr: 9.57e-04
     Epoch[2] Iteration[240/384], entropy: 0.2284, uncertainty: 1.8256, uncertainty_coeffi: 0.0001, loss: 0.1038, lr: 9.55e-05
     Epoch[2] Iteration[250/384], entropy: 0.2756, uncertainty: 1.8818, uncertainty_coeffi: 0.0001, loss: 0.1284, lr: 4.48e-04
     Epoch[2] Iteration[260/384], entropy: 0.2252, uncertainty: 1.7547, uncertainty_coeffi: 0.0001, loss: 0.0991, lr: 9.57e-04
     Epoch[2] Iteration[270/384], entropy: 0.3087, uncertainty: 1.8361, uncertainty_coeffi: 0.0001, loss: 0.1408, lr: 9.55e-05
     Epoch[2] Iteration[280/384], entropy: 0.3443, uncertainty: 1.9756, uncertainty_coeffi: 0.0001, loss: 0.1539, lr: 4.48e-04
     Epoch[2] Iteration[290/384], entropy: 0.5647, uncertainty: 2.0137, uncertainty_coeffi: 0.0001, loss: 0.2508, lr: 9.57e-04
     Epoch[2] Iteration[300/384], entropy: 0.3339, uncertainty: 1.8540, uncertainty_coeffi: 0.0001, loss: 0.1502, lr: 9.55e-05
     Epoch[2] Iteration[310/384], entropy: 0.1238, uncertainty: 1.6770, uncertainty_coeffi: 0.0001, loss: 0.0624, lr: 4.48e-04
     Epoch[2] Iteration[320/384], entropy: 0.2720, uncertainty: 1.7659, uncertainty_coeffi: 0.0001, loss: 0.1273, lr: 9.57e-04
     Epoch[2] Iteration[330/384], entropy: 0.2602, uncertainty: 1.7616, uncertainty_coeffi: 0.0001, loss: 0.1119, lr: 9.55e-05
     Epoch[2] Iteration[340/384], entropy: 0.1822, uncertainty: 1.8108, uncertainty_coeffi: 0.0001, loss: 0.0930, lr: 4.48e-04
     Epoch[2] Iteration[350/384], entropy: 0.3968, uncertainty: 1.9554, uncertainty_coeffi: 0.0001, loss: 0.1843, lr: 9.57e-04
     Epoch[2] Iteration[360/384], entropy: 0.4796, uncertainty: 2.0800, uncertainty_coeffi: 0.0001, loss: 0.2087, lr: 9.55e-05
     Epoch[2] Iteration[370/384], entropy: 0.2136, uncertainty: 1.7944, uncertainty_coeffi: 0.0001, loss: 0.0996, lr: 4.48e-04
     Epoch[2] Iteration[380/384], entropy: 0.2969, uncertainty: 1.9435, uncertainty_coeffi: 0.0001, loss: 0.1263, lr: 9.57e-04
     Averaged stats: entropy_avg: 0.3464, uncertainty_avg: 1.8942, uncertainty_coeffi_avg: 0.0001, loss_avg: 0.1535, lr_avg: 5.11e-04
     itm tta time 0:01:10
### TTA Eval Score: 
+-------+--------+--------+--------+--------+--------+
| epoch |   R1   |   R5   |  R10   |  mAP   |  mINP  |
+-------+--------+--------+--------+--------+--------+
|  -999 | 70.598 | 86.891 | 91.780 | 63.391 | 47.063 |
|   0   | 70.370 | 86.777 | 91.650 | 63.305 | 47.081 |
|   1   | 70.517 | 86.615 | 91.699 | 63.334 | 47.035 |
|   2   | 70.468 | 86.696 | 91.764 | 63.353 | 47.140 |
+-------+--------+--------+--------+--------+--------+
     logs:  {'epo': 2, 'R1': 70.468, 'R5': 86.696, 'R10': 91.764, 'mAP': 63.353, 'mINP': 47.14, 'entropy': 0.3463916535440244, 'uncertainty': 1.894228154107144, 'uncertainty_coeffi': 9.999999747378752e-05, 'loss': 0.1534950915527971, 'lr': 0.0005106449604523036}
     Epoch[3] Iteration[10/384], entropy: 0.2950, uncertainty: 1.8537, uncertainty_coeffi: 0.0001, loss: 0.1233, lr: 1.09e-05
     Epoch[3] Iteration[20/384], entropy: 0.1988, uncertainty: 1.6632, uncertainty_coeffi: 0.0001, loss: 0.0850, lr: 8.35e-04
     Epoch[3] Iteration[30/384], entropy: 0.3588, uncertainty: 1.9406, uncertainty_coeffi: 0.0001, loss: 0.1541, lr: 6.55e-04
     Epoch[3] Iteration[40/384], entropy: 0.5672, uncertainty: 1.9882, uncertainty_coeffi: 0.0001, loss: 0.2513, lr: 1.09e-05
     Epoch[3] Iteration[50/384], entropy: 0.2601, uncertainty: 1.8537, uncertainty_coeffi: 0.0001, loss: 0.1167, lr: 8.35e-04
     Epoch[3] Iteration[60/384], entropy: 0.4688, uncertainty: 1.8523, uncertainty_coeffi: 0.0001, loss: 0.2002, lr: 6.55e-04
     Epoch[3] Iteration[70/384], entropy: 0.4294, uncertainty: 1.9204, uncertainty_coeffi: 0.0001, loss: 0.1804, lr: 1.09e-05
     Epoch[3] Iteration[80/384], entropy: 0.5568, uncertainty: 1.9906, uncertainty_coeffi: 0.0001, loss: 0.2355, lr: 8.35e-04
     Epoch[3] Iteration[90/384], entropy: 0.1714, uncertainty: 1.8762, uncertainty_coeffi: 0.0001, loss: 0.0779, lr: 6.55e-04
     Epoch[3] Iteration[100/384], entropy: 0.3652, uncertainty: 1.9079, uncertainty_coeffi: 0.0001, loss: 0.1646, lr: 1.09e-05
     Epoch[3] Iteration[110/384], entropy: 0.6428, uncertainty: 1.9508, uncertainty_coeffi: 0.0001, loss: 0.2709, lr: 8.35e-04
     Epoch[3] Iteration[120/384], entropy: 0.5413, uncertainty: 1.9874, uncertainty_coeffi: 0.0001, loss: 0.2272, lr: 6.55e-04
     Epoch[3] Iteration[130/384], entropy: 0.3947, uncertainty: 1.8691, uncertainty_coeffi: 0.0001, loss: 0.1772, lr: 1.09e-05
     Epoch[3] Iteration[140/384], entropy: 0.2234, uncertainty: 1.8232, uncertainty_coeffi: 0.0001, loss: 0.1050, lr: 8.35e-04
     Epoch[3] Iteration[150/384], entropy: 0.2427, uncertainty: 1.7598, uncertainty_coeffi: 0.0001, loss: 0.1066, lr: 6.55e-04
     Epoch[3] Iteration[160/384], entropy: 0.2765, uncertainty: 2.0061, uncertainty_coeffi: 0.0001, loss: 0.1294, lr: 1.09e-05
     Epoch[3] Iteration[170/384], entropy: 0.3633, uncertainty: 1.8469, uncertainty_coeffi: 0.0001, loss: 0.1538, lr: 8.35e-04
     Epoch[3] Iteration[180/384], entropy: 0.4690, uncertainty: 1.9245, uncertainty_coeffi: 0.0001, loss: 0.2105, lr: 6.55e-04
     Epoch[3] Iteration[190/384], entropy: 0.3202, uncertainty: 1.9048, uncertainty_coeffi: 0.0001, loss: 0.1397, lr: 1.09e-05
     Epoch[3] Iteration[200/384], entropy: 0.3525, uncertainty: 1.8416, uncertainty_coeffi: 0.0001, loss: 0.1600, lr: 8.35e-04
     Epoch[3] Iteration[210/384], entropy: 0.4977, uncertainty: 2.0498, uncertainty_coeffi: 0.0001, loss: 0.2151, lr: 6.55e-04
     Epoch[3] Iteration[220/384], entropy: 0.4648, uncertainty: 1.9024, uncertainty_coeffi: 0.0001, loss: 0.1939, lr: 1.09e-05
     Epoch[3] Iteration[230/384], entropy: 0.2888, uncertainty: 1.8211, uncertainty_coeffi: 0.0001, loss: 0.1276, lr: 8.35e-04
     Epoch[3] Iteration[240/384], entropy: 0.3382, uncertainty: 1.7350, uncertainty_coeffi: 0.0001, loss: 0.1603, lr: 6.55e-04
     Epoch[3] Iteration[250/384], entropy: 0.3550, uncertainty: 1.9130, uncertainty_coeffi: 0.0001, loss: 0.1588, lr: 1.09e-05
     Epoch[3] Iteration[260/384], entropy: 0.1032, uncertainty: 1.7528, uncertainty_coeffi: 0.0001, loss: 0.0531, lr: 8.35e-04
     Epoch[3] Iteration[270/384], entropy: 0.3254, uncertainty: 1.9264, uncertainty_coeffi: 0.0001, loss: 0.1449, lr: 6.55e-04
     Epoch[3] Iteration[280/384], entropy: 0.2578, uncertainty: 1.7911, uncertainty_coeffi: 0.0001, loss: 0.1173, lr: 1.09e-05
     Epoch[3] Iteration[290/384], entropy: 0.4758, uncertainty: 1.9834, uncertainty_coeffi: 0.0001, loss: 0.2024, lr: 8.35e-04
     Epoch[3] Iteration[300/384], entropy: 0.3529, uncertainty: 1.9741, uncertainty_coeffi: 0.0001, loss: 0.1557, lr: 6.55e-04
     Epoch[3] Iteration[310/384], entropy: 0.4781, uncertainty: 2.0200, uncertainty_coeffi: 0.0001, loss: 0.2026, lr: 1.09e-05
     Epoch[3] Iteration[320/384], entropy: 0.6614, uncertainty: 1.9473, uncertainty_coeffi: 0.0001, loss: 0.2718, lr: 8.35e-04
     Epoch[3] Iteration[330/384], entropy: 0.2804, uncertainty: 1.7689, uncertainty_coeffi: 0.0001, loss: 0.1195, lr: 6.55e-04
     Epoch[3] Iteration[340/384], entropy: 0.4370, uncertainty: 1.9171, uncertainty_coeffi: 0.0001, loss: 0.1948, lr: 1.09e-05
     Epoch[3] Iteration[350/384], entropy: 0.3005, uncertainty: 1.8436, uncertainty_coeffi: 0.0001, loss: 0.1484, lr: 8.35e-04
     Epoch[3] Iteration[360/384], entropy: 0.3230, uncertainty: 1.8081, uncertainty_coeffi: 0.0001, loss: 0.1504, lr: 6.55e-04
     Epoch[3] Iteration[370/384], entropy: 0.2664, uncertainty: 1.9065, uncertainty_coeffi: 0.0001, loss: 0.1176, lr: 1.09e-05
     Epoch[3] Iteration[380/384], entropy: 0.1844, uncertainty: 1.8137, uncertainty_coeffi: 0.0001, loss: 0.0893, lr: 8.35e-04
     Averaged stats: entropy_avg: 0.3655, uncertainty_avg: 1.8851, uncertainty_coeffi_avg: 0.0001, loss_avg: 0.1603, lr_avg: 4.96e-04
     itm tta time 0:01:10
     Epoch[4] Iteration[10/384], entropy: 0.3143, uncertainty: 1.7316, uncertainty_coeffi: 0.0001, loss: 0.1429, lr: 2.50e-04
     Epoch[4] Iteration[20/384], entropy: 0.2392, uncertainty: 1.7933, uncertainty_coeffi: 0.0001, loss: 0.1075, lr: 2.50e-04
     Epoch[4] Iteration[30/384], entropy: 0.3283, uncertainty: 1.7831, uncertainty_coeffi: 0.0001, loss: 0.1450, lr: 1.00e-03
     Epoch[4] Iteration[40/384], entropy: 0.3690, uncertainty: 2.0860, uncertainty_coeffi: 0.0001, loss: 0.1608, lr: 2.50e-04
     Epoch[4] Iteration[50/384], entropy: 0.1110, uncertainty: 1.7627, uncertainty_coeffi: 0.0001, loss: 0.0542, lr: 2.50e-04
     Epoch[4] Iteration[60/384], entropy: 0.3111, uncertainty: 1.9274, uncertainty_coeffi: 0.0001, loss: 0.1462, lr: 1.00e-03
     Epoch[4] Iteration[70/384], entropy: 0.1416, uncertainty: 1.7459, uncertainty_coeffi: 0.0001, loss: 0.0642, lr: 2.50e-04
     Epoch[4] Iteration[80/384], entropy: 0.5736, uncertainty: 2.1108, uncertainty_coeffi: 0.0001, loss: 0.2441, lr: 2.50e-04
     Epoch[4] Iteration[90/384], entropy: 0.3679, uncertainty: 2.0449, uncertainty_coeffi: 0.0001, loss: 0.1588, lr: 1.00e-03
     Epoch[4] Iteration[100/384], entropy: 0.1949, uncertainty: 1.6555, uncertainty_coeffi: 0.0001, loss: 0.0944, lr: 2.50e-04
     Epoch[4] Iteration[110/384], entropy: 0.1286, uncertainty: 1.6128, uncertainty_coeffi: 0.0001, loss: 0.0606, lr: 2.50e-04
     Epoch[4] Iteration[120/384], entropy: 0.4602, uncertainty: 2.1191, uncertainty_coeffi: 0.0001, loss: 0.1975, lr: 1.00e-03
     Epoch[4] Iteration[130/384], entropy: 0.3897, uncertainty: 1.9886, uncertainty_coeffi: 0.0001, loss: 0.1675, lr: 2.50e-04
     Epoch[4] Iteration[140/384], entropy: 0.2842, uncertainty: 1.9519, uncertainty_coeffi: 0.0001, loss: 0.1342, lr: 2.50e-04
     Epoch[4] Iteration[150/384], entropy: 0.4269, uncertainty: 1.9382, uncertainty_coeffi: 0.0001, loss: 0.1940, lr: 1.00e-03
     Epoch[4] Iteration[160/384], entropy: 0.4198, uncertainty: 1.8280, uncertainty_coeffi: 0.0001, loss: 0.1787, lr: 2.50e-04
     Epoch[4] Iteration[170/384], entropy: 0.2549, uncertainty: 1.7545, uncertainty_coeffi: 0.0001, loss: 0.1093, lr: 2.50e-04
     Epoch[4] Iteration[180/384], entropy: 0.4053, uncertainty: 1.9998, uncertainty_coeffi: 0.0001, loss: 0.1685, lr: 1.00e-03
     Epoch[4] Iteration[190/384], entropy: 0.3540, uncertainty: 1.7816, uncertainty_coeffi: 0.0001, loss: 0.1492, lr: 2.50e-04
     Epoch[4] Iteration[200/384], entropy: 0.2567, uncertainty: 1.8658, uncertainty_coeffi: 0.0001, loss: 0.1171, lr: 2.50e-04
     Epoch[4] Iteration[210/384], entropy: 0.1499, uncertainty: 1.7621, uncertainty_coeffi: 0.0001, loss: 0.0733, lr: 1.00e-03
     Epoch[4] Iteration[220/384], entropy: 0.4825, uncertainty: 2.0254, uncertainty_coeffi: 0.0001, loss: 0.2122, lr: 2.50e-04
     Epoch[4] Iteration[230/384], entropy: 0.3231, uncertainty: 1.8717, uncertainty_coeffi: 0.0001, loss: 0.1537, lr: 2.50e-04
     Epoch[4] Iteration[240/384], entropy: 0.2074, uncertainty: 1.7729, uncertainty_coeffi: 0.0001, loss: 0.0909, lr: 1.00e-03
     Epoch[4] Iteration[250/384], entropy: 0.7128, uncertainty: 2.0855, uncertainty_coeffi: 0.0001, loss: 0.2954, lr: 2.50e-04
     Epoch[4] Iteration[260/384], entropy: 0.5006, uncertainty: 1.9125, uncertainty_coeffi: 0.0001, loss: 0.2145, lr: 2.50e-04
     Epoch[4] Iteration[270/384], entropy: 0.4415, uncertainty: 1.8299, uncertainty_coeffi: 0.0001, loss: 0.1934, lr: 1.00e-03
     Epoch[4] Iteration[280/384], entropy: 0.5444, uncertainty: 1.7940, uncertainty_coeffi: 0.0001, loss: 0.2434, lr: 2.50e-04
     Epoch[4] Iteration[290/384], entropy: 0.3729, uncertainty: 2.0181, uncertainty_coeffi: 0.0001, loss: 0.1645, lr: 2.50e-04
     Epoch[4] Iteration[300/384], entropy: 0.5068, uncertainty: 2.0617, uncertainty_coeffi: 0.0001, loss: 0.2085, lr: 1.00e-03
     Epoch[4] Iteration[310/384], entropy: 0.4046, uncertainty: 2.0343, uncertainty_coeffi: 0.0001, loss: 0.1816, lr: 2.50e-04
     Epoch[4] Iteration[320/384], entropy: 0.3146, uncertainty: 1.8367, uncertainty_coeffi: 0.0001, loss: 0.1464, lr: 2.50e-04
     Epoch[4] Iteration[330/384], entropy: 0.3199, uncertainty: 1.8201, uncertainty_coeffi: 0.0001, loss: 0.1424, lr: 1.00e-03
     Epoch[4] Iteration[340/384], entropy: 0.4155, uncertainty: 1.8756, uncertainty_coeffi: 0.0001, loss: 0.1871, lr: 2.50e-04
     Epoch[4] Iteration[350/384], entropy: 0.2260, uncertainty: 1.8337, uncertainty_coeffi: 0.0001, loss: 0.0998, lr: 2.50e-04
     Epoch[4] Iteration[360/384], entropy: 0.3176, uncertainty: 1.8482, uncertainty_coeffi: 0.0001, loss: 0.1377, lr: 1.00e-03
     Epoch[4] Iteration[370/384], entropy: 0.4981, uncertainty: 2.0255, uncertainty_coeffi: 0.0001, loss: 0.2227, lr: 2.50e-04
     Epoch[4] Iteration[380/384], entropy: 0.5079, uncertainty: 2.0384, uncertainty_coeffi: 0.0001, loss: 0.2194, lr: 2.50e-04
     Averaged stats: entropy_avg: 0.3573, uncertainty_avg: 1.8928, uncertainty_coeffi_avg: 0.0001, loss_avg: 0.1574, lr_avg: 4.87e-04
     itm tta time 0:01:11
### TTA Eval Score: 
+-------+--------+--------+--------+--------+--------+
| epoch |   R1   |   R5   |  R10   |  mAP   |  mINP  |
+-------+--------+--------+--------+--------+--------+
|  -999 | 70.598 | 86.891 | 91.780 | 63.391 | 47.063 |
|   0   | 70.370 | 86.777 | 91.650 | 63.305 | 47.081 |
|   1   | 70.517 | 86.615 | 91.699 | 63.334 | 47.035 |
|   2   | 70.468 | 86.696 | 91.764 | 63.353 | 47.140 |
|   4   | 70.208 | 86.517 | 91.699 | 63.212 | 46.904 |
+-------+--------+--------+--------+--------+--------+
     logs:  {'epo': 4, 'R1': 70.208, 'R5': 86.517, 'R10': 91.699, 'mAP': 63.212, 'mINP': 46.904, 'entropy': 0.3572944061536538, 'uncertainty': 1.8928382584923191, 'uncertainty_coeffi': 9.999999747378752e-05, 'loss': 0.15740649245287242, 'lr': 0.0004868421052631532}
     Epoch[5] Iteration[10/384], entropy: 0.1799, uncertainty: 1.8423, uncertainty_coeffi: 0.0001, loss: 0.0799, lr: 8.35e-04
     Epoch[5] Iteration[20/384], entropy: 0.5291, uncertainty: 1.9712, uncertainty_coeffi: 0.0001, loss: 0.2266, lr: 1.09e-05
     Epoch[5] Iteration[30/384], entropy: 0.3722, uncertainty: 1.8777, uncertainty_coeffi: 0.0001, loss: 0.1653, lr: 6.55e-04
     Epoch[5] Iteration[40/384], entropy: 0.4403, uncertainty: 1.9350, uncertainty_coeffi: 0.0001, loss: 0.1914, lr: 8.35e-04
     Epoch[5] Iteration[50/384], entropy: 0.2676, uncertainty: 1.9019, uncertainty_coeffi: 0.0001, loss: 0.1176, lr: 1.09e-05
     Epoch[5] Iteration[60/384], entropy: 0.4855, uncertainty: 2.0238, uncertainty_coeffi: 0.0001, loss: 0.2120, lr: 6.55e-04
     Epoch[5] Iteration[70/384], entropy: 0.4460, uncertainty: 1.9170, uncertainty_coeffi: 0.0001, loss: 0.1897, lr: 8.35e-04
     Epoch[5] Iteration[80/384], entropy: 0.3449, uncertainty: 1.9394, uncertainty_coeffi: 0.0001, loss: 0.1534, lr: 1.09e-05
     Epoch[5] Iteration[90/384], entropy: 0.3449, uncertainty: 1.8690, uncertainty_coeffi: 0.0001, loss: 0.1599, lr: 6.55e-04
     Epoch[5] Iteration[100/384], entropy: 0.3638, uncertainty: 1.9514, uncertainty_coeffi: 0.0001, loss: 0.1652, lr: 8.35e-04
     Epoch[5] Iteration[110/384], entropy: 0.2352, uncertainty: 1.9340, uncertainty_coeffi: 0.0001, loss: 0.1112, lr: 1.09e-05
     Epoch[5] Iteration[120/384], entropy: 0.2080, uncertainty: 1.8182, uncertainty_coeffi: 0.0001, loss: 0.0988, lr: 6.55e-04
     Epoch[5] Iteration[130/384], entropy: 0.2046, uncertainty: 1.6325, uncertainty_coeffi: 0.0001, loss: 0.0911, lr: 8.35e-04
     Epoch[5] Iteration[140/384], entropy: 0.2649, uncertainty: 2.0167, uncertainty_coeffi: 0.0001, loss: 0.1158, lr: 1.09e-05
     Epoch[5] Iteration[150/384], entropy: 0.3806, uncertainty: 1.9007, uncertainty_coeffi: 0.0001, loss: 0.1719, lr: 6.55e-04
     Epoch[5] Iteration[160/384], entropy: 0.1413, uncertainty: 1.7714, uncertainty_coeffi: 0.0001, loss: 0.0644, lr: 8.35e-04
     Epoch[5] Iteration[170/384], entropy: 0.3208, uncertainty: 1.8596, uncertainty_coeffi: 0.0001, loss: 0.1405, lr: 1.09e-05
     Epoch[5] Iteration[180/384], entropy: 0.3124, uncertainty: 1.8117, uncertainty_coeffi: 0.0001, loss: 0.1371, lr: 6.55e-04
     Epoch[5] Iteration[190/384], entropy: 0.3715, uncertainty: 1.9665, uncertainty_coeffi: 0.0001, loss: 0.1632, lr: 8.35e-04
     Epoch[5] Iteration[200/384], entropy: 0.1994, uncertainty: 1.7859, uncertainty_coeffi: 0.0001, loss: 0.0877, lr: 1.09e-05
     Epoch[5] Iteration[210/384], entropy: 0.3724, uncertainty: 1.9846, uncertainty_coeffi: 0.0001, loss: 0.1597, lr: 6.55e-04
     Epoch[5] Iteration[220/384], entropy: 0.3132, uncertainty: 1.8613, uncertainty_coeffi: 0.0001, loss: 0.1413, lr: 8.35e-04
     Epoch[5] Iteration[230/384], entropy: 0.5653, uncertainty: 2.0795, uncertainty_coeffi: 0.0001, loss: 0.2441, lr: 1.09e-05
     Epoch[5] Iteration[240/384], entropy: 0.3579, uncertainty: 1.9424, uncertainty_coeffi: 0.0001, loss: 0.1558, lr: 6.55e-04
     Epoch[5] Iteration[250/384], entropy: 0.3012, uncertainty: 1.9272, uncertainty_coeffi: 0.0001, loss: 0.1284, lr: 8.35e-04
     Epoch[5] Iteration[260/384], entropy: 0.2891, uncertainty: 1.9260, uncertainty_coeffi: 0.0001, loss: 0.1347, lr: 1.09e-05
     Epoch[5] Iteration[270/384], entropy: 0.4349, uncertainty: 1.8544, uncertainty_coeffi: 0.0001, loss: 0.1887, lr: 6.55e-04
     Epoch[5] Iteration[280/384], entropy: 0.4317, uncertainty: 1.9296, uncertainty_coeffi: 0.0001, loss: 0.1858, lr: 8.35e-04
     Epoch[5] Iteration[290/384], entropy: 0.1900, uncertainty: 1.8295, uncertainty_coeffi: 0.0001, loss: 0.0858, lr: 1.09e-05
     Epoch[5] Iteration[300/384], entropy: 0.6509, uncertainty: 2.0069, uncertainty_coeffi: 0.0001, loss: 0.2811, lr: 6.55e-04
     Epoch[5] Iteration[310/384], entropy: 0.2919, uncertainty: 1.8413, uncertainty_coeffi: 0.0001, loss: 0.1293, lr: 8.35e-04
     Epoch[5] Iteration[320/384], entropy: 0.2709, uncertainty: 1.9366, uncertainty_coeffi: 0.0001, loss: 0.1152, lr: 1.09e-05
     Epoch[5] Iteration[330/384], entropy: 0.2564, uncertainty: 1.9378, uncertainty_coeffi: 0.0001, loss: 0.1179, lr: 6.55e-04
     Epoch[5] Iteration[340/384], entropy: 0.5660, uncertainty: 1.9955, uncertainty_coeffi: 0.0001, loss: 0.2416, lr: 8.35e-04
     Epoch[5] Iteration[350/384], entropy: 0.2436, uncertainty: 1.7982, uncertainty_coeffi: 0.0001, loss: 0.1148, lr: 1.09e-05
     Epoch[5] Iteration[360/384], entropy: 0.5226, uncertainty: 1.9911, uncertainty_coeffi: 0.0001, loss: 0.2254, lr: 6.55e-04
     Epoch[5] Iteration[370/384], entropy: 0.3904, uncertainty: 1.9246, uncertainty_coeffi: 0.0001, loss: 0.1704, lr: 8.35e-04
     Epoch[5] Iteration[380/384], entropy: 0.3005, uncertainty: 1.7957, uncertainty_coeffi: 0.0001, loss: 0.1346, lr: 1.09e-05
     Averaged stats: entropy_avg: 0.3464, uncertainty_avg: 1.9023, uncertainty_coeffi_avg: 0.0001, loss_avg: 0.1526, lr_avg: 4.96e-04
     itm tta time 0:01:10
     Epoch[6] Iteration[10/384], entropy: 0.0987, uncertainty: 1.6951, uncertainty_coeffi: 0.0001, loss: 0.0486, lr: 9.57e-04
     Epoch[6] Iteration[20/384], entropy: 0.4025, uncertainty: 1.9773, uncertainty_coeffi: 0.0001, loss: 0.1754, lr: 4.48e-04
     Epoch[6] Iteration[30/384], entropy: 0.3772, uncertainty: 1.8345, uncertainty_coeffi: 0.0001, loss: 0.1614, lr: 9.55e-05
     Epoch[6] Iteration[40/384], entropy: 0.5929, uncertainty: 2.0942, uncertainty_coeffi: 0.0001, loss: 0.2563, lr: 9.57e-04
     Epoch[6] Iteration[50/384], entropy: 0.3574, uncertainty: 1.9867, uncertainty_coeffi: 0.0001, loss: 0.1581, lr: 4.48e-04
     Epoch[6] Iteration[60/384], entropy: 0.2023, uncertainty: 1.7814, uncertainty_coeffi: 0.0001, loss: 0.0922, lr: 9.55e-05
     Epoch[6] Iteration[70/384], entropy: 0.4493, uncertainty: 1.8558, uncertainty_coeffi: 0.0001, loss: 0.1923, lr: 9.57e-04
     Epoch[6] Iteration[80/384], entropy: 0.3439, uncertainty: 1.8543, uncertainty_coeffi: 0.0001, loss: 0.1590, lr: 4.48e-04
     Epoch[6] Iteration[90/384], entropy: 0.3354, uncertainty: 1.9710, uncertainty_coeffi: 0.0001, loss: 0.1597, lr: 9.55e-05
     Epoch[6] Iteration[100/384], entropy: 0.3470, uncertainty: 1.8814, uncertainty_coeffi: 0.0001, loss: 0.1465, lr: 9.57e-04
     Epoch[6] Iteration[110/384], entropy: 0.2477, uncertainty: 1.8368, uncertainty_coeffi: 0.0001, loss: 0.1185, lr: 4.48e-04
     Epoch[6] Iteration[120/384], entropy: 0.1530, uncertainty: 1.8869, uncertainty_coeffi: 0.0001, loss: 0.0706, lr: 9.55e-05
     Epoch[6] Iteration[130/384], entropy: 0.4182, uncertainty: 1.8430, uncertainty_coeffi: 0.0001, loss: 0.1803, lr: 9.57e-04
     Epoch[6] Iteration[140/384], entropy: 0.3119, uncertainty: 1.7648, uncertainty_coeffi: 0.0001, loss: 0.1460, lr: 4.48e-04
     Epoch[6] Iteration[150/384], entropy: 0.5258, uncertainty: 1.8617, uncertainty_coeffi: 0.0001, loss: 0.2288, lr: 9.55e-05
     Epoch[6] Iteration[160/384], entropy: 0.2191, uncertainty: 1.8694, uncertainty_coeffi: 0.0001, loss: 0.1126, lr: 9.57e-04
     Epoch[6] Iteration[170/384], entropy: 0.3581, uncertainty: 1.9507, uncertainty_coeffi: 0.0001, loss: 0.1569, lr: 4.48e-04
     Epoch[6] Iteration[180/384], entropy: 0.3115, uncertainty: 2.0321, uncertainty_coeffi: 0.0001, loss: 0.1410, lr: 9.55e-05
     Epoch[6] Iteration[190/384], entropy: 0.1688, uncertainty: 1.6735, uncertainty_coeffi: 0.0001, loss: 0.0851, lr: 9.57e-04
     Epoch[6] Iteration[200/384], entropy: 0.2987, uncertainty: 1.7564, uncertainty_coeffi: 0.0001, loss: 0.1369, lr: 4.48e-04
     Epoch[6] Iteration[210/384], entropy: 0.1871, uncertainty: 1.9684, uncertainty_coeffi: 0.0001, loss: 0.0914, lr: 9.55e-05
     Epoch[6] Iteration[220/384], entropy: 0.2941, uncertainty: 1.8216, uncertainty_coeffi: 0.0001, loss: 0.1409, lr: 9.57e-04
     Epoch[6] Iteration[230/384], entropy: 0.4296, uncertainty: 1.8548, uncertainty_coeffi: 0.0001, loss: 0.1985, lr: 4.48e-04
     Epoch[6] Iteration[240/384], entropy: 0.2381, uncertainty: 1.7698, uncertainty_coeffi: 0.0001, loss: 0.1107, lr: 9.55e-05
     Epoch[6] Iteration[250/384], entropy: 0.4257, uncertainty: 1.9986, uncertainty_coeffi: 0.0001, loss: 0.1805, lr: 9.57e-04
     Epoch[6] Iteration[260/384], entropy: 0.3198, uncertainty: 1.7643, uncertainty_coeffi: 0.0001, loss: 0.1403, lr: 4.48e-04
     Epoch[6] Iteration[270/384], entropy: 0.2322, uncertainty: 1.7555, uncertainty_coeffi: 0.0001, loss: 0.1101, lr: 9.55e-05
     Epoch[6] Iteration[280/384], entropy: 0.1645, uncertainty: 1.6094, uncertainty_coeffi: 0.0001, loss: 0.0748, lr: 9.57e-04
     Epoch[6] Iteration[290/384], entropy: 0.3686, uncertainty: 1.7777, uncertainty_coeffi: 0.0001, loss: 0.1559, lr: 4.48e-04
     Epoch[6] Iteration[300/384], entropy: 0.4022, uncertainty: 1.9992, uncertainty_coeffi: 0.0001, loss: 0.1866, lr: 9.55e-05
     Epoch[6] Iteration[310/384], entropy: 0.1550, uncertainty: 1.6828, uncertainty_coeffi: 0.0001, loss: 0.0724, lr: 9.57e-04
     Epoch[6] Iteration[320/384], entropy: 0.1345, uncertainty: 1.6713, uncertainty_coeffi: 0.0001, loss: 0.0653, lr: 4.48e-04
     Epoch[6] Iteration[330/384], entropy: 0.1439, uncertainty: 1.8225, uncertainty_coeffi: 0.0001, loss: 0.0639, lr: 9.55e-05
     Epoch[6] Iteration[340/384], entropy: 0.3464, uncertainty: 1.9940, uncertainty_coeffi: 0.0001, loss: 0.1556, lr: 9.57e-04
     Epoch[6] Iteration[350/384], entropy: 0.2561, uncertainty: 1.8641, uncertainty_coeffi: 0.0001, loss: 0.1126, lr: 4.48e-04
     Epoch[6] Iteration[360/384], entropy: 0.3946, uncertainty: 2.0220, uncertainty_coeffi: 0.0001, loss: 0.1760, lr: 9.55e-05
     Epoch[6] Iteration[370/384], entropy: 0.1874, uncertainty: 1.7395, uncertainty_coeffi: 0.0001, loss: 0.0837, lr: 9.57e-04
     Epoch[6] Iteration[380/384], entropy: 0.4043, uncertainty: 1.9854, uncertainty_coeffi: 0.0001, loss: 0.1808, lr: 4.48e-04
     Averaged stats: entropy_avg: 0.3053, uncertainty_avg: 1.8555, uncertainty_coeffi_avg: 0.0001, loss_avg: 0.1375, lr_avg: 5.11e-04
     itm tta time 0:01:11
     Epoch[7] Iteration[10/384], entropy: 0.6337, uncertainty: 2.1219, uncertainty_coeffi: 0.0001, loss: 0.2666, lr: 4.48e-04
     Epoch[7] Iteration[20/384], entropy: 0.2041, uncertainty: 1.8582, uncertainty_coeffi: 0.0001, loss: 0.0924, lr: 9.57e-04
     Epoch[7] Iteration[30/384], entropy: 0.3491, uncertainty: 1.8769, uncertainty_coeffi: 0.0001, loss: 0.1517, lr: 9.55e-05
     Epoch[7] Iteration[40/384], entropy: 0.1763, uncertainty: 1.8260, uncertainty_coeffi: 0.0001, loss: 0.0818, lr: 4.48e-04
     Epoch[7] Iteration[50/384], entropy: 0.2075, uncertainty: 1.8301, uncertainty_coeffi: 0.0001, loss: 0.1002, lr: 9.57e-04
     Epoch[7] Iteration[60/384], entropy: 0.4199, uncertainty: 1.8727, uncertainty_coeffi: 0.0001, loss: 0.1944, lr: 9.55e-05
     Epoch[7] Iteration[70/384], entropy: 0.3582, uncertainty: 1.8930, uncertainty_coeffi: 0.0001, loss: 0.1559, lr: 4.48e-04
     Epoch[7] Iteration[80/384], entropy: 0.1690, uncertainty: 1.8425, uncertainty_coeffi: 0.0001, loss: 0.0814, lr: 9.57e-04
     Epoch[7] Iteration[90/384], entropy: 0.1921, uncertainty: 1.7367, uncertainty_coeffi: 0.0001, loss: 0.0884, lr: 9.55e-05
     Epoch[7] Iteration[100/384], entropy: 0.1674, uncertainty: 1.7101, uncertainty_coeffi: 0.0001, loss: 0.0816, lr: 4.48e-04
     Epoch[7] Iteration[110/384], entropy: 0.2481, uncertainty: 1.7391, uncertainty_coeffi: 0.0001, loss: 0.1163, lr: 9.57e-04
     Epoch[7] Iteration[120/384], entropy: 0.3288, uncertainty: 1.9358, uncertainty_coeffi: 0.0001, loss: 0.1444, lr: 9.55e-05
     Epoch[7] Iteration[130/384], entropy: 0.5486, uncertainty: 2.1054, uncertainty_coeffi: 0.0001, loss: 0.2288, lr: 4.48e-04
     Epoch[7] Iteration[140/384], entropy: 0.2378, uncertainty: 1.8345, uncertainty_coeffi: 0.0001, loss: 0.1143, lr: 9.57e-04
     Epoch[7] Iteration[150/384], entropy: 0.2522, uncertainty: 1.8352, uncertainty_coeffi: 0.0001, loss: 0.1088, lr: 9.55e-05
     Epoch[7] Iteration[160/384], entropy: 0.3515, uncertainty: 1.8802, uncertainty_coeffi: 0.0001, loss: 0.1526, lr: 4.48e-04
     Epoch[7] Iteration[170/384], entropy: 0.4941, uncertainty: 1.9806, uncertainty_coeffi: 0.0001, loss: 0.2176, lr: 9.57e-04
     Epoch[7] Iteration[180/384], entropy: 0.2517, uncertainty: 1.8862, uncertainty_coeffi: 0.0001, loss: 0.1111, lr: 9.55e-05
     Epoch[7] Iteration[190/384], entropy: 0.5407, uncertainty: 2.0169, uncertainty_coeffi: 0.0001, loss: 0.2356, lr: 4.48e-04
     Epoch[7] Iteration[200/384], entropy: 0.2146, uncertainty: 1.7951, uncertainty_coeffi: 0.0001, loss: 0.0976, lr: 9.57e-04
     Epoch[7] Iteration[210/384], entropy: 0.4226, uncertainty: 2.0162, uncertainty_coeffi: 0.0001, loss: 0.1816, lr: 9.55e-05
     Epoch[7] Iteration[220/384], entropy: 0.3990, uncertainty: 1.9291, uncertainty_coeffi: 0.0001, loss: 0.1812, lr: 4.48e-04
     Epoch[7] Iteration[230/384], entropy: 0.3819, uncertainty: 1.9071, uncertainty_coeffi: 0.0001, loss: 0.1688, lr: 9.57e-04
     Epoch[7] Iteration[240/384], entropy: 0.4062, uncertainty: 1.8170, uncertainty_coeffi: 0.0001, loss: 0.1750, lr: 9.55e-05
     Epoch[7] Iteration[250/384], entropy: 0.2603, uncertainty: 1.9190, uncertainty_coeffi: 0.0001, loss: 0.1170, lr: 4.48e-04
     Epoch[7] Iteration[260/384], entropy: 0.1917, uncertainty: 1.7269, uncertainty_coeffi: 0.0001, loss: 0.0945, lr: 9.57e-04
     Epoch[7] Iteration[270/384], entropy: 0.3520, uncertainty: 1.8650, uncertainty_coeffi: 0.0001, loss: 0.1549, lr: 9.55e-05
     Epoch[7] Iteration[280/384], entropy: 0.2350, uncertainty: 1.9134, uncertainty_coeffi: 0.0001, loss: 0.1085, lr: 4.48e-04
     Epoch[7] Iteration[290/384], entropy: 0.2947, uncertainty: 1.8274, uncertainty_coeffi: 0.0001, loss: 0.1352, lr: 9.57e-04
     Epoch[7] Iteration[300/384], entropy: 0.3014, uncertainty: 1.8165, uncertainty_coeffi: 0.0001, loss: 0.1359, lr: 9.55e-05
     Epoch[7] Iteration[310/384], entropy: 0.3352, uncertainty: 1.8366, uncertainty_coeffi: 0.0001, loss: 0.1477, lr: 4.48e-04
     Epoch[7] Iteration[320/384], entropy: 0.5144, uncertainty: 1.9440, uncertainty_coeffi: 0.0001, loss: 0.2276, lr: 9.57e-04
     Epoch[7] Iteration[330/384], entropy: 0.4410, uncertainty: 1.9039, uncertainty_coeffi: 0.0001, loss: 0.1861, lr: 9.55e-05
     Epoch[7] Iteration[340/384], entropy: 0.2844, uncertainty: 1.9610, uncertainty_coeffi: 0.0001, loss: 0.1309, lr: 4.48e-04
     Epoch[7] Iteration[350/384], entropy: 0.4167, uncertainty: 2.0599, uncertainty_coeffi: 0.0001, loss: 0.1837, lr: 9.57e-04
     Epoch[7] Iteration[360/384], entropy: 0.3156, uncertainty: 1.9313, uncertainty_coeffi: 0.0001, loss: 0.1384, lr: 9.55e-05
     Epoch[7] Iteration[370/384], entropy: 0.3797, uncertainty: 1.9718, uncertainty_coeffi: 0.0001, loss: 0.1678, lr: 4.48e-04
     Epoch[7] Iteration[380/384], entropy: 0.2632, uncertainty: 1.7121, uncertainty_coeffi: 0.0001, loss: 0.1257, lr: 9.57e-04
     Averaged stats: entropy_avg: 0.3300, uncertainty_avg: 1.8851, uncertainty_coeffi_avg: 0.0001, loss_avg: 0.1469, lr_avg: 5.11e-04
     itm tta time 0:01:11
     Epoch[8] Iteration[10/384], entropy: 0.2364, uncertainty: 1.8563, uncertainty_coeffi: 0.0001, loss: 0.1099, lr: 1.09e-05
     Epoch[8] Iteration[20/384], entropy: 0.2709, uncertainty: 1.7190, uncertainty_coeffi: 0.0001, loss: 0.1255, lr: 8.35e-04
     Epoch[8] Iteration[30/384], entropy: 0.4200, uncertainty: 1.9301, uncertainty_coeffi: 0.0001, loss: 0.1896, lr: 6.55e-04
     Epoch[8] Iteration[40/384], entropy: 0.4170, uncertainty: 1.8822, uncertainty_coeffi: 0.0001, loss: 0.1864, lr: 1.09e-05
     Epoch[8] Iteration[50/384], entropy: 0.4843, uncertainty: 1.9908, uncertainty_coeffi: 0.0001, loss: 0.2035, lr: 8.35e-04
     Epoch[8] Iteration[60/384], entropy: 0.4112, uncertainty: 1.9155, uncertainty_coeffi: 0.0001, loss: 0.1756, lr: 6.55e-04
     Epoch[8] Iteration[70/384], entropy: 0.3961, uncertainty: 1.8785, uncertainty_coeffi: 0.0001, loss: 0.1753, lr: 1.09e-05
     Epoch[8] Iteration[80/384], entropy: 0.1757, uncertainty: 1.7371, uncertainty_coeffi: 0.0001, loss: 0.0930, lr: 8.35e-04
     Epoch[8] Iteration[90/384], entropy: 0.3800, uncertainty: 1.8697, uncertainty_coeffi: 0.0001, loss: 0.1686, lr: 6.55e-04
     Epoch[8] Iteration[100/384], entropy: 0.3116, uncertainty: 1.7630, uncertainty_coeffi: 0.0001, loss: 0.1319, lr: 1.09e-05
     Epoch[8] Iteration[110/384], entropy: 0.2364, uncertainty: 1.8186, uncertainty_coeffi: 0.0001, loss: 0.1170, lr: 8.35e-04
     Epoch[8] Iteration[120/384], entropy: 0.3803, uncertainty: 1.9620, uncertainty_coeffi: 0.0001, loss: 0.1668, lr: 6.55e-04
     Epoch[8] Iteration[130/384], entropy: 0.0973, uncertainty: 1.6676, uncertainty_coeffi: 0.0001, loss: 0.0500, lr: 1.09e-05
     Epoch[8] Iteration[140/384], entropy: 0.3919, uncertainty: 1.9055, uncertainty_coeffi: 0.0001, loss: 0.1710, lr: 8.35e-04
     Epoch[8] Iteration[150/384], entropy: 0.3852, uncertainty: 1.9522, uncertainty_coeffi: 0.0001, loss: 0.1652, lr: 6.55e-04
     Epoch[8] Iteration[160/384], entropy: 0.2723, uncertainty: 1.9585, uncertainty_coeffi: 0.0001, loss: 0.1234, lr: 1.09e-05
     Epoch[8] Iteration[170/384], entropy: 0.2130, uncertainty: 1.9325, uncertainty_coeffi: 0.0001, loss: 0.1001, lr: 8.35e-04
     Epoch[8] Iteration[180/384], entropy: 0.1381, uncertainty: 1.6549, uncertainty_coeffi: 0.0001, loss: 0.0658, lr: 6.55e-04
     Epoch[8] Iteration[190/384], entropy: 0.1056, uncertainty: 1.6732, uncertainty_coeffi: 0.0001, loss: 0.0551, lr: 1.09e-05
     Epoch[8] Iteration[200/384], entropy: 0.2334, uncertainty: 1.8715, uncertainty_coeffi: 0.0001, loss: 0.1059, lr: 8.35e-04
     Epoch[8] Iteration[210/384], entropy: 0.1789, uncertainty: 1.8070, uncertainty_coeffi: 0.0001, loss: 0.0838, lr: 6.55e-04
     Epoch[8] Iteration[220/384], entropy: 0.2504, uncertainty: 1.8550, uncertainty_coeffi: 0.0001, loss: 0.1167, lr: 1.09e-05
     Epoch[8] Iteration[230/384], entropy: 0.2454, uncertainty: 1.9015, uncertainty_coeffi: 0.0001, loss: 0.1065, lr: 8.35e-04
     Epoch[8] Iteration[240/384], entropy: 0.2299, uncertainty: 1.8507, uncertainty_coeffi: 0.0001, loss: 0.1127, lr: 6.55e-04
     Epoch[8] Iteration[250/384], entropy: 0.3554, uncertainty: 1.8854, uncertainty_coeffi: 0.0001, loss: 0.1587, lr: 1.09e-05
     Epoch[8] Iteration[260/384], entropy: 0.2231, uncertainty: 1.8257, uncertainty_coeffi: 0.0001, loss: 0.0980, lr: 8.35e-04
     Epoch[8] Iteration[270/384], entropy: 0.2978, uncertainty: 1.9089, uncertainty_coeffi: 0.0001, loss: 0.1362, lr: 6.55e-04
     Epoch[8] Iteration[280/384], entropy: 0.2639, uncertainty: 1.7490, uncertainty_coeffi: 0.0001, loss: 0.1233, lr: 1.09e-05
     Epoch[8] Iteration[290/384], entropy: 0.4468, uncertainty: 2.1066, uncertainty_coeffi: 0.0001, loss: 0.1898, lr: 8.35e-04
     Epoch[8] Iteration[300/384], entropy: 0.4150, uncertainty: 1.9789, uncertainty_coeffi: 0.0001, loss: 0.1768, lr: 6.55e-04
     Epoch[8] Iteration[310/384], entropy: 0.3718, uncertainty: 1.9499, uncertainty_coeffi: 0.0001, loss: 0.1696, lr: 1.09e-05
     Epoch[8] Iteration[320/384], entropy: 0.5601, uncertainty: 1.9678, uncertainty_coeffi: 0.0001, loss: 0.2502, lr: 8.35e-04
     Epoch[8] Iteration[330/384], entropy: 0.2031, uncertainty: 1.8164, uncertainty_coeffi: 0.0001, loss: 0.0926, lr: 6.55e-04
     Epoch[8] Iteration[340/384], entropy: 0.3900, uncertainty: 1.9664, uncertainty_coeffi: 0.0001, loss: 0.1702, lr: 1.09e-05
     Epoch[8] Iteration[350/384], entropy: 0.3040, uncertainty: 1.8244, uncertainty_coeffi: 0.0001, loss: 0.1360, lr: 8.35e-04
     Epoch[8] Iteration[360/384], entropy: 0.2761, uncertainty: 1.9349, uncertainty_coeffi: 0.0001, loss: 0.1208, lr: 6.55e-04
     Epoch[8] Iteration[370/384], entropy: 0.4309, uncertainty: 1.9644, uncertainty_coeffi: 0.0001, loss: 0.1966, lr: 1.09e-05
     Epoch[8] Iteration[380/384], entropy: 0.2623, uncertainty: 1.8210, uncertainty_coeffi: 0.0001, loss: 0.1186, lr: 8.35e-04
     Averaged stats: entropy_avg: 0.3069, uncertainty_avg: 1.8698, uncertainty_coeffi_avg: 0.0001, loss_avg: 0.1378, lr_avg: 4.96e-04
     itm tta time 0:01:11
     Epoch[9] Iteration[10/384], entropy: 0.2028, uncertainty: 1.7792, uncertainty_coeffi: 0.0001, loss: 0.0857, lr: 2.50e-04
     Epoch[9] Iteration[20/384], entropy: 0.4357, uncertainty: 1.9712, uncertainty_coeffi: 0.0001, loss: 0.1911, lr: 2.50e-04
     Epoch[9] Iteration[30/384], entropy: 0.2664, uncertainty: 1.9363, uncertainty_coeffi: 0.0001, loss: 0.1171, lr: 1.00e-03
     Epoch[9] Iteration[40/384], entropy: 0.4222, uncertainty: 2.0277, uncertainty_coeffi: 0.0001, loss: 0.1892, lr: 2.50e-04
     Epoch[9] Iteration[50/384], entropy: 0.2998, uncertainty: 1.9783, uncertainty_coeffi: 0.0001, loss: 0.1304, lr: 2.50e-04
     Epoch[9] Iteration[60/384], entropy: 0.2840, uncertainty: 1.9129, uncertainty_coeffi: 0.0001, loss: 0.1291, lr: 1.00e-03
     Epoch[9] Iteration[70/384], entropy: 0.3884, uncertainty: 1.8556, uncertainty_coeffi: 0.0001, loss: 0.1703, lr: 2.50e-04
     Epoch[9] Iteration[80/384], entropy: 0.4690, uncertainty: 1.8767, uncertainty_coeffi: 0.0001, loss: 0.2036, lr: 2.50e-04
     Epoch[9] Iteration[90/384], entropy: 0.1076, uncertainty: 1.6864, uncertainty_coeffi: 0.0001, loss: 0.0552, lr: 1.00e-03
     Epoch[9] Iteration[100/384], entropy: 0.4913, uncertainty: 2.0203, uncertainty_coeffi: 0.0001, loss: 0.2201, lr: 2.50e-04
     Epoch[9] Iteration[110/384], entropy: 0.3227, uncertainty: 1.7798, uncertainty_coeffi: 0.0001, loss: 0.1373, lr: 2.50e-04
     Epoch[9] Iteration[120/384], entropy: 0.3848, uncertainty: 2.0022, uncertainty_coeffi: 0.0001, loss: 0.1724, lr: 1.00e-03
     Epoch[9] Iteration[130/384], entropy: 0.3198, uncertainty: 1.8773, uncertainty_coeffi: 0.0001, loss: 0.1429, lr: 2.50e-04
     Epoch[9] Iteration[140/384], entropy: 0.3702, uncertainty: 1.9606, uncertainty_coeffi: 0.0001, loss: 0.1616, lr: 2.50e-04
     Epoch[9] Iteration[150/384], entropy: 0.4089, uncertainty: 1.8867, uncertainty_coeffi: 0.0001, loss: 0.1911, lr: 1.00e-03
     Epoch[9] Iteration[160/384], entropy: 0.2199, uncertainty: 1.8321, uncertainty_coeffi: 0.0001, loss: 0.0967, lr: 2.50e-04
     Epoch[9] Iteration[170/384], entropy: 0.3533, uncertainty: 1.8934, uncertainty_coeffi: 0.0001, loss: 0.1586, lr: 2.50e-04
     Epoch[9] Iteration[180/384], entropy: 0.4251, uncertainty: 1.9072, uncertainty_coeffi: 0.0001, loss: 0.1888, lr: 1.00e-03
     Epoch[9] Iteration[190/384], entropy: 0.1477, uncertainty: 1.7352, uncertainty_coeffi: 0.0001, loss: 0.0676, lr: 2.50e-04
     Epoch[9] Iteration[200/384], entropy: 0.4076, uncertainty: 2.0358, uncertainty_coeffi: 0.0001, loss: 0.1849, lr: 2.50e-04
     Epoch[9] Iteration[210/384], entropy: 0.2953, uncertainty: 1.8662, uncertainty_coeffi: 0.0001, loss: 0.1350, lr: 1.00e-03
     Epoch[9] Iteration[220/384], entropy: 0.2923, uncertainty: 1.8178, uncertainty_coeffi: 0.0001, loss: 0.1339, lr: 2.50e-04
     Epoch[9] Iteration[230/384], entropy: 0.2998, uncertainty: 1.9387, uncertainty_coeffi: 0.0001, loss: 0.1356, lr: 2.50e-04
     Epoch[9] Iteration[240/384], entropy: 0.3489, uncertainty: 1.8733, uncertainty_coeffi: 0.0001, loss: 0.1589, lr: 1.00e-03
     Epoch[9] Iteration[250/384], entropy: 0.2402, uncertainty: 1.8405, uncertainty_coeffi: 0.0001, loss: 0.1063, lr: 2.50e-04
     Epoch[9] Iteration[260/384], entropy: 0.2367, uncertainty: 1.7583, uncertainty_coeffi: 0.0001, loss: 0.1075, lr: 2.50e-04
     Epoch[9] Iteration[270/384], entropy: 0.4068, uncertainty: 2.0136, uncertainty_coeffi: 0.0001, loss: 0.1761, lr: 1.00e-03
     Epoch[9] Iteration[280/384], entropy: 0.3959, uncertainty: 1.8567, uncertainty_coeffi: 0.0001, loss: 0.1801, lr: 2.50e-04
     Epoch[9] Iteration[290/384], entropy: 0.2569, uncertainty: 1.9170, uncertainty_coeffi: 0.0001, loss: 0.1112, lr: 2.50e-04
     Epoch[9] Iteration[300/384], entropy: 0.3091, uncertainty: 1.9337, uncertainty_coeffi: 0.0001, loss: 0.1415, lr: 1.00e-03
     Epoch[9] Iteration[310/384], entropy: 0.3048, uncertainty: 1.8592, uncertainty_coeffi: 0.0001, loss: 0.1366, lr: 2.50e-04
     Epoch[9] Iteration[320/384], entropy: 0.2975, uncertainty: 1.6669, uncertainty_coeffi: 0.0001, loss: 0.1315, lr: 2.50e-04
     Epoch[9] Iteration[330/384], entropy: 0.3025, uncertainty: 1.8409, uncertainty_coeffi: 0.0001, loss: 0.1363, lr: 1.00e-03
     Epoch[9] Iteration[340/384], entropy: 0.3070, uncertainty: 1.7638, uncertainty_coeffi: 0.0001, loss: 0.1319, lr: 2.50e-04
     Epoch[9] Iteration[350/384], entropy: 0.1191, uncertainty: 1.5655, uncertainty_coeffi: 0.0001, loss: 0.0609, lr: 2.50e-04
     Epoch[9] Iteration[360/384], entropy: 0.3385, uncertainty: 1.8936, uncertainty_coeffi: 0.0001, loss: 0.1541, lr: 1.00e-03
     Epoch[9] Iteration[370/384], entropy: 0.1684, uncertainty: 1.8187, uncertainty_coeffi: 0.0001, loss: 0.0785, lr: 2.50e-04
     Epoch[9] Iteration[380/384], entropy: 0.2098, uncertainty: 1.6870, uncertainty_coeffi: 0.0001, loss: 0.0954, lr: 2.50e-04
     Averaged stats: entropy_avg: 0.3120, uncertainty_avg: 1.8649, uncertainty_coeffi_avg: 0.0001, loss_avg: 0.1396, lr_avg: 4.87e-04
     itm tta time 0:01:11
### TTA Eval Score: 
+-------+--------+--------+--------+--------+--------+
| epoch |   R1   |   R5   |  R10   |  mAP   |  mINP  |
+-------+--------+--------+--------+--------+--------+
|  -999 | 70.598 | 86.891 | 91.780 | 63.391 | 47.063 |
|   0   | 70.370 | 86.777 | 91.650 | 63.305 | 47.081 |
|   1   | 70.517 | 86.615 | 91.699 | 63.334 | 47.035 |
|   2   | 70.468 | 86.696 | 91.764 | 63.353 | 47.140 |
|   4   | 70.208 | 86.517 | 91.699 | 63.212 | 46.904 |
|   9   | 70.484 | 86.663 | 91.667 | 63.274 | 46.931 |
+-------+--------+--------+--------+--------+--------+
     logs:  {'epo': 9, 'R1': 70.484, 'R5': 86.663, 'R10': 91.667, 'mAP': 63.274, 'mINP': 46.931, 'entropy': 0.31201265517034027, 'uncertainty': 1.864900253320995, 'uncertainty_coeffi': 9.999999747378752e-05, 'loss': 0.13959768140002302, 'lr': 0.00048684210526316675}
     Epoch[10] Iteration[10/384], entropy: 0.4259, uncertainty: 1.9626, uncertainty_coeffi: 0.0001, loss: 0.1891, lr: 8.35e-04
     Epoch[10] Iteration[20/384], entropy: 0.2368, uncertainty: 1.8918, uncertainty_coeffi: 0.0001, loss: 0.1104, lr: 1.09e-05
     Epoch[10] Iteration[30/384], entropy: 0.5016, uncertainty: 1.9433, uncertainty_coeffi: 0.0001, loss: 0.2188, lr: 6.55e-04
     Epoch[10] Iteration[40/384], entropy: 0.4338, uncertainty: 1.9056, uncertainty_coeffi: 0.0001, loss: 0.1888, lr: 8.35e-04
     Epoch[10] Iteration[50/384], entropy: 0.3408, uncertainty: 2.0079, uncertainty_coeffi: 0.0001, loss: 0.1591, lr: 1.09e-05
     Epoch[10] Iteration[60/384], entropy: 0.2220, uncertainty: 1.9280, uncertainty_coeffi: 0.0001, loss: 0.0976, lr: 6.55e-04
     Epoch[10] Iteration[70/384], entropy: 0.3684, uncertainty: 1.8905, uncertainty_coeffi: 0.0001, loss: 0.1557, lr: 8.35e-04
     Epoch[10] Iteration[80/384], entropy: 0.3802, uncertainty: 2.0558, uncertainty_coeffi: 0.0001, loss: 0.1635, lr: 1.09e-05
     Epoch[10] Iteration[90/384], entropy: 0.2435, uncertainty: 1.9070, uncertainty_coeffi: 0.0001, loss: 0.1113, lr: 6.55e-04
     Epoch[10] Iteration[100/384], entropy: 0.4656, uncertainty: 1.8799, uncertainty_coeffi: 0.0001, loss: 0.2011, lr: 8.35e-04
     Epoch[10] Iteration[110/384], entropy: 0.3302, uncertainty: 1.8905, uncertainty_coeffi: 0.0001, loss: 0.1493, lr: 1.09e-05
     Epoch[10] Iteration[120/384], entropy: 0.1821, uncertainty: 1.9194, uncertainty_coeffi: 0.0001, loss: 0.0804, lr: 6.55e-04
     Epoch[10] Iteration[130/384], entropy: 0.2583, uncertainty: 1.7752, uncertainty_coeffi: 0.0001, loss: 0.1128, lr: 8.35e-04
     Epoch[10] Iteration[140/384], entropy: 0.3529, uncertainty: 1.8963, uncertainty_coeffi: 0.0001, loss: 0.1485, lr: 1.09e-05
     Epoch[10] Iteration[150/384], entropy: 0.2558, uncertainty: 1.9308, uncertainty_coeffi: 0.0001, loss: 0.1150, lr: 6.55e-04
     Epoch[10] Iteration[160/384], entropy: 0.3026, uncertainty: 1.9561, uncertainty_coeffi: 0.0001, loss: 0.1408, lr: 8.35e-04
     Epoch[10] Iteration[170/384], entropy: 0.1513, uncertainty: 1.6937, uncertainty_coeffi: 0.0001, loss: 0.0702, lr: 1.09e-05
     Epoch[10] Iteration[180/384], entropy: 0.2327, uncertainty: 1.7590, uncertainty_coeffi: 0.0001, loss: 0.1009, lr: 6.55e-04
     Epoch[10] Iteration[190/384], entropy: 0.5342, uncertainty: 2.0023, uncertainty_coeffi: 0.0001, loss: 0.2305, lr: 8.35e-04
     Epoch[10] Iteration[200/384], entropy: 0.4165, uncertainty: 2.0001, uncertainty_coeffi: 0.0001, loss: 0.1822, lr: 1.09e-05
     Epoch[10] Iteration[210/384], entropy: 0.4913, uncertainty: 1.9408, uncertainty_coeffi: 0.0001, loss: 0.2136, lr: 6.55e-04
     Epoch[10] Iteration[220/384], entropy: 0.3464, uncertainty: 2.0523, uncertainty_coeffi: 0.0001, loss: 0.1476, lr: 8.35e-04
     Epoch[10] Iteration[230/384], entropy: 0.3378, uncertainty: 1.8919, uncertainty_coeffi: 0.0001, loss: 0.1468, lr: 1.09e-05
     Epoch[10] Iteration[240/384], entropy: 0.2604, uncertainty: 1.7880, uncertainty_coeffi: 0.0001, loss: 0.1208, lr: 6.55e-04
     Epoch[10] Iteration[250/384], entropy: 0.3051, uncertainty: 1.9425, uncertainty_coeffi: 0.0001, loss: 0.1386, lr: 8.35e-04
     Epoch[10] Iteration[260/384], entropy: 0.3823, uncertainty: 2.0152, uncertainty_coeffi: 0.0001, loss: 0.1546, lr: 1.09e-05
     Epoch[10] Iteration[270/384], entropy: 0.2164, uncertainty: 1.7866, uncertainty_coeffi: 0.0001, loss: 0.1057, lr: 6.55e-04
     Epoch[10] Iteration[280/384], entropy: 0.3862, uncertainty: 2.0033, uncertainty_coeffi: 0.0001, loss: 0.1647, lr: 8.35e-04
     Epoch[10] Iteration[290/384], entropy: 0.1950, uncertainty: 1.6895, uncertainty_coeffi: 0.0001, loss: 0.0916, lr: 1.09e-05
     Epoch[10] Iteration[300/384], entropy: 0.2817, uncertainty: 1.7468, uncertainty_coeffi: 0.0001, loss: 0.1239, lr: 6.55e-04
     Epoch[10] Iteration[310/384], entropy: 0.2907, uncertainty: 1.9326, uncertainty_coeffi: 0.0001, loss: 0.1274, lr: 8.35e-04
     Epoch[10] Iteration[320/384], entropy: 0.1914, uncertainty: 1.8599, uncertainty_coeffi: 0.0001, loss: 0.0919, lr: 1.09e-05
     Epoch[10] Iteration[330/384], entropy: 0.3189, uncertainty: 1.9141, uncertainty_coeffi: 0.0001, loss: 0.1466, lr: 6.55e-04
     Epoch[10] Iteration[340/384], entropy: 0.1556, uncertainty: 1.7898, uncertainty_coeffi: 0.0001, loss: 0.0678, lr: 8.35e-04
     Epoch[10] Iteration[350/384], entropy: 0.4758, uncertainty: 1.9588, uncertainty_coeffi: 0.0001, loss: 0.2129, lr: 1.09e-05
     Epoch[10] Iteration[360/384], entropy: 0.3795, uncertainty: 1.8600, uncertainty_coeffi: 0.0001, loss: 0.1814, lr: 6.55e-04
     Epoch[10] Iteration[370/384], entropy: 0.1643, uncertainty: 1.7362, uncertainty_coeffi: 0.0001, loss: 0.0832, lr: 8.35e-04
     Epoch[10] Iteration[380/384], entropy: 0.4149, uncertainty: 2.0235, uncertainty_coeffi: 0.0001, loss: 0.1764, lr: 1.09e-05
     Averaged stats: entropy_avg: 0.3218, uncertainty_avg: 1.8981, uncertainty_coeffi_avg: 0.0001, loss_avg: 0.1427, lr_avg: 4.96e-04
     itm tta time 0:01:10
     Epoch[11] Iteration[10/384], entropy: 0.3818, uncertainty: 1.9733, uncertainty_coeffi: 0.0001, loss: 0.1699, lr: 9.57e-04
     Epoch[11] Iteration[20/384], entropy: 0.1005, uncertainty: 1.6002, uncertainty_coeffi: 0.0001, loss: 0.0531, lr: 4.48e-04
     Epoch[11] Iteration[30/384], entropy: 0.1776, uncertainty: 1.8176, uncertainty_coeffi: 0.0001, loss: 0.0808, lr: 9.55e-05
     Epoch[11] Iteration[40/384], entropy: 0.4400, uncertainty: 1.9310, uncertainty_coeffi: 0.0001, loss: 0.1845, lr: 9.57e-04
     Epoch[11] Iteration[50/384], entropy: 0.4257, uncertainty: 2.0137, uncertainty_coeffi: 0.0001, loss: 0.1900, lr: 4.48e-04
     Epoch[11] Iteration[60/384], entropy: 0.2440, uncertainty: 1.8566, uncertainty_coeffi: 0.0001, loss: 0.1139, lr: 9.55e-05
     Epoch[11] Iteration[70/384], entropy: 0.1389, uncertainty: 1.5807, uncertainty_coeffi: 0.0001, loss: 0.0713, lr: 9.57e-04
     Epoch[11] Iteration[80/384], entropy: 0.1225, uncertainty: 1.8697, uncertainty_coeffi: 0.0001, loss: 0.0564, lr: 4.48e-04
     Epoch[11] Iteration[90/384], entropy: 0.2905, uncertainty: 1.8020, uncertainty_coeffi: 0.0001, loss: 0.1330, lr: 9.55e-05
     Epoch[11] Iteration[100/384], entropy: 0.4746, uncertainty: 1.9317, uncertainty_coeffi: 0.0001, loss: 0.2070, lr: 9.57e-04
     Epoch[11] Iteration[110/384], entropy: 0.5951, uncertainty: 1.9961, uncertainty_coeffi: 0.0001, loss: 0.2720, lr: 4.48e-04
     Epoch[11] Iteration[120/384], entropy: 0.2621, uncertainty: 1.7642, uncertainty_coeffi: 0.0001, loss: 0.1200, lr: 9.55e-05
     Epoch[11] Iteration[130/384], entropy: 0.3819, uncertainty: 1.9200, uncertainty_coeffi: 0.0001, loss: 0.1622, lr: 9.57e-04
     Epoch[11] Iteration[140/384], entropy: 0.3669, uncertainty: 1.7492, uncertainty_coeffi: 0.0001, loss: 0.1615, lr: 4.48e-04
     Epoch[11] Iteration[150/384], entropy: 0.3825, uncertainty: 1.9401, uncertainty_coeffi: 0.0001, loss: 0.1641, lr: 9.55e-05
     Epoch[11] Iteration[160/384], entropy: 0.3372, uncertainty: 1.9980, uncertainty_coeffi: 0.0001, loss: 0.1490, lr: 9.57e-04
     Epoch[11] Iteration[170/384], entropy: 0.1400, uncertainty: 1.7398, uncertainty_coeffi: 0.0001, loss: 0.0663, lr: 4.48e-04
     Epoch[11] Iteration[180/384], entropy: 0.3307, uncertainty: 1.9270, uncertainty_coeffi: 0.0001, loss: 0.1438, lr: 9.55e-05
     Epoch[11] Iteration[190/384], entropy: 0.2286, uncertainty: 1.7884, uncertainty_coeffi: 0.0001, loss: 0.1064, lr: 9.57e-04
     Epoch[11] Iteration[200/384], entropy: 0.1994, uncertainty: 1.7463, uncertainty_coeffi: 0.0001, loss: 0.0910, lr: 4.48e-04
     Epoch[11] Iteration[210/384], entropy: 0.5380, uncertainty: 2.0911, uncertainty_coeffi: 0.0001, loss: 0.2348, lr: 9.55e-05
     Epoch[11] Iteration[220/384], entropy: 0.2052, uncertainty: 1.7820, uncertainty_coeffi: 0.0001, loss: 0.0925, lr: 9.57e-04
     Epoch[11] Iteration[230/384], entropy: 0.2507, uncertainty: 1.8794, uncertainty_coeffi: 0.0001, loss: 0.1076, lr: 4.48e-04
     Epoch[11] Iteration[240/384], entropy: 0.4012, uncertainty: 1.8246, uncertainty_coeffi: 0.0001, loss: 0.1808, lr: 9.55e-05
     Epoch[11] Iteration[250/384], entropy: 0.2855, uncertainty: 1.8735, uncertainty_coeffi: 0.0001, loss: 0.1303, lr: 9.57e-04
     Epoch[11] Iteration[260/384], entropy: 0.2936, uncertainty: 1.8571, uncertainty_coeffi: 0.0001, loss: 0.1397, lr: 4.48e-04
     Epoch[11] Iteration[270/384], entropy: 0.2189, uncertainty: 1.8559, uncertainty_coeffi: 0.0001, loss: 0.1006, lr: 9.55e-05
     Epoch[11] Iteration[280/384], entropy: 0.5362, uncertainty: 1.9720, uncertainty_coeffi: 0.0001, loss: 0.2354, lr: 9.57e-04
     Epoch[11] Iteration[290/384], entropy: 0.2258, uncertainty: 1.8411, uncertainty_coeffi: 0.0001, loss: 0.1050, lr: 4.48e-04
     Epoch[11] Iteration[300/384], entropy: 0.2313, uncertainty: 1.8381, uncertainty_coeffi: 0.0001, loss: 0.1049, lr: 9.55e-05
     Epoch[11] Iteration[310/384], entropy: 0.5619, uncertainty: 2.0707, uncertainty_coeffi: 0.0001, loss: 0.2397, lr: 9.57e-04
     Epoch[11] Iteration[320/384], entropy: 0.2280, uncertainty: 1.6921, uncertainty_coeffi: 0.0001, loss: 0.1035, lr: 4.48e-04
     Epoch[11] Iteration[330/384], entropy: 0.2147, uncertainty: 1.9580, uncertainty_coeffi: 0.0001, loss: 0.0963, lr: 4.32e-05
     Epoch[11] Iteration[340/384], entropy: 0.3428, uncertainty: 1.9949, uncertainty_coeffi: 0.0001, loss: 0.1520, lr: 9.05e-04
     Epoch[11] Iteration[350/384], entropy: 0.3843, uncertainty: 1.9970, uncertainty_coeffi: 0.0001, loss: 0.1824, lr: 5.52e-04
     Epoch[11] Iteration[360/384], entropy: 0.2602, uncertainty: 1.8128, uncertainty_coeffi: 0.0001, loss: 0.1161, lr: 4.32e-05
     Epoch[11] Iteration[370/384], entropy: 0.3269, uncertainty: 1.9228, uncertainty_coeffi: 0.0001, loss: 0.1395, lr: 9.05e-04
     Epoch[11] Iteration[380/384], entropy: 0.2916, uncertainty: 1.9634, uncertainty_coeffi: 0.0001, loss: 0.1351, lr: 5.52e-04
     Averaged stats: entropy_avg: 0.3110, uncertainty_avg: 1.8729, uncertainty_coeffi_avg: 0.0001, loss_avg: 0.1393, lr_avg: 5.11e-04
     itm tta time 0:01:10
     Epoch[12] Iteration[10/384], entropy: 0.3621, uncertainty: 1.8625, uncertainty_coeffi: 0.0001, loss: 0.1590, lr: 3.45e-04
     Epoch[12] Iteration[20/384], entropy: 0.3275, uncertainty: 1.8648, uncertainty_coeffi: 0.0001, loss: 0.1558, lr: 9.89e-04
     Epoch[12] Iteration[30/384], entropy: 0.1564, uncertainty: 1.7974, uncertainty_coeffi: 0.0001, loss: 0.0690, lr: 1.65e-04
     Epoch[12] Iteration[40/384], entropy: 0.3618, uncertainty: 1.9674, uncertainty_coeffi: 0.0001, loss: 0.1519, lr: 3.45e-04
     Epoch[12] Iteration[50/384], entropy: 0.2017, uncertainty: 1.9330, uncertainty_coeffi: 0.0001, loss: 0.0975, lr: 9.89e-04
     Epoch[12] Iteration[60/384], entropy: 0.3020, uncertainty: 2.0014, uncertainty_coeffi: 0.0001, loss: 0.1370, lr: 1.65e-04
     Epoch[12] Iteration[70/384], entropy: 0.2559, uncertainty: 1.9582, uncertainty_coeffi: 0.0001, loss: 0.1100, lr: 3.45e-04
     Epoch[12] Iteration[80/384], entropy: 0.2010, uncertainty: 1.9270, uncertainty_coeffi: 0.0001, loss: 0.0906, lr: 9.89e-04
     Epoch[12] Iteration[90/384], entropy: 0.2451, uncertainty: 1.8734, uncertainty_coeffi: 0.0001, loss: 0.1192, lr: 1.65e-04
     Epoch[12] Iteration[100/384], entropy: 0.0992, uncertainty: 1.7640, uncertainty_coeffi: 0.0001, loss: 0.0495, lr: 3.45e-04
     Epoch[12] Iteration[110/384], entropy: 0.2928, uncertainty: 1.8442, uncertainty_coeffi: 0.0001, loss: 0.1311, lr: 9.89e-04
     Epoch[12] Iteration[120/384], entropy: 0.3840, uncertainty: 1.9723, uncertainty_coeffi: 0.0001, loss: 0.1654, lr: 1.65e-04
     Epoch[12] Iteration[130/384], entropy: 0.2209, uncertainty: 1.6646, uncertainty_coeffi: 0.0001, loss: 0.1028, lr: 3.45e-04
     Epoch[12] Iteration[140/384], entropy: 0.3015, uncertainty: 1.9302, uncertainty_coeffi: 0.0001, loss: 0.1353, lr: 9.89e-04
     Epoch[12] Iteration[150/384], entropy: 0.3815, uncertainty: 1.8924, uncertainty_coeffi: 0.0001, loss: 0.1665, lr: 1.65e-04
     Epoch[12] Iteration[160/384], entropy: 0.1950, uncertainty: 1.9304, uncertainty_coeffi: 0.0001, loss: 0.0864, lr: 3.45e-04
     Epoch[12] Iteration[170/384], entropy: 0.3505, uncertainty: 1.8875, uncertainty_coeffi: 0.0001, loss: 0.1624, lr: 9.89e-04
     Epoch[12] Iteration[180/384], entropy: 0.6930, uncertainty: 2.0419, uncertainty_coeffi: 0.0001, loss: 0.2955, lr: 1.65e-04
     Epoch[12] Iteration[190/384], entropy: 0.4031, uncertainty: 1.9706, uncertainty_coeffi: 0.0001, loss: 0.1662, lr: 3.45e-04
     Epoch[12] Iteration[200/384], entropy: 0.1474, uncertainty: 1.7807, uncertainty_coeffi: 0.0001, loss: 0.0738, lr: 9.89e-04
     Epoch[12] Iteration[210/384], entropy: 0.1916, uncertainty: 1.7895, uncertainty_coeffi: 0.0001, loss: 0.0908, lr: 1.65e-04
     Epoch[12] Iteration[220/384], entropy: 0.2600, uncertainty: 1.7285, uncertainty_coeffi: 0.0001, loss: 0.1130, lr: 3.45e-04
     Epoch[12] Iteration[230/384], entropy: 0.1970, uncertainty: 1.8198, uncertainty_coeffi: 0.0001, loss: 0.0872, lr: 9.89e-04
     Epoch[12] Iteration[240/384], entropy: 0.0771, uncertainty: 1.6376, uncertainty_coeffi: 0.0001, loss: 0.0368, lr: 1.65e-04
     Epoch[12] Iteration[250/384], entropy: 0.1978, uncertainty: 1.8080, uncertainty_coeffi: 0.0001, loss: 0.0933, lr: 3.45e-04
     Epoch[12] Iteration[260/384], entropy: 0.2720, uncertainty: 1.9279, uncertainty_coeffi: 0.0001, loss: 0.1212, lr: 9.89e-04
     Epoch[12] Iteration[270/384], entropy: 0.1402, uncertainty: 1.8200, uncertainty_coeffi: 0.0001, loss: 0.0659, lr: 1.65e-04
     Epoch[12] Iteration[280/384], entropy: 0.3973, uncertainty: 1.8290, uncertainty_coeffi: 0.0001, loss: 0.1756, lr: 3.45e-04
     Epoch[12] Iteration[290/384], entropy: 0.1400, uncertainty: 1.7082, uncertainty_coeffi: 0.0001, loss: 0.0655, lr: 9.89e-04
     Epoch[12] Iteration[300/384], entropy: 0.1170, uncertainty: 1.7070, uncertainty_coeffi: 0.0001, loss: 0.0543, lr: 1.65e-04
     Epoch[12] Iteration[310/384], entropy: 0.4561, uncertainty: 1.9426, uncertainty_coeffi: 0.0001, loss: 0.2000, lr: 3.45e-04
     Epoch[12] Iteration[320/384], entropy: 0.4758, uncertainty: 2.0078, uncertainty_coeffi: 0.0001, loss: 0.2087, lr: 9.89e-04
     Epoch[12] Iteration[330/384], entropy: 0.4271, uncertainty: 1.9873, uncertainty_coeffi: 0.0001, loss: 0.1822, lr: 1.65e-04
     Epoch[12] Iteration[340/384], entropy: 0.3696, uncertainty: 1.9123, uncertainty_coeffi: 0.0001, loss: 0.1714, lr: 3.45e-04
     Epoch[12] Iteration[350/384], entropy: 0.2578, uncertainty: 1.8064, uncertainty_coeffi: 0.0001, loss: 0.1179, lr: 9.89e-04
     Epoch[12] Iteration[360/384], entropy: 0.5020, uncertainty: 1.9618, uncertainty_coeffi: 0.0001, loss: 0.2173, lr: 1.65e-04
     Epoch[12] Iteration[370/384], entropy: 0.4623, uncertainty: 1.9770, uncertainty_coeffi: 0.0001, loss: 0.2026, lr: 3.45e-04
     Epoch[12] Iteration[380/384], entropy: 0.3387, uncertainty: 1.9113, uncertainty_coeffi: 0.0001, loss: 0.1596, lr: 9.89e-04
     Averaged stats: entropy_avg: 0.2937, uncertainty_avg: 1.8723, uncertainty_coeffi_avg: 0.0001, loss_avg: 0.1313, lr_avg: 5.09e-04
     itm tta time 0:01:10
     Epoch[13] Iteration[10/384], entropy: 0.0987, uncertainty: 1.6883, uncertainty_coeffi: 0.0001, loss: 0.0529, lr: 0.00e+00
     Epoch[13] Iteration[20/384], entropy: 0.2882, uncertainty: 1.8461, uncertainty_coeffi: 0.0001, loss: 0.1342, lr: 7.50e-04
     Epoch[13] Iteration[30/384], entropy: 0.3357, uncertainty: 1.8480, uncertainty_coeffi: 0.0001, loss: 0.1445, lr: 7.50e-04
     Epoch[13] Iteration[40/384], entropy: 0.3830, uncertainty: 1.9199, uncertainty_coeffi: 0.0001, loss: 0.1605, lr: 0.00e+00
     Epoch[13] Iteration[50/384], entropy: 0.3424, uncertainty: 1.9401, uncertainty_coeffi: 0.0001, loss: 0.1502, lr: 7.50e-04
     Epoch[13] Iteration[60/384], entropy: 0.2448, uncertainty: 1.9522, uncertainty_coeffi: 0.0001, loss: 0.1079, lr: 7.50e-04
     Epoch[13] Iteration[70/384], entropy: 0.3115, uncertainty: 1.9889, uncertainty_coeffi: 0.0001, loss: 0.1344, lr: 0.00e+00
     Epoch[13] Iteration[80/384], entropy: 0.5076, uncertainty: 2.0721, uncertainty_coeffi: 0.0001, loss: 0.2154, lr: 7.50e-04
     Epoch[13] Iteration[90/384], entropy: 0.2609, uncertainty: 1.7729, uncertainty_coeffi: 0.0001, loss: 0.1191, lr: 7.50e-04
     Epoch[13] Iteration[100/384], entropy: 0.2237, uncertainty: 1.8146, uncertainty_coeffi: 0.0001, loss: 0.1009, lr: 0.00e+00
     Epoch[13] Iteration[110/384], entropy: 0.3148, uncertainty: 1.8208, uncertainty_coeffi: 0.0001, loss: 0.1444, lr: 7.50e-04
     Epoch[13] Iteration[120/384], entropy: 0.4569, uncertainty: 1.9774, uncertainty_coeffi: 0.0001, loss: 0.2012, lr: 7.50e-04
     Epoch[13] Iteration[130/384], entropy: 0.1672, uncertainty: 1.8158, uncertainty_coeffi: 0.0001, loss: 0.0763, lr: 0.00e+00
     Epoch[13] Iteration[140/384], entropy: 0.5091, uncertainty: 2.0859, uncertainty_coeffi: 0.0001, loss: 0.2228, lr: 7.50e-04
     Epoch[13] Iteration[150/384], entropy: 0.4173, uncertainty: 1.9221, uncertainty_coeffi: 0.0001, loss: 0.1771, lr: 7.50e-04
     Epoch[13] Iteration[160/384], entropy: 0.3172, uncertainty: 1.7578, uncertainty_coeffi: 0.0001, loss: 0.1385, lr: 0.00e+00
     Epoch[13] Iteration[170/384], entropy: 0.6790, uncertainty: 2.0673, uncertainty_coeffi: 0.0001, loss: 0.2989, lr: 7.50e-04
     Epoch[13] Iteration[180/384], entropy: 0.2509, uncertainty: 1.9673, uncertainty_coeffi: 0.0001, loss: 0.1070, lr: 7.50e-04
     Epoch[13] Iteration[190/384], entropy: 0.2164, uncertainty: 1.8725, uncertainty_coeffi: 0.0001, loss: 0.1025, lr: 0.00e+00
     Epoch[13] Iteration[200/384], entropy: 0.1593, uncertainty: 1.7506, uncertainty_coeffi: 0.0001, loss: 0.0710, lr: 7.50e-04
     Epoch[13] Iteration[210/384], entropy: 0.2180, uncertainty: 1.9257, uncertainty_coeffi: 0.0001, loss: 0.0957, lr: 7.50e-04
     Epoch[13] Iteration[220/384], entropy: 0.2050, uncertainty: 1.8498, uncertainty_coeffi: 0.0001, loss: 0.0939, lr: 0.00e+00
     Epoch[13] Iteration[230/384], entropy: 0.4290, uncertainty: 1.9794, uncertainty_coeffi: 0.0001, loss: 0.1921, lr: 7.50e-04
     Epoch[13] Iteration[240/384], entropy: 0.2573, uncertainty: 1.9448, uncertainty_coeffi: 0.0001, loss: 0.1155, lr: 7.50e-04
     Epoch[13] Iteration[250/384], entropy: 0.4370, uncertainty: 1.9306, uncertainty_coeffi: 0.0001, loss: 0.1941, lr: 0.00e+00
     Epoch[13] Iteration[260/384], entropy: 0.3684, uncertainty: 2.0903, uncertainty_coeffi: 0.0001, loss: 0.1581, lr: 7.50e-04
     Epoch[13] Iteration[270/384], entropy: 0.3891, uncertainty: 1.8700, uncertainty_coeffi: 0.0001, loss: 0.1670, lr: 7.50e-04
     Epoch[13] Iteration[280/384], entropy: 0.4358, uncertainty: 2.0403, uncertainty_coeffi: 0.0001, loss: 0.1907, lr: 0.00e+00
     Epoch[13] Iteration[290/384], entropy: 0.2836, uncertainty: 1.8089, uncertainty_coeffi: 0.0001, loss: 0.1344, lr: 7.50e-04
     Epoch[13] Iteration[300/384], entropy: 0.1323, uncertainty: 1.7996, uncertainty_coeffi: 0.0001, loss: 0.0692, lr: 7.50e-04
     Epoch[13] Iteration[310/384], entropy: 0.3666, uncertainty: 1.8371, uncertainty_coeffi: 0.0001, loss: 0.1645, lr: 0.00e+00
     Epoch[13] Iteration[320/384], entropy: 0.0566, uncertainty: 1.6678, uncertainty_coeffi: 0.0001, loss: 0.0297, lr: 7.50e-04
     Epoch[13] Iteration[330/384], entropy: 0.1681, uncertainty: 1.8203, uncertainty_coeffi: 0.0001, loss: 0.0814, lr: 7.50e-04
     Epoch[13] Iteration[340/384], entropy: 0.1234, uncertainty: 1.7762, uncertainty_coeffi: 0.0001, loss: 0.0578, lr: 0.00e+00
     Epoch[13] Iteration[350/384], entropy: 0.5325, uncertainty: 2.0443, uncertainty_coeffi: 0.0001, loss: 0.2317, lr: 7.50e-04
     Epoch[13] Iteration[360/384], entropy: 0.1315, uncertainty: 1.5447, uncertainty_coeffi: 0.0001, loss: 0.0620, lr: 7.50e-04
     Epoch[13] Iteration[370/384], entropy: 0.3537, uncertainty: 1.8852, uncertainty_coeffi: 0.0001, loss: 0.1499, lr: 0.00e+00
     Epoch[13] Iteration[380/384], entropy: 0.3304, uncertainty: 1.9707, uncertainty_coeffi: 0.0001, loss: 0.1446, lr: 7.50e-04
     Averaged stats: entropy_avg: 0.3080, uncertainty_avg: 1.8859, uncertainty_coeffi_avg: 0.0001, loss_avg: 0.1366, lr_avg: 4.93e-04
     itm tta time 0:01:10
     Epoch[14] Iteration[10/384], entropy: 0.2790, uncertainty: 1.8020, uncertainty_coeffi: 0.0001, loss: 0.1265, lr: 3.45e-04
     Epoch[14] Iteration[20/384], entropy: 0.2149, uncertainty: 1.7716, uncertainty_coeffi: 0.0001, loss: 0.0999, lr: 1.65e-04
     Epoch[14] Iteration[30/384], entropy: 0.2477, uncertainty: 1.8422, uncertainty_coeffi: 0.0001, loss: 0.1042, lr: 9.89e-04
     Epoch[14] Iteration[40/384], entropy: 0.1761, uncertainty: 1.8218, uncertainty_coeffi: 0.0001, loss: 0.0838, lr: 3.45e-04
     Epoch[14] Iteration[50/384], entropy: 0.2882, uncertainty: 1.8739, uncertainty_coeffi: 0.0001, loss: 0.1297, lr: 1.65e-04
     Epoch[14] Iteration[60/384], entropy: 0.2429, uncertainty: 1.9197, uncertainty_coeffi: 0.0001, loss: 0.1154, lr: 9.89e-04
     Epoch[14] Iteration[70/384], entropy: 0.2159, uncertainty: 1.8556, uncertainty_coeffi: 0.0001, loss: 0.1028, lr: 3.45e-04
     Epoch[14] Iteration[80/384], entropy: 0.3370, uncertainty: 1.8774, uncertainty_coeffi: 0.0001, loss: 0.1536, lr: 1.65e-04
     Epoch[14] Iteration[90/384], entropy: 0.2841, uncertainty: 1.8608, uncertainty_coeffi: 0.0001, loss: 0.1222, lr: 9.89e-04
     Epoch[14] Iteration[100/384], entropy: 0.4936, uncertainty: 1.9772, uncertainty_coeffi: 0.0001, loss: 0.2211, lr: 3.45e-04
     Epoch[14] Iteration[110/384], entropy: 0.2421, uncertainty: 1.8709, uncertainty_coeffi: 0.0001, loss: 0.1104, lr: 1.65e-04
     Epoch[14] Iteration[120/384], entropy: 0.2766, uncertainty: 1.7710, uncertainty_coeffi: 0.0001, loss: 0.1218, lr: 9.89e-04
     Epoch[14] Iteration[130/384], entropy: 0.4556, uncertainty: 1.9666, uncertainty_coeffi: 0.0001, loss: 0.1970, lr: 3.45e-04
     Epoch[14] Iteration[140/384], entropy: 0.5258, uncertainty: 2.0642, uncertainty_coeffi: 0.0001, loss: 0.2245, lr: 1.65e-04
     Epoch[14] Iteration[150/384], entropy: 0.4063, uncertainty: 1.8554, uncertainty_coeffi: 0.0001, loss: 0.1831, lr: 9.89e-04
     Epoch[14] Iteration[160/384], entropy: 0.2725, uncertainty: 1.9398, uncertainty_coeffi: 0.0001, loss: 0.1300, lr: 3.45e-04
     Epoch[14] Iteration[170/384], entropy: 0.4730, uncertainty: 2.0616, uncertainty_coeffi: 0.0001, loss: 0.2043, lr: 1.65e-04
     Epoch[14] Iteration[180/384], entropy: 0.1847, uncertainty: 1.7970, uncertainty_coeffi: 0.0001, loss: 0.0950, lr: 9.89e-04
     Epoch[14] Iteration[190/384], entropy: 0.3286, uncertainty: 1.7876, uncertainty_coeffi: 0.0001, loss: 0.1521, lr: 3.45e-04
     Epoch[14] Iteration[200/384], entropy: 0.3445, uncertainty: 2.0328, uncertainty_coeffi: 0.0001, loss: 0.1505, lr: 1.65e-04
     Epoch[14] Iteration[210/384], entropy: 0.2982, uncertainty: 1.9457, uncertainty_coeffi: 0.0001, loss: 0.1365, lr: 9.89e-04
     Epoch[14] Iteration[220/384], entropy: 0.2093, uncertainty: 1.8231, uncertainty_coeffi: 0.0001, loss: 0.0928, lr: 3.45e-04
     Epoch[14] Iteration[230/384], entropy: 0.1269, uncertainty: 1.8614, uncertainty_coeffi: 0.0001, loss: 0.0603, lr: 1.65e-04
     Epoch[14] Iteration[240/384], entropy: 0.3820, uncertainty: 1.8763, uncertainty_coeffi: 0.0001, loss: 0.1723, lr: 9.89e-04
     Epoch[14] Iteration[250/384], entropy: 0.4081, uncertainty: 1.9652, uncertainty_coeffi: 0.0001, loss: 0.1702, lr: 3.45e-04
     Epoch[14] Iteration[260/384], entropy: 0.2943, uncertainty: 1.9413, uncertainty_coeffi: 0.0001, loss: 0.1325, lr: 1.65e-04
     Epoch[14] Iteration[270/384], entropy: 0.1729, uncertainty: 1.6850, uncertainty_coeffi: 0.0001, loss: 0.0798, lr: 9.89e-04
     Epoch[14] Iteration[280/384], entropy: 0.3434, uncertainty: 1.9511, uncertainty_coeffi: 0.0001, loss: 0.1583, lr: 3.45e-04
     Epoch[14] Iteration[290/384], entropy: 0.2301, uncertainty: 1.7100, uncertainty_coeffi: 0.0001, loss: 0.0987, lr: 1.65e-04
     Epoch[14] Iteration[300/384], entropy: 0.3395, uncertainty: 1.8399, uncertainty_coeffi: 0.0001, loss: 0.1420, lr: 9.89e-04
     Epoch[14] Iteration[310/384], entropy: 0.3395, uncertainty: 1.8498, uncertainty_coeffi: 0.0001, loss: 0.1474, lr: 3.45e-04
     Epoch[14] Iteration[320/384], entropy: 0.3934, uncertainty: 1.8052, uncertainty_coeffi: 0.0001, loss: 0.1843, lr: 1.65e-04
     Epoch[14] Iteration[330/384], entropy: 0.3195, uncertainty: 1.8105, uncertainty_coeffi: 0.0001, loss: 0.1406, lr: 9.89e-04
     Epoch[14] Iteration[340/384], entropy: 0.2143, uncertainty: 1.7842, uncertainty_coeffi: 0.0001, loss: 0.0940, lr: 3.45e-04
     Epoch[14] Iteration[350/384], entropy: 0.2108, uncertainty: 1.9200, uncertainty_coeffi: 0.0001, loss: 0.0924, lr: 1.65e-04
     Epoch[14] Iteration[360/384], entropy: 0.4673, uncertainty: 2.0251, uncertainty_coeffi: 0.0001, loss: 0.2078, lr: 9.89e-04
     Epoch[14] Iteration[370/384], entropy: 0.1944, uncertainty: 1.7404, uncertainty_coeffi: 0.0001, loss: 0.0897, lr: 3.45e-04
     Epoch[14] Iteration[380/384], entropy: 0.1602, uncertainty: 1.8060, uncertainty_coeffi: 0.0001, loss: 0.0714, lr: 1.65e-04
     Averaged stats: entropy_avg: 0.2998, uncertainty_avg: 1.8708, uncertainty_coeffi_avg: 0.0001, loss_avg: 0.1342, lr_avg: 4.87e-04
     itm tta time 0:01:11
### TTA Eval Score: 
+-------+--------+--------+--------+--------+--------+
| epoch |   R1   |   R5   |  R10   |  mAP   |  mINP  |
+-------+--------+--------+--------+--------+--------+
|  -999 | 70.598 | 86.891 | 91.780 | 63.391 | 47.063 |
|   0   | 70.370 | 86.777 | 91.650 | 63.305 | 47.081 |
|   1   | 70.517 | 86.615 | 91.699 | 63.334 | 47.035 |
|   2   | 70.468 | 86.696 | 91.764 | 63.353 | 47.140 |
|   4   | 70.208 | 86.517 | 91.699 | 63.212 | 46.904 |
|   9   | 70.484 | 86.663 | 91.667 | 63.274 | 46.931 |
|   14  | 70.224 | 86.663 | 91.618 | 63.133 | 46.827 |
+-------+--------+--------+--------+--------+--------+
     logs:  {'epo': 14, 'R1': 70.224, 'R5': 86.663, 'R10': 91.618, 'mAP': 63.133, 'mINP': 46.827, 'entropy': 0.2998075179363552, 'uncertainty': 1.8707704136246128, 'uncertainty_coeffi': 9.999999747378752e-05, 'loss': 0.134190511252535, 'lr': 0.00048712963683243427}
     Epoch[15] Iteration[10/384], entropy: 0.2830, uncertainty: 1.9125, uncertainty_coeffi: 0.0001, loss: 0.1227, lr: 9.05e-04
     Epoch[15] Iteration[20/384], entropy: 0.5475, uncertainty: 1.9087, uncertainty_coeffi: 0.0001, loss: 0.2356, lr: 4.32e-05
     Epoch[15] Iteration[30/384], entropy: 0.3180, uncertainty: 1.8681, uncertainty_coeffi: 0.0001, loss: 0.1525, lr: 5.52e-04
     Epoch[15] Iteration[40/384], entropy: 0.1703, uncertainty: 1.8094, uncertainty_coeffi: 0.0001, loss: 0.0903, lr: 9.05e-04
     Epoch[15] Iteration[50/384], entropy: 0.4125, uncertainty: 1.9032, uncertainty_coeffi: 0.0001, loss: 0.1867, lr: 4.32e-05
     Epoch[15] Iteration[60/384], entropy: 0.1686, uncertainty: 1.8271, uncertainty_coeffi: 0.0001, loss: 0.0770, lr: 5.52e-04
     Epoch[15] Iteration[70/384], entropy: 0.2538, uncertainty: 1.8805, uncertainty_coeffi: 0.0001, loss: 0.1079, lr: 9.05e-04
     Epoch[15] Iteration[80/384], entropy: 0.4494, uncertainty: 2.0351, uncertainty_coeffi: 0.0001, loss: 0.1885, lr: 4.32e-05
     Epoch[15] Iteration[90/384], entropy: 0.2622, uncertainty: 1.8857, uncertainty_coeffi: 0.0001, loss: 0.1143, lr: 5.52e-04
     Epoch[15] Iteration[100/384], entropy: 0.3270, uncertainty: 1.6874, uncertainty_coeffi: 0.0001, loss: 0.1473, lr: 9.05e-04
     Epoch[15] Iteration[110/384], entropy: 0.3265, uncertainty: 2.0089, uncertainty_coeffi: 0.0001, loss: 0.1442, lr: 4.32e-05
     Epoch[15] Iteration[120/384], entropy: 0.3157, uncertainty: 1.8953, uncertainty_coeffi: 0.0001, loss: 0.1486, lr: 5.52e-04
     Epoch[15] Iteration[130/384], entropy: 0.4754, uncertainty: 2.0689, uncertainty_coeffi: 0.0001, loss: 0.1971, lr: 9.05e-04
     Epoch[15] Iteration[140/384], entropy: 0.3825, uncertainty: 2.0186, uncertainty_coeffi: 0.0001, loss: 0.1662, lr: 4.32e-05
     Epoch[15] Iteration[150/384], entropy: 0.3587, uncertainty: 1.9514, uncertainty_coeffi: 0.0001, loss: 0.1600, lr: 5.52e-04
     Epoch[15] Iteration[160/384], entropy: 0.2032, uncertainty: 1.8635, uncertainty_coeffi: 0.0001, loss: 0.0904, lr: 9.05e-04
     Epoch[15] Iteration[170/384], entropy: 0.2516, uncertainty: 1.8674, uncertainty_coeffi: 0.0001, loss: 0.1142, lr: 4.32e-05
     Epoch[15] Iteration[180/384], entropy: 0.2958, uncertainty: 1.8809, uncertainty_coeffi: 0.0001, loss: 0.1282, lr: 5.52e-04
     Epoch[15] Iteration[190/384], entropy: 0.6635, uncertainty: 2.1900, uncertainty_coeffi: 0.0001, loss: 0.2793, lr: 9.05e-04
     Epoch[15] Iteration[200/384], entropy: 0.3405, uncertainty: 1.9610, uncertainty_coeffi: 0.0001, loss: 0.1513, lr: 4.32e-05
     Epoch[15] Iteration[210/384], entropy: 0.3066, uncertainty: 1.8264, uncertainty_coeffi: 0.0001, loss: 0.1361, lr: 5.52e-04
     Epoch[15] Iteration[220/384], entropy: 0.4118, uncertainty: 1.9710, uncertainty_coeffi: 0.0001, loss: 0.1782, lr: 9.05e-04
     Epoch[15] Iteration[230/384], entropy: 0.1240, uncertainty: 1.6655, uncertainty_coeffi: 0.0001, loss: 0.0580, lr: 4.32e-05
     Epoch[15] Iteration[240/384], entropy: 0.2290, uncertainty: 1.9669, uncertainty_coeffi: 0.0001, loss: 0.1030, lr: 5.52e-04
     Epoch[15] Iteration[250/384], entropy: 0.4291, uncertainty: 1.9517, uncertainty_coeffi: 0.0001, loss: 0.1908, lr: 9.05e-04
     Epoch[15] Iteration[260/384], entropy: 0.3319, uncertainty: 1.9303, uncertainty_coeffi: 0.0001, loss: 0.1462, lr: 4.32e-05
     Epoch[15] Iteration[270/384], entropy: 0.4074, uncertainty: 1.8123, uncertainty_coeffi: 0.0001, loss: 0.1789, lr: 5.52e-04
     Epoch[15] Iteration[280/384], entropy: 0.1812, uncertainty: 1.8907, uncertainty_coeffi: 0.0001, loss: 0.0815, lr: 9.05e-04
     Epoch[15] Iteration[290/384], entropy: 0.2956, uncertainty: 1.9711, uncertainty_coeffi: 0.0001, loss: 0.1311, lr: 4.32e-05
     Epoch[15] Iteration[300/384], entropy: 0.1663, uncertainty: 1.8423, uncertainty_coeffi: 0.0001, loss: 0.0764, lr: 5.52e-04
     Epoch[15] Iteration[310/384], entropy: 0.5673, uncertainty: 2.0431, uncertainty_coeffi: 0.0001, loss: 0.2351, lr: 9.05e-04
     Epoch[15] Iteration[320/384], entropy: 0.2987, uncertainty: 1.9341, uncertainty_coeffi: 0.0001, loss: 0.1334, lr: 4.32e-05
     Epoch[15] Iteration[330/384], entropy: 0.3082, uncertainty: 1.8505, uncertainty_coeffi: 0.0001, loss: 0.1385, lr: 5.52e-04
     Epoch[15] Iteration[340/384], entropy: 0.4647, uncertainty: 2.0041, uncertainty_coeffi: 0.0001, loss: 0.2023, lr: 9.05e-04
     Epoch[15] Iteration[350/384], entropy: 0.2306, uncertainty: 1.7600, uncertainty_coeffi: 0.0001, loss: 0.1079, lr: 4.32e-05
     Epoch[15] Iteration[360/384], entropy: 0.3262, uncertainty: 1.8834, uncertainty_coeffi: 0.0001, loss: 0.1401, lr: 5.52e-04
     Epoch[15] Iteration[370/384], entropy: 0.2160, uncertainty: 1.9667, uncertainty_coeffi: 0.0001, loss: 0.0955, lr: 9.05e-04
     Epoch[15] Iteration[380/384], entropy: 0.4982, uncertainty: 1.9487, uncertainty_coeffi: 0.0001, loss: 0.2138, lr: 4.32e-05
     Averaged stats: entropy_avg: 0.3315, uncertainty_avg: 1.9117, uncertainty_coeffi_avg: 0.0001, loss_avg: 0.1460, lr_avg: 4.99e-04
     itm tta time 0:01:10
     Epoch[16] Iteration[10/384], entropy: 0.3428, uncertainty: 1.9278, uncertainty_coeffi: 0.0001, loss: 0.1536, lr: 9.05e-04
     Epoch[16] Iteration[20/384], entropy: 0.3012, uncertainty: 1.9565, uncertainty_coeffi: 0.0001, loss: 0.1406, lr: 5.52e-04
     Epoch[16] Iteration[30/384], entropy: 0.1259, uncertainty: 1.7402, uncertainty_coeffi: 0.0001, loss: 0.0585, lr: 4.32e-05
     Epoch[16] Iteration[40/384], entropy: 0.3132, uncertainty: 2.0075, uncertainty_coeffi: 0.0001, loss: 0.1456, lr: 9.05e-04
     Epoch[16] Iteration[50/384], entropy: 0.3260, uncertainty: 2.0222, uncertainty_coeffi: 0.0001, loss: 0.1409, lr: 5.52e-04
     Epoch[16] Iteration[60/384], entropy: 0.4134, uncertainty: 1.9520, uncertainty_coeffi: 0.0001, loss: 0.1858, lr: 4.32e-05
     Epoch[16] Iteration[70/384], entropy: 0.2703, uncertainty: 1.8218, uncertainty_coeffi: 0.0001, loss: 0.1258, lr: 9.05e-04
     Epoch[16] Iteration[80/384], entropy: 0.5025, uncertainty: 1.9800, uncertainty_coeffi: 0.0001, loss: 0.2199, lr: 5.52e-04
     Epoch[16] Iteration[90/384], entropy: 0.2251, uncertainty: 1.8086, uncertainty_coeffi: 0.0001, loss: 0.0988, lr: 4.32e-05
     Epoch[16] Iteration[100/384], entropy: 0.3912, uncertainty: 2.0062, uncertainty_coeffi: 0.0001, loss: 0.1769, lr: 9.05e-04
     Epoch[16] Iteration[110/384], entropy: 0.1299, uncertainty: 1.7018, uncertainty_coeffi: 0.0001, loss: 0.0656, lr: 5.52e-04
     Epoch[16] Iteration[120/384], entropy: 0.3996, uncertainty: 1.9725, uncertainty_coeffi: 0.0001, loss: 0.1642, lr: 4.32e-05
     Epoch[16] Iteration[130/384], entropy: 0.2675, uncertainty: 1.7889, uncertainty_coeffi: 0.0001, loss: 0.1253, lr: 9.05e-04
     Epoch[16] Iteration[140/384], entropy: 0.4304, uncertainty: 2.0353, uncertainty_coeffi: 0.0001, loss: 0.1774, lr: 5.52e-04
     Epoch[16] Iteration[150/384], entropy: 0.1710, uncertainty: 1.8112, uncertainty_coeffi: 0.0001, loss: 0.0745, lr: 4.32e-05
     Epoch[16] Iteration[160/384], entropy: 0.5615, uncertainty: 1.9808, uncertainty_coeffi: 0.0001, loss: 0.2402, lr: 9.05e-04
     Epoch[16] Iteration[170/384], entropy: 0.2607, uncertainty: 1.8582, uncertainty_coeffi: 0.0001, loss: 0.1153, lr: 5.52e-04
     Epoch[16] Iteration[180/384], entropy: 0.4023, uncertainty: 1.9908, uncertainty_coeffi: 0.0001, loss: 0.1735, lr: 4.32e-05
     Epoch[16] Iteration[190/384], entropy: 0.3712, uncertainty: 2.0513, uncertainty_coeffi: 0.0001, loss: 0.1673, lr: 9.05e-04
     Epoch[16] Iteration[200/384], entropy: 0.2665, uncertainty: 1.8183, uncertainty_coeffi: 0.0001, loss: 0.1197, lr: 5.52e-04
     Epoch[16] Iteration[210/384], entropy: 0.2013, uncertainty: 1.8034, uncertainty_coeffi: 0.0001, loss: 0.0983, lr: 4.32e-05
     Epoch[16] Iteration[220/384], entropy: 0.2288, uncertainty: 1.8157, uncertainty_coeffi: 0.0001, loss: 0.1079, lr: 9.05e-04
     Epoch[16] Iteration[230/384], entropy: 0.1287, uncertainty: 1.6866, uncertainty_coeffi: 0.0001, loss: 0.0620, lr: 5.52e-04
     Epoch[16] Iteration[240/384], entropy: 0.2712, uncertainty: 1.9457, uncertainty_coeffi: 0.0001, loss: 0.1186, lr: 4.32e-05
     Epoch[16] Iteration[250/384], entropy: 0.3197, uncertainty: 1.8647, uncertainty_coeffi: 0.0001, loss: 0.1414, lr: 9.05e-04
     Epoch[16] Iteration[260/384], entropy: 0.2092, uncertainty: 1.7597, uncertainty_coeffi: 0.0001, loss: 0.0981, lr: 5.52e-04
     Epoch[16] Iteration[270/384], entropy: 0.2103, uncertainty: 1.9066, uncertainty_coeffi: 0.0001, loss: 0.0976, lr: 4.32e-05
     Epoch[16] Iteration[280/384], entropy: 0.2700, uncertainty: 1.8711, uncertainty_coeffi: 0.0001, loss: 0.1239, lr: 9.05e-04
     Epoch[16] Iteration[290/384], entropy: 0.2453, uncertainty: 1.7685, uncertainty_coeffi: 0.0001, loss: 0.1166, lr: 5.52e-04
     Epoch[16] Iteration[300/384], entropy: 0.1673, uncertainty: 1.7399, uncertainty_coeffi: 0.0001, loss: 0.0795, lr: 4.32e-05
     Epoch[16] Iteration[310/384], entropy: 0.4011, uncertainty: 1.9919, uncertainty_coeffi: 0.0001, loss: 0.1682, lr: 9.05e-04
     Epoch[16] Iteration[320/384], entropy: 0.2882, uncertainty: 1.9618, uncertainty_coeffi: 0.0001, loss: 0.1257, lr: 5.52e-04
     Epoch[16] Iteration[330/384], entropy: 0.2096, uncertainty: 1.7211, uncertainty_coeffi: 0.0001, loss: 0.1028, lr: 4.32e-05
     Epoch[16] Iteration[340/384], entropy: 0.3172, uncertainty: 1.7975, uncertainty_coeffi: 0.0001, loss: 0.1425, lr: 9.05e-04
     Epoch[16] Iteration[350/384], entropy: 0.2723, uncertainty: 2.0400, uncertainty_coeffi: 0.0001, loss: 0.1172, lr: 5.52e-04
     Epoch[16] Iteration[360/384], entropy: 0.3320, uncertainty: 1.9338, uncertainty_coeffi: 0.0001, loss: 0.1474, lr: 4.32e-05
     Epoch[16] Iteration[370/384], entropy: 0.2504, uncertainty: 1.9189, uncertainty_coeffi: 0.0001, loss: 0.1127, lr: 9.05e-04
     Epoch[16] Iteration[380/384], entropy: 0.2334, uncertainty: 1.7473, uncertainty_coeffi: 0.0001, loss: 0.1013, lr: 5.52e-04
     Averaged stats: entropy_avg: 0.2902, uncertainty_avg: 1.8817, uncertainty_coeffi_avg: 0.0001, loss_avg: 0.1298, lr_avg: 5.12e-04
     itm tta time 0:01:10
     Epoch[17] Iteration[10/384], entropy: 0.1084, uncertainty: 1.6288, uncertainty_coeffi: 0.0001, loss: 0.0596, lr: 3.45e-04
     Epoch[17] Iteration[20/384], entropy: 0.2919, uncertainty: 1.9015, uncertainty_coeffi: 0.0001, loss: 0.1276, lr: 1.00e-03
     Epoch[17] Iteration[30/384], entropy: 0.4865, uncertainty: 1.8986, uncertainty_coeffi: 0.0001, loss: 0.2070, lr: 2.50e-04
     Epoch[17] Iteration[40/384], entropy: 0.3051, uncertainty: 1.6680, uncertainty_coeffi: 0.0001, loss: 0.1356, lr: 2.50e-04
     Epoch[17] Iteration[50/384], entropy: 0.3178, uncertainty: 1.9674, uncertainty_coeffi: 0.0001, loss: 0.1377, lr: 1.00e-03
     Epoch[17] Iteration[60/384], entropy: 0.3407, uncertainty: 1.7890, uncertainty_coeffi: 0.0001, loss: 0.1492, lr: 2.50e-04
     Epoch[17] Iteration[70/384], entropy: 0.1659, uncertainty: 1.7797, uncertainty_coeffi: 0.0001, loss: 0.0784, lr: 2.50e-04
     Epoch[17] Iteration[80/384], entropy: 0.2723, uncertainty: 1.9153, uncertainty_coeffi: 0.0001, loss: 0.1224, lr: 1.00e-03
     Epoch[17] Iteration[90/384], entropy: 0.2901, uncertainty: 1.8826, uncertainty_coeffi: 0.0001, loss: 0.1326, lr: 2.50e-04
     Epoch[17] Iteration[100/384], entropy: 0.3358, uncertainty: 1.8774, uncertainty_coeffi: 0.0001, loss: 0.1649, lr: 2.50e-04
     Epoch[17] Iteration[110/384], entropy: 0.2947, uncertainty: 1.9026, uncertainty_coeffi: 0.0001, loss: 0.1288, lr: 1.00e-03
     Epoch[17] Iteration[120/384], entropy: 0.4565, uncertainty: 1.9558, uncertainty_coeffi: 0.0001, loss: 0.1945, lr: 2.50e-04
     Epoch[17] Iteration[130/384], entropy: 0.4625, uncertainty: 2.0111, uncertainty_coeffi: 0.0001, loss: 0.2014, lr: 2.50e-04
     Epoch[17] Iteration[140/384], entropy: 0.0983, uncertainty: 1.7164, uncertainty_coeffi: 0.0001, loss: 0.0477, lr: 1.00e-03
     Epoch[17] Iteration[150/384], entropy: 0.2448, uncertainty: 1.8728, uncertainty_coeffi: 0.0001, loss: 0.1087, lr: 2.50e-04
     Epoch[17] Iteration[160/384], entropy: 0.2955, uncertainty: 1.7288, uncertainty_coeffi: 0.0001, loss: 0.1303, lr: 2.50e-04
     Epoch[17] Iteration[170/384], entropy: 0.3647, uncertainty: 1.9206, uncertainty_coeffi: 0.0001, loss: 0.1539, lr: 1.00e-03
     Epoch[17] Iteration[180/384], entropy: 0.2345, uncertainty: 1.8998, uncertainty_coeffi: 0.0001, loss: 0.1034, lr: 2.50e-04
     Epoch[17] Iteration[190/384], entropy: 0.3282, uncertainty: 1.9063, uncertainty_coeffi: 0.0001, loss: 0.1426, lr: 2.50e-04
     Epoch[17] Iteration[200/384], entropy: 0.2470, uncertainty: 1.7472, uncertainty_coeffi: 0.0001, loss: 0.1106, lr: 1.00e-03
     Epoch[17] Iteration[210/384], entropy: 0.3542, uncertainty: 1.9768, uncertainty_coeffi: 0.0001, loss: 0.1566, lr: 2.50e-04
     Epoch[17] Iteration[220/384], entropy: 0.3450, uncertainty: 1.8193, uncertainty_coeffi: 0.0001, loss: 0.1496, lr: 2.50e-04
     Epoch[17] Iteration[230/384], entropy: 0.3265, uncertainty: 1.8816, uncertainty_coeffi: 0.0001, loss: 0.1429, lr: 1.00e-03
     Epoch[17] Iteration[240/384], entropy: 0.2077, uncertainty: 1.7931, uncertainty_coeffi: 0.0001, loss: 0.0976, lr: 2.50e-04
     Epoch[17] Iteration[250/384], entropy: 0.2231, uncertainty: 1.8761, uncertainty_coeffi: 0.0001, loss: 0.1005, lr: 2.50e-04
     Epoch[17] Iteration[260/384], entropy: 0.3612, uncertainty: 1.7341, uncertainty_coeffi: 0.0001, loss: 0.1584, lr: 1.00e-03
     Epoch[17] Iteration[270/384], entropy: 0.2380, uncertainty: 1.7564, uncertainty_coeffi: 0.0001, loss: 0.1031, lr: 2.50e-04
     Epoch[17] Iteration[280/384], entropy: 0.2855, uncertainty: 1.7741, uncertainty_coeffi: 0.0001, loss: 0.1348, lr: 2.50e-04
     Epoch[17] Iteration[290/384], entropy: 0.5991, uncertainty: 2.1189, uncertainty_coeffi: 0.0001, loss: 0.2498, lr: 1.00e-03
     Epoch[17] Iteration[300/384], entropy: 0.2926, uncertainty: 1.8599, uncertainty_coeffi: 0.0001, loss: 0.1228, lr: 2.50e-04
     Epoch[17] Iteration[310/384], entropy: 0.4167, uncertainty: 2.0508, uncertainty_coeffi: 0.0001, loss: 0.1779, lr: 2.50e-04
     Epoch[17] Iteration[320/384], entropy: 0.2624, uncertainty: 1.9062, uncertainty_coeffi: 0.0001, loss: 0.1154, lr: 1.00e-03
     Epoch[17] Iteration[330/384], entropy: 0.2023, uncertainty: 1.8256, uncertainty_coeffi: 0.0001, loss: 0.0882, lr: 2.50e-04
     Epoch[17] Iteration[340/384], entropy: 0.4918, uncertainty: 2.0784, uncertainty_coeffi: 0.0001, loss: 0.2151, lr: 2.50e-04
     Epoch[17] Iteration[350/384], entropy: 0.4159, uncertainty: 1.8260, uncertainty_coeffi: 0.0001, loss: 0.1809, lr: 1.00e-03
     Epoch[17] Iteration[360/384], entropy: 0.3958, uncertainty: 2.0051, uncertainty_coeffi: 0.0001, loss: 0.1739, lr: 2.50e-04
     Epoch[17] Iteration[370/384], entropy: 0.5464, uncertainty: 2.0750, uncertainty_coeffi: 0.0001, loss: 0.2370, lr: 2.50e-04
     Epoch[17] Iteration[380/384], entropy: 0.2047, uncertainty: 1.7362, uncertainty_coeffi: 0.0001, loss: 0.0908, lr: 1.00e-03
     Averaged stats: entropy_avg: 0.3187, uncertainty_avg: 1.8701, uncertainty_coeffi_avg: 0.0001, loss_avg: 0.1403, lr_avg: 5.09e-04
     itm tta time 0:01:11
     Epoch[18] Iteration[10/384], entropy: 0.3212, uncertainty: 1.8273, uncertainty_coeffi: 0.0001, loss: 0.1507, lr: 1.09e-05
     Epoch[18] Iteration[20/384], entropy: 0.3868, uncertainty: 1.9738, uncertainty_coeffi: 0.0001, loss: 0.1714, lr: 6.55e-04
     Epoch[18] Iteration[30/384], entropy: 0.2528, uncertainty: 1.8659, uncertainty_coeffi: 0.0001, loss: 0.1169, lr: 8.35e-04
     Epoch[18] Iteration[40/384], entropy: 0.1160, uncertainty: 1.7242, uncertainty_coeffi: 0.0001, loss: 0.0563, lr: 1.09e-05
     Epoch[18] Iteration[50/384], entropy: 0.4761, uncertainty: 2.0555, uncertainty_coeffi: 0.0001, loss: 0.2071, lr: 6.55e-04
     Epoch[18] Iteration[60/384], entropy: 0.1210, uncertainty: 1.6904, uncertainty_coeffi: 0.0001, loss: 0.0595, lr: 8.35e-04
     Epoch[18] Iteration[70/384], entropy: 0.4368, uncertainty: 1.9790, uncertainty_coeffi: 0.0001, loss: 0.1916, lr: 1.09e-05
     Epoch[18] Iteration[80/384], entropy: 0.4203, uncertainty: 1.9193, uncertainty_coeffi: 0.0001, loss: 0.1927, lr: 6.55e-04
     Epoch[18] Iteration[90/384], entropy: 0.4532, uncertainty: 2.0836, uncertainty_coeffi: 0.0001, loss: 0.1901, lr: 8.35e-04
     Epoch[18] Iteration[100/384], entropy: 0.1844, uncertainty: 1.7816, uncertainty_coeffi: 0.0001, loss: 0.0885, lr: 1.09e-05
     Epoch[18] Iteration[110/384], entropy: 0.1789, uncertainty: 1.8046, uncertainty_coeffi: 0.0001, loss: 0.0872, lr: 6.55e-04
     Epoch[18] Iteration[120/384], entropy: 0.3096, uncertainty: 1.8680, uncertainty_coeffi: 0.0001, loss: 0.1392, lr: 8.35e-04
     Epoch[18] Iteration[130/384], entropy: 0.3060, uncertainty: 1.7220, uncertainty_coeffi: 0.0001, loss: 0.1328, lr: 1.09e-05
     Epoch[18] Iteration[140/384], entropy: 0.4315, uncertainty: 1.9945, uncertainty_coeffi: 0.0001, loss: 0.1910, lr: 6.55e-04
     Epoch[18] Iteration[150/384], entropy: 0.3652, uncertainty: 1.9733, uncertainty_coeffi: 0.0001, loss: 0.1664, lr: 8.35e-04
     Epoch[18] Iteration[160/384], entropy: 0.3059, uncertainty: 2.0479, uncertainty_coeffi: 0.0001, loss: 0.1324, lr: 1.09e-05
     Epoch[18] Iteration[170/384], entropy: 0.4490, uncertainty: 1.9670, uncertainty_coeffi: 0.0001, loss: 0.1907, lr: 6.55e-04
     Epoch[18] Iteration[180/384], entropy: 0.1698, uncertainty: 1.6895, uncertainty_coeffi: 0.0001, loss: 0.0828, lr: 8.35e-04
     Epoch[18] Iteration[190/384], entropy: 0.2953, uncertainty: 1.9406, uncertainty_coeffi: 0.0001, loss: 0.1325, lr: 1.09e-05
     Epoch[18] Iteration[200/384], entropy: 0.1587, uncertainty: 1.7604, uncertainty_coeffi: 0.0001, loss: 0.0688, lr: 6.55e-04
     Epoch[18] Iteration[210/384], entropy: 0.4469, uncertainty: 1.9046, uncertainty_coeffi: 0.0001, loss: 0.1934, lr: 8.35e-04
     Epoch[18] Iteration[220/384], entropy: 0.2506, uncertainty: 1.7612, uncertainty_coeffi: 0.0001, loss: 0.1181, lr: 1.09e-05
     Epoch[18] Iteration[230/384], entropy: 0.1496, uncertainty: 1.6905, uncertainty_coeffi: 0.0001, loss: 0.0682, lr: 6.55e-04
     Epoch[18] Iteration[240/384], entropy: 0.2607, uncertainty: 1.8617, uncertainty_coeffi: 0.0001, loss: 0.1134, lr: 8.35e-04
     Epoch[18] Iteration[250/384], entropy: 0.5067, uncertainty: 1.8135, uncertainty_coeffi: 0.0001, loss: 0.2202, lr: 1.09e-05
     Epoch[18] Iteration[260/384], entropy: 0.2649, uncertainty: 1.9790, uncertainty_coeffi: 0.0001, loss: 0.1227, lr: 6.55e-04
     Epoch[18] Iteration[270/384], entropy: 0.2994, uncertainty: 1.9832, uncertainty_coeffi: 0.0001, loss: 0.1401, lr: 8.35e-04
     Epoch[18] Iteration[280/384], entropy: 0.3109, uncertainty: 1.9217, uncertainty_coeffi: 0.0001, loss: 0.1384, lr: 1.09e-05
     Epoch[18] Iteration[290/384], entropy: 0.1503, uncertainty: 1.8038, uncertainty_coeffi: 0.0001, loss: 0.0728, lr: 6.55e-04
     Epoch[18] Iteration[300/384], entropy: 0.1863, uncertainty: 1.7230, uncertainty_coeffi: 0.0001, loss: 0.0794, lr: 8.35e-04
     Epoch[18] Iteration[310/384], entropy: 0.2178, uncertainty: 1.7389, uncertainty_coeffi: 0.0001, loss: 0.0925, lr: 1.09e-05
     Epoch[18] Iteration[320/384], entropy: 0.2643, uncertainty: 1.8067, uncertainty_coeffi: 0.0001, loss: 0.1149, lr: 6.55e-04
     Epoch[18] Iteration[330/384], entropy: 0.2361, uncertainty: 1.7787, uncertainty_coeffi: 0.0001, loss: 0.1072, lr: 8.35e-04
     Epoch[18] Iteration[340/384], entropy: 0.3048, uncertainty: 1.8894, uncertainty_coeffi: 0.0001, loss: 0.1324, lr: 1.09e-05
     Epoch[18] Iteration[350/384], entropy: 0.3543, uncertainty: 2.0713, uncertainty_coeffi: 0.0001, loss: 0.1537, lr: 6.55e-04
     Epoch[18] Iteration[360/384], entropy: 0.1935, uncertainty: 1.7662, uncertainty_coeffi: 0.0001, loss: 0.0924, lr: 8.35e-04
     Epoch[18] Iteration[370/384], entropy: 0.4160, uncertainty: 2.0172, uncertainty_coeffi: 0.0001, loss: 0.1815, lr: 1.09e-05
     Epoch[18] Iteration[380/384], entropy: 0.2756, uncertainty: 1.8618, uncertainty_coeffi: 0.0001, loss: 0.1217, lr: 6.55e-04
     Averaged stats: entropy_avg: 0.2955, uncertainty_avg: 1.8695, uncertainty_coeffi_avg: 0.0001, loss_avg: 0.1319, lr_avg: 4.91e-04
     itm tta time 0:01:10
     Epoch[19] Iteration[10/384], entropy: 0.4369, uncertainty: 1.9323, uncertainty_coeffi: 0.0001, loss: 0.1910, lr: 4.48e-04
     Epoch[19] Iteration[20/384], entropy: 0.3512, uncertainty: 1.9156, uncertainty_coeffi: 0.0001, loss: 0.1571, lr: 9.55e-05
     Epoch[19] Iteration[30/384], entropy: 0.3082, uncertainty: 1.8259, uncertainty_coeffi: 0.0001, loss: 0.1325, lr: 9.57e-04
     Epoch[19] Iteration[40/384], entropy: 0.3450, uncertainty: 1.9339, uncertainty_coeffi: 0.0001, loss: 0.1531, lr: 4.48e-04
     Epoch[19] Iteration[50/384], entropy: 0.2403, uncertainty: 1.7832, uncertainty_coeffi: 0.0001, loss: 0.1077, lr: 9.55e-05
     Epoch[19] Iteration[60/384], entropy: 0.3689, uncertainty: 1.8527, uncertainty_coeffi: 0.0001, loss: 0.1558, lr: 9.57e-04
     Epoch[19] Iteration[70/384], entropy: 0.1304, uncertainty: 1.7401, uncertainty_coeffi: 0.0001, loss: 0.0618, lr: 4.48e-04
     Epoch[19] Iteration[80/384], entropy: 0.2840, uncertainty: 1.7970, uncertainty_coeffi: 0.0001, loss: 0.1247, lr: 9.55e-05
     Epoch[19] Iteration[90/384], entropy: 0.4698, uncertainty: 1.9794, uncertainty_coeffi: 0.0001, loss: 0.2103, lr: 9.57e-04
     Epoch[19] Iteration[100/384], entropy: 0.2853, uncertainty: 1.8969, uncertainty_coeffi: 0.0001, loss: 0.1275, lr: 4.48e-04
     Epoch[19] Iteration[110/384], entropy: 0.2358, uncertainty: 1.9182, uncertainty_coeffi: 0.0001, loss: 0.1085, lr: 9.55e-05
     Epoch[19] Iteration[120/384], entropy: 0.1874, uncertainty: 1.8894, uncertainty_coeffi: 0.0001, loss: 0.0886, lr: 9.57e-04
     Epoch[19] Iteration[130/384], entropy: 0.2320, uncertainty: 1.8266, uncertainty_coeffi: 0.0001, loss: 0.1028, lr: 4.48e-04
     Epoch[19] Iteration[140/384], entropy: 0.1454, uncertainty: 1.7797, uncertainty_coeffi: 0.0001, loss: 0.0674, lr: 9.55e-05
     Epoch[19] Iteration[150/384], entropy: 0.4186, uncertainty: 1.8784, uncertainty_coeffi: 0.0001, loss: 0.1889, lr: 9.57e-04
     Epoch[19] Iteration[160/384], entropy: 0.2435, uncertainty: 1.6840, uncertainty_coeffi: 0.0001, loss: 0.1160, lr: 4.48e-04
     Epoch[19] Iteration[170/384], entropy: 0.1651, uncertainty: 1.8598, uncertainty_coeffi: 0.0001, loss: 0.0825, lr: 9.55e-05
     Epoch[19] Iteration[180/384], entropy: 0.4749, uncertainty: 2.0749, uncertainty_coeffi: 0.0001, loss: 0.1994, lr: 9.57e-04
     Epoch[19] Iteration[190/384], entropy: 0.3269, uncertainty: 1.8048, uncertainty_coeffi: 0.0001, loss: 0.1422, lr: 4.48e-04
     Epoch[19] Iteration[200/384], entropy: 0.3157, uncertainty: 1.8736, uncertainty_coeffi: 0.0001, loss: 0.1482, lr: 9.55e-05
     Epoch[19] Iteration[210/384], entropy: 0.2915, uncertainty: 1.9571, uncertainty_coeffi: 0.0001, loss: 0.1335, lr: 9.57e-04
     Epoch[19] Iteration[220/384], entropy: 0.2517, uncertainty: 1.7905, uncertainty_coeffi: 0.0001, loss: 0.1150, lr: 4.48e-04
     Epoch[19] Iteration[230/384], entropy: 0.3024, uncertainty: 2.0282, uncertainty_coeffi: 0.0001, loss: 0.1335, lr: 9.55e-05
     Epoch[19] Iteration[240/384], entropy: 0.3251, uncertainty: 1.9751, uncertainty_coeffi: 0.0001, loss: 0.1423, lr: 9.57e-04
     Epoch[19] Iteration[250/384], entropy: 0.2124, uncertainty: 1.7611, uncertainty_coeffi: 0.0001, loss: 0.0962, lr: 4.48e-04
     Epoch[19] Iteration[260/384], entropy: 0.3681, uncertainty: 1.9769, uncertainty_coeffi: 0.0001, loss: 0.1614, lr: 9.55e-05
     Epoch[19] Iteration[270/384], entropy: 0.4674, uncertainty: 1.9248, uncertainty_coeffi: 0.0001, loss: 0.2066, lr: 9.57e-04
     Epoch[19] Iteration[280/384], entropy: 0.4061, uncertainty: 2.0158, uncertainty_coeffi: 0.0001, loss: 0.1821, lr: 4.48e-04
     Epoch[19] Iteration[290/384], entropy: 0.3415, uncertainty: 1.9077, uncertainty_coeffi: 0.0001, loss: 0.1472, lr: 9.55e-05
     Epoch[19] Iteration[300/384], entropy: 0.2851, uncertainty: 1.9145, uncertainty_coeffi: 0.0001, loss: 0.1292, lr: 9.57e-04
     Epoch[19] Iteration[310/384], entropy: 0.2465, uncertainty: 1.9513, uncertainty_coeffi: 0.0001, loss: 0.1094, lr: 4.48e-04
     Epoch[19] Iteration[320/384], entropy: 0.3416, uncertainty: 1.8742, uncertainty_coeffi: 0.0001, loss: 0.1510, lr: 9.55e-05
     Epoch[19] Iteration[330/384], entropy: 0.0912, uncertainty: 1.7307, uncertainty_coeffi: 0.0001, loss: 0.0464, lr: 9.57e-04
     Epoch[19] Iteration[340/384], entropy: 0.2297, uncertainty: 1.6836, uncertainty_coeffi: 0.0001, loss: 0.1121, lr: 4.48e-04
     Epoch[19] Iteration[350/384], entropy: 0.3188, uncertainty: 1.9559, uncertainty_coeffi: 0.0001, loss: 0.1513, lr: 9.55e-05
     Epoch[19] Iteration[360/384], entropy: 0.1882, uncertainty: 1.7230, uncertainty_coeffi: 0.0001, loss: 0.0899, lr: 9.57e-04
     Epoch[19] Iteration[370/384], entropy: 0.2763, uncertainty: 1.8725, uncertainty_coeffi: 0.0001, loss: 0.1274, lr: 4.48e-04
     Epoch[19] Iteration[380/384], entropy: 0.2332, uncertainty: 2.0375, uncertainty_coeffi: 0.0001, loss: 0.1068, lr: 9.55e-05
     Averaged stats: entropy_avg: 0.2932, uncertainty_avg: 1.8770, uncertainty_coeffi_avg: 0.0001, loss_avg: 0.1318, lr_avg: 4.88e-04
     itm tta time 0:01:11
### TTA Eval Score: 
+-------+--------+--------+--------+--------+--------+
| epoch |   R1   |   R5   |  R10   |  mAP   |  mINP  |
+-------+--------+--------+--------+--------+--------+
|  -999 | 70.598 | 86.891 | 91.780 | 63.391 | 47.063 |
|   0   | 70.370 | 86.777 | 91.650 | 63.305 | 47.081 |
|   1   | 70.517 | 86.615 | 91.699 | 63.334 | 47.035 |
|   2   | 70.468 | 86.696 | 91.764 | 63.353 | 47.140 |
|   4   | 70.208 | 86.517 | 91.699 | 63.212 | 46.904 |
|   9   | 70.484 | 86.663 | 91.667 | 63.274 | 46.931 |
|   14  | 70.224 | 86.663 | 91.618 | 63.133 | 46.827 |
|   19  | 70.273 | 86.582 | 91.585 | 63.184 | 46.949 |
+-------+--------+--------+--------+--------+--------+
     logs:  {'epo': 19, 'R1': 70.273, 'R5': 86.582, 'R10': 91.585, 'mAP': 63.184, 'mINP': 46.949, 'entropy': 0.2932179248646686, 'uncertainty': 1.8770207699976469, 'uncertainty_coeffi': 9.999999747378752e-05, 'loss': 0.13177041140826126, 'lr': 0.00048797966503100264}
### best epoch 1 : {'epo': '1', 'R1': '70.517', 'R5': '86.615', 'R10': '91.699', 'mAP': '63.334', 'mINP': '47.035', 'entropy': '0.3264126224737418', 'uncertainty': '1.851513423417744', 'uncertainty_coeffi': '9.999999747378752e-05', 'loss': '0.14664920439061366', 'lr': '0.000510644960452303'}
### Time 0:24:42
