Not using distributed mode
### Hyper-parameters:
     output_dir: output_rerun2/ham_icfg_tta/exp1/exp1.0.2/2025091910415
     seed: 42
     device: cuda
     batch_size_tta: 16
     epochs: 10
     lr: 0.0001
### Creating test dataset
     test_txt_set: 19848    test_img_set: 19848
     test_txt_loader: 39    test_img_loader: 39
### Creating model
Training Model with ['sdm', 'id', 'mlm'] tasks
Resized position embedding from size:torch.Size([1, 197, 768]) to size: torch.Size([1, 193, 768]) with height:24 width: 8
     Total Params Sum:  190482206
### Zero-Shot Score: 
/home/jiahao/task/IRRA/tta.py:284: FutureWarning: `torch.cuda.amp.GradScaler(args...)` is deprecated. Please use `torch.amp.GradScaler('cuda', args...)` instead.
  scaler = GradScaler()  # bf16
+-------+--------+--------+--------+--------+-------+
| epoch |   R1   |   R5   |  R10   |  mAP   |  mINP |
+-------+--------+--------+--------+--------+-------+
|  -999 | 60.631 | 77.519 | 83.268 | 35.542 | 6.004 |
+-------+--------+--------+--------+--------+-------+
### TTA:
### Compute Cos Similarity Uncertainty
     preprocess_tta_coefficients  start
     sample selection ...
     number of sample after sample_selection: 15911
     uncertainty ...
     pos/neg sampling ...
      number of sample after pos/neg sampling: torch.Size([19848, 8])
     preprocess_tta_coefficients  end
### Creating TTA dataset
     tta_dataset: 15911
### Creating tta dataloader
### be careful: func create_loader returns a list length of 1
     tta_loader: 994
### Configure adapted weights
     TTA Dropout Modules: 
 []
     TTA Require Gradient Params: 
 [('base_model.transformer.resblocks.1.ln_1.weight', torch.Size([512])), ('base_model.transformer.resblocks.1.ln_1.bias', torch.Size([512])), ('base_model.transformer.resblocks.1.ln_2.weight', torch.Size([512])), ('base_model.transformer.resblocks.1.ln_2.bias', torch.Size([512])), ('base_model.transformer.resblocks.2.ln_1.weight', torch.Size([512])), ('base_model.transformer.resblocks.2.ln_1.bias', torch.Size([512])), ('base_model.transformer.resblocks.2.ln_2.weight', torch.Size([512])), ('base_model.transformer.resblocks.2.ln_2.bias', torch.Size([512])), ('base_model.transformer.resblocks.3.ln_1.weight', torch.Size([512])), ('base_model.transformer.resblocks.3.ln_1.bias', torch.Size([512])), ('base_model.transformer.resblocks.3.ln_2.weight', torch.Size([512])), ('base_model.transformer.resblocks.3.ln_2.bias', torch.Size([512])), ('base_model.transformer.resblocks.4.ln_1.weight', torch.Size([512])), ('base_model.transformer.resblocks.4.ln_1.bias', torch.Size([512])), ('base_model.transformer.resblocks.4.ln_2.weight', torch.Size([512])), ('base_model.transformer.resblocks.4.ln_2.bias', torch.Size([512])), ('base_model.transformer.resblocks.5.ln_1.weight', torch.Size([512])), ('base_model.transformer.resblocks.5.ln_1.bias', torch.Size([512])), ('base_model.transformer.resblocks.5.ln_2.weight', torch.Size([512])), ('base_model.transformer.resblocks.5.ln_2.bias', torch.Size([512])), ('base_model.transformer.resblocks.7.ln_1.weight', torch.Size([512])), ('base_model.transformer.resblocks.7.ln_1.bias', torch.Size([512])), ('base_model.transformer.resblocks.7.ln_2.weight', torch.Size([512])), ('base_model.transformer.resblocks.7.ln_2.bias', torch.Size([512])), ('base_model.transformer.resblocks.8.ln_1.weight', torch.Size([512])), ('base_model.transformer.resblocks.8.ln_1.bias', torch.Size([512])), ('base_model.transformer.resblocks.8.ln_2.weight', torch.Size([512])), ('base_model.transformer.resblocks.8.ln_2.bias', torch.Size([512])), ('base_model.transformer.resblocks.9.ln_1.weight', torch.Size([512])), ('base_model.transformer.resblocks.9.ln_1.bias', torch.Size([512])), ('base_model.transformer.resblocks.9.ln_2.weight', torch.Size([512])), ('base_model.transformer.resblocks.9.ln_2.bias', torch.Size([512])), ('base_model.transformer.resblocks.10.ln_1.weight', torch.Size([512])), ('base_model.transformer.resblocks.10.ln_1.bias', torch.Size([512])), ('base_model.transformer.resblocks.10.ln_2.weight', torch.Size([512])), ('base_model.transformer.resblocks.10.ln_2.bias', torch.Size([512])), ('base_model.transformer.resblocks.11.ln_1.weight', torch.Size([512])), ('base_model.transformer.resblocks.11.ln_1.bias', torch.Size([512])), ('base_model.transformer.resblocks.11.ln_2.weight', torch.Size([512])), ('base_model.transformer.resblocks.11.ln_2.bias', torch.Size([512])), ('base_model.ln_final.weight', torch.Size([512])), ('base_model.ln_final.bias', torch.Size([512]))]
     TTA Dropout Modules Number: 
 0
     TTA Require Gradient Params Sum: 
 21504
Using 5.0 times learning rate for random init module 
### Start Test Time Adaptation : num_epoch = 10
/home/jiahao/task/IRRA/tta.py:67: FutureWarning: `torch.cuda.amp.autocast(args...)` is deprecated. Please use `torch.amp.autocast('cuda', args...)` instead.
  with torch.cuda.amp.autocast(enabled=True):
     Epoch[0] Iteration[10/994], entropy: 0.4580, uncertainty: 2.6291, uncertainty_coeffi: 0.0100, loss: 0.2726, lr: 9.55e-06
     Epoch[0] Iteration[20/994], entropy: 0.5383, uncertainty: 2.8265, uncertainty_coeffi: 0.0100, loss: 0.2878, lr: 9.55e-06
     Epoch[0] Iteration[30/994], entropy: 0.2823, uncertainty: 2.2156, uncertainty_coeffi: 0.0100, loss: 0.1604, lr: 9.55e-06
     Epoch[0] Iteration[40/994], entropy: 0.2668, uncertainty: 2.5243, uncertainty_coeffi: 0.0100, loss: 0.1756, lr: 9.55e-06
     Epoch[0] Iteration[50/994], entropy: 0.2284, uncertainty: 2.7291, uncertainty_coeffi: 0.0100, loss: 0.1456, lr: 9.55e-06
     Epoch[0] Iteration[60/994], entropy: 0.4660, uncertainty: 2.4923, uncertainty_coeffi: 0.0100, loss: 0.2237, lr: 9.55e-06
     Epoch[0] Iteration[70/994], entropy: 0.3882, uncertainty: 3.2431, uncertainty_coeffi: 0.0100, loss: 0.2288, lr: 9.55e-06
     Epoch[0] Iteration[80/994], entropy: 0.2709, uncertainty: 2.6976, uncertainty_coeffi: 0.0100, loss: 0.1651, lr: 9.55e-06
     Epoch[0] Iteration[90/994], entropy: 0.3414, uncertainty: 2.6564, uncertainty_coeffi: 0.0100, loss: 0.1719, lr: 9.55e-06
     Epoch[0] Iteration[100/994], entropy: 0.3031, uncertainty: 3.0637, uncertainty_coeffi: 0.0100, loss: 0.1249, lr: 9.55e-06
     Epoch[0] Iteration[110/994], entropy: 0.2818, uncertainty: 2.8957, uncertainty_coeffi: 0.0100, loss: 0.1413, lr: 9.55e-06
     Epoch[0] Iteration[120/994], entropy: 0.5318, uncertainty: 2.6825, uncertainty_coeffi: 0.0100, loss: 0.2293, lr: 9.55e-06
     Epoch[0] Iteration[130/994], entropy: 0.4152, uncertainty: 2.4564, uncertainty_coeffi: 0.0100, loss: 0.2057, lr: 9.55e-06
     Epoch[0] Iteration[140/994], entropy: 0.3989, uncertainty: 2.5520, uncertainty_coeffi: 0.0100, loss: 0.2847, lr: 9.55e-06
     Epoch[0] Iteration[150/994], entropy: 0.6322, uncertainty: 2.6230, uncertainty_coeffi: 0.0100, loss: 0.2848, lr: 9.55e-06
     Epoch[0] Iteration[160/994], entropy: 0.3104, uncertainty: 2.6164, uncertainty_coeffi: 0.0100, loss: 0.1378, lr: 9.55e-06
     Epoch[0] Iteration[170/994], entropy: 0.1787, uncertainty: 3.2132, uncertainty_coeffi: 0.0100, loss: 0.0783, lr: 9.55e-06
     Epoch[0] Iteration[180/994], entropy: 0.2512, uncertainty: 2.5666, uncertainty_coeffi: 0.0100, loss: 0.1358, lr: 9.55e-06
     Epoch[0] Iteration[190/994], entropy: 0.3835, uncertainty: 2.4821, uncertainty_coeffi: 0.0100, loss: 0.2176, lr: 9.55e-06
     Epoch[0] Iteration[200/994], entropy: 0.3552, uncertainty: 2.8466, uncertainty_coeffi: 0.0100, loss: 0.2196, lr: 9.55e-06
     Epoch[0] Iteration[210/994], entropy: 0.3139, uncertainty: 2.6134, uncertainty_coeffi: 0.0100, loss: 0.1931, lr: 9.55e-06
     Epoch[0] Iteration[220/994], entropy: 0.2379, uncertainty: 2.1899, uncertainty_coeffi: 0.0100, loss: 0.1301, lr: 9.55e-06
     Epoch[0] Iteration[230/994], entropy: 0.4484, uncertainty: 2.6641, uncertainty_coeffi: 0.0100, loss: 0.2233, lr: 9.55e-06
     Epoch[0] Iteration[240/994], entropy: 0.4431, uncertainty: 2.4488, uncertainty_coeffi: 0.0100, loss: 0.2598, lr: 9.55e-06
     Epoch[0] Iteration[250/994], entropy: 0.2788, uncertainty: 2.7032, uncertainty_coeffi: 0.0100, loss: 0.1319, lr: 9.55e-06
     Epoch[0] Iteration[260/994], entropy: 0.1867, uncertainty: 2.8303, uncertainty_coeffi: 0.0100, loss: 0.1176, lr: 9.55e-06
     Epoch[0] Iteration[270/994], entropy: 0.3250, uncertainty: 2.7799, uncertainty_coeffi: 0.0100, loss: 0.1735, lr: 9.55e-06
     Epoch[0] Iteration[280/994], entropy: 0.4287, uncertainty: 2.6847, uncertainty_coeffi: 0.0100, loss: 0.1920, lr: 9.55e-06
     Epoch[0] Iteration[290/994], entropy: 0.3501, uncertainty: 2.1502, uncertainty_coeffi: 0.0100, loss: 0.1776, lr: 9.55e-06
     Epoch[0] Iteration[300/994], entropy: 0.3485, uncertainty: 2.7701, uncertainty_coeffi: 0.0100, loss: 0.2356, lr: 9.55e-06
     Epoch[0] Iteration[310/994], entropy: 0.4528, uncertainty: 2.8052, uncertainty_coeffi: 0.0100, loss: 0.1789, lr: 9.55e-06
     Epoch[0] Iteration[320/994], entropy: 0.4678, uncertainty: 2.8906, uncertainty_coeffi: 0.0100, loss: 0.2595, lr: 9.55e-06
     Epoch[0] Iteration[330/994], entropy: 0.4594, uncertainty: 2.2977, uncertainty_coeffi: 0.0100, loss: 0.2813, lr: 9.55e-06
     Epoch[0] Iteration[340/994], entropy: 0.4625, uncertainty: 2.0363, uncertainty_coeffi: 0.0100, loss: 0.2769, lr: 9.55e-06
     Epoch[0] Iteration[350/994], entropy: 0.5042, uncertainty: 2.4515, uncertainty_coeffi: 0.0100, loss: 0.2613, lr: 9.55e-06
     Epoch[0] Iteration[360/994], entropy: 0.3181, uncertainty: 3.1232, uncertainty_coeffi: 0.0100, loss: 0.1231, lr: 9.55e-06
     Epoch[0] Iteration[370/994], entropy: 0.6454, uncertainty: 2.6181, uncertainty_coeffi: 0.0100, loss: 0.3210, lr: 9.55e-06
     Epoch[0] Iteration[380/994], entropy: 0.5282, uncertainty: 3.4333, uncertainty_coeffi: 0.0100, loss: 0.2864, lr: 9.55e-06
     Epoch[0] Iteration[390/994], entropy: 0.4018, uncertainty: 3.1901, uncertainty_coeffi: 0.0100, loss: 0.1540, lr: 9.55e-06
     Epoch[0] Iteration[400/994], entropy: 0.5083, uncertainty: 3.6659, uncertainty_coeffi: 0.0100, loss: 0.2126, lr: 9.55e-06
     Epoch[0] Iteration[410/994], entropy: 0.2625, uncertainty: 2.5330, uncertainty_coeffi: 0.0100, loss: 0.1533, lr: 9.55e-06
     Epoch[0] Iteration[420/994], entropy: 0.3491, uncertainty: 2.8883, uncertainty_coeffi: 0.0100, loss: 0.1400, lr: 9.55e-06
     Epoch[0] Iteration[430/994], entropy: 0.2809, uncertainty: 2.0206, uncertainty_coeffi: 0.0100, loss: 0.1958, lr: 9.55e-06
     Epoch[0] Iteration[440/994], entropy: 0.2762, uncertainty: 2.7481, uncertainty_coeffi: 0.0100, loss: 0.1538, lr: 9.55e-06
     Epoch[0] Iteration[450/994], entropy: 0.3685, uncertainty: 2.1955, uncertainty_coeffi: 0.0100, loss: 0.2082, lr: 9.55e-06
     Epoch[0] Iteration[460/994], entropy: 0.4355, uncertainty: 2.7484, uncertainty_coeffi: 0.0100, loss: 0.2569, lr: 9.55e-06
     Epoch[0] Iteration[470/994], entropy: 0.3288, uncertainty: 2.1618, uncertainty_coeffi: 0.0100, loss: 0.2304, lr: 9.55e-06
     Epoch[0] Iteration[480/994], entropy: 0.4791, uncertainty: 2.7545, uncertainty_coeffi: 0.0100, loss: 0.2335, lr: 9.55e-06
     Epoch[0] Iteration[490/994], entropy: 0.3005, uncertainty: 2.0549, uncertainty_coeffi: 0.0100, loss: 0.1746, lr: 9.55e-06
     Epoch[0] Iteration[500/994], entropy: 0.3387, uncertainty: 2.4347, uncertainty_coeffi: 0.0100, loss: 0.2049, lr: 9.55e-06
     Epoch[0] Iteration[510/994], entropy: 0.2260, uncertainty: 2.4598, uncertainty_coeffi: 0.0100, loss: 0.1381, lr: 9.55e-06
     Epoch[0] Iteration[520/994], entropy: 0.4545, uncertainty: 2.4117, uncertainty_coeffi: 0.0100, loss: 0.3046, lr: 9.55e-06
     Epoch[0] Iteration[530/994], entropy: 0.3921, uncertainty: 3.3106, uncertainty_coeffi: 0.0100, loss: 0.1949, lr: 9.55e-06
     Epoch[0] Iteration[540/994], entropy: 0.4545, uncertainty: 2.1771, uncertainty_coeffi: 0.0100, loss: 0.2986, lr: 9.55e-06
     Epoch[0] Iteration[550/994], entropy: 0.1670, uncertainty: 2.1494, uncertainty_coeffi: 0.0100, loss: 0.1151, lr: 9.55e-06
     Epoch[0] Iteration[560/994], entropy: 0.3460, uncertainty: 2.4757, uncertainty_coeffi: 0.0100, loss: 0.2274, lr: 9.55e-06
     Epoch[0] Iteration[570/994], entropy: 0.6331, uncertainty: 3.0563, uncertainty_coeffi: 0.0100, loss: 0.2638, lr: 9.55e-06
     Epoch[0] Iteration[580/994], entropy: 0.3146, uncertainty: 2.4507, uncertainty_coeffi: 0.0100, loss: 0.2112, lr: 9.55e-06
     Epoch[0] Iteration[590/994], entropy: 0.5192, uncertainty: 2.7226, uncertainty_coeffi: 0.0100, loss: 0.2130, lr: 9.55e-06
     Epoch[0] Iteration[600/994], entropy: 0.2982, uncertainty: 1.9735, uncertainty_coeffi: 0.0100, loss: 0.1534, lr: 9.55e-06
     Epoch[0] Iteration[610/994], entropy: 0.2188, uncertainty: 2.6465, uncertainty_coeffi: 0.0100, loss: 0.1617, lr: 9.55e-06
     Epoch[0] Iteration[620/994], entropy: 0.2752, uncertainty: 2.9257, uncertainty_coeffi: 0.0100, loss: 0.1329, lr: 9.55e-06
     Epoch[0] Iteration[630/994], entropy: 0.2609, uncertainty: 2.0651, uncertainty_coeffi: 0.0100, loss: 0.1785, lr: 9.55e-06
     Epoch[0] Iteration[640/994], entropy: 0.2964, uncertainty: 2.1891, uncertainty_coeffi: 0.0100, loss: 0.1828, lr: 9.55e-06
     Epoch[0] Iteration[650/994], entropy: 0.3798, uncertainty: 3.0236, uncertainty_coeffi: 0.0100, loss: 0.1722, lr: 9.55e-06
     Epoch[0] Iteration[660/994], entropy: 0.3474, uncertainty: 2.9816, uncertainty_coeffi: 0.0100, loss: 0.1861, lr: 9.55e-06
     Epoch[0] Iteration[670/994], entropy: 0.4065, uncertainty: 2.7238, uncertainty_coeffi: 0.0100, loss: 0.2634, lr: 9.55e-06
     Epoch[0] Iteration[680/994], entropy: 0.2980, uncertainty: 1.9965, uncertainty_coeffi: 0.0100, loss: 0.1737, lr: 9.55e-06
     Epoch[0] Iteration[690/994], entropy: 0.3755, uncertainty: 2.1955, uncertainty_coeffi: 0.0100, loss: 0.2620, lr: 9.55e-06
     Epoch[0] Iteration[700/994], entropy: 0.4224, uncertainty: 2.7223, uncertainty_coeffi: 0.0100, loss: 0.2137, lr: 9.55e-06
     Epoch[0] Iteration[710/994], entropy: 0.4668, uncertainty: 2.4269, uncertainty_coeffi: 0.0100, loss: 0.2260, lr: 9.55e-06
     Epoch[0] Iteration[720/994], entropy: 0.3872, uncertainty: 2.6053, uncertainty_coeffi: 0.0100, loss: 0.2170, lr: 9.55e-06
     Epoch[0] Iteration[730/994], entropy: 0.5095, uncertainty: 2.4592, uncertainty_coeffi: 0.0100, loss: 0.3722, lr: 9.55e-06
     Epoch[0] Iteration[740/994], entropy: 0.3407, uncertainty: 3.2290, uncertainty_coeffi: 0.0100, loss: 0.1368, lr: 9.55e-06
     Epoch[0] Iteration[750/994], entropy: 0.4984, uncertainty: 2.6621, uncertainty_coeffi: 0.0100, loss: 0.2748, lr: 9.55e-06
     Epoch[0] Iteration[760/994], entropy: 0.2846, uncertainty: 2.0833, uncertainty_coeffi: 0.0100, loss: 0.1433, lr: 9.55e-06
     Epoch[0] Iteration[770/994], entropy: 0.3879, uncertainty: 2.7900, uncertainty_coeffi: 0.0100, loss: 0.2023, lr: 9.55e-06
     Epoch[0] Iteration[780/994], entropy: 0.3096, uncertainty: 2.4243, uncertainty_coeffi: 0.0100, loss: 0.2028, lr: 9.55e-06
     Epoch[0] Iteration[790/994], entropy: 0.5326, uncertainty: 2.6962, uncertainty_coeffi: 0.0100, loss: 0.2622, lr: 9.55e-06
     Epoch[0] Iteration[800/994], entropy: 0.2750, uncertainty: 2.7003, uncertainty_coeffi: 0.0100, loss: 0.1574, lr: 9.55e-06
     Epoch[0] Iteration[810/994], entropy: 0.3841, uncertainty: 2.8460, uncertainty_coeffi: 0.0100, loss: 0.1653, lr: 9.55e-06
     Epoch[0] Iteration[820/994], entropy: 0.1940, uncertainty: 2.9910, uncertainty_coeffi: 0.0100, loss: 0.1009, lr: 9.55e-06
     Epoch[0] Iteration[830/994], entropy: 0.3723, uncertainty: 2.3900, uncertainty_coeffi: 0.0100, loss: 0.1929, lr: 9.55e-06
     Epoch[0] Iteration[840/994], entropy: 0.2607, uncertainty: 2.5589, uncertainty_coeffi: 0.0100, loss: 0.1309, lr: 9.55e-06
     Epoch[0] Iteration[850/994], entropy: 0.2804, uncertainty: 3.1405, uncertainty_coeffi: 0.0100, loss: 0.1435, lr: 9.55e-06
     Epoch[0] Iteration[860/994], entropy: 0.4711, uncertainty: 2.8742, uncertainty_coeffi: 0.0100, loss: 0.2565, lr: 9.55e-06
     Epoch[0] Iteration[870/994], entropy: 0.1732, uncertainty: 3.1257, uncertainty_coeffi: 0.0100, loss: 0.1175, lr: 9.55e-06
     Epoch[0] Iteration[880/994], entropy: 0.5387, uncertainty: 2.3484, uncertainty_coeffi: 0.0100, loss: 0.2890, lr: 9.55e-06
     Epoch[0] Iteration[890/994], entropy: 0.2606, uncertainty: 2.7620, uncertainty_coeffi: 0.0100, loss: 0.1497, lr: 9.55e-06
     Epoch[0] Iteration[900/994], entropy: 0.3018, uncertainty: 3.5061, uncertainty_coeffi: 0.0100, loss: 0.1792, lr: 9.55e-06
     Epoch[0] Iteration[910/994], entropy: 0.3690, uncertainty: 2.9126, uncertainty_coeffi: 0.0100, loss: 0.1475, lr: 9.55e-06
     Epoch[0] Iteration[920/994], entropy: 0.3539, uncertainty: 3.5447, uncertainty_coeffi: 0.0100, loss: 0.1579, lr: 9.55e-06
     Epoch[0] Iteration[930/994], entropy: 0.5810, uncertainty: 2.7672, uncertainty_coeffi: 0.0100, loss: 0.2780, lr: 9.55e-06
     Epoch[0] Iteration[940/994], entropy: 0.3196, uncertainty: 2.5391, uncertainty_coeffi: 0.0100, loss: 0.1974, lr: 9.55e-06
     Epoch[0] Iteration[950/994], entropy: 0.2774, uncertainty: 2.4815, uncertainty_coeffi: 0.0100, loss: 0.1664, lr: 9.55e-06
     Epoch[0] Iteration[960/994], entropy: 0.3669, uncertainty: 2.9453, uncertainty_coeffi: 0.0100, loss: 0.1653, lr: 9.55e-06
     Epoch[0] Iteration[970/994], entropy: 0.4424, uncertainty: 3.4110, uncertainty_coeffi: 0.0100, loss: 0.1940, lr: 9.55e-06
     Epoch[0] Iteration[980/994], entropy: 0.3688, uncertainty: 2.3168, uncertainty_coeffi: 0.0100, loss: 0.2079, lr: 9.55e-06
     Epoch[0] Iteration[990/994], entropy: 0.2430, uncertainty: 2.2328, uncertainty_coeffi: 0.0100, loss: 0.1491, lr: 9.55e-06
     Averaged stats: entropy_avg: 0.3682, uncertainty_avg: 2.6599, uncertainty_coeffi_avg: 0.0100, loss_avg: 0.1986, lr_avg: 9.55e-06
     itm tta time 0:03:13
### TTA Eval Score: 
+-------+--------+--------+--------+--------+-------+
| epoch |   R1   |   R5   |  R10   |  mAP   |  mINP |
+-------+--------+--------+--------+--------+-------+
|  -999 | 60.631 | 77.519 | 83.268 | 35.542 | 6.004 |
|   0   | 61.734 | 77.489 | 83.117 | 36.167 | 6.141 |
+-------+--------+--------+--------+--------+-------+
     logs:  {'epo': 0, 'R1': np.float32(61.734), 'R5': np.float32(77.489), 'R10': np.float32(83.117), 'mAP': np.float32(36.167), 'mINP': np.float32(6.141), 'entropy': 0.3681665347381072, 'uncertainty': 2.6598583664556945, 'uncertainty_coeffi': 0.009999999776482582, 'loss': 0.1986129359163419, 'lr': 9.549150281252721e-06}
     Epoch[1] Iteration[10/994], entropy: 0.1613, uncertainty: 2.6014, uncertainty_coeffi: 0.0100, loss: 0.0933, lr: 6.55e-05
     Epoch[1] Iteration[20/994], entropy: 0.2975, uncertainty: 2.1314, uncertainty_coeffi: 0.0100, loss: 0.1661, lr: 6.55e-05
     Epoch[1] Iteration[30/994], entropy: 0.3515, uncertainty: 3.1222, uncertainty_coeffi: 0.0100, loss: 0.1606, lr: 6.55e-05
     Epoch[1] Iteration[40/994], entropy: 0.1991, uncertainty: 2.6135, uncertainty_coeffi: 0.0100, loss: 0.1479, lr: 6.55e-05
     Epoch[1] Iteration[50/994], entropy: 0.3604, uncertainty: 3.5886, uncertainty_coeffi: 0.0100, loss: 0.1964, lr: 6.55e-05
     Epoch[1] Iteration[60/994], entropy: 0.1764, uncertainty: 2.1935, uncertainty_coeffi: 0.0100, loss: 0.1345, lr: 6.55e-05
     Epoch[1] Iteration[70/994], entropy: 0.3806, uncertainty: 2.7031, uncertainty_coeffi: 0.0100, loss: 0.2016, lr: 6.55e-05
     Epoch[1] Iteration[80/994], entropy: 0.1944, uncertainty: 2.2184, uncertainty_coeffi: 0.0100, loss: 0.1303, lr: 6.55e-05
     Epoch[1] Iteration[90/994], entropy: 0.4580, uncertainty: 2.6210, uncertainty_coeffi: 0.0100, loss: 0.2650, lr: 6.55e-05
     Epoch[1] Iteration[100/994], entropy: 0.2662, uncertainty: 2.9902, uncertainty_coeffi: 0.0100, loss: 0.1240, lr: 6.55e-05
     Epoch[1] Iteration[110/994], entropy: 0.4196, uncertainty: 2.4418, uncertainty_coeffi: 0.0100, loss: 0.2559, lr: 6.55e-05
     Epoch[1] Iteration[120/994], entropy: 0.2285, uncertainty: 2.2080, uncertainty_coeffi: 0.0100, loss: 0.1744, lr: 6.55e-05
     Epoch[1] Iteration[130/994], entropy: 0.2788, uncertainty: 2.9617, uncertainty_coeffi: 0.0100, loss: 0.1439, lr: 6.55e-05
     Epoch[1] Iteration[140/994], entropy: 0.2326, uncertainty: 2.4474, uncertainty_coeffi: 0.0100, loss: 0.1353, lr: 6.55e-05
     Epoch[1] Iteration[150/994], entropy: 0.5048, uncertainty: 1.7735, uncertainty_coeffi: 0.0100, loss: 0.3144, lr: 6.55e-05
     Epoch[1] Iteration[160/994], entropy: 0.2390, uncertainty: 2.1466, uncertainty_coeffi: 0.0100, loss: 0.1408, lr: 6.55e-05
     Epoch[1] Iteration[170/994], entropy: 0.2233, uncertainty: 2.1531, uncertainty_coeffi: 0.0100, loss: 0.1231, lr: 6.55e-05
     Epoch[1] Iteration[180/994], entropy: 0.6754, uncertainty: 3.5621, uncertainty_coeffi: 0.0100, loss: 0.2289, lr: 6.55e-05
     Epoch[1] Iteration[190/994], entropy: 0.1680, uncertainty: 2.8658, uncertainty_coeffi: 0.0100, loss: 0.0904, lr: 6.55e-05
     Epoch[1] Iteration[200/994], entropy: 0.3089, uncertainty: 2.7367, uncertainty_coeffi: 0.0100, loss: 0.1478, lr: 6.55e-05
     Epoch[1] Iteration[210/994], entropy: 0.2628, uncertainty: 2.3403, uncertainty_coeffi: 0.0100, loss: 0.1377, lr: 6.55e-05
     Epoch[1] Iteration[220/994], entropy: 0.1801, uncertainty: 2.2070, uncertainty_coeffi: 0.0100, loss: 0.1313, lr: 6.55e-05
     Epoch[1] Iteration[230/994], entropy: 0.4254, uncertainty: 2.7753, uncertainty_coeffi: 0.0100, loss: 0.1770, lr: 6.55e-05
     Epoch[1] Iteration[240/994], entropy: 0.4418, uncertainty: 2.5646, uncertainty_coeffi: 0.0100, loss: 0.2281, lr: 6.55e-05
     Epoch[1] Iteration[250/994], entropy: 0.3177, uncertainty: 2.8683, uncertainty_coeffi: 0.0100, loss: 0.1384, lr: 6.55e-05
     Epoch[1] Iteration[260/994], entropy: 0.3008, uncertainty: 2.5170, uncertainty_coeffi: 0.0100, loss: 0.1310, lr: 6.55e-05
     Epoch[1] Iteration[270/994], entropy: 0.2482, uncertainty: 3.2041, uncertainty_coeffi: 0.0100, loss: 0.1355, lr: 6.55e-05
     Epoch[1] Iteration[280/994], entropy: 0.2105, uncertainty: 2.4405, uncertainty_coeffi: 0.0100, loss: 0.1569, lr: 6.55e-05
     Epoch[1] Iteration[290/994], entropy: 0.4035, uncertainty: 1.9118, uncertainty_coeffi: 0.0100, loss: 0.2357, lr: 6.55e-05
     Epoch[1] Iteration[300/994], entropy: 0.2851, uncertainty: 2.8156, uncertainty_coeffi: 0.0100, loss: 0.1464, lr: 6.55e-05
     Epoch[1] Iteration[310/994], entropy: 0.2435, uncertainty: 2.7212, uncertainty_coeffi: 0.0100, loss: 0.1288, lr: 6.55e-05
     Epoch[1] Iteration[320/994], entropy: 0.1682, uncertainty: 3.4162, uncertainty_coeffi: 0.0100, loss: 0.0961, lr: 6.55e-05
     Epoch[1] Iteration[330/994], entropy: 0.3395, uncertainty: 3.0304, uncertainty_coeffi: 0.0100, loss: 0.2276, lr: 6.55e-05
     Epoch[1] Iteration[340/994], entropy: 0.1314, uncertainty: 2.2863, uncertainty_coeffi: 0.0100, loss: 0.0947, lr: 6.55e-05
     Epoch[1] Iteration[350/994], entropy: 0.1837, uncertainty: 2.3614, uncertainty_coeffi: 0.0100, loss: 0.1328, lr: 6.55e-05
     Epoch[1] Iteration[360/994], entropy: 0.2494, uncertainty: 2.8643, uncertainty_coeffi: 0.0100, loss: 0.1216, lr: 6.55e-05
     Epoch[1] Iteration[370/994], entropy: 0.3699, uncertainty: 2.6884, uncertainty_coeffi: 0.0100, loss: 0.1861, lr: 6.55e-05
     Epoch[1] Iteration[380/994], entropy: 0.2860, uncertainty: 3.8365, uncertainty_coeffi: 0.0100, loss: 0.1675, lr: 6.55e-05
     Epoch[1] Iteration[390/994], entropy: 0.3034, uncertainty: 3.3665, uncertainty_coeffi: 0.0100, loss: 0.1141, lr: 6.55e-05
     Epoch[1] Iteration[400/994], entropy: 0.3887, uncertainty: 2.3693, uncertainty_coeffi: 0.0100, loss: 0.2588, lr: 6.55e-05
     Epoch[1] Iteration[410/994], entropy: 0.2559, uncertainty: 2.5615, uncertainty_coeffi: 0.0100, loss: 0.1640, lr: 6.55e-05
     Epoch[1] Iteration[420/994], entropy: 0.5034, uncertainty: 2.2923, uncertainty_coeffi: 0.0100, loss: 0.3177, lr: 6.55e-05
     Epoch[1] Iteration[430/994], entropy: 0.4485, uncertainty: 2.3838, uncertainty_coeffi: 0.0100, loss: 0.2369, lr: 6.55e-05
     Epoch[1] Iteration[440/994], entropy: 0.4995, uncertainty: 2.1304, uncertainty_coeffi: 0.0100, loss: 0.3581, lr: 6.55e-05
     Epoch[1] Iteration[450/994], entropy: 0.1621, uncertainty: 1.9781, uncertainty_coeffi: 0.0100, loss: 0.0993, lr: 6.55e-05
     Epoch[1] Iteration[460/994], entropy: 0.2253, uncertainty: 3.2183, uncertainty_coeffi: 0.0100, loss: 0.1229, lr: 6.55e-05
     Epoch[1] Iteration[470/994], entropy: 0.2728, uncertainty: 2.9273, uncertainty_coeffi: 0.0100, loss: 0.1286, lr: 6.55e-05
     Epoch[1] Iteration[480/994], entropy: 0.1774, uncertainty: 2.5769, uncertainty_coeffi: 0.0100, loss: 0.1104, lr: 6.55e-05
     Epoch[1] Iteration[490/994], entropy: 0.3850, uncertainty: 2.3739, uncertainty_coeffi: 0.0100, loss: 0.1869, lr: 6.55e-05
     Epoch[1] Iteration[500/994], entropy: 0.2513, uncertainty: 2.9143, uncertainty_coeffi: 0.0100, loss: 0.1527, lr: 6.55e-05
     Epoch[1] Iteration[510/994], entropy: 0.2703, uncertainty: 2.4353, uncertainty_coeffi: 0.0100, loss: 0.1543, lr: 6.55e-05
     Epoch[1] Iteration[520/994], entropy: 0.4664, uncertainty: 2.3968, uncertainty_coeffi: 0.0100, loss: 0.2757, lr: 6.55e-05
     Epoch[1] Iteration[530/994], entropy: 0.1714, uncertainty: 2.2382, uncertainty_coeffi: 0.0100, loss: 0.1135, lr: 6.55e-05
     Epoch[1] Iteration[540/994], entropy: 0.2410, uncertainty: 3.0171, uncertainty_coeffi: 0.0100, loss: 0.0996, lr: 6.55e-05
     Epoch[1] Iteration[550/994], entropy: 0.3705, uncertainty: 2.3233, uncertainty_coeffi: 0.0100, loss: 0.2085, lr: 6.55e-05
     Epoch[1] Iteration[560/994], entropy: 0.4210, uncertainty: 2.5281, uncertainty_coeffi: 0.0100, loss: 0.2352, lr: 6.55e-05
     Epoch[1] Iteration[570/994], entropy: 0.4303, uncertainty: 2.7855, uncertainty_coeffi: 0.0100, loss: 0.2423, lr: 6.55e-05
     Epoch[1] Iteration[580/994], entropy: 0.1864, uncertainty: 2.4842, uncertainty_coeffi: 0.0100, loss: 0.1002, lr: 6.55e-05
     Epoch[1] Iteration[590/994], entropy: 0.2457, uncertainty: 2.9208, uncertainty_coeffi: 0.0100, loss: 0.1425, lr: 6.55e-05
     Epoch[1] Iteration[600/994], entropy: 0.3938, uncertainty: 2.8195, uncertainty_coeffi: 0.0100, loss: 0.1540, lr: 6.55e-05
     Epoch[1] Iteration[610/994], entropy: 0.4263, uncertainty: 2.3539, uncertainty_coeffi: 0.0100, loss: 0.2220, lr: 6.55e-05
     Epoch[1] Iteration[620/994], entropy: 0.3488, uncertainty: 2.4478, uncertainty_coeffi: 0.0100, loss: 0.1794, lr: 6.55e-05
     Epoch[1] Iteration[630/994], entropy: 0.5208, uncertainty: 2.5873, uncertainty_coeffi: 0.0100, loss: 0.2545, lr: 6.55e-05
     Epoch[1] Iteration[640/994], entropy: 0.3352, uncertainty: 2.8550, uncertainty_coeffi: 0.0100, loss: 0.1654, lr: 6.55e-05
     Epoch[1] Iteration[650/994], entropy: 0.3306, uncertainty: 3.3095, uncertainty_coeffi: 0.0100, loss: 0.1655, lr: 6.55e-05
     Epoch[1] Iteration[660/994], entropy: 0.3919, uncertainty: 2.7718, uncertainty_coeffi: 0.0100, loss: 0.2067, lr: 6.55e-05
     Epoch[1] Iteration[670/994], entropy: 0.2378, uncertainty: 2.7392, uncertainty_coeffi: 0.0100, loss: 0.1153, lr: 6.55e-05
     Epoch[1] Iteration[680/994], entropy: 0.3139, uncertainty: 2.8454, uncertainty_coeffi: 0.0100, loss: 0.1575, lr: 6.55e-05
     Epoch[1] Iteration[690/994], entropy: 0.4323, uncertainty: 2.3610, uncertainty_coeffi: 0.0100, loss: 0.2258, lr: 6.55e-05
     Epoch[1] Iteration[700/994], entropy: 0.3312, uncertainty: 2.7089, uncertainty_coeffi: 0.0100, loss: 0.1882, lr: 6.55e-05
     Epoch[1] Iteration[710/994], entropy: 0.3042, uncertainty: 2.4553, uncertainty_coeffi: 0.0100, loss: 0.1672, lr: 6.55e-05
     Epoch[1] Iteration[720/994], entropy: 0.4681, uncertainty: 2.1758, uncertainty_coeffi: 0.0100, loss: 0.2374, lr: 6.55e-05
     Epoch[1] Iteration[730/994], entropy: 0.2056, uncertainty: 2.7658, uncertainty_coeffi: 0.0100, loss: 0.0974, lr: 6.55e-05
     Epoch[1] Iteration[740/994], entropy: 0.4006, uncertainty: 2.7025, uncertainty_coeffi: 0.0100, loss: 0.1992, lr: 6.55e-05
     Epoch[1] Iteration[750/994], entropy: 0.4394, uncertainty: 2.5451, uncertainty_coeffi: 0.0100, loss: 0.2773, lr: 6.55e-05
     Epoch[1] Iteration[760/994], entropy: 0.2686, uncertainty: 2.5737, uncertainty_coeffi: 0.0100, loss: 0.1336, lr: 6.55e-05
     Epoch[1] Iteration[770/994], entropy: 0.4133, uncertainty: 2.4509, uncertainty_coeffi: 0.0100, loss: 0.2322, lr: 6.55e-05
     Epoch[1] Iteration[780/994], entropy: 0.2244, uncertainty: 3.1182, uncertainty_coeffi: 0.0100, loss: 0.1154, lr: 6.55e-05
     Epoch[1] Iteration[790/994], entropy: 0.2564, uncertainty: 2.7845, uncertainty_coeffi: 0.0100, loss: 0.1080, lr: 6.55e-05
     Epoch[1] Iteration[800/994], entropy: 0.3120, uncertainty: 2.6627, uncertainty_coeffi: 0.0100, loss: 0.1709, lr: 6.55e-05
     Epoch[1] Iteration[810/994], entropy: 0.3938, uncertainty: 2.6157, uncertainty_coeffi: 0.0100, loss: 0.1970, lr: 6.55e-05
     Epoch[1] Iteration[820/994], entropy: 0.3291, uncertainty: 2.2476, uncertainty_coeffi: 0.0100, loss: 0.1875, lr: 6.55e-05
     Epoch[1] Iteration[830/994], entropy: 0.4336, uncertainty: 2.9038, uncertainty_coeffi: 0.0100, loss: 0.1789, lr: 6.55e-05
     Epoch[1] Iteration[840/994], entropy: 0.4281, uncertainty: 2.2857, uncertainty_coeffi: 0.0100, loss: 0.2569, lr: 6.55e-05
     Epoch[1] Iteration[850/994], entropy: 0.3700, uncertainty: 2.6533, uncertainty_coeffi: 0.0100, loss: 0.2096, lr: 6.55e-05
     Epoch[1] Iteration[860/994], entropy: 0.4681, uncertainty: 2.6013, uncertainty_coeffi: 0.0100, loss: 0.2776, lr: 6.55e-05
     Epoch[1] Iteration[870/994], entropy: 0.3254, uncertainty: 2.7320, uncertainty_coeffi: 0.0100, loss: 0.1270, lr: 6.55e-05
     Epoch[1] Iteration[880/994], entropy: 0.2639, uncertainty: 2.3803, uncertainty_coeffi: 0.0100, loss: 0.1787, lr: 6.55e-05
     Epoch[1] Iteration[890/994], entropy: 0.4760, uncertainty: 2.8651, uncertainty_coeffi: 0.0100, loss: 0.2341, lr: 6.55e-05
     Epoch[1] Iteration[900/994], entropy: 0.2915, uncertainty: 2.2207, uncertainty_coeffi: 0.0100, loss: 0.1967, lr: 6.55e-05
     Epoch[1] Iteration[910/994], entropy: 0.3779, uncertainty: 2.7409, uncertainty_coeffi: 0.0100, loss: 0.2231, lr: 6.55e-05
     Epoch[1] Iteration[920/994], entropy: 0.6093, uncertainty: 2.1739, uncertainty_coeffi: 0.0100, loss: 0.3406, lr: 6.55e-05
     Epoch[1] Iteration[930/994], entropy: 0.2696, uncertainty: 2.5459, uncertainty_coeffi: 0.0100, loss: 0.1439, lr: 6.55e-05
     Epoch[1] Iteration[940/994], entropy: 0.3074, uncertainty: 1.9605, uncertainty_coeffi: 0.0100, loss: 0.1972, lr: 6.55e-05
     Epoch[1] Iteration[950/994], entropy: 0.2833, uncertainty: 2.7124, uncertainty_coeffi: 0.0100, loss: 0.2076, lr: 6.55e-05
     Epoch[1] Iteration[960/994], entropy: 0.2669, uncertainty: 2.7717, uncertainty_coeffi: 0.0100, loss: 0.1310, lr: 6.55e-05
     Epoch[1] Iteration[970/994], entropy: 0.4097, uncertainty: 2.4612, uncertainty_coeffi: 0.0100, loss: 0.1848, lr: 6.55e-05
     Epoch[1] Iteration[980/994], entropy: 0.4020, uncertainty: 3.3440, uncertainty_coeffi: 0.0100, loss: 0.1760, lr: 6.55e-05
     Epoch[1] Iteration[990/994], entropy: 0.1762, uncertainty: 2.9197, uncertainty_coeffi: 0.0100, loss: 0.1058, lr: 6.55e-05
     Averaged stats: entropy_avg: 0.3241, uncertainty_avg: 2.6295, uncertainty_coeffi_avg: 0.0100, loss_avg: 0.1767, lr_avg: 6.55e-05
     itm tta time 0:03:18
### TTA Eval Score: 
+-------+--------+--------+--------+--------+-------+
| epoch |   R1   |   R5   |  R10   |  mAP   |  mINP |
+-------+--------+--------+--------+--------+-------+
|  -999 | 60.631 | 77.519 | 83.268 | 35.542 | 6.004 |
|   0   | 61.734 | 77.489 | 83.117 | 36.167 | 6.141 |
|   1   | 61.890 | 77.428 | 83.102 | 36.175 | 6.122 |
+-------+--------+--------+--------+--------+-------+
     logs:  {'epo': 1, 'R1': np.float32(61.89), 'R5': np.float32(77.428), 'R10': np.float32(83.102), 'mAP': np.float32(36.175), 'mINP': np.float32(6.122), 'entropy': 0.3240936856077175, 'uncertainty': 2.629503271796487, 'uncertainty_coeffi': 0.009999999776482582, 'loss': 0.17673693070508012, 'lr': 6.545084971874791e-05}
     Epoch[2] Iteration[10/994], entropy: 0.4467, uncertainty: 3.5428, uncertainty_coeffi: 0.0100, loss: 0.1763, lr: 6.55e-05
     Epoch[2] Iteration[20/994], entropy: 0.3812, uncertainty: 2.8593, uncertainty_coeffi: 0.0100, loss: 0.2080, lr: 9.05e-05
     Epoch[2] Iteration[30/994], entropy: 0.2689, uncertainty: 2.4971, uncertainty_coeffi: 0.0100, loss: 0.1574, lr: 9.05e-05
     Epoch[2] Iteration[40/994], entropy: 0.2261, uncertainty: 2.4850, uncertainty_coeffi: 0.0100, loss: 0.1261, lr: 9.05e-05
     Epoch[2] Iteration[50/994], entropy: 0.4758, uncertainty: 2.6781, uncertainty_coeffi: 0.0100, loss: 0.2502, lr: 9.05e-05
     Epoch[2] Iteration[60/994], entropy: 0.2263, uncertainty: 3.2581, uncertainty_coeffi: 0.0100, loss: 0.1007, lr: 9.05e-05
     Epoch[2] Iteration[70/994], entropy: 0.4591, uncertainty: 2.3601, uncertainty_coeffi: 0.0100, loss: 0.2529, lr: 9.05e-05
     Epoch[2] Iteration[80/994], entropy: 0.2305, uncertainty: 2.2953, uncertainty_coeffi: 0.0100, loss: 0.1030, lr: 9.05e-05
     Epoch[2] Iteration[90/994], entropy: 0.3234, uncertainty: 2.6070, uncertainty_coeffi: 0.0100, loss: 0.2396, lr: 9.05e-05
     Epoch[2] Iteration[100/994], entropy: 0.4152, uncertainty: 2.8524, uncertainty_coeffi: 0.0100, loss: 0.2210, lr: 9.05e-05
     Epoch[2] Iteration[110/994], entropy: 0.4288, uncertainty: 2.9148, uncertainty_coeffi: 0.0100, loss: 0.2382, lr: 9.05e-05
     Epoch[2] Iteration[120/994], entropy: 0.4310, uncertainty: 3.0132, uncertainty_coeffi: 0.0100, loss: 0.2559, lr: 9.05e-05
     Epoch[2] Iteration[130/994], entropy: 0.3113, uncertainty: 2.9367, uncertainty_coeffi: 0.0100, loss: 0.1330, lr: 9.05e-05
     Epoch[2] Iteration[140/994], entropy: 0.2752, uncertainty: 2.5181, uncertainty_coeffi: 0.0100, loss: 0.1306, lr: 9.05e-05
     Epoch[2] Iteration[150/994], entropy: 0.3098, uncertainty: 2.3643, uncertainty_coeffi: 0.0100, loss: 0.1943, lr: 9.05e-05
     Epoch[2] Iteration[160/994], entropy: 0.2619, uncertainty: 3.2269, uncertainty_coeffi: 0.0100, loss: 0.1106, lr: 9.05e-05
     Epoch[2] Iteration[170/994], entropy: 0.2929, uncertainty: 2.9483, uncertainty_coeffi: 0.0100, loss: 0.1755, lr: 9.05e-05
     Epoch[2] Iteration[180/994], entropy: 0.1661, uncertainty: 2.9272, uncertainty_coeffi: 0.0100, loss: 0.0746, lr: 9.05e-05
     Epoch[2] Iteration[190/994], entropy: 0.4226, uncertainty: 2.9933, uncertainty_coeffi: 0.0100, loss: 0.1598, lr: 9.05e-05
     Epoch[2] Iteration[200/994], entropy: 0.2721, uncertainty: 2.7078, uncertainty_coeffi: 0.0100, loss: 0.1319, lr: 9.05e-05
     Epoch[2] Iteration[210/994], entropy: 0.2353, uncertainty: 3.0603, uncertainty_coeffi: 0.0100, loss: 0.1153, lr: 9.05e-05
     Epoch[2] Iteration[220/994], entropy: 0.2893, uncertainty: 2.6739, uncertainty_coeffi: 0.0100, loss: 0.1697, lr: 9.05e-05
     Epoch[2] Iteration[230/994], entropy: 0.4450, uncertainty: 2.5610, uncertainty_coeffi: 0.0100, loss: 0.2540, lr: 9.05e-05
     Epoch[2] Iteration[240/994], entropy: 0.2937, uncertainty: 3.4597, uncertainty_coeffi: 0.0100, loss: 0.1507, lr: 9.05e-05
     Epoch[2] Iteration[250/994], entropy: 0.3067, uncertainty: 3.1645, uncertainty_coeffi: 0.0100, loss: 0.1796, lr: 9.05e-05
     Epoch[2] Iteration[260/994], entropy: 0.5136, uncertainty: 2.8745, uncertainty_coeffi: 0.0100, loss: 0.2611, lr: 9.05e-05
     Epoch[2] Iteration[270/994], entropy: 0.3003, uncertainty: 2.3969, uncertainty_coeffi: 0.0100, loss: 0.2212, lr: 9.05e-05
     Epoch[2] Iteration[280/994], entropy: 0.3453, uncertainty: 2.3769, uncertainty_coeffi: 0.0100, loss: 0.2085, lr: 9.05e-05
     Epoch[2] Iteration[290/994], entropy: 0.3226, uncertainty: 2.9843, uncertainty_coeffi: 0.0100, loss: 0.1839, lr: 9.05e-05
     Epoch[2] Iteration[300/994], entropy: 0.4016, uncertainty: 2.9759, uncertainty_coeffi: 0.0100, loss: 0.2126, lr: 9.05e-05
     Epoch[2] Iteration[310/994], entropy: 0.5385, uncertainty: 3.1654, uncertainty_coeffi: 0.0100, loss: 0.2307, lr: 9.05e-05
     Epoch[2] Iteration[320/994], entropy: 0.1361, uncertainty: 2.6353, uncertainty_coeffi: 0.0100, loss: 0.0928, lr: 9.05e-05
     Epoch[2] Iteration[330/994], entropy: 0.2251, uncertainty: 2.7733, uncertainty_coeffi: 0.0100, loss: 0.1330, lr: 9.05e-05
     Epoch[2] Iteration[340/994], entropy: 0.2825, uncertainty: 3.5112, uncertainty_coeffi: 0.0100, loss: 0.1327, lr: 9.05e-05
     Epoch[2] Iteration[350/994], entropy: 0.4550, uncertainty: 2.6261, uncertainty_coeffi: 0.0100, loss: 0.2676, lr: 9.05e-05
     Epoch[2] Iteration[360/994], entropy: 0.3661, uncertainty: 2.4106, uncertainty_coeffi: 0.0100, loss: 0.2082, lr: 9.05e-05
     Epoch[2] Iteration[370/994], entropy: 0.3416, uncertainty: 2.5375, uncertainty_coeffi: 0.0100, loss: 0.1817, lr: 9.05e-05
     Epoch[2] Iteration[380/994], entropy: 0.3020, uncertainty: 2.6211, uncertainty_coeffi: 0.0100, loss: 0.1699, lr: 9.05e-05
     Epoch[2] Iteration[390/994], entropy: 0.2479, uncertainty: 2.8752, uncertainty_coeffi: 0.0100, loss: 0.1249, lr: 9.05e-05
     Epoch[2] Iteration[400/994], entropy: 0.1557, uncertainty: 2.8069, uncertainty_coeffi: 0.0100, loss: 0.0836, lr: 9.05e-05
     Epoch[2] Iteration[410/994], entropy: 0.2892, uncertainty: 2.1874, uncertainty_coeffi: 0.0100, loss: 0.2067, lr: 9.05e-05
     Epoch[2] Iteration[420/994], entropy: 0.2593, uncertainty: 2.7685, uncertainty_coeffi: 0.0100, loss: 0.1118, lr: 9.05e-05
     Epoch[2] Iteration[430/994], entropy: 0.1780, uncertainty: 2.7672, uncertainty_coeffi: 0.0100, loss: 0.1235, lr: 9.05e-05
     Epoch[2] Iteration[440/994], entropy: 0.4525, uncertainty: 2.0217, uncertainty_coeffi: 0.0100, loss: 0.2930, lr: 9.05e-05
     Epoch[2] Iteration[450/994], entropy: 0.1885, uncertainty: 2.5640, uncertainty_coeffi: 0.0100, loss: 0.1159, lr: 9.05e-05
     Epoch[2] Iteration[460/994], entropy: 0.1910, uncertainty: 2.0422, uncertainty_coeffi: 0.0100, loss: 0.1303, lr: 9.05e-05
     Epoch[2] Iteration[470/994], entropy: 0.2472, uncertainty: 2.1684, uncertainty_coeffi: 0.0100, loss: 0.1274, lr: 9.05e-05
     Epoch[2] Iteration[480/994], entropy: 0.4758, uncertainty: 2.5480, uncertainty_coeffi: 0.0100, loss: 0.2628, lr: 9.05e-05
     Epoch[2] Iteration[490/994], entropy: 0.5316, uncertainty: 2.2336, uncertainty_coeffi: 0.0100, loss: 0.2292, lr: 9.05e-05
     Epoch[2] Iteration[500/994], entropy: 0.3152, uncertainty: 2.0302, uncertainty_coeffi: 0.0100, loss: 0.2339, lr: 9.05e-05
     Epoch[2] Iteration[510/994], entropy: 0.3334, uncertainty: 3.1269, uncertainty_coeffi: 0.0100, loss: 0.1551, lr: 9.05e-05
     Epoch[2] Iteration[520/994], entropy: 0.3481, uncertainty: 2.4690, uncertainty_coeffi: 0.0100, loss: 0.2217, lr: 9.05e-05
     Epoch[2] Iteration[530/994], entropy: 0.4013, uncertainty: 2.7109, uncertainty_coeffi: 0.0100, loss: 0.1874, lr: 9.05e-05
     Epoch[2] Iteration[540/994], entropy: 0.2134, uncertainty: 2.4277, uncertainty_coeffi: 0.0100, loss: 0.1220, lr: 9.05e-05
     Epoch[2] Iteration[550/994], entropy: 0.2732, uncertainty: 2.7336, uncertainty_coeffi: 0.0100, loss: 0.1424, lr: 9.05e-05
     Epoch[2] Iteration[560/994], entropy: 0.2593, uncertainty: 3.8347, uncertainty_coeffi: 0.0100, loss: 0.0995, lr: 9.05e-05
     Epoch[2] Iteration[570/994], entropy: 0.1938, uncertainty: 2.5939, uncertainty_coeffi: 0.0100, loss: 0.1209, lr: 9.05e-05
     Epoch[2] Iteration[580/994], entropy: 0.4317, uncertainty: 2.9059, uncertainty_coeffi: 0.0100, loss: 0.2249, lr: 9.05e-05
     Epoch[2] Iteration[590/994], entropy: 0.3241, uncertainty: 3.8795, uncertainty_coeffi: 0.0100, loss: 0.1283, lr: 9.05e-05
     Epoch[2] Iteration[600/994], entropy: 0.3435, uncertainty: 2.5759, uncertainty_coeffi: 0.0100, loss: 0.2055, lr: 9.05e-05
     Epoch[2] Iteration[610/994], entropy: 0.3700, uncertainty: 3.3346, uncertainty_coeffi: 0.0100, loss: 0.1733, lr: 9.05e-05
     Epoch[2] Iteration[620/994], entropy: 0.1965, uncertainty: 2.0687, uncertainty_coeffi: 0.0100, loss: 0.1400, lr: 9.05e-05
     Epoch[2] Iteration[630/994], entropy: 0.1962, uncertainty: 3.3270, uncertainty_coeffi: 0.0100, loss: 0.0854, lr: 9.05e-05
     Epoch[2] Iteration[640/994], entropy: 0.4163, uncertainty: 2.9694, uncertainty_coeffi: 0.0100, loss: 0.1804, lr: 9.05e-05
     Epoch[2] Iteration[650/994], entropy: 0.3402, uncertainty: 2.4058, uncertainty_coeffi: 0.0100, loss: 0.1776, lr: 9.05e-05
     Epoch[2] Iteration[660/994], entropy: 0.3524, uncertainty: 2.9458, uncertainty_coeffi: 0.0100, loss: 0.1781, lr: 9.05e-05
     Epoch[2] Iteration[670/994], entropy: 0.2390, uncertainty: 2.0139, uncertainty_coeffi: 0.0100, loss: 0.1752, lr: 9.05e-05
     Epoch[2] Iteration[680/994], entropy: 0.3138, uncertainty: 2.8123, uncertainty_coeffi: 0.0100, loss: 0.1708, lr: 9.05e-05
     Epoch[2] Iteration[690/994], entropy: 0.3925, uncertainty: 2.6294, uncertainty_coeffi: 0.0100, loss: 0.2754, lr: 9.05e-05
     Epoch[2] Iteration[700/994], entropy: 0.1918, uncertainty: 2.5961, uncertainty_coeffi: 0.0100, loss: 0.1281, lr: 9.05e-05
     Epoch[2] Iteration[710/994], entropy: 0.4078, uncertainty: 2.9084, uncertainty_coeffi: 0.0100, loss: 0.2069, lr: 9.05e-05
     Epoch[2] Iteration[720/994], entropy: 0.4704, uncertainty: 2.8159, uncertainty_coeffi: 0.0100, loss: 0.2609, lr: 9.05e-05
     Epoch[2] Iteration[730/994], entropy: 0.3361, uncertainty: 2.9353, uncertainty_coeffi: 0.0100, loss: 0.1218, lr: 9.05e-05
     Epoch[2] Iteration[740/994], entropy: 0.4990, uncertainty: 2.8532, uncertainty_coeffi: 0.0100, loss: 0.2891, lr: 9.05e-05
     Epoch[2] Iteration[750/994], entropy: 0.2736, uncertainty: 2.0157, uncertainty_coeffi: 0.0100, loss: 0.1813, lr: 9.05e-05
     Epoch[2] Iteration[760/994], entropy: 0.1312, uncertainty: 2.5575, uncertainty_coeffi: 0.0100, loss: 0.0870, lr: 9.05e-05
     Epoch[2] Iteration[770/994], entropy: 0.2643, uncertainty: 2.0336, uncertainty_coeffi: 0.0100, loss: 0.2107, lr: 9.05e-05
     Epoch[2] Iteration[780/994], entropy: 0.2130, uncertainty: 2.2464, uncertainty_coeffi: 0.0100, loss: 0.1161, lr: 9.05e-05
     Epoch[2] Iteration[790/994], entropy: 0.2418, uncertainty: 2.7791, uncertainty_coeffi: 0.0100, loss: 0.1132, lr: 9.05e-05
     Epoch[2] Iteration[800/994], entropy: 0.5011, uncertainty: 3.0868, uncertainty_coeffi: 0.0100, loss: 0.2542, lr: 9.05e-05
     Epoch[2] Iteration[810/994], entropy: 0.2010, uncertainty: 3.3591, uncertainty_coeffi: 0.0100, loss: 0.1158, lr: 9.05e-05
     Epoch[2] Iteration[820/994], entropy: 0.3453, uncertainty: 2.9207, uncertainty_coeffi: 0.0100, loss: 0.1889, lr: 9.05e-05
     Epoch[2] Iteration[830/994], entropy: 0.2721, uncertainty: 3.1644, uncertainty_coeffi: 0.0100, loss: 0.1204, lr: 9.05e-05
     Epoch[2] Iteration[840/994], entropy: 0.3976, uncertainty: 3.2931, uncertainty_coeffi: 0.0100, loss: 0.1567, lr: 9.05e-05
     Epoch[2] Iteration[850/994], entropy: 0.4664, uncertainty: 3.6247, uncertainty_coeffi: 0.0100, loss: 0.1666, lr: 9.05e-05
     Epoch[2] Iteration[860/994], entropy: 0.3127, uncertainty: 3.0698, uncertainty_coeffi: 0.0100, loss: 0.1330, lr: 9.05e-05
     Epoch[2] Iteration[870/994], entropy: 0.1893, uncertainty: 2.7672, uncertainty_coeffi: 0.0100, loss: 0.0989, lr: 9.05e-05
     Epoch[2] Iteration[880/994], entropy: 0.2137, uncertainty: 2.1194, uncertainty_coeffi: 0.0100, loss: 0.1240, lr: 9.05e-05
     Epoch[2] Iteration[890/994], entropy: 0.2749, uncertainty: 2.1166, uncertainty_coeffi: 0.0100, loss: 0.2026, lr: 9.05e-05
     Epoch[2] Iteration[900/994], entropy: 0.3164, uncertainty: 3.3393, uncertainty_coeffi: 0.0100, loss: 0.1060, lr: 9.05e-05
     Epoch[2] Iteration[910/994], entropy: 0.2471, uncertainty: 2.6207, uncertainty_coeffi: 0.0100, loss: 0.1271, lr: 9.05e-05
     Epoch[2] Iteration[920/994], entropy: 0.4759, uncertainty: 2.4860, uncertainty_coeffi: 0.0100, loss: 0.2620, lr: 9.05e-05
     Epoch[2] Iteration[930/994], entropy: 0.3010, uncertainty: 2.1537, uncertainty_coeffi: 0.0100, loss: 0.1793, lr: 9.05e-05
     Epoch[2] Iteration[940/994], entropy: 0.2689, uncertainty: 2.0746, uncertainty_coeffi: 0.0100, loss: 0.1880, lr: 9.05e-05
     Epoch[2] Iteration[950/994], entropy: 0.3763, uncertainty: 3.4484, uncertainty_coeffi: 0.0100, loss: 0.1602, lr: 9.05e-05
     Epoch[2] Iteration[960/994], entropy: 0.1890, uncertainty: 2.4276, uncertainty_coeffi: 0.0100, loss: 0.1402, lr: 9.05e-05
     Epoch[2] Iteration[970/994], entropy: 0.3834, uncertainty: 2.9546, uncertainty_coeffi: 0.0100, loss: 0.1799, lr: 9.05e-05
     Epoch[2] Iteration[980/994], entropy: 0.4758, uncertainty: 2.8764, uncertainty_coeffi: 0.0100, loss: 0.1856, lr: 9.05e-05
     Epoch[2] Iteration[990/994], entropy: 0.1737, uncertainty: 2.0867, uncertainty_coeffi: 0.0100, loss: 0.1195, lr: 9.05e-05
     Averaged stats: entropy_avg: 0.3193, uncertainty_avg: 2.7404, uncertainty_coeffi_avg: 0.0100, loss_avg: 0.1711, lr_avg: 9.02e-05
     itm tta time 0:02:28
### TTA Eval Score: 
+-------+--------+--------+--------+--------+-------+
| epoch |   R1   |   R5   |  R10   |  mAP   |  mINP |
+-------+--------+--------+--------+--------+-------+
|  -999 | 60.631 | 77.519 | 83.268 | 35.542 | 6.004 |
|   0   | 61.734 | 77.489 | 83.117 | 36.167 | 6.141 |
|   1   | 61.890 | 77.428 | 83.102 | 36.175 | 6.122 |
|   2   | 61.921 | 77.499 | 83.036 | 36.166 | 6.101 |
+-------+--------+--------+--------+--------+-------+
     logs:  {'epo': 2, 'R1': np.float32(61.921), 'R5': np.float32(77.499), 'R10': np.float32(83.036), 'mAP': np.float32(36.166), 'mINP': np.float32(6.101), 'entropy': 0.3192558139562607, 'uncertainty': 2.74043887311762, 'uncertainty_coeffi': 0.009999999776482582, 'loss': 0.17114660580350896, 'lr': 9.019832446622274e-05}
     Epoch[3] Iteration[10/994], entropy: 0.4145, uncertainty: 2.3993, uncertainty_coeffi: 0.0100, loss: 0.1934, lr: 0.00e+00
     Epoch[3] Iteration[20/994], entropy: 0.3441, uncertainty: 2.4491, uncertainty_coeffi: 0.0100, loss: 0.2456, lr: 0.00e+00
     Epoch[3] Iteration[30/994], entropy: 0.2990, uncertainty: 3.0866, uncertainty_coeffi: 0.0100, loss: 0.1954, lr: 0.00e+00
     Epoch[3] Iteration[40/994], entropy: 0.2388, uncertainty: 2.4302, uncertainty_coeffi: 0.0100, loss: 0.1355, lr: 0.00e+00
     Epoch[3] Iteration[50/994], entropy: 0.2663, uncertainty: 2.5035, uncertainty_coeffi: 0.0100, loss: 0.1441, lr: 0.00e+00
     Epoch[3] Iteration[60/994], entropy: 0.2766, uncertainty: 2.6924, uncertainty_coeffi: 0.0100, loss: 0.1638, lr: 0.00e+00
     Epoch[3] Iteration[70/994], entropy: 0.2670, uncertainty: 1.9073, uncertainty_coeffi: 0.0100, loss: 0.1568, lr: 0.00e+00
     Epoch[3] Iteration[80/994], entropy: 0.2655, uncertainty: 2.4579, uncertainty_coeffi: 0.0100, loss: 0.1507, lr: 0.00e+00
     Epoch[3] Iteration[90/994], entropy: 0.5601, uncertainty: 2.4434, uncertainty_coeffi: 0.0100, loss: 0.3309, lr: 0.00e+00
     Epoch[3] Iteration[100/994], entropy: 0.1864, uncertainty: 2.1355, uncertainty_coeffi: 0.0100, loss: 0.1164, lr: 0.00e+00
     Epoch[3] Iteration[110/994], entropy: 0.3734, uncertainty: 2.5471, uncertainty_coeffi: 0.0100, loss: 0.2165, lr: 0.00e+00
     Epoch[3] Iteration[120/994], entropy: 0.3131, uncertainty: 3.0196, uncertainty_coeffi: 0.0100, loss: 0.1447, lr: 0.00e+00
     Epoch[3] Iteration[130/994], entropy: 0.3983, uncertainty: 2.4783, uncertainty_coeffi: 0.0100, loss: 0.2153, lr: 0.00e+00
     Epoch[3] Iteration[140/994], entropy: 0.3688, uncertainty: 2.4998, uncertainty_coeffi: 0.0100, loss: 0.1653, lr: 0.00e+00
     Epoch[3] Iteration[150/994], entropy: 0.1242, uncertainty: 2.8838, uncertainty_coeffi: 0.0100, loss: 0.0672, lr: 0.00e+00
     Epoch[3] Iteration[160/994], entropy: 0.2287, uncertainty: 2.7372, uncertainty_coeffi: 0.0100, loss: 0.1238, lr: 0.00e+00
     Epoch[3] Iteration[170/994], entropy: 0.1914, uncertainty: 2.9291, uncertainty_coeffi: 0.0100, loss: 0.1355, lr: 0.00e+00
     Epoch[3] Iteration[180/994], entropy: 0.4323, uncertainty: 3.3824, uncertainty_coeffi: 0.0100, loss: 0.1684, lr: 0.00e+00
     Epoch[3] Iteration[190/994], entropy: 0.2972, uncertainty: 2.3157, uncertainty_coeffi: 0.0100, loss: 0.1578, lr: 0.00e+00
     Epoch[3] Iteration[200/994], entropy: 0.3333, uncertainty: 2.0536, uncertainty_coeffi: 0.0100, loss: 0.2143, lr: 0.00e+00
     Epoch[3] Iteration[210/994], entropy: 0.2480, uncertainty: 3.3499, uncertainty_coeffi: 0.0100, loss: 0.1356, lr: 0.00e+00
     Epoch[3] Iteration[220/994], entropy: 0.3344, uncertainty: 2.6112, uncertainty_coeffi: 0.0100, loss: 0.1612, lr: 0.00e+00
     Epoch[3] Iteration[230/994], entropy: 0.3002, uncertainty: 2.1990, uncertainty_coeffi: 0.0100, loss: 0.1518, lr: 0.00e+00
     Epoch[3] Iteration[240/994], entropy: 0.5206, uncertainty: 3.4826, uncertainty_coeffi: 0.0100, loss: 0.2165, lr: 0.00e+00
     Epoch[3] Iteration[250/994], entropy: 0.2214, uncertainty: 2.9144, uncertainty_coeffi: 0.0100, loss: 0.1201, lr: 0.00e+00
     Epoch[3] Iteration[260/994], entropy: 0.2655, uncertainty: 2.1957, uncertainty_coeffi: 0.0100, loss: 0.1543, lr: 0.00e+00
     Epoch[3] Iteration[270/994], entropy: 0.3897, uncertainty: 2.6068, uncertainty_coeffi: 0.0100, loss: 0.1669, lr: 0.00e+00
     Epoch[3] Iteration[280/994], entropy: 0.3476, uncertainty: 1.7861, uncertainty_coeffi: 0.0100, loss: 0.2187, lr: 0.00e+00
     Epoch[3] Iteration[290/994], entropy: 0.1992, uncertainty: 2.3636, uncertainty_coeffi: 0.0100, loss: 0.1043, lr: 0.00e+00
     Epoch[3] Iteration[300/994], entropy: 0.3534, uncertainty: 2.5797, uncertainty_coeffi: 0.0100, loss: 0.1504, lr: 0.00e+00
     Epoch[3] Iteration[310/994], entropy: 0.2712, uncertainty: 2.4801, uncertainty_coeffi: 0.0100, loss: 0.1707, lr: 0.00e+00
     Epoch[3] Iteration[320/994], entropy: 0.2446, uncertainty: 2.6551, uncertainty_coeffi: 0.0100, loss: 0.1075, lr: 0.00e+00
     Epoch[3] Iteration[330/994], entropy: 0.2225, uncertainty: 2.6460, uncertainty_coeffi: 0.0100, loss: 0.1392, lr: 0.00e+00
     Epoch[3] Iteration[340/994], entropy: 0.2890, uncertainty: 3.1643, uncertainty_coeffi: 0.0100, loss: 0.1684, lr: 0.00e+00
     Epoch[3] Iteration[350/994], entropy: 0.3209, uncertainty: 3.0647, uncertainty_coeffi: 0.0100, loss: 0.1505, lr: 0.00e+00
     Epoch[3] Iteration[360/994], entropy: 0.3439, uncertainty: 2.7971, uncertainty_coeffi: 0.0100, loss: 0.1576, lr: 0.00e+00
     Epoch[3] Iteration[370/994], entropy: 0.3674, uncertainty: 3.2972, uncertainty_coeffi: 0.0100, loss: 0.2293, lr: 0.00e+00
     Epoch[3] Iteration[380/994], entropy: 0.3337, uncertainty: 2.8527, uncertainty_coeffi: 0.0100, loss: 0.1577, lr: 0.00e+00
     Epoch[3] Iteration[390/994], entropy: 0.2475, uncertainty: 2.8049, uncertainty_coeffi: 0.0100, loss: 0.1242, lr: 0.00e+00
     Epoch[3] Iteration[400/994], entropy: 0.3954, uncertainty: 2.7961, uncertainty_coeffi: 0.0100, loss: 0.2013, lr: 0.00e+00
     Epoch[3] Iteration[410/994], entropy: 0.3057, uncertainty: 3.3342, uncertainty_coeffi: 0.0100, loss: 0.1378, lr: 0.00e+00
     Epoch[3] Iteration[420/994], entropy: 0.1876, uncertainty: 2.9657, uncertainty_coeffi: 0.0100, loss: 0.1309, lr: 0.00e+00
     Epoch[3] Iteration[430/994], entropy: 0.3007, uncertainty: 2.7716, uncertainty_coeffi: 0.0100, loss: 0.1942, lr: 0.00e+00
     Epoch[3] Iteration[440/994], entropy: 0.3262, uncertainty: 2.8409, uncertainty_coeffi: 0.0100, loss: 0.1453, lr: 0.00e+00
     Epoch[3] Iteration[450/994], entropy: 0.4046, uncertainty: 2.8575, uncertainty_coeffi: 0.0100, loss: 0.1908, lr: 0.00e+00
     Epoch[3] Iteration[460/994], entropy: 0.3405, uncertainty: 2.5973, uncertainty_coeffi: 0.0100, loss: 0.1824, lr: 0.00e+00
     Epoch[3] Iteration[470/994], entropy: 0.2152, uncertainty: 2.3326, uncertainty_coeffi: 0.0100, loss: 0.1151, lr: 0.00e+00
     Epoch[3] Iteration[480/994], entropy: 0.4343, uncertainty: 2.8883, uncertainty_coeffi: 0.0100, loss: 0.1913, lr: 0.00e+00
     Epoch[3] Iteration[490/994], entropy: 0.1994, uncertainty: 2.4595, uncertainty_coeffi: 0.0100, loss: 0.1121, lr: 0.00e+00
     Epoch[3] Iteration[500/994], entropy: 0.2977, uncertainty: 2.3956, uncertainty_coeffi: 0.0100, loss: 0.1898, lr: 0.00e+00
     Epoch[3] Iteration[510/994], entropy: 0.1725, uncertainty: 2.5725, uncertainty_coeffi: 0.0100, loss: 0.1310, lr: 0.00e+00
     Epoch[3] Iteration[520/994], entropy: 0.3499, uncertainty: 2.2763, uncertainty_coeffi: 0.0100, loss: 0.2389, lr: 0.00e+00
     Epoch[3] Iteration[530/994], entropy: 0.4001, uncertainty: 2.7435, uncertainty_coeffi: 0.0100, loss: 0.2026, lr: 0.00e+00
     Epoch[3] Iteration[540/994], entropy: 0.4054, uncertainty: 2.7489, uncertainty_coeffi: 0.0100, loss: 0.2430, lr: 0.00e+00
     Epoch[3] Iteration[550/994], entropy: 0.2705, uncertainty: 3.3036, uncertainty_coeffi: 0.0100, loss: 0.1506, lr: 0.00e+00
     Epoch[3] Iteration[560/994], entropy: 0.2865, uncertainty: 2.9307, uncertainty_coeffi: 0.0100, loss: 0.1622, lr: 0.00e+00
     Epoch[3] Iteration[570/994], entropy: 0.1420, uncertainty: 3.2172, uncertainty_coeffi: 0.0100, loss: 0.0764, lr: 0.00e+00
     Epoch[3] Iteration[580/994], entropy: 0.2389, uncertainty: 2.5684, uncertainty_coeffi: 0.0100, loss: 0.1623, lr: 0.00e+00
     Epoch[3] Iteration[590/994], entropy: 0.2182, uncertainty: 2.5861, uncertainty_coeffi: 0.0100, loss: 0.1261, lr: 0.00e+00
     Epoch[3] Iteration[600/994], entropy: 0.2259, uncertainty: 2.8920, uncertainty_coeffi: 0.0100, loss: 0.1203, lr: 0.00e+00
     Epoch[3] Iteration[610/994], entropy: 0.2141, uncertainty: 2.6050, uncertainty_coeffi: 0.0100, loss: 0.0851, lr: 0.00e+00
     Epoch[3] Iteration[620/994], entropy: 0.3365, uncertainty: 2.7158, uncertainty_coeffi: 0.0100, loss: 0.1938, lr: 0.00e+00
     Epoch[3] Iteration[630/994], entropy: 0.3418, uncertainty: 2.7079, uncertainty_coeffi: 0.0100, loss: 0.1347, lr: 0.00e+00
     Epoch[3] Iteration[640/994], entropy: 0.3442, uncertainty: 2.6850, uncertainty_coeffi: 0.0100, loss: 0.1865, lr: 0.00e+00
     Epoch[3] Iteration[650/994], entropy: 0.1704, uncertainty: 2.9341, uncertainty_coeffi: 0.0100, loss: 0.0932, lr: 0.00e+00
     Epoch[3] Iteration[660/994], entropy: 0.5533, uncertainty: 2.6163, uncertainty_coeffi: 0.0100, loss: 0.2593, lr: 0.00e+00
     Epoch[3] Iteration[670/994], entropy: 0.2924, uncertainty: 3.2121, uncertainty_coeffi: 0.0100, loss: 0.1359, lr: 0.00e+00
     Epoch[3] Iteration[680/994], entropy: 0.2013, uncertainty: 2.5628, uncertainty_coeffi: 0.0100, loss: 0.1237, lr: 0.00e+00
     Epoch[3] Iteration[690/994], entropy: 0.3790, uncertainty: 2.9194, uncertainty_coeffi: 0.0100, loss: 0.1771, lr: 0.00e+00
     Epoch[3] Iteration[700/994], entropy: 0.2243, uncertainty: 2.8087, uncertainty_coeffi: 0.0100, loss: 0.1474, lr: 0.00e+00
     Epoch[3] Iteration[710/994], entropy: 0.2064, uncertainty: 2.5049, uncertainty_coeffi: 0.0100, loss: 0.1504, lr: 0.00e+00
     Epoch[3] Iteration[720/994], entropy: 0.2118, uncertainty: 3.7795, uncertainty_coeffi: 0.0100, loss: 0.0961, lr: 0.00e+00
     Epoch[3] Iteration[730/994], entropy: 0.3796, uncertainty: 2.8051, uncertainty_coeffi: 0.0100, loss: 0.1682, lr: 0.00e+00
     Epoch[3] Iteration[740/994], entropy: 0.3592, uncertainty: 2.9428, uncertainty_coeffi: 0.0100, loss: 0.1920, lr: 0.00e+00
     Epoch[3] Iteration[750/994], entropy: 0.4089, uncertainty: 3.1421, uncertainty_coeffi: 0.0100, loss: 0.1816, lr: 0.00e+00
     Epoch[3] Iteration[760/994], entropy: 0.5420, uncertainty: 2.3969, uncertainty_coeffi: 0.0100, loss: 0.3617, lr: 0.00e+00
     Epoch[3] Iteration[770/994], entropy: 0.4114, uncertainty: 3.0266, uncertainty_coeffi: 0.0100, loss: 0.1745, lr: 0.00e+00
     Epoch[3] Iteration[780/994], entropy: 0.1206, uncertainty: 3.0605, uncertainty_coeffi: 0.0100, loss: 0.0856, lr: 0.00e+00
     Epoch[3] Iteration[790/994], entropy: 0.4757, uncertainty: 2.8412, uncertainty_coeffi: 0.0100, loss: 0.2136, lr: 0.00e+00
     Epoch[3] Iteration[800/994], entropy: 0.2909, uncertainty: 1.9714, uncertainty_coeffi: 0.0100, loss: 0.2124, lr: 0.00e+00
     Epoch[3] Iteration[810/994], entropy: 0.3969, uncertainty: 2.2949, uncertainty_coeffi: 0.0100, loss: 0.2023, lr: 0.00e+00
     Epoch[3] Iteration[820/994], entropy: 0.1693, uncertainty: 2.6925, uncertainty_coeffi: 0.0100, loss: 0.1146, lr: 0.00e+00
     Epoch[3] Iteration[830/994], entropy: 0.3971, uncertainty: 3.0155, uncertainty_coeffi: 0.0100, loss: 0.1507, lr: 0.00e+00
     Epoch[3] Iteration[840/994], entropy: 0.2698, uncertainty: 2.8664, uncertainty_coeffi: 0.0100, loss: 0.1555, lr: 0.00e+00
     Epoch[3] Iteration[850/994], entropy: 0.4170, uncertainty: 2.8329, uncertainty_coeffi: 0.0100, loss: 0.2193, lr: 0.00e+00
     Epoch[3] Iteration[860/994], entropy: 0.4627, uncertainty: 3.2222, uncertainty_coeffi: 0.0100, loss: 0.2179, lr: 0.00e+00
     Epoch[3] Iteration[870/994], entropy: 0.3733, uncertainty: 2.9441, uncertainty_coeffi: 0.0100, loss: 0.1461, lr: 0.00e+00
     Epoch[3] Iteration[880/994], entropy: 0.2222, uncertainty: 2.6139, uncertainty_coeffi: 0.0100, loss: 0.1094, lr: 0.00e+00
     Epoch[3] Iteration[890/994], entropy: 0.2409, uncertainty: 2.3167, uncertainty_coeffi: 0.0100, loss: 0.1601, lr: 0.00e+00
     Epoch[3] Iteration[900/994], entropy: 0.2267, uncertainty: 2.4351, uncertainty_coeffi: 0.0100, loss: 0.1730, lr: 0.00e+00
     Epoch[3] Iteration[910/994], entropy: 0.2005, uncertainty: 2.0927, uncertainty_coeffi: 0.0100, loss: 0.1258, lr: 0.00e+00
     Epoch[3] Iteration[920/994], entropy: 0.3297, uncertainty: 2.1628, uncertainty_coeffi: 0.0100, loss: 0.2004, lr: 0.00e+00
     Epoch[3] Iteration[930/994], entropy: 0.5602, uncertainty: 2.8339, uncertainty_coeffi: 0.0100, loss: 0.3030, lr: 0.00e+00
     Epoch[3] Iteration[940/994], entropy: 0.1431, uncertainty: 2.7358, uncertainty_coeffi: 0.0100, loss: 0.0750, lr: 0.00e+00
     Epoch[3] Iteration[950/994], entropy: 0.3529, uncertainty: 3.0786, uncertainty_coeffi: 0.0100, loss: 0.1678, lr: 0.00e+00
     Epoch[3] Iteration[960/994], entropy: 0.2263, uncertainty: 2.4716, uncertainty_coeffi: 0.0100, loss: 0.1552, lr: 0.00e+00
     Epoch[3] Iteration[970/994], entropy: 0.2727, uncertainty: 2.6323, uncertainty_coeffi: 0.0100, loss: 0.1881, lr: 0.00e+00
     Epoch[3] Iteration[980/994], entropy: 0.3845, uncertainty: 3.2408, uncertainty_coeffi: 0.0100, loss: 0.2025, lr: 0.00e+00
     Epoch[3] Iteration[990/994], entropy: 0.3746, uncertainty: 2.9305, uncertainty_coeffi: 0.0100, loss: 0.1791, lr: 0.00e+00
     Averaged stats: entropy_avg: 0.3091, uncertainty_avg: 2.7165, uncertainty_coeffi_avg: 0.0100, loss_avg: 0.1662, lr_avg: 0.00e+00
     itm tta time 0:02:23
     Epoch[4] Iteration[10/994], entropy: 0.3191, uncertainty: 2.2597, uncertainty_coeffi: 0.0100, loss: 0.1775, lr: 9.05e-05
     Epoch[4] Iteration[20/994], entropy: 0.2902, uncertainty: 2.2084, uncertainty_coeffi: 0.0100, loss: 0.1779, lr: 9.05e-05
     Epoch[4] Iteration[30/994], entropy: 0.3750, uncertainty: 3.6733, uncertainty_coeffi: 0.0100, loss: 0.1737, lr: 9.05e-05
     Epoch[4] Iteration[40/994], entropy: 0.4149, uncertainty: 2.3402, uncertainty_coeffi: 0.0100, loss: 0.2082, lr: 6.55e-05
     Epoch[4] Iteration[50/994], entropy: 0.5693, uncertainty: 3.0618, uncertainty_coeffi: 0.0100, loss: 0.2353, lr: 6.55e-05
     Epoch[4] Iteration[60/994], entropy: 0.2502, uncertainty: 2.9738, uncertainty_coeffi: 0.0100, loss: 0.1143, lr: 6.55e-05
     Epoch[4] Iteration[70/994], entropy: 0.1991, uncertainty: 2.6498, uncertainty_coeffi: 0.0100, loss: 0.1067, lr: 6.55e-05
     Epoch[4] Iteration[80/994], entropy: 0.1697, uncertainty: 2.8420, uncertainty_coeffi: 0.0100, loss: 0.0840, lr: 6.55e-05
     Epoch[4] Iteration[90/994], entropy: 0.2775, uncertainty: 2.9342, uncertainty_coeffi: 0.0100, loss: 0.1237, lr: 6.55e-05
     Epoch[4] Iteration[100/994], entropy: 0.2767, uncertainty: 2.9368, uncertainty_coeffi: 0.0100, loss: 0.1372, lr: 6.55e-05
     Epoch[4] Iteration[110/994], entropy: 0.2130, uncertainty: 3.4267, uncertainty_coeffi: 0.0100, loss: 0.1011, lr: 6.55e-05
     Epoch[4] Iteration[120/994], entropy: 0.3619, uncertainty: 2.3274, uncertainty_coeffi: 0.0100, loss: 0.2023, lr: 6.55e-05
     Epoch[4] Iteration[130/994], entropy: 0.3335, uncertainty: 3.1660, uncertainty_coeffi: 0.0100, loss: 0.1738, lr: 6.55e-05
     Epoch[4] Iteration[140/994], entropy: 0.2806, uncertainty: 2.5242, uncertainty_coeffi: 0.0100, loss: 0.1728, lr: 6.55e-05
     Epoch[4] Iteration[150/994], entropy: 0.2145, uncertainty: 2.7559, uncertainty_coeffi: 0.0100, loss: 0.1025, lr: 6.55e-05
     Epoch[4] Iteration[160/994], entropy: 0.2878, uncertainty: 2.6669, uncertainty_coeffi: 0.0100, loss: 0.1659, lr: 6.55e-05
     Epoch[4] Iteration[170/994], entropy: 0.2158, uncertainty: 2.5039, uncertainty_coeffi: 0.0100, loss: 0.1222, lr: 6.55e-05
     Epoch[4] Iteration[180/994], entropy: 0.3253, uncertainty: 2.3360, uncertainty_coeffi: 0.0100, loss: 0.2140, lr: 6.55e-05
     Epoch[4] Iteration[190/994], entropy: 0.2667, uncertainty: 2.6069, uncertainty_coeffi: 0.0100, loss: 0.1312, lr: 6.55e-05
     Epoch[4] Iteration[200/994], entropy: 0.4255, uncertainty: 2.5558, uncertainty_coeffi: 0.0100, loss: 0.1915, lr: 6.55e-05
     Epoch[4] Iteration[210/994], entropy: 0.4018, uncertainty: 3.0485, uncertainty_coeffi: 0.0100, loss: 0.1913, lr: 6.55e-05
     Epoch[4] Iteration[220/994], entropy: 0.3458, uncertainty: 2.2397, uncertainty_coeffi: 0.0100, loss: 0.1833, lr: 6.55e-05
     Epoch[4] Iteration[230/994], entropy: 0.4519, uncertainty: 3.1070, uncertainty_coeffi: 0.0100, loss: 0.1931, lr: 6.55e-05
     Epoch[4] Iteration[240/994], entropy: 0.2595, uncertainty: 2.8358, uncertainty_coeffi: 0.0100, loss: 0.1222, lr: 6.55e-05
     Epoch[4] Iteration[250/994], entropy: 0.4276, uncertainty: 2.1674, uncertainty_coeffi: 0.0100, loss: 0.2537, lr: 6.55e-05
     Epoch[4] Iteration[260/994], entropy: 0.2137, uncertainty: 2.0790, uncertainty_coeffi: 0.0100, loss: 0.1292, lr: 6.55e-05
     Epoch[4] Iteration[270/994], entropy: 0.2709, uncertainty: 2.9031, uncertainty_coeffi: 0.0100, loss: 0.1527, lr: 6.55e-05
     Epoch[4] Iteration[280/994], entropy: 0.3019, uncertainty: 3.0511, uncertainty_coeffi: 0.0100, loss: 0.1841, lr: 6.55e-05
     Epoch[4] Iteration[290/994], entropy: 0.2817, uncertainty: 2.7472, uncertainty_coeffi: 0.0100, loss: 0.1753, lr: 6.55e-05
     Epoch[4] Iteration[300/994], entropy: 0.3588, uncertainty: 2.8505, uncertainty_coeffi: 0.0100, loss: 0.1736, lr: 6.55e-05
     Epoch[4] Iteration[310/994], entropy: 0.3294, uncertainty: 3.5546, uncertainty_coeffi: 0.0100, loss: 0.1522, lr: 6.55e-05
     Epoch[4] Iteration[320/994], entropy: 0.1551, uncertainty: 2.9299, uncertainty_coeffi: 0.0100, loss: 0.1095, lr: 6.55e-05
     Epoch[4] Iteration[330/994], entropy: 0.1988, uncertainty: 2.7302, uncertainty_coeffi: 0.0100, loss: 0.1448, lr: 6.55e-05
     Epoch[4] Iteration[340/994], entropy: 0.3752, uncertainty: 2.4549, uncertainty_coeffi: 0.0100, loss: 0.2178, lr: 6.55e-05
     Epoch[4] Iteration[350/994], entropy: 0.1401, uncertainty: 2.5255, uncertainty_coeffi: 0.0100, loss: 0.1112, lr: 6.55e-05
     Epoch[4] Iteration[360/994], entropy: 0.1389, uncertainty: 2.4044, uncertainty_coeffi: 0.0100, loss: 0.0856, lr: 6.55e-05
     Epoch[4] Iteration[370/994], entropy: 0.3199, uncertainty: 2.8157, uncertainty_coeffi: 0.0100, loss: 0.1855, lr: 6.55e-05
     Epoch[4] Iteration[380/994], entropy: 0.2026, uncertainty: 2.3956, uncertainty_coeffi: 0.0100, loss: 0.1422, lr: 6.55e-05
     Epoch[4] Iteration[390/994], entropy: 0.2485, uncertainty: 2.6573, uncertainty_coeffi: 0.0100, loss: 0.1135, lr: 6.55e-05
     Epoch[4] Iteration[400/994], entropy: 0.3248, uncertainty: 3.1431, uncertainty_coeffi: 0.0100, loss: 0.1475, lr: 6.55e-05
     Epoch[4] Iteration[410/994], entropy: 0.2879, uncertainty: 3.1050, uncertainty_coeffi: 0.0100, loss: 0.1453, lr: 6.55e-05
     Epoch[4] Iteration[420/994], entropy: 0.3829, uncertainty: 2.4860, uncertainty_coeffi: 0.0100, loss: 0.2319, lr: 6.55e-05
     Epoch[4] Iteration[430/994], entropy: 0.2950, uncertainty: 2.4537, uncertainty_coeffi: 0.0100, loss: 0.1438, lr: 6.55e-05
     Epoch[4] Iteration[440/994], entropy: 0.2907, uncertainty: 2.2628, uncertainty_coeffi: 0.0100, loss: 0.1333, lr: 6.55e-05
     Epoch[4] Iteration[450/994], entropy: 0.4337, uncertainty: 2.2311, uncertainty_coeffi: 0.0100, loss: 0.2751, lr: 6.55e-05
     Epoch[4] Iteration[460/994], entropy: 0.1781, uncertainty: 2.7966, uncertainty_coeffi: 0.0100, loss: 0.1041, lr: 6.55e-05
     Epoch[4] Iteration[470/994], entropy: 0.3944, uncertainty: 2.8563, uncertainty_coeffi: 0.0100, loss: 0.2354, lr: 6.55e-05
     Epoch[4] Iteration[480/994], entropy: 0.3515, uncertainty: 2.3936, uncertainty_coeffi: 0.0100, loss: 0.1995, lr: 6.55e-05
     Epoch[4] Iteration[490/994], entropy: 0.2174, uncertainty: 2.6802, uncertainty_coeffi: 0.0100, loss: 0.1066, lr: 6.55e-05
     Epoch[4] Iteration[500/994], entropy: 0.1855, uncertainty: 2.7341, uncertainty_coeffi: 0.0100, loss: 0.0909, lr: 6.55e-05
     Epoch[4] Iteration[510/994], entropy: 0.2172, uncertainty: 2.1050, uncertainty_coeffi: 0.0100, loss: 0.1409, lr: 6.55e-05
     Epoch[4] Iteration[520/994], entropy: 0.2991, uncertainty: 2.5931, uncertainty_coeffi: 0.0100, loss: 0.2353, lr: 6.55e-05
     Epoch[4] Iteration[530/994], entropy: 0.2829, uncertainty: 2.4456, uncertainty_coeffi: 0.0100, loss: 0.1467, lr: 6.55e-05
     Epoch[4] Iteration[540/994], entropy: 0.3683, uncertainty: 2.5218, uncertainty_coeffi: 0.0100, loss: 0.2009, lr: 6.55e-05
     Epoch[4] Iteration[550/994], entropy: 0.3780, uncertainty: 3.3629, uncertainty_coeffi: 0.0100, loss: 0.1918, lr: 6.55e-05
     Epoch[4] Iteration[560/994], entropy: 0.3692, uncertainty: 2.7777, uncertainty_coeffi: 0.0100, loss: 0.1650, lr: 6.55e-05
     Epoch[4] Iteration[570/994], entropy: 0.2244, uncertainty: 2.0878, uncertainty_coeffi: 0.0100, loss: 0.1639, lr: 6.55e-05
     Epoch[4] Iteration[580/994], entropy: 0.2519, uncertainty: 2.3725, uncertainty_coeffi: 0.0100, loss: 0.1657, lr: 6.55e-05
     Epoch[4] Iteration[590/994], entropy: 0.3817, uncertainty: 2.5195, uncertainty_coeffi: 0.0100, loss: 0.2350, lr: 6.55e-05
     Epoch[4] Iteration[600/994], entropy: 0.2306, uncertainty: 2.6807, uncertainty_coeffi: 0.0100, loss: 0.1280, lr: 6.55e-05
     Epoch[4] Iteration[610/994], entropy: 0.2923, uncertainty: 3.5154, uncertainty_coeffi: 0.0100, loss: 0.1300, lr: 6.55e-05
     Epoch[4] Iteration[620/994], entropy: 0.3266, uncertainty: 2.4442, uncertainty_coeffi: 0.0100, loss: 0.2273, lr: 6.55e-05
     Epoch[4] Iteration[630/994], entropy: 0.3084, uncertainty: 3.3556, uncertainty_coeffi: 0.0100, loss: 0.1812, lr: 6.55e-05
     Epoch[4] Iteration[640/994], entropy: 0.3608, uncertainty: 3.0695, uncertainty_coeffi: 0.0100, loss: 0.1669, lr: 6.55e-05
     Epoch[4] Iteration[650/994], entropy: 0.4273, uncertainty: 2.9498, uncertainty_coeffi: 0.0100, loss: 0.2439, lr: 6.55e-05
     Epoch[4] Iteration[660/994], entropy: 0.1952, uncertainty: 2.4776, uncertainty_coeffi: 0.0100, loss: 0.1268, lr: 6.55e-05
     Epoch[4] Iteration[670/994], entropy: 0.4647, uncertainty: 2.0232, uncertainty_coeffi: 0.0100, loss: 0.3488, lr: 6.55e-05
     Epoch[4] Iteration[680/994], entropy: 0.4262, uncertainty: 2.7702, uncertainty_coeffi: 0.0100, loss: 0.1887, lr: 6.55e-05
     Epoch[4] Iteration[690/994], entropy: 0.3547, uncertainty: 3.1923, uncertainty_coeffi: 0.0100, loss: 0.1609, lr: 6.55e-05
     Epoch[4] Iteration[700/994], entropy: 0.3295, uncertainty: 3.2580, uncertainty_coeffi: 0.0100, loss: 0.1609, lr: 6.55e-05
     Epoch[4] Iteration[710/994], entropy: 0.1341, uncertainty: 3.0777, uncertainty_coeffi: 0.0100, loss: 0.0796, lr: 6.55e-05
     Epoch[4] Iteration[720/994], entropy: 0.3398, uncertainty: 2.5370, uncertainty_coeffi: 0.0100, loss: 0.1546, lr: 6.55e-05
     Epoch[4] Iteration[730/994], entropy: 0.3310, uncertainty: 2.0384, uncertainty_coeffi: 0.0100, loss: 0.2242, lr: 6.55e-05
     Epoch[4] Iteration[740/994], entropy: 0.4026, uncertainty: 2.3261, uncertainty_coeffi: 0.0100, loss: 0.2258, lr: 6.55e-05
     Epoch[4] Iteration[750/994], entropy: 0.2652, uncertainty: 2.4076, uncertainty_coeffi: 0.0100, loss: 0.1393, lr: 6.55e-05
     Epoch[4] Iteration[760/994], entropy: 0.2383, uncertainty: 3.2764, uncertainty_coeffi: 0.0100, loss: 0.1272, lr: 6.55e-05
     Epoch[4] Iteration[770/994], entropy: 0.2920, uncertainty: 3.0781, uncertainty_coeffi: 0.0100, loss: 0.1351, lr: 6.55e-05
     Epoch[4] Iteration[780/994], entropy: 0.4441, uncertainty: 2.7849, uncertainty_coeffi: 0.0100, loss: 0.2174, lr: 6.55e-05
     Epoch[4] Iteration[790/994], entropy: 0.3170, uncertainty: 2.5575, uncertainty_coeffi: 0.0100, loss: 0.1534, lr: 6.55e-05
     Epoch[4] Iteration[800/994], entropy: 0.1940, uncertainty: 2.9462, uncertainty_coeffi: 0.0100, loss: 0.1337, lr: 6.55e-05
     Epoch[4] Iteration[810/994], entropy: 0.3575, uncertainty: 3.0540, uncertainty_coeffi: 0.0100, loss: 0.1833, lr: 6.55e-05
     Epoch[4] Iteration[820/994], entropy: 0.3226, uncertainty: 2.7693, uncertainty_coeffi: 0.0100, loss: 0.1671, lr: 6.55e-05
     Epoch[4] Iteration[830/994], entropy: 0.1784, uncertainty: 2.4300, uncertainty_coeffi: 0.0100, loss: 0.1026, lr: 6.55e-05
     Epoch[4] Iteration[840/994], entropy: 0.3297, uncertainty: 2.0184, uncertainty_coeffi: 0.0100, loss: 0.1954, lr: 6.55e-05
     Epoch[4] Iteration[850/994], entropy: 0.1984, uncertainty: 3.6940, uncertainty_coeffi: 0.0100, loss: 0.1014, lr: 6.55e-05
     Epoch[4] Iteration[860/994], entropy: 0.2982, uncertainty: 2.5408, uncertainty_coeffi: 0.0100, loss: 0.1360, lr: 6.55e-05
     Epoch[4] Iteration[870/994], entropy: 0.4720, uncertainty: 2.4551, uncertainty_coeffi: 0.0100, loss: 0.2379, lr: 6.55e-05
     Epoch[4] Iteration[880/994], entropy: 0.3625, uncertainty: 3.0819, uncertainty_coeffi: 0.0100, loss: 0.2208, lr: 6.55e-05
     Epoch[4] Iteration[890/994], entropy: 0.1901, uncertainty: 2.7819, uncertainty_coeffi: 0.0100, loss: 0.0963, lr: 6.55e-05
     Epoch[4] Iteration[900/994], entropy: 0.2786, uncertainty: 3.0851, uncertainty_coeffi: 0.0100, loss: 0.1342, lr: 6.55e-05
     Epoch[4] Iteration[910/994], entropy: 0.6230, uncertainty: 2.9303, uncertainty_coeffi: 0.0100, loss: 0.3336, lr: 6.55e-05
     Epoch[4] Iteration[920/994], entropy: 0.3242, uncertainty: 2.9080, uncertainty_coeffi: 0.0100, loss: 0.1669, lr: 6.55e-05
     Epoch[4] Iteration[930/994], entropy: 0.3246, uncertainty: 2.5232, uncertainty_coeffi: 0.0100, loss: 0.1664, lr: 6.55e-05
     Epoch[4] Iteration[940/994], entropy: 0.3137, uncertainty: 2.8226, uncertainty_coeffi: 0.0100, loss: 0.2129, lr: 6.55e-05
     Epoch[4] Iteration[950/994], entropy: 0.3530, uncertainty: 2.7964, uncertainty_coeffi: 0.0100, loss: 0.1938, lr: 6.55e-05
     Epoch[4] Iteration[960/994], entropy: 0.3278, uncertainty: 2.6076, uncertainty_coeffi: 0.0100, loss: 0.1789, lr: 6.55e-05
     Epoch[4] Iteration[970/994], entropy: 0.2191, uncertainty: 2.8287, uncertainty_coeffi: 0.0100, loss: 0.1314, lr: 6.55e-05
     Epoch[4] Iteration[980/994], entropy: 0.2059, uncertainty: 2.5025, uncertainty_coeffi: 0.0100, loss: 0.1311, lr: 6.55e-05
     Epoch[4] Iteration[990/994], entropy: 0.2508, uncertainty: 2.7084, uncertainty_coeffi: 0.0100, loss: 0.1466, lr: 6.55e-05
     Averaged stats: entropy_avg: 0.3051, uncertainty_avg: 2.7220, uncertainty_coeffi_avg: 0.0100, loss_avg: 0.1665, lr_avg: 6.62e-05
     itm tta time 0:02:21
### TTA Eval Score: 
+-------+--------+--------+--------+--------+-------+
| epoch |   R1   |   R5   |  R10   |  mAP   |  mINP |
+-------+--------+--------+--------+--------+-------+
|  -999 | 60.631 | 77.519 | 83.268 | 35.542 | 6.004 |
|   0   | 61.734 | 77.489 | 83.117 | 36.167 | 6.141 |
|   1   | 61.890 | 77.428 | 83.102 | 36.175 | 6.122 |
|   2   | 61.921 | 77.499 | 83.036 | 36.166 | 6.101 |
|   4   | 61.865 | 77.459 | 83.071 | 36.156 | 6.119 |
+-------+--------+--------+--------+--------+-------+
     logs:  {'epo': 4, 'R1': np.float32(61.865), 'R5': np.float32(77.459), 'R10': np.float32(83.071), 'mAP': np.float32(36.156), 'mINP': np.float32(6.119), 'entropy': 0.3051297473486024, 'uncertainty': 2.7220178108022672, 'uncertainty_coeffi': 0.009999999776482582, 'loss': 0.16652101662122842, 'lr': 6.620842547632111e-05}
     Epoch[5] Iteration[10/994], entropy: 0.3827, uncertainty: 2.9412, uncertainty_coeffi: 0.0100, loss: 0.1712, lr: 6.55e-05
     Epoch[5] Iteration[20/994], entropy: 0.2962, uncertainty: 3.3236, uncertainty_coeffi: 0.0100, loss: 0.1472, lr: 6.55e-05
     Epoch[5] Iteration[30/994], entropy: 0.5963, uncertainty: 2.9196, uncertainty_coeffi: 0.0100, loss: 0.2969, lr: 6.55e-05
     Epoch[5] Iteration[40/994], entropy: 0.4771, uncertainty: 3.0550, uncertainty_coeffi: 0.0100, loss: 0.3416, lr: 6.55e-05
     Epoch[5] Iteration[50/994], entropy: 0.3038, uncertainty: 3.3694, uncertainty_coeffi: 0.0100, loss: 0.1575, lr: 6.55e-05
     Epoch[5] Iteration[60/994], entropy: 0.2123, uncertainty: 3.1130, uncertainty_coeffi: 0.0100, loss: 0.1084, lr: 6.55e-05
     Epoch[5] Iteration[70/994], entropy: 0.2556, uncertainty: 2.4563, uncertainty_coeffi: 0.0100, loss: 0.1466, lr: 6.55e-05
     Epoch[5] Iteration[80/994], entropy: 0.4529, uncertainty: 2.4843, uncertainty_coeffi: 0.0100, loss: 0.2695, lr: 6.55e-05
     Epoch[5] Iteration[90/994], entropy: 0.2095, uncertainty: 2.2801, uncertainty_coeffi: 0.0100, loss: 0.1460, lr: 6.55e-05
     Epoch[5] Iteration[100/994], entropy: 0.4022, uncertainty: 2.4674, uncertainty_coeffi: 0.0100, loss: 0.2254, lr: 6.55e-05
     Epoch[5] Iteration[110/994], entropy: 0.3370, uncertainty: 2.6587, uncertainty_coeffi: 0.0100, loss: 0.2068, lr: 6.55e-05
     Epoch[5] Iteration[120/994], entropy: 0.3462, uncertainty: 2.7188, uncertainty_coeffi: 0.0100, loss: 0.2035, lr: 6.55e-05
     Epoch[5] Iteration[130/994], entropy: 0.3681, uncertainty: 3.1571, uncertainty_coeffi: 0.0100, loss: 0.1798, lr: 6.55e-05
     Epoch[5] Iteration[140/994], entropy: 0.2667, uncertainty: 2.6614, uncertainty_coeffi: 0.0100, loss: 0.1577, lr: 6.55e-05
     Epoch[5] Iteration[150/994], entropy: 0.2058, uncertainty: 2.9390, uncertainty_coeffi: 0.0100, loss: 0.0914, lr: 6.55e-05
     Epoch[5] Iteration[160/994], entropy: 0.2889, uncertainty: 2.8234, uncertainty_coeffi: 0.0100, loss: 0.1659, lr: 6.55e-05
     Epoch[5] Iteration[170/994], entropy: 0.1503, uncertainty: 2.4397, uncertainty_coeffi: 0.0100, loss: 0.0997, lr: 6.55e-05
     Epoch[5] Iteration[180/994], entropy: 0.4987, uncertainty: 3.2269, uncertainty_coeffi: 0.0100, loss: 0.2218, lr: 6.55e-05
     Epoch[5] Iteration[190/994], entropy: 0.4617, uncertainty: 2.6639, uncertainty_coeffi: 0.0100, loss: 0.2379, lr: 6.55e-05
     Epoch[5] Iteration[200/994], entropy: 0.2131, uncertainty: 2.3551, uncertainty_coeffi: 0.0100, loss: 0.1306, lr: 6.55e-05
     Epoch[5] Iteration[210/994], entropy: 0.2961, uncertainty: 2.5585, uncertainty_coeffi: 0.0100, loss: 0.1566, lr: 6.55e-05
     Epoch[5] Iteration[220/994], entropy: 0.1911, uncertainty: 2.2477, uncertainty_coeffi: 0.0100, loss: 0.1290, lr: 6.55e-05
     Epoch[5] Iteration[230/994], entropy: 0.1947, uncertainty: 3.1125, uncertainty_coeffi: 0.0100, loss: 0.1048, lr: 6.55e-05
     Epoch[5] Iteration[240/994], entropy: 0.3967, uncertainty: 2.6966, uncertainty_coeffi: 0.0100, loss: 0.1960, lr: 6.55e-05
     Epoch[5] Iteration[250/994], entropy: 0.2590, uncertainty: 3.0379, uncertainty_coeffi: 0.0100, loss: 0.1217, lr: 6.55e-05
     Epoch[5] Iteration[260/994], entropy: 0.2747, uncertainty: 2.2723, uncertainty_coeffi: 0.0100, loss: 0.1256, lr: 6.55e-05
     Epoch[5] Iteration[270/994], entropy: 0.1329, uncertainty: 2.7730, uncertainty_coeffi: 0.0100, loss: 0.0890, lr: 6.55e-05
     Epoch[5] Iteration[280/994], entropy: 0.3205, uncertainty: 3.3505, uncertainty_coeffi: 0.0100, loss: 0.1491, lr: 6.55e-05
     Epoch[5] Iteration[290/994], entropy: 0.3264, uncertainty: 2.1569, uncertainty_coeffi: 0.0100, loss: 0.1848, lr: 6.55e-05
     Epoch[5] Iteration[300/994], entropy: 0.3478, uncertainty: 3.2352, uncertainty_coeffi: 0.0100, loss: 0.1523, lr: 6.55e-05
     Epoch[5] Iteration[310/994], entropy: 0.2337, uncertainty: 2.1604, uncertainty_coeffi: 0.0100, loss: 0.1526, lr: 6.55e-05
     Epoch[5] Iteration[320/994], entropy: 0.2889, uncertainty: 2.7974, uncertainty_coeffi: 0.0100, loss: 0.1428, lr: 6.55e-05
     Epoch[5] Iteration[330/994], entropy: 0.3861, uncertainty: 3.4395, uncertainty_coeffi: 0.0100, loss: 0.2337, lr: 6.55e-05
     Epoch[5] Iteration[340/994], entropy: 0.4645, uncertainty: 2.6766, uncertainty_coeffi: 0.0100, loss: 0.2156, lr: 6.55e-05
     Epoch[5] Iteration[350/994], entropy: 0.1558, uncertainty: 2.6063, uncertainty_coeffi: 0.0100, loss: 0.0791, lr: 6.55e-05
     Epoch[5] Iteration[360/994], entropy: 0.2565, uncertainty: 2.2794, uncertainty_coeffi: 0.0100, loss: 0.1449, lr: 6.55e-05
     Epoch[5] Iteration[370/994], entropy: 0.1850, uncertainty: 2.3230, uncertainty_coeffi: 0.0100, loss: 0.1148, lr: 6.55e-05
     Epoch[5] Iteration[380/994], entropy: 0.3321, uncertainty: 2.2580, uncertainty_coeffi: 0.0100, loss: 0.1954, lr: 6.55e-05
     Epoch[5] Iteration[390/994], entropy: 0.1538, uncertainty: 2.4301, uncertainty_coeffi: 0.0100, loss: 0.1194, lr: 6.55e-05
     Epoch[5] Iteration[400/994], entropy: 0.3695, uncertainty: 2.5421, uncertainty_coeffi: 0.0100, loss: 0.2189, lr: 6.55e-05
     Epoch[5] Iteration[410/994], entropy: 0.1126, uncertainty: 2.7534, uncertainty_coeffi: 0.0100, loss: 0.0708, lr: 6.55e-05
     Epoch[5] Iteration[420/994], entropy: 0.3549, uncertainty: 3.3711, uncertainty_coeffi: 0.0100, loss: 0.1474, lr: 6.55e-05
     Epoch[5] Iteration[430/994], entropy: 0.4263, uncertainty: 2.3843, uncertainty_coeffi: 0.0100, loss: 0.2432, lr: 6.55e-05
     Epoch[5] Iteration[440/994], entropy: 0.1153, uncertainty: 3.1616, uncertainty_coeffi: 0.0100, loss: 0.0793, lr: 6.55e-05
     Epoch[5] Iteration[450/994], entropy: 0.0973, uncertainty: 2.8702, uncertainty_coeffi: 0.0100, loss: 0.0608, lr: 6.55e-05
     Epoch[5] Iteration[460/994], entropy: 0.2107, uncertainty: 2.7196, uncertainty_coeffi: 0.0100, loss: 0.1292, lr: 6.55e-05
     Epoch[5] Iteration[470/994], entropy: 0.2612, uncertainty: 2.4124, uncertainty_coeffi: 0.0100, loss: 0.1449, lr: 6.55e-05
     Epoch[5] Iteration[480/994], entropy: 0.1517, uncertainty: 2.7677, uncertainty_coeffi: 0.0100, loss: 0.0863, lr: 6.55e-05
     Epoch[5] Iteration[490/994], entropy: 0.2412, uncertainty: 2.3087, uncertainty_coeffi: 0.0100, loss: 0.1378, lr: 6.55e-05
     Epoch[5] Iteration[500/994], entropy: 0.2682, uncertainty: 2.2405, uncertainty_coeffi: 0.0100, loss: 0.1629, lr: 6.55e-05
     Epoch[5] Iteration[510/994], entropy: 0.4404, uncertainty: 2.4471, uncertainty_coeffi: 0.0100, loss: 0.2616, lr: 6.55e-05
     Epoch[5] Iteration[520/994], entropy: 0.1609, uncertainty: 3.0692, uncertainty_coeffi: 0.0100, loss: 0.1284, lr: 6.55e-05
     Epoch[5] Iteration[530/994], entropy: 0.2814, uncertainty: 2.5999, uncertainty_coeffi: 0.0100, loss: 0.1379, lr: 6.55e-05
     Epoch[5] Iteration[540/994], entropy: 0.3792, uncertainty: 3.1790, uncertainty_coeffi: 0.0100, loss: 0.2314, lr: 6.55e-05
     Epoch[5] Iteration[550/994], entropy: 0.3091, uncertainty: 2.4333, uncertainty_coeffi: 0.0100, loss: 0.1554, lr: 6.55e-05
     Epoch[5] Iteration[560/994], entropy: 0.2715, uncertainty: 2.8590, uncertainty_coeffi: 0.0100, loss: 0.1515, lr: 6.55e-05
     Epoch[5] Iteration[570/994], entropy: 0.3336, uncertainty: 2.4850, uncertainty_coeffi: 0.0100, loss: 0.2268, lr: 6.55e-05
     Epoch[5] Iteration[580/994], entropy: 0.3866, uncertainty: 3.0429, uncertainty_coeffi: 0.0100, loss: 0.1735, lr: 6.55e-05
     Epoch[5] Iteration[590/994], entropy: 0.2515, uncertainty: 2.7511, uncertainty_coeffi: 0.0100, loss: 0.1955, lr: 6.55e-05
     Epoch[5] Iteration[600/994], entropy: 0.4757, uncertainty: 2.6713, uncertainty_coeffi: 0.0100, loss: 0.2656, lr: 6.55e-05
     Epoch[5] Iteration[610/994], entropy: 0.3066, uncertainty: 2.6324, uncertainty_coeffi: 0.0100, loss: 0.1831, lr: 6.55e-05
     Epoch[5] Iteration[620/994], entropy: 0.4108, uncertainty: 2.6460, uncertainty_coeffi: 0.0100, loss: 0.2004, lr: 6.55e-05
     Epoch[5] Iteration[630/994], entropy: 0.1582, uncertainty: 2.6512, uncertainty_coeffi: 0.0100, loss: 0.1114, lr: 6.55e-05
     Epoch[5] Iteration[640/994], entropy: 0.6583, uncertainty: 2.7615, uncertainty_coeffi: 0.0100, loss: 0.3174, lr: 6.55e-05
     Epoch[5] Iteration[650/994], entropy: 0.3228, uncertainty: 3.4263, uncertainty_coeffi: 0.0100, loss: 0.1730, lr: 6.55e-05
     Epoch[5] Iteration[660/994], entropy: 0.2558, uncertainty: 3.1984, uncertainty_coeffi: 0.0100, loss: 0.1143, lr: 6.55e-05
     Epoch[5] Iteration[670/994], entropy: 0.3369, uncertainty: 2.2463, uncertainty_coeffi: 0.0100, loss: 0.2419, lr: 6.55e-05
     Epoch[5] Iteration[680/994], entropy: 0.1803, uncertainty: 3.0033, uncertainty_coeffi: 0.0100, loss: 0.1092, lr: 6.55e-05
     Epoch[5] Iteration[690/994], entropy: 0.2597, uncertainty: 2.8544, uncertainty_coeffi: 0.0100, loss: 0.1127, lr: 6.55e-05
     Epoch[5] Iteration[700/994], entropy: 0.3466, uncertainty: 2.2897, uncertainty_coeffi: 0.0100, loss: 0.1724, lr: 6.55e-05
     Epoch[5] Iteration[710/994], entropy: 0.4647, uncertainty: 2.8589, uncertainty_coeffi: 0.0100, loss: 0.2403, lr: 6.55e-05
     Epoch[5] Iteration[720/994], entropy: 0.3370, uncertainty: 3.1265, uncertainty_coeffi: 0.0100, loss: 0.2026, lr: 6.55e-05
     Epoch[5] Iteration[730/994], entropy: 0.2730, uncertainty: 2.0447, uncertainty_coeffi: 0.0100, loss: 0.1684, lr: 6.55e-05
     Epoch[5] Iteration[740/994], entropy: 0.2726, uncertainty: 3.2060, uncertainty_coeffi: 0.0100, loss: 0.1079, lr: 6.55e-05
     Epoch[5] Iteration[750/994], entropy: 0.2465, uncertainty: 2.6720, uncertainty_coeffi: 0.0100, loss: 0.1881, lr: 6.55e-05
     Epoch[5] Iteration[760/994], entropy: 0.3865, uncertainty: 2.2171, uncertainty_coeffi: 0.0100, loss: 0.2556, lr: 6.55e-05
     Epoch[5] Iteration[770/994], entropy: 0.2675, uncertainty: 2.8526, uncertainty_coeffi: 0.0100, loss: 0.1345, lr: 6.55e-05
     Epoch[5] Iteration[780/994], entropy: 0.5482, uncertainty: 2.4097, uncertainty_coeffi: 0.0100, loss: 0.2593, lr: 6.55e-05
     Epoch[5] Iteration[790/994], entropy: 0.5524, uncertainty: 3.2866, uncertainty_coeffi: 0.0100, loss: 0.2633, lr: 6.55e-05
     Epoch[5] Iteration[800/994], entropy: 0.4676, uncertainty: 2.6406, uncertainty_coeffi: 0.0100, loss: 0.2508, lr: 6.55e-05
     Epoch[5] Iteration[810/994], entropy: 0.3273, uncertainty: 2.3789, uncertainty_coeffi: 0.0100, loss: 0.2129, lr: 6.55e-05
     Epoch[5] Iteration[820/994], entropy: 0.4310, uncertainty: 2.8406, uncertainty_coeffi: 0.0100, loss: 0.2593, lr: 6.55e-05
     Epoch[5] Iteration[830/994], entropy: 0.1592, uncertainty: 1.9897, uncertainty_coeffi: 0.0100, loss: 0.1269, lr: 6.55e-05
     Epoch[5] Iteration[840/994], entropy: 0.4128, uncertainty: 3.1345, uncertainty_coeffi: 0.0100, loss: 0.1957, lr: 6.55e-05
     Epoch[5] Iteration[850/994], entropy: 0.2761, uncertainty: 2.1542, uncertainty_coeffi: 0.0100, loss: 0.2078, lr: 6.55e-05
     Epoch[5] Iteration[860/994], entropy: 0.2295, uncertainty: 2.2446, uncertainty_coeffi: 0.0100, loss: 0.1223, lr: 6.55e-05
     Epoch[5] Iteration[870/994], entropy: 0.1442, uncertainty: 2.7792, uncertainty_coeffi: 0.0100, loss: 0.0840, lr: 6.55e-05
     Epoch[5] Iteration[880/994], entropy: 0.2205, uncertainty: 2.4421, uncertainty_coeffi: 0.0100, loss: 0.1422, lr: 6.55e-05
     Epoch[5] Iteration[890/994], entropy: 0.4366, uncertainty: 2.1168, uncertainty_coeffi: 0.0100, loss: 0.2240, lr: 6.55e-05
     Epoch[5] Iteration[900/994], entropy: 0.3406, uncertainty: 2.5334, uncertainty_coeffi: 0.0100, loss: 0.1746, lr: 6.55e-05
     Epoch[5] Iteration[910/994], entropy: 0.3251, uncertainty: 2.0885, uncertainty_coeffi: 0.0100, loss: 0.2266, lr: 6.55e-05
     Epoch[5] Iteration[920/994], entropy: 0.2897, uncertainty: 2.3181, uncertainty_coeffi: 0.0100, loss: 0.1196, lr: 6.55e-05
     Epoch[5] Iteration[930/994], entropy: 0.3642, uncertainty: 2.6860, uncertainty_coeffi: 0.0100, loss: 0.2095, lr: 6.55e-05
     Epoch[5] Iteration[940/994], entropy: 0.3607, uncertainty: 3.1697, uncertainty_coeffi: 0.0100, loss: 0.1878, lr: 6.55e-05
     Epoch[5] Iteration[950/994], entropy: 0.2219, uncertainty: 3.1926, uncertainty_coeffi: 0.0100, loss: 0.1339, lr: 6.55e-05
     Epoch[5] Iteration[960/994], entropy: 0.2632, uncertainty: 3.0206, uncertainty_coeffi: 0.0100, loss: 0.1454, lr: 6.55e-05
     Epoch[5] Iteration[970/994], entropy: 0.1424, uncertainty: 4.0154, uncertainty_coeffi: 0.0100, loss: 0.0796, lr: 6.55e-05
     Epoch[5] Iteration[980/994], entropy: 0.2428, uncertainty: 3.2149, uncertainty_coeffi: 0.0100, loss: 0.1364, lr: 6.55e-05
     Epoch[5] Iteration[990/994], entropy: 0.2830, uncertainty: 2.9705, uncertainty_coeffi: 0.0100, loss: 0.1704, lr: 6.55e-05
     Averaged stats: entropy_avg: 0.3065, uncertainty_avg: 2.7258, uncertainty_coeffi_avg: 0.0100, loss_avg: 0.1706, lr_avg: 6.55e-05
     itm tta time 0:02:12
     Epoch[6] Iteration[10/994], entropy: 0.2775, uncertainty: 2.3486, uncertainty_coeffi: 0.0100, loss: 0.2278, lr: 9.55e-06
     Epoch[6] Iteration[20/994], entropy: 0.3536, uncertainty: 3.2308, uncertainty_coeffi: 0.0100, loss: 0.1612, lr: 9.55e-06
     Epoch[6] Iteration[30/994], entropy: 0.2659, uncertainty: 2.6128, uncertainty_coeffi: 0.0100, loss: 0.1498, lr: 9.55e-06
     Epoch[6] Iteration[40/994], entropy: 0.2836, uncertainty: 2.8347, uncertainty_coeffi: 0.0100, loss: 0.1511, lr: 9.55e-06
     Epoch[6] Iteration[50/994], entropy: 0.4435, uncertainty: 2.9838, uncertainty_coeffi: 0.0100, loss: 0.2077, lr: 0.00e+00
     Epoch[6] Iteration[60/994], entropy: 0.3132, uncertainty: 3.6689, uncertainty_coeffi: 0.0100, loss: 0.1322, lr: 0.00e+00
     Epoch[6] Iteration[70/994], entropy: 0.1654, uncertainty: 2.2970, uncertainty_coeffi: 0.0100, loss: 0.0867, lr: 0.00e+00
     Epoch[6] Iteration[80/994], entropy: 0.3526, uncertainty: 2.7117, uncertainty_coeffi: 0.0100, loss: 0.2043, lr: 0.00e+00
     Epoch[6] Iteration[90/994], entropy: 0.2554, uncertainty: 3.3013, uncertainty_coeffi: 0.0100, loss: 0.1255, lr: 0.00e+00
     Epoch[6] Iteration[100/994], entropy: 0.2814, uncertainty: 2.8116, uncertainty_coeffi: 0.0100, loss: 0.1432, lr: 0.00e+00
     Epoch[6] Iteration[110/994], entropy: 0.4012, uncertainty: 3.1418, uncertainty_coeffi: 0.0100, loss: 0.1942, lr: 0.00e+00
     Epoch[6] Iteration[120/994], entropy: 0.3082, uncertainty: 3.0946, uncertainty_coeffi: 0.0100, loss: 0.1494, lr: 0.00e+00
     Epoch[6] Iteration[130/994], entropy: 0.2342, uncertainty: 2.7322, uncertainty_coeffi: 0.0100, loss: 0.1119, lr: 0.00e+00
     Epoch[6] Iteration[140/994], entropy: 0.3241, uncertainty: 3.0100, uncertainty_coeffi: 0.0100, loss: 0.1569, lr: 0.00e+00
     Epoch[6] Iteration[150/994], entropy: 0.2987, uncertainty: 2.2166, uncertainty_coeffi: 0.0100, loss: 0.1764, lr: 0.00e+00
     Epoch[6] Iteration[160/994], entropy: 0.3320, uncertainty: 2.2769, uncertainty_coeffi: 0.0100, loss: 0.1935, lr: 0.00e+00
     Epoch[6] Iteration[170/994], entropy: 0.2373, uncertainty: 2.4744, uncertainty_coeffi: 0.0100, loss: 0.1196, lr: 0.00e+00
     Epoch[6] Iteration[180/994], entropy: 0.2790, uncertainty: 2.3807, uncertainty_coeffi: 0.0100, loss: 0.1501, lr: 0.00e+00
     Epoch[6] Iteration[190/994], entropy: 0.3124, uncertainty: 2.4724, uncertainty_coeffi: 0.0100, loss: 0.1703, lr: 0.00e+00
     Epoch[6] Iteration[200/994], entropy: 0.3173, uncertainty: 2.2981, uncertainty_coeffi: 0.0100, loss: 0.1800, lr: 0.00e+00
     Epoch[6] Iteration[210/994], entropy: 0.1033, uncertainty: 2.6819, uncertainty_coeffi: 0.0100, loss: 0.0618, lr: 0.00e+00
     Epoch[6] Iteration[220/994], entropy: 0.1270, uncertainty: 2.4509, uncertainty_coeffi: 0.0100, loss: 0.0736, lr: 0.00e+00
     Epoch[6] Iteration[230/994], entropy: 0.1132, uncertainty: 3.1247, uncertainty_coeffi: 0.0100, loss: 0.0972, lr: 0.00e+00
     Epoch[6] Iteration[240/994], entropy: 0.3278, uncertainty: 2.9700, uncertainty_coeffi: 0.0100, loss: 0.1419, lr: 0.00e+00
     Epoch[6] Iteration[250/994], entropy: 0.4549, uncertainty: 3.2432, uncertainty_coeffi: 0.0100, loss: 0.2150, lr: 0.00e+00
     Epoch[6] Iteration[260/994], entropy: 0.2004, uncertainty: 2.9173, uncertainty_coeffi: 0.0100, loss: 0.1333, lr: 0.00e+00
     Epoch[6] Iteration[270/994], entropy: 0.1547, uncertainty: 2.4448, uncertainty_coeffi: 0.0100, loss: 0.1106, lr: 0.00e+00
     Epoch[6] Iteration[280/994], entropy: 0.2999, uncertainty: 3.0919, uncertainty_coeffi: 0.0100, loss: 0.1318, lr: 0.00e+00
     Epoch[6] Iteration[290/994], entropy: 0.2884, uncertainty: 3.1763, uncertainty_coeffi: 0.0100, loss: 0.1274, lr: 0.00e+00
     Epoch[6] Iteration[300/994], entropy: 0.2802, uncertainty: 3.4251, uncertainty_coeffi: 0.0100, loss: 0.1163, lr: 0.00e+00
     Epoch[6] Iteration[310/994], entropy: 0.2853, uncertainty: 3.1014, uncertainty_coeffi: 0.0100, loss: 0.1431, lr: 0.00e+00
     Epoch[6] Iteration[320/994], entropy: 0.3536, uncertainty: 2.8058, uncertainty_coeffi: 0.0100, loss: 0.1299, lr: 0.00e+00
     Epoch[6] Iteration[330/994], entropy: 0.1392, uncertainty: 2.2494, uncertainty_coeffi: 0.0100, loss: 0.0875, lr: 0.00e+00
     Epoch[6] Iteration[340/994], entropy: 0.3271, uncertainty: 2.8691, uncertainty_coeffi: 0.0100, loss: 0.1493, lr: 0.00e+00
     Epoch[6] Iteration[350/994], entropy: 0.2707, uncertainty: 3.5210, uncertainty_coeffi: 0.0100, loss: 0.1645, lr: 0.00e+00
     Epoch[6] Iteration[360/994], entropy: 0.4368, uncertainty: 2.6786, uncertainty_coeffi: 0.0100, loss: 0.2262, lr: 0.00e+00
     Epoch[6] Iteration[370/994], entropy: 0.3725, uncertainty: 2.5551, uncertainty_coeffi: 0.0100, loss: 0.1904, lr: 0.00e+00
     Epoch[6] Iteration[380/994], entropy: 0.4410, uncertainty: 2.5844, uncertainty_coeffi: 0.0100, loss: 0.2969, lr: 0.00e+00
     Epoch[6] Iteration[390/994], entropy: 0.2935, uncertainty: 2.5937, uncertainty_coeffi: 0.0100, loss: 0.1866, lr: 0.00e+00
     Epoch[6] Iteration[400/994], entropy: 0.3198, uncertainty: 2.3391, uncertainty_coeffi: 0.0100, loss: 0.1658, lr: 0.00e+00
     Epoch[6] Iteration[410/994], entropy: 0.3827, uncertainty: 2.5362, uncertainty_coeffi: 0.0100, loss: 0.2055, lr: 0.00e+00
     Epoch[6] Iteration[420/994], entropy: 0.3712, uncertainty: 3.7868, uncertainty_coeffi: 0.0100, loss: 0.1836, lr: 0.00e+00
     Epoch[6] Iteration[430/994], entropy: 0.1668, uncertainty: 2.5728, uncertainty_coeffi: 0.0100, loss: 0.0985, lr: 0.00e+00
     Epoch[6] Iteration[440/994], entropy: 0.2408, uncertainty: 1.9648, uncertainty_coeffi: 0.0100, loss: 0.1969, lr: 0.00e+00
     Epoch[6] Iteration[450/994], entropy: 0.3512, uncertainty: 2.8557, uncertainty_coeffi: 0.0100, loss: 0.1822, lr: 0.00e+00
     Epoch[6] Iteration[460/994], entropy: 0.2386, uncertainty: 2.3899, uncertainty_coeffi: 0.0100, loss: 0.1456, lr: 0.00e+00
     Epoch[6] Iteration[470/994], entropy: 0.2841, uncertainty: 2.7381, uncertainty_coeffi: 0.0100, loss: 0.1369, lr: 0.00e+00
     Epoch[6] Iteration[480/994], entropy: 0.4137, uncertainty: 2.4922, uncertainty_coeffi: 0.0100, loss: 0.2180, lr: 0.00e+00
     Epoch[6] Iteration[490/994], entropy: 0.3058, uncertainty: 2.2247, uncertainty_coeffi: 0.0100, loss: 0.2294, lr: 0.00e+00
     Epoch[6] Iteration[500/994], entropy: 0.1990, uncertainty: 2.8970, uncertainty_coeffi: 0.0100, loss: 0.1248, lr: 0.00e+00
     Epoch[6] Iteration[510/994], entropy: 0.1518, uncertainty: 2.6879, uncertainty_coeffi: 0.0100, loss: 0.0998, lr: 0.00e+00
     Epoch[6] Iteration[520/994], entropy: 0.2430, uncertainty: 2.2586, uncertainty_coeffi: 0.0100, loss: 0.1169, lr: 0.00e+00
     Epoch[6] Iteration[530/994], entropy: 0.2577, uncertainty: 2.8717, uncertainty_coeffi: 0.0100, loss: 0.1083, lr: 0.00e+00
     Epoch[6] Iteration[540/994], entropy: 0.3351, uncertainty: 2.5560, uncertainty_coeffi: 0.0100, loss: 0.2186, lr: 0.00e+00
     Epoch[6] Iteration[550/994], entropy: 0.2759, uncertainty: 3.2868, uncertainty_coeffi: 0.0100, loss: 0.1491, lr: 0.00e+00
     Epoch[6] Iteration[560/994], entropy: 0.2249, uncertainty: 2.3264, uncertainty_coeffi: 0.0100, loss: 0.1435, lr: 0.00e+00
     Epoch[6] Iteration[570/994], entropy: 0.2446, uncertainty: 3.6096, uncertainty_coeffi: 0.0100, loss: 0.1217, lr: 0.00e+00
     Epoch[6] Iteration[580/994], entropy: 0.3356, uncertainty: 2.5622, uncertainty_coeffi: 0.0100, loss: 0.2256, lr: 0.00e+00
     Epoch[6] Iteration[590/994], entropy: 0.3928, uncertainty: 3.0312, uncertainty_coeffi: 0.0100, loss: 0.2306, lr: 0.00e+00
     Epoch[6] Iteration[600/994], entropy: 0.2270, uncertainty: 2.8033, uncertainty_coeffi: 0.0100, loss: 0.1078, lr: 0.00e+00
     Epoch[6] Iteration[610/994], entropy: 0.2093, uncertainty: 2.8995, uncertainty_coeffi: 0.0100, loss: 0.1302, lr: 0.00e+00
     Epoch[6] Iteration[620/994], entropy: 0.2858, uncertainty: 2.3059, uncertainty_coeffi: 0.0100, loss: 0.1727, lr: 0.00e+00
     Epoch[6] Iteration[630/994], entropy: 0.2500, uncertainty: 2.3506, uncertainty_coeffi: 0.0100, loss: 0.1544, lr: 0.00e+00
     Epoch[6] Iteration[640/994], entropy: 0.2431, uncertainty: 3.0453, uncertainty_coeffi: 0.0100, loss: 0.1800, lr: 0.00e+00
     Epoch[6] Iteration[650/994], entropy: 0.1931, uncertainty: 2.4458, uncertainty_coeffi: 0.0100, loss: 0.1109, lr: 0.00e+00
     Epoch[6] Iteration[660/994], entropy: 0.1818, uncertainty: 3.0076, uncertainty_coeffi: 0.0100, loss: 0.0917, lr: 0.00e+00
     Epoch[6] Iteration[670/994], entropy: 0.1389, uncertainty: 2.6543, uncertainty_coeffi: 0.0100, loss: 0.0840, lr: 0.00e+00
     Epoch[6] Iteration[680/994], entropy: 0.1592, uncertainty: 2.8338, uncertainty_coeffi: 0.0100, loss: 0.1065, lr: 0.00e+00
     Epoch[6] Iteration[690/994], entropy: 0.1993, uncertainty: 2.9341, uncertainty_coeffi: 0.0100, loss: 0.1306, lr: 0.00e+00
     Epoch[6] Iteration[700/994], entropy: 0.2532, uncertainty: 3.4602, uncertainty_coeffi: 0.0100, loss: 0.1577, lr: 0.00e+00
     Epoch[6] Iteration[710/994], entropy: 0.3733, uncertainty: 2.0307, uncertainty_coeffi: 0.0100, loss: 0.2051, lr: 0.00e+00
     Epoch[6] Iteration[720/994], entropy: 0.3082, uncertainty: 3.0021, uncertainty_coeffi: 0.0100, loss: 0.1544, lr: 0.00e+00
     Epoch[6] Iteration[730/994], entropy: 0.3082, uncertainty: 3.1324, uncertainty_coeffi: 0.0100, loss: 0.1519, lr: 0.00e+00
     Epoch[6] Iteration[740/994], entropy: 0.4550, uncertainty: 3.1681, uncertainty_coeffi: 0.0100, loss: 0.1734, lr: 0.00e+00
     Epoch[6] Iteration[750/994], entropy: 0.3497, uncertainty: 2.3692, uncertainty_coeffi: 0.0100, loss: 0.1976, lr: 0.00e+00
     Epoch[6] Iteration[760/994], entropy: 0.2440, uncertainty: 2.3549, uncertainty_coeffi: 0.0100, loss: 0.1702, lr: 0.00e+00
     Epoch[6] Iteration[770/994], entropy: 0.3211, uncertainty: 2.7383, uncertainty_coeffi: 0.0100, loss: 0.1795, lr: 0.00e+00
     Epoch[6] Iteration[780/994], entropy: 0.2379, uncertainty: 2.2979, uncertainty_coeffi: 0.0100, loss: 0.1702, lr: 0.00e+00
     Epoch[6] Iteration[790/994], entropy: 0.1683, uncertainty: 2.2730, uncertainty_coeffi: 0.0100, loss: 0.1018, lr: 0.00e+00
     Epoch[6] Iteration[800/994], entropy: 0.2257, uncertainty: 2.1520, uncertainty_coeffi: 0.0100, loss: 0.1510, lr: 0.00e+00
     Epoch[6] Iteration[810/994], entropy: 0.3428, uncertainty: 2.9803, uncertainty_coeffi: 0.0100, loss: 0.1580, lr: 0.00e+00
     Epoch[6] Iteration[820/994], entropy: 0.2717, uncertainty: 3.3539, uncertainty_coeffi: 0.0100, loss: 0.1089, lr: 0.00e+00
     Epoch[6] Iteration[830/994], entropy: 0.4996, uncertainty: 3.1036, uncertainty_coeffi: 0.0100, loss: 0.2578, lr: 0.00e+00
     Epoch[6] Iteration[840/994], entropy: 0.2428, uncertainty: 2.5881, uncertainty_coeffi: 0.0100, loss: 0.1635, lr: 0.00e+00
     Epoch[6] Iteration[850/994], entropy: 0.2616, uncertainty: 2.4774, uncertainty_coeffi: 0.0100, loss: 0.1175, lr: 0.00e+00
     Epoch[6] Iteration[860/994], entropy: 0.1374, uncertainty: 2.1394, uncertainty_coeffi: 0.0100, loss: 0.0898, lr: 0.00e+00
     Epoch[6] Iteration[870/994], entropy: 0.3683, uncertainty: 2.7788, uncertainty_coeffi: 0.0100, loss: 0.1989, lr: 0.00e+00
     Epoch[6] Iteration[880/994], entropy: 0.2490, uncertainty: 2.4430, uncertainty_coeffi: 0.0100, loss: 0.1552, lr: 0.00e+00
     Epoch[6] Iteration[890/994], entropy: 0.2499, uncertainty: 2.4901, uncertainty_coeffi: 0.0100, loss: 0.1045, lr: 0.00e+00
     Epoch[6] Iteration[900/994], entropy: 0.2757, uncertainty: 2.8729, uncertainty_coeffi: 0.0100, loss: 0.1790, lr: 0.00e+00
     Epoch[6] Iteration[910/994], entropy: 0.2575, uncertainty: 2.7762, uncertainty_coeffi: 0.0100, loss: 0.1367, lr: 0.00e+00
     Epoch[6] Iteration[920/994], entropy: 0.1826, uncertainty: 2.6045, uncertainty_coeffi: 0.0100, loss: 0.1144, lr: 0.00e+00
     Epoch[6] Iteration[930/994], entropy: 0.3197, uncertainty: 3.3090, uncertainty_coeffi: 0.0100, loss: 0.2041, lr: 0.00e+00
     Epoch[6] Iteration[940/994], entropy: 0.2799, uncertainty: 2.9244, uncertainty_coeffi: 0.0100, loss: 0.1989, lr: 0.00e+00
     Epoch[6] Iteration[950/994], entropy: 0.2008, uncertainty: 2.9048, uncertainty_coeffi: 0.0100, loss: 0.1313, lr: 0.00e+00
     Epoch[6] Iteration[960/994], entropy: 0.1830, uncertainty: 2.1990, uncertainty_coeffi: 0.0100, loss: 0.1076, lr: 0.00e+00
     Epoch[6] Iteration[970/994], entropy: 0.2862, uncertainty: 2.5148, uncertainty_coeffi: 0.0100, loss: 0.1423, lr: 0.00e+00
     Epoch[6] Iteration[980/994], entropy: 0.2959, uncertainty: 3.4695, uncertainty_coeffi: 0.0100, loss: 0.1589, lr: 0.00e+00
     Epoch[6] Iteration[990/994], entropy: 0.5569, uncertainty: 4.0177, uncertainty_coeffi: 0.0100, loss: 0.2459, lr: 0.00e+00
     Averaged stats: entropy_avg: 0.2812, uncertainty_avg: 2.7634, uncertainty_coeffi_avg: 0.0100, loss_avg: 0.1549, lr_avg: 3.86e-07
     itm tta time 0:02:22
     Epoch[7] Iteration[10/994], entropy: 0.3610, uncertainty: 2.9302, uncertainty_coeffi: 0.0100, loss: 0.1589, lr: 9.05e-05
     Epoch[7] Iteration[20/994], entropy: 0.2346, uncertainty: 2.2840, uncertainty_coeffi: 0.0100, loss: 0.1650, lr: 9.05e-05
     Epoch[7] Iteration[30/994], entropy: 0.3358, uncertainty: 2.5392, uncertainty_coeffi: 0.0100, loss: 0.1834, lr: 9.05e-05
     Epoch[7] Iteration[40/994], entropy: 0.2456, uncertainty: 2.1335, uncertainty_coeffi: 0.0100, loss: 0.1663, lr: 9.05e-05
     Epoch[7] Iteration[50/994], entropy: 0.1124, uncertainty: 2.9444, uncertainty_coeffi: 0.0100, loss: 0.0792, lr: 9.05e-05
     Epoch[7] Iteration[60/994], entropy: 0.3107, uncertainty: 2.8912, uncertainty_coeffi: 0.0100, loss: 0.1723, lr: 9.05e-05
     Epoch[7] Iteration[70/994], entropy: 0.3998, uncertainty: 3.1065, uncertainty_coeffi: 0.0100, loss: 0.1953, lr: 9.05e-05
     Epoch[7] Iteration[80/994], entropy: 0.1455, uncertainty: 2.6458, uncertainty_coeffi: 0.0100, loss: 0.0970, lr: 9.05e-05
     Epoch[7] Iteration[90/994], entropy: 0.4667, uncertainty: 2.5100, uncertainty_coeffi: 0.0100, loss: 0.3025, lr: 9.05e-05
     Epoch[7] Iteration[100/994], entropy: 0.2197, uncertainty: 1.9700, uncertainty_coeffi: 0.0100, loss: 0.1106, lr: 9.05e-05
     Epoch[7] Iteration[110/994], entropy: 0.1263, uncertainty: 2.0072, uncertainty_coeffi: 0.0100, loss: 0.1048, lr: 9.05e-05
     Epoch[7] Iteration[120/994], entropy: 0.4055, uncertainty: 2.8909, uncertainty_coeffi: 0.0100, loss: 0.2069, lr: 9.05e-05
     Epoch[7] Iteration[130/994], entropy: 0.2369, uncertainty: 2.6677, uncertainty_coeffi: 0.0100, loss: 0.1356, lr: 9.05e-05
     Epoch[7] Iteration[140/994], entropy: 0.1630, uncertainty: 2.4920, uncertainty_coeffi: 0.0100, loss: 0.1130, lr: 9.05e-05
     Epoch[7] Iteration[150/994], entropy: 0.3139, uncertainty: 2.9132, uncertainty_coeffi: 0.0100, loss: 0.1675, lr: 9.05e-05
     Epoch[7] Iteration[160/994], entropy: 0.3141, uncertainty: 2.0563, uncertainty_coeffi: 0.0100, loss: 0.2130, lr: 9.05e-05
     Epoch[7] Iteration[170/994], entropy: 0.2186, uncertainty: 3.9145, uncertainty_coeffi: 0.0100, loss: 0.1117, lr: 9.05e-05
     Epoch[7] Iteration[180/994], entropy: 0.3069, uncertainty: 2.8842, uncertainty_coeffi: 0.0100, loss: 0.1413, lr: 9.05e-05
     Epoch[7] Iteration[190/994], entropy: 0.2788, uncertainty: 2.3358, uncertainty_coeffi: 0.0100, loss: 0.1531, lr: 9.05e-05
     Epoch[7] Iteration[200/994], entropy: 0.2112, uncertainty: 2.5618, uncertainty_coeffi: 0.0100, loss: 0.1047, lr: 9.05e-05
     Epoch[7] Iteration[210/994], entropy: 0.2338, uncertainty: 2.5915, uncertainty_coeffi: 0.0100, loss: 0.1332, lr: 9.05e-05
     Epoch[7] Iteration[220/994], entropy: 0.2823, uncertainty: 2.0804, uncertainty_coeffi: 0.0100, loss: 0.1469, lr: 9.05e-05
     Epoch[7] Iteration[230/994], entropy: 0.4172, uncertainty: 2.9740, uncertainty_coeffi: 0.0100, loss: 0.1928, lr: 9.05e-05
     Epoch[7] Iteration[240/994], entropy: 0.4539, uncertainty: 3.0771, uncertainty_coeffi: 0.0100, loss: 0.2506, lr: 9.05e-05
     Epoch[7] Iteration[250/994], entropy: 0.3056, uncertainty: 2.3240, uncertainty_coeffi: 0.0100, loss: 0.2394, lr: 9.05e-05
     Epoch[7] Iteration[260/994], entropy: 0.3016, uncertainty: 2.8978, uncertainty_coeffi: 0.0100, loss: 0.1615, lr: 9.05e-05
     Epoch[7] Iteration[270/994], entropy: 0.3902, uncertainty: 2.7535, uncertainty_coeffi: 0.0100, loss: 0.2127, lr: 9.05e-05
     Epoch[7] Iteration[280/994], entropy: 0.2942, uncertainty: 2.3853, uncertainty_coeffi: 0.0100, loss: 0.1514, lr: 9.05e-05
     Epoch[7] Iteration[290/994], entropy: 0.3189, uncertainty: 2.4062, uncertainty_coeffi: 0.0100, loss: 0.1631, lr: 9.05e-05
     Epoch[7] Iteration[300/994], entropy: 0.4883, uncertainty: 2.5957, uncertainty_coeffi: 0.0100, loss: 0.2881, lr: 9.05e-05
     Epoch[7] Iteration[310/994], entropy: 0.4018, uncertainty: 3.0343, uncertainty_coeffi: 0.0100, loss: 0.2456, lr: 9.05e-05
     Epoch[7] Iteration[320/994], entropy: 0.2505, uncertainty: 2.7820, uncertainty_coeffi: 0.0100, loss: 0.1421, lr: 9.05e-05
     Epoch[7] Iteration[330/994], entropy: 0.4759, uncertainty: 2.3246, uncertainty_coeffi: 0.0100, loss: 0.2740, lr: 9.05e-05
     Epoch[7] Iteration[340/994], entropy: 0.2121, uncertainty: 2.7448, uncertainty_coeffi: 0.0100, loss: 0.1257, lr: 9.05e-05
     Epoch[7] Iteration[350/994], entropy: 0.2128, uncertainty: 2.5645, uncertainty_coeffi: 0.0100, loss: 0.1054, lr: 9.05e-05
     Epoch[7] Iteration[360/994], entropy: 0.2590, uncertainty: 3.0667, uncertainty_coeffi: 0.0100, loss: 0.1525, lr: 9.05e-05
     Epoch[7] Iteration[370/994], entropy: 0.3588, uncertainty: 2.3871, uncertainty_coeffi: 0.0100, loss: 0.2161, lr: 9.05e-05
     Epoch[7] Iteration[380/994], entropy: 0.2610, uncertainty: 2.4049, uncertainty_coeffi: 0.0100, loss: 0.1464, lr: 9.05e-05
     Epoch[7] Iteration[390/994], entropy: 0.3318, uncertainty: 3.1370, uncertainty_coeffi: 0.0100, loss: 0.1377, lr: 9.05e-05
     Epoch[7] Iteration[400/994], entropy: 0.4183, uncertainty: 2.6508, uncertainty_coeffi: 0.0100, loss: 0.2053, lr: 9.05e-05
     Epoch[7] Iteration[410/994], entropy: 0.2557, uncertainty: 2.0354, uncertainty_coeffi: 0.0100, loss: 0.1395, lr: 9.05e-05
     Epoch[7] Iteration[420/994], entropy: 0.4184, uncertainty: 3.0141, uncertainty_coeffi: 0.0100, loss: 0.2023, lr: 9.05e-05
     Epoch[7] Iteration[430/994], entropy: 0.0817, uncertainty: 2.5259, uncertainty_coeffi: 0.0100, loss: 0.0715, lr: 9.05e-05
     Epoch[7] Iteration[440/994], entropy: 0.3563, uncertainty: 2.7535, uncertainty_coeffi: 0.0100, loss: 0.2132, lr: 9.05e-05
     Epoch[7] Iteration[450/994], entropy: 0.2354, uncertainty: 2.8206, uncertainty_coeffi: 0.0100, loss: 0.1116, lr: 9.05e-05
     Epoch[7] Iteration[460/994], entropy: 0.3123, uncertainty: 2.6468, uncertainty_coeffi: 0.0100, loss: 0.2417, lr: 9.05e-05
     Epoch[7] Iteration[470/994], entropy: 0.2785, uncertainty: 2.5108, uncertainty_coeffi: 0.0100, loss: 0.1437, lr: 9.05e-05
     Epoch[7] Iteration[480/994], entropy: 0.2285, uncertainty: 2.8763, uncertainty_coeffi: 0.0100, loss: 0.0977, lr: 9.05e-05
     Epoch[7] Iteration[490/994], entropy: 0.2532, uncertainty: 2.2684, uncertainty_coeffi: 0.0100, loss: 0.1672, lr: 9.05e-05
     Epoch[7] Iteration[500/994], entropy: 0.1350, uncertainty: 3.3380, uncertainty_coeffi: 0.0100, loss: 0.0755, lr: 9.05e-05
     Epoch[7] Iteration[510/994], entropy: 0.3588, uncertainty: 2.1697, uncertainty_coeffi: 0.0100, loss: 0.2209, lr: 9.05e-05
     Epoch[7] Iteration[520/994], entropy: 0.2428, uncertainty: 2.0299, uncertainty_coeffi: 0.0100, loss: 0.1930, lr: 9.05e-05
     Epoch[7] Iteration[530/994], entropy: 0.4064, uncertainty: 3.3070, uncertainty_coeffi: 0.0100, loss: 0.1878, lr: 9.05e-05
     Epoch[7] Iteration[540/994], entropy: 0.4222, uncertainty: 3.0964, uncertainty_coeffi: 0.0100, loss: 0.2506, lr: 9.05e-05
     Epoch[7] Iteration[550/994], entropy: 0.3286, uncertainty: 2.7760, uncertainty_coeffi: 0.0100, loss: 0.2255, lr: 9.05e-05
     Epoch[7] Iteration[560/994], entropy: 0.2237, uncertainty: 2.7197, uncertainty_coeffi: 0.0100, loss: 0.1500, lr: 9.05e-05
     Epoch[7] Iteration[570/994], entropy: 0.2209, uncertainty: 3.3207, uncertainty_coeffi: 0.0100, loss: 0.1331, lr: 9.05e-05
     Epoch[7] Iteration[580/994], entropy: 0.3966, uncertainty: 2.7565, uncertainty_coeffi: 0.0100, loss: 0.1977, lr: 9.05e-05
     Epoch[7] Iteration[590/994], entropy: 0.3984, uncertainty: 3.4631, uncertainty_coeffi: 0.0100, loss: 0.1674, lr: 9.05e-05
     Epoch[7] Iteration[600/994], entropy: 0.4149, uncertainty: 3.2446, uncertainty_coeffi: 0.0100, loss: 0.1785, lr: 9.05e-05
     Epoch[7] Iteration[610/994], entropy: 0.1905, uncertainty: 2.3631, uncertainty_coeffi: 0.0100, loss: 0.1280, lr: 9.05e-05
     Epoch[7] Iteration[620/994], entropy: 0.1386, uncertainty: 2.9519, uncertainty_coeffi: 0.0100, loss: 0.0969, lr: 9.05e-05
     Epoch[7] Iteration[630/994], entropy: 0.3370, uncertainty: 3.1195, uncertainty_coeffi: 0.0100, loss: 0.1474, lr: 9.05e-05
     Epoch[7] Iteration[640/994], entropy: 0.5045, uncertainty: 2.8998, uncertainty_coeffi: 0.0100, loss: 0.1769, lr: 9.05e-05
     Epoch[7] Iteration[650/994], entropy: 0.2254, uncertainty: 3.4593, uncertainty_coeffi: 0.0100, loss: 0.1080, lr: 9.05e-05
     Epoch[7] Iteration[660/994], entropy: 0.2914, uncertainty: 2.8951, uncertainty_coeffi: 0.0100, loss: 0.1779, lr: 9.05e-05
     Epoch[7] Iteration[670/994], entropy: 0.3217, uncertainty: 2.7888, uncertainty_coeffi: 0.0100, loss: 0.1745, lr: 9.05e-05
     Epoch[7] Iteration[680/994], entropy: 0.2436, uncertainty: 3.1526, uncertainty_coeffi: 0.0100, loss: 0.1127, lr: 9.05e-05
     Epoch[7] Iteration[690/994], entropy: 0.2498, uncertainty: 2.8595, uncertainty_coeffi: 0.0100, loss: 0.1708, lr: 9.05e-05
     Epoch[7] Iteration[700/994], entropy: 0.3743, uncertainty: 2.8399, uncertainty_coeffi: 0.0100, loss: 0.1550, lr: 9.05e-05
     Epoch[7] Iteration[710/994], entropy: 0.3255, uncertainty: 3.5038, uncertainty_coeffi: 0.0100, loss: 0.1464, lr: 9.05e-05
     Epoch[7] Iteration[720/994], entropy: 0.1784, uncertainty: 2.6604, uncertainty_coeffi: 0.0100, loss: 0.0844, lr: 9.05e-05
     Epoch[7] Iteration[730/994], entropy: 0.3813, uncertainty: 2.2087, uncertainty_coeffi: 0.0100, loss: 0.2535, lr: 9.05e-05
     Epoch[7] Iteration[740/994], entropy: 0.2672, uncertainty: 2.3385, uncertainty_coeffi: 0.0100, loss: 0.1870, lr: 9.05e-05
     Epoch[7] Iteration[750/994], entropy: 0.3510, uncertainty: 3.3670, uncertainty_coeffi: 0.0100, loss: 0.1608, lr: 9.05e-05
     Epoch[7] Iteration[760/994], entropy: 0.3591, uncertainty: 2.9207, uncertainty_coeffi: 0.0100, loss: 0.1801, lr: 9.05e-05
     Epoch[7] Iteration[770/994], entropy: 0.1482, uncertainty: 2.6556, uncertainty_coeffi: 0.0100, loss: 0.1185, lr: 9.05e-05
     Epoch[7] Iteration[780/994], entropy: 0.2046, uncertainty: 3.0891, uncertainty_coeffi: 0.0100, loss: 0.1066, lr: 9.05e-05
     Epoch[7] Iteration[790/994], entropy: 0.2725, uncertainty: 2.6925, uncertainty_coeffi: 0.0100, loss: 0.1514, lr: 9.05e-05
     Epoch[7] Iteration[800/994], entropy: 0.0971, uncertainty: 2.4882, uncertainty_coeffi: 0.0100, loss: 0.0671, lr: 9.05e-05
     Epoch[7] Iteration[810/994], entropy: 0.1544, uncertainty: 2.1690, uncertainty_coeffi: 0.0100, loss: 0.0989, lr: 9.05e-05
     Epoch[7] Iteration[820/994], entropy: 0.1753, uncertainty: 3.0353, uncertainty_coeffi: 0.0100, loss: 0.1137, lr: 9.05e-05
     Epoch[7] Iteration[830/994], entropy: 0.3945, uncertainty: 3.0898, uncertainty_coeffi: 0.0100, loss: 0.1552, lr: 9.05e-05
     Epoch[7] Iteration[840/994], entropy: 0.3878, uncertainty: 2.7488, uncertainty_coeffi: 0.0100, loss: 0.1902, lr: 9.05e-05
     Epoch[7] Iteration[850/994], entropy: 0.2683, uncertainty: 2.6138, uncertainty_coeffi: 0.0100, loss: 0.1973, lr: 9.05e-05
     Epoch[7] Iteration[860/994], entropy: 0.3972, uncertainty: 2.4671, uncertainty_coeffi: 0.0100, loss: 0.2081, lr: 9.05e-05
     Epoch[7] Iteration[870/994], entropy: 0.3055, uncertainty: 2.3014, uncertainty_coeffi: 0.0100, loss: 0.1984, lr: 9.05e-05
     Epoch[7] Iteration[880/994], entropy: 0.1783, uncertainty: 3.0346, uncertainty_coeffi: 0.0100, loss: 0.0886, lr: 9.05e-05
     Epoch[7] Iteration[890/994], entropy: 0.3850, uncertainty: 2.9629, uncertainty_coeffi: 0.0100, loss: 0.1794, lr: 9.05e-05
     Epoch[7] Iteration[900/994], entropy: 0.2421, uncertainty: 2.8177, uncertainty_coeffi: 0.0100, loss: 0.2051, lr: 9.05e-05
     Epoch[7] Iteration[910/994], entropy: 0.3583, uncertainty: 2.3623, uncertainty_coeffi: 0.0100, loss: 0.1768, lr: 9.05e-05
     Epoch[7] Iteration[920/994], entropy: 0.1445, uncertainty: 3.0578, uncertainty_coeffi: 0.0100, loss: 0.0970, lr: 9.05e-05
     Epoch[7] Iteration[930/994], entropy: 0.2284, uncertainty: 2.8142, uncertainty_coeffi: 0.0100, loss: 0.1301, lr: 9.05e-05
     Epoch[7] Iteration[940/994], entropy: 0.2331, uncertainty: 2.9455, uncertainty_coeffi: 0.0100, loss: 0.1166, lr: 9.05e-05
     Epoch[7] Iteration[950/994], entropy: 0.2520, uncertainty: 2.2836, uncertainty_coeffi: 0.0100, loss: 0.1527, lr: 9.05e-05
     Epoch[7] Iteration[960/994], entropy: 0.3019, uncertainty: 3.3461, uncertainty_coeffi: 0.0100, loss: 0.1207, lr: 9.05e-05
     Epoch[7] Iteration[970/994], entropy: 0.3123, uncertainty: 2.9959, uncertainty_coeffi: 0.0100, loss: 0.1591, lr: 9.05e-05
     Epoch[7] Iteration[980/994], entropy: 0.3355, uncertainty: 2.5777, uncertainty_coeffi: 0.0100, loss: 0.1669, lr: 9.05e-05
     Epoch[7] Iteration[990/994], entropy: 0.2748, uncertainty: 2.6691, uncertainty_coeffi: 0.0100, loss: 0.1545, lr: 9.05e-05
     Averaged stats: entropy_avg: 0.2913, uncertainty_avg: 2.7382, uncertainty_coeffi_avg: 0.0100, loss_avg: 0.1612, lr_avg: 9.05e-05
     itm tta time 0:02:15
     Epoch[8] Iteration[10/994], entropy: 0.2931, uncertainty: 2.2757, uncertainty_coeffi: 0.0100, loss: 0.1894, lr: 3.45e-05
     Epoch[8] Iteration[20/994], entropy: 0.1966, uncertainty: 2.3234, uncertainty_coeffi: 0.0100, loss: 0.1146, lr: 3.45e-05
     Epoch[8] Iteration[30/994], entropy: 0.3771, uncertainty: 2.7434, uncertainty_coeffi: 0.0100, loss: 0.1882, lr: 3.45e-05
     Epoch[8] Iteration[40/994], entropy: 0.3990, uncertainty: 2.7518, uncertainty_coeffi: 0.0100, loss: 0.1932, lr: 3.45e-05
     Epoch[8] Iteration[50/994], entropy: 0.3376, uncertainty: 2.1455, uncertainty_coeffi: 0.0100, loss: 0.1927, lr: 3.45e-05
     Epoch[8] Iteration[60/994], entropy: 0.3533, uncertainty: 3.6222, uncertainty_coeffi: 0.0100, loss: 0.1342, lr: 6.55e-05
     Epoch[8] Iteration[70/994], entropy: 0.2509, uncertainty: 2.1883, uncertainty_coeffi: 0.0100, loss: 0.1581, lr: 6.55e-05
     Epoch[8] Iteration[80/994], entropy: 0.2518, uncertainty: 2.8986, uncertainty_coeffi: 0.0100, loss: 0.1188, lr: 6.55e-05
     Epoch[8] Iteration[90/994], entropy: 0.3735, uncertainty: 3.3111, uncertainty_coeffi: 0.0100, loss: 0.1541, lr: 6.55e-05
     Epoch[8] Iteration[100/994], entropy: 0.4703, uncertainty: 3.0814, uncertainty_coeffi: 0.0100, loss: 0.1672, lr: 6.55e-05
     Epoch[8] Iteration[110/994], entropy: 0.2707, uncertainty: 2.6013, uncertainty_coeffi: 0.0100, loss: 0.1345, lr: 6.55e-05
     Epoch[8] Iteration[120/994], entropy: 0.2345, uncertainty: 3.0204, uncertainty_coeffi: 0.0100, loss: 0.1516, lr: 6.55e-05
     Epoch[8] Iteration[130/994], entropy: 0.2033, uncertainty: 2.2772, uncertainty_coeffi: 0.0100, loss: 0.0964, lr: 6.55e-05
     Epoch[8] Iteration[140/994], entropy: 0.3457, uncertainty: 2.5817, uncertainty_coeffi: 0.0100, loss: 0.1588, lr: 6.55e-05
     Epoch[8] Iteration[150/994], entropy: 0.3202, uncertainty: 2.7891, uncertainty_coeffi: 0.0100, loss: 0.1486, lr: 6.55e-05
     Epoch[8] Iteration[160/994], entropy: 0.5135, uncertainty: 2.3564, uncertainty_coeffi: 0.0100, loss: 0.2461, lr: 6.55e-05
     Epoch[8] Iteration[170/994], entropy: 0.1945, uncertainty: 3.4144, uncertainty_coeffi: 0.0100, loss: 0.0808, lr: 6.55e-05
     Epoch[8] Iteration[180/994], entropy: 0.2561, uncertainty: 2.6162, uncertainty_coeffi: 0.0100, loss: 0.1065, lr: 6.55e-05
     Epoch[8] Iteration[190/994], entropy: 0.1534, uncertainty: 1.7721, uncertainty_coeffi: 0.0100, loss: 0.1043, lr: 6.55e-05
     Epoch[8] Iteration[200/994], entropy: 0.2812, uncertainty: 2.7672, uncertainty_coeffi: 0.0100, loss: 0.1390, lr: 6.55e-05
     Epoch[8] Iteration[210/994], entropy: 0.1733, uncertainty: 2.2293, uncertainty_coeffi: 0.0100, loss: 0.1154, lr: 6.55e-05
     Epoch[8] Iteration[220/994], entropy: 0.3023, uncertainty: 2.6102, uncertainty_coeffi: 0.0100, loss: 0.1973, lr: 6.55e-05
     Epoch[8] Iteration[230/994], entropy: 0.2801, uncertainty: 2.4983, uncertainty_coeffi: 0.0100, loss: 0.2139, lr: 6.55e-05
     Epoch[8] Iteration[240/994], entropy: 0.2790, uncertainty: 3.2212, uncertainty_coeffi: 0.0100, loss: 0.1564, lr: 6.55e-05
     Epoch[8] Iteration[250/994], entropy: 0.3731, uncertainty: 2.9394, uncertainty_coeffi: 0.0100, loss: 0.1983, lr: 6.55e-05
     Epoch[8] Iteration[260/994], entropy: 0.3978, uncertainty: 2.5466, uncertainty_coeffi: 0.0100, loss: 0.1715, lr: 6.55e-05
     Epoch[8] Iteration[270/994], entropy: 0.2960, uncertainty: 3.1544, uncertainty_coeffi: 0.0100, loss: 0.1369, lr: 6.55e-05
     Epoch[8] Iteration[280/994], entropy: 0.2406, uncertainty: 2.1889, uncertainty_coeffi: 0.0100, loss: 0.1160, lr: 6.55e-05
     Epoch[8] Iteration[290/994], entropy: 0.2238, uncertainty: 2.4789, uncertainty_coeffi: 0.0100, loss: 0.1748, lr: 6.55e-05
     Epoch[8] Iteration[300/994], entropy: 0.2708, uncertainty: 2.5308, uncertainty_coeffi: 0.0100, loss: 0.1320, lr: 6.55e-05
     Epoch[8] Iteration[310/994], entropy: 0.3408, uncertainty: 2.1364, uncertainty_coeffi: 0.0100, loss: 0.1982, lr: 6.55e-05
     Epoch[8] Iteration[320/994], entropy: 0.3427, uncertainty: 2.7667, uncertainty_coeffi: 0.0100, loss: 0.1508, lr: 6.55e-05
     Epoch[8] Iteration[330/994], entropy: 0.3464, uncertainty: 2.6602, uncertainty_coeffi: 0.0100, loss: 0.1691, lr: 6.55e-05
     Epoch[8] Iteration[340/994], entropy: 0.2856, uncertainty: 2.9270, uncertainty_coeffi: 0.0100, loss: 0.1061, lr: 6.55e-05
     Epoch[8] Iteration[350/994], entropy: 0.1744, uncertainty: 2.2810, uncertainty_coeffi: 0.0100, loss: 0.1162, lr: 6.55e-05
     Epoch[8] Iteration[360/994], entropy: 0.2659, uncertainty: 2.7988, uncertainty_coeffi: 0.0100, loss: 0.1374, lr: 6.55e-05
     Epoch[8] Iteration[370/994], entropy: 0.2496, uncertainty: 3.9121, uncertainty_coeffi: 0.0100, loss: 0.1140, lr: 6.55e-05
     Epoch[8] Iteration[380/994], entropy: 0.3591, uncertainty: 2.5843, uncertainty_coeffi: 0.0100, loss: 0.1646, lr: 6.55e-05
     Epoch[8] Iteration[390/994], entropy: 0.4496, uncertainty: 2.4395, uncertainty_coeffi: 0.0100, loss: 0.2492, lr: 6.55e-05
     Epoch[8] Iteration[400/994], entropy: 0.2956, uncertainty: 2.8185, uncertainty_coeffi: 0.0100, loss: 0.1711, lr: 6.55e-05
     Epoch[8] Iteration[410/994], entropy: 0.2706, uncertainty: 2.3979, uncertainty_coeffi: 0.0100, loss: 0.1685, lr: 6.55e-05
     Epoch[8] Iteration[420/994], entropy: 0.2815, uncertainty: 2.7720, uncertainty_coeffi: 0.0100, loss: 0.1652, lr: 6.55e-05
     Epoch[8] Iteration[430/994], entropy: 0.3649, uncertainty: 2.6381, uncertainty_coeffi: 0.0100, loss: 0.1719, lr: 6.55e-05
     Epoch[8] Iteration[440/994], entropy: 0.2286, uncertainty: 2.8256, uncertainty_coeffi: 0.0100, loss: 0.1095, lr: 6.55e-05
     Epoch[8] Iteration[450/994], entropy: 0.2468, uncertainty: 2.2167, uncertainty_coeffi: 0.0100, loss: 0.1205, lr: 6.55e-05
     Epoch[8] Iteration[460/994], entropy: 0.1453, uncertainty: 3.0323, uncertainty_coeffi: 0.0100, loss: 0.0754, lr: 6.55e-05
     Epoch[8] Iteration[470/994], entropy: 0.2793, uncertainty: 2.3747, uncertainty_coeffi: 0.0100, loss: 0.2143, lr: 6.55e-05
     Epoch[8] Iteration[480/994], entropy: 0.4031, uncertainty: 2.7311, uncertainty_coeffi: 0.0100, loss: 0.1760, lr: 6.55e-05
     Epoch[8] Iteration[490/994], entropy: 0.4284, uncertainty: 3.4731, uncertainty_coeffi: 0.0100, loss: 0.1868, lr: 6.55e-05
     Epoch[8] Iteration[500/994], entropy: 0.3718, uncertainty: 2.6262, uncertainty_coeffi: 0.0100, loss: 0.2294, lr: 6.55e-05
     Epoch[8] Iteration[510/994], entropy: 0.2065, uncertainty: 2.5424, uncertainty_coeffi: 0.0100, loss: 0.1383, lr: 6.55e-05
     Epoch[8] Iteration[520/994], entropy: 0.3721, uncertainty: 3.2597, uncertainty_coeffi: 0.0100, loss: 0.1897, lr: 6.55e-05
     Epoch[8] Iteration[530/994], entropy: 0.2627, uncertainty: 2.9707, uncertainty_coeffi: 0.0100, loss: 0.1153, lr: 6.55e-05
     Epoch[8] Iteration[540/994], entropy: 0.1829, uncertainty: 2.3132, uncertainty_coeffi: 0.0100, loss: 0.1181, lr: 6.55e-05
     Epoch[8] Iteration[550/994], entropy: 0.1879, uncertainty: 2.9083, uncertainty_coeffi: 0.0100, loss: 0.0852, lr: 6.55e-05
     Epoch[8] Iteration[560/994], entropy: 0.2851, uncertainty: 2.7632, uncertainty_coeffi: 0.0100, loss: 0.1522, lr: 6.55e-05
     Epoch[8] Iteration[570/994], entropy: 0.3066, uncertainty: 2.4473, uncertainty_coeffi: 0.0100, loss: 0.1851, lr: 6.55e-05
     Epoch[8] Iteration[580/994], entropy: 0.4151, uncertainty: 2.6983, uncertainty_coeffi: 0.0100, loss: 0.2328, lr: 6.55e-05
     Epoch[8] Iteration[590/994], entropy: 0.3246, uncertainty: 2.8092, uncertainty_coeffi: 0.0100, loss: 0.2145, lr: 6.55e-05
     Epoch[8] Iteration[600/994], entropy: 0.3317, uncertainty: 2.9748, uncertainty_coeffi: 0.0100, loss: 0.1364, lr: 6.55e-05
     Epoch[8] Iteration[610/994], entropy: 0.2176, uncertainty: 3.1985, uncertainty_coeffi: 0.0100, loss: 0.1181, lr: 6.55e-05
     Epoch[8] Iteration[620/994], entropy: 0.1850, uncertainty: 3.3414, uncertainty_coeffi: 0.0100, loss: 0.1112, lr: 6.55e-05
     Epoch[8] Iteration[630/994], entropy: 0.2254, uncertainty: 3.0033, uncertainty_coeffi: 0.0100, loss: 0.0948, lr: 6.55e-05
     Epoch[8] Iteration[640/994], entropy: 0.3210, uncertainty: 2.7118, uncertainty_coeffi: 0.0100, loss: 0.1596, lr: 6.55e-05
     Epoch[8] Iteration[650/994], entropy: 0.4822, uncertainty: 2.4388, uncertainty_coeffi: 0.0100, loss: 0.2304, lr: 6.55e-05
     Epoch[8] Iteration[660/994], entropy: 0.2476, uncertainty: 2.9986, uncertainty_coeffi: 0.0100, loss: 0.1275, lr: 6.55e-05
     Epoch[8] Iteration[670/994], entropy: 0.1896, uncertainty: 2.6285, uncertainty_coeffi: 0.0100, loss: 0.1349, lr: 6.55e-05
     Epoch[8] Iteration[680/994], entropy: 0.1512, uncertainty: 2.4241, uncertainty_coeffi: 0.0100, loss: 0.1052, lr: 6.55e-05
     Epoch[8] Iteration[690/994], entropy: 0.4459, uncertainty: 3.0319, uncertainty_coeffi: 0.0100, loss: 0.2584, lr: 6.55e-05
     Epoch[8] Iteration[700/994], entropy: 0.2287, uncertainty: 2.0982, uncertainty_coeffi: 0.0100, loss: 0.1475, lr: 6.55e-05
     Epoch[8] Iteration[710/994], entropy: 0.1222, uncertainty: 2.3017, uncertainty_coeffi: 0.0100, loss: 0.1041, lr: 6.55e-05
     Epoch[8] Iteration[720/994], entropy: 0.2063, uncertainty: 2.3852, uncertainty_coeffi: 0.0100, loss: 0.1450, lr: 6.55e-05
     Epoch[8] Iteration[730/994], entropy: 0.2213, uncertainty: 2.5641, uncertainty_coeffi: 0.0100, loss: 0.1263, lr: 6.55e-05
     Epoch[8] Iteration[740/994], entropy: 0.2942, uncertainty: 2.7900, uncertainty_coeffi: 0.0100, loss: 0.1508, lr: 6.55e-05
     Epoch[8] Iteration[750/994], entropy: 0.3011, uncertainty: 2.4497, uncertainty_coeffi: 0.0100, loss: 0.1911, lr: 6.55e-05
     Epoch[8] Iteration[760/994], entropy: 0.3060, uncertainty: 2.7005, uncertainty_coeffi: 0.0100, loss: 0.1384, lr: 6.55e-05
     Epoch[8] Iteration[770/994], entropy: 0.1903, uncertainty: 2.0038, uncertainty_coeffi: 0.0100, loss: 0.1451, lr: 6.55e-05
     Epoch[8] Iteration[780/994], entropy: 0.3196, uncertainty: 2.9670, uncertainty_coeffi: 0.0100, loss: 0.1668, lr: 6.55e-05
     Epoch[8] Iteration[790/994], entropy: 0.3229, uncertainty: 3.3152, uncertainty_coeffi: 0.0100, loss: 0.1962, lr: 6.55e-05
     Epoch[8] Iteration[800/994], entropy: 0.2973, uncertainty: 3.4177, uncertainty_coeffi: 0.0100, loss: 0.1060, lr: 6.55e-05
     Epoch[8] Iteration[810/994], entropy: 0.4481, uncertainty: 2.7037, uncertainty_coeffi: 0.0100, loss: 0.2049, lr: 6.55e-05
     Epoch[8] Iteration[820/994], entropy: 0.3079, uncertainty: 3.0746, uncertainty_coeffi: 0.0100, loss: 0.1417, lr: 6.55e-05
     Epoch[8] Iteration[830/994], entropy: 0.3849, uncertainty: 3.1832, uncertainty_coeffi: 0.0100, loss: 0.1658, lr: 6.55e-05
     Epoch[8] Iteration[840/994], entropy: 0.2454, uncertainty: 2.2931, uncertainty_coeffi: 0.0100, loss: 0.1337, lr: 6.55e-05
     Epoch[8] Iteration[850/994], entropy: 0.1733, uncertainty: 3.0051, uncertainty_coeffi: 0.0100, loss: 0.0986, lr: 6.55e-05
     Epoch[8] Iteration[860/994], entropy: 0.2980, uncertainty: 2.4931, uncertainty_coeffi: 0.0100, loss: 0.1469, lr: 6.55e-05
     Epoch[8] Iteration[870/994], entropy: 0.1695, uncertainty: 2.6536, uncertainty_coeffi: 0.0100, loss: 0.0997, lr: 6.55e-05
     Epoch[8] Iteration[880/994], entropy: 0.5831, uncertainty: 2.0654, uncertainty_coeffi: 0.0100, loss: 0.3522, lr: 6.55e-05
     Epoch[8] Iteration[890/994], entropy: 0.2708, uncertainty: 3.0539, uncertainty_coeffi: 0.0100, loss: 0.1582, lr: 6.55e-05
     Epoch[8] Iteration[900/994], entropy: 0.2751, uncertainty: 2.4375, uncertainty_coeffi: 0.0100, loss: 0.1682, lr: 6.55e-05
     Epoch[8] Iteration[910/994], entropy: 0.2350, uncertainty: 2.9504, uncertainty_coeffi: 0.0100, loss: 0.1033, lr: 6.55e-05
     Epoch[8] Iteration[920/994], entropy: 0.3456, uncertainty: 2.5878, uncertainty_coeffi: 0.0100, loss: 0.1452, lr: 6.55e-05
     Epoch[8] Iteration[930/994], entropy: 0.3035, uncertainty: 2.6712, uncertainty_coeffi: 0.0100, loss: 0.1452, lr: 6.55e-05
     Epoch[8] Iteration[940/994], entropy: 0.3537, uncertainty: 2.4230, uncertainty_coeffi: 0.0100, loss: 0.1957, lr: 6.55e-05
     Epoch[8] Iteration[950/994], entropy: 0.2276, uncertainty: 2.1870, uncertainty_coeffi: 0.0100, loss: 0.1669, lr: 6.55e-05
     Epoch[8] Iteration[960/994], entropy: 0.2340, uncertainty: 3.2376, uncertainty_coeffi: 0.0100, loss: 0.1308, lr: 6.55e-05
     Epoch[8] Iteration[970/994], entropy: 0.2126, uncertainty: 2.8227, uncertainty_coeffi: 0.0100, loss: 0.1659, lr: 6.55e-05
     Epoch[8] Iteration[980/994], entropy: 0.3138, uncertainty: 3.3784, uncertainty_coeffi: 0.0100, loss: 0.1193, lr: 6.55e-05
     Epoch[8] Iteration[990/994], entropy: 0.3414, uncertainty: 2.3920, uncertainty_coeffi: 0.0100, loss: 0.1836, lr: 6.55e-05
     Averaged stats: entropy_avg: 0.2921, uncertainty_avg: 2.7113, uncertainty_coeffi_avg: 0.0100, loss_avg: 0.1549, lr_avg: 6.39e-05
     itm tta time 0:02:14
     Epoch[9] Iteration[10/994], entropy: 0.1818, uncertainty: 3.0699, uncertainty_coeffi: 0.0100, loss: 0.1099, lr: 9.55e-06
     Epoch[9] Iteration[20/994], entropy: 0.3754, uncertainty: 3.1817, uncertainty_coeffi: 0.0100, loss: 0.1874, lr: 9.55e-06
     Epoch[9] Iteration[30/994], entropy: 0.3160, uncertainty: 2.2133, uncertainty_coeffi: 0.0100, loss: 0.1865, lr: 9.55e-06
     Epoch[9] Iteration[40/994], entropy: 0.0952, uncertainty: 2.5892, uncertainty_coeffi: 0.0100, loss: 0.0832, lr: 9.55e-06
     Epoch[9] Iteration[50/994], entropy: 0.2949, uncertainty: 2.0721, uncertainty_coeffi: 0.0100, loss: 0.1810, lr: 9.55e-06
     Epoch[9] Iteration[60/994], entropy: 0.3676, uncertainty: 2.8033, uncertainty_coeffi: 0.0100, loss: 0.1751, lr: 9.55e-06
     Epoch[9] Iteration[70/994], entropy: 0.2479, uncertainty: 2.2310, uncertainty_coeffi: 0.0100, loss: 0.1331, lr: 9.55e-06
     Epoch[9] Iteration[80/994], entropy: 0.1439, uncertainty: 2.3890, uncertainty_coeffi: 0.0100, loss: 0.1040, lr: 9.55e-06
     Epoch[9] Iteration[90/994], entropy: 0.3128, uncertainty: 2.7212, uncertainty_coeffi: 0.0100, loss: 0.1444, lr: 9.55e-06
     Epoch[9] Iteration[100/994], entropy: 0.3767, uncertainty: 3.2150, uncertainty_coeffi: 0.0100, loss: 0.1527, lr: 9.55e-06
     Epoch[9] Iteration[110/994], entropy: 0.2443, uncertainty: 3.0566, uncertainty_coeffi: 0.0100, loss: 0.1182, lr: 9.55e-06
     Epoch[9] Iteration[120/994], entropy: 0.1833, uncertainty: 2.8583, uncertainty_coeffi: 0.0100, loss: 0.1258, lr: 9.55e-06
     Epoch[9] Iteration[130/994], entropy: 0.1334, uncertainty: 2.7142, uncertainty_coeffi: 0.0100, loss: 0.0674, lr: 9.55e-06
     Epoch[9] Iteration[140/994], entropy: 0.3049, uncertainty: 2.3042, uncertainty_coeffi: 0.0100, loss: 0.2110, lr: 9.55e-06
     Epoch[9] Iteration[150/994], entropy: 0.3378, uncertainty: 2.5580, uncertainty_coeffi: 0.0100, loss: 0.2092, lr: 9.55e-06
     Epoch[9] Iteration[160/994], entropy: 0.3528, uncertainty: 2.7630, uncertainty_coeffi: 0.0100, loss: 0.2209, lr: 9.55e-06
     Epoch[9] Iteration[170/994], entropy: 0.4172, uncertainty: 2.5632, uncertainty_coeffi: 0.0100, loss: 0.1975, lr: 9.55e-06
     Epoch[9] Iteration[180/994], entropy: 0.4070, uncertainty: 2.9457, uncertainty_coeffi: 0.0100, loss: 0.1840, lr: 9.55e-06
     Epoch[9] Iteration[190/994], entropy: 0.4041, uncertainty: 2.2316, uncertainty_coeffi: 0.0100, loss: 0.2788, lr: 9.55e-06
     Epoch[9] Iteration[200/994], entropy: 0.2991, uncertainty: 2.8782, uncertainty_coeffi: 0.0100, loss: 0.1708, lr: 9.55e-06
     Epoch[9] Iteration[210/994], entropy: 0.3909, uncertainty: 2.7955, uncertainty_coeffi: 0.0100, loss: 0.2402, lr: 9.55e-06
     Epoch[9] Iteration[220/994], entropy: 0.3842, uncertainty: 3.1031, uncertainty_coeffi: 0.0100, loss: 0.1287, lr: 9.55e-06
     Epoch[9] Iteration[230/994], entropy: 0.3629, uncertainty: 3.0493, uncertainty_coeffi: 0.0100, loss: 0.1488, lr: 9.55e-06
     Epoch[9] Iteration[240/994], entropy: 0.3155, uncertainty: 2.8369, uncertainty_coeffi: 0.0100, loss: 0.1909, lr: 9.55e-06
     Epoch[9] Iteration[250/994], entropy: 0.2428, uncertainty: 3.3432, uncertainty_coeffi: 0.0100, loss: 0.1086, lr: 9.55e-06
     Epoch[9] Iteration[260/994], entropy: 0.1844, uncertainty: 3.3151, uncertainty_coeffi: 0.0100, loss: 0.0831, lr: 9.55e-06
     Epoch[9] Iteration[270/994], entropy: 0.4397, uncertainty: 2.3767, uncertainty_coeffi: 0.0100, loss: 0.2906, lr: 9.55e-06
     Epoch[9] Iteration[280/994], entropy: 0.3201, uncertainty: 2.9603, uncertainty_coeffi: 0.0100, loss: 0.1645, lr: 9.55e-06
     Epoch[9] Iteration[290/994], entropy: 0.5219, uncertainty: 2.9163, uncertainty_coeffi: 0.0100, loss: 0.2327, lr: 9.55e-06
     Epoch[9] Iteration[300/994], entropy: 0.3120, uncertainty: 2.5523, uncertainty_coeffi: 0.0100, loss: 0.2135, lr: 9.55e-06
     Epoch[9] Iteration[310/994], entropy: 0.2076, uncertainty: 2.9112, uncertainty_coeffi: 0.0100, loss: 0.1356, lr: 9.55e-06
     Epoch[9] Iteration[320/994], entropy: 0.3926, uncertainty: 2.3415, uncertainty_coeffi: 0.0100, loss: 0.2503, lr: 9.55e-06
     Epoch[9] Iteration[330/994], entropy: 0.2552, uncertainty: 2.6482, uncertainty_coeffi: 0.0100, loss: 0.1531, lr: 9.55e-06
     Epoch[9] Iteration[340/994], entropy: 0.1482, uncertainty: 2.3716, uncertainty_coeffi: 0.0100, loss: 0.0998, lr: 9.55e-06
     Epoch[9] Iteration[350/994], entropy: 0.3860, uncertainty: 2.7821, uncertainty_coeffi: 0.0100, loss: 0.1807, lr: 9.55e-06
     Epoch[9] Iteration[360/994], entropy: 0.3706, uncertainty: 2.7171, uncertainty_coeffi: 0.0100, loss: 0.2010, lr: 9.55e-06
     Epoch[9] Iteration[370/994], entropy: 0.5620, uncertainty: 2.3156, uncertainty_coeffi: 0.0100, loss: 0.3537, lr: 9.55e-06
     Epoch[9] Iteration[380/994], entropy: 0.2218, uncertainty: 2.3815, uncertainty_coeffi: 0.0100, loss: 0.1173, lr: 9.55e-06
     Epoch[9] Iteration[390/994], entropy: 0.1884, uncertainty: 2.7120, uncertainty_coeffi: 0.0100, loss: 0.1123, lr: 9.55e-06
     Epoch[9] Iteration[400/994], entropy: 0.2037, uncertainty: 2.6942, uncertainty_coeffi: 0.0100, loss: 0.1097, lr: 9.55e-06
     Epoch[9] Iteration[410/994], entropy: 0.3027, uncertainty: 3.7493, uncertainty_coeffi: 0.0100, loss: 0.1148, lr: 9.55e-06
     Epoch[9] Iteration[420/994], entropy: 0.3193, uncertainty: 3.7670, uncertainty_coeffi: 0.0100, loss: 0.1490, lr: 9.55e-06
     Epoch[9] Iteration[430/994], entropy: 0.1034, uncertainty: 3.1238, uncertainty_coeffi: 0.0100, loss: 0.0848, lr: 9.55e-06
     Epoch[9] Iteration[440/994], entropy: 0.1163, uncertainty: 2.8312, uncertainty_coeffi: 0.0100, loss: 0.0815, lr: 9.55e-06
     Epoch[9] Iteration[450/994], entropy: 0.2105, uncertainty: 2.7586, uncertainty_coeffi: 0.0100, loss: 0.1405, lr: 9.55e-06
     Epoch[9] Iteration[460/994], entropy: 0.1953, uncertainty: 2.7995, uncertainty_coeffi: 0.0100, loss: 0.0937, lr: 9.55e-06
     Epoch[9] Iteration[470/994], entropy: 0.2708, uncertainty: 2.9777, uncertainty_coeffi: 0.0100, loss: 0.1428, lr: 9.55e-06
     Epoch[9] Iteration[480/994], entropy: 0.2798, uncertainty: 3.2478, uncertainty_coeffi: 0.0100, loss: 0.1645, lr: 9.55e-06
     Epoch[9] Iteration[490/994], entropy: 0.3350, uncertainty: 2.7504, uncertainty_coeffi: 0.0100, loss: 0.2049, lr: 9.55e-06
     Epoch[9] Iteration[500/994], entropy: 0.2067, uncertainty: 2.8234, uncertainty_coeffi: 0.0100, loss: 0.0941, lr: 9.55e-06
     Epoch[9] Iteration[510/994], entropy: 0.2458, uncertainty: 2.5063, uncertainty_coeffi: 0.0100, loss: 0.1295, lr: 9.55e-06
     Epoch[9] Iteration[520/994], entropy: 0.4334, uncertainty: 2.8349, uncertainty_coeffi: 0.0100, loss: 0.2318, lr: 9.55e-06
     Epoch[9] Iteration[530/994], entropy: 0.3232, uncertainty: 2.2905, uncertainty_coeffi: 0.0100, loss: 0.1988, lr: 9.55e-06
     Epoch[9] Iteration[540/994], entropy: 0.3649, uncertainty: 2.3352, uncertainty_coeffi: 0.0100, loss: 0.1815, lr: 9.55e-06
     Epoch[9] Iteration[550/994], entropy: 0.2557, uncertainty: 3.3881, uncertainty_coeffi: 0.0100, loss: 0.1191, lr: 9.55e-06
     Epoch[9] Iteration[560/994], entropy: 0.3417, uncertainty: 2.3995, uncertainty_coeffi: 0.0100, loss: 0.1944, lr: 9.55e-06
     Epoch[9] Iteration[570/994], entropy: 0.3986, uncertainty: 3.4894, uncertainty_coeffi: 0.0100, loss: 0.1688, lr: 9.55e-06
     Epoch[9] Iteration[580/994], entropy: 0.2581, uncertainty: 3.1222, uncertainty_coeffi: 0.0100, loss: 0.1295, lr: 9.55e-06
     Epoch[9] Iteration[590/994], entropy: 0.2701, uncertainty: 2.1962, uncertainty_coeffi: 0.0100, loss: 0.1305, lr: 9.55e-06
     Epoch[9] Iteration[600/994], entropy: 0.3413, uncertainty: 2.1829, uncertainty_coeffi: 0.0100, loss: 0.2179, lr: 9.55e-06
     Epoch[9] Iteration[610/994], entropy: 0.3994, uncertainty: 1.6484, uncertainty_coeffi: 0.0100, loss: 0.2924, lr: 9.55e-06
     Epoch[9] Iteration[620/994], entropy: 0.2145, uncertainty: 2.4028, uncertainty_coeffi: 0.0100, loss: 0.1165, lr: 9.55e-06
     Epoch[9] Iteration[630/994], entropy: 0.2679, uncertainty: 2.4486, uncertainty_coeffi: 0.0100, loss: 0.1671, lr: 9.55e-06
     Epoch[9] Iteration[640/994], entropy: 0.1480, uncertainty: 2.7756, uncertainty_coeffi: 0.0100, loss: 0.1149, lr: 9.55e-06
     Epoch[9] Iteration[650/994], entropy: 0.4013, uncertainty: 2.4078, uncertainty_coeffi: 0.0100, loss: 0.2089, lr: 9.55e-06
     Epoch[9] Iteration[660/994], entropy: 0.2917, uncertainty: 2.5771, uncertainty_coeffi: 0.0100, loss: 0.1799, lr: 9.55e-06
     Epoch[9] Iteration[670/994], entropy: 0.1648, uncertainty: 3.1417, uncertainty_coeffi: 0.0100, loss: 0.0880, lr: 9.55e-06
     Epoch[9] Iteration[680/994], entropy: 0.3575, uncertainty: 3.1748, uncertainty_coeffi: 0.0100, loss: 0.1668, lr: 9.55e-06
     Epoch[9] Iteration[690/994], entropy: 0.2209, uncertainty: 3.4879, uncertainty_coeffi: 0.0100, loss: 0.1081, lr: 9.55e-06
     Epoch[9] Iteration[700/994], entropy: 0.2114, uncertainty: 2.6909, uncertainty_coeffi: 0.0100, loss: 0.1310, lr: 9.55e-06
     Epoch[9] Iteration[710/994], entropy: 0.2537, uncertainty: 2.6307, uncertainty_coeffi: 0.0100, loss: 0.1090, lr: 9.55e-06
     Epoch[9] Iteration[720/994], entropy: 0.2632, uncertainty: 2.0955, uncertainty_coeffi: 0.0100, loss: 0.1530, lr: 9.55e-06
     Epoch[9] Iteration[730/994], entropy: 0.3728, uncertainty: 3.2847, uncertainty_coeffi: 0.0100, loss: 0.1783, lr: 9.55e-06
     Epoch[9] Iteration[740/994], entropy: 0.3855, uncertainty: 2.2524, uncertainty_coeffi: 0.0100, loss: 0.2060, lr: 9.55e-06
     Epoch[9] Iteration[750/994], entropy: 0.1194, uncertainty: 2.3189, uncertainty_coeffi: 0.0100, loss: 0.0911, lr: 9.55e-06
     Epoch[9] Iteration[760/994], entropy: 0.1379, uncertainty: 1.8253, uncertainty_coeffi: 0.0100, loss: 0.0927, lr: 9.55e-06
     Epoch[9] Iteration[770/994], entropy: 0.3607, uncertainty: 3.0247, uncertainty_coeffi: 0.0100, loss: 0.1483, lr: 9.55e-06
     Epoch[9] Iteration[780/994], entropy: 0.2174, uncertainty: 2.5015, uncertainty_coeffi: 0.0100, loss: 0.1048, lr: 9.55e-06
     Epoch[9] Iteration[790/994], entropy: 0.2735, uncertainty: 3.0541, uncertainty_coeffi: 0.0100, loss: 0.1527, lr: 9.55e-06
     Epoch[9] Iteration[800/994], entropy: 0.2620, uncertainty: 3.2129, uncertainty_coeffi: 0.0100, loss: 0.1337, lr: 9.55e-06
     Epoch[9] Iteration[810/994], entropy: 0.2713, uncertainty: 2.5441, uncertainty_coeffi: 0.0100, loss: 0.1503, lr: 9.55e-06
     Epoch[9] Iteration[820/994], entropy: 0.2794, uncertainty: 2.4873, uncertainty_coeffi: 0.0100, loss: 0.1789, lr: 9.55e-06
     Epoch[9] Iteration[830/994], entropy: 0.1882, uncertainty: 2.8302, uncertainty_coeffi: 0.0100, loss: 0.0947, lr: 9.55e-06
     Epoch[9] Iteration[840/994], entropy: 0.5424, uncertainty: 2.5205, uncertainty_coeffi: 0.0100, loss: 0.3193, lr: 9.55e-06
     Epoch[9] Iteration[850/994], entropy: 0.2196, uncertainty: 2.7371, uncertainty_coeffi: 0.0100, loss: 0.1096, lr: 9.55e-06
     Epoch[9] Iteration[860/994], entropy: 0.2227, uncertainty: 2.2937, uncertainty_coeffi: 0.0100, loss: 0.1359, lr: 9.55e-06
     Epoch[9] Iteration[870/994], entropy: 0.3795, uncertainty: 2.6194, uncertainty_coeffi: 0.0100, loss: 0.2224, lr: 9.55e-06
     Epoch[9] Iteration[880/994], entropy: 0.2372, uncertainty: 2.7016, uncertainty_coeffi: 0.0100, loss: 0.1553, lr: 9.55e-06
     Epoch[9] Iteration[890/994], entropy: 0.3086, uncertainty: 2.8594, uncertainty_coeffi: 0.0100, loss: 0.1693, lr: 9.55e-06
     Epoch[9] Iteration[900/994], entropy: 0.1454, uncertainty: 2.2792, uncertainty_coeffi: 0.0100, loss: 0.0990, lr: 9.55e-06
     Epoch[9] Iteration[910/994], entropy: 0.4155, uncertainty: 3.2129, uncertainty_coeffi: 0.0100, loss: 0.2047, lr: 9.55e-06
     Epoch[9] Iteration[920/994], entropy: 0.2558, uncertainty: 2.4966, uncertainty_coeffi: 0.0100, loss: 0.1620, lr: 9.55e-06
     Epoch[9] Iteration[930/994], entropy: 0.2864, uncertainty: 2.5970, uncertainty_coeffi: 0.0100, loss: 0.1699, lr: 9.55e-06
     Epoch[9] Iteration[940/994], entropy: 0.2068, uncertainty: 2.2531, uncertainty_coeffi: 0.0100, loss: 0.1112, lr: 9.55e-06
     Epoch[9] Iteration[950/994], entropy: 0.3470, uncertainty: 2.7204, uncertainty_coeffi: 0.0100, loss: 0.1818, lr: 9.55e-06
     Epoch[9] Iteration[960/994], entropy: 0.2415, uncertainty: 2.6413, uncertainty_coeffi: 0.0100, loss: 0.1593, lr: 9.55e-06
     Epoch[9] Iteration[970/994], entropy: 0.1069, uncertainty: 2.7975, uncertainty_coeffi: 0.0100, loss: 0.0902, lr: 9.55e-06
     Epoch[9] Iteration[980/994], entropy: 0.2947, uncertainty: 2.1541, uncertainty_coeffi: 0.0100, loss: 0.1676, lr: 9.55e-06
     Epoch[9] Iteration[990/994], entropy: 0.1349, uncertainty: 2.6474, uncertainty_coeffi: 0.0100, loss: 0.0965, lr: 9.55e-06
     Averaged stats: entropy_avg: 0.2847, uncertainty_avg: 2.7112, uncertainty_coeffi_avg: 0.0100, loss_avg: 0.1581, lr_avg: 9.55e-06
     itm tta time 0:02:20
### TTA Eval Score: 
+-------+--------+--------+--------+--------+-------+
| epoch |   R1   |   R5   |  R10   |  mAP   |  mINP |
+-------+--------+--------+--------+--------+-------+
|  -999 | 60.631 | 77.519 | 83.268 | 35.542 | 6.004 |
|   0   | 61.734 | 77.489 | 83.117 | 36.167 | 6.141 |
|   1   | 61.890 | 77.428 | 83.102 | 36.175 | 6.122 |
|   2   | 61.921 | 77.499 | 83.036 | 36.166 | 6.101 |
|   4   | 61.865 | 77.459 | 83.071 | 36.156 | 6.119 |
|   9   | 62.102 | 77.358 | 83.132 | 36.168 | 6.064 |
+-------+--------+--------+--------+--------+-------+
     logs:  {'epo': 9, 'R1': np.float32(62.102), 'R5': np.float32(77.358), 'R10': np.float32(83.132), 'mAP': np.float32(36.168), 'mINP': np.float32(6.064), 'entropy': 0.28471409303672385, 'uncertainty': 2.7111625057278257, 'uncertainty_coeffi': 0.009999999776482582, 'loss': 0.15807500933155869, 'lr': 9.54915028125028e-06}
### best epoch 9 : {'epo': '9', 'R1': '62.102', 'R5': '77.358', 'R10': '83.132', 'mAP': '36.168', 'mINP': '6.064', 'entropy': '0.28471409303672385', 'uncertainty': '2.7111625057278257', 'uncertainty_coeffi': '0.009999999776482582', 'loss': '0.15807500933155869', 'lr': '9.54915028125028e-06'}
### Time 0:31:58
