/home/user/yc57963/miniconda3/envs/irra/lib/python3.9/site-packages/torch/utils/data/dataloader.py:627: UserWarning: This DataLoader will create 8 worker processes in total. Our suggested max number of worker in current system is 2, which is smaller than what this DataLoader is going to create. Please be aware that excessive worker creation might get DataLoader running slow or even freeze, lower the worker number to avoid potential slowness/freeze if necessary.
  warnings.warn(
Not using distributed mode
### Hyper-parameters:
     output_dir: output_rerun2/ham_icfg_tta/exp5/exp5.1.1/2025091407173
     seed: 42
     device: cuda
     batch_size_tta: 16
     epochs: 10
     lr: 5e-05
### Creating test dataset
     test_txt_set: 19848    test_img_set: 19848
     test_txt_loader: 39    test_img_loader: 39
### Creating model
Training Model with ['sdm', 'id', 'mlm'] tasks
Resized position embedding from size:torch.Size([1, 197, 768]) to size: torch.Size([1, 193, 768]) with height:24 width: 8
     Total Params Sum:  190482206
### Zero-Shot Score: 
/home/user/yc57963/miniconda3/envs/irra/lib/python3.9/site-packages/torch/utils/data/dataloader.py:627: UserWarning: This DataLoader will create 4 worker processes in total. Our suggested max number of worker in current system is 2, which is smaller than what this DataLoader is going to create. Please be aware that excessive worker creation might get DataLoader running slow or even freeze, lower the worker number to avoid potential slowness/freeze if necessary.
  warnings.warn(
/home/user/yc57963/task/IRRA/tta.py:281: FutureWarning: `torch.cuda.amp.GradScaler(args...)` is deprecated. Please use `torch.amp.GradScaler('cuda', args...)` instead.
  scaler = GradScaler()  # bf16
+-------+--------+--------+--------+--------+-------+
| epoch |   R1   |   R5   |  R10   |  mAP   |  mINP |
+-------+--------+--------+--------+--------+-------+
|  -999 | 60.656 | 77.499 | 83.268 | 35.543 | 6.006 |
+-------+--------+--------+--------+--------+-------+
### TTA:
### Compute Cos Similarity Uncertainty
     preprocess_tta_coefficients  start
     sample selection ...
     number of sample after sample_selection: 15908
     uncertainty ...
     pos/neg sampling ...
      number of sample after pos/neg sampling: torch.Size([19848, 8])
     preprocess_tta_coefficients  end
### Creating TTA dataset
     tta_dataset: 15908
### Creating tta dataloader
### be careful: func create_loader returns a list length of 1
     tta_loader: 994
### Configure adapted weights
     TTA Dropout Modules: 
 []
     TTA Require Gradient Params: 
 [('base_model.transformer.resblocks.1.ln_1.weight', torch.Size([512])), ('base_model.transformer.resblocks.1.ln_1.bias', torch.Size([512])), ('base_model.transformer.resblocks.1.ln_2.weight', torch.Size([512])), ('base_model.transformer.resblocks.1.ln_2.bias', torch.Size([512])), ('base_model.transformer.resblocks.2.ln_1.weight', torch.Size([512])), ('base_model.transformer.resblocks.2.ln_1.bias', torch.Size([512])), ('base_model.transformer.resblocks.2.ln_2.weight', torch.Size([512])), ('base_model.transformer.resblocks.2.ln_2.bias', torch.Size([512])), ('base_model.transformer.resblocks.3.ln_1.weight', torch.Size([512])), ('base_model.transformer.resblocks.3.ln_1.bias', torch.Size([512])), ('base_model.transformer.resblocks.3.ln_2.weight', torch.Size([512])), ('base_model.transformer.resblocks.3.ln_2.bias', torch.Size([512])), ('base_model.transformer.resblocks.4.ln_1.weight', torch.Size([512])), ('base_model.transformer.resblocks.4.ln_1.bias', torch.Size([512])), ('base_model.transformer.resblocks.4.ln_2.weight', torch.Size([512])), ('base_model.transformer.resblocks.4.ln_2.bias', torch.Size([512])), ('base_model.transformer.resblocks.5.ln_1.weight', torch.Size([512])), ('base_model.transformer.resblocks.5.ln_1.bias', torch.Size([512])), ('base_model.transformer.resblocks.5.ln_2.weight', torch.Size([512])), ('base_model.transformer.resblocks.5.ln_2.bias', torch.Size([512])), ('base_model.transformer.resblocks.7.ln_1.weight', torch.Size([512])), ('base_model.transformer.resblocks.7.ln_1.bias', torch.Size([512])), ('base_model.transformer.resblocks.7.ln_2.weight', torch.Size([512])), ('base_model.transformer.resblocks.7.ln_2.bias', torch.Size([512])), ('base_model.transformer.resblocks.8.ln_1.weight', torch.Size([512])), ('base_model.transformer.resblocks.8.ln_1.bias', torch.Size([512])), ('base_model.transformer.resblocks.8.ln_2.weight', torch.Size([512])), ('base_model.transformer.resblocks.8.ln_2.bias', torch.Size([512])), ('base_model.transformer.resblocks.9.ln_1.weight', torch.Size([512])), ('base_model.transformer.resblocks.9.ln_1.bias', torch.Size([512])), ('base_model.transformer.resblocks.9.ln_2.weight', torch.Size([512])), ('base_model.transformer.resblocks.9.ln_2.bias', torch.Size([512])), ('base_model.transformer.resblocks.10.ln_1.weight', torch.Size([512])), ('base_model.transformer.resblocks.10.ln_1.bias', torch.Size([512])), ('base_model.transformer.resblocks.10.ln_2.weight', torch.Size([512])), ('base_model.transformer.resblocks.10.ln_2.bias', torch.Size([512])), ('base_model.transformer.resblocks.11.ln_1.weight', torch.Size([512])), ('base_model.transformer.resblocks.11.ln_1.bias', torch.Size([512])), ('base_model.transformer.resblocks.11.ln_2.weight', torch.Size([512])), ('base_model.transformer.resblocks.11.ln_2.bias', torch.Size([512])), ('base_model.ln_final.weight', torch.Size([512])), ('base_model.ln_final.bias', torch.Size([512]))]
     TTA Dropout Modules Number: 
 0
     TTA Require Gradient Params Sum: 
 21504
Using 5.0 times learning rate for random init module 
### Start Test Time Adaptation : num_epoch = 10
/home/user/yc57963/task/IRRA/tta.py:67: FutureWarning: `torch.cuda.amp.autocast(args...)` is deprecated. Please use `torch.amp.autocast('cuda', args...)` instead.
  with torch.cuda.amp.autocast(enabled=True):
     Epoch[0] Iteration[10/994], entropy: 0.7407, uncertainty: 2.0782, uncertainty_coeffi: 0.0010, loss: 0.3119, lr: 0.00e+00
     Epoch[0] Iteration[20/994], entropy: 0.7663, uncertainty: 2.1811, uncertainty_coeffi: 0.0010, loss: 0.3285, lr: 0.00e+00
     Epoch[0] Iteration[30/994], entropy: 0.4364, uncertainty: 2.0559, uncertainty_coeffi: 0.0010, loss: 0.1967, lr: 0.00e+00
     Epoch[0] Iteration[40/994], entropy: 0.5513, uncertainty: 2.1989, uncertainty_coeffi: 0.0010, loss: 0.2436, lr: 0.00e+00
     Epoch[0] Iteration[50/994], entropy: 0.4032, uncertainty: 2.1757, uncertainty_coeffi: 0.0010, loss: 0.1737, lr: 0.00e+00
     Epoch[0] Iteration[60/994], entropy: 0.3363, uncertainty: 2.0219, uncertainty_coeffi: 0.0010, loss: 0.1561, lr: 0.00e+00
     Epoch[0] Iteration[70/994], entropy: 0.7088, uncertainty: 2.1125, uncertainty_coeffi: 0.0010, loss: 0.3033, lr: 0.00e+00
     Epoch[0] Iteration[80/994], entropy: 0.4707, uncertainty: 2.1299, uncertainty_coeffi: 0.0010, loss: 0.1979, lr: 0.00e+00
     Epoch[0] Iteration[90/994], entropy: 0.5213, uncertainty: 2.0860, uncertainty_coeffi: 0.0010, loss: 0.2265, lr: 0.00e+00
     Epoch[0] Iteration[100/994], entropy: 0.4522, uncertainty: 2.1236, uncertainty_coeffi: 0.0010, loss: 0.1992, lr: 0.00e+00
     Epoch[0] Iteration[110/994], entropy: 0.4792, uncertainty: 2.0045, uncertainty_coeffi: 0.0010, loss: 0.2224, lr: 0.00e+00
     Epoch[0] Iteration[120/994], entropy: 0.4490, uncertainty: 1.9990, uncertainty_coeffi: 0.0010, loss: 0.2073, lr: 0.00e+00
     Epoch[0] Iteration[130/994], entropy: 0.4176, uncertainty: 2.1578, uncertainty_coeffi: 0.0010, loss: 0.1793, lr: 0.00e+00
     Epoch[0] Iteration[140/994], entropy: 0.4470, uncertainty: 2.0590, uncertainty_coeffi: 0.0010, loss: 0.1945, lr: 0.00e+00
     Epoch[0] Iteration[150/994], entropy: 0.6958, uncertainty: 2.1530, uncertainty_coeffi: 0.0010, loss: 0.2942, lr: 0.00e+00
     Epoch[0] Iteration[160/994], entropy: 0.5843, uncertainty: 2.1517, uncertainty_coeffi: 0.0010, loss: 0.2432, lr: 0.00e+00
     Epoch[0] Iteration[170/994], entropy: 0.6907, uncertainty: 2.2392, uncertainty_coeffi: 0.0010, loss: 0.2940, lr: 0.00e+00
     Epoch[0] Iteration[180/994], entropy: 0.4428, uncertainty: 2.1143, uncertainty_coeffi: 0.0010, loss: 0.1929, lr: 0.00e+00
     Epoch[0] Iteration[190/994], entropy: 0.4764, uncertainty: 2.1023, uncertainty_coeffi: 0.0010, loss: 0.2090, lr: 0.00e+00
     Epoch[0] Iteration[200/994], entropy: 0.7609, uncertainty: 2.1754, uncertainty_coeffi: 0.0010, loss: 0.3212, lr: 0.00e+00
     Epoch[0] Iteration[210/994], entropy: 0.5902, uncertainty: 2.1446, uncertainty_coeffi: 0.0010, loss: 0.2562, lr: 0.00e+00
     Epoch[0] Iteration[220/994], entropy: 0.4871, uncertainty: 2.0444, uncertainty_coeffi: 0.0010, loss: 0.2284, lr: 0.00e+00
     Epoch[0] Iteration[230/994], entropy: 0.4472, uncertainty: 2.1049, uncertainty_coeffi: 0.0010, loss: 0.2046, lr: 0.00e+00
     Epoch[0] Iteration[240/994], entropy: 0.4984, uncertainty: 2.2110, uncertainty_coeffi: 0.0010, loss: 0.2197, lr: 0.00e+00
     Epoch[0] Iteration[250/994], entropy: 0.5151, uncertainty: 2.0729, uncertainty_coeffi: 0.0010, loss: 0.2314, lr: 0.00e+00
     Epoch[0] Iteration[260/994], entropy: 0.6231, uncertainty: 2.1802, uncertainty_coeffi: 0.0010, loss: 0.2616, lr: 0.00e+00
     Epoch[0] Iteration[270/994], entropy: 0.3343, uncertainty: 1.9403, uncertainty_coeffi: 0.0010, loss: 0.1482, lr: 0.00e+00
     Epoch[0] Iteration[280/994], entropy: 0.4105, uncertainty: 2.1553, uncertainty_coeffi: 0.0010, loss: 0.1911, lr: 0.00e+00
     Epoch[0] Iteration[290/994], entropy: 0.5095, uncertainty: 2.0766, uncertainty_coeffi: 0.0010, loss: 0.2244, lr: 0.00e+00
     Epoch[0] Iteration[300/994], entropy: 0.5627, uncertainty: 2.1561, uncertainty_coeffi: 0.0010, loss: 0.2400, lr: 0.00e+00
     Epoch[0] Iteration[310/994], entropy: 0.7261, uncertainty: 2.1311, uncertainty_coeffi: 0.0010, loss: 0.3106, lr: 0.00e+00
     Epoch[0] Iteration[320/994], entropy: 0.5609, uncertainty: 2.1135, uncertainty_coeffi: 0.0010, loss: 0.2435, lr: 0.00e+00
     Epoch[0] Iteration[330/994], entropy: 0.3857, uncertainty: 2.1635, uncertainty_coeffi: 0.0010, loss: 0.1769, lr: 0.00e+00
     Epoch[0] Iteration[340/994], entropy: 0.7297, uncertainty: 2.2639, uncertainty_coeffi: 0.0010, loss: 0.3099, lr: 0.00e+00
     Epoch[0] Iteration[350/994], entropy: 0.5960, uncertainty: 2.0974, uncertainty_coeffi: 0.0010, loss: 0.2524, lr: 0.00e+00
     Epoch[0] Iteration[360/994], entropy: 0.7627, uncertainty: 2.1111, uncertainty_coeffi: 0.0010, loss: 0.3183, lr: 0.00e+00
     Epoch[0] Iteration[370/994], entropy: 0.6513, uncertainty: 2.1484, uncertainty_coeffi: 0.0010, loss: 0.2798, lr: 0.00e+00
     Epoch[0] Iteration[380/994], entropy: 0.7575, uncertainty: 2.1627, uncertainty_coeffi: 0.0010, loss: 0.3223, lr: 0.00e+00
     Epoch[0] Iteration[390/994], entropy: 0.7013, uncertainty: 2.2404, uncertainty_coeffi: 0.0010, loss: 0.2960, lr: 0.00e+00
     Epoch[0] Iteration[400/994], entropy: 0.4769, uncertainty: 2.0826, uncertainty_coeffi: 0.0010, loss: 0.2146, lr: 0.00e+00
     Epoch[0] Iteration[410/994], entropy: 0.5636, uncertainty: 2.1361, uncertainty_coeffi: 0.0010, loss: 0.2431, lr: 0.00e+00
     Epoch[0] Iteration[420/994], entropy: 0.6597, uncertainty: 2.1883, uncertainty_coeffi: 0.0010, loss: 0.2810, lr: 0.00e+00
     Epoch[0] Iteration[430/994], entropy: 0.5595, uncertainty: 2.0360, uncertainty_coeffi: 0.0010, loss: 0.2454, lr: 0.00e+00
     Epoch[0] Iteration[440/994], entropy: 0.3341, uncertainty: 2.2045, uncertainty_coeffi: 0.0010, loss: 0.1500, lr: 0.00e+00
     Epoch[0] Iteration[450/994], entropy: 0.3354, uncertainty: 2.0843, uncertainty_coeffi: 0.0010, loss: 0.1495, lr: 0.00e+00
     Epoch[0] Iteration[460/994], entropy: 0.5817, uncertainty: 2.1593, uncertainty_coeffi: 0.0010, loss: 0.2418, lr: 0.00e+00
     Epoch[0] Iteration[470/994], entropy: 0.2978, uncertainty: 1.9879, uncertainty_coeffi: 0.0010, loss: 0.1380, lr: 0.00e+00
     Epoch[0] Iteration[480/994], entropy: 0.6324, uncertainty: 2.1812, uncertainty_coeffi: 0.0010, loss: 0.2727, lr: 0.00e+00
     Epoch[0] Iteration[490/994], entropy: 0.3301, uncertainty: 2.0700, uncertainty_coeffi: 0.0010, loss: 0.1469, lr: 0.00e+00
     Epoch[0] Iteration[500/994], entropy: 0.4957, uncertainty: 2.0265, uncertainty_coeffi: 0.0010, loss: 0.2150, lr: 0.00e+00
     Epoch[0] Iteration[510/994], entropy: 0.6480, uncertainty: 2.1617, uncertainty_coeffi: 0.0010, loss: 0.2696, lr: 0.00e+00
     Epoch[0] Iteration[520/994], entropy: 0.4849, uncertainty: 2.1404, uncertainty_coeffi: 0.0010, loss: 0.2056, lr: 0.00e+00
     Epoch[0] Iteration[530/994], entropy: 0.6643, uncertainty: 2.2254, uncertainty_coeffi: 0.0010, loss: 0.2776, lr: 0.00e+00
     Epoch[0] Iteration[540/994], entropy: 0.5748, uncertainty: 2.1056, uncertainty_coeffi: 0.0010, loss: 0.2434, lr: 0.00e+00
     Epoch[0] Iteration[550/994], entropy: 0.3850, uncertainty: 1.9965, uncertainty_coeffi: 0.0010, loss: 0.1701, lr: 0.00e+00
     Epoch[0] Iteration[560/994], entropy: 0.5706, uncertainty: 2.0816, uncertainty_coeffi: 0.0010, loss: 0.2507, lr: 0.00e+00
     Epoch[0] Iteration[570/994], entropy: 0.5061, uncertainty: 2.1255, uncertainty_coeffi: 0.0010, loss: 0.2179, lr: 0.00e+00
     Epoch[0] Iteration[580/994], entropy: 0.6549, uncertainty: 2.1577, uncertainty_coeffi: 0.0010, loss: 0.2795, lr: 0.00e+00
     Epoch[0] Iteration[590/994], entropy: 0.6439, uncertainty: 2.1175, uncertainty_coeffi: 0.0010, loss: 0.2765, lr: 0.00e+00
     Epoch[0] Iteration[600/994], entropy: 0.4788, uncertainty: 2.1653, uncertainty_coeffi: 0.0010, loss: 0.2076, lr: 0.00e+00
     Epoch[0] Iteration[610/994], entropy: 0.5475, uncertainty: 2.1056, uncertainty_coeffi: 0.0010, loss: 0.2355, lr: 0.00e+00
     Epoch[0] Iteration[620/994], entropy: 0.7299, uncertainty: 2.3002, uncertainty_coeffi: 0.0010, loss: 0.3029, lr: 4.77e-06
     Epoch[0] Iteration[630/994], entropy: 0.7832, uncertainty: 2.3410, uncertainty_coeffi: 0.0010, loss: 0.3223, lr: 4.77e-06
     Epoch[0] Iteration[640/994], entropy: 0.4974, uncertainty: 2.0106, uncertainty_coeffi: 0.0010, loss: 0.2170, lr: 4.77e-06
     Epoch[0] Iteration[650/994], entropy: 0.4999, uncertainty: 2.0191, uncertainty_coeffi: 0.0010, loss: 0.2216, lr: 4.77e-06
     Epoch[0] Iteration[660/994], entropy: 0.6034, uncertainty: 2.0863, uncertainty_coeffi: 0.0010, loss: 0.2629, lr: 4.77e-06
     Epoch[0] Iteration[670/994], entropy: 0.3247, uncertainty: 2.0111, uncertainty_coeffi: 0.0010, loss: 0.1529, lr: 4.77e-06
     Epoch[0] Iteration[680/994], entropy: 0.3739, uncertainty: 2.1044, uncertainty_coeffi: 0.0010, loss: 0.1726, lr: 4.77e-06
     Epoch[0] Iteration[690/994], entropy: 0.4904, uncertainty: 2.2152, uncertainty_coeffi: 0.0010, loss: 0.2160, lr: 4.77e-06
     Epoch[0] Iteration[700/994], entropy: 0.3395, uncertainty: 2.0157, uncertainty_coeffi: 0.0010, loss: 0.1544, lr: 4.77e-06
     Epoch[0] Iteration[710/994], entropy: 0.6174, uncertainty: 2.2621, uncertainty_coeffi: 0.0010, loss: 0.2610, lr: 4.77e-06
     Epoch[0] Iteration[720/994], entropy: 0.3808, uncertainty: 2.0980, uncertainty_coeffi: 0.0010, loss: 0.1700, lr: 4.77e-06
     Epoch[0] Iteration[730/994], entropy: 0.5977, uncertainty: 2.1756, uncertainty_coeffi: 0.0010, loss: 0.2510, lr: 4.77e-06
     Epoch[0] Iteration[740/994], entropy: 0.6880, uncertainty: 2.2707, uncertainty_coeffi: 0.0010, loss: 0.2886, lr: 4.77e-06
     Epoch[0] Iteration[750/994], entropy: 0.4304, uncertainty: 2.1352, uncertainty_coeffi: 0.0010, loss: 0.1896, lr: 4.77e-06
     Epoch[0] Iteration[760/994], entropy: 0.2872, uncertainty: 2.0229, uncertainty_coeffi: 0.0010, loss: 0.1352, lr: 4.77e-06
     Epoch[0] Iteration[770/994], entropy: 0.2704, uncertainty: 1.9756, uncertainty_coeffi: 0.0010, loss: 0.1343, lr: 4.77e-06
     Epoch[0] Iteration[780/994], entropy: 0.3729, uncertainty: 2.0436, uncertainty_coeffi: 0.0010, loss: 0.1678, lr: 4.77e-06
     Epoch[0] Iteration[790/994], entropy: 0.5180, uncertainty: 2.2648, uncertainty_coeffi: 0.0010, loss: 0.2210, lr: 4.77e-06
     Epoch[0] Iteration[800/994], entropy: 0.3907, uncertainty: 2.1348, uncertainty_coeffi: 0.0010, loss: 0.1745, lr: 4.77e-06
     Epoch[0] Iteration[810/994], entropy: 0.4710, uncertainty: 2.0715, uncertainty_coeffi: 0.0010, loss: 0.2087, lr: 4.77e-06
     Epoch[0] Iteration[820/994], entropy: 0.5100, uncertainty: 2.1730, uncertainty_coeffi: 0.0010, loss: 0.2218, lr: 4.77e-06
     Epoch[0] Iteration[830/994], entropy: 0.5765, uncertainty: 2.1410, uncertainty_coeffi: 0.0010, loss: 0.2443, lr: 4.77e-06
     Epoch[0] Iteration[840/994], entropy: 0.5145, uncertainty: 2.1177, uncertainty_coeffi: 0.0010, loss: 0.2238, lr: 4.77e-06
     Epoch[0] Iteration[850/994], entropy: 0.5185, uncertainty: 2.1005, uncertainty_coeffi: 0.0010, loss: 0.2274, lr: 4.77e-06
     Epoch[0] Iteration[860/994], entropy: 0.5871, uncertainty: 2.2082, uncertainty_coeffi: 0.0010, loss: 0.2513, lr: 4.77e-06
     Epoch[0] Iteration[870/994], entropy: 0.5263, uncertainty: 2.0971, uncertainty_coeffi: 0.0010, loss: 0.2280, lr: 4.77e-06
     Epoch[0] Iteration[880/994], entropy: 0.3473, uncertainty: 1.9376, uncertainty_coeffi: 0.0010, loss: 0.1599, lr: 4.77e-06
     Epoch[0] Iteration[890/994], entropy: 0.4353, uncertainty: 2.0994, uncertainty_coeffi: 0.0010, loss: 0.1903, lr: 4.77e-06
     Epoch[0] Iteration[900/994], entropy: 0.7996, uncertainty: 2.2967, uncertainty_coeffi: 0.0010, loss: 0.3302, lr: 4.77e-06
     Epoch[0] Iteration[910/994], entropy: 0.6121, uncertainty: 2.1752, uncertainty_coeffi: 0.0010, loss: 0.2566, lr: 4.77e-06
     Epoch[0] Iteration[920/994], entropy: 0.5266, uncertainty: 2.0396, uncertainty_coeffi: 0.0010, loss: 0.2250, lr: 4.77e-06
     Epoch[0] Iteration[930/994], entropy: 0.6104, uncertainty: 2.2374, uncertainty_coeffi: 0.0010, loss: 0.2683, lr: 4.77e-06
     Epoch[0] Iteration[940/994], entropy: 0.6426, uncertainty: 2.0770, uncertainty_coeffi: 0.0010, loss: 0.2768, lr: 4.77e-06
     Epoch[0] Iteration[950/994], entropy: 0.3944, uncertainty: 2.1619, uncertainty_coeffi: 0.0010, loss: 0.1679, lr: 4.77e-06
     Epoch[0] Iteration[960/994], entropy: 0.4821, uncertainty: 2.2137, uncertainty_coeffi: 0.0010, loss: 0.2099, lr: 4.77e-06
     Epoch[0] Iteration[970/994], entropy: 0.3196, uncertainty: 2.1249, uncertainty_coeffi: 0.0010, loss: 0.1394, lr: 4.77e-06
     Epoch[0] Iteration[980/994], entropy: 0.6070, uncertainty: 2.1047, uncertainty_coeffi: 0.0010, loss: 0.2591, lr: 4.77e-06
     Epoch[0] Iteration[990/994], entropy: 0.6704, uncertainty: 2.1938, uncertainty_coeffi: 0.0010, loss: 0.2799, lr: 4.77e-06
     Averaged stats: entropy_avg: 0.5298, uncertainty_avg: 2.1256, uncertainty_coeffi_avg: 0.0010, loss_avg: 0.2296, lr_avg: 1.83e-06
     itm tta time 0:01:47
### TTA Eval Score: 
+-------+--------+--------+--------+--------+-------+
| epoch |   R1   |   R5   |  R10   |  mAP   |  mINP |
+-------+--------+--------+--------+--------+-------+
|  -999 | 60.656 | 77.499 | 83.268 | 35.543 | 6.006 |
|   0   | 61.573 | 77.514 | 83.293 | 36.060 | 6.049 |
+-------+--------+--------+--------+--------+-------+
     logs:  {'epo': 0, 'R1': np.float32(61.573), 'R5': np.float32(77.514), 'R10': np.float32(83.293), 'mAP': np.float32(36.06), 'mINP': np.float32(6.049), 'entropy': 0.5298295851909753, 'uncertainty': 2.1256124335105975, 'uncertainty_coeffi': 0.0010000000474974513, 'loss': 0.2295613827729466, 'lr': 1.8326652054928401e-06}
     Epoch[1] Iteration[10/994], entropy: 0.2134, uncertainty: 2.0251, uncertainty_coeffi: 0.0010, loss: 0.0976, lr: 3.27e-05
     Epoch[1] Iteration[20/994], entropy: 0.4690, uncertainty: 2.0784, uncertainty_coeffi: 0.0010, loss: 0.1980, lr: 3.27e-05
     Epoch[1] Iteration[30/994], entropy: 0.4757, uncertainty: 1.9980, uncertainty_coeffi: 0.0010, loss: 0.2084, lr: 3.27e-05
     Epoch[1] Iteration[40/994], entropy: 0.6127, uncertainty: 2.0835, uncertainty_coeffi: 0.0010, loss: 0.2552, lr: 3.27e-05
     Epoch[1] Iteration[50/994], entropy: 0.4460, uncertainty: 2.0855, uncertainty_coeffi: 0.0010, loss: 0.1884, lr: 3.27e-05
     Epoch[1] Iteration[60/994], entropy: 0.4735, uncertainty: 2.1480, uncertainty_coeffi: 0.0010, loss: 0.2083, lr: 3.27e-05
     Epoch[1] Iteration[70/994], entropy: 0.4912, uncertainty: 2.1749, uncertainty_coeffi: 0.0010, loss: 0.2073, lr: 3.27e-05
     Epoch[1] Iteration[80/994], entropy: 0.4288, uncertainty: 2.1428, uncertainty_coeffi: 0.0010, loss: 0.1886, lr: 3.27e-05
     Epoch[1] Iteration[90/994], entropy: 0.8050, uncertainty: 2.3367, uncertainty_coeffi: 0.0010, loss: 0.3406, lr: 3.27e-05
     Epoch[1] Iteration[100/994], entropy: 0.4283, uncertainty: 2.1256, uncertainty_coeffi: 0.0010, loss: 0.1953, lr: 3.27e-05
     Epoch[1] Iteration[110/994], entropy: 0.5581, uncertainty: 2.1958, uncertainty_coeffi: 0.0010, loss: 0.2373, lr: 3.27e-05
     Epoch[1] Iteration[120/994], entropy: 0.5578, uncertainty: 2.2540, uncertainty_coeffi: 0.0010, loss: 0.2337, lr: 3.27e-05
     Epoch[1] Iteration[130/994], entropy: 0.3873, uncertainty: 2.0960, uncertainty_coeffi: 0.0010, loss: 0.1799, lr: 3.27e-05
     Epoch[1] Iteration[140/994], entropy: 0.4078, uncertainty: 2.0446, uncertainty_coeffi: 0.0010, loss: 0.1754, lr: 3.27e-05
     Epoch[1] Iteration[150/994], entropy: 0.3514, uncertainty: 2.0818, uncertainty_coeffi: 0.0010, loss: 0.1481, lr: 3.27e-05
     Epoch[1] Iteration[160/994], entropy: 0.3866, uncertainty: 2.0541, uncertainty_coeffi: 0.0010, loss: 0.1704, lr: 3.27e-05
     Epoch[1] Iteration[170/994], entropy: 0.5969, uncertainty: 2.1458, uncertainty_coeffi: 0.0010, loss: 0.2563, lr: 3.27e-05
     Epoch[1] Iteration[180/994], entropy: 0.4939, uncertainty: 2.0460, uncertainty_coeffi: 0.0010, loss: 0.2142, lr: 3.27e-05
     Epoch[1] Iteration[190/994], entropy: 0.6404, uncertainty: 2.1180, uncertainty_coeffi: 0.0010, loss: 0.2741, lr: 3.27e-05
     Epoch[1] Iteration[200/994], entropy: 0.5338, uncertainty: 2.1766, uncertainty_coeffi: 0.0010, loss: 0.2278, lr: 3.27e-05
     Epoch[1] Iteration[210/994], entropy: 0.3413, uncertainty: 2.1071, uncertainty_coeffi: 0.0010, loss: 0.1528, lr: 3.27e-05
     Epoch[1] Iteration[220/994], entropy: 0.4457, uncertainty: 2.1286, uncertainty_coeffi: 0.0010, loss: 0.1966, lr: 3.27e-05
     Epoch[1] Iteration[230/994], entropy: 0.5763, uncertainty: 2.2350, uncertainty_coeffi: 0.0010, loss: 0.2478, lr: 3.27e-05
     Epoch[1] Iteration[240/994], entropy: 0.4330, uncertainty: 2.0536, uncertainty_coeffi: 0.0010, loss: 0.1897, lr: 3.27e-05
     Epoch[1] Iteration[250/994], entropy: 0.6027, uncertainty: 2.1893, uncertainty_coeffi: 0.0010, loss: 0.2578, lr: 3.27e-05
     Epoch[1] Iteration[260/994], entropy: 0.4976, uncertainty: 2.1046, uncertainty_coeffi: 0.0010, loss: 0.2185, lr: 3.27e-05
     Epoch[1] Iteration[270/994], entropy: 0.3054, uncertainty: 1.9734, uncertainty_coeffi: 0.0010, loss: 0.1428, lr: 3.27e-05
     Epoch[1] Iteration[280/994], entropy: 0.6412, uncertainty: 2.0489, uncertainty_coeffi: 0.0010, loss: 0.2853, lr: 3.27e-05
     Epoch[1] Iteration[290/994], entropy: 0.4193, uncertainty: 2.0604, uncertainty_coeffi: 0.0010, loss: 0.1896, lr: 3.27e-05
     Epoch[1] Iteration[300/994], entropy: 0.3994, uncertainty: 2.0066, uncertainty_coeffi: 0.0010, loss: 0.1743, lr: 3.27e-05
     Epoch[1] Iteration[310/994], entropy: 0.4064, uncertainty: 2.0870, uncertainty_coeffi: 0.0010, loss: 0.1762, lr: 3.27e-05
     Epoch[1] Iteration[320/994], entropy: 0.4724, uncertainty: 2.1266, uncertainty_coeffi: 0.0010, loss: 0.1996, lr: 3.27e-05
     Epoch[1] Iteration[330/994], entropy: 0.4629, uncertainty: 2.2349, uncertainty_coeffi: 0.0010, loss: 0.1962, lr: 3.27e-05
     Epoch[1] Iteration[340/994], entropy: 0.4738, uncertainty: 2.0820, uncertainty_coeffi: 0.0010, loss: 0.2005, lr: 3.27e-05
     Epoch[1] Iteration[350/994], entropy: 0.4269, uncertainty: 2.0493, uncertainty_coeffi: 0.0010, loss: 0.1960, lr: 3.27e-05
     Epoch[1] Iteration[360/994], entropy: 0.5927, uncertainty: 2.2173, uncertainty_coeffi: 0.0010, loss: 0.2448, lr: 3.27e-05
     Epoch[1] Iteration[370/994], entropy: 0.4756, uncertainty: 2.0515, uncertainty_coeffi: 0.0010, loss: 0.2053, lr: 3.27e-05
     Epoch[1] Iteration[380/994], entropy: 0.6875, uncertainty: 2.1857, uncertainty_coeffi: 0.0010, loss: 0.2881, lr: 3.27e-05
     Epoch[1] Iteration[390/994], entropy: 0.4946, uncertainty: 2.0910, uncertainty_coeffi: 0.0010, loss: 0.2153, lr: 3.27e-05
     Epoch[1] Iteration[400/994], entropy: 0.7730, uncertainty: 2.2639, uncertainty_coeffi: 0.0010, loss: 0.3156, lr: 3.27e-05
     Epoch[1] Iteration[410/994], entropy: 0.2323, uncertainty: 2.0008, uncertainty_coeffi: 0.0010, loss: 0.1130, lr: 3.27e-05
     Epoch[1] Iteration[420/994], entropy: 0.4290, uncertainty: 2.0578, uncertainty_coeffi: 0.0010, loss: 0.1860, lr: 3.27e-05
     Epoch[1] Iteration[430/994], entropy: 0.4416, uncertainty: 2.0750, uncertainty_coeffi: 0.0010, loss: 0.1944, lr: 3.27e-05
     Epoch[1] Iteration[440/994], entropy: 0.4544, uncertainty: 2.2057, uncertainty_coeffi: 0.0010, loss: 0.1926, lr: 3.27e-05
     Epoch[1] Iteration[450/994], entropy: 0.6718, uncertainty: 2.1609, uncertainty_coeffi: 0.0010, loss: 0.2836, lr: 3.27e-05
     Epoch[1] Iteration[460/994], entropy: 0.6358, uncertainty: 2.2299, uncertainty_coeffi: 0.0010, loss: 0.2704, lr: 3.27e-05
     Epoch[1] Iteration[470/994], entropy: 0.5314, uncertainty: 2.1422, uncertainty_coeffi: 0.0010, loss: 0.2246, lr: 3.27e-05
     Epoch[1] Iteration[480/994], entropy: 0.5152, uncertainty: 2.1877, uncertainty_coeffi: 0.0010, loss: 0.2227, lr: 3.27e-05
     Epoch[1] Iteration[490/994], entropy: 0.4424, uncertainty: 2.1112, uncertainty_coeffi: 0.0010, loss: 0.1950, lr: 3.27e-05
     Epoch[1] Iteration[500/994], entropy: 0.3431, uncertainty: 2.0400, uncertainty_coeffi: 0.0010, loss: 0.1516, lr: 3.27e-05
     Epoch[1] Iteration[510/994], entropy: 0.5134, uncertainty: 2.1294, uncertainty_coeffi: 0.0010, loss: 0.2258, lr: 3.27e-05
     Epoch[1] Iteration[520/994], entropy: 0.3226, uncertainty: 2.0349, uncertainty_coeffi: 0.0010, loss: 0.1436, lr: 3.27e-05
     Epoch[1] Iteration[530/994], entropy: 0.3812, uncertainty: 1.9585, uncertainty_coeffi: 0.0010, loss: 0.1669, lr: 3.27e-05
     Epoch[1] Iteration[540/994], entropy: 0.4253, uncertainty: 2.1833, uncertainty_coeffi: 0.0010, loss: 0.1811, lr: 3.27e-05
     Epoch[1] Iteration[550/994], entropy: 0.3698, uncertainty: 1.9078, uncertainty_coeffi: 0.0010, loss: 0.1625, lr: 3.27e-05
     Epoch[1] Iteration[560/994], entropy: 0.3246, uncertainty: 2.0169, uncertainty_coeffi: 0.0010, loss: 0.1451, lr: 3.27e-05
     Epoch[1] Iteration[570/994], entropy: 0.5215, uncertainty: 2.2159, uncertainty_coeffi: 0.0010, loss: 0.2199, lr: 3.27e-05
     Epoch[1] Iteration[580/994], entropy: 0.5078, uncertainty: 2.2419, uncertainty_coeffi: 0.0010, loss: 0.2246, lr: 3.27e-05
     Epoch[1] Iteration[590/994], entropy: 0.3834, uncertainty: 2.0102, uncertainty_coeffi: 0.0010, loss: 0.1648, lr: 3.27e-05
     Epoch[1] Iteration[600/994], entropy: 0.6586, uncertainty: 2.2654, uncertainty_coeffi: 0.0010, loss: 0.2786, lr: 3.27e-05
     Epoch[1] Iteration[610/994], entropy: 0.5572, uncertainty: 2.0756, uncertainty_coeffi: 0.0010, loss: 0.2413, lr: 3.27e-05
     Epoch[1] Iteration[620/994], entropy: 0.4009, uncertainty: 2.1553, uncertainty_coeffi: 0.0010, loss: 0.1736, lr: 3.27e-05
     Epoch[1] Iteration[630/994], entropy: 0.4098, uncertainty: 2.0491, uncertainty_coeffi: 0.0010, loss: 0.1835, lr: 3.27e-05
     Epoch[1] Iteration[640/994], entropy: 0.5593, uncertainty: 2.1693, uncertainty_coeffi: 0.0010, loss: 0.2453, lr: 3.27e-05
     Epoch[1] Iteration[650/994], entropy: 0.6137, uncertainty: 2.1995, uncertainty_coeffi: 0.0010, loss: 0.2617, lr: 3.27e-05
     Epoch[1] Iteration[660/994], entropy: 0.5055, uncertainty: 2.1563, uncertainty_coeffi: 0.0010, loss: 0.2186, lr: 3.27e-05
     Epoch[1] Iteration[670/994], entropy: 0.5405, uncertainty: 2.0401, uncertainty_coeffi: 0.0010, loss: 0.2364, lr: 3.27e-05
     Epoch[1] Iteration[680/994], entropy: 0.3221, uncertainty: 2.1053, uncertainty_coeffi: 0.0010, loss: 0.1397, lr: 3.27e-05
     Epoch[1] Iteration[690/994], entropy: 0.4699, uncertainty: 2.0570, uncertainty_coeffi: 0.0010, loss: 0.2094, lr: 3.27e-05
     Epoch[1] Iteration[700/994], entropy: 0.6173, uncertainty: 2.1838, uncertainty_coeffi: 0.0010, loss: 0.2582, lr: 3.27e-05
     Epoch[1] Iteration[710/994], entropy: 0.5264, uncertainty: 2.1399, uncertainty_coeffi: 0.0010, loss: 0.2333, lr: 3.27e-05
     Epoch[1] Iteration[720/994], entropy: 0.5988, uncertainty: 2.1373, uncertainty_coeffi: 0.0010, loss: 0.2587, lr: 3.27e-05
     Epoch[1] Iteration[730/994], entropy: 0.5836, uncertainty: 2.1075, uncertainty_coeffi: 0.0010, loss: 0.2539, lr: 3.27e-05
     Epoch[1] Iteration[740/994], entropy: 0.4051, uncertainty: 2.0895, uncertainty_coeffi: 0.0010, loss: 0.1741, lr: 3.27e-05
     Epoch[1] Iteration[750/994], entropy: 0.5715, uncertainty: 2.1286, uncertainty_coeffi: 0.0010, loss: 0.2388, lr: 3.27e-05
     Epoch[1] Iteration[760/994], entropy: 0.5768, uncertainty: 2.2331, uncertainty_coeffi: 0.0010, loss: 0.2454, lr: 3.27e-05
     Epoch[1] Iteration[770/994], entropy: 0.3999, uncertainty: 2.1191, uncertainty_coeffi: 0.0010, loss: 0.1771, lr: 3.27e-05
     Epoch[1] Iteration[780/994], entropy: 0.4966, uncertainty: 2.1683, uncertainty_coeffi: 0.0010, loss: 0.2111, lr: 3.27e-05
     Epoch[1] Iteration[790/994], entropy: 0.4047, uncertainty: 2.1468, uncertainty_coeffi: 0.0010, loss: 0.1789, lr: 3.27e-05
     Epoch[1] Iteration[800/994], entropy: 0.6893, uncertainty: 2.2251, uncertainty_coeffi: 0.0010, loss: 0.2969, lr: 3.27e-05
     Epoch[1] Iteration[810/994], entropy: 0.3516, uncertainty: 2.2011, uncertainty_coeffi: 0.0010, loss: 0.1512, lr: 3.27e-05
     Epoch[1] Iteration[820/994], entropy: 0.5178, uncertainty: 2.2212, uncertainty_coeffi: 0.0010, loss: 0.2215, lr: 3.27e-05
     Epoch[1] Iteration[830/994], entropy: 0.4587, uncertainty: 2.0137, uncertainty_coeffi: 0.0010, loss: 0.2108, lr: 3.27e-05
     Epoch[1] Iteration[840/994], entropy: 0.3611, uncertainty: 2.1332, uncertainty_coeffi: 0.0010, loss: 0.1561, lr: 3.27e-05
     Epoch[1] Iteration[850/994], entropy: 0.4770, uncertainty: 2.1477, uncertainty_coeffi: 0.0010, loss: 0.2039, lr: 3.27e-05
     Epoch[1] Iteration[860/994], entropy: 0.5638, uncertainty: 2.1853, uncertainty_coeffi: 0.0010, loss: 0.2414, lr: 3.27e-05
     Epoch[1] Iteration[870/994], entropy: 0.3342, uncertainty: 1.9818, uncertainty_coeffi: 0.0010, loss: 0.1612, lr: 3.27e-05
     Epoch[1] Iteration[880/994], entropy: 0.5719, uncertainty: 2.1821, uncertainty_coeffi: 0.0010, loss: 0.2434, lr: 3.27e-05
     Epoch[1] Iteration[890/994], entropy: 0.2564, uncertainty: 2.0080, uncertainty_coeffi: 0.0010, loss: 0.1184, lr: 3.27e-05
     Epoch[1] Iteration[900/994], entropy: 0.3798, uncertainty: 2.1038, uncertainty_coeffi: 0.0010, loss: 0.1646, lr: 3.27e-05
     Epoch[1] Iteration[910/994], entropy: 0.3340, uncertainty: 2.0751, uncertainty_coeffi: 0.0010, loss: 0.1464, lr: 3.27e-05
     Epoch[1] Iteration[920/994], entropy: 0.3762, uncertainty: 2.0743, uncertainty_coeffi: 0.0010, loss: 0.1656, lr: 3.27e-05
     Epoch[1] Iteration[930/994], entropy: 0.5175, uncertainty: 2.1476, uncertainty_coeffi: 0.0010, loss: 0.2151, lr: 3.27e-05
     Epoch[1] Iteration[940/994], entropy: 0.4193, uncertainty: 2.1166, uncertainty_coeffi: 0.0010, loss: 0.1795, lr: 3.27e-05
     Epoch[1] Iteration[950/994], entropy: 0.6572, uncertainty: 2.1918, uncertainty_coeffi: 0.0010, loss: 0.2838, lr: 3.27e-05
     Epoch[1] Iteration[960/994], entropy: 0.4561, uncertainty: 2.0091, uncertainty_coeffi: 0.0010, loss: 0.1948, lr: 3.27e-05
     Epoch[1] Iteration[970/994], entropy: 0.4552, uncertainty: 2.1505, uncertainty_coeffi: 0.0010, loss: 0.1964, lr: 3.27e-05
     Epoch[1] Iteration[980/994], entropy: 0.5688, uncertainty: 2.0999, uncertainty_coeffi: 0.0010, loss: 0.2388, lr: 3.27e-05
     Epoch[1] Iteration[990/994], entropy: 0.5291, uncertainty: 2.1638, uncertainty_coeffi: 0.0010, loss: 0.2379, lr: 3.27e-05
     Averaged stats: entropy_avg: 0.4811, uncertainty_avg: 2.1190, uncertainty_coeffi_avg: 0.0010, loss_avg: 0.2082, lr_avg: 3.27e-05
     itm tta time 0:01:48
### TTA Eval Score: 
+-------+--------+--------+--------+--------+-------+
| epoch |   R1   |   R5   |  R10   |  mAP   |  mINP |
+-------+--------+--------+--------+--------+-------+
|  -999 | 60.656 | 77.499 | 83.268 | 35.543 | 6.006 |
|   0   | 61.573 | 77.514 | 83.293 | 36.060 | 6.049 |
|   1   | 61.774 | 77.544 | 83.097 | 36.132 | 6.062 |
+-------+--------+--------+--------+--------+-------+
     logs:  {'epo': 1, 'R1': np.float32(61.774), 'R5': np.float32(77.544), 'R10': np.float32(83.097), 'mAP': np.float32(36.132), 'mINP': np.float32(6.062), 'entropy': 0.48106439848138827, 'uncertainty': 2.118954227428244, 'uncertainty_coeffi': 0.0010000000474974513, 'loss': 0.2081967264865384, 'lr': 3.2725424859373955e-05}
     Epoch[2] Iteration[10/994], entropy: 0.3250, uncertainty: 2.0336, uncertainty_coeffi: 0.0010, loss: 0.1439, lr: 3.27e-05
     Epoch[2] Iteration[20/994], entropy: 0.4821, uncertainty: 2.1121, uncertainty_coeffi: 0.0010, loss: 0.2059, lr: 3.27e-05
     Epoch[2] Iteration[30/994], entropy: 0.6712, uncertainty: 2.2860, uncertainty_coeffi: 0.0010, loss: 0.2783, lr: 3.27e-05
     Epoch[2] Iteration[40/994], entropy: 0.7639, uncertainty: 2.2391, uncertainty_coeffi: 0.0010, loss: 0.3241, lr: 3.27e-05
     Epoch[2] Iteration[50/994], entropy: 0.4031, uncertainty: 2.1001, uncertainty_coeffi: 0.0010, loss: 0.1788, lr: 3.27e-05
     Epoch[2] Iteration[60/994], entropy: 0.5367, uncertainty: 2.0813, uncertainty_coeffi: 0.0010, loss: 0.2322, lr: 3.27e-05
     Epoch[2] Iteration[70/994], entropy: 0.4516, uncertainty: 2.1359, uncertainty_coeffi: 0.0010, loss: 0.1975, lr: 3.27e-05
     Epoch[2] Iteration[80/994], entropy: 0.5592, uncertainty: 2.1663, uncertainty_coeffi: 0.0010, loss: 0.2463, lr: 3.27e-05
     Epoch[2] Iteration[90/994], entropy: 0.3289, uncertainty: 2.0367, uncertainty_coeffi: 0.0010, loss: 0.1469, lr: 3.27e-05
     Epoch[2] Iteration[100/994], entropy: 0.2682, uncertainty: 2.0715, uncertainty_coeffi: 0.0010, loss: 0.1255, lr: 3.27e-05
     Epoch[2] Iteration[110/994], entropy: 0.4340, uncertainty: 2.1655, uncertainty_coeffi: 0.0010, loss: 0.1882, lr: 3.27e-05
     Epoch[2] Iteration[120/994], entropy: 0.4164, uncertainty: 2.1567, uncertainty_coeffi: 0.0010, loss: 0.1734, lr: 3.27e-05
     Epoch[2] Iteration[130/994], entropy: 0.5588, uncertainty: 2.1458, uncertainty_coeffi: 0.0010, loss: 0.2347, lr: 3.27e-05
     Epoch[2] Iteration[140/994], entropy: 0.5812, uncertainty: 2.1339, uncertainty_coeffi: 0.0010, loss: 0.2446, lr: 3.27e-05
     Epoch[2] Iteration[150/994], entropy: 0.3994, uncertainty: 2.1111, uncertainty_coeffi: 0.0010, loss: 0.1751, lr: 3.27e-05
     Epoch[2] Iteration[160/994], entropy: 0.3537, uncertainty: 2.0546, uncertainty_coeffi: 0.0010, loss: 0.1593, lr: 3.27e-05
     Epoch[2] Iteration[170/994], entropy: 0.5933, uncertainty: 2.1723, uncertainty_coeffi: 0.0010, loss: 0.2478, lr: 3.27e-05
     Epoch[2] Iteration[180/994], entropy: 0.1730, uncertainty: 1.9341, uncertainty_coeffi: 0.0010, loss: 0.0816, lr: 3.27e-05
     Epoch[2] Iteration[190/994], entropy: 0.6287, uncertainty: 2.2427, uncertainty_coeffi: 0.0010, loss: 0.2545, lr: 3.27e-05
     Epoch[2] Iteration[200/994], entropy: 0.4011, uncertainty: 1.9873, uncertainty_coeffi: 0.0010, loss: 0.1770, lr: 3.27e-05
     Epoch[2] Iteration[210/994], entropy: 0.4892, uncertainty: 2.0481, uncertainty_coeffi: 0.0010, loss: 0.2160, lr: 3.27e-05
     Epoch[2] Iteration[220/994], entropy: 0.4693, uncertainty: 2.1712, uncertainty_coeffi: 0.0010, loss: 0.1963, lr: 3.27e-05
     Epoch[2] Iteration[230/994], entropy: 0.2780, uncertainty: 2.0236, uncertainty_coeffi: 0.0010, loss: 0.1245, lr: 3.27e-05
     Epoch[2] Iteration[240/994], entropy: 0.3718, uncertainty: 2.1001, uncertainty_coeffi: 0.0010, loss: 0.1595, lr: 3.27e-05
     Epoch[2] Iteration[250/994], entropy: 0.3823, uncertainty: 2.1531, uncertainty_coeffi: 0.0010, loss: 0.1707, lr: 3.27e-05
     Epoch[2] Iteration[260/994], entropy: 0.4383, uncertainty: 2.1259, uncertainty_coeffi: 0.0010, loss: 0.1874, lr: 3.27e-05
     Epoch[2] Iteration[270/994], entropy: 0.3384, uncertainty: 1.9643, uncertainty_coeffi: 0.0010, loss: 0.1518, lr: 3.27e-05
     Epoch[2] Iteration[280/994], entropy: 0.2872, uncertainty: 2.1550, uncertainty_coeffi: 0.0010, loss: 0.1255, lr: 3.27e-05
     Epoch[2] Iteration[290/994], entropy: 0.6576, uncertainty: 2.2541, uncertainty_coeffi: 0.0010, loss: 0.2712, lr: 3.27e-05
     Epoch[2] Iteration[300/994], entropy: 0.6590, uncertainty: 2.2531, uncertainty_coeffi: 0.0010, loss: 0.2814, lr: 3.27e-05
     Epoch[2] Iteration[310/994], entropy: 0.5099, uncertainty: 2.1386, uncertainty_coeffi: 0.0010, loss: 0.2225, lr: 3.27e-05
     Epoch[2] Iteration[320/994], entropy: 0.3804, uncertainty: 2.1709, uncertainty_coeffi: 0.0010, loss: 0.1599, lr: 3.27e-05
     Epoch[2] Iteration[330/994], entropy: 0.2972, uncertainty: 1.9912, uncertainty_coeffi: 0.0010, loss: 0.1370, lr: 3.27e-05
     Epoch[2] Iteration[340/994], entropy: 0.3819, uncertainty: 2.0342, uncertainty_coeffi: 0.0010, loss: 0.1743, lr: 3.27e-05
     Epoch[2] Iteration[350/994], entropy: 0.3095, uncertainty: 2.0766, uncertainty_coeffi: 0.0010, loss: 0.1400, lr: 3.27e-05
     Epoch[2] Iteration[360/994], entropy: 0.5859, uncertainty: 2.2497, uncertainty_coeffi: 0.0010, loss: 0.2448, lr: 3.27e-05
     Epoch[2] Iteration[370/994], entropy: 0.5235, uncertainty: 2.1800, uncertainty_coeffi: 0.0010, loss: 0.2221, lr: 3.27e-05
     Epoch[2] Iteration[380/994], entropy: 0.2341, uncertainty: 1.9359, uncertainty_coeffi: 0.0010, loss: 0.1153, lr: 3.27e-05
     Epoch[2] Iteration[390/994], entropy: 0.6429, uncertainty: 2.1914, uncertainty_coeffi: 0.0010, loss: 0.2665, lr: 3.27e-05
     Epoch[2] Iteration[400/994], entropy: 0.2531, uncertainty: 1.9762, uncertainty_coeffi: 0.0010, loss: 0.1149, lr: 3.27e-05
     Epoch[2] Iteration[410/994], entropy: 0.3445, uncertainty: 2.0313, uncertainty_coeffi: 0.0010, loss: 0.1547, lr: 3.27e-05
     Epoch[2] Iteration[420/994], entropy: 0.4582, uncertainty: 2.1541, uncertainty_coeffi: 0.0010, loss: 0.1966, lr: 3.27e-05
     Epoch[2] Iteration[430/994], entropy: 0.2620, uncertainty: 2.1052, uncertainty_coeffi: 0.0010, loss: 0.1186, lr: 3.27e-05
     Epoch[2] Iteration[440/994], entropy: 0.3840, uncertainty: 2.1627, uncertainty_coeffi: 0.0010, loss: 0.1634, lr: 3.27e-05
     Epoch[2] Iteration[450/994], entropy: 0.3709, uncertainty: 2.1499, uncertainty_coeffi: 0.0010, loss: 0.1612, lr: 3.27e-05
     Epoch[2] Iteration[460/994], entropy: 0.4496, uncertainty: 2.0781, uncertainty_coeffi: 0.0010, loss: 0.1870, lr: 3.27e-05
     Epoch[2] Iteration[470/994], entropy: 0.6154, uncertainty: 2.1012, uncertainty_coeffi: 0.0010, loss: 0.2485, lr: 3.27e-05
     Epoch[2] Iteration[480/994], entropy: 0.5032, uncertainty: 2.0757, uncertainty_coeffi: 0.0010, loss: 0.2183, lr: 3.27e-05
     Epoch[2] Iteration[490/994], entropy: 0.4576, uncertainty: 2.0710, uncertainty_coeffi: 0.0010, loss: 0.2006, lr: 3.27e-05
     Epoch[2] Iteration[500/994], entropy: 0.3997, uncertainty: 2.1507, uncertainty_coeffi: 0.0010, loss: 0.1744, lr: 3.27e-05
     Epoch[2] Iteration[510/994], entropy: 0.4052, uncertainty: 2.1051, uncertainty_coeffi: 0.0010, loss: 0.1737, lr: 3.27e-05
     Epoch[2] Iteration[520/994], entropy: 0.2427, uncertainty: 1.9356, uncertainty_coeffi: 0.0010, loss: 0.1149, lr: 3.27e-05
     Epoch[2] Iteration[530/994], entropy: 0.4239, uncertainty: 2.1241, uncertainty_coeffi: 0.0010, loss: 0.1849, lr: 3.27e-05
     Epoch[2] Iteration[540/994], entropy: 0.5985, uncertainty: 2.2090, uncertainty_coeffi: 0.0010, loss: 0.2486, lr: 3.27e-05
     Epoch[2] Iteration[550/994], entropy: 0.5236, uncertainty: 2.1960, uncertainty_coeffi: 0.0010, loss: 0.2282, lr: 3.27e-05
     Epoch[2] Iteration[560/994], entropy: 0.3495, uncertainty: 2.1505, uncertainty_coeffi: 0.0010, loss: 0.1511, lr: 3.27e-05
     Epoch[2] Iteration[570/994], entropy: 0.4529, uncertainty: 2.2039, uncertainty_coeffi: 0.0010, loss: 0.1934, lr: 3.27e-05
     Epoch[2] Iteration[580/994], entropy: 0.3569, uncertainty: 2.0946, uncertainty_coeffi: 0.0010, loss: 0.1603, lr: 3.27e-05
     Epoch[2] Iteration[590/994], entropy: 0.3315, uncertainty: 1.9851, uncertainty_coeffi: 0.0010, loss: 0.1529, lr: 3.27e-05
     Epoch[2] Iteration[600/994], entropy: 0.5329, uncertainty: 2.2137, uncertainty_coeffi: 0.0010, loss: 0.2270, lr: 3.27e-05
     Epoch[2] Iteration[610/994], entropy: 0.5136, uncertainty: 2.0472, uncertainty_coeffi: 0.0010, loss: 0.2177, lr: 3.27e-05
     Epoch[2] Iteration[620/994], entropy: 0.4379, uncertainty: 2.0973, uncertainty_coeffi: 0.0010, loss: 0.1851, lr: 3.27e-05
     Epoch[2] Iteration[630/994], entropy: 0.4687, uncertainty: 2.1644, uncertainty_coeffi: 0.0010, loss: 0.2033, lr: 3.27e-05
     Epoch[2] Iteration[640/994], entropy: 0.3881, uncertainty: 1.9545, uncertainty_coeffi: 0.0010, loss: 0.1754, lr: 3.27e-05
     Epoch[2] Iteration[650/994], entropy: 0.6987, uncertainty: 2.2650, uncertainty_coeffi: 0.0010, loss: 0.2887, lr: 3.27e-05
     Epoch[2] Iteration[660/994], entropy: 0.4334, uncertainty: 2.1260, uncertainty_coeffi: 0.0010, loss: 0.1914, lr: 3.27e-05
     Epoch[2] Iteration[670/994], entropy: 0.4871, uncertainty: 2.1136, uncertainty_coeffi: 0.0010, loss: 0.2084, lr: 3.27e-05
     Epoch[2] Iteration[680/994], entropy: 0.3665, uncertainty: 2.1550, uncertainty_coeffi: 0.0010, loss: 0.1622, lr: 3.27e-05
     Epoch[2] Iteration[690/994], entropy: 0.5372, uncertainty: 2.1961, uncertainty_coeffi: 0.0010, loss: 0.2314, lr: 3.27e-05
     Epoch[2] Iteration[700/994], entropy: 0.6076, uncertainty: 2.2287, uncertainty_coeffi: 0.0010, loss: 0.2626, lr: 3.27e-05
     Epoch[2] Iteration[710/994], entropy: 0.7916, uncertainty: 2.1937, uncertainty_coeffi: 0.0010, loss: 0.3295, lr: 3.27e-05
     Epoch[2] Iteration[720/994], entropy: 0.7019, uncertainty: 2.3645, uncertainty_coeffi: 0.0010, loss: 0.2942, lr: 3.27e-05
     Epoch[2] Iteration[730/994], entropy: 0.5328, uncertainty: 2.1507, uncertainty_coeffi: 0.0010, loss: 0.2307, lr: 3.27e-05
     Epoch[2] Iteration[740/994], entropy: 0.5182, uncertainty: 2.2459, uncertainty_coeffi: 0.0010, loss: 0.2255, lr: 3.27e-05
     Epoch[2] Iteration[750/994], entropy: 0.4959, uncertainty: 2.1054, uncertainty_coeffi: 0.0010, loss: 0.2131, lr: 3.27e-05
     Epoch[2] Iteration[760/994], entropy: 0.4795, uncertainty: 2.1648, uncertainty_coeffi: 0.0010, loss: 0.2020, lr: 3.27e-05
     Epoch[2] Iteration[770/994], entropy: 0.3505, uncertainty: 1.9862, uncertainty_coeffi: 0.0010, loss: 0.1568, lr: 3.27e-05
     Epoch[2] Iteration[780/994], entropy: 0.4814, uncertainty: 2.1931, uncertainty_coeffi: 0.0010, loss: 0.2023, lr: 3.27e-05
     Epoch[2] Iteration[790/994], entropy: 0.6257, uncertainty: 2.2100, uncertainty_coeffi: 0.0010, loss: 0.2718, lr: 3.27e-05
     Epoch[2] Iteration[800/994], entropy: 0.5510, uncertainty: 2.1418, uncertainty_coeffi: 0.0010, loss: 0.2304, lr: 3.27e-05
     Epoch[2] Iteration[810/994], entropy: 0.5168, uncertainty: 2.1510, uncertainty_coeffi: 0.0010, loss: 0.2279, lr: 3.27e-05
     Epoch[2] Iteration[820/994], entropy: 0.4925, uncertainty: 2.1600, uncertainty_coeffi: 0.0010, loss: 0.2126, lr: 3.27e-05
     Epoch[2] Iteration[830/994], entropy: 0.5306, uncertainty: 2.2436, uncertainty_coeffi: 0.0010, loss: 0.2263, lr: 3.27e-05
     Epoch[2] Iteration[840/994], entropy: 0.3656, uncertainty: 2.0737, uncertainty_coeffi: 0.0010, loss: 0.1579, lr: 3.27e-05
     Epoch[2] Iteration[850/994], entropy: 0.2771, uncertainty: 1.8929, uncertainty_coeffi: 0.0010, loss: 0.1255, lr: 3.27e-05
     Epoch[2] Iteration[860/994], entropy: 0.4214, uncertainty: 2.0643, uncertainty_coeffi: 0.0010, loss: 0.1833, lr: 3.27e-05
     Epoch[2] Iteration[870/994], entropy: 0.4237, uncertainty: 2.0898, uncertainty_coeffi: 0.0010, loss: 0.1872, lr: 3.27e-05
     Epoch[2] Iteration[880/994], entropy: 0.3696, uncertainty: 2.1032, uncertainty_coeffi: 0.0010, loss: 0.1570, lr: 3.27e-05
     Epoch[2] Iteration[890/994], entropy: 0.2015, uncertainty: 1.9395, uncertainty_coeffi: 0.0010, loss: 0.0948, lr: 3.27e-05
     Epoch[2] Iteration[900/994], entropy: 0.3716, uncertainty: 2.0897, uncertainty_coeffi: 0.0010, loss: 0.1646, lr: 3.27e-05
     Epoch[2] Iteration[910/994], entropy: 0.4659, uncertainty: 2.1694, uncertainty_coeffi: 0.0010, loss: 0.1955, lr: 3.27e-05
     Epoch[2] Iteration[920/994], entropy: 0.4833, uncertainty: 2.1974, uncertainty_coeffi: 0.0010, loss: 0.2070, lr: 3.27e-05
     Epoch[2] Iteration[930/994], entropy: 0.6037, uncertainty: 2.2716, uncertainty_coeffi: 0.0010, loss: 0.2551, lr: 3.27e-05
     Epoch[2] Iteration[940/994], entropy: 0.4263, uncertainty: 2.1062, uncertainty_coeffi: 0.0010, loss: 0.1862, lr: 3.27e-05
     Epoch[2] Iteration[950/994], entropy: 0.5945, uncertainty: 2.2193, uncertainty_coeffi: 0.0010, loss: 0.2543, lr: 3.27e-05
     Epoch[2] Iteration[960/994], entropy: 0.5327, uncertainty: 2.1904, uncertainty_coeffi: 0.0010, loss: 0.2291, lr: 3.27e-05
     Epoch[2] Iteration[970/994], entropy: 0.3617, uncertainty: 2.1703, uncertainty_coeffi: 0.0010, loss: 0.1627, lr: 3.27e-05
     Epoch[2] Iteration[980/994], entropy: 0.3773, uncertainty: 2.1349, uncertainty_coeffi: 0.0010, loss: 0.1622, lr: 3.27e-05
     Epoch[2] Iteration[990/994], entropy: 0.1871, uncertainty: 2.0157, uncertainty_coeffi: 0.0010, loss: 0.0839, lr: 3.27e-05
     Averaged stats: entropy_avg: 0.4520, uncertainty_avg: 2.1237, uncertainty_coeffi_avg: 0.0010, loss_avg: 0.1951, lr_avg: 3.27e-05
     itm tta time 0:01:49
### TTA Eval Score: 
+-------+--------+--------+--------+--------+-------+
| epoch |   R1   |   R5   |  R10   |  mAP   |  mINP |
+-------+--------+--------+--------+--------+-------+
|  -999 | 60.656 | 77.499 | 83.268 | 35.543 | 6.006 |
|   0   | 61.573 | 77.514 | 83.293 | 36.060 | 6.049 |
|   1   | 61.774 | 77.544 | 83.097 | 36.132 | 6.062 |
|   2   | 61.895 | 77.489 | 83.076 | 36.137 | 6.066 |
+-------+--------+--------+--------+--------+-------+
     logs:  {'epo': 2, 'R1': np.float32(61.895), 'R5': np.float32(77.489), 'R10': np.float32(83.076), 'mAP': np.float32(36.137), 'mINP': np.float32(6.066), 'entropy': 0.4520388233541238, 'uncertainty': 2.1236749586432873, 'uncertainty_coeffi': 0.0010000000474974513, 'loss': 0.19506528996156924, 'lr': 3.272542485937684e-05}
     Epoch[3] Iteration[10/994], entropy: 0.2181, uncertainty: 2.1031, uncertainty_coeffi: 0.0010, loss: 0.0995, lr: 4.77e-06
     Epoch[3] Iteration[20/994], entropy: 0.5006, uncertainty: 2.2039, uncertainty_coeffi: 0.0010, loss: 0.2178, lr: 4.77e-06
     Epoch[3] Iteration[30/994], entropy: 0.5331, uncertainty: 2.1294, uncertainty_coeffi: 0.0010, loss: 0.2261, lr: 4.77e-06
     Epoch[3] Iteration[40/994], entropy: 0.4835, uncertainty: 2.0421, uncertainty_coeffi: 0.0010, loss: 0.2075, lr: 4.77e-06
     Epoch[3] Iteration[50/994], entropy: 0.6799, uncertainty: 2.3081, uncertainty_coeffi: 0.0010, loss: 0.2840, lr: 4.77e-06
     Epoch[3] Iteration[60/994], entropy: 0.3329, uncertainty: 2.1662, uncertainty_coeffi: 0.0010, loss: 0.1437, lr: 4.77e-06
     Epoch[3] Iteration[70/994], entropy: 0.4834, uncertainty: 2.2159, uncertainty_coeffi: 0.0010, loss: 0.2125, lr: 4.77e-06
     Epoch[3] Iteration[80/994], entropy: 0.4295, uncertainty: 2.1137, uncertainty_coeffi: 0.0010, loss: 0.1912, lr: 4.77e-06
     Epoch[3] Iteration[90/994], entropy: 0.5943, uncertainty: 2.1018, uncertainty_coeffi: 0.0010, loss: 0.2719, lr: 4.77e-06
     Epoch[3] Iteration[100/994], entropy: 0.3016, uncertainty: 2.1336, uncertainty_coeffi: 0.0010, loss: 0.1301, lr: 4.77e-06
     Epoch[3] Iteration[110/994], entropy: 0.6508, uncertainty: 2.1697, uncertainty_coeffi: 0.0010, loss: 0.2791, lr: 4.77e-06
     Epoch[3] Iteration[120/994], entropy: 0.6090, uncertainty: 2.2053, uncertainty_coeffi: 0.0010, loss: 0.2599, lr: 4.77e-06
     Epoch[3] Iteration[130/994], entropy: 0.4133, uncertainty: 2.1180, uncertainty_coeffi: 0.0010, loss: 0.1809, lr: 4.77e-06
     Epoch[3] Iteration[140/994], entropy: 0.4810, uncertainty: 2.1247, uncertainty_coeffi: 0.0010, loss: 0.2015, lr: 4.77e-06
     Epoch[3] Iteration[150/994], entropy: 0.4476, uncertainty: 2.1519, uncertainty_coeffi: 0.0010, loss: 0.1898, lr: 4.77e-06
     Epoch[3] Iteration[160/994], entropy: 0.4375, uncertainty: 2.1527, uncertainty_coeffi: 0.0010, loss: 0.1881, lr: 4.77e-06
     Epoch[3] Iteration[170/994], entropy: 0.4150, uncertainty: 2.1293, uncertainty_coeffi: 0.0010, loss: 0.1800, lr: 4.77e-06
     Epoch[3] Iteration[180/994], entropy: 0.5929, uncertainty: 2.2765, uncertainty_coeffi: 0.0010, loss: 0.2545, lr: 4.77e-06
     Epoch[3] Iteration[190/994], entropy: 0.4992, uncertainty: 2.1701, uncertainty_coeffi: 0.0010, loss: 0.2131, lr: 4.77e-06
     Epoch[3] Iteration[200/994], entropy: 0.3619, uncertainty: 2.1396, uncertainty_coeffi: 0.0010, loss: 0.1576, lr: 4.77e-06
     Epoch[3] Iteration[210/994], entropy: 0.4453, uncertainty: 2.1533, uncertainty_coeffi: 0.0010, loss: 0.1929, lr: 4.77e-06
     Epoch[3] Iteration[220/994], entropy: 0.5390, uncertainty: 2.0398, uncertainty_coeffi: 0.0010, loss: 0.2278, lr: 4.77e-06
     Epoch[3] Iteration[230/994], entropy: 0.3940, uncertainty: 1.9754, uncertainty_coeffi: 0.0010, loss: 0.1756, lr: 4.77e-06
     Epoch[3] Iteration[240/994], entropy: 0.3866, uncertainty: 2.0328, uncertainty_coeffi: 0.0010, loss: 0.1652, lr: 4.77e-06
     Epoch[3] Iteration[250/994], entropy: 0.4101, uncertainty: 2.0631, uncertainty_coeffi: 0.0010, loss: 0.1771, lr: 4.77e-06
     Epoch[3] Iteration[260/994], entropy: 0.5845, uncertainty: 2.0843, uncertainty_coeffi: 0.0010, loss: 0.2516, lr: 4.77e-06
     Epoch[3] Iteration[270/994], entropy: 0.4004, uncertainty: 2.1923, uncertainty_coeffi: 0.0010, loss: 0.1726, lr: 4.77e-06
     Epoch[3] Iteration[280/994], entropy: 0.4435, uncertainty: 2.1920, uncertainty_coeffi: 0.0010, loss: 0.1869, lr: 4.77e-06
     Epoch[3] Iteration[290/994], entropy: 0.4894, uncertainty: 2.2598, uncertainty_coeffi: 0.0010, loss: 0.2128, lr: 4.77e-06
     Epoch[3] Iteration[300/994], entropy: 0.6467, uncertainty: 2.2230, uncertainty_coeffi: 0.0010, loss: 0.2702, lr: 4.77e-06
     Epoch[3] Iteration[310/994], entropy: 0.4050, uncertainty: 2.0905, uncertainty_coeffi: 0.0010, loss: 0.1734, lr: 4.77e-06
     Epoch[3] Iteration[320/994], entropy: 0.4046, uncertainty: 2.1319, uncertainty_coeffi: 0.0010, loss: 0.1788, lr: 4.77e-06
     Epoch[3] Iteration[330/994], entropy: 0.4333, uncertainty: 2.0845, uncertainty_coeffi: 0.0010, loss: 0.1858, lr: 4.77e-06
     Epoch[3] Iteration[340/994], entropy: 0.2172, uncertainty: 1.9942, uncertainty_coeffi: 0.0010, loss: 0.1037, lr: 4.77e-06
     Epoch[3] Iteration[350/994], entropy: 0.2471, uncertainty: 2.0385, uncertainty_coeffi: 0.0010, loss: 0.1119, lr: 4.77e-06
     Epoch[3] Iteration[360/994], entropy: 0.3611, uncertainty: 2.0894, uncertainty_coeffi: 0.0010, loss: 0.1553, lr: 4.77e-06
     Epoch[3] Iteration[370/994], entropy: 0.3824, uncertainty: 2.0648, uncertainty_coeffi: 0.0010, loss: 0.1729, lr: 4.77e-06
     Epoch[3] Iteration[380/994], entropy: 0.2821, uncertainty: 2.0627, uncertainty_coeffi: 0.0010, loss: 0.1261, lr: 4.77e-06
     Epoch[3] Iteration[390/994], entropy: 0.4508, uncertainty: 2.0104, uncertainty_coeffi: 0.0010, loss: 0.1889, lr: 4.77e-06
     Epoch[3] Iteration[400/994], entropy: 0.3968, uncertainty: 2.1816, uncertainty_coeffi: 0.0010, loss: 0.1721, lr: 4.77e-06
     Epoch[3] Iteration[410/994], entropy: 0.3698, uncertainty: 2.0445, uncertainty_coeffi: 0.0010, loss: 0.1624, lr: 4.77e-06
     Epoch[3] Iteration[420/994], entropy: 0.3599, uncertainty: 2.0956, uncertainty_coeffi: 0.0010, loss: 0.1598, lr: 4.77e-06
     Epoch[3] Iteration[430/994], entropy: 0.5615, uncertainty: 2.0689, uncertainty_coeffi: 0.0010, loss: 0.2375, lr: 4.77e-06
     Epoch[3] Iteration[440/994], entropy: 0.5551, uncertainty: 2.1499, uncertainty_coeffi: 0.0010, loss: 0.2331, lr: 4.77e-06
     Epoch[3] Iteration[450/994], entropy: 0.4793, uncertainty: 2.2300, uncertainty_coeffi: 0.0010, loss: 0.2037, lr: 4.77e-06
     Epoch[3] Iteration[460/994], entropy: 0.3034, uncertainty: 2.1262, uncertainty_coeffi: 0.0010, loss: 0.1354, lr: 4.77e-06
     Epoch[3] Iteration[470/994], entropy: 0.4106, uncertainty: 2.0390, uncertainty_coeffi: 0.0010, loss: 0.1765, lr: 4.77e-06
     Epoch[3] Iteration[480/994], entropy: 0.4337, uncertainty: 2.1589, uncertainty_coeffi: 0.0010, loss: 0.1883, lr: 4.77e-06
     Epoch[3] Iteration[490/994], entropy: 0.3333, uncertainty: 2.1673, uncertainty_coeffi: 0.0010, loss: 0.1440, lr: 4.77e-06
     Epoch[3] Iteration[500/994], entropy: 0.4241, uncertainty: 2.1386, uncertainty_coeffi: 0.0010, loss: 0.1810, lr: 4.77e-06
     Epoch[3] Iteration[510/994], entropy: 0.7690, uncertainty: 2.2399, uncertainty_coeffi: 0.0010, loss: 0.3283, lr: 4.77e-06
     Epoch[3] Iteration[520/994], entropy: 0.2859, uncertainty: 2.0613, uncertainty_coeffi: 0.0010, loss: 0.1311, lr: 4.77e-06
     Epoch[3] Iteration[530/994], entropy: 0.3372, uncertainty: 2.0316, uncertainty_coeffi: 0.0010, loss: 0.1495, lr: 4.77e-06
     Epoch[3] Iteration[540/994], entropy: 0.4972, uncertainty: 2.1886, uncertainty_coeffi: 0.0010, loss: 0.2159, lr: 4.77e-06
     Epoch[3] Iteration[550/994], entropy: 0.4761, uncertainty: 2.0580, uncertainty_coeffi: 0.0010, loss: 0.2022, lr: 4.77e-06
     Epoch[3] Iteration[560/994], entropy: 0.7294, uncertainty: 2.3897, uncertainty_coeffi: 0.0010, loss: 0.2983, lr: 4.77e-06
     Epoch[3] Iteration[570/994], entropy: 0.6551, uncertainty: 2.2195, uncertainty_coeffi: 0.0010, loss: 0.2734, lr: 4.77e-06
     Epoch[3] Iteration[580/994], entropy: 0.6208, uncertainty: 2.2802, uncertainty_coeffi: 0.0010, loss: 0.2616, lr: 4.77e-06
     Epoch[3] Iteration[590/994], entropy: 0.2958, uncertainty: 1.9557, uncertainty_coeffi: 0.0010, loss: 0.1382, lr: 4.77e-06
     Epoch[3] Iteration[600/994], entropy: 0.4680, uncertainty: 2.2899, uncertainty_coeffi: 0.0010, loss: 0.1992, lr: 4.77e-06
     Epoch[3] Iteration[610/994], entropy: 0.3842, uncertainty: 1.9834, uncertainty_coeffi: 0.0010, loss: 0.1724, lr: 4.77e-06
     Epoch[3] Iteration[620/994], entropy: 0.2657, uncertainty: 1.9363, uncertainty_coeffi: 0.0010, loss: 0.1165, lr: 4.77e-06
     Epoch[3] Iteration[630/994], entropy: 0.5069, uncertainty: 2.2472, uncertainty_coeffi: 0.0010, loss: 0.2183, lr: 4.77e-06
     Epoch[3] Iteration[640/994], entropy: 0.4681, uncertainty: 2.0283, uncertainty_coeffi: 0.0010, loss: 0.2016, lr: 4.77e-06
     Epoch[3] Iteration[650/994], entropy: 0.2368, uncertainty: 1.9423, uncertainty_coeffi: 0.0010, loss: 0.1132, lr: 4.77e-06
     Epoch[3] Iteration[660/994], entropy: 0.5578, uncertainty: 2.1524, uncertainty_coeffi: 0.0010, loss: 0.2406, lr: 4.77e-06
     Epoch[3] Iteration[670/994], entropy: 0.6101, uncertainty: 2.1546, uncertainty_coeffi: 0.0010, loss: 0.2610, lr: 4.77e-06
     Epoch[3] Iteration[680/994], entropy: 0.4071, uncertainty: 2.1033, uncertainty_coeffi: 0.0010, loss: 0.1742, lr: 4.77e-06
     Epoch[3] Iteration[690/994], entropy: 0.6066, uncertainty: 2.3247, uncertainty_coeffi: 0.0010, loss: 0.2523, lr: 4.77e-06
     Epoch[3] Iteration[700/994], entropy: 0.3698, uncertainty: 2.0738, uncertainty_coeffi: 0.0010, loss: 0.1621, lr: 4.77e-06
     Epoch[3] Iteration[710/994], entropy: 0.7407, uncertainty: 2.2304, uncertainty_coeffi: 0.0010, loss: 0.3178, lr: 4.77e-06
     Epoch[3] Iteration[720/994], entropy: 0.7365, uncertainty: 2.2565, uncertainty_coeffi: 0.0010, loss: 0.3117, lr: 4.77e-06
     Epoch[3] Iteration[730/994], entropy: 0.4285, uncertainty: 2.2431, uncertainty_coeffi: 0.0010, loss: 0.1815, lr: 4.77e-06
     Epoch[3] Iteration[740/994], entropy: 0.3353, uncertainty: 2.0290, uncertainty_coeffi: 0.0010, loss: 0.1503, lr: 4.77e-06
     Epoch[3] Iteration[750/994], entropy: 0.5871, uncertainty: 2.2425, uncertainty_coeffi: 0.0010, loss: 0.2571, lr: 4.77e-06
     Epoch[3] Iteration[760/994], entropy: 0.4972, uncertainty: 2.1826, uncertainty_coeffi: 0.0010, loss: 0.2075, lr: 4.77e-06
     Epoch[3] Iteration[770/994], entropy: 0.2792, uncertainty: 2.1071, uncertainty_coeffi: 0.0010, loss: 0.1295, lr: 4.77e-06
     Epoch[3] Iteration[780/994], entropy: 0.6809, uncertainty: 2.2033, uncertainty_coeffi: 0.0010, loss: 0.2806, lr: 4.77e-06
     Epoch[3] Iteration[790/994], entropy: 0.2875, uncertainty: 2.0417, uncertainty_coeffi: 0.0010, loss: 0.1311, lr: 4.77e-06
     Epoch[3] Iteration[800/994], entropy: 0.3252, uncertainty: 2.0174, uncertainty_coeffi: 0.0010, loss: 0.1475, lr: 4.77e-06
     Epoch[3] Iteration[810/994], entropy: 0.3960, uncertainty: 2.1494, uncertainty_coeffi: 0.0010, loss: 0.1683, lr: 0.00e+00
     Epoch[3] Iteration[820/994], entropy: 0.4387, uncertainty: 2.1297, uncertainty_coeffi: 0.0010, loss: 0.1853, lr: 0.00e+00
     Epoch[3] Iteration[830/994], entropy: 0.3802, uncertainty: 2.0449, uncertainty_coeffi: 0.0010, loss: 0.1688, lr: 0.00e+00
     Epoch[3] Iteration[840/994], entropy: 0.7159, uncertainty: 2.2429, uncertainty_coeffi: 0.0010, loss: 0.2894, lr: 0.00e+00
     Epoch[3] Iteration[850/994], entropy: 0.2619, uncertainty: 2.0905, uncertainty_coeffi: 0.0010, loss: 0.1199, lr: 0.00e+00
     Epoch[3] Iteration[860/994], entropy: 0.3423, uncertainty: 2.0212, uncertainty_coeffi: 0.0010, loss: 0.1451, lr: 0.00e+00
     Epoch[3] Iteration[870/994], entropy: 0.3582, uncertainty: 2.0053, uncertainty_coeffi: 0.0010, loss: 0.1627, lr: 0.00e+00
     Epoch[3] Iteration[880/994], entropy: 0.4542, uncertainty: 2.0846, uncertainty_coeffi: 0.0010, loss: 0.1932, lr: 0.00e+00
     Epoch[3] Iteration[890/994], entropy: 0.3612, uncertainty: 2.1215, uncertainty_coeffi: 0.0010, loss: 0.1578, lr: 0.00e+00
     Epoch[3] Iteration[900/994], entropy: 0.4015, uncertainty: 2.0825, uncertainty_coeffi: 0.0010, loss: 0.1839, lr: 0.00e+00
     Epoch[3] Iteration[910/994], entropy: 0.5015, uncertainty: 2.1745, uncertainty_coeffi: 0.0010, loss: 0.2132, lr: 0.00e+00
     Epoch[3] Iteration[920/994], entropy: 0.4280, uncertainty: 2.2072, uncertainty_coeffi: 0.0010, loss: 0.1850, lr: 0.00e+00
     Epoch[3] Iteration[930/994], entropy: 0.5746, uncertainty: 2.2237, uncertainty_coeffi: 0.0010, loss: 0.2429, lr: 0.00e+00
     Epoch[3] Iteration[940/994], entropy: 0.5818, uncertainty: 2.1351, uncertainty_coeffi: 0.0010, loss: 0.2424, lr: 0.00e+00
     Epoch[3] Iteration[950/994], entropy: 0.4510, uncertainty: 2.2178, uncertainty_coeffi: 0.0010, loss: 0.1910, lr: 0.00e+00
     Epoch[3] Iteration[960/994], entropy: 0.4965, uncertainty: 2.1430, uncertainty_coeffi: 0.0010, loss: 0.2146, lr: 0.00e+00
     Epoch[3] Iteration[970/994], entropy: 0.4801, uncertainty: 2.1554, uncertainty_coeffi: 0.0010, loss: 0.2001, lr: 0.00e+00
     Epoch[3] Iteration[980/994], entropy: 0.3273, uncertainty: 2.1088, uncertainty_coeffi: 0.0010, loss: 0.1487, lr: 0.00e+00
     Epoch[3] Iteration[990/994], entropy: 0.3162, uncertainty: 2.1092, uncertainty_coeffi: 0.0010, loss: 0.1428, lr: 0.00e+00
     Averaged stats: entropy_avg: 0.4518, uncertainty_avg: 2.1313, uncertainty_coeffi_avg: 0.0010, loss_avg: 0.1949, lr_avg: 3.86e-06
     itm tta time 0:01:48
     Epoch[4] Iteration[10/994], entropy: 0.5357, uncertainty: 2.2487, uncertainty_coeffi: 0.0010, loss: 0.2293, lr: 4.52e-05
     Epoch[4] Iteration[20/994], entropy: 0.6559, uncertainty: 2.1973, uncertainty_coeffi: 0.0010, loss: 0.2697, lr: 4.52e-05
     Epoch[4] Iteration[30/994], entropy: 0.5291, uncertainty: 2.1573, uncertainty_coeffi: 0.0010, loss: 0.2286, lr: 4.52e-05
     Epoch[4] Iteration[40/994], entropy: 0.5377, uncertainty: 2.2633, uncertainty_coeffi: 0.0010, loss: 0.2302, lr: 4.52e-05
     Epoch[4] Iteration[50/994], entropy: 0.3030, uncertainty: 2.0834, uncertainty_coeffi: 0.0010, loss: 0.1326, lr: 4.52e-05
     Epoch[4] Iteration[60/994], entropy: 0.3296, uncertainty: 2.0306, uncertainty_coeffi: 0.0010, loss: 0.1551, lr: 4.52e-05
     Epoch[4] Iteration[70/994], entropy: 0.4792, uncertainty: 2.0392, uncertainty_coeffi: 0.0010, loss: 0.2004, lr: 4.52e-05
     Epoch[4] Iteration[80/994], entropy: 0.3669, uncertainty: 2.1713, uncertainty_coeffi: 0.0010, loss: 0.1539, lr: 4.52e-05
     Epoch[4] Iteration[90/994], entropy: 0.5384, uncertainty: 2.1696, uncertainty_coeffi: 0.0010, loss: 0.2344, lr: 4.52e-05
     Epoch[4] Iteration[100/994], entropy: 0.3231, uncertainty: 2.1401, uncertainty_coeffi: 0.0010, loss: 0.1355, lr: 4.52e-05
     Epoch[4] Iteration[110/994], entropy: 0.3671, uncertainty: 2.2095, uncertainty_coeffi: 0.0010, loss: 0.1603, lr: 4.52e-05
     Epoch[4] Iteration[120/994], entropy: 0.5402, uncertainty: 2.1707, uncertainty_coeffi: 0.0010, loss: 0.2250, lr: 4.52e-05
     Epoch[4] Iteration[130/994], entropy: 0.3737, uncertainty: 2.1056, uncertainty_coeffi: 0.0010, loss: 0.1665, lr: 4.52e-05
     Epoch[4] Iteration[140/994], entropy: 0.2591, uncertainty: 2.0312, uncertainty_coeffi: 0.0010, loss: 0.1145, lr: 4.52e-05
     Epoch[4] Iteration[150/994], entropy: 0.6026, uncertainty: 2.1376, uncertainty_coeffi: 0.0010, loss: 0.2557, lr: 4.52e-05
     Epoch[4] Iteration[160/994], entropy: 0.4761, uncertainty: 2.2316, uncertainty_coeffi: 0.0010, loss: 0.1998, lr: 4.52e-05
     Epoch[4] Iteration[170/994], entropy: 0.5910, uncertainty: 2.2061, uncertainty_coeffi: 0.0010, loss: 0.2513, lr: 4.52e-05
     Epoch[4] Iteration[180/994], entropy: 0.4699, uncertainty: 2.0928, uncertainty_coeffi: 0.0010, loss: 0.2153, lr: 4.52e-05
     Epoch[4] Iteration[190/994], entropy: 0.3320, uncertainty: 2.1821, uncertainty_coeffi: 0.0010, loss: 0.1424, lr: 4.52e-05
     Epoch[4] Iteration[200/994], entropy: 0.4336, uncertainty: 2.1350, uncertainty_coeffi: 0.0010, loss: 0.1790, lr: 4.52e-05
     Epoch[4] Iteration[210/994], entropy: 0.4550, uncertainty: 2.2337, uncertainty_coeffi: 0.0010, loss: 0.1926, lr: 4.52e-05
     Epoch[4] Iteration[220/994], entropy: 0.3478, uncertainty: 1.9392, uncertainty_coeffi: 0.0010, loss: 0.1526, lr: 4.52e-05
     Epoch[4] Iteration[230/994], entropy: 0.3608, uncertainty: 2.0199, uncertainty_coeffi: 0.0010, loss: 0.1626, lr: 4.52e-05
     Epoch[4] Iteration[240/994], entropy: 0.2978, uncertainty: 2.0895, uncertainty_coeffi: 0.0010, loss: 0.1303, lr: 4.52e-05
     Epoch[4] Iteration[250/994], entropy: 0.2825, uncertainty: 1.9652, uncertainty_coeffi: 0.0010, loss: 0.1227, lr: 4.52e-05
     Epoch[4] Iteration[260/994], entropy: 0.5530, uncertainty: 2.1827, uncertainty_coeffi: 0.0010, loss: 0.2283, lr: 4.52e-05
     Epoch[4] Iteration[270/994], entropy: 0.3636, uncertainty: 2.0899, uncertainty_coeffi: 0.0010, loss: 0.1571, lr: 4.52e-05
     Epoch[4] Iteration[280/994], entropy: 0.3445, uncertainty: 1.9704, uncertainty_coeffi: 0.0010, loss: 0.1484, lr: 4.52e-05
     Epoch[4] Iteration[290/994], entropy: 0.4372, uncertainty: 2.1740, uncertainty_coeffi: 0.0010, loss: 0.1892, lr: 4.52e-05
     Epoch[4] Iteration[300/994], entropy: 0.4792, uncertainty: 2.0158, uncertainty_coeffi: 0.0010, loss: 0.2155, lr: 4.52e-05
     Epoch[4] Iteration[310/994], entropy: 0.5233, uncertainty: 2.1475, uncertainty_coeffi: 0.0010, loss: 0.2220, lr: 4.52e-05
     Epoch[4] Iteration[320/994], entropy: 0.2364, uncertainty: 1.9660, uncertainty_coeffi: 0.0010, loss: 0.1092, lr: 4.52e-05
     Epoch[4] Iteration[330/994], entropy: 0.3477, uncertainty: 2.1379, uncertainty_coeffi: 0.0010, loss: 0.1566, lr: 4.52e-05
     Epoch[4] Iteration[340/994], entropy: 0.5387, uncertainty: 2.1521, uncertainty_coeffi: 0.0010, loss: 0.2282, lr: 4.52e-05
     Epoch[4] Iteration[350/994], entropy: 0.4447, uncertainty: 2.0638, uncertainty_coeffi: 0.0010, loss: 0.1902, lr: 4.52e-05
     Epoch[4] Iteration[360/994], entropy: 0.5497, uncertainty: 2.2637, uncertainty_coeffi: 0.0010, loss: 0.2317, lr: 4.52e-05
     Epoch[4] Iteration[370/994], entropy: 0.3621, uncertainty: 2.1163, uncertainty_coeffi: 0.0010, loss: 0.1583, lr: 4.52e-05
     Epoch[4] Iteration[380/994], entropy: 0.2017, uncertainty: 1.9526, uncertainty_coeffi: 0.0010, loss: 0.0964, lr: 4.52e-05
     Epoch[4] Iteration[390/994], entropy: 0.3004, uncertainty: 2.1197, uncertainty_coeffi: 0.0010, loss: 0.1323, lr: 4.52e-05
     Epoch[4] Iteration[400/994], entropy: 0.3645, uncertainty: 2.0623, uncertainty_coeffi: 0.0010, loss: 0.1583, lr: 4.52e-05
     Epoch[4] Iteration[410/994], entropy: 0.2967, uncertainty: 2.1334, uncertainty_coeffi: 0.0010, loss: 0.1342, lr: 4.52e-05
     Epoch[4] Iteration[420/994], entropy: 0.2343, uncertainty: 2.0618, uncertainty_coeffi: 0.0010, loss: 0.1011, lr: 4.52e-05
     Epoch[4] Iteration[430/994], entropy: 0.3346, uncertainty: 2.1780, uncertainty_coeffi: 0.0010, loss: 0.1482, lr: 4.52e-05
     Epoch[4] Iteration[440/994], entropy: 0.5229, uncertainty: 2.2000, uncertainty_coeffi: 0.0010, loss: 0.2229, lr: 4.52e-05
     Epoch[4] Iteration[450/994], entropy: 0.2419, uncertainty: 2.0385, uncertainty_coeffi: 0.0010, loss: 0.1123, lr: 4.52e-05
     Epoch[4] Iteration[460/994], entropy: 0.2317, uncertainty: 1.9378, uncertainty_coeffi: 0.0010, loss: 0.1076, lr: 4.52e-05
     Epoch[4] Iteration[470/994], entropy: 0.4001, uncertainty: 2.1653, uncertainty_coeffi: 0.0010, loss: 0.1757, lr: 4.52e-05
     Epoch[4] Iteration[480/994], entropy: 0.3512, uncertainty: 2.0098, uncertainty_coeffi: 0.0010, loss: 0.1651, lr: 4.52e-05
     Epoch[4] Iteration[490/994], entropy: 0.6514, uncertainty: 2.1572, uncertainty_coeffi: 0.0010, loss: 0.2732, lr: 4.52e-05
     Epoch[4] Iteration[500/994], entropy: 0.4384, uncertainty: 2.1786, uncertainty_coeffi: 0.0010, loss: 0.1857, lr: 4.52e-05
     Epoch[4] Iteration[510/994], entropy: 0.2411, uncertainty: 1.9979, uncertainty_coeffi: 0.0010, loss: 0.1072, lr: 4.52e-05
     Epoch[4] Iteration[520/994], entropy: 0.5178, uncertainty: 2.2585, uncertainty_coeffi: 0.0010, loss: 0.2192, lr: 4.52e-05
     Epoch[4] Iteration[530/994], entropy: 0.4855, uncertainty: 2.2432, uncertainty_coeffi: 0.0010, loss: 0.2084, lr: 4.52e-05
     Epoch[4] Iteration[540/994], entropy: 0.5169, uncertainty: 2.1243, uncertainty_coeffi: 0.0010, loss: 0.2237, lr: 4.52e-05
     Epoch[4] Iteration[550/994], entropy: 0.2106, uncertainty: 2.0220, uncertainty_coeffi: 0.0010, loss: 0.0976, lr: 4.52e-05
     Epoch[4] Iteration[560/994], entropy: 0.6166, uncertainty: 2.2084, uncertainty_coeffi: 0.0010, loss: 0.2597, lr: 4.52e-05
     Epoch[4] Iteration[570/994], entropy: 0.4087, uncertainty: 2.0835, uncertainty_coeffi: 0.0010, loss: 0.1746, lr: 4.52e-05
     Epoch[4] Iteration[580/994], entropy: 0.3113, uncertainty: 2.1714, uncertainty_coeffi: 0.0010, loss: 0.1368, lr: 4.52e-05
     Epoch[4] Iteration[590/994], entropy: 0.3649, uncertainty: 1.9899, uncertainty_coeffi: 0.0010, loss: 0.1617, lr: 4.52e-05
     Epoch[4] Iteration[600/994], entropy: 0.3957, uncertainty: 2.1341, uncertainty_coeffi: 0.0010, loss: 0.1679, lr: 4.52e-05
     Epoch[4] Iteration[610/994], entropy: 0.6584, uncertainty: 2.2702, uncertainty_coeffi: 0.0010, loss: 0.2750, lr: 4.52e-05
     Epoch[4] Iteration[620/994], entropy: 0.3801, uncertainty: 2.0640, uncertainty_coeffi: 0.0010, loss: 0.1746, lr: 4.52e-05
     Epoch[4] Iteration[630/994], entropy: 0.4243, uncertainty: 2.0603, uncertainty_coeffi: 0.0010, loss: 0.1816, lr: 4.52e-05
     Epoch[4] Iteration[640/994], entropy: 0.4599, uncertainty: 2.0876, uncertainty_coeffi: 0.0010, loss: 0.2002, lr: 4.52e-05
     Epoch[4] Iteration[650/994], entropy: 0.4476, uncertainty: 2.1125, uncertainty_coeffi: 0.0010, loss: 0.1976, lr: 4.52e-05
     Epoch[4] Iteration[660/994], entropy: 0.3308, uncertainty: 1.8883, uncertainty_coeffi: 0.0010, loss: 0.1520, lr: 4.52e-05
     Epoch[4] Iteration[670/994], entropy: 0.5770, uncertainty: 2.2709, uncertainty_coeffi: 0.0010, loss: 0.2417, lr: 4.52e-05
     Epoch[4] Iteration[680/994], entropy: 0.2925, uncertainty: 1.8575, uncertainty_coeffi: 0.0010, loss: 0.1362, lr: 4.52e-05
     Epoch[4] Iteration[690/994], entropy: 0.4109, uncertainty: 2.0909, uncertainty_coeffi: 0.0010, loss: 0.1784, lr: 4.52e-05
     Epoch[4] Iteration[700/994], entropy: 0.4759, uncertainty: 2.1988, uncertainty_coeffi: 0.0010, loss: 0.2118, lr: 4.52e-05
     Epoch[4] Iteration[710/994], entropy: 0.4477, uncertainty: 2.0554, uncertainty_coeffi: 0.0010, loss: 0.1969, lr: 4.52e-05
     Epoch[4] Iteration[720/994], entropy: 0.3832, uncertainty: 1.9481, uncertainty_coeffi: 0.0010, loss: 0.1826, lr: 4.52e-05
     Epoch[4] Iteration[730/994], entropy: 0.3534, uncertainty: 2.1124, uncertainty_coeffi: 0.0010, loss: 0.1599, lr: 4.52e-05
     Epoch[4] Iteration[740/994], entropy: 0.5731, uncertainty: 2.1544, uncertainty_coeffi: 0.0010, loss: 0.2419, lr: 4.52e-05
     Epoch[4] Iteration[750/994], entropy: 0.4475, uncertainty: 2.1239, uncertainty_coeffi: 0.0010, loss: 0.1872, lr: 4.52e-05
     Epoch[4] Iteration[760/994], entropy: 0.3016, uncertainty: 2.0600, uncertainty_coeffi: 0.0010, loss: 0.1412, lr: 4.52e-05
     Epoch[4] Iteration[770/994], entropy: 0.5431, uncertainty: 2.1992, uncertainty_coeffi: 0.0010, loss: 0.2249, lr: 4.52e-05
     Epoch[4] Iteration[780/994], entropy: 0.5104, uncertainty: 2.0916, uncertainty_coeffi: 0.0010, loss: 0.2226, lr: 4.52e-05
     Epoch[4] Iteration[790/994], entropy: 0.4394, uncertainty: 2.2644, uncertainty_coeffi: 0.0010, loss: 0.1889, lr: 4.52e-05
     Epoch[4] Iteration[800/994], entropy: 0.3341, uncertainty: 2.0836, uncertainty_coeffi: 0.0010, loss: 0.1427, lr: 4.52e-05
     Epoch[4] Iteration[810/994], entropy: 0.3353, uncertainty: 2.0426, uncertainty_coeffi: 0.0010, loss: 0.1536, lr: 4.52e-05
     Epoch[4] Iteration[820/994], entropy: 0.3195, uncertainty: 2.0087, uncertainty_coeffi: 0.0010, loss: 0.1381, lr: 4.52e-05
     Epoch[4] Iteration[830/994], entropy: 0.4540, uncertainty: 2.1265, uncertainty_coeffi: 0.0010, loss: 0.1965, lr: 4.52e-05
     Epoch[4] Iteration[840/994], entropy: 0.3776, uncertainty: 2.0506, uncertainty_coeffi: 0.0010, loss: 0.1677, lr: 4.52e-05
     Epoch[4] Iteration[850/994], entropy: 0.2004, uncertainty: 2.0923, uncertainty_coeffi: 0.0010, loss: 0.0969, lr: 4.52e-05
     Epoch[4] Iteration[860/994], entropy: 0.6372, uncertainty: 2.2387, uncertainty_coeffi: 0.0010, loss: 0.2741, lr: 4.52e-05
     Epoch[4] Iteration[870/994], entropy: 0.6831, uncertainty: 2.2013, uncertainty_coeffi: 0.0010, loss: 0.2899, lr: 4.52e-05
     Epoch[4] Iteration[880/994], entropy: 0.4152, uncertainty: 2.1858, uncertainty_coeffi: 0.0010, loss: 0.1813, lr: 4.52e-05
     Epoch[4] Iteration[890/994], entropy: 0.5612, uncertainty: 2.1888, uncertainty_coeffi: 0.0010, loss: 0.2292, lr: 4.52e-05
     Epoch[4] Iteration[900/994], entropy: 0.2880, uncertainty: 2.0384, uncertainty_coeffi: 0.0010, loss: 0.1291, lr: 4.52e-05
     Epoch[4] Iteration[910/994], entropy: 0.5430, uncertainty: 2.2227, uncertainty_coeffi: 0.0010, loss: 0.2340, lr: 4.52e-05
     Epoch[4] Iteration[920/994], entropy: 0.6092, uncertainty: 2.2063, uncertainty_coeffi: 0.0010, loss: 0.2562, lr: 4.52e-05
     Epoch[4] Iteration[930/994], entropy: 0.4082, uncertainty: 2.0514, uncertainty_coeffi: 0.0010, loss: 0.1758, lr: 4.52e-05
     Epoch[4] Iteration[940/994], entropy: 0.5321, uncertainty: 2.3108, uncertainty_coeffi: 0.0010, loss: 0.2223, lr: 4.52e-05
     Epoch[4] Iteration[950/994], entropy: 0.5826, uncertainty: 2.1705, uncertainty_coeffi: 0.0010, loss: 0.2567, lr: 4.52e-05
     Epoch[4] Iteration[960/994], entropy: 0.4051, uncertainty: 2.2060, uncertainty_coeffi: 0.0010, loss: 0.1697, lr: 4.52e-05
     Epoch[4] Iteration[970/994], entropy: 0.4874, uncertainty: 2.1246, uncertainty_coeffi: 0.0010, loss: 0.2139, lr: 4.52e-05
     Epoch[4] Iteration[980/994], entropy: 0.2163, uncertainty: 2.0740, uncertainty_coeffi: 0.0010, loss: 0.1012, lr: 4.52e-05
     Epoch[4] Iteration[990/994], entropy: 0.4658, uncertainty: 2.0725, uncertainty_coeffi: 0.0010, loss: 0.2006, lr: 4.52e-05
     Averaged stats: entropy_avg: 0.4234, uncertainty_avg: 2.1168, uncertainty_coeffi_avg: 0.0010, loss_avg: 0.1835, lr_avg: 4.52e-05
     itm tta time 0:01:48
### TTA Eval Score: 
+-------+--------+--------+--------+--------+-------+
| epoch |   R1   |   R5   |  R10   |  mAP   |  mINP |
+-------+--------+--------+--------+--------+-------+
|  -999 | 60.656 | 77.499 | 83.268 | 35.543 | 6.006 |
|   0   | 61.573 | 77.514 | 83.293 | 36.060 | 6.049 |
|   1   | 61.774 | 77.544 | 83.097 | 36.132 | 6.062 |
|   2   | 61.895 | 77.489 | 83.076 | 36.137 | 6.066 |
|   4   | 61.946 | 77.449 | 82.971 | 36.106 | 6.027 |
+-------+--------+--------+--------+--------+-------+
     logs:  {'epo': 4, 'R1': np.float32(61.946), 'R5': np.float32(77.449), 'R10': np.float32(82.971), 'mAP': np.float32(36.106), 'mINP': np.float32(6.027), 'entropy': 0.4234235760840503, 'uncertainty': 2.116826984617445, 'uncertainty_coeffi': 0.0010000000474974513, 'loss': 0.18353171992783596, 'lr': 4.522542485936994e-05}
     Epoch[5] Iteration[10/994], entropy: 0.6642, uncertainty: 2.1256, uncertainty_coeffi: 0.0010, loss: 0.2849, lr: 1.73e-05
     Epoch[5] Iteration[20/994], entropy: 0.3877, uncertainty: 2.1569, uncertainty_coeffi: 0.0010, loss: 0.1663, lr: 1.73e-05
     Epoch[5] Iteration[30/994], entropy: 0.6951, uncertainty: 2.2693, uncertainty_coeffi: 0.0010, loss: 0.2892, lr: 1.73e-05
     Epoch[5] Iteration[40/994], entropy: 0.4117, uncertainty: 2.1085, uncertainty_coeffi: 0.0010, loss: 0.1766, lr: 1.73e-05
     Epoch[5] Iteration[50/994], entropy: 0.3742, uncertainty: 2.1760, uncertainty_coeffi: 0.0010, loss: 0.1636, lr: 1.73e-05
     Epoch[5] Iteration[60/994], entropy: 0.3963, uncertainty: 2.1880, uncertainty_coeffi: 0.0010, loss: 0.1748, lr: 1.73e-05
     Epoch[5] Iteration[70/994], entropy: 0.4193, uncertainty: 2.0765, uncertainty_coeffi: 0.0010, loss: 0.1855, lr: 1.73e-05
     Epoch[5] Iteration[80/994], entropy: 0.5520, uncertainty: 2.1985, uncertainty_coeffi: 0.0010, loss: 0.2327, lr: 1.73e-05
     Epoch[5] Iteration[90/994], entropy: 0.3276, uncertainty: 1.9606, uncertainty_coeffi: 0.0010, loss: 0.1519, lr: 1.73e-05
     Epoch[5] Iteration[100/994], entropy: 0.4010, uncertainty: 1.9956, uncertainty_coeffi: 0.0010, loss: 0.1682, lr: 1.73e-05
     Epoch[5] Iteration[110/994], entropy: 0.2667, uncertainty: 1.9958, uncertainty_coeffi: 0.0010, loss: 0.1231, lr: 1.73e-05
     Epoch[5] Iteration[120/994], entropy: 0.3936, uncertainty: 2.2039, uncertainty_coeffi: 0.0010, loss: 0.1724, lr: 1.73e-05
     Epoch[5] Iteration[130/994], entropy: 0.2712, uncertainty: 2.0129, uncertainty_coeffi: 0.0010, loss: 0.1205, lr: 1.73e-05
     Epoch[5] Iteration[140/994], entropy: 0.6246, uncertainty: 2.1957, uncertainty_coeffi: 0.0010, loss: 0.2634, lr: 1.73e-05
     Epoch[5] Iteration[150/994], entropy: 0.3009, uncertainty: 2.0577, uncertainty_coeffi: 0.0010, loss: 0.1336, lr: 1.73e-05
     Epoch[5] Iteration[160/994], entropy: 0.5781, uncertainty: 2.1339, uncertainty_coeffi: 0.0010, loss: 0.2497, lr: 1.73e-05
     Epoch[5] Iteration[170/994], entropy: 0.4600, uncertainty: 2.1653, uncertainty_coeffi: 0.0010, loss: 0.1997, lr: 1.73e-05
     Epoch[5] Iteration[180/994], entropy: 0.4739, uncertainty: 2.0482, uncertainty_coeffi: 0.0010, loss: 0.2054, lr: 1.73e-05
     Epoch[5] Iteration[190/994], entropy: 0.4458, uncertainty: 2.2030, uncertainty_coeffi: 0.0010, loss: 0.1950, lr: 1.73e-05
     Epoch[5] Iteration[200/994], entropy: 0.4384, uncertainty: 2.1020, uncertainty_coeffi: 0.0010, loss: 0.1913, lr: 1.73e-05
     Epoch[5] Iteration[210/994], entropy: 0.6813, uncertainty: 2.2749, uncertainty_coeffi: 0.0010, loss: 0.2808, lr: 1.73e-05
     Epoch[5] Iteration[220/994], entropy: 0.2178, uncertainty: 1.9204, uncertainty_coeffi: 0.0010, loss: 0.1008, lr: 1.73e-05
     Epoch[5] Iteration[230/994], entropy: 0.4604, uncertainty: 2.1371, uncertainty_coeffi: 0.0010, loss: 0.1954, lr: 1.73e-05
     Epoch[5] Iteration[240/994], entropy: 0.5058, uncertainty: 2.1308, uncertainty_coeffi: 0.0010, loss: 0.2175, lr: 1.73e-05
     Epoch[5] Iteration[250/994], entropy: 0.3104, uncertainty: 1.9359, uncertainty_coeffi: 0.0010, loss: 0.1398, lr: 1.73e-05
     Epoch[5] Iteration[260/994], entropy: 0.3736, uncertainty: 2.0129, uncertainty_coeffi: 0.0010, loss: 0.1636, lr: 1.73e-05
     Epoch[5] Iteration[270/994], entropy: 0.5593, uncertainty: 2.2147, uncertainty_coeffi: 0.0010, loss: 0.2444, lr: 1.73e-05
     Epoch[5] Iteration[280/994], entropy: 0.3946, uncertainty: 2.0855, uncertainty_coeffi: 0.0010, loss: 0.1760, lr: 1.73e-05
     Epoch[5] Iteration[290/994], entropy: 0.3701, uncertainty: 2.1603, uncertainty_coeffi: 0.0010, loss: 0.1594, lr: 1.73e-05
     Epoch[5] Iteration[300/994], entropy: 0.3876, uncertainty: 2.0812, uncertainty_coeffi: 0.0010, loss: 0.1683, lr: 1.73e-05
     Epoch[5] Iteration[310/994], entropy: 0.4462, uncertainty: 2.2503, uncertainty_coeffi: 0.0010, loss: 0.1966, lr: 1.73e-05
     Epoch[5] Iteration[320/994], entropy: 0.1992, uncertainty: 1.9977, uncertainty_coeffi: 0.0010, loss: 0.0960, lr: 1.73e-05
     Epoch[5] Iteration[330/994], entropy: 0.4017, uncertainty: 2.1055, uncertainty_coeffi: 0.0010, loss: 0.1745, lr: 1.73e-05
     Epoch[5] Iteration[340/994], entropy: 0.3680, uncertainty: 2.1328, uncertainty_coeffi: 0.0010, loss: 0.1606, lr: 1.73e-05
     Epoch[5] Iteration[350/994], entropy: 0.7742, uncertainty: 2.2863, uncertainty_coeffi: 0.0010, loss: 0.3212, lr: 1.73e-05
     Epoch[5] Iteration[360/994], entropy: 0.3225, uncertainty: 2.0892, uncertainty_coeffi: 0.0010, loss: 0.1402, lr: 1.73e-05
     Epoch[5] Iteration[370/994], entropy: 0.1821, uncertainty: 1.9222, uncertainty_coeffi: 0.0010, loss: 0.0855, lr: 1.73e-05
     Epoch[5] Iteration[380/994], entropy: 0.5205, uncertainty: 2.1948, uncertainty_coeffi: 0.0010, loss: 0.2188, lr: 1.73e-05
     Epoch[5] Iteration[390/994], entropy: 0.3012, uncertainty: 2.0806, uncertainty_coeffi: 0.0010, loss: 0.1253, lr: 1.73e-05
     Epoch[5] Iteration[400/994], entropy: 0.6547, uncertainty: 2.2495, uncertainty_coeffi: 0.0010, loss: 0.2748, lr: 1.73e-05
     Epoch[5] Iteration[410/994], entropy: 0.4722, uncertainty: 2.0851, uncertainty_coeffi: 0.0010, loss: 0.1976, lr: 1.73e-05
     Epoch[5] Iteration[420/994], entropy: 0.3386, uncertainty: 2.0834, uncertainty_coeffi: 0.0010, loss: 0.1439, lr: 1.73e-05
     Epoch[5] Iteration[430/994], entropy: 0.4541, uncertainty: 2.0767, uncertainty_coeffi: 0.0010, loss: 0.2056, lr: 1.73e-05
     Epoch[5] Iteration[440/994], entropy: 0.5729, uncertainty: 2.1862, uncertainty_coeffi: 0.0010, loss: 0.2393, lr: 1.73e-05
     Epoch[5] Iteration[450/994], entropy: 0.4503, uncertainty: 1.9915, uncertainty_coeffi: 0.0010, loss: 0.1931, lr: 1.73e-05
     Epoch[5] Iteration[460/994], entropy: 0.4531, uncertainty: 2.2573, uncertainty_coeffi: 0.0010, loss: 0.1916, lr: 1.73e-05
     Epoch[5] Iteration[470/994], entropy: 0.3819, uncertainty: 2.0692, uncertainty_coeffi: 0.0010, loss: 0.1663, lr: 1.73e-05
     Epoch[5] Iteration[480/994], entropy: 0.4888, uncertainty: 2.2748, uncertainty_coeffi: 0.0010, loss: 0.2051, lr: 1.73e-05
     Epoch[5] Iteration[490/994], entropy: 0.2968, uncertainty: 2.0019, uncertainty_coeffi: 0.0010, loss: 0.1397, lr: 1.73e-05
     Epoch[5] Iteration[500/994], entropy: 0.3300, uncertainty: 2.0748, uncertainty_coeffi: 0.0010, loss: 0.1432, lr: 1.73e-05
     Epoch[5] Iteration[510/994], entropy: 0.5477, uncertainty: 2.2335, uncertainty_coeffi: 0.0010, loss: 0.2305, lr: 1.73e-05
     Epoch[5] Iteration[520/994], entropy: 0.2842, uncertainty: 2.0099, uncertainty_coeffi: 0.0010, loss: 0.1336, lr: 1.73e-05
     Epoch[5] Iteration[530/994], entropy: 0.5457, uncertainty: 2.2093, uncertainty_coeffi: 0.0010, loss: 0.2382, lr: 1.73e-05
     Epoch[5] Iteration[540/994], entropy: 0.4051, uncertainty: 2.1778, uncertainty_coeffi: 0.0010, loss: 0.1749, lr: 1.73e-05
     Epoch[5] Iteration[550/994], entropy: 0.2909, uncertainty: 2.1659, uncertainty_coeffi: 0.0010, loss: 0.1267, lr: 1.73e-05
     Epoch[5] Iteration[560/994], entropy: 0.3269, uncertainty: 2.1701, uncertainty_coeffi: 0.0010, loss: 0.1397, lr: 1.73e-05
     Epoch[5] Iteration[570/994], entropy: 0.5565, uncertainty: 2.2028, uncertainty_coeffi: 0.0010, loss: 0.2340, lr: 1.73e-05
     Epoch[5] Iteration[580/994], entropy: 0.4233, uncertainty: 2.0568, uncertainty_coeffi: 0.0010, loss: 0.1868, lr: 1.73e-05
     Epoch[5] Iteration[590/994], entropy: 0.5056, uncertainty: 2.1103, uncertainty_coeffi: 0.0010, loss: 0.2172, lr: 1.73e-05
     Epoch[5] Iteration[600/994], entropy: 0.3604, uncertainty: 2.1262, uncertainty_coeffi: 0.0010, loss: 0.1592, lr: 1.73e-05
     Epoch[5] Iteration[610/994], entropy: 0.2667, uncertainty: 1.9921, uncertainty_coeffi: 0.0010, loss: 0.1181, lr: 1.73e-05
     Epoch[5] Iteration[620/994], entropy: 0.5490, uncertainty: 2.1360, uncertainty_coeffi: 0.0010, loss: 0.2275, lr: 1.73e-05
     Epoch[5] Iteration[630/994], entropy: 0.4003, uncertainty: 2.0389, uncertainty_coeffi: 0.0010, loss: 0.1720, lr: 1.73e-05
     Epoch[5] Iteration[640/994], entropy: 0.5303, uncertainty: 2.1808, uncertainty_coeffi: 0.0010, loss: 0.2306, lr: 1.73e-05
     Epoch[5] Iteration[650/994], entropy: 0.6567, uncertainty: 2.2388, uncertainty_coeffi: 0.0010, loss: 0.2746, lr: 1.73e-05
     Epoch[5] Iteration[660/994], entropy: 0.4438, uncertainty: 2.1227, uncertainty_coeffi: 0.0010, loss: 0.1870, lr: 1.73e-05
     Epoch[5] Iteration[670/994], entropy: 0.3183, uncertainty: 2.1404, uncertainty_coeffi: 0.0010, loss: 0.1365, lr: 1.73e-05
     Epoch[5] Iteration[680/994], entropy: 0.3840, uncertainty: 2.0836, uncertainty_coeffi: 0.0010, loss: 0.1646, lr: 1.73e-05
     Epoch[5] Iteration[690/994], entropy: 0.5528, uncertainty: 2.2320, uncertainty_coeffi: 0.0010, loss: 0.2455, lr: 1.73e-05
     Epoch[5] Iteration[700/994], entropy: 0.3234, uncertainty: 2.0654, uncertainty_coeffi: 0.0010, loss: 0.1444, lr: 1.73e-05
     Epoch[5] Iteration[710/994], entropy: 0.5182, uncertainty: 2.1615, uncertainty_coeffi: 0.0010, loss: 0.2364, lr: 1.73e-05
     Epoch[5] Iteration[720/994], entropy: 0.6271, uncertainty: 2.2348, uncertainty_coeffi: 0.0010, loss: 0.2653, lr: 1.73e-05
     Epoch[5] Iteration[730/994], entropy: 0.5420, uncertainty: 2.1271, uncertainty_coeffi: 0.0010, loss: 0.2217, lr: 1.73e-05
     Epoch[5] Iteration[740/994], entropy: 0.2011, uncertainty: 1.9566, uncertainty_coeffi: 0.0010, loss: 0.0908, lr: 1.73e-05
     Epoch[5] Iteration[750/994], entropy: 0.4921, uncertainty: 2.1615, uncertainty_coeffi: 0.0010, loss: 0.2058, lr: 1.73e-05
     Epoch[5] Iteration[760/994], entropy: 0.2702, uncertainty: 2.0941, uncertainty_coeffi: 0.0010, loss: 0.1233, lr: 1.73e-05
     Epoch[5] Iteration[770/994], entropy: 0.2640, uncertainty: 1.9544, uncertainty_coeffi: 0.0010, loss: 0.1208, lr: 1.73e-05
     Epoch[5] Iteration[780/994], entropy: 0.7131, uncertainty: 2.3565, uncertainty_coeffi: 0.0010, loss: 0.2960, lr: 1.73e-05
     Epoch[5] Iteration[790/994], entropy: 0.6494, uncertainty: 2.3059, uncertainty_coeffi: 0.0010, loss: 0.2697, lr: 1.73e-05
     Epoch[5] Iteration[800/994], entropy: 0.2692, uncertainty: 1.9774, uncertainty_coeffi: 0.0010, loss: 0.1211, lr: 1.73e-05
     Epoch[5] Iteration[810/994], entropy: 0.3177, uncertainty: 2.1981, uncertainty_coeffi: 0.0010, loss: 0.1443, lr: 1.73e-05
     Epoch[5] Iteration[820/994], entropy: 0.5325, uncertainty: 2.2155, uncertainty_coeffi: 0.0010, loss: 0.2251, lr: 1.73e-05
     Epoch[5] Iteration[830/994], entropy: 0.4561, uncertainty: 2.1743, uncertainty_coeffi: 0.0010, loss: 0.1937, lr: 1.73e-05
     Epoch[5] Iteration[840/994], entropy: 0.4735, uncertainty: 2.1826, uncertainty_coeffi: 0.0010, loss: 0.2015, lr: 1.73e-05
     Epoch[5] Iteration[850/994], entropy: 0.4533, uncertainty: 2.1780, uncertainty_coeffi: 0.0010, loss: 0.1996, lr: 1.73e-05
     Epoch[5] Iteration[860/994], entropy: 0.3544, uncertainty: 2.0997, uncertainty_coeffi: 0.0010, loss: 0.1551, lr: 1.73e-05
     Epoch[5] Iteration[870/994], entropy: 0.3131, uncertainty: 2.0342, uncertainty_coeffi: 0.0010, loss: 0.1391, lr: 1.73e-05
     Epoch[5] Iteration[880/994], entropy: 0.4308, uncertainty: 2.2335, uncertainty_coeffi: 0.0010, loss: 0.1892, lr: 1.73e-05
     Epoch[5] Iteration[890/994], entropy: 0.2750, uncertainty: 2.0145, uncertainty_coeffi: 0.0010, loss: 0.1200, lr: 1.73e-05
     Epoch[5] Iteration[900/994], entropy: 0.4982, uncertainty: 2.1218, uncertainty_coeffi: 0.0010, loss: 0.2143, lr: 1.73e-05
     Epoch[5] Iteration[910/994], entropy: 0.4816, uncertainty: 2.0888, uncertainty_coeffi: 0.0010, loss: 0.2130, lr: 1.73e-05
     Epoch[5] Iteration[920/994], entropy: 0.3643, uncertainty: 2.0813, uncertainty_coeffi: 0.0010, loss: 0.1593, lr: 3.27e-05
     Epoch[5] Iteration[930/994], entropy: 0.3747, uncertainty: 2.0885, uncertainty_coeffi: 0.0010, loss: 0.1637, lr: 3.27e-05
     Epoch[5] Iteration[940/994], entropy: 0.8137, uncertainty: 2.3433, uncertainty_coeffi: 0.0010, loss: 0.3323, lr: 3.27e-05
     Epoch[5] Iteration[950/994], entropy: 0.5755, uncertainty: 2.2165, uncertainty_coeffi: 0.0010, loss: 0.2357, lr: 3.27e-05
     Epoch[5] Iteration[960/994], entropy: 0.3382, uncertainty: 1.9390, uncertainty_coeffi: 0.0010, loss: 0.1497, lr: 3.27e-05
     Epoch[5] Iteration[970/994], entropy: 0.4530, uncertainty: 2.0410, uncertainty_coeffi: 0.0010, loss: 0.2003, lr: 3.27e-05
     Epoch[5] Iteration[980/994], entropy: 0.5150, uncertainty: 2.1760, uncertainty_coeffi: 0.0010, loss: 0.2261, lr: 3.27e-05
     Epoch[5] Iteration[990/994], entropy: 0.3731, uncertainty: 1.9411, uncertainty_coeffi: 0.0010, loss: 0.1627, lr: 3.27e-05
     Averaged stats: entropy_avg: 0.4360, uncertainty_avg: 2.1225, uncertainty_coeffi_avg: 0.0010, loss_avg: 0.1882, lr_avg: 1.85e-05
     itm tta time 0:01:49
     Epoch[6] Iteration[10/994], entropy: 0.5065, uncertainty: 2.0806, uncertainty_coeffi: 0.0010, loss: 0.2192, lr: 4.77e-06
     Epoch[6] Iteration[20/994], entropy: 0.4156, uncertainty: 2.1614, uncertainty_coeffi: 0.0010, loss: 0.1824, lr: 4.77e-06
     Epoch[6] Iteration[30/994], entropy: 0.2938, uncertainty: 2.0719, uncertainty_coeffi: 0.0010, loss: 0.1311, lr: 4.77e-06
     Epoch[6] Iteration[40/994], entropy: 0.5593, uncertainty: 2.2329, uncertainty_coeffi: 0.0010, loss: 0.2337, lr: 4.77e-06
     Epoch[6] Iteration[50/994], entropy: 0.5103, uncertainty: 2.0331, uncertainty_coeffi: 0.0010, loss: 0.2165, lr: 4.77e-06
     Epoch[6] Iteration[60/994], entropy: 0.2884, uncertainty: 2.0143, uncertainty_coeffi: 0.0010, loss: 0.1255, lr: 4.77e-06
     Epoch[6] Iteration[70/994], entropy: 0.2364, uncertainty: 2.1107, uncertainty_coeffi: 0.0010, loss: 0.1060, lr: 4.77e-06
     Epoch[6] Iteration[80/994], entropy: 0.2878, uncertainty: 2.1472, uncertainty_coeffi: 0.0010, loss: 0.1328, lr: 4.77e-06
     Epoch[6] Iteration[90/994], entropy: 0.5251, uncertainty: 2.2757, uncertainty_coeffi: 0.0010, loss: 0.2197, lr: 4.77e-06
     Epoch[6] Iteration[100/994], entropy: 0.5470, uncertainty: 2.2246, uncertainty_coeffi: 0.0010, loss: 0.2313, lr: 4.77e-06
     Epoch[6] Iteration[110/994], entropy: 0.3036, uncertainty: 2.0684, uncertainty_coeffi: 0.0010, loss: 0.1315, lr: 4.77e-06
     Epoch[6] Iteration[120/994], entropy: 0.4470, uncertainty: 2.1823, uncertainty_coeffi: 0.0010, loss: 0.1931, lr: 4.77e-06
     Epoch[6] Iteration[130/994], entropy: 0.5813, uncertainty: 2.1990, uncertainty_coeffi: 0.0010, loss: 0.2510, lr: 4.77e-06
     Epoch[6] Iteration[140/994], entropy: 0.5890, uncertainty: 2.3275, uncertainty_coeffi: 0.0010, loss: 0.2467, lr: 4.77e-06
     Epoch[6] Iteration[150/994], entropy: 0.2466, uncertainty: 2.0382, uncertainty_coeffi: 0.0010, loss: 0.1096, lr: 4.77e-06
     Epoch[6] Iteration[160/994], entropy: 0.3809, uncertainty: 2.0601, uncertainty_coeffi: 0.0010, loss: 0.1619, lr: 4.77e-06
     Epoch[6] Iteration[170/994], entropy: 0.4568, uncertainty: 2.2026, uncertainty_coeffi: 0.0010, loss: 0.1922, lr: 4.77e-06
     Epoch[6] Iteration[180/994], entropy: 0.5080, uncertainty: 2.2618, uncertainty_coeffi: 0.0010, loss: 0.2112, lr: 4.77e-06
     Epoch[6] Iteration[190/994], entropy: 0.6827, uncertainty: 2.2025, uncertainty_coeffi: 0.0010, loss: 0.2865, lr: 4.77e-06
     Epoch[6] Iteration[200/994], entropy: 0.3743, uncertainty: 2.0927, uncertainty_coeffi: 0.0010, loss: 0.1629, lr: 4.77e-06
     Epoch[6] Iteration[210/994], entropy: 0.4347, uncertainty: 2.0753, uncertainty_coeffi: 0.0010, loss: 0.1865, lr: 4.77e-06
     Epoch[6] Iteration[220/994], entropy: 0.3104, uncertainty: 1.8878, uncertainty_coeffi: 0.0010, loss: 0.1335, lr: 4.77e-06
     Epoch[6] Iteration[230/994], entropy: 0.2829, uncertainty: 2.0391, uncertainty_coeffi: 0.0010, loss: 0.1313, lr: 4.77e-06
     Epoch[6] Iteration[240/994], entropy: 0.4968, uncertainty: 2.1155, uncertainty_coeffi: 0.0010, loss: 0.2193, lr: 4.77e-06
     Epoch[6] Iteration[250/994], entropy: 0.5526, uncertainty: 2.1142, uncertainty_coeffi: 0.0010, loss: 0.2337, lr: 4.77e-06
     Epoch[6] Iteration[260/994], entropy: 0.3060, uncertainty: 2.1471, uncertainty_coeffi: 0.0010, loss: 0.1314, lr: 4.77e-06
     Epoch[6] Iteration[270/994], entropy: 0.4522, uncertainty: 2.1099, uncertainty_coeffi: 0.0010, loss: 0.1899, lr: 4.77e-06
     Epoch[6] Iteration[280/994], entropy: 0.4844, uncertainty: 2.0896, uncertainty_coeffi: 0.0010, loss: 0.2065, lr: 4.77e-06
     Epoch[6] Iteration[290/994], entropy: 0.4734, uncertainty: 2.0927, uncertainty_coeffi: 0.0010, loss: 0.2014, lr: 4.77e-06
     Epoch[6] Iteration[300/994], entropy: 0.2683, uncertainty: 1.9611, uncertainty_coeffi: 0.0010, loss: 0.1185, lr: 4.77e-06
     Epoch[6] Iteration[310/994], entropy: 0.3313, uncertainty: 2.0260, uncertainty_coeffi: 0.0010, loss: 0.1459, lr: 4.77e-06
     Epoch[6] Iteration[320/994], entropy: 0.5081, uncertainty: 2.1431, uncertainty_coeffi: 0.0010, loss: 0.2178, lr: 4.77e-06
     Epoch[6] Iteration[330/994], entropy: 0.3136, uncertainty: 2.1632, uncertainty_coeffi: 0.0010, loss: 0.1352, lr: 4.77e-06
     Epoch[6] Iteration[340/994], entropy: 0.6091, uncertainty: 2.1276, uncertainty_coeffi: 0.0010, loss: 0.2519, lr: 4.77e-06
     Epoch[6] Iteration[350/994], entropy: 0.5790, uncertainty: 2.2368, uncertainty_coeffi: 0.0010, loss: 0.2473, lr: 4.77e-06
     Epoch[6] Iteration[360/994], entropy: 0.5942, uncertainty: 2.1732, uncertainty_coeffi: 0.0010, loss: 0.2541, lr: 4.77e-06
     Epoch[6] Iteration[370/994], entropy: 0.3823, uncertainty: 2.1004, uncertainty_coeffi: 0.0010, loss: 0.1647, lr: 4.77e-06
     Epoch[6] Iteration[380/994], entropy: 0.2526, uncertainty: 2.0407, uncertainty_coeffi: 0.0010, loss: 0.1104, lr: 4.77e-06
     Epoch[6] Iteration[390/994], entropy: 0.4123, uncertainty: 1.9869, uncertainty_coeffi: 0.0010, loss: 0.1794, lr: 4.77e-06
     Epoch[6] Iteration[400/994], entropy: 0.3519, uncertainty: 2.1394, uncertainty_coeffi: 0.0010, loss: 0.1573, lr: 4.77e-06
     Epoch[6] Iteration[410/994], entropy: 0.6078, uncertainty: 2.1997, uncertainty_coeffi: 0.0010, loss: 0.2643, lr: 4.77e-06
     Epoch[6] Iteration[420/994], entropy: 0.4586, uncertainty: 2.1693, uncertainty_coeffi: 0.0010, loss: 0.1979, lr: 4.77e-06
     Epoch[6] Iteration[430/994], entropy: 0.4262, uncertainty: 2.1120, uncertainty_coeffi: 0.0010, loss: 0.1865, lr: 4.77e-06
     Epoch[6] Iteration[440/994], entropy: 0.5392, uncertainty: 2.1337, uncertainty_coeffi: 0.0010, loss: 0.2342, lr: 4.77e-06
     Epoch[6] Iteration[450/994], entropy: 0.4766, uncertainty: 2.0686, uncertainty_coeffi: 0.0010, loss: 0.1981, lr: 4.77e-06
     Epoch[6] Iteration[460/994], entropy: 0.5398, uncertainty: 2.2299, uncertainty_coeffi: 0.0010, loss: 0.2345, lr: 4.77e-06
     Epoch[6] Iteration[470/994], entropy: 0.4627, uncertainty: 2.1230, uncertainty_coeffi: 0.0010, loss: 0.2035, lr: 4.77e-06
     Epoch[6] Iteration[480/994], entropy: 0.4358, uncertainty: 2.3073, uncertainty_coeffi: 0.0010, loss: 0.1827, lr: 4.77e-06
     Epoch[6] Iteration[490/994], entropy: 0.3621, uncertainty: 2.0750, uncertainty_coeffi: 0.0010, loss: 0.1597, lr: 4.77e-06
     Epoch[6] Iteration[500/994], entropy: 0.4507, uncertainty: 2.1840, uncertainty_coeffi: 0.0010, loss: 0.1940, lr: 4.77e-06
     Epoch[6] Iteration[510/994], entropy: 0.3865, uncertainty: 2.0782, uncertainty_coeffi: 0.0010, loss: 0.1767, lr: 4.77e-06
     Epoch[6] Iteration[520/994], entropy: 0.5150, uncertainty: 2.2001, uncertainty_coeffi: 0.0010, loss: 0.2225, lr: 4.77e-06
     Epoch[6] Iteration[530/994], entropy: 0.2796, uncertainty: 2.1633, uncertainty_coeffi: 0.0010, loss: 0.1280, lr: 4.77e-06
     Epoch[6] Iteration[540/994], entropy: 0.5408, uncertainty: 2.0699, uncertainty_coeffi: 0.0010, loss: 0.2332, lr: 4.77e-06
     Epoch[6] Iteration[550/994], entropy: 0.3604, uncertainty: 2.1643, uncertainty_coeffi: 0.0010, loss: 0.1601, lr: 4.77e-06
     Epoch[6] Iteration[560/994], entropy: 0.5596, uncertainty: 2.2797, uncertainty_coeffi: 0.0010, loss: 0.2315, lr: 4.77e-06
     Epoch[6] Iteration[570/994], entropy: 0.3304, uncertainty: 2.0620, uncertainty_coeffi: 0.0010, loss: 0.1449, lr: 4.77e-06
     Epoch[6] Iteration[580/994], entropy: 0.3582, uncertainty: 2.0802, uncertainty_coeffi: 0.0010, loss: 0.1487, lr: 4.77e-06
     Epoch[6] Iteration[590/994], entropy: 0.5032, uncertainty: 2.0531, uncertainty_coeffi: 0.0010, loss: 0.2205, lr: 4.77e-06
     Epoch[6] Iteration[600/994], entropy: 0.4974, uncertainty: 2.1258, uncertainty_coeffi: 0.0010, loss: 0.2185, lr: 4.77e-06
     Epoch[6] Iteration[610/994], entropy: 0.2674, uncertainty: 2.0221, uncertainty_coeffi: 0.0010, loss: 0.1185, lr: 4.77e-06
     Epoch[6] Iteration[620/994], entropy: 0.5588, uncertainty: 2.3084, uncertainty_coeffi: 0.0010, loss: 0.2323, lr: 4.77e-06
     Epoch[6] Iteration[630/994], entropy: 0.4006, uncertainty: 2.1008, uncertainty_coeffi: 0.0010, loss: 0.1729, lr: 4.77e-06
     Epoch[6] Iteration[640/994], entropy: 0.3981, uncertainty: 2.0590, uncertainty_coeffi: 0.0010, loss: 0.1751, lr: 4.77e-06
     Epoch[6] Iteration[650/994], entropy: 0.5042, uncertainty: 2.1846, uncertainty_coeffi: 0.0010, loss: 0.2193, lr: 4.77e-06
     Epoch[6] Iteration[660/994], entropy: 0.3917, uncertainty: 2.1465, uncertainty_coeffi: 0.0010, loss: 0.1692, lr: 4.77e-06
     Epoch[6] Iteration[670/994], entropy: 0.2770, uncertainty: 1.9872, uncertainty_coeffi: 0.0010, loss: 0.1178, lr: 4.77e-06
     Epoch[6] Iteration[680/994], entropy: 0.5237, uncertainty: 2.1625, uncertainty_coeffi: 0.0010, loss: 0.2252, lr: 4.77e-06
     Epoch[6] Iteration[690/994], entropy: 0.3754, uncertainty: 2.1044, uncertainty_coeffi: 0.0010, loss: 0.1685, lr: 4.77e-06
     Epoch[6] Iteration[700/994], entropy: 0.4781, uncertainty: 2.1195, uncertainty_coeffi: 0.0010, loss: 0.2032, lr: 4.77e-06
     Epoch[6] Iteration[710/994], entropy: 0.3454, uncertainty: 2.1442, uncertainty_coeffi: 0.0010, loss: 0.1478, lr: 4.77e-06
     Epoch[6] Iteration[720/994], entropy: 0.3707, uncertainty: 2.0919, uncertainty_coeffi: 0.0010, loss: 0.1733, lr: 4.77e-06
     Epoch[6] Iteration[730/994], entropy: 0.4475, uncertainty: 2.0819, uncertainty_coeffi: 0.0010, loss: 0.1900, lr: 4.77e-06
     Epoch[6] Iteration[740/994], entropy: 0.4642, uncertainty: 2.1951, uncertainty_coeffi: 0.0010, loss: 0.2029, lr: 4.77e-06
     Epoch[6] Iteration[750/994], entropy: 0.3798, uncertainty: 2.0743, uncertainty_coeffi: 0.0010, loss: 0.1658, lr: 4.77e-06
     Epoch[6] Iteration[760/994], entropy: 0.3447, uncertainty: 2.2737, uncertainty_coeffi: 0.0010, loss: 0.1496, lr: 4.77e-06
     Epoch[6] Iteration[770/994], entropy: 0.4320, uncertainty: 2.1907, uncertainty_coeffi: 0.0010, loss: 0.1875, lr: 4.77e-06
     Epoch[6] Iteration[780/994], entropy: 0.4896, uncertainty: 2.1569, uncertainty_coeffi: 0.0010, loss: 0.2074, lr: 4.77e-06
     Epoch[6] Iteration[790/994], entropy: 0.4518, uncertainty: 2.0995, uncertainty_coeffi: 0.0010, loss: 0.1957, lr: 4.77e-06
     Epoch[6] Iteration[800/994], entropy: 0.4290, uncertainty: 2.0286, uncertainty_coeffi: 0.0010, loss: 0.1892, lr: 4.77e-06
     Epoch[6] Iteration[810/994], entropy: 0.5524, uncertainty: 2.0395, uncertainty_coeffi: 0.0010, loss: 0.2271, lr: 4.77e-06
     Epoch[6] Iteration[820/994], entropy: 0.4418, uncertainty: 2.1286, uncertainty_coeffi: 0.0010, loss: 0.1929, lr: 4.77e-06
     Epoch[6] Iteration[830/994], entropy: 0.3727, uncertainty: 2.1879, uncertainty_coeffi: 0.0010, loss: 0.1685, lr: 4.77e-06
     Epoch[6] Iteration[840/994], entropy: 0.4489, uncertainty: 1.8946, uncertainty_coeffi: 0.0010, loss: 0.1901, lr: 4.77e-06
     Epoch[6] Iteration[850/994], entropy: 0.3881, uncertainty: 2.1057, uncertainty_coeffi: 0.0010, loss: 0.1652, lr: 4.77e-06
     Epoch[6] Iteration[860/994], entropy: 0.3258, uncertainty: 2.0210, uncertainty_coeffi: 0.0010, loss: 0.1455, lr: 4.77e-06
     Epoch[6] Iteration[870/994], entropy: 0.3543, uncertainty: 2.1895, uncertainty_coeffi: 0.0010, loss: 0.1535, lr: 4.77e-06
     Epoch[6] Iteration[880/994], entropy: 0.4331, uncertainty: 2.1577, uncertainty_coeffi: 0.0010, loss: 0.1829, lr: 4.77e-06
     Epoch[6] Iteration[890/994], entropy: 0.4705, uncertainty: 2.1703, uncertainty_coeffi: 0.0010, loss: 0.1996, lr: 4.77e-06
     Epoch[6] Iteration[900/994], entropy: 0.3949, uncertainty: 2.1006, uncertainty_coeffi: 0.0010, loss: 0.1799, lr: 4.77e-06
     Epoch[6] Iteration[910/994], entropy: 0.4604, uncertainty: 2.2053, uncertainty_coeffi: 0.0010, loss: 0.1959, lr: 4.77e-06
     Epoch[6] Iteration[920/994], entropy: 0.3190, uncertainty: 2.0038, uncertainty_coeffi: 0.0010, loss: 0.1388, lr: 4.77e-06
     Epoch[6] Iteration[930/994], entropy: 0.2035, uncertainty: 1.9552, uncertainty_coeffi: 0.0010, loss: 0.0919, lr: 4.77e-06
     Epoch[6] Iteration[940/994], entropy: 0.5796, uncertainty: 2.1605, uncertainty_coeffi: 0.0010, loss: 0.2475, lr: 4.77e-06
     Epoch[6] Iteration[950/994], entropy: 0.5034, uncertainty: 2.2066, uncertainty_coeffi: 0.0010, loss: 0.2087, lr: 4.77e-06
     Epoch[6] Iteration[960/994], entropy: 0.3942, uncertainty: 2.0965, uncertainty_coeffi: 0.0010, loss: 0.1670, lr: 4.77e-06
     Epoch[6] Iteration[970/994], entropy: 0.5499, uncertainty: 2.1680, uncertainty_coeffi: 0.0010, loss: 0.2294, lr: 4.77e-06
     Epoch[6] Iteration[980/994], entropy: 0.4759, uncertainty: 2.2167, uncertainty_coeffi: 0.0010, loss: 0.2062, lr: 4.77e-06
     Epoch[6] Iteration[990/994], entropy: 0.2674, uncertainty: 1.9570, uncertainty_coeffi: 0.0010, loss: 0.1196, lr: 4.77e-06
     Averaged stats: entropy_avg: 0.4292, uncertainty_avg: 2.1226, uncertainty_coeffi_avg: 0.0010, loss_avg: 0.1851, lr_avg: 4.77e-06
     itm tta time 0:01:49
     Epoch[7] Iteration[10/994], entropy: 0.3090, uncertainty: 2.0495, uncertainty_coeffi: 0.0010, loss: 0.1359, lr: 5.00e-05
     Epoch[7] Iteration[20/994], entropy: 0.5713, uncertainty: 2.0810, uncertainty_coeffi: 0.0010, loss: 0.2457, lr: 5.00e-05
     Epoch[7] Iteration[30/994], entropy: 0.5486, uncertainty: 2.1878, uncertainty_coeffi: 0.0010, loss: 0.2259, lr: 5.00e-05
     Epoch[7] Iteration[40/994], entropy: 0.3890, uncertainty: 2.0958, uncertainty_coeffi: 0.0010, loss: 0.1719, lr: 5.00e-05
     Epoch[7] Iteration[50/994], entropy: 0.5882, uncertainty: 2.2617, uncertainty_coeffi: 0.0010, loss: 0.2480, lr: 5.00e-05
     Epoch[7] Iteration[60/994], entropy: 0.4762, uncertainty: 2.2456, uncertainty_coeffi: 0.0010, loss: 0.2051, lr: 5.00e-05
     Epoch[7] Iteration[70/994], entropy: 0.3660, uncertainty: 2.1964, uncertainty_coeffi: 0.0010, loss: 0.1510, lr: 5.00e-05
     Epoch[7] Iteration[80/994], entropy: 0.4758, uncertainty: 2.0983, uncertainty_coeffi: 0.0010, loss: 0.2036, lr: 5.00e-05
     Epoch[7] Iteration[90/994], entropy: 0.5069, uncertainty: 2.2482, uncertainty_coeffi: 0.0010, loss: 0.2166, lr: 5.00e-05
     Epoch[7] Iteration[100/994], entropy: 0.3862, uncertainty: 1.9336, uncertainty_coeffi: 0.0010, loss: 0.1757, lr: 5.00e-05
     Epoch[7] Iteration[110/994], entropy: 0.5355, uncertainty: 2.0446, uncertainty_coeffi: 0.0010, loss: 0.2348, lr: 5.00e-05
     Epoch[7] Iteration[120/994], entropy: 0.4518, uncertainty: 2.0914, uncertainty_coeffi: 0.0010, loss: 0.1929, lr: 5.00e-05
     Epoch[7] Iteration[130/994], entropy: 0.2812, uncertainty: 1.8943, uncertainty_coeffi: 0.0010, loss: 0.1291, lr: 5.00e-05
     Epoch[7] Iteration[140/994], entropy: 0.5039, uncertainty: 2.0626, uncertainty_coeffi: 0.0010, loss: 0.2099, lr: 5.00e-05
     Epoch[7] Iteration[150/994], entropy: 0.4313, uncertainty: 2.0229, uncertainty_coeffi: 0.0010, loss: 0.1810, lr: 5.00e-05
     Epoch[7] Iteration[160/994], entropy: 0.4260, uncertainty: 2.1816, uncertainty_coeffi: 0.0010, loss: 0.1830, lr: 5.00e-05
     Epoch[7] Iteration[170/994], entropy: 0.2718, uncertainty: 2.0274, uncertainty_coeffi: 0.0010, loss: 0.1315, lr: 5.00e-05
     Epoch[7] Iteration[180/994], entropy: 0.5004, uncertainty: 2.1026, uncertainty_coeffi: 0.0010, loss: 0.2152, lr: 5.00e-05
     Epoch[7] Iteration[190/994], entropy: 0.3790, uncertainty: 2.0577, uncertainty_coeffi: 0.0010, loss: 0.1645, lr: 5.00e-05
     Epoch[7] Iteration[200/994], entropy: 0.4929, uncertainty: 2.1689, uncertainty_coeffi: 0.0010, loss: 0.2161, lr: 5.00e-05
     Epoch[7] Iteration[210/994], entropy: 0.4488, uncertainty: 2.1752, uncertainty_coeffi: 0.0010, loss: 0.1922, lr: 5.00e-05
     Epoch[7] Iteration[220/994], entropy: 0.4856, uncertainty: 2.2536, uncertainty_coeffi: 0.0010, loss: 0.2087, lr: 5.00e-05
     Epoch[7] Iteration[230/994], entropy: 0.5024, uncertainty: 2.1417, uncertainty_coeffi: 0.0010, loss: 0.2132, lr: 5.00e-05
     Epoch[7] Iteration[240/994], entropy: 0.5837, uncertainty: 2.1307, uncertainty_coeffi: 0.0010, loss: 0.2515, lr: 5.00e-05
     Epoch[7] Iteration[250/994], entropy: 0.2028, uncertainty: 2.1024, uncertainty_coeffi: 0.0010, loss: 0.0917, lr: 5.00e-05
     Epoch[7] Iteration[260/994], entropy: 0.5775, uncertainty: 2.2206, uncertainty_coeffi: 0.0010, loss: 0.2571, lr: 5.00e-05
     Epoch[7] Iteration[270/994], entropy: 0.4043, uncertainty: 2.1416, uncertainty_coeffi: 0.0010, loss: 0.1722, lr: 5.00e-05
     Epoch[7] Iteration[280/994], entropy: 0.4182, uncertainty: 2.1666, uncertainty_coeffi: 0.0010, loss: 0.1752, lr: 5.00e-05
     Epoch[7] Iteration[290/994], entropy: 0.4134, uncertainty: 2.1258, uncertainty_coeffi: 0.0010, loss: 0.1778, lr: 5.00e-05
     Epoch[7] Iteration[300/994], entropy: 0.3675, uncertainty: 2.0271, uncertainty_coeffi: 0.0010, loss: 0.1640, lr: 5.00e-05
     Epoch[7] Iteration[310/994], entropy: 0.4023, uncertainty: 2.1325, uncertainty_coeffi: 0.0010, loss: 0.1738, lr: 5.00e-05
     Epoch[7] Iteration[320/994], entropy: 0.4898, uncertainty: 2.2159, uncertainty_coeffi: 0.0010, loss: 0.2080, lr: 5.00e-05
     Epoch[7] Iteration[330/994], entropy: 0.5943, uncertainty: 2.1067, uncertainty_coeffi: 0.0010, loss: 0.2559, lr: 5.00e-05
     Epoch[7] Iteration[340/994], entropy: 0.1592, uncertainty: 2.0321, uncertainty_coeffi: 0.0010, loss: 0.0745, lr: 5.00e-05
     Epoch[7] Iteration[350/994], entropy: 0.2465, uncertainty: 1.9877, uncertainty_coeffi: 0.0010, loss: 0.1088, lr: 5.00e-05
     Epoch[7] Iteration[360/994], entropy: 0.3634, uncertainty: 2.1652, uncertainty_coeffi: 0.0010, loss: 0.1562, lr: 5.00e-05
     Epoch[7] Iteration[370/994], entropy: 0.4509, uncertainty: 2.1710, uncertainty_coeffi: 0.0010, loss: 0.1928, lr: 5.00e-05
     Epoch[7] Iteration[380/994], entropy: 0.4084, uncertainty: 2.2093, uncertainty_coeffi: 0.0010, loss: 0.1748, lr: 5.00e-05
     Epoch[7] Iteration[390/994], entropy: 0.2431, uncertainty: 1.9959, uncertainty_coeffi: 0.0010, loss: 0.1080, lr: 5.00e-05
     Epoch[7] Iteration[400/994], entropy: 0.3205, uncertainty: 2.0114, uncertainty_coeffi: 0.0010, loss: 0.1459, lr: 5.00e-05
     Epoch[7] Iteration[410/994], entropy: 0.3638, uncertainty: 2.0887, uncertainty_coeffi: 0.0010, loss: 0.1592, lr: 5.00e-05
     Epoch[7] Iteration[420/994], entropy: 0.2931, uncertainty: 2.0334, uncertainty_coeffi: 0.0010, loss: 0.1360, lr: 5.00e-05
     Epoch[7] Iteration[430/994], entropy: 0.4182, uncertainty: 2.1030, uncertainty_coeffi: 0.0010, loss: 0.1795, lr: 5.00e-05
     Epoch[7] Iteration[440/994], entropy: 0.1905, uncertainty: 1.9828, uncertainty_coeffi: 0.0010, loss: 0.0891, lr: 5.00e-05
     Epoch[7] Iteration[450/994], entropy: 0.1895, uncertainty: 1.9715, uncertainty_coeffi: 0.0010, loss: 0.0854, lr: 5.00e-05
     Epoch[7] Iteration[460/994], entropy: 0.3345, uncertainty: 2.0910, uncertainty_coeffi: 0.0010, loss: 0.1472, lr: 5.00e-05
     Epoch[7] Iteration[470/994], entropy: 0.4882, uncertainty: 2.0738, uncertainty_coeffi: 0.0010, loss: 0.2133, lr: 5.00e-05
     Epoch[7] Iteration[480/994], entropy: 0.3751, uncertainty: 2.0752, uncertainty_coeffi: 0.0010, loss: 0.1599, lr: 5.00e-05
     Epoch[7] Iteration[490/994], entropy: 0.5461, uncertainty: 2.2291, uncertainty_coeffi: 0.0010, loss: 0.2243, lr: 5.00e-05
     Epoch[7] Iteration[500/994], entropy: 0.4452, uncertainty: 2.2018, uncertainty_coeffi: 0.0010, loss: 0.1906, lr: 5.00e-05
     Epoch[7] Iteration[510/994], entropy: 0.3384, uncertainty: 2.0641, uncertainty_coeffi: 0.0010, loss: 0.1522, lr: 5.00e-05
     Epoch[7] Iteration[520/994], entropy: 0.2678, uncertainty: 2.0915, uncertainty_coeffi: 0.0010, loss: 0.1219, lr: 5.00e-05
     Epoch[7] Iteration[530/994], entropy: 0.2271, uncertainty: 2.0735, uncertainty_coeffi: 0.0010, loss: 0.1053, lr: 5.00e-05
     Epoch[7] Iteration[540/994], entropy: 0.5059, uncertainty: 2.1922, uncertainty_coeffi: 0.0010, loss: 0.2094, lr: 5.00e-05
     Epoch[7] Iteration[550/994], entropy: 0.3928, uncertainty: 2.0168, uncertainty_coeffi: 0.0010, loss: 0.1788, lr: 5.00e-05
     Epoch[7] Iteration[560/994], entropy: 0.4578, uncertainty: 2.0796, uncertainty_coeffi: 0.0010, loss: 0.2045, lr: 5.00e-05
     Epoch[7] Iteration[570/994], entropy: 0.4118, uncertainty: 2.1786, uncertainty_coeffi: 0.0010, loss: 0.1808, lr: 5.00e-05
     Epoch[7] Iteration[580/994], entropy: 0.4116, uncertainty: 1.9623, uncertainty_coeffi: 0.0010, loss: 0.1775, lr: 5.00e-05
     Epoch[7] Iteration[590/994], entropy: 0.6357, uncertainty: 2.2905, uncertainty_coeffi: 0.0010, loss: 0.2637, lr: 5.00e-05
     Epoch[7] Iteration[600/994], entropy: 0.4611, uncertainty: 2.1529, uncertainty_coeffi: 0.0010, loss: 0.1967, lr: 5.00e-05
     Epoch[7] Iteration[610/994], entropy: 0.4339, uncertainty: 2.0649, uncertainty_coeffi: 0.0010, loss: 0.1905, lr: 5.00e-05
     Epoch[7] Iteration[620/994], entropy: 0.3311, uncertainty: 2.1051, uncertainty_coeffi: 0.0010, loss: 0.1434, lr: 5.00e-05
     Epoch[7] Iteration[630/994], entropy: 0.5696, uncertainty: 2.2860, uncertainty_coeffi: 0.0010, loss: 0.2389, lr: 5.00e-05
     Epoch[7] Iteration[640/994], entropy: 0.1884, uncertainty: 2.0092, uncertainty_coeffi: 0.0010, loss: 0.0878, lr: 5.00e-05
     Epoch[7] Iteration[650/994], entropy: 0.4142, uncertainty: 2.0323, uncertainty_coeffi: 0.0010, loss: 0.1758, lr: 5.00e-05
     Epoch[7] Iteration[660/994], entropy: 0.4598, uncertainty: 2.1069, uncertainty_coeffi: 0.0010, loss: 0.2043, lr: 5.00e-05
     Epoch[7] Iteration[670/994], entropy: 0.3681, uncertainty: 2.1719, uncertainty_coeffi: 0.0010, loss: 0.1558, lr: 5.00e-05
     Epoch[7] Iteration[680/994], entropy: 0.2289, uncertainty: 1.9650, uncertainty_coeffi: 0.0010, loss: 0.1083, lr: 5.00e-05
     Epoch[7] Iteration[690/994], entropy: 0.4043, uncertainty: 2.1177, uncertainty_coeffi: 0.0010, loss: 0.1717, lr: 5.00e-05
     Epoch[7] Iteration[700/994], entropy: 0.2217, uncertainty: 1.7759, uncertainty_coeffi: 0.0010, loss: 0.1108, lr: 5.00e-05
     Epoch[7] Iteration[710/994], entropy: 0.2223, uncertainty: 1.9635, uncertainty_coeffi: 0.0010, loss: 0.1007, lr: 5.00e-05
     Epoch[7] Iteration[720/994], entropy: 0.4733, uncertainty: 2.0993, uncertainty_coeffi: 0.0010, loss: 0.2040, lr: 5.00e-05
     Epoch[7] Iteration[730/994], entropy: 0.3935, uncertainty: 2.0673, uncertainty_coeffi: 0.0010, loss: 0.1741, lr: 5.00e-05
     Epoch[7] Iteration[740/994], entropy: 0.4062, uncertainty: 2.0944, uncertainty_coeffi: 0.0010, loss: 0.1761, lr: 5.00e-05
     Epoch[7] Iteration[750/994], entropy: 0.3897, uncertainty: 2.0765, uncertainty_coeffi: 0.0010, loss: 0.1748, lr: 5.00e-05
     Epoch[7] Iteration[760/994], entropy: 0.4756, uncertainty: 2.0294, uncertainty_coeffi: 0.0010, loss: 0.2021, lr: 5.00e-05
     Epoch[7] Iteration[770/994], entropy: 0.4881, uncertainty: 2.0275, uncertainty_coeffi: 0.0010, loss: 0.2116, lr: 5.00e-05
     Epoch[7] Iteration[780/994], entropy: 0.1465, uncertainty: 1.9663, uncertainty_coeffi: 0.0010, loss: 0.0701, lr: 5.00e-05
     Epoch[7] Iteration[790/994], entropy: 0.4553, uncertainty: 2.1253, uncertainty_coeffi: 0.0010, loss: 0.1965, lr: 5.00e-05
     Epoch[7] Iteration[800/994], entropy: 0.4519, uncertainty: 2.1689, uncertainty_coeffi: 0.0010, loss: 0.1968, lr: 5.00e-05
     Epoch[7] Iteration[810/994], entropy: 0.3516, uncertainty: 2.1216, uncertainty_coeffi: 0.0010, loss: 0.1582, lr: 5.00e-05
     Epoch[7] Iteration[820/994], entropy: 0.4742, uncertainty: 2.2173, uncertainty_coeffi: 0.0010, loss: 0.2011, lr: 5.00e-05
     Epoch[7] Iteration[830/994], entropy: 0.3735, uncertainty: 2.0527, uncertainty_coeffi: 0.0010, loss: 0.1667, lr: 5.00e-05
     Epoch[7] Iteration[840/994], entropy: 0.3920, uncertainty: 2.0530, uncertainty_coeffi: 0.0010, loss: 0.1741, lr: 5.00e-05
     Epoch[7] Iteration[850/994], entropy: 0.4870, uncertainty: 2.2615, uncertainty_coeffi: 0.0010, loss: 0.2079, lr: 5.00e-05
     Epoch[7] Iteration[860/994], entropy: 0.6073, uncertainty: 2.1323, uncertainty_coeffi: 0.0010, loss: 0.2627, lr: 5.00e-05
     Epoch[7] Iteration[870/994], entropy: 0.3256, uncertainty: 2.0793, uncertainty_coeffi: 0.0010, loss: 0.1377, lr: 5.00e-05
     Epoch[7] Iteration[880/994], entropy: 0.4607, uncertainty: 2.1300, uncertainty_coeffi: 0.0010, loss: 0.1987, lr: 5.00e-05
     Epoch[7] Iteration[890/994], entropy: 0.2552, uncertainty: 1.9965, uncertainty_coeffi: 0.0010, loss: 0.1133, lr: 5.00e-05
     Epoch[7] Iteration[900/994], entropy: 0.4089, uncertainty: 2.1041, uncertainty_coeffi: 0.0010, loss: 0.1806, lr: 5.00e-05
     Epoch[7] Iteration[910/994], entropy: 0.3208, uncertainty: 2.0718, uncertainty_coeffi: 0.0010, loss: 0.1452, lr: 5.00e-05
     Epoch[7] Iteration[920/994], entropy: 0.3592, uncertainty: 2.0419, uncertainty_coeffi: 0.0010, loss: 0.1538, lr: 5.00e-05
     Epoch[7] Iteration[930/994], entropy: 0.5127, uncertainty: 2.0777, uncertainty_coeffi: 0.0010, loss: 0.2275, lr: 5.00e-05
     Epoch[7] Iteration[940/994], entropy: 0.4965, uncertainty: 2.2238, uncertainty_coeffi: 0.0010, loss: 0.2041, lr: 5.00e-05
     Epoch[7] Iteration[950/994], entropy: 0.4832, uncertainty: 2.1832, uncertainty_coeffi: 0.0010, loss: 0.2056, lr: 5.00e-05
     Epoch[7] Iteration[960/994], entropy: 0.2884, uncertainty: 2.1343, uncertainty_coeffi: 0.0010, loss: 0.1304, lr: 5.00e-05
     Epoch[7] Iteration[970/994], entropy: 0.1691, uncertainty: 1.8919, uncertainty_coeffi: 0.0010, loss: 0.0827, lr: 5.00e-05
     Epoch[7] Iteration[980/994], entropy: 0.3378, uncertainty: 2.0340, uncertainty_coeffi: 0.0010, loss: 0.1464, lr: 5.00e-05
     Epoch[7] Iteration[990/994], entropy: 0.3102, uncertainty: 2.0657, uncertainty_coeffi: 0.0010, loss: 0.1382, lr: 5.00e-05
     Averaged stats: entropy_avg: 0.4006, uncertainty_avg: 2.0974, uncertainty_coeffi_avg: 0.0010, loss_avg: 0.1742, lr_avg: 5.00e-05
     itm tta time 0:01:49
     Epoch[8] Iteration[10/994], entropy: 0.5936, uncertainty: 2.1473, uncertainty_coeffi: 0.0010, loss: 0.2546, lr: 4.77e-06
     Epoch[8] Iteration[20/994], entropy: 0.2104, uncertainty: 2.0850, uncertainty_coeffi: 0.0010, loss: 0.0984, lr: 4.77e-06
     Epoch[8] Iteration[30/994], entropy: 0.3460, uncertainty: 2.1059, uncertainty_coeffi: 0.0010, loss: 0.1476, lr: 4.77e-06
     Epoch[8] Iteration[40/994], entropy: 0.4366, uncertainty: 2.0754, uncertainty_coeffi: 0.0010, loss: 0.1979, lr: 4.77e-06
     Epoch[8] Iteration[50/994], entropy: 0.4282, uncertainty: 2.1008, uncertainty_coeffi: 0.0010, loss: 0.1973, lr: 4.77e-06
     Epoch[8] Iteration[60/994], entropy: 0.3724, uncertainty: 1.8912, uncertainty_coeffi: 0.0010, loss: 0.1711, lr: 4.77e-06
     Epoch[8] Iteration[70/994], entropy: 0.4973, uncertainty: 2.2169, uncertainty_coeffi: 0.0010, loss: 0.2091, lr: 4.77e-06
     Epoch[8] Iteration[80/994], entropy: 0.4473, uncertainty: 2.2683, uncertainty_coeffi: 0.0010, loss: 0.1917, lr: 4.77e-06
     Epoch[8] Iteration[90/994], entropy: 0.5646, uncertainty: 2.2227, uncertainty_coeffi: 0.0010, loss: 0.2378, lr: 4.77e-06
     Epoch[8] Iteration[100/994], entropy: 0.1684, uncertainty: 1.9018, uncertainty_coeffi: 0.0010, loss: 0.0796, lr: 4.77e-06
     Epoch[8] Iteration[110/994], entropy: 0.3763, uncertainty: 2.1197, uncertainty_coeffi: 0.0010, loss: 0.1643, lr: 4.77e-06
     Epoch[8] Iteration[120/994], entropy: 0.3190, uncertainty: 2.0117, uncertainty_coeffi: 0.0010, loss: 0.1391, lr: 4.77e-06
     Epoch[8] Iteration[130/994], entropy: 0.3575, uncertainty: 1.9729, uncertainty_coeffi: 0.0010, loss: 0.1537, lr: 4.77e-06
     Epoch[8] Iteration[140/994], entropy: 0.3312, uncertainty: 2.1018, uncertainty_coeffi: 0.0010, loss: 0.1441, lr: 4.77e-06
     Epoch[8] Iteration[150/994], entropy: 0.3032, uncertainty: 2.0901, uncertainty_coeffi: 0.0010, loss: 0.1324, lr: 4.77e-06
     Epoch[8] Iteration[160/994], entropy: 0.5909, uncertainty: 2.1575, uncertainty_coeffi: 0.0010, loss: 0.2496, lr: 4.77e-06
     Epoch[8] Iteration[170/994], entropy: 0.6005, uncertainty: 2.2833, uncertainty_coeffi: 0.0010, loss: 0.2572, lr: 4.77e-06
     Epoch[8] Iteration[180/994], entropy: 0.2760, uncertainty: 2.1431, uncertainty_coeffi: 0.0010, loss: 0.1234, lr: 4.77e-06
     Epoch[8] Iteration[190/994], entropy: 0.5111, uncertainty: 2.1607, uncertainty_coeffi: 0.0010, loss: 0.2157, lr: 4.77e-06
     Epoch[8] Iteration[200/994], entropy: 0.2928, uncertainty: 1.9837, uncertainty_coeffi: 0.0010, loss: 0.1301, lr: 4.77e-06
     Epoch[8] Iteration[210/994], entropy: 0.4899, uncertainty: 2.1022, uncertainty_coeffi: 0.0010, loss: 0.2031, lr: 4.77e-06
     Epoch[8] Iteration[220/994], entropy: 0.4219, uncertainty: 2.0385, uncertainty_coeffi: 0.0010, loss: 0.1765, lr: 4.77e-06
     Epoch[8] Iteration[230/994], entropy: 0.2039, uncertainty: 2.0927, uncertainty_coeffi: 0.0010, loss: 0.0939, lr: 4.77e-06
     Epoch[8] Iteration[240/994], entropy: 0.4000, uncertainty: 2.1555, uncertainty_coeffi: 0.0010, loss: 0.1720, lr: 4.77e-06
     Epoch[8] Iteration[250/994], entropy: 0.3943, uncertainty: 2.0965, uncertainty_coeffi: 0.0010, loss: 0.1690, lr: 4.77e-06
     Epoch[8] Iteration[260/994], entropy: 0.4471, uncertainty: 2.1147, uncertainty_coeffi: 0.0010, loss: 0.1894, lr: 4.77e-06
     Epoch[8] Iteration[270/994], entropy: 0.4318, uncertainty: 2.2477, uncertainty_coeffi: 0.0010, loss: 0.1862, lr: 4.77e-06
     Epoch[8] Iteration[280/994], entropy: 0.4298, uncertainty: 2.1603, uncertainty_coeffi: 0.0010, loss: 0.1862, lr: 4.77e-06
     Epoch[8] Iteration[290/994], entropy: 0.4585, uncertainty: 2.1992, uncertainty_coeffi: 0.0010, loss: 0.2016, lr: 4.77e-06
     Epoch[8] Iteration[300/994], entropy: 0.5082, uncertainty: 2.2165, uncertainty_coeffi: 0.0010, loss: 0.2170, lr: 4.77e-06
     Epoch[8] Iteration[310/994], entropy: 0.5229, uncertainty: 2.0829, uncertainty_coeffi: 0.0010, loss: 0.2208, lr: 4.77e-06
     Epoch[8] Iteration[320/994], entropy: 0.3902, uncertainty: 2.0409, uncertainty_coeffi: 0.0010, loss: 0.1633, lr: 4.77e-06
     Epoch[8] Iteration[330/994], entropy: 0.4436, uncertainty: 2.0947, uncertainty_coeffi: 0.0010, loss: 0.1924, lr: 4.77e-06
     Epoch[8] Iteration[340/994], entropy: 0.3450, uncertainty: 2.0411, uncertainty_coeffi: 0.0010, loss: 0.1585, lr: 4.77e-06
     Epoch[8] Iteration[350/994], entropy: 0.4110, uncertainty: 2.1059, uncertainty_coeffi: 0.0010, loss: 0.1759, lr: 4.77e-06
     Epoch[8] Iteration[360/994], entropy: 0.3410, uncertainty: 2.0682, uncertainty_coeffi: 0.0010, loss: 0.1517, lr: 4.77e-06
     Epoch[8] Iteration[370/994], entropy: 0.3437, uncertainty: 2.0658, uncertainty_coeffi: 0.0010, loss: 0.1513, lr: 4.77e-06
     Epoch[8] Iteration[380/994], entropy: 0.3441, uncertainty: 1.9448, uncertainty_coeffi: 0.0010, loss: 0.1608, lr: 4.77e-06
     Epoch[8] Iteration[390/994], entropy: 0.3109, uncertainty: 2.0831, uncertainty_coeffi: 0.0010, loss: 0.1351, lr: 4.77e-06
     Epoch[8] Iteration[400/994], entropy: 0.4742, uncertainty: 2.0948, uncertainty_coeffi: 0.0010, loss: 0.2021, lr: 4.77e-06
     Epoch[8] Iteration[410/994], entropy: 0.4253, uncertainty: 2.0737, uncertainty_coeffi: 0.0010, loss: 0.1827, lr: 4.77e-06
     Epoch[8] Iteration[420/994], entropy: 0.3606, uncertainty: 2.0483, uncertainty_coeffi: 0.0010, loss: 0.1641, lr: 4.77e-06
     Epoch[8] Iteration[430/994], entropy: 0.1850, uncertainty: 2.0282, uncertainty_coeffi: 0.0010, loss: 0.0880, lr: 4.77e-06
     Epoch[8] Iteration[440/994], entropy: 0.5077, uncertainty: 2.1604, uncertainty_coeffi: 0.0010, loss: 0.2171, lr: 4.77e-06
     Epoch[8] Iteration[450/994], entropy: 0.6242, uncertainty: 2.2001, uncertainty_coeffi: 0.0010, loss: 0.2536, lr: 4.77e-06
     Epoch[8] Iteration[460/994], entropy: 0.3373, uncertainty: 2.0886, uncertainty_coeffi: 0.0010, loss: 0.1478, lr: 4.77e-06
     Epoch[8] Iteration[470/994], entropy: 0.3548, uncertainty: 2.0781, uncertainty_coeffi: 0.0010, loss: 0.1539, lr: 4.77e-06
     Epoch[8] Iteration[480/994], entropy: 0.3546, uncertainty: 2.1134, uncertainty_coeffi: 0.0010, loss: 0.1515, lr: 4.77e-06
     Epoch[8] Iteration[490/994], entropy: 0.2745, uncertainty: 2.0587, uncertainty_coeffi: 0.0010, loss: 0.1221, lr: 4.77e-06
     Epoch[8] Iteration[500/994], entropy: 0.2694, uncertainty: 1.9985, uncertainty_coeffi: 0.0010, loss: 0.1141, lr: 4.77e-06
     Epoch[8] Iteration[510/994], entropy: 0.3888, uncertainty: 2.2360, uncertainty_coeffi: 0.0010, loss: 0.1674, lr: 4.77e-06
     Epoch[8] Iteration[520/994], entropy: 0.4906, uncertainty: 2.1129, uncertainty_coeffi: 0.0010, loss: 0.2096, lr: 4.77e-06
     Epoch[8] Iteration[530/994], entropy: 0.4194, uncertainty: 2.1834, uncertainty_coeffi: 0.0010, loss: 0.1818, lr: 4.77e-06
     Epoch[8] Iteration[540/994], entropy: 0.4908, uncertainty: 2.2399, uncertainty_coeffi: 0.0010, loss: 0.2064, lr: 4.77e-06
     Epoch[8] Iteration[550/994], entropy: 0.5341, uncertainty: 2.1502, uncertainty_coeffi: 0.0010, loss: 0.2249, lr: 4.77e-06
     Epoch[8] Iteration[560/994], entropy: 0.6229, uncertainty: 2.2227, uncertainty_coeffi: 0.0010, loss: 0.2606, lr: 4.77e-06
     Epoch[8] Iteration[570/994], entropy: 0.5987, uncertainty: 2.1076, uncertainty_coeffi: 0.0010, loss: 0.2642, lr: 4.77e-06
     Epoch[8] Iteration[580/994], entropy: 0.4946, uncertainty: 2.1953, uncertainty_coeffi: 0.0010, loss: 0.2105, lr: 4.77e-06
     Epoch[8] Iteration[590/994], entropy: 0.5101, uncertainty: 2.2121, uncertainty_coeffi: 0.0010, loss: 0.2198, lr: 4.77e-06
     Epoch[8] Iteration[600/994], entropy: 0.5267, uncertainty: 2.2137, uncertainty_coeffi: 0.0010, loss: 0.2182, lr: 4.77e-06
     Epoch[8] Iteration[610/994], entropy: 0.3642, uncertainty: 2.0584, uncertainty_coeffi: 0.0010, loss: 0.1552, lr: 4.77e-06
     Epoch[8] Iteration[620/994], entropy: 0.2232, uncertainty: 2.0443, uncertainty_coeffi: 0.0010, loss: 0.1029, lr: 4.77e-06
     Epoch[8] Iteration[630/994], entropy: 0.5439, uncertainty: 2.0720, uncertainty_coeffi: 0.0010, loss: 0.2261, lr: 4.77e-06
     Epoch[8] Iteration[640/994], entropy: 0.4559, uncertainty: 2.2158, uncertainty_coeffi: 0.0010, loss: 0.1988, lr: 4.77e-06
     Epoch[8] Iteration[650/994], entropy: 0.4777, uncertainty: 2.0860, uncertainty_coeffi: 0.0010, loss: 0.2060, lr: 4.77e-06
     Epoch[8] Iteration[660/994], entropy: 0.3154, uncertainty: 2.0781, uncertainty_coeffi: 0.0010, loss: 0.1415, lr: 4.77e-06
     Epoch[8] Iteration[670/994], entropy: 0.4583, uncertainty: 2.1663, uncertainty_coeffi: 0.0010, loss: 0.1927, lr: 4.77e-06
     Epoch[8] Iteration[680/994], entropy: 0.3726, uncertainty: 1.9768, uncertainty_coeffi: 0.0010, loss: 0.1617, lr: 4.77e-06
     Epoch[8] Iteration[690/994], entropy: 0.2543, uncertainty: 2.0797, uncertainty_coeffi: 0.0010, loss: 0.1163, lr: 4.77e-06
     Epoch[8] Iteration[700/994], entropy: 0.4059, uncertainty: 2.1533, uncertainty_coeffi: 0.0010, loss: 0.1697, lr: 4.77e-06
     Epoch[8] Iteration[710/994], entropy: 0.5060, uncertainty: 2.1180, uncertainty_coeffi: 0.0010, loss: 0.2142, lr: 4.77e-06
     Epoch[8] Iteration[720/994], entropy: 0.1236, uncertainty: 1.9618, uncertainty_coeffi: 0.0010, loss: 0.0566, lr: 1.73e-05
     Epoch[8] Iteration[730/994], entropy: 0.6090, uncertainty: 2.2175, uncertainty_coeffi: 0.0010, loss: 0.2544, lr: 1.73e-05
     Epoch[8] Iteration[740/994], entropy: 0.4689, uncertainty: 2.0951, uncertainty_coeffi: 0.0010, loss: 0.1982, lr: 1.73e-05
     Epoch[8] Iteration[750/994], entropy: 0.3636, uncertainty: 2.0188, uncertainty_coeffi: 0.0010, loss: 0.1611, lr: 1.73e-05
     Epoch[8] Iteration[760/994], entropy: 0.5123, uncertainty: 2.1514, uncertainty_coeffi: 0.0010, loss: 0.2199, lr: 1.73e-05
     Epoch[8] Iteration[770/994], entropy: 0.5475, uncertainty: 2.0909, uncertainty_coeffi: 0.0010, loss: 0.2375, lr: 1.73e-05
     Epoch[8] Iteration[780/994], entropy: 0.3743, uncertainty: 2.0561, uncertainty_coeffi: 0.0010, loss: 0.1539, lr: 1.73e-05
     Epoch[8] Iteration[790/994], entropy: 0.3960, uncertainty: 2.0737, uncertainty_coeffi: 0.0010, loss: 0.1739, lr: 1.73e-05
     Epoch[8] Iteration[800/994], entropy: 0.2479, uncertainty: 1.9298, uncertainty_coeffi: 0.0010, loss: 0.1202, lr: 1.73e-05
     Epoch[8] Iteration[810/994], entropy: 0.4169, uncertainty: 2.1928, uncertainty_coeffi: 0.0010, loss: 0.1802, lr: 1.73e-05
     Epoch[8] Iteration[820/994], entropy: 0.4998, uncertainty: 2.2222, uncertainty_coeffi: 0.0010, loss: 0.2186, lr: 1.73e-05
     Epoch[8] Iteration[830/994], entropy: 0.3579, uncertainty: 2.1367, uncertainty_coeffi: 0.0010, loss: 0.1523, lr: 1.73e-05
     Epoch[8] Iteration[840/994], entropy: 0.3576, uncertainty: 2.1559, uncertainty_coeffi: 0.0010, loss: 0.1585, lr: 1.73e-05
     Epoch[8] Iteration[850/994], entropy: 0.3778, uncertainty: 2.0463, uncertainty_coeffi: 0.0010, loss: 0.1589, lr: 1.73e-05
     Epoch[8] Iteration[860/994], entropy: 0.3279, uncertainty: 2.1133, uncertainty_coeffi: 0.0010, loss: 0.1421, lr: 1.73e-05
     Epoch[8] Iteration[870/994], entropy: 0.5297, uncertainty: 2.2036, uncertainty_coeffi: 0.0010, loss: 0.2241, lr: 1.73e-05
     Epoch[8] Iteration[880/994], entropy: 0.2864, uncertainty: 2.1078, uncertainty_coeffi: 0.0010, loss: 0.1253, lr: 1.73e-05
     Epoch[8] Iteration[890/994], entropy: 0.3917, uncertainty: 2.1337, uncertainty_coeffi: 0.0010, loss: 0.1677, lr: 1.73e-05
     Epoch[8] Iteration[900/994], entropy: 0.3297, uncertainty: 1.9685, uncertainty_coeffi: 0.0010, loss: 0.1411, lr: 1.73e-05
     Epoch[8] Iteration[910/994], entropy: 0.4355, uncertainty: 2.1484, uncertainty_coeffi: 0.0010, loss: 0.1847, lr: 1.73e-05
     Epoch[8] Iteration[920/994], entropy: 0.1809, uncertainty: 2.0507, uncertainty_coeffi: 0.0010, loss: 0.0805, lr: 1.73e-05
     Epoch[8] Iteration[930/994], entropy: 0.4897, uncertainty: 2.2088, uncertainty_coeffi: 0.0010, loss: 0.2070, lr: 1.73e-05
     Epoch[8] Iteration[940/994], entropy: 0.3375, uncertainty: 2.1731, uncertainty_coeffi: 0.0010, loss: 0.1464, lr: 1.73e-05
     Epoch[8] Iteration[950/994], entropy: 0.5573, uncertainty: 2.1670, uncertainty_coeffi: 0.0010, loss: 0.2396, lr: 1.73e-05
     Epoch[8] Iteration[960/994], entropy: 0.7356, uncertainty: 2.2326, uncertainty_coeffi: 0.0010, loss: 0.3023, lr: 1.73e-05
     Epoch[8] Iteration[970/994], entropy: 0.1599, uncertainty: 1.8065, uncertainty_coeffi: 0.0010, loss: 0.0800, lr: 1.73e-05
     Epoch[8] Iteration[980/994], entropy: 0.3631, uncertainty: 2.0615, uncertainty_coeffi: 0.0010, loss: 0.1596, lr: 1.73e-05
     Epoch[8] Iteration[990/994], entropy: 0.4810, uncertainty: 2.2374, uncertainty_coeffi: 0.0010, loss: 0.2102, lr: 1.73e-05
     Averaged stats: entropy_avg: 0.4095, uncertainty_avg: 2.1093, uncertainty_coeffi_avg: 0.0010, loss_avg: 0.1768, lr_avg: 8.31e-06
     itm tta time 0:01:49
     Epoch[9] Iteration[10/994], entropy: 0.3802, uncertainty: 2.0857, uncertainty_coeffi: 0.0010, loss: 0.1577, lr: 1.73e-05
     Epoch[9] Iteration[20/994], entropy: 0.3828, uncertainty: 2.0899, uncertainty_coeffi: 0.0010, loss: 0.1666, lr: 1.73e-05
     Epoch[9] Iteration[30/994], entropy: 0.2842, uncertainty: 1.9402, uncertainty_coeffi: 0.0010, loss: 0.1302, lr: 1.73e-05
     Epoch[9] Iteration[40/994], entropy: 0.3265, uncertainty: 2.0700, uncertainty_coeffi: 0.0010, loss: 0.1413, lr: 1.73e-05
     Epoch[9] Iteration[50/994], entropy: 0.6169, uncertainty: 2.2482, uncertainty_coeffi: 0.0010, loss: 0.2603, lr: 1.73e-05
     Epoch[9] Iteration[60/994], entropy: 0.4209, uncertainty: 2.2142, uncertainty_coeffi: 0.0010, loss: 0.1773, lr: 1.73e-05
     Epoch[9] Iteration[70/994], entropy: 0.4660, uncertainty: 2.1646, uncertainty_coeffi: 0.0010, loss: 0.1939, lr: 1.73e-05
     Epoch[9] Iteration[80/994], entropy: 0.4434, uncertainty: 2.0401, uncertainty_coeffi: 0.0010, loss: 0.1862, lr: 1.73e-05
     Epoch[9] Iteration[90/994], entropy: 0.4983, uncertainty: 2.0829, uncertainty_coeffi: 0.0010, loss: 0.2101, lr: 1.73e-05
     Epoch[9] Iteration[100/994], entropy: 0.5570, uncertainty: 2.2515, uncertainty_coeffi: 0.0010, loss: 0.2365, lr: 1.73e-05
     Epoch[9] Iteration[110/994], entropy: 0.1474, uncertainty: 2.0376, uncertainty_coeffi: 0.0010, loss: 0.0656, lr: 1.73e-05
     Epoch[9] Iteration[120/994], entropy: 0.1484, uncertainty: 1.8192, uncertainty_coeffi: 0.0010, loss: 0.0722, lr: 1.73e-05
     Epoch[9] Iteration[130/994], entropy: 0.4207, uncertainty: 2.1163, uncertainty_coeffi: 0.0010, loss: 0.1842, lr: 1.73e-05
     Epoch[9] Iteration[140/994], entropy: 0.5623, uncertainty: 2.1187, uncertainty_coeffi: 0.0010, loss: 0.2382, lr: 1.73e-05
     Epoch[9] Iteration[150/994], entropy: 0.3378, uncertainty: 2.0687, uncertainty_coeffi: 0.0010, loss: 0.1558, lr: 1.73e-05
     Epoch[9] Iteration[160/994], entropy: 0.3080, uncertainty: 2.0461, uncertainty_coeffi: 0.0010, loss: 0.1328, lr: 1.73e-05
     Epoch[9] Iteration[170/994], entropy: 0.4898, uncertainty: 2.0948, uncertainty_coeffi: 0.0010, loss: 0.2126, lr: 1.73e-05
     Epoch[9] Iteration[180/994], entropy: 0.4547, uncertainty: 2.0553, uncertainty_coeffi: 0.0010, loss: 0.1962, lr: 1.73e-05
     Epoch[9] Iteration[190/994], entropy: 0.5329, uncertainty: 2.1913, uncertainty_coeffi: 0.0010, loss: 0.2216, lr: 1.73e-05
     Epoch[9] Iteration[200/994], entropy: 0.2996, uncertainty: 2.0476, uncertainty_coeffi: 0.0010, loss: 0.1270, lr: 1.73e-05
     Epoch[9] Iteration[210/994], entropy: 0.5333, uncertainty: 2.1778, uncertainty_coeffi: 0.0010, loss: 0.2278, lr: 1.73e-05
     Epoch[9] Iteration[220/994], entropy: 0.4221, uncertainty: 2.0281, uncertainty_coeffi: 0.0010, loss: 0.1855, lr: 1.73e-05
     Epoch[9] Iteration[230/994], entropy: 0.5524, uncertainty: 2.1726, uncertainty_coeffi: 0.0010, loss: 0.2318, lr: 1.73e-05
     Epoch[9] Iteration[240/994], entropy: 0.2107, uncertainty: 1.9598, uncertainty_coeffi: 0.0010, loss: 0.0957, lr: 1.73e-05
     Epoch[9] Iteration[250/994], entropy: 0.5399, uncertainty: 2.0778, uncertainty_coeffi: 0.0010, loss: 0.2350, lr: 1.73e-05
     Epoch[9] Iteration[260/994], entropy: 0.2246, uncertainty: 2.0372, uncertainty_coeffi: 0.0010, loss: 0.1006, lr: 1.73e-05
     Epoch[9] Iteration[270/994], entropy: 0.2404, uncertainty: 1.9844, uncertainty_coeffi: 0.0010, loss: 0.1157, lr: 1.73e-05
     Epoch[9] Iteration[280/994], entropy: 0.5886, uncertainty: 2.2257, uncertainty_coeffi: 0.0010, loss: 0.2400, lr: 1.73e-05
     Epoch[9] Iteration[290/994], entropy: 0.4583, uncertainty: 2.1194, uncertainty_coeffi: 0.0010, loss: 0.1971, lr: 1.73e-05
     Epoch[9] Iteration[300/994], entropy: 0.4875, uncertainty: 2.2531, uncertainty_coeffi: 0.0010, loss: 0.2085, lr: 1.73e-05
     Epoch[9] Iteration[310/994], entropy: 0.4137, uncertainty: 2.1249, uncertainty_coeffi: 0.0010, loss: 0.1857, lr: 1.73e-05
     Epoch[9] Iteration[320/994], entropy: 0.3263, uncertainty: 1.9861, uncertainty_coeffi: 0.0010, loss: 0.1466, lr: 1.73e-05
     Epoch[9] Iteration[330/994], entropy: 0.3924, uncertainty: 2.0227, uncertainty_coeffi: 0.0010, loss: 0.1676, lr: 1.73e-05
     Epoch[9] Iteration[340/994], entropy: 0.4411, uncertainty: 2.0610, uncertainty_coeffi: 0.0010, loss: 0.1901, lr: 1.73e-05
     Epoch[9] Iteration[350/994], entropy: 0.3584, uncertainty: 2.1213, uncertainty_coeffi: 0.0010, loss: 0.1563, lr: 1.73e-05
     Epoch[9] Iteration[360/994], entropy: 0.2090, uncertainty: 2.0186, uncertainty_coeffi: 0.0010, loss: 0.0945, lr: 1.73e-05
     Epoch[9] Iteration[370/994], entropy: 0.5350, uncertainty: 2.2484, uncertainty_coeffi: 0.0010, loss: 0.2219, lr: 1.73e-05
     Epoch[9] Iteration[380/994], entropy: 0.4161, uncertainty: 2.0295, uncertainty_coeffi: 0.0010, loss: 0.1802, lr: 1.73e-05
     Epoch[9] Iteration[390/994], entropy: 0.5314, uncertainty: 2.1669, uncertainty_coeffi: 0.0010, loss: 0.2285, lr: 1.73e-05
     Epoch[9] Iteration[400/994], entropy: 0.4987, uncertainty: 2.2368, uncertainty_coeffi: 0.0010, loss: 0.2096, lr: 1.73e-05
     Epoch[9] Iteration[410/994], entropy: 0.4272, uncertainty: 1.9937, uncertainty_coeffi: 0.0010, loss: 0.1818, lr: 1.73e-05
     Epoch[9] Iteration[420/994], entropy: 0.5473, uncertainty: 2.1788, uncertainty_coeffi: 0.0010, loss: 0.2343, lr: 1.73e-05
     Epoch[9] Iteration[430/994], entropy: 0.4524, uncertainty: 2.1070, uncertainty_coeffi: 0.0010, loss: 0.1948, lr: 1.73e-05
     Epoch[9] Iteration[440/994], entropy: 0.2684, uncertainty: 2.0948, uncertainty_coeffi: 0.0010, loss: 0.1198, lr: 1.73e-05
     Epoch[9] Iteration[450/994], entropy: 0.3666, uncertainty: 2.1073, uncertainty_coeffi: 0.0010, loss: 0.1612, lr: 1.73e-05
     Epoch[9] Iteration[460/994], entropy: 0.3289, uncertainty: 2.1640, uncertainty_coeffi: 0.0010, loss: 0.1411, lr: 1.73e-05
     Epoch[9] Iteration[470/994], entropy: 0.6197, uncertainty: 2.2314, uncertainty_coeffi: 0.0010, loss: 0.2582, lr: 1.73e-05
     Epoch[9] Iteration[480/994], entropy: 0.4038, uncertainty: 2.0257, uncertainty_coeffi: 0.0010, loss: 0.1783, lr: 1.73e-05
     Epoch[9] Iteration[490/994], entropy: 0.3050, uncertainty: 2.0988, uncertainty_coeffi: 0.0010, loss: 0.1366, lr: 1.73e-05
     Epoch[9] Iteration[500/994], entropy: 0.5353, uncertainty: 2.2172, uncertainty_coeffi: 0.0010, loss: 0.2261, lr: 1.73e-05
     Epoch[9] Iteration[510/994], entropy: 0.3093, uncertainty: 1.9935, uncertainty_coeffi: 0.0010, loss: 0.1404, lr: 1.73e-05
     Epoch[9] Iteration[520/994], entropy: 0.2664, uncertainty: 1.9966, uncertainty_coeffi: 0.0010, loss: 0.1245, lr: 1.73e-05
     Epoch[9] Iteration[530/994], entropy: 0.4749, uncertainty: 2.1140, uncertainty_coeffi: 0.0010, loss: 0.2081, lr: 1.73e-05
     Epoch[9] Iteration[540/994], entropy: 0.4052, uncertainty: 2.1154, uncertainty_coeffi: 0.0010, loss: 0.1757, lr: 1.73e-05
     Epoch[9] Iteration[550/994], entropy: 0.4618, uncertainty: 2.1319, uncertainty_coeffi: 0.0010, loss: 0.2043, lr: 1.73e-05
     Epoch[9] Iteration[560/994], entropy: 0.2239, uncertainty: 1.8805, uncertainty_coeffi: 0.0010, loss: 0.0984, lr: 1.73e-05
     Epoch[9] Iteration[570/994], entropy: 0.3330, uncertainty: 1.9784, uncertainty_coeffi: 0.0010, loss: 0.1446, lr: 1.73e-05
     Epoch[9] Iteration[580/994], entropy: 0.6660, uncertainty: 2.2985, uncertainty_coeffi: 0.0010, loss: 0.2730, lr: 1.73e-05
     Epoch[9] Iteration[590/994], entropy: 0.4777, uncertainty: 2.1695, uncertainty_coeffi: 0.0010, loss: 0.2025, lr: 1.73e-05
     Epoch[9] Iteration[600/994], entropy: 0.3634, uncertainty: 2.0294, uncertainty_coeffi: 0.0010, loss: 0.1569, lr: 1.73e-05
     Epoch[9] Iteration[610/994], entropy: 0.5743, uncertainty: 2.1663, uncertainty_coeffi: 0.0010, loss: 0.2428, lr: 1.73e-05
     Epoch[9] Iteration[620/994], entropy: 0.3169, uncertainty: 2.1046, uncertainty_coeffi: 0.0010, loss: 0.1403, lr: 1.73e-05
     Epoch[9] Iteration[630/994], entropy: 0.6036, uncertainty: 2.1508, uncertainty_coeffi: 0.0010, loss: 0.2477, lr: 1.73e-05
     Epoch[9] Iteration[640/994], entropy: 0.2563, uncertainty: 1.9683, uncertainty_coeffi: 0.0010, loss: 0.1229, lr: 1.73e-05
     Epoch[9] Iteration[650/994], entropy: 0.3808, uncertainty: 2.0011, uncertainty_coeffi: 0.0010, loss: 0.1741, lr: 1.73e-05
     Epoch[9] Iteration[660/994], entropy: 0.5300, uncertainty: 2.1534, uncertainty_coeffi: 0.0010, loss: 0.2286, lr: 1.73e-05
     Epoch[9] Iteration[670/994], entropy: 0.4512, uncertainty: 2.1407, uncertainty_coeffi: 0.0010, loss: 0.1879, lr: 1.73e-05
     Epoch[9] Iteration[680/994], entropy: 0.2971, uncertainty: 1.9593, uncertainty_coeffi: 0.0010, loss: 0.1412, lr: 1.73e-05
     Epoch[9] Iteration[690/994], entropy: 0.3513, uncertainty: 2.1816, uncertainty_coeffi: 0.0010, loss: 0.1513, lr: 1.73e-05
     Epoch[9] Iteration[700/994], entropy: 0.4497, uncertainty: 2.1446, uncertainty_coeffi: 0.0010, loss: 0.1938, lr: 1.73e-05
     Epoch[9] Iteration[710/994], entropy: 0.4050, uncertainty: 2.0742, uncertainty_coeffi: 0.0010, loss: 0.1736, lr: 1.73e-05
     Epoch[9] Iteration[720/994], entropy: 0.5413, uncertainty: 2.1216, uncertainty_coeffi: 0.0010, loss: 0.2407, lr: 1.73e-05
     Epoch[9] Iteration[730/994], entropy: 0.4821, uncertainty: 2.1453, uncertainty_coeffi: 0.0010, loss: 0.2037, lr: 1.73e-05
     Epoch[9] Iteration[740/994], entropy: 0.2718, uncertainty: 2.1046, uncertainty_coeffi: 0.0010, loss: 0.1235, lr: 1.73e-05
     Epoch[9] Iteration[750/994], entropy: 0.5579, uncertainty: 2.0963, uncertainty_coeffi: 0.0010, loss: 0.2412, lr: 1.73e-05
     Epoch[9] Iteration[760/994], entropy: 0.4019, uncertainty: 2.1855, uncertainty_coeffi: 0.0010, loss: 0.1731, lr: 1.73e-05
     Epoch[9] Iteration[770/994], entropy: 0.4184, uncertainty: 2.1579, uncertainty_coeffi: 0.0010, loss: 0.1772, lr: 1.73e-05
     Epoch[9] Iteration[780/994], entropy: 0.4071, uncertainty: 2.0360, uncertainty_coeffi: 0.0010, loss: 0.1815, lr: 1.73e-05
     Epoch[9] Iteration[790/994], entropy: 0.3884, uncertainty: 1.9852, uncertainty_coeffi: 0.0010, loss: 0.1682, lr: 1.73e-05
     Epoch[9] Iteration[800/994], entropy: 0.4106, uncertainty: 2.0705, uncertainty_coeffi: 0.0010, loss: 0.1790, lr: 1.73e-05
     Epoch[9] Iteration[810/994], entropy: 0.3814, uncertainty: 2.0690, uncertainty_coeffi: 0.0010, loss: 0.1705, lr: 1.73e-05
     Epoch[9] Iteration[820/994], entropy: 0.4081, uncertainty: 2.2422, uncertainty_coeffi: 0.0010, loss: 0.1763, lr: 1.73e-05
     Epoch[9] Iteration[830/994], entropy: 0.5886, uncertainty: 2.2028, uncertainty_coeffi: 0.0010, loss: 0.2520, lr: 1.73e-05
     Epoch[9] Iteration[840/994], entropy: 0.3696, uncertainty: 2.2018, uncertainty_coeffi: 0.0010, loss: 0.1557, lr: 1.73e-05
     Epoch[9] Iteration[850/994], entropy: 0.5074, uncertainty: 2.1293, uncertainty_coeffi: 0.0010, loss: 0.2167, lr: 1.73e-05
     Epoch[9] Iteration[860/994], entropy: 0.4073, uncertainty: 2.0575, uncertainty_coeffi: 0.0010, loss: 0.1739, lr: 1.73e-05
     Epoch[9] Iteration[870/994], entropy: 0.4513, uncertainty: 2.1373, uncertainty_coeffi: 0.0010, loss: 0.1921, lr: 1.73e-05
     Epoch[9] Iteration[880/994], entropy: 0.3541, uncertainty: 2.2299, uncertainty_coeffi: 0.0010, loss: 0.1564, lr: 1.73e-05
     Epoch[9] Iteration[890/994], entropy: 0.4104, uncertainty: 2.0055, uncertainty_coeffi: 0.0010, loss: 0.1801, lr: 1.73e-05
     Epoch[9] Iteration[900/994], entropy: 0.4107, uncertainty: 2.0746, uncertainty_coeffi: 0.0010, loss: 0.1790, lr: 1.73e-05
     Epoch[9] Iteration[910/994], entropy: 0.2431, uncertainty: 2.0568, uncertainty_coeffi: 0.0010, loss: 0.1129, lr: 1.73e-05
     Epoch[9] Iteration[920/994], entropy: 0.3975, uncertainty: 2.1624, uncertainty_coeffi: 0.0010, loss: 0.1712, lr: 1.73e-05
     Epoch[9] Iteration[930/994], entropy: 0.4836, uncertainty: 1.9859, uncertainty_coeffi: 0.0010, loss: 0.2136, lr: 1.73e-05
     Epoch[9] Iteration[940/994], entropy: 0.2960, uncertainty: 2.1156, uncertainty_coeffi: 0.0010, loss: 0.1338, lr: 1.73e-05
     Epoch[9] Iteration[950/994], entropy: 0.3612, uncertainty: 2.1133, uncertainty_coeffi: 0.0010, loss: 0.1506, lr: 1.73e-05
     Epoch[9] Iteration[960/994], entropy: 0.5403, uncertainty: 2.2358, uncertainty_coeffi: 0.0010, loss: 0.2285, lr: 1.73e-05
     Epoch[9] Iteration[970/994], entropy: 0.3292, uncertainty: 2.0122, uncertainty_coeffi: 0.0010, loss: 0.1488, lr: 1.73e-05
     Epoch[9] Iteration[980/994], entropy: 0.4512, uncertainty: 2.1664, uncertainty_coeffi: 0.0010, loss: 0.1934, lr: 1.73e-05
     Epoch[9] Iteration[990/994], entropy: 0.4437, uncertainty: 2.2305, uncertainty_coeffi: 0.0010, loss: 0.1863, lr: 1.73e-05
     Averaged stats: entropy_avg: 0.4144, uncertainty_avg: 2.1024, uncertainty_coeffi_avg: 0.0010, loss_avg: 0.1791, lr_avg: 1.73e-05
     itm tta time 0:01:49
### TTA Eval Score: 
+-------+--------+--------+--------+--------+-------+
| epoch |   R1   |   R5   |  R10   |  mAP   |  mINP |
+-------+--------+--------+--------+--------+-------+
|  -999 | 60.656 | 77.499 | 83.268 | 35.543 | 6.006 |
|   0   | 61.573 | 77.514 | 83.293 | 36.060 | 6.049 |
|   1   | 61.774 | 77.544 | 83.097 | 36.132 | 6.062 |
|   2   | 61.895 | 77.489 | 83.076 | 36.137 | 6.066 |
|   4   | 61.946 | 77.449 | 82.971 | 36.106 | 6.027 |
|   9   | 61.936 | 77.398 | 82.915 | 36.067 | 6.011 |
+-------+--------+--------+--------+--------+-------+
     logs:  {'epo': 9, 'R1': np.float32(61.936), 'R5': np.float32(77.398), 'R10': np.float32(82.915), 'mAP': np.float32(36.067), 'mINP': np.float32(6.011), 'entropy': 0.4143871371493195, 'uncertainty': 2.102407379583879, 'uncertainty_coeffi': 0.0010000000474974513, 'loss': 0.17908715321259064, 'lr': 1.7274575140627426e-05}
### best epoch 4 : {'epo': '4', 'R1': '61.946', 'R5': '77.449', 'R10': '82.971', 'mAP': '36.106', 'mINP': '6.027', 'entropy': '0.4234235760840503', 'uncertainty': '2.116826984617445', 'uncertainty_coeffi': '0.0010000000474974513', 'loss': '0.18353171992783596', 'lr': '4.522542485936994e-05'}
### Time 0:26:35
