Not using distributed mode
### Hyper-parameters:
     output_dir: output/ham_icfg_tta_best1/exp0.0.0/2025090208114
     seed: 42
     device: cuda
     batch_size_tta: 16
     epochs: 30
     lr: 1e-05
### Creating test dataset
     test_txt_set: 19848    test_img_set: 19848
     test_txt_loader: 39    test_img_loader: 39
### Creating model
Training Model with ['sdm', 'id', 'mlm'] tasks
Resized position embedding from size:torch.Size([1, 197, 768]) to size: torch.Size([1, 193, 768]) with height:24 width: 8
     Total Params Sum:  190482206
### Zero-Shot Score: 
/data2/jiahao/task/IRRA/tta.py:261: FutureWarning: `torch.cuda.amp.GradScaler(args...)` is deprecated. Please use `torch.amp.GradScaler('cuda', args...)` instead.
  scaler = GradScaler()  # bf16
+-------+--------+--------+--------+--------+-------+
| epoch |   R1   |   R5   |  R10   |  mAP   |  mINP |
+-------+--------+--------+--------+--------+-------+
|  -999 | 60.268 | 76.708 | 82.633 | 35.227 | 5.902 |
+-------+--------+--------+--------+--------+-------+
### TTA:
### Compute Cos Similarity Uncertainty
     preprocess_tta_coefficients  start
     sample selection ...
     number of sample after sample_selection: 19848
     uncertainty ...
     preprocess_tta_coefficients  end
### Creating TTA dataset
     tta_dataset: 19848
### Creating tta dataloader
### be careful: func create_loader returns a list length of 1
     tta_loader: 1240
### Configure adapted weights
     TTA Dropout Modules: 
 []
     TTA Require Gradient Params: 
 [('base_model.transformer.resblocks.0.ln_1.weight', torch.Size([512])), ('base_model.transformer.resblocks.0.ln_1.bias', torch.Size([512])), ('base_model.transformer.resblocks.0.ln_2.weight', torch.Size([512])), ('base_model.transformer.resblocks.0.ln_2.bias', torch.Size([512])), ('base_model.transformer.resblocks.1.ln_1.weight', torch.Size([512])), ('base_model.transformer.resblocks.1.ln_1.bias', torch.Size([512])), ('base_model.transformer.resblocks.1.ln_2.weight', torch.Size([512])), ('base_model.transformer.resblocks.1.ln_2.bias', torch.Size([512])), ('base_model.transformer.resblocks.2.ln_1.weight', torch.Size([512])), ('base_model.transformer.resblocks.2.ln_1.bias', torch.Size([512])), ('base_model.transformer.resblocks.2.ln_2.weight', torch.Size([512])), ('base_model.transformer.resblocks.2.ln_2.bias', torch.Size([512])), ('base_model.transformer.resblocks.3.ln_1.weight', torch.Size([512])), ('base_model.transformer.resblocks.3.ln_1.bias', torch.Size([512])), ('base_model.transformer.resblocks.3.ln_2.weight', torch.Size([512])), ('base_model.transformer.resblocks.3.ln_2.bias', torch.Size([512])), ('base_model.transformer.resblocks.4.ln_1.weight', torch.Size([512])), ('base_model.transformer.resblocks.4.ln_1.bias', torch.Size([512])), ('base_model.transformer.resblocks.4.ln_2.weight', torch.Size([512])), ('base_model.transformer.resblocks.4.ln_2.bias', torch.Size([512])), ('base_model.transformer.resblocks.5.ln_1.weight', torch.Size([512])), ('base_model.transformer.resblocks.5.ln_1.bias', torch.Size([512])), ('base_model.transformer.resblocks.5.ln_2.weight', torch.Size([512])), ('base_model.transformer.resblocks.5.ln_2.bias', torch.Size([512])), ('base_model.transformer.resblocks.6.ln_1.weight', torch.Size([512])), ('base_model.transformer.resblocks.6.ln_1.bias', torch.Size([512])), ('base_model.transformer.resblocks.6.ln_2.weight', torch.Size([512])), ('base_model.transformer.resblocks.6.ln_2.bias', torch.Size([512])), ('base_model.transformer.resblocks.7.ln_1.weight', torch.Size([512])), ('base_model.transformer.resblocks.7.ln_1.bias', torch.Size([512])), ('base_model.transformer.resblocks.7.ln_2.weight', torch.Size([512])), ('base_model.transformer.resblocks.7.ln_2.bias', torch.Size([512])), ('base_model.transformer.resblocks.8.ln_1.weight', torch.Size([512])), ('base_model.transformer.resblocks.8.ln_1.bias', torch.Size([512])), ('base_model.transformer.resblocks.8.ln_2.weight', torch.Size([512])), ('base_model.transformer.resblocks.8.ln_2.bias', torch.Size([512])), ('base_model.transformer.resblocks.9.ln_1.weight', torch.Size([512])), ('base_model.transformer.resblocks.9.ln_1.bias', torch.Size([512])), ('base_model.transformer.resblocks.9.ln_2.weight', torch.Size([512])), ('base_model.transformer.resblocks.9.ln_2.bias', torch.Size([512])), ('base_model.transformer.resblocks.10.ln_1.weight', torch.Size([512])), ('base_model.transformer.resblocks.10.ln_1.bias', torch.Size([512])), ('base_model.transformer.resblocks.10.ln_2.weight', torch.Size([512])), ('base_model.transformer.resblocks.10.ln_2.bias', torch.Size([512])), ('base_model.transformer.resblocks.11.ln_1.weight', torch.Size([512])), ('base_model.transformer.resblocks.11.ln_1.bias', torch.Size([512])), ('base_model.transformer.resblocks.11.ln_2.weight', torch.Size([512])), ('base_model.transformer.resblocks.11.ln_2.bias', torch.Size([512])), ('base_model.ln_final.weight', torch.Size([512])), ('base_model.ln_final.bias', torch.Size([512]))]
     TTA Dropout Modules Number: 
 0
     TTA Require Gradient Params Sum: 
 25600
Using 5.0 times learning rate for random init module 
### Start Test Time Adaptation
/data2/jiahao/task/IRRA/tta.py:65: FutureWarning: `torch.cuda.amp.autocast(args...)` is deprecated. Please use `torch.amp.autocast('cuda', args...)` instead.
  with torch.cuda.amp.autocast(enabled=True):
     Epoch[0] Iteration[10/1240], entropy: 1.5248, loss: 1.5248, lr: 9.38e-06
     Epoch[0] Iteration[20/1240], entropy: 1.5132, loss: 1.5132, lr: 4.06e-06
     Epoch[0] Iteration[30/1240], entropy: 1.5261, loss: 1.5261, lr: 3.94e-08
     Epoch[0] Iteration[40/1240], entropy: 1.5173, loss: 1.5173, lr: 2.87e-06
     Epoch[0] Iteration[50/1240], entropy: 1.5602, loss: 1.5602, lr: 8.64e-06
     Epoch[0] Iteration[60/1240], entropy: 1.6006, loss: 1.6006, lr: 9.38e-06
     Epoch[0] Iteration[70/1240], entropy: 1.4999, loss: 1.4999, lr: 4.06e-06
     Epoch[0] Iteration[80/1240], entropy: 1.5994, loss: 1.5994, lr: 3.94e-08
     Epoch[0] Iteration[90/1240], entropy: 1.4040, loss: 1.4040, lr: 2.87e-06
     Epoch[0] Iteration[100/1240], entropy: 1.4905, loss: 1.4905, lr: 8.64e-06
     Epoch[0] Iteration[110/1240], entropy: 1.5918, loss: 1.5918, lr: 9.38e-06
     Epoch[0] Iteration[120/1240], entropy: 1.3929, loss: 1.3929, lr: 4.06e-06
     Epoch[0] Iteration[130/1240], entropy: 1.3234, loss: 1.3234, lr: 3.94e-08
     Epoch[0] Iteration[140/1240], entropy: 1.4171, loss: 1.4171, lr: 2.87e-06
     Epoch[0] Iteration[150/1240], entropy: 1.3660, loss: 1.3660, lr: 8.64e-06
     Epoch[0] Iteration[160/1240], entropy: 1.3865, loss: 1.3865, lr: 9.38e-06
     Epoch[0] Iteration[170/1240], entropy: 1.4865, loss: 1.4865, lr: 4.06e-06
     Epoch[0] Iteration[180/1240], entropy: 1.5498, loss: 1.5498, lr: 3.94e-08
     Epoch[0] Iteration[190/1240], entropy: 1.3397, loss: 1.3397, lr: 2.87e-06
     Epoch[0] Iteration[200/1240], entropy: 1.5960, loss: 1.5960, lr: 8.64e-06
     Epoch[0] Iteration[210/1240], entropy: 1.4071, loss: 1.4071, lr: 9.38e-06
     Epoch[0] Iteration[220/1240], entropy: 1.4750, loss: 1.4750, lr: 4.06e-06
     Epoch[0] Iteration[230/1240], entropy: 1.4335, loss: 1.4335, lr: 3.94e-08
     Epoch[0] Iteration[240/1240], entropy: 1.3715, loss: 1.3715, lr: 2.87e-06
     Epoch[0] Iteration[250/1240], entropy: 1.4154, loss: 1.4154, lr: 8.64e-06
     Epoch[0] Iteration[260/1240], entropy: 1.4222, loss: 1.4222, lr: 9.38e-06
     Epoch[0] Iteration[270/1240], entropy: 1.6739, loss: 1.6739, lr: 4.06e-06
     Epoch[0] Iteration[280/1240], entropy: 1.4878, loss: 1.4878, lr: 3.94e-08
     Epoch[0] Iteration[290/1240], entropy: 1.5183, loss: 1.5183, lr: 2.87e-06
     Epoch[0] Iteration[300/1240], entropy: 1.4622, loss: 1.4622, lr: 8.64e-06
     Epoch[0] Iteration[310/1240], entropy: 1.5420, loss: 1.5420, lr: 9.38e-06
     Epoch[0] Iteration[320/1240], entropy: 1.4204, loss: 1.4204, lr: 4.06e-06
     Epoch[0] Iteration[330/1240], entropy: 1.3551, loss: 1.3551, lr: 3.94e-08
     Epoch[0] Iteration[340/1240], entropy: 1.5676, loss: 1.5676, lr: 2.87e-06
     Epoch[0] Iteration[350/1240], entropy: 1.5582, loss: 1.5582, lr: 8.64e-06
     Epoch[0] Iteration[360/1240], entropy: 1.3645, loss: 1.3645, lr: 9.38e-06
     Epoch[0] Iteration[370/1240], entropy: 1.5359, loss: 1.5359, lr: 4.06e-06
     Epoch[0] Iteration[380/1240], entropy: 1.6036, loss: 1.6036, lr: 3.94e-08
     Epoch[0] Iteration[390/1240], entropy: 1.5527, loss: 1.5527, lr: 2.87e-06
     Epoch[0] Iteration[400/1240], entropy: 1.6029, loss: 1.6029, lr: 8.64e-06
     Epoch[0] Iteration[410/1240], entropy: 1.4666, loss: 1.4666, lr: 9.38e-06
     Epoch[0] Iteration[420/1240], entropy: 1.3171, loss: 1.3171, lr: 4.06e-06
     Epoch[0] Iteration[430/1240], entropy: 1.6400, loss: 1.6400, lr: 3.94e-08
     Epoch[0] Iteration[440/1240], entropy: 1.3695, loss: 1.3695, lr: 2.87e-06
     Epoch[0] Iteration[450/1240], entropy: 1.5228, loss: 1.5228, lr: 8.64e-06
     Epoch[0] Iteration[460/1240], entropy: 1.5375, loss: 1.5375, lr: 9.38e-06
     Epoch[0] Iteration[470/1240], entropy: 1.5710, loss: 1.5710, lr: 4.06e-06
     Epoch[0] Iteration[480/1240], entropy: 1.3491, loss: 1.3491, lr: 3.94e-08
     Epoch[0] Iteration[490/1240], entropy: 1.5624, loss: 1.5624, lr: 2.87e-06
     Epoch[0] Iteration[500/1240], entropy: 1.6303, loss: 1.6303, lr: 8.64e-06
     Epoch[0] Iteration[510/1240], entropy: 1.5567, loss: 1.5567, lr: 9.38e-06
     Epoch[0] Iteration[520/1240], entropy: 1.4544, loss: 1.4544, lr: 4.06e-06
     Epoch[0] Iteration[530/1240], entropy: 1.6366, loss: 1.6366, lr: 3.94e-08
     Epoch[0] Iteration[540/1240], entropy: 1.4810, loss: 1.4810, lr: 2.87e-06
     Epoch[0] Iteration[550/1240], entropy: 1.4548, loss: 1.4548, lr: 8.64e-06
     Epoch[0] Iteration[560/1240], entropy: 1.5073, loss: 1.5073, lr: 9.38e-06
     Epoch[0] Iteration[570/1240], entropy: 1.4839, loss: 1.4839, lr: 4.06e-06
     Epoch[0] Iteration[580/1240], entropy: 1.6931, loss: 1.6931, lr: 3.94e-08
     Epoch[0] Iteration[590/1240], entropy: 1.4999, loss: 1.4999, lr: 2.87e-06
     Epoch[0] Iteration[600/1240], entropy: 1.5408, loss: 1.5408, lr: 8.64e-06
     Epoch[0] Iteration[610/1240], entropy: 1.5501, loss: 1.5501, lr: 9.38e-06
     Epoch[0] Iteration[620/1240], entropy: 1.4501, loss: 1.4501, lr: 4.06e-06
     Epoch[0] Iteration[630/1240], entropy: 1.5636, loss: 1.5636, lr: 3.94e-08
     Epoch[0] Iteration[640/1240], entropy: 1.4740, loss: 1.4740, lr: 2.87e-06
     Epoch[0] Iteration[650/1240], entropy: 1.5400, loss: 1.5400, lr: 8.64e-06
     Epoch[0] Iteration[660/1240], entropy: 1.3975, loss: 1.3975, lr: 9.38e-06
     Epoch[0] Iteration[670/1240], entropy: 1.5860, loss: 1.5860, lr: 4.06e-06
     Epoch[0] Iteration[680/1240], entropy: 1.5431, loss: 1.5431, lr: 3.94e-08
     Epoch[0] Iteration[690/1240], entropy: 1.5804, loss: 1.5804, lr: 2.87e-06
     Epoch[0] Iteration[700/1240], entropy: 1.4191, loss: 1.4191, lr: 8.64e-06
     Epoch[0] Iteration[710/1240], entropy: 1.4373, loss: 1.4373, lr: 9.38e-06
     Epoch[0] Iteration[720/1240], entropy: 1.5302, loss: 1.5302, lr: 4.06e-06
     Epoch[0] Iteration[730/1240], entropy: 1.6313, loss: 1.6313, lr: 3.94e-08
     Epoch[0] Iteration[740/1240], entropy: 1.4964, loss: 1.4964, lr: 2.87e-06
     Epoch[0] Iteration[750/1240], entropy: 1.6368, loss: 1.6368, lr: 8.64e-06
     Epoch[0] Iteration[760/1240], entropy: 1.4516, loss: 1.4516, lr: 9.38e-06
     Epoch[0] Iteration[770/1240], entropy: 1.2702, loss: 1.2702, lr: 4.06e-06
     Epoch[0] Iteration[780/1240], entropy: 1.3741, loss: 1.3741, lr: 3.94e-08
     Epoch[0] Iteration[790/1240], entropy: 1.4867, loss: 1.4867, lr: 2.87e-06
     Epoch[0] Iteration[800/1240], entropy: 1.4343, loss: 1.4343, lr: 8.64e-06
     Epoch[0] Iteration[810/1240], entropy: 1.4769, loss: 1.4769, lr: 9.38e-06
     Epoch[0] Iteration[820/1240], entropy: 1.6275, loss: 1.6275, lr: 4.06e-06
     Epoch[0] Iteration[830/1240], entropy: 1.5605, loss: 1.5605, lr: 3.94e-08
     Epoch[0] Iteration[840/1240], entropy: 1.5670, loss: 1.5670, lr: 2.87e-06
     Epoch[0] Iteration[850/1240], entropy: 1.3367, loss: 1.3367, lr: 8.64e-06
     Epoch[0] Iteration[860/1240], entropy: 1.4283, loss: 1.4283, lr: 9.38e-06
     Epoch[0] Iteration[870/1240], entropy: 1.3502, loss: 1.3502, lr: 4.06e-06
     Epoch[0] Iteration[880/1240], entropy: 1.4095, loss: 1.4095, lr: 3.94e-08
     Epoch[0] Iteration[890/1240], entropy: 1.4650, loss: 1.4650, lr: 2.87e-06
     Epoch[0] Iteration[900/1240], entropy: 1.4985, loss: 1.4985, lr: 8.64e-06
     Epoch[0] Iteration[910/1240], entropy: 1.3015, loss: 1.3015, lr: 9.38e-06
     Epoch[0] Iteration[920/1240], entropy: 1.5774, loss: 1.5774, lr: 4.06e-06
     Epoch[0] Iteration[930/1240], entropy: 1.3778, loss: 1.3778, lr: 3.94e-08
     Epoch[0] Iteration[940/1240], entropy: 1.4638, loss: 1.4638, lr: 2.87e-06
     Epoch[0] Iteration[950/1240], entropy: 1.2177, loss: 1.2177, lr: 8.64e-06
     Epoch[0] Iteration[960/1240], entropy: 1.5555, loss: 1.5555, lr: 9.38e-06
     Epoch[0] Iteration[970/1240], entropy: 1.3527, loss: 1.3527, lr: 4.06e-06
     Epoch[0] Iteration[980/1240], entropy: 1.4784, loss: 1.4784, lr: 3.94e-08
     Epoch[0] Iteration[990/1240], entropy: 1.4600, loss: 1.4600, lr: 2.87e-06
     Epoch[0] Iteration[1000/1240], entropy: 1.5607, loss: 1.5607, lr: 8.64e-06
     Epoch[0] Iteration[1010/1240], entropy: 1.4338, loss: 1.4338, lr: 9.38e-06
     Epoch[0] Iteration[1020/1240], entropy: 1.4706, loss: 1.4706, lr: 4.06e-06
     Epoch[0] Iteration[1030/1240], entropy: 1.4490, loss: 1.4490, lr: 3.94e-08
     Epoch[0] Iteration[1040/1240], entropy: 1.4767, loss: 1.4767, lr: 2.87e-06
     Epoch[0] Iteration[1050/1240], entropy: 1.6124, loss: 1.6124, lr: 8.64e-06
     Epoch[0] Iteration[1060/1240], entropy: 1.6018, loss: 1.6018, lr: 9.38e-06
     Epoch[0] Iteration[1070/1240], entropy: 1.4809, loss: 1.4809, lr: 4.06e-06
     Epoch[0] Iteration[1080/1240], entropy: 1.3034, loss: 1.3034, lr: 3.94e-08
     Epoch[0] Iteration[1090/1240], entropy: 1.2603, loss: 1.2603, lr: 2.87e-06
     Epoch[0] Iteration[1100/1240], entropy: 1.4878, loss: 1.4878, lr: 8.64e-06
     Epoch[0] Iteration[1110/1240], entropy: 1.4708, loss: 1.4708, lr: 9.38e-06
     Epoch[0] Iteration[1120/1240], entropy: 1.2740, loss: 1.2740, lr: 4.06e-06
     Epoch[0] Iteration[1130/1240], entropy: 1.4836, loss: 1.4836, lr: 3.94e-08
     Epoch[0] Iteration[1140/1240], entropy: 1.4742, loss: 1.4742, lr: 2.87e-06
     Epoch[0] Iteration[1150/1240], entropy: 1.4313, loss: 1.4313, lr: 8.64e-06
     Epoch[0] Iteration[1160/1240], entropy: 1.5372, loss: 1.5372, lr: 9.38e-06
     Epoch[0] Iteration[1170/1240], entropy: 1.4836, loss: 1.4836, lr: 4.06e-06
     Epoch[0] Iteration[1180/1240], entropy: 1.5438, loss: 1.5438, lr: 3.94e-08
     Epoch[0] Iteration[1190/1240], entropy: 1.3121, loss: 1.3121, lr: 2.87e-06
     Epoch[0] Iteration[1200/1240], entropy: 1.5517, loss: 1.5517, lr: 8.64e-06
     Epoch[0] Iteration[1210/1240], entropy: 1.4755, loss: 1.4755, lr: 9.38e-06
     Epoch[0] Iteration[1220/1240], entropy: 1.3081, loss: 1.3081, lr: 4.06e-06
     Epoch[0] Iteration[1230/1240], entropy: 1.5680, loss: 1.5680, lr: 3.94e-08
     Epoch[0] Iteration[1240/1240], entropy: 1.3996, loss: 1.3996, lr: 2.87e-06
     Averaged stats: entropy: 1.3996, loss: 1.3996, lr: 2.87e-06
     itm tta time 0:02:27
### TTA Eval Score: 
+-------+--------+--------+--------+--------+-------+
| epoch |   R1   |   R5   |  R10   |  mAP   |  mINP |
+-------+--------+--------+--------+--------+-------+
|  -999 | 60.268 | 76.708 | 82.633 | 35.227 | 5.902 |
|   0   | 59.432 | 76.401 | 82.532 | 35.124 | 6.055 |
+-------+--------+--------+--------+--------+-------+
     logs:  {'epo': 0, 'R1': 59.432, 'R5': 76.401, 'R10': 82.532, 'mAP': 35.124, 'mINP': 6.055, 'entropy': 1.4801498968755045, 'loss': 1.4801498968755045, 'lr': 4.970606103733008e-06}
     Epoch[1] Iteration[10/1240], entropy: 1.5643, loss: 1.5643, lr: 8.64e-06
     Epoch[1] Iteration[20/1240], entropy: 1.4258, loss: 1.4258, lr: 9.38e-06
     Epoch[1] Iteration[30/1240], entropy: 1.4801, loss: 1.4801, lr: 4.06e-06
     Epoch[1] Iteration[40/1240], entropy: 1.4217, loss: 1.4217, lr: 3.94e-08
     Epoch[1] Iteration[50/1240], entropy: 1.4828, loss: 1.4828, lr: 2.87e-06
     Epoch[1] Iteration[60/1240], entropy: 1.2811, loss: 1.2811, lr: 8.64e-06
     Epoch[1] Iteration[70/1240], entropy: 1.3532, loss: 1.3532, lr: 9.38e-06
     Epoch[1] Iteration[80/1240], entropy: 1.2408, loss: 1.2408, lr: 4.06e-06
     Epoch[1] Iteration[90/1240], entropy: 1.2328, loss: 1.2328, lr: 3.94e-08
     Epoch[1] Iteration[100/1240], entropy: 1.2634, loss: 1.2634, lr: 2.87e-06
     Epoch[1] Iteration[110/1240], entropy: 1.4922, loss: 1.4922, lr: 8.64e-06
     Epoch[1] Iteration[120/1240], entropy: 1.3673, loss: 1.3673, lr: 9.38e-06
     Epoch[1] Iteration[130/1240], entropy: 1.4380, loss: 1.4380, lr: 4.06e-06
     Epoch[1] Iteration[140/1240], entropy: 1.5398, loss: 1.5398, lr: 3.94e-08
     Epoch[1] Iteration[150/1240], entropy: 1.3545, loss: 1.3545, lr: 2.87e-06
     Epoch[1] Iteration[160/1240], entropy: 1.4185, loss: 1.4185, lr: 8.64e-06
     Epoch[1] Iteration[170/1240], entropy: 1.3074, loss: 1.3074, lr: 9.38e-06
     Epoch[1] Iteration[180/1240], entropy: 1.2354, loss: 1.2354, lr: 4.06e-06
     Epoch[1] Iteration[190/1240], entropy: 1.4389, loss: 1.4389, lr: 3.94e-08
     Epoch[1] Iteration[200/1240], entropy: 1.3436, loss: 1.3436, lr: 2.87e-06
     Epoch[1] Iteration[210/1240], entropy: 1.5530, loss: 1.5530, lr: 8.64e-06
     Epoch[1] Iteration[220/1240], entropy: 1.5780, loss: 1.5780, lr: 9.38e-06
     Epoch[1] Iteration[230/1240], entropy: 1.6503, loss: 1.6503, lr: 4.06e-06
     Epoch[1] Iteration[240/1240], entropy: 1.3883, loss: 1.3883, lr: 3.94e-08
     Epoch[1] Iteration[250/1240], entropy: 1.3179, loss: 1.3179, lr: 2.87e-06
     Epoch[1] Iteration[260/1240], entropy: 1.5583, loss: 1.5583, lr: 8.64e-06
     Epoch[1] Iteration[270/1240], entropy: 1.5697, loss: 1.5697, lr: 9.38e-06
     Epoch[1] Iteration[280/1240], entropy: 1.4066, loss: 1.4066, lr: 4.06e-06
     Epoch[1] Iteration[290/1240], entropy: 1.4511, loss: 1.4511, lr: 3.94e-08
     Epoch[1] Iteration[300/1240], entropy: 1.4540, loss: 1.4540, lr: 2.87e-06
     Epoch[1] Iteration[310/1240], entropy: 1.4853, loss: 1.4853, lr: 8.64e-06
     Epoch[1] Iteration[320/1240], entropy: 1.4067, loss: 1.4067, lr: 9.38e-06
     Epoch[1] Iteration[330/1240], entropy: 1.6127, loss: 1.6127, lr: 4.06e-06
     Epoch[1] Iteration[340/1240], entropy: 1.4414, loss: 1.4414, lr: 3.94e-08
     Epoch[1] Iteration[350/1240], entropy: 1.4449, loss: 1.4449, lr: 2.87e-06
     Epoch[1] Iteration[360/1240], entropy: 1.3857, loss: 1.3857, lr: 8.64e-06
     Epoch[1] Iteration[370/1240], entropy: 1.2305, loss: 1.2305, lr: 9.38e-06
     Epoch[1] Iteration[380/1240], entropy: 1.4843, loss: 1.4843, lr: 4.06e-06
     Epoch[1] Iteration[390/1240], entropy: 1.5338, loss: 1.5338, lr: 3.94e-08
     Epoch[1] Iteration[400/1240], entropy: 1.5732, loss: 1.5732, lr: 2.87e-06
     Epoch[1] Iteration[410/1240], entropy: 1.3772, loss: 1.3772, lr: 8.64e-06
     Epoch[1] Iteration[420/1240], entropy: 1.4726, loss: 1.4726, lr: 9.38e-06
     Epoch[1] Iteration[430/1240], entropy: 1.5021, loss: 1.5021, lr: 4.06e-06
     Epoch[1] Iteration[440/1240], entropy: 1.5700, loss: 1.5700, lr: 3.94e-08
     Epoch[1] Iteration[450/1240], entropy: 1.4399, loss: 1.4399, lr: 2.87e-06
     Epoch[1] Iteration[460/1240], entropy: 1.3037, loss: 1.3037, lr: 8.64e-06
     Epoch[1] Iteration[470/1240], entropy: 1.3811, loss: 1.3811, lr: 9.38e-06
     Epoch[1] Iteration[480/1240], entropy: 1.4424, loss: 1.4424, lr: 4.06e-06
     Epoch[1] Iteration[490/1240], entropy: 1.3040, loss: 1.3040, lr: 3.94e-08
     Epoch[1] Iteration[500/1240], entropy: 1.2960, loss: 1.2960, lr: 2.87e-06
     Epoch[1] Iteration[510/1240], entropy: 1.4742, loss: 1.4742, lr: 8.64e-06
     Epoch[1] Iteration[520/1240], entropy: 1.3584, loss: 1.3584, lr: 9.38e-06
     Epoch[1] Iteration[530/1240], entropy: 1.4558, loss: 1.4558, lr: 4.06e-06
     Epoch[1] Iteration[540/1240], entropy: 1.4165, loss: 1.4165, lr: 3.94e-08
     Epoch[1] Iteration[550/1240], entropy: 1.4731, loss: 1.4731, lr: 2.87e-06
     Epoch[1] Iteration[560/1240], entropy: 1.5423, loss: 1.5423, lr: 8.64e-06
     Epoch[1] Iteration[570/1240], entropy: 1.3078, loss: 1.3078, lr: 9.38e-06
     Epoch[1] Iteration[580/1240], entropy: 1.4198, loss: 1.4198, lr: 4.06e-06
     Epoch[1] Iteration[590/1240], entropy: 1.2897, loss: 1.2897, lr: 3.94e-08
     Epoch[1] Iteration[600/1240], entropy: 1.3662, loss: 1.3662, lr: 2.87e-06
     Epoch[1] Iteration[610/1240], entropy: 1.3428, loss: 1.3428, lr: 8.64e-06
     Epoch[1] Iteration[620/1240], entropy: 1.3814, loss: 1.3814, lr: 9.38e-06
     Epoch[1] Iteration[630/1240], entropy: 1.2936, loss: 1.2936, lr: 4.06e-06
     Epoch[1] Iteration[640/1240], entropy: 1.4553, loss: 1.4553, lr: 3.94e-08
     Epoch[1] Iteration[650/1240], entropy: 1.1244, loss: 1.1244, lr: 2.87e-06
     Epoch[1] Iteration[660/1240], entropy: 1.4428, loss: 1.4428, lr: 8.64e-06
     Epoch[1] Iteration[670/1240], entropy: 1.4981, loss: 1.4981, lr: 9.38e-06
     Epoch[1] Iteration[680/1240], entropy: 1.4697, loss: 1.4697, lr: 4.06e-06
     Epoch[1] Iteration[690/1240], entropy: 1.3367, loss: 1.3367, lr: 3.94e-08
     Epoch[1] Iteration[700/1240], entropy: 1.3991, loss: 1.3991, lr: 2.87e-06
     Epoch[1] Iteration[710/1240], entropy: 1.2994, loss: 1.2994, lr: 8.64e-06
     Epoch[1] Iteration[720/1240], entropy: 1.3911, loss: 1.3911, lr: 9.38e-06
     Epoch[1] Iteration[730/1240], entropy: 1.4187, loss: 1.4187, lr: 4.06e-06
     Epoch[1] Iteration[740/1240], entropy: 1.4863, loss: 1.4863, lr: 3.94e-08
     Epoch[1] Iteration[750/1240], entropy: 1.3473, loss: 1.3473, lr: 2.87e-06
     Epoch[1] Iteration[760/1240], entropy: 1.4472, loss: 1.4472, lr: 8.64e-06
     Epoch[1] Iteration[770/1240], entropy: 1.4601, loss: 1.4601, lr: 9.65e-06
     Epoch[1] Iteration[780/1240], entropy: 1.3349, loss: 1.3349, lr: 4.69e-06
     Epoch[1] Iteration[790/1240], entropy: 1.4151, loss: 1.4151, lr: 1.57e-07
     Epoch[1] Iteration[800/1240], entropy: 1.3259, loss: 1.3259, lr: 2.32e-06
     Epoch[1] Iteration[810/1240], entropy: 1.4940, loss: 1.4940, lr: 8.19e-06
     Epoch[1] Iteration[820/1240], entropy: 1.4342, loss: 1.4342, lr: 9.65e-06
     Epoch[1] Iteration[830/1240], entropy: 1.4152, loss: 1.4152, lr: 4.69e-06
     Epoch[1] Iteration[840/1240], entropy: 1.3052, loss: 1.3052, lr: 1.57e-07
     Epoch[1] Iteration[850/1240], entropy: 1.2326, loss: 1.2326, lr: 2.32e-06
     Epoch[1] Iteration[860/1240], entropy: 1.2641, loss: 1.2641, lr: 8.19e-06
     Epoch[1] Iteration[870/1240], entropy: 1.5211, loss: 1.5211, lr: 9.65e-06
     Epoch[1] Iteration[880/1240], entropy: 1.4395, loss: 1.4395, lr: 4.69e-06
     Epoch[1] Iteration[890/1240], entropy: 1.3184, loss: 1.3184, lr: 1.57e-07
     Epoch[1] Iteration[900/1240], entropy: 1.3540, loss: 1.3540, lr: 2.32e-06
     Epoch[1] Iteration[910/1240], entropy: 1.3618, loss: 1.3618, lr: 8.19e-06
     Epoch[1] Iteration[920/1240], entropy: 1.2866, loss: 1.2866, lr: 9.65e-06
     Epoch[1] Iteration[930/1240], entropy: 1.5591, loss: 1.5591, lr: 4.69e-06
     Epoch[1] Iteration[940/1240], entropy: 1.3128, loss: 1.3128, lr: 1.57e-07
     Epoch[1] Iteration[950/1240], entropy: 1.5753, loss: 1.5753, lr: 2.32e-06
     Epoch[1] Iteration[960/1240], entropy: 1.4051, loss: 1.4051, lr: 8.19e-06
     Epoch[1] Iteration[970/1240], entropy: 1.1977, loss: 1.1977, lr: 9.65e-06
     Epoch[1] Iteration[980/1240], entropy: 1.3392, loss: 1.3392, lr: 4.69e-06
     Epoch[1] Iteration[990/1240], entropy: 1.4482, loss: 1.4482, lr: 1.57e-07
     Epoch[1] Iteration[1000/1240], entropy: 1.4493, loss: 1.4493, lr: 2.32e-06
     Epoch[1] Iteration[1010/1240], entropy: 1.4657, loss: 1.4657, lr: 8.19e-06
     Epoch[1] Iteration[1020/1240], entropy: 1.4734, loss: 1.4734, lr: 9.65e-06
     Epoch[1] Iteration[1030/1240], entropy: 1.3857, loss: 1.3857, lr: 4.69e-06
     Epoch[1] Iteration[1040/1240], entropy: 1.3898, loss: 1.3898, lr: 1.57e-07
     Epoch[1] Iteration[1050/1240], entropy: 1.3209, loss: 1.3209, lr: 2.32e-06
     Epoch[1] Iteration[1060/1240], entropy: 1.1894, loss: 1.1894, lr: 8.19e-06
     Epoch[1] Iteration[1070/1240], entropy: 1.4647, loss: 1.4647, lr: 9.65e-06
     Epoch[1] Iteration[1080/1240], entropy: 1.2128, loss: 1.2128, lr: 4.69e-06
     Epoch[1] Iteration[1090/1240], entropy: 1.4243, loss: 1.4243, lr: 1.57e-07
     Epoch[1] Iteration[1100/1240], entropy: 1.3136, loss: 1.3136, lr: 2.32e-06
     Epoch[1] Iteration[1110/1240], entropy: 1.5157, loss: 1.5157, lr: 8.19e-06
     Epoch[1] Iteration[1120/1240], entropy: 1.4105, loss: 1.4105, lr: 9.65e-06
     Epoch[1] Iteration[1130/1240], entropy: 1.3693, loss: 1.3693, lr: 4.69e-06
     Epoch[1] Iteration[1140/1240], entropy: 1.2591, loss: 1.2591, lr: 1.57e-07
     Epoch[1] Iteration[1150/1240], entropy: 1.3213, loss: 1.3213, lr: 2.32e-06
     Epoch[1] Iteration[1160/1240], entropy: 1.4449, loss: 1.4449, lr: 8.19e-06
     Epoch[1] Iteration[1170/1240], entropy: 1.3966, loss: 1.3966, lr: 9.65e-06
     Epoch[1] Iteration[1180/1240], entropy: 1.3958, loss: 1.3958, lr: 4.69e-06
     Epoch[1] Iteration[1190/1240], entropy: 1.4745, loss: 1.4745, lr: 1.57e-07
     Epoch[1] Iteration[1200/1240], entropy: 1.2308, loss: 1.2308, lr: 2.32e-06
     Epoch[1] Iteration[1210/1240], entropy: 1.4983, loss: 1.4983, lr: 8.19e-06
     Epoch[1] Iteration[1220/1240], entropy: 1.2061, loss: 1.2061, lr: 9.65e-06
     Epoch[1] Iteration[1230/1240], entropy: 1.3081, loss: 1.3081, lr: 4.69e-06
     Epoch[1] Iteration[1240/1240], entropy: 1.3625, loss: 1.3625, lr: 1.57e-07
     Averaged stats: entropy: 1.3625, loss: 1.3625, lr: 1.57e-07
     itm tta time 0:02:09
### TTA Eval Score: 
+-------+--------+--------+--------+--------+-------+
| epoch |   R1   |   R5   |  R10   |  mAP   |  mINP |
+-------+--------+--------+--------+--------+-------+
|  -999 | 60.268 | 76.708 | 82.633 | 35.227 | 5.902 |
|   0   | 59.432 | 76.401 | 82.532 | 35.124 | 6.055 |
|   1   | 57.673 | 75.378 | 81.802 | 34.367 | 6.101 |
+-------+--------+--------+--------+--------+-------+
     logs:  {'epo': 1, 'R1': 57.673, 'R5': 75.378, 'R10': 81.802, 'mAP': 34.367, 'mINP': 6.101, 'entropy': 1.4001401114848353, 'loss': 1.4001401114848353, 'lr': 5.0252972351875655e-06}
     Epoch[2] Iteration[10/1240], entropy: 1.3533, loss: 1.3533, lr: 2.32e-06
     Epoch[2] Iteration[20/1240], entropy: 1.3880, loss: 1.3880, lr: 8.19e-06
     Epoch[2] Iteration[30/1240], entropy: 1.3555, loss: 1.3555, lr: 9.65e-06
     Epoch[2] Iteration[40/1240], entropy: 1.4084, loss: 1.4084, lr: 4.69e-06
     Epoch[2] Iteration[50/1240], entropy: 1.3241, loss: 1.3241, lr: 1.57e-07
     Epoch[2] Iteration[60/1240], entropy: 1.4469, loss: 1.4469, lr: 2.32e-06
     Epoch[2] Iteration[70/1240], entropy: 1.3531, loss: 1.3531, lr: 8.19e-06
     Epoch[2] Iteration[80/1240], entropy: 1.2550, loss: 1.2550, lr: 9.65e-06
     Epoch[2] Iteration[90/1240], entropy: 1.2289, loss: 1.2289, lr: 4.69e-06
     Epoch[2] Iteration[100/1240], entropy: 1.4087, loss: 1.4087, lr: 1.57e-07
     Epoch[2] Iteration[110/1240], entropy: 1.2638, loss: 1.2638, lr: 2.32e-06
     Epoch[2] Iteration[120/1240], entropy: 1.1191, loss: 1.1191, lr: 8.19e-06
     Epoch[2] Iteration[130/1240], entropy: 1.4984, loss: 1.4984, lr: 9.65e-06
     Epoch[2] Iteration[140/1240], entropy: 1.2728, loss: 1.2728, lr: 4.69e-06
     Epoch[2] Iteration[150/1240], entropy: 1.3607, loss: 1.3607, lr: 1.57e-07
     Epoch[2] Iteration[160/1240], entropy: 1.2437, loss: 1.2437, lr: 2.32e-06
     Epoch[2] Iteration[170/1240], entropy: 1.4383, loss: 1.4383, lr: 8.19e-06
     Epoch[2] Iteration[180/1240], entropy: 1.3261, loss: 1.3261, lr: 9.65e-06
     Epoch[2] Iteration[190/1240], entropy: 1.4114, loss: 1.4114, lr: 4.69e-06
     Epoch[2] Iteration[200/1240], entropy: 1.4361, loss: 1.4361, lr: 1.57e-07
     Epoch[2] Iteration[210/1240], entropy: 1.4230, loss: 1.4230, lr: 2.32e-06
     Epoch[2] Iteration[220/1240], entropy: 1.2918, loss: 1.2918, lr: 8.19e-06
     Epoch[2] Iteration[230/1240], entropy: 1.3523, loss: 1.3523, lr: 9.65e-06
     Epoch[2] Iteration[240/1240], entropy: 1.3277, loss: 1.3277, lr: 4.69e-06
     Epoch[2] Iteration[250/1240], entropy: 1.3985, loss: 1.3985, lr: 1.57e-07
     Epoch[2] Iteration[260/1240], entropy: 1.2374, loss: 1.2374, lr: 2.32e-06
     Epoch[2] Iteration[270/1240], entropy: 1.3610, loss: 1.3610, lr: 8.19e-06
     Epoch[2] Iteration[280/1240], entropy: 1.2798, loss: 1.2798, lr: 9.65e-06
     Epoch[2] Iteration[290/1240], entropy: 1.3257, loss: 1.3257, lr: 4.69e-06
     Epoch[2] Iteration[300/1240], entropy: 1.3779, loss: 1.3779, lr: 1.57e-07
     Epoch[2] Iteration[310/1240], entropy: 1.4195, loss: 1.4195, lr: 2.32e-06
     Epoch[2] Iteration[320/1240], entropy: 1.4517, loss: 1.4517, lr: 8.19e-06
     Epoch[2] Iteration[330/1240], entropy: 1.3841, loss: 1.3841, lr: 9.65e-06
     Epoch[2] Iteration[340/1240], entropy: 1.3002, loss: 1.3002, lr: 4.69e-06
     Epoch[2] Iteration[350/1240], entropy: 1.4560, loss: 1.4560, lr: 1.57e-07
     Epoch[2] Iteration[360/1240], entropy: 1.2179, loss: 1.2179, lr: 2.32e-06
     Epoch[2] Iteration[370/1240], entropy: 1.4332, loss: 1.4332, lr: 8.19e-06
     Epoch[2] Iteration[380/1240], entropy: 1.3824, loss: 1.3824, lr: 9.65e-06
     Epoch[2] Iteration[390/1240], entropy: 1.2759, loss: 1.2759, lr: 4.69e-06
     Epoch[2] Iteration[400/1240], entropy: 1.2436, loss: 1.2436, lr: 1.57e-07
     Epoch[2] Iteration[410/1240], entropy: 1.2978, loss: 1.2978, lr: 2.32e-06
     Epoch[2] Iteration[420/1240], entropy: 1.2565, loss: 1.2565, lr: 8.19e-06
     Epoch[2] Iteration[430/1240], entropy: 1.4453, loss: 1.4453, lr: 9.65e-06
     Epoch[2] Iteration[440/1240], entropy: 1.2409, loss: 1.2409, lr: 4.69e-06
     Epoch[2] Iteration[450/1240], entropy: 1.2900, loss: 1.2900, lr: 1.57e-07
     Epoch[2] Iteration[460/1240], entropy: 1.3628, loss: 1.3628, lr: 2.32e-06
     Epoch[2] Iteration[470/1240], entropy: 1.3020, loss: 1.3020, lr: 8.19e-06
     Epoch[2] Iteration[480/1240], entropy: 1.5528, loss: 1.5528, lr: 9.65e-06
     Epoch[2] Iteration[490/1240], entropy: 1.3524, loss: 1.3524, lr: 4.69e-06
     Epoch[2] Iteration[500/1240], entropy: 1.4169, loss: 1.4169, lr: 1.57e-07
     Epoch[2] Iteration[510/1240], entropy: 1.3781, loss: 1.3781, lr: 2.32e-06
     Epoch[2] Iteration[520/1240], entropy: 1.2561, loss: 1.2561, lr: 8.19e-06
     Epoch[2] Iteration[530/1240], entropy: 1.3508, loss: 1.3508, lr: 9.65e-06
     Epoch[2] Iteration[540/1240], entropy: 1.0954, loss: 1.0954, lr: 4.69e-06
     Epoch[2] Iteration[550/1240], entropy: 1.2061, loss: 1.2061, lr: 1.57e-07
     Epoch[2] Iteration[560/1240], entropy: 1.3748, loss: 1.3748, lr: 2.32e-06
     Epoch[2] Iteration[570/1240], entropy: 1.4273, loss: 1.4273, lr: 8.19e-06
     Epoch[2] Iteration[580/1240], entropy: 1.3142, loss: 1.3142, lr: 9.65e-06
     Epoch[2] Iteration[590/1240], entropy: 1.2507, loss: 1.2507, lr: 4.69e-06
     Epoch[2] Iteration[600/1240], entropy: 1.3306, loss: 1.3306, lr: 1.57e-07
     Epoch[2] Iteration[610/1240], entropy: 1.4345, loss: 1.4345, lr: 2.32e-06
     Epoch[2] Iteration[620/1240], entropy: 1.2626, loss: 1.2626, lr: 8.19e-06
     Epoch[2] Iteration[630/1240], entropy: 1.3565, loss: 1.3565, lr: 9.65e-06
     Epoch[2] Iteration[640/1240], entropy: 1.2178, loss: 1.2178, lr: 4.69e-06
     Epoch[2] Iteration[650/1240], entropy: 1.1410, loss: 1.1410, lr: 1.57e-07
     Epoch[2] Iteration[660/1240], entropy: 1.2938, loss: 1.2938, lr: 2.32e-06
     Epoch[2] Iteration[670/1240], entropy: 1.2131, loss: 1.2131, lr: 8.19e-06
     Epoch[2] Iteration[680/1240], entropy: 1.0799, loss: 1.0799, lr: 9.65e-06
     Epoch[2] Iteration[690/1240], entropy: 1.2183, loss: 1.2183, lr: 4.69e-06
     Epoch[2] Iteration[700/1240], entropy: 1.3894, loss: 1.3894, lr: 1.57e-07
     Epoch[2] Iteration[710/1240], entropy: 1.3182, loss: 1.3182, lr: 2.32e-06
     Epoch[2] Iteration[720/1240], entropy: 1.4037, loss: 1.4037, lr: 8.19e-06
     Epoch[2] Iteration[730/1240], entropy: 1.3634, loss: 1.3634, lr: 9.65e-06
     Epoch[2] Iteration[740/1240], entropy: 1.2315, loss: 1.2315, lr: 4.69e-06
     Epoch[2] Iteration[750/1240], entropy: 1.2534, loss: 1.2534, lr: 1.57e-07
     Epoch[2] Iteration[760/1240], entropy: 1.3404, loss: 1.3404, lr: 2.32e-06
     Epoch[2] Iteration[770/1240], entropy: 1.0720, loss: 1.0720, lr: 8.19e-06
     Epoch[2] Iteration[780/1240], entropy: 1.3672, loss: 1.3672, lr: 9.65e-06
     Epoch[2] Iteration[790/1240], entropy: 1.4773, loss: 1.4773, lr: 4.69e-06
     Epoch[2] Iteration[800/1240], entropy: 1.3343, loss: 1.3343, lr: 1.57e-07
     Epoch[2] Iteration[810/1240], entropy: 1.3889, loss: 1.3889, lr: 2.32e-06
     Epoch[2] Iteration[820/1240], entropy: 1.3333, loss: 1.3333, lr: 8.19e-06
     Epoch[2] Iteration[830/1240], entropy: 1.2546, loss: 1.2546, lr: 9.65e-06
     Epoch[2] Iteration[840/1240], entropy: 1.1172, loss: 1.1172, lr: 4.69e-06
     Epoch[2] Iteration[850/1240], entropy: 1.1791, loss: 1.1791, lr: 1.57e-07
     Epoch[2] Iteration[860/1240], entropy: 1.3602, loss: 1.3602, lr: 2.32e-06
     Epoch[2] Iteration[870/1240], entropy: 1.3967, loss: 1.3967, lr: 8.19e-06
     Epoch[2] Iteration[880/1240], entropy: 1.3377, loss: 1.3377, lr: 9.65e-06
     Epoch[2] Iteration[890/1240], entropy: 1.5663, loss: 1.5663, lr: 4.69e-06
     Epoch[2] Iteration[900/1240], entropy: 1.3207, loss: 1.3207, lr: 1.57e-07
     Epoch[2] Iteration[910/1240], entropy: 1.4075, loss: 1.4075, lr: 2.32e-06
     Epoch[2] Iteration[920/1240], entropy: 1.1249, loss: 1.1249, lr: 8.19e-06
     Epoch[2] Iteration[930/1240], entropy: 1.5783, loss: 1.5783, lr: 9.65e-06
     Epoch[2] Iteration[940/1240], entropy: 1.4320, loss: 1.4320, lr: 4.69e-06
     Epoch[2] Iteration[950/1240], entropy: 1.2024, loss: 1.2024, lr: 1.57e-07
     Epoch[2] Iteration[960/1240], entropy: 1.3593, loss: 1.3593, lr: 2.32e-06
     Epoch[2] Iteration[970/1240], entropy: 1.2671, loss: 1.2671, lr: 8.19e-06
     Epoch[2] Iteration[980/1240], entropy: 1.3080, loss: 1.3080, lr: 9.65e-06
     Epoch[2] Iteration[990/1240], entropy: 1.3496, loss: 1.3496, lr: 4.69e-06
     Epoch[2] Iteration[1000/1240], entropy: 1.2459, loss: 1.2459, lr: 1.57e-07
     Epoch[2] Iteration[1010/1240], entropy: 1.2225, loss: 1.2225, lr: 2.32e-06
     Epoch[2] Iteration[1020/1240], entropy: 1.3942, loss: 1.3942, lr: 8.19e-06
     Epoch[2] Iteration[1030/1240], entropy: 1.3513, loss: 1.3513, lr: 9.65e-06
     Epoch[2] Iteration[1040/1240], entropy: 1.4978, loss: 1.4978, lr: 4.69e-06
     Epoch[2] Iteration[1050/1240], entropy: 1.2134, loss: 1.2134, lr: 1.57e-07
     Epoch[2] Iteration[1060/1240], entropy: 1.2389, loss: 1.2389, lr: 2.32e-06
     Epoch[2] Iteration[1070/1240], entropy: 1.2856, loss: 1.2856, lr: 8.19e-06
     Epoch[2] Iteration[1080/1240], entropy: 1.2349, loss: 1.2349, lr: 9.65e-06
     Epoch[2] Iteration[1090/1240], entropy: 1.2737, loss: 1.2737, lr: 4.69e-06
     Epoch[2] Iteration[1100/1240], entropy: 1.3854, loss: 1.3854, lr: 1.57e-07
     Epoch[2] Iteration[1110/1240], entropy: 1.2743, loss: 1.2743, lr: 2.32e-06
     Epoch[2] Iteration[1120/1240], entropy: 1.1459, loss: 1.1459, lr: 8.19e-06
     Epoch[2] Iteration[1130/1240], entropy: 1.2906, loss: 1.2906, lr: 9.65e-06
     Epoch[2] Iteration[1140/1240], entropy: 1.3159, loss: 1.3159, lr: 4.69e-06
     Epoch[2] Iteration[1150/1240], entropy: 1.2425, loss: 1.2425, lr: 1.57e-07
     Epoch[2] Iteration[1160/1240], entropy: 1.3557, loss: 1.3557, lr: 2.32e-06
     Epoch[2] Iteration[1170/1240], entropy: 1.0993, loss: 1.0993, lr: 8.19e-06
     Epoch[2] Iteration[1180/1240], entropy: 1.2101, loss: 1.2101, lr: 9.65e-06
     Epoch[2] Iteration[1190/1240], entropy: 1.4224, loss: 1.4224, lr: 4.69e-06
     Epoch[2] Iteration[1200/1240], entropy: 1.1741, loss: 1.1741, lr: 1.57e-07
     Epoch[2] Iteration[1210/1240], entropy: 1.2134, loss: 1.2134, lr: 2.32e-06
     Epoch[2] Iteration[1220/1240], entropy: 1.2432, loss: 1.2432, lr: 8.19e-06
     Epoch[2] Iteration[1230/1240], entropy: 1.1631, loss: 1.1631, lr: 9.65e-06
     Epoch[2] Iteration[1240/1240], entropy: 1.3605, loss: 1.3605, lr: 4.69e-06
     Averaged stats: entropy: 1.3605, loss: 1.3605, lr: 4.69e-06
     itm tta time 0:02:06
### TTA Eval Score: 
+-------+--------+--------+--------+--------+-------+
| epoch |   R1   |   R5   |  R10   |  mAP   |  mINP |
+-------+--------+--------+--------+--------+-------+
|  -999 | 60.268 | 76.708 | 82.633 | 35.227 | 5.902 |
|   0   | 59.432 | 76.401 | 82.532 | 35.124 | 6.055 |
|   1   | 57.673 | 75.378 | 81.802 | 34.367 | 6.101 |
|   2   | 54.328 | 73.181 | 79.993 | 32.625 | 5.887 |
+-------+--------+--------+--------+--------+-------+
     logs:  {'epo': 2, 'R1': 54.328, 'R5': 73.181, 'R10': 79.993, 'mAP': 32.625, 'mINP': 5.887, 'entropy': 1.3164584800120323, 'loss': 1.3164584800120323, 'lr': 5.039055772626125e-06}
     Epoch[3] Iteration[10/1240], entropy: 1.3539, loss: 1.3539, lr: 1.57e-07
     Epoch[3] Iteration[20/1240], entropy: 1.1461, loss: 1.1461, lr: 2.32e-06
     Epoch[3] Iteration[30/1240], entropy: 1.1689, loss: 1.1689, lr: 8.19e-06
     Epoch[3] Iteration[40/1240], entropy: 1.0512, loss: 1.0512, lr: 9.65e-06
     Epoch[3] Iteration[50/1240], entropy: 1.4287, loss: 1.4287, lr: 4.69e-06
     Epoch[3] Iteration[60/1240], entropy: 1.1754, loss: 1.1754, lr: 1.57e-07
     Epoch[3] Iteration[70/1240], entropy: 1.1708, loss: 1.1708, lr: 2.32e-06
     Epoch[3] Iteration[80/1240], entropy: 1.1566, loss: 1.1566, lr: 8.19e-06
     Epoch[3] Iteration[90/1240], entropy: 1.3575, loss: 1.3575, lr: 9.65e-06
     Epoch[3] Iteration[100/1240], entropy: 1.2189, loss: 1.2189, lr: 4.69e-06
     Epoch[3] Iteration[110/1240], entropy: 1.2644, loss: 1.2644, lr: 1.57e-07
     Epoch[3] Iteration[120/1240], entropy: 1.2830, loss: 1.2830, lr: 2.32e-06
     Epoch[3] Iteration[130/1240], entropy: 1.3954, loss: 1.3954, lr: 8.19e-06
     Epoch[3] Iteration[140/1240], entropy: 1.1885, loss: 1.1885, lr: 9.65e-06
     Epoch[3] Iteration[150/1240], entropy: 1.0398, loss: 1.0398, lr: 4.69e-06
     Epoch[3] Iteration[160/1240], entropy: 1.1282, loss: 1.1282, lr: 1.57e-07
     Epoch[3] Iteration[170/1240], entropy: 1.0885, loss: 1.0885, lr: 2.32e-06
     Epoch[3] Iteration[180/1240], entropy: 1.0920, loss: 1.0920, lr: 8.19e-06
     Epoch[3] Iteration[190/1240], entropy: 1.2479, loss: 1.2479, lr: 9.65e-06
     Epoch[3] Iteration[200/1240], entropy: 1.0536, loss: 1.0536, lr: 4.69e-06
     Epoch[3] Iteration[210/1240], entropy: 1.2783, loss: 1.2783, lr: 1.57e-07
     Epoch[3] Iteration[220/1240], entropy: 1.2584, loss: 1.2584, lr: 2.32e-06
     Epoch[3] Iteration[230/1240], entropy: 1.0628, loss: 1.0628, lr: 8.19e-06
     Epoch[3] Iteration[240/1240], entropy: 1.3332, loss: 1.3332, lr: 9.65e-06
     Epoch[3] Iteration[250/1240], entropy: 1.1993, loss: 1.1993, lr: 4.69e-06
     Epoch[3] Iteration[260/1240], entropy: 1.2186, loss: 1.2186, lr: 1.57e-07
     Epoch[3] Iteration[270/1240], entropy: 1.2752, loss: 1.2752, lr: 2.32e-06
     Epoch[3] Iteration[280/1240], entropy: 1.2744, loss: 1.2744, lr: 8.19e-06
     Epoch[3] Iteration[290/1240], entropy: 1.1135, loss: 1.1135, lr: 9.84e-06
     Epoch[3] Iteration[300/1240], entropy: 1.0190, loss: 1.0190, lr: 5.31e-06
     Epoch[3] Iteration[310/1240], entropy: 1.3673, loss: 1.3673, lr: 3.51e-07
     Epoch[3] Iteration[320/1240], entropy: 1.3857, loss: 1.3857, lr: 1.81e-06
     Epoch[3] Iteration[330/1240], entropy: 1.3477, loss: 1.3477, lr: 7.68e-06
     Epoch[3] Iteration[340/1240], entropy: 1.1090, loss: 1.1090, lr: 9.84e-06
     Epoch[3] Iteration[350/1240], entropy: 1.2516, loss: 1.2516, lr: 5.31e-06
     Epoch[3] Iteration[360/1240], entropy: 1.2456, loss: 1.2456, lr: 3.51e-07
     Epoch[3] Iteration[370/1240], entropy: 1.2407, loss: 1.2407, lr: 1.81e-06
     Epoch[3] Iteration[380/1240], entropy: 1.2393, loss: 1.2393, lr: 7.68e-06
     Epoch[3] Iteration[390/1240], entropy: 1.1223, loss: 1.1223, lr: 9.84e-06
     Epoch[3] Iteration[400/1240], entropy: 1.1314, loss: 1.1314, lr: 5.31e-06
     Epoch[3] Iteration[410/1240], entropy: 1.3186, loss: 1.3186, lr: 3.51e-07
     Epoch[3] Iteration[420/1240], entropy: 1.1713, loss: 1.1713, lr: 1.81e-06
     Epoch[3] Iteration[430/1240], entropy: 1.2474, loss: 1.2474, lr: 7.68e-06
     Epoch[3] Iteration[440/1240], entropy: 1.1748, loss: 1.1748, lr: 9.84e-06
     Epoch[3] Iteration[450/1240], entropy: 1.0064, loss: 1.0064, lr: 5.31e-06
     Epoch[3] Iteration[460/1240], entropy: 1.1550, loss: 1.1550, lr: 3.51e-07
     Epoch[3] Iteration[470/1240], entropy: 1.3038, loss: 1.3038, lr: 1.81e-06
     Epoch[3] Iteration[480/1240], entropy: 1.2415, loss: 1.2415, lr: 7.68e-06
     Epoch[3] Iteration[490/1240], entropy: 1.0714, loss: 1.0714, lr: 9.84e-06
     Epoch[3] Iteration[500/1240], entropy: 1.1313, loss: 1.1313, lr: 5.31e-06
     Epoch[3] Iteration[510/1240], entropy: 1.3528, loss: 1.3528, lr: 3.51e-07
     Epoch[3] Iteration[520/1240], entropy: 1.1991, loss: 1.1991, lr: 1.81e-06
     Epoch[3] Iteration[530/1240], entropy: 1.3058, loss: 1.3058, lr: 7.68e-06
     Epoch[3] Iteration[540/1240], entropy: 1.1124, loss: 1.1124, lr: 9.84e-06
     Epoch[3] Iteration[550/1240], entropy: 1.1682, loss: 1.1682, lr: 5.31e-06
     Epoch[3] Iteration[560/1240], entropy: 1.0251, loss: 1.0251, lr: 3.51e-07
     Epoch[3] Iteration[570/1240], entropy: 1.1104, loss: 1.1104, lr: 1.81e-06
     Epoch[3] Iteration[580/1240], entropy: 1.2795, loss: 1.2795, lr: 7.68e-06
     Epoch[3] Iteration[590/1240], entropy: 1.2262, loss: 1.2262, lr: 9.84e-06
     Epoch[3] Iteration[600/1240], entropy: 1.3110, loss: 1.3110, lr: 5.31e-06
     Epoch[3] Iteration[610/1240], entropy: 1.1175, loss: 1.1175, lr: 3.51e-07
     Epoch[3] Iteration[620/1240], entropy: 0.9182, loss: 0.9182, lr: 1.81e-06
     Epoch[3] Iteration[630/1240], entropy: 1.0764, loss: 1.0764, lr: 7.68e-06
     Epoch[3] Iteration[640/1240], entropy: 1.1142, loss: 1.1142, lr: 9.84e-06
     Epoch[3] Iteration[650/1240], entropy: 1.0897, loss: 1.0897, lr: 5.31e-06
     Epoch[3] Iteration[660/1240], entropy: 1.1210, loss: 1.1210, lr: 3.51e-07
     Epoch[3] Iteration[670/1240], entropy: 1.0335, loss: 1.0335, lr: 1.81e-06
     Epoch[3] Iteration[680/1240], entropy: 1.1695, loss: 1.1695, lr: 7.68e-06
     Epoch[3] Iteration[690/1240], entropy: 1.4066, loss: 1.4066, lr: 9.84e-06
     Epoch[3] Iteration[700/1240], entropy: 1.1107, loss: 1.1107, lr: 5.31e-06
     Epoch[3] Iteration[710/1240], entropy: 1.0720, loss: 1.0720, lr: 3.51e-07
     Epoch[3] Iteration[720/1240], entropy: 1.1157, loss: 1.1157, lr: 1.81e-06
     Epoch[3] Iteration[730/1240], entropy: 1.1005, loss: 1.1005, lr: 7.68e-06
     Epoch[3] Iteration[740/1240], entropy: 1.2608, loss: 1.2608, lr: 9.84e-06
     Epoch[3] Iteration[750/1240], entropy: 1.1655, loss: 1.1655, lr: 5.31e-06
     Epoch[3] Iteration[760/1240], entropy: 1.1314, loss: 1.1314, lr: 3.51e-07
     Epoch[3] Iteration[770/1240], entropy: 1.2207, loss: 1.2207, lr: 1.81e-06
     Epoch[3] Iteration[780/1240], entropy: 1.3460, loss: 1.3460, lr: 7.68e-06
     Epoch[3] Iteration[790/1240], entropy: 1.3226, loss: 1.3226, lr: 9.84e-06
     Epoch[3] Iteration[800/1240], entropy: 1.1156, loss: 1.1156, lr: 5.31e-06
     Epoch[3] Iteration[810/1240], entropy: 1.0758, loss: 1.0758, lr: 3.51e-07
     Epoch[3] Iteration[820/1240], entropy: 1.2619, loss: 1.2619, lr: 1.81e-06
     Epoch[3] Iteration[830/1240], entropy: 1.1442, loss: 1.1442, lr: 7.68e-06
     Epoch[3] Iteration[840/1240], entropy: 0.8683, loss: 0.8683, lr: 9.84e-06
     Epoch[3] Iteration[850/1240], entropy: 0.9836, loss: 0.9836, lr: 5.31e-06
     Epoch[3] Iteration[860/1240], entropy: 0.9965, loss: 0.9965, lr: 3.51e-07
     Epoch[3] Iteration[870/1240], entropy: 1.2057, loss: 1.2057, lr: 1.81e-06
     Epoch[3] Iteration[880/1240], entropy: 0.9381, loss: 0.9381, lr: 7.68e-06
     Epoch[3] Iteration[890/1240], entropy: 0.9674, loss: 0.9674, lr: 9.84e-06
     Epoch[3] Iteration[900/1240], entropy: 1.2283, loss: 1.2283, lr: 5.31e-06
     Epoch[3] Iteration[910/1240], entropy: 1.2144, loss: 1.2144, lr: 3.51e-07
     Epoch[3] Iteration[920/1240], entropy: 1.0893, loss: 1.0893, lr: 1.81e-06
     Epoch[3] Iteration[930/1240], entropy: 1.2229, loss: 1.2229, lr: 7.68e-06
     Epoch[3] Iteration[940/1240], entropy: 1.1368, loss: 1.1368, lr: 9.84e-06
     Epoch[3] Iteration[950/1240], entropy: 1.2761, loss: 1.2761, lr: 5.31e-06
     Epoch[3] Iteration[960/1240], entropy: 1.1407, loss: 1.1407, lr: 3.51e-07
     Epoch[3] Iteration[970/1240], entropy: 1.0883, loss: 1.0883, lr: 1.81e-06
     Epoch[3] Iteration[980/1240], entropy: 1.0373, loss: 1.0373, lr: 7.68e-06
     Epoch[3] Iteration[990/1240], entropy: 1.1175, loss: 1.1175, lr: 9.84e-06
     Epoch[3] Iteration[1000/1240], entropy: 1.0730, loss: 1.0730, lr: 5.31e-06
     Epoch[3] Iteration[1010/1240], entropy: 1.2523, loss: 1.2523, lr: 3.51e-07
     Epoch[3] Iteration[1020/1240], entropy: 1.1152, loss: 1.1152, lr: 1.81e-06
     Epoch[3] Iteration[1030/1240], entropy: 1.3113, loss: 1.3113, lr: 7.68e-06
     Epoch[3] Iteration[1040/1240], entropy: 1.0659, loss: 1.0659, lr: 9.84e-06
     Epoch[3] Iteration[1050/1240], entropy: 1.0428, loss: 1.0428, lr: 5.31e-06
     Epoch[3] Iteration[1060/1240], entropy: 1.1577, loss: 1.1577, lr: 3.51e-07
     Epoch[3] Iteration[1070/1240], entropy: 1.2602, loss: 1.2602, lr: 1.81e-06
     Epoch[3] Iteration[1080/1240], entropy: 1.1137, loss: 1.1137, lr: 7.68e-06
     Epoch[3] Iteration[1090/1240], entropy: 1.1117, loss: 1.1117, lr: 9.84e-06
     Epoch[3] Iteration[1100/1240], entropy: 1.1592, loss: 1.1592, lr: 5.31e-06
     Epoch[3] Iteration[1110/1240], entropy: 1.1526, loss: 1.1526, lr: 3.51e-07
     Epoch[3] Iteration[1120/1240], entropy: 0.9425, loss: 0.9425, lr: 1.81e-06
     Epoch[3] Iteration[1130/1240], entropy: 0.8617, loss: 0.8617, lr: 7.68e-06
     Epoch[3] Iteration[1140/1240], entropy: 1.0760, loss: 1.0760, lr: 9.84e-06
     Epoch[3] Iteration[1150/1240], entropy: 1.2960, loss: 1.2960, lr: 5.31e-06
     Epoch[3] Iteration[1160/1240], entropy: 1.2184, loss: 1.2184, lr: 3.51e-07
     Epoch[3] Iteration[1170/1240], entropy: 0.9520, loss: 0.9520, lr: 1.81e-06
     Epoch[3] Iteration[1180/1240], entropy: 0.9790, loss: 0.9790, lr: 7.68e-06
     Epoch[3] Iteration[1190/1240], entropy: 0.9275, loss: 0.9275, lr: 9.84e-06
     Epoch[3] Iteration[1200/1240], entropy: 1.1942, loss: 1.1942, lr: 5.31e-06
     Epoch[3] Iteration[1210/1240], entropy: 1.2116, loss: 1.2116, lr: 3.51e-07
     Epoch[3] Iteration[1220/1240], entropy: 1.1867, loss: 1.1867, lr: 1.81e-06
     Epoch[3] Iteration[1230/1240], entropy: 1.2018, loss: 1.2018, lr: 7.68e-06
     Epoch[3] Iteration[1240/1240], entropy: 1.1880, loss: 1.1880, lr: 9.84e-06
     Averaged stats: entropy: 1.1880, loss: 1.1880, lr: 9.84e-06
     itm tta time 0:02:12
### TTA Eval Score: 
+-------+--------+--------+--------+--------+-------+
| epoch |   R1   |   R5   |  R10   |  mAP   |  mINP |
+-------+--------+--------+--------+--------+-------+
|  -999 | 60.268 | 76.708 | 82.633 | 35.227 | 5.902 |
|   0   | 59.432 | 76.401 | 82.532 | 35.124 | 6.055 |
|   1   | 57.673 | 75.378 | 81.802 | 34.367 | 6.101 |
|   2   | 54.328 | 73.181 | 79.993 | 32.625 | 5.887 |
|   3   | 49.678 | 69.891 | 77.237 | 30.134 | 5.454 |
+-------+--------+--------+--------+--------+-------+
     logs:  {'epo': 3, 'R1': 49.678, 'R5': 69.891, 'R10': 77.237, 'mAP': 30.134, 'mINP': 5.454, 'entropy': 1.164895018262248, 'loss': 1.164895018262248, 'lr': 5.004096661079453e-06}
     Epoch[4] Iteration[10/1240], entropy: 0.9823, loss: 0.9823, lr: 5.31e-06
     Epoch[4] Iteration[20/1240], entropy: 1.1856, loss: 1.1856, lr: 3.51e-07
     Epoch[4] Iteration[30/1240], entropy: 0.8407, loss: 0.8407, lr: 1.81e-06
     Epoch[4] Iteration[40/1240], entropy: 1.1609, loss: 1.1609, lr: 7.68e-06
     Epoch[4] Iteration[50/1240], entropy: 1.0584, loss: 1.0584, lr: 9.84e-06
     Epoch[4] Iteration[60/1240], entropy: 1.0540, loss: 1.0540, lr: 5.31e-06
     Epoch[4] Iteration[70/1240], entropy: 1.1147, loss: 1.1147, lr: 3.51e-07
     Epoch[4] Iteration[80/1240], entropy: 1.2534, loss: 1.2534, lr: 1.81e-06
     Epoch[4] Iteration[90/1240], entropy: 1.1187, loss: 1.1187, lr: 7.68e-06
     Epoch[4] Iteration[100/1240], entropy: 0.9407, loss: 0.9407, lr: 9.84e-06
     Epoch[4] Iteration[110/1240], entropy: 1.2410, loss: 1.2410, lr: 5.31e-06
     Epoch[4] Iteration[120/1240], entropy: 1.0796, loss: 1.0796, lr: 3.51e-07
     Epoch[4] Iteration[130/1240], entropy: 1.0936, loss: 1.0936, lr: 1.81e-06
     Epoch[4] Iteration[140/1240], entropy: 1.0828, loss: 1.0828, lr: 7.68e-06
     Epoch[4] Iteration[150/1240], entropy: 1.0520, loss: 1.0520, lr: 9.84e-06
     Epoch[4] Iteration[160/1240], entropy: 1.0164, loss: 1.0164, lr: 5.31e-06
     Epoch[4] Iteration[170/1240], entropy: 1.0702, loss: 1.0702, lr: 3.51e-07
     Epoch[4] Iteration[180/1240], entropy: 0.9874, loss: 0.9874, lr: 1.81e-06
     Epoch[4] Iteration[190/1240], entropy: 1.1098, loss: 1.1098, lr: 7.68e-06
     Epoch[4] Iteration[200/1240], entropy: 0.9839, loss: 0.9839, lr: 9.84e-06
     Epoch[4] Iteration[210/1240], entropy: 1.0514, loss: 1.0514, lr: 5.31e-06
     Epoch[4] Iteration[220/1240], entropy: 1.0686, loss: 1.0686, lr: 3.51e-07
     Epoch[4] Iteration[230/1240], entropy: 1.1212, loss: 1.1212, lr: 1.81e-06
     Epoch[4] Iteration[240/1240], entropy: 1.0660, loss: 1.0660, lr: 7.68e-06
     Epoch[4] Iteration[250/1240], entropy: 1.2666, loss: 1.2666, lr: 9.84e-06
     Epoch[4] Iteration[260/1240], entropy: 1.1924, loss: 1.1924, lr: 5.31e-06
     Epoch[4] Iteration[270/1240], entropy: 1.0065, loss: 1.0065, lr: 3.51e-07
     Epoch[4] Iteration[280/1240], entropy: 0.8914, loss: 0.8914, lr: 1.81e-06
     Epoch[4] Iteration[290/1240], entropy: 1.1602, loss: 1.1602, lr: 7.68e-06
     Epoch[4] Iteration[300/1240], entropy: 0.9545, loss: 0.9545, lr: 9.84e-06
     Epoch[4] Iteration[310/1240], entropy: 1.2006, loss: 1.2006, lr: 5.31e-06
     Epoch[4] Iteration[320/1240], entropy: 0.8975, loss: 0.8975, lr: 3.51e-07
     Epoch[4] Iteration[330/1240], entropy: 0.9183, loss: 0.9183, lr: 1.81e-06
     Epoch[4] Iteration[340/1240], entropy: 1.0719, loss: 1.0719, lr: 7.68e-06
     Epoch[4] Iteration[350/1240], entropy: 1.0736, loss: 1.0736, lr: 9.84e-06
     Epoch[4] Iteration[360/1240], entropy: 1.1653, loss: 1.1653, lr: 5.31e-06
     Epoch[4] Iteration[370/1240], entropy: 1.1951, loss: 1.1951, lr: 3.51e-07
     Epoch[4] Iteration[380/1240], entropy: 1.0972, loss: 1.0972, lr: 1.81e-06
     Epoch[4] Iteration[390/1240], entropy: 1.2040, loss: 1.2040, lr: 7.68e-06
     Epoch[4] Iteration[400/1240], entropy: 0.9576, loss: 0.9576, lr: 9.84e-06
     Epoch[4] Iteration[410/1240], entropy: 1.0805, loss: 1.0805, lr: 5.31e-06
     Epoch[4] Iteration[420/1240], entropy: 0.9512, loss: 0.9512, lr: 3.51e-07
     Epoch[4] Iteration[430/1240], entropy: 1.3383, loss: 1.3383, lr: 1.81e-06
     Epoch[4] Iteration[440/1240], entropy: 1.0974, loss: 1.0974, lr: 7.68e-06
     Epoch[4] Iteration[450/1240], entropy: 0.9728, loss: 0.9728, lr: 9.84e-06
     Epoch[4] Iteration[460/1240], entropy: 1.1367, loss: 1.1367, lr: 5.31e-06
     Epoch[4] Iteration[470/1240], entropy: 1.1391, loss: 1.1391, lr: 3.51e-07
     Epoch[4] Iteration[480/1240], entropy: 1.1463, loss: 1.1463, lr: 1.81e-06
     Epoch[4] Iteration[490/1240], entropy: 0.8868, loss: 0.8868, lr: 7.68e-06
     Epoch[4] Iteration[500/1240], entropy: 1.0597, loss: 1.0597, lr: 9.84e-06
     Epoch[4] Iteration[510/1240], entropy: 1.0911, loss: 1.0911, lr: 5.31e-06
     Epoch[4] Iteration[520/1240], entropy: 1.1133, loss: 1.1133, lr: 3.51e-07
     Epoch[4] Iteration[530/1240], entropy: 1.1685, loss: 1.1685, lr: 1.81e-06
     Epoch[4] Iteration[540/1240], entropy: 0.9955, loss: 0.9955, lr: 7.68e-06
     Epoch[4] Iteration[550/1240], entropy: 1.1874, loss: 1.1874, lr: 9.84e-06
     Epoch[4] Iteration[560/1240], entropy: 1.0587, loss: 1.0587, lr: 5.31e-06
     Epoch[4] Iteration[570/1240], entropy: 1.2076, loss: 1.2076, lr: 3.51e-07
     Epoch[4] Iteration[580/1240], entropy: 1.2002, loss: 1.2002, lr: 1.81e-06
     Epoch[4] Iteration[590/1240], entropy: 1.0080, loss: 1.0080, lr: 7.68e-06
     Epoch[4] Iteration[600/1240], entropy: 1.1061, loss: 1.1061, lr: 9.84e-06
     Epoch[4] Iteration[610/1240], entropy: 1.1994, loss: 1.1994, lr: 5.31e-06
     Epoch[4] Iteration[620/1240], entropy: 1.0515, loss: 1.0515, lr: 3.51e-07
     Epoch[4] Iteration[630/1240], entropy: 1.1255, loss: 1.1255, lr: 1.81e-06
     Epoch[4] Iteration[640/1240], entropy: 1.0693, loss: 1.0693, lr: 7.68e-06
     Epoch[4] Iteration[650/1240], entropy: 0.9705, loss: 0.9705, lr: 9.84e-06
     Epoch[4] Iteration[660/1240], entropy: 1.0985, loss: 1.0985, lr: 5.31e-06
     Epoch[4] Iteration[670/1240], entropy: 1.1417, loss: 1.1417, lr: 3.51e-07
     Epoch[4] Iteration[680/1240], entropy: 1.2487, loss: 1.2487, lr: 1.81e-06
     Epoch[4] Iteration[690/1240], entropy: 1.0814, loss: 1.0814, lr: 7.68e-06
     Epoch[4] Iteration[700/1240], entropy: 0.8428, loss: 0.8428, lr: 9.84e-06
     Epoch[4] Iteration[710/1240], entropy: 1.0896, loss: 1.0896, lr: 5.31e-06
     Epoch[4] Iteration[720/1240], entropy: 1.0936, loss: 1.0936, lr: 3.51e-07
     Epoch[4] Iteration[730/1240], entropy: 0.9769, loss: 0.9769, lr: 1.81e-06
     Epoch[4] Iteration[740/1240], entropy: 1.1374, loss: 1.1374, lr: 7.68e-06
     Epoch[4] Iteration[750/1240], entropy: 0.9880, loss: 0.9880, lr: 9.84e-06
     Epoch[4] Iteration[760/1240], entropy: 1.0787, loss: 1.0787, lr: 5.31e-06
     Epoch[4] Iteration[770/1240], entropy: 0.9726, loss: 0.9726, lr: 3.51e-07
     Epoch[4] Iteration[780/1240], entropy: 1.0017, loss: 1.0017, lr: 1.81e-06
     Epoch[4] Iteration[790/1240], entropy: 1.1330, loss: 1.1330, lr: 7.68e-06
     Epoch[4] Iteration[800/1240], entropy: 0.9237, loss: 0.9237, lr: 9.84e-06
     Epoch[4] Iteration[810/1240], entropy: 1.1843, loss: 1.1843, lr: 5.31e-06
     Epoch[4] Iteration[820/1240], entropy: 1.0107, loss: 1.0107, lr: 3.51e-07
     Epoch[4] Iteration[830/1240], entropy: 1.1740, loss: 1.1740, lr: 1.81e-06
     Epoch[4] Iteration[840/1240], entropy: 1.0887, loss: 1.0887, lr: 7.68e-06
     Epoch[4] Iteration[850/1240], entropy: 1.0149, loss: 1.0149, lr: 9.96e-06
     Epoch[4] Iteration[860/1240], entropy: 1.1679, loss: 1.1679, lr: 5.94e-06
     Epoch[4] Iteration[870/1240], entropy: 1.1459, loss: 1.1459, lr: 6.18e-07
     Epoch[4] Iteration[880/1240], entropy: 1.0456, loss: 1.0456, lr: 1.36e-06
     Epoch[4] Iteration[890/1240], entropy: 0.8522, loss: 0.8522, lr: 7.13e-06
     Epoch[4] Iteration[900/1240], entropy: 1.1304, loss: 1.1304, lr: 9.96e-06
     Epoch[4] Iteration[910/1240], entropy: 1.1840, loss: 1.1840, lr: 5.94e-06
     Epoch[4] Iteration[920/1240], entropy: 1.1193, loss: 1.1193, lr: 6.18e-07
     Epoch[4] Iteration[930/1240], entropy: 1.1253, loss: 1.1253, lr: 1.36e-06
     Epoch[4] Iteration[940/1240], entropy: 1.0087, loss: 1.0087, lr: 7.13e-06
     Epoch[4] Iteration[950/1240], entropy: 0.9566, loss: 0.9566, lr: 9.96e-06
     Epoch[4] Iteration[960/1240], entropy: 1.0388, loss: 1.0388, lr: 5.94e-06
     Epoch[4] Iteration[970/1240], entropy: 1.0988, loss: 1.0988, lr: 6.18e-07
     Epoch[4] Iteration[980/1240], entropy: 1.2176, loss: 1.2176, lr: 1.36e-06
     Epoch[4] Iteration[990/1240], entropy: 0.9912, loss: 0.9912, lr: 7.13e-06
     Epoch[4] Iteration[1000/1240], entropy: 1.2277, loss: 1.2277, lr: 9.96e-06
     Epoch[4] Iteration[1010/1240], entropy: 1.0111, loss: 1.0111, lr: 5.94e-06
     Epoch[4] Iteration[1020/1240], entropy: 1.2064, loss: 1.2064, lr: 6.18e-07
     Epoch[4] Iteration[1030/1240], entropy: 1.2070, loss: 1.2070, lr: 1.36e-06
     Epoch[4] Iteration[1040/1240], entropy: 1.1584, loss: 1.1584, lr: 7.13e-06
     Epoch[4] Iteration[1050/1240], entropy: 1.1205, loss: 1.1205, lr: 9.96e-06
     Epoch[4] Iteration[1060/1240], entropy: 1.1721, loss: 1.1721, lr: 5.94e-06
     Epoch[4] Iteration[1070/1240], entropy: 0.9389, loss: 0.9389, lr: 6.18e-07
     Epoch[4] Iteration[1080/1240], entropy: 1.0522, loss: 1.0522, lr: 1.36e-06
     Epoch[4] Iteration[1090/1240], entropy: 1.0010, loss: 1.0010, lr: 7.13e-06
     Epoch[4] Iteration[1100/1240], entropy: 1.0609, loss: 1.0609, lr: 9.96e-06
     Epoch[4] Iteration[1110/1240], entropy: 0.9846, loss: 0.9846, lr: 5.94e-06
     Epoch[4] Iteration[1120/1240], entropy: 1.3225, loss: 1.3225, lr: 6.18e-07
     Epoch[4] Iteration[1130/1240], entropy: 1.2617, loss: 1.2617, lr: 1.36e-06
     Epoch[4] Iteration[1140/1240], entropy: 1.1300, loss: 1.1300, lr: 7.13e-06
     Epoch[4] Iteration[1150/1240], entropy: 1.0313, loss: 1.0313, lr: 9.96e-06
     Epoch[4] Iteration[1160/1240], entropy: 1.1440, loss: 1.1440, lr: 5.94e-06
     Epoch[4] Iteration[1170/1240], entropy: 1.1294, loss: 1.1294, lr: 6.18e-07
     Epoch[4] Iteration[1180/1240], entropy: 1.0381, loss: 1.0381, lr: 1.36e-06
     Epoch[4] Iteration[1190/1240], entropy: 1.1110, loss: 1.1110, lr: 7.13e-06
     Epoch[4] Iteration[1200/1240], entropy: 1.2006, loss: 1.2006, lr: 9.96e-06
     Epoch[4] Iteration[1210/1240], entropy: 1.1661, loss: 1.1661, lr: 5.94e-06
     Epoch[4] Iteration[1220/1240], entropy: 1.1209, loss: 1.1209, lr: 6.18e-07
     Epoch[4] Iteration[1230/1240], entropy: 1.2552, loss: 1.2552, lr: 1.36e-06
     Epoch[4] Iteration[1240/1240], entropy: 0.9039, loss: 0.9039, lr: 7.13e-06
     Averaged stats: entropy: 0.9039, loss: 0.9039, lr: 7.13e-06
     itm tta time 0:02:06
### TTA Eval Score: 
+-------+--------+--------+--------+--------+-------+
| epoch |   R1   |   R5   |  R10   |  mAP   |  mINP |
+-------+--------+--------+--------+--------+-------+
|  -999 | 60.268 | 76.708 | 82.633 | 35.227 | 5.902 |
|   0   | 59.432 | 76.401 | 82.532 | 35.124 | 6.055 |
|   1   | 57.673 | 75.378 | 81.802 | 34.367 | 6.101 |
|   2   | 54.328 | 73.181 | 79.993 | 32.625 | 5.887 |
|   3   | 49.678 | 69.891 | 77.237 | 30.134 | 5.454 |
|   4   | 45.052 | 65.830 | 73.962 | 27.396 | 4.933 |
+-------+--------+--------+--------+--------+-------+
     logs:  {'epo': 4, 'R1': 45.052, 'R5': 65.83, 'R10': 73.962, 'mAP': 27.396, 'mINP': 4.933, 'entropy': 1.0860173577262509, 'loss': 1.0860173577262509, 'lr': 4.960944227373875e-06}
     Epoch[5] Iteration[10/1240], entropy: 0.9507, loss: 0.9507, lr: 9.96e-06
     Epoch[5] Iteration[20/1240], entropy: 0.9904, loss: 0.9904, lr: 5.94e-06
     Epoch[5] Iteration[30/1240], entropy: 1.1645, loss: 1.1645, lr: 6.18e-07
     Epoch[5] Iteration[40/1240], entropy: 1.0605, loss: 1.0605, lr: 1.36e-06
     Epoch[5] Iteration[50/1240], entropy: 0.9046, loss: 0.9046, lr: 7.13e-06
     Epoch[5] Iteration[60/1240], entropy: 1.1110, loss: 1.1110, lr: 9.96e-06
     Epoch[5] Iteration[70/1240], entropy: 0.8916, loss: 0.8916, lr: 5.94e-06
     Epoch[5] Iteration[80/1240], entropy: 1.1439, loss: 1.1439, lr: 6.18e-07
     Epoch[5] Iteration[90/1240], entropy: 1.1336, loss: 1.1336, lr: 1.36e-06
     Epoch[5] Iteration[100/1240], entropy: 1.0999, loss: 1.0999, lr: 7.13e-06
     Epoch[5] Iteration[110/1240], entropy: 1.0099, loss: 1.0099, lr: 9.96e-06
     Epoch[5] Iteration[120/1240], entropy: 1.2784, loss: 1.2784, lr: 5.94e-06
     Epoch[5] Iteration[130/1240], entropy: 1.1311, loss: 1.1311, lr: 6.18e-07
     Epoch[5] Iteration[140/1240], entropy: 0.9896, loss: 0.9896, lr: 1.36e-06
     Epoch[5] Iteration[150/1240], entropy: 1.1487, loss: 1.1487, lr: 7.13e-06
     Epoch[5] Iteration[160/1240], entropy: 1.0814, loss: 1.0814, lr: 9.96e-06
     Epoch[5] Iteration[170/1240], entropy: 1.0860, loss: 1.0860, lr: 5.94e-06
     Epoch[5] Iteration[180/1240], entropy: 0.9186, loss: 0.9186, lr: 6.18e-07
     Epoch[5] Iteration[190/1240], entropy: 1.0967, loss: 1.0967, lr: 1.36e-06
     Epoch[5] Iteration[200/1240], entropy: 1.1152, loss: 1.1152, lr: 7.13e-06
     Epoch[5] Iteration[210/1240], entropy: 1.0740, loss: 1.0740, lr: 9.96e-06
     Epoch[5] Iteration[220/1240], entropy: 0.8868, loss: 0.8868, lr: 5.94e-06
     Epoch[5] Iteration[230/1240], entropy: 1.1129, loss: 1.1129, lr: 6.18e-07
     Epoch[5] Iteration[240/1240], entropy: 1.1013, loss: 1.1013, lr: 1.36e-06
     Epoch[5] Iteration[250/1240], entropy: 0.9757, loss: 0.9757, lr: 7.13e-06
     Epoch[5] Iteration[260/1240], entropy: 1.0353, loss: 1.0353, lr: 9.96e-06
     Epoch[5] Iteration[270/1240], entropy: 1.1355, loss: 1.1355, lr: 5.94e-06
     Epoch[5] Iteration[280/1240], entropy: 1.0138, loss: 1.0138, lr: 6.18e-07
     Epoch[5] Iteration[290/1240], entropy: 1.0122, loss: 1.0122, lr: 1.36e-06
     Epoch[5] Iteration[300/1240], entropy: 1.2333, loss: 1.2333, lr: 7.13e-06
     Epoch[5] Iteration[310/1240], entropy: 0.9081, loss: 0.9081, lr: 9.96e-06
     Epoch[5] Iteration[320/1240], entropy: 0.9865, loss: 0.9865, lr: 5.94e-06
     Epoch[5] Iteration[330/1240], entropy: 1.0117, loss: 1.0117, lr: 6.18e-07
     Epoch[5] Iteration[340/1240], entropy: 1.1317, loss: 1.1317, lr: 1.36e-06
     Epoch[5] Iteration[350/1240], entropy: 1.0500, loss: 1.0500, lr: 7.13e-06
     Epoch[5] Iteration[360/1240], entropy: 1.0519, loss: 1.0519, lr: 9.96e-06
     Epoch[5] Iteration[370/1240], entropy: 0.8803, loss: 0.8803, lr: 5.94e-06
     Epoch[5] Iteration[380/1240], entropy: 0.8061, loss: 0.8061, lr: 6.18e-07
     Epoch[5] Iteration[390/1240], entropy: 1.0815, loss: 1.0815, lr: 1.36e-06
     Epoch[5] Iteration[400/1240], entropy: 1.1401, loss: 1.1401, lr: 7.13e-06
     Epoch[5] Iteration[410/1240], entropy: 0.9132, loss: 0.9132, lr: 9.96e-06
     Epoch[5] Iteration[420/1240], entropy: 1.2422, loss: 1.2422, lr: 5.94e-06
     Epoch[5] Iteration[430/1240], entropy: 1.0447, loss: 1.0447, lr: 6.18e-07
     Epoch[5] Iteration[440/1240], entropy: 1.0876, loss: 1.0876, lr: 1.36e-06
     Epoch[5] Iteration[450/1240], entropy: 0.9223, loss: 0.9223, lr: 7.13e-06
     Epoch[5] Iteration[460/1240], entropy: 1.1039, loss: 1.1039, lr: 9.96e-06
     Epoch[5] Iteration[470/1240], entropy: 1.0496, loss: 1.0496, lr: 5.94e-06
     Epoch[5] Iteration[480/1240], entropy: 0.8674, loss: 0.8674, lr: 6.18e-07
     Epoch[5] Iteration[490/1240], entropy: 1.1828, loss: 1.1828, lr: 1.36e-06
     Epoch[5] Iteration[500/1240], entropy: 0.9453, loss: 0.9453, lr: 7.13e-06
     Epoch[5] Iteration[510/1240], entropy: 0.8857, loss: 0.8857, lr: 9.96e-06
     Epoch[5] Iteration[520/1240], entropy: 0.8282, loss: 0.8282, lr: 5.94e-06
     Epoch[5] Iteration[530/1240], entropy: 0.9428, loss: 0.9428, lr: 6.18e-07
     Epoch[5] Iteration[540/1240], entropy: 1.0205, loss: 1.0205, lr: 1.36e-06
     Epoch[5] Iteration[550/1240], entropy: 1.0360, loss: 1.0360, lr: 7.13e-06
     Epoch[5] Iteration[560/1240], entropy: 0.8702, loss: 0.8702, lr: 9.96e-06
     Epoch[5] Iteration[570/1240], entropy: 1.0000, loss: 1.0000, lr: 5.94e-06
     Epoch[5] Iteration[580/1240], entropy: 1.1039, loss: 1.1039, lr: 6.18e-07
     Epoch[5] Iteration[590/1240], entropy: 1.2975, loss: 1.2975, lr: 1.36e-06
     Epoch[5] Iteration[600/1240], entropy: 0.8913, loss: 0.8913, lr: 7.13e-06
     Epoch[5] Iteration[610/1240], entropy: 1.1839, loss: 1.1839, lr: 9.96e-06
     Epoch[5] Iteration[620/1240], entropy: 0.9199, loss: 0.9199, lr: 5.94e-06
     Epoch[5] Iteration[630/1240], entropy: 1.0224, loss: 1.0224, lr: 6.18e-07
     Epoch[5] Iteration[640/1240], entropy: 1.1921, loss: 1.1921, lr: 1.36e-06
     Epoch[5] Iteration[650/1240], entropy: 0.8043, loss: 0.8043, lr: 7.13e-06
     Epoch[5] Iteration[660/1240], entropy: 0.7351, loss: 0.7351, lr: 9.96e-06
     Epoch[5] Iteration[670/1240], entropy: 1.0811, loss: 1.0811, lr: 5.94e-06
     Epoch[5] Iteration[680/1240], entropy: 1.0212, loss: 1.0212, lr: 6.18e-07
     Epoch[5] Iteration[690/1240], entropy: 1.0071, loss: 1.0071, lr: 1.36e-06
     Epoch[5] Iteration[700/1240], entropy: 0.8907, loss: 0.8907, lr: 7.13e-06
     Epoch[5] Iteration[710/1240], entropy: 1.1149, loss: 1.1149, lr: 9.96e-06
     Epoch[5] Iteration[720/1240], entropy: 0.9818, loss: 0.9818, lr: 5.94e-06
     Epoch[5] Iteration[730/1240], entropy: 1.3382, loss: 1.3382, lr: 6.18e-07
     Epoch[5] Iteration[740/1240], entropy: 0.9104, loss: 0.9104, lr: 1.36e-06
     Epoch[5] Iteration[750/1240], entropy: 1.1949, loss: 1.1949, lr: 7.13e-06
     Epoch[5] Iteration[760/1240], entropy: 1.0679, loss: 1.0679, lr: 9.96e-06
     Epoch[5] Iteration[770/1240], entropy: 1.1459, loss: 1.1459, lr: 5.94e-06
     Epoch[5] Iteration[780/1240], entropy: 1.1150, loss: 1.1150, lr: 6.18e-07
     Epoch[5] Iteration[790/1240], entropy: 0.9638, loss: 0.9638, lr: 1.36e-06
     Epoch[5] Iteration[800/1240], entropy: 1.0046, loss: 1.0046, lr: 7.13e-06
     Epoch[5] Iteration[810/1240], entropy: 1.3442, loss: 1.3442, lr: 9.96e-06
     Epoch[5] Iteration[820/1240], entropy: 1.0213, loss: 1.0213, lr: 5.94e-06
     Epoch[5] Iteration[830/1240], entropy: 0.9129, loss: 0.9129, lr: 6.18e-07
     Epoch[5] Iteration[840/1240], entropy: 1.1794, loss: 1.1794, lr: 1.36e-06
     Epoch[5] Iteration[850/1240], entropy: 1.0125, loss: 1.0125, lr: 7.13e-06
     Epoch[5] Iteration[860/1240], entropy: 1.0328, loss: 1.0328, lr: 9.96e-06
     Epoch[5] Iteration[870/1240], entropy: 0.9269, loss: 0.9269, lr: 5.94e-06
     Epoch[5] Iteration[880/1240], entropy: 1.0966, loss: 1.0966, lr: 6.18e-07
     Epoch[5] Iteration[890/1240], entropy: 0.8104, loss: 0.8104, lr: 1.36e-06
     Epoch[5] Iteration[900/1240], entropy: 0.9770, loss: 0.9770, lr: 7.13e-06
     Epoch[5] Iteration[910/1240], entropy: 1.0866, loss: 1.0866, lr: 9.96e-06
     Epoch[5] Iteration[920/1240], entropy: 0.9889, loss: 0.9889, lr: 5.94e-06
     Epoch[5] Iteration[930/1240], entropy: 1.0317, loss: 1.0317, lr: 6.18e-07
     Epoch[5] Iteration[940/1240], entropy: 1.1892, loss: 1.1892, lr: 1.36e-06
     Epoch[5] Iteration[950/1240], entropy: 0.8903, loss: 0.8903, lr: 7.13e-06
     Epoch[5] Iteration[960/1240], entropy: 1.1411, loss: 1.1411, lr: 9.96e-06
     Epoch[5] Iteration[970/1240], entropy: 0.7630, loss: 0.7630, lr: 5.94e-06
     Epoch[5] Iteration[980/1240], entropy: 0.8593, loss: 0.8593, lr: 6.18e-07
     Epoch[5] Iteration[990/1240], entropy: 1.1552, loss: 1.1552, lr: 1.36e-06
     Epoch[5] Iteration[1000/1240], entropy: 0.9237, loss: 0.9237, lr: 7.13e-06
     Epoch[5] Iteration[1010/1240], entropy: 1.1273, loss: 1.1273, lr: 9.96e-06
     Epoch[5] Iteration[1020/1240], entropy: 0.8156, loss: 0.8156, lr: 5.94e-06
     Epoch[5] Iteration[1030/1240], entropy: 0.9676, loss: 0.9676, lr: 6.18e-07
     Epoch[5] Iteration[1040/1240], entropy: 1.0777, loss: 1.0777, lr: 1.36e-06
     Epoch[5] Iteration[1050/1240], entropy: 1.0694, loss: 1.0694, lr: 7.13e-06
     Epoch[5] Iteration[1060/1240], entropy: 1.1390, loss: 1.1390, lr: 9.96e-06
     Epoch[5] Iteration[1070/1240], entropy: 1.1731, loss: 1.1731, lr: 5.94e-06
     Epoch[5] Iteration[1080/1240], entropy: 1.0906, loss: 1.0906, lr: 6.18e-07
     Epoch[5] Iteration[1090/1240], entropy: 1.1191, loss: 1.1191, lr: 1.36e-06
     Epoch[5] Iteration[1100/1240], entropy: 1.1413, loss: 1.1413, lr: 7.13e-06
     Epoch[5] Iteration[1110/1240], entropy: 1.0496, loss: 1.0496, lr: 9.96e-06
     Epoch[5] Iteration[1120/1240], entropy: 0.8755, loss: 0.8755, lr: 5.94e-06
     Epoch[5] Iteration[1130/1240], entropy: 1.0991, loss: 1.0991, lr: 6.18e-07
     Epoch[5] Iteration[1140/1240], entropy: 0.8960, loss: 0.8960, lr: 1.36e-06
     Epoch[5] Iteration[1150/1240], entropy: 1.1624, loss: 1.1624, lr: 7.13e-06
     Epoch[5] Iteration[1160/1240], entropy: 1.1559, loss: 1.1559, lr: 9.96e-06
     Epoch[5] Iteration[1170/1240], entropy: 1.1531, loss: 1.1531, lr: 5.94e-06
     Epoch[5] Iteration[1180/1240], entropy: 1.0080, loss: 1.0080, lr: 6.18e-07
     Epoch[5] Iteration[1190/1240], entropy: 0.8529, loss: 0.8529, lr: 1.36e-06
     Epoch[5] Iteration[1200/1240], entropy: 0.7972, loss: 0.7972, lr: 7.13e-06
     Epoch[5] Iteration[1210/1240], entropy: 1.1675, loss: 1.1675, lr: 9.96e-06
     Epoch[5] Iteration[1220/1240], entropy: 1.0402, loss: 1.0402, lr: 5.94e-06
     Epoch[5] Iteration[1230/1240], entropy: 0.8563, loss: 0.8563, lr: 6.18e-07
     Epoch[5] Iteration[1240/1240], entropy: 1.0625, loss: 1.0625, lr: 1.36e-06
     Averaged stats: entropy: 1.0625, loss: 1.0625, lr: 1.36e-06
     itm tta time 0:02:09
### TTA Eval Score: 
+-------+--------+--------+--------+--------+-------+
| epoch |   R1   |   R5   |  R10   |  mAP   |  mINP |
+-------+--------+--------+--------+--------+-------+
|  -999 | 60.268 | 76.708 | 82.633 | 35.227 | 5.902 |
|   0   | 59.432 | 76.401 | 82.532 | 35.124 | 6.055 |
|   1   | 57.673 | 75.378 | 81.802 | 34.367 | 6.101 |
|   2   | 54.328 | 73.181 | 79.993 | 32.625 | 5.887 |
|   3   | 49.678 | 69.891 | 77.237 | 30.134 | 5.454 |
|   4   | 45.052 | 65.830 | 73.962 | 27.396 | 4.933 |
|   5   | 40.709 | 61.971 | 70.304 | 24.676 | 4.390 |
+-------+--------+--------+--------+--------+-------+
     logs:  {'epo': 5, 'R1': 40.709, 'R5': 61.971, 'R10': 70.304, 'mAP': 24.676, 'mINP': 4.39, 'entropy': 1.0331067606326072, 'loss': 1.0331067606326072, 'lr': 4.9828314801788415e-06}
     Epoch[6] Iteration[10/1240], entropy: 0.9788, loss: 0.9788, lr: 7.13e-06
     Epoch[6] Iteration[20/1240], entropy: 1.0458, loss: 1.0458, lr: 9.96e-06
     Epoch[6] Iteration[30/1240], entropy: 1.0202, loss: 1.0202, lr: 5.94e-06
     Epoch[6] Iteration[40/1240], entropy: 1.0946, loss: 1.0946, lr: 6.18e-07
     Epoch[6] Iteration[50/1240], entropy: 0.8450, loss: 0.8450, lr: 1.36e-06
     Epoch[6] Iteration[60/1240], entropy: 0.9649, loss: 0.9649, lr: 7.13e-06
     Epoch[6] Iteration[70/1240], entropy: 1.0326, loss: 1.0326, lr: 9.96e-06
     Epoch[6] Iteration[80/1240], entropy: 1.1527, loss: 1.1527, lr: 5.94e-06
     Epoch[6] Iteration[90/1240], entropy: 0.7305, loss: 0.7305, lr: 6.18e-07
     Epoch[6] Iteration[100/1240], entropy: 1.0008, loss: 1.0008, lr: 1.36e-06
     Epoch[6] Iteration[110/1240], entropy: 1.1569, loss: 1.1569, lr: 7.13e-06
     Epoch[6] Iteration[120/1240], entropy: 1.0228, loss: 1.0228, lr: 9.96e-06
     Epoch[6] Iteration[130/1240], entropy: 1.0737, loss: 1.0737, lr: 5.94e-06
     Epoch[6] Iteration[140/1240], entropy: 1.0711, loss: 1.0711, lr: 6.18e-07
     Epoch[6] Iteration[150/1240], entropy: 0.7285, loss: 0.7285, lr: 1.36e-06
     Epoch[6] Iteration[160/1240], entropy: 1.1292, loss: 1.1292, lr: 7.13e-06
     Epoch[6] Iteration[170/1240], entropy: 1.1006, loss: 1.1006, lr: 9.96e-06
     Epoch[6] Iteration[180/1240], entropy: 0.9712, loss: 0.9712, lr: 5.94e-06
     Epoch[6] Iteration[190/1240], entropy: 1.1853, loss: 1.1853, lr: 6.18e-07
     Epoch[6] Iteration[200/1240], entropy: 1.0751, loss: 1.0751, lr: 1.36e-06
     Epoch[6] Iteration[210/1240], entropy: 1.1944, loss: 1.1944, lr: 7.13e-06
     Epoch[6] Iteration[220/1240], entropy: 1.0136, loss: 1.0136, lr: 9.96e-06
     Epoch[6] Iteration[230/1240], entropy: 0.7725, loss: 0.7725, lr: 5.94e-06
     Epoch[6] Iteration[240/1240], entropy: 0.7731, loss: 0.7731, lr: 6.18e-07
     Epoch[6] Iteration[250/1240], entropy: 1.0204, loss: 1.0204, lr: 1.36e-06
     Epoch[6] Iteration[260/1240], entropy: 1.0774, loss: 1.0774, lr: 7.13e-06
     Epoch[6] Iteration[270/1240], entropy: 1.1168, loss: 1.1168, lr: 9.96e-06
     Epoch[6] Iteration[280/1240], entropy: 0.9532, loss: 0.9532, lr: 5.94e-06
     Epoch[6] Iteration[290/1240], entropy: 0.9226, loss: 0.9226, lr: 6.18e-07
     Epoch[6] Iteration[300/1240], entropy: 0.9047, loss: 0.9047, lr: 1.36e-06
     Epoch[6] Iteration[310/1240], entropy: 1.0436, loss: 1.0436, lr: 7.13e-06
     Epoch[6] Iteration[320/1240], entropy: 0.9772, loss: 0.9772, lr: 9.96e-06
     Epoch[6] Iteration[330/1240], entropy: 1.0051, loss: 1.0051, lr: 5.94e-06
     Epoch[6] Iteration[340/1240], entropy: 0.8998, loss: 0.8998, lr: 6.18e-07
     Epoch[6] Iteration[350/1240], entropy: 0.8678, loss: 0.8678, lr: 1.36e-06
     Epoch[6] Iteration[360/1240], entropy: 0.9528, loss: 0.9528, lr: 7.13e-06
     Epoch[6] Iteration[370/1240], entropy: 1.1185, loss: 1.1185, lr: 9.96e-06
     Epoch[6] Iteration[380/1240], entropy: 0.8208, loss: 0.8208, lr: 5.94e-06
     Epoch[6] Iteration[390/1240], entropy: 0.9466, loss: 0.9466, lr: 6.18e-07
     Epoch[6] Iteration[400/1240], entropy: 1.1744, loss: 1.1744, lr: 1.36e-06
     Epoch[6] Iteration[410/1240], entropy: 0.8041, loss: 0.8041, lr: 7.13e-06
     Epoch[6] Iteration[420/1240], entropy: 1.0174, loss: 1.0174, lr: 9.96e-06
     Epoch[6] Iteration[430/1240], entropy: 0.7268, loss: 0.7268, lr: 5.94e-06
     Epoch[6] Iteration[440/1240], entropy: 0.9745, loss: 0.9745, lr: 6.18e-07
     Epoch[6] Iteration[450/1240], entropy: 0.9994, loss: 0.9994, lr: 1.36e-06
     Epoch[6] Iteration[460/1240], entropy: 0.8780, loss: 0.8780, lr: 7.13e-06
     Epoch[6] Iteration[470/1240], entropy: 0.9617, loss: 0.9617, lr: 9.96e-06
     Epoch[6] Iteration[480/1240], entropy: 0.8816, loss: 0.8816, lr: 5.94e-06
     Epoch[6] Iteration[490/1240], entropy: 0.8946, loss: 0.8946, lr: 6.18e-07
     Epoch[6] Iteration[500/1240], entropy: 1.0603, loss: 1.0603, lr: 1.36e-06
     Epoch[6] Iteration[510/1240], entropy: 0.9618, loss: 0.9618, lr: 7.13e-06
     Epoch[6] Iteration[520/1240], entropy: 1.1130, loss: 1.1130, lr: 9.96e-06
     Epoch[6] Iteration[530/1240], entropy: 0.8380, loss: 0.8380, lr: 5.94e-06
     Epoch[6] Iteration[540/1240], entropy: 0.8743, loss: 0.8743, lr: 6.18e-07
     Epoch[6] Iteration[550/1240], entropy: 1.0081, loss: 1.0081, lr: 1.36e-06
     Epoch[6] Iteration[560/1240], entropy: 1.0826, loss: 1.0826, lr: 7.13e-06
     Epoch[6] Iteration[570/1240], entropy: 1.0467, loss: 1.0467, lr: 9.96e-06
     Epoch[6] Iteration[580/1240], entropy: 1.0600, loss: 1.0600, lr: 5.94e-06
     Epoch[6] Iteration[590/1240], entropy: 1.0532, loss: 1.0532, lr: 6.18e-07
     Epoch[6] Iteration[600/1240], entropy: 1.0560, loss: 1.0560, lr: 1.36e-06
     Epoch[6] Iteration[610/1240], entropy: 1.2049, loss: 1.2049, lr: 7.13e-06
     Epoch[6] Iteration[620/1240], entropy: 1.0226, loss: 1.0226, lr: 9.96e-06
     Epoch[6] Iteration[630/1240], entropy: 0.7826, loss: 0.7826, lr: 5.94e-06
     Epoch[6] Iteration[640/1240], entropy: 1.0628, loss: 1.0628, lr: 6.18e-07
     Epoch[6] Iteration[650/1240], entropy: 1.0124, loss: 1.0124, lr: 1.36e-06
     Epoch[6] Iteration[660/1240], entropy: 0.9263, loss: 0.9263, lr: 7.13e-06
     Epoch[6] Iteration[670/1240], entropy: 0.8447, loss: 0.8447, lr: 9.96e-06
     Epoch[6] Iteration[680/1240], entropy: 1.0077, loss: 1.0077, lr: 5.94e-06
     Epoch[6] Iteration[690/1240], entropy: 1.0770, loss: 1.0770, lr: 6.18e-07
     Epoch[6] Iteration[700/1240], entropy: 1.0102, loss: 1.0102, lr: 1.36e-06
     Epoch[6] Iteration[710/1240], entropy: 1.1331, loss: 1.1331, lr: 7.13e-06
     Epoch[6] Iteration[720/1240], entropy: 1.1596, loss: 1.1596, lr: 9.96e-06
     Epoch[6] Iteration[730/1240], entropy: 1.0520, loss: 1.0520, lr: 5.94e-06
     Epoch[6] Iteration[740/1240], entropy: 1.0842, loss: 1.0842, lr: 6.18e-07
     Epoch[6] Iteration[750/1240], entropy: 1.0196, loss: 1.0196, lr: 1.36e-06
     Epoch[6] Iteration[760/1240], entropy: 0.9826, loss: 0.9826, lr: 7.13e-06
     Epoch[6] Iteration[770/1240], entropy: 1.0282, loss: 1.0282, lr: 9.96e-06
     Epoch[6] Iteration[780/1240], entropy: 1.0604, loss: 1.0604, lr: 5.94e-06
     Epoch[6] Iteration[790/1240], entropy: 1.0034, loss: 1.0034, lr: 6.18e-07
     Epoch[6] Iteration[800/1240], entropy: 1.0738, loss: 1.0738, lr: 1.36e-06
     Epoch[6] Iteration[810/1240], entropy: 0.7406, loss: 0.7406, lr: 7.13e-06
     Epoch[6] Iteration[820/1240], entropy: 0.9157, loss: 0.9157, lr: 9.96e-06
     Epoch[6] Iteration[830/1240], entropy: 1.0435, loss: 1.0435, lr: 5.94e-06
     Epoch[6] Iteration[840/1240], entropy: 0.8362, loss: 0.8362, lr: 6.18e-07
     Epoch[6] Iteration[850/1240], entropy: 0.7829, loss: 0.7829, lr: 1.36e-06
     Epoch[6] Iteration[860/1240], entropy: 1.1266, loss: 1.1266, lr: 7.13e-06
     Epoch[6] Iteration[870/1240], entropy: 0.9707, loss: 0.9707, lr: 9.96e-06
     Epoch[6] Iteration[880/1240], entropy: 0.8733, loss: 0.8733, lr: 5.94e-06
     Epoch[6] Iteration[890/1240], entropy: 0.8078, loss: 0.8078, lr: 6.18e-07
     Epoch[6] Iteration[900/1240], entropy: 0.8499, loss: 0.8499, lr: 1.36e-06
     Epoch[6] Iteration[910/1240], entropy: 1.0333, loss: 1.0333, lr: 7.13e-06
     Epoch[6] Iteration[920/1240], entropy: 1.0019, loss: 1.0019, lr: 9.96e-06
     Epoch[6] Iteration[930/1240], entropy: 1.0474, loss: 1.0474, lr: 5.94e-06
     Epoch[6] Iteration[940/1240], entropy: 0.9017, loss: 0.9017, lr: 6.18e-07
     Epoch[6] Iteration[950/1240], entropy: 0.9168, loss: 0.9168, lr: 1.36e-06
     Epoch[6] Iteration[960/1240], entropy: 1.0055, loss: 1.0055, lr: 7.13e-06
     Epoch[6] Iteration[970/1240], entropy: 0.9400, loss: 0.9400, lr: 9.96e-06
     Epoch[6] Iteration[980/1240], entropy: 1.0716, loss: 1.0716, lr: 5.94e-06
     Epoch[6] Iteration[990/1240], entropy: 1.0505, loss: 1.0505, lr: 6.18e-07
     Epoch[6] Iteration[1000/1240], entropy: 1.0072, loss: 1.0072, lr: 1.36e-06
     Epoch[6] Iteration[1010/1240], entropy: 1.1613, loss: 1.1613, lr: 7.13e-06
     Epoch[6] Iteration[1020/1240], entropy: 0.9426, loss: 0.9426, lr: 9.96e-06
     Epoch[6] Iteration[1030/1240], entropy: 0.8528, loss: 0.8528, lr: 5.94e-06
     Epoch[6] Iteration[1040/1240], entropy: 0.8754, loss: 0.8754, lr: 6.18e-07
     Epoch[6] Iteration[1050/1240], entropy: 1.1662, loss: 1.1662, lr: 1.36e-06
     Epoch[6] Iteration[1060/1240], entropy: 1.0119, loss: 1.0119, lr: 7.13e-06
     Epoch[6] Iteration[1070/1240], entropy: 0.9172, loss: 0.9172, lr: 9.96e-06
     Epoch[6] Iteration[1080/1240], entropy: 0.8514, loss: 0.8514, lr: 5.94e-06
     Epoch[6] Iteration[1090/1240], entropy: 0.8819, loss: 0.8819, lr: 6.18e-07
     Epoch[6] Iteration[1100/1240], entropy: 0.7865, loss: 0.7865, lr: 1.36e-06
     Epoch[6] Iteration[1110/1240], entropy: 0.9785, loss: 0.9785, lr: 7.13e-06
     Epoch[6] Iteration[1120/1240], entropy: 1.0302, loss: 1.0302, lr: 9.96e-06
     Epoch[6] Iteration[1130/1240], entropy: 0.7697, loss: 0.7697, lr: 5.94e-06
     Epoch[6] Iteration[1140/1240], entropy: 1.0432, loss: 1.0432, lr: 6.18e-07
     Epoch[6] Iteration[1150/1240], entropy: 0.7699, loss: 0.7699, lr: 1.36e-06
     Epoch[6] Iteration[1160/1240], entropy: 0.9737, loss: 0.9737, lr: 7.13e-06
     Epoch[6] Iteration[1170/1240], entropy: 0.9119, loss: 0.9119, lr: 9.96e-06
     Epoch[6] Iteration[1180/1240], entropy: 0.9231, loss: 0.9231, lr: 5.94e-06
     Epoch[6] Iteration[1190/1240], entropy: 1.0905, loss: 1.0905, lr: 6.18e-07
     Epoch[6] Iteration[1200/1240], entropy: 0.9106, loss: 0.9106, lr: 1.36e-06
     Epoch[6] Iteration[1210/1240], entropy: 1.0815, loss: 1.0815, lr: 7.13e-06
     Epoch[6] Iteration[1220/1240], entropy: 0.8660, loss: 0.8660, lr: 9.96e-06
     Epoch[6] Iteration[1230/1240], entropy: 0.9767, loss: 0.9767, lr: 5.94e-06
     Epoch[6] Iteration[1240/1240], entropy: 0.9485, loss: 0.9485, lr: 6.18e-07
     Averaged stats: entropy: 0.9485, loss: 0.9485, lr: 6.18e-07
     itm tta time 0:02:09
### TTA Eval Score: 
+-------+--------+--------+--------+--------+-------+
| epoch |   R1   |   R5   |  R10   |  mAP   |  mINP |
+-------+--------+--------+--------+--------+-------+
|  -999 | 60.268 | 76.708 | 82.633 | 35.227 | 5.902 |
|   0   | 59.432 | 76.401 | 82.532 | 35.124 | 6.055 |
|   1   | 57.673 | 75.378 | 81.802 | 34.367 | 6.101 |
|   2   | 54.328 | 73.181 | 79.993 | 32.625 | 5.887 |
|   3   | 49.678 | 69.891 | 77.237 | 30.134 | 5.454 |
|   4   | 45.052 | 65.830 | 73.962 | 27.396 | 4.933 |
|   5   | 40.709 | 61.971 | 70.304 | 24.676 | 4.390 |
|   6   | 36.512 | 57.860 | 66.667 | 22.151 | 3.882 |
+-------+--------+--------+--------+--------+-------+
     logs:  {'epo': 6, 'R1': 36.512, 'R5': 57.86, 'R10': 66.667, 'mAP': 22.151, 'mINP': 3.882, 'entropy': 0.9791958010004412, 'loss': 0.9791958010004412, 'lr': 5.0293938962670055e-06}
     Epoch[7] Iteration[10/1240], entropy: 0.9382, loss: 0.9382, lr: 1.36e-06
     Epoch[7] Iteration[20/1240], entropy: 0.8139, loss: 0.8139, lr: 7.13e-06
     Epoch[7] Iteration[30/1240], entropy: 0.9699, loss: 0.9699, lr: 9.96e-06
     Epoch[7] Iteration[40/1240], entropy: 0.9430, loss: 0.9430, lr: 5.94e-06
     Epoch[7] Iteration[50/1240], entropy: 0.9332, loss: 0.9332, lr: 6.18e-07
     Epoch[7] Iteration[60/1240], entropy: 0.8832, loss: 0.8832, lr: 1.36e-06
     Epoch[7] Iteration[70/1240], entropy: 0.7716, loss: 0.7716, lr: 7.13e-06
     Epoch[7] Iteration[80/1240], entropy: 0.8117, loss: 0.8117, lr: 9.96e-06
     Epoch[7] Iteration[90/1240], entropy: 1.0063, loss: 1.0063, lr: 5.94e-06
     Epoch[7] Iteration[100/1240], entropy: 0.8369, loss: 0.8369, lr: 6.18e-07
     Epoch[7] Iteration[110/1240], entropy: 0.9143, loss: 0.9143, lr: 1.36e-06
     Epoch[7] Iteration[120/1240], entropy: 0.8579, loss: 0.8579, lr: 7.13e-06
     Epoch[7] Iteration[130/1240], entropy: 0.8718, loss: 0.8718, lr: 9.96e-06
     Epoch[7] Iteration[140/1240], entropy: 0.7033, loss: 0.7033, lr: 5.94e-06
     Epoch[7] Iteration[150/1240], entropy: 0.8804, loss: 0.8804, lr: 6.18e-07
     Epoch[7] Iteration[160/1240], entropy: 0.7547, loss: 0.7547, lr: 1.36e-06
     Epoch[7] Iteration[170/1240], entropy: 0.9104, loss: 0.9104, lr: 7.13e-06
     Epoch[7] Iteration[180/1240], entropy: 0.7388, loss: 0.7388, lr: 9.96e-06
     Epoch[7] Iteration[190/1240], entropy: 1.0100, loss: 1.0100, lr: 5.94e-06
     Epoch[7] Iteration[200/1240], entropy: 0.8334, loss: 0.8334, lr: 6.18e-07
     Epoch[7] Iteration[210/1240], entropy: 0.9503, loss: 0.9503, lr: 1.36e-06
     Epoch[7] Iteration[220/1240], entropy: 0.8572, loss: 0.8572, lr: 7.13e-06
     Epoch[7] Iteration[230/1240], entropy: 1.1617, loss: 1.1617, lr: 9.96e-06
     Epoch[7] Iteration[240/1240], entropy: 1.0977, loss: 1.0977, lr: 5.94e-06
     Epoch[7] Iteration[250/1240], entropy: 0.8830, loss: 0.8830, lr: 6.18e-07
     Epoch[7] Iteration[260/1240], entropy: 0.7099, loss: 0.7099, lr: 1.36e-06
     Epoch[7] Iteration[270/1240], entropy: 0.9909, loss: 0.9909, lr: 7.13e-06
     Epoch[7] Iteration[280/1240], entropy: 0.7893, loss: 0.7893, lr: 9.96e-06
     Epoch[7] Iteration[290/1240], entropy: 0.9461, loss: 0.9461, lr: 5.94e-06
     Epoch[7] Iteration[300/1240], entropy: 1.0036, loss: 1.0036, lr: 6.18e-07
     Epoch[7] Iteration[310/1240], entropy: 0.8362, loss: 0.8362, lr: 1.36e-06
     Epoch[7] Iteration[320/1240], entropy: 0.9643, loss: 0.9643, lr: 7.13e-06
     Epoch[7] Iteration[330/1240], entropy: 0.9541, loss: 0.9541, lr: 9.96e-06
     Epoch[7] Iteration[340/1240], entropy: 0.7753, loss: 0.7753, lr: 5.94e-06
     Epoch[7] Iteration[350/1240], entropy: 0.9954, loss: 0.9954, lr: 6.18e-07
     Epoch[7] Iteration[360/1240], entropy: 1.0501, loss: 1.0501, lr: 1.36e-06
     Epoch[7] Iteration[370/1240], entropy: 0.9975, loss: 0.9975, lr: 7.13e-06
     Epoch[7] Iteration[380/1240], entropy: 1.1621, loss: 1.1621, lr: 9.96e-06
     Epoch[7] Iteration[390/1240], entropy: 0.8560, loss: 0.8560, lr: 5.94e-06
     Epoch[7] Iteration[400/1240], entropy: 0.8589, loss: 0.8589, lr: 6.18e-07
     Epoch[7] Iteration[410/1240], entropy: 0.9688, loss: 0.9688, lr: 1.36e-06
     Epoch[7] Iteration[420/1240], entropy: 0.9904, loss: 0.9904, lr: 7.13e-06
     Epoch[7] Iteration[430/1240], entropy: 0.8149, loss: 0.8149, lr: 9.96e-06
     Epoch[7] Iteration[440/1240], entropy: 1.0418, loss: 1.0418, lr: 5.94e-06
     Epoch[7] Iteration[450/1240], entropy: 0.9980, loss: 0.9980, lr: 6.18e-07
     Epoch[7] Iteration[460/1240], entropy: 0.7601, loss: 0.7601, lr: 1.36e-06
     Epoch[7] Iteration[470/1240], entropy: 0.9982, loss: 0.9982, lr: 7.13e-06
     Epoch[7] Iteration[480/1240], entropy: 0.8492, loss: 0.8492, lr: 9.96e-06
     Epoch[7] Iteration[490/1240], entropy: 0.9212, loss: 0.9212, lr: 5.94e-06
     Epoch[7] Iteration[500/1240], entropy: 1.0090, loss: 1.0090, lr: 6.18e-07
     Epoch[7] Iteration[510/1240], entropy: 0.9961, loss: 0.9961, lr: 1.36e-06
     Epoch[7] Iteration[520/1240], entropy: 1.0485, loss: 1.0485, lr: 7.13e-06
     Epoch[7] Iteration[530/1240], entropy: 0.8014, loss: 0.8014, lr: 9.96e-06
     Epoch[7] Iteration[540/1240], entropy: 0.8736, loss: 0.8736, lr: 5.94e-06
     Epoch[7] Iteration[550/1240], entropy: 0.9626, loss: 0.9626, lr: 6.18e-07
     Epoch[7] Iteration[560/1240], entropy: 0.8570, loss: 0.8570, lr: 1.36e-06
     Epoch[7] Iteration[570/1240], entropy: 1.0166, loss: 1.0166, lr: 7.13e-06
     Epoch[7] Iteration[580/1240], entropy: 0.9480, loss: 0.9480, lr: 9.96e-06
     Epoch[7] Iteration[590/1240], entropy: 0.9058, loss: 0.9058, lr: 5.94e-06
     Epoch[7] Iteration[600/1240], entropy: 0.8052, loss: 0.8052, lr: 6.18e-07
     Epoch[7] Iteration[610/1240], entropy: 0.8059, loss: 0.8059, lr: 1.36e-06
     Epoch[7] Iteration[620/1240], entropy: 0.8947, loss: 0.8947, lr: 7.13e-06
     Epoch[7] Iteration[630/1240], entropy: 0.9217, loss: 0.9217, lr: 9.96e-06
     Epoch[7] Iteration[640/1240], entropy: 0.7196, loss: 0.7196, lr: 5.94e-06
     Epoch[7] Iteration[650/1240], entropy: 0.7787, loss: 0.7787, lr: 6.18e-07
     Epoch[7] Iteration[660/1240], entropy: 1.1389, loss: 1.1389, lr: 1.36e-06
     Epoch[7] Iteration[670/1240], entropy: 0.7529, loss: 0.7529, lr: 7.13e-06
     Epoch[7] Iteration[680/1240], entropy: 0.9133, loss: 0.9133, lr: 9.96e-06
     Epoch[7] Iteration[690/1240], entropy: 0.9603, loss: 0.9603, lr: 5.94e-06
     Epoch[7] Iteration[700/1240], entropy: 0.9035, loss: 0.9035, lr: 6.18e-07
     Epoch[7] Iteration[710/1240], entropy: 0.8247, loss: 0.8247, lr: 1.36e-06
     Epoch[7] Iteration[720/1240], entropy: 0.9616, loss: 0.9616, lr: 7.13e-06
     Epoch[7] Iteration[730/1240], entropy: 0.6931, loss: 0.6931, lr: 9.96e-06
     Epoch[7] Iteration[740/1240], entropy: 1.0707, loss: 1.0707, lr: 5.94e-06
     Epoch[7] Iteration[750/1240], entropy: 0.9706, loss: 0.9706, lr: 6.18e-07
     Epoch[7] Iteration[760/1240], entropy: 0.9911, loss: 0.9911, lr: 1.36e-06
     Epoch[7] Iteration[770/1240], entropy: 0.9337, loss: 0.9337, lr: 7.13e-06
     Epoch[7] Iteration[780/1240], entropy: 0.8441, loss: 0.8441, lr: 9.96e-06
     Epoch[7] Iteration[790/1240], entropy: 0.9488, loss: 0.9488, lr: 5.94e-06
     Epoch[7] Iteration[800/1240], entropy: 1.0072, loss: 1.0072, lr: 6.18e-07
     Epoch[7] Iteration[810/1240], entropy: 1.0163, loss: 1.0163, lr: 1.36e-06
     Epoch[7] Iteration[820/1240], entropy: 0.8952, loss: 0.8952, lr: 7.13e-06
     Epoch[7] Iteration[830/1240], entropy: 0.9702, loss: 0.9702, lr: 9.96e-06
     Epoch[7] Iteration[840/1240], entropy: 0.8482, loss: 0.8482, lr: 5.94e-06
     Epoch[7] Iteration[850/1240], entropy: 0.6974, loss: 0.6974, lr: 6.18e-07
     Epoch[7] Iteration[860/1240], entropy: 0.7123, loss: 0.7123, lr: 1.36e-06
     Epoch[7] Iteration[870/1240], entropy: 0.8488, loss: 0.8488, lr: 7.13e-06
     Epoch[7] Iteration[880/1240], entropy: 1.0762, loss: 1.0762, lr: 9.96e-06
     Epoch[7] Iteration[890/1240], entropy: 1.0271, loss: 1.0271, lr: 5.94e-06
     Epoch[7] Iteration[900/1240], entropy: 1.0747, loss: 1.0747, lr: 6.18e-07
     Epoch[7] Iteration[910/1240], entropy: 1.0003, loss: 1.0003, lr: 1.36e-06
     Epoch[7] Iteration[920/1240], entropy: 1.0711, loss: 1.0711, lr: 7.13e-06
     Epoch[7] Iteration[930/1240], entropy: 0.9398, loss: 0.9398, lr: 9.96e-06
     Epoch[7] Iteration[940/1240], entropy: 0.7332, loss: 0.7332, lr: 5.94e-06
     Epoch[7] Iteration[950/1240], entropy: 0.9303, loss: 0.9303, lr: 6.18e-07
     Epoch[7] Iteration[960/1240], entropy: 0.7940, loss: 0.7940, lr: 1.36e-06
     Epoch[7] Iteration[970/1240], entropy: 0.7833, loss: 0.7833, lr: 7.13e-06
     Epoch[7] Iteration[980/1240], entropy: 0.5664, loss: 0.5664, lr: 9.96e-06
     Epoch[7] Iteration[990/1240], entropy: 0.9271, loss: 0.9271, lr: 5.94e-06
     Epoch[7] Iteration[1000/1240], entropy: 0.8446, loss: 0.8446, lr: 6.18e-07
     Epoch[7] Iteration[1010/1240], entropy: 0.7306, loss: 0.7306, lr: 1.36e-06
     Epoch[7] Iteration[1020/1240], entropy: 0.8750, loss: 0.8750, lr: 7.13e-06
     Epoch[7] Iteration[1030/1240], entropy: 1.0024, loss: 1.0024, lr: 9.96e-06
     Epoch[7] Iteration[1040/1240], entropy: 0.6766, loss: 0.6766, lr: 5.94e-06
     Epoch[7] Iteration[1050/1240], entropy: 1.0205, loss: 1.0205, lr: 6.18e-07
     Epoch[7] Iteration[1060/1240], entropy: 0.7960, loss: 0.7960, lr: 1.36e-06
     Epoch[7] Iteration[1070/1240], entropy: 0.8644, loss: 0.8644, lr: 7.13e-06
     Epoch[7] Iteration[1080/1240], entropy: 1.0253, loss: 1.0253, lr: 9.96e-06
     Epoch[7] Iteration[1090/1240], entropy: 0.8559, loss: 0.8559, lr: 5.94e-06
     Epoch[7] Iteration[1100/1240], entropy: 0.9436, loss: 0.9436, lr: 6.18e-07
     Epoch[7] Iteration[1110/1240], entropy: 0.7978, loss: 0.7978, lr: 1.36e-06
     Epoch[7] Iteration[1120/1240], entropy: 1.0912, loss: 1.0912, lr: 7.13e-06
     Epoch[7] Iteration[1130/1240], entropy: 1.1442, loss: 1.1442, lr: 1.00e-05
     Epoch[7] Iteration[1140/1240], entropy: 0.8791, loss: 0.8791, lr: 6.55e-06
     Epoch[7] Iteration[1150/1240], entropy: 0.9841, loss: 0.9841, lr: 9.55e-07
     Epoch[7] Iteration[1160/1240], entropy: 1.0052, loss: 1.0052, lr: 9.55e-07
     Epoch[7] Iteration[1170/1240], entropy: 0.7671, loss: 0.7671, lr: 6.55e-06
     Epoch[7] Iteration[1180/1240], entropy: 0.8883, loss: 0.8883, lr: 1.00e-05
     Epoch[7] Iteration[1190/1240], entropy: 0.7287, loss: 0.7287, lr: 6.55e-06
     Epoch[7] Iteration[1200/1240], entropy: 0.8777, loss: 0.8777, lr: 9.55e-07
     Epoch[7] Iteration[1210/1240], entropy: 1.0296, loss: 1.0296, lr: 9.55e-07
     Epoch[7] Iteration[1220/1240], entropy: 0.9479, loss: 0.9479, lr: 6.55e-06
     Epoch[7] Iteration[1230/1240], entropy: 0.9092, loss: 0.9092, lr: 1.00e-05
     Epoch[7] Iteration[1240/1240], entropy: 0.9148, loss: 0.9148, lr: 6.55e-06
     Averaged stats: entropy: 0.9148, loss: 0.9148, lr: 6.55e-06
     itm tta time 0:02:08
### TTA Eval Score: 
+-------+--------+--------+--------+--------+-------+
| epoch |   R1   |   R5   |  R10   |  mAP   |  mINP |
+-------+--------+--------+--------+--------+-------+
|  -999 | 60.268 | 76.708 | 82.633 | 35.227 | 5.902 |
|   0   | 59.432 | 76.401 | 82.532 | 35.124 | 6.055 |
|   1   | 57.673 | 75.378 | 81.802 | 34.367 | 6.101 |
|   2   | 54.328 | 73.181 | 79.993 | 32.625 | 5.887 |
|   3   | 49.678 | 69.891 | 77.237 | 30.134 | 5.454 |
|   4   | 45.052 | 65.830 | 73.962 | 27.396 | 4.933 |
|   5   | 40.709 | 61.971 | 70.304 | 24.676 | 4.390 |
|   6   | 36.512 | 57.860 | 66.667 | 22.151 | 3.882 |
|   7   | 33.086 | 54.136 | 63.336 | 19.944 | 3.433 |
+-------+--------+--------+--------+--------+-------+
     logs:  {'epo': 7, 'R1': 33.086, 'R5': 54.136, 'R10': 63.336, 'mAP': 19.944, 'mINP': 3.433, 'entropy': 0.9059326908280773, 'loss': 0.9059326908280773, 'lr': 5.04055756687579e-06}
     Epoch[8] Iteration[10/1240], entropy: 1.1034, loss: 1.1034, lr: 9.55e-07
     Epoch[8] Iteration[20/1240], entropy: 0.8414, loss: 0.8414, lr: 9.55e-07
     Epoch[8] Iteration[30/1240], entropy: 0.7501, loss: 0.7501, lr: 6.55e-06
     Epoch[8] Iteration[40/1240], entropy: 1.0784, loss: 1.0784, lr: 1.00e-05
     Epoch[8] Iteration[50/1240], entropy: 0.9979, loss: 0.9979, lr: 6.55e-06
     Epoch[8] Iteration[60/1240], entropy: 0.7294, loss: 0.7294, lr: 9.55e-07
     Epoch[8] Iteration[70/1240], entropy: 0.8755, loss: 0.8755, lr: 9.55e-07
     Epoch[8] Iteration[80/1240], entropy: 0.6987, loss: 0.6987, lr: 6.55e-06
     Epoch[8] Iteration[90/1240], entropy: 0.8475, loss: 0.8475, lr: 1.00e-05
     Epoch[8] Iteration[100/1240], entropy: 1.0018, loss: 1.0018, lr: 6.55e-06
     Epoch[8] Iteration[110/1240], entropy: 1.0019, loss: 1.0019, lr: 9.55e-07
     Epoch[8] Iteration[120/1240], entropy: 0.9221, loss: 0.9221, lr: 9.55e-07
     Epoch[8] Iteration[130/1240], entropy: 0.7015, loss: 0.7015, lr: 6.55e-06
     Epoch[8] Iteration[140/1240], entropy: 0.7877, loss: 0.7877, lr: 1.00e-05
     Epoch[8] Iteration[150/1240], entropy: 0.9684, loss: 0.9684, lr: 6.55e-06
     Epoch[8] Iteration[160/1240], entropy: 0.5254, loss: 0.5254, lr: 9.55e-07
     Epoch[8] Iteration[170/1240], entropy: 0.8024, loss: 0.8024, lr: 9.55e-07
     Epoch[8] Iteration[180/1240], entropy: 0.9098, loss: 0.9098, lr: 6.55e-06
     Epoch[8] Iteration[190/1240], entropy: 0.8438, loss: 0.8438, lr: 1.00e-05
     Epoch[8] Iteration[200/1240], entropy: 0.8079, loss: 0.8079, lr: 6.55e-06
     Epoch[8] Iteration[210/1240], entropy: 0.9884, loss: 0.9884, lr: 9.55e-07
     Epoch[8] Iteration[220/1240], entropy: 0.9598, loss: 0.9598, lr: 9.55e-07
     Epoch[8] Iteration[230/1240], entropy: 1.0080, loss: 1.0080, lr: 6.55e-06
     Epoch[8] Iteration[240/1240], entropy: 1.0087, loss: 1.0087, lr: 1.00e-05
     Epoch[8] Iteration[250/1240], entropy: 0.8939, loss: 0.8939, lr: 6.55e-06
     Epoch[8] Iteration[260/1240], entropy: 1.0869, loss: 1.0869, lr: 9.55e-07
     Epoch[8] Iteration[270/1240], entropy: 0.7617, loss: 0.7617, lr: 9.55e-07
     Epoch[8] Iteration[280/1240], entropy: 0.8451, loss: 0.8451, lr: 6.55e-06
     Epoch[8] Iteration[290/1240], entropy: 0.8621, loss: 0.8621, lr: 1.00e-05
     Epoch[8] Iteration[300/1240], entropy: 0.8044, loss: 0.8044, lr: 6.55e-06
     Epoch[8] Iteration[310/1240], entropy: 0.8349, loss: 0.8349, lr: 9.55e-07
     Epoch[8] Iteration[320/1240], entropy: 0.8935, loss: 0.8935, lr: 9.55e-07
     Epoch[8] Iteration[330/1240], entropy: 0.7465, loss: 0.7465, lr: 6.55e-06
     Epoch[8] Iteration[340/1240], entropy: 0.8920, loss: 0.8920, lr: 1.00e-05
     Epoch[8] Iteration[350/1240], entropy: 0.6783, loss: 0.6783, lr: 6.55e-06
     Epoch[8] Iteration[360/1240], entropy: 1.1236, loss: 1.1236, lr: 9.55e-07
     Epoch[8] Iteration[370/1240], entropy: 1.0090, loss: 1.0090, lr: 9.55e-07
     Epoch[8] Iteration[380/1240], entropy: 0.8247, loss: 0.8247, lr: 6.55e-06
     Epoch[8] Iteration[390/1240], entropy: 0.9125, loss: 0.9125, lr: 1.00e-05
     Epoch[8] Iteration[400/1240], entropy: 0.8610, loss: 0.8610, lr: 6.55e-06
     Epoch[8] Iteration[410/1240], entropy: 0.9618, loss: 0.9618, lr: 9.55e-07
     Epoch[8] Iteration[420/1240], entropy: 1.1110, loss: 1.1110, lr: 9.55e-07
     Epoch[8] Iteration[430/1240], entropy: 0.9002, loss: 0.9002, lr: 6.55e-06
     Epoch[8] Iteration[440/1240], entropy: 0.9676, loss: 0.9676, lr: 1.00e-05
     Epoch[8] Iteration[450/1240], entropy: 1.0545, loss: 1.0545, lr: 6.55e-06
     Epoch[8] Iteration[460/1240], entropy: 0.9786, loss: 0.9786, lr: 9.55e-07
     Epoch[8] Iteration[470/1240], entropy: 0.7546, loss: 0.7546, lr: 9.55e-07
     Epoch[8] Iteration[480/1240], entropy: 0.8651, loss: 0.8651, lr: 6.55e-06
     Epoch[8] Iteration[490/1240], entropy: 0.9437, loss: 0.9437, lr: 1.00e-05
     Epoch[8] Iteration[500/1240], entropy: 0.8564, loss: 0.8564, lr: 6.55e-06
     Epoch[8] Iteration[510/1240], entropy: 0.7980, loss: 0.7980, lr: 9.55e-07
     Epoch[8] Iteration[520/1240], entropy: 0.9540, loss: 0.9540, lr: 9.55e-07
     Epoch[8] Iteration[530/1240], entropy: 1.0268, loss: 1.0268, lr: 6.55e-06
     Epoch[8] Iteration[540/1240], entropy: 0.6530, loss: 0.6530, lr: 1.00e-05
     Epoch[8] Iteration[550/1240], entropy: 0.8692, loss: 0.8692, lr: 6.55e-06
     Epoch[8] Iteration[560/1240], entropy: 0.7796, loss: 0.7796, lr: 9.55e-07
     Epoch[8] Iteration[570/1240], entropy: 0.9148, loss: 0.9148, lr: 9.55e-07
     Epoch[8] Iteration[580/1240], entropy: 0.7773, loss: 0.7773, lr: 6.55e-06
     Epoch[8] Iteration[590/1240], entropy: 0.9289, loss: 0.9289, lr: 1.00e-05
     Epoch[8] Iteration[600/1240], entropy: 0.7595, loss: 0.7595, lr: 6.55e-06
     Epoch[8] Iteration[610/1240], entropy: 1.0915, loss: 1.0915, lr: 9.55e-07
     Epoch[8] Iteration[620/1240], entropy: 0.6784, loss: 0.6784, lr: 9.55e-07
     Epoch[8] Iteration[630/1240], entropy: 0.9636, loss: 0.9636, lr: 6.55e-06
     Epoch[8] Iteration[640/1240], entropy: 0.8728, loss: 0.8728, lr: 1.00e-05
     Epoch[8] Iteration[650/1240], entropy: 0.8556, loss: 0.8556, lr: 6.55e-06
     Epoch[8] Iteration[660/1240], entropy: 0.8417, loss: 0.8417, lr: 9.55e-07
     Epoch[8] Iteration[670/1240], entropy: 1.1688, loss: 1.1688, lr: 9.55e-07
     Epoch[8] Iteration[680/1240], entropy: 0.7981, loss: 0.7981, lr: 6.55e-06
     Epoch[8] Iteration[690/1240], entropy: 0.7368, loss: 0.7368, lr: 1.00e-05
     Epoch[8] Iteration[700/1240], entropy: 0.8574, loss: 0.8574, lr: 6.55e-06
     Epoch[8] Iteration[710/1240], entropy: 1.0214, loss: 1.0214, lr: 9.55e-07
     Epoch[8] Iteration[720/1240], entropy: 1.0377, loss: 1.0377, lr: 9.55e-07
     Epoch[8] Iteration[730/1240], entropy: 0.9265, loss: 0.9265, lr: 6.55e-06
     Epoch[8] Iteration[740/1240], entropy: 0.9325, loss: 0.9325, lr: 1.00e-05
     Epoch[8] Iteration[750/1240], entropy: 0.8065, loss: 0.8065, lr: 6.55e-06
     Epoch[8] Iteration[760/1240], entropy: 0.7291, loss: 0.7291, lr: 9.55e-07
     Epoch[8] Iteration[770/1240], entropy: 0.7574, loss: 0.7574, lr: 9.55e-07
     Epoch[8] Iteration[780/1240], entropy: 0.9976, loss: 0.9976, lr: 6.55e-06
     Epoch[8] Iteration[790/1240], entropy: 0.8038, loss: 0.8038, lr: 1.00e-05
     Epoch[8] Iteration[800/1240], entropy: 0.7597, loss: 0.7597, lr: 6.55e-06
     Epoch[8] Iteration[810/1240], entropy: 0.7697, loss: 0.7697, lr: 9.55e-07
     Epoch[8] Iteration[820/1240], entropy: 0.9945, loss: 0.9945, lr: 9.55e-07
     Epoch[8] Iteration[830/1240], entropy: 0.8837, loss: 0.8837, lr: 6.55e-06
     Epoch[8] Iteration[840/1240], entropy: 0.8486, loss: 0.8486, lr: 1.00e-05
     Epoch[8] Iteration[850/1240], entropy: 1.0270, loss: 1.0270, lr: 6.55e-06
     Epoch[8] Iteration[860/1240], entropy: 0.8616, loss: 0.8616, lr: 9.55e-07
     Epoch[8] Iteration[870/1240], entropy: 0.9623, loss: 0.9623, lr: 9.55e-07
     Epoch[8] Iteration[880/1240], entropy: 0.7542, loss: 0.7542, lr: 6.55e-06
     Epoch[8] Iteration[890/1240], entropy: 0.7118, loss: 0.7118, lr: 1.00e-05
     Epoch[8] Iteration[900/1240], entropy: 0.7712, loss: 0.7712, lr: 6.55e-06
     Epoch[8] Iteration[910/1240], entropy: 1.0284, loss: 1.0284, lr: 9.55e-07
     Epoch[8] Iteration[920/1240], entropy: 0.7256, loss: 0.7256, lr: 9.55e-07
     Epoch[8] Iteration[930/1240], entropy: 0.7677, loss: 0.7677, lr: 6.55e-06
     Epoch[8] Iteration[940/1240], entropy: 1.0138, loss: 1.0138, lr: 1.00e-05
     Epoch[8] Iteration[950/1240], entropy: 0.9535, loss: 0.9535, lr: 6.55e-06
     Epoch[8] Iteration[960/1240], entropy: 0.6606, loss: 0.6606, lr: 9.55e-07
     Epoch[8] Iteration[970/1240], entropy: 0.9008, loss: 0.9008, lr: 9.55e-07
     Epoch[8] Iteration[980/1240], entropy: 0.9522, loss: 0.9522, lr: 6.55e-06
     Epoch[8] Iteration[990/1240], entropy: 0.8065, loss: 0.8065, lr: 1.00e-05
     Epoch[8] Iteration[1000/1240], entropy: 0.8976, loss: 0.8976, lr: 6.55e-06
     Epoch[8] Iteration[1010/1240], entropy: 0.7566, loss: 0.7566, lr: 9.55e-07
     Epoch[8] Iteration[1020/1240], entropy: 1.0550, loss: 1.0550, lr: 9.55e-07
     Epoch[8] Iteration[1030/1240], entropy: 0.8642, loss: 0.8642, lr: 6.55e-06
     Epoch[8] Iteration[1040/1240], entropy: 0.7297, loss: 0.7297, lr: 1.00e-05
     Epoch[8] Iteration[1050/1240], entropy: 1.0572, loss: 1.0572, lr: 6.55e-06
     Epoch[8] Iteration[1060/1240], entropy: 0.8146, loss: 0.8146, lr: 9.55e-07
     Epoch[8] Iteration[1070/1240], entropy: 0.8425, loss: 0.8425, lr: 9.55e-07
     Epoch[8] Iteration[1080/1240], entropy: 0.7196, loss: 0.7196, lr: 6.55e-06
     Epoch[8] Iteration[1090/1240], entropy: 0.9889, loss: 0.9889, lr: 1.00e-05
     Epoch[8] Iteration[1100/1240], entropy: 0.7664, loss: 0.7664, lr: 6.55e-06
     Epoch[8] Iteration[1110/1240], entropy: 1.0068, loss: 1.0068, lr: 9.55e-07
     Epoch[8] Iteration[1120/1240], entropy: 0.9349, loss: 0.9349, lr: 9.55e-07
     Epoch[8] Iteration[1130/1240], entropy: 0.9324, loss: 0.9324, lr: 6.55e-06
     Epoch[8] Iteration[1140/1240], entropy: 0.8132, loss: 0.8132, lr: 1.00e-05
     Epoch[8] Iteration[1150/1240], entropy: 0.8262, loss: 0.8262, lr: 6.55e-06
     Epoch[8] Iteration[1160/1240], entropy: 0.7664, loss: 0.7664, lr: 9.55e-07
     Epoch[8] Iteration[1170/1240], entropy: 0.8805, loss: 0.8805, lr: 9.55e-07
     Epoch[8] Iteration[1180/1240], entropy: 0.9312, loss: 0.9312, lr: 6.55e-06
     Epoch[8] Iteration[1190/1240], entropy: 0.9017, loss: 0.9017, lr: 1.00e-05
     Epoch[8] Iteration[1200/1240], entropy: 0.8110, loss: 0.8110, lr: 6.55e-06
     Epoch[8] Iteration[1210/1240], entropy: 1.1167, loss: 1.1167, lr: 9.55e-07
     Epoch[8] Iteration[1220/1240], entropy: 0.7208, loss: 0.7208, lr: 9.55e-07
     Epoch[8] Iteration[1230/1240], entropy: 0.9076, loss: 0.9076, lr: 6.55e-06
     Epoch[8] Iteration[1240/1240], entropy: 1.0910, loss: 1.0910, lr: 1.00e-05
     Averaged stats: entropy: 1.0910, loss: 1.0910, lr: 1.00e-05
     itm tta time 0:02:11
### TTA Eval Score: 
+-------+--------+--------+--------+--------+-------+
| epoch |   R1   |   R5   |  R10   |  mAP   |  mINP |
+-------+--------+--------+--------+--------+-------+
|  -999 | 60.268 | 76.708 | 82.633 | 35.227 | 5.902 |
|   0   | 59.432 | 76.401 | 82.532 | 35.124 | 6.055 |
|   1   | 57.673 | 75.378 | 81.802 | 34.367 | 6.101 |
|   2   | 54.328 | 73.181 | 79.993 | 32.625 | 5.887 |
|   3   | 49.678 | 69.891 | 77.237 | 30.134 | 5.454 |
|   4   | 45.052 | 65.830 | 73.962 | 27.396 | 4.933 |
|   5   | 40.709 | 61.971 | 70.304 | 24.676 | 4.390 |
|   6   | 36.512 | 57.860 | 66.667 | 22.151 | 3.882 |
|   7   | 33.086 | 54.136 | 63.336 | 19.944 | 3.433 |
|   8   | 30.094 | 50.741 | 59.895 | 17.985 | 3.049 |
+-------+--------+--------+--------+--------+-------+
     logs:  {'epo': 8, 'R1': 30.094, 'R5': 50.741, 'R10': 59.895, 'mAP': 17.985, 'mINP': 3.049, 'entropy': 0.8807049114857951, 'loss': 0.8807049114857951, 'lr': 4.9875396373236875e-06}
     Epoch[9] Iteration[10/1240], entropy: 0.7456, loss: 0.7456, lr: 6.55e-06
     Epoch[9] Iteration[20/1240], entropy: 0.7749, loss: 0.7749, lr: 9.55e-07
     Epoch[9] Iteration[30/1240], entropy: 0.8124, loss: 0.8124, lr: 9.55e-07
     Epoch[9] Iteration[40/1240], entropy: 1.0165, loss: 1.0165, lr: 6.55e-06
     Epoch[9] Iteration[50/1240], entropy: 1.0490, loss: 1.0490, lr: 1.00e-05
     Epoch[9] Iteration[60/1240], entropy: 0.6771, loss: 0.6771, lr: 6.55e-06
     Epoch[9] Iteration[70/1240], entropy: 0.6954, loss: 0.6954, lr: 9.55e-07
     Epoch[9] Iteration[80/1240], entropy: 0.8547, loss: 0.8547, lr: 9.55e-07
     Epoch[9] Iteration[90/1240], entropy: 0.9420, loss: 0.9420, lr: 6.55e-06
     Epoch[9] Iteration[100/1240], entropy: 0.9124, loss: 0.9124, lr: 1.00e-05
     Epoch[9] Iteration[110/1240], entropy: 1.1186, loss: 1.1186, lr: 6.55e-06
     Epoch[9] Iteration[120/1240], entropy: 0.9616, loss: 0.9616, lr: 9.55e-07
     Epoch[9] Iteration[130/1240], entropy: 1.0103, loss: 1.0103, lr: 9.55e-07
     Epoch[9] Iteration[140/1240], entropy: 0.8931, loss: 0.8931, lr: 6.55e-06
     Epoch[9] Iteration[150/1240], entropy: 0.9864, loss: 0.9864, lr: 1.00e-05
     Epoch[9] Iteration[160/1240], entropy: 0.9923, loss: 0.9923, lr: 6.55e-06
     Epoch[9] Iteration[170/1240], entropy: 0.6351, loss: 0.6351, lr: 9.55e-07
     Epoch[9] Iteration[180/1240], entropy: 0.9867, loss: 0.9867, lr: 9.55e-07
     Epoch[9] Iteration[190/1240], entropy: 0.8587, loss: 0.8587, lr: 6.55e-06
     Epoch[9] Iteration[200/1240], entropy: 0.7476, loss: 0.7476, lr: 1.00e-05
     Epoch[9] Iteration[210/1240], entropy: 0.9449, loss: 0.9449, lr: 6.55e-06
     Epoch[9] Iteration[220/1240], entropy: 0.9400, loss: 0.9400, lr: 9.55e-07
     Epoch[9] Iteration[230/1240], entropy: 0.5759, loss: 0.5759, lr: 9.55e-07
     Epoch[9] Iteration[240/1240], entropy: 0.7846, loss: 0.7846, lr: 6.55e-06
     Epoch[9] Iteration[250/1240], entropy: 0.9386, loss: 0.9386, lr: 1.00e-05
     Epoch[9] Iteration[260/1240], entropy: 0.8816, loss: 0.8816, lr: 6.55e-06
     Epoch[9] Iteration[270/1240], entropy: 0.9607, loss: 0.9607, lr: 9.55e-07
     Epoch[9] Iteration[280/1240], entropy: 0.7259, loss: 0.7259, lr: 9.55e-07
     Epoch[9] Iteration[290/1240], entropy: 0.9436, loss: 0.9436, lr: 6.55e-06
     Epoch[9] Iteration[300/1240], entropy: 0.7418, loss: 0.7418, lr: 1.00e-05
     Epoch[9] Iteration[310/1240], entropy: 1.1997, loss: 1.1997, lr: 6.55e-06
     Epoch[9] Iteration[320/1240], entropy: 0.8671, loss: 0.8671, lr: 9.55e-07
     Epoch[9] Iteration[330/1240], entropy: 0.7622, loss: 0.7622, lr: 9.55e-07
     Epoch[9] Iteration[340/1240], entropy: 0.8300, loss: 0.8300, lr: 6.55e-06
     Epoch[9] Iteration[350/1240], entropy: 0.8123, loss: 0.8123, lr: 1.00e-05
     Epoch[9] Iteration[360/1240], entropy: 0.8591, loss: 0.8591, lr: 6.55e-06
     Epoch[9] Iteration[370/1240], entropy: 0.6167, loss: 0.6167, lr: 9.55e-07
     Epoch[9] Iteration[380/1240], entropy: 0.8032, loss: 0.8032, lr: 9.55e-07
     Epoch[9] Iteration[390/1240], entropy: 0.6391, loss: 0.6391, lr: 6.55e-06
     Epoch[9] Iteration[400/1240], entropy: 0.9384, loss: 0.9384, lr: 1.00e-05
     Epoch[9] Iteration[410/1240], entropy: 0.8215, loss: 0.8215, lr: 6.55e-06
     Epoch[9] Iteration[420/1240], entropy: 0.7190, loss: 0.7190, lr: 9.55e-07
     Epoch[9] Iteration[430/1240], entropy: 0.7559, loss: 0.7559, lr: 9.55e-07
     Epoch[9] Iteration[440/1240], entropy: 0.5931, loss: 0.5931, lr: 6.55e-06
     Epoch[9] Iteration[450/1240], entropy: 0.9992, loss: 0.9992, lr: 1.00e-05
     Epoch[9] Iteration[460/1240], entropy: 0.9069, loss: 0.9069, lr: 6.55e-06
     Epoch[9] Iteration[470/1240], entropy: 1.0383, loss: 1.0383, lr: 9.55e-07
     Epoch[9] Iteration[480/1240], entropy: 0.7881, loss: 0.7881, lr: 9.55e-07
     Epoch[9] Iteration[490/1240], entropy: 0.9673, loss: 0.9673, lr: 6.55e-06
     Epoch[9] Iteration[500/1240], entropy: 0.6870, loss: 0.6870, lr: 1.00e-05
     Epoch[9] Iteration[510/1240], entropy: 0.8146, loss: 0.8146, lr: 6.55e-06
     Epoch[9] Iteration[520/1240], entropy: 0.8291, loss: 0.8291, lr: 9.55e-07
     Epoch[9] Iteration[530/1240], entropy: 1.0145, loss: 1.0145, lr: 9.55e-07
     Epoch[9] Iteration[540/1240], entropy: 0.8385, loss: 0.8385, lr: 6.55e-06
     Epoch[9] Iteration[550/1240], entropy: 0.6852, loss: 0.6852, lr: 1.00e-05
     Epoch[9] Iteration[560/1240], entropy: 0.8232, loss: 0.8232, lr: 6.55e-06
     Epoch[9] Iteration[570/1240], entropy: 0.8272, loss: 0.8272, lr: 9.55e-07
     Epoch[9] Iteration[580/1240], entropy: 1.0313, loss: 1.0313, lr: 9.55e-07
     Epoch[9] Iteration[590/1240], entropy: 0.6392, loss: 0.6392, lr: 6.55e-06
     Epoch[9] Iteration[600/1240], entropy: 0.8559, loss: 0.8559, lr: 1.00e-05
     Epoch[9] Iteration[610/1240], entropy: 0.7512, loss: 0.7512, lr: 6.55e-06
     Epoch[9] Iteration[620/1240], entropy: 0.8343, loss: 0.8343, lr: 9.55e-07
     Epoch[9] Iteration[630/1240], entropy: 0.8979, loss: 0.8979, lr: 9.55e-07
     Epoch[9] Iteration[640/1240], entropy: 0.8816, loss: 0.8816, lr: 6.55e-06
     Epoch[9] Iteration[650/1240], entropy: 1.0240, loss: 1.0240, lr: 9.96e-06
     Epoch[9] Iteration[660/1240], entropy: 0.8929, loss: 0.8929, lr: 7.13e-06
     Epoch[9] Iteration[670/1240], entropy: 0.7755, loss: 0.7755, lr: 1.36e-06
     Epoch[9] Iteration[680/1240], entropy: 1.0961, loss: 1.0961, lr: 6.18e-07
     Epoch[9] Iteration[690/1240], entropy: 0.7139, loss: 0.7139, lr: 5.94e-06
     Epoch[9] Iteration[700/1240], entropy: 0.8209, loss: 0.8209, lr: 9.96e-06
     Epoch[9] Iteration[710/1240], entropy: 0.9369, loss: 0.9369, lr: 7.13e-06
     Epoch[9] Iteration[720/1240], entropy: 0.7164, loss: 0.7164, lr: 1.36e-06
     Epoch[9] Iteration[730/1240], entropy: 0.6946, loss: 0.6946, lr: 6.18e-07
     Epoch[9] Iteration[740/1240], entropy: 0.8132, loss: 0.8132, lr: 5.94e-06
     Epoch[9] Iteration[750/1240], entropy: 0.7795, loss: 0.7795, lr: 9.96e-06
     Epoch[9] Iteration[760/1240], entropy: 0.6838, loss: 0.6838, lr: 7.13e-06
     Epoch[9] Iteration[770/1240], entropy: 0.6751, loss: 0.6751, lr: 1.36e-06
     Epoch[9] Iteration[780/1240], entropy: 0.8454, loss: 0.8454, lr: 6.18e-07
     Epoch[9] Iteration[790/1240], entropy: 1.0432, loss: 1.0432, lr: 5.94e-06
     Epoch[9] Iteration[800/1240], entropy: 1.1358, loss: 1.1358, lr: 9.96e-06
     Epoch[9] Iteration[810/1240], entropy: 0.7765, loss: 0.7765, lr: 7.13e-06
     Epoch[9] Iteration[820/1240], entropy: 0.9462, loss: 0.9462, lr: 1.36e-06
     Epoch[9] Iteration[830/1240], entropy: 0.6885, loss: 0.6885, lr: 6.18e-07
     Epoch[9] Iteration[840/1240], entropy: 0.8947, loss: 0.8947, lr: 5.94e-06
     Epoch[9] Iteration[850/1240], entropy: 0.6782, loss: 0.6782, lr: 9.96e-06
     Epoch[9] Iteration[860/1240], entropy: 1.0486, loss: 1.0486, lr: 7.13e-06
     Epoch[9] Iteration[870/1240], entropy: 1.0816, loss: 1.0816, lr: 1.36e-06
     Epoch[9] Iteration[880/1240], entropy: 0.8293, loss: 0.8293, lr: 6.18e-07
     Epoch[9] Iteration[890/1240], entropy: 0.8411, loss: 0.8411, lr: 5.94e-06
     Epoch[9] Iteration[900/1240], entropy: 1.0374, loss: 1.0374, lr: 9.96e-06
     Epoch[9] Iteration[910/1240], entropy: 0.8611, loss: 0.8611, lr: 7.13e-06
     Epoch[9] Iteration[920/1240], entropy: 0.8787, loss: 0.8787, lr: 1.36e-06
     Epoch[9] Iteration[930/1240], entropy: 0.8194, loss: 0.8194, lr: 6.18e-07
     Epoch[9] Iteration[940/1240], entropy: 0.7571, loss: 0.7571, lr: 5.94e-06
     Epoch[9] Iteration[950/1240], entropy: 0.9453, loss: 0.9453, lr: 9.96e-06
     Epoch[9] Iteration[960/1240], entropy: 0.9797, loss: 0.9797, lr: 7.13e-06
     Epoch[9] Iteration[970/1240], entropy: 0.7836, loss: 0.7836, lr: 1.36e-06
     Epoch[9] Iteration[980/1240], entropy: 0.8765, loss: 0.8765, lr: 6.18e-07
     Epoch[9] Iteration[990/1240], entropy: 0.8551, loss: 0.8551, lr: 5.94e-06
     Epoch[9] Iteration[1000/1240], entropy: 0.6463, loss: 0.6463, lr: 9.96e-06
     Epoch[9] Iteration[1010/1240], entropy: 0.8929, loss: 0.8929, lr: 7.13e-06
     Epoch[9] Iteration[1020/1240], entropy: 0.8647, loss: 0.8647, lr: 1.36e-06
     Epoch[9] Iteration[1030/1240], entropy: 0.9049, loss: 0.9049, lr: 6.18e-07
     Epoch[9] Iteration[1040/1240], entropy: 0.6812, loss: 0.6812, lr: 5.94e-06
     Epoch[9] Iteration[1050/1240], entropy: 0.8481, loss: 0.8481, lr: 9.96e-06
     Epoch[9] Iteration[1060/1240], entropy: 0.9496, loss: 0.9496, lr: 7.13e-06
     Epoch[9] Iteration[1070/1240], entropy: 0.8067, loss: 0.8067, lr: 1.36e-06
     Epoch[9] Iteration[1080/1240], entropy: 0.9277, loss: 0.9277, lr: 6.18e-07
     Epoch[9] Iteration[1090/1240], entropy: 0.5864, loss: 0.5864, lr: 5.94e-06
     Epoch[9] Iteration[1100/1240], entropy: 1.0454, loss: 1.0454, lr: 9.96e-06
     Epoch[9] Iteration[1110/1240], entropy: 0.8941, loss: 0.8941, lr: 7.13e-06
     Epoch[9] Iteration[1120/1240], entropy: 0.7268, loss: 0.7268, lr: 1.36e-06
     Epoch[9] Iteration[1130/1240], entropy: 0.6096, loss: 0.6096, lr: 6.18e-07
     Epoch[9] Iteration[1140/1240], entropy: 0.7991, loss: 0.7991, lr: 5.94e-06
     Epoch[9] Iteration[1150/1240], entropy: 0.8479, loss: 0.8479, lr: 9.96e-06
     Epoch[9] Iteration[1160/1240], entropy: 0.7833, loss: 0.7833, lr: 7.13e-06
     Epoch[9] Iteration[1170/1240], entropy: 0.5156, loss: 0.5156, lr: 1.36e-06
     Epoch[9] Iteration[1180/1240], entropy: 0.9026, loss: 0.9026, lr: 6.18e-07
     Epoch[9] Iteration[1190/1240], entropy: 0.8536, loss: 0.8536, lr: 5.94e-06
     Epoch[9] Iteration[1200/1240], entropy: 0.9016, loss: 0.9016, lr: 9.96e-06
     Epoch[9] Iteration[1210/1240], entropy: 0.8609, loss: 0.8609, lr: 7.13e-06
     Epoch[9] Iteration[1220/1240], entropy: 0.8753, loss: 0.8753, lr: 1.36e-06
     Epoch[9] Iteration[1230/1240], entropy: 0.9610, loss: 0.9610, lr: 6.18e-07
     Epoch[9] Iteration[1240/1240], entropy: 0.9287, loss: 0.9287, lr: 5.94e-06
     Averaged stats: entropy: 0.9287, loss: 0.9287, lr: 5.94e-06
     itm tta time 0:02:11
### TTA Eval Score: 
+-------+--------+--------+--------+--------+-------+
| epoch |   R1   |   R5   |  R10   |  mAP   |  mINP |
+-------+--------+--------+--------+--------+-------+
|  -999 | 60.268 | 76.708 | 82.633 | 35.227 | 5.902 |
|   0   | 59.432 | 76.401 | 82.532 | 35.124 | 6.055 |
|   1   | 57.673 | 75.378 | 81.802 | 34.367 | 6.101 |
|   2   | 54.328 | 73.181 | 79.993 | 32.625 | 5.887 |
|   3   | 49.678 | 69.891 | 77.237 | 30.134 | 5.454 |
|   4   | 45.052 | 65.830 | 73.962 | 27.396 | 4.933 |
|   5   | 40.709 | 61.971 | 70.304 | 24.676 | 4.390 |
|   6   | 36.512 | 57.860 | 66.667 | 22.151 | 3.882 |
|   7   | 33.086 | 54.136 | 63.336 | 19.944 | 3.433 |
|   8   | 30.094 | 50.741 | 59.895 | 17.985 | 3.049 |
|   9   | 27.539 | 47.607 | 56.918 | 16.312 | 2.726 |
+-------+--------+--------+--------+--------+-------+
     logs:  {'epo': 9, 'R1': 27.539, 'R5': 47.607, 'R10': 56.918, 'mAP': 16.312, 'mINP': 2.726, 'entropy': 0.848992203993182, 'loss': 0.848992203993182, 'lr': 4.9596774193548954e-06}
     Epoch[10] Iteration[10/1240], entropy: 0.8455, loss: 0.8455, lr: 9.96e-06
     Epoch[10] Iteration[20/1240], entropy: 0.7800, loss: 0.7800, lr: 7.13e-06
     Epoch[10] Iteration[30/1240], entropy: 0.7416, loss: 0.7416, lr: 1.36e-06
     Epoch[10] Iteration[40/1240], entropy: 0.7939, loss: 0.7939, lr: 6.18e-07
     Epoch[10] Iteration[50/1240], entropy: 1.0707, loss: 1.0707, lr: 5.94e-06
     Epoch[10] Iteration[60/1240], entropy: 0.9954, loss: 0.9954, lr: 9.96e-06
     Epoch[10] Iteration[70/1240], entropy: 0.8636, loss: 0.8636, lr: 7.13e-06
     Epoch[10] Iteration[80/1240], entropy: 1.1613, loss: 1.1613, lr: 1.36e-06
     Epoch[10] Iteration[90/1240], entropy: 0.7349, loss: 0.7349, lr: 6.18e-07
     Epoch[10] Iteration[100/1240], entropy: 0.8482, loss: 0.8482, lr: 5.94e-06
     Epoch[10] Iteration[110/1240], entropy: 0.7591, loss: 0.7591, lr: 9.96e-06
     Epoch[10] Iteration[120/1240], entropy: 0.5805, loss: 0.5805, lr: 7.13e-06
     Epoch[10] Iteration[130/1240], entropy: 0.6406, loss: 0.6406, lr: 1.36e-06
     Epoch[10] Iteration[140/1240], entropy: 0.8598, loss: 0.8598, lr: 6.18e-07
     Epoch[10] Iteration[150/1240], entropy: 0.7420, loss: 0.7420, lr: 5.94e-06
     Epoch[10] Iteration[160/1240], entropy: 0.8407, loss: 0.8407, lr: 9.96e-06
     Epoch[10] Iteration[170/1240], entropy: 0.7119, loss: 0.7119, lr: 7.13e-06
     Epoch[10] Iteration[180/1240], entropy: 0.8966, loss: 0.8966, lr: 1.36e-06
     Epoch[10] Iteration[190/1240], entropy: 0.8447, loss: 0.8447, lr: 6.18e-07
     Epoch[10] Iteration[200/1240], entropy: 0.7941, loss: 0.7941, lr: 5.94e-06
     Epoch[10] Iteration[210/1240], entropy: 0.9369, loss: 0.9369, lr: 9.96e-06
     Epoch[10] Iteration[220/1240], entropy: 0.7888, loss: 0.7888, lr: 7.13e-06
     Epoch[10] Iteration[230/1240], entropy: 0.9930, loss: 0.9930, lr: 1.36e-06
     Epoch[10] Iteration[240/1240], entropy: 0.7787, loss: 0.7787, lr: 6.18e-07
     Epoch[10] Iteration[250/1240], entropy: 0.8792, loss: 0.8792, lr: 5.94e-06
     Epoch[10] Iteration[260/1240], entropy: 0.8546, loss: 0.8546, lr: 9.96e-06
     Epoch[10] Iteration[270/1240], entropy: 0.8171, loss: 0.8171, lr: 7.13e-06
     Epoch[10] Iteration[280/1240], entropy: 0.9102, loss: 0.9102, lr: 1.36e-06
     Epoch[10] Iteration[290/1240], entropy: 0.8877, loss: 0.8877, lr: 6.18e-07
     Epoch[10] Iteration[300/1240], entropy: 0.8666, loss: 0.8666, lr: 5.94e-06
     Epoch[10] Iteration[310/1240], entropy: 0.9140, loss: 0.9140, lr: 9.96e-06
     Epoch[10] Iteration[320/1240], entropy: 0.8937, loss: 0.8937, lr: 7.13e-06
     Epoch[10] Iteration[330/1240], entropy: 0.9679, loss: 0.9679, lr: 1.36e-06
     Epoch[10] Iteration[340/1240], entropy: 0.6597, loss: 0.6597, lr: 6.18e-07
     Epoch[10] Iteration[350/1240], entropy: 1.0784, loss: 1.0784, lr: 5.94e-06
     Epoch[10] Iteration[360/1240], entropy: 0.6267, loss: 0.6267, lr: 9.96e-06
     Epoch[10] Iteration[370/1240], entropy: 0.8081, loss: 0.8081, lr: 7.13e-06
     Epoch[10] Iteration[380/1240], entropy: 0.8876, loss: 0.8876, lr: 1.36e-06
     Epoch[10] Iteration[390/1240], entropy: 0.8641, loss: 0.8641, lr: 6.18e-07
     Epoch[10] Iteration[400/1240], entropy: 0.8674, loss: 0.8674, lr: 5.94e-06
     Epoch[10] Iteration[410/1240], entropy: 0.9855, loss: 0.9855, lr: 9.96e-06
     Epoch[10] Iteration[420/1240], entropy: 0.9745, loss: 0.9745, lr: 7.13e-06
     Epoch[10] Iteration[430/1240], entropy: 0.5586, loss: 0.5586, lr: 1.36e-06
     Epoch[10] Iteration[440/1240], entropy: 0.8696, loss: 0.8696, lr: 6.18e-07
     Epoch[10] Iteration[450/1240], entropy: 0.8885, loss: 0.8885, lr: 5.94e-06
     Epoch[10] Iteration[460/1240], entropy: 0.7545, loss: 0.7545, lr: 9.96e-06
     Epoch[10] Iteration[470/1240], entropy: 0.9362, loss: 0.9362, lr: 7.13e-06
     Epoch[10] Iteration[480/1240], entropy: 0.7370, loss: 0.7370, lr: 1.36e-06
     Epoch[10] Iteration[490/1240], entropy: 0.9316, loss: 0.9316, lr: 6.18e-07
     Epoch[10] Iteration[500/1240], entropy: 0.7882, loss: 0.7882, lr: 5.94e-06
     Epoch[10] Iteration[510/1240], entropy: 0.6987, loss: 0.6987, lr: 9.96e-06
     Epoch[10] Iteration[520/1240], entropy: 1.1188, loss: 1.1188, lr: 7.13e-06
     Epoch[10] Iteration[530/1240], entropy: 0.9848, loss: 0.9848, lr: 1.36e-06
     Epoch[10] Iteration[540/1240], entropy: 1.0092, loss: 1.0092, lr: 6.18e-07
     Epoch[10] Iteration[550/1240], entropy: 0.8476, loss: 0.8476, lr: 5.94e-06
     Epoch[10] Iteration[560/1240], entropy: 0.8318, loss: 0.8318, lr: 9.96e-06
     Epoch[10] Iteration[570/1240], entropy: 0.8807, loss: 0.8807, lr: 7.13e-06
     Epoch[10] Iteration[580/1240], entropy: 0.9033, loss: 0.9033, lr: 1.36e-06
     Epoch[10] Iteration[590/1240], entropy: 0.7503, loss: 0.7503, lr: 6.18e-07
     Epoch[10] Iteration[600/1240], entropy: 0.7995, loss: 0.7995, lr: 5.94e-06
     Epoch[10] Iteration[610/1240], entropy: 0.7535, loss: 0.7535, lr: 9.96e-06
     Epoch[10] Iteration[620/1240], entropy: 0.8550, loss: 0.8550, lr: 7.13e-06
     Epoch[10] Iteration[630/1240], entropy: 0.6651, loss: 0.6651, lr: 1.36e-06
     Epoch[10] Iteration[640/1240], entropy: 0.9618, loss: 0.9618, lr: 6.18e-07
     Epoch[10] Iteration[650/1240], entropy: 0.7876, loss: 0.7876, lr: 5.94e-06
     Epoch[10] Iteration[660/1240], entropy: 1.0543, loss: 1.0543, lr: 9.96e-06
     Epoch[10] Iteration[670/1240], entropy: 0.7763, loss: 0.7763, lr: 7.13e-06
     Epoch[10] Iteration[680/1240], entropy: 0.7478, loss: 0.7478, lr: 1.36e-06
     Epoch[10] Iteration[690/1240], entropy: 0.7811, loss: 0.7811, lr: 6.18e-07
     Epoch[10] Iteration[700/1240], entropy: 0.5842, loss: 0.5842, lr: 5.94e-06
     Epoch[10] Iteration[710/1240], entropy: 0.8031, loss: 0.8031, lr: 9.96e-06
     Epoch[10] Iteration[720/1240], entropy: 0.8045, loss: 0.8045, lr: 7.13e-06
     Epoch[10] Iteration[730/1240], entropy: 0.7579, loss: 0.7579, lr: 1.36e-06
     Epoch[10] Iteration[740/1240], entropy: 0.7580, loss: 0.7580, lr: 6.18e-07
     Epoch[10] Iteration[750/1240], entropy: 0.7070, loss: 0.7070, lr: 5.94e-06
     Epoch[10] Iteration[760/1240], entropy: 0.9894, loss: 0.9894, lr: 9.96e-06
     Epoch[10] Iteration[770/1240], entropy: 0.9071, loss: 0.9071, lr: 7.13e-06
     Epoch[10] Iteration[780/1240], entropy: 0.9270, loss: 0.9270, lr: 1.36e-06
     Epoch[10] Iteration[790/1240], entropy: 0.5689, loss: 0.5689, lr: 6.18e-07
     Epoch[10] Iteration[800/1240], entropy: 0.7612, loss: 0.7612, lr: 5.94e-06
     Epoch[10] Iteration[810/1240], entropy: 0.7521, loss: 0.7521, lr: 9.96e-06
     Epoch[10] Iteration[820/1240], entropy: 1.0154, loss: 1.0154, lr: 7.13e-06
     Epoch[10] Iteration[830/1240], entropy: 0.9313, loss: 0.9313, lr: 1.36e-06
     Epoch[10] Iteration[840/1240], entropy: 0.8637, loss: 0.8637, lr: 6.18e-07
     Epoch[10] Iteration[850/1240], entropy: 0.9201, loss: 0.9201, lr: 5.94e-06
     Epoch[10] Iteration[860/1240], entropy: 0.9412, loss: 0.9412, lr: 9.96e-06
     Epoch[10] Iteration[870/1240], entropy: 0.7066, loss: 0.7066, lr: 7.13e-06
     Epoch[10] Iteration[880/1240], entropy: 0.8384, loss: 0.8384, lr: 1.36e-06
     Epoch[10] Iteration[890/1240], entropy: 0.8091, loss: 0.8091, lr: 6.18e-07
     Epoch[10] Iteration[900/1240], entropy: 0.7050, loss: 0.7050, lr: 5.94e-06
     Epoch[10] Iteration[910/1240], entropy: 0.7464, loss: 0.7464, lr: 9.96e-06
     Epoch[10] Iteration[920/1240], entropy: 0.8306, loss: 0.8306, lr: 7.13e-06
     Epoch[10] Iteration[930/1240], entropy: 0.6416, loss: 0.6416, lr: 1.36e-06
     Epoch[10] Iteration[940/1240], entropy: 0.7360, loss: 0.7360, lr: 6.18e-07
     Epoch[10] Iteration[950/1240], entropy: 0.9879, loss: 0.9879, lr: 5.94e-06
     Epoch[10] Iteration[960/1240], entropy: 0.6877, loss: 0.6877, lr: 9.96e-06
     Epoch[10] Iteration[970/1240], entropy: 1.0455, loss: 1.0455, lr: 7.13e-06
     Epoch[10] Iteration[980/1240], entropy: 0.8296, loss: 0.8296, lr: 1.36e-06
     Epoch[10] Iteration[990/1240], entropy: 0.7858, loss: 0.7858, lr: 6.18e-07
     Epoch[10] Iteration[1000/1240], entropy: 0.7050, loss: 0.7050, lr: 5.94e-06
     Epoch[10] Iteration[1010/1240], entropy: 0.7879, loss: 0.7879, lr: 9.96e-06
     Epoch[10] Iteration[1020/1240], entropy: 1.0754, loss: 1.0754, lr: 7.13e-06
     Epoch[10] Iteration[1030/1240], entropy: 0.7242, loss: 0.7242, lr: 1.36e-06
     Epoch[10] Iteration[1040/1240], entropy: 0.9667, loss: 0.9667, lr: 6.18e-07
     Epoch[10] Iteration[1050/1240], entropy: 0.6599, loss: 0.6599, lr: 5.94e-06
     Epoch[10] Iteration[1060/1240], entropy: 0.8237, loss: 0.8237, lr: 9.96e-06
     Epoch[10] Iteration[1070/1240], entropy: 0.7800, loss: 0.7800, lr: 7.13e-06
     Epoch[10] Iteration[1080/1240], entropy: 0.7193, loss: 0.7193, lr: 1.36e-06
     Epoch[10] Iteration[1090/1240], entropy: 0.9072, loss: 0.9072, lr: 6.18e-07
     Epoch[10] Iteration[1100/1240], entropy: 0.7306, loss: 0.7306, lr: 5.94e-06
     Epoch[10] Iteration[1110/1240], entropy: 0.8506, loss: 0.8506, lr: 9.96e-06
     Epoch[10] Iteration[1120/1240], entropy: 0.7234, loss: 0.7234, lr: 7.13e-06
     Epoch[10] Iteration[1130/1240], entropy: 0.7514, loss: 0.7514, lr: 1.36e-06
     Epoch[10] Iteration[1140/1240], entropy: 0.9129, loss: 0.9129, lr: 6.18e-07
     Epoch[10] Iteration[1150/1240], entropy: 0.6282, loss: 0.6282, lr: 5.94e-06
     Epoch[10] Iteration[1160/1240], entropy: 0.7937, loss: 0.7937, lr: 9.96e-06
     Epoch[10] Iteration[1170/1240], entropy: 0.8361, loss: 0.8361, lr: 7.13e-06
     Epoch[10] Iteration[1180/1240], entropy: 0.8782, loss: 0.8782, lr: 1.36e-06
     Epoch[10] Iteration[1190/1240], entropy: 0.7199, loss: 0.7199, lr: 6.18e-07
     Epoch[10] Iteration[1200/1240], entropy: 0.8664, loss: 0.8664, lr: 5.94e-06
     Epoch[10] Iteration[1210/1240], entropy: 0.8176, loss: 0.8176, lr: 9.96e-06
     Epoch[10] Iteration[1220/1240], entropy: 0.5844, loss: 0.5844, lr: 7.13e-06
     Epoch[10] Iteration[1230/1240], entropy: 0.9188, loss: 0.9188, lr: 1.36e-06
     Epoch[10] Iteration[1240/1240], entropy: 0.7850, loss: 0.7850, lr: 6.18e-07
     Averaged stats: entropy: 0.7850, loss: 0.7850, lr: 6.18e-07
     itm tta time 0:02:10
### TTA Eval Score: 
+-------+--------+--------+--------+--------+-------+
| epoch |   R1   |   R5   |  R10   |  mAP   |  mINP |
+-------+--------+--------+--------+--------+-------+
|  -999 | 60.268 | 76.708 | 82.633 | 35.227 | 5.902 |
|   0   | 59.432 | 76.401 | 82.532 | 35.124 | 6.055 |
|   1   | 57.673 | 75.378 | 81.802 | 34.367 | 6.101 |
|   2   | 54.328 | 73.181 | 79.993 | 32.625 | 5.887 |
|   3   | 49.678 | 69.891 | 77.237 | 30.134 | 5.454 |
|   4   | 45.052 | 65.830 | 73.962 | 27.396 | 4.933 |
|   5   | 40.709 | 61.971 | 70.304 | 24.676 | 4.390 |
|   6   | 36.512 | 57.860 | 66.667 | 22.151 | 3.882 |
|   7   | 33.086 | 54.136 | 63.336 | 19.944 | 3.433 |
|   8   | 30.094 | 50.741 | 59.895 | 17.985 | 3.049 |
|   9   | 27.539 | 47.607 | 56.918 | 16.312 | 2.726 |
|   10  | 25.156 | 44.841 | 53.930 | 14.826 | 2.441 |
+-------+--------+--------+--------+--------+-------+
     logs:  {'epo': 10, 'R1': 25.156, 'R5': 44.841, 'R10': 53.93, 'mAP': 14.826, 'mINP': 2.441, 'entropy': 0.8282711904856467, 'loss': 0.8282711904856467, 'lr': 4.99244430183106e-06}
     Epoch[11] Iteration[10/1240], entropy: 0.8188, loss: 0.8188, lr: 5.94e-06
     Epoch[11] Iteration[20/1240], entropy: 0.7573, loss: 0.7573, lr: 9.96e-06
     Epoch[11] Iteration[30/1240], entropy: 0.7640, loss: 0.7640, lr: 7.13e-06
     Epoch[11] Iteration[40/1240], entropy: 0.7317, loss: 0.7317, lr: 1.36e-06
     Epoch[11] Iteration[50/1240], entropy: 0.9389, loss: 0.9389, lr: 6.18e-07
     Epoch[11] Iteration[60/1240], entropy: 0.6211, loss: 0.6211, lr: 5.94e-06
     Epoch[11] Iteration[70/1240], entropy: 0.7422, loss: 0.7422, lr: 9.96e-06
     Epoch[11] Iteration[80/1240], entropy: 0.8450, loss: 0.8450, lr: 7.13e-06
     Epoch[11] Iteration[90/1240], entropy: 0.6195, loss: 0.6195, lr: 1.36e-06
     Epoch[11] Iteration[100/1240], entropy: 0.6943, loss: 0.6943, lr: 6.18e-07
     Epoch[11] Iteration[110/1240], entropy: 0.8791, loss: 0.8791, lr: 5.94e-06
     Epoch[11] Iteration[120/1240], entropy: 0.6306, loss: 0.6306, lr: 9.96e-06
     Epoch[11] Iteration[130/1240], entropy: 1.0713, loss: 1.0713, lr: 7.13e-06
     Epoch[11] Iteration[140/1240], entropy: 0.8975, loss: 0.8975, lr: 1.36e-06
     Epoch[11] Iteration[150/1240], entropy: 0.4988, loss: 0.4988, lr: 6.18e-07
     Epoch[11] Iteration[160/1240], entropy: 0.8118, loss: 0.8118, lr: 5.94e-06
     Epoch[11] Iteration[170/1240], entropy: 0.6349, loss: 0.6349, lr: 9.84e-06
     Epoch[11] Iteration[180/1240], entropy: 0.7980, loss: 0.7980, lr: 7.68e-06
     Epoch[11] Iteration[190/1240], entropy: 0.9112, loss: 0.9112, lr: 1.81e-06
     Epoch[11] Iteration[200/1240], entropy: 0.7861, loss: 0.7861, lr: 3.51e-07
     Epoch[11] Iteration[210/1240], entropy: 0.7821, loss: 0.7821, lr: 5.31e-06
     Epoch[11] Iteration[220/1240], entropy: 0.8320, loss: 0.8320, lr: 9.84e-06
     Epoch[11] Iteration[230/1240], entropy: 0.9634, loss: 0.9634, lr: 7.68e-06
     Epoch[11] Iteration[240/1240], entropy: 0.8301, loss: 0.8301, lr: 1.81e-06
     Epoch[11] Iteration[250/1240], entropy: 0.7861, loss: 0.7861, lr: 3.51e-07
     Epoch[11] Iteration[260/1240], entropy: 0.8516, loss: 0.8516, lr: 5.31e-06
     Epoch[11] Iteration[270/1240], entropy: 0.9900, loss: 0.9900, lr: 9.84e-06
     Epoch[11] Iteration[280/1240], entropy: 0.8455, loss: 0.8455, lr: 7.68e-06
     Epoch[11] Iteration[290/1240], entropy: 0.7209, loss: 0.7209, lr: 1.81e-06
     Epoch[11] Iteration[300/1240], entropy: 0.9189, loss: 0.9189, lr: 3.51e-07
     Epoch[11] Iteration[310/1240], entropy: 0.8842, loss: 0.8842, lr: 5.31e-06
     Epoch[11] Iteration[320/1240], entropy: 0.6672, loss: 0.6672, lr: 9.84e-06
     Epoch[11] Iteration[330/1240], entropy: 0.7588, loss: 0.7588, lr: 7.68e-06
     Epoch[11] Iteration[340/1240], entropy: 1.0105, loss: 1.0105, lr: 1.81e-06
     Epoch[11] Iteration[350/1240], entropy: 0.8361, loss: 0.8361, lr: 3.51e-07
     Epoch[11] Iteration[360/1240], entropy: 0.7049, loss: 0.7049, lr: 5.31e-06
     Epoch[11] Iteration[370/1240], entropy: 0.8820, loss: 0.8820, lr: 9.84e-06
     Epoch[11] Iteration[380/1240], entropy: 0.7938, loss: 0.7938, lr: 7.68e-06
     Epoch[11] Iteration[390/1240], entropy: 0.8865, loss: 0.8865, lr: 1.81e-06
     Epoch[11] Iteration[400/1240], entropy: 0.6562, loss: 0.6562, lr: 3.51e-07
     Epoch[11] Iteration[410/1240], entropy: 0.7717, loss: 0.7717, lr: 5.31e-06
     Epoch[11] Iteration[420/1240], entropy: 0.9293, loss: 0.9293, lr: 9.84e-06
     Epoch[11] Iteration[430/1240], entropy: 0.5837, loss: 0.5837, lr: 7.68e-06
     Epoch[11] Iteration[440/1240], entropy: 1.0770, loss: 1.0770, lr: 1.81e-06
     Epoch[11] Iteration[450/1240], entropy: 0.7690, loss: 0.7690, lr: 3.51e-07
     Epoch[11] Iteration[460/1240], entropy: 0.8043, loss: 0.8043, lr: 5.31e-06
     Epoch[11] Iteration[470/1240], entropy: 0.7096, loss: 0.7096, lr: 9.84e-06
     Epoch[11] Iteration[480/1240], entropy: 0.6334, loss: 0.6334, lr: 7.68e-06
     Epoch[11] Iteration[490/1240], entropy: 0.8916, loss: 0.8916, lr: 1.81e-06
     Epoch[11] Iteration[500/1240], entropy: 0.8794, loss: 0.8794, lr: 3.51e-07
     Epoch[11] Iteration[510/1240], entropy: 0.6516, loss: 0.6516, lr: 5.31e-06
     Epoch[11] Iteration[520/1240], entropy: 1.0084, loss: 1.0084, lr: 9.84e-06
     Epoch[11] Iteration[530/1240], entropy: 0.9278, loss: 0.9278, lr: 7.68e-06
     Epoch[11] Iteration[540/1240], entropy: 0.8703, loss: 0.8703, lr: 1.81e-06
     Epoch[11] Iteration[550/1240], entropy: 0.8221, loss: 0.8221, lr: 3.51e-07
     Epoch[11] Iteration[560/1240], entropy: 0.9424, loss: 0.9424, lr: 5.31e-06
     Epoch[11] Iteration[570/1240], entropy: 0.7035, loss: 0.7035, lr: 9.84e-06
     Epoch[11] Iteration[580/1240], entropy: 0.8207, loss: 0.8207, lr: 7.68e-06
     Epoch[11] Iteration[590/1240], entropy: 0.6542, loss: 0.6542, lr: 1.81e-06
     Epoch[11] Iteration[600/1240], entropy: 0.7430, loss: 0.7430, lr: 3.51e-07
     Epoch[11] Iteration[610/1240], entropy: 0.8194, loss: 0.8194, lr: 5.31e-06
     Epoch[11] Iteration[620/1240], entropy: 0.8203, loss: 0.8203, lr: 9.84e-06
     Epoch[11] Iteration[630/1240], entropy: 0.9549, loss: 0.9549, lr: 7.68e-06
     Epoch[11] Iteration[640/1240], entropy: 0.6773, loss: 0.6773, lr: 1.81e-06
     Epoch[11] Iteration[650/1240], entropy: 0.9220, loss: 0.9220, lr: 3.51e-07
     Epoch[11] Iteration[660/1240], entropy: 0.8810, loss: 0.8810, lr: 5.31e-06
     Epoch[11] Iteration[670/1240], entropy: 0.8248, loss: 0.8248, lr: 9.84e-06
     Epoch[11] Iteration[680/1240], entropy: 0.9117, loss: 0.9117, lr: 7.68e-06
     Epoch[11] Iteration[690/1240], entropy: 0.6604, loss: 0.6604, lr: 1.81e-06
     Epoch[11] Iteration[700/1240], entropy: 0.7577, loss: 0.7577, lr: 3.51e-07
     Epoch[11] Iteration[710/1240], entropy: 0.9732, loss: 0.9732, lr: 5.31e-06
     Epoch[11] Iteration[720/1240], entropy: 0.7946, loss: 0.7946, lr: 9.84e-06
     Epoch[11] Iteration[730/1240], entropy: 0.7931, loss: 0.7931, lr: 7.68e-06
     Epoch[11] Iteration[740/1240], entropy: 0.7220, loss: 0.7220, lr: 1.81e-06
     Epoch[11] Iteration[750/1240], entropy: 0.7453, loss: 0.7453, lr: 3.51e-07
     Epoch[11] Iteration[760/1240], entropy: 0.8236, loss: 0.8236, lr: 5.31e-06
     Epoch[11] Iteration[770/1240], entropy: 0.9310, loss: 0.9310, lr: 9.84e-06
     Epoch[11] Iteration[780/1240], entropy: 0.8087, loss: 0.8087, lr: 7.68e-06
     Epoch[11] Iteration[790/1240], entropy: 0.7894, loss: 0.7894, lr: 1.81e-06
     Epoch[11] Iteration[800/1240], entropy: 0.7088, loss: 0.7088, lr: 3.51e-07
     Epoch[11] Iteration[810/1240], entropy: 0.8441, loss: 0.8441, lr: 5.31e-06
     Epoch[11] Iteration[820/1240], entropy: 0.7972, loss: 0.7972, lr: 9.84e-06
     Epoch[11] Iteration[830/1240], entropy: 0.7901, loss: 0.7901, lr: 7.68e-06
     Epoch[11] Iteration[840/1240], entropy: 0.7689, loss: 0.7689, lr: 1.81e-06
     Epoch[11] Iteration[850/1240], entropy: 0.7809, loss: 0.7809, lr: 3.51e-07
     Epoch[11] Iteration[860/1240], entropy: 0.7473, loss: 0.7473, lr: 5.31e-06
     Epoch[11] Iteration[870/1240], entropy: 0.7484, loss: 0.7484, lr: 9.84e-06
     Epoch[11] Iteration[880/1240], entropy: 0.6037, loss: 0.6037, lr: 7.68e-06
     Epoch[11] Iteration[890/1240], entropy: 0.8291, loss: 0.8291, lr: 1.81e-06
     Epoch[11] Iteration[900/1240], entropy: 0.9091, loss: 0.9091, lr: 3.51e-07
     Epoch[11] Iteration[910/1240], entropy: 0.9460, loss: 0.9460, lr: 5.31e-06
     Epoch[11] Iteration[920/1240], entropy: 0.6887, loss: 0.6887, lr: 9.84e-06
     Epoch[11] Iteration[930/1240], entropy: 0.7751, loss: 0.7751, lr: 7.68e-06
     Epoch[11] Iteration[940/1240], entropy: 0.9182, loss: 0.9182, lr: 1.81e-06
     Epoch[11] Iteration[950/1240], entropy: 0.7915, loss: 0.7915, lr: 3.51e-07
     Epoch[11] Iteration[960/1240], entropy: 0.6896, loss: 0.6896, lr: 5.31e-06
     Epoch[11] Iteration[970/1240], entropy: 0.8848, loss: 0.8848, lr: 9.84e-06
     Epoch[11] Iteration[980/1240], entropy: 0.9306, loss: 0.9306, lr: 7.68e-06
     Epoch[11] Iteration[990/1240], entropy: 0.9139, loss: 0.9139, lr: 1.81e-06
     Epoch[11] Iteration[1000/1240], entropy: 1.0238, loss: 1.0238, lr: 3.51e-07
     Epoch[11] Iteration[1010/1240], entropy: 0.8250, loss: 0.8250, lr: 5.31e-06
     Epoch[11] Iteration[1020/1240], entropy: 0.8313, loss: 0.8313, lr: 9.84e-06
     Epoch[11] Iteration[1030/1240], entropy: 0.6197, loss: 0.6197, lr: 7.68e-06
     Epoch[11] Iteration[1040/1240], entropy: 0.7541, loss: 0.7541, lr: 1.81e-06
     Epoch[11] Iteration[1050/1240], entropy: 0.6605, loss: 0.6605, lr: 3.51e-07
     Epoch[11] Iteration[1060/1240], entropy: 0.7482, loss: 0.7482, lr: 5.31e-06
     Epoch[11] Iteration[1070/1240], entropy: 0.8559, loss: 0.8559, lr: 9.84e-06
     Epoch[11] Iteration[1080/1240], entropy: 0.8551, loss: 0.8551, lr: 7.68e-06
     Epoch[11] Iteration[1090/1240], entropy: 0.6486, loss: 0.6486, lr: 1.81e-06
     Epoch[11] Iteration[1100/1240], entropy: 0.8646, loss: 0.8646, lr: 3.51e-07
     Epoch[11] Iteration[1110/1240], entropy: 0.8721, loss: 0.8721, lr: 5.31e-06
     Epoch[11] Iteration[1120/1240], entropy: 0.6928, loss: 0.6928, lr: 9.84e-06
     Epoch[11] Iteration[1130/1240], entropy: 0.8581, loss: 0.8581, lr: 7.68e-06
     Epoch[11] Iteration[1140/1240], entropy: 0.7283, loss: 0.7283, lr: 1.81e-06
     Epoch[11] Iteration[1150/1240], entropy: 0.7712, loss: 0.7712, lr: 3.51e-07
     Epoch[11] Iteration[1160/1240], entropy: 0.7074, loss: 0.7074, lr: 5.31e-06
     Epoch[11] Iteration[1170/1240], entropy: 0.6848, loss: 0.6848, lr: 9.84e-06
     Epoch[11] Iteration[1180/1240], entropy: 0.8652, loss: 0.8652, lr: 7.68e-06
     Epoch[11] Iteration[1190/1240], entropy: 0.7753, loss: 0.7753, lr: 1.81e-06
     Epoch[11] Iteration[1200/1240], entropy: 0.6348, loss: 0.6348, lr: 3.51e-07
     Epoch[11] Iteration[1210/1240], entropy: 0.8637, loss: 0.8637, lr: 5.31e-06
     Epoch[11] Iteration[1220/1240], entropy: 1.1704, loss: 1.1704, lr: 9.84e-06
     Epoch[11] Iteration[1230/1240], entropy: 0.7936, loss: 0.7936, lr: 7.68e-06
     Epoch[11] Iteration[1240/1240], entropy: 0.8697, loss: 0.8697, lr: 1.81e-06
     Averaged stats: entropy: 0.8697, loss: 0.8697, lr: 1.81e-06
     itm tta time 0:02:08
### TTA Eval Score: 
+-------+--------+--------+--------+--------+-------+
| epoch |   R1   |   R5   |  R10   |  mAP   |  mINP |
+-------+--------+--------+--------+--------+-------+
|  -999 | 60.268 | 76.708 | 82.633 | 35.227 | 5.902 |
|   0   | 59.432 | 76.401 | 82.532 | 35.124 | 6.055 |
|   1   | 57.673 | 75.378 | 81.802 | 34.367 | 6.101 |
|   2   | 54.328 | 73.181 | 79.993 | 32.625 | 5.887 |
|   3   | 49.678 | 69.891 | 77.237 | 30.134 | 5.454 |
|   4   | 45.052 | 65.830 | 73.962 | 27.396 | 4.933 |
|   5   | 40.709 | 61.971 | 70.304 | 24.676 | 4.390 |
|   6   | 36.512 | 57.860 | 66.667 | 22.151 | 3.882 |
|   7   | 33.086 | 54.136 | 63.336 | 19.944 | 3.433 |
|   8   | 30.094 | 50.741 | 59.895 | 17.985 | 3.049 |
|   9   | 27.539 | 47.607 | 56.918 | 16.312 | 2.726 |
|   10  | 25.156 | 44.841 | 53.930 | 14.826 | 2.441 |
|   11  | 22.970 | 42.246 | 51.285 | 13.559 | 2.206 |
+-------+--------+--------+--------+--------+-------+
     logs:  {'epo': 11, 'R1': 22.97, 'R5': 42.246, 'R10': 51.285, 'mAP': 13.56, 'mINP': 2.206, 'entropy': 0.8056191052159956, 'loss': 0.8056191052159956, 'lr': 5.04251480971523e-06}
     Epoch[12] Iteration[10/1240], entropy: 0.7133, loss: 0.7133, lr: 3.51e-07
     Epoch[12] Iteration[20/1240], entropy: 0.6870, loss: 0.6870, lr: 5.31e-06
     Epoch[12] Iteration[30/1240], entropy: 0.7370, loss: 0.7370, lr: 9.84e-06
     Epoch[12] Iteration[40/1240], entropy: 0.7469, loss: 0.7469, lr: 7.68e-06
     Epoch[12] Iteration[50/1240], entropy: 0.6614, loss: 0.6614, lr: 1.81e-06
     Epoch[12] Iteration[60/1240], entropy: 0.7235, loss: 0.7235, lr: 3.51e-07
     Epoch[12] Iteration[70/1240], entropy: 0.8319, loss: 0.8319, lr: 5.31e-06
     Epoch[12] Iteration[80/1240], entropy: 0.7903, loss: 0.7903, lr: 9.84e-06
     Epoch[12] Iteration[90/1240], entropy: 0.6301, loss: 0.6301, lr: 7.68e-06
     Epoch[12] Iteration[100/1240], entropy: 1.0477, loss: 1.0477, lr: 1.81e-06
     Epoch[12] Iteration[110/1240], entropy: 0.7702, loss: 0.7702, lr: 3.51e-07
     Epoch[12] Iteration[120/1240], entropy: 0.9122, loss: 0.9122, lr: 5.31e-06
     Epoch[12] Iteration[130/1240], entropy: 0.6896, loss: 0.6896, lr: 9.84e-06
     Epoch[12] Iteration[140/1240], entropy: 0.8990, loss: 0.8990, lr: 7.68e-06
     Epoch[12] Iteration[150/1240], entropy: 0.8596, loss: 0.8596, lr: 1.81e-06
     Epoch[12] Iteration[160/1240], entropy: 0.7403, loss: 0.7403, lr: 3.51e-07
     Epoch[12] Iteration[170/1240], entropy: 0.6606, loss: 0.6606, lr: 5.31e-06
     Epoch[12] Iteration[180/1240], entropy: 0.8041, loss: 0.8041, lr: 9.84e-06
     Epoch[12] Iteration[190/1240], entropy: 0.5653, loss: 0.5653, lr: 7.68e-06
     Epoch[12] Iteration[200/1240], entropy: 0.9539, loss: 0.9539, lr: 1.81e-06
     Epoch[12] Iteration[210/1240], entropy: 0.9475, loss: 0.9475, lr: 3.51e-07
     Epoch[12] Iteration[220/1240], entropy: 0.6435, loss: 0.6435, lr: 5.31e-06
     Epoch[12] Iteration[230/1240], entropy: 0.8455, loss: 0.8455, lr: 9.84e-06
     Epoch[12] Iteration[240/1240], entropy: 0.7378, loss: 0.7378, lr: 7.68e-06
     Epoch[12] Iteration[250/1240], entropy: 0.6754, loss: 0.6754, lr: 1.81e-06
     Epoch[12] Iteration[260/1240], entropy: 0.9206, loss: 0.9206, lr: 3.51e-07
     Epoch[12] Iteration[270/1240], entropy: 0.7578, loss: 0.7578, lr: 5.31e-06
     Epoch[12] Iteration[280/1240], entropy: 0.8398, loss: 0.8398, lr: 9.84e-06
     Epoch[12] Iteration[290/1240], entropy: 0.7931, loss: 0.7931, lr: 7.68e-06
     Epoch[12] Iteration[300/1240], entropy: 0.6672, loss: 0.6672, lr: 1.81e-06
     Epoch[12] Iteration[310/1240], entropy: 0.5615, loss: 0.5615, lr: 3.51e-07
     Epoch[12] Iteration[320/1240], entropy: 0.8814, loss: 0.8814, lr: 5.31e-06
     Epoch[12] Iteration[330/1240], entropy: 0.8502, loss: 0.8502, lr: 9.84e-06
     Epoch[12] Iteration[340/1240], entropy: 0.7982, loss: 0.7982, lr: 7.68e-06
     Epoch[12] Iteration[350/1240], entropy: 0.7895, loss: 0.7895, lr: 1.81e-06
     Epoch[12] Iteration[360/1240], entropy: 0.6706, loss: 0.6706, lr: 3.51e-07
     Epoch[12] Iteration[370/1240], entropy: 0.9276, loss: 0.9276, lr: 5.31e-06
     Epoch[12] Iteration[380/1240], entropy: 0.7921, loss: 0.7921, lr: 9.84e-06
     Epoch[12] Iteration[390/1240], entropy: 0.6587, loss: 0.6587, lr: 7.68e-06
     Epoch[12] Iteration[400/1240], entropy: 0.9386, loss: 0.9386, lr: 1.81e-06
     Epoch[12] Iteration[410/1240], entropy: 0.8497, loss: 0.8497, lr: 3.51e-07
     Epoch[12] Iteration[420/1240], entropy: 0.6119, loss: 0.6119, lr: 5.31e-06
     Epoch[12] Iteration[430/1240], entropy: 0.9582, loss: 0.9582, lr: 9.84e-06
     Epoch[12] Iteration[440/1240], entropy: 0.8181, loss: 0.8181, lr: 7.68e-06
     Epoch[12] Iteration[450/1240], entropy: 0.6910, loss: 0.6910, lr: 1.81e-06
     Epoch[12] Iteration[460/1240], entropy: 0.7318, loss: 0.7318, lr: 3.51e-07
     Epoch[12] Iteration[470/1240], entropy: 0.8250, loss: 0.8250, lr: 5.31e-06
     Epoch[12] Iteration[480/1240], entropy: 0.4798, loss: 0.4798, lr: 9.84e-06
     Epoch[12] Iteration[490/1240], entropy: 1.0115, loss: 1.0115, lr: 7.68e-06
     Epoch[12] Iteration[500/1240], entropy: 0.6619, loss: 0.6619, lr: 1.81e-06
     Epoch[12] Iteration[510/1240], entropy: 0.7543, loss: 0.7543, lr: 3.51e-07
     Epoch[12] Iteration[520/1240], entropy: 0.8863, loss: 0.8863, lr: 5.31e-06
     Epoch[12] Iteration[530/1240], entropy: 0.6719, loss: 0.6719, lr: 9.84e-06
     Epoch[12] Iteration[540/1240], entropy: 0.9153, loss: 0.9153, lr: 7.68e-06
     Epoch[12] Iteration[550/1240], entropy: 0.7672, loss: 0.7672, lr: 1.81e-06
     Epoch[12] Iteration[560/1240], entropy: 0.6141, loss: 0.6141, lr: 3.51e-07
     Epoch[12] Iteration[570/1240], entropy: 0.9035, loss: 0.9035, lr: 5.31e-06
     Epoch[12] Iteration[580/1240], entropy: 0.6224, loss: 0.6224, lr: 9.84e-06
     Epoch[12] Iteration[590/1240], entropy: 0.8473, loss: 0.8473, lr: 7.68e-06
     Epoch[12] Iteration[600/1240], entropy: 0.7544, loss: 0.7544, lr: 1.81e-06
     Epoch[12] Iteration[610/1240], entropy: 0.8457, loss: 0.8457, lr: 3.51e-07
     Epoch[12] Iteration[620/1240], entropy: 0.9010, loss: 0.9010, lr: 5.31e-06
     Epoch[12] Iteration[630/1240], entropy: 0.6805, loss: 0.6805, lr: 9.84e-06
     Epoch[12] Iteration[640/1240], entropy: 0.7614, loss: 0.7614, lr: 7.68e-06
     Epoch[12] Iteration[650/1240], entropy: 0.7268, loss: 0.7268, lr: 1.81e-06
     Epoch[12] Iteration[660/1240], entropy: 0.8878, loss: 0.8878, lr: 3.51e-07
     Epoch[12] Iteration[670/1240], entropy: 0.8337, loss: 0.8337, lr: 5.31e-06
     Epoch[12] Iteration[680/1240], entropy: 0.7145, loss: 0.7145, lr: 9.84e-06
     Epoch[12] Iteration[690/1240], entropy: 0.8207, loss: 0.8207, lr: 7.68e-06
     Epoch[12] Iteration[700/1240], entropy: 0.7319, loss: 0.7319, lr: 1.81e-06
     Epoch[12] Iteration[710/1240], entropy: 0.7829, loss: 0.7829, lr: 3.51e-07
     Epoch[12] Iteration[720/1240], entropy: 0.6938, loss: 0.6938, lr: 5.31e-06
     Epoch[12] Iteration[730/1240], entropy: 1.0057, loss: 1.0057, lr: 9.84e-06
     Epoch[12] Iteration[740/1240], entropy: 0.9155, loss: 0.9155, lr: 7.68e-06
     Epoch[12] Iteration[750/1240], entropy: 1.0391, loss: 1.0391, lr: 1.81e-06
     Epoch[12] Iteration[760/1240], entropy: 0.5575, loss: 0.5575, lr: 3.51e-07
     Epoch[12] Iteration[770/1240], entropy: 0.7925, loss: 0.7925, lr: 5.31e-06
     Epoch[12] Iteration[780/1240], entropy: 0.7428, loss: 0.7428, lr: 9.84e-06
     Epoch[12] Iteration[790/1240], entropy: 0.7717, loss: 0.7717, lr: 7.68e-06
     Epoch[12] Iteration[800/1240], entropy: 0.8355, loss: 0.8355, lr: 1.81e-06
     Epoch[12] Iteration[810/1240], entropy: 0.9306, loss: 0.9306, lr: 3.51e-07
     Epoch[12] Iteration[820/1240], entropy: 0.6993, loss: 0.6993, lr: 5.31e-06
     Epoch[12] Iteration[830/1240], entropy: 0.7385, loss: 0.7385, lr: 9.84e-06
     Epoch[12] Iteration[840/1240], entropy: 0.7817, loss: 0.7817, lr: 7.68e-06
     Epoch[12] Iteration[850/1240], entropy: 0.7736, loss: 0.7736, lr: 1.81e-06
     Epoch[12] Iteration[860/1240], entropy: 0.6446, loss: 0.6446, lr: 3.51e-07
     Epoch[12] Iteration[870/1240], entropy: 0.9112, loss: 0.9112, lr: 5.31e-06
     Epoch[12] Iteration[880/1240], entropy: 0.7181, loss: 0.7181, lr: 9.84e-06
     Epoch[12] Iteration[890/1240], entropy: 0.6405, loss: 0.6405, lr: 7.68e-06
     Epoch[12] Iteration[900/1240], entropy: 0.6243, loss: 0.6243, lr: 1.81e-06
     Epoch[12] Iteration[910/1240], entropy: 0.8823, loss: 0.8823, lr: 3.51e-07
     Epoch[12] Iteration[920/1240], entropy: 0.6138, loss: 0.6138, lr: 5.31e-06
     Epoch[12] Iteration[930/1240], entropy: 0.5947, loss: 0.5947, lr: 9.84e-06
     Epoch[12] Iteration[940/1240], entropy: 0.6648, loss: 0.6648, lr: 8.19e-06
     Epoch[12] Iteration[950/1240], entropy: 0.9112, loss: 0.9112, lr: 2.32e-06
     Epoch[12] Iteration[960/1240], entropy: 0.9241, loss: 0.9241, lr: 1.57e-07
     Epoch[12] Iteration[970/1240], entropy: 0.6841, loss: 0.6841, lr: 4.69e-06
     Epoch[12] Iteration[980/1240], entropy: 0.8182, loss: 0.8182, lr: 9.65e-06
     Epoch[12] Iteration[990/1240], entropy: 0.7977, loss: 0.7977, lr: 8.19e-06
     Epoch[12] Iteration[1000/1240], entropy: 0.7965, loss: 0.7965, lr: 2.32e-06
     Epoch[12] Iteration[1010/1240], entropy: 1.0332, loss: 1.0332, lr: 1.57e-07
     Epoch[12] Iteration[1020/1240], entropy: 0.9013, loss: 0.9013, lr: 4.69e-06
     Epoch[12] Iteration[1030/1240], entropy: 0.7940, loss: 0.7940, lr: 9.65e-06
     Epoch[12] Iteration[1040/1240], entropy: 0.9476, loss: 0.9476, lr: 8.19e-06
     Epoch[12] Iteration[1050/1240], entropy: 0.8494, loss: 0.8494, lr: 2.32e-06
     Epoch[12] Iteration[1060/1240], entropy: 0.7895, loss: 0.7895, lr: 1.57e-07
     Epoch[12] Iteration[1070/1240], entropy: 0.7103, loss: 0.7103, lr: 4.69e-06
     Epoch[12] Iteration[1080/1240], entropy: 0.6292, loss: 0.6292, lr: 9.65e-06
     Epoch[12] Iteration[1090/1240], entropy: 0.6573, loss: 0.6573, lr: 8.19e-06
     Epoch[12] Iteration[1100/1240], entropy: 0.7567, loss: 0.7567, lr: 2.32e-06
     Epoch[12] Iteration[1110/1240], entropy: 0.6264, loss: 0.6264, lr: 1.57e-07
     Epoch[12] Iteration[1120/1240], entropy: 0.6774, loss: 0.6774, lr: 4.69e-06
     Epoch[12] Iteration[1130/1240], entropy: 0.7260, loss: 0.7260, lr: 9.65e-06
     Epoch[12] Iteration[1140/1240], entropy: 0.8007, loss: 0.8007, lr: 8.19e-06
     Epoch[12] Iteration[1150/1240], entropy: 0.6008, loss: 0.6008, lr: 2.32e-06
     Epoch[12] Iteration[1160/1240], entropy: 0.8654, loss: 0.8654, lr: 1.57e-07
     Epoch[12] Iteration[1170/1240], entropy: 0.7803, loss: 0.7803, lr: 4.69e-06
     Epoch[12] Iteration[1180/1240], entropy: 0.7839, loss: 0.7839, lr: 9.65e-06
     Epoch[12] Iteration[1190/1240], entropy: 0.6618, loss: 0.6618, lr: 8.19e-06
     Epoch[12] Iteration[1200/1240], entropy: 1.0016, loss: 1.0016, lr: 2.32e-06
     Epoch[12] Iteration[1210/1240], entropy: 0.8443, loss: 0.8443, lr: 1.57e-07
     Epoch[12] Iteration[1220/1240], entropy: 0.8809, loss: 0.8809, lr: 4.69e-06
     Epoch[12] Iteration[1230/1240], entropy: 0.7833, loss: 0.7833, lr: 9.65e-06
     Epoch[12] Iteration[1240/1240], entropy: 0.7326, loss: 0.7326, lr: 8.19e-06
     Averaged stats: entropy: 0.7326, loss: 0.7326, lr: 8.19e-06
     itm tta time 0:02:11
### TTA Eval Score: 
+-------+--------+--------+--------+--------+-------+
| epoch |   R1   |   R5   |  R10   |  mAP   |  mINP |
+-------+--------+--------+--------+--------+-------+
|  -999 | 60.268 | 76.708 | 82.633 | 35.227 | 5.902 |
|   0   | 59.432 | 76.401 | 82.532 | 35.124 | 6.055 |
|   1   | 57.673 | 75.378 | 81.802 | 34.367 | 6.101 |
|   2   | 54.328 | 73.181 | 79.993 | 32.625 | 5.887 |
|   3   | 49.678 | 69.891 | 77.237 | 30.134 | 5.454 |
|   4   | 45.052 | 65.830 | 73.962 | 27.396 | 4.933 |
|   5   | 40.709 | 61.971 | 70.304 | 24.676 | 4.390 |
|   6   | 36.512 | 57.860 | 66.667 | 22.151 | 3.882 |
|   7   | 33.086 | 54.136 | 63.336 | 19.944 | 3.433 |
|   8   | 30.094 | 50.741 | 59.895 | 17.985 | 3.049 |
|   9   | 27.539 | 47.607 | 56.918 | 16.312 | 2.726 |
|   10  | 25.156 | 44.841 | 53.930 | 14.826 | 2.441 |
|   11  | 22.970 | 42.246 | 51.285 | 13.559 | 2.206 |
|   12  | 21.136 | 39.883 | 48.841 | 12.443 | 1.999 |
+-------+--------+--------+--------+--------+-------+
     logs:  {'epo': 12, 'R1': 21.136, 'R5': 39.883, 'R10': 48.841, 'mAP': 12.443, 'mINP': 1.999, 'entropy': 0.778397397168221, 'loss': 0.778397397168221, 'lr': 5.029799241311061e-06}
     Epoch[13] Iteration[10/1240], entropy: 0.5488, loss: 0.5488, lr: 2.32e-06
     Epoch[13] Iteration[20/1240], entropy: 0.6958, loss: 0.6958, lr: 1.57e-07
     Epoch[13] Iteration[30/1240], entropy: 0.7382, loss: 0.7382, lr: 4.69e-06
     Epoch[13] Iteration[40/1240], entropy: 0.7621, loss: 0.7621, lr: 9.65e-06
     Epoch[13] Iteration[50/1240], entropy: 0.7803, loss: 0.7803, lr: 8.19e-06
     Epoch[13] Iteration[60/1240], entropy: 0.6545, loss: 0.6545, lr: 2.32e-06
     Epoch[13] Iteration[70/1240], entropy: 0.4290, loss: 0.4290, lr: 1.57e-07
     Epoch[13] Iteration[80/1240], entropy: 0.8481, loss: 0.8481, lr: 4.69e-06
     Epoch[13] Iteration[90/1240], entropy: 0.8701, loss: 0.8701, lr: 9.65e-06
     Epoch[13] Iteration[100/1240], entropy: 0.9240, loss: 0.9240, lr: 8.19e-06
     Epoch[13] Iteration[110/1240], entropy: 0.5426, loss: 0.5426, lr: 2.32e-06
     Epoch[13] Iteration[120/1240], entropy: 0.6447, loss: 0.6447, lr: 1.57e-07
     Epoch[13] Iteration[130/1240], entropy: 0.6904, loss: 0.6904, lr: 4.69e-06
     Epoch[13] Iteration[140/1240], entropy: 0.6156, loss: 0.6156, lr: 9.65e-06
     Epoch[13] Iteration[150/1240], entropy: 0.8205, loss: 0.8205, lr: 8.19e-06
     Epoch[13] Iteration[160/1240], entropy: 0.6555, loss: 0.6555, lr: 2.32e-06
     Epoch[13] Iteration[170/1240], entropy: 0.8892, loss: 0.8892, lr: 1.57e-07
     Epoch[13] Iteration[180/1240], entropy: 0.6681, loss: 0.6681, lr: 4.69e-06
     Epoch[13] Iteration[190/1240], entropy: 0.5525, loss: 0.5525, lr: 9.65e-06
     Epoch[13] Iteration[200/1240], entropy: 0.5778, loss: 0.5778, lr: 8.19e-06
     Epoch[13] Iteration[210/1240], entropy: 0.7484, loss: 0.7484, lr: 2.32e-06
     Epoch[13] Iteration[220/1240], entropy: 0.6542, loss: 0.6542, lr: 1.57e-07
     Epoch[13] Iteration[230/1240], entropy: 0.7683, loss: 0.7683, lr: 4.69e-06
     Epoch[13] Iteration[240/1240], entropy: 0.8464, loss: 0.8464, lr: 9.65e-06
     Epoch[13] Iteration[250/1240], entropy: 0.8741, loss: 0.8741, lr: 8.19e-06
     Epoch[13] Iteration[260/1240], entropy: 1.1210, loss: 1.1210, lr: 2.32e-06
     Epoch[13] Iteration[270/1240], entropy: 0.6431, loss: 0.6431, lr: 1.57e-07
     Epoch[13] Iteration[280/1240], entropy: 0.9341, loss: 0.9341, lr: 4.69e-06
     Epoch[13] Iteration[290/1240], entropy: 0.7441, loss: 0.7441, lr: 9.65e-06
     Epoch[13] Iteration[300/1240], entropy: 0.7931, loss: 0.7931, lr: 8.19e-06
     Epoch[13] Iteration[310/1240], entropy: 0.4801, loss: 0.4801, lr: 2.32e-06
     Epoch[13] Iteration[320/1240], entropy: 0.8301, loss: 0.8301, lr: 1.57e-07
     Epoch[13] Iteration[330/1240], entropy: 0.7445, loss: 0.7445, lr: 4.69e-06
     Epoch[13] Iteration[340/1240], entropy: 0.7098, loss: 0.7098, lr: 9.65e-06
     Epoch[13] Iteration[350/1240], entropy: 0.7852, loss: 0.7852, lr: 8.19e-06
     Epoch[13] Iteration[360/1240], entropy: 0.8342, loss: 0.8342, lr: 2.32e-06
     Epoch[13] Iteration[370/1240], entropy: 0.7708, loss: 0.7708, lr: 1.57e-07
     Epoch[13] Iteration[380/1240], entropy: 0.8725, loss: 0.8725, lr: 4.69e-06
     Epoch[13] Iteration[390/1240], entropy: 0.8197, loss: 0.8197, lr: 9.65e-06
     Epoch[13] Iteration[400/1240], entropy: 0.5225, loss: 0.5225, lr: 8.19e-06
     Epoch[13] Iteration[410/1240], entropy: 0.9070, loss: 0.9070, lr: 2.32e-06
     Epoch[13] Iteration[420/1240], entropy: 0.8664, loss: 0.8664, lr: 1.57e-07
     Epoch[13] Iteration[430/1240], entropy: 0.8254, loss: 0.8254, lr: 4.69e-06
     Epoch[13] Iteration[440/1240], entropy: 0.9524, loss: 0.9524, lr: 9.65e-06
     Epoch[13] Iteration[450/1240], entropy: 0.7885, loss: 0.7885, lr: 8.19e-06
     Epoch[13] Iteration[460/1240], entropy: 0.8915, loss: 0.8915, lr: 2.32e-06
     Epoch[13] Iteration[470/1240], entropy: 0.8530, loss: 0.8530, lr: 1.57e-07
     Epoch[13] Iteration[480/1240], entropy: 0.7353, loss: 0.7353, lr: 4.69e-06
     Epoch[13] Iteration[490/1240], entropy: 0.7627, loss: 0.7627, lr: 9.65e-06
     Epoch[13] Iteration[500/1240], entropy: 1.0038, loss: 1.0038, lr: 8.19e-06
     Epoch[13] Iteration[510/1240], entropy: 0.8991, loss: 0.8991, lr: 2.32e-06
     Epoch[13] Iteration[520/1240], entropy: 0.6979, loss: 0.6979, lr: 1.57e-07
     Epoch[13] Iteration[530/1240], entropy: 0.8234, loss: 0.8234, lr: 4.69e-06
     Epoch[13] Iteration[540/1240], entropy: 0.4798, loss: 0.4798, lr: 9.65e-06
     Epoch[13] Iteration[550/1240], entropy: 0.9368, loss: 0.9368, lr: 8.19e-06
     Epoch[13] Iteration[560/1240], entropy: 0.8312, loss: 0.8312, lr: 2.32e-06
     Epoch[13] Iteration[570/1240], entropy: 0.7427, loss: 0.7427, lr: 1.57e-07
     Epoch[13] Iteration[580/1240], entropy: 0.7034, loss: 0.7034, lr: 4.69e-06
     Epoch[13] Iteration[590/1240], entropy: 0.8074, loss: 0.8074, lr: 9.65e-06
     Epoch[13] Iteration[600/1240], entropy: 0.6225, loss: 0.6225, lr: 8.19e-06
     Epoch[13] Iteration[610/1240], entropy: 0.7609, loss: 0.7609, lr: 2.32e-06
     Epoch[13] Iteration[620/1240], entropy: 0.7484, loss: 0.7484, lr: 1.57e-07
     Epoch[13] Iteration[630/1240], entropy: 0.8644, loss: 0.8644, lr: 4.69e-06
     Epoch[13] Iteration[640/1240], entropy: 0.7920, loss: 0.7920, lr: 9.65e-06
     Epoch[13] Iteration[650/1240], entropy: 0.7528, loss: 0.7528, lr: 8.19e-06
     Epoch[13] Iteration[660/1240], entropy: 0.9197, loss: 0.9197, lr: 2.32e-06
     Epoch[13] Iteration[670/1240], entropy: 0.9318, loss: 0.9318, lr: 1.57e-07
     Epoch[13] Iteration[680/1240], entropy: 0.6867, loss: 0.6867, lr: 4.69e-06
     Epoch[13] Iteration[690/1240], entropy: 0.7346, loss: 0.7346, lr: 9.65e-06
     Epoch[13] Iteration[700/1240], entropy: 0.5990, loss: 0.5990, lr: 8.19e-06
     Epoch[13] Iteration[710/1240], entropy: 0.8024, loss: 0.8024, lr: 2.32e-06
     Epoch[13] Iteration[720/1240], entropy: 0.7731, loss: 0.7731, lr: 1.57e-07
     Epoch[13] Iteration[730/1240], entropy: 0.6774, loss: 0.6774, lr: 4.69e-06
     Epoch[13] Iteration[740/1240], entropy: 0.7923, loss: 0.7923, lr: 9.65e-06
     Epoch[13] Iteration[750/1240], entropy: 0.8177, loss: 0.8177, lr: 8.19e-06
     Epoch[13] Iteration[760/1240], entropy: 0.7716, loss: 0.7716, lr: 2.32e-06
     Epoch[13] Iteration[770/1240], entropy: 0.8746, loss: 0.8746, lr: 1.57e-07
     Epoch[13] Iteration[780/1240], entropy: 0.8284, loss: 0.8284, lr: 4.69e-06
     Epoch[13] Iteration[790/1240], entropy: 0.5454, loss: 0.5454, lr: 9.65e-06
     Epoch[13] Iteration[800/1240], entropy: 0.9642, loss: 0.9642, lr: 8.19e-06
     Epoch[13] Iteration[810/1240], entropy: 0.7902, loss: 0.7902, lr: 2.32e-06
     Epoch[13] Iteration[820/1240], entropy: 0.6408, loss: 0.6408, lr: 1.57e-07
     Epoch[13] Iteration[830/1240], entropy: 0.7646, loss: 0.7646, lr: 4.69e-06
     Epoch[13] Iteration[840/1240], entropy: 0.7454, loss: 0.7454, lr: 9.65e-06
     Epoch[13] Iteration[850/1240], entropy: 1.0501, loss: 1.0501, lr: 8.19e-06
     Epoch[13] Iteration[860/1240], entropy: 0.8208, loss: 0.8208, lr: 2.32e-06
     Epoch[13] Iteration[870/1240], entropy: 0.8304, loss: 0.8304, lr: 1.57e-07
     Epoch[13] Iteration[880/1240], entropy: 0.9934, loss: 0.9934, lr: 4.69e-06
     Epoch[13] Iteration[890/1240], entropy: 1.1366, loss: 1.1366, lr: 9.65e-06
     Epoch[13] Iteration[900/1240], entropy: 0.9542, loss: 0.9542, lr: 8.19e-06
     Epoch[13] Iteration[910/1240], entropy: 0.8348, loss: 0.8348, lr: 2.32e-06
     Epoch[13] Iteration[920/1240], entropy: 0.6807, loss: 0.6807, lr: 1.57e-07
     Epoch[13] Iteration[930/1240], entropy: 0.7319, loss: 0.7319, lr: 4.69e-06
     Epoch[13] Iteration[940/1240], entropy: 0.7245, loss: 0.7245, lr: 9.65e-06
     Epoch[13] Iteration[950/1240], entropy: 0.8033, loss: 0.8033, lr: 8.19e-06
     Epoch[13] Iteration[960/1240], entropy: 0.6426, loss: 0.6426, lr: 2.32e-06
     Epoch[13] Iteration[970/1240], entropy: 0.8215, loss: 0.8215, lr: 1.57e-07
     Epoch[13] Iteration[980/1240], entropy: 0.6201, loss: 0.6201, lr: 4.69e-06
     Epoch[13] Iteration[990/1240], entropy: 0.7388, loss: 0.7388, lr: 9.65e-06
     Epoch[13] Iteration[1000/1240], entropy: 0.6408, loss: 0.6408, lr: 8.19e-06
     Epoch[13] Iteration[1010/1240], entropy: 0.8960, loss: 0.8960, lr: 2.32e-06
     Epoch[13] Iteration[1020/1240], entropy: 0.7844, loss: 0.7844, lr: 1.57e-07
     Epoch[13] Iteration[1030/1240], entropy: 0.8333, loss: 0.8333, lr: 4.69e-06
     Epoch[13] Iteration[1040/1240], entropy: 0.7527, loss: 0.7527, lr: 9.65e-06
     Epoch[13] Iteration[1050/1240], entropy: 0.8643, loss: 0.8643, lr: 8.19e-06
     Epoch[13] Iteration[1060/1240], entropy: 0.8339, loss: 0.8339, lr: 2.32e-06
     Epoch[13] Iteration[1070/1240], entropy: 1.0716, loss: 1.0716, lr: 1.57e-07
     Epoch[13] Iteration[1080/1240], entropy: 0.8442, loss: 0.8442, lr: 4.69e-06
     Epoch[13] Iteration[1090/1240], entropy: 0.6815, loss: 0.6815, lr: 9.65e-06
     Epoch[13] Iteration[1100/1240], entropy: 0.9298, loss: 0.9298, lr: 8.19e-06
     Epoch[13] Iteration[1110/1240], entropy: 0.9324, loss: 0.9324, lr: 2.32e-06
     Epoch[13] Iteration[1120/1240], entropy: 0.9223, loss: 0.9223, lr: 1.57e-07
     Epoch[13] Iteration[1130/1240], entropy: 0.7381, loss: 0.7381, lr: 4.69e-06
     Epoch[13] Iteration[1140/1240], entropy: 0.7400, loss: 0.7400, lr: 9.65e-06
     Epoch[13] Iteration[1150/1240], entropy: 0.5772, loss: 0.5772, lr: 8.19e-06
     Epoch[13] Iteration[1160/1240], entropy: 0.8966, loss: 0.8966, lr: 2.32e-06
     Epoch[13] Iteration[1170/1240], entropy: 0.8483, loss: 0.8483, lr: 1.57e-07
     Epoch[13] Iteration[1180/1240], entropy: 0.8147, loss: 0.8147, lr: 4.69e-06
     Epoch[13] Iteration[1190/1240], entropy: 0.8068, loss: 0.8068, lr: 9.65e-06
     Epoch[13] Iteration[1200/1240], entropy: 0.8495, loss: 0.8495, lr: 8.19e-06
     Epoch[13] Iteration[1210/1240], entropy: 0.6928, loss: 0.6928, lr: 2.32e-06
     Epoch[13] Iteration[1220/1240], entropy: 0.9721, loss: 0.9721, lr: 1.57e-07
     Epoch[13] Iteration[1230/1240], entropy: 0.8129, loss: 0.8129, lr: 4.69e-06
     Epoch[13] Iteration[1240/1240], entropy: 0.6493, loss: 0.6493, lr: 9.65e-06
     Averaged stats: entropy: 0.6493, loss: 0.6493, lr: 9.65e-06
     itm tta time 0:02:15
### TTA Eval Score: 
+-------+--------+--------+--------+--------+-------+
| epoch |   R1   |   R5   |  R10   |  mAP   |  mINP |
+-------+--------+--------+--------+--------+-------+
|  -999 | 60.268 | 76.708 | 82.633 | 35.227 | 5.902 |
|   0   | 59.432 | 76.401 | 82.532 | 35.124 | 6.055 |
|   1   | 57.673 | 75.378 | 81.802 | 34.367 | 6.101 |
|   2   | 54.328 | 73.181 | 79.993 | 32.625 | 5.887 |
|   3   | 49.678 | 69.891 | 77.237 | 30.134 | 5.454 |
|   4   | 45.052 | 65.830 | 73.962 | 27.396 | 4.933 |
|   5   | 40.709 | 61.971 | 70.304 | 24.676 | 4.390 |
|   6   | 36.512 | 57.860 | 66.667 | 22.151 | 3.882 |
|   7   | 33.086 | 54.136 | 63.336 | 19.944 | 3.433 |
|   8   | 30.094 | 50.741 | 59.895 | 17.985 | 3.049 |
|   9   | 27.539 | 47.607 | 56.918 | 16.312 | 2.726 |
|   10  | 25.156 | 44.841 | 53.930 | 14.826 | 2.441 |
|   11  | 22.970 | 42.246 | 51.285 | 13.559 | 2.206 |
|   12  | 21.136 | 39.883 | 48.841 | 12.443 | 1.999 |
|   13  | 19.584 | 37.833 | 46.534 | 11.451 | 1.821 |
+-------+--------+--------+--------+--------+-------+
     logs:  {'epo': 13, 'R1': 19.584, 'R5': 37.833, 'R10': 46.534, 'mAP': 11.451, 'mINP': 1.821, 'entropy': 0.7813059884694314, 'loss': 0.7813059884694314, 'lr': 4.9742974197684995e-06}
     Epoch[14] Iteration[10/1240], entropy: 0.6025, loss: 0.6025, lr: 8.19e-06
     Epoch[14] Iteration[20/1240], entropy: 0.6509, loss: 0.6509, lr: 2.32e-06
     Epoch[14] Iteration[30/1240], entropy: 0.6602, loss: 0.6602, lr: 1.57e-07
     Epoch[14] Iteration[40/1240], entropy: 0.5978, loss: 0.5978, lr: 4.69e-06
     Epoch[14] Iteration[50/1240], entropy: 0.7966, loss: 0.7966, lr: 9.65e-06
     Epoch[14] Iteration[60/1240], entropy: 0.6542, loss: 0.6542, lr: 8.19e-06
     Epoch[14] Iteration[70/1240], entropy: 1.0062, loss: 1.0062, lr: 2.32e-06
     Epoch[14] Iteration[80/1240], entropy: 0.7607, loss: 0.7607, lr: 1.57e-07
     Epoch[14] Iteration[90/1240], entropy: 0.9392, loss: 0.9392, lr: 4.69e-06
     Epoch[14] Iteration[100/1240], entropy: 0.9283, loss: 0.9283, lr: 9.65e-06
     Epoch[14] Iteration[110/1240], entropy: 0.8884, loss: 0.8884, lr: 8.19e-06
     Epoch[14] Iteration[120/1240], entropy: 0.8795, loss: 0.8795, lr: 2.32e-06
     Epoch[14] Iteration[130/1240], entropy: 0.6656, loss: 0.6656, lr: 1.57e-07
     Epoch[14] Iteration[140/1240], entropy: 0.5955, loss: 0.5955, lr: 4.69e-06
     Epoch[14] Iteration[150/1240], entropy: 0.8530, loss: 0.8530, lr: 9.65e-06
     Epoch[14] Iteration[160/1240], entropy: 0.7587, loss: 0.7587, lr: 8.19e-06
     Epoch[14] Iteration[170/1240], entropy: 1.0377, loss: 1.0377, lr: 2.32e-06
     Epoch[14] Iteration[180/1240], entropy: 0.7920, loss: 0.7920, lr: 1.57e-07
     Epoch[14] Iteration[190/1240], entropy: 0.8011, loss: 0.8011, lr: 4.69e-06
     Epoch[14] Iteration[200/1240], entropy: 0.5910, loss: 0.5910, lr: 9.65e-06
     Epoch[14] Iteration[210/1240], entropy: 0.8442, loss: 0.8442, lr: 8.19e-06
     Epoch[14] Iteration[220/1240], entropy: 0.8445, loss: 0.8445, lr: 2.32e-06
     Epoch[14] Iteration[230/1240], entropy: 0.9162, loss: 0.9162, lr: 1.57e-07
     Epoch[14] Iteration[240/1240], entropy: 0.7600, loss: 0.7600, lr: 4.69e-06
     Epoch[14] Iteration[250/1240], entropy: 0.7736, loss: 0.7736, lr: 9.65e-06
     Epoch[14] Iteration[260/1240], entropy: 1.0181, loss: 1.0181, lr: 8.19e-06
     Epoch[14] Iteration[270/1240], entropy: 0.6626, loss: 0.6626, lr: 2.32e-06
     Epoch[14] Iteration[280/1240], entropy: 0.7902, loss: 0.7902, lr: 1.57e-07
     Epoch[14] Iteration[290/1240], entropy: 0.7968, loss: 0.7968, lr: 4.69e-06
     Epoch[14] Iteration[300/1240], entropy: 0.6637, loss: 0.6637, lr: 9.65e-06
     Epoch[14] Iteration[310/1240], entropy: 0.7432, loss: 0.7432, lr: 8.19e-06
     Epoch[14] Iteration[320/1240], entropy: 0.7961, loss: 0.7961, lr: 2.32e-06
     Epoch[14] Iteration[330/1240], entropy: 0.9238, loss: 0.9238, lr: 1.57e-07
     Epoch[14] Iteration[340/1240], entropy: 0.6998, loss: 0.6998, lr: 4.69e-06
     Epoch[14] Iteration[350/1240], entropy: 0.6636, loss: 0.6636, lr: 9.65e-06
     Epoch[14] Iteration[360/1240], entropy: 0.7016, loss: 0.7016, lr: 8.19e-06
     Epoch[14] Iteration[370/1240], entropy: 0.7531, loss: 0.7531, lr: 2.32e-06
     Epoch[14] Iteration[380/1240], entropy: 0.7523, loss: 0.7523, lr: 1.57e-07
     Epoch[14] Iteration[390/1240], entropy: 0.7569, loss: 0.7569, lr: 4.69e-06
     Epoch[14] Iteration[400/1240], entropy: 0.8211, loss: 0.8211, lr: 9.65e-06
     Epoch[14] Iteration[410/1240], entropy: 0.8717, loss: 0.8717, lr: 8.19e-06
     Epoch[14] Iteration[420/1240], entropy: 0.7801, loss: 0.7801, lr: 2.32e-06
     Epoch[14] Iteration[430/1240], entropy: 0.5787, loss: 0.5787, lr: 1.57e-07
     Epoch[14] Iteration[440/1240], entropy: 0.9521, loss: 0.9521, lr: 4.69e-06
     Epoch[14] Iteration[450/1240], entropy: 0.8467, loss: 0.8467, lr: 9.65e-06
     Epoch[14] Iteration[460/1240], entropy: 1.0147, loss: 1.0147, lr: 8.64e-06
     Epoch[14] Iteration[470/1240], entropy: 0.9171, loss: 0.9171, lr: 2.87e-06
     Epoch[14] Iteration[480/1240], entropy: 0.8901, loss: 0.8901, lr: 3.94e-08
     Epoch[14] Iteration[490/1240], entropy: 0.7726, loss: 0.7726, lr: 4.06e-06
     Epoch[14] Iteration[500/1240], entropy: 0.7083, loss: 0.7083, lr: 9.38e-06
     Epoch[14] Iteration[510/1240], entropy: 0.8337, loss: 0.8337, lr: 8.64e-06
     Epoch[14] Iteration[520/1240], entropy: 0.7049, loss: 0.7049, lr: 2.87e-06
     Epoch[14] Iteration[530/1240], entropy: 0.8217, loss: 0.8217, lr: 3.94e-08
     Epoch[14] Iteration[540/1240], entropy: 0.6099, loss: 0.6099, lr: 4.06e-06
     Epoch[14] Iteration[550/1240], entropy: 0.8000, loss: 0.8000, lr: 9.38e-06
     Epoch[14] Iteration[560/1240], entropy: 0.7682, loss: 0.7682, lr: 8.64e-06
     Epoch[14] Iteration[570/1240], entropy: 0.7658, loss: 0.7658, lr: 2.87e-06
     Epoch[14] Iteration[580/1240], entropy: 0.8089, loss: 0.8089, lr: 3.94e-08
     Epoch[14] Iteration[590/1240], entropy: 0.8436, loss: 0.8436, lr: 4.06e-06
     Epoch[14] Iteration[600/1240], entropy: 0.8224, loss: 0.8224, lr: 9.38e-06
     Epoch[14] Iteration[610/1240], entropy: 0.7586, loss: 0.7586, lr: 8.64e-06
     Epoch[14] Iteration[620/1240], entropy: 0.6096, loss: 0.6096, lr: 2.87e-06
     Epoch[14] Iteration[630/1240], entropy: 0.7677, loss: 0.7677, lr: 3.94e-08
     Epoch[14] Iteration[640/1240], entropy: 0.7255, loss: 0.7255, lr: 4.06e-06
     Epoch[14] Iteration[650/1240], entropy: 0.8004, loss: 0.8004, lr: 9.38e-06
     Epoch[14] Iteration[660/1240], entropy: 0.8277, loss: 0.8277, lr: 8.64e-06
     Epoch[14] Iteration[670/1240], entropy: 0.7203, loss: 0.7203, lr: 2.87e-06
     Epoch[14] Iteration[680/1240], entropy: 0.7633, loss: 0.7633, lr: 3.94e-08
     Epoch[14] Iteration[690/1240], entropy: 0.8114, loss: 0.8114, lr: 4.06e-06
     Epoch[14] Iteration[700/1240], entropy: 0.8603, loss: 0.8603, lr: 9.38e-06
     Epoch[14] Iteration[710/1240], entropy: 0.7931, loss: 0.7931, lr: 8.64e-06
     Epoch[14] Iteration[720/1240], entropy: 0.9013, loss: 0.9013, lr: 2.87e-06
     Epoch[14] Iteration[730/1240], entropy: 0.8188, loss: 0.8188, lr: 3.94e-08
     Epoch[14] Iteration[740/1240], entropy: 0.6598, loss: 0.6598, lr: 4.06e-06
     Epoch[14] Iteration[750/1240], entropy: 0.7120, loss: 0.7120, lr: 9.38e-06
     Epoch[14] Iteration[760/1240], entropy: 0.6808, loss: 0.6808, lr: 8.64e-06
     Epoch[14] Iteration[770/1240], entropy: 0.8123, loss: 0.8123, lr: 2.87e-06
     Epoch[14] Iteration[780/1240], entropy: 0.8980, loss: 0.8980, lr: 3.94e-08
     Epoch[14] Iteration[790/1240], entropy: 0.5633, loss: 0.5633, lr: 4.06e-06
     Epoch[14] Iteration[800/1240], entropy: 0.9118, loss: 0.9118, lr: 9.38e-06
     Epoch[14] Iteration[810/1240], entropy: 0.9361, loss: 0.9361, lr: 8.64e-06
     Epoch[14] Iteration[820/1240], entropy: 0.7351, loss: 0.7351, lr: 2.87e-06
     Epoch[14] Iteration[830/1240], entropy: 0.8106, loss: 0.8106, lr: 3.94e-08
     Epoch[14] Iteration[840/1240], entropy: 0.8571, loss: 0.8571, lr: 4.06e-06
     Epoch[14] Iteration[850/1240], entropy: 0.7693, loss: 0.7693, lr: 9.38e-06
     Epoch[14] Iteration[860/1240], entropy: 0.8423, loss: 0.8423, lr: 8.64e-06
     Epoch[14] Iteration[870/1240], entropy: 0.5805, loss: 0.5805, lr: 2.87e-06
     Epoch[14] Iteration[880/1240], entropy: 0.6474, loss: 0.6474, lr: 3.94e-08
     Epoch[14] Iteration[890/1240], entropy: 0.7694, loss: 0.7694, lr: 4.06e-06
     Epoch[14] Iteration[900/1240], entropy: 0.6863, loss: 0.6863, lr: 9.38e-06
     Epoch[14] Iteration[910/1240], entropy: 0.6789, loss: 0.6789, lr: 8.64e-06
     Epoch[14] Iteration[920/1240], entropy: 0.8622, loss: 0.8622, lr: 2.87e-06
     Epoch[14] Iteration[930/1240], entropy: 0.8741, loss: 0.8741, lr: 3.94e-08
     Epoch[14] Iteration[940/1240], entropy: 0.7000, loss: 0.7000, lr: 4.06e-06
     Epoch[14] Iteration[950/1240], entropy: 0.6015, loss: 0.6015, lr: 9.38e-06
     Epoch[14] Iteration[960/1240], entropy: 0.7161, loss: 0.7161, lr: 8.64e-06
     Epoch[14] Iteration[970/1240], entropy: 0.7162, loss: 0.7162, lr: 2.87e-06
     Epoch[14] Iteration[980/1240], entropy: 0.7053, loss: 0.7053, lr: 3.94e-08
     Epoch[14] Iteration[990/1240], entropy: 0.8752, loss: 0.8752, lr: 4.06e-06
     Epoch[14] Iteration[1000/1240], entropy: 0.6356, loss: 0.6356, lr: 9.38e-06
     Epoch[14] Iteration[1010/1240], entropy: 0.7584, loss: 0.7584, lr: 8.64e-06
     Epoch[14] Iteration[1020/1240], entropy: 0.7876, loss: 0.7876, lr: 2.87e-06
     Epoch[14] Iteration[1030/1240], entropy: 1.0245, loss: 1.0245, lr: 3.94e-08
     Epoch[14] Iteration[1040/1240], entropy: 0.8024, loss: 0.8024, lr: 4.06e-06
     Epoch[14] Iteration[1050/1240], entropy: 0.9458, loss: 0.9458, lr: 9.38e-06
     Epoch[14] Iteration[1060/1240], entropy: 0.8347, loss: 0.8347, lr: 8.64e-06
     Epoch[14] Iteration[1070/1240], entropy: 0.6825, loss: 0.6825, lr: 2.87e-06
     Epoch[14] Iteration[1080/1240], entropy: 0.6560, loss: 0.6560, lr: 3.94e-08
     Epoch[14] Iteration[1090/1240], entropy: 0.7905, loss: 0.7905, lr: 4.06e-06
     Epoch[14] Iteration[1100/1240], entropy: 0.7662, loss: 0.7662, lr: 9.38e-06
     Epoch[14] Iteration[1110/1240], entropy: 0.8846, loss: 0.8846, lr: 8.64e-06
     Epoch[14] Iteration[1120/1240], entropy: 0.6541, loss: 0.6541, lr: 2.87e-06
     Epoch[14] Iteration[1130/1240], entropy: 0.7608, loss: 0.7608, lr: 3.94e-08
     Epoch[14] Iteration[1140/1240], entropy: 0.5966, loss: 0.5966, lr: 4.06e-06
     Epoch[14] Iteration[1150/1240], entropy: 0.7932, loss: 0.7932, lr: 9.38e-06
     Epoch[14] Iteration[1160/1240], entropy: 0.7364, loss: 0.7364, lr: 8.64e-06
     Epoch[14] Iteration[1170/1240], entropy: 0.8466, loss: 0.8466, lr: 2.87e-06
     Epoch[14] Iteration[1180/1240], entropy: 0.7019, loss: 0.7019, lr: 3.94e-08
     Epoch[14] Iteration[1190/1240], entropy: 0.7232, loss: 0.7232, lr: 4.06e-06
     Epoch[14] Iteration[1200/1240], entropy: 0.6509, loss: 0.6509, lr: 9.38e-06
     Epoch[14] Iteration[1210/1240], entropy: 0.7641, loss: 0.7641, lr: 8.64e-06
     Epoch[14] Iteration[1220/1240], entropy: 0.6066, loss: 0.6066, lr: 2.87e-06
     Epoch[14] Iteration[1230/1240], entropy: 0.7207, loss: 0.7207, lr: 3.94e-08
     Epoch[14] Iteration[1240/1240], entropy: 0.8653, loss: 0.8653, lr: 4.06e-06
     Averaged stats: entropy: 0.8653, loss: 0.8653, lr: 4.06e-06
     itm tta time 0:02:10
### TTA Eval Score: 
+-------+--------+--------+--------+--------+-------+
| epoch |   R1   |   R5   |  R10   |  mAP   |  mINP |
+-------+--------+--------+--------+--------+-------+
|  -999 | 60.268 | 76.708 | 82.633 | 35.227 | 5.902 |
|   0   | 59.432 | 76.401 | 82.532 | 35.124 | 6.055 |
|   1   | 57.673 | 75.378 | 81.802 | 34.367 | 6.101 |
|   2   | 54.328 | 73.181 | 79.993 | 32.625 | 5.887 |
|   3   | 49.678 | 69.891 | 77.237 | 30.134 | 5.454 |
|   4   | 45.052 | 65.830 | 73.962 | 27.396 | 4.933 |
|   5   | 40.709 | 61.971 | 70.304 | 24.676 | 4.390 |
|   6   | 36.512 | 57.860 | 66.667 | 22.151 | 3.882 |
|   7   | 33.086 | 54.136 | 63.336 | 19.944 | 3.433 |
|   8   | 30.094 | 50.741 | 59.895 | 17.985 | 3.049 |
|   9   | 27.539 | 47.607 | 56.918 | 16.312 | 2.726 |
|   10  | 25.156 | 44.841 | 53.930 | 14.826 | 2.441 |
|   11  | 22.970 | 42.246 | 51.285 | 13.559 | 2.206 |
|   12  | 21.136 | 39.883 | 48.841 | 12.443 | 1.999 |
|   13  | 19.584 | 37.833 | 46.534 | 11.451 | 1.821 |
|   14  | 18.198 | 35.716 | 44.448 | 10.582 | 1.670 |
+-------+--------+--------+--------+--------+-------+
     logs:  {'epo': 14, 'R1': 18.198, 'R5': 35.716, 'R10': 44.448, 'mAP': 10.582, 'mINP': 1.67, 'entropy': 0.7741945448421663, 'loss': 0.7741945448421663, 'lr': 4.964665053224302e-06}
     Epoch[15] Iteration[10/1240], entropy: 0.8237, loss: 0.8237, lr: 9.38e-06
     Epoch[15] Iteration[20/1240], entropy: 0.7531, loss: 0.7531, lr: 8.64e-06
     Epoch[15] Iteration[30/1240], entropy: 0.9117, loss: 0.9117, lr: 2.87e-06
     Epoch[15] Iteration[40/1240], entropy: 0.8481, loss: 0.8481, lr: 3.94e-08
     Epoch[15] Iteration[50/1240], entropy: 0.7591, loss: 0.7591, lr: 4.06e-06
     Epoch[15] Iteration[60/1240], entropy: 0.7937, loss: 0.7937, lr: 9.38e-06
     Epoch[15] Iteration[70/1240], entropy: 0.7092, loss: 0.7092, lr: 8.64e-06
     Epoch[15] Iteration[80/1240], entropy: 0.8393, loss: 0.8393, lr: 2.87e-06
     Epoch[15] Iteration[90/1240], entropy: 0.6459, loss: 0.6459, lr: 3.94e-08
     Epoch[15] Iteration[100/1240], entropy: 0.8229, loss: 0.8229, lr: 4.06e-06
     Epoch[15] Iteration[110/1240], entropy: 0.8762, loss: 0.8762, lr: 9.38e-06
     Epoch[15] Iteration[120/1240], entropy: 0.7970, loss: 0.7970, lr: 8.64e-06
     Epoch[15] Iteration[130/1240], entropy: 1.0626, loss: 1.0626, lr: 2.87e-06
     Epoch[15] Iteration[140/1240], entropy: 1.1040, loss: 1.1040, lr: 3.94e-08
     Epoch[15] Iteration[150/1240], entropy: 0.7690, loss: 0.7690, lr: 4.06e-06
     Epoch[15] Iteration[160/1240], entropy: 0.8280, loss: 0.8280, lr: 9.38e-06
     Epoch[15] Iteration[170/1240], entropy: 0.8436, loss: 0.8436, lr: 8.64e-06
     Epoch[15] Iteration[180/1240], entropy: 0.7360, loss: 0.7360, lr: 2.87e-06
     Epoch[15] Iteration[190/1240], entropy: 0.8886, loss: 0.8886, lr: 3.94e-08
     Epoch[15] Iteration[200/1240], entropy: 0.6201, loss: 0.6201, lr: 4.06e-06
     Epoch[15] Iteration[210/1240], entropy: 0.8484, loss: 0.8484, lr: 9.38e-06
     Epoch[15] Iteration[220/1240], entropy: 0.7423, loss: 0.7423, lr: 8.64e-06
     Epoch[15] Iteration[230/1240], entropy: 0.6302, loss: 0.6302, lr: 2.87e-06
     Epoch[15] Iteration[240/1240], entropy: 0.5989, loss: 0.5989, lr: 3.94e-08
     Epoch[15] Iteration[250/1240], entropy: 0.7031, loss: 0.7031, lr: 4.06e-06
     Epoch[15] Iteration[260/1240], entropy: 0.8170, loss: 0.8170, lr: 9.38e-06
     Epoch[15] Iteration[270/1240], entropy: 0.6319, loss: 0.6319, lr: 8.64e-06
     Epoch[15] Iteration[280/1240], entropy: 0.7471, loss: 0.7471, lr: 2.87e-06
     Epoch[15] Iteration[290/1240], entropy: 0.8568, loss: 0.8568, lr: 3.94e-08
     Epoch[15] Iteration[300/1240], entropy: 0.7852, loss: 0.7852, lr: 4.06e-06
     Epoch[15] Iteration[310/1240], entropy: 0.7734, loss: 0.7734, lr: 9.38e-06
     Epoch[15] Iteration[320/1240], entropy: 0.9237, loss: 0.9237, lr: 8.64e-06
     Epoch[15] Iteration[330/1240], entropy: 0.7288, loss: 0.7288, lr: 2.87e-06
     Epoch[15] Iteration[340/1240], entropy: 0.5822, loss: 0.5822, lr: 3.94e-08
     Epoch[15] Iteration[350/1240], entropy: 0.8043, loss: 0.8043, lr: 4.06e-06
     Epoch[15] Iteration[360/1240], entropy: 0.9040, loss: 0.9040, lr: 9.38e-06
     Epoch[15] Iteration[370/1240], entropy: 0.7771, loss: 0.7771, lr: 8.64e-06
     Epoch[15] Iteration[380/1240], entropy: 0.6430, loss: 0.6430, lr: 2.87e-06
     Epoch[15] Iteration[390/1240], entropy: 0.7816, loss: 0.7816, lr: 3.94e-08
     Epoch[15] Iteration[400/1240], entropy: 1.0125, loss: 1.0125, lr: 4.06e-06
     Epoch[15] Iteration[410/1240], entropy: 0.7901, loss: 0.7901, lr: 9.38e-06
     Epoch[15] Iteration[420/1240], entropy: 0.6382, loss: 0.6382, lr: 8.64e-06
     Epoch[15] Iteration[430/1240], entropy: 0.7817, loss: 0.7817, lr: 2.87e-06
     Epoch[15] Iteration[440/1240], entropy: 0.7518, loss: 0.7518, lr: 3.94e-08
     Epoch[15] Iteration[450/1240], entropy: 0.6784, loss: 0.6784, lr: 4.06e-06
     Epoch[15] Iteration[460/1240], entropy: 0.6915, loss: 0.6915, lr: 9.38e-06
     Epoch[15] Iteration[470/1240], entropy: 0.6799, loss: 0.6799, lr: 8.64e-06
     Epoch[15] Iteration[480/1240], entropy: 0.5622, loss: 0.5622, lr: 2.87e-06
     Epoch[15] Iteration[490/1240], entropy: 0.6755, loss: 0.6755, lr: 3.94e-08
     Epoch[15] Iteration[500/1240], entropy: 1.0279, loss: 1.0279, lr: 4.06e-06
     Epoch[15] Iteration[510/1240], entropy: 0.4838, loss: 0.4838, lr: 9.38e-06
     Epoch[15] Iteration[520/1240], entropy: 0.6702, loss: 0.6702, lr: 8.64e-06
     Epoch[15] Iteration[530/1240], entropy: 0.7356, loss: 0.7356, lr: 2.87e-06
     Epoch[15] Iteration[540/1240], entropy: 0.7230, loss: 0.7230, lr: 3.94e-08
     Epoch[15] Iteration[550/1240], entropy: 0.7235, loss: 0.7235, lr: 4.06e-06
     Epoch[15] Iteration[560/1240], entropy: 0.6124, loss: 0.6124, lr: 9.38e-06
     Epoch[15] Iteration[570/1240], entropy: 0.8437, loss: 0.8437, lr: 8.64e-06
     Epoch[15] Iteration[580/1240], entropy: 1.0513, loss: 1.0513, lr: 2.87e-06
     Epoch[15] Iteration[590/1240], entropy: 0.6257, loss: 0.6257, lr: 3.94e-08
     Epoch[15] Iteration[600/1240], entropy: 0.8493, loss: 0.8493, lr: 4.06e-06
     Epoch[15] Iteration[610/1240], entropy: 0.7070, loss: 0.7070, lr: 9.38e-06
     Epoch[15] Iteration[620/1240], entropy: 0.5508, loss: 0.5508, lr: 8.64e-06
     Epoch[15] Iteration[630/1240], entropy: 0.8450, loss: 0.8450, lr: 2.87e-06
     Epoch[15] Iteration[640/1240], entropy: 0.5775, loss: 0.5775, lr: 3.94e-08
     Epoch[15] Iteration[650/1240], entropy: 0.8659, loss: 0.8659, lr: 4.06e-06
     Epoch[15] Iteration[660/1240], entropy: 0.8811, loss: 0.8811, lr: 9.38e-06
     Epoch[15] Iteration[670/1240], entropy: 0.5170, loss: 0.5170, lr: 8.64e-06
     Epoch[15] Iteration[680/1240], entropy: 0.7256, loss: 0.7256, lr: 2.87e-06
     Epoch[15] Iteration[690/1240], entropy: 0.7438, loss: 0.7438, lr: 3.94e-08
     Epoch[15] Iteration[700/1240], entropy: 0.8280, loss: 0.8280, lr: 4.06e-06
     Epoch[15] Iteration[710/1240], entropy: 0.8065, loss: 0.8065, lr: 9.38e-06
     Epoch[15] Iteration[720/1240], entropy: 0.7779, loss: 0.7779, lr: 8.64e-06
     Epoch[15] Iteration[730/1240], entropy: 0.4975, loss: 0.4975, lr: 2.87e-06
     Epoch[15] Iteration[740/1240], entropy: 0.9154, loss: 0.9154, lr: 3.94e-08
     Epoch[15] Iteration[750/1240], entropy: 0.7245, loss: 0.7245, lr: 4.06e-06
     Epoch[15] Iteration[760/1240], entropy: 0.9925, loss: 0.9925, lr: 9.38e-06
     Epoch[15] Iteration[770/1240], entropy: 0.7742, loss: 0.7742, lr: 8.64e-06
     Epoch[15] Iteration[780/1240], entropy: 0.6871, loss: 0.6871, lr: 2.87e-06
     Epoch[15] Iteration[790/1240], entropy: 0.7461, loss: 0.7461, lr: 3.94e-08
     Epoch[15] Iteration[800/1240], entropy: 0.9844, loss: 0.9844, lr: 4.06e-06
     Epoch[15] Iteration[810/1240], entropy: 0.7412, loss: 0.7412, lr: 9.38e-06
     Epoch[15] Iteration[820/1240], entropy: 0.8224, loss: 0.8224, lr: 8.64e-06
     Epoch[15] Iteration[830/1240], entropy: 0.7359, loss: 0.7359, lr: 2.87e-06
     Epoch[15] Iteration[840/1240], entropy: 0.6944, loss: 0.6944, lr: 3.94e-08
     Epoch[15] Iteration[850/1240], entropy: 0.7561, loss: 0.7561, lr: 4.06e-06
     Epoch[15] Iteration[860/1240], entropy: 0.7098, loss: 0.7098, lr: 9.38e-06
     Epoch[15] Iteration[870/1240], entropy: 0.7519, loss: 0.7519, lr: 8.64e-06
     Epoch[15] Iteration[880/1240], entropy: 0.7381, loss: 0.7381, lr: 2.87e-06
     Epoch[15] Iteration[890/1240], entropy: 0.7566, loss: 0.7566, lr: 3.94e-08
     Epoch[15] Iteration[900/1240], entropy: 0.8171, loss: 0.8171, lr: 4.06e-06
     Epoch[15] Iteration[910/1240], entropy: 0.6723, loss: 0.6723, lr: 9.38e-06
     Epoch[15] Iteration[920/1240], entropy: 0.6652, loss: 0.6652, lr: 8.64e-06
     Epoch[15] Iteration[930/1240], entropy: 0.7835, loss: 0.7835, lr: 2.87e-06
     Epoch[15] Iteration[940/1240], entropy: 0.6904, loss: 0.6904, lr: 3.94e-08
     Epoch[15] Iteration[950/1240], entropy: 0.6504, loss: 0.6504, lr: 4.06e-06
     Epoch[15] Iteration[960/1240], entropy: 0.7471, loss: 0.7471, lr: 9.38e-06
     Epoch[15] Iteration[970/1240], entropy: 0.7379, loss: 0.7379, lr: 8.64e-06
     Epoch[15] Iteration[980/1240], entropy: 0.7074, loss: 0.7074, lr: 2.87e-06
     Epoch[15] Iteration[990/1240], entropy: 0.6066, loss: 0.6066, lr: 3.94e-08
     Epoch[15] Iteration[1000/1240], entropy: 0.7979, loss: 0.7979, lr: 4.06e-06
     Epoch[15] Iteration[1010/1240], entropy: 0.8566, loss: 0.8566, lr: 9.38e-06
     Epoch[15] Iteration[1020/1240], entropy: 0.6804, loss: 0.6804, lr: 8.64e-06
     Epoch[15] Iteration[1030/1240], entropy: 0.8804, loss: 0.8804, lr: 2.87e-06
     Epoch[15] Iteration[1040/1240], entropy: 0.6348, loss: 0.6348, lr: 3.94e-08
     Epoch[15] Iteration[1050/1240], entropy: 0.8249, loss: 0.8249, lr: 4.06e-06
     Epoch[15] Iteration[1060/1240], entropy: 1.0690, loss: 1.0690, lr: 9.38e-06
     Epoch[15] Iteration[1070/1240], entropy: 0.6930, loss: 0.6930, lr: 8.64e-06
     Epoch[15] Iteration[1080/1240], entropy: 0.7908, loss: 0.7908, lr: 2.87e-06
     Epoch[15] Iteration[1090/1240], entropy: 0.6812, loss: 0.6812, lr: 3.94e-08
     Epoch[15] Iteration[1100/1240], entropy: 0.6227, loss: 0.6227, lr: 4.06e-06
     Epoch[15] Iteration[1110/1240], entropy: 0.8599, loss: 0.8599, lr: 9.38e-06
     Epoch[15] Iteration[1120/1240], entropy: 0.4543, loss: 0.4543, lr: 8.64e-06
     Epoch[15] Iteration[1130/1240], entropy: 0.7338, loss: 0.7338, lr: 2.87e-06
     Epoch[15] Iteration[1140/1240], entropy: 0.6688, loss: 0.6688, lr: 3.94e-08
     Epoch[15] Iteration[1150/1240], entropy: 0.7019, loss: 0.7019, lr: 4.06e-06
     Epoch[15] Iteration[1160/1240], entropy: 0.7050, loss: 0.7050, lr: 9.38e-06
     Epoch[15] Iteration[1170/1240], entropy: 0.9410, loss: 0.9410, lr: 8.64e-06
     Epoch[15] Iteration[1180/1240], entropy: 0.4250, loss: 0.4250, lr: 2.87e-06
     Epoch[15] Iteration[1190/1240], entropy: 0.7946, loss: 0.7946, lr: 3.94e-08
     Epoch[15] Iteration[1200/1240], entropy: 0.8225, loss: 0.8225, lr: 4.06e-06
     Epoch[15] Iteration[1210/1240], entropy: 0.7869, loss: 0.7869, lr: 9.38e-06
     Epoch[15] Iteration[1220/1240], entropy: 0.7280, loss: 0.7280, lr: 9.05e-06
     Epoch[15] Iteration[1230/1240], entropy: 0.7621, loss: 0.7621, lr: 3.45e-06
     Epoch[15] Iteration[1240/1240], entropy: 0.7169, loss: 0.7169, lr: 0.00e+00
     Averaged stats: entropy: 0.7169, loss: 0.7169, lr: 0.00e+00
     itm tta time 0:02:12
### TTA Eval Score: 
+-------+--------+--------+--------+--------+-------+
| epoch |   R1   |   R5   |  R10   |  mAP   |  mINP |
+-------+--------+--------+--------+--------+-------+
|  -999 | 60.268 | 76.708 | 82.633 | 35.227 | 5.902 |
|   0   | 59.432 | 76.401 | 82.532 | 35.124 | 6.055 |
|   1   | 57.673 | 75.378 | 81.802 | 34.367 | 6.101 |
|   2   | 54.328 | 73.181 | 79.993 | 32.625 | 5.887 |
|   3   | 49.678 | 69.891 | 77.237 | 30.134 | 5.454 |
|   4   | 45.052 | 65.830 | 73.962 | 27.396 | 4.933 |
|   5   | 40.709 | 61.971 | 70.304 | 24.676 | 4.390 |
|   6   | 36.512 | 57.860 | 66.667 | 22.151 | 3.882 |
|   7   | 33.086 | 54.136 | 63.336 | 19.944 | 3.433 |
|   8   | 30.094 | 50.741 | 59.895 | 17.985 | 3.049 |
|   9   | 27.539 | 47.607 | 56.918 | 16.312 | 2.726 |
|   10  | 25.156 | 44.841 | 53.930 | 14.826 | 2.441 |
|   11  | 22.970 | 42.246 | 51.285 | 13.559 | 2.206 |
|   12  | 21.136 | 39.883 | 48.841 | 12.443 | 1.999 |
|   13  | 19.584 | 37.833 | 46.534 | 11.451 | 1.821 |
|   14  | 18.198 | 35.716 | 44.448 | 10.582 | 1.670 |
|   15  | 17.065 | 33.817 | 42.427 | 9.813  | 1.541 |
+-------+--------+--------+--------+--------+-------+
     logs:  {'epo': 15, 'R1': 17.065, 'R5': 33.817, 'R10': 42.427, 'mAP': 9.813, 'mINP': 1.541, 'entropy': 0.7571303327718089, 'loss': 0.7571303327718089, 'lr': 5.01517365645358e-06}
     Epoch[16] Iteration[10/1240], entropy: 0.6434, loss: 0.6434, lr: 3.45e-06
     Epoch[16] Iteration[20/1240], entropy: 0.5739, loss: 0.5739, lr: 9.05e-06
     Epoch[16] Iteration[30/1240], entropy: 0.7064, loss: 0.7064, lr: 9.05e-06
     Epoch[16] Iteration[40/1240], entropy: 0.6596, loss: 0.6596, lr: 3.45e-06
     Epoch[16] Iteration[50/1240], entropy: 0.5184, loss: 0.5184, lr: 0.00e+00
     Epoch[16] Iteration[60/1240], entropy: 0.7483, loss: 0.7483, lr: 3.45e-06
     Epoch[16] Iteration[70/1240], entropy: 0.6689, loss: 0.6689, lr: 9.05e-06
     Epoch[16] Iteration[80/1240], entropy: 0.8543, loss: 0.8543, lr: 9.05e-06
     Epoch[16] Iteration[90/1240], entropy: 0.9473, loss: 0.9473, lr: 3.45e-06
     Epoch[16] Iteration[100/1240], entropy: 0.8102, loss: 0.8102, lr: 0.00e+00
     Epoch[16] Iteration[110/1240], entropy: 0.7762, loss: 0.7762, lr: 3.45e-06
     Epoch[16] Iteration[120/1240], entropy: 0.8924, loss: 0.8924, lr: 9.05e-06
     Epoch[16] Iteration[130/1240], entropy: 0.6745, loss: 0.6745, lr: 9.05e-06
     Epoch[16] Iteration[140/1240], entropy: 0.9500, loss: 0.9500, lr: 3.45e-06
     Epoch[16] Iteration[150/1240], entropy: 0.7749, loss: 0.7749, lr: 0.00e+00
     Epoch[16] Iteration[160/1240], entropy: 0.6696, loss: 0.6696, lr: 3.45e-06
     Epoch[16] Iteration[170/1240], entropy: 0.7298, loss: 0.7298, lr: 9.05e-06
     Epoch[16] Iteration[180/1240], entropy: 0.7586, loss: 0.7586, lr: 9.05e-06
     Epoch[16] Iteration[190/1240], entropy: 0.6625, loss: 0.6625, lr: 3.45e-06
     Epoch[16] Iteration[200/1240], entropy: 0.5537, loss: 0.5537, lr: 0.00e+00
     Epoch[16] Iteration[210/1240], entropy: 0.7114, loss: 0.7114, lr: 3.45e-06
     Epoch[16] Iteration[220/1240], entropy: 0.6863, loss: 0.6863, lr: 9.05e-06
     Epoch[16] Iteration[230/1240], entropy: 0.7152, loss: 0.7152, lr: 9.05e-06
     Epoch[16] Iteration[240/1240], entropy: 0.6879, loss: 0.6879, lr: 3.45e-06
     Epoch[16] Iteration[250/1240], entropy: 0.7301, loss: 0.7301, lr: 0.00e+00
     Epoch[16] Iteration[260/1240], entropy: 1.0596, loss: 1.0596, lr: 3.45e-06
     Epoch[16] Iteration[270/1240], entropy: 0.6850, loss: 0.6850, lr: 9.05e-06
     Epoch[16] Iteration[280/1240], entropy: 0.5954, loss: 0.5954, lr: 9.05e-06
     Epoch[16] Iteration[290/1240], entropy: 0.7766, loss: 0.7766, lr: 3.45e-06
     Epoch[16] Iteration[300/1240], entropy: 0.6031, loss: 0.6031, lr: 0.00e+00
     Epoch[16] Iteration[310/1240], entropy: 0.9918, loss: 0.9918, lr: 3.45e-06
     Epoch[16] Iteration[320/1240], entropy: 0.7514, loss: 0.7514, lr: 9.05e-06
     Epoch[16] Iteration[330/1240], entropy: 0.6154, loss: 0.6154, lr: 9.05e-06
     Epoch[16] Iteration[340/1240], entropy: 0.8411, loss: 0.8411, lr: 3.45e-06
     Epoch[16] Iteration[350/1240], entropy: 0.7750, loss: 0.7750, lr: 0.00e+00
     Epoch[16] Iteration[360/1240], entropy: 0.8367, loss: 0.8367, lr: 3.45e-06
     Epoch[16] Iteration[370/1240], entropy: 0.7123, loss: 0.7123, lr: 9.05e-06
     Epoch[16] Iteration[380/1240], entropy: 0.8408, loss: 0.8408, lr: 9.05e-06
     Epoch[16] Iteration[390/1240], entropy: 0.8175, loss: 0.8175, lr: 3.45e-06
     Epoch[16] Iteration[400/1240], entropy: 0.7813, loss: 0.7813, lr: 0.00e+00
     Epoch[16] Iteration[410/1240], entropy: 0.9095, loss: 0.9095, lr: 3.45e-06
     Epoch[16] Iteration[420/1240], entropy: 0.6483, loss: 0.6483, lr: 9.05e-06
     Epoch[16] Iteration[430/1240], entropy: 0.6676, loss: 0.6676, lr: 9.05e-06
     Epoch[16] Iteration[440/1240], entropy: 0.8582, loss: 0.8582, lr: 3.45e-06
     Epoch[16] Iteration[450/1240], entropy: 0.7395, loss: 0.7395, lr: 0.00e+00
     Epoch[16] Iteration[460/1240], entropy: 0.7949, loss: 0.7949, lr: 3.45e-06
     Epoch[16] Iteration[470/1240], entropy: 0.7948, loss: 0.7948, lr: 9.05e-06
     Epoch[16] Iteration[480/1240], entropy: 0.7803, loss: 0.7803, lr: 9.05e-06
     Epoch[16] Iteration[490/1240], entropy: 0.8060, loss: 0.8060, lr: 3.45e-06
     Epoch[16] Iteration[500/1240], entropy: 0.8584, loss: 0.8584, lr: 0.00e+00
     Epoch[16] Iteration[510/1240], entropy: 0.6659, loss: 0.6659, lr: 3.45e-06
     Epoch[16] Iteration[520/1240], entropy: 0.6747, loss: 0.6747, lr: 9.05e-06
     Epoch[16] Iteration[530/1240], entropy: 0.8051, loss: 0.8051, lr: 9.05e-06
     Epoch[16] Iteration[540/1240], entropy: 0.7760, loss: 0.7760, lr: 3.45e-06
     Epoch[16] Iteration[550/1240], entropy: 1.0192, loss: 1.0192, lr: 0.00e+00
     Epoch[16] Iteration[560/1240], entropy: 0.8129, loss: 0.8129, lr: 3.45e-06
     Epoch[16] Iteration[570/1240], entropy: 0.7199, loss: 0.7199, lr: 9.05e-06
     Epoch[16] Iteration[580/1240], entropy: 0.6181, loss: 0.6181, lr: 9.05e-06
     Epoch[16] Iteration[590/1240], entropy: 0.6217, loss: 0.6217, lr: 3.45e-06
     Epoch[16] Iteration[600/1240], entropy: 0.8792, loss: 0.8792, lr: 0.00e+00
     Epoch[16] Iteration[610/1240], entropy: 0.6298, loss: 0.6298, lr: 3.45e-06
     Epoch[16] Iteration[620/1240], entropy: 0.6653, loss: 0.6653, lr: 9.05e-06
     Epoch[16] Iteration[630/1240], entropy: 0.8053, loss: 0.8053, lr: 9.05e-06
     Epoch[16] Iteration[640/1240], entropy: 0.7385, loss: 0.7385, lr: 3.45e-06
     Epoch[16] Iteration[650/1240], entropy: 0.7377, loss: 0.7377, lr: 0.00e+00
     Epoch[16] Iteration[660/1240], entropy: 0.7716, loss: 0.7716, lr: 3.45e-06
     Epoch[16] Iteration[670/1240], entropy: 0.7633, loss: 0.7633, lr: 9.05e-06
     Epoch[16] Iteration[680/1240], entropy: 0.9007, loss: 0.9007, lr: 9.05e-06
     Epoch[16] Iteration[690/1240], entropy: 0.7966, loss: 0.7966, lr: 3.45e-06
     Epoch[16] Iteration[700/1240], entropy: 0.7293, loss: 0.7293, lr: 0.00e+00
     Epoch[16] Iteration[710/1240], entropy: 0.5765, loss: 0.5765, lr: 3.45e-06
     Epoch[16] Iteration[720/1240], entropy: 0.3689, loss: 0.3689, lr: 9.05e-06
     Epoch[16] Iteration[730/1240], entropy: 0.5791, loss: 0.5791, lr: 9.05e-06
     Epoch[16] Iteration[740/1240], entropy: 0.7624, loss: 0.7624, lr: 3.45e-06
     Epoch[16] Iteration[750/1240], entropy: 0.6211, loss: 0.6211, lr: 0.00e+00
     Epoch[16] Iteration[760/1240], entropy: 0.5907, loss: 0.5907, lr: 3.45e-06
     Epoch[16] Iteration[770/1240], entropy: 0.7702, loss: 0.7702, lr: 9.05e-06
     Epoch[16] Iteration[780/1240], entropy: 0.7621, loss: 0.7621, lr: 9.05e-06
     Epoch[16] Iteration[790/1240], entropy: 0.7704, loss: 0.7704, lr: 3.45e-06
     Epoch[16] Iteration[800/1240], entropy: 0.8786, loss: 0.8786, lr: 0.00e+00
     Epoch[16] Iteration[810/1240], entropy: 0.6946, loss: 0.6946, lr: 3.45e-06
     Epoch[16] Iteration[820/1240], entropy: 0.8312, loss: 0.8312, lr: 9.05e-06
     Epoch[16] Iteration[830/1240], entropy: 0.8604, loss: 0.8604, lr: 9.05e-06
     Epoch[16] Iteration[840/1240], entropy: 0.7700, loss: 0.7700, lr: 3.45e-06
     Epoch[16] Iteration[850/1240], entropy: 0.5352, loss: 0.5352, lr: 0.00e+00
     Epoch[16] Iteration[860/1240], entropy: 0.8431, loss: 0.8431, lr: 3.45e-06
     Epoch[16] Iteration[870/1240], entropy: 0.7693, loss: 0.7693, lr: 9.05e-06
     Epoch[16] Iteration[880/1240], entropy: 0.7669, loss: 0.7669, lr: 9.05e-06
     Epoch[16] Iteration[890/1240], entropy: 0.7512, loss: 0.7512, lr: 3.45e-06
     Epoch[16] Iteration[900/1240], entropy: 0.7960, loss: 0.7960, lr: 0.00e+00
     Epoch[16] Iteration[910/1240], entropy: 0.8969, loss: 0.8969, lr: 3.45e-06
     Epoch[16] Iteration[920/1240], entropy: 0.7599, loss: 0.7599, lr: 9.05e-06
     Epoch[16] Iteration[930/1240], entropy: 0.7967, loss: 0.7967, lr: 9.05e-06
     Epoch[16] Iteration[940/1240], entropy: 0.4533, loss: 0.4533, lr: 3.45e-06
     Epoch[16] Iteration[950/1240], entropy: 0.7778, loss: 0.7778, lr: 0.00e+00
     Epoch[16] Iteration[960/1240], entropy: 0.6379, loss: 0.6379, lr: 3.45e-06
     Epoch[16] Iteration[970/1240], entropy: 0.8586, loss: 0.8586, lr: 9.05e-06
     Epoch[16] Iteration[980/1240], entropy: 0.6155, loss: 0.6155, lr: 9.05e-06
     Epoch[16] Iteration[990/1240], entropy: 0.7482, loss: 0.7482, lr: 3.45e-06
     Epoch[16] Iteration[1000/1240], entropy: 1.0184, loss: 1.0184, lr: 0.00e+00
     Epoch[16] Iteration[1010/1240], entropy: 0.5780, loss: 0.5780, lr: 3.45e-06
     Epoch[16] Iteration[1020/1240], entropy: 0.7290, loss: 0.7290, lr: 9.05e-06
     Epoch[16] Iteration[1030/1240], entropy: 0.7850, loss: 0.7850, lr: 9.05e-06
     Epoch[16] Iteration[1040/1240], entropy: 0.6995, loss: 0.6995, lr: 3.45e-06
     Epoch[16] Iteration[1050/1240], entropy: 0.6688, loss: 0.6688, lr: 0.00e+00
     Epoch[16] Iteration[1060/1240], entropy: 0.9924, loss: 0.9924, lr: 3.45e-06
     Epoch[16] Iteration[1070/1240], entropy: 0.7806, loss: 0.7806, lr: 9.05e-06
     Epoch[16] Iteration[1080/1240], entropy: 0.8448, loss: 0.8448, lr: 9.05e-06
     Epoch[16] Iteration[1090/1240], entropy: 0.8006, loss: 0.8006, lr: 3.45e-06
     Epoch[16] Iteration[1100/1240], entropy: 0.8018, loss: 0.8018, lr: 0.00e+00
     Epoch[16] Iteration[1110/1240], entropy: 0.8787, loss: 0.8787, lr: 3.45e-06
     Epoch[16] Iteration[1120/1240], entropy: 0.7447, loss: 0.7447, lr: 9.05e-06
     Epoch[16] Iteration[1130/1240], entropy: 0.7651, loss: 0.7651, lr: 9.05e-06
     Epoch[16] Iteration[1140/1240], entropy: 0.7407, loss: 0.7407, lr: 3.45e-06
     Epoch[16] Iteration[1150/1240], entropy: 0.7184, loss: 0.7184, lr: 0.00e+00
     Epoch[16] Iteration[1160/1240], entropy: 0.6424, loss: 0.6424, lr: 3.45e-06
     Epoch[16] Iteration[1170/1240], entropy: 0.8106, loss: 0.8106, lr: 9.05e-06
     Epoch[16] Iteration[1180/1240], entropy: 0.6654, loss: 0.6654, lr: 9.05e-06
     Epoch[16] Iteration[1190/1240], entropy: 0.6325, loss: 0.6325, lr: 3.45e-06
     Epoch[16] Iteration[1200/1240], entropy: 0.7380, loss: 0.7380, lr: 0.00e+00
     Epoch[16] Iteration[1210/1240], entropy: 0.8964, loss: 0.8964, lr: 3.45e-06
     Epoch[16] Iteration[1220/1240], entropy: 0.8761, loss: 0.8761, lr: 9.05e-06
     Epoch[16] Iteration[1230/1240], entropy: 0.9427, loss: 0.9427, lr: 9.05e-06
     Epoch[16] Iteration[1240/1240], entropy: 0.6554, loss: 0.6554, lr: 3.45e-06
     Averaged stats: entropy: 0.6554, loss: 0.6554, lr: 3.45e-06
     itm tta time 0:02:06
### TTA Eval Score: 
+-------+--------+--------+--------+--------+-------+
| epoch |   R1   |   R5   |  R10   |  mAP   |  mINP |
+-------+--------+--------+--------+--------+-------+
|  -999 | 60.268 | 76.708 | 82.633 | 35.227 | 5.902 |
|   0   | 59.432 | 76.401 | 82.532 | 35.124 | 6.055 |
|   1   | 57.673 | 75.378 | 81.802 | 34.367 | 6.101 |
|   2   | 54.328 | 73.181 | 79.993 | 32.625 | 5.887 |
|   3   | 49.678 | 69.891 | 77.237 | 30.134 | 5.454 |
|   4   | 45.052 | 65.830 | 73.962 | 27.396 | 4.933 |
|   5   | 40.709 | 61.971 | 70.304 | 24.676 | 4.390 |
|   6   | 36.512 | 57.860 | 66.667 | 22.151 | 3.882 |
|   7   | 33.086 | 54.136 | 63.336 | 19.944 | 3.433 |
|   8   | 30.094 | 50.741 | 59.895 | 17.985 | 3.049 |
|   9   | 27.539 | 47.607 | 56.918 | 16.312 | 2.726 |
|   10  | 25.156 | 44.841 | 53.930 | 14.826 | 2.441 |
|   11  | 22.970 | 42.246 | 51.285 | 13.559 | 2.206 |
|   12  | 21.136 | 39.883 | 48.841 | 12.443 | 1.999 |
|   13  | 19.584 | 37.833 | 46.534 | 11.451 | 1.821 |
|   14  | 18.198 | 35.716 | 44.448 | 10.582 | 1.670 |
|   15  | 17.065 | 33.817 | 42.427 | 9.813  | 1.541 |
|   16  | 15.825 | 31.988 | 40.644 | 9.134  | 1.430 |
+-------+--------+--------+--------+--------+-------+
     logs:  {'epo': 16, 'R1': 15.825, 'R5': 31.988, 'R10': 40.644, 'mAP': 9.134, 'mINP': 1.43, 'entropy': 0.7501893565058708, 'loss': 0.7501893565058708, 'lr': 5.0403225806448504e-06}
     Epoch[17] Iteration[10/1240], entropy: 0.7769, loss: 0.7769, lr: 0.00e+00
     Epoch[17] Iteration[20/1240], entropy: 0.6112, loss: 0.6112, lr: 3.45e-06
     Epoch[17] Iteration[30/1240], entropy: 0.8316, loss: 0.8316, lr: 9.05e-06
     Epoch[17] Iteration[40/1240], entropy: 0.8795, loss: 0.8795, lr: 9.05e-06
     Epoch[17] Iteration[50/1240], entropy: 0.8365, loss: 0.8365, lr: 3.45e-06
     Epoch[17] Iteration[60/1240], entropy: 0.6170, loss: 0.6170, lr: 0.00e+00
     Epoch[17] Iteration[70/1240], entropy: 0.7666, loss: 0.7666, lr: 3.45e-06
     Epoch[17] Iteration[80/1240], entropy: 0.6642, loss: 0.6642, lr: 9.05e-06
     Epoch[17] Iteration[90/1240], entropy: 0.6275, loss: 0.6275, lr: 9.05e-06
     Epoch[17] Iteration[100/1240], entropy: 0.7224, loss: 0.7224, lr: 3.45e-06
     Epoch[17] Iteration[110/1240], entropy: 0.8740, loss: 0.8740, lr: 0.00e+00
     Epoch[17] Iteration[120/1240], entropy: 0.7189, loss: 0.7189, lr: 3.45e-06
     Epoch[17] Iteration[130/1240], entropy: 0.6191, loss: 0.6191, lr: 9.05e-06
     Epoch[17] Iteration[140/1240], entropy: 0.7256, loss: 0.7256, lr: 9.05e-06
     Epoch[17] Iteration[150/1240], entropy: 0.6279, loss: 0.6279, lr: 3.45e-06
     Epoch[17] Iteration[160/1240], entropy: 0.5020, loss: 0.5020, lr: 0.00e+00
     Epoch[17] Iteration[170/1240], entropy: 0.6985, loss: 0.6985, lr: 3.45e-06
     Epoch[17] Iteration[180/1240], entropy: 0.7963, loss: 0.7963, lr: 9.05e-06
     Epoch[17] Iteration[190/1240], entropy: 0.8813, loss: 0.8813, lr: 9.05e-06
     Epoch[17] Iteration[200/1240], entropy: 0.6228, loss: 0.6228, lr: 3.45e-06
     Epoch[17] Iteration[210/1240], entropy: 0.6424, loss: 0.6424, lr: 0.00e+00
     Epoch[17] Iteration[220/1240], entropy: 0.8949, loss: 0.8949, lr: 3.45e-06
     Epoch[17] Iteration[230/1240], entropy: 0.7397, loss: 0.7397, lr: 9.05e-06
     Epoch[17] Iteration[240/1240], entropy: 0.6948, loss: 0.6948, lr: 9.05e-06
     Epoch[17] Iteration[250/1240], entropy: 0.5722, loss: 0.5722, lr: 3.45e-06
     Epoch[17] Iteration[260/1240], entropy: 0.7247, loss: 0.7247, lr: 0.00e+00
     Epoch[17] Iteration[270/1240], entropy: 0.7544, loss: 0.7544, lr: 3.45e-06
     Epoch[17] Iteration[280/1240], entropy: 0.7103, loss: 0.7103, lr: 9.05e-06
     Epoch[17] Iteration[290/1240], entropy: 0.7431, loss: 0.7431, lr: 9.05e-06
     Epoch[17] Iteration[300/1240], entropy: 0.6659, loss: 0.6659, lr: 3.45e-06
     Epoch[17] Iteration[310/1240], entropy: 0.7715, loss: 0.7715, lr: 0.00e+00
     Epoch[17] Iteration[320/1240], entropy: 0.6289, loss: 0.6289, lr: 3.45e-06
     Epoch[17] Iteration[330/1240], entropy: 0.7227, loss: 0.7227, lr: 9.05e-06
     Epoch[17] Iteration[340/1240], entropy: 0.8470, loss: 0.8470, lr: 9.05e-06
     Epoch[17] Iteration[350/1240], entropy: 0.6347, loss: 0.6347, lr: 3.45e-06
     Epoch[17] Iteration[360/1240], entropy: 0.4764, loss: 0.4764, lr: 0.00e+00
     Epoch[17] Iteration[370/1240], entropy: 0.7446, loss: 0.7446, lr: 3.45e-06
     Epoch[17] Iteration[380/1240], entropy: 0.7657, loss: 0.7657, lr: 9.05e-06
     Epoch[17] Iteration[390/1240], entropy: 0.5039, loss: 0.5039, lr: 9.05e-06
     Epoch[17] Iteration[400/1240], entropy: 0.6574, loss: 0.6574, lr: 3.45e-06
     Epoch[17] Iteration[410/1240], entropy: 0.8056, loss: 0.8056, lr: 0.00e+00
     Epoch[17] Iteration[420/1240], entropy: 0.8940, loss: 0.8940, lr: 3.45e-06
     Epoch[17] Iteration[430/1240], entropy: 0.9525, loss: 0.9525, lr: 9.05e-06
     Epoch[17] Iteration[440/1240], entropy: 0.8089, loss: 0.8089, lr: 9.05e-06
     Epoch[17] Iteration[450/1240], entropy: 0.7815, loss: 0.7815, lr: 3.45e-06
     Epoch[17] Iteration[460/1240], entropy: 1.0139, loss: 1.0139, lr: 0.00e+00
     Epoch[17] Iteration[470/1240], entropy: 0.6202, loss: 0.6202, lr: 3.45e-06
     Epoch[17] Iteration[480/1240], entropy: 0.8543, loss: 0.8543, lr: 9.05e-06
     Epoch[17] Iteration[490/1240], entropy: 0.6418, loss: 0.6418, lr: 9.05e-06
     Epoch[17] Iteration[500/1240], entropy: 0.7446, loss: 0.7446, lr: 3.45e-06
     Epoch[17] Iteration[510/1240], entropy: 0.6932, loss: 0.6932, lr: 0.00e+00
     Epoch[17] Iteration[520/1240], entropy: 0.7521, loss: 0.7521, lr: 3.45e-06
     Epoch[17] Iteration[530/1240], entropy: 0.6161, loss: 0.6161, lr: 9.05e-06
     Epoch[17] Iteration[540/1240], entropy: 0.6973, loss: 0.6973, lr: 9.05e-06
     Epoch[17] Iteration[550/1240], entropy: 0.8267, loss: 0.8267, lr: 3.45e-06
     Epoch[17] Iteration[560/1240], entropy: 0.7334, loss: 0.7334, lr: 0.00e+00
     Epoch[17] Iteration[570/1240], entropy: 0.8445, loss: 0.8445, lr: 3.45e-06
     Epoch[17] Iteration[580/1240], entropy: 0.7235, loss: 0.7235, lr: 9.05e-06
     Epoch[17] Iteration[590/1240], entropy: 0.9852, loss: 0.9852, lr: 9.05e-06
     Epoch[17] Iteration[600/1240], entropy: 1.0215, loss: 1.0215, lr: 3.45e-06
     Epoch[17] Iteration[610/1240], entropy: 0.6514, loss: 0.6514, lr: 0.00e+00
     Epoch[17] Iteration[620/1240], entropy: 0.7424, loss: 0.7424, lr: 3.45e-06
     Epoch[17] Iteration[630/1240], entropy: 0.5944, loss: 0.5944, lr: 9.05e-06
     Epoch[17] Iteration[640/1240], entropy: 0.6846, loss: 0.6846, lr: 9.05e-06
     Epoch[17] Iteration[650/1240], entropy: 0.8184, loss: 0.8184, lr: 3.45e-06
     Epoch[17] Iteration[660/1240], entropy: 0.8379, loss: 0.8379, lr: 0.00e+00
     Epoch[17] Iteration[670/1240], entropy: 0.8455, loss: 0.8455, lr: 3.45e-06
     Epoch[17] Iteration[680/1240], entropy: 0.8337, loss: 0.8337, lr: 9.05e-06
     Epoch[17] Iteration[690/1240], entropy: 0.7456, loss: 0.7456, lr: 9.05e-06
     Epoch[17] Iteration[700/1240], entropy: 0.7080, loss: 0.7080, lr: 3.45e-06
     Epoch[17] Iteration[710/1240], entropy: 0.7912, loss: 0.7912, lr: 0.00e+00
     Epoch[17] Iteration[720/1240], entropy: 0.7757, loss: 0.7757, lr: 3.45e-06
     Epoch[17] Iteration[730/1240], entropy: 0.7424, loss: 0.7424, lr: 9.05e-06
     Epoch[17] Iteration[740/1240], entropy: 0.8710, loss: 0.8710, lr: 9.38e-06
     Epoch[17] Iteration[750/1240], entropy: 0.7399, loss: 0.7399, lr: 4.06e-06
     Epoch[17] Iteration[760/1240], entropy: 0.7025, loss: 0.7025, lr: 3.94e-08
     Epoch[17] Iteration[770/1240], entropy: 0.6308, loss: 0.6308, lr: 2.87e-06
     Epoch[17] Iteration[780/1240], entropy: 0.8462, loss: 0.8462, lr: 8.64e-06
     Epoch[17] Iteration[790/1240], entropy: 0.8475, loss: 0.8475, lr: 9.38e-06
     Epoch[17] Iteration[800/1240], entropy: 0.8207, loss: 0.8207, lr: 4.06e-06
     Epoch[17] Iteration[810/1240], entropy: 0.7442, loss: 0.7442, lr: 3.94e-08
     Epoch[17] Iteration[820/1240], entropy: 0.6643, loss: 0.6643, lr: 2.87e-06
     Epoch[17] Iteration[830/1240], entropy: 0.7392, loss: 0.7392, lr: 8.64e-06
     Epoch[17] Iteration[840/1240], entropy: 0.7684, loss: 0.7684, lr: 9.38e-06
     Epoch[17] Iteration[850/1240], entropy: 0.4963, loss: 0.4963, lr: 4.06e-06
     Epoch[17] Iteration[860/1240], entropy: 0.6717, loss: 0.6717, lr: 3.94e-08
     Epoch[17] Iteration[870/1240], entropy: 0.5232, loss: 0.5232, lr: 2.87e-06
     Epoch[17] Iteration[880/1240], entropy: 0.7602, loss: 0.7602, lr: 8.64e-06
     Epoch[17] Iteration[890/1240], entropy: 0.8317, loss: 0.8317, lr: 9.38e-06
     Epoch[17] Iteration[900/1240], entropy: 0.6309, loss: 0.6309, lr: 4.06e-06
     Epoch[17] Iteration[910/1240], entropy: 0.8950, loss: 0.8950, lr: 3.94e-08
     Epoch[17] Iteration[920/1240], entropy: 0.7589, loss: 0.7589, lr: 2.87e-06
     Epoch[17] Iteration[930/1240], entropy: 0.4485, loss: 0.4485, lr: 8.64e-06
     Epoch[17] Iteration[940/1240], entropy: 0.5673, loss: 0.5673, lr: 9.38e-06
     Epoch[17] Iteration[950/1240], entropy: 0.7013, loss: 0.7013, lr: 4.06e-06
     Epoch[17] Iteration[960/1240], entropy: 0.6351, loss: 0.6351, lr: 3.94e-08
     Epoch[17] Iteration[970/1240], entropy: 0.6539, loss: 0.6539, lr: 2.87e-06
     Epoch[17] Iteration[980/1240], entropy: 0.6541, loss: 0.6541, lr: 8.64e-06
     Epoch[17] Iteration[990/1240], entropy: 0.7498, loss: 0.7498, lr: 9.38e-06
     Epoch[17] Iteration[1000/1240], entropy: 0.7051, loss: 0.7051, lr: 4.06e-06
     Epoch[17] Iteration[1010/1240], entropy: 0.4398, loss: 0.4398, lr: 3.94e-08
     Epoch[17] Iteration[1020/1240], entropy: 0.7099, loss: 0.7099, lr: 2.87e-06
     Epoch[17] Iteration[1030/1240], entropy: 0.8242, loss: 0.8242, lr: 8.64e-06
     Epoch[17] Iteration[1040/1240], entropy: 0.7380, loss: 0.7380, lr: 9.38e-06
     Epoch[17] Iteration[1050/1240], entropy: 0.5564, loss: 0.5564, lr: 4.06e-06
     Epoch[17] Iteration[1060/1240], entropy: 0.6318, loss: 0.6318, lr: 3.94e-08
     Epoch[17] Iteration[1070/1240], entropy: 0.8000, loss: 0.8000, lr: 2.87e-06
     Epoch[17] Iteration[1080/1240], entropy: 0.7508, loss: 0.7508, lr: 8.64e-06
     Epoch[17] Iteration[1090/1240], entropy: 0.8059, loss: 0.8059, lr: 9.38e-06
     Epoch[17] Iteration[1100/1240], entropy: 0.7024, loss: 0.7024, lr: 4.06e-06
     Epoch[17] Iteration[1110/1240], entropy: 0.8049, loss: 0.8049, lr: 3.94e-08
     Epoch[17] Iteration[1120/1240], entropy: 0.6850, loss: 0.6850, lr: 2.87e-06
     Epoch[17] Iteration[1130/1240], entropy: 0.6759, loss: 0.6759, lr: 8.64e-06
     Epoch[17] Iteration[1140/1240], entropy: 0.8627, loss: 0.8627, lr: 9.38e-06
     Epoch[17] Iteration[1150/1240], entropy: 0.7949, loss: 0.7949, lr: 4.06e-06
     Epoch[17] Iteration[1160/1240], entropy: 0.8396, loss: 0.8396, lr: 3.94e-08
     Epoch[17] Iteration[1170/1240], entropy: 0.8384, loss: 0.8384, lr: 2.87e-06
     Epoch[17] Iteration[1180/1240], entropy: 0.5666, loss: 0.5666, lr: 8.64e-06
     Epoch[17] Iteration[1190/1240], entropy: 0.7583, loss: 0.7583, lr: 9.38e-06
     Epoch[17] Iteration[1200/1240], entropy: 0.7644, loss: 0.7644, lr: 4.06e-06
     Epoch[17] Iteration[1210/1240], entropy: 0.6117, loss: 0.6117, lr: 3.94e-08
     Epoch[17] Iteration[1220/1240], entropy: 0.7377, loss: 0.7377, lr: 2.87e-06
     Epoch[17] Iteration[1230/1240], entropy: 0.6759, loss: 0.6759, lr: 8.64e-06
     Epoch[17] Iteration[1240/1240], entropy: 0.8217, loss: 0.8217, lr: 9.38e-06
     Averaged stats: entropy: 0.8217, loss: 0.8217, lr: 9.38e-06
     itm tta time 0:02:07
### TTA Eval Score: 
+-------+--------+--------+--------+--------+-------+
| epoch |   R1   |   R5   |  R10   |  mAP   |  mINP |
+-------+--------+--------+--------+--------+-------+
|  -999 | 60.268 | 76.708 | 82.633 | 35.227 | 5.902 |
|   0   | 59.432 | 76.401 | 82.532 | 35.124 | 6.055 |
|   1   | 57.673 | 75.378 | 81.802 | 34.367 | 6.101 |
|   2   | 54.328 | 73.181 | 79.993 | 32.625 | 5.887 |
|   3   | 49.678 | 69.891 | 77.237 | 30.134 | 5.454 |
|   4   | 45.052 | 65.830 | 73.962 | 27.396 | 4.933 |
|   5   | 40.709 | 61.971 | 70.304 | 24.676 | 4.390 |
|   6   | 36.512 | 57.860 | 66.667 | 22.151 | 3.882 |
|   7   | 33.086 | 54.136 | 63.336 | 19.944 | 3.433 |
|   8   | 30.094 | 50.741 | 59.895 | 17.985 | 3.049 |
|   9   | 27.539 | 47.607 | 56.918 | 16.312 | 2.726 |
|   10  | 25.156 | 44.841 | 53.930 | 14.826 | 2.441 |
|   11  | 22.970 | 42.246 | 51.285 | 13.559 | 2.206 |
|   12  | 21.136 | 39.883 | 48.841 | 12.443 | 1.999 |
|   13  | 19.584 | 37.833 | 46.534 | 11.451 | 1.821 |
|   14  | 18.198 | 35.716 | 44.448 | 10.582 | 1.670 |
|   15  | 17.065 | 33.817 | 42.427 | 9.813  | 1.541 |
|   16  | 15.825 | 31.988 | 40.644 | 9.134  | 1.430 |
|   17  | 14.853 | 30.325 | 39.032 | 8.537  | 1.334 |
+-------+--------+--------+--------+--------+-------+
     logs:  {'epo': 17, 'R1': 14.853, 'R5': 30.325, 'R10': 39.032, 'mAP': 8.537, 'mINP': 1.334, 'entropy': 0.7300932097338861, 'loss': 0.7300932097338861, 'lr': 5.015173656453278e-06}
     Epoch[18] Iteration[10/1240], entropy: 0.4544, loss: 0.4544, lr: 4.06e-06
     Epoch[18] Iteration[20/1240], entropy: 0.7217, loss: 0.7217, lr: 3.94e-08
     Epoch[18] Iteration[30/1240], entropy: 0.8108, loss: 0.8108, lr: 2.87e-06
     Epoch[18] Iteration[40/1240], entropy: 0.6903, loss: 0.6903, lr: 8.64e-06
     Epoch[18] Iteration[50/1240], entropy: 0.8724, loss: 0.8724, lr: 9.38e-06
     Epoch[18] Iteration[60/1240], entropy: 0.7587, loss: 0.7587, lr: 4.06e-06
     Epoch[18] Iteration[70/1240], entropy: 0.9313, loss: 0.9313, lr: 3.94e-08
     Epoch[18] Iteration[80/1240], entropy: 0.8089, loss: 0.8089, lr: 2.87e-06
     Epoch[18] Iteration[90/1240], entropy: 0.7517, loss: 0.7517, lr: 8.64e-06
     Epoch[18] Iteration[100/1240], entropy: 0.7522, loss: 0.7522, lr: 9.38e-06
     Epoch[18] Iteration[110/1240], entropy: 0.9374, loss: 0.9374, lr: 4.06e-06
     Epoch[18] Iteration[120/1240], entropy: 0.6775, loss: 0.6775, lr: 3.94e-08
     Epoch[18] Iteration[130/1240], entropy: 0.7274, loss: 0.7274, lr: 2.87e-06
     Epoch[18] Iteration[140/1240], entropy: 0.7378, loss: 0.7378, lr: 8.64e-06
     Epoch[18] Iteration[150/1240], entropy: 0.5899, loss: 0.5899, lr: 9.38e-06
     Epoch[18] Iteration[160/1240], entropy: 0.6618, loss: 0.6618, lr: 4.06e-06
     Epoch[18] Iteration[170/1240], entropy: 0.5490, loss: 0.5490, lr: 3.94e-08
     Epoch[18] Iteration[180/1240], entropy: 0.8794, loss: 0.8794, lr: 2.87e-06
     Epoch[18] Iteration[190/1240], entropy: 0.8206, loss: 0.8206, lr: 8.64e-06
     Epoch[18] Iteration[200/1240], entropy: 0.6759, loss: 0.6759, lr: 9.38e-06
     Epoch[18] Iteration[210/1240], entropy: 0.5028, loss: 0.5028, lr: 4.06e-06
     Epoch[18] Iteration[220/1240], entropy: 0.8788, loss: 0.8788, lr: 3.94e-08
     Epoch[18] Iteration[230/1240], entropy: 0.5394, loss: 0.5394, lr: 2.87e-06
     Epoch[18] Iteration[240/1240], entropy: 0.7654, loss: 0.7654, lr: 8.64e-06
     Epoch[18] Iteration[250/1240], entropy: 0.4618, loss: 0.4618, lr: 9.38e-06
     Epoch[18] Iteration[260/1240], entropy: 0.6143, loss: 0.6143, lr: 4.06e-06
     Epoch[18] Iteration[270/1240], entropy: 0.7963, loss: 0.7963, lr: 3.94e-08
     Epoch[18] Iteration[280/1240], entropy: 0.5936, loss: 0.5936, lr: 2.87e-06
     Epoch[18] Iteration[290/1240], entropy: 0.8182, loss: 0.8182, lr: 8.64e-06
     Epoch[18] Iteration[300/1240], entropy: 0.8166, loss: 0.8166, lr: 9.38e-06
     Epoch[18] Iteration[310/1240], entropy: 0.6810, loss: 0.6810, lr: 4.06e-06
     Epoch[18] Iteration[320/1240], entropy: 0.6473, loss: 0.6473, lr: 3.94e-08
     Epoch[18] Iteration[330/1240], entropy: 0.6467, loss: 0.6467, lr: 2.87e-06
     Epoch[18] Iteration[340/1240], entropy: 0.6846, loss: 0.6846, lr: 8.64e-06
     Epoch[18] Iteration[350/1240], entropy: 0.6420, loss: 0.6420, lr: 9.38e-06
     Epoch[18] Iteration[360/1240], entropy: 0.6114, loss: 0.6114, lr: 4.06e-06
     Epoch[18] Iteration[370/1240], entropy: 0.6065, loss: 0.6065, lr: 3.94e-08
     Epoch[18] Iteration[380/1240], entropy: 0.8016, loss: 0.8016, lr: 2.87e-06
     Epoch[18] Iteration[390/1240], entropy: 0.7709, loss: 0.7709, lr: 8.64e-06
     Epoch[18] Iteration[400/1240], entropy: 0.8318, loss: 0.8318, lr: 9.38e-06
     Epoch[18] Iteration[410/1240], entropy: 0.6068, loss: 0.6068, lr: 4.06e-06
     Epoch[18] Iteration[420/1240], entropy: 0.6668, loss: 0.6668, lr: 3.94e-08
     Epoch[18] Iteration[430/1240], entropy: 0.7206, loss: 0.7206, lr: 2.87e-06
     Epoch[18] Iteration[440/1240], entropy: 0.8698, loss: 0.8698, lr: 8.64e-06
     Epoch[18] Iteration[450/1240], entropy: 0.6799, loss: 0.6799, lr: 9.38e-06
     Epoch[18] Iteration[460/1240], entropy: 0.7304, loss: 0.7304, lr: 4.06e-06
     Epoch[18] Iteration[470/1240], entropy: 0.9067, loss: 0.9067, lr: 3.94e-08
     Epoch[18] Iteration[480/1240], entropy: 0.6879, loss: 0.6879, lr: 2.87e-06
     Epoch[18] Iteration[490/1240], entropy: 0.6544, loss: 0.6544, lr: 8.64e-06
     Epoch[18] Iteration[500/1240], entropy: 0.6252, loss: 0.6252, lr: 9.38e-06
     Epoch[18] Iteration[510/1240], entropy: 0.5774, loss: 0.5774, lr: 4.06e-06
     Epoch[18] Iteration[520/1240], entropy: 0.8604, loss: 0.8604, lr: 3.94e-08
     Epoch[18] Iteration[530/1240], entropy: 0.9917, loss: 0.9917, lr: 2.87e-06
     Epoch[18] Iteration[540/1240], entropy: 0.7169, loss: 0.7169, lr: 8.64e-06
     Epoch[18] Iteration[550/1240], entropy: 0.7275, loss: 0.7275, lr: 9.38e-06
     Epoch[18] Iteration[560/1240], entropy: 0.7873, loss: 0.7873, lr: 4.06e-06
     Epoch[18] Iteration[570/1240], entropy: 0.5995, loss: 0.5995, lr: 3.94e-08
     Epoch[18] Iteration[580/1240], entropy: 0.6923, loss: 0.6923, lr: 2.87e-06
     Epoch[18] Iteration[590/1240], entropy: 0.8066, loss: 0.8066, lr: 8.64e-06
     Epoch[18] Iteration[600/1240], entropy: 0.6050, loss: 0.6050, lr: 9.38e-06
     Epoch[18] Iteration[610/1240], entropy: 0.7615, loss: 0.7615, lr: 4.06e-06
     Epoch[18] Iteration[620/1240], entropy: 0.7951, loss: 0.7951, lr: 3.94e-08
     Epoch[18] Iteration[630/1240], entropy: 0.8374, loss: 0.8374, lr: 2.87e-06
     Epoch[18] Iteration[640/1240], entropy: 0.7385, loss: 0.7385, lr: 8.64e-06
     Epoch[18] Iteration[650/1240], entropy: 0.8686, loss: 0.8686, lr: 9.38e-06
     Epoch[18] Iteration[660/1240], entropy: 0.7691, loss: 0.7691, lr: 4.06e-06
     Epoch[18] Iteration[670/1240], entropy: 0.8503, loss: 0.8503, lr: 3.94e-08
     Epoch[18] Iteration[680/1240], entropy: 0.6456, loss: 0.6456, lr: 2.87e-06
     Epoch[18] Iteration[690/1240], entropy: 0.7500, loss: 0.7500, lr: 8.64e-06
     Epoch[18] Iteration[700/1240], entropy: 0.8528, loss: 0.8528, lr: 9.38e-06
     Epoch[18] Iteration[710/1240], entropy: 0.8699, loss: 0.8699, lr: 4.06e-06
     Epoch[18] Iteration[720/1240], entropy: 0.7436, loss: 0.7436, lr: 3.94e-08
     Epoch[18] Iteration[730/1240], entropy: 0.8735, loss: 0.8735, lr: 2.87e-06
     Epoch[18] Iteration[740/1240], entropy: 0.7946, loss: 0.7946, lr: 8.64e-06
     Epoch[18] Iteration[750/1240], entropy: 0.6538, loss: 0.6538, lr: 9.38e-06
     Epoch[18] Iteration[760/1240], entropy: 0.8180, loss: 0.8180, lr: 4.06e-06
     Epoch[18] Iteration[770/1240], entropy: 0.7708, loss: 0.7708, lr: 3.94e-08
     Epoch[18] Iteration[780/1240], entropy: 0.7184, loss: 0.7184, lr: 2.87e-06
     Epoch[18] Iteration[790/1240], entropy: 0.8845, loss: 0.8845, lr: 8.64e-06
     Epoch[18] Iteration[800/1240], entropy: 0.5930, loss: 0.5930, lr: 9.38e-06
     Epoch[18] Iteration[810/1240], entropy: 0.5918, loss: 0.5918, lr: 4.06e-06
     Epoch[18] Iteration[820/1240], entropy: 0.8328, loss: 0.8328, lr: 3.94e-08
     Epoch[18] Iteration[830/1240], entropy: 0.6010, loss: 0.6010, lr: 2.87e-06
     Epoch[18] Iteration[840/1240], entropy: 0.8358, loss: 0.8358, lr: 8.64e-06
     Epoch[18] Iteration[850/1240], entropy: 0.7168, loss: 0.7168, lr: 9.38e-06
     Epoch[18] Iteration[860/1240], entropy: 0.6479, loss: 0.6479, lr: 4.06e-06
     Epoch[18] Iteration[870/1240], entropy: 0.8670, loss: 0.8670, lr: 3.94e-08
     Epoch[18] Iteration[880/1240], entropy: 0.7545, loss: 0.7545, lr: 2.87e-06
     Epoch[18] Iteration[890/1240], entropy: 0.7346, loss: 0.7346, lr: 8.64e-06
     Epoch[18] Iteration[900/1240], entropy: 0.6057, loss: 0.6057, lr: 9.38e-06
     Epoch[18] Iteration[910/1240], entropy: 0.9315, loss: 0.9315, lr: 4.06e-06
     Epoch[18] Iteration[920/1240], entropy: 0.8323, loss: 0.8323, lr: 3.94e-08
     Epoch[18] Iteration[930/1240], entropy: 0.9407, loss: 0.9407, lr: 2.87e-06
     Epoch[18] Iteration[940/1240], entropy: 0.4944, loss: 0.4944, lr: 8.64e-06
     Epoch[18] Iteration[950/1240], entropy: 0.5974, loss: 0.5974, lr: 9.38e-06
     Epoch[18] Iteration[960/1240], entropy: 0.5679, loss: 0.5679, lr: 4.06e-06
     Epoch[18] Iteration[970/1240], entropy: 0.8005, loss: 0.8005, lr: 3.94e-08
     Epoch[18] Iteration[980/1240], entropy: 0.6709, loss: 0.6709, lr: 2.87e-06
     Epoch[18] Iteration[990/1240], entropy: 0.4720, loss: 0.4720, lr: 8.64e-06
     Epoch[18] Iteration[1000/1240], entropy: 0.7013, loss: 0.7013, lr: 9.38e-06
     Epoch[18] Iteration[1010/1240], entropy: 0.8278, loss: 0.8278, lr: 4.06e-06
     Epoch[18] Iteration[1020/1240], entropy: 0.5610, loss: 0.5610, lr: 3.94e-08
     Epoch[18] Iteration[1030/1240], entropy: 0.8236, loss: 0.8236, lr: 2.87e-06
     Epoch[18] Iteration[1040/1240], entropy: 0.6230, loss: 0.6230, lr: 8.64e-06
     Epoch[18] Iteration[1050/1240], entropy: 0.6737, loss: 0.6737, lr: 9.38e-06
     Epoch[18] Iteration[1060/1240], entropy: 0.7376, loss: 0.7376, lr: 4.06e-06
     Epoch[18] Iteration[1070/1240], entropy: 0.7099, loss: 0.7099, lr: 3.94e-08
     Epoch[18] Iteration[1080/1240], entropy: 0.5731, loss: 0.5731, lr: 2.87e-06
     Epoch[18] Iteration[1090/1240], entropy: 0.6024, loss: 0.6024, lr: 8.64e-06
     Epoch[18] Iteration[1100/1240], entropy: 0.7015, loss: 0.7015, lr: 9.38e-06
     Epoch[18] Iteration[1110/1240], entropy: 0.7487, loss: 0.7487, lr: 4.06e-06
     Epoch[18] Iteration[1120/1240], entropy: 0.6919, loss: 0.6919, lr: 3.94e-08
     Epoch[18] Iteration[1130/1240], entropy: 0.8929, loss: 0.8929, lr: 2.87e-06
     Epoch[18] Iteration[1140/1240], entropy: 0.6707, loss: 0.6707, lr: 8.64e-06
     Epoch[18] Iteration[1150/1240], entropy: 0.6068, loss: 0.6068, lr: 9.38e-06
     Epoch[18] Iteration[1160/1240], entropy: 0.7632, loss: 0.7632, lr: 4.06e-06
     Epoch[18] Iteration[1170/1240], entropy: 0.7735, loss: 0.7735, lr: 3.94e-08
     Epoch[18] Iteration[1180/1240], entropy: 0.8546, loss: 0.8546, lr: 2.87e-06
     Epoch[18] Iteration[1190/1240], entropy: 0.6179, loss: 0.6179, lr: 8.64e-06
     Epoch[18] Iteration[1200/1240], entropy: 0.5452, loss: 0.5452, lr: 9.38e-06
     Epoch[18] Iteration[1210/1240], entropy: 0.6780, loss: 0.6780, lr: 4.06e-06
     Epoch[18] Iteration[1220/1240], entropy: 0.6050, loss: 0.6050, lr: 3.94e-08
     Epoch[18] Iteration[1230/1240], entropy: 0.8371, loss: 0.8371, lr: 2.87e-06
     Epoch[18] Iteration[1240/1240], entropy: 0.7327, loss: 0.7327, lr: 8.64e-06
     Averaged stats: entropy: 0.7327, loss: 0.7327, lr: 8.64e-06
     itm tta time 0:02:08
### TTA Eval Score: 
+-------+--------+--------+--------+--------+-------+
| epoch |   R1   |   R5   |  R10   |  mAP   |  mINP |
+-------+--------+--------+--------+--------+-------+
|  -999 | 60.268 | 76.708 | 82.633 | 35.227 | 5.902 |
|   0   | 59.432 | 76.401 | 82.532 | 35.124 | 6.055 |
|   1   | 57.673 | 75.378 | 81.802 | 34.367 | 6.101 |
|   2   | 54.328 | 73.181 | 79.993 | 32.625 | 5.887 |
|   3   | 49.678 | 69.891 | 77.237 | 30.134 | 5.454 |
|   4   | 45.052 | 65.830 | 73.962 | 27.396 | 4.933 |
|   5   | 40.709 | 61.971 | 70.304 | 24.676 | 4.390 |
|   6   | 36.512 | 57.860 | 66.667 | 22.151 | 3.882 |
|   7   | 33.086 | 54.136 | 63.336 | 19.944 | 3.433 |
|   8   | 30.094 | 50.741 | 59.895 | 17.985 | 3.049 |
|   9   | 27.539 | 47.607 | 56.918 | 16.312 | 2.726 |
|   10  | 25.156 | 44.841 | 53.930 | 14.826 | 2.441 |
|   11  | 22.970 | 42.246 | 51.285 | 13.559 | 2.206 |
|   12  | 21.136 | 39.883 | 48.841 | 12.443 | 1.999 |
|   13  | 19.584 | 37.833 | 46.534 | 11.451 | 1.821 |
|   14  | 18.198 | 35.716 | 44.448 | 10.582 | 1.670 |
|   15  | 17.065 | 33.817 | 42.427 | 9.813  | 1.541 |
|   16  | 15.825 | 31.988 | 40.644 | 9.134  | 1.430 |
|   17  | 14.853 | 30.325 | 39.032 | 8.537  | 1.334 |
|   18  | 14.006 | 28.940 | 37.429 | 8.013  | 1.252 |
+-------+--------+--------+--------+--------+-------+
     logs:  {'epo': 18, 'R1': 14.006, 'R5': 28.94, 'R10': 37.429, 'mAP': 8.013, 'mINP': 1.252, 'entropy': 0.7231562416399678, 'loss': 0.7231562416399678, 'lr': 4.9646650532242616e-06}
     Epoch[19] Iteration[10/1240], entropy: 0.7977, loss: 0.7977, lr: 9.38e-06
     Epoch[19] Iteration[20/1240], entropy: 0.5461, loss: 0.5461, lr: 4.06e-06
     Epoch[19] Iteration[30/1240], entropy: 0.9593, loss: 0.9593, lr: 3.94e-08
     Epoch[19] Iteration[40/1240], entropy: 0.9647, loss: 0.9647, lr: 2.87e-06
     Epoch[19] Iteration[50/1240], entropy: 0.5162, loss: 0.5162, lr: 8.64e-06
     Epoch[19] Iteration[60/1240], entropy: 0.7267, loss: 0.7267, lr: 9.38e-06
     Epoch[19] Iteration[70/1240], entropy: 0.6881, loss: 0.6881, lr: 4.06e-06
     Epoch[19] Iteration[80/1240], entropy: 0.9736, loss: 0.9736, lr: 3.94e-08
     Epoch[19] Iteration[90/1240], entropy: 0.5797, loss: 0.5797, lr: 2.87e-06
     Epoch[19] Iteration[100/1240], entropy: 0.6666, loss: 0.6666, lr: 8.64e-06
     Epoch[19] Iteration[110/1240], entropy: 0.6419, loss: 0.6419, lr: 9.38e-06
     Epoch[19] Iteration[120/1240], entropy: 0.8692, loss: 0.8692, lr: 4.06e-06
     Epoch[19] Iteration[130/1240], entropy: 0.6693, loss: 0.6693, lr: 3.94e-08
     Epoch[19] Iteration[140/1240], entropy: 0.7055, loss: 0.7055, lr: 2.87e-06
     Epoch[19] Iteration[150/1240], entropy: 0.6677, loss: 0.6677, lr: 8.64e-06
     Epoch[19] Iteration[160/1240], entropy: 0.6854, loss: 0.6854, lr: 9.38e-06
     Epoch[19] Iteration[170/1240], entropy: 0.7975, loss: 0.7975, lr: 4.06e-06
     Epoch[19] Iteration[180/1240], entropy: 0.7989, loss: 0.7989, lr: 3.94e-08
     Epoch[19] Iteration[190/1240], entropy: 0.7190, loss: 0.7190, lr: 2.87e-06
     Epoch[19] Iteration[200/1240], entropy: 0.7730, loss: 0.7730, lr: 8.64e-06
     Epoch[19] Iteration[210/1240], entropy: 0.7943, loss: 0.7943, lr: 9.38e-06
     Epoch[19] Iteration[220/1240], entropy: 0.7137, loss: 0.7137, lr: 4.06e-06
     Epoch[19] Iteration[230/1240], entropy: 0.8095, loss: 0.8095, lr: 3.94e-08
     Epoch[19] Iteration[240/1240], entropy: 0.6309, loss: 0.6309, lr: 2.87e-06
     Epoch[19] Iteration[250/1240], entropy: 0.7440, loss: 0.7440, lr: 8.64e-06
     Epoch[19] Iteration[260/1240], entropy: 0.8174, loss: 0.8174, lr: 9.65e-06
     Epoch[19] Iteration[270/1240], entropy: 0.8492, loss: 0.8492, lr: 4.69e-06
     Epoch[19] Iteration[280/1240], entropy: 0.5698, loss: 0.5698, lr: 1.57e-07
     Epoch[19] Iteration[290/1240], entropy: 0.5519, loss: 0.5519, lr: 2.32e-06
     Epoch[19] Iteration[300/1240], entropy: 0.8643, loss: 0.8643, lr: 8.19e-06
     Epoch[19] Iteration[310/1240], entropy: 0.6703, loss: 0.6703, lr: 9.65e-06
     Epoch[19] Iteration[320/1240], entropy: 0.6572, loss: 0.6572, lr: 4.69e-06
     Epoch[19] Iteration[330/1240], entropy: 0.6995, loss: 0.6995, lr: 1.57e-07
     Epoch[19] Iteration[340/1240], entropy: 0.6310, loss: 0.6310, lr: 2.32e-06
     Epoch[19] Iteration[350/1240], entropy: 0.7305, loss: 0.7305, lr: 8.19e-06
     Epoch[19] Iteration[360/1240], entropy: 0.7055, loss: 0.7055, lr: 9.65e-06
     Epoch[19] Iteration[370/1240], entropy: 0.7404, loss: 0.7404, lr: 4.69e-06
     Epoch[19] Iteration[380/1240], entropy: 0.9204, loss: 0.9204, lr: 1.57e-07
     Epoch[19] Iteration[390/1240], entropy: 0.8207, loss: 0.8207, lr: 2.32e-06
     Epoch[19] Iteration[400/1240], entropy: 0.7502, loss: 0.7502, lr: 8.19e-06
     Epoch[19] Iteration[410/1240], entropy: 0.6172, loss: 0.6172, lr: 9.65e-06
     Epoch[19] Iteration[420/1240], entropy: 0.5619, loss: 0.5619, lr: 4.69e-06
     Epoch[19] Iteration[430/1240], entropy: 0.7534, loss: 0.7534, lr: 1.57e-07
     Epoch[19] Iteration[440/1240], entropy: 0.5657, loss: 0.5657, lr: 2.32e-06
     Epoch[19] Iteration[450/1240], entropy: 0.8941, loss: 0.8941, lr: 8.19e-06
     Epoch[19] Iteration[460/1240], entropy: 0.7004, loss: 0.7004, lr: 9.65e-06
     Epoch[19] Iteration[470/1240], entropy: 0.7691, loss: 0.7691, lr: 4.69e-06
     Epoch[19] Iteration[480/1240], entropy: 0.3893, loss: 0.3893, lr: 1.57e-07
     Epoch[19] Iteration[490/1240], entropy: 0.8206, loss: 0.8206, lr: 2.32e-06
     Epoch[19] Iteration[500/1240], entropy: 0.6787, loss: 0.6787, lr: 8.19e-06
     Epoch[19] Iteration[510/1240], entropy: 0.7120, loss: 0.7120, lr: 9.65e-06
     Epoch[19] Iteration[520/1240], entropy: 0.9256, loss: 0.9256, lr: 4.69e-06
     Epoch[19] Iteration[530/1240], entropy: 0.8022, loss: 0.8022, lr: 1.57e-07
     Epoch[19] Iteration[540/1240], entropy: 0.7163, loss: 0.7163, lr: 2.32e-06
     Epoch[19] Iteration[550/1240], entropy: 0.7001, loss: 0.7001, lr: 8.19e-06
     Epoch[19] Iteration[560/1240], entropy: 0.7660, loss: 0.7660, lr: 9.65e-06
     Epoch[19] Iteration[570/1240], entropy: 0.7799, loss: 0.7799, lr: 4.69e-06
     Epoch[19] Iteration[580/1240], entropy: 0.8688, loss: 0.8688, lr: 1.57e-07
     Epoch[19] Iteration[590/1240], entropy: 0.5298, loss: 0.5298, lr: 2.32e-06
     Epoch[19] Iteration[600/1240], entropy: 0.8666, loss: 0.8666, lr: 8.19e-06
     Epoch[19] Iteration[610/1240], entropy: 0.8137, loss: 0.8137, lr: 9.65e-06
     Epoch[19] Iteration[620/1240], entropy: 0.5760, loss: 0.5760, lr: 4.69e-06
     Epoch[19] Iteration[630/1240], entropy: 0.8370, loss: 0.8370, lr: 1.57e-07
     Epoch[19] Iteration[640/1240], entropy: 0.7494, loss: 0.7494, lr: 2.32e-06
     Epoch[19] Iteration[650/1240], entropy: 0.5833, loss: 0.5833, lr: 8.19e-06
     Epoch[19] Iteration[660/1240], entropy: 0.7970, loss: 0.7970, lr: 9.65e-06
     Epoch[19] Iteration[670/1240], entropy: 0.7255, loss: 0.7255, lr: 4.69e-06
     Epoch[19] Iteration[680/1240], entropy: 0.5897, loss: 0.5897, lr: 1.57e-07
     Epoch[19] Iteration[690/1240], entropy: 0.7299, loss: 0.7299, lr: 2.32e-06
     Epoch[19] Iteration[700/1240], entropy: 0.7600, loss: 0.7600, lr: 8.19e-06
     Epoch[19] Iteration[710/1240], entropy: 0.7321, loss: 0.7321, lr: 9.65e-06
     Epoch[19] Iteration[720/1240], entropy: 0.6876, loss: 0.6876, lr: 4.69e-06
     Epoch[19] Iteration[730/1240], entropy: 0.7151, loss: 0.7151, lr: 1.57e-07
     Epoch[19] Iteration[740/1240], entropy: 0.7644, loss: 0.7644, lr: 2.32e-06
     Epoch[19] Iteration[750/1240], entropy: 0.6848, loss: 0.6848, lr: 8.19e-06
     Epoch[19] Iteration[760/1240], entropy: 0.3227, loss: 0.3227, lr: 9.65e-06
     Epoch[19] Iteration[770/1240], entropy: 0.7412, loss: 0.7412, lr: 4.69e-06
     Epoch[19] Iteration[780/1240], entropy: 0.7934, loss: 0.7934, lr: 1.57e-07
     Epoch[19] Iteration[790/1240], entropy: 0.7168, loss: 0.7168, lr: 2.32e-06
     Epoch[19] Iteration[800/1240], entropy: 0.8946, loss: 0.8946, lr: 8.19e-06
     Epoch[19] Iteration[810/1240], entropy: 0.7431, loss: 0.7431, lr: 9.65e-06
     Epoch[19] Iteration[820/1240], entropy: 0.8297, loss: 0.8297, lr: 4.69e-06
     Epoch[19] Iteration[830/1240], entropy: 0.6111, loss: 0.6111, lr: 1.57e-07
     Epoch[19] Iteration[840/1240], entropy: 0.5538, loss: 0.5538, lr: 2.32e-06
     Epoch[19] Iteration[850/1240], entropy: 0.7314, loss: 0.7314, lr: 8.19e-06
     Epoch[19] Iteration[860/1240], entropy: 0.6029, loss: 0.6029, lr: 9.65e-06
     Epoch[19] Iteration[870/1240], entropy: 0.6165, loss: 0.6165, lr: 4.69e-06
     Epoch[19] Iteration[880/1240], entropy: 0.6793, loss: 0.6793, lr: 1.57e-07
     Epoch[19] Iteration[890/1240], entropy: 0.6832, loss: 0.6832, lr: 2.32e-06
     Epoch[19] Iteration[900/1240], entropy: 0.7406, loss: 0.7406, lr: 8.19e-06
     Epoch[19] Iteration[910/1240], entropy: 0.8207, loss: 0.8207, lr: 9.65e-06
     Epoch[19] Iteration[920/1240], entropy: 0.8013, loss: 0.8013, lr: 4.69e-06
     Epoch[19] Iteration[930/1240], entropy: 0.6046, loss: 0.6046, lr: 1.57e-07
     Epoch[19] Iteration[940/1240], entropy: 0.7175, loss: 0.7175, lr: 2.32e-06
     Epoch[19] Iteration[950/1240], entropy: 0.6654, loss: 0.6654, lr: 8.19e-06
     Epoch[19] Iteration[960/1240], entropy: 0.6342, loss: 0.6342, lr: 9.65e-06
     Epoch[19] Iteration[970/1240], entropy: 0.6282, loss: 0.6282, lr: 4.69e-06
     Epoch[19] Iteration[980/1240], entropy: 0.6688, loss: 0.6688, lr: 1.57e-07
     Epoch[19] Iteration[990/1240], entropy: 0.7027, loss: 0.7027, lr: 2.32e-06
     Epoch[19] Iteration[1000/1240], entropy: 0.7257, loss: 0.7257, lr: 8.19e-06
     Epoch[19] Iteration[1010/1240], entropy: 0.6749, loss: 0.6749, lr: 9.65e-06
     Epoch[19] Iteration[1020/1240], entropy: 0.6752, loss: 0.6752, lr: 4.69e-06
     Epoch[19] Iteration[1030/1240], entropy: 0.6589, loss: 0.6589, lr: 1.57e-07
     Epoch[19] Iteration[1040/1240], entropy: 0.9646, loss: 0.9646, lr: 2.32e-06
     Epoch[19] Iteration[1050/1240], entropy: 0.5877, loss: 0.5877, lr: 8.19e-06
     Epoch[19] Iteration[1060/1240], entropy: 0.5302, loss: 0.5302, lr: 9.65e-06
     Epoch[19] Iteration[1070/1240], entropy: 0.6695, loss: 0.6695, lr: 4.69e-06
     Epoch[19] Iteration[1080/1240], entropy: 0.7836, loss: 0.7836, lr: 1.57e-07
     Epoch[19] Iteration[1090/1240], entropy: 0.7626, loss: 0.7626, lr: 2.32e-06
     Epoch[19] Iteration[1100/1240], entropy: 0.4309, loss: 0.4309, lr: 8.19e-06
     Epoch[19] Iteration[1110/1240], entropy: 0.8181, loss: 0.8181, lr: 9.65e-06
     Epoch[19] Iteration[1120/1240], entropy: 0.5682, loss: 0.5682, lr: 4.69e-06
     Epoch[19] Iteration[1130/1240], entropy: 0.6395, loss: 0.6395, lr: 1.57e-07
     Epoch[19] Iteration[1140/1240], entropy: 0.5206, loss: 0.5206, lr: 2.32e-06
     Epoch[19] Iteration[1150/1240], entropy: 0.6851, loss: 0.6851, lr: 8.19e-06
     Epoch[19] Iteration[1160/1240], entropy: 0.6344, loss: 0.6344, lr: 9.65e-06
     Epoch[19] Iteration[1170/1240], entropy: 0.6532, loss: 0.6532, lr: 4.69e-06
     Epoch[19] Iteration[1180/1240], entropy: 0.6431, loss: 0.6431, lr: 1.57e-07
     Epoch[19] Iteration[1190/1240], entropy: 0.6161, loss: 0.6161, lr: 2.32e-06
     Epoch[19] Iteration[1200/1240], entropy: 0.7195, loss: 0.7195, lr: 8.19e-06
     Epoch[19] Iteration[1210/1240], entropy: 0.8407, loss: 0.8407, lr: 9.65e-06
     Epoch[19] Iteration[1220/1240], entropy: 0.7250, loss: 0.7250, lr: 4.69e-06
     Epoch[19] Iteration[1230/1240], entropy: 0.6393, loss: 0.6393, lr: 1.57e-07
     Epoch[19] Iteration[1240/1240], entropy: 0.7799, loss: 0.7799, lr: 2.32e-06
     Averaged stats: entropy: 0.7799, loss: 0.7799, lr: 2.32e-06
     itm tta time 0:02:06
### TTA Eval Score: 
+-------+--------+--------+--------+--------+-------+
| epoch |   R1   |   R5   |  R10   |  mAP   |  mINP |
+-------+--------+--------+--------+--------+-------+
|  -999 | 60.268 | 76.708 | 82.633 | 35.227 | 5.902 |
|   0   | 59.432 | 76.401 | 82.532 | 35.124 | 6.055 |
|   1   | 57.673 | 75.378 | 81.802 | 34.367 | 6.101 |
|   2   | 54.328 | 73.181 | 79.993 | 32.625 | 5.887 |
|   3   | 49.678 | 69.891 | 77.237 | 30.134 | 5.454 |
|   4   | 45.052 | 65.830 | 73.962 | 27.396 | 4.933 |
|   5   | 40.709 | 61.971 | 70.304 | 24.676 | 4.390 |
|   6   | 36.512 | 57.860 | 66.667 | 22.151 | 3.882 |
|   7   | 33.086 | 54.136 | 63.336 | 19.944 | 3.433 |
|   8   | 30.094 | 50.741 | 59.895 | 17.985 | 3.049 |
|   9   | 27.539 | 47.607 | 56.918 | 16.312 | 2.726 |
|   10  | 25.156 | 44.841 | 53.930 | 14.826 | 2.441 |
|   11  | 22.970 | 42.246 | 51.285 | 13.559 | 2.206 |
|   12  | 21.136 | 39.883 | 48.841 | 12.443 | 1.999 |
|   13  | 19.584 | 37.833 | 46.534 | 11.451 | 1.821 |
|   14  | 18.198 | 35.716 | 44.448 | 10.582 | 1.670 |
|   15  | 17.065 | 33.817 | 42.427 | 9.813  | 1.541 |
|   16  | 15.825 | 31.988 | 40.644 | 9.134  | 1.430 |
|   17  | 14.853 | 30.325 | 39.032 | 8.537  | 1.334 |
|   18  | 14.006 | 28.940 | 37.429 | 8.013  | 1.252 |
|   19  | 13.301 | 27.640 | 35.742 | 7.513  | 1.176 |
+-------+--------+--------+--------+--------+-------+
     logs:  {'epo': 19, 'R1': 13.301, 'R5': 27.64, 'R10': 35.742, 'mAP': 7.513, 'mINP': 1.176, 'entropy': 0.7099173833285609, 'loss': 0.7099173833285609, 'lr': 4.974297419768483e-06}
     Epoch[20] Iteration[10/1240], entropy: 0.7403, loss: 0.7403, lr: 8.19e-06
     Epoch[20] Iteration[20/1240], entropy: 0.7463, loss: 0.7463, lr: 9.65e-06
     Epoch[20] Iteration[30/1240], entropy: 0.5944, loss: 0.5944, lr: 4.69e-06
     Epoch[20] Iteration[40/1240], entropy: 0.3994, loss: 0.3994, lr: 1.57e-07
     Epoch[20] Iteration[50/1240], entropy: 0.6577, loss: 0.6577, lr: 2.32e-06
     Epoch[20] Iteration[60/1240], entropy: 0.7804, loss: 0.7804, lr: 8.19e-06
     Epoch[20] Iteration[70/1240], entropy: 0.7196, loss: 0.7196, lr: 9.65e-06
     Epoch[20] Iteration[80/1240], entropy: 0.7379, loss: 0.7379, lr: 4.69e-06
     Epoch[20] Iteration[90/1240], entropy: 0.4917, loss: 0.4917, lr: 1.57e-07
     Epoch[20] Iteration[100/1240], entropy: 0.9442, loss: 0.9442, lr: 2.32e-06
     Epoch[20] Iteration[110/1240], entropy: 0.7016, loss: 0.7016, lr: 8.19e-06
     Epoch[20] Iteration[120/1240], entropy: 0.6561, loss: 0.6561, lr: 9.65e-06
     Epoch[20] Iteration[130/1240], entropy: 0.5910, loss: 0.5910, lr: 4.69e-06
     Epoch[20] Iteration[140/1240], entropy: 0.9595, loss: 0.9595, lr: 1.57e-07
     Epoch[20] Iteration[150/1240], entropy: 0.9329, loss: 0.9329, lr: 2.32e-06
     Epoch[20] Iteration[160/1240], entropy: 0.6942, loss: 0.6942, lr: 8.19e-06
     Epoch[20] Iteration[170/1240], entropy: 0.7489, loss: 0.7489, lr: 9.65e-06
     Epoch[20] Iteration[180/1240], entropy: 0.6479, loss: 0.6479, lr: 4.69e-06
     Epoch[20] Iteration[190/1240], entropy: 0.6003, loss: 0.6003, lr: 1.57e-07
     Epoch[20] Iteration[200/1240], entropy: 0.6681, loss: 0.6681, lr: 2.32e-06
     Epoch[20] Iteration[210/1240], entropy: 0.8188, loss: 0.8188, lr: 8.19e-06
     Epoch[20] Iteration[220/1240], entropy: 0.9059, loss: 0.9059, lr: 9.65e-06
     Epoch[20] Iteration[230/1240], entropy: 0.6492, loss: 0.6492, lr: 4.69e-06
     Epoch[20] Iteration[240/1240], entropy: 0.5876, loss: 0.5876, lr: 1.57e-07
     Epoch[20] Iteration[250/1240], entropy: 0.6811, loss: 0.6811, lr: 2.32e-06
     Epoch[20] Iteration[260/1240], entropy: 0.8504, loss: 0.8504, lr: 8.19e-06
     Epoch[20] Iteration[270/1240], entropy: 0.7974, loss: 0.7974, lr: 9.65e-06
     Epoch[20] Iteration[280/1240], entropy: 0.7243, loss: 0.7243, lr: 4.69e-06
     Epoch[20] Iteration[290/1240], entropy: 0.6192, loss: 0.6192, lr: 1.57e-07
     Epoch[20] Iteration[300/1240], entropy: 0.5885, loss: 0.5885, lr: 2.32e-06
     Epoch[20] Iteration[310/1240], entropy: 0.7957, loss: 0.7957, lr: 8.19e-06
     Epoch[20] Iteration[320/1240], entropy: 0.7571, loss: 0.7571, lr: 9.65e-06
     Epoch[20] Iteration[330/1240], entropy: 0.5321, loss: 0.5321, lr: 4.69e-06
     Epoch[20] Iteration[340/1240], entropy: 0.6730, loss: 0.6730, lr: 1.57e-07
     Epoch[20] Iteration[350/1240], entropy: 0.5205, loss: 0.5205, lr: 2.32e-06
     Epoch[20] Iteration[360/1240], entropy: 0.7996, loss: 0.7996, lr: 8.19e-06
     Epoch[20] Iteration[370/1240], entropy: 0.7018, loss: 0.7018, lr: 9.65e-06
     Epoch[20] Iteration[380/1240], entropy: 0.6210, loss: 0.6210, lr: 4.69e-06
     Epoch[20] Iteration[390/1240], entropy: 0.7021, loss: 0.7021, lr: 1.57e-07
     Epoch[20] Iteration[400/1240], entropy: 0.6483, loss: 0.6483, lr: 2.32e-06
     Epoch[20] Iteration[410/1240], entropy: 0.7122, loss: 0.7122, lr: 8.19e-06
     Epoch[20] Iteration[420/1240], entropy: 0.7143, loss: 0.7143, lr: 9.65e-06
     Epoch[20] Iteration[430/1240], entropy: 0.8435, loss: 0.8435, lr: 4.69e-06
     Epoch[20] Iteration[440/1240], entropy: 0.7723, loss: 0.7723, lr: 1.57e-07
     Epoch[20] Iteration[450/1240], entropy: 0.7424, loss: 0.7424, lr: 2.32e-06
     Epoch[20] Iteration[460/1240], entropy: 0.6764, loss: 0.6764, lr: 8.19e-06
     Epoch[20] Iteration[470/1240], entropy: 0.6843, loss: 0.6843, lr: 9.65e-06
     Epoch[20] Iteration[480/1240], entropy: 0.5151, loss: 0.5151, lr: 4.69e-06
     Epoch[20] Iteration[490/1240], entropy: 0.7685, loss: 0.7685, lr: 1.57e-07
     Epoch[20] Iteration[500/1240], entropy: 0.8470, loss: 0.8470, lr: 2.32e-06
     Epoch[20] Iteration[510/1240], entropy: 0.7623, loss: 0.7623, lr: 8.19e-06
     Epoch[20] Iteration[520/1240], entropy: 0.5874, loss: 0.5874, lr: 9.65e-06
     Epoch[20] Iteration[530/1240], entropy: 0.5459, loss: 0.5459, lr: 4.69e-06
     Epoch[20] Iteration[540/1240], entropy: 0.7314, loss: 0.7314, lr: 1.57e-07
     Epoch[20] Iteration[550/1240], entropy: 0.6898, loss: 0.6898, lr: 2.32e-06
     Epoch[20] Iteration[560/1240], entropy: 0.6748, loss: 0.6748, lr: 8.19e-06
     Epoch[20] Iteration[570/1240], entropy: 0.8948, loss: 0.8948, lr: 9.65e-06
     Epoch[20] Iteration[580/1240], entropy: 0.6883, loss: 0.6883, lr: 4.69e-06
     Epoch[20] Iteration[590/1240], entropy: 0.8678, loss: 0.8678, lr: 1.57e-07
     Epoch[20] Iteration[600/1240], entropy: 1.0162, loss: 1.0162, lr: 2.32e-06
     Epoch[20] Iteration[610/1240], entropy: 0.7760, loss: 0.7760, lr: 8.19e-06
     Epoch[20] Iteration[620/1240], entropy: 0.6561, loss: 0.6561, lr: 9.65e-06
     Epoch[20] Iteration[630/1240], entropy: 0.6387, loss: 0.6387, lr: 4.69e-06
     Epoch[20] Iteration[640/1240], entropy: 0.6693, loss: 0.6693, lr: 1.57e-07
     Epoch[20] Iteration[650/1240], entropy: 0.8753, loss: 0.8753, lr: 2.32e-06
     Epoch[20] Iteration[660/1240], entropy: 0.7788, loss: 0.7788, lr: 8.19e-06
     Epoch[20] Iteration[670/1240], entropy: 0.9215, loss: 0.9215, lr: 9.65e-06
     Epoch[20] Iteration[680/1240], entropy: 0.5583, loss: 0.5583, lr: 4.69e-06
     Epoch[20] Iteration[690/1240], entropy: 0.7618, loss: 0.7618, lr: 1.57e-07
     Epoch[20] Iteration[700/1240], entropy: 0.7528, loss: 0.7528, lr: 2.32e-06
     Epoch[20] Iteration[710/1240], entropy: 0.6625, loss: 0.6625, lr: 8.19e-06
     Epoch[20] Iteration[720/1240], entropy: 1.0686, loss: 1.0686, lr: 9.65e-06
     Epoch[20] Iteration[730/1240], entropy: 0.6090, loss: 0.6090, lr: 4.69e-06
     Epoch[20] Iteration[740/1240], entropy: 0.4370, loss: 0.4370, lr: 1.57e-07
     Epoch[20] Iteration[750/1240], entropy: 0.7339, loss: 0.7339, lr: 2.32e-06
     Epoch[20] Iteration[760/1240], entropy: 0.6322, loss: 0.6322, lr: 8.19e-06
     Epoch[20] Iteration[770/1240], entropy: 0.8083, loss: 0.8083, lr: 9.65e-06
     Epoch[20] Iteration[780/1240], entropy: 0.5181, loss: 0.5181, lr: 4.69e-06
     Epoch[20] Iteration[790/1240], entropy: 0.5387, loss: 0.5387, lr: 1.57e-07
     Epoch[20] Iteration[800/1240], entropy: 0.8482, loss: 0.8482, lr: 2.32e-06
     Epoch[20] Iteration[810/1240], entropy: 0.8023, loss: 0.8023, lr: 8.19e-06
     Epoch[20] Iteration[820/1240], entropy: 0.6354, loss: 0.6354, lr: 9.65e-06
     Epoch[20] Iteration[830/1240], entropy: 0.6960, loss: 0.6960, lr: 4.69e-06
     Epoch[20] Iteration[840/1240], entropy: 1.0028, loss: 1.0028, lr: 1.57e-07
     Epoch[20] Iteration[850/1240], entropy: 0.6822, loss: 0.6822, lr: 2.32e-06
     Epoch[20] Iteration[860/1240], entropy: 0.7797, loss: 0.7797, lr: 8.19e-06
     Epoch[20] Iteration[870/1240], entropy: 0.6713, loss: 0.6713, lr: 9.65e-06
     Epoch[20] Iteration[880/1240], entropy: 0.8508, loss: 0.8508, lr: 4.69e-06
     Epoch[20] Iteration[890/1240], entropy: 0.8457, loss: 0.8457, lr: 1.57e-07
     Epoch[20] Iteration[900/1240], entropy: 0.6905, loss: 0.6905, lr: 2.32e-06
     Epoch[20] Iteration[910/1240], entropy: 0.4886, loss: 0.4886, lr: 8.19e-06
     Epoch[20] Iteration[920/1240], entropy: 0.7530, loss: 0.7530, lr: 9.65e-06
     Epoch[20] Iteration[930/1240], entropy: 0.5280, loss: 0.5280, lr: 4.69e-06
     Epoch[20] Iteration[940/1240], entropy: 0.7098, loss: 0.7098, lr: 1.57e-07
     Epoch[20] Iteration[950/1240], entropy: 0.6847, loss: 0.6847, lr: 2.32e-06
     Epoch[20] Iteration[960/1240], entropy: 0.6230, loss: 0.6230, lr: 8.19e-06
     Epoch[20] Iteration[970/1240], entropy: 0.6100, loss: 0.6100, lr: 9.65e-06
     Epoch[20] Iteration[980/1240], entropy: 0.8204, loss: 0.8204, lr: 4.69e-06
     Epoch[20] Iteration[990/1240], entropy: 0.6475, loss: 0.6475, lr: 1.57e-07
     Epoch[20] Iteration[1000/1240], entropy: 0.5520, loss: 0.5520, lr: 2.32e-06
     Epoch[20] Iteration[1010/1240], entropy: 0.5793, loss: 0.5793, lr: 8.19e-06
     Epoch[20] Iteration[1020/1240], entropy: 0.7590, loss: 0.7590, lr: 9.84e-06
     Epoch[20] Iteration[1030/1240], entropy: 0.7211, loss: 0.7211, lr: 5.31e-06
     Epoch[20] Iteration[1040/1240], entropy: 0.8047, loss: 0.8047, lr: 3.51e-07
     Epoch[20] Iteration[1050/1240], entropy: 0.8519, loss: 0.8519, lr: 1.81e-06
     Epoch[20] Iteration[1060/1240], entropy: 0.6277, loss: 0.6277, lr: 7.68e-06
     Epoch[20] Iteration[1070/1240], entropy: 0.7019, loss: 0.7019, lr: 9.84e-06
     Epoch[20] Iteration[1080/1240], entropy: 0.6649, loss: 0.6649, lr: 5.31e-06
     Epoch[20] Iteration[1090/1240], entropy: 1.0176, loss: 1.0176, lr: 3.51e-07
     Epoch[20] Iteration[1100/1240], entropy: 0.6855, loss: 0.6855, lr: 1.81e-06
     Epoch[20] Iteration[1110/1240], entropy: 0.9465, loss: 0.9465, lr: 7.68e-06
     Epoch[20] Iteration[1120/1240], entropy: 0.7528, loss: 0.7528, lr: 9.84e-06
     Epoch[20] Iteration[1130/1240], entropy: 0.8013, loss: 0.8013, lr: 5.31e-06
     Epoch[20] Iteration[1140/1240], entropy: 0.7169, loss: 0.7169, lr: 3.51e-07
     Epoch[20] Iteration[1150/1240], entropy: 0.7258, loss: 0.7258, lr: 1.81e-06
     Epoch[20] Iteration[1160/1240], entropy: 0.6504, loss: 0.6504, lr: 7.68e-06
     Epoch[20] Iteration[1170/1240], entropy: 0.8076, loss: 0.8076, lr: 9.84e-06
     Epoch[20] Iteration[1180/1240], entropy: 0.6932, loss: 0.6932, lr: 5.31e-06
     Epoch[20] Iteration[1190/1240], entropy: 0.7520, loss: 0.7520, lr: 3.51e-07
     Epoch[20] Iteration[1200/1240], entropy: 0.8504, loss: 0.8504, lr: 1.81e-06
     Epoch[20] Iteration[1210/1240], entropy: 0.9775, loss: 0.9775, lr: 7.68e-06
     Epoch[20] Iteration[1220/1240], entropy: 0.8272, loss: 0.8272, lr: 9.84e-06
     Epoch[20] Iteration[1230/1240], entropy: 0.6943, loss: 0.6943, lr: 5.31e-06
     Epoch[20] Iteration[1240/1240], entropy: 0.6387, loss: 0.6387, lr: 3.51e-07
     Averaged stats: entropy: 0.6387, loss: 0.6387, lr: 3.51e-07
     itm tta time 0:02:04
### TTA Eval Score: 
+-------+--------+--------+--------+--------+-------+
| epoch |   R1   |   R5   |  R10   |  mAP   |  mINP |
+-------+--------+--------+--------+--------+-------+
|  -999 | 60.268 | 76.708 | 82.633 | 35.227 | 5.902 |
|   0   | 59.432 | 76.401 | 82.532 | 35.124 | 6.055 |
|   1   | 57.673 | 75.378 | 81.802 | 34.367 | 6.101 |
|   2   | 54.328 | 73.181 | 79.993 | 32.625 | 5.887 |
|   3   | 49.678 | 69.891 | 77.237 | 30.134 | 5.454 |
|   4   | 45.052 | 65.830 | 73.962 | 27.396 | 4.933 |
|   5   | 40.709 | 61.971 | 70.304 | 24.676 | 4.390 |
|   6   | 36.512 | 57.860 | 66.667 | 22.151 | 3.882 |
|   7   | 33.086 | 54.136 | 63.336 | 19.944 | 3.433 |
|   8   | 30.094 | 50.741 | 59.895 | 17.985 | 3.049 |
|   9   | 27.539 | 47.607 | 56.918 | 16.312 | 2.726 |
|   10  | 25.156 | 44.841 | 53.930 | 14.826 | 2.441 |
|   11  | 22.970 | 42.246 | 51.285 | 13.559 | 2.206 |
|   12  | 21.136 | 39.883 | 48.841 | 12.443 | 1.999 |
|   13  | 19.584 | 37.833 | 46.534 | 11.451 | 1.821 |
|   14  | 18.198 | 35.716 | 44.448 | 10.582 | 1.670 |
|   15  | 17.065 | 33.817 | 42.427 | 9.813  | 1.541 |
|   16  | 15.825 | 31.988 | 40.644 | 9.134  | 1.430 |
|   17  | 14.853 | 30.325 | 39.032 | 8.537  | 1.334 |
|   18  | 14.006 | 28.940 | 37.429 | 8.013  | 1.252 |
|   19  | 13.301 | 27.640 | 35.742 | 7.513  | 1.176 |
|   20  | 12.636 | 26.476 | 34.109 | 7.079  | 1.109 |
+-------+--------+--------+--------+--------+-------+
     logs:  {'epo': 20, 'R1': 12.636, 'R5': 26.476, 'R10': 34.109, 'mAP': 7.079, 'mINP': 1.109, 'entropy': 0.7200638149534503, 'loss': 0.7200638149534503, 'lr': 5.029799241311391e-06}
     Epoch[21] Iteration[10/1240], entropy: 0.9712, loss: 0.9712, lr: 1.81e-06
     Epoch[21] Iteration[20/1240], entropy: 0.7866, loss: 0.7866, lr: 7.68e-06
     Epoch[21] Iteration[30/1240], entropy: 0.7535, loss: 0.7535, lr: 9.84e-06
     Epoch[21] Iteration[40/1240], entropy: 0.6110, loss: 0.6110, lr: 5.31e-06
     Epoch[21] Iteration[50/1240], entropy: 0.5931, loss: 0.5931, lr: 3.51e-07
     Epoch[21] Iteration[60/1240], entropy: 0.7640, loss: 0.7640, lr: 1.81e-06
     Epoch[21] Iteration[70/1240], entropy: 0.7652, loss: 0.7652, lr: 7.68e-06
     Epoch[21] Iteration[80/1240], entropy: 1.0840, loss: 1.0840, lr: 9.84e-06
     Epoch[21] Iteration[90/1240], entropy: 0.6286, loss: 0.6286, lr: 5.31e-06
     Epoch[21] Iteration[100/1240], entropy: 0.7386, loss: 0.7386, lr: 3.51e-07
     Epoch[21] Iteration[110/1240], entropy: 0.8652, loss: 0.8652, lr: 1.81e-06
     Epoch[21] Iteration[120/1240], entropy: 0.8235, loss: 0.8235, lr: 7.68e-06
     Epoch[21] Iteration[130/1240], entropy: 0.6784, loss: 0.6784, lr: 9.84e-06
     Epoch[21] Iteration[140/1240], entropy: 0.6319, loss: 0.6319, lr: 5.31e-06
     Epoch[21] Iteration[150/1240], entropy: 0.7543, loss: 0.7543, lr: 3.51e-07
     Epoch[21] Iteration[160/1240], entropy: 0.5888, loss: 0.5888, lr: 1.81e-06
     Epoch[21] Iteration[170/1240], entropy: 0.6550, loss: 0.6550, lr: 7.68e-06
     Epoch[21] Iteration[180/1240], entropy: 0.6269, loss: 0.6269, lr: 9.84e-06
     Epoch[21] Iteration[190/1240], entropy: 0.7035, loss: 0.7035, lr: 5.31e-06
     Epoch[21] Iteration[200/1240], entropy: 0.6306, loss: 0.6306, lr: 3.51e-07
     Epoch[21] Iteration[210/1240], entropy: 0.4444, loss: 0.4444, lr: 1.81e-06
     Epoch[21] Iteration[220/1240], entropy: 0.6769, loss: 0.6769, lr: 7.68e-06
     Epoch[21] Iteration[230/1240], entropy: 0.8014, loss: 0.8014, lr: 9.84e-06
     Epoch[21] Iteration[240/1240], entropy: 0.7474, loss: 0.7474, lr: 5.31e-06
     Epoch[21] Iteration[250/1240], entropy: 0.6719, loss: 0.6719, lr: 3.51e-07
     Epoch[21] Iteration[260/1240], entropy: 0.8701, loss: 0.8701, lr: 1.81e-06
     Epoch[21] Iteration[270/1240], entropy: 0.6759, loss: 0.6759, lr: 7.68e-06
     Epoch[21] Iteration[280/1240], entropy: 0.6635, loss: 0.6635, lr: 9.84e-06
     Epoch[21] Iteration[290/1240], entropy: 0.7050, loss: 0.7050, lr: 5.31e-06
     Epoch[21] Iteration[300/1240], entropy: 0.7137, loss: 0.7137, lr: 3.51e-07
     Epoch[21] Iteration[310/1240], entropy: 0.6948, loss: 0.6948, lr: 1.81e-06
     Epoch[21] Iteration[320/1240], entropy: 0.7777, loss: 0.7777, lr: 7.68e-06
     Epoch[21] Iteration[330/1240], entropy: 0.8574, loss: 0.8574, lr: 9.84e-06
     Epoch[21] Iteration[340/1240], entropy: 0.5722, loss: 0.5722, lr: 5.31e-06
     Epoch[21] Iteration[350/1240], entropy: 0.7742, loss: 0.7742, lr: 3.51e-07
     Epoch[21] Iteration[360/1240], entropy: 0.6083, loss: 0.6083, lr: 1.81e-06
     Epoch[21] Iteration[370/1240], entropy: 0.7045, loss: 0.7045, lr: 7.68e-06
     Epoch[21] Iteration[380/1240], entropy: 0.7989, loss: 0.7989, lr: 9.84e-06
     Epoch[21] Iteration[390/1240], entropy: 0.6729, loss: 0.6729, lr: 5.31e-06
     Epoch[21] Iteration[400/1240], entropy: 0.5850, loss: 0.5850, lr: 3.51e-07
     Epoch[21] Iteration[410/1240], entropy: 0.5934, loss: 0.5934, lr: 1.81e-06
     Epoch[21] Iteration[420/1240], entropy: 0.7554, loss: 0.7554, lr: 7.68e-06
     Epoch[21] Iteration[430/1240], entropy: 0.7269, loss: 0.7269, lr: 9.84e-06
     Epoch[21] Iteration[440/1240], entropy: 0.7190, loss: 0.7190, lr: 5.31e-06
     Epoch[21] Iteration[450/1240], entropy: 0.7571, loss: 0.7571, lr: 3.51e-07
     Epoch[21] Iteration[460/1240], entropy: 0.7871, loss: 0.7871, lr: 1.81e-06
     Epoch[21] Iteration[470/1240], entropy: 0.7764, loss: 0.7764, lr: 7.68e-06
     Epoch[21] Iteration[480/1240], entropy: 0.8071, loss: 0.8071, lr: 9.84e-06
     Epoch[21] Iteration[490/1240], entropy: 0.5752, loss: 0.5752, lr: 5.31e-06
     Epoch[21] Iteration[500/1240], entropy: 0.7314, loss: 0.7314, lr: 3.51e-07
     Epoch[21] Iteration[510/1240], entropy: 0.8493, loss: 0.8493, lr: 1.81e-06
     Epoch[21] Iteration[520/1240], entropy: 0.4801, loss: 0.4801, lr: 7.68e-06
     Epoch[21] Iteration[530/1240], entropy: 0.6245, loss: 0.6245, lr: 9.84e-06
     Epoch[21] Iteration[540/1240], entropy: 0.8322, loss: 0.8322, lr: 5.31e-06
     Epoch[21] Iteration[550/1240], entropy: 0.5518, loss: 0.5518, lr: 3.51e-07
     Epoch[21] Iteration[560/1240], entropy: 0.7149, loss: 0.7149, lr: 1.81e-06
     Epoch[21] Iteration[570/1240], entropy: 0.7593, loss: 0.7593, lr: 7.68e-06
     Epoch[21] Iteration[580/1240], entropy: 0.5804, loss: 0.5804, lr: 9.84e-06
     Epoch[21] Iteration[590/1240], entropy: 0.7223, loss: 0.7223, lr: 5.31e-06
     Epoch[21] Iteration[600/1240], entropy: 0.5830, loss: 0.5830, lr: 3.51e-07
     Epoch[21] Iteration[610/1240], entropy: 0.6669, loss: 0.6669, lr: 1.81e-06
     Epoch[21] Iteration[620/1240], entropy: 0.4490, loss: 0.4490, lr: 7.68e-06
     Epoch[21] Iteration[630/1240], entropy: 0.3984, loss: 0.3984, lr: 9.84e-06
     Epoch[21] Iteration[640/1240], entropy: 0.6900, loss: 0.6900, lr: 5.31e-06
     Epoch[21] Iteration[650/1240], entropy: 0.7890, loss: 0.7890, lr: 3.51e-07
     Epoch[21] Iteration[660/1240], entropy: 0.5264, loss: 0.5264, lr: 1.81e-06
     Epoch[21] Iteration[670/1240], entropy: 0.7250, loss: 0.7250, lr: 7.68e-06
     Epoch[21] Iteration[680/1240], entropy: 0.6475, loss: 0.6475, lr: 9.84e-06
     Epoch[21] Iteration[690/1240], entropy: 0.7899, loss: 0.7899, lr: 5.31e-06
     Epoch[21] Iteration[700/1240], entropy: 0.7894, loss: 0.7894, lr: 3.51e-07
     Epoch[21] Iteration[710/1240], entropy: 0.8412, loss: 0.8412, lr: 1.81e-06
     Epoch[21] Iteration[720/1240], entropy: 0.8539, loss: 0.8539, lr: 7.68e-06
     Epoch[21] Iteration[730/1240], entropy: 0.5900, loss: 0.5900, lr: 9.84e-06
     Epoch[21] Iteration[740/1240], entropy: 0.6945, loss: 0.6945, lr: 5.31e-06
     Epoch[21] Iteration[750/1240], entropy: 0.7196, loss: 0.7196, lr: 3.51e-07
     Epoch[21] Iteration[760/1240], entropy: 0.6635, loss: 0.6635, lr: 1.81e-06
     Epoch[21] Iteration[770/1240], entropy: 0.5607, loss: 0.5607, lr: 7.68e-06
     Epoch[21] Iteration[780/1240], entropy: 0.8255, loss: 0.8255, lr: 9.84e-06
     Epoch[21] Iteration[790/1240], entropy: 0.8689, loss: 0.8689, lr: 5.31e-06
     Epoch[21] Iteration[800/1240], entropy: 0.8599, loss: 0.8599, lr: 3.51e-07
     Epoch[21] Iteration[810/1240], entropy: 0.4892, loss: 0.4892, lr: 1.81e-06
     Epoch[21] Iteration[820/1240], entropy: 0.9264, loss: 0.9264, lr: 7.68e-06
     Epoch[21] Iteration[830/1240], entropy: 0.6560, loss: 0.6560, lr: 9.84e-06
     Epoch[21] Iteration[840/1240], entropy: 0.6483, loss: 0.6483, lr: 5.31e-06
     Epoch[21] Iteration[850/1240], entropy: 0.7422, loss: 0.7422, lr: 3.51e-07
     Epoch[21] Iteration[860/1240], entropy: 0.6033, loss: 0.6033, lr: 1.81e-06
     Epoch[21] Iteration[870/1240], entropy: 0.8456, loss: 0.8456, lr: 7.68e-06
     Epoch[21] Iteration[880/1240], entropy: 0.9056, loss: 0.9056, lr: 9.84e-06
     Epoch[21] Iteration[890/1240], entropy: 0.5829, loss: 0.5829, lr: 5.31e-06
     Epoch[21] Iteration[900/1240], entropy: 0.8994, loss: 0.8994, lr: 3.51e-07
     Epoch[21] Iteration[910/1240], entropy: 1.0135, loss: 1.0135, lr: 1.81e-06
     Epoch[21] Iteration[920/1240], entropy: 0.7635, loss: 0.7635, lr: 7.68e-06
     Epoch[21] Iteration[930/1240], entropy: 0.7040, loss: 0.7040, lr: 9.84e-06
     Epoch[21] Iteration[940/1240], entropy: 0.6668, loss: 0.6668, lr: 5.31e-06
     Epoch[21] Iteration[950/1240], entropy: 0.6633, loss: 0.6633, lr: 3.51e-07
     Epoch[21] Iteration[960/1240], entropy: 0.8800, loss: 0.8800, lr: 1.81e-06
     Epoch[21] Iteration[970/1240], entropy: 0.6931, loss: 0.6931, lr: 7.68e-06
     Epoch[21] Iteration[980/1240], entropy: 0.4819, loss: 0.4819, lr: 9.84e-06
     Epoch[21] Iteration[990/1240], entropy: 0.7773, loss: 0.7773, lr: 5.31e-06
     Epoch[21] Iteration[1000/1240], entropy: 0.6782, loss: 0.6782, lr: 3.51e-07
     Epoch[21] Iteration[1010/1240], entropy: 0.6661, loss: 0.6661, lr: 1.81e-06
     Epoch[21] Iteration[1020/1240], entropy: 0.5456, loss: 0.5456, lr: 7.68e-06
     Epoch[21] Iteration[1030/1240], entropy: 0.7969, loss: 0.7969, lr: 9.84e-06
     Epoch[21] Iteration[1040/1240], entropy: 0.7939, loss: 0.7939, lr: 5.31e-06
     Epoch[21] Iteration[1050/1240], entropy: 0.8035, loss: 0.8035, lr: 3.51e-07
     Epoch[21] Iteration[1060/1240], entropy: 0.6400, loss: 0.6400, lr: 1.81e-06
     Epoch[21] Iteration[1070/1240], entropy: 0.5297, loss: 0.5297, lr: 7.68e-06
     Epoch[21] Iteration[1080/1240], entropy: 0.6651, loss: 0.6651, lr: 9.84e-06
     Epoch[21] Iteration[1090/1240], entropy: 0.7560, loss: 0.7560, lr: 5.31e-06
     Epoch[21] Iteration[1100/1240], entropy: 0.5810, loss: 0.5810, lr: 3.51e-07
     Epoch[21] Iteration[1110/1240], entropy: 0.5446, loss: 0.5446, lr: 1.81e-06
     Epoch[21] Iteration[1120/1240], entropy: 0.7138, loss: 0.7138, lr: 7.68e-06
     Epoch[21] Iteration[1130/1240], entropy: 0.7565, loss: 0.7565, lr: 9.84e-06
     Epoch[21] Iteration[1140/1240], entropy: 0.5632, loss: 0.5632, lr: 5.31e-06
     Epoch[21] Iteration[1150/1240], entropy: 0.6074, loss: 0.6074, lr: 3.51e-07
     Epoch[21] Iteration[1160/1240], entropy: 0.6510, loss: 0.6510, lr: 1.81e-06
     Epoch[21] Iteration[1170/1240], entropy: 0.8121, loss: 0.8121, lr: 7.68e-06
     Epoch[21] Iteration[1180/1240], entropy: 0.5573, loss: 0.5573, lr: 9.84e-06
     Epoch[21] Iteration[1190/1240], entropy: 0.7087, loss: 0.7087, lr: 5.31e-06
     Epoch[21] Iteration[1200/1240], entropy: 0.6669, loss: 0.6669, lr: 3.51e-07
     Epoch[21] Iteration[1210/1240], entropy: 0.5849, loss: 0.5849, lr: 1.81e-06
     Epoch[21] Iteration[1220/1240], entropy: 0.6778, loss: 0.6778, lr: 7.68e-06
     Epoch[21] Iteration[1230/1240], entropy: 0.6355, loss: 0.6355, lr: 9.84e-06
     Epoch[21] Iteration[1240/1240], entropy: 0.7315, loss: 0.7315, lr: 5.31e-06
     Averaged stats: entropy: 0.7315, loss: 0.7315, lr: 5.31e-06
     itm tta time 0:02:08
### TTA Eval Score: 
+-------+--------+--------+--------+--------+-------+
| epoch |   R1   |   R5   |  R10   |  mAP   |  mINP |
+-------+--------+--------+--------+--------+-------+
|  -999 | 60.268 | 76.708 | 82.633 | 35.227 | 5.902 |
|   0   | 59.432 | 76.401 | 82.532 | 35.124 | 6.055 |
|   1   | 57.673 | 75.378 | 81.802 | 34.367 | 6.101 |
|   2   | 54.328 | 73.181 | 79.993 | 32.625 | 5.887 |
|   3   | 49.678 | 69.891 | 77.237 | 30.134 | 5.454 |
|   4   | 45.052 | 65.830 | 73.962 | 27.396 | 4.933 |
|   5   | 40.709 | 61.971 | 70.304 | 24.676 | 4.390 |
|   6   | 36.512 | 57.860 | 66.667 | 22.151 | 3.882 |
|   7   | 33.086 | 54.136 | 63.336 | 19.944 | 3.433 |
|   8   | 30.094 | 50.741 | 59.895 | 17.985 | 3.049 |
|   9   | 27.539 | 47.607 | 56.918 | 16.312 | 2.726 |
|   10  | 25.156 | 44.841 | 53.930 | 14.826 | 2.441 |
|   11  | 22.970 | 42.246 | 51.285 | 13.559 | 2.206 |
|   12  | 21.136 | 39.883 | 48.841 | 12.443 | 1.999 |
|   13  | 19.584 | 37.833 | 46.534 | 11.451 | 1.821 |
|   14  | 18.198 | 35.716 | 44.448 | 10.582 | 1.670 |
|   15  | 17.065 | 33.817 | 42.427 | 9.813  | 1.541 |
|   16  | 15.825 | 31.988 | 40.644 | 9.134  | 1.430 |
|   17  | 14.853 | 30.325 | 39.032 | 8.537  | 1.334 |
|   18  | 14.006 | 28.940 | 37.429 | 8.013  | 1.252 |
|   19  | 13.301 | 27.640 | 35.742 | 7.513  | 1.176 |
|   20  | 12.636 | 26.476 | 34.109 | 7.079  | 1.109 |
|   21  | 11.941 | 25.333 | 32.794 | 6.681  | 1.051 |
+-------+--------+--------+--------+--------+-------+
     logs:  {'epo': 21, 'R1': 11.941, 'R5': 25.333, 'R10': 32.794, 'mAP': 6.681, 'mINP': 1.051, 'entropy': 0.7028673601246649, 'loss': 0.7028673601246649, 'lr': 5.037490987334187e-06}
     Epoch[22] Iteration[10/1240], entropy: 0.8141, loss: 0.8141, lr: 3.51e-07
     Epoch[22] Iteration[20/1240], entropy: 0.6344, loss: 0.6344, lr: 1.81e-06
     Epoch[22] Iteration[30/1240], entropy: 0.7205, loss: 0.7205, lr: 7.68e-06
     Epoch[22] Iteration[40/1240], entropy: 0.7356, loss: 0.7356, lr: 9.84e-06
     Epoch[22] Iteration[50/1240], entropy: 0.9894, loss: 0.9894, lr: 5.31e-06
     Epoch[22] Iteration[60/1240], entropy: 0.9112, loss: 0.9112, lr: 3.51e-07
     Epoch[22] Iteration[70/1240], entropy: 0.8334, loss: 0.8334, lr: 1.81e-06
     Epoch[22] Iteration[80/1240], entropy: 0.5770, loss: 0.5770, lr: 7.68e-06
     Epoch[22] Iteration[90/1240], entropy: 0.8315, loss: 0.8315, lr: 9.84e-06
     Epoch[22] Iteration[100/1240], entropy: 0.9595, loss: 0.9595, lr: 5.31e-06
     Epoch[22] Iteration[110/1240], entropy: 0.7485, loss: 0.7485, lr: 3.51e-07
     Epoch[22] Iteration[120/1240], entropy: 0.7754, loss: 0.7754, lr: 1.81e-06
     Epoch[22] Iteration[130/1240], entropy: 0.8904, loss: 0.8904, lr: 7.68e-06
     Epoch[22] Iteration[140/1240], entropy: 0.6378, loss: 0.6378, lr: 9.84e-06
     Epoch[22] Iteration[150/1240], entropy: 0.8581, loss: 0.8581, lr: 5.31e-06
     Epoch[22] Iteration[160/1240], entropy: 0.7661, loss: 0.7661, lr: 3.51e-07
     Epoch[22] Iteration[170/1240], entropy: 0.7429, loss: 0.7429, lr: 1.81e-06
     Epoch[22] Iteration[180/1240], entropy: 0.5425, loss: 0.5425, lr: 7.68e-06
     Epoch[22] Iteration[190/1240], entropy: 0.9367, loss: 0.9367, lr: 9.84e-06
     Epoch[22] Iteration[200/1240], entropy: 0.7259, loss: 0.7259, lr: 5.31e-06
     Epoch[22] Iteration[210/1240], entropy: 0.5014, loss: 0.5014, lr: 3.51e-07
     Epoch[22] Iteration[220/1240], entropy: 0.6963, loss: 0.6963, lr: 1.81e-06
     Epoch[22] Iteration[230/1240], entropy: 0.7116, loss: 0.7116, lr: 7.68e-06
     Epoch[22] Iteration[240/1240], entropy: 0.6229, loss: 0.6229, lr: 9.84e-06
     Epoch[22] Iteration[250/1240], entropy: 0.9377, loss: 0.9377, lr: 5.31e-06
     Epoch[22] Iteration[260/1240], entropy: 0.6622, loss: 0.6622, lr: 3.51e-07
     Epoch[22] Iteration[270/1240], entropy: 0.9460, loss: 0.9460, lr: 1.81e-06
     Epoch[22] Iteration[280/1240], entropy: 0.7002, loss: 0.7002, lr: 7.68e-06
     Epoch[22] Iteration[290/1240], entropy: 0.7651, loss: 0.7651, lr: 9.84e-06
     Epoch[22] Iteration[300/1240], entropy: 0.8031, loss: 0.8031, lr: 5.31e-06
     Epoch[22] Iteration[310/1240], entropy: 0.7949, loss: 0.7949, lr: 3.51e-07
     Epoch[22] Iteration[320/1240], entropy: 0.6695, loss: 0.6695, lr: 1.81e-06
     Epoch[22] Iteration[330/1240], entropy: 0.9853, loss: 0.9853, lr: 7.68e-06
     Epoch[22] Iteration[340/1240], entropy: 1.0114, loss: 1.0114, lr: 9.84e-06
     Epoch[22] Iteration[350/1240], entropy: 0.8037, loss: 0.8037, lr: 5.31e-06
     Epoch[22] Iteration[360/1240], entropy: 0.5890, loss: 0.5890, lr: 3.51e-07
     Epoch[22] Iteration[370/1240], entropy: 0.5963, loss: 0.5963, lr: 1.81e-06
     Epoch[22] Iteration[380/1240], entropy: 1.0717, loss: 1.0717, lr: 7.68e-06
     Epoch[22] Iteration[390/1240], entropy: 0.9311, loss: 0.9311, lr: 9.84e-06
     Epoch[22] Iteration[400/1240], entropy: 0.5611, loss: 0.5611, lr: 5.31e-06
     Epoch[22] Iteration[410/1240], entropy: 0.5823, loss: 0.5823, lr: 3.51e-07
     Epoch[22] Iteration[420/1240], entropy: 0.7846, loss: 0.7846, lr: 1.81e-06
     Epoch[22] Iteration[430/1240], entropy: 0.9494, loss: 0.9494, lr: 7.68e-06
     Epoch[22] Iteration[440/1240], entropy: 0.6156, loss: 0.6156, lr: 9.84e-06
     Epoch[22] Iteration[450/1240], entropy: 0.6412, loss: 0.6412, lr: 5.31e-06
     Epoch[22] Iteration[460/1240], entropy: 0.7925, loss: 0.7925, lr: 3.51e-07
     Epoch[22] Iteration[470/1240], entropy: 0.8231, loss: 0.8231, lr: 1.81e-06
     Epoch[22] Iteration[480/1240], entropy: 0.5813, loss: 0.5813, lr: 7.68e-06
     Epoch[22] Iteration[490/1240], entropy: 0.7227, loss: 0.7227, lr: 9.84e-06
     Epoch[22] Iteration[500/1240], entropy: 0.7334, loss: 0.7334, lr: 5.31e-06
     Epoch[22] Iteration[510/1240], entropy: 0.5398, loss: 0.5398, lr: 3.51e-07
     Epoch[22] Iteration[520/1240], entropy: 0.7648, loss: 0.7648, lr: 1.81e-06
     Epoch[22] Iteration[530/1240], entropy: 0.6709, loss: 0.6709, lr: 7.68e-06
     Epoch[22] Iteration[540/1240], entropy: 0.7466, loss: 0.7466, lr: 9.96e-06
     Epoch[22] Iteration[550/1240], entropy: 0.7040, loss: 0.7040, lr: 5.94e-06
     Epoch[22] Iteration[560/1240], entropy: 0.8591, loss: 0.8591, lr: 6.18e-07
     Epoch[22] Iteration[570/1240], entropy: 0.6425, loss: 0.6425, lr: 1.36e-06
     Epoch[22] Iteration[580/1240], entropy: 0.7114, loss: 0.7114, lr: 7.13e-06
     Epoch[22] Iteration[590/1240], entropy: 0.7661, loss: 0.7661, lr: 9.96e-06
     Epoch[22] Iteration[600/1240], entropy: 0.8105, loss: 0.8105, lr: 5.94e-06
     Epoch[22] Iteration[610/1240], entropy: 0.4833, loss: 0.4833, lr: 6.18e-07
     Epoch[22] Iteration[620/1240], entropy: 0.6671, loss: 0.6671, lr: 1.36e-06
     Epoch[22] Iteration[630/1240], entropy: 0.6733, loss: 0.6733, lr: 7.13e-06
     Epoch[22] Iteration[640/1240], entropy: 0.6471, loss: 0.6471, lr: 9.96e-06
     Epoch[22] Iteration[650/1240], entropy: 0.6660, loss: 0.6660, lr: 5.94e-06
     Epoch[22] Iteration[660/1240], entropy: 0.8901, loss: 0.8901, lr: 6.18e-07
     Epoch[22] Iteration[670/1240], entropy: 0.4652, loss: 0.4652, lr: 1.36e-06
     Epoch[22] Iteration[680/1240], entropy: 0.6221, loss: 0.6221, lr: 7.13e-06
     Epoch[22] Iteration[690/1240], entropy: 0.5915, loss: 0.5915, lr: 9.96e-06
     Epoch[22] Iteration[700/1240], entropy: 0.7292, loss: 0.7292, lr: 5.94e-06
     Epoch[22] Iteration[710/1240], entropy: 0.8476, loss: 0.8476, lr: 6.18e-07
     Epoch[22] Iteration[720/1240], entropy: 0.5987, loss: 0.5987, lr: 1.36e-06
     Epoch[22] Iteration[730/1240], entropy: 0.7227, loss: 0.7227, lr: 7.13e-06
     Epoch[22] Iteration[740/1240], entropy: 0.6267, loss: 0.6267, lr: 9.96e-06
     Epoch[22] Iteration[750/1240], entropy: 0.8278, loss: 0.8278, lr: 5.94e-06
     Epoch[22] Iteration[760/1240], entropy: 0.7060, loss: 0.7060, lr: 6.18e-07
     Epoch[22] Iteration[770/1240], entropy: 0.4711, loss: 0.4711, lr: 1.36e-06
     Epoch[22] Iteration[780/1240], entropy: 0.5930, loss: 0.5930, lr: 7.13e-06
     Epoch[22] Iteration[790/1240], entropy: 0.4655, loss: 0.4655, lr: 9.96e-06
     Epoch[22] Iteration[800/1240], entropy: 0.7692, loss: 0.7692, lr: 5.94e-06
     Epoch[22] Iteration[810/1240], entropy: 0.5748, loss: 0.5748, lr: 6.18e-07
     Epoch[22] Iteration[820/1240], entropy: 0.7946, loss: 0.7946, lr: 1.36e-06
     Epoch[22] Iteration[830/1240], entropy: 0.4202, loss: 0.4202, lr: 7.13e-06
     Epoch[22] Iteration[840/1240], entropy: 0.7486, loss: 0.7486, lr: 9.96e-06
     Epoch[22] Iteration[850/1240], entropy: 0.7548, loss: 0.7548, lr: 5.94e-06
     Epoch[22] Iteration[860/1240], entropy: 0.6150, loss: 0.6150, lr: 6.18e-07
     Epoch[22] Iteration[870/1240], entropy: 0.7798, loss: 0.7798, lr: 1.36e-06
     Epoch[22] Iteration[880/1240], entropy: 0.6951, loss: 0.6951, lr: 7.13e-06
     Epoch[22] Iteration[890/1240], entropy: 0.5975, loss: 0.5975, lr: 9.96e-06
     Epoch[22] Iteration[900/1240], entropy: 0.7379, loss: 0.7379, lr: 5.94e-06
     Epoch[22] Iteration[910/1240], entropy: 0.6679, loss: 0.6679, lr: 6.18e-07
     Epoch[22] Iteration[920/1240], entropy: 0.5747, loss: 0.5747, lr: 1.36e-06
     Epoch[22] Iteration[930/1240], entropy: 0.7247, loss: 0.7247, lr: 7.13e-06
     Epoch[22] Iteration[940/1240], entropy: 0.6444, loss: 0.6444, lr: 9.96e-06
     Epoch[22] Iteration[950/1240], entropy: 0.8312, loss: 0.8312, lr: 5.94e-06
     Epoch[22] Iteration[960/1240], entropy: 0.6455, loss: 0.6455, lr: 6.18e-07
     Epoch[22] Iteration[970/1240], entropy: 0.6606, loss: 0.6606, lr: 1.36e-06
     Epoch[22] Iteration[980/1240], entropy: 0.7706, loss: 0.7706, lr: 7.13e-06
     Epoch[22] Iteration[990/1240], entropy: 0.6565, loss: 0.6565, lr: 9.96e-06
     Epoch[22] Iteration[1000/1240], entropy: 0.6427, loss: 0.6427, lr: 5.94e-06
     Epoch[22] Iteration[1010/1240], entropy: 0.5732, loss: 0.5732, lr: 6.18e-07
     Epoch[22] Iteration[1020/1240], entropy: 0.4873, loss: 0.4873, lr: 1.36e-06
     Epoch[22] Iteration[1030/1240], entropy: 0.7258, loss: 0.7258, lr: 7.13e-06
     Epoch[22] Iteration[1040/1240], entropy: 0.7977, loss: 0.7977, lr: 9.96e-06
     Epoch[22] Iteration[1050/1240], entropy: 0.6566, loss: 0.6566, lr: 5.94e-06
     Epoch[22] Iteration[1060/1240], entropy: 0.6696, loss: 0.6696, lr: 6.18e-07
     Epoch[22] Iteration[1070/1240], entropy: 0.6174, loss: 0.6174, lr: 1.36e-06
     Epoch[22] Iteration[1080/1240], entropy: 0.7203, loss: 0.7203, lr: 7.13e-06
     Epoch[22] Iteration[1090/1240], entropy: 0.5978, loss: 0.5978, lr: 9.96e-06
     Epoch[22] Iteration[1100/1240], entropy: 0.6939, loss: 0.6939, lr: 5.94e-06
     Epoch[22] Iteration[1110/1240], entropy: 0.6891, loss: 0.6891, lr: 6.18e-07
     Epoch[22] Iteration[1120/1240], entropy: 0.6022, loss: 0.6022, lr: 1.36e-06
     Epoch[22] Iteration[1130/1240], entropy: 0.7314, loss: 0.7314, lr: 7.13e-06
     Epoch[22] Iteration[1140/1240], entropy: 0.4263, loss: 0.4263, lr: 9.96e-06
     Epoch[22] Iteration[1150/1240], entropy: 0.7545, loss: 0.7545, lr: 5.94e-06
     Epoch[22] Iteration[1160/1240], entropy: 0.7115, loss: 0.7115, lr: 6.18e-07
     Epoch[22] Iteration[1170/1240], entropy: 0.7751, loss: 0.7751, lr: 1.36e-06
     Epoch[22] Iteration[1180/1240], entropy: 0.4395, loss: 0.4395, lr: 7.13e-06
     Epoch[22] Iteration[1190/1240], entropy: 0.6943, loss: 0.6943, lr: 9.96e-06
     Epoch[22] Iteration[1200/1240], entropy: 0.7933, loss: 0.7933, lr: 5.94e-06
     Epoch[22] Iteration[1210/1240], entropy: 0.6128, loss: 0.6128, lr: 6.18e-07
     Epoch[22] Iteration[1220/1240], entropy: 0.6411, loss: 0.6411, lr: 1.36e-06
     Epoch[22] Iteration[1230/1240], entropy: 0.7029, loss: 0.7029, lr: 7.13e-06
     Epoch[22] Iteration[1240/1240], entropy: 0.6507, loss: 0.6507, lr: 9.96e-06
     Averaged stats: entropy: 0.6507, loss: 0.6507, lr: 9.96e-06
     itm tta time 0:02:03
### TTA Eval Score: 
+-------+--------+--------+--------+--------+-------+
| epoch |   R1   |   R5   |  R10   |  mAP   |  mINP |
+-------+--------+--------+--------+--------+-------+
|  -999 | 60.268 | 76.708 | 82.633 | 35.227 | 5.902 |
|   0   | 59.432 | 76.401 | 82.532 | 35.124 | 6.055 |
|   1   | 57.673 | 75.378 | 81.802 | 34.367 | 6.101 |
|   2   | 54.328 | 73.181 | 79.993 | 32.625 | 5.887 |
|   3   | 49.678 | 69.891 | 77.237 | 30.134 | 5.454 |
|   4   | 45.052 | 65.830 | 73.962 | 27.396 | 4.933 |
|   5   | 40.709 | 61.971 | 70.304 | 24.676 | 4.390 |
|   6   | 36.512 | 57.860 | 66.667 | 22.151 | 3.882 |
|   7   | 33.086 | 54.136 | 63.336 | 19.944 | 3.433 |
|   8   | 30.094 | 50.741 | 59.895 | 17.985 | 3.049 |
|   9   | 27.539 | 47.607 | 56.918 | 16.312 | 2.726 |
|   10  | 25.156 | 44.841 | 53.930 | 14.826 | 2.441 |
|   11  | 22.970 | 42.246 | 51.285 | 13.559 | 2.206 |
|   12  | 21.136 | 39.883 | 48.841 | 12.443 | 1.999 |
|   13  | 19.584 | 37.833 | 46.534 | 11.451 | 1.821 |
|   14  | 18.198 | 35.716 | 44.448 | 10.582 | 1.670 |
|   15  | 17.065 | 33.817 | 42.427 | 9.813  | 1.541 |
|   16  | 15.825 | 31.988 | 40.644 | 9.134  | 1.430 |
|   17  | 14.853 | 30.325 | 39.032 | 8.537  | 1.334 |
|   18  | 14.006 | 28.940 | 37.429 | 8.013  | 1.252 |
|   19  | 13.301 | 27.640 | 35.742 | 7.513  | 1.176 |
|   20  | 12.636 | 26.476 | 34.109 | 7.079  | 1.109 |
|   21  | 11.941 | 25.333 | 32.794 | 6.681  | 1.051 |
|   22  | 11.281 | 24.325 | 31.570 | 6.331  | 1.000 |
+-------+--------+--------+--------+--------+-------+
     logs:  {'epo': 22, 'R1': 11.281, 'R5': 24.325, 'R10': 31.57, 'mAP': 6.331, 'mINP': 1.0, 'entropy': 0.7080475947549266, 'loss': 0.7080475947549266, 'lr': 4.998416976639533e-06}
     Epoch[23] Iteration[10/1240], entropy: 0.8013, loss: 0.8013, lr: 5.94e-06
     Epoch[23] Iteration[20/1240], entropy: 0.7593, loss: 0.7593, lr: 6.18e-07
     Epoch[23] Iteration[30/1240], entropy: 0.7386, loss: 0.7386, lr: 1.36e-06
     Epoch[23] Iteration[40/1240], entropy: 0.4352, loss: 0.4352, lr: 7.13e-06
     Epoch[23] Iteration[50/1240], entropy: 0.6938, loss: 0.6938, lr: 9.96e-06
     Epoch[23] Iteration[60/1240], entropy: 0.7548, loss: 0.7548, lr: 5.94e-06
     Epoch[23] Iteration[70/1240], entropy: 0.6884, loss: 0.6884, lr: 6.18e-07
     Epoch[23] Iteration[80/1240], entropy: 0.7916, loss: 0.7916, lr: 1.36e-06
     Epoch[23] Iteration[90/1240], entropy: 0.7323, loss: 0.7323, lr: 7.13e-06
     Epoch[23] Iteration[100/1240], entropy: 0.7234, loss: 0.7234, lr: 9.96e-06
     Epoch[23] Iteration[110/1240], entropy: 0.6467, loss: 0.6467, lr: 5.94e-06
     Epoch[23] Iteration[120/1240], entropy: 0.6861, loss: 0.6861, lr: 6.18e-07
     Epoch[23] Iteration[130/1240], entropy: 0.7227, loss: 0.7227, lr: 1.36e-06
     Epoch[23] Iteration[140/1240], entropy: 0.8811, loss: 0.8811, lr: 7.13e-06
     Epoch[23] Iteration[150/1240], entropy: 0.6977, loss: 0.6977, lr: 9.96e-06
     Epoch[23] Iteration[160/1240], entropy: 0.9152, loss: 0.9152, lr: 5.94e-06
     Epoch[23] Iteration[170/1240], entropy: 0.7491, loss: 0.7491, lr: 6.18e-07
     Epoch[23] Iteration[180/1240], entropy: 0.6103, loss: 0.6103, lr: 1.36e-06
     Epoch[23] Iteration[190/1240], entropy: 0.7020, loss: 0.7020, lr: 7.13e-06
     Epoch[23] Iteration[200/1240], entropy: 0.6518, loss: 0.6518, lr: 9.96e-06
     Epoch[23] Iteration[210/1240], entropy: 0.5156, loss: 0.5156, lr: 5.94e-06
     Epoch[23] Iteration[220/1240], entropy: 0.7029, loss: 0.7029, lr: 6.18e-07
     Epoch[23] Iteration[230/1240], entropy: 0.7984, loss: 0.7984, lr: 1.36e-06
     Epoch[23] Iteration[240/1240], entropy: 0.6878, loss: 0.6878, lr: 7.13e-06
     Epoch[23] Iteration[250/1240], entropy: 0.5250, loss: 0.5250, lr: 9.96e-06
     Epoch[23] Iteration[260/1240], entropy: 0.8402, loss: 0.8402, lr: 5.94e-06
     Epoch[23] Iteration[270/1240], entropy: 0.7931, loss: 0.7931, lr: 6.18e-07
     Epoch[23] Iteration[280/1240], entropy: 0.6784, loss: 0.6784, lr: 1.36e-06
     Epoch[23] Iteration[290/1240], entropy: 0.9515, loss: 0.9515, lr: 7.13e-06
     Epoch[23] Iteration[300/1240], entropy: 0.9639, loss: 0.9639, lr: 9.96e-06
     Epoch[23] Iteration[310/1240], entropy: 0.8764, loss: 0.8764, lr: 5.94e-06
     Epoch[23] Iteration[320/1240], entropy: 0.8655, loss: 0.8655, lr: 6.18e-07
     Epoch[23] Iteration[330/1240], entropy: 0.6935, loss: 0.6935, lr: 1.36e-06
     Epoch[23] Iteration[340/1240], entropy: 0.7981, loss: 0.7981, lr: 7.13e-06
     Epoch[23] Iteration[350/1240], entropy: 0.8282, loss: 0.8282, lr: 9.96e-06
     Epoch[23] Iteration[360/1240], entropy: 0.6783, loss: 0.6783, lr: 5.94e-06
     Epoch[23] Iteration[370/1240], entropy: 0.6031, loss: 0.6031, lr: 6.18e-07
     Epoch[23] Iteration[380/1240], entropy: 0.5406, loss: 0.5406, lr: 1.36e-06
     Epoch[23] Iteration[390/1240], entropy: 0.7418, loss: 0.7418, lr: 7.13e-06
     Epoch[23] Iteration[400/1240], entropy: 0.7695, loss: 0.7695, lr: 9.96e-06
     Epoch[23] Iteration[410/1240], entropy: 0.5707, loss: 0.5707, lr: 5.94e-06
     Epoch[23] Iteration[420/1240], entropy: 0.6841, loss: 0.6841, lr: 6.18e-07
     Epoch[23] Iteration[430/1240], entropy: 0.5986, loss: 0.5986, lr: 1.36e-06
     Epoch[23] Iteration[440/1240], entropy: 0.7856, loss: 0.7856, lr: 7.13e-06
     Epoch[23] Iteration[450/1240], entropy: 0.6729, loss: 0.6729, lr: 9.96e-06
     Epoch[23] Iteration[460/1240], entropy: 0.8113, loss: 0.8113, lr: 5.94e-06
     Epoch[23] Iteration[470/1240], entropy: 0.6614, loss: 0.6614, lr: 6.18e-07
     Epoch[23] Iteration[480/1240], entropy: 0.7544, loss: 0.7544, lr: 1.36e-06
     Epoch[23] Iteration[490/1240], entropy: 0.6688, loss: 0.6688, lr: 7.13e-06
     Epoch[23] Iteration[500/1240], entropy: 0.7516, loss: 0.7516, lr: 9.96e-06
     Epoch[23] Iteration[510/1240], entropy: 0.7834, loss: 0.7834, lr: 5.94e-06
     Epoch[23] Iteration[520/1240], entropy: 0.5657, loss: 0.5657, lr: 6.18e-07
     Epoch[23] Iteration[530/1240], entropy: 0.7645, loss: 0.7645, lr: 1.36e-06
     Epoch[23] Iteration[540/1240], entropy: 0.6842, loss: 0.6842, lr: 7.13e-06
     Epoch[23] Iteration[550/1240], entropy: 0.6044, loss: 0.6044, lr: 9.96e-06
     Epoch[23] Iteration[560/1240], entropy: 0.7357, loss: 0.7357, lr: 5.94e-06
     Epoch[23] Iteration[570/1240], entropy: 0.9196, loss: 0.9196, lr: 6.18e-07
     Epoch[23] Iteration[580/1240], entropy: 0.7882, loss: 0.7882, lr: 1.36e-06
     Epoch[23] Iteration[590/1240], entropy: 0.5475, loss: 0.5475, lr: 7.13e-06
     Epoch[23] Iteration[600/1240], entropy: 0.7718, loss: 0.7718, lr: 9.96e-06
     Epoch[23] Iteration[610/1240], entropy: 0.7987, loss: 0.7987, lr: 5.94e-06
     Epoch[23] Iteration[620/1240], entropy: 0.7139, loss: 0.7139, lr: 6.18e-07
     Epoch[23] Iteration[630/1240], entropy: 0.5497, loss: 0.5497, lr: 1.36e-06
     Epoch[23] Iteration[640/1240], entropy: 0.7134, loss: 0.7134, lr: 7.13e-06
     Epoch[23] Iteration[650/1240], entropy: 0.6933, loss: 0.6933, lr: 9.96e-06
     Epoch[23] Iteration[660/1240], entropy: 0.5498, loss: 0.5498, lr: 5.94e-06
     Epoch[23] Iteration[670/1240], entropy: 0.6053, loss: 0.6053, lr: 6.18e-07
     Epoch[23] Iteration[680/1240], entropy: 0.7818, loss: 0.7818, lr: 1.36e-06
     Epoch[23] Iteration[690/1240], entropy: 0.6158, loss: 0.6158, lr: 7.13e-06
     Epoch[23] Iteration[700/1240], entropy: 0.7803, loss: 0.7803, lr: 9.96e-06
     Epoch[23] Iteration[710/1240], entropy: 0.9563, loss: 0.9563, lr: 5.94e-06
     Epoch[23] Iteration[720/1240], entropy: 0.6998, loss: 0.6998, lr: 6.18e-07
     Epoch[23] Iteration[730/1240], entropy: 0.7771, loss: 0.7771, lr: 1.36e-06
     Epoch[23] Iteration[740/1240], entropy: 0.7599, loss: 0.7599, lr: 7.13e-06
     Epoch[23] Iteration[750/1240], entropy: 0.5955, loss: 0.5955, lr: 9.96e-06
     Epoch[23] Iteration[760/1240], entropy: 0.6721, loss: 0.6721, lr: 5.94e-06
     Epoch[23] Iteration[770/1240], entropy: 0.7927, loss: 0.7927, lr: 6.18e-07
     Epoch[23] Iteration[780/1240], entropy: 0.6833, loss: 0.6833, lr: 1.36e-06
     Epoch[23] Iteration[790/1240], entropy: 0.8088, loss: 0.8088, lr: 7.13e-06
     Epoch[23] Iteration[800/1240], entropy: 0.7919, loss: 0.7919, lr: 9.96e-06
     Epoch[23] Iteration[810/1240], entropy: 0.5248, loss: 0.5248, lr: 5.94e-06
     Epoch[23] Iteration[820/1240], entropy: 0.7328, loss: 0.7328, lr: 6.18e-07
     Epoch[23] Iteration[830/1240], entropy: 0.6214, loss: 0.6214, lr: 1.36e-06
     Epoch[23] Iteration[840/1240], entropy: 0.6238, loss: 0.6238, lr: 7.13e-06
     Epoch[23] Iteration[850/1240], entropy: 0.5122, loss: 0.5122, lr: 9.96e-06
     Epoch[23] Iteration[860/1240], entropy: 0.4523, loss: 0.4523, lr: 5.94e-06
     Epoch[23] Iteration[870/1240], entropy: 0.7164, loss: 0.7164, lr: 6.18e-07
     Epoch[23] Iteration[880/1240], entropy: 0.8837, loss: 0.8837, lr: 1.36e-06
     Epoch[23] Iteration[890/1240], entropy: 0.4551, loss: 0.4551, lr: 7.13e-06
     Epoch[23] Iteration[900/1240], entropy: 0.4510, loss: 0.4510, lr: 9.96e-06
     Epoch[23] Iteration[910/1240], entropy: 0.5633, loss: 0.5633, lr: 5.94e-06
     Epoch[23] Iteration[920/1240], entropy: 0.7965, loss: 0.7965, lr: 6.18e-07
     Epoch[23] Iteration[930/1240], entropy: 0.7400, loss: 0.7400, lr: 1.36e-06
     Epoch[23] Iteration[940/1240], entropy: 0.7129, loss: 0.7129, lr: 7.13e-06
     Epoch[23] Iteration[950/1240], entropy: 0.6313, loss: 0.6313, lr: 9.96e-06
     Epoch[23] Iteration[960/1240], entropy: 0.7292, loss: 0.7292, lr: 5.94e-06
     Epoch[23] Iteration[970/1240], entropy: 0.6703, loss: 0.6703, lr: 6.18e-07
     Epoch[23] Iteration[980/1240], entropy: 0.6438, loss: 0.6438, lr: 1.36e-06
     Epoch[23] Iteration[990/1240], entropy: 0.8987, loss: 0.8987, lr: 7.13e-06
     Epoch[23] Iteration[1000/1240], entropy: 0.6471, loss: 0.6471, lr: 9.96e-06
     Epoch[23] Iteration[1010/1240], entropy: 0.7132, loss: 0.7132, lr: 5.94e-06
     Epoch[23] Iteration[1020/1240], entropy: 0.5827, loss: 0.5827, lr: 6.18e-07
     Epoch[23] Iteration[1030/1240], entropy: 0.5461, loss: 0.5461, lr: 1.36e-06
     Epoch[23] Iteration[1040/1240], entropy: 0.6237, loss: 0.6237, lr: 7.13e-06
     Epoch[23] Iteration[1050/1240], entropy: 0.5841, loss: 0.5841, lr: 9.96e-06
     Epoch[23] Iteration[1060/1240], entropy: 0.6402, loss: 0.6402, lr: 5.94e-06
     Epoch[23] Iteration[1070/1240], entropy: 0.5992, loss: 0.5992, lr: 6.18e-07
     Epoch[23] Iteration[1080/1240], entropy: 0.7500, loss: 0.7500, lr: 1.36e-06
     Epoch[23] Iteration[1090/1240], entropy: 0.7003, loss: 0.7003, lr: 7.13e-06
     Epoch[23] Iteration[1100/1240], entropy: 0.7606, loss: 0.7606, lr: 9.96e-06
     Epoch[23] Iteration[1110/1240], entropy: 0.6622, loss: 0.6622, lr: 5.94e-06
     Epoch[23] Iteration[1120/1240], entropy: 0.8495, loss: 0.8495, lr: 6.18e-07
     Epoch[23] Iteration[1130/1240], entropy: 0.6356, loss: 0.6356, lr: 1.36e-06
     Epoch[23] Iteration[1140/1240], entropy: 0.9192, loss: 0.9192, lr: 7.13e-06
     Epoch[23] Iteration[1150/1240], entropy: 0.7507, loss: 0.7507, lr: 9.96e-06
     Epoch[23] Iteration[1160/1240], entropy: 0.6177, loss: 0.6177, lr: 5.94e-06
     Epoch[23] Iteration[1170/1240], entropy: 0.7468, loss: 0.7468, lr: 6.18e-07
     Epoch[23] Iteration[1180/1240], entropy: 0.6966, loss: 0.6966, lr: 1.36e-06
     Epoch[23] Iteration[1190/1240], entropy: 0.7044, loss: 0.7044, lr: 7.13e-06
     Epoch[23] Iteration[1200/1240], entropy: 0.7801, loss: 0.7801, lr: 9.96e-06
     Epoch[23] Iteration[1210/1240], entropy: 0.7198, loss: 0.7198, lr: 5.94e-06
     Epoch[23] Iteration[1220/1240], entropy: 0.9948, loss: 0.9948, lr: 6.18e-07
     Epoch[23] Iteration[1230/1240], entropy: 0.7754, loss: 0.7754, lr: 1.36e-06
     Epoch[23] Iteration[1240/1240], entropy: 0.7049, loss: 0.7049, lr: 7.13e-06
     Averaged stats: entropy: 0.7049, loss: 0.7049, lr: 7.13e-06
     itm tta time 0:02:12
### TTA Eval Score: 
+-------+--------+--------+--------+--------+-------+
| epoch |   R1   |   R5   |  R10   |  mAP   |  mINP |
+-------+--------+--------+--------+--------+-------+
|  -999 | 60.268 | 76.708 | 82.633 | 35.227 | 5.902 |
|   0   | 59.432 | 76.401 | 82.532 | 35.124 | 6.055 |
|   1   | 57.673 | 75.378 | 81.802 | 34.367 | 6.101 |
|   2   | 54.328 | 73.181 | 79.993 | 32.625 | 5.887 |
|   3   | 49.678 | 69.891 | 77.237 | 30.134 | 5.454 |
|   4   | 45.052 | 65.830 | 73.962 | 27.396 | 4.933 |
|   5   | 40.709 | 61.971 | 70.304 | 24.676 | 4.390 |
|   6   | 36.512 | 57.860 | 66.667 | 22.151 | 3.882 |
|   7   | 33.086 | 54.136 | 63.336 | 19.944 | 3.433 |
|   8   | 30.094 | 50.741 | 59.895 | 17.985 | 3.049 |
|   9   | 27.539 | 47.607 | 56.918 | 16.312 | 2.726 |
|   10  | 25.156 | 44.841 | 53.930 | 14.826 | 2.441 |
|   11  | 22.970 | 42.246 | 51.285 | 13.559 | 2.206 |
|   12  | 21.136 | 39.883 | 48.841 | 12.443 | 1.999 |
|   13  | 19.584 | 37.833 | 46.534 | 11.451 | 1.821 |
|   14  | 18.198 | 35.716 | 44.448 | 10.582 | 1.670 |
|   15  | 17.065 | 33.817 | 42.427 | 9.813  | 1.541 |
|   16  | 15.825 | 31.988 | 40.644 | 9.134  | 1.430 |
|   17  | 14.853 | 30.325 | 39.032 | 8.537  | 1.334 |
|   18  | 14.006 | 28.940 | 37.429 | 8.013  | 1.252 |
|   19  | 13.301 | 27.640 | 35.742 | 7.513  | 1.176 |
|   20  | 12.636 | 26.476 | 34.109 | 7.079  | 1.109 |
|   21  | 11.941 | 25.333 | 32.794 | 6.681  | 1.051 |
|   22  | 11.281 | 24.325 | 31.570 | 6.331  | 1.000 |
|   23  | 10.797 | 23.408 | 30.527 | 6.012  | 0.953 |
+-------+--------+--------+--------+--------+-------+
     logs:  {'epo': 23, 'R1': 10.797, 'R5': 23.408, 'R10': 30.527, 'mAP': 6.012, 'mINP': 0.953, 'entropy': 0.707750195216748, 'loss': 0.707750195216748, 'lr': 4.959995374947268e-06}
     Epoch[24] Iteration[10/1240], entropy: 0.8043, loss: 0.8043, lr: 9.96e-06
     Epoch[24] Iteration[20/1240], entropy: 0.6618, loss: 0.6618, lr: 5.94e-06
     Epoch[24] Iteration[30/1240], entropy: 0.6680, loss: 0.6680, lr: 6.18e-07
     Epoch[24] Iteration[40/1240], entropy: 0.7554, loss: 0.7554, lr: 1.36e-06
     Epoch[24] Iteration[50/1240], entropy: 0.5312, loss: 0.5312, lr: 7.13e-06
     Epoch[24] Iteration[60/1240], entropy: 0.6358, loss: 0.6358, lr: 1.00e-05
     Epoch[24] Iteration[70/1240], entropy: 0.6335, loss: 0.6335, lr: 6.55e-06
     Epoch[24] Iteration[80/1240], entropy: 0.7146, loss: 0.7146, lr: 9.55e-07
     Epoch[24] Iteration[90/1240], entropy: 0.6777, loss: 0.6777, lr: 9.55e-07
     Epoch[24] Iteration[100/1240], entropy: 0.6729, loss: 0.6729, lr: 6.55e-06
     Epoch[24] Iteration[110/1240], entropy: 0.7855, loss: 0.7855, lr: 1.00e-05
     Epoch[24] Iteration[120/1240], entropy: 0.7150, loss: 0.7150, lr: 6.55e-06
     Epoch[24] Iteration[130/1240], entropy: 0.8136, loss: 0.8136, lr: 9.55e-07
     Epoch[24] Iteration[140/1240], entropy: 0.8139, loss: 0.8139, lr: 9.55e-07
     Epoch[24] Iteration[150/1240], entropy: 0.8275, loss: 0.8275, lr: 6.55e-06
     Epoch[24] Iteration[160/1240], entropy: 0.7145, loss: 0.7145, lr: 1.00e-05
     Epoch[24] Iteration[170/1240], entropy: 0.7014, loss: 0.7014, lr: 6.55e-06
     Epoch[24] Iteration[180/1240], entropy: 0.6878, loss: 0.6878, lr: 9.55e-07
     Epoch[24] Iteration[190/1240], entropy: 0.6432, loss: 0.6432, lr: 9.55e-07
     Epoch[24] Iteration[200/1240], entropy: 0.6252, loss: 0.6252, lr: 6.55e-06
     Epoch[24] Iteration[210/1240], entropy: 0.7057, loss: 0.7057, lr: 1.00e-05
     Epoch[24] Iteration[220/1240], entropy: 0.5016, loss: 0.5016, lr: 6.55e-06
     Epoch[24] Iteration[230/1240], entropy: 0.7162, loss: 0.7162, lr: 9.55e-07
     Epoch[24] Iteration[240/1240], entropy: 0.5547, loss: 0.5547, lr: 9.55e-07
     Epoch[24] Iteration[250/1240], entropy: 0.7391, loss: 0.7391, lr: 6.55e-06
     Epoch[24] Iteration[260/1240], entropy: 0.5529, loss: 0.5529, lr: 1.00e-05
     Epoch[24] Iteration[270/1240], entropy: 0.4750, loss: 0.4750, lr: 6.55e-06
     Epoch[24] Iteration[280/1240], entropy: 0.7862, loss: 0.7862, lr: 9.55e-07
     Epoch[24] Iteration[290/1240], entropy: 0.5894, loss: 0.5894, lr: 9.55e-07
     Epoch[24] Iteration[300/1240], entropy: 0.6951, loss: 0.6951, lr: 6.55e-06
     Epoch[24] Iteration[310/1240], entropy: 0.6919, loss: 0.6919, lr: 1.00e-05
     Epoch[24] Iteration[320/1240], entropy: 0.6625, loss: 0.6625, lr: 6.55e-06
     Epoch[24] Iteration[330/1240], entropy: 0.7621, loss: 0.7621, lr: 9.55e-07
     Epoch[24] Iteration[340/1240], entropy: 0.7322, loss: 0.7322, lr: 9.55e-07
     Epoch[24] Iteration[350/1240], entropy: 0.7658, loss: 0.7658, lr: 6.55e-06
     Epoch[24] Iteration[360/1240], entropy: 0.8155, loss: 0.8155, lr: 1.00e-05
     Epoch[24] Iteration[370/1240], entropy: 0.6469, loss: 0.6469, lr: 6.55e-06
     Epoch[24] Iteration[380/1240], entropy: 0.6105, loss: 0.6105, lr: 9.55e-07
     Epoch[24] Iteration[390/1240], entropy: 0.6617, loss: 0.6617, lr: 9.55e-07
     Epoch[24] Iteration[400/1240], entropy: 0.6466, loss: 0.6466, lr: 6.55e-06
     Epoch[24] Iteration[410/1240], entropy: 0.7177, loss: 0.7177, lr: 1.00e-05
     Epoch[24] Iteration[420/1240], entropy: 0.5412, loss: 0.5412, lr: 6.55e-06
     Epoch[24] Iteration[430/1240], entropy: 0.4397, loss: 0.4397, lr: 9.55e-07
     Epoch[24] Iteration[440/1240], entropy: 0.5279, loss: 0.5279, lr: 9.55e-07
     Epoch[24] Iteration[450/1240], entropy: 0.5281, loss: 0.5281, lr: 6.55e-06
     Epoch[24] Iteration[460/1240], entropy: 0.6951, loss: 0.6951, lr: 1.00e-05
     Epoch[24] Iteration[470/1240], entropy: 0.5084, loss: 0.5084, lr: 6.55e-06
     Epoch[24] Iteration[480/1240], entropy: 0.6174, loss: 0.6174, lr: 9.55e-07
     Epoch[24] Iteration[490/1240], entropy: 0.6811, loss: 0.6811, lr: 9.55e-07
     Epoch[24] Iteration[500/1240], entropy: 0.7106, loss: 0.7106, lr: 6.55e-06
     Epoch[24] Iteration[510/1240], entropy: 0.6715, loss: 0.6715, lr: 1.00e-05
     Epoch[24] Iteration[520/1240], entropy: 0.6657, loss: 0.6657, lr: 6.55e-06
     Epoch[24] Iteration[530/1240], entropy: 0.7888, loss: 0.7888, lr: 9.55e-07
     Epoch[24] Iteration[540/1240], entropy: 0.6105, loss: 0.6105, lr: 9.55e-07
     Epoch[24] Iteration[550/1240], entropy: 0.5987, loss: 0.5987, lr: 6.55e-06
     Epoch[24] Iteration[560/1240], entropy: 0.5357, loss: 0.5357, lr: 1.00e-05
     Epoch[24] Iteration[570/1240], entropy: 0.6153, loss: 0.6153, lr: 6.55e-06
     Epoch[24] Iteration[580/1240], entropy: 1.0150, loss: 1.0150, lr: 9.55e-07
     Epoch[24] Iteration[590/1240], entropy: 0.3557, loss: 0.3557, lr: 9.55e-07
     Epoch[24] Iteration[600/1240], entropy: 0.6682, loss: 0.6682, lr: 6.55e-06
     Epoch[24] Iteration[610/1240], entropy: 0.6500, loss: 0.6500, lr: 1.00e-05
     Epoch[24] Iteration[620/1240], entropy: 0.8356, loss: 0.8356, lr: 6.55e-06
     Epoch[24] Iteration[630/1240], entropy: 0.6436, loss: 0.6436, lr: 9.55e-07
     Epoch[24] Iteration[640/1240], entropy: 0.7321, loss: 0.7321, lr: 9.55e-07
     Epoch[24] Iteration[650/1240], entropy: 0.5572, loss: 0.5572, lr: 6.55e-06
     Epoch[24] Iteration[660/1240], entropy: 0.6642, loss: 0.6642, lr: 1.00e-05
     Epoch[24] Iteration[670/1240], entropy: 0.7490, loss: 0.7490, lr: 6.55e-06
     Epoch[24] Iteration[680/1240], entropy: 0.6390, loss: 0.6390, lr: 9.55e-07
     Epoch[24] Iteration[690/1240], entropy: 0.7042, loss: 0.7042, lr: 9.55e-07
     Epoch[24] Iteration[700/1240], entropy: 0.7601, loss: 0.7601, lr: 6.55e-06
     Epoch[24] Iteration[710/1240], entropy: 0.6758, loss: 0.6758, lr: 1.00e-05
     Epoch[24] Iteration[720/1240], entropy: 0.6913, loss: 0.6913, lr: 6.55e-06
     Epoch[24] Iteration[730/1240], entropy: 0.4699, loss: 0.4699, lr: 9.55e-07
     Epoch[24] Iteration[740/1240], entropy: 0.7459, loss: 0.7459, lr: 9.55e-07
     Epoch[24] Iteration[750/1240], entropy: 0.7504, loss: 0.7504, lr: 6.55e-06
     Epoch[24] Iteration[760/1240], entropy: 0.6291, loss: 0.6291, lr: 1.00e-05
     Epoch[24] Iteration[770/1240], entropy: 0.6261, loss: 0.6261, lr: 6.55e-06
     Epoch[24] Iteration[780/1240], entropy: 0.7189, loss: 0.7189, lr: 9.55e-07
     Epoch[24] Iteration[790/1240], entropy: 0.6810, loss: 0.6810, lr: 9.55e-07
     Epoch[24] Iteration[800/1240], entropy: 0.8162, loss: 0.8162, lr: 6.55e-06
     Epoch[24] Iteration[810/1240], entropy: 0.5458, loss: 0.5458, lr: 1.00e-05
     Epoch[24] Iteration[820/1240], entropy: 0.6286, loss: 0.6286, lr: 6.55e-06
     Epoch[24] Iteration[830/1240], entropy: 0.8605, loss: 0.8605, lr: 9.55e-07
     Epoch[24] Iteration[840/1240], entropy: 0.9617, loss: 0.9617, lr: 9.55e-07
     Epoch[24] Iteration[850/1240], entropy: 0.7768, loss: 0.7768, lr: 6.55e-06
     Epoch[24] Iteration[860/1240], entropy: 0.6384, loss: 0.6384, lr: 1.00e-05
     Epoch[24] Iteration[870/1240], entropy: 0.8674, loss: 0.8674, lr: 6.55e-06
     Epoch[24] Iteration[880/1240], entropy: 0.5893, loss: 0.5893, lr: 9.55e-07
     Epoch[24] Iteration[890/1240], entropy: 0.8578, loss: 0.8578, lr: 9.55e-07
     Epoch[24] Iteration[900/1240], entropy: 0.5628, loss: 0.5628, lr: 6.55e-06
     Epoch[24] Iteration[910/1240], entropy: 0.6886, loss: 0.6886, lr: 1.00e-05
     Epoch[24] Iteration[920/1240], entropy: 0.7530, loss: 0.7530, lr: 6.55e-06
     Epoch[24] Iteration[930/1240], entropy: 0.7031, loss: 0.7031, lr: 9.55e-07
     Epoch[24] Iteration[940/1240], entropy: 0.5713, loss: 0.5713, lr: 9.55e-07
     Epoch[24] Iteration[950/1240], entropy: 0.6883, loss: 0.6883, lr: 6.55e-06
     Epoch[24] Iteration[960/1240], entropy: 0.7223, loss: 0.7223, lr: 1.00e-05
     Epoch[24] Iteration[970/1240], entropy: 0.6657, loss: 0.6657, lr: 6.55e-06
     Epoch[24] Iteration[980/1240], entropy: 0.6535, loss: 0.6535, lr: 9.55e-07
     Epoch[24] Iteration[990/1240], entropy: 0.6463, loss: 0.6463, lr: 9.55e-07
     Epoch[24] Iteration[1000/1240], entropy: 0.8326, loss: 0.8326, lr: 6.55e-06
     Epoch[24] Iteration[1010/1240], entropy: 0.6613, loss: 0.6613, lr: 1.00e-05
     Epoch[24] Iteration[1020/1240], entropy: 0.8473, loss: 0.8473, lr: 7.13e-06
     Epoch[24] Iteration[1030/1240], entropy: 0.6128, loss: 0.6128, lr: 1.36e-06
     Epoch[24] Iteration[1040/1240], entropy: 0.6236, loss: 0.6236, lr: 6.18e-07
     Epoch[24] Iteration[1050/1240], entropy: 0.6133, loss: 0.6133, lr: 5.94e-06
     Epoch[24] Iteration[1060/1240], entropy: 0.5672, loss: 0.5672, lr: 9.96e-06
     Epoch[24] Iteration[1070/1240], entropy: 0.6258, loss: 0.6258, lr: 7.13e-06
     Epoch[24] Iteration[1080/1240], entropy: 0.6719, loss: 0.6719, lr: 1.36e-06
     Epoch[24] Iteration[1090/1240], entropy: 0.7321, loss: 0.7321, lr: 6.18e-07
     Epoch[24] Iteration[1100/1240], entropy: 0.7050, loss: 0.7050, lr: 5.94e-06
     Epoch[24] Iteration[1110/1240], entropy: 0.5483, loss: 0.5483, lr: 9.96e-06
     Epoch[24] Iteration[1120/1240], entropy: 0.6125, loss: 0.6125, lr: 7.13e-06
     Epoch[24] Iteration[1130/1240], entropy: 0.5745, loss: 0.5745, lr: 1.36e-06
     Epoch[24] Iteration[1140/1240], entropy: 0.7394, loss: 0.7394, lr: 6.18e-07
     Epoch[24] Iteration[1150/1240], entropy: 0.7970, loss: 0.7970, lr: 5.94e-06
     Epoch[24] Iteration[1160/1240], entropy: 0.5470, loss: 0.5470, lr: 9.96e-06
     Epoch[24] Iteration[1170/1240], entropy: 0.6984, loss: 0.6984, lr: 7.13e-06
     Epoch[24] Iteration[1180/1240], entropy: 0.6131, loss: 0.6131, lr: 1.36e-06
     Epoch[24] Iteration[1190/1240], entropy: 0.5884, loss: 0.5884, lr: 6.18e-07
     Epoch[24] Iteration[1200/1240], entropy: 0.4879, loss: 0.4879, lr: 5.94e-06
     Epoch[24] Iteration[1210/1240], entropy: 0.5972, loss: 0.5972, lr: 9.96e-06
     Epoch[24] Iteration[1220/1240], entropy: 0.8382, loss: 0.8382, lr: 7.13e-06
     Epoch[24] Iteration[1230/1240], entropy: 0.6210, loss: 0.6210, lr: 1.36e-06
     Epoch[24] Iteration[1240/1240], entropy: 0.6106, loss: 0.6106, lr: 6.18e-07
     Averaged stats: entropy: 0.6106, loss: 0.6106, lr: 6.18e-07
     itm tta time 0:02:50
### TTA Eval Score: 
+-------+--------+--------+--------+--------+-------+
| epoch |   R1   |   R5   |  R10   |  mAP   |  mINP |
+-------+--------+--------+--------+--------+-------+
|  -999 | 60.268 | 76.708 | 82.633 | 35.227 | 5.902 |
|   0   | 59.432 | 76.401 | 82.532 | 35.124 | 6.055 |
|   1   | 57.673 | 75.378 | 81.802 | 34.367 | 6.101 |
|   2   | 54.328 | 73.181 | 79.993 | 32.625 | 5.887 |
|   3   | 49.678 | 69.891 | 77.237 | 30.134 | 5.454 |
|   4   | 45.052 | 65.830 | 73.962 | 27.396 | 4.933 |
|   5   | 40.709 | 61.971 | 70.304 | 24.676 | 4.390 |
|   6   | 36.512 | 57.860 | 66.667 | 22.151 | 3.882 |
|   7   | 33.086 | 54.136 | 63.336 | 19.944 | 3.433 |
|   8   | 30.094 | 50.741 | 59.895 | 17.985 | 3.049 |
|   9   | 27.539 | 47.607 | 56.918 | 16.312 | 2.726 |
|   10  | 25.156 | 44.841 | 53.930 | 14.826 | 2.441 |
|   11  | 22.970 | 42.246 | 51.285 | 13.559 | 2.206 |
|   12  | 21.136 | 39.883 | 48.841 | 12.443 | 1.999 |
|   13  | 19.584 | 37.833 | 46.534 | 11.451 | 1.821 |
|   14  | 18.198 | 35.716 | 44.448 | 10.582 | 1.670 |
|   15  | 17.065 | 33.817 | 42.427 | 9.813  | 1.541 |
|   16  | 15.825 | 31.988 | 40.644 | 9.134  | 1.430 |
|   17  | 14.853 | 30.325 | 39.032 | 8.537  | 1.334 |
|   18  | 14.006 | 28.940 | 37.429 | 8.013  | 1.252 |
|   19  | 13.301 | 27.640 | 35.742 | 7.513  | 1.176 |
|   20  | 12.636 | 26.476 | 34.109 | 7.079  | 1.109 |
|   21  | 11.941 | 25.333 | 32.794 | 6.681  | 1.051 |
|   22  | 11.281 | 24.325 | 31.570 | 6.331  | 1.000 |
|   23  | 10.797 | 23.408 | 30.527 | 6.012  | 0.953 |
|   24  | 10.374 | 22.516 | 29.670 | 5.713  | 0.911 |
+-------+--------+--------+--------+--------+-------+
     logs:  {'epo': 24, 'R1': 10.374, 'R5': 22.516, 'R10': 29.67, 'mAP': 5.713, 'mINP': 0.911, 'entropy': 0.6723659649010627, 'loss': 0.6723659649010627, 'lr': 4.9927622574231544e-06}
     Epoch[25] Iteration[10/1240], entropy: 0.7344, loss: 0.7344, lr: 5.94e-06
     Epoch[25] Iteration[20/1240], entropy: 1.0414, loss: 1.0414, lr: 9.96e-06
     Epoch[25] Iteration[30/1240], entropy: 0.7594, loss: 0.7594, lr: 7.13e-06
     Epoch[25] Iteration[40/1240], entropy: 0.5708, loss: 0.5708, lr: 1.36e-06
     Epoch[25] Iteration[50/1240], entropy: 0.8686, loss: 0.8686, lr: 6.18e-07
     Epoch[25] Iteration[60/1240], entropy: 0.8986, loss: 0.8986, lr: 5.94e-06
     Epoch[25] Iteration[70/1240], entropy: 0.5781, loss: 0.5781, lr: 9.96e-06
     Epoch[25] Iteration[80/1240], entropy: 0.8690, loss: 0.8690, lr: 7.13e-06
     Epoch[25] Iteration[90/1240], entropy: 0.7066, loss: 0.7066, lr: 1.36e-06
     Epoch[25] Iteration[100/1240], entropy: 0.7159, loss: 0.7159, lr: 6.18e-07
     Epoch[25] Iteration[110/1240], entropy: 0.7237, loss: 0.7237, lr: 5.94e-06
     Epoch[25] Iteration[120/1240], entropy: 0.7756, loss: 0.7756, lr: 9.96e-06
     Epoch[25] Iteration[130/1240], entropy: 0.8015, loss: 0.8015, lr: 7.13e-06
     Epoch[25] Iteration[140/1240], entropy: 0.7323, loss: 0.7323, lr: 1.36e-06
     Epoch[25] Iteration[150/1240], entropy: 0.3704, loss: 0.3704, lr: 6.18e-07
     Epoch[25] Iteration[160/1240], entropy: 0.8885, loss: 0.8885, lr: 5.94e-06
     Epoch[25] Iteration[170/1240], entropy: 0.7179, loss: 0.7179, lr: 9.96e-06
     Epoch[25] Iteration[180/1240], entropy: 0.5597, loss: 0.5597, lr: 7.13e-06
     Epoch[25] Iteration[190/1240], entropy: 0.6330, loss: 0.6330, lr: 1.36e-06
     Epoch[25] Iteration[200/1240], entropy: 0.7592, loss: 0.7592, lr: 6.18e-07
     Epoch[25] Iteration[210/1240], entropy: 0.6467, loss: 0.6467, lr: 5.94e-06
     Epoch[25] Iteration[220/1240], entropy: 0.8749, loss: 0.8749, lr: 9.96e-06
     Epoch[25] Iteration[230/1240], entropy: 0.4664, loss: 0.4664, lr: 7.13e-06
     Epoch[25] Iteration[240/1240], entropy: 0.5016, loss: 0.5016, lr: 1.36e-06
     Epoch[25] Iteration[250/1240], entropy: 0.8181, loss: 0.8181, lr: 6.18e-07
     Epoch[25] Iteration[260/1240], entropy: 0.8583, loss: 0.8583, lr: 5.94e-06
     Epoch[25] Iteration[270/1240], entropy: 0.7484, loss: 0.7484, lr: 9.96e-06
     Epoch[25] Iteration[280/1240], entropy: 0.7678, loss: 0.7678, lr: 7.13e-06
     Epoch[25] Iteration[290/1240], entropy: 0.5986, loss: 0.5986, lr: 1.36e-06
     Epoch[25] Iteration[300/1240], entropy: 0.7529, loss: 0.7529, lr: 6.18e-07
     Epoch[25] Iteration[310/1240], entropy: 0.6875, loss: 0.6875, lr: 5.94e-06
     Epoch[25] Iteration[320/1240], entropy: 0.6538, loss: 0.6538, lr: 9.96e-06
     Epoch[25] Iteration[330/1240], entropy: 0.6726, loss: 0.6726, lr: 7.13e-06
     Epoch[25] Iteration[340/1240], entropy: 0.4749, loss: 0.4749, lr: 1.36e-06
     Epoch[25] Iteration[350/1240], entropy: 0.8817, loss: 0.8817, lr: 6.18e-07
     Epoch[25] Iteration[360/1240], entropy: 0.5273, loss: 0.5273, lr: 5.94e-06
     Epoch[25] Iteration[370/1240], entropy: 0.5969, loss: 0.5969, lr: 9.96e-06
     Epoch[25] Iteration[380/1240], entropy: 0.7245, loss: 0.7245, lr: 7.13e-06
     Epoch[25] Iteration[390/1240], entropy: 0.5803, loss: 0.5803, lr: 1.36e-06
     Epoch[25] Iteration[400/1240], entropy: 0.6821, loss: 0.6821, lr: 6.18e-07
     Epoch[25] Iteration[410/1240], entropy: 0.6642, loss: 0.6642, lr: 5.94e-06
     Epoch[25] Iteration[420/1240], entropy: 0.5005, loss: 0.5005, lr: 9.96e-06
     Epoch[25] Iteration[430/1240], entropy: 0.6955, loss: 0.6955, lr: 7.13e-06
     Epoch[25] Iteration[440/1240], entropy: 0.6569, loss: 0.6569, lr: 1.36e-06
     Epoch[25] Iteration[450/1240], entropy: 0.5519, loss: 0.5519, lr: 6.18e-07
     Epoch[25] Iteration[460/1240], entropy: 0.7684, loss: 0.7684, lr: 5.94e-06
     Epoch[25] Iteration[470/1240], entropy: 0.6970, loss: 0.6970, lr: 9.96e-06
     Epoch[25] Iteration[480/1240], entropy: 0.6310, loss: 0.6310, lr: 7.13e-06
     Epoch[25] Iteration[490/1240], entropy: 0.6426, loss: 0.6426, lr: 1.36e-06
     Epoch[25] Iteration[500/1240], entropy: 0.7441, loss: 0.7441, lr: 6.18e-07
     Epoch[25] Iteration[510/1240], entropy: 0.7008, loss: 0.7008, lr: 5.94e-06
     Epoch[25] Iteration[520/1240], entropy: 0.5908, loss: 0.5908, lr: 9.96e-06
     Epoch[25] Iteration[530/1240], entropy: 0.5796, loss: 0.5796, lr: 7.13e-06
     Epoch[25] Iteration[540/1240], entropy: 0.6664, loss: 0.6664, lr: 1.36e-06
     Epoch[25] Iteration[550/1240], entropy: 0.6996, loss: 0.6996, lr: 6.18e-07
     Epoch[25] Iteration[560/1240], entropy: 0.5354, loss: 0.5354, lr: 5.94e-06
     Epoch[25] Iteration[570/1240], entropy: 0.7512, loss: 0.7512, lr: 9.96e-06
     Epoch[25] Iteration[580/1240], entropy: 0.8193, loss: 0.8193, lr: 7.13e-06
     Epoch[25] Iteration[590/1240], entropy: 0.4824, loss: 0.4824, lr: 1.36e-06
     Epoch[25] Iteration[600/1240], entropy: 0.6671, loss: 0.6671, lr: 6.18e-07
     Epoch[25] Iteration[610/1240], entropy: 0.7462, loss: 0.7462, lr: 5.94e-06
     Epoch[25] Iteration[620/1240], entropy: 0.6744, loss: 0.6744, lr: 9.96e-06
     Epoch[25] Iteration[630/1240], entropy: 0.4963, loss: 0.4963, lr: 7.13e-06
     Epoch[25] Iteration[640/1240], entropy: 0.7095, loss: 0.7095, lr: 1.36e-06
     Epoch[25] Iteration[650/1240], entropy: 0.8753, loss: 0.8753, lr: 6.18e-07
     Epoch[25] Iteration[660/1240], entropy: 0.6921, loss: 0.6921, lr: 5.94e-06
     Epoch[25] Iteration[670/1240], entropy: 0.6834, loss: 0.6834, lr: 9.96e-06
     Epoch[25] Iteration[680/1240], entropy: 0.6323, loss: 0.6323, lr: 7.13e-06
     Epoch[25] Iteration[690/1240], entropy: 0.7215, loss: 0.7215, lr: 1.36e-06
     Epoch[25] Iteration[700/1240], entropy: 0.7369, loss: 0.7369, lr: 6.18e-07
     Epoch[25] Iteration[710/1240], entropy: 0.7949, loss: 0.7949, lr: 5.94e-06
     Epoch[25] Iteration[720/1240], entropy: 0.5123, loss: 0.5123, lr: 9.96e-06
     Epoch[25] Iteration[730/1240], entropy: 0.7212, loss: 0.7212, lr: 7.13e-06
     Epoch[25] Iteration[740/1240], entropy: 0.4392, loss: 0.4392, lr: 1.36e-06
     Epoch[25] Iteration[750/1240], entropy: 0.7777, loss: 0.7777, lr: 6.18e-07
     Epoch[25] Iteration[760/1240], entropy: 0.7165, loss: 0.7165, lr: 5.94e-06
     Epoch[25] Iteration[770/1240], entropy: 0.5565, loss: 0.5565, lr: 9.96e-06
     Epoch[25] Iteration[780/1240], entropy: 0.8838, loss: 0.8838, lr: 7.13e-06
     Epoch[25] Iteration[790/1240], entropy: 0.4912, loss: 0.4912, lr: 1.36e-06
     Epoch[25] Iteration[800/1240], entropy: 0.5617, loss: 0.5617, lr: 6.18e-07
     Epoch[25] Iteration[810/1240], entropy: 0.7070, loss: 0.7070, lr: 5.94e-06
     Epoch[25] Iteration[820/1240], entropy: 0.6242, loss: 0.6242, lr: 9.96e-06
     Epoch[25] Iteration[830/1240], entropy: 0.7941, loss: 0.7941, lr: 7.13e-06
     Epoch[25] Iteration[840/1240], entropy: 0.7208, loss: 0.7208, lr: 1.36e-06
     Epoch[25] Iteration[850/1240], entropy: 0.8351, loss: 0.8351, lr: 6.18e-07
     Epoch[25] Iteration[860/1240], entropy: 0.7130, loss: 0.7130, lr: 5.94e-06
     Epoch[25] Iteration[870/1240], entropy: 0.7480, loss: 0.7480, lr: 9.96e-06
     Epoch[25] Iteration[880/1240], entropy: 0.4515, loss: 0.4515, lr: 7.13e-06
     Epoch[25] Iteration[890/1240], entropy: 0.8030, loss: 0.8030, lr: 1.36e-06
     Epoch[25] Iteration[900/1240], entropy: 0.8560, loss: 0.8560, lr: 6.18e-07
     Epoch[25] Iteration[910/1240], entropy: 0.7650, loss: 0.7650, lr: 5.94e-06
     Epoch[25] Iteration[920/1240], entropy: 0.6957, loss: 0.6957, lr: 9.96e-06
     Epoch[25] Iteration[930/1240], entropy: 0.5676, loss: 0.5676, lr: 7.13e-06
     Epoch[25] Iteration[940/1240], entropy: 0.4032, loss: 0.4032, lr: 1.36e-06
     Epoch[25] Iteration[950/1240], entropy: 0.7477, loss: 0.7477, lr: 6.18e-07
     Epoch[25] Iteration[960/1240], entropy: 0.6598, loss: 0.6598, lr: 5.94e-06
     Epoch[25] Iteration[970/1240], entropy: 0.8031, loss: 0.8031, lr: 9.96e-06
     Epoch[25] Iteration[980/1240], entropy: 0.8995, loss: 0.8995, lr: 7.13e-06
     Epoch[25] Iteration[990/1240], entropy: 0.7997, loss: 0.7997, lr: 1.36e-06
     Epoch[25] Iteration[1000/1240], entropy: 0.6791, loss: 0.6791, lr: 6.18e-07
     Epoch[25] Iteration[1010/1240], entropy: 0.6864, loss: 0.6864, lr: 5.94e-06
     Epoch[25] Iteration[1020/1240], entropy: 0.6577, loss: 0.6577, lr: 9.96e-06
     Epoch[25] Iteration[1030/1240], entropy: 0.6260, loss: 0.6260, lr: 7.13e-06
     Epoch[25] Iteration[1040/1240], entropy: 0.5793, loss: 0.5793, lr: 1.36e-06
     Epoch[25] Iteration[1050/1240], entropy: 0.8961, loss: 0.8961, lr: 6.18e-07
     Epoch[25] Iteration[1060/1240], entropy: 0.7443, loss: 0.7443, lr: 5.94e-06
     Epoch[25] Iteration[1070/1240], entropy: 0.5564, loss: 0.5564, lr: 9.96e-06
     Epoch[25] Iteration[1080/1240], entropy: 0.5483, loss: 0.5483, lr: 7.13e-06
     Epoch[25] Iteration[1090/1240], entropy: 0.7615, loss: 0.7615, lr: 1.36e-06
     Epoch[25] Iteration[1100/1240], entropy: 0.5547, loss: 0.5547, lr: 6.18e-07
     Epoch[25] Iteration[1110/1240], entropy: 0.6420, loss: 0.6420, lr: 5.94e-06
     Epoch[25] Iteration[1120/1240], entropy: 0.7225, loss: 0.7225, lr: 9.96e-06
     Epoch[25] Iteration[1130/1240], entropy: 0.8153, loss: 0.8153, lr: 7.13e-06
     Epoch[25] Iteration[1140/1240], entropy: 0.6446, loss: 0.6446, lr: 1.36e-06
     Epoch[25] Iteration[1150/1240], entropy: 0.7743, loss: 0.7743, lr: 6.18e-07
     Epoch[25] Iteration[1160/1240], entropy: 0.6009, loss: 0.6009, lr: 5.94e-06
     Epoch[25] Iteration[1170/1240], entropy: 0.4481, loss: 0.4481, lr: 9.96e-06
     Epoch[25] Iteration[1180/1240], entropy: 0.5516, loss: 0.5516, lr: 7.13e-06
     Epoch[25] Iteration[1190/1240], entropy: 0.8932, loss: 0.8932, lr: 1.36e-06
     Epoch[25] Iteration[1200/1240], entropy: 0.8892, loss: 0.8892, lr: 6.18e-07
     Epoch[25] Iteration[1210/1240], entropy: 0.7056, loss: 0.7056, lr: 5.94e-06
     Epoch[25] Iteration[1220/1240], entropy: 0.8089, loss: 0.8089, lr: 9.96e-06
     Epoch[25] Iteration[1230/1240], entropy: 0.7253, loss: 0.7253, lr: 7.13e-06
     Epoch[25] Iteration[1240/1240], entropy: 0.6733, loss: 0.6733, lr: 1.36e-06
     Averaged stats: entropy: 0.6733, loss: 0.6733, lr: 1.36e-06
     itm tta time 0:02:43
