Not using distributed mode
### Hyper-parameters:
     output_dir: output/ham_icfg_tta_best2/exp2.0.4/2025090216414
     seed: 42
     device: cuda
     batch_size_tta: 16
     epochs: 30
     lr: 0.001
### Creating test dataset
     test_txt_set: 19848    test_img_set: 19848
     test_txt_loader: 39    test_img_loader: 39
### Creating model
Training Model with ['sdm', 'id', 'mlm'] tasks
Resized position embedding from size:torch.Size([1, 197, 768]) to size: torch.Size([1, 193, 768]) with height:24 width: 8
     Total Params Sum:  190482206
### Zero-Shot Score: 
/data2/jiahao/task/IRRA/tta.py:261: FutureWarning: `torch.cuda.amp.GradScaler(args...)` is deprecated. Please use `torch.amp.GradScaler('cuda', args...)` instead.
  scaler = GradScaler()  # bf16
+-------+--------+--------+--------+--------+-------+
| epoch |   R1   |   R5   |  R10   |  mAP   |  mINP |
+-------+--------+--------+--------+--------+-------+
|  -999 | 58.943 | 76.108 | 82.205 | 34.719 | 5.891 |
+-------+--------+--------+--------+--------+-------+
### TTA:
### Compute Cos Similarity Uncertainty
     preprocess_tta_coefficients  start
     sample selection ...
     number of sample after sample_selection: 4801
     uncertainty ...
     preprocess_tta_coefficients  end
### Creating TTA dataset
     tta_dataset: 4801
### Creating tta dataloader
### be careful: func create_loader returns a list length of 1
     tta_loader: 300
### Configure adapted weights
     TTA Dropout Modules: 
 []
     TTA Require Gradient Params: 
 [('base_model.transformer.resblocks.0.ln_1.weight', torch.Size([512])), ('base_model.transformer.resblocks.0.ln_1.bias', torch.Size([512])), ('base_model.transformer.resblocks.0.ln_2.weight', torch.Size([512])), ('base_model.transformer.resblocks.0.ln_2.bias', torch.Size([512])), ('base_model.transformer.resblocks.1.ln_1.weight', torch.Size([512])), ('base_model.transformer.resblocks.1.ln_1.bias', torch.Size([512])), ('base_model.transformer.resblocks.1.ln_2.weight', torch.Size([512])), ('base_model.transformer.resblocks.1.ln_2.bias', torch.Size([512])), ('base_model.transformer.resblocks.2.ln_1.weight', torch.Size([512])), ('base_model.transformer.resblocks.2.ln_1.bias', torch.Size([512])), ('base_model.transformer.resblocks.2.ln_2.weight', torch.Size([512])), ('base_model.transformer.resblocks.2.ln_2.bias', torch.Size([512])), ('base_model.transformer.resblocks.3.ln_1.weight', torch.Size([512])), ('base_model.transformer.resblocks.3.ln_1.bias', torch.Size([512])), ('base_model.transformer.resblocks.3.ln_2.weight', torch.Size([512])), ('base_model.transformer.resblocks.3.ln_2.bias', torch.Size([512])), ('base_model.transformer.resblocks.4.ln_1.weight', torch.Size([512])), ('base_model.transformer.resblocks.4.ln_1.bias', torch.Size([512])), ('base_model.transformer.resblocks.4.ln_2.weight', torch.Size([512])), ('base_model.transformer.resblocks.4.ln_2.bias', torch.Size([512])), ('base_model.transformer.resblocks.5.ln_1.weight', torch.Size([512])), ('base_model.transformer.resblocks.5.ln_1.bias', torch.Size([512])), ('base_model.transformer.resblocks.5.ln_2.weight', torch.Size([512])), ('base_model.transformer.resblocks.5.ln_2.bias', torch.Size([512])), ('base_model.transformer.resblocks.6.ln_1.weight', torch.Size([512])), ('base_model.transformer.resblocks.6.ln_1.bias', torch.Size([512])), ('base_model.transformer.resblocks.6.ln_2.weight', torch.Size([512])), ('base_model.transformer.resblocks.6.ln_2.bias', torch.Size([512])), ('base_model.transformer.resblocks.7.ln_1.weight', torch.Size([512])), ('base_model.transformer.resblocks.7.ln_1.bias', torch.Size([512])), ('base_model.transformer.resblocks.7.ln_2.weight', torch.Size([512])), ('base_model.transformer.resblocks.7.ln_2.bias', torch.Size([512])), ('base_model.transformer.resblocks.8.ln_1.weight', torch.Size([512])), ('base_model.transformer.resblocks.8.ln_1.bias', torch.Size([512])), ('base_model.transformer.resblocks.8.ln_2.weight', torch.Size([512])), ('base_model.transformer.resblocks.8.ln_2.bias', torch.Size([512])), ('base_model.transformer.resblocks.9.ln_1.weight', torch.Size([512])), ('base_model.transformer.resblocks.9.ln_1.bias', torch.Size([512])), ('base_model.transformer.resblocks.9.ln_2.weight', torch.Size([512])), ('base_model.transformer.resblocks.9.ln_2.bias', torch.Size([512])), ('base_model.transformer.resblocks.10.ln_1.weight', torch.Size([512])), ('base_model.transformer.resblocks.10.ln_1.bias', torch.Size([512])), ('base_model.transformer.resblocks.10.ln_2.weight', torch.Size([512])), ('base_model.transformer.resblocks.10.ln_2.bias', torch.Size([512])), ('base_model.transformer.resblocks.11.ln_1.weight', torch.Size([512])), ('base_model.transformer.resblocks.11.ln_1.bias', torch.Size([512])), ('base_model.transformer.resblocks.11.ln_2.weight', torch.Size([512])), ('base_model.transformer.resblocks.11.ln_2.bias', torch.Size([512])), ('base_model.ln_final.weight', torch.Size([512])), ('base_model.ln_final.bias', torch.Size([512]))]
     TTA Dropout Modules Number: 
 0
     TTA Require Gradient Params Sum: 
 25600
Using 5.0 times learning rate for random init module 
### Start Test Time Adaptation
/data2/jiahao/task/IRRA/tta.py:65: FutureWarning: `torch.cuda.amp.autocast(args...)` is deprecated. Please use `torch.amp.autocast('cuda', args...)` instead.
  with torch.cuda.amp.autocast(enabled=True):
     Epoch[0] Iteration[10/300], entropy: 1.3476, loss: 2.6227, lr: 9.38e-04
     Epoch[0] Iteration[20/300], entropy: 1.2705, loss: 2.4494, lr: 4.06e-04
     Epoch[0] Iteration[30/300], entropy: 1.1823, loss: 2.4861, lr: 3.94e-06
     Epoch[0] Iteration[40/300], entropy: 1.2613, loss: 2.5094, lr: 2.87e-04
     Epoch[0] Iteration[50/300], entropy: 1.2176, loss: 2.5073, lr: 8.64e-04
     Epoch[0] Iteration[60/300], entropy: 1.0868, loss: 2.4028, lr: 9.38e-04
     Epoch[0] Iteration[70/300], entropy: 0.9563, loss: 2.3641, lr: 4.06e-04
     Epoch[0] Iteration[80/300], entropy: 1.2115, loss: 2.6039, lr: 3.94e-06
     Epoch[0] Iteration[90/300], entropy: 0.9620, loss: 2.2870, lr: 2.87e-04
     Epoch[0] Iteration[100/300], entropy: 0.9107, loss: 2.3149, lr: 8.64e-04
     Epoch[0] Iteration[110/300], entropy: 0.9480, loss: 2.3669, lr: 9.38e-04
     Epoch[0] Iteration[120/300], entropy: 0.9235, loss: 2.3187, lr: 4.06e-04
     Epoch[0] Iteration[130/300], entropy: 0.8807, loss: 2.3238, lr: 3.94e-06
     Epoch[0] Iteration[140/300], entropy: 0.8932, loss: 2.2032, lr: 2.87e-04
     Epoch[0] Iteration[150/300], entropy: 0.8584, loss: 2.3827, lr: 8.64e-04
     Epoch[0] Iteration[160/300], entropy: 0.8382, loss: 2.3448, lr: 9.38e-04
     Epoch[0] Iteration[170/300], entropy: 0.9810, loss: 2.4087, lr: 4.06e-04
     Epoch[0] Iteration[180/300], entropy: 0.9512, loss: 2.3782, lr: 3.94e-06
     Epoch[0] Iteration[190/300], entropy: 1.1373, loss: 2.5181, lr: 2.87e-04
     Epoch[0] Iteration[200/300], entropy: 1.0215, loss: 2.4911, lr: 8.64e-04
     Epoch[0] Iteration[210/300], entropy: 0.8328, loss: 2.3737, lr: 9.38e-04
     Epoch[0] Iteration[220/300], entropy: 1.0005, loss: 2.4537, lr: 4.06e-04
     Epoch[0] Iteration[230/300], entropy: 0.9165, loss: 2.2308, lr: 3.94e-06
     Epoch[0] Iteration[240/300], entropy: 0.9921, loss: 2.4183, lr: 2.87e-04
     Epoch[0] Iteration[250/300], entropy: 0.7733, loss: 2.2199, lr: 8.64e-04
     Epoch[0] Iteration[260/300], entropy: 0.6404, loss: 2.1434, lr: 9.38e-04
     Epoch[0] Iteration[270/300], entropy: 0.7780, loss: 2.2343, lr: 4.06e-04
     Epoch[0] Iteration[280/300], entropy: 0.6688, loss: 2.3233, lr: 3.94e-06
     Epoch[0] Iteration[290/300], entropy: 0.7628, loss: 2.2685, lr: 2.87e-04
     Epoch[0] Iteration[300/300], entropy: 0.7174, loss: 2.1783, lr: 8.64e-04
     Averaged stats: entropy: 0.7174, loss: 2.1783, lr: 8.64e-04
     itm tta time 0:00:32
### TTA Eval Score: 
+-------+--------+--------+--------+--------+-------+
| epoch |   R1   |   R5   |  R10   |  mAP   |  mINP |
+-------+--------+--------+--------+--------+-------+
|  -999 | 58.943 | 76.108 | 82.205 | 34.719 | 5.891 |
|   0   | 27.776 | 47.294 | 56.399 | 15.098 | 2.329 |
+-------+--------+--------+--------+--------+-------+
     logs:  {'epo': 0, 'R1': 27.776, 'R5': 47.294, 'R10': 56.399, 'mAP': 15.098, 'mINP': 2.329, 'entropy': 0.9640747586886088, 'loss': 2.3709285656611123, 'lr': 0.0004999999999999997}
     Epoch[1] Iteration[10/300], entropy: 0.8666, loss: 2.2883, lr: 9.38e-04
     Epoch[1] Iteration[20/300], entropy: 0.8228, loss: 2.2637, lr: 4.06e-04
     Epoch[1] Iteration[30/300], entropy: 0.7290, loss: 2.3200, lr: 3.94e-06
     Epoch[1] Iteration[40/300], entropy: 0.6836, loss: 2.1490, lr: 2.87e-04
     Epoch[1] Iteration[50/300], entropy: 0.8195, loss: 2.3434, lr: 8.64e-04
     Epoch[1] Iteration[60/300], entropy: 0.6719, loss: 2.3553, lr: 9.38e-04
     Epoch[1] Iteration[70/300], entropy: 0.7700, loss: 2.2662, lr: 4.06e-04
     Epoch[1] Iteration[80/300], entropy: 0.7251, loss: 2.3354, lr: 3.94e-06
     Epoch[1] Iteration[90/300], entropy: 0.6945, loss: 2.1815, lr: 2.87e-04
     Epoch[1] Iteration[100/300], entropy: 0.6566, loss: 2.2883, lr: 8.64e-04
     Epoch[1] Iteration[110/300], entropy: 0.7349, loss: 2.2723, lr: 9.38e-04
     Epoch[1] Iteration[120/300], entropy: 0.9413, loss: 2.3627, lr: 4.06e-04
     Epoch[1] Iteration[130/300], entropy: 0.7642, loss: 2.2893, lr: 3.94e-06
     Epoch[1] Iteration[140/300], entropy: 0.6067, loss: 2.0357, lr: 2.87e-04
     Epoch[1] Iteration[150/300], entropy: 0.6557, loss: 2.0786, lr: 8.64e-04
     Epoch[1] Iteration[160/300], entropy: 0.9317, loss: 2.4577, lr: 9.38e-04
     Epoch[1] Iteration[170/300], entropy: 0.6322, loss: 2.2658, lr: 4.06e-04
     Epoch[1] Iteration[180/300], entropy: 0.6772, loss: 2.1661, lr: 3.94e-06
     Epoch[1] Iteration[190/300], entropy: 0.6775, loss: 2.1615, lr: 2.87e-04
     Epoch[1] Iteration[200/300], entropy: 0.6920, loss: 2.1538, lr: 8.64e-04
     Epoch[1] Iteration[210/300], entropy: 0.9545, loss: 2.2695, lr: 9.38e-04
     Epoch[1] Iteration[220/300], entropy: 0.4841, loss: 2.1544, lr: 4.06e-04
     Epoch[1] Iteration[230/300], entropy: 0.5652, loss: 2.0764, lr: 3.94e-06
     Epoch[1] Iteration[240/300], entropy: 0.7635, loss: 2.2389, lr: 2.87e-04
     Epoch[1] Iteration[250/300], entropy: 0.5506, loss: 2.0641, lr: 8.64e-04
     Epoch[1] Iteration[260/300], entropy: 0.6254, loss: 2.2234, lr: 9.38e-04
     Epoch[1] Iteration[270/300], entropy: 0.5778, loss: 2.2503, lr: 4.06e-04
     Epoch[1] Iteration[280/300], entropy: 0.7559, loss: 2.1832, lr: 3.94e-06
     Epoch[1] Iteration[290/300], entropy: 0.6454, loss: 2.1690, lr: 2.87e-04
     Epoch[1] Iteration[300/300], entropy: 0.8052, loss: 2.3259, lr: 8.64e-04
     Averaged stats: entropy: 0.8052, loss: 2.3259, lr: 8.64e-04
     itm tta time 0:00:31
### TTA Eval Score: 
+-------+--------+--------+--------+--------+-------+
| epoch |   R1   |   R5   |  R10   |  mAP   |  mINP |
+-------+--------+--------+--------+--------+-------+
|  -999 | 58.943 | 76.108 | 82.205 | 34.719 | 5.891 |
|   0   | 27.776 | 47.294 | 56.399 | 15.098 | 2.329 |
|   1   | 15.261 | 29.524 | 37.369 | 7.329  | 1.035 |
+-------+--------+--------+--------+--------+-------+
     logs:  {'epo': 1, 'R1': 15.261, 'R5': 29.524, 'R10': 37.369, 'mAP': 7.329, 'mINP': 1.035, 'entropy': 0.7160255670547485, 'loss': 2.2329866170883177, 'lr': 0.0005000000000000003}
     Epoch[2] Iteration[10/300], entropy: 0.5877, loss: 2.1294, lr: 9.38e-04
     Epoch[2] Iteration[20/300], entropy: 0.6853, loss: 2.1566, lr: 4.06e-04
     Epoch[2] Iteration[30/300], entropy: 0.6320, loss: 2.1173, lr: 3.94e-06
     Epoch[2] Iteration[40/300], entropy: 0.4866, loss: 2.0843, lr: 2.87e-04
     Epoch[2] Iteration[50/300], entropy: 0.5393, loss: 2.3104, lr: 8.64e-04
     Epoch[2] Iteration[60/300], entropy: 0.5157, loss: 2.0353, lr: 9.38e-04
     Epoch[2] Iteration[70/300], entropy: 0.7754, loss: 2.2980, lr: 4.06e-04
     Epoch[2] Iteration[80/300], entropy: 0.6996, loss: 2.1866, lr: 3.94e-06
     Epoch[2] Iteration[90/300], entropy: 0.3546, loss: 2.0625, lr: 2.87e-04
     Epoch[2] Iteration[100/300], entropy: 0.6191, loss: 2.1467, lr: 8.64e-04
     Epoch[2] Iteration[110/300], entropy: 0.8895, loss: 2.3742, lr: 9.38e-04
     Epoch[2] Iteration[120/300], entropy: 0.6783, loss: 2.1376, lr: 4.06e-04
     Epoch[2] Iteration[130/300], entropy: 0.6883, loss: 2.1758, lr: 3.94e-06
     Epoch[2] Iteration[140/300], entropy: 0.7275, loss: 2.2498, lr: 2.87e-04
     Epoch[2] Iteration[150/300], entropy: 0.6686, loss: 2.3206, lr: 8.64e-04
     Epoch[2] Iteration[160/300], entropy: 0.7503, loss: 2.3801, lr: 9.38e-04
     Epoch[2] Iteration[170/300], entropy: 0.7427, loss: 2.3471, lr: 4.06e-04
     Epoch[2] Iteration[180/300], entropy: 0.9232, loss: 2.3132, lr: 3.94e-06
     Epoch[2] Iteration[190/300], entropy: 0.4071, loss: 2.0864, lr: 2.87e-04
     Epoch[2] Iteration[200/300], entropy: 0.5968, loss: 2.1634, lr: 8.64e-04
     Epoch[2] Iteration[210/300], entropy: 0.6682, loss: 2.1348, lr: 9.38e-04
     Epoch[2] Iteration[220/300], entropy: 0.7891, loss: 2.4003, lr: 4.06e-04
     Epoch[2] Iteration[230/300], entropy: 0.8861, loss: 2.2734, lr: 3.94e-06
     Epoch[2] Iteration[240/300], entropy: 0.4772, loss: 2.0363, lr: 2.87e-04
     Epoch[2] Iteration[250/300], entropy: 0.5219, loss: 2.0769, lr: 8.64e-04
     Epoch[2] Iteration[260/300], entropy: 0.6205, loss: 2.1902, lr: 9.38e-04
     Epoch[2] Iteration[270/300], entropy: 0.6618, loss: 2.2214, lr: 4.06e-04
     Epoch[2] Iteration[280/300], entropy: 0.4486, loss: 2.0921, lr: 3.94e-06
     Epoch[2] Iteration[290/300], entropy: 0.4232, loss: 2.1211, lr: 2.87e-04
     Epoch[2] Iteration[300/300], entropy: 0.7602, loss: 2.2677, lr: 8.64e-04
     Averaged stats: entropy: 0.7602, loss: 2.2677, lr: 8.64e-04
     itm tta time 0:00:31
### TTA Eval Score: 
+-------+--------+--------+--------+--------+-------+
| epoch |   R1   |   R5   |  R10   |  mAP   |  mINP |
+-------+--------+--------+--------+--------+-------+
|  -999 | 58.943 | 76.108 | 82.205 | 34.719 | 5.891 |
|   0   | 27.776 | 47.294 | 56.399 | 15.098 | 2.329 |
|   1   | 15.261 | 29.524 | 37.369 | 7.329  | 1.035 |
|   2   | 10.187 | 20.455 | 26.794 | 4.607  | 0.685 |
+-------+--------+--------+--------+--------+-------+
     logs:  {'epo': 2, 'R1': 10.187, 'R5': 20.455, 'R10': 26.794, 'mAP': 4.607, 'mINP': 0.685, 'entropy': 0.6408103237549464, 'loss': 2.1963178475697833, 'lr': 0.0005000000000000007}
     Epoch[3] Iteration[10/300], entropy: 0.8473, loss: 2.1879, lr: 9.38e-04
     Epoch[3] Iteration[20/300], entropy: 0.4493, loss: 2.0637, lr: 4.06e-04
     Epoch[3] Iteration[30/300], entropy: 0.6155, loss: 2.2471, lr: 3.94e-06
     Epoch[3] Iteration[40/300], entropy: 0.4732, loss: 2.0658, lr: 2.87e-04
     Epoch[3] Iteration[50/300], entropy: 0.6273, loss: 2.2907, lr: 8.64e-04
     Epoch[3] Iteration[60/300], entropy: 0.5573, loss: 2.1159, lr: 9.38e-04
     Epoch[3] Iteration[70/300], entropy: 0.4700, loss: 2.0870, lr: 4.06e-04
     Epoch[3] Iteration[80/300], entropy: 0.5027, loss: 2.0485, lr: 3.94e-06
     Epoch[3] Iteration[90/300], entropy: 0.7880, loss: 2.3010, lr: 2.87e-04
     Epoch[3] Iteration[100/300], entropy: 0.7557, loss: 2.2777, lr: 8.64e-04
     Epoch[3] Iteration[110/300], entropy: 0.7272, loss: 2.1677, lr: 9.38e-04
     Epoch[3] Iteration[120/300], entropy: 0.7600, loss: 2.1935, lr: 4.06e-04
     Epoch[3] Iteration[130/300], entropy: 0.5004, loss: 2.0838, lr: 3.94e-06
     Epoch[3] Iteration[140/300], entropy: 0.6058, loss: 2.1715, lr: 2.87e-04
     Epoch[3] Iteration[150/300], entropy: 0.4958, loss: 2.0753, lr: 8.64e-04
     Epoch[3] Iteration[160/300], entropy: 0.5789, loss: 2.1156, lr: 9.38e-04
     Epoch[3] Iteration[170/300], entropy: 0.7012, loss: 2.1972, lr: 4.06e-04
     Epoch[3] Iteration[180/300], entropy: 0.7388, loss: 2.2451, lr: 3.94e-06
     Epoch[3] Iteration[190/300], entropy: 0.4931, loss: 2.2301, lr: 2.87e-04
     Epoch[3] Iteration[200/300], entropy: 0.6759, loss: 2.2327, lr: 8.64e-04
     Epoch[3] Iteration[210/300], entropy: 0.6936, loss: 2.1219, lr: 9.38e-04
     Epoch[3] Iteration[220/300], entropy: 0.5861, loss: 2.1552, lr: 4.06e-04
     Epoch[3] Iteration[230/300], entropy: 0.7435, loss: 2.2043, lr: 3.94e-06
     Epoch[3] Iteration[240/300], entropy: 0.6929, loss: 2.2320, lr: 2.87e-04
     Epoch[3] Iteration[250/300], entropy: 0.7572, loss: 2.2728, lr: 8.64e-04
     Epoch[3] Iteration[260/300], entropy: 0.5930, loss: 2.1847, lr: 9.38e-04
     Epoch[3] Iteration[270/300], entropy: 0.5981, loss: 2.2791, lr: 4.06e-04
     Epoch[3] Iteration[280/300], entropy: 0.5152, loss: 2.1512, lr: 3.94e-06
     Epoch[3] Iteration[290/300], entropy: 0.4779, loss: 2.1302, lr: 2.87e-04
     Epoch[3] Iteration[300/300], entropy: 0.6124, loss: 2.2644, lr: 8.64e-04
     Averaged stats: entropy: 0.6124, loss: 2.2644, lr: 8.64e-04
     itm tta time 0:00:31
### TTA Eval Score: 
+-------+--------+--------+--------+--------+-------+
| epoch |   R1   |   R5   |  R10   |  mAP   |  mINP |
+-------+--------+--------+--------+--------+-------+
|  -999 | 58.943 | 76.108 | 82.205 | 34.719 | 5.891 |
|   0   | 27.776 | 47.294 | 56.399 | 15.098 | 2.329 |
|   1   | 15.261 | 29.524 | 37.369 | 7.329  | 1.035 |
|   2   | 10.187 | 20.455 | 26.794 | 4.607  | 0.685 |
|   3   | 7.814  | 16.269 | 21.750 | 3.465  | 0.545 |
+-------+--------+--------+--------+--------+-------+
     logs:  {'epo': 3, 'R1': 7.814, 'R5': 16.269, 'R10': 21.75, 'mAP': 3.465, 'mINP': 0.545, 'entropy': 0.6210994760195414, 'loss': 2.1797866741816203, 'lr': 0.0004999999999999997}
     Epoch[4] Iteration[10/300], entropy: 0.6473, loss: 2.1778, lr: 9.38e-04
     Epoch[4] Iteration[20/300], entropy: 0.6008, loss: 2.2553, lr: 4.06e-04
     Epoch[4] Iteration[30/300], entropy: 0.5921, loss: 2.1524, lr: 3.94e-06
     Epoch[4] Iteration[40/300], entropy: 0.5543, loss: 2.2674, lr: 2.87e-04
     Epoch[4] Iteration[50/300], entropy: 0.7943, loss: 2.2172, lr: 8.64e-04
     Epoch[4] Iteration[60/300], entropy: 0.5883, loss: 2.1137, lr: 9.38e-04
     Epoch[4] Iteration[70/300], entropy: 0.7705, loss: 2.2100, lr: 4.06e-04
     Epoch[4] Iteration[80/300], entropy: 0.5897, loss: 2.1347, lr: 3.94e-06
     Epoch[4] Iteration[90/300], entropy: 0.5791, loss: 2.1735, lr: 2.87e-04
     Epoch[4] Iteration[100/300], entropy: 0.6437, loss: 2.1820, lr: 8.64e-04
     Epoch[4] Iteration[110/300], entropy: 0.8986, loss: 2.2894, lr: 9.38e-04
     Epoch[4] Iteration[120/300], entropy: 0.3444, loss: 2.0214, lr: 4.06e-04
     Epoch[4] Iteration[130/300], entropy: 0.5021, loss: 2.1439, lr: 3.94e-06
     Epoch[4] Iteration[140/300], entropy: 0.6252, loss: 2.1984, lr: 2.87e-04
     Epoch[4] Iteration[150/300], entropy: 0.7464, loss: 2.2855, lr: 8.64e-04
     Epoch[4] Iteration[160/300], entropy: 0.4333, loss: 2.0376, lr: 9.38e-04
     Epoch[4] Iteration[170/300], entropy: 0.6707, loss: 2.1732, lr: 4.06e-04
     Epoch[4] Iteration[180/300], entropy: 0.6695, loss: 2.1979, lr: 3.94e-06
     Epoch[4] Iteration[190/300], entropy: 0.6272, loss: 2.1385, lr: 2.87e-04
     Epoch[4] Iteration[200/300], entropy: 0.5922, loss: 2.0918, lr: 8.64e-04
     Epoch[4] Iteration[210/300], entropy: 0.5637, loss: 2.1060, lr: 9.38e-04
     Epoch[4] Iteration[220/300], entropy: 0.4070, loss: 1.9244, lr: 4.06e-04
     Epoch[4] Iteration[230/300], entropy: 0.5418, loss: 2.1781, lr: 3.94e-06
     Epoch[4] Iteration[240/300], entropy: 0.4355, loss: 2.0721, lr: 2.87e-04
     Epoch[4] Iteration[250/300], entropy: 0.4804, loss: 2.1597, lr: 8.64e-04
     Epoch[4] Iteration[260/300], entropy: 0.8347, loss: 2.3790, lr: 9.38e-04
     Epoch[4] Iteration[270/300], entropy: 0.5642, loss: 1.9820, lr: 4.06e-04
     Epoch[4] Iteration[280/300], entropy: 0.6138, loss: 2.2178, lr: 3.94e-06
     Epoch[4] Iteration[290/300], entropy: 0.6859, loss: 2.1446, lr: 2.87e-04
     Epoch[4] Iteration[300/300], entropy: 0.7895, loss: 2.2287, lr: 8.64e-04
     Averaged stats: entropy: 0.7895, loss: 2.2287, lr: 8.64e-04
     itm tta time 0:00:31
### TTA Eval Score: 
+-------+--------+--------+--------+--------+-------+
| epoch |   R1   |   R5   |  R10   |  mAP   |  mINP |
+-------+--------+--------+--------+--------+-------+
|  -999 | 58.943 | 76.108 | 82.205 | 34.719 | 5.891 |
|   0   | 27.776 | 47.294 | 56.399 | 15.098 | 2.329 |
|   1   | 15.261 | 29.524 | 37.369 | 7.329  | 1.035 |
|   2   | 10.187 | 20.455 | 26.794 | 4.607  | 0.685 |
|   3   | 7.814  | 16.269 | 21.750 | 3.465  | 0.545 |
|   4   | 6.600  | 14.042 | 19.176 | 2.943  | 0.481 |
+-------+--------+--------+--------+--------+-------+
     logs:  {'epo': 4, 'R1': 6.6, 'R5': 14.042, 'R10': 19.176, 'mAP': 2.943, 'mINP': 0.481, 'entropy': 0.6128665526707967, 'loss': 2.1618054350217184, 'lr': 0.0004999999999999995}
     Epoch[5] Iteration[10/300], entropy: 0.5762, loss: 2.2002, lr: 9.38e-04
     Epoch[5] Iteration[20/300], entropy: 0.4554, loss: 2.1548, lr: 4.06e-04
     Epoch[5] Iteration[30/300], entropy: 0.5782, loss: 2.2609, lr: 3.94e-06
     Epoch[5] Iteration[40/300], entropy: 0.5153, loss: 2.0193, lr: 2.87e-04
     Epoch[5] Iteration[50/300], entropy: 0.5497, loss: 2.1767, lr: 8.64e-04
     Epoch[5] Iteration[60/300], entropy: 0.5179, loss: 1.9992, lr: 9.38e-04
     Epoch[5] Iteration[70/300], entropy: 0.4697, loss: 2.1238, lr: 4.06e-04
     Epoch[5] Iteration[80/300], entropy: 0.4959, loss: 2.1520, lr: 3.94e-06
     Epoch[5] Iteration[90/300], entropy: 0.6066, loss: 2.2343, lr: 2.87e-04
     Epoch[5] Iteration[100/300], entropy: 0.3075, loss: 2.0770, lr: 8.64e-04
     Epoch[5] Iteration[110/300], entropy: 0.5898, loss: 2.1988, lr: 9.38e-04
     Epoch[5] Iteration[120/300], entropy: 0.7693, loss: 2.2821, lr: 4.06e-04
     Epoch[5] Iteration[130/300], entropy: 0.6690, loss: 2.3003, lr: 3.94e-06
     Epoch[5] Iteration[140/300], entropy: 0.4758, loss: 1.9991, lr: 2.87e-04
     Epoch[5] Iteration[150/300], entropy: 0.5674, loss: 2.1468, lr: 8.64e-04
     Epoch[5] Iteration[160/300], entropy: 0.6359, loss: 2.2419, lr: 9.38e-04
     Epoch[5] Iteration[170/300], entropy: 0.4727, loss: 2.1146, lr: 4.06e-04
     Epoch[5] Iteration[180/300], entropy: 0.7102, loss: 2.1453, lr: 3.94e-06
     Epoch[5] Iteration[190/300], entropy: 0.6625, loss: 2.0755, lr: 2.87e-04
     Epoch[5] Iteration[200/300], entropy: 0.5968, loss: 2.0904, lr: 8.64e-04
     Epoch[5] Iteration[210/300], entropy: 0.5559, loss: 2.1339, lr: 9.38e-04
     Epoch[5] Iteration[220/300], entropy: 0.5558, loss: 2.1084, lr: 4.06e-04
     Epoch[5] Iteration[230/300], entropy: 0.5845, loss: 2.2628, lr: 3.94e-06
     Epoch[5] Iteration[240/300], entropy: 0.5623, loss: 2.1669, lr: 2.87e-04
     Epoch[5] Iteration[250/300], entropy: 0.6580, loss: 2.1908, lr: 8.64e-04
     Epoch[5] Iteration[260/300], entropy: 0.4810, loss: 2.0711, lr: 9.38e-04
     Epoch[5] Iteration[270/300], entropy: 0.7542, loss: 2.2807, lr: 4.06e-04
     Epoch[5] Iteration[280/300], entropy: 0.5248, loss: 2.1307, lr: 3.94e-06
     Epoch[5] Iteration[290/300], entropy: 0.6062, loss: 2.2229, lr: 2.87e-04
     Epoch[5] Iteration[300/300], entropy: 0.6225, loss: 2.2012, lr: 8.64e-04
     Averaged stats: entropy: 0.6225, loss: 2.2012, lr: 8.64e-04
     itm tta time 0:00:31
### TTA Eval Score: 
+-------+--------+--------+--------+--------+-------+
| epoch |   R1   |   R5   |  R10   |  mAP   |  mINP |
+-------+--------+--------+--------+--------+-------+
|  -999 | 58.943 | 76.108 | 82.205 | 34.719 | 5.891 |
|   0   | 27.776 | 47.294 | 56.399 | 15.098 | 2.329 |
|   1   | 15.261 | 29.524 | 37.369 | 7.329  | 1.035 |
|   2   | 10.187 | 20.455 | 26.794 | 4.607  | 0.685 |
|   3   | 7.814  | 16.269 | 21.750 | 3.465  | 0.545 |
|   4   | 6.600  | 14.042 | 19.176 | 2.943  | 0.481 |
|   5   | 5.895  | 12.893 | 17.553 | 2.633  | 0.434 |
+-------+--------+--------+--------+--------+-------+
     logs:  {'epo': 5, 'R1': 5.895, 'R5': 12.893, 'R10': 17.553, 'mAP': 2.633, 'mINP': 0.434, 'entropy': 0.5708937138319016, 'loss': 2.158743158976237, 'lr': 0.0005000000000000007}
     Epoch[6] Iteration[10/300], entropy: 0.4041, loss: 2.0144, lr: 9.38e-04
     Epoch[6] Iteration[20/300], entropy: 0.6981, loss: 2.1821, lr: 4.06e-04
     Epoch[6] Iteration[30/300], entropy: 0.6235, loss: 2.2668, lr: 3.94e-06
     Epoch[6] Iteration[40/300], entropy: 0.6387, loss: 2.1260, lr: 2.87e-04
     Epoch[6] Iteration[50/300], entropy: 0.4773, loss: 2.0718, lr: 8.64e-04
     Epoch[6] Iteration[60/300], entropy: 0.7666, loss: 2.1635, lr: 9.38e-04
     Epoch[6] Iteration[70/300], entropy: 0.5797, loss: 2.1983, lr: 4.06e-04
     Epoch[6] Iteration[80/300], entropy: 0.5704, loss: 2.1082, lr: 3.94e-06
     Epoch[6] Iteration[90/300], entropy: 0.7245, loss: 2.2802, lr: 2.87e-04
     Epoch[6] Iteration[100/300], entropy: 0.4312, loss: 2.0932, lr: 8.64e-04
     Epoch[6] Iteration[110/300], entropy: 0.3177, loss: 1.9987, lr: 9.38e-04
     Epoch[6] Iteration[120/300], entropy: 0.4604, loss: 1.9951, lr: 4.06e-04
     Epoch[6] Iteration[130/300], entropy: 0.6594, loss: 2.2766, lr: 3.94e-06
     Epoch[6] Iteration[140/300], entropy: 0.8146, loss: 2.2025, lr: 2.87e-04
     Epoch[6] Iteration[150/300], entropy: 0.6195, loss: 2.1937, lr: 8.64e-04
     Epoch[6] Iteration[160/300], entropy: 0.8606, loss: 2.3394, lr: 9.38e-04
     Epoch[6] Iteration[170/300], entropy: 0.5733, loss: 2.1766, lr: 4.06e-04
     Epoch[6] Iteration[180/300], entropy: 0.5996, loss: 2.1684, lr: 3.94e-06
     Epoch[6] Iteration[190/300], entropy: 0.5696, loss: 2.0963, lr: 2.87e-04
     Epoch[6] Iteration[200/300], entropy: 0.6687, loss: 2.1900, lr: 8.64e-04
     Epoch[6] Iteration[210/300], entropy: 0.7665, loss: 2.2784, lr: 9.38e-04
     Epoch[6] Iteration[220/300], entropy: 0.6496, loss: 2.1335, lr: 4.06e-04
     Epoch[6] Iteration[230/300], entropy: 0.6448, loss: 2.1844, lr: 3.94e-06
     Epoch[6] Iteration[240/300], entropy: 0.5135, loss: 2.2365, lr: 2.32e-04
     Epoch[6] Iteration[250/300], entropy: 0.8930, loss: 2.3824, lr: 8.19e-04
     Epoch[6] Iteration[260/300], entropy: 0.7885, loss: 2.3345, lr: 9.65e-04
     Epoch[6] Iteration[270/300], entropy: 0.2442, loss: 1.9823, lr: 4.69e-04
     Epoch[6] Iteration[280/300], entropy: 0.5721, loss: 2.0340, lr: 1.57e-05
     Epoch[6] Iteration[290/300], entropy: 0.6436, loss: 2.1354, lr: 2.32e-04
     Epoch[6] Iteration[300/300], entropy: 0.5678, loss: 2.2169, lr: 8.19e-04
     Averaged stats: entropy: 0.5678, loss: 2.2169, lr: 8.19e-04
     itm tta time 0:00:31
### TTA Eval Score: 
+-------+--------+--------+--------+--------+-------+
| epoch |   R1   |   R5   |  R10   |  mAP   |  mINP |
+-------+--------+--------+--------+--------+-------+
|  -999 | 58.943 | 76.108 | 82.205 | 34.719 | 5.891 |
|   0   | 27.776 | 47.294 | 56.399 | 15.098 | 2.329 |
|   1   | 15.261 | 29.524 | 37.369 | 7.329  | 1.035 |
|   2   | 10.187 | 20.455 | 26.794 | 4.607  | 0.685 |
|   3   | 7.814  | 16.269 | 21.750 | 3.465  | 0.545 |
|   4   | 6.600  | 14.042 | 19.176 | 2.943  | 0.481 |
|   5   | 5.895  | 12.893 | 17.553 | 2.633  | 0.434 |
|   6   | 5.300  | 11.573 | 16.163 | 2.374  | 0.399 |
+-------+--------+--------+--------+--------+-------+
     logs:  {'epo': 6, 'R1': 5.3, 'R5': 11.573, 'R10': 16.163, 'mAP': 2.374, 'mINP': 0.399, 'entropy': 0.6113654101888338, 'loss': 2.1686723391215006, 'lr': 0.0004966401309818887}
     Epoch[7] Iteration[10/300], entropy: 0.6160, loss: 2.1258, lr: 9.65e-04
     Epoch[7] Iteration[20/300], entropy: 0.5156, loss: 2.1129, lr: 4.69e-04
     Epoch[7] Iteration[30/300], entropy: 0.5732, loss: 2.1953, lr: 1.57e-05
     Epoch[7] Iteration[40/300], entropy: 0.6136, loss: 2.1930, lr: 2.32e-04
     Epoch[7] Iteration[50/300], entropy: 0.5768, loss: 2.0264, lr: 8.19e-04
     Epoch[7] Iteration[60/300], entropy: 0.4108, loss: 2.0773, lr: 9.65e-04
     Epoch[7] Iteration[70/300], entropy: 0.6410, loss: 2.1686, lr: 4.69e-04
     Epoch[7] Iteration[80/300], entropy: 0.5014, loss: 2.1218, lr: 1.57e-05
     Epoch[7] Iteration[90/300], entropy: 0.6791, loss: 2.1499, lr: 2.32e-04
     Epoch[7] Iteration[100/300], entropy: 0.6603, loss: 2.1762, lr: 8.19e-04
     Epoch[7] Iteration[110/300], entropy: 0.4560, loss: 2.1523, lr: 9.84e-04
     Epoch[7] Iteration[120/300], entropy: 0.5094, loss: 2.1910, lr: 5.31e-04
     Epoch[7] Iteration[130/300], entropy: 0.5060, loss: 2.0174, lr: 3.51e-05
     Epoch[7] Iteration[140/300], entropy: 0.5844, loss: 2.0321, lr: 1.81e-04
     Epoch[7] Iteration[150/300], entropy: 0.5760, loss: 2.1336, lr: 7.68e-04
     Epoch[7] Iteration[160/300], entropy: 0.4692, loss: 1.9719, lr: 9.84e-04
     Epoch[7] Iteration[170/300], entropy: 0.5898, loss: 2.1227, lr: 5.31e-04
     Epoch[7] Iteration[180/300], entropy: 0.7780, loss: 2.2237, lr: 3.51e-05
     Epoch[7] Iteration[190/300], entropy: 0.5221, loss: 2.1452, lr: 1.81e-04
     Epoch[7] Iteration[200/300], entropy: 0.4536, loss: 2.0561, lr: 7.68e-04
     Epoch[7] Iteration[210/300], entropy: 0.5562, loss: 2.1689, lr: 9.84e-04
     Epoch[7] Iteration[220/300], entropy: 0.5062, loss: 2.1880, lr: 5.31e-04
     Epoch[7] Iteration[230/300], entropy: 0.5455, loss: 2.1707, lr: 3.51e-05
     Epoch[7] Iteration[240/300], entropy: 0.5913, loss: 2.0325, lr: 1.81e-04
     Epoch[7] Iteration[250/300], entropy: 0.7008, loss: 2.2199, lr: 7.68e-04
     Epoch[7] Iteration[260/300], entropy: 0.4450, loss: 1.9961, lr: 9.84e-04
     Epoch[7] Iteration[270/300], entropy: 0.5091, loss: 1.9330, lr: 5.31e-04
     Epoch[7] Iteration[280/300], entropy: 0.3803, loss: 1.9696, lr: 3.51e-05
     Epoch[7] Iteration[290/300], entropy: 0.4766, loss: 2.0557, lr: 1.81e-04
     Epoch[7] Iteration[300/300], entropy: 0.7286, loss: 2.2992, lr: 7.68e-04
     Averaged stats: entropy: 0.7286, loss: 2.2992, lr: 7.68e-04
     itm tta time 0:00:31
### TTA Eval Score: 
+-------+--------+--------+--------+--------+-------+
| epoch |   R1   |   R5   |  R10   |  mAP   |  mINP |
+-------+--------+--------+--------+--------+-------+
|  -999 | 58.943 | 76.108 | 82.205 | 34.719 | 5.891 |
|   0   | 27.776 | 47.294 | 56.399 | 15.098 | 2.329 |
|   1   | 15.261 | 29.524 | 37.369 | 7.329  | 1.035 |
|   2   | 10.187 | 20.455 | 26.794 | 4.607  | 0.685 |
|   3   | 7.814  | 16.269 | 21.750 | 3.465  | 0.545 |
|   4   | 6.600  | 14.042 | 19.176 | 2.943  | 0.481 |
|   5   | 5.895  | 12.893 | 17.553 | 2.633  | 0.434 |
|   6   | 5.300  | 11.573 | 16.163 | 2.374  | 0.399 |
|   7   | 4.907  | 10.873 | 15.160 | 2.190  | 0.366 |
+-------+--------+--------+--------+--------+-------+
     logs:  {'epo': 7, 'R1': 4.907, 'R5': 10.873, 'R10': 15.16, 'mAP': 2.19, 'mINP': 0.366, 'entropy': 0.5557372371355692, 'loss': 2.114225888252258, 'lr': 0.0005000000000000015}
     Epoch[8] Iteration[10/300], entropy: 0.4781, loss: 1.9449, lr: 9.96e-04
     Epoch[8] Iteration[20/300], entropy: 0.6804, loss: 2.2372, lr: 5.94e-04
     Epoch[8] Iteration[30/300], entropy: 0.4390, loss: 2.1987, lr: 6.18e-05
     Epoch[8] Iteration[40/300], entropy: 0.7765, loss: 2.2391, lr: 1.36e-04
     Epoch[8] Iteration[50/300], entropy: 0.6069, loss: 2.1744, lr: 7.13e-04
     Epoch[8] Iteration[60/300], entropy: 0.5998, loss: 2.0341, lr: 9.96e-04
     Epoch[8] Iteration[70/300], entropy: 0.5368, loss: 2.1747, lr: 5.94e-04
     Epoch[8] Iteration[80/300], entropy: 0.7197, loss: 2.1387, lr: 6.18e-05
     Epoch[8] Iteration[90/300], entropy: 0.6358, loss: 2.1464, lr: 1.36e-04
     Epoch[8] Iteration[100/300], entropy: 0.7703, loss: 2.3701, lr: 7.13e-04
     Epoch[8] Iteration[110/300], entropy: 0.5024, loss: 2.1866, lr: 9.96e-04
     Epoch[8] Iteration[120/300], entropy: 0.4964, loss: 2.0509, lr: 5.94e-04
     Epoch[8] Iteration[130/300], entropy: 0.6035, loss: 2.2109, lr: 6.18e-05
     Epoch[8] Iteration[140/300], entropy: 0.5448, loss: 2.0827, lr: 1.36e-04
     Epoch[8] Iteration[150/300], entropy: 0.6313, loss: 2.2308, lr: 7.13e-04
     Epoch[8] Iteration[160/300], entropy: 0.4395, loss: 2.1072, lr: 9.96e-04
     Epoch[8] Iteration[170/300], entropy: 0.6310, loss: 2.2469, lr: 5.94e-04
     Epoch[8] Iteration[180/300], entropy: 0.5219, loss: 2.1760, lr: 6.18e-05
     Epoch[8] Iteration[190/300], entropy: 0.6400, loss: 2.2100, lr: 1.36e-04
     Epoch[8] Iteration[200/300], entropy: 0.4601, loss: 2.0826, lr: 7.13e-04
     Epoch[8] Iteration[210/300], entropy: 0.5599, loss: 2.1258, lr: 9.96e-04
     Epoch[8] Iteration[220/300], entropy: 0.5391, loss: 2.1541, lr: 5.94e-04
     Epoch[8] Iteration[230/300], entropy: 0.4407, loss: 2.1917, lr: 6.18e-05
     Epoch[8] Iteration[240/300], entropy: 0.4824, loss: 2.1443, lr: 1.36e-04
     Epoch[8] Iteration[250/300], entropy: 0.6228, loss: 2.1957, lr: 7.13e-04
     Epoch[8] Iteration[260/300], entropy: 0.7112, loss: 2.2927, lr: 9.96e-04
     Epoch[8] Iteration[270/300], entropy: 0.5873, loss: 2.0389, lr: 5.94e-04
     Epoch[8] Iteration[280/300], entropy: 0.5047, loss: 2.0954, lr: 6.18e-05
     Epoch[8] Iteration[290/300], entropy: 0.7934, loss: 2.2785, lr: 1.36e-04
     Epoch[8] Iteration[300/300], entropy: 0.6606, loss: 2.4436, lr: 7.13e-04
     Averaged stats: entropy: 0.6606, loss: 2.4436, lr: 7.13e-04
     itm tta time 0:00:30
### TTA Eval Score: 
+-------+--------+--------+--------+--------+-------+
| epoch |   R1   |   R5   |  R10   |  mAP   |  mINP |
+-------+--------+--------+--------+--------+-------+
|  -999 | 58.943 | 76.108 | 82.205 | 34.719 | 5.891 |
|   0   | 27.776 | 47.294 | 56.399 | 15.098 | 2.329 |
|   1   | 15.261 | 29.524 | 37.369 | 7.329  | 1.035 |
|   2   | 10.187 | 20.455 | 26.794 | 4.607  | 0.685 |
|   3   | 7.814  | 16.269 | 21.750 | 3.465  | 0.545 |
|   4   | 6.600  | 14.042 | 19.176 | 2.943  | 0.481 |
|   5   | 5.895  | 12.893 | 17.553 | 2.633  | 0.434 |
|   6   | 5.300  | 11.573 | 16.163 | 2.374  | 0.399 |
|   7   | 4.907  | 10.873 | 15.160 | 2.190  | 0.366 |
|   8   | 4.665  | 10.374 | 14.606 | 2.048  | 0.345 |
+-------+--------+--------+--------+--------+-------+
     logs:  {'epo': 8, 'R1': 4.665, 'R5': 10.374, 'R10': 14.606, 'mAP': 2.048, 'mINP': 0.345, 'entropy': 0.587216662367185, 'loss': 2.173452440897624, 'lr': 0.0004999999999999982}
     Epoch[9] Iteration[10/300], entropy: 0.5411, loss: 2.1986, lr: 9.96e-04
     Epoch[9] Iteration[20/300], entropy: 0.4938, loss: 2.1523, lr: 5.94e-04
     Epoch[9] Iteration[30/300], entropy: 0.8159, loss: 2.3839, lr: 6.18e-05
     Epoch[9] Iteration[40/300], entropy: 0.7577, loss: 2.1735, lr: 1.36e-04
     Epoch[9] Iteration[50/300], entropy: 0.5936, loss: 2.1554, lr: 7.13e-04
     Epoch[9] Iteration[60/300], entropy: 0.7156, loss: 2.1679, lr: 9.96e-04
     Epoch[9] Iteration[70/300], entropy: 0.3676, loss: 2.0520, lr: 5.94e-04
     Epoch[9] Iteration[80/300], entropy: 0.7352, loss: 2.2105, lr: 6.18e-05
     Epoch[9] Iteration[90/300], entropy: 0.3637, loss: 2.0840, lr: 1.36e-04
     Epoch[9] Iteration[100/300], entropy: 0.5773, loss: 2.1513, lr: 7.13e-04
     Epoch[9] Iteration[110/300], entropy: 0.5143, loss: 2.0282, lr: 9.96e-04
     Epoch[9] Iteration[120/300], entropy: 0.5312, loss: 2.0928, lr: 5.94e-04
     Epoch[9] Iteration[130/300], entropy: 0.6415, loss: 2.2790, lr: 6.18e-05
     Epoch[9] Iteration[140/300], entropy: 0.3642, loss: 2.1345, lr: 1.36e-04
     Epoch[9] Iteration[150/300], entropy: 0.4835, loss: 2.2085, lr: 7.13e-04
     Epoch[9] Iteration[160/300], entropy: 0.5686, loss: 2.1553, lr: 9.96e-04
     Epoch[9] Iteration[170/300], entropy: 0.7196, loss: 2.2166, lr: 5.94e-04
     Epoch[9] Iteration[180/300], entropy: 0.6854, loss: 2.2428, lr: 6.18e-05
     Epoch[9] Iteration[190/300], entropy: 0.5610, loss: 2.1307, lr: 1.36e-04
     Epoch[9] Iteration[200/300], entropy: 0.6354, loss: 2.2601, lr: 7.13e-04
     Epoch[9] Iteration[210/300], entropy: 0.6465, loss: 2.1077, lr: 9.96e-04
     Epoch[9] Iteration[220/300], entropy: 0.5732, loss: 2.2238, lr: 5.94e-04
     Epoch[9] Iteration[230/300], entropy: 0.4306, loss: 2.0577, lr: 6.18e-05
     Epoch[9] Iteration[240/300], entropy: 0.4675, loss: 2.0535, lr: 1.36e-04
     Epoch[9] Iteration[250/300], entropy: 0.4579, loss: 2.1660, lr: 7.13e-04
     Epoch[9] Iteration[260/300], entropy: 0.4153, loss: 2.0519, lr: 9.96e-04
     Epoch[9] Iteration[270/300], entropy: 0.7453, loss: 2.2861, lr: 5.94e-04
     Epoch[9] Iteration[280/300], entropy: 0.5377, loss: 2.0815, lr: 6.18e-05
     Epoch[9] Iteration[290/300], entropy: 0.7859, loss: 2.2764, lr: 1.36e-04
     Epoch[9] Iteration[300/300], entropy: 0.6495, loss: 2.1141, lr: 7.13e-04
     Averaged stats: entropy: 0.6495, loss: 2.1141, lr: 7.13e-04
     itm tta time 0:00:31
### TTA Eval Score: 
+-------+--------+--------+--------+--------+-------+
| epoch |   R1   |   R5   |  R10   |  mAP   |  mINP |
+-------+--------+--------+--------+--------+-------+
|  -999 | 58.943 | 76.108 | 82.205 | 34.719 | 5.891 |
|   0   | 27.776 | 47.294 | 56.399 | 15.098 | 2.329 |
|   1   | 15.261 | 29.524 | 37.369 | 7.329  | 1.035 |
|   2   | 10.187 | 20.455 | 26.794 | 4.607  | 0.685 |
|   3   | 7.814  | 16.269 | 21.750 | 3.465  | 0.545 |
|   4   | 6.600  | 14.042 | 19.176 | 2.943  | 0.481 |
|   5   | 5.895  | 12.893 | 17.553 | 2.633  | 0.434 |
|   6   | 5.300  | 11.573 | 16.163 | 2.374  | 0.399 |
|   7   | 4.907  | 10.873 | 15.160 | 2.190  | 0.366 |
|   8   | 4.665  | 10.374 | 14.606 | 2.048  | 0.345 |
|   9   | 4.398  | 9.895  | 13.981 | 1.959  | 0.319 |
+-------+--------+--------+--------+--------+-------+
     logs:  {'epo': 9, 'R1': 4.398, 'R5': 9.895, 'R10': 13.981, 'mAP': 1.959, 'mINP': 0.319, 'entropy': 0.5791888167460759, 'loss': 2.1632225354512533, 'lr': 0.0004999999999999989}
     Epoch[10] Iteration[10/300], entropy: 0.5821, loss: 2.0221, lr: 9.96e-04
     Epoch[10] Iteration[20/300], entropy: 0.5339, loss: 1.9899, lr: 5.94e-04
     Epoch[10] Iteration[30/300], entropy: 0.5499, loss: 2.1624, lr: 6.18e-05
     Epoch[10] Iteration[40/300], entropy: 0.5942, loss: 2.1026, lr: 1.36e-04
     Epoch[10] Iteration[50/300], entropy: 0.6498, loss: 2.1545, lr: 7.13e-04
     Epoch[10] Iteration[60/300], entropy: 0.6093, loss: 2.1056, lr: 9.96e-04
     Epoch[10] Iteration[70/300], entropy: 0.6182, loss: 2.1588, lr: 5.94e-04
     Epoch[10] Iteration[80/300], entropy: 0.6452, loss: 2.1883, lr: 6.18e-05
     Epoch[10] Iteration[90/300], entropy: 0.5891, loss: 2.1777, lr: 1.36e-04
     Epoch[10] Iteration[100/300], entropy: 0.5346, loss: 2.3107, lr: 7.13e-04
     Epoch[10] Iteration[110/300], entropy: 0.6215, loss: 2.2562, lr: 9.96e-04
     Epoch[10] Iteration[120/300], entropy: 0.5312, loss: 2.0610, lr: 5.94e-04
     Epoch[10] Iteration[130/300], entropy: 0.7601, loss: 2.2132, lr: 6.18e-05
     Epoch[10] Iteration[140/300], entropy: 0.7020, loss: 2.2363, lr: 1.36e-04
     Epoch[10] Iteration[150/300], entropy: 0.4894, loss: 2.0704, lr: 7.13e-04
     Epoch[10] Iteration[160/300], entropy: 0.4229, loss: 2.1157, lr: 9.96e-04
     Epoch[10] Iteration[170/300], entropy: 0.5523, loss: 2.2249, lr: 5.94e-04
     Epoch[10] Iteration[180/300], entropy: 0.6623, loss: 2.1823, lr: 6.18e-05
     Epoch[10] Iteration[190/300], entropy: 0.4408, loss: 1.9174, lr: 1.36e-04
     Epoch[10] Iteration[200/300], entropy: 0.6013, loss: 2.2438, lr: 7.13e-04
     Epoch[10] Iteration[210/300], entropy: 0.5640, loss: 2.1712, lr: 9.96e-04
     Epoch[10] Iteration[220/300], entropy: 0.5246, loss: 2.1775, lr: 5.94e-04
     Epoch[10] Iteration[230/300], entropy: 0.4791, loss: 1.9833, lr: 6.18e-05
     Epoch[10] Iteration[240/300], entropy: 0.7248, loss: 2.2772, lr: 1.36e-04
     Epoch[10] Iteration[250/300], entropy: 0.5993, loss: 2.2439, lr: 7.13e-04
     Epoch[10] Iteration[260/300], entropy: 0.5444, loss: 2.3951, lr: 9.96e-04
     Epoch[10] Iteration[270/300], entropy: 0.5608, loss: 2.1415, lr: 5.94e-04
     Epoch[10] Iteration[280/300], entropy: 0.5302, loss: 2.2252, lr: 6.18e-05
     Epoch[10] Iteration[290/300], entropy: 0.6464, loss: 2.3269, lr: 1.36e-04
     Epoch[10] Iteration[300/300], entropy: 0.5527, loss: 2.0490, lr: 7.13e-04
     Averaged stats: entropy: 0.5527, loss: 2.0490, lr: 7.13e-04
     itm tta time 0:00:31
### TTA Eval Score: 
+-------+--------+--------+--------+--------+-------+
| epoch |   R1   |   R5   |  R10   |  mAP   |  mINP |
+-------+--------+--------+--------+--------+-------+
|  -999 | 58.943 | 76.108 | 82.205 | 34.719 | 5.891 |
|   0   | 27.776 | 47.294 | 56.399 | 15.098 | 2.329 |
|   1   | 15.261 | 29.524 | 37.369 | 7.329  | 1.035 |
|   2   | 10.187 | 20.455 | 26.794 | 4.607  | 0.685 |
|   3   | 7.814  | 16.269 | 21.750 | 3.465  | 0.545 |
|   4   | 6.600  | 14.042 | 19.176 | 2.943  | 0.481 |
|   5   | 5.895  | 12.893 | 17.553 | 2.633  | 0.434 |
|   6   | 5.300  | 11.573 | 16.163 | 2.374  | 0.399 |
|   7   | 4.907  | 10.873 | 15.160 | 2.190  | 0.366 |
|   8   | 4.665  | 10.374 | 14.606 | 2.048  | 0.345 |
|   9   | 4.398  | 9.895  | 13.981 | 1.959  | 0.319 |
|   10  | 4.126  | 9.472  | 13.331 | 1.878  | 0.306 |
+-------+--------+--------+--------+--------+-------+
     logs:  {'epo': 10, 'R1': 4.126, 'R5': 9.472, 'R10': 13.331, 'mAP': 1.878, 'mINP': 0.306, 'entropy': 0.5805459400018056, 'loss': 2.162828477223714, 'lr': 0.0004999999999999986}
     Epoch[11] Iteration[10/300], entropy: 0.7396, loss: 2.2118, lr: 9.96e-04
     Epoch[11] Iteration[20/300], entropy: 0.6968, loss: 2.1467, lr: 5.94e-04
     Epoch[11] Iteration[30/300], entropy: 0.5362, loss: 2.0328, lr: 6.18e-05
     Epoch[11] Iteration[40/300], entropy: 0.5742, loss: 2.0986, lr: 1.36e-04
     Epoch[11] Iteration[50/300], entropy: 0.7473, loss: 2.0739, lr: 7.13e-04
     Epoch[11] Iteration[60/300], entropy: 0.6988, loss: 2.1633, lr: 9.96e-04
     Epoch[11] Iteration[70/300], entropy: 0.4109, loss: 2.0582, lr: 5.94e-04
     Epoch[11] Iteration[80/300], entropy: 0.4027, loss: 2.0487, lr: 6.18e-05
     Epoch[11] Iteration[90/300], entropy: 0.4687, loss: 2.1186, lr: 1.36e-04
     Epoch[11] Iteration[100/300], entropy: 0.4472, loss: 1.9785, lr: 7.13e-04
     Epoch[11] Iteration[110/300], entropy: 0.4958, loss: 2.1391, lr: 9.96e-04
     Epoch[11] Iteration[120/300], entropy: 0.6305, loss: 2.2477, lr: 5.94e-04
     Epoch[11] Iteration[130/300], entropy: 0.6412, loss: 2.1966, lr: 6.18e-05
     Epoch[11] Iteration[140/300], entropy: 0.7334, loss: 2.3088, lr: 1.36e-04
     Epoch[11] Iteration[150/300], entropy: 0.6384, loss: 2.2228, lr: 7.13e-04
     Epoch[11] Iteration[160/300], entropy: 0.5629, loss: 2.0888, lr: 9.96e-04
     Epoch[11] Iteration[170/300], entropy: 0.5211, loss: 1.9371, lr: 5.94e-04
     Epoch[11] Iteration[180/300], entropy: 0.5731, loss: 2.1801, lr: 6.18e-05
     Epoch[11] Iteration[190/300], entropy: 0.5542, loss: 2.2390, lr: 1.36e-04
     Epoch[11] Iteration[200/300], entropy: 0.5971, loss: 2.1428, lr: 7.13e-04
     Epoch[11] Iteration[210/300], entropy: 0.4693, loss: 2.0612, lr: 9.96e-04
     Epoch[11] Iteration[220/300], entropy: 0.6232, loss: 2.2494, lr: 5.94e-04
     Epoch[11] Iteration[230/300], entropy: 0.3853, loss: 2.0070, lr: 6.18e-05
     Epoch[11] Iteration[240/300], entropy: 0.5120, loss: 2.0982, lr: 1.36e-04
     Epoch[11] Iteration[250/300], entropy: 0.4495, loss: 2.2043, lr: 7.13e-04
     Epoch[11] Iteration[260/300], entropy: 0.6872, loss: 2.3230, lr: 9.96e-04
     Epoch[11] Iteration[270/300], entropy: 0.7350, loss: 2.2086, lr: 5.94e-04
     Epoch[11] Iteration[280/300], entropy: 0.7591, loss: 2.3511, lr: 6.18e-05
     Epoch[11] Iteration[290/300], entropy: 0.7817, loss: 2.2312, lr: 1.36e-04
     Epoch[11] Iteration[300/300], entropy: 0.4973, loss: 2.0838, lr: 7.13e-04
     Averaged stats: entropy: 0.4973, loss: 2.0838, lr: 7.13e-04
     itm tta time 0:00:31
### TTA Eval Score: 
+-------+--------+--------+--------+--------+-------+
| epoch |   R1   |   R5   |  R10   |  mAP   |  mINP |
+-------+--------+--------+--------+--------+-------+
|  -999 | 58.943 | 76.108 | 82.205 | 34.719 | 5.891 |
|   0   | 27.776 | 47.294 | 56.399 | 15.098 | 2.329 |
|   1   | 15.261 | 29.524 | 37.369 | 7.329  | 1.035 |
|   2   | 10.187 | 20.455 | 26.794 | 4.607  | 0.685 |
|   3   | 7.814  | 16.269 | 21.750 | 3.465  | 0.545 |
|   4   | 6.600  | 14.042 | 19.176 | 2.943  | 0.481 |
|   5   | 5.895  | 12.893 | 17.553 | 2.633  | 0.434 |
|   6   | 5.300  | 11.573 | 16.163 | 2.374  | 0.399 |
|   7   | 4.907  | 10.873 | 15.160 | 2.190  | 0.366 |
|   8   | 4.665  | 10.374 | 14.606 | 2.048  | 0.345 |
|   9   | 4.398  | 9.895  | 13.981 | 1.959  | 0.319 |
|   10  | 4.126  | 9.472  | 13.331 | 1.878  | 0.306 |
|   11  | 4.197  | 9.628  | 13.553 | 1.869  | 0.300 |
+-------+--------+--------+--------+--------+-------+
     logs:  {'epo': 11, 'R1': 4.197, 'R5': 9.628, 'R10': 13.553, 'mAP': 1.869, 'mINP': 0.3, 'entropy': 0.585651374856631, 'loss': 2.1483948588371278, 'lr': 0.000499999999999999}
     Epoch[12] Iteration[10/300], entropy: 0.5137, loss: 2.0029, lr: 9.96e-04
     Epoch[12] Iteration[20/300], entropy: 0.4224, loss: 2.0345, lr: 5.94e-04
     Epoch[12] Iteration[30/300], entropy: 0.5945, loss: 2.1053, lr: 6.18e-05
     Epoch[12] Iteration[40/300], entropy: 0.4943, loss: 2.1959, lr: 1.36e-04
     Epoch[12] Iteration[50/300], entropy: 0.6774, loss: 2.2652, lr: 7.13e-04
     Epoch[12] Iteration[60/300], entropy: 0.5766, loss: 2.1536, lr: 9.96e-04
     Epoch[12] Iteration[70/300], entropy: 0.2665, loss: 1.8773, lr: 5.94e-04
     Epoch[12] Iteration[80/300], entropy: 0.6198, loss: 2.1239, lr: 6.18e-05
     Epoch[12] Iteration[90/300], entropy: 0.6192, loss: 2.2355, lr: 1.36e-04
     Epoch[12] Iteration[100/300], entropy: 0.6189, loss: 2.1551, lr: 7.13e-04
     Epoch[12] Iteration[110/300], entropy: 0.5487, loss: 2.0690, lr: 9.96e-04
     Epoch[12] Iteration[120/300], entropy: 0.5531, loss: 2.0876, lr: 5.94e-04
     Epoch[12] Iteration[130/300], entropy: 0.6950, loss: 2.2753, lr: 6.18e-05
     Epoch[12] Iteration[140/300], entropy: 0.4341, loss: 2.1110, lr: 1.36e-04
     Epoch[12] Iteration[150/300], entropy: 0.5015, loss: 2.1430, lr: 7.13e-04
     Epoch[12] Iteration[160/300], entropy: 0.6716, loss: 2.2123, lr: 9.96e-04
     Epoch[12] Iteration[170/300], entropy: 0.6075, loss: 2.1666, lr: 5.94e-04
     Epoch[12] Iteration[180/300], entropy: 0.4843, loss: 2.2178, lr: 6.18e-05
     Epoch[12] Iteration[190/300], entropy: 0.5208, loss: 2.0942, lr: 1.36e-04
     Epoch[12] Iteration[200/300], entropy: 0.5618, loss: 2.0915, lr: 7.13e-04
     Epoch[12] Iteration[210/300], entropy: 0.4846, loss: 2.1777, lr: 9.96e-04
     Epoch[12] Iteration[220/300], entropy: 0.5858, loss: 2.2222, lr: 5.94e-04
     Epoch[12] Iteration[230/300], entropy: 0.6263, loss: 2.1624, lr: 6.18e-05
     Epoch[12] Iteration[240/300], entropy: 0.7294, loss: 2.1783, lr: 1.36e-04
     Epoch[12] Iteration[250/300], entropy: 0.6396, loss: 2.2019, lr: 7.13e-04
     Epoch[12] Iteration[260/300], entropy: 0.4609, loss: 2.1500, lr: 9.96e-04
     Epoch[12] Iteration[270/300], entropy: 0.6192, loss: 2.1670, lr: 5.94e-04
     Epoch[12] Iteration[280/300], entropy: 0.5557, loss: 2.0595, lr: 6.18e-05
     Epoch[12] Iteration[290/300], entropy: 0.4340, loss: 2.1235, lr: 1.36e-04
     Epoch[12] Iteration[300/300], entropy: 0.3616, loss: 2.0486, lr: 7.13e-04
     Averaged stats: entropy: 0.3616, loss: 2.0486, lr: 7.13e-04
     itm tta time 0:00:31
### TTA Eval Score: 
+-------+--------+--------+--------+--------+-------+
| epoch |   R1   |   R5   |  R10   |  mAP   |  mINP |
+-------+--------+--------+--------+--------+-------+
|  -999 | 58.943 | 76.108 | 82.205 | 34.719 | 5.891 |
|   0   | 27.776 | 47.294 | 56.399 | 15.098 | 2.329 |
|   1   | 15.261 | 29.524 | 37.369 | 7.329  | 1.035 |
|   2   | 10.187 | 20.455 | 26.794 | 4.607  | 0.685 |
|   3   | 7.814  | 16.269 | 21.750 | 3.465  | 0.545 |
|   4   | 6.600  | 14.042 | 19.176 | 2.943  | 0.481 |
|   5   | 5.895  | 12.893 | 17.553 | 2.633  | 0.434 |
|   6   | 5.300  | 11.573 | 16.163 | 2.374  | 0.399 |
|   7   | 4.907  | 10.873 | 15.160 | 2.190  | 0.366 |
|   8   | 4.665  | 10.374 | 14.606 | 2.048  | 0.345 |
|   9   | 4.398  | 9.895  | 13.981 | 1.959  | 0.319 |
|   10  | 4.126  | 9.472  | 13.331 | 1.878  | 0.306 |
|   11  | 4.197  | 9.628  | 13.553 | 1.869  | 0.300 |
|   12  | 3.819  | 9.003  | 12.555 | 1.730  | 0.288 |
+-------+--------+--------+--------+--------+-------+
     logs:  {'epo': 12, 'R1': 3.819, 'R5': 9.003, 'R10': 12.555, 'mAP': 1.73, 'mINP': 0.288, 'entropy': 0.5493032197157542, 'loss': 2.1369575103123983, 'lr': 0.0004999999999999985}
     Epoch[13] Iteration[10/300], entropy: 0.6665, loss: 2.1763, lr: 9.96e-04
     Epoch[13] Iteration[20/300], entropy: 0.4823, loss: 2.0845, lr: 5.94e-04
     Epoch[13] Iteration[30/300], entropy: 0.7973, loss: 2.2321, lr: 6.18e-05
     Epoch[13] Iteration[40/300], entropy: 0.8788, loss: 2.3931, lr: 1.36e-04
     Epoch[13] Iteration[50/300], entropy: 0.6758, loss: 2.3504, lr: 7.13e-04
     Epoch[13] Iteration[60/300], entropy: 0.6049, loss: 2.0936, lr: 9.96e-04
     Epoch[13] Iteration[70/300], entropy: 0.3989, loss: 1.9839, lr: 5.94e-04
     Epoch[13] Iteration[80/300], entropy: 0.5052, loss: 2.1669, lr: 6.18e-05
     Epoch[13] Iteration[90/300], entropy: 0.6933, loss: 2.1511, lr: 1.36e-04
     Epoch[13] Iteration[100/300], entropy: 0.6323, loss: 2.1575, lr: 7.13e-04
     Epoch[13] Iteration[110/300], entropy: 0.7461, loss: 2.2641, lr: 9.96e-04
     Epoch[13] Iteration[120/300], entropy: 0.4825, loss: 2.1399, lr: 5.94e-04
     Epoch[13] Iteration[130/300], entropy: 0.3880, loss: 2.0827, lr: 6.18e-05
     Epoch[13] Iteration[140/300], entropy: 0.5625, loss: 2.2210, lr: 1.36e-04
     Epoch[13] Iteration[150/300], entropy: 0.3864, loss: 2.2013, lr: 7.13e-04
     Epoch[13] Iteration[160/300], entropy: 0.5934, loss: 2.1846, lr: 9.96e-04
     Epoch[13] Iteration[170/300], entropy: 0.6254, loss: 2.2257, lr: 5.94e-04
     Epoch[13] Iteration[180/300], entropy: 0.5387, loss: 2.2430, lr: 6.18e-05
     Epoch[13] Iteration[190/300], entropy: 0.3354, loss: 2.0124, lr: 1.36e-04
     Epoch[13] Iteration[200/300], entropy: 0.5506, loss: 2.1378, lr: 7.13e-04
     Epoch[13] Iteration[210/300], entropy: 0.5010, loss: 1.9631, lr: 9.96e-04
     Epoch[13] Iteration[220/300], entropy: 0.8894, loss: 2.3021, lr: 5.94e-04
     Epoch[13] Iteration[230/300], entropy: 0.6036, loss: 2.1451, lr: 6.18e-05
     Epoch[13] Iteration[240/300], entropy: 0.6839, loss: 2.2130, lr: 1.36e-04
     Epoch[13] Iteration[250/300], entropy: 0.4445, loss: 2.0953, lr: 7.13e-04
     Epoch[13] Iteration[260/300], entropy: 0.7443, loss: 2.1865, lr: 9.96e-04
     Epoch[13] Iteration[270/300], entropy: 0.4184, loss: 2.0252, lr: 5.94e-04
     Epoch[13] Iteration[280/300], entropy: 0.4960, loss: 2.1619, lr: 6.18e-05
     Epoch[13] Iteration[290/300], entropy: 0.5627, loss: 2.1211, lr: 1.36e-04
     Epoch[13] Iteration[300/300], entropy: 0.4712, loss: 2.1899, lr: 7.13e-04
     Averaged stats: entropy: 0.4712, loss: 2.1899, lr: 7.13e-04
     itm tta time 0:00:31
### TTA Eval Score: 
+-------+--------+--------+--------+--------+-------+
| epoch |   R1   |   R5   |  R10   |  mAP   |  mINP |
+-------+--------+--------+--------+--------+-------+
|  -999 | 58.943 | 76.108 | 82.205 | 34.719 | 5.891 |
|   0   | 27.776 | 47.294 | 56.399 | 15.098 | 2.329 |
|   1   | 15.261 | 29.524 | 37.369 | 7.329  | 1.035 |
|   2   | 10.187 | 20.455 | 26.794 | 4.607  | 0.685 |
|   3   | 7.814  | 16.269 | 21.750 | 3.465  | 0.545 |
|   4   | 6.600  | 14.042 | 19.176 | 2.943  | 0.481 |
|   5   | 5.895  | 12.893 | 17.553 | 2.633  | 0.434 |
|   6   | 5.300  | 11.573 | 16.163 | 2.374  | 0.399 |
|   7   | 4.907  | 10.873 | 15.160 | 2.190  | 0.366 |
|   8   | 4.665  | 10.374 | 14.606 | 2.048  | 0.345 |
|   9   | 4.398  | 9.895  | 13.981 | 1.959  | 0.319 |
|   10  | 4.126  | 9.472  | 13.331 | 1.878  | 0.306 |
|   11  | 4.197  | 9.628  | 13.553 | 1.869  | 0.300 |
|   12  | 3.819  | 9.003  | 12.555 | 1.730  | 0.288 |
|   13  | 3.794  | 8.575  | 12.429 | 1.709  | 0.273 |
+-------+--------+--------+--------+--------+-------+
     logs:  {'epo': 13, 'R1': 3.794, 'R5': 8.575, 'R10': 12.429, 'mAP': 1.709, 'mINP': 0.273, 'entropy': 0.5786425222953161, 'loss': 2.163505522410075, 'lr': 0.0004999999999999984}
     Epoch[14] Iteration[10/300], entropy: 0.8595, loss: 2.2297, lr: 9.96e-04
     Epoch[14] Iteration[20/300], entropy: 0.5386, loss: 2.1377, lr: 5.94e-04
     Epoch[14] Iteration[30/300], entropy: 0.5377, loss: 2.1853, lr: 6.18e-05
     Epoch[14] Iteration[40/300], entropy: 0.5752, loss: 2.1834, lr: 1.36e-04
     Epoch[14] Iteration[50/300], entropy: 0.4542, loss: 2.1129, lr: 7.13e-04
     Epoch[14] Iteration[60/300], entropy: 0.4744, loss: 1.9366, lr: 9.96e-04
     Epoch[14] Iteration[70/300], entropy: 0.6278, loss: 2.2083, lr: 5.94e-04
     Epoch[14] Iteration[80/300], entropy: 0.6641, loss: 2.1935, lr: 6.18e-05
     Epoch[14] Iteration[90/300], entropy: 0.5597, loss: 2.0833, lr: 1.36e-04
     Epoch[14] Iteration[100/300], entropy: 0.4506, loss: 2.1502, lr: 7.13e-04
     Epoch[14] Iteration[110/300], entropy: 0.7150, loss: 2.1999, lr: 9.96e-04
     Epoch[14] Iteration[120/300], entropy: 0.4670, loss: 2.0431, lr: 5.94e-04
     Epoch[14] Iteration[130/300], entropy: 0.5502, loss: 2.2177, lr: 6.18e-05
     Epoch[14] Iteration[140/300], entropy: 0.5166, loss: 2.0989, lr: 1.36e-04
     Epoch[14] Iteration[150/300], entropy: 0.5397, loss: 2.0923, lr: 7.13e-04
     Epoch[14] Iteration[160/300], entropy: 0.6528, loss: 2.3498, lr: 9.96e-04
     Epoch[14] Iteration[170/300], entropy: 0.6261, loss: 2.1042, lr: 5.94e-04
     Epoch[14] Iteration[180/300], entropy: 0.6237, loss: 2.1195, lr: 6.18e-05
     Epoch[14] Iteration[190/300], entropy: 0.4986, loss: 1.9845, lr: 1.36e-04
     Epoch[14] Iteration[200/300], entropy: 0.5624, loss: 2.2085, lr: 7.13e-04
     Epoch[14] Iteration[210/300], entropy: 0.7755, loss: 2.2978, lr: 9.96e-04
     Epoch[14] Iteration[220/300], entropy: 0.5489, loss: 2.0771, lr: 5.94e-04
     Epoch[14] Iteration[230/300], entropy: 0.4081, loss: 1.8948, lr: 6.18e-05
     Epoch[14] Iteration[240/300], entropy: 0.4567, loss: 2.0325, lr: 1.36e-04
     Epoch[14] Iteration[250/300], entropy: 0.4441, loss: 1.9929, lr: 7.13e-04
     Epoch[14] Iteration[260/300], entropy: 0.6671, loss: 2.2393, lr: 9.96e-04
     Epoch[14] Iteration[270/300], entropy: 0.6238, loss: 2.1777, lr: 5.94e-04
     Epoch[14] Iteration[280/300], entropy: 0.7728, loss: 2.2420, lr: 6.18e-05
     Epoch[14] Iteration[290/300], entropy: 0.5289, loss: 2.1502, lr: 1.36e-04
     Epoch[14] Iteration[300/300], entropy: 0.5774, loss: 2.0478, lr: 7.13e-04
     Averaged stats: entropy: 0.5774, loss: 2.0478, lr: 7.13e-04
     itm tta time 0:00:31
### TTA Eval Score: 
+-------+--------+--------+--------+--------+-------+
| epoch |   R1   |   R5   |  R10   |  mAP   |  mINP |
+-------+--------+--------+--------+--------+-------+
|  -999 | 58.943 | 76.108 | 82.205 | 34.719 | 5.891 |
|   0   | 27.776 | 47.294 | 56.399 | 15.098 | 2.329 |
|   1   | 15.261 | 29.524 | 37.369 | 7.329  | 1.035 |
|   2   | 10.187 | 20.455 | 26.794 | 4.607  | 0.685 |
|   3   | 7.814  | 16.269 | 21.750 | 3.465  | 0.545 |
|   4   | 6.600  | 14.042 | 19.176 | 2.943  | 0.481 |
|   5   | 5.895  | 12.893 | 17.553 | 2.633  | 0.434 |
|   6   | 5.300  | 11.573 | 16.163 | 2.374  | 0.399 |
|   7   | 4.907  | 10.873 | 15.160 | 2.190  | 0.366 |
|   8   | 4.665  | 10.374 | 14.606 | 2.048  | 0.345 |
|   9   | 4.398  | 9.895  | 13.981 | 1.959  | 0.319 |
|   10  | 4.126  | 9.472  | 13.331 | 1.878  | 0.306 |
|   11  | 4.197  | 9.628  | 13.553 | 1.869  | 0.300 |
|   12  | 3.819  | 9.003  | 12.555 | 1.730  | 0.288 |
|   13  | 3.794  | 8.575  | 12.429 | 1.709  | 0.273 |
|   14  | 3.607  | 8.404  | 12.016 | 1.634  | 0.268 |
+-------+--------+--------+--------+--------+-------+
     logs:  {'epo': 14, 'R1': 3.607, 'R5': 8.404, 'R10': 12.016, 'mAP': 1.634, 'mINP': 0.268, 'entropy': 0.5765718201796214, 'loss': 2.133058559894562, 'lr': 0.000499999999999999}
     Epoch[15] Iteration[10/300], entropy: 0.4802, loss: 2.0377, lr: 9.96e-04
     Epoch[15] Iteration[20/300], entropy: 0.6205, loss: 2.1569, lr: 5.94e-04
     Epoch[15] Iteration[30/300], entropy: 0.3822, loss: 2.0974, lr: 6.18e-05
     Epoch[15] Iteration[40/300], entropy: 0.6057, loss: 2.0987, lr: 1.36e-04
     Epoch[15] Iteration[50/300], entropy: 0.5117, loss: 2.0415, lr: 7.13e-04
     Epoch[15] Iteration[60/300], entropy: 0.4900, loss: 2.1267, lr: 9.96e-04
     Epoch[15] Iteration[70/300], entropy: 0.6269, loss: 2.2587, lr: 5.94e-04
     Epoch[15] Iteration[80/300], entropy: 0.5082, loss: 2.0246, lr: 6.18e-05
     Epoch[15] Iteration[90/300], entropy: 0.8358, loss: 2.3401, lr: 1.36e-04
     Epoch[15] Iteration[100/300], entropy: 0.4887, loss: 2.2407, lr: 7.13e-04
     Epoch[15] Iteration[110/300], entropy: 0.4636, loss: 2.1044, lr: 9.96e-04
     Epoch[15] Iteration[120/300], entropy: 0.3907, loss: 2.0019, lr: 5.94e-04
     Epoch[15] Iteration[130/300], entropy: 0.4082, loss: 2.0194, lr: 6.18e-05
     Epoch[15] Iteration[140/300], entropy: 0.4960, loss: 2.1239, lr: 1.36e-04
     Epoch[15] Iteration[150/300], entropy: 0.5771, loss: 2.1680, lr: 7.13e-04
     Epoch[15] Iteration[160/300], entropy: 0.3885, loss: 2.0090, lr: 9.96e-04
     Epoch[15] Iteration[170/300], entropy: 0.4544, loss: 1.9884, lr: 5.94e-04
     Epoch[15] Iteration[180/300], entropy: 0.3955, loss: 1.9065, lr: 6.18e-05
     Epoch[15] Iteration[190/300], entropy: 0.6311, loss: 2.1062, lr: 1.36e-04
     Epoch[15] Iteration[200/300], entropy: 0.6471, loss: 2.1526, lr: 7.13e-04
     Epoch[15] Iteration[210/300], entropy: 0.5412, loss: 2.1304, lr: 9.96e-04
     Epoch[15] Iteration[220/300], entropy: 0.5745, loss: 2.1375, lr: 5.94e-04
     Epoch[15] Iteration[230/300], entropy: 0.4654, loss: 2.1154, lr: 6.18e-05
     Epoch[15] Iteration[240/300], entropy: 0.7793, loss: 2.1861, lr: 1.36e-04
     Epoch[15] Iteration[250/300], entropy: 0.4824, loss: 1.9678, lr: 7.13e-04
     Epoch[15] Iteration[260/300], entropy: 0.5500, loss: 2.1910, lr: 9.96e-04
     Epoch[15] Iteration[270/300], entropy: 0.4438, loss: 2.0441, lr: 5.94e-04
     Epoch[15] Iteration[280/300], entropy: 0.4997, loss: 2.0426, lr: 6.18e-05
     Epoch[15] Iteration[290/300], entropy: 0.5966, loss: 2.1285, lr: 1.36e-04
     Epoch[15] Iteration[300/300], entropy: 0.6520, loss: 2.1218, lr: 7.13e-04
     Averaged stats: entropy: 0.6520, loss: 2.1218, lr: 7.13e-04
     itm tta time 0:00:30
### TTA Eval Score: 
+-------+--------+--------+--------+--------+-------+
| epoch |   R1   |   R5   |  R10   |  mAP   |  mINP |
+-------+--------+--------+--------+--------+-------+
|  -999 | 58.943 | 76.108 | 82.205 | 34.719 | 5.891 |
|   0   | 27.776 | 47.294 | 56.399 | 15.098 | 2.329 |
|   1   | 15.261 | 29.524 | 37.369 | 7.329  | 1.035 |
|   2   | 10.187 | 20.455 | 26.794 | 4.607  | 0.685 |
|   3   | 7.814  | 16.269 | 21.750 | 3.465  | 0.545 |
|   4   | 6.600  | 14.042 | 19.176 | 2.943  | 0.481 |
|   5   | 5.895  | 12.893 | 17.553 | 2.633  | 0.434 |
|   6   | 5.300  | 11.573 | 16.163 | 2.374  | 0.399 |
|   7   | 4.907  | 10.873 | 15.160 | 2.190  | 0.366 |
|   8   | 4.665  | 10.374 | 14.606 | 2.048  | 0.345 |
|   9   | 4.398  | 9.895  | 13.981 | 1.959  | 0.319 |
|   10  | 4.126  | 9.472  | 13.331 | 1.878  | 0.306 |
|   11  | 4.197  | 9.628  | 13.553 | 1.869  | 0.300 |
|   12  | 3.819  | 9.003  | 12.555 | 1.730  | 0.288 |
|   13  | 3.794  | 8.575  | 12.429 | 1.709  | 0.273 |
|   14  | 3.607  | 8.404  | 12.016 | 1.634  | 0.268 |
|   15  | 3.587  | 8.379  | 11.976 | 1.625  | 0.263 |
+-------+--------+--------+--------+--------+-------+
     logs:  {'epo': 15, 'R1': 3.587, 'R5': 8.379, 'R10': 11.976, 'mAP': 1.625, 'mINP': 0.263, 'entropy': 0.5328941971063614, 'loss': 2.102282782395681, 'lr': 0.000499999999999999}
     Epoch[16] Iteration[10/300], entropy: 0.7491, loss: 2.2561, lr: 9.96e-04
     Epoch[16] Iteration[20/300], entropy: 0.5817, loss: 2.2161, lr: 5.94e-04
     Epoch[16] Iteration[30/300], entropy: 0.7211, loss: 2.2456, lr: 6.18e-05
     Epoch[16] Iteration[40/300], entropy: 0.3807, loss: 2.0089, lr: 1.36e-04
     Epoch[16] Iteration[50/300], entropy: 0.5744, loss: 2.1819, lr: 7.13e-04
     Epoch[16] Iteration[60/300], entropy: 0.4732, loss: 2.0342, lr: 9.96e-04
     Epoch[16] Iteration[70/300], entropy: 0.4309, loss: 2.1288, lr: 5.94e-04
     Epoch[16] Iteration[80/300], entropy: 0.5594, loss: 1.9521, lr: 6.18e-05
     Epoch[16] Iteration[90/300], entropy: 0.5647, loss: 2.1403, lr: 1.36e-04
     Epoch[16] Iteration[100/300], entropy: 0.5066, loss: 2.1042, lr: 7.13e-04
     Epoch[16] Iteration[110/300], entropy: 0.4393, loss: 2.1117, lr: 9.96e-04
     Epoch[16] Iteration[120/300], entropy: 0.6675, loss: 2.1343, lr: 5.94e-04
     Epoch[16] Iteration[130/300], entropy: 0.6261, loss: 2.1843, lr: 6.18e-05
     Epoch[16] Iteration[140/300], entropy: 0.4011, loss: 1.9609, lr: 1.36e-04
     Epoch[16] Iteration[150/300], entropy: 0.4132, loss: 2.0716, lr: 7.13e-04
     Epoch[16] Iteration[160/300], entropy: 0.4785, loss: 2.2056, lr: 9.96e-04
     Epoch[16] Iteration[170/300], entropy: 0.4680, loss: 2.1488, lr: 5.94e-04
     Epoch[16] Iteration[180/300], entropy: 0.5881, loss: 2.0675, lr: 6.18e-05
     Epoch[16] Iteration[190/300], entropy: 0.7783, loss: 2.2497, lr: 1.36e-04
     Epoch[16] Iteration[200/300], entropy: 0.6259, loss: 2.1796, lr: 7.13e-04
     Epoch[16] Iteration[210/300], entropy: 0.4527, loss: 1.9585, lr: 9.96e-04
     Epoch[16] Iteration[220/300], entropy: 0.4470, loss: 2.1639, lr: 5.94e-04
     Epoch[16] Iteration[230/300], entropy: 0.7157, loss: 2.2234, lr: 6.18e-05
     Epoch[16] Iteration[240/300], entropy: 0.4745, loss: 2.0615, lr: 1.36e-04
     Epoch[16] Iteration[250/300], entropy: 0.6357, loss: 2.2591, lr: 7.13e-04
     Epoch[16] Iteration[260/300], entropy: 0.6242, loss: 2.1789, lr: 9.96e-04
     Epoch[16] Iteration[270/300], entropy: 0.5458, loss: 2.1061, lr: 5.94e-04
     Epoch[16] Iteration[280/300], entropy: 0.6329, loss: 2.2133, lr: 6.18e-05
     Epoch[16] Iteration[290/300], entropy: 0.4975, loss: 2.1163, lr: 1.36e-04
     Epoch[16] Iteration[300/300], entropy: 0.7913, loss: 2.2527, lr: 7.13e-04
     Averaged stats: entropy: 0.7913, loss: 2.2527, lr: 7.13e-04
     itm tta time 0:00:30
### TTA Eval Score: 
+-------+--------+--------+--------+--------+-------+
| epoch |   R1   |   R5   |  R10   |  mAP   |  mINP |
+-------+--------+--------+--------+--------+-------+
|  -999 | 58.943 | 76.108 | 82.205 | 34.719 | 5.891 |
|   0   | 27.776 | 47.294 | 56.399 | 15.098 | 2.329 |
|   1   | 15.261 | 29.524 | 37.369 | 7.329  | 1.035 |
|   2   | 10.187 | 20.455 | 26.794 | 4.607  | 0.685 |
|   3   | 7.814  | 16.269 | 21.750 | 3.465  | 0.545 |
|   4   | 6.600  | 14.042 | 19.176 | 2.943  | 0.481 |
|   5   | 5.895  | 12.893 | 17.553 | 2.633  | 0.434 |
|   6   | 5.300  | 11.573 | 16.163 | 2.374  | 0.399 |
|   7   | 4.907  | 10.873 | 15.160 | 2.190  | 0.366 |
|   8   | 4.665  | 10.374 | 14.606 | 2.048  | 0.345 |
|   9   | 4.398  | 9.895  | 13.981 | 1.959  | 0.319 |
|   10  | 4.126  | 9.472  | 13.331 | 1.878  | 0.306 |
|   11  | 4.197  | 9.628  | 13.553 | 1.869  | 0.300 |
|   12  | 3.819  | 9.003  | 12.555 | 1.730  | 0.288 |
|   13  | 3.794  | 8.575  | 12.429 | 1.709  | 0.273 |
|   14  | 3.607  | 8.404  | 12.016 | 1.634  | 0.268 |
|   15  | 3.587  | 8.379  | 11.976 | 1.625  | 0.263 |
|   16  | 3.723  | 8.439  | 12.082 | 1.625  | 0.259 |
+-------+--------+--------+--------+--------+-------+
     logs:  {'epo': 16, 'R1': 3.723, 'R5': 8.439, 'R10': 12.082, 'mAP': 1.625, 'mINP': 0.259, 'entropy': 0.5615022132794062, 'loss': 2.1371940970420837, 'lr': 0.000499999999999999}
     Epoch[17] Iteration[10/300], entropy: 0.4856, loss: 2.1189, lr: 9.96e-04
     Epoch[17] Iteration[20/300], entropy: 0.5944, loss: 2.1913, lr: 5.94e-04
     Epoch[17] Iteration[30/300], entropy: 0.4867, loss: 2.0900, lr: 6.18e-05
     Epoch[17] Iteration[40/300], entropy: 0.6043, loss: 2.0713, lr: 1.36e-04
     Epoch[17] Iteration[50/300], entropy: 0.2781, loss: 2.0081, lr: 7.13e-04
     Epoch[17] Iteration[60/300], entropy: 0.5274, loss: 2.2153, lr: 9.96e-04
     Epoch[17] Iteration[70/300], entropy: 0.7090, loss: 2.2786, lr: 5.94e-04
     Epoch[17] Iteration[80/300], entropy: 0.6512, loss: 2.1854, lr: 6.18e-05
     Epoch[17] Iteration[90/300], entropy: 0.4676, loss: 2.1596, lr: 1.36e-04
     Epoch[17] Iteration[100/300], entropy: 0.5471, loss: 2.1333, lr: 7.13e-04
     Epoch[17] Iteration[110/300], entropy: 0.6209, loss: 2.2020, lr: 9.96e-04
     Epoch[17] Iteration[120/300], entropy: 0.5485, loss: 2.0411, lr: 5.94e-04
     Epoch[17] Iteration[130/300], entropy: 0.3785, loss: 2.1632, lr: 6.18e-05
     Epoch[17] Iteration[140/300], entropy: 0.5793, loss: 2.0775, lr: 1.36e-04
     Epoch[17] Iteration[150/300], entropy: 0.4539, loss: 2.1955, lr: 7.13e-04
     Epoch[17] Iteration[160/300], entropy: 0.3777, loss: 1.9516, lr: 9.96e-04
     Epoch[17] Iteration[170/300], entropy: 0.7014, loss: 2.2653, lr: 5.94e-04
     Epoch[17] Iteration[180/300], entropy: 0.4528, loss: 2.1936, lr: 6.18e-05
     Epoch[17] Iteration[190/300], entropy: 0.5418, loss: 2.1260, lr: 1.36e-04
     Epoch[17] Iteration[200/300], entropy: 0.7341, loss: 2.2772, lr: 7.13e-04
     Epoch[17] Iteration[210/300], entropy: 0.5112, loss: 2.1972, lr: 9.96e-04
     Epoch[17] Iteration[220/300], entropy: 0.5391, loss: 2.0106, lr: 5.94e-04
     Epoch[17] Iteration[230/300], entropy: 0.6477, loss: 2.0945, lr: 6.18e-05
     Epoch[17] Iteration[240/300], entropy: 0.4624, loss: 2.1561, lr: 1.36e-04
     Epoch[17] Iteration[250/300], entropy: 0.7473, loss: 2.2299, lr: 7.13e-04
     Epoch[17] Iteration[260/300], entropy: 0.5093, loss: 2.0803, lr: 9.96e-04
     Epoch[17] Iteration[270/300], entropy: 0.5250, loss: 2.3007, lr: 5.94e-04
     Epoch[17] Iteration[280/300], entropy: 0.7313, loss: 2.2178, lr: 6.18e-05
     Epoch[17] Iteration[290/300], entropy: 0.6538, loss: 2.2471, lr: 1.36e-04
     Epoch[17] Iteration[300/300], entropy: 0.5454, loss: 2.0272, lr: 7.13e-04
     Averaged stats: entropy: 0.5454, loss: 2.0272, lr: 7.13e-04
     itm tta time 0:00:31
### TTA Eval Score: 
+-------+--------+--------+--------+--------+-------+
| epoch |   R1   |   R5   |  R10   |  mAP   |  mINP |
+-------+--------+--------+--------+--------+-------+
|  -999 | 58.943 | 76.108 | 82.205 | 34.719 | 5.891 |
|   0   | 27.776 | 47.294 | 56.399 | 15.098 | 2.329 |
|   1   | 15.261 | 29.524 | 37.369 | 7.329  | 1.035 |
|   2   | 10.187 | 20.455 | 26.794 | 4.607  | 0.685 |
|   3   | 7.814  | 16.269 | 21.750 | 3.465  | 0.545 |
|   4   | 6.600  | 14.042 | 19.176 | 2.943  | 0.481 |
|   5   | 5.895  | 12.893 | 17.553 | 2.633  | 0.434 |
|   6   | 5.300  | 11.573 | 16.163 | 2.374  | 0.399 |
|   7   | 4.907  | 10.873 | 15.160 | 2.190  | 0.366 |
|   8   | 4.665  | 10.374 | 14.606 | 2.048  | 0.345 |
|   9   | 4.398  | 9.895  | 13.981 | 1.959  | 0.319 |
|   10  | 4.126  | 9.472  | 13.331 | 1.878  | 0.306 |
|   11  | 4.197  | 9.628  | 13.553 | 1.869  | 0.300 |
|   12  | 3.819  | 9.003  | 12.555 | 1.730  | 0.288 |
|   13  | 3.794  | 8.575  | 12.429 | 1.709  | 0.273 |
|   14  | 3.607  | 8.404  | 12.016 | 1.634  | 0.268 |
|   15  | 3.587  | 8.379  | 11.976 | 1.625  | 0.263 |
|   16  | 3.723  | 8.439  | 12.082 | 1.625  | 0.259 |
|   17  | 3.607  | 8.464  | 12.016 | 1.627  | 0.257 |
+-------+--------+--------+--------+--------+-------+
     logs:  {'epo': 17, 'R1': 3.607, 'R5': 8.464, 'R10': 12.016, 'mAP': 1.627, 'mINP': 0.257, 'entropy': 0.5537617961565654, 'loss': 2.1502046664555867, 'lr': 0.0004999999999999989}
     Epoch[18] Iteration[10/300], entropy: 0.7145, loss: 2.2120, lr: 9.96e-04
     Epoch[18] Iteration[20/300], entropy: 0.6917, loss: 2.2218, lr: 5.94e-04
     Epoch[18] Iteration[30/300], entropy: 0.3550, loss: 1.8441, lr: 6.18e-05
     Epoch[18] Iteration[40/300], entropy: 0.6936, loss: 2.2433, lr: 1.36e-04
     Epoch[18] Iteration[50/300], entropy: 0.6073, loss: 2.1957, lr: 7.13e-04
     Epoch[18] Iteration[60/300], entropy: 0.5711, loss: 2.1433, lr: 9.96e-04
     Epoch[18] Iteration[70/300], entropy: 0.4114, loss: 2.0719, lr: 5.94e-04
     Epoch[18] Iteration[80/300], entropy: 0.7660, loss: 2.3065, lr: 6.18e-05
     Epoch[18] Iteration[90/300], entropy: 0.7037, loss: 2.2441, lr: 1.36e-04
     Epoch[18] Iteration[100/300], entropy: 0.5076, loss: 2.1000, lr: 7.13e-04
     Epoch[18] Iteration[110/300], entropy: 0.6978, loss: 2.1764, lr: 9.96e-04
     Epoch[18] Iteration[120/300], entropy: 0.3511, loss: 1.9842, lr: 5.94e-04
     Epoch[18] Iteration[130/300], entropy: 0.4884, loss: 2.1416, lr: 6.18e-05
     Epoch[18] Iteration[140/300], entropy: 0.6661, loss: 2.2452, lr: 1.36e-04
     Epoch[18] Iteration[150/300], entropy: 0.3935, loss: 2.0783, lr: 7.13e-04
     Epoch[18] Iteration[160/300], entropy: 0.4947, loss: 2.1999, lr: 9.96e-04
     Epoch[18] Iteration[170/300], entropy: 0.5756, loss: 2.0760, lr: 5.94e-04
     Epoch[18] Iteration[180/300], entropy: 0.6722, loss: 2.2849, lr: 6.18e-05
     Epoch[18] Iteration[190/300], entropy: 0.5198, loss: 2.2503, lr: 1.36e-04
     Epoch[18] Iteration[200/300], entropy: 0.6476, loss: 2.3058, lr: 7.13e-04
     Epoch[18] Iteration[210/300], entropy: 0.5827, loss: 2.1177, lr: 9.96e-04
     Epoch[18] Iteration[220/300], entropy: 0.5983, loss: 2.1383, lr: 5.94e-04
     Epoch[18] Iteration[230/300], entropy: 0.5303, loss: 2.1435, lr: 6.18e-05
     Epoch[18] Iteration[240/300], entropy: 0.8661, loss: 2.3571, lr: 1.36e-04
     Epoch[18] Iteration[250/300], entropy: 0.5839, loss: 2.2287, lr: 7.13e-04
     Epoch[18] Iteration[260/300], entropy: 0.4334, loss: 2.0599, lr: 9.96e-04
     Epoch[18] Iteration[270/300], entropy: 0.5696, loss: 2.0979, lr: 5.94e-04
     Epoch[18] Iteration[280/300], entropy: 0.5912, loss: 2.1241, lr: 6.18e-05
     Epoch[18] Iteration[290/300], entropy: 0.6196, loss: 2.1436, lr: 1.36e-04
     Epoch[18] Iteration[300/300], entropy: 0.5768, loss: 2.1499, lr: 7.13e-04
     Averaged stats: entropy: 0.5768, loss: 2.1499, lr: 7.13e-04
     itm tta time 0:00:30
### TTA Eval Score: 
+-------+--------+--------+--------+--------+-------+
| epoch |   R1   |   R5   |  R10   |  mAP   |  mINP |
+-------+--------+--------+--------+--------+-------+
|  -999 | 58.943 | 76.108 | 82.205 | 34.719 | 5.891 |
|   0   | 27.776 | 47.294 | 56.399 | 15.098 | 2.329 |
|   1   | 15.261 | 29.524 | 37.369 | 7.329  | 1.035 |
|   2   | 10.187 | 20.455 | 26.794 | 4.607  | 0.685 |
|   3   | 7.814  | 16.269 | 21.750 | 3.465  | 0.545 |
|   4   | 6.600  | 14.042 | 19.176 | 2.943  | 0.481 |
|   5   | 5.895  | 12.893 | 17.553 | 2.633  | 0.434 |
|   6   | 5.300  | 11.573 | 16.163 | 2.374  | 0.399 |
|   7   | 4.907  | 10.873 | 15.160 | 2.190  | 0.366 |
|   8   | 4.665  | 10.374 | 14.606 | 2.048  | 0.345 |
|   9   | 4.398  | 9.895  | 13.981 | 1.959  | 0.319 |
|   10  | 4.126  | 9.472  | 13.331 | 1.878  | 0.306 |
|   11  | 4.197  | 9.628  | 13.553 | 1.869  | 0.300 |
|   12  | 3.819  | 9.003  | 12.555 | 1.730  | 0.288 |
|   13  | 3.794  | 8.575  | 12.429 | 1.709  | 0.273 |
|   14  | 3.607  | 8.404  | 12.016 | 1.634  | 0.268 |
|   15  | 3.587  | 8.379  | 11.976 | 1.625  | 0.263 |
|   16  | 3.723  | 8.439  | 12.082 | 1.625  | 0.259 |
|   17  | 3.607  | 8.464  | 12.016 | 1.627  | 0.257 |
|   18  | 3.552  | 8.167  | 11.689 | 1.586  | 0.249 |
+-------+--------+--------+--------+--------+-------+
     logs:  {'epo': 18, 'R1': 3.552, 'R5': 8.167, 'R10': 11.689, 'mAP': 1.586, 'mINP': 0.249, 'entropy': 0.5826877693335215, 'loss': 2.162875735759735, 'lr': 0.0004999999999999981}
     Epoch[19] Iteration[10/300], entropy: 0.6368, loss: 2.1295, lr: 9.96e-04
     Epoch[19] Iteration[20/300], entropy: 0.6128, loss: 2.1684, lr: 5.94e-04
     Epoch[19] Iteration[30/300], entropy: 0.6552, loss: 2.2284, lr: 6.18e-05
     Epoch[19] Iteration[40/300], entropy: 0.5387, loss: 2.1004, lr: 1.36e-04
     Epoch[19] Iteration[50/300], entropy: 0.5492, loss: 2.0059, lr: 7.13e-04
     Epoch[19] Iteration[60/300], entropy: 0.3980, loss: 2.0694, lr: 9.96e-04
     Epoch[19] Iteration[70/300], entropy: 0.5299, loss: 2.1899, lr: 5.94e-04
     Epoch[19] Iteration[80/300], entropy: 0.5053, loss: 2.1970, lr: 6.18e-05
     Epoch[19] Iteration[90/300], entropy: 0.5958, loss: 2.2371, lr: 1.36e-04
     Epoch[19] Iteration[100/300], entropy: 0.4963, loss: 2.0609, lr: 7.13e-04
     Epoch[19] Iteration[110/300], entropy: 0.5119, loss: 2.0946, lr: 9.96e-04
     Epoch[19] Iteration[120/300], entropy: 0.5414, loss: 2.1821, lr: 5.94e-04
     Epoch[19] Iteration[130/300], entropy: 0.5442, loss: 2.0769, lr: 6.18e-05
     Epoch[19] Iteration[140/300], entropy: 0.3614, loss: 2.1890, lr: 1.36e-04
     Epoch[19] Iteration[150/300], entropy: 0.4765, loss: 2.1103, lr: 7.13e-04
     Epoch[19] Iteration[160/300], entropy: 0.4449, loss: 2.1107, lr: 9.96e-04
     Epoch[19] Iteration[170/300], entropy: 0.5256, loss: 2.1595, lr: 5.94e-04
     Epoch[19] Iteration[180/300], entropy: 0.5652, loss: 2.0509, lr: 6.18e-05
     Epoch[19] Iteration[190/300], entropy: 0.6610, loss: 2.1588, lr: 1.36e-04
     Epoch[19] Iteration[200/300], entropy: 0.4710, loss: 2.0311, lr: 7.13e-04
     Epoch[19] Iteration[210/300], entropy: 0.7355, loss: 2.2073, lr: 9.96e-04
     Epoch[19] Iteration[220/300], entropy: 0.5486, loss: 2.0889, lr: 5.94e-04
     Epoch[19] Iteration[230/300], entropy: 0.5406, loss: 1.9947, lr: 6.18e-05
     Epoch[19] Iteration[240/300], entropy: 0.6595, loss: 2.0850, lr: 1.36e-04
     Epoch[19] Iteration[250/300], entropy: 0.5870, loss: 2.0811, lr: 7.13e-04
     Epoch[19] Iteration[260/300], entropy: 0.5960, loss: 2.2184, lr: 9.96e-04
     Epoch[19] Iteration[270/300], entropy: 0.4408, loss: 1.9891, lr: 5.94e-04
     Epoch[19] Iteration[280/300], entropy: 0.6237, loss: 2.1610, lr: 6.18e-05
     Epoch[19] Iteration[290/300], entropy: 0.6098, loss: 2.2249, lr: 1.36e-04
     Epoch[19] Iteration[300/300], entropy: 0.6072, loss: 2.1482, lr: 7.13e-04
     Averaged stats: entropy: 0.6072, loss: 2.1482, lr: 7.13e-04
     itm tta time 0:00:31
### TTA Eval Score: 
+-------+--------+--------+--------+--------+-------+
| epoch |   R1   |   R5   |  R10   |  mAP   |  mINP |
+-------+--------+--------+--------+--------+-------+
|  -999 | 58.943 | 76.108 | 82.205 | 34.719 | 5.891 |
|   0   | 27.776 | 47.294 | 56.399 | 15.098 | 2.329 |
|   1   | 15.261 | 29.524 | 37.369 | 7.329  | 1.035 |
|   2   | 10.187 | 20.455 | 26.794 | 4.607  | 0.685 |
|   3   | 7.814  | 16.269 | 21.750 | 3.465  | 0.545 |
|   4   | 6.600  | 14.042 | 19.176 | 2.943  | 0.481 |
|   5   | 5.895  | 12.893 | 17.553 | 2.633  | 0.434 |
|   6   | 5.300  | 11.573 | 16.163 | 2.374  | 0.399 |
|   7   | 4.907  | 10.873 | 15.160 | 2.190  | 0.366 |
|   8   | 4.665  | 10.374 | 14.606 | 2.048  | 0.345 |
|   9   | 4.398  | 9.895  | 13.981 | 1.959  | 0.319 |
|   10  | 4.126  | 9.472  | 13.331 | 1.878  | 0.306 |
|   11  | 4.197  | 9.628  | 13.553 | 1.869  | 0.300 |
|   12  | 3.819  | 9.003  | 12.555 | 1.730  | 0.288 |
|   13  | 3.794  | 8.575  | 12.429 | 1.709  | 0.273 |
|   14  | 3.607  | 8.404  | 12.016 | 1.634  | 0.268 |
|   15  | 3.587  | 8.379  | 11.976 | 1.625  | 0.263 |
|   16  | 3.723  | 8.439  | 12.082 | 1.625  | 0.259 |
|   17  | 3.607  | 8.464  | 12.016 | 1.627  | 0.257 |
|   18  | 3.552  | 8.167  | 11.689 | 1.586  | 0.249 |
|   19  | 3.320  | 7.895  | 11.276 | 1.487  | 0.241 |
+-------+--------+--------+--------+--------+-------+
     logs:  {'epo': 19, 'R1': 3.32, 'R5': 7.895, 'R10': 11.276, 'mAP': 1.487, 'mINP': 0.241, 'entropy': 0.5523227204879125, 'loss': 2.1249788562456766, 'lr': 0.0004999999999999978}
     Epoch[20] Iteration[10/300], entropy: 0.4725, loss: 2.1109, lr: 9.96e-04
     Epoch[20] Iteration[20/300], entropy: 0.4132, loss: 2.1616, lr: 5.94e-04
     Epoch[20] Iteration[30/300], entropy: 0.4639, loss: 2.1610, lr: 6.18e-05
     Epoch[20] Iteration[40/300], entropy: 0.5533, loss: 2.2770, lr: 1.36e-04
     Epoch[20] Iteration[50/300], entropy: 0.6424, loss: 2.1312, lr: 7.13e-04
     Epoch[20] Iteration[60/300], entropy: 0.5986, loss: 2.0770, lr: 9.96e-04
     Epoch[20] Iteration[70/300], entropy: 0.5938, loss: 2.1882, lr: 5.94e-04
     Epoch[20] Iteration[80/300], entropy: 0.5566, loss: 2.0336, lr: 6.18e-05
     Epoch[20] Iteration[90/300], entropy: 0.6189, loss: 2.2271, lr: 1.36e-04
     Epoch[20] Iteration[100/300], entropy: 0.5662, loss: 2.1731, lr: 7.13e-04
     Epoch[20] Iteration[110/300], entropy: 0.6638, loss: 2.2190, lr: 9.96e-04
     Epoch[20] Iteration[120/300], entropy: 0.5005, loss: 1.9771, lr: 5.94e-04
     Epoch[20] Iteration[130/300], entropy: 0.5964, loss: 2.2366, lr: 6.18e-05
     Epoch[20] Iteration[140/300], entropy: 0.5121, loss: 2.3635, lr: 1.36e-04
     Epoch[20] Iteration[150/300], entropy: 0.4551, loss: 2.0865, lr: 7.13e-04
     Epoch[20] Iteration[160/300], entropy: 0.6578, loss: 2.2044, lr: 9.96e-04
     Epoch[20] Iteration[170/300], entropy: 0.4661, loss: 2.0810, lr: 5.94e-04
     Epoch[20] Iteration[180/300], entropy: 0.4091, loss: 2.1718, lr: 6.18e-05
     Epoch[20] Iteration[190/300], entropy: 0.5300, loss: 2.1099, lr: 1.36e-04
     Epoch[20] Iteration[200/300], entropy: 0.4529, loss: 2.1355, lr: 7.13e-04
     Epoch[20] Iteration[210/300], entropy: 0.3924, loss: 2.0357, lr: 9.96e-04
     Epoch[20] Iteration[220/300], entropy: 0.5759, loss: 2.2194, lr: 5.94e-04
     Epoch[20] Iteration[230/300], entropy: 0.4525, loss: 2.0854, lr: 6.18e-05
     Epoch[20] Iteration[240/300], entropy: 0.5858, loss: 2.0441, lr: 1.36e-04
     Epoch[20] Iteration[250/300], entropy: 0.3908, loss: 2.0351, lr: 7.13e-04
     Epoch[20] Iteration[260/300], entropy: 0.8196, loss: 2.3325, lr: 9.96e-04
     Epoch[20] Iteration[270/300], entropy: 0.5086, loss: 2.2065, lr: 5.94e-04
     Epoch[20] Iteration[280/300], entropy: 0.4420, loss: 2.2084, lr: 6.18e-05
     Epoch[20] Iteration[290/300], entropy: 0.6139, loss: 2.0546, lr: 1.36e-04
     Epoch[20] Iteration[300/300], entropy: 0.4930, loss: 2.1012, lr: 7.13e-04
     Averaged stats: entropy: 0.4930, loss: 2.1012, lr: 7.13e-04
     itm tta time 0:00:30
### TTA Eval Score: 
+-------+--------+--------+--------+--------+-------+
| epoch |   R1   |   R5   |  R10   |  mAP   |  mINP |
+-------+--------+--------+--------+--------+-------+
|  -999 | 58.943 | 76.108 | 82.205 | 34.719 | 5.891 |
|   0   | 27.776 | 47.294 | 56.399 | 15.098 | 2.329 |
|   1   | 15.261 | 29.524 | 37.369 | 7.329  | 1.035 |
|   2   | 10.187 | 20.455 | 26.794 | 4.607  | 0.685 |
|   3   | 7.814  | 16.269 | 21.750 | 3.465  | 0.545 |
|   4   | 6.600  | 14.042 | 19.176 | 2.943  | 0.481 |
|   5   | 5.895  | 12.893 | 17.553 | 2.633  | 0.434 |
|   6   | 5.300  | 11.573 | 16.163 | 2.374  | 0.399 |
|   7   | 4.907  | 10.873 | 15.160 | 2.190  | 0.366 |
|   8   | 4.665  | 10.374 | 14.606 | 2.048  | 0.345 |
|   9   | 4.398  | 9.895  | 13.981 | 1.959  | 0.319 |
|   10  | 4.126  | 9.472  | 13.331 | 1.878  | 0.306 |
|   11  | 4.197  | 9.628  | 13.553 | 1.869  | 0.300 |
|   12  | 3.819  | 9.003  | 12.555 | 1.730  | 0.288 |
|   13  | 3.794  | 8.575  | 12.429 | 1.709  | 0.273 |
|   14  | 3.607  | 8.404  | 12.016 | 1.634  | 0.268 |
|   15  | 3.587  | 8.379  | 11.976 | 1.625  | 0.263 |
|   16  | 3.723  | 8.439  | 12.082 | 1.625  | 0.259 |
|   17  | 3.607  | 8.464  | 12.016 | 1.627  | 0.257 |
|   18  | 3.552  | 8.167  | 11.689 | 1.586  | 0.249 |
|   19  | 3.320  | 7.895  | 11.276 | 1.487  | 0.241 |
|   20  | 3.431  | 7.895  | 11.397 | 1.504  | 0.241 |
+-------+--------+--------+--------+--------+-------+
     logs:  {'epo': 20, 'R1': 3.431, 'R5': 7.895, 'R10': 11.397, 'mAP': 1.504, 'mINP': 0.241, 'entropy': 0.5332570393880208, 'loss': 2.148286247253418, 'lr': 0.000499999999999999}
     Epoch[21] Iteration[10/300], entropy: 0.4090, loss: 2.1156, lr: 9.96e-04
     Epoch[21] Iteration[20/300], entropy: 0.4070, loss: 2.1543, lr: 5.94e-04
     Epoch[21] Iteration[30/300], entropy: 0.7118, loss: 2.2672, lr: 6.18e-05
     Epoch[21] Iteration[40/300], entropy: 0.4945, loss: 2.0534, lr: 1.36e-04
     Epoch[21] Iteration[50/300], entropy: 0.5142, loss: 2.1082, lr: 7.13e-04
     Epoch[21] Iteration[60/300], entropy: 0.5285, loss: 2.0819, lr: 9.96e-04
     Epoch[21] Iteration[70/300], entropy: 0.5557, loss: 2.1399, lr: 5.94e-04
     Epoch[21] Iteration[80/300], entropy: 0.5363, loss: 2.0986, lr: 6.18e-05
     Epoch[21] Iteration[90/300], entropy: 0.4025, loss: 2.0614, lr: 1.36e-04
     Epoch[21] Iteration[100/300], entropy: 0.6187, loss: 2.1992, lr: 7.13e-04
     Epoch[21] Iteration[110/300], entropy: 0.5774, loss: 2.2313, lr: 1.00e-03
     Epoch[21] Iteration[120/300], entropy: 0.4683, loss: 2.1652, lr: 6.55e-04
     Epoch[21] Iteration[130/300], entropy: 0.6196, loss: 2.1403, lr: 9.55e-05
     Epoch[21] Iteration[140/300], entropy: 0.4835, loss: 2.1287, lr: 9.55e-05
     Epoch[21] Iteration[150/300], entropy: 0.7008, loss: 2.2739, lr: 6.55e-04
     Epoch[21] Iteration[160/300], entropy: 0.6564, loss: 2.2279, lr: 1.00e-03
     Epoch[21] Iteration[170/300], entropy: 0.4591, loss: 2.0306, lr: 6.55e-04
     Epoch[21] Iteration[180/300], entropy: 0.4187, loss: 2.0373, lr: 9.55e-05
     Epoch[21] Iteration[190/300], entropy: 0.5052, loss: 2.1007, lr: 9.55e-05
     Epoch[21] Iteration[200/300], entropy: 0.5184, loss: 2.1215, lr: 6.55e-04
     Epoch[21] Iteration[210/300], entropy: 0.5137, loss: 1.9921, lr: 1.00e-03
     Epoch[21] Iteration[220/300], entropy: 0.5925, loss: 2.1587, lr: 6.55e-04
     Epoch[21] Iteration[230/300], entropy: 0.6294, loss: 2.1424, lr: 9.55e-05
     Epoch[21] Iteration[240/300], entropy: 0.4039, loss: 1.9704, lr: 9.55e-05
     Epoch[21] Iteration[250/300], entropy: 0.8131, loss: 2.2777, lr: 6.55e-04
     Epoch[21] Iteration[260/300], entropy: 0.5470, loss: 2.2053, lr: 1.00e-03
     Epoch[21] Iteration[270/300], entropy: 0.3895, loss: 1.9950, lr: 6.55e-04
     Epoch[21] Iteration[280/300], entropy: 0.5377, loss: 2.0066, lr: 9.55e-05
     Epoch[21] Iteration[290/300], entropy: 0.4260, loss: 2.0735, lr: 9.55e-05
     Epoch[21] Iteration[300/300], entropy: 0.5834, loss: 2.1971, lr: 6.55e-04
     Averaged stats: entropy: 0.5834, loss: 2.1971, lr: 6.55e-04
     itm tta time 0:00:31
### TTA Eval Score: 
+-------+--------+--------+--------+--------+-------+
| epoch |   R1   |   R5   |  R10   |  mAP   |  mINP |
+-------+--------+--------+--------+--------+-------+
|  -999 | 58.943 | 76.108 | 82.205 | 34.719 | 5.891 |
|   0   | 27.776 | 47.294 | 56.399 | 15.098 | 2.329 |
|   1   | 15.261 | 29.524 | 37.369 | 7.329  | 1.035 |
|   2   | 10.187 | 20.455 | 26.794 | 4.607  | 0.685 |
|   3   | 7.814  | 16.269 | 21.750 | 3.465  | 0.545 |
|   4   | 6.600  | 14.042 | 19.176 | 2.943  | 0.481 |
|   5   | 5.895  | 12.893 | 17.553 | 2.633  | 0.434 |
|   6   | 5.300  | 11.573 | 16.163 | 2.374  | 0.399 |
|   7   | 4.907  | 10.873 | 15.160 | 2.190  | 0.366 |
|   8   | 4.665  | 10.374 | 14.606 | 2.048  | 0.345 |
|   9   | 4.398  | 9.895  | 13.981 | 1.959  | 0.319 |
|   10  | 4.126  | 9.472  | 13.331 | 1.878  | 0.306 |
|   11  | 4.197  | 9.628  | 13.553 | 1.869  | 0.300 |
|   12  | 3.819  | 9.003  | 12.555 | 1.730  | 0.288 |
|   13  | 3.794  | 8.575  | 12.429 | 1.709  | 0.273 |
|   14  | 3.607  | 8.404  | 12.016 | 1.634  | 0.268 |
|   15  | 3.587  | 8.379  | 11.976 | 1.625  | 0.263 |
|   16  | 3.723  | 8.439  | 12.082 | 1.625  | 0.259 |
|   17  | 3.607  | 8.464  | 12.016 | 1.627  | 0.257 |
|   18  | 3.552  | 8.167  | 11.689 | 1.586  | 0.249 |
|   19  | 3.320  | 7.895  | 11.276 | 1.487  | 0.241 |
|   20  | 3.431  | 7.895  | 11.397 | 1.504  | 0.241 |
|   21  | 3.240  | 7.633  | 11.054 | 1.453  | 0.236 |
+-------+--------+--------+--------+--------+-------+
     logs:  {'epo': 21, 'R1': 3.24, 'R5': 7.633, 'R10': 11.054, 'mAP': 1.453, 'mINP': 0.236, 'entropy': 0.534061990181605, 'loss': 2.125193126996358, 'lr': 0.0005000000000000078}
     Epoch[22] Iteration[10/300], entropy: 0.6394, loss: 2.2448, lr: 1.00e-03
     Epoch[22] Iteration[20/300], entropy: 0.5261, loss: 2.0700, lr: 6.55e-04
     Epoch[22] Iteration[30/300], entropy: 0.5951, loss: 2.1348, lr: 9.55e-05
     Epoch[22] Iteration[40/300], entropy: 0.5642, loss: 2.0390, lr: 9.55e-05
     Epoch[22] Iteration[50/300], entropy: 0.5887, loss: 2.1098, lr: 6.55e-04
     Epoch[22] Iteration[60/300], entropy: 0.4342, loss: 2.1274, lr: 1.00e-03
     Epoch[22] Iteration[70/300], entropy: 0.6894, loss: 2.2523, lr: 6.55e-04
     Epoch[22] Iteration[80/300], entropy: 0.6514, loss: 2.1588, lr: 9.55e-05
     Epoch[22] Iteration[90/300], entropy: 0.5988, loss: 2.2104, lr: 9.55e-05
     Epoch[22] Iteration[100/300], entropy: 0.4829, loss: 2.0119, lr: 6.55e-04
     Epoch[22] Iteration[110/300], entropy: 0.6123, loss: 2.2860, lr: 1.00e-03
     Epoch[22] Iteration[120/300], entropy: 0.6668, loss: 2.1185, lr: 6.55e-04
     Epoch[22] Iteration[130/300], entropy: 0.6385, loss: 2.2685, lr: 9.55e-05
     Epoch[22] Iteration[140/300], entropy: 0.5393, loss: 2.0778, lr: 9.55e-05
     Epoch[22] Iteration[150/300], entropy: 0.7450, loss: 2.2816, lr: 6.55e-04
     Epoch[22] Iteration[160/300], entropy: 0.5347, loss: 2.1602, lr: 1.00e-03
     Epoch[22] Iteration[170/300], entropy: 0.4882, loss: 2.0879, lr: 6.55e-04
     Epoch[22] Iteration[180/300], entropy: 0.5844, loss: 2.1473, lr: 9.55e-05
     Epoch[22] Iteration[190/300], entropy: 0.7116, loss: 2.2124, lr: 9.55e-05
     Epoch[22] Iteration[200/300], entropy: 0.5784, loss: 2.2281, lr: 6.55e-04
     Epoch[22] Iteration[210/300], entropy: 0.4697, loss: 2.1459, lr: 1.00e-03
     Epoch[22] Iteration[220/300], entropy: 0.5220, loss: 2.0822, lr: 6.55e-04
     Epoch[22] Iteration[230/300], entropy: 0.6978, loss: 2.1872, lr: 9.55e-05
     Epoch[22] Iteration[240/300], entropy: 0.5224, loss: 2.0501, lr: 9.55e-05
     Epoch[22] Iteration[250/300], entropy: 0.5569, loss: 2.1343, lr: 6.55e-04
     Epoch[22] Iteration[260/300], entropy: 0.7495, loss: 2.1521, lr: 1.00e-03
     Epoch[22] Iteration[270/300], entropy: 0.5100, loss: 2.1337, lr: 6.55e-04
     Epoch[22] Iteration[280/300], entropy: 0.6859, loss: 2.1004, lr: 9.55e-05
     Epoch[22] Iteration[290/300], entropy: 0.5602, loss: 2.1789, lr: 9.55e-05
     Epoch[22] Iteration[300/300], entropy: 0.5230, loss: 1.9691, lr: 6.55e-04
     Averaged stats: entropy: 0.5230, loss: 1.9691, lr: 6.55e-04
     itm tta time 0:00:31
### TTA Eval Score: 
+-------+--------+--------+--------+--------+-------+
| epoch |   R1   |   R5   |  R10   |  mAP   |  mINP |
+-------+--------+--------+--------+--------+-------+
|  -999 | 58.943 | 76.108 | 82.205 | 34.719 | 5.891 |
|   0   | 27.776 | 47.294 | 56.399 | 15.098 | 2.329 |
|   1   | 15.261 | 29.524 | 37.369 | 7.329  | 1.035 |
|   2   | 10.187 | 20.455 | 26.794 | 4.607  | 0.685 |
|   3   | 7.814  | 16.269 | 21.750 | 3.465  | 0.545 |
|   4   | 6.600  | 14.042 | 19.176 | 2.943  | 0.481 |
|   5   | 5.895  | 12.893 | 17.553 | 2.633  | 0.434 |
|   6   | 5.300  | 11.573 | 16.163 | 2.374  | 0.399 |
|   7   | 4.907  | 10.873 | 15.160 | 2.190  | 0.366 |
|   8   | 4.665  | 10.374 | 14.606 | 2.048  | 0.345 |
|   9   | 4.398  | 9.895  | 13.981 | 1.959  | 0.319 |
|   10  | 4.126  | 9.472  | 13.331 | 1.878  | 0.306 |
|   11  | 4.197  | 9.628  | 13.553 | 1.869  | 0.300 |
|   12  | 3.819  | 9.003  | 12.555 | 1.730  | 0.288 |
|   13  | 3.794  | 8.575  | 12.429 | 1.709  | 0.273 |
|   14  | 3.607  | 8.404  | 12.016 | 1.634  | 0.268 |
|   15  | 3.587  | 8.379  | 11.976 | 1.625  | 0.263 |
|   16  | 3.723  | 8.439  | 12.082 | 1.625  | 0.259 |
|   17  | 3.607  | 8.464  | 12.016 | 1.627  | 0.257 |
|   18  | 3.552  | 8.167  | 11.689 | 1.586  | 0.249 |
|   19  | 3.320  | 7.895  | 11.276 | 1.487  | 0.241 |
|   20  | 3.431  | 7.895  | 11.397 | 1.504  | 0.241 |
|   21  | 3.240  | 7.633  | 11.054 | 1.453  | 0.236 |
|   22  | 3.275  | 7.663  | 11.014 | 1.473  | 0.238 |
+-------+--------+--------+--------+--------+-------+
     logs:  {'epo': 22, 'R1': 3.275, 'R5': 7.663, 'R10': 11.014, 'mAP': 1.473, 'mINP': 0.238, 'entropy': 0.5888946672280629, 'loss': 2.1453787724177045, 'lr': 0.0005000000000000094}
     Epoch[23] Iteration[10/300], entropy: 0.5226, loss: 2.0077, lr: 1.00e-03
     Epoch[23] Iteration[20/300], entropy: 0.5997, loss: 2.2609, lr: 6.55e-04
     Epoch[23] Iteration[30/300], entropy: 0.4417, loss: 2.0227, lr: 9.55e-05
     Epoch[23] Iteration[40/300], entropy: 0.3417, loss: 1.9506, lr: 9.55e-05
     Epoch[23] Iteration[50/300], entropy: 0.6992, loss: 2.1632, lr: 6.55e-04
     Epoch[23] Iteration[60/300], entropy: 0.3663, loss: 2.0944, lr: 1.00e-03
     Epoch[23] Iteration[70/300], entropy: 0.5609, loss: 2.1449, lr: 6.55e-04
     Epoch[23] Iteration[80/300], entropy: 0.4560, loss: 1.9512, lr: 9.55e-05
     Epoch[23] Iteration[90/300], entropy: 0.5756, loss: 2.2852, lr: 9.55e-05
     Epoch[23] Iteration[100/300], entropy: 0.4544, loss: 2.0451, lr: 6.55e-04
     Epoch[23] Iteration[110/300], entropy: 0.7713, loss: 2.2846, lr: 1.00e-03
     Epoch[23] Iteration[120/300], entropy: 0.7877, loss: 2.3217, lr: 6.55e-04
     Epoch[23] Iteration[130/300], entropy: 0.5639, loss: 2.2125, lr: 9.55e-05
     Epoch[23] Iteration[140/300], entropy: 0.5106, loss: 2.0385, lr: 9.55e-05
     Epoch[23] Iteration[150/300], entropy: 0.6380, loss: 2.2093, lr: 6.55e-04
     Epoch[23] Iteration[160/300], entropy: 0.5436, loss: 2.1215, lr: 1.00e-03
     Epoch[23] Iteration[170/300], entropy: 0.5909, loss: 2.2749, lr: 6.55e-04
     Epoch[23] Iteration[180/300], entropy: 0.5826, loss: 2.1797, lr: 9.55e-05
     Epoch[23] Iteration[190/300], entropy: 0.6195, loss: 2.1819, lr: 9.55e-05
     Epoch[23] Iteration[200/300], entropy: 0.5706, loss: 2.1794, lr: 6.55e-04
     Epoch[23] Iteration[210/300], entropy: 0.3976, loss: 2.1243, lr: 1.00e-03
     Epoch[23] Iteration[220/300], entropy: 0.3732, loss: 1.9146, lr: 6.55e-04
     Epoch[23] Iteration[230/300], entropy: 0.5117, loss: 2.1013, lr: 9.55e-05
     Epoch[23] Iteration[240/300], entropy: 0.3545, loss: 2.0915, lr: 9.55e-05
     Epoch[23] Iteration[250/300], entropy: 0.3886, loss: 2.0941, lr: 6.55e-04
     Epoch[23] Iteration[260/300], entropy: 0.4762, loss: 2.1578, lr: 1.00e-03
     Epoch[23] Iteration[270/300], entropy: 0.4034, loss: 2.0177, lr: 6.55e-04
     Epoch[23] Iteration[280/300], entropy: 0.4921, loss: 2.0751, lr: 9.55e-05
     Epoch[23] Iteration[290/300], entropy: 0.4391, loss: 2.0909, lr: 9.55e-05
     Epoch[23] Iteration[300/300], entropy: 0.5798, loss: 2.0980, lr: 6.55e-04
     Averaged stats: entropy: 0.5798, loss: 2.0980, lr: 6.55e-04
     itm tta time 0:00:31
### TTA Eval Score: 
+-------+--------+--------+--------+--------+-------+
| epoch |   R1   |   R5   |  R10   |  mAP   |  mINP |
+-------+--------+--------+--------+--------+-------+
|  -999 | 58.943 | 76.108 | 82.205 | 34.719 | 5.891 |
|   0   | 27.776 | 47.294 | 56.399 | 15.098 | 2.329 |
|   1   | 15.261 | 29.524 | 37.369 | 7.329  | 1.035 |
|   2   | 10.187 | 20.455 | 26.794 | 4.607  | 0.685 |
|   3   | 7.814  | 16.269 | 21.750 | 3.465  | 0.545 |
|   4   | 6.600  | 14.042 | 19.176 | 2.943  | 0.481 |
|   5   | 5.895  | 12.893 | 17.553 | 2.633  | 0.434 |
|   6   | 5.300  | 11.573 | 16.163 | 2.374  | 0.399 |
|   7   | 4.907  | 10.873 | 15.160 | 2.190  | 0.366 |
|   8   | 4.665  | 10.374 | 14.606 | 2.048  | 0.345 |
|   9   | 4.398  | 9.895  | 13.981 | 1.959  | 0.319 |
|   10  | 4.126  | 9.472  | 13.331 | 1.878  | 0.306 |
|   11  | 4.197  | 9.628  | 13.553 | 1.869  | 0.300 |
|   12  | 3.819  | 9.003  | 12.555 | 1.730  | 0.288 |
|   13  | 3.794  | 8.575  | 12.429 | 1.709  | 0.273 |
|   14  | 3.607  | 8.404  | 12.016 | 1.634  | 0.268 |
|   15  | 3.587  | 8.379  | 11.976 | 1.625  | 0.263 |
|   16  | 3.723  | 8.439  | 12.082 | 1.625  | 0.259 |
|   17  | 3.607  | 8.464  | 12.016 | 1.627  | 0.257 |
|   18  | 3.552  | 8.167  | 11.689 | 1.586  | 0.249 |
|   19  | 3.320  | 7.895  | 11.276 | 1.487  | 0.241 |
|   20  | 3.431  | 7.895  | 11.397 | 1.504  | 0.241 |
|   21  | 3.240  | 7.633  | 11.054 | 1.453  | 0.236 |
|   22  | 3.275  | 7.663  | 11.014 | 1.473  | 0.238 |
|   23  | 3.114  | 7.512  | 10.782 | 1.406  | 0.239 |
+-------+--------+--------+--------+--------+-------+
     logs:  {'epo': 23, 'R1': 3.114, 'R5': 7.512, 'R10': 10.782, 'mAP': 1.406, 'mINP': 0.239, 'entropy': 0.5204292158285777, 'loss': 2.1231861472129823, 'lr': 0.0005000000000000088}
     Epoch[24] Iteration[10/300], entropy: 0.3631, loss: 2.0061, lr: 1.00e-03
     Epoch[24] Iteration[20/300], entropy: 0.5113, loss: 2.0938, lr: 6.55e-04
     Epoch[24] Iteration[30/300], entropy: 0.6187, loss: 2.2359, lr: 9.55e-05
     Epoch[24] Iteration[40/300], entropy: 0.6139, loss: 2.0698, lr: 9.55e-05
     Epoch[24] Iteration[50/300], entropy: 0.6777, loss: 2.1967, lr: 6.55e-04
     Epoch[24] Iteration[60/300], entropy: 0.4783, loss: 2.2462, lr: 1.00e-03
     Epoch[24] Iteration[70/300], entropy: 0.6375, loss: 2.0619, lr: 6.55e-04
     Epoch[24] Iteration[80/300], entropy: 0.8139, loss: 2.2494, lr: 9.55e-05
     Epoch[24] Iteration[90/300], entropy: 0.6756, loss: 2.3501, lr: 9.55e-05
     Epoch[24] Iteration[100/300], entropy: 0.2965, loss: 2.0146, lr: 6.55e-04
     Epoch[24] Iteration[110/300], entropy: 0.7174, loss: 2.3114, lr: 1.00e-03
     Epoch[24] Iteration[120/300], entropy: 0.5079, loss: 2.1547, lr: 6.55e-04
     Epoch[24] Iteration[130/300], entropy: 0.4499, loss: 2.0433, lr: 9.55e-05
     Epoch[24] Iteration[140/300], entropy: 0.4773, loss: 2.0462, lr: 9.55e-05
     Epoch[24] Iteration[150/300], entropy: 0.5476, loss: 2.0869, lr: 6.55e-04
     Epoch[24] Iteration[160/300], entropy: 0.5764, loss: 2.2195, lr: 1.00e-03
     Epoch[24] Iteration[170/300], entropy: 0.5007, loss: 2.1746, lr: 6.55e-04
     Epoch[24] Iteration[180/300], entropy: 0.3854, loss: 1.9868, lr: 9.55e-05
     Epoch[24] Iteration[190/300], entropy: 0.5875, loss: 2.1541, lr: 9.55e-05
     Epoch[24] Iteration[200/300], entropy: 0.3992, loss: 1.9685, lr: 6.55e-04
     Epoch[24] Iteration[210/300], entropy: 0.5620, loss: 2.0884, lr: 1.00e-03
     Epoch[24] Iteration[220/300], entropy: 0.6750, loss: 2.1536, lr: 6.55e-04
     Epoch[24] Iteration[230/300], entropy: 0.3333, loss: 2.0427, lr: 9.55e-05
     Epoch[24] Iteration[240/300], entropy: 0.5827, loss: 2.1333, lr: 9.55e-05
     Epoch[24] Iteration[250/300], entropy: 0.6557, loss: 2.2712, lr: 6.55e-04
     Epoch[24] Iteration[260/300], entropy: 0.3925, loss: 2.1000, lr: 1.00e-03
     Epoch[24] Iteration[270/300], entropy: 0.4780, loss: 2.1390, lr: 6.55e-04
     Epoch[24] Iteration[280/300], entropy: 0.6793, loss: 2.2725, lr: 9.55e-05
     Epoch[24] Iteration[290/300], entropy: 0.5082, loss: 1.9372, lr: 9.55e-05
     Epoch[24] Iteration[300/300], entropy: 0.5223, loss: 2.0987, lr: 6.55e-04
     Averaged stats: entropy: 0.5223, loss: 2.0987, lr: 6.55e-04
     itm tta time 0:00:31
### TTA Eval Score: 
+-------+--------+--------+--------+--------+-------+
| epoch |   R1   |   R5   |  R10   |  mAP   |  mINP |
+-------+--------+--------+--------+--------+-------+
|  -999 | 58.943 | 76.108 | 82.205 | 34.719 | 5.891 |
|   0   | 27.776 | 47.294 | 56.399 | 15.098 | 2.329 |
|   1   | 15.261 | 29.524 | 37.369 | 7.329  | 1.035 |
|   2   | 10.187 | 20.455 | 26.794 | 4.607  | 0.685 |
|   3   | 7.814  | 16.269 | 21.750 | 3.465  | 0.545 |
|   4   | 6.600  | 14.042 | 19.176 | 2.943  | 0.481 |
|   5   | 5.895  | 12.893 | 17.553 | 2.633  | 0.434 |
|   6   | 5.300  | 11.573 | 16.163 | 2.374  | 0.399 |
|   7   | 4.907  | 10.873 | 15.160 | 2.190  | 0.366 |
|   8   | 4.665  | 10.374 | 14.606 | 2.048  | 0.345 |
|   9   | 4.398  | 9.895  | 13.981 | 1.959  | 0.319 |
|   10  | 4.126  | 9.472  | 13.331 | 1.878  | 0.306 |
|   11  | 4.197  | 9.628  | 13.553 | 1.869  | 0.300 |
|   12  | 3.819  | 9.003  | 12.555 | 1.730  | 0.288 |
|   13  | 3.794  | 8.575  | 12.429 | 1.709  | 0.273 |
|   14  | 3.607  | 8.404  | 12.016 | 1.634  | 0.268 |
|   15  | 3.587  | 8.379  | 11.976 | 1.625  | 0.263 |
|   16  | 3.723  | 8.439  | 12.082 | 1.625  | 0.259 |
|   17  | 3.607  | 8.464  | 12.016 | 1.627  | 0.257 |
|   18  | 3.552  | 8.167  | 11.689 | 1.586  | 0.249 |
|   19  | 3.320  | 7.895  | 11.276 | 1.487  | 0.241 |
|   20  | 3.431  | 7.895  | 11.397 | 1.504  | 0.241 |
|   21  | 3.240  | 7.633  | 11.054 | 1.453  | 0.236 |
|   22  | 3.275  | 7.663  | 11.014 | 1.473  | 0.238 |
|   23  | 3.114  | 7.512  | 10.782 | 1.406  | 0.239 |
|   24  | 3.189  | 7.517  | 10.837 | 1.416  | 0.233 |
+-------+--------+--------+--------+--------+-------+
     logs:  {'epo': 24, 'R1': 3.189, 'R5': 7.517, 'R10': 10.837, 'mAP': 1.416, 'mINP': 0.233, 'entropy': 0.5408257732788722, 'loss': 2.1302435358365375, 'lr': 0.0005000000000000088}
     Epoch[25] Iteration[10/300], entropy: 0.5435, loss: 2.1597, lr: 1.00e-03
     Epoch[25] Iteration[20/300], entropy: 0.5432, loss: 2.1688, lr: 6.55e-04
     Epoch[25] Iteration[30/300], entropy: 0.4681, loss: 2.1184, lr: 9.55e-05
     Epoch[25] Iteration[40/300], entropy: 0.3989, loss: 2.0291, lr: 9.55e-05
     Epoch[25] Iteration[50/300], entropy: 0.3811, loss: 2.0497, lr: 6.55e-04
     Epoch[25] Iteration[60/300], entropy: 0.6315, loss: 2.2118, lr: 1.00e-03
     Epoch[25] Iteration[70/300], entropy: 0.6355, loss: 2.2514, lr: 6.55e-04
     Epoch[25] Iteration[80/300], entropy: 0.6080, loss: 2.1718, lr: 9.55e-05
     Epoch[25] Iteration[90/300], entropy: 0.3630, loss: 1.9023, lr: 9.55e-05
     Epoch[25] Iteration[100/300], entropy: 0.5061, loss: 2.0964, lr: 6.55e-04
     Epoch[25] Iteration[110/300], entropy: 0.4678, loss: 2.0927, lr: 1.00e-03
     Epoch[25] Iteration[120/300], entropy: 0.4664, loss: 2.2475, lr: 6.55e-04
     Epoch[25] Iteration[130/300], entropy: 0.6415, loss: 2.2795, lr: 9.55e-05
     Epoch[25] Iteration[140/300], entropy: 0.6097, loss: 2.2109, lr: 9.55e-05
     Epoch[25] Iteration[150/300], entropy: 0.5315, loss: 2.1899, lr: 6.55e-04
     Epoch[25] Iteration[160/300], entropy: 0.5283, loss: 2.2742, lr: 1.00e-03
     Epoch[25] Iteration[170/300], entropy: 0.4577, loss: 2.0653, lr: 6.55e-04
     Epoch[25] Iteration[180/300], entropy: 0.6041, loss: 2.1020, lr: 9.55e-05
     Epoch[25] Iteration[190/300], entropy: 0.5801, loss: 2.2249, lr: 9.55e-05
     Epoch[25] Iteration[200/300], entropy: 0.7201, loss: 2.1853, lr: 6.55e-04
     Epoch[25] Iteration[210/300], entropy: 0.6064, loss: 2.1639, lr: 9.96e-04
     Epoch[25] Iteration[220/300], entropy: 0.6830, loss: 2.2625, lr: 7.13e-04
     Epoch[25] Iteration[230/300], entropy: 0.5603, loss: 1.9903, lr: 1.36e-04
     Epoch[25] Iteration[240/300], entropy: 0.6655, loss: 2.1655, lr: 6.18e-05
     Epoch[25] Iteration[250/300], entropy: 0.6563, loss: 2.1277, lr: 5.94e-04
     Epoch[25] Iteration[260/300], entropy: 0.4825, loss: 2.0357, lr: 9.96e-04
     Epoch[25] Iteration[270/300], entropy: 0.5749, loss: 2.1669, lr: 7.13e-04
     Epoch[25] Iteration[280/300], entropy: 0.6959, loss: 2.1558, lr: 1.36e-04
     Epoch[25] Iteration[290/300], entropy: 0.3092, loss: 1.9805, lr: 6.18e-05
     Epoch[25] Iteration[300/300], entropy: 0.5970, loss: 2.1247, lr: 5.94e-04
     Averaged stats: entropy: 0.5970, loss: 2.1247, lr: 5.94e-04
     itm tta time 0:00:30
### TTA Eval Score: 
+-------+--------+--------+--------+--------+-------+
| epoch |   R1   |   R5   |  R10   |  mAP   |  mINP |
+-------+--------+--------+--------+--------+-------+
|  -999 | 58.943 | 76.108 | 82.205 | 34.719 | 5.891 |
|   0   | 27.776 | 47.294 | 56.399 | 15.098 | 2.329 |
|   1   | 15.261 | 29.524 | 37.369 | 7.329  | 1.035 |
|   2   | 10.187 | 20.455 | 26.794 | 4.607  | 0.685 |
|   3   | 7.814  | 16.269 | 21.750 | 3.465  | 0.545 |
|   4   | 6.600  | 14.042 | 19.176 | 2.943  | 0.481 |
|   5   | 5.895  | 12.893 | 17.553 | 2.633  | 0.434 |
|   6   | 5.300  | 11.573 | 16.163 | 2.374  | 0.399 |
|   7   | 4.907  | 10.873 | 15.160 | 2.190  | 0.366 |
|   8   | 4.665  | 10.374 | 14.606 | 2.048  | 0.345 |
|   9   | 4.398  | 9.895  | 13.981 | 1.959  | 0.319 |
|   10  | 4.126  | 9.472  | 13.331 | 1.878  | 0.306 |
|   11  | 4.197  | 9.628  | 13.553 | 1.869  | 0.300 |
|   12  | 3.819  | 9.003  | 12.555 | 1.730  | 0.288 |
|   13  | 3.794  | 8.575  | 12.429 | 1.709  | 0.273 |
|   14  | 3.607  | 8.404  | 12.016 | 1.634  | 0.268 |
|   15  | 3.587  | 8.379  | 11.976 | 1.625  | 0.263 |
|   16  | 3.723  | 8.439  | 12.082 | 1.625  | 0.259 |
|   17  | 3.607  | 8.464  | 12.016 | 1.627  | 0.257 |
|   18  | 3.552  | 8.167  | 11.689 | 1.586  | 0.249 |
|   19  | 3.320  | 7.895  | 11.276 | 1.487  | 0.241 |
|   20  | 3.431  | 7.895  | 11.397 | 1.504  | 0.241 |
|   21  | 3.240  | 7.633  | 11.054 | 1.453  | 0.236 |
|   22  | 3.275  | 7.663  | 11.014 | 1.473  | 0.238 |
|   23  | 3.114  | 7.512  | 10.782 | 1.406  | 0.239 |
|   24  | 3.189  | 7.517  | 10.837 | 1.416  | 0.233 |
|   25  | 3.219  | 7.628  | 10.913 | 1.463  | 0.236 |
+-------+--------+--------+--------+--------+-------+
     logs:  {'epo': 25, 'R1': 3.219, 'R5': 7.628, 'R10': 10.913, 'mAP': 1.463, 'mINP': 0.236, 'entropy': 0.5505738258361816, 'loss': 2.1401745676994324, 'lr': 0.0005000000000000089}
     Epoch[26] Iteration[10/300], entropy: 0.4117, loss: 2.0126, lr: 9.96e-04
     Epoch[26] Iteration[20/300], entropy: 0.4652, loss: 2.1376, lr: 7.13e-04
     Epoch[26] Iteration[30/300], entropy: 0.6822, loss: 2.1575, lr: 1.36e-04
     Epoch[26] Iteration[40/300], entropy: 0.3732, loss: 2.1932, lr: 6.18e-05
     Epoch[26] Iteration[50/300], entropy: 0.5008, loss: 1.9451, lr: 5.94e-04
     Epoch[26] Iteration[60/300], entropy: 0.4969, loss: 1.9623, lr: 9.96e-04
     Epoch[26] Iteration[70/300], entropy: 0.8369, loss: 2.3820, lr: 7.13e-04
     Epoch[26] Iteration[80/300], entropy: 0.5906, loss: 2.1353, lr: 1.36e-04
     Epoch[26] Iteration[90/300], entropy: 0.4640, loss: 2.0661, lr: 6.18e-05
     Epoch[26] Iteration[100/300], entropy: 0.5607, loss: 2.0705, lr: 5.94e-04
     Epoch[26] Iteration[110/300], entropy: 0.5214, loss: 2.1289, lr: 9.96e-04
     Epoch[26] Iteration[120/300], entropy: 0.5398, loss: 2.2548, lr: 7.13e-04
     Epoch[26] Iteration[130/300], entropy: 0.5299, loss: 2.1564, lr: 1.36e-04
     Epoch[26] Iteration[140/300], entropy: 0.6102, loss: 2.1099, lr: 6.18e-05
     Epoch[26] Iteration[150/300], entropy: 0.4711, loss: 2.2498, lr: 5.94e-04
     Epoch[26] Iteration[160/300], entropy: 0.5435, loss: 2.2054, lr: 9.96e-04
     Epoch[26] Iteration[170/300], entropy: 0.4273, loss: 2.1051, lr: 7.13e-04
     Epoch[26] Iteration[180/300], entropy: 0.5083, loss: 2.0111, lr: 1.36e-04
     Epoch[26] Iteration[190/300], entropy: 0.5586, loss: 2.1756, lr: 6.18e-05
     Epoch[26] Iteration[200/300], entropy: 0.4014, loss: 1.9475, lr: 5.94e-04
     Epoch[26] Iteration[210/300], entropy: 0.4937, loss: 2.0378, lr: 9.96e-04
     Epoch[26] Iteration[220/300], entropy: 0.6255, loss: 2.2911, lr: 7.13e-04
     Epoch[26] Iteration[230/300], entropy: 0.5659, loss: 2.1430, lr: 1.36e-04
     Epoch[26] Iteration[240/300], entropy: 0.5785, loss: 2.0989, lr: 6.18e-05
     Epoch[26] Iteration[250/300], entropy: 0.4254, loss: 2.2078, lr: 5.94e-04
     Epoch[26] Iteration[260/300], entropy: 0.5042, loss: 1.9842, lr: 9.96e-04
     Epoch[26] Iteration[270/300], entropy: 0.3557, loss: 2.0872, lr: 7.13e-04
     Epoch[26] Iteration[280/300], entropy: 0.2845, loss: 2.0858, lr: 1.36e-04
     Epoch[26] Iteration[290/300], entropy: 0.6519, loss: 2.2499, lr: 6.18e-05
     Epoch[26] Iteration[300/300], entropy: 0.6584, loss: 2.2249, lr: 5.94e-04
     Averaged stats: entropy: 0.6584, loss: 2.2249, lr: 5.94e-04
     itm tta time 0:00:31
### TTA Eval Score: 
+-------+--------+--------+--------+--------+-------+
| epoch |   R1   |   R5   |  R10   |  mAP   |  mINP |
+-------+--------+--------+--------+--------+-------+
|  -999 | 58.943 | 76.108 | 82.205 | 34.719 | 5.891 |
|   0   | 27.776 | 47.294 | 56.399 | 15.098 | 2.329 |
|   1   | 15.261 | 29.524 | 37.369 | 7.329  | 1.035 |
|   2   | 10.187 | 20.455 | 26.794 | 4.607  | 0.685 |
|   3   | 7.814  | 16.269 | 21.750 | 3.465  | 0.545 |
|   4   | 6.600  | 14.042 | 19.176 | 2.943  | 0.481 |
|   5   | 5.895  | 12.893 | 17.553 | 2.633  | 0.434 |
|   6   | 5.300  | 11.573 | 16.163 | 2.374  | 0.399 |
|   7   | 4.907  | 10.873 | 15.160 | 2.190  | 0.366 |
|   8   | 4.665  | 10.374 | 14.606 | 2.048  | 0.345 |
|   9   | 4.398  | 9.895  | 13.981 | 1.959  | 0.319 |
|   10  | 4.126  | 9.472  | 13.331 | 1.878  | 0.306 |
|   11  | 4.197  | 9.628  | 13.553 | 1.869  | 0.300 |
|   12  | 3.819  | 9.003  | 12.555 | 1.730  | 0.288 |
|   13  | 3.794  | 8.575  | 12.429 | 1.709  | 0.273 |
|   14  | 3.607  | 8.404  | 12.016 | 1.634  | 0.268 |
|   15  | 3.587  | 8.379  | 11.976 | 1.625  | 0.263 |
|   16  | 3.723  | 8.439  | 12.082 | 1.625  | 0.259 |
|   17  | 3.607  | 8.464  | 12.016 | 1.627  | 0.257 |
|   18  | 3.552  | 8.167  | 11.689 | 1.586  | 0.249 |
|   19  | 3.320  | 7.895  | 11.276 | 1.487  | 0.241 |
|   20  | 3.431  | 7.895  | 11.397 | 1.504  | 0.241 |
|   21  | 3.240  | 7.633  | 11.054 | 1.453  | 0.236 |
|   22  | 3.275  | 7.663  | 11.014 | 1.473  | 0.238 |
|   23  | 3.114  | 7.512  | 10.782 | 1.406  | 0.239 |
|   24  | 3.189  | 7.517  | 10.837 | 1.416  | 0.233 |
|   25  | 3.219  | 7.628  | 10.913 | 1.463  | 0.236 |
|   26  | 3.179  | 7.477  | 10.772 | 1.450  | 0.230 |
+-------+--------+--------+--------+--------+-------+
     logs:  {'epo': 26, 'R1': 3.179, 'R5': 7.477, 'R10': 10.772, 'mAP': 1.45, 'mINP': 0.23, 'entropy': 0.5212450255950292, 'loss': 2.1272396127382915, 'lr': 0.0005000000000000025}
     Epoch[27] Iteration[10/300], entropy: 0.6241, loss: 2.2121, lr: 9.96e-04
     Epoch[27] Iteration[20/300], entropy: 0.6820, loss: 2.0912, lr: 7.13e-04
     Epoch[27] Iteration[30/300], entropy: 0.5666, loss: 2.1224, lr: 1.36e-04
     Epoch[27] Iteration[40/300], entropy: 0.5232, loss: 2.3109, lr: 6.18e-05
     Epoch[27] Iteration[50/300], entropy: 0.4869, loss: 2.1654, lr: 5.94e-04
     Epoch[27] Iteration[60/300], entropy: 0.6371, loss: 2.0859, lr: 9.96e-04
     Epoch[27] Iteration[70/300], entropy: 0.6215, loss: 2.0589, lr: 7.13e-04
     Epoch[27] Iteration[80/300], entropy: 0.5859, loss: 2.0254, lr: 1.36e-04
     Epoch[27] Iteration[90/300], entropy: 0.5071, loss: 2.0807, lr: 6.18e-05
     Epoch[27] Iteration[100/300], entropy: 0.5491, loss: 2.1932, lr: 5.94e-04
     Epoch[27] Iteration[110/300], entropy: 0.4506, loss: 1.9546, lr: 9.96e-04
     Epoch[27] Iteration[120/300], entropy: 0.3594, loss: 2.0806, lr: 7.13e-04
     Epoch[27] Iteration[130/300], entropy: 0.3319, loss: 1.9066, lr: 1.36e-04
     Epoch[27] Iteration[140/300], entropy: 0.5049, loss: 2.1533, lr: 6.18e-05
     Epoch[27] Iteration[150/300], entropy: 0.6139, loss: 2.1755, lr: 5.94e-04
     Epoch[27] Iteration[160/300], entropy: 0.4660, loss: 2.1436, lr: 9.96e-04
     Epoch[27] Iteration[170/300], entropy: 0.5674, loss: 2.1853, lr: 7.13e-04
     Epoch[27] Iteration[180/300], entropy: 0.6877, loss: 2.2159, lr: 1.36e-04
     Epoch[27] Iteration[190/300], entropy: 0.7163, loss: 2.1897, lr: 6.18e-05
     Epoch[27] Iteration[200/300], entropy: 0.4784, loss: 2.1719, lr: 5.94e-04
     Epoch[27] Iteration[210/300], entropy: 0.4377, loss: 1.9826, lr: 9.96e-04
     Epoch[27] Iteration[220/300], entropy: 0.6102, loss: 2.2989, lr: 7.13e-04
     Epoch[27] Iteration[230/300], entropy: 0.4879, loss: 2.1082, lr: 1.36e-04
     Epoch[27] Iteration[240/300], entropy: 0.7803, loss: 2.3390, lr: 6.18e-05
     Epoch[27] Iteration[250/300], entropy: 0.2898, loss: 2.0313, lr: 5.94e-04
     Epoch[27] Iteration[260/300], entropy: 0.5187, loss: 2.1464, lr: 9.96e-04
     Epoch[27] Iteration[270/300], entropy: 0.5301, loss: 2.1434, lr: 7.13e-04
     Epoch[27] Iteration[280/300], entropy: 0.4731, loss: 1.9977, lr: 1.36e-04
     Epoch[27] Iteration[290/300], entropy: 0.5345, loss: 2.1758, lr: 6.18e-05
     Epoch[27] Iteration[300/300], entropy: 0.5773, loss: 2.1451, lr: 5.94e-04
     Averaged stats: entropy: 0.5773, loss: 2.1451, lr: 5.94e-04
     itm tta time 0:00:30
### TTA Eval Score: 
+-------+--------+--------+--------+--------+-------+
| epoch |   R1   |   R5   |  R10   |  mAP   |  mINP |
+-------+--------+--------+--------+--------+-------+
|  -999 | 58.943 | 76.108 | 82.205 | 34.719 | 5.891 |
|   0   | 27.776 | 47.294 | 56.399 | 15.098 | 2.329 |
|   1   | 15.261 | 29.524 | 37.369 | 7.329  | 1.035 |
|   2   | 10.187 | 20.455 | 26.794 | 4.607  | 0.685 |
|   3   | 7.814  | 16.269 | 21.750 | 3.465  | 0.545 |
|   4   | 6.600  | 14.042 | 19.176 | 2.943  | 0.481 |
|   5   | 5.895  | 12.893 | 17.553 | 2.633  | 0.434 |
|   6   | 5.300  | 11.573 | 16.163 | 2.374  | 0.399 |
|   7   | 4.907  | 10.873 | 15.160 | 2.190  | 0.366 |
|   8   | 4.665  | 10.374 | 14.606 | 2.048  | 0.345 |
|   9   | 4.398  | 9.895  | 13.981 | 1.959  | 0.319 |
|   10  | 4.126  | 9.472  | 13.331 | 1.878  | 0.306 |
|   11  | 4.197  | 9.628  | 13.553 | 1.869  | 0.300 |
|   12  | 3.819  | 9.003  | 12.555 | 1.730  | 0.288 |
|   13  | 3.794  | 8.575  | 12.429 | 1.709  | 0.273 |
|   14  | 3.607  | 8.404  | 12.016 | 1.634  | 0.268 |
|   15  | 3.587  | 8.379  | 11.976 | 1.625  | 0.263 |
|   16  | 3.723  | 8.439  | 12.082 | 1.625  | 0.259 |
|   17  | 3.607  | 8.464  | 12.016 | 1.627  | 0.257 |
|   18  | 3.552  | 8.167  | 11.689 | 1.586  | 0.249 |
|   19  | 3.320  | 7.895  | 11.276 | 1.487  | 0.241 |
|   20  | 3.431  | 7.895  | 11.397 | 1.504  | 0.241 |
|   21  | 3.240  | 7.633  | 11.054 | 1.453  | 0.236 |
|   22  | 3.275  | 7.663  | 11.014 | 1.473  | 0.238 |
|   23  | 3.114  | 7.512  | 10.782 | 1.406  | 0.239 |
|   24  | 3.189  | 7.517  | 10.837 | 1.416  | 0.233 |
|   25  | 3.219  | 7.628  | 10.913 | 1.463  | 0.236 |
|   26  | 3.179  | 7.477  | 10.772 | 1.450  | 0.230 |
|   27  | 3.083  | 7.185  | 10.429 | 1.408  | 0.229 |
+-------+--------+--------+--------+--------+-------+
     logs:  {'epo': 27, 'R1': 3.083, 'R5': 7.185, 'R10': 10.429, 'mAP': 1.408, 'mINP': 0.229, 'entropy': 0.5399910887082418, 'loss': 2.129725968837738, 'lr': 0.0004999999999999932}
     Epoch[28] Iteration[10/300], entropy: 0.6261, loss: 2.1184, lr: 9.96e-04
     Epoch[28] Iteration[20/300], entropy: 0.6373, loss: 2.3001, lr: 7.13e-04
     Epoch[28] Iteration[30/300], entropy: 0.5641, loss: 2.2053, lr: 1.36e-04
     Epoch[28] Iteration[40/300], entropy: 0.5634, loss: 2.2282, lr: 6.18e-05
     Epoch[28] Iteration[50/300], entropy: 0.6053, loss: 2.0549, lr: 5.94e-04
     Epoch[28] Iteration[60/300], entropy: 0.4664, loss: 2.0466, lr: 9.96e-04
     Epoch[28] Iteration[70/300], entropy: 0.6361, loss: 2.1228, lr: 7.13e-04
     Epoch[28] Iteration[80/300], entropy: 0.4405, loss: 2.1347, lr: 1.36e-04
     Epoch[28] Iteration[90/300], entropy: 0.7302, loss: 2.2730, lr: 6.18e-05
     Epoch[28] Iteration[100/300], entropy: 0.4082, loss: 2.0176, lr: 5.94e-04
     Epoch[28] Iteration[110/300], entropy: 0.4716, loss: 2.0989, lr: 9.96e-04
     Epoch[28] Iteration[120/300], entropy: 0.4747, loss: 2.1104, lr: 7.13e-04
     Epoch[28] Iteration[130/300], entropy: 0.4698, loss: 2.0024, lr: 1.36e-04
     Epoch[28] Iteration[140/300], entropy: 0.6143, loss: 2.1531, lr: 6.18e-05
     Epoch[28] Iteration[150/300], entropy: 0.5562, loss: 2.2522, lr: 5.94e-04
     Epoch[28] Iteration[160/300], entropy: 0.5770, loss: 2.0995, lr: 9.96e-04
     Epoch[28] Iteration[170/300], entropy: 0.5013, loss: 2.1466, lr: 7.13e-04
     Epoch[28] Iteration[180/300], entropy: 0.4570, loss: 2.1660, lr: 1.36e-04
     Epoch[28] Iteration[190/300], entropy: 0.6029, loss: 2.0720, lr: 6.18e-05
     Epoch[28] Iteration[200/300], entropy: 0.5501, loss: 2.0979, lr: 5.94e-04
     Epoch[28] Iteration[210/300], entropy: 0.6883, loss: 2.1779, lr: 9.96e-04
     Epoch[28] Iteration[220/300], entropy: 0.6135, loss: 2.2211, lr: 7.13e-04
     Epoch[28] Iteration[230/300], entropy: 0.4016, loss: 2.0393, lr: 1.36e-04
     Epoch[28] Iteration[240/300], entropy: 0.7259, loss: 2.2682, lr: 6.18e-05
     Epoch[28] Iteration[250/300], entropy: 0.5510, loss: 2.2220, lr: 5.94e-04
     Epoch[28] Iteration[260/300], entropy: 0.5855, loss: 2.1671, lr: 9.96e-04
     Epoch[28] Iteration[270/300], entropy: 0.5491, loss: 2.1510, lr: 7.13e-04
     Epoch[28] Iteration[280/300], entropy: 0.4407, loss: 2.0069, lr: 1.36e-04
     Epoch[28] Iteration[290/300], entropy: 0.4689, loss: 2.0356, lr: 6.18e-05
     Epoch[28] Iteration[300/300], entropy: 0.5323, loss: 1.9378, lr: 5.94e-04
     Averaged stats: entropy: 0.5323, loss: 1.9378, lr: 5.94e-04
     itm tta time 0:00:30
### TTA Eval Score: 
+-------+--------+--------+--------+--------+-------+
| epoch |   R1   |   R5   |  R10   |  mAP   |  mINP |
+-------+--------+--------+--------+--------+-------+
|  -999 | 58.943 | 76.108 | 82.205 | 34.719 | 5.891 |
|   0   | 27.776 | 47.294 | 56.399 | 15.098 | 2.329 |
|   1   | 15.261 | 29.524 | 37.369 | 7.329  | 1.035 |
|   2   | 10.187 | 20.455 | 26.794 | 4.607  | 0.685 |
|   3   | 7.814  | 16.269 | 21.750 | 3.465  | 0.545 |
|   4   | 6.600  | 14.042 | 19.176 | 2.943  | 0.481 |
|   5   | 5.895  | 12.893 | 17.553 | 2.633  | 0.434 |
|   6   | 5.300  | 11.573 | 16.163 | 2.374  | 0.399 |
|   7   | 4.907  | 10.873 | 15.160 | 2.190  | 0.366 |
|   8   | 4.665  | 10.374 | 14.606 | 2.048  | 0.345 |
|   9   | 4.398  | 9.895  | 13.981 | 1.959  | 0.319 |
|   10  | 4.126  | 9.472  | 13.331 | 1.878  | 0.306 |
|   11  | 4.197  | 9.628  | 13.553 | 1.869  | 0.300 |
|   12  | 3.819  | 9.003  | 12.555 | 1.730  | 0.288 |
|   13  | 3.794  | 8.575  | 12.429 | 1.709  | 0.273 |
|   14  | 3.607  | 8.404  | 12.016 | 1.634  | 0.268 |
|   15  | 3.587  | 8.379  | 11.976 | 1.625  | 0.263 |
|   16  | 3.723  | 8.439  | 12.082 | 1.625  | 0.259 |
|   17  | 3.607  | 8.464  | 12.016 | 1.627  | 0.257 |
|   18  | 3.552  | 8.167  | 11.689 | 1.586  | 0.249 |
|   19  | 3.320  | 7.895  | 11.276 | 1.487  | 0.241 |
|   20  | 3.431  | 7.895  | 11.397 | 1.504  | 0.241 |
|   21  | 3.240  | 7.633  | 11.054 | 1.453  | 0.236 |
|   22  | 3.275  | 7.663  | 11.014 | 1.473  | 0.238 |
|   23  | 3.114  | 7.512  | 10.782 | 1.406  | 0.239 |
|   24  | 3.189  | 7.517  | 10.837 | 1.416  | 0.233 |
|   25  | 3.219  | 7.628  | 10.913 | 1.463  | 0.236 |
|   26  | 3.179  | 7.477  | 10.772 | 1.450  | 0.230 |
|   27  | 3.083  | 7.185  | 10.429 | 1.408  | 0.229 |
|   28  | 3.114  | 7.457  | 10.742 | 1.407  | 0.227 |
+-------+--------+--------+--------+--------+-------+
     logs:  {'epo': 28, 'R1': 3.114, 'R5': 7.457, 'R10': 10.742, 'mAP': 1.407, 'mINP': 0.227, 'entropy': 0.5503074596325557, 'loss': 2.130915307998657, 'lr': 0.0005000000000000127}
     Epoch[29] Iteration[10/300], entropy: 0.6879, loss: 2.1591, lr: 9.96e-04
     Epoch[29] Iteration[20/300], entropy: 0.5818, loss: 2.1099, lr: 7.13e-04
     Epoch[29] Iteration[30/300], entropy: 0.5524, loss: 2.2045, lr: 1.36e-04
     Epoch[29] Iteration[40/300], entropy: 0.5594, loss: 2.2310, lr: 6.18e-05
     Epoch[29] Iteration[50/300], entropy: 0.5626, loss: 2.1515, lr: 5.94e-04
     Epoch[29] Iteration[60/300], entropy: 0.4318, loss: 2.0565, lr: 9.96e-04
     Epoch[29] Iteration[70/300], entropy: 0.4699, loss: 1.9825, lr: 7.13e-04
     Epoch[29] Iteration[80/300], entropy: 0.4588, loss: 2.0993, lr: 1.36e-04
     Epoch[29] Iteration[90/300], entropy: 0.5442, loss: 2.0225, lr: 6.18e-05
     Epoch[29] Iteration[100/300], entropy: 0.5692, loss: 2.2370, lr: 5.94e-04
     Epoch[29] Iteration[110/300], entropy: 0.5218, loss: 2.1481, lr: 9.96e-04
     Epoch[29] Iteration[120/300], entropy: 0.4794, loss: 2.0920, lr: 7.13e-04
     Epoch[29] Iteration[130/300], entropy: 0.4346, loss: 2.0304, lr: 1.36e-04
     Epoch[29] Iteration[140/300], entropy: 0.4720, loss: 2.0817, lr: 6.18e-05
     Epoch[29] Iteration[150/300], entropy: 0.5866, loss: 2.2714, lr: 5.94e-04
     Epoch[29] Iteration[160/300], entropy: 0.4569, loss: 2.0851, lr: 9.96e-04
     Epoch[29] Iteration[170/300], entropy: 0.4320, loss: 2.0784, lr: 7.13e-04
     Epoch[29] Iteration[180/300], entropy: 0.5593, loss: 2.1783, lr: 1.36e-04
     Epoch[29] Iteration[190/300], entropy: 0.4537, loss: 2.1529, lr: 6.18e-05
     Epoch[29] Iteration[200/300], entropy: 0.3900, loss: 2.1411, lr: 5.94e-04
     Epoch[29] Iteration[210/300], entropy: 0.5193, loss: 2.1316, lr: 9.96e-04
     Epoch[29] Iteration[220/300], entropy: 0.5484, loss: 2.0758, lr: 7.13e-04
     Epoch[29] Iteration[230/300], entropy: 0.5458, loss: 2.1118, lr: 1.36e-04
     Epoch[29] Iteration[240/300], entropy: 0.5224, loss: 2.1543, lr: 6.18e-05
     Epoch[29] Iteration[250/300], entropy: 0.6152, loss: 2.1735, lr: 5.94e-04
     Epoch[29] Iteration[260/300], entropy: 0.5999, loss: 2.1668, lr: 9.96e-04
     Epoch[29] Iteration[270/300], entropy: 0.5187, loss: 2.2253, lr: 7.13e-04
     Epoch[29] Iteration[280/300], entropy: 0.2219, loss: 1.8381, lr: 1.36e-04
     Epoch[29] Iteration[290/300], entropy: 0.4896, loss: 2.0666, lr: 6.18e-05
     Epoch[29] Iteration[300/300], entropy: 0.5610, loss: 2.2669, lr: 5.94e-04
     Averaged stats: entropy: 0.5610, loss: 2.2669, lr: 5.94e-04
     itm tta time 0:00:31
### TTA Eval Score: 
+-------+--------+--------+--------+--------+-------+
| epoch |   R1   |   R5   |  R10   |  mAP   |  mINP |
+-------+--------+--------+--------+--------+-------+
|  -999 | 58.943 | 76.108 | 82.205 | 34.719 | 5.891 |
|   0   | 27.776 | 47.294 | 56.399 | 15.098 | 2.329 |
|   1   | 15.261 | 29.524 | 37.369 | 7.329  | 1.035 |
|   2   | 10.187 | 20.455 | 26.794 | 4.607  | 0.685 |
|   3   | 7.814  | 16.269 | 21.750 | 3.465  | 0.545 |
|   4   | 6.600  | 14.042 | 19.176 | 2.943  | 0.481 |
|   5   | 5.895  | 12.893 | 17.553 | 2.633  | 0.434 |
|   6   | 5.300  | 11.573 | 16.163 | 2.374  | 0.399 |
|   7   | 4.907  | 10.873 | 15.160 | 2.190  | 0.366 |
|   8   | 4.665  | 10.374 | 14.606 | 2.048  | 0.345 |
|   9   | 4.398  | 9.895  | 13.981 | 1.959  | 0.319 |
|   10  | 4.126  | 9.472  | 13.331 | 1.878  | 0.306 |
|   11  | 4.197  | 9.628  | 13.553 | 1.869  | 0.300 |
|   12  | 3.819  | 9.003  | 12.555 | 1.730  | 0.288 |
|   13  | 3.794  | 8.575  | 12.429 | 1.709  | 0.273 |
|   14  | 3.607  | 8.404  | 12.016 | 1.634  | 0.268 |
|   15  | 3.587  | 8.379  | 11.976 | 1.625  | 0.263 |
|   16  | 3.723  | 8.439  | 12.082 | 1.625  | 0.259 |
|   17  | 3.607  | 8.464  | 12.016 | 1.627  | 0.257 |
|   18  | 3.552  | 8.167  | 11.689 | 1.586  | 0.249 |
|   19  | 3.320  | 7.895  | 11.276 | 1.487  | 0.241 |
|   20  | 3.431  | 7.895  | 11.397 | 1.504  | 0.241 |
|   21  | 3.240  | 7.633  | 11.054 | 1.453  | 0.236 |
|   22  | 3.275  | 7.663  | 11.014 | 1.473  | 0.238 |
|   23  | 3.114  | 7.512  | 10.782 | 1.406  | 0.239 |
|   24  | 3.189  | 7.517  | 10.837 | 1.416  | 0.233 |
|   25  | 3.219  | 7.628  | 10.913 | 1.463  | 0.236 |
|   26  | 3.179  | 7.477  | 10.772 | 1.450  | 0.230 |
|   27  | 3.083  | 7.185  | 10.429 | 1.408  | 0.229 |
|   28  | 3.114  | 7.457  | 10.742 | 1.407  | 0.227 |
|   29  | 3.038  | 7.180  | 10.485 | 1.392  | 0.225 |
+-------+--------+--------+--------+--------+-------+
     logs:  {'epo': 29, 'R1': 3.038, 'R5': 7.18, 'R10': 10.485, 'mAP': 1.392, 'mINP': 0.225, 'entropy': 0.511558075249195, 'loss': 2.1241326491038004, 'lr': 0.0004999999999999922}
### best epoch 0 : {'epo': '0', 'R1': '27.776', 'R5': '47.294', 'R10': '56.399', 'mAP': '15.098', 'mINP': '2.329', 'entropy': '0.9640747586886088', 'loss': '2.3709285656611123', 'lr': '0.0004999999999999997'}
### Time 0:46:50
