/home/jiahao/miniconda3/envs/irra/lib/python3.9/site-packages/torch/nn/functional.py:3609: UserWarning: Default upsampling behavior when mode=bilinear is changed to align_corners=False since 0.4.0. Please specify align_corners=True if the old behavior is desired. See the documentation of nn.Upsample for details.
  warnings.warn(
Not using distributed mode
### Hyper-parameters:
     output_dir: output/ham_icfg_tta/exp0.0.3/2025090123042
     seed: 42
     device: cuda
     batch_size_tta: 16
     epochs: 30
     lr: 0.0005
### Creating test dataset
     test_txt_set: 19848    test_img_set: 19848
     test_txt_loader: 39    test_img_loader: 39
### Creating model
Training Model with ['sdm', 'id', 'mlm'] tasks
Resized position embedding from size:torch.Size([1, 197, 768]) to size: torch.Size([1, 193, 768]) with height:24 width: 8
     Total Params Sum:  190482206
### Zero-Shot Score: 
+-------+--------+--------+--------+--------+-------+
| epoch |   R1   |   R5   |  R10   |  mAP   |  mINP |
+-------+--------+--------+--------+--------+-------+
|  -999 | 60.641 | 77.509 | 83.268 | 35.542 | 6.004 |
+-------+--------+--------+--------+--------+-------+
### TTA:
### Compute Cos Similarity Uncertainty
     preprocess_tta_coefficients  start
     sample selection ...
     number of sample after sample_selection: 19848
     uncertainty ...
     preprocess_tta_coefficients  end
### Creating TTA dataset
     tta_dataset: 19848
### Creating tta dataloader
### be careful: func create_loader returns a list length of 1
     tta_loader: 1240
### Configure adapted weights
     TTA Dropout Modules: 
 []
     TTA Require Gradient Params: 
 [('base_model.transformer.resblocks.0.ln_1.weight', torch.Size([512])), ('base_model.transformer.resblocks.0.ln_1.bias', torch.Size([512])), ('base_model.transformer.resblocks.0.ln_2.weight', torch.Size([512])), ('base_model.transformer.resblocks.0.ln_2.bias', torch.Size([512])), ('base_model.transformer.resblocks.1.ln_1.weight', torch.Size([512])), ('base_model.transformer.resblocks.1.ln_1.bias', torch.Size([512])), ('base_model.transformer.resblocks.1.ln_2.weight', torch.Size([512])), ('base_model.transformer.resblocks.1.ln_2.bias', torch.Size([512])), ('base_model.transformer.resblocks.2.ln_1.weight', torch.Size([512])), ('base_model.transformer.resblocks.2.ln_1.bias', torch.Size([512])), ('base_model.transformer.resblocks.2.ln_2.weight', torch.Size([512])), ('base_model.transformer.resblocks.2.ln_2.bias', torch.Size([512])), ('base_model.transformer.resblocks.3.ln_1.weight', torch.Size([512])), ('base_model.transformer.resblocks.3.ln_1.bias', torch.Size([512])), ('base_model.transformer.resblocks.3.ln_2.weight', torch.Size([512])), ('base_model.transformer.resblocks.3.ln_2.bias', torch.Size([512])), ('base_model.transformer.resblocks.4.ln_1.weight', torch.Size([512])), ('base_model.transformer.resblocks.4.ln_1.bias', torch.Size([512])), ('base_model.transformer.resblocks.4.ln_2.weight', torch.Size([512])), ('base_model.transformer.resblocks.4.ln_2.bias', torch.Size([512])), ('base_model.transformer.resblocks.5.ln_1.weight', torch.Size([512])), ('base_model.transformer.resblocks.5.ln_1.bias', torch.Size([512])), ('base_model.transformer.resblocks.5.ln_2.weight', torch.Size([512])), ('base_model.transformer.resblocks.5.ln_2.bias', torch.Size([512])), ('base_model.transformer.resblocks.6.ln_1.weight', torch.Size([512])), ('base_model.transformer.resblocks.6.ln_1.bias', torch.Size([512])), ('base_model.transformer.resblocks.6.ln_2.weight', torch.Size([512])), ('base_model.transformer.resblocks.6.ln_2.bias', torch.Size([512])), ('base_model.transformer.resblocks.7.ln_1.weight', torch.Size([512])), ('base_model.transformer.resblocks.7.ln_1.bias', torch.Size([512])), ('base_model.transformer.resblocks.7.ln_2.weight', torch.Size([512])), ('base_model.transformer.resblocks.7.ln_2.bias', torch.Size([512])), ('base_model.transformer.resblocks.8.ln_1.weight', torch.Size([512])), ('base_model.transformer.resblocks.8.ln_1.bias', torch.Size([512])), ('base_model.transformer.resblocks.8.ln_2.weight', torch.Size([512])), ('base_model.transformer.resblocks.8.ln_2.bias', torch.Size([512])), ('base_model.transformer.resblocks.9.ln_1.weight', torch.Size([512])), ('base_model.transformer.resblocks.9.ln_1.bias', torch.Size([512])), ('base_model.transformer.resblocks.9.ln_2.weight', torch.Size([512])), ('base_model.transformer.resblocks.9.ln_2.bias', torch.Size([512])), ('base_model.transformer.resblocks.10.ln_1.weight', torch.Size([512])), ('base_model.transformer.resblocks.10.ln_1.bias', torch.Size([512])), ('base_model.transformer.resblocks.10.ln_2.weight', torch.Size([512])), ('base_model.transformer.resblocks.10.ln_2.bias', torch.Size([512])), ('base_model.transformer.resblocks.11.ln_1.weight', torch.Size([512])), ('base_model.transformer.resblocks.11.ln_1.bias', torch.Size([512])), ('base_model.transformer.resblocks.11.ln_2.weight', torch.Size([512])), ('base_model.transformer.resblocks.11.ln_2.bias', torch.Size([512])), ('base_model.ln_final.weight', torch.Size([512])), ('base_model.ln_final.bias', torch.Size([512]))]
     TTA Dropout Modules Number: 
 0
     TTA Require Gradient Params Sum: 
 25600
Using 5.0 times learning rate for random init module 
### Start Test Time Adaptation
     Epoch[0] Iteration[10/1240], entropy: 1.4476, loss: 1.4476, lr: 4.69e-04
     Epoch[0] Iteration[20/1240], entropy: 1.5882, loss: 1.5882, lr: 2.03e-04
     Epoch[0] Iteration[30/1240], entropy: 1.5564, loss: 1.5564, lr: 1.97e-06
     Epoch[0] Iteration[40/1240], entropy: 1.4768, loss: 1.4768, lr: 1.44e-04
     Epoch[0] Iteration[50/1240], entropy: 1.4817, loss: 1.4817, lr: 4.32e-04
     Epoch[0] Iteration[60/1240], entropy: 1.1500, loss: 1.1500, lr: 4.69e-04
     Epoch[0] Iteration[70/1240], entropy: 1.1709, loss: 1.1709, lr: 2.03e-04
     Epoch[0] Iteration[80/1240], entropy: 1.2290, loss: 1.2290, lr: 1.97e-06
     Epoch[0] Iteration[90/1240], entropy: 1.0109, loss: 1.0109, lr: 1.44e-04
     Epoch[0] Iteration[100/1240], entropy: 1.1557, loss: 1.1557, lr: 4.32e-04
     Epoch[0] Iteration[110/1240], entropy: 0.8763, loss: 0.8763, lr: 4.69e-04
     Epoch[0] Iteration[120/1240], entropy: 0.9146, loss: 0.9146, lr: 2.03e-04
     Epoch[0] Iteration[130/1240], entropy: 0.8948, loss: 0.8948, lr: 1.97e-06
     Epoch[0] Iteration[140/1240], entropy: 0.8016, loss: 0.8016, lr: 1.44e-04
     Epoch[0] Iteration[150/1240], entropy: 1.0066, loss: 1.0066, lr: 4.32e-04
     Epoch[0] Iteration[160/1240], entropy: 0.8677, loss: 0.8677, lr: 4.69e-04
     Epoch[0] Iteration[170/1240], entropy: 0.8045, loss: 0.8045, lr: 2.03e-04
     Epoch[0] Iteration[180/1240], entropy: 1.0398, loss: 1.0398, lr: 1.97e-06
     Epoch[0] Iteration[190/1240], entropy: 0.9893, loss: 0.9893, lr: 1.44e-04
     Epoch[0] Iteration[200/1240], entropy: 0.8692, loss: 0.8692, lr: 4.32e-04
     Epoch[0] Iteration[210/1240], entropy: 1.0033, loss: 1.0033, lr: 4.69e-04
     Epoch[0] Iteration[220/1240], entropy: 0.8547, loss: 0.8547, lr: 2.03e-04
     Epoch[0] Iteration[230/1240], entropy: 0.9498, loss: 0.9498, lr: 1.97e-06
     Epoch[0] Iteration[240/1240], entropy: 0.7553, loss: 0.7553, lr: 1.44e-04
     Epoch[0] Iteration[250/1240], entropy: 0.7009, loss: 0.7009, lr: 4.32e-04
     Epoch[0] Iteration[260/1240], entropy: 1.0577, loss: 1.0577, lr: 4.69e-04
     Epoch[0] Iteration[270/1240], entropy: 0.9230, loss: 0.9230, lr: 2.03e-04
     Epoch[0] Iteration[280/1240], entropy: 0.9829, loss: 0.9829, lr: 1.97e-06
     Epoch[0] Iteration[290/1240], entropy: 0.5588, loss: 0.5588, lr: 1.44e-04
     Epoch[0] Iteration[300/1240], entropy: 0.7060, loss: 0.7060, lr: 4.32e-04
     Epoch[0] Iteration[310/1240], entropy: 0.7411, loss: 0.7411, lr: 4.69e-04
     Epoch[0] Iteration[320/1240], entropy: 0.7219, loss: 0.7219, lr: 2.03e-04
     Epoch[0] Iteration[330/1240], entropy: 0.6185, loss: 0.6185, lr: 1.97e-06
     Epoch[0] Iteration[340/1240], entropy: 0.6442, loss: 0.6442, lr: 1.44e-04
     Epoch[0] Iteration[350/1240], entropy: 0.8442, loss: 0.8442, lr: 4.32e-04
     Epoch[0] Iteration[360/1240], entropy: 0.5256, loss: 0.5256, lr: 4.69e-04
     Epoch[0] Iteration[370/1240], entropy: 0.9321, loss: 0.9321, lr: 2.03e-04
     Epoch[0] Iteration[380/1240], entropy: 0.9904, loss: 0.9904, lr: 1.97e-06
     Epoch[0] Iteration[390/1240], entropy: 0.7760, loss: 0.7760, lr: 1.44e-04
     Epoch[0] Iteration[400/1240], entropy: 0.6537, loss: 0.6537, lr: 4.32e-04
     Epoch[0] Iteration[410/1240], entropy: 0.8268, loss: 0.8268, lr: 4.69e-04
     Epoch[0] Iteration[420/1240], entropy: 0.6432, loss: 0.6432, lr: 2.03e-04
     Epoch[0] Iteration[430/1240], entropy: 0.5053, loss: 0.5053, lr: 1.97e-06
     Epoch[0] Iteration[440/1240], entropy: 0.6767, loss: 0.6767, lr: 1.44e-04
     Epoch[0] Iteration[450/1240], entropy: 0.8707, loss: 0.8707, lr: 4.32e-04
     Epoch[0] Iteration[460/1240], entropy: 0.8031, loss: 0.8031, lr: 4.69e-04
     Epoch[0] Iteration[470/1240], entropy: 0.7016, loss: 0.7016, lr: 2.03e-04
     Epoch[0] Iteration[480/1240], entropy: 0.6386, loss: 0.6386, lr: 1.97e-06
     Epoch[0] Iteration[490/1240], entropy: 0.6646, loss: 0.6646, lr: 1.44e-04
     Epoch[0] Iteration[500/1240], entropy: 0.6545, loss: 0.6545, lr: 4.32e-04
     Epoch[0] Iteration[510/1240], entropy: 0.8799, loss: 0.8799, lr: 4.69e-04
     Epoch[0] Iteration[520/1240], entropy: 0.7103, loss: 0.7103, lr: 2.03e-04
     Epoch[0] Iteration[530/1240], entropy: 0.6105, loss: 0.6105, lr: 1.97e-06
     Epoch[0] Iteration[540/1240], entropy: 0.8316, loss: 0.8316, lr: 1.44e-04
     Epoch[0] Iteration[550/1240], entropy: 0.3661, loss: 0.3661, lr: 4.32e-04
     Epoch[0] Iteration[560/1240], entropy: 0.7005, loss: 0.7005, lr: 4.69e-04
     Epoch[0] Iteration[570/1240], entropy: 0.8696, loss: 0.8696, lr: 2.03e-04
     Epoch[0] Iteration[580/1240], entropy: 0.9000, loss: 0.9000, lr: 1.97e-06
     Epoch[0] Iteration[590/1240], entropy: 0.6563, loss: 0.6563, lr: 1.44e-04
     Epoch[0] Iteration[600/1240], entropy: 0.7483, loss: 0.7483, lr: 4.32e-04
     Epoch[0] Iteration[610/1240], entropy: 0.5972, loss: 0.5972, lr: 4.69e-04
     Epoch[0] Iteration[620/1240], entropy: 0.6034, loss: 0.6034, lr: 2.03e-04
     Epoch[0] Iteration[630/1240], entropy: 0.8643, loss: 0.8643, lr: 1.97e-06
     Epoch[0] Iteration[640/1240], entropy: 0.7057, loss: 0.7057, lr: 1.44e-04
     Epoch[0] Iteration[650/1240], entropy: 0.6613, loss: 0.6613, lr: 4.32e-04
     Epoch[0] Iteration[660/1240], entropy: 0.6543, loss: 0.6543, lr: 4.69e-04
     Epoch[0] Iteration[670/1240], entropy: 0.7700, loss: 0.7700, lr: 2.03e-04
     Epoch[0] Iteration[680/1240], entropy: 0.7549, loss: 0.7549, lr: 1.97e-06
     Epoch[0] Iteration[690/1240], entropy: 0.7760, loss: 0.7760, lr: 1.44e-04
     Epoch[0] Iteration[700/1240], entropy: 0.6205, loss: 0.6205, lr: 4.32e-04
     Epoch[0] Iteration[710/1240], entropy: 0.7049, loss: 0.7049, lr: 4.69e-04
     Epoch[0] Iteration[720/1240], entropy: 0.7001, loss: 0.7001, lr: 2.03e-04
     Epoch[0] Iteration[730/1240], entropy: 0.7472, loss: 0.7472, lr: 1.97e-06
     Epoch[0] Iteration[740/1240], entropy: 0.7166, loss: 0.7166, lr: 1.44e-04
     Epoch[0] Iteration[750/1240], entropy: 0.6243, loss: 0.6243, lr: 4.32e-04
     Epoch[0] Iteration[760/1240], entropy: 0.6059, loss: 0.6059, lr: 4.69e-04
     Epoch[0] Iteration[770/1240], entropy: 0.4650, loss: 0.4650, lr: 2.03e-04
     Epoch[0] Iteration[780/1240], entropy: 0.5781, loss: 0.5781, lr: 1.97e-06
     Epoch[0] Iteration[790/1240], entropy: 0.6905, loss: 0.6905, lr: 1.44e-04
     Epoch[0] Iteration[800/1240], entropy: 0.6733, loss: 0.6733, lr: 4.32e-04
     Epoch[0] Iteration[810/1240], entropy: 0.6229, loss: 0.6229, lr: 4.69e-04
     Epoch[0] Iteration[820/1240], entropy: 0.6918, loss: 0.6918, lr: 2.03e-04
     Epoch[0] Iteration[830/1240], entropy: 0.4571, loss: 0.4571, lr: 1.97e-06
     Epoch[0] Iteration[840/1240], entropy: 0.5945, loss: 0.5945, lr: 1.44e-04
     Epoch[0] Iteration[850/1240], entropy: 0.6133, loss: 0.6133, lr: 4.32e-04
     Epoch[0] Iteration[860/1240], entropy: 0.6494, loss: 0.6494, lr: 4.69e-04
     Epoch[0] Iteration[870/1240], entropy: 0.5370, loss: 0.5370, lr: 2.03e-04
     Epoch[0] Iteration[880/1240], entropy: 0.7423, loss: 0.7423, lr: 1.97e-06
     Epoch[0] Iteration[890/1240], entropy: 0.6468, loss: 0.6468, lr: 1.44e-04
     Epoch[0] Iteration[900/1240], entropy: 0.4967, loss: 0.4967, lr: 4.32e-04
     Epoch[0] Iteration[910/1240], entropy: 0.6725, loss: 0.6725, lr: 4.69e-04
     Epoch[0] Iteration[920/1240], entropy: 0.5092, loss: 0.5092, lr: 2.03e-04
     Epoch[0] Iteration[930/1240], entropy: 0.5304, loss: 0.5304, lr: 1.97e-06
     Epoch[0] Iteration[940/1240], entropy: 0.8100, loss: 0.8100, lr: 1.44e-04
     Epoch[0] Iteration[950/1240], entropy: 0.6978, loss: 0.6978, lr: 4.32e-04
     Epoch[0] Iteration[960/1240], entropy: 0.7301, loss: 0.7301, lr: 4.69e-04
     Epoch[0] Iteration[970/1240], entropy: 0.4825, loss: 0.4825, lr: 2.03e-04
     Epoch[0] Iteration[980/1240], entropy: 0.5176, loss: 0.5176, lr: 1.97e-06
     Epoch[0] Iteration[990/1240], entropy: 0.4063, loss: 0.4063, lr: 1.44e-04
     Epoch[0] Iteration[1000/1240], entropy: 0.6361, loss: 0.6361, lr: 4.32e-04
     Epoch[0] Iteration[1010/1240], entropy: 0.4961, loss: 0.4961, lr: 4.69e-04
     Epoch[0] Iteration[1020/1240], entropy: 0.5180, loss: 0.5180, lr: 2.03e-04
     Epoch[0] Iteration[1030/1240], entropy: 0.5136, loss: 0.5136, lr: 1.97e-06
     Epoch[0] Iteration[1040/1240], entropy: 0.4772, loss: 0.4772, lr: 1.44e-04
     Epoch[0] Iteration[1050/1240], entropy: 0.5909, loss: 0.5909, lr: 4.32e-04
     Epoch[0] Iteration[1060/1240], entropy: 0.7979, loss: 0.7979, lr: 4.69e-04
     Epoch[0] Iteration[1070/1240], entropy: 0.7507, loss: 0.7507, lr: 2.03e-04
     Epoch[0] Iteration[1080/1240], entropy: 0.5586, loss: 0.5586, lr: 1.97e-06
     Epoch[0] Iteration[1090/1240], entropy: 0.6122, loss: 0.6122, lr: 1.44e-04
     Epoch[0] Iteration[1100/1240], entropy: 0.6176, loss: 0.6176, lr: 4.32e-04
     Epoch[0] Iteration[1110/1240], entropy: 0.6167, loss: 0.6167, lr: 4.69e-04
     Epoch[0] Iteration[1120/1240], entropy: 0.6893, loss: 0.6893, lr: 2.03e-04
     Epoch[0] Iteration[1130/1240], entropy: 0.5578, loss: 0.5578, lr: 1.97e-06
     Epoch[0] Iteration[1140/1240], entropy: 0.6408, loss: 0.6408, lr: 1.44e-04
     Epoch[0] Iteration[1150/1240], entropy: 0.5457, loss: 0.5457, lr: 4.32e-04
     Epoch[0] Iteration[1160/1240], entropy: 0.7929, loss: 0.7929, lr: 4.69e-04
     Epoch[0] Iteration[1170/1240], entropy: 0.8097, loss: 0.8097, lr: 2.03e-04
     Epoch[0] Iteration[1180/1240], entropy: 0.7850, loss: 0.7850, lr: 1.97e-06
     Epoch[0] Iteration[1190/1240], entropy: 0.8345, loss: 0.8345, lr: 1.44e-04
     Epoch[0] Iteration[1200/1240], entropy: 0.5137, loss: 0.5137, lr: 4.32e-04
     Epoch[0] Iteration[1210/1240], entropy: 0.5865, loss: 0.5865, lr: 4.69e-04
     Epoch[0] Iteration[1220/1240], entropy: 0.5201, loss: 0.5201, lr: 2.03e-04
     Epoch[0] Iteration[1230/1240], entropy: 0.5949, loss: 0.5949, lr: 1.97e-06
     Epoch[0] Iteration[1240/1240], entropy: 0.4426, loss: 0.4426, lr: 1.44e-04
     Averaged stats: entropy: 0.4426, loss: 0.4426, lr: 1.44e-04
     itm tta time 0:03:26
### TTA Eval Score: 
+-------+--------+--------+--------+--------+-------+
| epoch |   R1   |   R5   |  R10   |  mAP   |  mINP |
+-------+--------+--------+--------+--------+-------+
|  -999 | 60.641 | 77.509 | 83.268 | 35.542 | 6.004 |
|   0   | 6.822  | 15.508 | 20.864 | 3.247  | 0.505 |
+-------+--------+--------+--------+--------+-------+
     logs:  {'epo': 0, 'R1': 6.822, 'R5': 15.508, 'R10': 20.864, 'mAP': 3.247, 'mINP': 0.505, 'entropy': 0.7496036310349742, 'loss': 0.7496036310349742, 'lr': 0.00024853030518665037}
     Epoch[1] Iteration[10/1240], entropy: 0.4656, loss: 0.4656, lr: 4.32e-04
     Epoch[1] Iteration[20/1240], entropy: 0.4953, loss: 0.4953, lr: 4.69e-04
     Epoch[1] Iteration[30/1240], entropy: 0.5786, loss: 0.5786, lr: 2.03e-04
     Epoch[1] Iteration[40/1240], entropy: 0.7586, loss: 0.7586, lr: 1.97e-06
     Epoch[1] Iteration[50/1240], entropy: 0.7411, loss: 0.7411, lr: 1.44e-04
     Epoch[1] Iteration[60/1240], entropy: 0.8669, loss: 0.8669, lr: 4.32e-04
     Epoch[1] Iteration[70/1240], entropy: 0.7117, loss: 0.7117, lr: 4.69e-04
     Epoch[1] Iteration[80/1240], entropy: 0.6290, loss: 0.6290, lr: 2.03e-04
     Epoch[1] Iteration[90/1240], entropy: 0.5080, loss: 0.5080, lr: 1.97e-06
     Epoch[1] Iteration[100/1240], entropy: 0.7157, loss: 0.7157, lr: 1.44e-04
     Epoch[1] Iteration[110/1240], entropy: 0.5074, loss: 0.5074, lr: 4.32e-04
     Epoch[1] Iteration[120/1240], entropy: 0.4898, loss: 0.4898, lr: 4.69e-04
     Epoch[1] Iteration[130/1240], entropy: 0.5089, loss: 0.5089, lr: 2.03e-04
     Epoch[1] Iteration[140/1240], entropy: 0.4905, loss: 0.4905, lr: 1.97e-06
     Epoch[1] Iteration[150/1240], entropy: 0.7169, loss: 0.7169, lr: 1.44e-04
     Epoch[1] Iteration[160/1240], entropy: 0.5086, loss: 0.5086, lr: 4.32e-04
     Epoch[1] Iteration[170/1240], entropy: 0.6013, loss: 0.6013, lr: 4.69e-04
     Epoch[1] Iteration[180/1240], entropy: 0.4440, loss: 0.4440, lr: 2.03e-04
     Epoch[1] Iteration[190/1240], entropy: 0.7218, loss: 0.7218, lr: 1.97e-06
     Epoch[1] Iteration[200/1240], entropy: 0.4841, loss: 0.4841, lr: 1.44e-04
     Epoch[1] Iteration[210/1240], entropy: 0.7057, loss: 0.7057, lr: 4.32e-04
     Epoch[1] Iteration[220/1240], entropy: 0.5819, loss: 0.5819, lr: 4.69e-04
     Epoch[1] Iteration[230/1240], entropy: 0.4997, loss: 0.4997, lr: 2.03e-04
     Epoch[1] Iteration[240/1240], entropy: 0.6667, loss: 0.6667, lr: 1.97e-06
     Epoch[1] Iteration[250/1240], entropy: 0.5190, loss: 0.5190, lr: 1.44e-04
     Epoch[1] Iteration[260/1240], entropy: 0.6512, loss: 0.6512, lr: 4.32e-04
     Epoch[1] Iteration[270/1240], entropy: 0.5575, loss: 0.5575, lr: 4.69e-04
     Epoch[1] Iteration[280/1240], entropy: 0.7949, loss: 0.7949, lr: 2.03e-04
     Epoch[1] Iteration[290/1240], entropy: 0.6626, loss: 0.6626, lr: 1.97e-06
     Epoch[1] Iteration[300/1240], entropy: 0.6050, loss: 0.6050, lr: 1.44e-04
     Epoch[1] Iteration[310/1240], entropy: 0.5249, loss: 0.5249, lr: 4.32e-04
     Epoch[1] Iteration[320/1240], entropy: 0.5887, loss: 0.5887, lr: 4.69e-04
     Epoch[1] Iteration[330/1240], entropy: 0.6703, loss: 0.6703, lr: 2.03e-04
     Epoch[1] Iteration[340/1240], entropy: 0.5786, loss: 0.5786, lr: 1.97e-06
     Epoch[1] Iteration[350/1240], entropy: 0.7540, loss: 0.7540, lr: 1.44e-04
     Epoch[1] Iteration[360/1240], entropy: 0.7385, loss: 0.7385, lr: 4.32e-04
     Epoch[1] Iteration[370/1240], entropy: 0.7068, loss: 0.7068, lr: 4.69e-04
     Epoch[1] Iteration[380/1240], entropy: 0.8020, loss: 0.8020, lr: 2.03e-04
     Epoch[1] Iteration[390/1240], entropy: 0.5400, loss: 0.5400, lr: 1.97e-06
     Epoch[1] Iteration[400/1240], entropy: 0.8792, loss: 0.8792, lr: 1.44e-04
     Epoch[1] Iteration[410/1240], entropy: 0.7027, loss: 0.7027, lr: 4.32e-04
     Epoch[1] Iteration[420/1240], entropy: 0.6679, loss: 0.6679, lr: 4.69e-04
     Epoch[1] Iteration[430/1240], entropy: 0.6386, loss: 0.6386, lr: 2.03e-04
     Epoch[1] Iteration[440/1240], entropy: 0.4943, loss: 0.4943, lr: 1.97e-06
     Epoch[1] Iteration[450/1240], entropy: 0.4812, loss: 0.4812, lr: 1.44e-04
     Epoch[1] Iteration[460/1240], entropy: 0.7104, loss: 0.7104, lr: 4.32e-04
     Epoch[1] Iteration[470/1240], entropy: 0.6301, loss: 0.6301, lr: 4.69e-04
     Epoch[1] Iteration[480/1240], entropy: 0.6143, loss: 0.6143, lr: 2.03e-04
     Epoch[1] Iteration[490/1240], entropy: 0.6983, loss: 0.6983, lr: 1.97e-06
     Epoch[1] Iteration[500/1240], entropy: 0.7381, loss: 0.7381, lr: 1.44e-04
     Epoch[1] Iteration[510/1240], entropy: 0.6882, loss: 0.6882, lr: 4.32e-04
     Epoch[1] Iteration[520/1240], entropy: 0.4423, loss: 0.4423, lr: 4.69e-04
     Epoch[1] Iteration[530/1240], entropy: 0.4532, loss: 0.4532, lr: 2.03e-04
     Epoch[1] Iteration[540/1240], entropy: 0.4675, loss: 0.4675, lr: 1.97e-06
     Epoch[1] Iteration[550/1240], entropy: 0.5578, loss: 0.5578, lr: 1.44e-04
     Epoch[1] Iteration[560/1240], entropy: 0.6853, loss: 0.6853, lr: 4.32e-04
     Epoch[1] Iteration[570/1240], entropy: 0.6061, loss: 0.6061, lr: 4.69e-04
     Epoch[1] Iteration[580/1240], entropy: 0.7314, loss: 0.7314, lr: 2.03e-04
     Epoch[1] Iteration[590/1240], entropy: 0.5217, loss: 0.5217, lr: 1.97e-06
     Epoch[1] Iteration[600/1240], entropy: 0.5892, loss: 0.5892, lr: 1.44e-04
     Epoch[1] Iteration[610/1240], entropy: 0.5954, loss: 0.5954, lr: 4.32e-04
     Epoch[1] Iteration[620/1240], entropy: 0.4968, loss: 0.4968, lr: 4.69e-04
     Epoch[1] Iteration[630/1240], entropy: 0.4037, loss: 0.4037, lr: 2.03e-04
     Epoch[1] Iteration[640/1240], entropy: 0.5856, loss: 0.5856, lr: 1.97e-06
     Epoch[1] Iteration[650/1240], entropy: 0.5083, loss: 0.5083, lr: 1.44e-04
     Epoch[1] Iteration[660/1240], entropy: 0.6117, loss: 0.6117, lr: 4.32e-04
     Epoch[1] Iteration[670/1240], entropy: 0.4994, loss: 0.4994, lr: 4.69e-04
     Epoch[1] Iteration[680/1240], entropy: 0.6380, loss: 0.6380, lr: 2.03e-04
     Epoch[1] Iteration[690/1240], entropy: 0.6584, loss: 0.6584, lr: 1.97e-06
     Epoch[1] Iteration[700/1240], entropy: 0.8253, loss: 0.8253, lr: 1.44e-04
     Epoch[1] Iteration[710/1240], entropy: 0.5688, loss: 0.5688, lr: 4.32e-04
     Epoch[1] Iteration[720/1240], entropy: 0.5281, loss: 0.5281, lr: 4.69e-04
     Epoch[1] Iteration[730/1240], entropy: 0.7334, loss: 0.7334, lr: 2.03e-04
     Epoch[1] Iteration[740/1240], entropy: 0.5317, loss: 0.5317, lr: 1.97e-06
     Epoch[1] Iteration[750/1240], entropy: 0.6632, loss: 0.6632, lr: 1.44e-04
     Epoch[1] Iteration[760/1240], entropy: 0.4860, loss: 0.4860, lr: 4.32e-04
     Epoch[1] Iteration[770/1240], entropy: 0.5881, loss: 0.5881, lr: 4.82e-04
     Epoch[1] Iteration[780/1240], entropy: 0.4443, loss: 0.4443, lr: 2.34e-04
     Epoch[1] Iteration[790/1240], entropy: 0.5081, loss: 0.5081, lr: 7.85e-06
     Epoch[1] Iteration[800/1240], entropy: 0.5919, loss: 0.5919, lr: 1.16e-04
     Epoch[1] Iteration[810/1240], entropy: 0.6661, loss: 0.6661, lr: 4.09e-04
     Epoch[1] Iteration[820/1240], entropy: 0.5125, loss: 0.5125, lr: 4.82e-04
     Epoch[1] Iteration[830/1240], entropy: 0.5810, loss: 0.5810, lr: 2.34e-04
     Epoch[1] Iteration[840/1240], entropy: 0.5223, loss: 0.5223, lr: 7.85e-06
     Epoch[1] Iteration[850/1240], entropy: 0.5125, loss: 0.5125, lr: 1.16e-04
     Epoch[1] Iteration[860/1240], entropy: 0.5136, loss: 0.5136, lr: 4.09e-04
     Epoch[1] Iteration[870/1240], entropy: 0.3628, loss: 0.3628, lr: 4.82e-04
     Epoch[1] Iteration[880/1240], entropy: 0.5425, loss: 0.5425, lr: 2.34e-04
     Epoch[1] Iteration[890/1240], entropy: 0.5666, loss: 0.5666, lr: 7.85e-06
     Epoch[1] Iteration[900/1240], entropy: 0.6415, loss: 0.6415, lr: 1.16e-04
     Epoch[1] Iteration[910/1240], entropy: 0.4793, loss: 0.4793, lr: 4.09e-04
     Epoch[1] Iteration[920/1240], entropy: 0.4128, loss: 0.4128, lr: 4.82e-04
     Epoch[1] Iteration[930/1240], entropy: 0.4939, loss: 0.4939, lr: 2.34e-04
     Epoch[1] Iteration[940/1240], entropy: 0.5381, loss: 0.5381, lr: 7.85e-06
     Epoch[1] Iteration[950/1240], entropy: 0.6358, loss: 0.6358, lr: 1.16e-04
     Epoch[1] Iteration[960/1240], entropy: 0.3248, loss: 0.3248, lr: 4.09e-04
     Epoch[1] Iteration[970/1240], entropy: 0.5654, loss: 0.5654, lr: 4.82e-04
     Epoch[1] Iteration[980/1240], entropy: 0.5964, loss: 0.5964, lr: 2.34e-04
     Epoch[1] Iteration[990/1240], entropy: 0.3603, loss: 0.3603, lr: 7.85e-06
     Epoch[1] Iteration[1000/1240], entropy: 0.6915, loss: 0.6915, lr: 1.16e-04
     Epoch[1] Iteration[1010/1240], entropy: 0.7426, loss: 0.7426, lr: 4.09e-04
     Epoch[1] Iteration[1020/1240], entropy: 0.6680, loss: 0.6680, lr: 4.82e-04
     Epoch[1] Iteration[1030/1240], entropy: 0.5821, loss: 0.5821, lr: 2.34e-04
     Epoch[1] Iteration[1040/1240], entropy: 0.4544, loss: 0.4544, lr: 7.85e-06
     Epoch[1] Iteration[1050/1240], entropy: 0.6192, loss: 0.6192, lr: 1.16e-04
     Epoch[1] Iteration[1060/1240], entropy: 0.5082, loss: 0.5082, lr: 4.09e-04
     Epoch[1] Iteration[1070/1240], entropy: 0.5623, loss: 0.5623, lr: 4.82e-04
     Epoch[1] Iteration[1080/1240], entropy: 0.6682, loss: 0.6682, lr: 2.34e-04
     Epoch[1] Iteration[1090/1240], entropy: 0.6829, loss: 0.6829, lr: 7.85e-06
     Epoch[1] Iteration[1100/1240], entropy: 0.4208, loss: 0.4208, lr: 1.16e-04
     Epoch[1] Iteration[1110/1240], entropy: 0.6332, loss: 0.6332, lr: 4.09e-04
     Epoch[1] Iteration[1120/1240], entropy: 0.3189, loss: 0.3189, lr: 4.82e-04
     Epoch[1] Iteration[1130/1240], entropy: 0.4927, loss: 0.4927, lr: 2.34e-04
     Epoch[1] Iteration[1140/1240], entropy: 0.6997, loss: 0.6997, lr: 7.85e-06
     Epoch[1] Iteration[1150/1240], entropy: 0.4829, loss: 0.4829, lr: 1.16e-04
     Epoch[1] Iteration[1160/1240], entropy: 0.5987, loss: 0.5987, lr: 4.09e-04
     Epoch[1] Iteration[1170/1240], entropy: 0.3850, loss: 0.3850, lr: 4.82e-04
     Epoch[1] Iteration[1180/1240], entropy: 0.7096, loss: 0.7096, lr: 2.66e-04
     Epoch[1] Iteration[1190/1240], entropy: 0.6614, loss: 0.6614, lr: 1.76e-05
     Epoch[1] Iteration[1200/1240], entropy: 0.5243, loss: 0.5243, lr: 9.06e-05
     Epoch[1] Iteration[1210/1240], entropy: 0.6072, loss: 0.6072, lr: 3.84e-04
     Epoch[1] Iteration[1220/1240], entropy: 0.4699, loss: 0.4699, lr: 4.92e-04
     Epoch[1] Iteration[1230/1240], entropy: 0.6155, loss: 0.6155, lr: 2.66e-04
     Epoch[1] Iteration[1240/1240], entropy: 0.5231, loss: 0.5231, lr: 1.76e-05
     Averaged stats: entropy: 0.5231, loss: 0.5231, lr: 1.76e-05
     itm tta time 0:03:25
### TTA Eval Score: 
+-------+--------+--------+--------+--------+-------+
| epoch |   R1   |   R5   |  R10   |  mAP   |  mINP |
+-------+--------+--------+--------+--------+-------+
|  -999 | 60.641 | 77.509 | 83.268 | 35.542 | 6.004 |
|   0   | 6.822  | 15.508 | 20.864 | 3.247  | 0.505 |
|   1   | 2.882  | 7.426  | 10.858 | 1.526  | 0.303 |
+-------+--------+--------+--------+--------+-------+
     logs:  {'epo': 1, 'R1': 2.882, 'R5': 7.426, 'R10': 10.858, 'mAP': 1.526, 'mINP': 0.303, 'entropy': 0.5863381294954207, 'loss': 0.5863381294954207, 'lr': 0.0002515962886027231}
     Epoch[2] Iteration[10/1240], entropy: 0.5393, loss: 0.5393, lr: 9.06e-05
     Epoch[2] Iteration[20/1240], entropy: 0.6377, loss: 0.6377, lr: 3.84e-04
     Epoch[2] Iteration[30/1240], entropy: 0.3774, loss: 0.3774, lr: 4.92e-04
     Epoch[2] Iteration[40/1240], entropy: 0.5145, loss: 0.5145, lr: 2.66e-04
     Epoch[2] Iteration[50/1240], entropy: 0.6868, loss: 0.6868, lr: 1.76e-05
     Epoch[2] Iteration[60/1240], entropy: 0.6947, loss: 0.6947, lr: 9.06e-05
     Epoch[2] Iteration[70/1240], entropy: 0.7478, loss: 0.7478, lr: 3.84e-04
     Epoch[2] Iteration[80/1240], entropy: 0.3636, loss: 0.3636, lr: 4.92e-04
     Epoch[2] Iteration[90/1240], entropy: 0.5510, loss: 0.5510, lr: 2.66e-04
     Epoch[2] Iteration[100/1240], entropy: 0.6493, loss: 0.6493, lr: 1.76e-05
     Epoch[2] Iteration[110/1240], entropy: 0.4755, loss: 0.4755, lr: 9.06e-05
     Epoch[2] Iteration[120/1240], entropy: 0.4753, loss: 0.4753, lr: 3.84e-04
     Epoch[2] Iteration[130/1240], entropy: 0.5937, loss: 0.5937, lr: 4.92e-04
     Epoch[2] Iteration[140/1240], entropy: 0.5835, loss: 0.5835, lr: 2.66e-04
     Epoch[2] Iteration[150/1240], entropy: 0.6162, loss: 0.6162, lr: 1.76e-05
     Epoch[2] Iteration[160/1240], entropy: 0.5161, loss: 0.5161, lr: 9.06e-05
     Epoch[2] Iteration[170/1240], entropy: 0.6449, loss: 0.6449, lr: 3.84e-04
     Epoch[2] Iteration[180/1240], entropy: 0.5290, loss: 0.5290, lr: 4.92e-04
     Epoch[2] Iteration[190/1240], entropy: 0.6786, loss: 0.6786, lr: 2.66e-04
     Epoch[2] Iteration[200/1240], entropy: 0.5956, loss: 0.5956, lr: 1.76e-05
     Epoch[2] Iteration[210/1240], entropy: 0.6099, loss: 0.6099, lr: 9.06e-05
     Epoch[2] Iteration[220/1240], entropy: 0.5253, loss: 0.5253, lr: 3.84e-04
     Epoch[2] Iteration[230/1240], entropy: 0.5751, loss: 0.5751, lr: 4.92e-04
     Epoch[2] Iteration[240/1240], entropy: 0.6324, loss: 0.6324, lr: 2.66e-04
     Epoch[2] Iteration[250/1240], entropy: 0.6925, loss: 0.6925, lr: 1.76e-05
     Epoch[2] Iteration[260/1240], entropy: 0.6200, loss: 0.6200, lr: 9.06e-05
     Epoch[2] Iteration[270/1240], entropy: 0.4400, loss: 0.4400, lr: 3.84e-04
     Epoch[2] Iteration[280/1240], entropy: 0.5867, loss: 0.5867, lr: 4.92e-04
     Epoch[2] Iteration[290/1240], entropy: 0.6405, loss: 0.6405, lr: 2.66e-04
     Epoch[2] Iteration[300/1240], entropy: 0.4790, loss: 0.4790, lr: 1.76e-05
     Epoch[2] Iteration[310/1240], entropy: 0.5858, loss: 0.5858, lr: 9.06e-05
     Epoch[2] Iteration[320/1240], entropy: 0.5891, loss: 0.5891, lr: 3.84e-04
     Epoch[2] Iteration[330/1240], entropy: 0.6354, loss: 0.6354, lr: 4.92e-04
     Epoch[2] Iteration[340/1240], entropy: 0.5793, loss: 0.5793, lr: 2.66e-04
     Epoch[2] Iteration[350/1240], entropy: 0.6778, loss: 0.6778, lr: 1.76e-05
     Epoch[2] Iteration[360/1240], entropy: 0.5800, loss: 0.5800, lr: 9.06e-05
     Epoch[2] Iteration[370/1240], entropy: 0.7664, loss: 0.7664, lr: 3.84e-04
     Epoch[2] Iteration[380/1240], entropy: 0.4121, loss: 0.4121, lr: 4.92e-04
     Epoch[2] Iteration[390/1240], entropy: 0.4963, loss: 0.4963, lr: 2.66e-04
     Epoch[2] Iteration[400/1240], entropy: 0.5877, loss: 0.5877, lr: 1.76e-05
     Epoch[2] Iteration[410/1240], entropy: 0.5488, loss: 0.5488, lr: 9.06e-05
     Epoch[2] Iteration[420/1240], entropy: 0.2258, loss: 0.2258, lr: 3.84e-04
     Epoch[2] Iteration[430/1240], entropy: 0.5640, loss: 0.5640, lr: 4.92e-04
     Epoch[2] Iteration[440/1240], entropy: 0.4197, loss: 0.4197, lr: 2.66e-04
     Epoch[2] Iteration[450/1240], entropy: 0.6228, loss: 0.6228, lr: 1.76e-05
     Epoch[2] Iteration[460/1240], entropy: 0.5640, loss: 0.5640, lr: 9.06e-05
     Epoch[2] Iteration[470/1240], entropy: 0.3192, loss: 0.3192, lr: 3.84e-04
     Epoch[2] Iteration[480/1240], entropy: 0.7658, loss: 0.7658, lr: 4.92e-04
     Epoch[2] Iteration[490/1240], entropy: 0.5866, loss: 0.5866, lr: 2.66e-04
     Epoch[2] Iteration[500/1240], entropy: 0.5600, loss: 0.5600, lr: 1.76e-05
     Epoch[2] Iteration[510/1240], entropy: 0.6703, loss: 0.6703, lr: 9.06e-05
     Epoch[2] Iteration[520/1240], entropy: 0.3833, loss: 0.3833, lr: 3.84e-04
     Epoch[2] Iteration[530/1240], entropy: 0.5372, loss: 0.5372, lr: 4.92e-04
     Epoch[2] Iteration[540/1240], entropy: 0.6196, loss: 0.6196, lr: 2.66e-04
     Epoch[2] Iteration[550/1240], entropy: 0.5522, loss: 0.5522, lr: 1.76e-05
     Epoch[2] Iteration[560/1240], entropy: 0.5315, loss: 0.5315, lr: 9.06e-05
     Epoch[2] Iteration[570/1240], entropy: 0.4494, loss: 0.4494, lr: 3.84e-04
     Epoch[2] Iteration[580/1240], entropy: 0.6334, loss: 0.6334, lr: 4.92e-04
     Epoch[2] Iteration[590/1240], entropy: 0.5158, loss: 0.5158, lr: 2.66e-04
     Epoch[2] Iteration[600/1240], entropy: 0.5471, loss: 0.5471, lr: 1.76e-05
     Epoch[2] Iteration[610/1240], entropy: 0.5620, loss: 0.5620, lr: 9.06e-05
     Epoch[2] Iteration[620/1240], entropy: 0.7022, loss: 0.7022, lr: 3.84e-04
     Epoch[2] Iteration[630/1240], entropy: 0.4534, loss: 0.4534, lr: 4.92e-04
     Epoch[2] Iteration[640/1240], entropy: 0.4865, loss: 0.4865, lr: 2.66e-04
     Epoch[2] Iteration[650/1240], entropy: 0.6264, loss: 0.6264, lr: 1.76e-05
     Epoch[2] Iteration[660/1240], entropy: 0.3740, loss: 0.3740, lr: 9.06e-05
     Epoch[2] Iteration[670/1240], entropy: 0.7059, loss: 0.7059, lr: 3.84e-04
     Epoch[2] Iteration[680/1240], entropy: 0.5391, loss: 0.5391, lr: 4.92e-04
     Epoch[2] Iteration[690/1240], entropy: 0.6005, loss: 0.6005, lr: 2.66e-04
     Epoch[2] Iteration[700/1240], entropy: 0.5666, loss: 0.5666, lr: 1.76e-05
     Epoch[2] Iteration[710/1240], entropy: 0.4815, loss: 0.4815, lr: 9.06e-05
     Epoch[2] Iteration[720/1240], entropy: 0.6869, loss: 0.6869, lr: 3.84e-04
     Epoch[2] Iteration[730/1240], entropy: 0.6637, loss: 0.6637, lr: 4.92e-04
     Epoch[2] Iteration[740/1240], entropy: 0.6071, loss: 0.6071, lr: 2.66e-04
     Epoch[2] Iteration[750/1240], entropy: 0.5262, loss: 0.5262, lr: 1.76e-05
     Epoch[2] Iteration[760/1240], entropy: 0.8083, loss: 0.8083, lr: 9.06e-05
     Epoch[2] Iteration[770/1240], entropy: 0.6341, loss: 0.6341, lr: 3.84e-04
     Epoch[2] Iteration[780/1240], entropy: 0.5821, loss: 0.5821, lr: 4.92e-04
     Epoch[2] Iteration[790/1240], entropy: 0.7354, loss: 0.7354, lr: 2.66e-04
     Epoch[2] Iteration[800/1240], entropy: 0.7068, loss: 0.7068, lr: 1.76e-05
     Epoch[2] Iteration[810/1240], entropy: 0.3719, loss: 0.3719, lr: 9.06e-05
     Epoch[2] Iteration[820/1240], entropy: 0.5031, loss: 0.5031, lr: 3.84e-04
     Epoch[2] Iteration[830/1240], entropy: 0.7369, loss: 0.7369, lr: 4.92e-04
     Epoch[2] Iteration[840/1240], entropy: 0.6907, loss: 0.6907, lr: 2.66e-04
     Epoch[2] Iteration[850/1240], entropy: 0.5777, loss: 0.5777, lr: 1.76e-05
     Epoch[2] Iteration[860/1240], entropy: 0.6078, loss: 0.6078, lr: 9.06e-05
     Epoch[2] Iteration[870/1240], entropy: 0.6683, loss: 0.6683, lr: 3.84e-04
     Epoch[2] Iteration[880/1240], entropy: 0.7982, loss: 0.7982, lr: 4.92e-04
     Epoch[2] Iteration[890/1240], entropy: 0.6533, loss: 0.6533, lr: 2.66e-04
     Epoch[2] Iteration[900/1240], entropy: 0.4886, loss: 0.4886, lr: 1.76e-05
     Epoch[2] Iteration[910/1240], entropy: 0.6524, loss: 0.6524, lr: 9.06e-05
     Epoch[2] Iteration[920/1240], entropy: 0.6263, loss: 0.6263, lr: 3.84e-04
     Epoch[2] Iteration[930/1240], entropy: 0.6389, loss: 0.6389, lr: 4.92e-04
     Epoch[2] Iteration[940/1240], entropy: 0.5374, loss: 0.5374, lr: 2.66e-04
     Epoch[2] Iteration[950/1240], entropy: 0.5260, loss: 0.5260, lr: 1.76e-05
     Epoch[2] Iteration[960/1240], entropy: 0.6350, loss: 0.6350, lr: 9.06e-05
     Epoch[2] Iteration[970/1240], entropy: 0.5196, loss: 0.5196, lr: 3.84e-04
     Epoch[2] Iteration[980/1240], entropy: 0.7758, loss: 0.7758, lr: 4.92e-04
     Epoch[2] Iteration[990/1240], entropy: 0.4188, loss: 0.4188, lr: 2.66e-04
     Epoch[2] Iteration[1000/1240], entropy: 0.4004, loss: 0.4004, lr: 1.76e-05
     Epoch[2] Iteration[1010/1240], entropy: 0.5700, loss: 0.5700, lr: 9.06e-05
     Epoch[2] Iteration[1020/1240], entropy: 0.5609, loss: 0.5609, lr: 3.84e-04
     Epoch[2] Iteration[1030/1240], entropy: 0.5589, loss: 0.5589, lr: 4.92e-04
     Epoch[2] Iteration[1040/1240], entropy: 0.4394, loss: 0.4394, lr: 2.66e-04
     Epoch[2] Iteration[1050/1240], entropy: 0.5455, loss: 0.5455, lr: 1.76e-05
     Epoch[2] Iteration[1060/1240], entropy: 0.4736, loss: 0.4736, lr: 9.06e-05
     Epoch[2] Iteration[1070/1240], entropy: 0.4830, loss: 0.4830, lr: 3.84e-04
     Epoch[2] Iteration[1080/1240], entropy: 0.5296, loss: 0.5296, lr: 4.92e-04
     Epoch[2] Iteration[1090/1240], entropy: 0.5075, loss: 0.5075, lr: 2.66e-04
     Epoch[2] Iteration[1100/1240], entropy: 0.8043, loss: 0.8043, lr: 1.76e-05
     Epoch[2] Iteration[1110/1240], entropy: 0.5623, loss: 0.5623, lr: 9.06e-05
     Epoch[2] Iteration[1120/1240], entropy: 0.3286, loss: 0.3286, lr: 3.84e-04
     Epoch[2] Iteration[1130/1240], entropy: 0.4547, loss: 0.4547, lr: 4.92e-04
     Epoch[2] Iteration[1140/1240], entropy: 0.6654, loss: 0.6654, lr: 2.66e-04
     Epoch[2] Iteration[1150/1240], entropy: 0.6184, loss: 0.6184, lr: 1.76e-05
     Epoch[2] Iteration[1160/1240], entropy: 0.4843, loss: 0.4843, lr: 9.06e-05
     Epoch[2] Iteration[1170/1240], entropy: 0.5516, loss: 0.5516, lr: 3.84e-04
     Epoch[2] Iteration[1180/1240], entropy: 0.6497, loss: 0.6497, lr: 4.92e-04
     Epoch[2] Iteration[1190/1240], entropy: 0.6159, loss: 0.6159, lr: 2.66e-04
     Epoch[2] Iteration[1200/1240], entropy: 0.3750, loss: 0.3750, lr: 1.76e-05
     Epoch[2] Iteration[1210/1240], entropy: 0.5183, loss: 0.5183, lr: 9.06e-05
     Epoch[2] Iteration[1220/1240], entropy: 0.5070, loss: 0.5070, lr: 3.84e-04
     Epoch[2] Iteration[1230/1240], entropy: 0.4741, loss: 0.4741, lr: 4.92e-04
     Epoch[2] Iteration[1240/1240], entropy: 0.5779, loss: 0.5779, lr: 2.66e-04
     Averaged stats: entropy: 0.5779, loss: 0.5779, lr: 2.66e-04
     itm tta time 0:03:25
### TTA Eval Score: 
+-------+--------+--------+--------+--------+-------+
| epoch |   R1   |   R5   |  R10   |  mAP   |  mINP |
+-------+--------+--------+--------+--------+-------+
|  -999 | 60.641 | 77.509 | 83.268 | 35.542 | 6.004 |
|   0   | 6.822  | 15.508 | 20.864 | 3.247  | 0.505 |
|   1   | 2.882  | 7.426  | 10.858 | 1.526  | 0.303 |
|   2   | 1.642  | 4.993  | 7.895  | 1.068  | 0.248 |
+-------+--------+--------+--------+--------+-------+
     logs:  {'epo': 2, 'R1': 1.642, 'R5': 4.993, 'R10': 7.895, 'mAP': 1.068, 'mINP': 0.248, 'entropy': 0.568788950962405, 'loss': 0.568788950962405, 'lr': 0.00025187454936671187}
     Epoch[3] Iteration[10/1240], entropy: 0.5430, loss: 0.5430, lr: 1.76e-05
     Epoch[3] Iteration[20/1240], entropy: 0.7176, loss: 0.7176, lr: 9.06e-05
     Epoch[3] Iteration[30/1240], entropy: 0.6009, loss: 0.6009, lr: 3.84e-04
     Epoch[3] Iteration[40/1240], entropy: 0.5541, loss: 0.5541, lr: 4.92e-04
     Epoch[3] Iteration[50/1240], entropy: 0.5728, loss: 0.5728, lr: 2.66e-04
     Epoch[3] Iteration[60/1240], entropy: 0.6743, loss: 0.6743, lr: 1.76e-05
     Epoch[3] Iteration[70/1240], entropy: 0.4726, loss: 0.4726, lr: 9.06e-05
     Epoch[3] Iteration[80/1240], entropy: 0.4796, loss: 0.4796, lr: 3.84e-04
     Epoch[3] Iteration[90/1240], entropy: 0.7416, loss: 0.7416, lr: 4.92e-04
     Epoch[3] Iteration[100/1240], entropy: 0.5726, loss: 0.5726, lr: 2.66e-04
     Epoch[3] Iteration[110/1240], entropy: 0.5661, loss: 0.5661, lr: 1.76e-05
     Epoch[3] Iteration[120/1240], entropy: 0.4827, loss: 0.4827, lr: 9.06e-05
     Epoch[3] Iteration[130/1240], entropy: 0.6707, loss: 0.6707, lr: 3.84e-04
     Epoch[3] Iteration[140/1240], entropy: 0.4504, loss: 0.4504, lr: 4.92e-04
     Epoch[3] Iteration[150/1240], entropy: 0.3742, loss: 0.3742, lr: 2.66e-04
     Epoch[3] Iteration[160/1240], entropy: 0.6221, loss: 0.6221, lr: 1.76e-05
     Epoch[3] Iteration[170/1240], entropy: 0.3829, loss: 0.3829, lr: 9.06e-05
     Epoch[3] Iteration[180/1240], entropy: 0.5748, loss: 0.5748, lr: 3.84e-04
     Epoch[3] Iteration[190/1240], entropy: 0.4475, loss: 0.4475, lr: 4.92e-04
     Epoch[3] Iteration[200/1240], entropy: 0.6801, loss: 0.6801, lr: 2.66e-04
     Epoch[3] Iteration[210/1240], entropy: 0.3558, loss: 0.3558, lr: 1.76e-05
     Epoch[3] Iteration[220/1240], entropy: 0.4927, loss: 0.4927, lr: 9.06e-05
     Epoch[3] Iteration[230/1240], entropy: 0.6574, loss: 0.6574, lr: 3.84e-04
     Epoch[3] Iteration[240/1240], entropy: 0.6284, loss: 0.6284, lr: 4.92e-04
     Epoch[3] Iteration[250/1240], entropy: 0.4763, loss: 0.4763, lr: 2.66e-04
     Epoch[3] Iteration[260/1240], entropy: 0.6657, loss: 0.6657, lr: 1.76e-05
     Epoch[3] Iteration[270/1240], entropy: 0.6677, loss: 0.6677, lr: 9.06e-05
     Epoch[3] Iteration[280/1240], entropy: 0.4548, loss: 0.4548, lr: 3.84e-04
     Epoch[3] Iteration[290/1240], entropy: 0.7216, loss: 0.7216, lr: 4.92e-04
     Epoch[3] Iteration[300/1240], entropy: 0.3389, loss: 0.3389, lr: 2.66e-04
     Epoch[3] Iteration[310/1240], entropy: 0.2909, loss: 0.2909, lr: 1.76e-05
     Epoch[3] Iteration[320/1240], entropy: 0.8258, loss: 0.8258, lr: 9.06e-05
     Epoch[3] Iteration[330/1240], entropy: 0.4891, loss: 0.4891, lr: 3.84e-04
     Epoch[3] Iteration[340/1240], entropy: 0.6285, loss: 0.6285, lr: 4.92e-04
     Epoch[3] Iteration[350/1240], entropy: 0.5933, loss: 0.5933, lr: 2.66e-04
     Epoch[3] Iteration[360/1240], entropy: 0.3657, loss: 0.3657, lr: 1.76e-05
     Epoch[3] Iteration[370/1240], entropy: 0.4529, loss: 0.4529, lr: 9.06e-05
     Epoch[3] Iteration[380/1240], entropy: 0.6523, loss: 0.6523, lr: 3.84e-04
     Epoch[3] Iteration[390/1240], entropy: 0.7109, loss: 0.7109, lr: 4.92e-04
     Epoch[3] Iteration[400/1240], entropy: 0.3819, loss: 0.3819, lr: 2.66e-04
     Epoch[3] Iteration[410/1240], entropy: 0.7030, loss: 0.7030, lr: 1.76e-05
     Epoch[3] Iteration[420/1240], entropy: 0.6093, loss: 0.6093, lr: 9.06e-05
     Epoch[3] Iteration[430/1240], entropy: 0.4963, loss: 0.4963, lr: 3.84e-04
     Epoch[3] Iteration[440/1240], entropy: 0.5712, loss: 0.5712, lr: 4.92e-04
     Epoch[3] Iteration[450/1240], entropy: 0.3627, loss: 0.3627, lr: 2.66e-04
     Epoch[3] Iteration[460/1240], entropy: 0.6530, loss: 0.6530, lr: 1.76e-05
     Epoch[3] Iteration[470/1240], entropy: 0.5419, loss: 0.5419, lr: 9.06e-05
     Epoch[3] Iteration[480/1240], entropy: 0.7416, loss: 0.7416, lr: 3.84e-04
     Epoch[3] Iteration[490/1240], entropy: 0.6150, loss: 0.6150, lr: 4.92e-04
     Epoch[3] Iteration[500/1240], entropy: 0.7497, loss: 0.7497, lr: 2.66e-04
     Epoch[3] Iteration[510/1240], entropy: 0.5302, loss: 0.5302, lr: 1.76e-05
     Epoch[3] Iteration[520/1240], entropy: 0.5951, loss: 0.5951, lr: 9.06e-05
     Epoch[3] Iteration[530/1240], entropy: 0.6411, loss: 0.6411, lr: 3.84e-04
     Epoch[3] Iteration[540/1240], entropy: 0.6566, loss: 0.6566, lr: 4.92e-04
     Epoch[3] Iteration[550/1240], entropy: 0.4332, loss: 0.4332, lr: 2.66e-04
     Epoch[3] Iteration[560/1240], entropy: 0.6818, loss: 0.6818, lr: 1.76e-05
     Epoch[3] Iteration[570/1240], entropy: 0.6657, loss: 0.6657, lr: 9.06e-05
     Epoch[3] Iteration[580/1240], entropy: 0.5312, loss: 0.5312, lr: 3.84e-04
     Epoch[3] Iteration[590/1240], entropy: 0.3917, loss: 0.3917, lr: 4.92e-04
     Epoch[3] Iteration[600/1240], entropy: 0.4372, loss: 0.4372, lr: 2.66e-04
     Epoch[3] Iteration[610/1240], entropy: 0.5420, loss: 0.5420, lr: 1.76e-05
     Epoch[3] Iteration[620/1240], entropy: 0.4729, loss: 0.4729, lr: 9.06e-05
     Epoch[3] Iteration[630/1240], entropy: 0.4162, loss: 0.4162, lr: 3.84e-04
     Epoch[3] Iteration[640/1240], entropy: 0.4035, loss: 0.4035, lr: 4.92e-04
     Epoch[3] Iteration[650/1240], entropy: 0.6774, loss: 0.6774, lr: 2.66e-04
     Epoch[3] Iteration[660/1240], entropy: 0.4689, loss: 0.4689, lr: 1.76e-05
     Epoch[3] Iteration[670/1240], entropy: 0.6560, loss: 0.6560, lr: 9.06e-05
     Epoch[3] Iteration[680/1240], entropy: 0.5066, loss: 0.5066, lr: 3.84e-04
     Epoch[3] Iteration[690/1240], entropy: 0.5190, loss: 0.5190, lr: 4.92e-04
     Epoch[3] Iteration[700/1240], entropy: 0.9166, loss: 0.9166, lr: 2.66e-04
     Epoch[3] Iteration[710/1240], entropy: 0.4401, loss: 0.4401, lr: 1.76e-05
     Epoch[3] Iteration[720/1240], entropy: 0.5266, loss: 0.5266, lr: 9.06e-05
     Epoch[3] Iteration[730/1240], entropy: 0.5412, loss: 0.5412, lr: 3.84e-04
     Epoch[3] Iteration[740/1240], entropy: 0.4326, loss: 0.4326, lr: 4.92e-04
     Epoch[3] Iteration[750/1240], entropy: 0.6463, loss: 0.6463, lr: 2.66e-04
     Epoch[3] Iteration[760/1240], entropy: 0.3215, loss: 0.3215, lr: 1.76e-05
     Epoch[3] Iteration[770/1240], entropy: 0.6994, loss: 0.6994, lr: 9.06e-05
     Epoch[3] Iteration[780/1240], entropy: 0.4884, loss: 0.4884, lr: 3.84e-04
     Epoch[3] Iteration[790/1240], entropy: 0.5556, loss: 0.5556, lr: 4.92e-04
     Epoch[3] Iteration[800/1240], entropy: 0.4959, loss: 0.4959, lr: 2.66e-04
     Epoch[3] Iteration[810/1240], entropy: 0.3473, loss: 0.3473, lr: 1.76e-05
     Epoch[3] Iteration[820/1240], entropy: 0.5681, loss: 0.5681, lr: 9.06e-05
     Epoch[3] Iteration[830/1240], entropy: 0.6185, loss: 0.6185, lr: 3.84e-04
     Epoch[3] Iteration[840/1240], entropy: 0.4613, loss: 0.4613, lr: 4.92e-04
     Epoch[3] Iteration[850/1240], entropy: 0.5273, loss: 0.5273, lr: 2.66e-04
     Epoch[3] Iteration[860/1240], entropy: 0.5114, loss: 0.5114, lr: 1.76e-05
     Epoch[3] Iteration[870/1240], entropy: 0.3881, loss: 0.3881, lr: 9.06e-05
     Epoch[3] Iteration[880/1240], entropy: 0.3104, loss: 0.3104, lr: 3.84e-04
     Epoch[3] Iteration[890/1240], entropy: 0.4601, loss: 0.4601, lr: 4.92e-04
     Epoch[3] Iteration[900/1240], entropy: 0.4292, loss: 0.4292, lr: 2.66e-04
     Epoch[3] Iteration[910/1240], entropy: 0.5965, loss: 0.5965, lr: 1.76e-05
     Epoch[3] Iteration[920/1240], entropy: 0.5211, loss: 0.5211, lr: 9.06e-05
     Epoch[3] Iteration[930/1240], entropy: 0.4994, loss: 0.4994, lr: 3.84e-04
     Epoch[3] Iteration[940/1240], entropy: 0.5359, loss: 0.5359, lr: 4.92e-04
     Epoch[3] Iteration[950/1240], entropy: 0.6336, loss: 0.6336, lr: 2.66e-04
     Epoch[3] Iteration[960/1240], entropy: 0.5198, loss: 0.5198, lr: 1.76e-05
     Epoch[3] Iteration[970/1240], entropy: 0.8052, loss: 0.8052, lr: 9.06e-05
     Epoch[3] Iteration[980/1240], entropy: 0.5614, loss: 0.5614, lr: 3.84e-04
     Epoch[3] Iteration[990/1240], entropy: 0.6190, loss: 0.6190, lr: 4.92e-04
     Epoch[3] Iteration[1000/1240], entropy: 0.3399, loss: 0.3399, lr: 2.66e-04
     Epoch[3] Iteration[1010/1240], entropy: 0.6823, loss: 0.6823, lr: 1.76e-05
     Epoch[3] Iteration[1020/1240], entropy: 0.6778, loss: 0.6778, lr: 9.06e-05
     Epoch[3] Iteration[1030/1240], entropy: 0.6212, loss: 0.6212, lr: 3.84e-04
     Epoch[3] Iteration[1040/1240], entropy: 0.3893, loss: 0.3893, lr: 4.92e-04
     Epoch[3] Iteration[1050/1240], entropy: 0.5218, loss: 0.5218, lr: 2.66e-04
     Epoch[3] Iteration[1060/1240], entropy: 0.5268, loss: 0.5268, lr: 1.76e-05
     Epoch[3] Iteration[1070/1240], entropy: 0.5035, loss: 0.5035, lr: 9.06e-05
     Epoch[3] Iteration[1080/1240], entropy: 0.4631, loss: 0.4631, lr: 3.84e-04
     Epoch[3] Iteration[1090/1240], entropy: 0.6819, loss: 0.6819, lr: 4.92e-04
     Epoch[3] Iteration[1100/1240], entropy: 0.6548, loss: 0.6548, lr: 2.66e-04
     Epoch[3] Iteration[1110/1240], entropy: 0.5006, loss: 0.5006, lr: 1.76e-05
     Epoch[3] Iteration[1120/1240], entropy: 0.2334, loss: 0.2334, lr: 9.06e-05
     Epoch[3] Iteration[1130/1240], entropy: 0.2593, loss: 0.2593, lr: 3.84e-04
     Epoch[3] Iteration[1140/1240], entropy: 0.5382, loss: 0.5382, lr: 4.92e-04
     Epoch[3] Iteration[1150/1240], entropy: 0.6234, loss: 0.6234, lr: 2.66e-04
     Epoch[3] Iteration[1160/1240], entropy: 0.4079, loss: 0.4079, lr: 1.76e-05
     Epoch[3] Iteration[1170/1240], entropy: 0.5013, loss: 0.5013, lr: 9.06e-05
     Epoch[3] Iteration[1180/1240], entropy: 0.5916, loss: 0.5916, lr: 3.84e-04
     Epoch[3] Iteration[1190/1240], entropy: 0.4617, loss: 0.4617, lr: 4.92e-04
     Epoch[3] Iteration[1200/1240], entropy: 0.5732, loss: 0.5732, lr: 2.66e-04
     Epoch[3] Iteration[1210/1240], entropy: 0.6169, loss: 0.6169, lr: 1.76e-05
     Epoch[3] Iteration[1220/1240], entropy: 0.4240, loss: 0.4240, lr: 9.06e-05
     Epoch[3] Iteration[1230/1240], entropy: 0.4268, loss: 0.4268, lr: 3.84e-04
     Epoch[3] Iteration[1240/1240], entropy: 0.5306, loss: 0.5306, lr: 4.92e-04
     Averaged stats: entropy: 0.5306, loss: 0.5306, lr: 4.92e-04
     itm tta time 0:03:25
### TTA Eval Score: 
+-------+--------+--------+--------+--------+-------+
| epoch |   R1   |   R5   |  R10   |  mAP   |  mINP |
+-------+--------+--------+--------+--------+-------+
|  -999 | 60.641 | 77.509 | 83.268 | 35.542 | 6.004 |
|   0   | 6.822  | 15.508 | 20.864 | 3.247  | 0.505 |
|   1   | 2.882  | 7.426  | 10.858 | 1.526  | 0.303 |
|   2   | 1.642  | 4.993  | 7.895  | 1.068  | 0.248 |
|   3   | 1.134  | 3.602  | 6.142  | 0.825  | 0.218 |
+-------+--------+--------+--------+--------+-------+
     logs:  {'epo': 3, 'R1': 1.134, 'R5': 3.602, 'R10': 6.142, 'mAP': 0.825, 'mINP': 0.218, 'entropy': 0.5405620616530219, 'loss': 0.5405620616530219, 'lr': 0.00024987340621062884}
     Epoch[4] Iteration[10/1240], entropy: 0.5366, loss: 0.5366, lr: 2.66e-04
     Epoch[4] Iteration[20/1240], entropy: 0.5137, loss: 0.5137, lr: 1.76e-05
     Epoch[4] Iteration[30/1240], entropy: 0.5918, loss: 0.5918, lr: 9.06e-05
     Epoch[4] Iteration[40/1240], entropy: 0.3590, loss: 0.3590, lr: 3.56e-04
     Epoch[4] Iteration[50/1240], entropy: 0.6905, loss: 0.6905, lr: 4.98e-04
     Epoch[4] Iteration[60/1240], entropy: 0.5967, loss: 0.5967, lr: 2.97e-04
     Epoch[4] Iteration[70/1240], entropy: 0.6806, loss: 0.6806, lr: 3.09e-05
     Epoch[4] Iteration[80/1240], entropy: 0.5177, loss: 0.5177, lr: 6.78e-05
     Epoch[4] Iteration[90/1240], entropy: 0.4950, loss: 0.4950, lr: 3.56e-04
     Epoch[4] Iteration[100/1240], entropy: 0.5940, loss: 0.5940, lr: 4.98e-04
     Epoch[4] Iteration[110/1240], entropy: 0.6045, loss: 0.6045, lr: 2.97e-04
     Epoch[4] Iteration[120/1240], entropy: 0.5193, loss: 0.5193, lr: 3.09e-05
     Epoch[4] Iteration[130/1240], entropy: 0.4635, loss: 0.4635, lr: 6.78e-05
     Epoch[4] Iteration[140/1240], entropy: 0.4358, loss: 0.4358, lr: 3.56e-04
     Epoch[4] Iteration[150/1240], entropy: 0.3284, loss: 0.3284, lr: 4.98e-04
     Epoch[4] Iteration[160/1240], entropy: 0.3771, loss: 0.3771, lr: 2.97e-04
     Epoch[4] Iteration[170/1240], entropy: 0.4676, loss: 0.4676, lr: 3.09e-05
     Epoch[4] Iteration[180/1240], entropy: 0.7686, loss: 0.7686, lr: 6.78e-05
     Epoch[4] Iteration[190/1240], entropy: 0.4860, loss: 0.4860, lr: 3.56e-04
     Epoch[4] Iteration[200/1240], entropy: 0.4601, loss: 0.4601, lr: 4.98e-04
     Epoch[4] Iteration[210/1240], entropy: 0.5263, loss: 0.5263, lr: 2.97e-04
     Epoch[4] Iteration[220/1240], entropy: 0.6230, loss: 0.6230, lr: 3.09e-05
     Epoch[4] Iteration[230/1240], entropy: 0.5991, loss: 0.5991, lr: 6.78e-05
     Epoch[4] Iteration[240/1240], entropy: 0.6735, loss: 0.6735, lr: 3.56e-04
     Epoch[4] Iteration[250/1240], entropy: 0.4871, loss: 0.4871, lr: 4.98e-04
     Epoch[4] Iteration[260/1240], entropy: 0.5258, loss: 0.5258, lr: 2.97e-04
     Epoch[4] Iteration[270/1240], entropy: 0.2935, loss: 0.2935, lr: 3.09e-05
     Epoch[4] Iteration[280/1240], entropy: 0.4268, loss: 0.4268, lr: 6.78e-05
     Epoch[4] Iteration[290/1240], entropy: 0.3666, loss: 0.3666, lr: 3.56e-04
     Epoch[4] Iteration[300/1240], entropy: 0.5744, loss: 0.5744, lr: 4.98e-04
     Epoch[4] Iteration[310/1240], entropy: 0.6882, loss: 0.6882, lr: 2.97e-04
     Epoch[4] Iteration[320/1240], entropy: 0.4234, loss: 0.4234, lr: 3.09e-05
     Epoch[4] Iteration[330/1240], entropy: 0.6224, loss: 0.6224, lr: 6.78e-05
     Epoch[4] Iteration[340/1240], entropy: 0.4810, loss: 0.4810, lr: 3.56e-04
     Epoch[4] Iteration[350/1240], entropy: 0.4859, loss: 0.4859, lr: 4.98e-04
     Epoch[4] Iteration[360/1240], entropy: 0.5638, loss: 0.5638, lr: 2.97e-04
     Epoch[4] Iteration[370/1240], entropy: 0.6302, loss: 0.6302, lr: 3.09e-05
     Epoch[4] Iteration[380/1240], entropy: 0.5159, loss: 0.5159, lr: 6.78e-05
     Epoch[4] Iteration[390/1240], entropy: 0.6457, loss: 0.6457, lr: 3.56e-04
     Epoch[4] Iteration[400/1240], entropy: 0.3929, loss: 0.3929, lr: 4.98e-04
     Epoch[4] Iteration[410/1240], entropy: 0.5201, loss: 0.5201, lr: 2.97e-04
     Epoch[4] Iteration[420/1240], entropy: 0.3716, loss: 0.3716, lr: 3.09e-05
     Epoch[4] Iteration[430/1240], entropy: 0.6788, loss: 0.6788, lr: 6.78e-05
     Epoch[4] Iteration[440/1240], entropy: 0.5033, loss: 0.5033, lr: 3.56e-04
     Epoch[4] Iteration[450/1240], entropy: 0.4962, loss: 0.4962, lr: 4.98e-04
     Epoch[4] Iteration[460/1240], entropy: 0.7328, loss: 0.7328, lr: 2.97e-04
     Epoch[4] Iteration[470/1240], entropy: 0.4700, loss: 0.4700, lr: 3.09e-05
     Epoch[4] Iteration[480/1240], entropy: 0.4689, loss: 0.4689, lr: 6.78e-05
     Epoch[4] Iteration[490/1240], entropy: 0.3607, loss: 0.3607, lr: 3.56e-04
     Epoch[4] Iteration[500/1240], entropy: 0.6106, loss: 0.6106, lr: 4.98e-04
     Epoch[4] Iteration[510/1240], entropy: 0.5494, loss: 0.5494, lr: 2.97e-04
     Epoch[4] Iteration[520/1240], entropy: 0.7206, loss: 0.7206, lr: 3.09e-05
     Epoch[4] Iteration[530/1240], entropy: 0.5373, loss: 0.5373, lr: 6.78e-05
     Epoch[4] Iteration[540/1240], entropy: 0.4812, loss: 0.4812, lr: 3.56e-04
     Epoch[4] Iteration[550/1240], entropy: 0.5985, loss: 0.5985, lr: 4.98e-04
     Epoch[4] Iteration[560/1240], entropy: 0.2999, loss: 0.2999, lr: 2.97e-04
     Epoch[4] Iteration[570/1240], entropy: 0.7494, loss: 0.7494, lr: 3.09e-05
     Epoch[4] Iteration[580/1240], entropy: 0.4236, loss: 0.4236, lr: 6.78e-05
     Epoch[4] Iteration[590/1240], entropy: 0.4099, loss: 0.4099, lr: 3.56e-04
     Epoch[4] Iteration[600/1240], entropy: 0.3617, loss: 0.3617, lr: 4.98e-04
     Epoch[4] Iteration[610/1240], entropy: 0.5126, loss: 0.5126, lr: 2.97e-04
     Epoch[4] Iteration[620/1240], entropy: 0.5013, loss: 0.5013, lr: 3.09e-05
     Epoch[4] Iteration[630/1240], entropy: 0.5734, loss: 0.5734, lr: 6.78e-05
     Epoch[4] Iteration[640/1240], entropy: 0.6717, loss: 0.6717, lr: 3.56e-04
     Epoch[4] Iteration[650/1240], entropy: 0.5074, loss: 0.5074, lr: 4.98e-04
     Epoch[4] Iteration[660/1240], entropy: 0.6326, loss: 0.6326, lr: 2.97e-04
     Epoch[4] Iteration[670/1240], entropy: 0.4628, loss: 0.4628, lr: 3.09e-05
     Epoch[4] Iteration[680/1240], entropy: 0.6472, loss: 0.6472, lr: 6.78e-05
     Epoch[4] Iteration[690/1240], entropy: 0.5842, loss: 0.5842, lr: 3.56e-04
     Epoch[4] Iteration[700/1240], entropy: 0.4249, loss: 0.4249, lr: 4.98e-04
     Epoch[4] Iteration[710/1240], entropy: 0.6517, loss: 0.6517, lr: 2.97e-04
     Epoch[4] Iteration[720/1240], entropy: 0.3988, loss: 0.3988, lr: 3.09e-05
     Epoch[4] Iteration[730/1240], entropy: 0.4112, loss: 0.4112, lr: 6.78e-05
     Epoch[4] Iteration[740/1240], entropy: 0.4435, loss: 0.4435, lr: 3.56e-04
     Epoch[4] Iteration[750/1240], entropy: 0.6073, loss: 0.6073, lr: 4.98e-04
     Epoch[4] Iteration[760/1240], entropy: 0.6234, loss: 0.6234, lr: 2.97e-04
     Epoch[4] Iteration[770/1240], entropy: 0.4560, loss: 0.4560, lr: 3.09e-05
     Epoch[4] Iteration[780/1240], entropy: 0.4195, loss: 0.4195, lr: 6.78e-05
     Epoch[4] Iteration[790/1240], entropy: 0.5528, loss: 0.5528, lr: 3.56e-04
     Epoch[4] Iteration[800/1240], entropy: 0.4084, loss: 0.4084, lr: 4.98e-04
     Epoch[4] Iteration[810/1240], entropy: 0.5922, loss: 0.5922, lr: 2.97e-04
     Epoch[4] Iteration[820/1240], entropy: 0.2296, loss: 0.2296, lr: 3.09e-05
     Epoch[4] Iteration[830/1240], entropy: 0.6732, loss: 0.6732, lr: 6.78e-05
     Epoch[4] Iteration[840/1240], entropy: 0.4425, loss: 0.4425, lr: 3.56e-04
     Epoch[4] Iteration[850/1240], entropy: 0.5621, loss: 0.5621, lr: 4.98e-04
     Epoch[4] Iteration[860/1240], entropy: 0.4508, loss: 0.4508, lr: 2.97e-04
     Epoch[4] Iteration[870/1240], entropy: 0.5480, loss: 0.5480, lr: 3.09e-05
     Epoch[4] Iteration[880/1240], entropy: 0.3860, loss: 0.3860, lr: 6.78e-05
     Epoch[4] Iteration[890/1240], entropy: 0.4775, loss: 0.4775, lr: 3.56e-04
     Epoch[4] Iteration[900/1240], entropy: 0.7399, loss: 0.7399, lr: 4.98e-04
     Epoch[4] Iteration[910/1240], entropy: 0.6048, loss: 0.6048, lr: 2.97e-04
     Epoch[4] Iteration[920/1240], entropy: 0.5866, loss: 0.5866, lr: 3.09e-05
     Epoch[4] Iteration[930/1240], entropy: 0.4238, loss: 0.4238, lr: 6.78e-05
     Epoch[4] Iteration[940/1240], entropy: 0.6385, loss: 0.6385, lr: 3.56e-04
     Epoch[4] Iteration[950/1240], entropy: 0.4990, loss: 0.4990, lr: 4.98e-04
     Epoch[4] Iteration[960/1240], entropy: 0.6684, loss: 0.6684, lr: 2.97e-04
     Epoch[4] Iteration[970/1240], entropy: 0.4424, loss: 0.4424, lr: 3.09e-05
     Epoch[4] Iteration[980/1240], entropy: 0.6211, loss: 0.6211, lr: 6.78e-05
     Epoch[4] Iteration[990/1240], entropy: 0.2130, loss: 0.2130, lr: 3.56e-04
     Epoch[4] Iteration[1000/1240], entropy: 0.3861, loss: 0.3861, lr: 4.98e-04
     Epoch[4] Iteration[1010/1240], entropy: 0.7678, loss: 0.7678, lr: 2.97e-04
     Epoch[4] Iteration[1020/1240], entropy: 0.5810, loss: 0.5810, lr: 3.09e-05
     Epoch[4] Iteration[1030/1240], entropy: 0.4881, loss: 0.4881, lr: 6.78e-05
     Epoch[4] Iteration[1040/1240], entropy: 0.7230, loss: 0.7230, lr: 3.56e-04
     Epoch[4] Iteration[1050/1240], entropy: 0.5015, loss: 0.5015, lr: 4.98e-04
     Epoch[4] Iteration[1060/1240], entropy: 0.5139, loss: 0.5139, lr: 2.97e-04
     Epoch[4] Iteration[1070/1240], entropy: 0.6633, loss: 0.6633, lr: 3.09e-05
     Epoch[4] Iteration[1080/1240], entropy: 0.3802, loss: 0.3802, lr: 6.78e-05
     Epoch[4] Iteration[1090/1240], entropy: 0.6320, loss: 0.6320, lr: 3.56e-04
     Epoch[4] Iteration[1100/1240], entropy: 0.4250, loss: 0.4250, lr: 4.98e-04
     Epoch[4] Iteration[1110/1240], entropy: 0.2877, loss: 0.2877, lr: 2.97e-04
     Epoch[4] Iteration[1120/1240], entropy: 0.7074, loss: 0.7074, lr: 3.09e-05
     Epoch[4] Iteration[1130/1240], entropy: 0.5741, loss: 0.5741, lr: 6.78e-05
     Epoch[4] Iteration[1140/1240], entropy: 0.5890, loss: 0.5890, lr: 3.56e-04
     Epoch[4] Iteration[1150/1240], entropy: 0.5426, loss: 0.5426, lr: 4.98e-04
     Epoch[4] Iteration[1160/1240], entropy: 0.6875, loss: 0.6875, lr: 2.97e-04
     Epoch[4] Iteration[1170/1240], entropy: 0.6143, loss: 0.6143, lr: 3.09e-05
     Epoch[4] Iteration[1180/1240], entropy: 0.5998, loss: 0.5998, lr: 6.78e-05
     Epoch[4] Iteration[1190/1240], entropy: 0.5003, loss: 0.5003, lr: 3.56e-04
     Epoch[4] Iteration[1200/1240], entropy: 0.8023, loss: 0.8023, lr: 4.98e-04
     Epoch[4] Iteration[1210/1240], entropy: 0.6025, loss: 0.6025, lr: 2.97e-04
     Epoch[4] Iteration[1220/1240], entropy: 0.5048, loss: 0.5048, lr: 3.09e-05
     Epoch[4] Iteration[1230/1240], entropy: 0.5546, loss: 0.5546, lr: 6.78e-05
     Epoch[4] Iteration[1240/1240], entropy: 0.5048, loss: 0.5048, lr: 3.56e-04
     Averaged stats: entropy: 0.5048, loss: 0.5048, lr: 3.56e-04
     itm tta time 0:03:26
### TTA Eval Score: 
+-------+--------+--------+--------+--------+-------+
| epoch |   R1   |   R5   |  R10   |  mAP   |  mINP |
+-------+--------+--------+--------+--------+-------+
|  -999 | 60.641 | 77.509 | 83.268 | 35.542 | 6.004 |
|   0   | 6.822  | 15.508 | 20.864 | 3.247  | 0.505 |
|   1   | 2.882  | 7.426  | 10.858 | 1.526  | 0.303 |
|   2   | 1.642  | 4.993  | 7.895  | 1.068  | 0.248 |
|   3   | 1.134  | 3.602  | 6.142  | 0.825  | 0.218 |
|   4   | 0.912  | 2.801  | 4.958  | 0.683  | 0.206 |
+-------+--------+--------+--------+--------+-------+
     logs:  {'epo': 4, 'R1': 0.912, 'R5': 2.801, 'R10': 4.958, 'mAP': 0.683, 'mINP': 0.206, 'entropy': 0.5306490755850269, 'loss': 0.5306490755850269, 'lr': 0.00024782534140213136}
     Epoch[5] Iteration[10/1240], entropy: 0.3597, loss: 0.3597, lr: 4.98e-04
     Epoch[5] Iteration[20/1240], entropy: 0.5612, loss: 0.5612, lr: 2.97e-04
     Epoch[5] Iteration[30/1240], entropy: 0.4706, loss: 0.4706, lr: 3.09e-05
     Epoch[5] Iteration[40/1240], entropy: 0.6597, loss: 0.6597, lr: 6.78e-05
     Epoch[5] Iteration[50/1240], entropy: 0.3869, loss: 0.3869, lr: 3.56e-04
     Epoch[5] Iteration[60/1240], entropy: 0.4012, loss: 0.4012, lr: 4.98e-04
     Epoch[5] Iteration[70/1240], entropy: 0.5019, loss: 0.5019, lr: 2.97e-04
     Epoch[5] Iteration[80/1240], entropy: 0.3626, loss: 0.3626, lr: 3.09e-05
     Epoch[5] Iteration[90/1240], entropy: 0.5608, loss: 0.5608, lr: 6.78e-05
     Epoch[5] Iteration[100/1240], entropy: 0.4485, loss: 0.4485, lr: 3.56e-04
     Epoch[5] Iteration[110/1240], entropy: 0.5947, loss: 0.5947, lr: 4.98e-04
     Epoch[5] Iteration[120/1240], entropy: 0.5925, loss: 0.5925, lr: 2.97e-04
     Epoch[5] Iteration[130/1240], entropy: 0.5825, loss: 0.5825, lr: 3.09e-05
     Epoch[5] Iteration[140/1240], entropy: 0.4837, loss: 0.4837, lr: 6.78e-05
     Epoch[5] Iteration[150/1240], entropy: 0.4590, loss: 0.4590, lr: 3.56e-04
     Epoch[5] Iteration[160/1240], entropy: 0.4194, loss: 0.4194, lr: 4.98e-04
     Epoch[5] Iteration[170/1240], entropy: 0.5233, loss: 0.5233, lr: 2.97e-04
     Epoch[5] Iteration[180/1240], entropy: 0.4039, loss: 0.4039, lr: 3.09e-05
     Epoch[5] Iteration[190/1240], entropy: 0.7542, loss: 0.7542, lr: 6.78e-05
     Epoch[5] Iteration[200/1240], entropy: 0.5481, loss: 0.5481, lr: 3.56e-04
     Epoch[5] Iteration[210/1240], entropy: 0.4566, loss: 0.4566, lr: 4.98e-04
     Epoch[5] Iteration[220/1240], entropy: 0.3731, loss: 0.3731, lr: 2.97e-04
     Epoch[5] Iteration[230/1240], entropy: 0.5874, loss: 0.5874, lr: 3.09e-05
     Epoch[5] Iteration[240/1240], entropy: 0.6485, loss: 0.6485, lr: 6.78e-05
     Epoch[5] Iteration[250/1240], entropy: 0.3825, loss: 0.3825, lr: 3.56e-04
     Epoch[5] Iteration[260/1240], entropy: 0.2611, loss: 0.2611, lr: 4.98e-04
     Epoch[5] Iteration[270/1240], entropy: 0.5009, loss: 0.5009, lr: 2.97e-04
     Epoch[5] Iteration[280/1240], entropy: 0.4324, loss: 0.4324, lr: 3.09e-05
     Epoch[5] Iteration[290/1240], entropy: 0.6059, loss: 0.6059, lr: 6.78e-05
     Epoch[5] Iteration[300/1240], entropy: 0.6411, loss: 0.6411, lr: 3.56e-04
     Epoch[5] Iteration[310/1240], entropy: 0.5080, loss: 0.5080, lr: 4.98e-04
     Epoch[5] Iteration[320/1240], entropy: 0.4916, loss: 0.4916, lr: 2.97e-04
     Epoch[5] Iteration[330/1240], entropy: 0.4151, loss: 0.4151, lr: 3.09e-05
     Epoch[5] Iteration[340/1240], entropy: 0.7229, loss: 0.7229, lr: 6.78e-05
     Epoch[5] Iteration[350/1240], entropy: 0.5672, loss: 0.5672, lr: 3.56e-04
     Epoch[5] Iteration[360/1240], entropy: 0.6852, loss: 0.6852, lr: 4.98e-04
     Epoch[5] Iteration[370/1240], entropy: 0.3813, loss: 0.3813, lr: 2.97e-04
     Epoch[5] Iteration[380/1240], entropy: 0.4154, loss: 0.4154, lr: 3.09e-05
     Epoch[5] Iteration[390/1240], entropy: 0.4844, loss: 0.4844, lr: 6.78e-05
     Epoch[5] Iteration[400/1240], entropy: 0.4446, loss: 0.4446, lr: 3.56e-04
     Epoch[5] Iteration[410/1240], entropy: 0.4978, loss: 0.4978, lr: 4.98e-04
     Epoch[5] Iteration[420/1240], entropy: 0.8512, loss: 0.8512, lr: 2.97e-04
     Epoch[5] Iteration[430/1240], entropy: 0.6355, loss: 0.6355, lr: 3.09e-05
     Epoch[5] Iteration[440/1240], entropy: 0.5218, loss: 0.5218, lr: 6.78e-05
     Epoch[5] Iteration[450/1240], entropy: 0.5364, loss: 0.5364, lr: 3.56e-04
     Epoch[5] Iteration[460/1240], entropy: 0.5283, loss: 0.5283, lr: 4.98e-04
     Epoch[5] Iteration[470/1240], entropy: 0.5682, loss: 0.5682, lr: 2.97e-04
     Epoch[5] Iteration[480/1240], entropy: 0.5365, loss: 0.5365, lr: 3.09e-05
     Epoch[5] Iteration[490/1240], entropy: 0.6173, loss: 0.6173, lr: 6.78e-05
     Epoch[5] Iteration[500/1240], entropy: 0.4836, loss: 0.4836, lr: 3.56e-04
     Epoch[5] Iteration[510/1240], entropy: 0.5177, loss: 0.5177, lr: 4.98e-04
     Epoch[5] Iteration[520/1240], entropy: 0.2525, loss: 0.2525, lr: 2.97e-04
     Epoch[5] Iteration[530/1240], entropy: 0.5386, loss: 0.5386, lr: 3.09e-05
     Epoch[5] Iteration[540/1240], entropy: 0.4332, loss: 0.4332, lr: 6.78e-05
     Epoch[5] Iteration[550/1240], entropy: 0.7059, loss: 0.7059, lr: 3.56e-04
     Epoch[5] Iteration[560/1240], entropy: 0.5382, loss: 0.5382, lr: 4.98e-04
     Epoch[5] Iteration[570/1240], entropy: 0.6589, loss: 0.6589, lr: 2.97e-04
     Epoch[5] Iteration[580/1240], entropy: 0.5965, loss: 0.5965, lr: 3.09e-05
     Epoch[5] Iteration[590/1240], entropy: 0.7437, loss: 0.7437, lr: 6.78e-05
     Epoch[5] Iteration[600/1240], entropy: 0.6057, loss: 0.6057, lr: 3.56e-04
     Epoch[5] Iteration[610/1240], entropy: 0.4292, loss: 0.4292, lr: 4.98e-04
     Epoch[5] Iteration[620/1240], entropy: 0.6080, loss: 0.6080, lr: 2.97e-04
     Epoch[5] Iteration[630/1240], entropy: 0.6314, loss: 0.6314, lr: 3.09e-05
     Epoch[5] Iteration[640/1240], entropy: 0.7372, loss: 0.7372, lr: 6.78e-05
     Epoch[5] Iteration[650/1240], entropy: 0.5322, loss: 0.5322, lr: 3.56e-04
     Epoch[5] Iteration[660/1240], entropy: 0.4437, loss: 0.4437, lr: 4.98e-04
     Epoch[5] Iteration[670/1240], entropy: 0.8006, loss: 0.8006, lr: 2.97e-04
     Epoch[5] Iteration[680/1240], entropy: 0.3931, loss: 0.3931, lr: 3.09e-05
     Epoch[5] Iteration[690/1240], entropy: 0.6338, loss: 0.6338, lr: 6.78e-05
     Epoch[5] Iteration[700/1240], entropy: 0.4243, loss: 0.4243, lr: 3.56e-04
     Epoch[5] Iteration[710/1240], entropy: 0.3623, loss: 0.3623, lr: 4.98e-04
     Epoch[5] Iteration[720/1240], entropy: 0.4265, loss: 0.4265, lr: 2.97e-04
     Epoch[5] Iteration[730/1240], entropy: 0.6348, loss: 0.6348, lr: 3.09e-05
     Epoch[5] Iteration[740/1240], entropy: 0.4804, loss: 0.4804, lr: 6.78e-05
     Epoch[5] Iteration[750/1240], entropy: 0.4313, loss: 0.4313, lr: 3.56e-04
     Epoch[5] Iteration[760/1240], entropy: 0.3947, loss: 0.3947, lr: 4.98e-04
     Epoch[5] Iteration[770/1240], entropy: 0.7520, loss: 0.7520, lr: 2.97e-04
     Epoch[5] Iteration[780/1240], entropy: 0.5494, loss: 0.5494, lr: 3.09e-05
     Epoch[5] Iteration[790/1240], entropy: 0.5187, loss: 0.5187, lr: 6.78e-05
     Epoch[5] Iteration[800/1240], entropy: 0.5411, loss: 0.5411, lr: 3.56e-04
     Epoch[5] Iteration[810/1240], entropy: 0.6065, loss: 0.6065, lr: 4.98e-04
     Epoch[5] Iteration[820/1240], entropy: 0.6491, loss: 0.6491, lr: 2.97e-04
     Epoch[5] Iteration[830/1240], entropy: 0.6138, loss: 0.6138, lr: 3.09e-05
     Epoch[5] Iteration[840/1240], entropy: 0.5074, loss: 0.5074, lr: 6.78e-05
     Epoch[5] Iteration[850/1240], entropy: 0.5521, loss: 0.5521, lr: 3.56e-04
     Epoch[5] Iteration[860/1240], entropy: 0.5565, loss: 0.5565, lr: 4.98e-04
     Epoch[5] Iteration[870/1240], entropy: 0.4898, loss: 0.4898, lr: 2.97e-04
     Epoch[5] Iteration[880/1240], entropy: 0.5203, loss: 0.5203, lr: 3.09e-05
     Epoch[5] Iteration[890/1240], entropy: 0.4611, loss: 0.4611, lr: 6.78e-05
     Epoch[5] Iteration[900/1240], entropy: 0.5472, loss: 0.5472, lr: 3.56e-04
     Epoch[5] Iteration[910/1240], entropy: 0.5507, loss: 0.5507, lr: 4.98e-04
     Epoch[5] Iteration[920/1240], entropy: 0.4618, loss: 0.4618, lr: 2.97e-04
     Epoch[5] Iteration[930/1240], entropy: 0.4255, loss: 0.4255, lr: 3.09e-05
     Epoch[5] Iteration[940/1240], entropy: 0.5947, loss: 0.5947, lr: 6.78e-05
     Epoch[5] Iteration[950/1240], entropy: 0.2930, loss: 0.2930, lr: 3.56e-04
     Epoch[5] Iteration[960/1240], entropy: 0.7096, loss: 0.7096, lr: 4.98e-04
     Epoch[5] Iteration[970/1240], entropy: 0.4513, loss: 0.4513, lr: 2.97e-04
     Epoch[5] Iteration[980/1240], entropy: 0.2989, loss: 0.2989, lr: 3.09e-05
     Epoch[5] Iteration[990/1240], entropy: 0.4382, loss: 0.4382, lr: 6.78e-05
     Epoch[5] Iteration[1000/1240], entropy: 0.4891, loss: 0.4891, lr: 3.56e-04
     Epoch[5] Iteration[1010/1240], entropy: 0.5807, loss: 0.5807, lr: 4.98e-04
     Epoch[5] Iteration[1020/1240], entropy: 0.5836, loss: 0.5836, lr: 2.97e-04
     Epoch[5] Iteration[1030/1240], entropy: 0.6484, loss: 0.6484, lr: 3.09e-05
     Epoch[5] Iteration[1040/1240], entropy: 0.4223, loss: 0.4223, lr: 6.78e-05
     Epoch[5] Iteration[1050/1240], entropy: 0.5634, loss: 0.5634, lr: 3.56e-04
     Epoch[5] Iteration[1060/1240], entropy: 0.6518, loss: 0.6518, lr: 4.98e-04
     Epoch[5] Iteration[1070/1240], entropy: 0.6692, loss: 0.6692, lr: 2.97e-04
     Epoch[5] Iteration[1080/1240], entropy: 0.4933, loss: 0.4933, lr: 3.09e-05
     Epoch[5] Iteration[1090/1240], entropy: 0.5717, loss: 0.5717, lr: 6.78e-05
     Epoch[5] Iteration[1100/1240], entropy: 0.5403, loss: 0.5403, lr: 3.56e-04
     Epoch[5] Iteration[1110/1240], entropy: 0.4430, loss: 0.4430, lr: 4.98e-04
     Epoch[5] Iteration[1120/1240], entropy: 0.3729, loss: 0.3729, lr: 2.97e-04
     Epoch[5] Iteration[1130/1240], entropy: 0.7062, loss: 0.7062, lr: 3.09e-05
     Epoch[5] Iteration[1140/1240], entropy: 0.4208, loss: 0.4208, lr: 6.78e-05
     Epoch[5] Iteration[1150/1240], entropy: 0.5125, loss: 0.5125, lr: 3.56e-04
     Epoch[5] Iteration[1160/1240], entropy: 0.4155, loss: 0.4155, lr: 4.98e-04
     Epoch[5] Iteration[1170/1240], entropy: 0.5636, loss: 0.5636, lr: 2.97e-04
     Epoch[5] Iteration[1180/1240], entropy: 0.3759, loss: 0.3759, lr: 3.09e-05
     Epoch[5] Iteration[1190/1240], entropy: 0.4547, loss: 0.4547, lr: 6.78e-05
     Epoch[5] Iteration[1200/1240], entropy: 0.5261, loss: 0.5261, lr: 3.56e-04
     Epoch[5] Iteration[1210/1240], entropy: 0.6878, loss: 0.6878, lr: 4.98e-04
     Epoch[5] Iteration[1220/1240], entropy: 0.4422, loss: 0.4422, lr: 2.97e-04
     Epoch[5] Iteration[1230/1240], entropy: 0.6180, loss: 0.6180, lr: 3.09e-05
     Epoch[5] Iteration[1240/1240], entropy: 0.4248, loss: 0.4248, lr: 6.78e-05
     Averaged stats: entropy: 0.4248, loss: 0.4248, lr: 6.78e-05
     itm tta time 0:03:25
### TTA Eval Score: 
+-------+--------+--------+--------+--------+-------+
| epoch |   R1   |   R5   |  R10   |  mAP   |  mINP |
+-------+--------+--------+--------+--------+-------+
|  -999 | 60.641 | 77.509 | 83.268 | 35.542 | 6.004 |
|   0   | 6.822  | 15.508 | 20.864 | 3.247  | 0.505 |
|   1   | 2.882  | 7.426  | 10.858 | 1.526  | 0.303 |
|   2   | 1.642  | 4.993  | 7.895  | 1.068  | 0.248 |
|   3   | 1.134  | 3.602  | 6.142  | 0.825  | 0.218 |
|   4   | 0.912  | 2.801  | 4.958  | 0.683  | 0.206 |
|   5   | 0.816  | 2.484  | 4.318  | 0.629  | 0.199 |
+-------+--------+--------+--------+--------+-------+
     logs:  {'epo': 5, 'R1': 0.816, 'R5': 2.484, 'R10': 4.318, 'mAP': 0.629, 'mINP': 0.199, 'entropy': 0.5248162893037642, 'loss': 0.5248162893037642, 'lr': 0.00024914157400894203}
     Epoch[6] Iteration[10/1240], entropy: 0.5714, loss: 0.5714, lr: 3.56e-04
     Epoch[6] Iteration[20/1240], entropy: 0.5297, loss: 0.5297, lr: 4.98e-04
     Epoch[6] Iteration[30/1240], entropy: 0.4021, loss: 0.4021, lr: 2.97e-04
     Epoch[6] Iteration[40/1240], entropy: 0.5251, loss: 0.5251, lr: 3.09e-05
     Epoch[6] Iteration[50/1240], entropy: 0.5768, loss: 0.5768, lr: 6.78e-05
     Epoch[6] Iteration[60/1240], entropy: 0.3797, loss: 0.3797, lr: 3.56e-04
     Epoch[6] Iteration[70/1240], entropy: 0.6731, loss: 0.6731, lr: 4.98e-04
     Epoch[6] Iteration[80/1240], entropy: 0.5019, loss: 0.5019, lr: 2.97e-04
     Epoch[6] Iteration[90/1240], entropy: 0.4256, loss: 0.4256, lr: 3.09e-05
     Epoch[6] Iteration[100/1240], entropy: 0.3712, loss: 0.3712, lr: 6.78e-05
     Epoch[6] Iteration[110/1240], entropy: 0.4133, loss: 0.4133, lr: 3.56e-04
     Epoch[6] Iteration[120/1240], entropy: 0.4020, loss: 0.4020, lr: 4.98e-04
     Epoch[6] Iteration[130/1240], entropy: 0.6614, loss: 0.6614, lr: 2.97e-04
     Epoch[6] Iteration[140/1240], entropy: 0.7353, loss: 0.7353, lr: 3.09e-05
     Epoch[6] Iteration[150/1240], entropy: 0.6320, loss: 0.6320, lr: 6.78e-05
     Epoch[6] Iteration[160/1240], entropy: 0.5424, loss: 0.5424, lr: 3.56e-04
     Epoch[6] Iteration[170/1240], entropy: 0.5003, loss: 0.5003, lr: 4.98e-04
     Epoch[6] Iteration[180/1240], entropy: 0.5915, loss: 0.5915, lr: 2.97e-04
     Epoch[6] Iteration[190/1240], entropy: 0.4537, loss: 0.4537, lr: 3.09e-05
     Epoch[6] Iteration[200/1240], entropy: 0.5086, loss: 0.5086, lr: 6.78e-05
     Epoch[6] Iteration[210/1240], entropy: 0.6365, loss: 0.6365, lr: 3.56e-04
     Epoch[6] Iteration[220/1240], entropy: 0.4211, loss: 0.4211, lr: 4.98e-04
     Epoch[6] Iteration[230/1240], entropy: 0.5054, loss: 0.5054, lr: 2.97e-04
     Epoch[6] Iteration[240/1240], entropy: 0.5270, loss: 0.5270, lr: 3.09e-05
     Epoch[6] Iteration[250/1240], entropy: 0.5589, loss: 0.5589, lr: 6.78e-05
     Epoch[6] Iteration[260/1240], entropy: 0.6165, loss: 0.6165, lr: 3.56e-04
     Epoch[6] Iteration[270/1240], entropy: 0.5753, loss: 0.5753, lr: 4.98e-04
     Epoch[6] Iteration[280/1240], entropy: 0.4627, loss: 0.4627, lr: 2.97e-04
     Epoch[6] Iteration[290/1240], entropy: 0.3995, loss: 0.3995, lr: 3.09e-05
     Epoch[6] Iteration[300/1240], entropy: 0.3194, loss: 0.3194, lr: 6.78e-05
     Epoch[6] Iteration[310/1240], entropy: 0.6754, loss: 0.6754, lr: 3.56e-04
     Epoch[6] Iteration[320/1240], entropy: 0.4754, loss: 0.4754, lr: 4.98e-04
     Epoch[6] Iteration[330/1240], entropy: 0.5010, loss: 0.5010, lr: 2.97e-04
     Epoch[6] Iteration[340/1240], entropy: 0.6301, loss: 0.6301, lr: 3.09e-05
     Epoch[6] Iteration[350/1240], entropy: 0.3939, loss: 0.3939, lr: 6.78e-05
     Epoch[6] Iteration[360/1240], entropy: 0.6494, loss: 0.6494, lr: 3.56e-04
     Epoch[6] Iteration[370/1240], entropy: 0.6846, loss: 0.6846, lr: 4.98e-04
     Epoch[6] Iteration[380/1240], entropy: 0.5964, loss: 0.5964, lr: 2.97e-04
     Epoch[6] Iteration[390/1240], entropy: 0.5439, loss: 0.5439, lr: 3.09e-05
     Epoch[6] Iteration[400/1240], entropy: 0.5469, loss: 0.5469, lr: 6.78e-05
     Epoch[6] Iteration[410/1240], entropy: 0.6861, loss: 0.6861, lr: 3.56e-04
     Epoch[6] Iteration[420/1240], entropy: 0.5818, loss: 0.5818, lr: 4.98e-04
     Epoch[6] Iteration[430/1240], entropy: 0.5668, loss: 0.5668, lr: 2.97e-04
     Epoch[6] Iteration[440/1240], entropy: 0.6698, loss: 0.6698, lr: 3.09e-05
     Epoch[6] Iteration[450/1240], entropy: 0.5643, loss: 0.5643, lr: 6.78e-05
     Epoch[6] Iteration[460/1240], entropy: 0.4861, loss: 0.4861, lr: 3.56e-04
     Epoch[6] Iteration[470/1240], entropy: 0.4972, loss: 0.4972, lr: 4.98e-04
     Epoch[6] Iteration[480/1240], entropy: 0.5914, loss: 0.5914, lr: 2.97e-04
     Epoch[6] Iteration[490/1240], entropy: 0.4787, loss: 0.4787, lr: 3.09e-05
     Epoch[6] Iteration[500/1240], entropy: 0.3734, loss: 0.3734, lr: 6.78e-05
     Epoch[6] Iteration[510/1240], entropy: 0.5389, loss: 0.5389, lr: 3.56e-04
     Epoch[6] Iteration[520/1240], entropy: 0.5190, loss: 0.5190, lr: 4.98e-04
     Epoch[6] Iteration[530/1240], entropy: 0.5831, loss: 0.5831, lr: 2.97e-04
     Epoch[6] Iteration[540/1240], entropy: 0.5343, loss: 0.5343, lr: 3.09e-05
     Epoch[6] Iteration[550/1240], entropy: 0.4259, loss: 0.4259, lr: 6.78e-05
     Epoch[6] Iteration[560/1240], entropy: 0.4695, loss: 0.4695, lr: 3.56e-04
     Epoch[6] Iteration[570/1240], entropy: 0.4020, loss: 0.4020, lr: 4.98e-04
     Epoch[6] Iteration[580/1240], entropy: 0.5939, loss: 0.5939, lr: 2.97e-04
     Epoch[6] Iteration[590/1240], entropy: 0.5782, loss: 0.5782, lr: 3.09e-05
     Epoch[6] Iteration[600/1240], entropy: 0.4846, loss: 0.4846, lr: 6.78e-05
     Epoch[6] Iteration[610/1240], entropy: 0.6084, loss: 0.6084, lr: 3.56e-04
     Epoch[6] Iteration[620/1240], entropy: 0.5638, loss: 0.5638, lr: 4.98e-04
     Epoch[6] Iteration[630/1240], entropy: 0.5748, loss: 0.5748, lr: 2.97e-04
     Epoch[6] Iteration[640/1240], entropy: 0.6646, loss: 0.6646, lr: 3.09e-05
     Epoch[6] Iteration[650/1240], entropy: 0.6196, loss: 0.6196, lr: 6.78e-05
     Epoch[6] Iteration[660/1240], entropy: 0.4260, loss: 0.4260, lr: 3.56e-04
     Epoch[6] Iteration[670/1240], entropy: 0.5546, loss: 0.5546, lr: 4.98e-04
     Epoch[6] Iteration[680/1240], entropy: 0.5091, loss: 0.5091, lr: 2.97e-04
     Epoch[6] Iteration[690/1240], entropy: 0.7971, loss: 0.7971, lr: 3.09e-05
     Epoch[6] Iteration[700/1240], entropy: 0.6073, loss: 0.6073, lr: 6.78e-05
     Epoch[6] Iteration[710/1240], entropy: 0.5053, loss: 0.5053, lr: 3.56e-04
     Epoch[6] Iteration[720/1240], entropy: 0.6360, loss: 0.6360, lr: 4.98e-04
     Epoch[6] Iteration[730/1240], entropy: 0.5485, loss: 0.5485, lr: 2.97e-04
     Epoch[6] Iteration[740/1240], entropy: 0.6160, loss: 0.6160, lr: 3.09e-05
     Epoch[6] Iteration[750/1240], entropy: 0.8189, loss: 0.8189, lr: 6.78e-05
     Epoch[6] Iteration[760/1240], entropy: 0.5791, loss: 0.5791, lr: 3.56e-04
     Epoch[6] Iteration[770/1240], entropy: 0.5244, loss: 0.5244, lr: 4.98e-04
     Epoch[6] Iteration[780/1240], entropy: 0.3691, loss: 0.3691, lr: 2.97e-04
     Epoch[6] Iteration[790/1240], entropy: 0.4916, loss: 0.4916, lr: 3.09e-05
     Epoch[6] Iteration[800/1240], entropy: 0.5497, loss: 0.5497, lr: 6.78e-05
     Epoch[6] Iteration[810/1240], entropy: 0.3044, loss: 0.3044, lr: 3.56e-04
     Epoch[6] Iteration[820/1240], entropy: 0.4523, loss: 0.4523, lr: 4.98e-04
     Epoch[6] Iteration[830/1240], entropy: 0.5355, loss: 0.5355, lr: 2.97e-04
     Epoch[6] Iteration[840/1240], entropy: 0.6318, loss: 0.6318, lr: 3.09e-05
     Epoch[6] Iteration[850/1240], entropy: 0.3287, loss: 0.3287, lr: 6.78e-05
     Epoch[6] Iteration[860/1240], entropy: 0.3945, loss: 0.3945, lr: 3.56e-04
     Epoch[6] Iteration[870/1240], entropy: 0.4631, loss: 0.4631, lr: 4.98e-04
     Epoch[6] Iteration[880/1240], entropy: 0.4767, loss: 0.4767, lr: 2.97e-04
     Epoch[6] Iteration[890/1240], entropy: 0.3915, loss: 0.3915, lr: 3.09e-05
     Epoch[6] Iteration[900/1240], entropy: 0.3862, loss: 0.3862, lr: 6.78e-05
     Epoch[6] Iteration[910/1240], entropy: 0.5462, loss: 0.5462, lr: 3.56e-04
     Epoch[6] Iteration[920/1240], entropy: 0.5641, loss: 0.5641, lr: 4.98e-04
     Epoch[6] Iteration[930/1240], entropy: 0.5200, loss: 0.5200, lr: 2.97e-04
     Epoch[6] Iteration[940/1240], entropy: 0.3238, loss: 0.3238, lr: 3.09e-05
     Epoch[6] Iteration[950/1240], entropy: 0.4337, loss: 0.4337, lr: 6.78e-05
     Epoch[6] Iteration[960/1240], entropy: 0.6274, loss: 0.6274, lr: 3.56e-04
     Epoch[6] Iteration[970/1240], entropy: 0.5435, loss: 0.5435, lr: 4.98e-04
     Epoch[6] Iteration[980/1240], entropy: 0.3761, loss: 0.3761, lr: 2.97e-04
     Epoch[6] Iteration[990/1240], entropy: 0.7231, loss: 0.7231, lr: 3.09e-05
     Epoch[6] Iteration[1000/1240], entropy: 0.4234, loss: 0.4234, lr: 6.78e-05
     Epoch[6] Iteration[1010/1240], entropy: 0.5817, loss: 0.5817, lr: 3.56e-04
     Epoch[6] Iteration[1020/1240], entropy: 0.5924, loss: 0.5924, lr: 4.98e-04
     Epoch[6] Iteration[1030/1240], entropy: 0.5661, loss: 0.5661, lr: 2.97e-04
     Epoch[6] Iteration[1040/1240], entropy: 0.5367, loss: 0.5367, lr: 3.09e-05
     Epoch[6] Iteration[1050/1240], entropy: 0.6310, loss: 0.6310, lr: 6.78e-05
     Epoch[6] Iteration[1060/1240], entropy: 0.5072, loss: 0.5072, lr: 3.56e-04
     Epoch[6] Iteration[1070/1240], entropy: 0.6410, loss: 0.6410, lr: 4.98e-04
     Epoch[6] Iteration[1080/1240], entropy: 0.5694, loss: 0.5694, lr: 2.97e-04
     Epoch[6] Iteration[1090/1240], entropy: 0.5018, loss: 0.5018, lr: 3.09e-05
     Epoch[6] Iteration[1100/1240], entropy: 0.7944, loss: 0.7944, lr: 6.78e-05
     Epoch[6] Iteration[1110/1240], entropy: 0.5642, loss: 0.5642, lr: 3.56e-04
     Epoch[6] Iteration[1120/1240], entropy: 0.7043, loss: 0.7043, lr: 4.98e-04
     Epoch[6] Iteration[1130/1240], entropy: 0.5280, loss: 0.5280, lr: 2.97e-04
     Epoch[6] Iteration[1140/1240], entropy: 0.7685, loss: 0.7685, lr: 3.09e-05
     Epoch[6] Iteration[1150/1240], entropy: 0.5829, loss: 0.5829, lr: 6.78e-05
     Epoch[6] Iteration[1160/1240], entropy: 0.6248, loss: 0.6248, lr: 3.56e-04
     Epoch[6] Iteration[1170/1240], entropy: 0.4897, loss: 0.4897, lr: 4.98e-04
     Epoch[6] Iteration[1180/1240], entropy: 0.6402, loss: 0.6402, lr: 2.97e-04
     Epoch[6] Iteration[1190/1240], entropy: 0.4895, loss: 0.4895, lr: 3.09e-05
     Epoch[6] Iteration[1200/1240], entropy: 0.5612, loss: 0.5612, lr: 6.78e-05
     Epoch[6] Iteration[1210/1240], entropy: 0.4493, loss: 0.4493, lr: 3.56e-04
     Epoch[6] Iteration[1220/1240], entropy: 0.3990, loss: 0.3990, lr: 4.98e-04
     Epoch[6] Iteration[1230/1240], entropy: 0.6468, loss: 0.6468, lr: 2.97e-04
     Epoch[6] Iteration[1240/1240], entropy: 0.6477, loss: 0.6477, lr: 3.09e-05
     Averaged stats: entropy: 0.6477, loss: 0.6477, lr: 3.09e-05
     itm tta time 0:03:25
### TTA Eval Score: 
+-------+--------+--------+--------+--------+-------+
| epoch |   R1   |   R5   |  R10   |  mAP   |  mINP |
+-------+--------+--------+--------+--------+-------+
|  -999 | 60.641 | 77.509 | 83.268 | 35.542 | 6.004 |
|   0   | 6.822  | 15.508 | 20.864 | 3.247  | 0.505 |
|   1   | 2.882  | 7.426  | 10.858 | 1.526  | 0.303 |
|   2   | 1.642  | 4.993  | 7.895  | 1.068  | 0.248 |
|   3   | 1.134  | 3.602  | 6.142  | 0.825  | 0.218 |
|   4   | 0.912  | 2.801  | 4.958  | 0.683  | 0.206 |
|   5   | 0.816  | 2.484  | 4.318  | 0.629  | 0.199 |
|   6   | 0.715  | 2.267  | 3.950  | 0.570  | 0.190 |
+-------+--------+--------+--------+--------+-------+
     logs:  {'epo': 6, 'R1': 0.715, 'R5': 2.267, 'R10': 3.95, 'mAP': 0.57, 'mINP': 0.19, 'entropy': 0.5384654888222294, 'loss': 0.5384654888222294, 'lr': 0.00025146969481335023}
     Epoch[7] Iteration[10/1240], entropy: 0.4518, loss: 0.4518, lr: 6.78e-05
     Epoch[7] Iteration[20/1240], entropy: 0.6151, loss: 0.6151, lr: 3.56e-04
     Epoch[7] Iteration[30/1240], entropy: 0.4300, loss: 0.4300, lr: 4.98e-04
     Epoch[7] Iteration[40/1240], entropy: 0.5281, loss: 0.5281, lr: 2.97e-04
     Epoch[7] Iteration[50/1240], entropy: 0.5602, loss: 0.5602, lr: 3.09e-05
     Epoch[7] Iteration[60/1240], entropy: 0.3954, loss: 0.3954, lr: 6.78e-05
     Epoch[7] Iteration[70/1240], entropy: 0.3539, loss: 0.3539, lr: 3.56e-04
     Epoch[7] Iteration[80/1240], entropy: 0.4052, loss: 0.4052, lr: 4.98e-04
     Epoch[7] Iteration[90/1240], entropy: 0.4205, loss: 0.4205, lr: 2.97e-04
     Epoch[7] Iteration[100/1240], entropy: 0.5689, loss: 0.5689, lr: 3.09e-05
     Epoch[7] Iteration[110/1240], entropy: 0.5848, loss: 0.5848, lr: 6.78e-05
     Epoch[7] Iteration[120/1240], entropy: 0.5120, loss: 0.5120, lr: 3.56e-04
     Epoch[7] Iteration[130/1240], entropy: 0.5470, loss: 0.5470, lr: 4.98e-04
     Epoch[7] Iteration[140/1240], entropy: 0.2525, loss: 0.2525, lr: 2.97e-04
     Epoch[7] Iteration[150/1240], entropy: 0.6883, loss: 0.6883, lr: 3.09e-05
     Epoch[7] Iteration[160/1240], entropy: 0.4658, loss: 0.4658, lr: 6.78e-05
     Epoch[7] Iteration[170/1240], entropy: 0.3917, loss: 0.3917, lr: 3.56e-04
     Epoch[7] Iteration[180/1240], entropy: 0.5972, loss: 0.5972, lr: 4.98e-04
     Epoch[7] Iteration[190/1240], entropy: 0.6195, loss: 0.6195, lr: 2.97e-04
     Epoch[7] Iteration[200/1240], entropy: 0.5842, loss: 0.5842, lr: 3.09e-05
     Epoch[7] Iteration[210/1240], entropy: 0.4224, loss: 0.4224, lr: 6.78e-05
     Epoch[7] Iteration[220/1240], entropy: 0.5527, loss: 0.5527, lr: 3.56e-04
     Epoch[7] Iteration[230/1240], entropy: 0.8074, loss: 0.8074, lr: 4.98e-04
     Epoch[7] Iteration[240/1240], entropy: 0.4093, loss: 0.4093, lr: 2.97e-04
     Epoch[7] Iteration[250/1240], entropy: 0.6749, loss: 0.6749, lr: 3.09e-05
     Epoch[7] Iteration[260/1240], entropy: 0.4915, loss: 0.4915, lr: 6.78e-05
     Epoch[7] Iteration[270/1240], entropy: 0.5719, loss: 0.5719, lr: 3.56e-04
     Epoch[7] Iteration[280/1240], entropy: 0.5642, loss: 0.5642, lr: 4.98e-04
     Epoch[7] Iteration[290/1240], entropy: 0.5075, loss: 0.5075, lr: 2.97e-04
     Epoch[7] Iteration[300/1240], entropy: 0.5912, loss: 0.5912, lr: 3.09e-05
     Epoch[7] Iteration[310/1240], entropy: 0.6135, loss: 0.6135, lr: 6.78e-05
     Epoch[7] Iteration[320/1240], entropy: 0.5459, loss: 0.5459, lr: 3.27e-04
     Epoch[7] Iteration[330/1240], entropy: 0.2813, loss: 0.2813, lr: 5.00e-04
     Epoch[7] Iteration[340/1240], entropy: 0.5348, loss: 0.5348, lr: 3.27e-04
     Epoch[7] Iteration[350/1240], entropy: 0.6215, loss: 0.6215, lr: 4.77e-05
     Epoch[7] Iteration[360/1240], entropy: 0.3764, loss: 0.3764, lr: 4.77e-05
     Epoch[7] Iteration[370/1240], entropy: 0.5676, loss: 0.5676, lr: 3.27e-04
     Epoch[7] Iteration[380/1240], entropy: 0.5554, loss: 0.5554, lr: 5.00e-04
     Epoch[7] Iteration[390/1240], entropy: 0.5788, loss: 0.5788, lr: 3.27e-04
     Epoch[7] Iteration[400/1240], entropy: 0.5126, loss: 0.5126, lr: 4.77e-05
     Epoch[7] Iteration[410/1240], entropy: 0.4613, loss: 0.4613, lr: 4.77e-05
     Epoch[7] Iteration[420/1240], entropy: 0.7309, loss: 0.7309, lr: 3.27e-04
     Epoch[7] Iteration[430/1240], entropy: 0.5736, loss: 0.5736, lr: 5.00e-04
     Epoch[7] Iteration[440/1240], entropy: 0.4802, loss: 0.4802, lr: 3.27e-04
     Epoch[7] Iteration[450/1240], entropy: 0.5189, loss: 0.5189, lr: 4.77e-05
     Epoch[7] Iteration[460/1240], entropy: 0.6062, loss: 0.6062, lr: 4.77e-05
     Epoch[7] Iteration[470/1240], entropy: 0.5504, loss: 0.5504, lr: 3.27e-04
     Epoch[7] Iteration[480/1240], entropy: 0.5945, loss: 0.5945, lr: 5.00e-04
     Epoch[7] Iteration[490/1240], entropy: 0.3593, loss: 0.3593, lr: 3.27e-04
     Epoch[7] Iteration[500/1240], entropy: 0.4528, loss: 0.4528, lr: 4.77e-05
     Epoch[7] Iteration[510/1240], entropy: 0.4181, loss: 0.4181, lr: 4.77e-05
     Epoch[7] Iteration[520/1240], entropy: 0.5061, loss: 0.5061, lr: 3.27e-04
     Epoch[7] Iteration[530/1240], entropy: 0.4868, loss: 0.4868, lr: 5.00e-04
     Epoch[7] Iteration[540/1240], entropy: 0.2693, loss: 0.2693, lr: 3.27e-04
     Epoch[7] Iteration[550/1240], entropy: 0.4328, loss: 0.4328, lr: 4.77e-05
     Epoch[7] Iteration[560/1240], entropy: 0.5445, loss: 0.5445, lr: 4.77e-05
     Epoch[7] Iteration[570/1240], entropy: 0.6262, loss: 0.6262, lr: 3.27e-04
     Epoch[7] Iteration[580/1240], entropy: 0.3567, loss: 0.3567, lr: 5.00e-04
     Epoch[7] Iteration[590/1240], entropy: 0.5800, loss: 0.5800, lr: 3.27e-04
     Epoch[7] Iteration[600/1240], entropy: 0.3597, loss: 0.3597, lr: 4.77e-05
     Epoch[7] Iteration[610/1240], entropy: 0.6606, loss: 0.6606, lr: 4.77e-05
     Epoch[7] Iteration[620/1240], entropy: 0.5715, loss: 0.5715, lr: 3.27e-04
     Epoch[7] Iteration[630/1240], entropy: 0.4564, loss: 0.4564, lr: 5.00e-04
     Epoch[7] Iteration[640/1240], entropy: 0.4843, loss: 0.4843, lr: 3.27e-04
     Epoch[7] Iteration[650/1240], entropy: 0.4820, loss: 0.4820, lr: 4.77e-05
     Epoch[7] Iteration[660/1240], entropy: 0.4470, loss: 0.4470, lr: 4.77e-05
     Epoch[7] Iteration[670/1240], entropy: 0.3955, loss: 0.3955, lr: 3.27e-04
     Epoch[7] Iteration[680/1240], entropy: 0.4122, loss: 0.4122, lr: 5.00e-04
     Epoch[7] Iteration[690/1240], entropy: 0.5695, loss: 0.5695, lr: 3.27e-04
     Epoch[7] Iteration[700/1240], entropy: 0.3951, loss: 0.3951, lr: 4.77e-05
     Epoch[7] Iteration[710/1240], entropy: 0.4521, loss: 0.4521, lr: 4.77e-05
     Epoch[7] Iteration[720/1240], entropy: 0.4232, loss: 0.4232, lr: 3.27e-04
     Epoch[7] Iteration[730/1240], entropy: 0.5238, loss: 0.5238, lr: 5.00e-04
     Epoch[7] Iteration[740/1240], entropy: 0.5803, loss: 0.5803, lr: 3.27e-04
     Epoch[7] Iteration[750/1240], entropy: 0.5721, loss: 0.5721, lr: 4.77e-05
     Epoch[7] Iteration[760/1240], entropy: 0.5831, loss: 0.5831, lr: 4.77e-05
     Epoch[7] Iteration[770/1240], entropy: 0.3658, loss: 0.3658, lr: 3.27e-04
     Epoch[7] Iteration[780/1240], entropy: 0.6000, loss: 0.6000, lr: 5.00e-04
     Epoch[7] Iteration[790/1240], entropy: 0.4835, loss: 0.4835, lr: 3.27e-04
     Epoch[7] Iteration[800/1240], entropy: 0.4845, loss: 0.4845, lr: 4.77e-05
     Epoch[7] Iteration[810/1240], entropy: 0.6356, loss: 0.6356, lr: 4.77e-05
     Epoch[7] Iteration[820/1240], entropy: 0.4765, loss: 0.4765, lr: 3.27e-04
     Epoch[7] Iteration[830/1240], entropy: 0.7019, loss: 0.7019, lr: 5.00e-04
     Epoch[7] Iteration[840/1240], entropy: 0.5004, loss: 0.5004, lr: 3.27e-04
     Epoch[7] Iteration[850/1240], entropy: 0.3965, loss: 0.3965, lr: 4.77e-05
     Epoch[7] Iteration[860/1240], entropy: 0.4291, loss: 0.4291, lr: 4.77e-05
     Epoch[7] Iteration[870/1240], entropy: 0.4413, loss: 0.4413, lr: 3.27e-04
     Epoch[7] Iteration[880/1240], entropy: 0.5634, loss: 0.5634, lr: 5.00e-04
     Epoch[7] Iteration[890/1240], entropy: 0.6541, loss: 0.6541, lr: 3.27e-04
     Epoch[7] Iteration[900/1240], entropy: 0.5770, loss: 0.5770, lr: 4.77e-05
     Epoch[7] Iteration[910/1240], entropy: 0.6115, loss: 0.6115, lr: 4.77e-05
     Epoch[7] Iteration[920/1240], entropy: 0.3050, loss: 0.3050, lr: 3.27e-04
     Epoch[7] Iteration[930/1240], entropy: 0.7143, loss: 0.7143, lr: 5.00e-04
     Epoch[7] Iteration[940/1240], entropy: 0.5008, loss: 0.5008, lr: 3.27e-04
     Epoch[7] Iteration[950/1240], entropy: 0.5180, loss: 0.5180, lr: 4.77e-05
     Epoch[7] Iteration[960/1240], entropy: 0.3837, loss: 0.3837, lr: 4.77e-05
     Epoch[7] Iteration[970/1240], entropy: 0.6828, loss: 0.6828, lr: 3.27e-04
     Epoch[7] Iteration[980/1240], entropy: 0.5143, loss: 0.5143, lr: 5.00e-04
     Epoch[7] Iteration[990/1240], entropy: 0.6791, loss: 0.6791, lr: 3.27e-04
     Epoch[7] Iteration[1000/1240], entropy: 0.5221, loss: 0.5221, lr: 4.77e-05
     Epoch[7] Iteration[1010/1240], entropy: 0.4079, loss: 0.4079, lr: 4.77e-05
     Epoch[7] Iteration[1020/1240], entropy: 0.4161, loss: 0.4161, lr: 3.27e-04
     Epoch[7] Iteration[1030/1240], entropy: 0.4858, loss: 0.4858, lr: 5.00e-04
     Epoch[7] Iteration[1040/1240], entropy: 0.4125, loss: 0.4125, lr: 3.27e-04
     Epoch[7] Iteration[1050/1240], entropy: 0.6069, loss: 0.6069, lr: 4.77e-05
     Epoch[7] Iteration[1060/1240], entropy: 0.4287, loss: 0.4287, lr: 4.77e-05
     Epoch[7] Iteration[1070/1240], entropy: 0.5712, loss: 0.5712, lr: 3.27e-04
     Epoch[7] Iteration[1080/1240], entropy: 0.5866, loss: 0.5866, lr: 5.00e-04
     Epoch[7] Iteration[1090/1240], entropy: 0.3725, loss: 0.3725, lr: 3.27e-04
     Epoch[7] Iteration[1100/1240], entropy: 0.5364, loss: 0.5364, lr: 4.77e-05
     Epoch[7] Iteration[1110/1240], entropy: 0.3907, loss: 0.3907, lr: 4.77e-05
     Epoch[7] Iteration[1120/1240], entropy: 0.6235, loss: 0.6235, lr: 3.27e-04
     Epoch[7] Iteration[1130/1240], entropy: 0.5571, loss: 0.5571, lr: 5.00e-04
     Epoch[7] Iteration[1140/1240], entropy: 0.5690, loss: 0.5690, lr: 3.27e-04
     Epoch[7] Iteration[1150/1240], entropy: 0.5088, loss: 0.5088, lr: 4.77e-05
     Epoch[7] Iteration[1160/1240], entropy: 0.4607, loss: 0.4607, lr: 4.77e-05
     Epoch[7] Iteration[1170/1240], entropy: 0.4101, loss: 0.4101, lr: 3.27e-04
     Epoch[7] Iteration[1180/1240], entropy: 0.4954, loss: 0.4954, lr: 5.00e-04
     Epoch[7] Iteration[1190/1240], entropy: 0.4548, loss: 0.4548, lr: 3.27e-04
     Epoch[7] Iteration[1200/1240], entropy: 0.5635, loss: 0.5635, lr: 4.77e-05
     Epoch[7] Iteration[1210/1240], entropy: 0.4991, loss: 0.4991, lr: 4.77e-05
     Epoch[7] Iteration[1220/1240], entropy: 0.5462, loss: 0.5462, lr: 3.27e-04
     Epoch[7] Iteration[1230/1240], entropy: 0.4616, loss: 0.4616, lr: 5.00e-04
     Epoch[7] Iteration[1240/1240], entropy: 0.5050, loss: 0.5050, lr: 3.27e-04
     Averaged stats: entropy: 0.5050, loss: 0.5050, lr: 3.27e-04
     itm tta time 0:03:25
### TTA Eval Score: 
+-------+--------+--------+--------+--------+-------+
| epoch |   R1   |   R5   |  R10   |  mAP   |  mINP |
+-------+--------+--------+--------+--------+-------+
|  -999 | 60.641 | 77.509 | 83.268 | 35.542 | 6.004 |
|   0   | 6.822  | 15.508 | 20.864 | 3.247  | 0.505 |
|   1   | 2.882  | 7.426  | 10.858 | 1.526  | 0.303 |
|   2   | 1.642  | 4.993  | 7.895  | 1.068  | 0.248 |
|   3   | 1.134  | 3.602  | 6.142  | 0.825  | 0.218 |
|   4   | 0.912  | 2.801  | 4.958  | 0.683  | 0.206 |
|   5   | 0.816  | 2.484  | 4.318  | 0.629  | 0.199 |
|   6   | 0.715  | 2.267  | 3.950  | 0.570  | 0.190 |
|   7   | 0.630  | 1.904  | 3.391  | 0.516  | 0.184 |
+-------+--------+--------+--------+--------+-------+
     logs:  {'epo': 7, 'R1': 0.63, 'R5': 1.904, 'R10': 3.391, 'mAP': 0.516, 'mINP': 0.184, 'entropy': 0.5103307993661973, 'loss': 0.5103307993661973, 'lr': 0.00025179247048655285}
     Epoch[8] Iteration[10/1240], entropy: 0.4972, loss: 0.4972, lr: 4.77e-05
     Epoch[8] Iteration[20/1240], entropy: 0.4678, loss: 0.4678, lr: 4.77e-05
     Epoch[8] Iteration[30/1240], entropy: 0.3905, loss: 0.3905, lr: 3.27e-04
     Epoch[8] Iteration[40/1240], entropy: 0.6809, loss: 0.6809, lr: 5.00e-04
     Epoch[8] Iteration[50/1240], entropy: 0.6233, loss: 0.6233, lr: 3.27e-04
     Epoch[8] Iteration[60/1240], entropy: 0.5214, loss: 0.5214, lr: 4.77e-05
     Epoch[8] Iteration[70/1240], entropy: 0.5520, loss: 0.5520, lr: 4.77e-05
     Epoch[8] Iteration[80/1240], entropy: 0.3790, loss: 0.3790, lr: 3.27e-04
     Epoch[8] Iteration[90/1240], entropy: 0.3596, loss: 0.3596, lr: 5.00e-04
     Epoch[8] Iteration[100/1240], entropy: 0.6039, loss: 0.6039, lr: 3.27e-04
     Epoch[8] Iteration[110/1240], entropy: 0.6045, loss: 0.6045, lr: 4.77e-05
     Epoch[8] Iteration[120/1240], entropy: 0.4069, loss: 0.4069, lr: 4.77e-05
     Epoch[8] Iteration[130/1240], entropy: 0.2441, loss: 0.2441, lr: 3.27e-04
     Epoch[8] Iteration[140/1240], entropy: 0.4666, loss: 0.4666, lr: 5.00e-04
     Epoch[8] Iteration[150/1240], entropy: 0.7456, loss: 0.7456, lr: 3.27e-04
     Epoch[8] Iteration[160/1240], entropy: 0.4333, loss: 0.4333, lr: 4.77e-05
     Epoch[8] Iteration[170/1240], entropy: 0.4058, loss: 0.4058, lr: 4.77e-05
     Epoch[8] Iteration[180/1240], entropy: 0.6586, loss: 0.6586, lr: 3.27e-04
     Epoch[8] Iteration[190/1240], entropy: 0.5031, loss: 0.5031, lr: 5.00e-04
     Epoch[8] Iteration[200/1240], entropy: 0.4198, loss: 0.4198, lr: 3.27e-04
     Epoch[8] Iteration[210/1240], entropy: 0.7159, loss: 0.7159, lr: 4.77e-05
     Epoch[8] Iteration[220/1240], entropy: 0.5418, loss: 0.5418, lr: 4.77e-05
     Epoch[8] Iteration[230/1240], entropy: 0.8103, loss: 0.8103, lr: 3.27e-04
     Epoch[8] Iteration[240/1240], entropy: 0.6805, loss: 0.6805, lr: 5.00e-04
     Epoch[8] Iteration[250/1240], entropy: 0.5233, loss: 0.5233, lr: 3.27e-04
     Epoch[8] Iteration[260/1240], entropy: 0.6162, loss: 0.6162, lr: 4.77e-05
     Epoch[8] Iteration[270/1240], entropy: 0.4510, loss: 0.4510, lr: 4.77e-05
     Epoch[8] Iteration[280/1240], entropy: 0.3849, loss: 0.3849, lr: 3.27e-04
     Epoch[8] Iteration[290/1240], entropy: 0.8318, loss: 0.8318, lr: 5.00e-04
     Epoch[8] Iteration[300/1240], entropy: 0.5756, loss: 0.5756, lr: 3.27e-04
     Epoch[8] Iteration[310/1240], entropy: 0.4423, loss: 0.4423, lr: 4.77e-05
     Epoch[8] Iteration[320/1240], entropy: 0.4118, loss: 0.4118, lr: 4.77e-05
     Epoch[8] Iteration[330/1240], entropy: 0.6055, loss: 0.6055, lr: 3.27e-04
     Epoch[8] Iteration[340/1240], entropy: 0.5119, loss: 0.5119, lr: 5.00e-04
     Epoch[8] Iteration[350/1240], entropy: 0.2952, loss: 0.2952, lr: 3.27e-04
     Epoch[8] Iteration[360/1240], entropy: 0.4851, loss: 0.4851, lr: 4.77e-05
     Epoch[8] Iteration[370/1240], entropy: 0.6606, loss: 0.6606, lr: 4.77e-05
     Epoch[8] Iteration[380/1240], entropy: 0.4460, loss: 0.4460, lr: 3.27e-04
     Epoch[8] Iteration[390/1240], entropy: 0.4417, loss: 0.4417, lr: 5.00e-04
     Epoch[8] Iteration[400/1240], entropy: 0.6800, loss: 0.6800, lr: 3.27e-04
     Epoch[8] Iteration[410/1240], entropy: 0.4691, loss: 0.4691, lr: 4.77e-05
     Epoch[8] Iteration[420/1240], entropy: 0.6410, loss: 0.6410, lr: 4.77e-05
     Epoch[8] Iteration[430/1240], entropy: 0.5768, loss: 0.5768, lr: 3.27e-04
     Epoch[8] Iteration[440/1240], entropy: 0.4334, loss: 0.4334, lr: 5.00e-04
     Epoch[8] Iteration[450/1240], entropy: 0.4717, loss: 0.4717, lr: 3.27e-04
     Epoch[8] Iteration[460/1240], entropy: 0.6438, loss: 0.6438, lr: 4.77e-05
     Epoch[8] Iteration[470/1240], entropy: 0.4617, loss: 0.4617, lr: 4.77e-05
     Epoch[8] Iteration[480/1240], entropy: 0.5165, loss: 0.5165, lr: 3.27e-04
     Epoch[8] Iteration[490/1240], entropy: 0.4730, loss: 0.4730, lr: 5.00e-04
     Epoch[8] Iteration[500/1240], entropy: 0.4949, loss: 0.4949, lr: 3.27e-04
     Epoch[8] Iteration[510/1240], entropy: 0.6080, loss: 0.6080, lr: 4.77e-05
     Epoch[8] Iteration[520/1240], entropy: 0.3272, loss: 0.3272, lr: 4.77e-05
     Epoch[8] Iteration[530/1240], entropy: 0.4956, loss: 0.4956, lr: 3.27e-04
     Epoch[8] Iteration[540/1240], entropy: 0.4108, loss: 0.4108, lr: 5.00e-04
     Epoch[8] Iteration[550/1240], entropy: 0.5061, loss: 0.5061, lr: 3.27e-04
     Epoch[8] Iteration[560/1240], entropy: 0.6186, loss: 0.6186, lr: 4.77e-05
     Epoch[8] Iteration[570/1240], entropy: 0.8160, loss: 0.8160, lr: 4.77e-05
     Epoch[8] Iteration[580/1240], entropy: 0.4182, loss: 0.4182, lr: 3.27e-04
     Epoch[8] Iteration[590/1240], entropy: 0.4114, loss: 0.4114, lr: 5.00e-04
     Epoch[8] Iteration[600/1240], entropy: 0.3436, loss: 0.3436, lr: 3.27e-04
     Epoch[8] Iteration[610/1240], entropy: 0.6480, loss: 0.6480, lr: 4.77e-05
     Epoch[8] Iteration[620/1240], entropy: 0.5237, loss: 0.5237, lr: 4.77e-05
     Epoch[8] Iteration[630/1240], entropy: 0.6148, loss: 0.6148, lr: 3.27e-04
     Epoch[8] Iteration[640/1240], entropy: 0.3944, loss: 0.3944, lr: 5.00e-04
     Epoch[8] Iteration[650/1240], entropy: 0.4579, loss: 0.4579, lr: 3.27e-04
     Epoch[8] Iteration[660/1240], entropy: 0.3357, loss: 0.3357, lr: 4.77e-05
     Epoch[8] Iteration[670/1240], entropy: 0.5392, loss: 0.5392, lr: 4.77e-05
     Epoch[8] Iteration[680/1240], entropy: 0.4687, loss: 0.4687, lr: 3.27e-04
     Epoch[8] Iteration[690/1240], entropy: 0.4135, loss: 0.4135, lr: 5.00e-04
     Epoch[8] Iteration[700/1240], entropy: 0.4919, loss: 0.4919, lr: 3.27e-04
     Epoch[8] Iteration[710/1240], entropy: 0.6398, loss: 0.6398, lr: 4.77e-05
     Epoch[8] Iteration[720/1240], entropy: 0.5377, loss: 0.5377, lr: 4.77e-05
     Epoch[8] Iteration[730/1240], entropy: 0.7138, loss: 0.7138, lr: 3.27e-04
     Epoch[8] Iteration[740/1240], entropy: 0.6397, loss: 0.6397, lr: 5.00e-04
     Epoch[8] Iteration[750/1240], entropy: 0.3702, loss: 0.3702, lr: 3.27e-04
     Epoch[8] Iteration[760/1240], entropy: 0.5672, loss: 0.5672, lr: 4.77e-05
     Epoch[8] Iteration[770/1240], entropy: 0.4845, loss: 0.4845, lr: 4.77e-05
     Epoch[8] Iteration[780/1240], entropy: 0.5217, loss: 0.5217, lr: 3.27e-04
     Epoch[8] Iteration[790/1240], entropy: 0.3613, loss: 0.3613, lr: 5.00e-04
     Epoch[8] Iteration[800/1240], entropy: 0.5188, loss: 0.5188, lr: 3.27e-04
     Epoch[8] Iteration[810/1240], entropy: 0.5625, loss: 0.5625, lr: 4.77e-05
     Epoch[8] Iteration[820/1240], entropy: 0.5620, loss: 0.5620, lr: 4.77e-05
     Epoch[8] Iteration[830/1240], entropy: 0.5710, loss: 0.5710, lr: 3.27e-04
     Epoch[8] Iteration[840/1240], entropy: 0.6154, loss: 0.6154, lr: 5.00e-04
     Epoch[8] Iteration[850/1240], entropy: 0.5167, loss: 0.5167, lr: 3.27e-04
     Epoch[8] Iteration[860/1240], entropy: 0.4376, loss: 0.4376, lr: 4.77e-05
     Epoch[8] Iteration[870/1240], entropy: 0.4326, loss: 0.4326, lr: 4.77e-05
     Epoch[8] Iteration[880/1240], entropy: 0.5406, loss: 0.5406, lr: 3.27e-04
     Epoch[8] Iteration[890/1240], entropy: 0.5654, loss: 0.5654, lr: 5.00e-04
     Epoch[8] Iteration[900/1240], entropy: 0.4770, loss: 0.4770, lr: 3.27e-04
     Epoch[8] Iteration[910/1240], entropy: 0.5343, loss: 0.5343, lr: 4.77e-05
     Epoch[8] Iteration[920/1240], entropy: 0.3921, loss: 0.3921, lr: 4.77e-05
     Epoch[8] Iteration[930/1240], entropy: 0.5498, loss: 0.5498, lr: 3.27e-04
     Epoch[8] Iteration[940/1240], entropy: 0.5902, loss: 0.5902, lr: 5.00e-04
     Epoch[8] Iteration[950/1240], entropy: 0.3927, loss: 0.3927, lr: 3.27e-04
     Epoch[8] Iteration[960/1240], entropy: 0.5246, loss: 0.5246, lr: 4.77e-05
     Epoch[8] Iteration[970/1240], entropy: 0.6425, loss: 0.6425, lr: 4.77e-05
     Epoch[8] Iteration[980/1240], entropy: 0.4268, loss: 0.4268, lr: 3.27e-04
     Epoch[8] Iteration[990/1240], entropy: 0.4327, loss: 0.4327, lr: 5.00e-04
     Epoch[8] Iteration[1000/1240], entropy: 0.5436, loss: 0.5436, lr: 3.27e-04
     Epoch[8] Iteration[1010/1240], entropy: 0.3895, loss: 0.3895, lr: 4.77e-05
     Epoch[8] Iteration[1020/1240], entropy: 0.7084, loss: 0.7084, lr: 4.77e-05
     Epoch[8] Iteration[1030/1240], entropy: 0.6367, loss: 0.6367, lr: 3.27e-04
     Epoch[8] Iteration[1040/1240], entropy: 0.5959, loss: 0.5959, lr: 5.00e-04
     Epoch[8] Iteration[1050/1240], entropy: 0.4603, loss: 0.4603, lr: 3.27e-04
     Epoch[8] Iteration[1060/1240], entropy: 0.4414, loss: 0.4414, lr: 4.77e-05
     Epoch[8] Iteration[1070/1240], entropy: 0.5284, loss: 0.5284, lr: 4.77e-05
     Epoch[8] Iteration[1080/1240], entropy: 0.4162, loss: 0.4162, lr: 3.27e-04
     Epoch[8] Iteration[1090/1240], entropy: 0.5554, loss: 0.5554, lr: 4.98e-04
     Epoch[8] Iteration[1100/1240], entropy: 0.3434, loss: 0.3434, lr: 3.56e-04
     Epoch[8] Iteration[1110/1240], entropy: 0.3862, loss: 0.3862, lr: 6.78e-05
     Epoch[8] Iteration[1120/1240], entropy: 0.6510, loss: 0.6510, lr: 3.09e-05
     Epoch[8] Iteration[1130/1240], entropy: 0.6248, loss: 0.6248, lr: 2.97e-04
     Epoch[8] Iteration[1140/1240], entropy: 0.5051, loss: 0.5051, lr: 4.98e-04
     Epoch[8] Iteration[1150/1240], entropy: 0.4825, loss: 0.4825, lr: 3.56e-04
     Epoch[8] Iteration[1160/1240], entropy: 0.5464, loss: 0.5464, lr: 6.78e-05
     Epoch[8] Iteration[1170/1240], entropy: 0.4048, loss: 0.4048, lr: 3.09e-05
     Epoch[8] Iteration[1180/1240], entropy: 0.6893, loss: 0.6893, lr: 2.97e-04
     Epoch[8] Iteration[1190/1240], entropy: 0.4320, loss: 0.4320, lr: 4.98e-04
     Epoch[8] Iteration[1200/1240], entropy: 0.4823, loss: 0.4823, lr: 3.56e-04
     Epoch[8] Iteration[1210/1240], entropy: 0.4716, loss: 0.4716, lr: 6.78e-05
     Epoch[8] Iteration[1220/1240], entropy: 0.4166, loss: 0.4166, lr: 3.09e-05
     Epoch[8] Iteration[1230/1240], entropy: 0.7041, loss: 0.7041, lr: 2.97e-04
     Epoch[8] Iteration[1240/1240], entropy: 0.4449, loss: 0.4449, lr: 4.98e-04
     Averaged stats: entropy: 0.4449, loss: 0.4449, lr: 4.98e-04
     itm tta time 0:03:25
### TTA Eval Score: 
+-------+--------+--------+--------+--------+-------+
| epoch |   R1   |   R5   |  R10   |  mAP   |  mINP |
+-------+--------+--------+--------+--------+-------+
|  -999 | 60.641 | 77.509 | 83.268 | 35.542 | 6.004 |
|   0   | 6.822  | 15.508 | 20.864 | 3.247  | 0.505 |
|   1   | 2.882  | 7.426  | 10.858 | 1.526  | 0.303 |
|   2   | 1.642  | 4.993  | 7.895  | 1.068  | 0.248 |
|   3   | 1.134  | 3.602  | 6.142  | 0.825  | 0.218 |
|   4   | 0.912  | 2.801  | 4.958  | 0.683  | 0.206 |
|   5   | 0.816  | 2.484  | 4.318  | 0.629  | 0.199 |
|   6   | 0.715  | 2.267  | 3.950  | 0.570  | 0.190 |
|   7   | 0.630  | 1.904  | 3.391  | 0.516  | 0.184 |
|   8   | 0.544  | 1.950  | 3.416  | 0.504  | 0.181 |
+-------+--------+--------+--------+--------+-------+
     logs:  {'epo': 8, 'R1': 0.544, 'R5': 1.95, 'R10': 3.416, 'mAP': 0.504, 'mINP': 0.181, 'entropy': 0.5167977581581762, 'loss': 0.5167977581581762, 'lr': 0.0002493610840865752}
     Epoch[9] Iteration[10/1240], entropy: 0.5328, loss: 0.5328, lr: 3.56e-04
     Epoch[9] Iteration[20/1240], entropy: 0.4976, loss: 0.4976, lr: 6.78e-05
     Epoch[9] Iteration[30/1240], entropy: 0.3573, loss: 0.3573, lr: 3.09e-05
     Epoch[9] Iteration[40/1240], entropy: 0.5781, loss: 0.5781, lr: 2.97e-04
     Epoch[9] Iteration[50/1240], entropy: 0.5213, loss: 0.5213, lr: 4.98e-04
     Epoch[9] Iteration[60/1240], entropy: 0.5369, loss: 0.5369, lr: 3.56e-04
     Epoch[9] Iteration[70/1240], entropy: 0.4875, loss: 0.4875, lr: 6.78e-05
     Epoch[9] Iteration[80/1240], entropy: 0.5439, loss: 0.5439, lr: 3.09e-05
     Epoch[9] Iteration[90/1240], entropy: 0.5037, loss: 0.5037, lr: 2.97e-04
     Epoch[9] Iteration[100/1240], entropy: 0.4437, loss: 0.4437, lr: 4.98e-04
     Epoch[9] Iteration[110/1240], entropy: 0.4103, loss: 0.4103, lr: 3.56e-04
     Epoch[9] Iteration[120/1240], entropy: 0.3542, loss: 0.3542, lr: 6.78e-05
     Epoch[9] Iteration[130/1240], entropy: 0.5923, loss: 0.5923, lr: 3.09e-05
     Epoch[9] Iteration[140/1240], entropy: 0.4834, loss: 0.4834, lr: 2.97e-04
     Epoch[9] Iteration[150/1240], entropy: 0.8004, loss: 0.8004, lr: 4.98e-04
     Epoch[9] Iteration[160/1240], entropy: 0.4548, loss: 0.4548, lr: 3.56e-04
     Epoch[9] Iteration[170/1240], entropy: 0.5830, loss: 0.5830, lr: 6.78e-05
     Epoch[9] Iteration[180/1240], entropy: 0.6229, loss: 0.6229, lr: 3.09e-05
     Epoch[9] Iteration[190/1240], entropy: 0.5872, loss: 0.5872, lr: 2.97e-04
     Epoch[9] Iteration[200/1240], entropy: 0.5333, loss: 0.5333, lr: 4.98e-04
     Epoch[9] Iteration[210/1240], entropy: 0.6661, loss: 0.6661, lr: 3.56e-04
     Epoch[9] Iteration[220/1240], entropy: 0.6314, loss: 0.6314, lr: 6.78e-05
     Epoch[9] Iteration[230/1240], entropy: 0.6451, loss: 0.6451, lr: 3.09e-05
     Epoch[9] Iteration[240/1240], entropy: 0.5629, loss: 0.5629, lr: 2.97e-04
     Epoch[9] Iteration[250/1240], entropy: 0.6069, loss: 0.6069, lr: 4.98e-04
     Epoch[9] Iteration[260/1240], entropy: 0.4692, loss: 0.4692, lr: 3.56e-04
     Epoch[9] Iteration[270/1240], entropy: 0.4873, loss: 0.4873, lr: 6.78e-05
     Epoch[9] Iteration[280/1240], entropy: 0.5004, loss: 0.5004, lr: 3.09e-05
     Epoch[9] Iteration[290/1240], entropy: 0.6328, loss: 0.6328, lr: 2.97e-04
     Epoch[9] Iteration[300/1240], entropy: 0.4543, loss: 0.4543, lr: 4.98e-04
     Epoch[9] Iteration[310/1240], entropy: 0.5891, loss: 0.5891, lr: 3.56e-04
     Epoch[9] Iteration[320/1240], entropy: 0.3654, loss: 0.3654, lr: 6.78e-05
     Epoch[9] Iteration[330/1240], entropy: 0.3583, loss: 0.3583, lr: 3.09e-05
     Epoch[9] Iteration[340/1240], entropy: 0.4546, loss: 0.4546, lr: 2.97e-04
     Epoch[9] Iteration[350/1240], entropy: 0.5626, loss: 0.5626, lr: 4.98e-04
     Epoch[9] Iteration[360/1240], entropy: 0.5886, loss: 0.5886, lr: 3.56e-04
     Epoch[9] Iteration[370/1240], entropy: 0.5134, loss: 0.5134, lr: 6.78e-05
     Epoch[9] Iteration[380/1240], entropy: 0.4671, loss: 0.4671, lr: 3.09e-05
     Epoch[9] Iteration[390/1240], entropy: 0.4540, loss: 0.4540, lr: 2.97e-04
     Epoch[9] Iteration[400/1240], entropy: 0.5784, loss: 0.5784, lr: 4.98e-04
     Epoch[9] Iteration[410/1240], entropy: 0.3924, loss: 0.3924, lr: 3.56e-04
     Epoch[9] Iteration[420/1240], entropy: 0.6728, loss: 0.6728, lr: 6.78e-05
     Epoch[9] Iteration[430/1240], entropy: 0.3875, loss: 0.3875, lr: 3.09e-05
     Epoch[9] Iteration[440/1240], entropy: 0.4310, loss: 0.4310, lr: 2.97e-04
     Epoch[9] Iteration[450/1240], entropy: 0.5022, loss: 0.5022, lr: 4.98e-04
     Epoch[9] Iteration[460/1240], entropy: 0.4902, loss: 0.4902, lr: 3.56e-04
     Epoch[9] Iteration[470/1240], entropy: 0.5021, loss: 0.5021, lr: 6.78e-05
     Epoch[9] Iteration[480/1240], entropy: 0.6127, loss: 0.6127, lr: 3.09e-05
     Epoch[9] Iteration[490/1240], entropy: 0.5649, loss: 0.5649, lr: 2.97e-04
     Epoch[9] Iteration[500/1240], entropy: 0.3330, loss: 0.3330, lr: 4.98e-04
     Epoch[9] Iteration[510/1240], entropy: 0.4417, loss: 0.4417, lr: 3.56e-04
     Epoch[9] Iteration[520/1240], entropy: 0.3008, loss: 0.3008, lr: 6.78e-05
     Epoch[9] Iteration[530/1240], entropy: 0.7172, loss: 0.7172, lr: 3.09e-05
     Epoch[9] Iteration[540/1240], entropy: 0.4677, loss: 0.4677, lr: 2.97e-04
     Epoch[9] Iteration[550/1240], entropy: 0.4236, loss: 0.4236, lr: 4.98e-04
     Epoch[9] Iteration[560/1240], entropy: 0.3794, loss: 0.3794, lr: 3.56e-04
     Epoch[9] Iteration[570/1240], entropy: 0.4610, loss: 0.4610, lr: 6.78e-05
     Epoch[9] Iteration[580/1240], entropy: 0.4909, loss: 0.4909, lr: 3.09e-05
     Epoch[9] Iteration[590/1240], entropy: 0.2160, loss: 0.2160, lr: 2.97e-04
     Epoch[9] Iteration[600/1240], entropy: 0.4067, loss: 0.4067, lr: 4.98e-04
     Epoch[9] Iteration[610/1240], entropy: 0.4936, loss: 0.4936, lr: 3.56e-04
     Epoch[9] Iteration[620/1240], entropy: 0.4455, loss: 0.4455, lr: 6.78e-05
     Epoch[9] Iteration[630/1240], entropy: 0.5531, loss: 0.5531, lr: 3.09e-05
     Epoch[9] Iteration[640/1240], entropy: 0.4477, loss: 0.4477, lr: 2.97e-04
     Epoch[9] Iteration[650/1240], entropy: 0.4404, loss: 0.4404, lr: 4.98e-04
     Epoch[9] Iteration[660/1240], entropy: 0.5207, loss: 0.5207, lr: 3.56e-04
     Epoch[9] Iteration[670/1240], entropy: 0.3616, loss: 0.3616, lr: 6.78e-05
     Epoch[9] Iteration[680/1240], entropy: 0.6619, loss: 0.6619, lr: 3.09e-05
     Epoch[9] Iteration[690/1240], entropy: 0.4087, loss: 0.4087, lr: 2.97e-04
     Epoch[9] Iteration[700/1240], entropy: 0.5215, loss: 0.5215, lr: 4.98e-04
     Epoch[9] Iteration[710/1240], entropy: 0.5025, loss: 0.5025, lr: 3.56e-04
     Epoch[9] Iteration[720/1240], entropy: 0.5836, loss: 0.5836, lr: 6.78e-05
     Epoch[9] Iteration[730/1240], entropy: 0.5058, loss: 0.5058, lr: 3.09e-05
     Epoch[9] Iteration[740/1240], entropy: 0.5852, loss: 0.5852, lr: 2.97e-04
     Epoch[9] Iteration[750/1240], entropy: 0.3428, loss: 0.3428, lr: 4.98e-04
     Epoch[9] Iteration[760/1240], entropy: 0.4224, loss: 0.4224, lr: 3.56e-04
     Epoch[9] Iteration[770/1240], entropy: 0.5277, loss: 0.5277, lr: 6.78e-05
     Epoch[9] Iteration[780/1240], entropy: 0.4018, loss: 0.4018, lr: 3.09e-05
     Epoch[9] Iteration[790/1240], entropy: 0.6560, loss: 0.6560, lr: 2.97e-04
     Epoch[9] Iteration[800/1240], entropy: 0.7823, loss: 0.7823, lr: 4.98e-04
     Epoch[9] Iteration[810/1240], entropy: 0.4749, loss: 0.4749, lr: 3.56e-04
     Epoch[9] Iteration[820/1240], entropy: 0.3967, loss: 0.3967, lr: 6.78e-05
     Epoch[9] Iteration[830/1240], entropy: 0.5767, loss: 0.5767, lr: 3.09e-05
     Epoch[9] Iteration[840/1240], entropy: 0.5917, loss: 0.5917, lr: 2.97e-04
     Epoch[9] Iteration[850/1240], entropy: 0.4753, loss: 0.4753, lr: 4.98e-04
     Epoch[9] Iteration[860/1240], entropy: 0.6750, loss: 0.6750, lr: 3.56e-04
     Epoch[9] Iteration[870/1240], entropy: 0.5518, loss: 0.5518, lr: 6.78e-05
     Epoch[9] Iteration[880/1240], entropy: 0.5079, loss: 0.5079, lr: 3.09e-05
     Epoch[9] Iteration[890/1240], entropy: 0.5286, loss: 0.5286, lr: 2.97e-04
     Epoch[9] Iteration[900/1240], entropy: 0.6065, loss: 0.6065, lr: 4.98e-04
     Epoch[9] Iteration[910/1240], entropy: 0.7243, loss: 0.7243, lr: 3.56e-04
     Epoch[9] Iteration[920/1240], entropy: 0.5544, loss: 0.5544, lr: 6.78e-05
     Epoch[9] Iteration[930/1240], entropy: 0.3629, loss: 0.3629, lr: 3.09e-05
     Epoch[9] Iteration[940/1240], entropy: 0.5498, loss: 0.5498, lr: 2.97e-04
     Epoch[9] Iteration[950/1240], entropy: 0.5119, loss: 0.5119, lr: 4.98e-04
     Epoch[9] Iteration[960/1240], entropy: 0.6539, loss: 0.6539, lr: 3.56e-04
     Epoch[9] Iteration[970/1240], entropy: 0.4056, loss: 0.4056, lr: 6.78e-05
     Epoch[9] Iteration[980/1240], entropy: 0.4193, loss: 0.4193, lr: 3.09e-05
     Epoch[9] Iteration[990/1240], entropy: 0.3095, loss: 0.3095, lr: 2.97e-04
     Epoch[9] Iteration[1000/1240], entropy: 0.5142, loss: 0.5142, lr: 4.98e-04
     Epoch[9] Iteration[1010/1240], entropy: 0.3210, loss: 0.3210, lr: 3.56e-04
     Epoch[9] Iteration[1020/1240], entropy: 0.6201, loss: 0.6201, lr: 6.78e-05
     Epoch[9] Iteration[1030/1240], entropy: 0.5852, loss: 0.5852, lr: 3.09e-05
     Epoch[9] Iteration[1040/1240], entropy: 0.5890, loss: 0.5890, lr: 2.97e-04
     Epoch[9] Iteration[1050/1240], entropy: 0.4999, loss: 0.4999, lr: 4.98e-04
     Epoch[9] Iteration[1060/1240], entropy: 0.5514, loss: 0.5514, lr: 3.56e-04
     Epoch[9] Iteration[1070/1240], entropy: 0.5597, loss: 0.5597, lr: 6.78e-05
     Epoch[9] Iteration[1080/1240], entropy: 0.6186, loss: 0.6186, lr: 3.09e-05
     Epoch[9] Iteration[1090/1240], entropy: 0.4768, loss: 0.4768, lr: 2.97e-04
     Epoch[9] Iteration[1100/1240], entropy: 0.5436, loss: 0.5436, lr: 4.98e-04
     Epoch[9] Iteration[1110/1240], entropy: 0.5829, loss: 0.5829, lr: 3.56e-04
     Epoch[9] Iteration[1120/1240], entropy: 0.5224, loss: 0.5224, lr: 6.78e-05
     Epoch[9] Iteration[1130/1240], entropy: 0.4067, loss: 0.4067, lr: 3.09e-05
     Epoch[9] Iteration[1140/1240], entropy: 0.5651, loss: 0.5651, lr: 2.97e-04
     Epoch[9] Iteration[1150/1240], entropy: 0.6596, loss: 0.6596, lr: 4.98e-04
     Epoch[9] Iteration[1160/1240], entropy: 0.5427, loss: 0.5427, lr: 3.56e-04
     Epoch[9] Iteration[1170/1240], entropy: 0.3902, loss: 0.3902, lr: 6.78e-05
     Epoch[9] Iteration[1180/1240], entropy: 0.3781, loss: 0.3781, lr: 3.09e-05
     Epoch[9] Iteration[1190/1240], entropy: 0.4324, loss: 0.4324, lr: 2.97e-04
     Epoch[9] Iteration[1200/1240], entropy: 0.4373, loss: 0.4373, lr: 4.98e-04
     Epoch[9] Iteration[1210/1240], entropy: 0.6867, loss: 0.6867, lr: 3.56e-04
     Epoch[9] Iteration[1220/1240], entropy: 0.5473, loss: 0.5473, lr: 6.78e-05
     Epoch[9] Iteration[1230/1240], entropy: 0.4606, loss: 0.4606, lr: 3.09e-05
     Epoch[9] Iteration[1240/1240], entropy: 0.3756, loss: 0.3756, lr: 2.97e-04
     Averaged stats: entropy: 0.3756, loss: 0.3756, lr: 2.97e-04
     itm tta time 0:03:25
### TTA Eval Score: 
+-------+--------+--------+--------+--------+-------+
| epoch |   R1   |   R5   |  R10   |  mAP   |  mINP |
+-------+--------+--------+--------+--------+-------+
|  -999 | 60.641 | 77.509 | 83.268 | 35.542 | 6.004 |
|   0   | 6.822  | 15.508 | 20.864 | 3.247  | 0.505 |
|   1   | 2.882  | 7.426  | 10.858 | 1.526  | 0.303 |
|   2   | 1.642  | 4.993  | 7.895  | 1.068  | 0.248 |
|   3   | 1.134  | 3.602  | 6.142  | 0.825  | 0.218 |
|   4   | 0.912  | 2.801  | 4.958  | 0.683  | 0.206 |
|   5   | 0.816  | 2.484  | 4.318  | 0.629  | 0.199 |
|   6   | 0.715  | 2.267  | 3.950  | 0.570  | 0.190 |
|   7   | 0.630  | 1.904  | 3.391  | 0.516  | 0.184 |
|   8   | 0.544  | 1.950  | 3.416  | 0.504  | 0.181 |
|   9   | 0.509  | 1.854  | 3.330  | 0.496  | 0.182 |
+-------+--------+--------+--------+--------+-------+
     logs:  {'epo': 9, 'R1': 0.509, 'R5': 1.854, 'R10': 3.33, 'mAP': 0.496, 'mINP': 0.182, 'entropy': 0.5089921722969701, 'loss': 0.5089921722969701, 'lr': 0.00024799976874735234}
     Epoch[10] Iteration[10/1240], entropy: 0.4650, loss: 0.4650, lr: 4.98e-04
     Epoch[10] Iteration[20/1240], entropy: 0.4151, loss: 0.4151, lr: 3.56e-04
     Epoch[10] Iteration[30/1240], entropy: 0.5644, loss: 0.5644, lr: 6.78e-05
     Epoch[10] Iteration[40/1240], entropy: 0.4924, loss: 0.4924, lr: 3.09e-05
     Epoch[10] Iteration[50/1240], entropy: 0.5417, loss: 0.5417, lr: 2.97e-04
     Epoch[10] Iteration[60/1240], entropy: 0.6419, loss: 0.6419, lr: 4.98e-04
     Epoch[10] Iteration[70/1240], entropy: 0.5292, loss: 0.5292, lr: 3.56e-04
     Epoch[10] Iteration[80/1240], entropy: 0.5424, loss: 0.5424, lr: 6.78e-05
     Epoch[10] Iteration[90/1240], entropy: 0.4604, loss: 0.4604, lr: 3.09e-05
     Epoch[10] Iteration[100/1240], entropy: 0.3912, loss: 0.3912, lr: 2.97e-04
     Epoch[10] Iteration[110/1240], entropy: 0.4515, loss: 0.4515, lr: 4.98e-04
     Epoch[10] Iteration[120/1240], entropy: 0.3142, loss: 0.3142, lr: 3.56e-04
     Epoch[10] Iteration[130/1240], entropy: 0.4159, loss: 0.4159, lr: 6.78e-05
     Epoch[10] Iteration[140/1240], entropy: 0.4714, loss: 0.4714, lr: 3.09e-05
     Epoch[10] Iteration[150/1240], entropy: 0.5854, loss: 0.5854, lr: 2.97e-04
     Epoch[10] Iteration[160/1240], entropy: 0.3291, loss: 0.3291, lr: 4.98e-04
     Epoch[10] Iteration[170/1240], entropy: 0.2467, loss: 0.2467, lr: 3.56e-04
     Epoch[10] Iteration[180/1240], entropy: 0.7015, loss: 0.7015, lr: 6.78e-05
     Epoch[10] Iteration[190/1240], entropy: 0.7304, loss: 0.7304, lr: 3.09e-05
     Epoch[10] Iteration[200/1240], entropy: 0.3692, loss: 0.3692, lr: 2.97e-04
     Epoch[10] Iteration[210/1240], entropy: 0.5232, loss: 0.5232, lr: 4.98e-04
     Epoch[10] Iteration[220/1240], entropy: 0.3881, loss: 0.3881, lr: 3.56e-04
     Epoch[10] Iteration[230/1240], entropy: 0.5293, loss: 0.5293, lr: 6.78e-05
     Epoch[10] Iteration[240/1240], entropy: 0.3881, loss: 0.3881, lr: 3.09e-05
     Epoch[10] Iteration[250/1240], entropy: 0.4723, loss: 0.4723, lr: 2.97e-04
     Epoch[10] Iteration[260/1240], entropy: 0.3965, loss: 0.3965, lr: 4.98e-04
     Epoch[10] Iteration[270/1240], entropy: 0.5417, loss: 0.5417, lr: 3.56e-04
     Epoch[10] Iteration[280/1240], entropy: 0.5598, loss: 0.5598, lr: 6.78e-05
     Epoch[10] Iteration[290/1240], entropy: 0.3920, loss: 0.3920, lr: 3.09e-05
     Epoch[10] Iteration[300/1240], entropy: 0.7275, loss: 0.7275, lr: 2.97e-04
     Epoch[10] Iteration[310/1240], entropy: 0.6525, loss: 0.6525, lr: 4.98e-04
     Epoch[10] Iteration[320/1240], entropy: 0.5010, loss: 0.5010, lr: 3.56e-04
     Epoch[10] Iteration[330/1240], entropy: 0.6602, loss: 0.6602, lr: 6.78e-05
     Epoch[10] Iteration[340/1240], entropy: 0.4652, loss: 0.4652, lr: 3.09e-05
     Epoch[10] Iteration[350/1240], entropy: 0.3507, loss: 0.3507, lr: 2.97e-04
     Epoch[10] Iteration[360/1240], entropy: 0.4797, loss: 0.4797, lr: 4.98e-04
     Epoch[10] Iteration[370/1240], entropy: 0.5446, loss: 0.5446, lr: 3.56e-04
     Epoch[10] Iteration[380/1240], entropy: 0.5908, loss: 0.5908, lr: 6.78e-05
     Epoch[10] Iteration[390/1240], entropy: 0.6549, loss: 0.6549, lr: 3.09e-05
     Epoch[10] Iteration[400/1240], entropy: 0.4959, loss: 0.4959, lr: 2.97e-04
     Epoch[10] Iteration[410/1240], entropy: 0.5687, loss: 0.5687, lr: 4.98e-04
     Epoch[10] Iteration[420/1240], entropy: 0.3675, loss: 0.3675, lr: 3.56e-04
     Epoch[10] Iteration[430/1240], entropy: 0.4527, loss: 0.4527, lr: 6.78e-05
     Epoch[10] Iteration[440/1240], entropy: 0.3878, loss: 0.3878, lr: 3.09e-05
     Epoch[10] Iteration[450/1240], entropy: 0.6266, loss: 0.6266, lr: 2.97e-04
     Epoch[10] Iteration[460/1240], entropy: 0.5740, loss: 0.5740, lr: 4.98e-04
     Epoch[10] Iteration[470/1240], entropy: 0.4071, loss: 0.4071, lr: 3.56e-04
     Epoch[10] Iteration[480/1240], entropy: 0.4889, loss: 0.4889, lr: 6.78e-05
     Epoch[10] Iteration[490/1240], entropy: 0.7779, loss: 0.7779, lr: 3.09e-05
     Epoch[10] Iteration[500/1240], entropy: 0.4492, loss: 0.4492, lr: 2.97e-04
     Epoch[10] Iteration[510/1240], entropy: 0.4491, loss: 0.4491, lr: 4.98e-04
     Epoch[10] Iteration[520/1240], entropy: 0.4854, loss: 0.4854, lr: 3.56e-04
     Epoch[10] Iteration[530/1240], entropy: 0.4097, loss: 0.4097, lr: 6.78e-05
     Epoch[10] Iteration[540/1240], entropy: 0.5873, loss: 0.5873, lr: 3.09e-05
     Epoch[10] Iteration[550/1240], entropy: 0.5314, loss: 0.5314, lr: 2.97e-04
     Epoch[10] Iteration[560/1240], entropy: 0.4659, loss: 0.4659, lr: 4.98e-04
     Epoch[10] Iteration[570/1240], entropy: 0.5956, loss: 0.5956, lr: 3.56e-04
     Epoch[10] Iteration[580/1240], entropy: 0.4612, loss: 0.4612, lr: 6.78e-05
     Epoch[10] Iteration[590/1240], entropy: 0.5679, loss: 0.5679, lr: 3.09e-05
     Epoch[10] Iteration[600/1240], entropy: 0.4965, loss: 0.4965, lr: 2.97e-04
     Epoch[10] Iteration[610/1240], entropy: 0.4455, loss: 0.4455, lr: 4.92e-04
     Epoch[10] Iteration[620/1240], entropy: 0.4992, loss: 0.4992, lr: 3.84e-04
     Epoch[10] Iteration[630/1240], entropy: 0.2320, loss: 0.2320, lr: 9.06e-05
     Epoch[10] Iteration[640/1240], entropy: 0.6023, loss: 0.6023, lr: 1.76e-05
     Epoch[10] Iteration[650/1240], entropy: 0.6546, loss: 0.6546, lr: 2.66e-04
     Epoch[10] Iteration[660/1240], entropy: 0.6725, loss: 0.6725, lr: 4.92e-04
     Epoch[10] Iteration[670/1240], entropy: 0.5057, loss: 0.5057, lr: 3.84e-04
     Epoch[10] Iteration[680/1240], entropy: 0.4083, loss: 0.4083, lr: 9.06e-05
     Epoch[10] Iteration[690/1240], entropy: 0.2179, loss: 0.2179, lr: 1.76e-05
     Epoch[10] Iteration[700/1240], entropy: 0.5602, loss: 0.5602, lr: 2.66e-04
     Epoch[10] Iteration[710/1240], entropy: 0.7145, loss: 0.7145, lr: 4.92e-04
     Epoch[10] Iteration[720/1240], entropy: 0.5117, loss: 0.5117, lr: 3.84e-04
     Epoch[10] Iteration[730/1240], entropy: 0.6378, loss: 0.6378, lr: 9.06e-05
     Epoch[10] Iteration[740/1240], entropy: 0.4736, loss: 0.4736, lr: 1.76e-05
     Epoch[10] Iteration[750/1240], entropy: 0.4826, loss: 0.4826, lr: 2.66e-04
     Epoch[10] Iteration[760/1240], entropy: 0.6558, loss: 0.6558, lr: 4.92e-04
     Epoch[10] Iteration[770/1240], entropy: 0.5676, loss: 0.5676, lr: 3.84e-04
     Epoch[10] Iteration[780/1240], entropy: 0.4716, loss: 0.4716, lr: 9.06e-05
     Epoch[10] Iteration[790/1240], entropy: 0.6811, loss: 0.6811, lr: 1.76e-05
     Epoch[10] Iteration[800/1240], entropy: 0.5220, loss: 0.5220, lr: 2.66e-04
     Epoch[10] Iteration[810/1240], entropy: 0.6109, loss: 0.6109, lr: 4.92e-04
     Epoch[10] Iteration[820/1240], entropy: 0.4941, loss: 0.4941, lr: 3.84e-04
     Epoch[10] Iteration[830/1240], entropy: 0.4738, loss: 0.4738, lr: 9.06e-05
     Epoch[10] Iteration[840/1240], entropy: 0.4454, loss: 0.4454, lr: 1.76e-05
     Epoch[10] Iteration[850/1240], entropy: 0.5155, loss: 0.5155, lr: 2.66e-04
     Epoch[10] Iteration[860/1240], entropy: 0.5346, loss: 0.5346, lr: 4.92e-04
     Epoch[10] Iteration[870/1240], entropy: 0.5367, loss: 0.5367, lr: 3.84e-04
     Epoch[10] Iteration[880/1240], entropy: 0.4025, loss: 0.4025, lr: 9.06e-05
     Epoch[10] Iteration[890/1240], entropy: 0.3935, loss: 0.3935, lr: 1.76e-05
     Epoch[10] Iteration[900/1240], entropy: 0.4205, loss: 0.4205, lr: 2.66e-04
     Epoch[10] Iteration[910/1240], entropy: 0.2644, loss: 0.2644, lr: 4.92e-04
     Epoch[10] Iteration[920/1240], entropy: 0.6045, loss: 0.6045, lr: 3.84e-04
     Epoch[10] Iteration[930/1240], entropy: 0.5389, loss: 0.5389, lr: 9.06e-05
     Epoch[10] Iteration[940/1240], entropy: 0.4301, loss: 0.4301, lr: 1.76e-05
     Epoch[10] Iteration[950/1240], entropy: 0.3508, loss: 0.3508, lr: 2.66e-04
     Epoch[10] Iteration[960/1240], entropy: 0.4363, loss: 0.4363, lr: 4.92e-04
     Epoch[10] Iteration[970/1240], entropy: 0.6154, loss: 0.6154, lr: 3.84e-04
     Epoch[10] Iteration[980/1240], entropy: 0.3483, loss: 0.3483, lr: 9.06e-05
     Epoch[10] Iteration[990/1240], entropy: 0.6460, loss: 0.6460, lr: 1.76e-05
     Epoch[10] Iteration[1000/1240], entropy: 0.4313, loss: 0.4313, lr: 2.66e-04
     Epoch[10] Iteration[1010/1240], entropy: 0.6715, loss: 0.6715, lr: 4.92e-04
     Epoch[10] Iteration[1020/1240], entropy: 0.5236, loss: 0.5236, lr: 3.84e-04
     Epoch[10] Iteration[1030/1240], entropy: 0.5396, loss: 0.5396, lr: 9.06e-05
     Epoch[10] Iteration[1040/1240], entropy: 0.5068, loss: 0.5068, lr: 1.76e-05
     Epoch[10] Iteration[1050/1240], entropy: 0.5928, loss: 0.5928, lr: 2.66e-04
     Epoch[10] Iteration[1060/1240], entropy: 0.6455, loss: 0.6455, lr: 4.92e-04
     Epoch[10] Iteration[1070/1240], entropy: 0.6892, loss: 0.6892, lr: 3.84e-04
     Epoch[10] Iteration[1080/1240], entropy: 0.5205, loss: 0.5205, lr: 9.06e-05
     Epoch[10] Iteration[1090/1240], entropy: 0.6795, loss: 0.6795, lr: 1.76e-05
     Epoch[10] Iteration[1100/1240], entropy: 0.4195, loss: 0.4195, lr: 2.66e-04
     Epoch[10] Iteration[1110/1240], entropy: 0.5812, loss: 0.5812, lr: 4.92e-04
     Epoch[10] Iteration[1120/1240], entropy: 0.6116, loss: 0.6116, lr: 3.84e-04
     Epoch[10] Iteration[1130/1240], entropy: 0.4678, loss: 0.4678, lr: 9.06e-05
     Epoch[10] Iteration[1140/1240], entropy: 0.5357, loss: 0.5357, lr: 1.76e-05
     Epoch[10] Iteration[1150/1240], entropy: 0.5335, loss: 0.5335, lr: 2.66e-04
     Epoch[10] Iteration[1160/1240], entropy: 0.4755, loss: 0.4755, lr: 4.92e-04
     Epoch[10] Iteration[1170/1240], entropy: 0.4387, loss: 0.4387, lr: 3.84e-04
     Epoch[10] Iteration[1180/1240], entropy: 0.2783, loss: 0.2783, lr: 9.06e-05
     Epoch[10] Iteration[1190/1240], entropy: 0.3943, loss: 0.3943, lr: 1.76e-05
     Epoch[10] Iteration[1200/1240], entropy: 0.5310, loss: 0.5310, lr: 2.66e-04
     Epoch[10] Iteration[1210/1240], entropy: 0.4356, loss: 0.4356, lr: 4.92e-04
     Epoch[10] Iteration[1220/1240], entropy: 0.4076, loss: 0.4076, lr: 3.84e-04
     Epoch[10] Iteration[1230/1240], entropy: 0.5375, loss: 0.5375, lr: 9.06e-05
     Epoch[10] Iteration[1240/1240], entropy: 0.6040, loss: 0.6040, lr: 1.76e-05
     Averaged stats: entropy: 0.6040, loss: 0.6040, lr: 1.76e-05
     itm tta time 0:03:25
### TTA Eval Score: 
+-------+--------+--------+--------+--------+-------+
| epoch |   R1   |   R5   |  R10   |  mAP   |  mINP |
+-------+--------+--------+--------+--------+-------+
|  -999 | 60.641 | 77.509 | 83.268 | 35.542 | 6.004 |
|   0   | 6.822  | 15.508 | 20.864 | 3.247  | 0.505 |
|   1   | 2.882  | 7.426  | 10.858 | 1.526  | 0.303 |
|   2   | 1.642  | 4.993  | 7.895  | 1.068  | 0.248 |
|   3   | 1.134  | 3.602  | 6.142  | 0.825  | 0.218 |
|   4   | 0.912  | 2.801  | 4.958  | 0.683  | 0.206 |
|   5   | 0.816  | 2.484  | 4.318  | 0.629  | 0.199 |
|   6   | 0.715  | 2.267  | 3.950  | 0.570  | 0.190 |
|   7   | 0.630  | 1.904  | 3.391  | 0.516  | 0.184 |
|   8   | 0.544  | 1.950  | 3.416  | 0.504  | 0.181 |
|   9   | 0.509  | 1.854  | 3.330  | 0.496  | 0.182 |
|   10  | 0.453  | 1.894  | 3.381  | 0.490  | 0.180 |
+-------+--------+--------+--------+--------+-------+
     logs:  {'epo': 10, 'R1': 0.453, 'R5': 1.894, 'R10': 3.381, 'mAP': 0.49, 'mINP': 0.18, 'entropy': 0.5060808826838771, 'loss': 0.5060808826838771, 'lr': 0.0002498734062106171}
     Epoch[11] Iteration[10/1240], entropy: 0.4170, loss: 0.4170, lr: 2.66e-04
     Epoch[11] Iteration[20/1240], entropy: 0.6995, loss: 0.6995, lr: 4.92e-04
     Epoch[11] Iteration[30/1240], entropy: 0.5803, loss: 0.5803, lr: 3.84e-04
     Epoch[11] Iteration[40/1240], entropy: 0.4810, loss: 0.4810, lr: 9.06e-05
     Epoch[11] Iteration[50/1240], entropy: 0.4412, loss: 0.4412, lr: 1.76e-05
     Epoch[11] Iteration[60/1240], entropy: 0.4214, loss: 0.4214, lr: 2.66e-04
     Epoch[11] Iteration[70/1240], entropy: 0.4477, loss: 0.4477, lr: 4.92e-04
     Epoch[11] Iteration[80/1240], entropy: 0.5060, loss: 0.5060, lr: 3.84e-04
     Epoch[11] Iteration[90/1240], entropy: 0.5905, loss: 0.5905, lr: 9.06e-05
     Epoch[11] Iteration[100/1240], entropy: 0.4936, loss: 0.4936, lr: 1.76e-05
     Epoch[11] Iteration[110/1240], entropy: 0.3870, loss: 0.3870, lr: 2.66e-04
     Epoch[11] Iteration[120/1240], entropy: 0.3790, loss: 0.3790, lr: 4.92e-04
     Epoch[11] Iteration[130/1240], entropy: 0.6432, loss: 0.6432, lr: 3.84e-04
     Epoch[11] Iteration[140/1240], entropy: 0.4228, loss: 0.4228, lr: 9.06e-05
     Epoch[11] Iteration[150/1240], entropy: 0.5634, loss: 0.5634, lr: 1.76e-05
     Epoch[11] Iteration[160/1240], entropy: 0.5323, loss: 0.5323, lr: 2.66e-04
     Epoch[11] Iteration[170/1240], entropy: 0.5931, loss: 0.5931, lr: 4.92e-04
     Epoch[11] Iteration[180/1240], entropy: 0.4443, loss: 0.4443, lr: 3.84e-04
     Epoch[11] Iteration[190/1240], entropy: 0.5777, loss: 0.5777, lr: 9.06e-05
     Epoch[11] Iteration[200/1240], entropy: 0.5342, loss: 0.5342, lr: 1.76e-05
     Epoch[11] Iteration[210/1240], entropy: 0.4519, loss: 0.4519, lr: 2.66e-04
     Epoch[11] Iteration[220/1240], entropy: 0.4985, loss: 0.4985, lr: 4.92e-04
     Epoch[11] Iteration[230/1240], entropy: 0.5650, loss: 0.5650, lr: 3.84e-04
     Epoch[11] Iteration[240/1240], entropy: 0.4580, loss: 0.4580, lr: 9.06e-05
     Epoch[11] Iteration[250/1240], entropy: 0.5208, loss: 0.5208, lr: 1.76e-05
     Epoch[11] Iteration[260/1240], entropy: 0.5413, loss: 0.5413, lr: 2.66e-04
     Epoch[11] Iteration[270/1240], entropy: 0.6718, loss: 0.6718, lr: 4.92e-04
     Epoch[11] Iteration[280/1240], entropy: 0.3749, loss: 0.3749, lr: 3.84e-04
     Epoch[11] Iteration[290/1240], entropy: 0.6758, loss: 0.6758, lr: 9.06e-05
     Epoch[11] Iteration[300/1240], entropy: 0.5572, loss: 0.5572, lr: 1.76e-05
     Epoch[11] Iteration[310/1240], entropy: 0.3401, loss: 0.3401, lr: 2.66e-04
     Epoch[11] Iteration[320/1240], entropy: 0.5624, loss: 0.5624, lr: 4.92e-04
     Epoch[11] Iteration[330/1240], entropy: 0.7271, loss: 0.7271, lr: 3.84e-04
     Epoch[11] Iteration[340/1240], entropy: 0.3287, loss: 0.3287, lr: 9.06e-05
     Epoch[11] Iteration[350/1240], entropy: 0.6777, loss: 0.6777, lr: 1.76e-05
     Epoch[11] Iteration[360/1240], entropy: 0.5984, loss: 0.5984, lr: 2.66e-04
     Epoch[11] Iteration[370/1240], entropy: 0.4210, loss: 0.4210, lr: 4.92e-04
     Epoch[11] Iteration[380/1240], entropy: 0.6347, loss: 0.6347, lr: 3.84e-04
     Epoch[11] Iteration[390/1240], entropy: 0.5602, loss: 0.5602, lr: 9.06e-05
     Epoch[11] Iteration[400/1240], entropy: 0.3340, loss: 0.3340, lr: 1.76e-05
     Epoch[11] Iteration[410/1240], entropy: 0.7258, loss: 0.7258, lr: 2.66e-04
     Epoch[11] Iteration[420/1240], entropy: 0.3083, loss: 0.3083, lr: 4.92e-04
     Epoch[11] Iteration[430/1240], entropy: 0.4914, loss: 0.4914, lr: 3.84e-04
     Epoch[11] Iteration[440/1240], entropy: 0.5246, loss: 0.5246, lr: 9.06e-05
     Epoch[11] Iteration[450/1240], entropy: 0.4429, loss: 0.4429, lr: 1.76e-05
     Epoch[11] Iteration[460/1240], entropy: 0.3780, loss: 0.3780, lr: 2.66e-04
     Epoch[11] Iteration[470/1240], entropy: 0.4893, loss: 0.4893, lr: 4.92e-04
     Epoch[11] Iteration[480/1240], entropy: 0.3773, loss: 0.3773, lr: 3.84e-04
     Epoch[11] Iteration[490/1240], entropy: 0.3956, loss: 0.3956, lr: 9.06e-05
     Epoch[11] Iteration[500/1240], entropy: 0.5746, loss: 0.5746, lr: 1.76e-05
     Epoch[11] Iteration[510/1240], entropy: 0.7823, loss: 0.7823, lr: 2.66e-04
     Epoch[11] Iteration[520/1240], entropy: 0.5667, loss: 0.5667, lr: 4.92e-04
     Epoch[11] Iteration[530/1240], entropy: 0.6491, loss: 0.6491, lr: 3.84e-04
     Epoch[11] Iteration[540/1240], entropy: 0.4943, loss: 0.4943, lr: 9.06e-05
     Epoch[11] Iteration[550/1240], entropy: 0.5732, loss: 0.5732, lr: 1.76e-05
     Epoch[11] Iteration[560/1240], entropy: 0.4888, loss: 0.4888, lr: 2.66e-04
     Epoch[11] Iteration[570/1240], entropy: 0.5864, loss: 0.5864, lr: 4.92e-04
     Epoch[11] Iteration[580/1240], entropy: 0.5375, loss: 0.5375, lr: 3.84e-04
     Epoch[11] Iteration[590/1240], entropy: 0.6605, loss: 0.6605, lr: 9.06e-05
     Epoch[11] Iteration[600/1240], entropy: 0.3426, loss: 0.3426, lr: 1.76e-05
     Epoch[11] Iteration[610/1240], entropy: 0.6392, loss: 0.6392, lr: 2.66e-04
     Epoch[11] Iteration[620/1240], entropy: 0.3627, loss: 0.3627, lr: 4.92e-04
     Epoch[11] Iteration[630/1240], entropy: 0.7075, loss: 0.7075, lr: 3.84e-04
     Epoch[11] Iteration[640/1240], entropy: 0.3731, loss: 0.3731, lr: 9.06e-05
     Epoch[11] Iteration[650/1240], entropy: 0.5026, loss: 0.5026, lr: 1.76e-05
     Epoch[11] Iteration[660/1240], entropy: 0.5018, loss: 0.5018, lr: 2.66e-04
     Epoch[11] Iteration[670/1240], entropy: 0.5719, loss: 0.5719, lr: 4.92e-04
     Epoch[11] Iteration[680/1240], entropy: 0.3497, loss: 0.3497, lr: 3.84e-04
     Epoch[11] Iteration[690/1240], entropy: 0.3859, loss: 0.3859, lr: 9.06e-05
     Epoch[11] Iteration[700/1240], entropy: 0.6260, loss: 0.6260, lr: 1.76e-05
     Epoch[11] Iteration[710/1240], entropy: 0.4072, loss: 0.4072, lr: 2.66e-04
     Epoch[11] Iteration[720/1240], entropy: 0.4098, loss: 0.4098, lr: 4.92e-04
     Epoch[11] Iteration[730/1240], entropy: 0.4419, loss: 0.4419, lr: 3.84e-04
     Epoch[11] Iteration[740/1240], entropy: 0.5567, loss: 0.5567, lr: 9.06e-05
     Epoch[11] Iteration[750/1240], entropy: 0.3773, loss: 0.3773, lr: 1.76e-05
     Epoch[11] Iteration[760/1240], entropy: 0.5280, loss: 0.5280, lr: 2.66e-04
     Epoch[11] Iteration[770/1240], entropy: 0.6357, loss: 0.6357, lr: 4.92e-04
     Epoch[11] Iteration[780/1240], entropy: 0.5934, loss: 0.5934, lr: 3.84e-04
     Epoch[11] Iteration[790/1240], entropy: 0.6141, loss: 0.6141, lr: 9.06e-05
     Epoch[11] Iteration[800/1240], entropy: 0.4344, loss: 0.4344, lr: 1.76e-05
     Epoch[11] Iteration[810/1240], entropy: 0.4753, loss: 0.4753, lr: 2.66e-04
     Epoch[11] Iteration[820/1240], entropy: 0.5595, loss: 0.5595, lr: 4.92e-04
     Epoch[11] Iteration[830/1240], entropy: 0.4256, loss: 0.4256, lr: 3.84e-04
     Epoch[11] Iteration[840/1240], entropy: 0.3838, loss: 0.3838, lr: 9.06e-05
     Epoch[11] Iteration[850/1240], entropy: 0.4427, loss: 0.4427, lr: 1.76e-05
     Epoch[11] Iteration[860/1240], entropy: 0.4439, loss: 0.4439, lr: 2.66e-04
     Epoch[11] Iteration[870/1240], entropy: 0.4422, loss: 0.4422, lr: 4.92e-04
     Epoch[11] Iteration[880/1240], entropy: 0.4178, loss: 0.4178, lr: 3.84e-04
     Epoch[11] Iteration[890/1240], entropy: 0.5888, loss: 0.5888, lr: 9.06e-05
     Epoch[11] Iteration[900/1240], entropy: 0.6966, loss: 0.6966, lr: 1.76e-05
     Epoch[11] Iteration[910/1240], entropy: 0.6583, loss: 0.6583, lr: 2.66e-04
     Epoch[11] Iteration[920/1240], entropy: 0.5624, loss: 0.5624, lr: 4.92e-04
     Epoch[11] Iteration[930/1240], entropy: 0.6796, loss: 0.6796, lr: 3.84e-04
     Epoch[11] Iteration[940/1240], entropy: 0.6117, loss: 0.6117, lr: 9.06e-05
     Epoch[11] Iteration[950/1240], entropy: 0.3122, loss: 0.3122, lr: 1.76e-05
     Epoch[11] Iteration[960/1240], entropy: 0.4252, loss: 0.4252, lr: 2.66e-04
     Epoch[11] Iteration[970/1240], entropy: 0.4248, loss: 0.4248, lr: 4.92e-04
     Epoch[11] Iteration[980/1240], entropy: 0.6725, loss: 0.6725, lr: 3.84e-04
     Epoch[11] Iteration[990/1240], entropy: 0.4483, loss: 0.4483, lr: 9.06e-05
     Epoch[11] Iteration[1000/1240], entropy: 0.6235, loss: 0.6235, lr: 1.76e-05
     Epoch[11] Iteration[1010/1240], entropy: 0.6434, loss: 0.6434, lr: 2.66e-04
     Epoch[11] Iteration[1020/1240], entropy: 0.6708, loss: 0.6708, lr: 4.92e-04
     Epoch[11] Iteration[1030/1240], entropy: 0.5289, loss: 0.5289, lr: 3.84e-04
     Epoch[11] Iteration[1040/1240], entropy: 0.5991, loss: 0.5991, lr: 9.06e-05
     Epoch[11] Iteration[1050/1240], entropy: 0.5918, loss: 0.5918, lr: 1.76e-05
     Epoch[11] Iteration[1060/1240], entropy: 0.5488, loss: 0.5488, lr: 2.66e-04
     Epoch[11] Iteration[1070/1240], entropy: 0.5833, loss: 0.5833, lr: 4.92e-04
     Epoch[11] Iteration[1080/1240], entropy: 0.4274, loss: 0.4274, lr: 3.84e-04
     Epoch[11] Iteration[1090/1240], entropy: 0.5274, loss: 0.5274, lr: 9.06e-05
     Epoch[11] Iteration[1100/1240], entropy: 0.5286, loss: 0.5286, lr: 1.76e-05
     Epoch[11] Iteration[1110/1240], entropy: 0.5706, loss: 0.5706, lr: 2.66e-04
     Epoch[11] Iteration[1120/1240], entropy: 0.2867, loss: 0.2867, lr: 4.92e-04
     Epoch[11] Iteration[1130/1240], entropy: 0.3532, loss: 0.3532, lr: 3.84e-04
     Epoch[11] Iteration[1140/1240], entropy: 0.6418, loss: 0.6418, lr: 9.06e-05
     Epoch[11] Iteration[1150/1240], entropy: 0.3875, loss: 0.3875, lr: 1.76e-05
     Epoch[11] Iteration[1160/1240], entropy: 0.4936, loss: 0.4936, lr: 2.66e-04
     Epoch[11] Iteration[1170/1240], entropy: 0.4008, loss: 0.4008, lr: 4.92e-04
     Epoch[11] Iteration[1180/1240], entropy: 0.5296, loss: 0.5296, lr: 3.84e-04
     Epoch[11] Iteration[1190/1240], entropy: 0.6472, loss: 0.6472, lr: 9.06e-05
     Epoch[11] Iteration[1200/1240], entropy: 0.6452, loss: 0.6452, lr: 1.76e-05
     Epoch[11] Iteration[1210/1240], entropy: 0.3630, loss: 0.3630, lr: 2.66e-04
     Epoch[11] Iteration[1220/1240], entropy: 0.5433, loss: 0.5433, lr: 4.92e-04
     Epoch[11] Iteration[1230/1240], entropy: 0.3343, loss: 0.3343, lr: 3.84e-04
     Epoch[11] Iteration[1240/1240], entropy: 0.4378, loss: 0.4378, lr: 9.06e-05
     Averaged stats: entropy: 0.4378, loss: 0.4378, lr: 9.06e-05
     itm tta time 0:03:25
### TTA Eval Score: 
+-------+--------+--------+--------+--------+-------+
| epoch |   R1   |   R5   |  R10   |  mAP   |  mINP |
+-------+--------+--------+--------+--------+-------+
|  -999 | 60.641 | 77.509 | 83.268 | 35.542 | 6.004 |
|   0   | 6.822  | 15.508 | 20.864 | 3.247  | 0.505 |
|   1   | 2.882  | 7.426  | 10.858 | 1.526  | 0.303 |
|   2   | 1.642  | 4.993  | 7.895  | 1.068  | 0.248 |
|   3   | 1.134  | 3.602  | 6.142  | 0.825  | 0.218 |
|   4   | 0.912  | 2.801  | 4.958  | 0.683  | 0.206 |
|   5   | 0.816  | 2.484  | 4.318  | 0.629  | 0.199 |
|   6   | 0.715  | 2.267  | 3.950  | 0.570  | 0.190 |
|   7   | 0.630  | 1.904  | 3.391  | 0.516  | 0.184 |
|   8   | 0.544  | 1.950  | 3.416  | 0.504  | 0.181 |
|   9   | 0.509  | 1.854  | 3.330  | 0.496  | 0.182 |
|   10  | 0.453  | 1.894  | 3.381  | 0.490  | 0.180 |
|   11  | 0.403  | 2.000  | 3.406  | 0.483  | 0.178 |
+-------+--------+--------+--------+--------+-------+
     logs:  {'epo': 11, 'R1': 0.403, 'R5': 2.0, 'R10': 3.406, 'mAP': 0.483, 'mINP': 0.178, 'entropy': 0.5132355687599028, 'loss': 0.5132355687599028, 'lr': 0.00025187454936669696}
     Epoch[12] Iteration[10/1240], entropy: 0.4057, loss: 0.4057, lr: 1.76e-05
     Epoch[12] Iteration[20/1240], entropy: 0.5999, loss: 0.5999, lr: 2.66e-04
     Epoch[12] Iteration[30/1240], entropy: 0.4214, loss: 0.4214, lr: 4.92e-04
     Epoch[12] Iteration[40/1240], entropy: 0.6375, loss: 0.6375, lr: 3.84e-04
     Epoch[12] Iteration[50/1240], entropy: 0.4188, loss: 0.4188, lr: 9.06e-05
     Epoch[12] Iteration[60/1240], entropy: 0.5520, loss: 0.5520, lr: 1.76e-05
     Epoch[12] Iteration[70/1240], entropy: 0.6097, loss: 0.6097, lr: 2.66e-04
     Epoch[12] Iteration[80/1240], entropy: 0.6913, loss: 0.6913, lr: 4.92e-04
     Epoch[12] Iteration[90/1240], entropy: 0.5467, loss: 0.5467, lr: 3.84e-04
     Epoch[12] Iteration[100/1240], entropy: 0.5273, loss: 0.5273, lr: 9.06e-05
     Epoch[12] Iteration[110/1240], entropy: 0.5313, loss: 0.5313, lr: 1.76e-05
     Epoch[12] Iteration[120/1240], entropy: 0.4795, loss: 0.4795, lr: 2.66e-04
     Epoch[12] Iteration[130/1240], entropy: 0.3286, loss: 0.3286, lr: 4.82e-04
     Epoch[12] Iteration[140/1240], entropy: 0.7435, loss: 0.7435, lr: 4.09e-04
     Epoch[12] Iteration[150/1240], entropy: 0.4458, loss: 0.4458, lr: 1.16e-04
     Epoch[12] Iteration[160/1240], entropy: 0.6519, loss: 0.6519, lr: 7.85e-06
     Epoch[12] Iteration[170/1240], entropy: 0.4067, loss: 0.4067, lr: 2.34e-04
     Epoch[12] Iteration[180/1240], entropy: 0.3887, loss: 0.3887, lr: 4.82e-04
     Epoch[12] Iteration[190/1240], entropy: 0.3975, loss: 0.3975, lr: 4.09e-04
     Epoch[12] Iteration[200/1240], entropy: 0.7244, loss: 0.7244, lr: 1.16e-04
     Epoch[12] Iteration[210/1240], entropy: 0.5176, loss: 0.5176, lr: 7.85e-06
     Epoch[12] Iteration[220/1240], entropy: 0.5187, loss: 0.5187, lr: 2.34e-04
     Epoch[12] Iteration[230/1240], entropy: 0.5394, loss: 0.5394, lr: 4.82e-04
     Epoch[12] Iteration[240/1240], entropy: 0.4268, loss: 0.4268, lr: 4.09e-04
     Epoch[12] Iteration[250/1240], entropy: 0.4511, loss: 0.4511, lr: 1.16e-04
     Epoch[12] Iteration[260/1240], entropy: 0.5177, loss: 0.5177, lr: 7.85e-06
     Epoch[12] Iteration[270/1240], entropy: 0.4682, loss: 0.4682, lr: 2.34e-04
     Epoch[12] Iteration[280/1240], entropy: 0.5036, loss: 0.5036, lr: 4.82e-04
     Epoch[12] Iteration[290/1240], entropy: 0.6354, loss: 0.6354, lr: 4.09e-04
     Epoch[12] Iteration[300/1240], entropy: 0.4177, loss: 0.4177, lr: 1.16e-04
     Epoch[12] Iteration[310/1240], entropy: 0.4389, loss: 0.4389, lr: 7.85e-06
     Epoch[12] Iteration[320/1240], entropy: 0.3440, loss: 0.3440, lr: 2.34e-04
     Epoch[12] Iteration[330/1240], entropy: 0.5506, loss: 0.5506, lr: 4.82e-04
     Epoch[12] Iteration[340/1240], entropy: 0.5637, loss: 0.5637, lr: 4.09e-04
     Epoch[12] Iteration[350/1240], entropy: 0.5597, loss: 0.5597, lr: 1.16e-04
     Epoch[12] Iteration[360/1240], entropy: 0.7075, loss: 0.7075, lr: 7.85e-06
     Epoch[12] Iteration[370/1240], entropy: 0.4841, loss: 0.4841, lr: 2.34e-04
     Epoch[12] Iteration[380/1240], entropy: 0.5308, loss: 0.5308, lr: 4.82e-04
     Epoch[12] Iteration[390/1240], entropy: 0.4338, loss: 0.4338, lr: 4.09e-04
     Epoch[12] Iteration[400/1240], entropy: 0.5703, loss: 0.5703, lr: 1.16e-04
     Epoch[12] Iteration[410/1240], entropy: 0.5978, loss: 0.5978, lr: 7.85e-06
     Epoch[12] Iteration[420/1240], entropy: 0.4987, loss: 0.4987, lr: 2.34e-04
     Epoch[12] Iteration[430/1240], entropy: 0.5772, loss: 0.5772, lr: 4.82e-04
     Epoch[12] Iteration[440/1240], entropy: 0.6456, loss: 0.6456, lr: 4.09e-04
     Epoch[12] Iteration[450/1240], entropy: 0.5510, loss: 0.5510, lr: 1.16e-04
     Epoch[12] Iteration[460/1240], entropy: 0.4808, loss: 0.4808, lr: 7.85e-06
     Epoch[12] Iteration[470/1240], entropy: 0.6284, loss: 0.6284, lr: 2.34e-04
     Epoch[12] Iteration[480/1240], entropy: 0.5418, loss: 0.5418, lr: 4.82e-04
     Epoch[12] Iteration[490/1240], entropy: 0.3513, loss: 0.3513, lr: 4.09e-04
     Epoch[12] Iteration[500/1240], entropy: 0.4204, loss: 0.4204, lr: 1.16e-04
     Epoch[12] Iteration[510/1240], entropy: 0.3643, loss: 0.3643, lr: 7.85e-06
     Epoch[12] Iteration[520/1240], entropy: 0.3870, loss: 0.3870, lr: 2.34e-04
     Epoch[12] Iteration[530/1240], entropy: 0.6250, loss: 0.6250, lr: 4.82e-04
     Epoch[12] Iteration[540/1240], entropy: 0.5559, loss: 0.5559, lr: 4.09e-04
     Epoch[12] Iteration[550/1240], entropy: 0.5334, loss: 0.5334, lr: 1.16e-04
     Epoch[12] Iteration[560/1240], entropy: 0.5024, loss: 0.5024, lr: 7.85e-06
     Epoch[12] Iteration[570/1240], entropy: 0.4877, loss: 0.4877, lr: 2.34e-04
     Epoch[12] Iteration[580/1240], entropy: 0.5484, loss: 0.5484, lr: 4.82e-04
     Epoch[12] Iteration[590/1240], entropy: 0.5926, loss: 0.5926, lr: 4.09e-04
     Epoch[12] Iteration[600/1240], entropy: 0.4790, loss: 0.4790, lr: 1.16e-04
     Epoch[12] Iteration[610/1240], entropy: 0.4035, loss: 0.4035, lr: 7.85e-06
     Epoch[12] Iteration[620/1240], entropy: 0.6480, loss: 0.6480, lr: 2.34e-04
     Epoch[12] Iteration[630/1240], entropy: 0.5924, loss: 0.5924, lr: 4.82e-04
     Epoch[12] Iteration[640/1240], entropy: 0.6553, loss: 0.6553, lr: 4.09e-04
     Epoch[12] Iteration[650/1240], entropy: 0.5016, loss: 0.5016, lr: 1.16e-04
     Epoch[12] Iteration[660/1240], entropy: 0.4303, loss: 0.4303, lr: 7.85e-06
     Epoch[12] Iteration[670/1240], entropy: 0.6208, loss: 0.6208, lr: 2.34e-04
     Epoch[12] Iteration[680/1240], entropy: 0.6576, loss: 0.6576, lr: 4.82e-04
     Epoch[12] Iteration[690/1240], entropy: 0.5551, loss: 0.5551, lr: 4.09e-04
     Epoch[12] Iteration[700/1240], entropy: 0.3702, loss: 0.3702, lr: 1.16e-04
     Epoch[12] Iteration[710/1240], entropy: 0.3275, loss: 0.3275, lr: 7.85e-06
     Epoch[12] Iteration[720/1240], entropy: 0.6233, loss: 0.6233, lr: 2.34e-04
     Epoch[12] Iteration[730/1240], entropy: 0.5568, loss: 0.5568, lr: 4.82e-04
     Epoch[12] Iteration[740/1240], entropy: 0.5929, loss: 0.5929, lr: 4.09e-04
     Epoch[12] Iteration[750/1240], entropy: 0.5678, loss: 0.5678, lr: 1.16e-04
     Epoch[12] Iteration[760/1240], entropy: 0.3429, loss: 0.3429, lr: 7.85e-06
     Epoch[12] Iteration[770/1240], entropy: 0.3692, loss: 0.3692, lr: 2.34e-04
     Epoch[12] Iteration[780/1240], entropy: 0.4384, loss: 0.4384, lr: 4.82e-04
     Epoch[12] Iteration[790/1240], entropy: 0.3644, loss: 0.3644, lr: 4.09e-04
     Epoch[12] Iteration[800/1240], entropy: 0.5012, loss: 0.5012, lr: 1.16e-04
     Epoch[12] Iteration[810/1240], entropy: 0.6201, loss: 0.6201, lr: 7.85e-06
     Epoch[12] Iteration[820/1240], entropy: 0.6293, loss: 0.6293, lr: 2.34e-04
     Epoch[12] Iteration[830/1240], entropy: 0.5949, loss: 0.5949, lr: 4.82e-04
     Epoch[12] Iteration[840/1240], entropy: 0.4182, loss: 0.4182, lr: 4.09e-04
     Epoch[12] Iteration[850/1240], entropy: 0.6048, loss: 0.6048, lr: 1.16e-04
     Epoch[12] Iteration[860/1240], entropy: 0.4310, loss: 0.4310, lr: 7.85e-06
     Epoch[12] Iteration[870/1240], entropy: 0.5643, loss: 0.5643, lr: 2.34e-04
     Epoch[12] Iteration[880/1240], entropy: 0.6170, loss: 0.6170, lr: 4.82e-04
     Epoch[12] Iteration[890/1240], entropy: 0.6606, loss: 0.6606, lr: 4.09e-04
     Epoch[12] Iteration[900/1240], entropy: 0.6849, loss: 0.6849, lr: 1.16e-04
     Epoch[12] Iteration[910/1240], entropy: 0.6006, loss: 0.6006, lr: 7.85e-06
     Epoch[12] Iteration[920/1240], entropy: 0.2481, loss: 0.2481, lr: 2.34e-04
     Epoch[12] Iteration[930/1240], entropy: 0.5585, loss: 0.5585, lr: 4.82e-04
     Epoch[12] Iteration[940/1240], entropy: 0.4481, loss: 0.4481, lr: 4.09e-04
     Epoch[12] Iteration[950/1240], entropy: 0.5085, loss: 0.5085, lr: 1.16e-04
     Epoch[12] Iteration[960/1240], entropy: 0.5728, loss: 0.5728, lr: 7.85e-06
     Epoch[12] Iteration[970/1240], entropy: 0.6304, loss: 0.6304, lr: 2.34e-04
     Epoch[12] Iteration[980/1240], entropy: 0.3045, loss: 0.3045, lr: 4.82e-04
     Epoch[12] Iteration[990/1240], entropy: 0.4250, loss: 0.4250, lr: 4.09e-04
     Epoch[12] Iteration[1000/1240], entropy: 0.6561, loss: 0.6561, lr: 1.16e-04
     Epoch[12] Iteration[1010/1240], entropy: 0.5860, loss: 0.5860, lr: 7.85e-06
     Epoch[12] Iteration[1020/1240], entropy: 0.5315, loss: 0.5315, lr: 2.34e-04
     Epoch[12] Iteration[1030/1240], entropy: 0.4622, loss: 0.4622, lr: 4.82e-04
     Epoch[12] Iteration[1040/1240], entropy: 0.6136, loss: 0.6136, lr: 4.09e-04
     Epoch[12] Iteration[1050/1240], entropy: 0.5562, loss: 0.5562, lr: 1.16e-04
     Epoch[12] Iteration[1060/1240], entropy: 0.5186, loss: 0.5186, lr: 7.85e-06
     Epoch[12] Iteration[1070/1240], entropy: 0.5142, loss: 0.5142, lr: 2.34e-04
     Epoch[12] Iteration[1080/1240], entropy: 0.2345, loss: 0.2345, lr: 4.82e-04
     Epoch[12] Iteration[1090/1240], entropy: 0.5140, loss: 0.5140, lr: 4.09e-04
     Epoch[12] Iteration[1100/1240], entropy: 0.4628, loss: 0.4628, lr: 1.16e-04
     Epoch[12] Iteration[1110/1240], entropy: 0.3965, loss: 0.3965, lr: 7.85e-06
     Epoch[12] Iteration[1120/1240], entropy: 0.3645, loss: 0.3645, lr: 2.34e-04
     Epoch[12] Iteration[1130/1240], entropy: 0.5379, loss: 0.5379, lr: 4.82e-04
     Epoch[12] Iteration[1140/1240], entropy: 0.4197, loss: 0.4197, lr: 4.09e-04
     Epoch[12] Iteration[1150/1240], entropy: 0.2954, loss: 0.2954, lr: 1.16e-04
     Epoch[12] Iteration[1160/1240], entropy: 0.3913, loss: 0.3913, lr: 7.85e-06
     Epoch[12] Iteration[1170/1240], entropy: 0.2597, loss: 0.2597, lr: 2.34e-04
     Epoch[12] Iteration[1180/1240], entropy: 0.4268, loss: 0.4268, lr: 4.82e-04
     Epoch[12] Iteration[1190/1240], entropy: 0.4640, loss: 0.4640, lr: 4.09e-04
     Epoch[12] Iteration[1200/1240], entropy: 0.5589, loss: 0.5589, lr: 1.16e-04
     Epoch[12] Iteration[1210/1240], entropy: 0.3209, loss: 0.3209, lr: 7.85e-06
     Epoch[12] Iteration[1220/1240], entropy: 0.5416, loss: 0.5416, lr: 2.34e-04
     Epoch[12] Iteration[1230/1240], entropy: 0.5404, loss: 0.5404, lr: 4.82e-04
     Epoch[12] Iteration[1240/1240], entropy: 0.5221, loss: 0.5221, lr: 4.09e-04
     Averaged stats: entropy: 0.5221, loss: 0.5221, lr: 4.09e-04
     itm tta time 0:03:25
### TTA Eval Score: 
+-------+--------+--------+--------+--------+-------+
| epoch |   R1   |   R5   |  R10   |  mAP   |  mINP |
+-------+--------+--------+--------+--------+-------+
|  -999 | 60.641 | 77.509 | 83.268 | 35.542 | 6.004 |
|   0   | 6.822  | 15.508 | 20.864 | 3.247  | 0.505 |
|   1   | 2.882  | 7.426  | 10.858 | 1.526  | 0.303 |
|   2   | 1.642  | 4.993  | 7.895  | 1.068  | 0.248 |
|   3   | 1.134  | 3.602  | 6.142  | 0.825  | 0.218 |
|   4   | 0.912  | 2.801  | 4.958  | 0.683  | 0.206 |
|   5   | 0.816  | 2.484  | 4.318  | 0.629  | 0.199 |
|   6   | 0.715  | 2.267  | 3.950  | 0.570  | 0.190 |
|   7   | 0.630  | 1.904  | 3.391  | 0.516  | 0.184 |
|   8   | 0.544  | 1.950  | 3.416  | 0.504  | 0.181 |
|   9   | 0.509  | 1.854  | 3.330  | 0.496  | 0.182 |
|   10  | 0.453  | 1.894  | 3.381  | 0.490  | 0.180 |
|   11  | 0.403  | 2.000  | 3.406  | 0.483  | 0.178 |
|   12  | 0.433  | 1.920  | 3.325  | 0.478  | 0.176 |
+-------+--------+--------+--------+--------+-------+
     logs:  {'epo': 12, 'R1': 0.433, 'R5': 1.92, 'R10': 3.325, 'mAP': 0.478, 'mINP': 0.176, 'entropy': 0.5079639085358189, 'loss': 0.5079639085358189, 'lr': 0.00025141172280097575}
     Epoch[13] Iteration[10/1240], entropy: 0.3487, loss: 0.3487, lr: 1.16e-04
     Epoch[13] Iteration[20/1240], entropy: 0.4910, loss: 0.4910, lr: 7.85e-06
     Epoch[13] Iteration[30/1240], entropy: 0.4634, loss: 0.4634, lr: 2.34e-04
     Epoch[13] Iteration[40/1240], entropy: 0.5406, loss: 0.5406, lr: 4.82e-04
     Epoch[13] Iteration[50/1240], entropy: 0.5180, loss: 0.5180, lr: 4.09e-04
     Epoch[13] Iteration[60/1240], entropy: 0.3533, loss: 0.3533, lr: 1.16e-04
     Epoch[13] Iteration[70/1240], entropy: 0.6054, loss: 0.6054, lr: 7.85e-06
     Epoch[13] Iteration[80/1240], entropy: 0.7250, loss: 0.7250, lr: 2.34e-04
     Epoch[13] Iteration[90/1240], entropy: 0.4211, loss: 0.4211, lr: 4.82e-04
     Epoch[13] Iteration[100/1240], entropy: 0.8596, loss: 0.8596, lr: 4.09e-04
     Epoch[13] Iteration[110/1240], entropy: 0.4678, loss: 0.4678, lr: 1.16e-04
     Epoch[13] Iteration[120/1240], entropy: 0.4157, loss: 0.4157, lr: 7.85e-06
     Epoch[13] Iteration[130/1240], entropy: 0.5084, loss: 0.5084, lr: 2.34e-04
     Epoch[13] Iteration[140/1240], entropy: 0.3758, loss: 0.3758, lr: 4.82e-04
     Epoch[13] Iteration[150/1240], entropy: 0.6560, loss: 0.6560, lr: 4.09e-04
     Epoch[13] Iteration[160/1240], entropy: 0.5555, loss: 0.5555, lr: 1.16e-04
     Epoch[13] Iteration[170/1240], entropy: 0.7622, loss: 0.7622, lr: 7.85e-06
     Epoch[13] Iteration[180/1240], entropy: 0.4786, loss: 0.4786, lr: 2.34e-04
     Epoch[13] Iteration[190/1240], entropy: 0.3153, loss: 0.3153, lr: 4.82e-04
     Epoch[13] Iteration[200/1240], entropy: 0.5670, loss: 0.5670, lr: 4.09e-04
     Epoch[13] Iteration[210/1240], entropy: 0.4922, loss: 0.4922, lr: 1.16e-04
     Epoch[13] Iteration[220/1240], entropy: 0.2490, loss: 0.2490, lr: 7.85e-06
     Epoch[13] Iteration[230/1240], entropy: 0.5150, loss: 0.5150, lr: 2.34e-04
     Epoch[13] Iteration[240/1240], entropy: 0.4200, loss: 0.4200, lr: 4.82e-04
     Epoch[13] Iteration[250/1240], entropy: 0.6447, loss: 0.6447, lr: 4.09e-04
     Epoch[13] Iteration[260/1240], entropy: 0.6388, loss: 0.6388, lr: 1.16e-04
     Epoch[13] Iteration[270/1240], entropy: 0.5975, loss: 0.5975, lr: 7.85e-06
     Epoch[13] Iteration[280/1240], entropy: 0.4916, loss: 0.4916, lr: 2.34e-04
     Epoch[13] Iteration[290/1240], entropy: 0.4042, loss: 0.4042, lr: 4.82e-04
     Epoch[13] Iteration[300/1240], entropy: 0.3056, loss: 0.3056, lr: 4.09e-04
     Epoch[13] Iteration[310/1240], entropy: 0.2349, loss: 0.2349, lr: 1.16e-04
     Epoch[13] Iteration[320/1240], entropy: 0.5765, loss: 0.5765, lr: 7.85e-06
     Epoch[13] Iteration[330/1240], entropy: 0.6165, loss: 0.6165, lr: 2.34e-04
     Epoch[13] Iteration[340/1240], entropy: 0.5215, loss: 0.5215, lr: 4.82e-04
     Epoch[13] Iteration[350/1240], entropy: 0.5428, loss: 0.5428, lr: 4.09e-04
     Epoch[13] Iteration[360/1240], entropy: 0.3953, loss: 0.3953, lr: 1.16e-04
     Epoch[13] Iteration[370/1240], entropy: 0.4526, loss: 0.4526, lr: 7.85e-06
     Epoch[13] Iteration[380/1240], entropy: 0.5431, loss: 0.5431, lr: 2.34e-04
     Epoch[13] Iteration[390/1240], entropy: 0.7828, loss: 0.7828, lr: 4.82e-04
     Epoch[13] Iteration[400/1240], entropy: 0.3811, loss: 0.3811, lr: 4.09e-04
     Epoch[13] Iteration[410/1240], entropy: 0.5885, loss: 0.5885, lr: 1.16e-04
     Epoch[13] Iteration[420/1240], entropy: 0.5312, loss: 0.5312, lr: 7.85e-06
     Epoch[13] Iteration[430/1240], entropy: 0.4267, loss: 0.4267, lr: 2.34e-04
     Epoch[13] Iteration[440/1240], entropy: 0.6606, loss: 0.6606, lr: 4.82e-04
     Epoch[13] Iteration[450/1240], entropy: 0.4379, loss: 0.4379, lr: 4.09e-04
     Epoch[13] Iteration[460/1240], entropy: 0.4589, loss: 0.4589, lr: 1.16e-04
     Epoch[13] Iteration[470/1240], entropy: 0.4850, loss: 0.4850, lr: 7.85e-06
     Epoch[13] Iteration[480/1240], entropy: 0.5031, loss: 0.5031, lr: 2.34e-04
     Epoch[13] Iteration[490/1240], entropy: 0.4431, loss: 0.4431, lr: 4.82e-04
     Epoch[13] Iteration[500/1240], entropy: 0.7654, loss: 0.7654, lr: 4.09e-04
     Epoch[13] Iteration[510/1240], entropy: 0.4234, loss: 0.4234, lr: 1.16e-04
     Epoch[13] Iteration[520/1240], entropy: 0.5732, loss: 0.5732, lr: 7.85e-06
     Epoch[13] Iteration[530/1240], entropy: 0.3999, loss: 0.3999, lr: 2.34e-04
     Epoch[13] Iteration[540/1240], entropy: 0.1170, loss: 0.1170, lr: 4.82e-04
     Epoch[13] Iteration[550/1240], entropy: 0.5137, loss: 0.5137, lr: 4.09e-04
     Epoch[13] Iteration[560/1240], entropy: 0.5002, loss: 0.5002, lr: 1.16e-04
     Epoch[13] Iteration[570/1240], entropy: 0.4791, loss: 0.4791, lr: 7.85e-06
     Epoch[13] Iteration[580/1240], entropy: 0.5027, loss: 0.5027, lr: 2.34e-04
     Epoch[13] Iteration[590/1240], entropy: 0.7723, loss: 0.7723, lr: 4.82e-04
     Epoch[13] Iteration[600/1240], entropy: 0.2946, loss: 0.2946, lr: 4.09e-04
     Epoch[13] Iteration[610/1240], entropy: 0.3319, loss: 0.3319, lr: 1.16e-04
     Epoch[13] Iteration[620/1240], entropy: 0.6653, loss: 0.6653, lr: 7.85e-06
     Epoch[13] Iteration[630/1240], entropy: 0.3345, loss: 0.3345, lr: 2.34e-04
     Epoch[13] Iteration[640/1240], entropy: 0.5808, loss: 0.5808, lr: 4.82e-04
     Epoch[13] Iteration[650/1240], entropy: 0.4723, loss: 0.4723, lr: 4.09e-04
     Epoch[13] Iteration[660/1240], entropy: 0.5898, loss: 0.5898, lr: 1.16e-04
     Epoch[13] Iteration[670/1240], entropy: 0.6450, loss: 0.6450, lr: 7.85e-06
     Epoch[13] Iteration[680/1240], entropy: 0.7970, loss: 0.7970, lr: 2.34e-04
     Epoch[13] Iteration[690/1240], entropy: 0.5830, loss: 0.5830, lr: 4.82e-04
     Epoch[13] Iteration[700/1240], entropy: 0.3394, loss: 0.3394, lr: 4.09e-04
     Epoch[13] Iteration[710/1240], entropy: 0.5833, loss: 0.5833, lr: 1.16e-04
     Epoch[13] Iteration[720/1240], entropy: 0.5479, loss: 0.5479, lr: 7.85e-06
     Epoch[13] Iteration[730/1240], entropy: 0.5783, loss: 0.5783, lr: 2.34e-04
     Epoch[13] Iteration[740/1240], entropy: 0.3786, loss: 0.3786, lr: 4.82e-04
     Epoch[13] Iteration[750/1240], entropy: 0.6408, loss: 0.6408, lr: 4.09e-04
     Epoch[13] Iteration[760/1240], entropy: 0.5803, loss: 0.5803, lr: 1.16e-04
     Epoch[13] Iteration[770/1240], entropy: 0.4608, loss: 0.4608, lr: 7.85e-06
     Epoch[13] Iteration[780/1240], entropy: 0.5206, loss: 0.5206, lr: 2.34e-04
     Epoch[13] Iteration[790/1240], entropy: 0.2816, loss: 0.2816, lr: 4.82e-04
     Epoch[13] Iteration[800/1240], entropy: 0.4681, loss: 0.4681, lr: 4.09e-04
     Epoch[13] Iteration[810/1240], entropy: 0.5505, loss: 0.5505, lr: 1.16e-04
     Epoch[13] Iteration[820/1240], entropy: 0.3696, loss: 0.3696, lr: 7.85e-06
     Epoch[13] Iteration[830/1240], entropy: 0.4173, loss: 0.4173, lr: 2.34e-04
     Epoch[13] Iteration[840/1240], entropy: 0.4108, loss: 0.4108, lr: 4.82e-04
     Epoch[13] Iteration[850/1240], entropy: 0.4978, loss: 0.4978, lr: 4.09e-04
     Epoch[13] Iteration[860/1240], entropy: 0.4784, loss: 0.4784, lr: 1.16e-04
     Epoch[13] Iteration[870/1240], entropy: 0.3740, loss: 0.3740, lr: 7.85e-06
     Epoch[13] Iteration[880/1240], entropy: 0.5915, loss: 0.5915, lr: 2.34e-04
     Epoch[13] Iteration[890/1240], entropy: 0.5720, loss: 0.5720, lr: 4.69e-04
     Epoch[13] Iteration[900/1240], entropy: 0.5887, loss: 0.5887, lr: 4.32e-04
     Epoch[13] Iteration[910/1240], entropy: 0.4973, loss: 0.4973, lr: 1.44e-04
     Epoch[13] Iteration[920/1240], entropy: 0.4499, loss: 0.4499, lr: 1.97e-06
     Epoch[13] Iteration[930/1240], entropy: 0.3370, loss: 0.3370, lr: 2.03e-04
     Epoch[13] Iteration[940/1240], entropy: 0.5284, loss: 0.5284, lr: 4.69e-04
     Epoch[13] Iteration[950/1240], entropy: 0.5354, loss: 0.5354, lr: 4.32e-04
     Epoch[13] Iteration[960/1240], entropy: 0.4155, loss: 0.4155, lr: 1.44e-04
     Epoch[13] Iteration[970/1240], entropy: 0.5654, loss: 0.5654, lr: 1.97e-06
     Epoch[13] Iteration[980/1240], entropy: 0.3868, loss: 0.3868, lr: 2.03e-04
     Epoch[13] Iteration[990/1240], entropy: 0.6896, loss: 0.6896, lr: 4.69e-04
     Epoch[13] Iteration[1000/1240], entropy: 0.3857, loss: 0.3857, lr: 4.32e-04
     Epoch[13] Iteration[1010/1240], entropy: 0.5152, loss: 0.5152, lr: 1.44e-04
     Epoch[13] Iteration[1020/1240], entropy: 0.6061, loss: 0.6061, lr: 1.97e-06
     Epoch[13] Iteration[1030/1240], entropy: 0.6048, loss: 0.6048, lr: 2.03e-04
     Epoch[13] Iteration[1040/1240], entropy: 0.3640, loss: 0.3640, lr: 4.69e-04
     Epoch[13] Iteration[1050/1240], entropy: 0.6479, loss: 0.6479, lr: 4.32e-04
     Epoch[13] Iteration[1060/1240], entropy: 0.4884, loss: 0.4884, lr: 1.44e-04
     Epoch[13] Iteration[1070/1240], entropy: 0.4525, loss: 0.4525, lr: 1.97e-06
     Epoch[13] Iteration[1080/1240], entropy: 0.4998, loss: 0.4998, lr: 2.03e-04
     Epoch[13] Iteration[1090/1240], entropy: 0.6210, loss: 0.6210, lr: 4.69e-04
     Epoch[13] Iteration[1100/1240], entropy: 0.3633, loss: 0.3633, lr: 4.32e-04
     Epoch[13] Iteration[1110/1240], entropy: 0.6338, loss: 0.6338, lr: 1.44e-04
     Epoch[13] Iteration[1120/1240], entropy: 0.5418, loss: 0.5418, lr: 1.97e-06
     Epoch[13] Iteration[1130/1240], entropy: 0.3508, loss: 0.3508, lr: 2.03e-04
     Epoch[13] Iteration[1140/1240], entropy: 0.8227, loss: 0.8227, lr: 4.69e-04
     Epoch[13] Iteration[1150/1240], entropy: 0.3756, loss: 0.3756, lr: 4.32e-04
     Epoch[13] Iteration[1160/1240], entropy: 0.6417, loss: 0.6417, lr: 1.44e-04
     Epoch[13] Iteration[1170/1240], entropy: 0.5495, loss: 0.5495, lr: 1.97e-06
     Epoch[13] Iteration[1180/1240], entropy: 0.4565, loss: 0.4565, lr: 2.03e-04
     Epoch[13] Iteration[1190/1240], entropy: 0.6267, loss: 0.6267, lr: 4.69e-04
     Epoch[13] Iteration[1200/1240], entropy: 0.5369, loss: 0.5369, lr: 4.32e-04
     Epoch[13] Iteration[1210/1240], entropy: 0.3131, loss: 0.3131, lr: 1.44e-04
     Epoch[13] Iteration[1220/1240], entropy: 0.5568, loss: 0.5568, lr: 1.97e-06
     Epoch[13] Iteration[1230/1240], entropy: 0.5619, loss: 0.5619, lr: 2.03e-04
     Epoch[13] Iteration[1240/1240], entropy: 0.4359, loss: 0.4359, lr: 4.69e-04
     Averaged stats: entropy: 0.4359, loss: 0.4359, lr: 4.69e-04
     itm tta time 0:03:25
### TTA Eval Score: 
+-------+--------+--------+--------+--------+-------+
| epoch |   R1   |   R5   |  R10   |  mAP   |  mINP |
+-------+--------+--------+--------+--------+-------+
|  -999 | 60.641 | 77.509 | 83.268 | 35.542 | 6.004 |
|   0   | 6.822  | 15.508 | 20.864 | 3.247  | 0.505 |
|   1   | 2.882  | 7.426  | 10.858 | 1.526  | 0.303 |
|   2   | 1.642  | 4.993  | 7.895  | 1.068  | 0.248 |
|   3   | 1.134  | 3.602  | 6.142  | 0.825  | 0.218 |
|   4   | 0.912  | 2.801  | 4.958  | 0.683  | 0.206 |
|   5   | 0.816  | 2.484  | 4.318  | 0.629  | 0.199 |
|   6   | 0.715  | 2.267  | 3.950  | 0.570  | 0.190 |
|   7   | 0.630  | 1.904  | 3.391  | 0.516  | 0.184 |
|   8   | 0.544  | 1.950  | 3.416  | 0.504  | 0.181 |
|   9   | 0.509  | 1.854  | 3.330  | 0.496  | 0.182 |
|   10  | 0.453  | 1.894  | 3.381  | 0.490  | 0.180 |
|   11  | 0.403  | 2.000  | 3.406  | 0.483  | 0.178 |
|   12  | 0.433  | 1.920  | 3.325  | 0.478  | 0.176 |
|   13  | 0.363  | 1.955  | 3.371  | 0.467  | 0.175 |
+-------+--------+--------+--------+--------+-------+
     logs:  {'epo': 13, 'R1': 0.363, 'R5': 1.955, 'R10': 3.371, 'mAP': 0.467, 'mINP': 0.175, 'entropy': 0.5056266909645449, 'loss': 0.5056266909645449, 'lr': 0.0002486070689605125}
     Epoch[14] Iteration[10/1240], entropy: 0.4941, loss: 0.4941, lr: 4.32e-04
     Epoch[14] Iteration[20/1240], entropy: 0.5253, loss: 0.5253, lr: 1.44e-04
     Epoch[14] Iteration[30/1240], entropy: 0.2813, loss: 0.2813, lr: 1.97e-06
     Epoch[14] Iteration[40/1240], entropy: 0.4432, loss: 0.4432, lr: 2.03e-04
     Epoch[14] Iteration[50/1240], entropy: 0.6177, loss: 0.6177, lr: 4.69e-04
     Epoch[14] Iteration[60/1240], entropy: 0.4285, loss: 0.4285, lr: 4.32e-04
     Epoch[14] Iteration[70/1240], entropy: 0.6587, loss: 0.6587, lr: 1.44e-04
     Epoch[14] Iteration[80/1240], entropy: 0.4140, loss: 0.4140, lr: 1.97e-06
     Epoch[14] Iteration[90/1240], entropy: 0.5777, loss: 0.5777, lr: 2.03e-04
     Epoch[14] Iteration[100/1240], entropy: 0.4884, loss: 0.4884, lr: 4.69e-04
     Epoch[14] Iteration[110/1240], entropy: 0.4617, loss: 0.4617, lr: 4.32e-04
     Epoch[14] Iteration[120/1240], entropy: 0.4805, loss: 0.4805, lr: 1.44e-04
     Epoch[14] Iteration[130/1240], entropy: 0.6200, loss: 0.6200, lr: 1.97e-06
     Epoch[14] Iteration[140/1240], entropy: 0.4827, loss: 0.4827, lr: 2.03e-04
     Epoch[14] Iteration[150/1240], entropy: 0.5937, loss: 0.5937, lr: 4.69e-04
     Epoch[14] Iteration[160/1240], entropy: 0.5964, loss: 0.5964, lr: 4.32e-04
     Epoch[14] Iteration[170/1240], entropy: 0.5437, loss: 0.5437, lr: 1.44e-04
     Epoch[14] Iteration[180/1240], entropy: 0.5224, loss: 0.5224, lr: 1.97e-06
     Epoch[14] Iteration[190/1240], entropy: 0.4174, loss: 0.4174, lr: 2.03e-04
     Epoch[14] Iteration[200/1240], entropy: 0.4955, loss: 0.4955, lr: 4.69e-04
     Epoch[14] Iteration[210/1240], entropy: 0.5507, loss: 0.5507, lr: 4.32e-04
     Epoch[14] Iteration[220/1240], entropy: 0.4243, loss: 0.4243, lr: 1.44e-04
     Epoch[14] Iteration[230/1240], entropy: 0.4886, loss: 0.4886, lr: 1.97e-06
     Epoch[14] Iteration[240/1240], entropy: 0.4048, loss: 0.4048, lr: 2.03e-04
     Epoch[14] Iteration[250/1240], entropy: 0.4688, loss: 0.4688, lr: 4.69e-04
     Epoch[14] Iteration[260/1240], entropy: 0.5751, loss: 0.5751, lr: 4.32e-04
     Epoch[14] Iteration[270/1240], entropy: 0.5890, loss: 0.5890, lr: 1.44e-04
     Epoch[14] Iteration[280/1240], entropy: 0.5100, loss: 0.5100, lr: 1.97e-06
     Epoch[14] Iteration[290/1240], entropy: 0.5269, loss: 0.5269, lr: 2.03e-04
     Epoch[14] Iteration[300/1240], entropy: 0.2954, loss: 0.2954, lr: 4.69e-04
     Epoch[14] Iteration[310/1240], entropy: 0.5313, loss: 0.5313, lr: 4.32e-04
     Epoch[14] Iteration[320/1240], entropy: 0.5259, loss: 0.5259, lr: 1.44e-04
     Epoch[14] Iteration[330/1240], entropy: 0.7147, loss: 0.7147, lr: 1.97e-06
     Epoch[14] Iteration[340/1240], entropy: 0.7473, loss: 0.7473, lr: 2.03e-04
     Epoch[14] Iteration[350/1240], entropy: 0.3799, loss: 0.3799, lr: 4.69e-04
     Epoch[14] Iteration[360/1240], entropy: 0.5858, loss: 0.5858, lr: 4.32e-04
     Epoch[14] Iteration[370/1240], entropy: 0.5598, loss: 0.5598, lr: 1.44e-04
     Epoch[14] Iteration[380/1240], entropy: 0.4713, loss: 0.4713, lr: 1.97e-06
     Epoch[14] Iteration[390/1240], entropy: 0.4323, loss: 0.4323, lr: 2.03e-04
     Epoch[14] Iteration[400/1240], entropy: 0.7210, loss: 0.7210, lr: 4.69e-04
     Epoch[14] Iteration[410/1240], entropy: 0.2565, loss: 0.2565, lr: 4.32e-04
     Epoch[14] Iteration[420/1240], entropy: 0.3828, loss: 0.3828, lr: 1.44e-04
     Epoch[14] Iteration[430/1240], entropy: 0.4989, loss: 0.4989, lr: 1.97e-06
     Epoch[14] Iteration[440/1240], entropy: 0.4716, loss: 0.4716, lr: 2.03e-04
     Epoch[14] Iteration[450/1240], entropy: 0.6476, loss: 0.6476, lr: 4.69e-04
     Epoch[14] Iteration[460/1240], entropy: 0.6027, loss: 0.6027, lr: 4.32e-04
     Epoch[14] Iteration[470/1240], entropy: 0.5399, loss: 0.5399, lr: 1.44e-04
     Epoch[14] Iteration[480/1240], entropy: 0.6033, loss: 0.6033, lr: 1.97e-06
     Epoch[14] Iteration[490/1240], entropy: 0.7009, loss: 0.7009, lr: 2.03e-04
     Epoch[14] Iteration[500/1240], entropy: 0.5703, loss: 0.5703, lr: 4.69e-04
     Epoch[14] Iteration[510/1240], entropy: 0.5935, loss: 0.5935, lr: 4.32e-04
     Epoch[14] Iteration[520/1240], entropy: 0.4538, loss: 0.4538, lr: 1.44e-04
     Epoch[14] Iteration[530/1240], entropy: 0.3898, loss: 0.3898, lr: 1.97e-06
     Epoch[14] Iteration[540/1240], entropy: 0.4464, loss: 0.4464, lr: 2.03e-04
     Epoch[14] Iteration[550/1240], entropy: 0.4785, loss: 0.4785, lr: 4.69e-04
     Epoch[14] Iteration[560/1240], entropy: 0.4514, loss: 0.4514, lr: 4.32e-04
     Epoch[14] Iteration[570/1240], entropy: 0.6395, loss: 0.6395, lr: 1.44e-04
     Epoch[14] Iteration[580/1240], entropy: 0.5181, loss: 0.5181, lr: 1.97e-06
     Epoch[14] Iteration[590/1240], entropy: 0.3281, loss: 0.3281, lr: 2.03e-04
     Epoch[14] Iteration[600/1240], entropy: 0.4059, loss: 0.4059, lr: 4.69e-04
     Epoch[14] Iteration[610/1240], entropy: 0.5188, loss: 0.5188, lr: 4.32e-04
     Epoch[14] Iteration[620/1240], entropy: 0.4484, loss: 0.4484, lr: 1.44e-04
     Epoch[14] Iteration[630/1240], entropy: 0.6227, loss: 0.6227, lr: 1.97e-06
     Epoch[14] Iteration[640/1240], entropy: 0.4073, loss: 0.4073, lr: 2.03e-04
     Epoch[14] Iteration[650/1240], entropy: 0.3140, loss: 0.3140, lr: 4.69e-04
     Epoch[14] Iteration[660/1240], entropy: 0.5110, loss: 0.5110, lr: 4.32e-04
     Epoch[14] Iteration[670/1240], entropy: 0.5755, loss: 0.5755, lr: 1.44e-04
     Epoch[14] Iteration[680/1240], entropy: 0.4210, loss: 0.4210, lr: 1.97e-06
     Epoch[14] Iteration[690/1240], entropy: 0.4983, loss: 0.4983, lr: 2.03e-04
     Epoch[14] Iteration[700/1240], entropy: 0.8077, loss: 0.8077, lr: 4.69e-04
     Epoch[14] Iteration[710/1240], entropy: 0.4858, loss: 0.4858, lr: 4.32e-04
     Epoch[14] Iteration[720/1240], entropy: 0.5016, loss: 0.5016, lr: 1.44e-04
     Epoch[14] Iteration[730/1240], entropy: 0.6605, loss: 0.6605, lr: 1.97e-06
     Epoch[14] Iteration[740/1240], entropy: 0.4495, loss: 0.4495, lr: 2.03e-04
     Epoch[14] Iteration[750/1240], entropy: 0.4824, loss: 0.4824, lr: 4.69e-04
     Epoch[14] Iteration[760/1240], entropy: 0.5804, loss: 0.5804, lr: 4.32e-04
     Epoch[14] Iteration[770/1240], entropy: 0.5842, loss: 0.5842, lr: 1.44e-04
     Epoch[14] Iteration[780/1240], entropy: 0.3690, loss: 0.3690, lr: 1.97e-06
     Epoch[14] Iteration[790/1240], entropy: 0.4965, loss: 0.4965, lr: 2.03e-04
     Epoch[14] Iteration[800/1240], entropy: 0.4511, loss: 0.4511, lr: 4.69e-04
     Epoch[14] Iteration[810/1240], entropy: 0.5002, loss: 0.5002, lr: 4.32e-04
     Epoch[14] Iteration[820/1240], entropy: 0.5633, loss: 0.5633, lr: 1.44e-04
     Epoch[14] Iteration[830/1240], entropy: 0.4348, loss: 0.4348, lr: 1.97e-06
     Epoch[14] Iteration[840/1240], entropy: 0.5746, loss: 0.5746, lr: 2.03e-04
     Epoch[14] Iteration[850/1240], entropy: 0.5262, loss: 0.5262, lr: 4.69e-04
     Epoch[14] Iteration[860/1240], entropy: 0.5464, loss: 0.5464, lr: 4.32e-04
     Epoch[14] Iteration[870/1240], entropy: 0.5631, loss: 0.5631, lr: 1.44e-04
     Epoch[14] Iteration[880/1240], entropy: 0.6379, loss: 0.6379, lr: 1.97e-06
     Epoch[14] Iteration[890/1240], entropy: 0.3171, loss: 0.3171, lr: 2.03e-04
     Epoch[14] Iteration[900/1240], entropy: 0.4647, loss: 0.4647, lr: 4.69e-04
     Epoch[14] Iteration[910/1240], entropy: 0.4439, loss: 0.4439, lr: 4.32e-04
     Epoch[14] Iteration[920/1240], entropy: 0.5820, loss: 0.5820, lr: 1.44e-04
     Epoch[14] Iteration[930/1240], entropy: 0.3662, loss: 0.3662, lr: 1.97e-06
     Epoch[14] Iteration[940/1240], entropy: 0.3016, loss: 0.3016, lr: 2.03e-04
     Epoch[14] Iteration[950/1240], entropy: 0.4232, loss: 0.4232, lr: 4.69e-04
     Epoch[14] Iteration[960/1240], entropy: 0.4883, loss: 0.4883, lr: 4.32e-04
     Epoch[14] Iteration[970/1240], entropy: 0.4944, loss: 0.4944, lr: 1.44e-04
     Epoch[14] Iteration[980/1240], entropy: 0.6040, loss: 0.6040, lr: 1.97e-06
     Epoch[14] Iteration[990/1240], entropy: 0.5748, loss: 0.5748, lr: 2.03e-04
     Epoch[14] Iteration[1000/1240], entropy: 0.4736, loss: 0.4736, lr: 4.69e-04
     Epoch[14] Iteration[1010/1240], entropy: 0.5995, loss: 0.5995, lr: 4.32e-04
     Epoch[14] Iteration[1020/1240], entropy: 0.5242, loss: 0.5242, lr: 1.44e-04
     Epoch[14] Iteration[1030/1240], entropy: 0.6379, loss: 0.6379, lr: 1.97e-06
     Epoch[14] Iteration[1040/1240], entropy: 0.4123, loss: 0.4123, lr: 2.03e-04
     Epoch[14] Iteration[1050/1240], entropy: 0.4308, loss: 0.4308, lr: 4.69e-04
     Epoch[14] Iteration[1060/1240], entropy: 0.4205, loss: 0.4205, lr: 4.32e-04
     Epoch[14] Iteration[1070/1240], entropy: 0.5894, loss: 0.5894, lr: 1.44e-04
     Epoch[14] Iteration[1080/1240], entropy: 0.5474, loss: 0.5474, lr: 1.97e-06
     Epoch[14] Iteration[1090/1240], entropy: 0.4990, loss: 0.4990, lr: 2.03e-04
     Epoch[14] Iteration[1100/1240], entropy: 0.3263, loss: 0.3263, lr: 4.69e-04
     Epoch[14] Iteration[1110/1240], entropy: 0.5791, loss: 0.5791, lr: 4.32e-04
     Epoch[14] Iteration[1120/1240], entropy: 0.6513, loss: 0.6513, lr: 1.44e-04
     Epoch[14] Iteration[1130/1240], entropy: 0.5073, loss: 0.5073, lr: 1.97e-06
     Epoch[14] Iteration[1140/1240], entropy: 0.5226, loss: 0.5226, lr: 2.03e-04
     Epoch[14] Iteration[1150/1240], entropy: 0.4960, loss: 0.4960, lr: 4.69e-04
     Epoch[14] Iteration[1160/1240], entropy: 0.4788, loss: 0.4788, lr: 4.32e-04
     Epoch[14] Iteration[1170/1240], entropy: 0.3879, loss: 0.3879, lr: 1.44e-04
     Epoch[14] Iteration[1180/1240], entropy: 0.6980, loss: 0.6980, lr: 1.97e-06
     Epoch[14] Iteration[1190/1240], entropy: 0.7048, loss: 0.7048, lr: 2.03e-04
     Epoch[14] Iteration[1200/1240], entropy: 0.2631, loss: 0.2631, lr: 4.69e-04
     Epoch[14] Iteration[1210/1240], entropy: 0.5919, loss: 0.5919, lr: 4.32e-04
     Epoch[14] Iteration[1220/1240], entropy: 0.4136, loss: 0.4136, lr: 1.44e-04
     Epoch[14] Iteration[1230/1240], entropy: 0.5482, loss: 0.5482, lr: 1.97e-06
     Epoch[14] Iteration[1240/1240], entropy: 0.5533, loss: 0.5533, lr: 2.03e-04
     Averaged stats: entropy: 0.5533, loss: 0.5533, lr: 2.03e-04
     itm tta time 0:03:25
### TTA Eval Score: 
+-------+--------+--------+--------+--------+-------+
| epoch |   R1   |   R5   |  R10   |  mAP   |  mINP |
+-------+--------+--------+--------+--------+-------+
|  -999 | 60.641 | 77.509 | 83.268 | 35.542 | 6.004 |
|   0   | 6.822  | 15.508 | 20.864 | 3.247  | 0.505 |
|   1   | 2.882  | 7.426  | 10.858 | 1.526  | 0.303 |
|   2   | 1.642  | 4.993  | 7.895  | 1.068  | 0.248 |
|   3   | 1.134  | 3.602  | 6.142  | 0.825  | 0.218 |
|   4   | 0.912  | 2.801  | 4.958  | 0.683  | 0.206 |
|   5   | 0.816  | 2.484  | 4.318  | 0.629  | 0.199 |
|   6   | 0.715  | 2.267  | 3.950  | 0.570  | 0.190 |
|   7   | 0.630  | 1.904  | 3.391  | 0.516  | 0.184 |
|   8   | 0.544  | 1.950  | 3.416  | 0.504  | 0.181 |
|   9   | 0.509  | 1.854  | 3.330  | 0.496  | 0.182 |
|   10  | 0.453  | 1.894  | 3.381  | 0.490  | 0.180 |
|   11  | 0.403  | 2.000  | 3.406  | 0.483  | 0.178 |
|   12  | 0.433  | 1.920  | 3.325  | 0.478  | 0.176 |
|   13  | 0.363  | 1.955  | 3.371  | 0.467  | 0.175 |
|   14  | 0.388  | 1.945  | 3.275  | 0.459  | 0.174 |
+-------+--------+--------+--------+--------+-------+
     logs:  {'epo': 14, 'R1': 0.388, 'R5': 1.945, 'R10': 3.275, 'mAP': 0.459, 'mINP': 0.174, 'entropy': 0.5086680852597759, 'loss': 0.5086680852597759, 'lr': 0.0002482332526612133}
     Epoch[15] Iteration[10/1240], entropy: 0.3289, loss: 0.3289, lr: 4.69e-04
     Epoch[15] Iteration[20/1240], entropy: 0.2851, loss: 0.2851, lr: 4.32e-04
     Epoch[15] Iteration[30/1240], entropy: 0.5427, loss: 0.5427, lr: 1.44e-04
     Epoch[15] Iteration[40/1240], entropy: 0.7386, loss: 0.7386, lr: 1.97e-06
     Epoch[15] Iteration[50/1240], entropy: 0.5489, loss: 0.5489, lr: 2.03e-04
     Epoch[15] Iteration[60/1240], entropy: 0.3520, loss: 0.3520, lr: 4.69e-04
     Epoch[15] Iteration[70/1240], entropy: 0.4642, loss: 0.4642, lr: 4.32e-04
     Epoch[15] Iteration[80/1240], entropy: 0.4102, loss: 0.4102, lr: 1.44e-04
     Epoch[15] Iteration[90/1240], entropy: 0.5081, loss: 0.5081, lr: 1.97e-06
     Epoch[15] Iteration[100/1240], entropy: 0.5413, loss: 0.5413, lr: 2.03e-04
     Epoch[15] Iteration[110/1240], entropy: 0.5785, loss: 0.5785, lr: 4.69e-04
     Epoch[15] Iteration[120/1240], entropy: 0.6507, loss: 0.6507, lr: 4.32e-04
     Epoch[15] Iteration[130/1240], entropy: 0.6269, loss: 0.6269, lr: 1.44e-04
     Epoch[15] Iteration[140/1240], entropy: 0.5906, loss: 0.5906, lr: 1.97e-06
     Epoch[15] Iteration[150/1240], entropy: 0.4153, loss: 0.4153, lr: 2.03e-04
     Epoch[15] Iteration[160/1240], entropy: 0.6514, loss: 0.6514, lr: 4.69e-04
     Epoch[15] Iteration[170/1240], entropy: 0.6147, loss: 0.6147, lr: 4.32e-04
     Epoch[15] Iteration[180/1240], entropy: 0.6678, loss: 0.6678, lr: 1.44e-04
     Epoch[15] Iteration[190/1240], entropy: 0.5344, loss: 0.5344, lr: 1.97e-06
     Epoch[15] Iteration[200/1240], entropy: 0.5178, loss: 0.5178, lr: 2.03e-04
     Epoch[15] Iteration[210/1240], entropy: 0.5342, loss: 0.5342, lr: 4.69e-04
     Epoch[15] Iteration[220/1240], entropy: 0.4533, loss: 0.4533, lr: 4.32e-04
     Epoch[15] Iteration[230/1240], entropy: 0.3564, loss: 0.3564, lr: 1.44e-04
     Epoch[15] Iteration[240/1240], entropy: 0.5978, loss: 0.5978, lr: 1.97e-06
     Epoch[15] Iteration[250/1240], entropy: 0.6037, loss: 0.6037, lr: 2.03e-04
     Epoch[15] Iteration[260/1240], entropy: 0.3705, loss: 0.3705, lr: 4.69e-04
     Epoch[15] Iteration[270/1240], entropy: 0.5342, loss: 0.5342, lr: 4.32e-04
     Epoch[15] Iteration[280/1240], entropy: 0.6353, loss: 0.6353, lr: 1.44e-04
     Epoch[15] Iteration[290/1240], entropy: 0.4281, loss: 0.4281, lr: 1.97e-06
     Epoch[15] Iteration[300/1240], entropy: 0.5288, loss: 0.5288, lr: 2.03e-04
     Epoch[15] Iteration[310/1240], entropy: 0.5763, loss: 0.5763, lr: 4.69e-04
     Epoch[15] Iteration[320/1240], entropy: 0.5980, loss: 0.5980, lr: 4.32e-04
     Epoch[15] Iteration[330/1240], entropy: 0.4555, loss: 0.4555, lr: 1.44e-04
     Epoch[15] Iteration[340/1240], entropy: 0.4077, loss: 0.4077, lr: 1.97e-06
     Epoch[15] Iteration[350/1240], entropy: 0.6072, loss: 0.6072, lr: 2.03e-04
     Epoch[15] Iteration[360/1240], entropy: 0.5270, loss: 0.5270, lr: 4.69e-04
     Epoch[15] Iteration[370/1240], entropy: 0.4603, loss: 0.4603, lr: 4.32e-04
     Epoch[15] Iteration[380/1240], entropy: 0.4934, loss: 0.4934, lr: 1.44e-04
     Epoch[15] Iteration[390/1240], entropy: 0.4241, loss: 0.4241, lr: 1.97e-06
     Epoch[15] Iteration[400/1240], entropy: 0.7833, loss: 0.7833, lr: 2.03e-04
     Epoch[15] Iteration[410/1240], entropy: 0.3056, loss: 0.3056, lr: 4.52e-04
     Epoch[15] Iteration[420/1240], entropy: 0.3868, loss: 0.3868, lr: 4.52e-04
     Epoch[15] Iteration[430/1240], entropy: 0.4830, loss: 0.4830, lr: 1.73e-04
     Epoch[15] Iteration[440/1240], entropy: 0.5957, loss: 0.5957, lr: 0.00e+00
     Epoch[15] Iteration[450/1240], entropy: 0.3749, loss: 0.3749, lr: 1.73e-04
     Epoch[15] Iteration[460/1240], entropy: 0.4111, loss: 0.4111, lr: 4.52e-04
     Epoch[15] Iteration[470/1240], entropy: 0.5944, loss: 0.5944, lr: 4.52e-04
     Epoch[15] Iteration[480/1240], entropy: 0.6180, loss: 0.6180, lr: 1.73e-04
     Epoch[15] Iteration[490/1240], entropy: 0.4558, loss: 0.4558, lr: 0.00e+00
     Epoch[15] Iteration[500/1240], entropy: 0.4701, loss: 0.4701, lr: 1.73e-04
     Epoch[15] Iteration[510/1240], entropy: 0.5101, loss: 0.5101, lr: 4.52e-04
     Epoch[15] Iteration[520/1240], entropy: 0.3045, loss: 0.3045, lr: 4.52e-04
     Epoch[15] Iteration[530/1240], entropy: 0.7082, loss: 0.7082, lr: 1.73e-04
     Epoch[15] Iteration[540/1240], entropy: 0.5473, loss: 0.5473, lr: 0.00e+00
     Epoch[15] Iteration[550/1240], entropy: 0.3779, loss: 0.3779, lr: 1.73e-04
     Epoch[15] Iteration[560/1240], entropy: 0.5366, loss: 0.5366, lr: 4.52e-04
     Epoch[15] Iteration[570/1240], entropy: 0.5543, loss: 0.5543, lr: 4.52e-04
     Epoch[15] Iteration[580/1240], entropy: 0.6119, loss: 0.6119, lr: 1.73e-04
     Epoch[15] Iteration[590/1240], entropy: 0.3675, loss: 0.3675, lr: 0.00e+00
     Epoch[15] Iteration[600/1240], entropy: 0.6678, loss: 0.6678, lr: 1.73e-04
     Epoch[15] Iteration[610/1240], entropy: 0.4744, loss: 0.4744, lr: 4.52e-04
     Epoch[15] Iteration[620/1240], entropy: 0.2564, loss: 0.2564, lr: 4.52e-04
     Epoch[15] Iteration[630/1240], entropy: 0.4501, loss: 0.4501, lr: 1.73e-04
     Epoch[15] Iteration[640/1240], entropy: 0.5502, loss: 0.5502, lr: 0.00e+00
     Epoch[15] Iteration[650/1240], entropy: 0.3384, loss: 0.3384, lr: 1.73e-04
     Epoch[15] Iteration[660/1240], entropy: 0.3823, loss: 0.3823, lr: 4.52e-04
     Epoch[15] Iteration[670/1240], entropy: 0.4965, loss: 0.4965, lr: 4.52e-04
     Epoch[15] Iteration[680/1240], entropy: 0.5153, loss: 0.5153, lr: 1.73e-04
     Epoch[15] Iteration[690/1240], entropy: 0.5517, loss: 0.5517, lr: 0.00e+00
     Epoch[15] Iteration[700/1240], entropy: 0.5262, loss: 0.5262, lr: 1.73e-04
     Epoch[15] Iteration[710/1240], entropy: 0.5737, loss: 0.5737, lr: 4.52e-04
     Epoch[15] Iteration[720/1240], entropy: 0.6076, loss: 0.6076, lr: 4.52e-04
     Epoch[15] Iteration[730/1240], entropy: 0.3199, loss: 0.3199, lr: 1.73e-04
     Epoch[15] Iteration[740/1240], entropy: 0.7024, loss: 0.7024, lr: 0.00e+00
     Epoch[15] Iteration[750/1240], entropy: 0.5023, loss: 0.5023, lr: 1.73e-04
     Epoch[15] Iteration[760/1240], entropy: 0.3318, loss: 0.3318, lr: 4.52e-04
     Epoch[15] Iteration[770/1240], entropy: 0.4863, loss: 0.4863, lr: 4.52e-04
     Epoch[15] Iteration[780/1240], entropy: 0.5556, loss: 0.5556, lr: 1.73e-04
     Epoch[15] Iteration[790/1240], entropy: 0.6040, loss: 0.6040, lr: 0.00e+00
     Epoch[15] Iteration[800/1240], entropy: 0.4440, loss: 0.4440, lr: 1.73e-04
     Epoch[15] Iteration[810/1240], entropy: 0.4661, loss: 0.4661, lr: 4.52e-04
     Epoch[15] Iteration[820/1240], entropy: 0.5250, loss: 0.5250, lr: 4.52e-04
     Epoch[15] Iteration[830/1240], entropy: 0.6628, loss: 0.6628, lr: 1.73e-04
     Epoch[15] Iteration[840/1240], entropy: 0.4998, loss: 0.4998, lr: 0.00e+00
     Epoch[15] Iteration[850/1240], entropy: 0.4721, loss: 0.4721, lr: 1.73e-04
     Epoch[15] Iteration[860/1240], entropy: 0.3689, loss: 0.3689, lr: 4.52e-04
     Epoch[15] Iteration[870/1240], entropy: 0.6097, loss: 0.6097, lr: 4.52e-04
     Epoch[15] Iteration[880/1240], entropy: 0.5352, loss: 0.5352, lr: 1.73e-04
     Epoch[15] Iteration[890/1240], entropy: 0.2864, loss: 0.2864, lr: 0.00e+00
     Epoch[15] Iteration[900/1240], entropy: 0.4167, loss: 0.4167, lr: 1.73e-04
     Epoch[15] Iteration[910/1240], entropy: 0.6307, loss: 0.6307, lr: 4.52e-04
     Epoch[15] Iteration[920/1240], entropy: 0.5117, loss: 0.5117, lr: 4.52e-04
     Epoch[15] Iteration[930/1240], entropy: 0.4639, loss: 0.4639, lr: 1.73e-04
     Epoch[15] Iteration[940/1240], entropy: 0.5117, loss: 0.5117, lr: 0.00e+00
     Epoch[15] Iteration[950/1240], entropy: 0.3020, loss: 0.3020, lr: 1.73e-04
     Epoch[15] Iteration[960/1240], entropy: 0.5263, loss: 0.5263, lr: 4.52e-04
     Epoch[15] Iteration[970/1240], entropy: 0.6207, loss: 0.6207, lr: 4.52e-04
     Epoch[15] Iteration[980/1240], entropy: 0.5780, loss: 0.5780, lr: 1.73e-04
     Epoch[15] Iteration[990/1240], entropy: 0.6084, loss: 0.6084, lr: 0.00e+00
     Epoch[15] Iteration[1000/1240], entropy: 0.4595, loss: 0.4595, lr: 1.73e-04
     Epoch[15] Iteration[1010/1240], entropy: 0.5985, loss: 0.5985, lr: 4.52e-04
     Epoch[15] Iteration[1020/1240], entropy: 0.4991, loss: 0.4991, lr: 4.52e-04
     Epoch[15] Iteration[1030/1240], entropy: 0.7176, loss: 0.7176, lr: 1.73e-04
     Epoch[15] Iteration[1040/1240], entropy: 0.3789, loss: 0.3789, lr: 0.00e+00
     Epoch[15] Iteration[1050/1240], entropy: 0.3731, loss: 0.3731, lr: 1.73e-04
     Epoch[15] Iteration[1060/1240], entropy: 0.5283, loss: 0.5283, lr: 4.52e-04
     Epoch[15] Iteration[1070/1240], entropy: 0.5119, loss: 0.5119, lr: 4.52e-04
     Epoch[15] Iteration[1080/1240], entropy: 0.4661, loss: 0.4661, lr: 1.73e-04
     Epoch[15] Iteration[1090/1240], entropy: 0.5021, loss: 0.5021, lr: 0.00e+00
     Epoch[15] Iteration[1100/1240], entropy: 0.4230, loss: 0.4230, lr: 1.73e-04
     Epoch[15] Iteration[1110/1240], entropy: 0.6830, loss: 0.6830, lr: 4.52e-04
     Epoch[15] Iteration[1120/1240], entropy: 0.6121, loss: 0.6121, lr: 4.52e-04
     Epoch[15] Iteration[1130/1240], entropy: 0.5081, loss: 0.5081, lr: 1.73e-04
     Epoch[15] Iteration[1140/1240], entropy: 0.5206, loss: 0.5206, lr: 0.00e+00
     Epoch[15] Iteration[1150/1240], entropy: 0.4646, loss: 0.4646, lr: 1.73e-04
     Epoch[15] Iteration[1160/1240], entropy: 0.3267, loss: 0.3267, lr: 4.52e-04
     Epoch[15] Iteration[1170/1240], entropy: 0.6024, loss: 0.6024, lr: 4.52e-04
     Epoch[15] Iteration[1180/1240], entropy: 0.2564, loss: 0.2564, lr: 1.73e-04
     Epoch[15] Iteration[1190/1240], entropy: 0.3357, loss: 0.3357, lr: 0.00e+00
     Epoch[15] Iteration[1200/1240], entropy: 0.6045, loss: 0.6045, lr: 1.73e-04
     Epoch[15] Iteration[1210/1240], entropy: 0.4028, loss: 0.4028, lr: 4.52e-04
     Epoch[15] Iteration[1220/1240], entropy: 0.7583, loss: 0.7583, lr: 4.52e-04
     Epoch[15] Iteration[1230/1240], entropy: 0.4831, loss: 0.4831, lr: 1.73e-04
     Epoch[15] Iteration[1240/1240], entropy: 0.5468, loss: 0.5468, lr: 0.00e+00
     Averaged stats: entropy: 0.5468, loss: 0.5468, lr: 0.00e+00
     itm tta time 0:03:25
### TTA Eval Score: 
+-------+--------+--------+--------+--------+-------+
| epoch |   R1   |   R5   |  R10   |  mAP   |  mINP |
+-------+--------+--------+--------+--------+-------+
|  -999 | 60.641 | 77.509 | 83.268 | 35.542 | 6.004 |
|   0   | 6.822  | 15.508 | 20.864 | 3.247  | 0.505 |
|   1   | 2.882  | 7.426  | 10.858 | 1.526  | 0.303 |
|   2   | 1.642  | 4.993  | 7.895  | 1.068  | 0.248 |
|   3   | 1.134  | 3.602  | 6.142  | 0.825  | 0.218 |
|   4   | 0.912  | 2.801  | 4.958  | 0.683  | 0.206 |
|   5   | 0.816  | 2.484  | 4.318  | 0.629  | 0.199 |
|   6   | 0.715  | 2.267  | 3.950  | 0.570  | 0.190 |
|   7   | 0.630  | 1.904  | 3.391  | 0.516  | 0.184 |
|   8   | 0.544  | 1.950  | 3.416  | 0.504  | 0.181 |
|   9   | 0.509  | 1.854  | 3.330  | 0.496  | 0.182 |
|   10  | 0.453  | 1.894  | 3.381  | 0.490  | 0.180 |
|   11  | 0.403  | 2.000  | 3.406  | 0.483  | 0.178 |
|   12  | 0.433  | 1.920  | 3.325  | 0.478  | 0.176 |
|   13  | 0.363  | 1.955  | 3.371  | 0.467  | 0.175 |
|   14  | 0.388  | 1.945  | 3.275  | 0.459  | 0.174 |
|   15  | 0.327  | 1.910  | 3.255  | 0.455  | 0.173 |
+-------+--------+--------+--------+--------+-------+
     logs:  {'epo': 15, 'R1': 0.327, 'R5': 1.91, 'R10': 3.255, 'mAP': 0.455, 'mINP': 0.173, 'entropy': 0.5052643351016506, 'loss': 0.5052643351016506, 'lr': 0.000250623018133815}
     Epoch[16] Iteration[10/1240], entropy: 0.6194, loss: 0.6194, lr: 1.73e-04
     Epoch[16] Iteration[20/1240], entropy: 0.1910, loss: 0.1910, lr: 4.52e-04
     Epoch[16] Iteration[30/1240], entropy: 0.5162, loss: 0.5162, lr: 4.52e-04
     Epoch[16] Iteration[40/1240], entropy: 0.5358, loss: 0.5358, lr: 1.73e-04
     Epoch[16] Iteration[50/1240], entropy: 0.5067, loss: 0.5067, lr: 0.00e+00
     Epoch[16] Iteration[60/1240], entropy: 0.3756, loss: 0.3756, lr: 1.73e-04
     Epoch[16] Iteration[70/1240], entropy: 0.5483, loss: 0.5483, lr: 4.52e-04
     Epoch[16] Iteration[80/1240], entropy: 0.5963, loss: 0.5963, lr: 4.52e-04
     Epoch[16] Iteration[90/1240], entropy: 0.5045, loss: 0.5045, lr: 1.73e-04
     Epoch[16] Iteration[100/1240], entropy: 0.5571, loss: 0.5571, lr: 0.00e+00
     Epoch[16] Iteration[110/1240], entropy: 0.6848, loss: 0.6848, lr: 1.73e-04
     Epoch[16] Iteration[120/1240], entropy: 0.6286, loss: 0.6286, lr: 4.52e-04
     Epoch[16] Iteration[130/1240], entropy: 0.4357, loss: 0.4357, lr: 4.52e-04
     Epoch[16] Iteration[140/1240], entropy: 0.6104, loss: 0.6104, lr: 1.73e-04
     Epoch[16] Iteration[150/1240], entropy: 0.3802, loss: 0.3802, lr: 0.00e+00
     Epoch[16] Iteration[160/1240], entropy: 0.5377, loss: 0.5377, lr: 1.73e-04
     Epoch[16] Iteration[170/1240], entropy: 0.4324, loss: 0.4324, lr: 4.52e-04
     Epoch[16] Iteration[180/1240], entropy: 0.5413, loss: 0.5413, lr: 4.52e-04
     Epoch[16] Iteration[190/1240], entropy: 0.4439, loss: 0.4439, lr: 1.73e-04
     Epoch[16] Iteration[200/1240], entropy: 0.4073, loss: 0.4073, lr: 0.00e+00
     Epoch[16] Iteration[210/1240], entropy: 0.4311, loss: 0.4311, lr: 1.73e-04
     Epoch[16] Iteration[220/1240], entropy: 0.5732, loss: 0.5732, lr: 4.52e-04
     Epoch[16] Iteration[230/1240], entropy: 0.4361, loss: 0.4361, lr: 4.52e-04
     Epoch[16] Iteration[240/1240], entropy: 0.4846, loss: 0.4846, lr: 1.73e-04
     Epoch[16] Iteration[250/1240], entropy: 0.4857, loss: 0.4857, lr: 0.00e+00
     Epoch[16] Iteration[260/1240], entropy: 0.7181, loss: 0.7181, lr: 1.73e-04
     Epoch[16] Iteration[270/1240], entropy: 0.4656, loss: 0.4656, lr: 4.52e-04
     Epoch[16] Iteration[280/1240], entropy: 0.5560, loss: 0.5560, lr: 4.52e-04
     Epoch[16] Iteration[290/1240], entropy: 0.4370, loss: 0.4370, lr: 1.73e-04
     Epoch[16] Iteration[300/1240], entropy: 0.2285, loss: 0.2285, lr: 0.00e+00
     Epoch[16] Iteration[310/1240], entropy: 0.5465, loss: 0.5465, lr: 1.73e-04
     Epoch[16] Iteration[320/1240], entropy: 0.6155, loss: 0.6155, lr: 4.52e-04
     Epoch[16] Iteration[330/1240], entropy: 0.4877, loss: 0.4877, lr: 4.52e-04
     Epoch[16] Iteration[340/1240], entropy: 0.6631, loss: 0.6631, lr: 1.73e-04
     Epoch[16] Iteration[350/1240], entropy: 0.4300, loss: 0.4300, lr: 0.00e+00
     Epoch[16] Iteration[360/1240], entropy: 0.5392, loss: 0.5392, lr: 1.73e-04
     Epoch[16] Iteration[370/1240], entropy: 0.4629, loss: 0.4629, lr: 4.52e-04
     Epoch[16] Iteration[380/1240], entropy: 0.4758, loss: 0.4758, lr: 4.52e-04
     Epoch[16] Iteration[390/1240], entropy: 0.5534, loss: 0.5534, lr: 1.73e-04
     Epoch[16] Iteration[400/1240], entropy: 0.4302, loss: 0.4302, lr: 0.00e+00
     Epoch[16] Iteration[410/1240], entropy: 0.5266, loss: 0.5266, lr: 1.73e-04
     Epoch[16] Iteration[420/1240], entropy: 0.4323, loss: 0.4323, lr: 4.52e-04
     Epoch[16] Iteration[430/1240], entropy: 0.6928, loss: 0.6928, lr: 4.52e-04
     Epoch[16] Iteration[440/1240], entropy: 0.5384, loss: 0.5384, lr: 1.73e-04
     Epoch[16] Iteration[450/1240], entropy: 0.4780, loss: 0.4780, lr: 0.00e+00
     Epoch[16] Iteration[460/1240], entropy: 0.5447, loss: 0.5447, lr: 1.73e-04
     Epoch[16] Iteration[470/1240], entropy: 0.6251, loss: 0.6251, lr: 4.52e-04
     Epoch[16] Iteration[480/1240], entropy: 0.5248, loss: 0.5248, lr: 4.52e-04
     Epoch[16] Iteration[490/1240], entropy: 0.4287, loss: 0.4287, lr: 1.73e-04
     Epoch[16] Iteration[500/1240], entropy: 0.5671, loss: 0.5671, lr: 0.00e+00
     Epoch[16] Iteration[510/1240], entropy: 0.4417, loss: 0.4417, lr: 1.73e-04
     Epoch[16] Iteration[520/1240], entropy: 0.3765, loss: 0.3765, lr: 4.52e-04
     Epoch[16] Iteration[530/1240], entropy: 0.3474, loss: 0.3474, lr: 4.52e-04
     Epoch[16] Iteration[540/1240], entropy: 0.5054, loss: 0.5054, lr: 1.73e-04
     Epoch[16] Iteration[550/1240], entropy: 0.5224, loss: 0.5224, lr: 0.00e+00
     Epoch[16] Iteration[560/1240], entropy: 0.4610, loss: 0.4610, lr: 1.73e-04
     Epoch[16] Iteration[570/1240], entropy: 0.3380, loss: 0.3380, lr: 4.52e-04
     Epoch[16] Iteration[580/1240], entropy: 0.5596, loss: 0.5596, lr: 4.52e-04
     Epoch[16] Iteration[590/1240], entropy: 0.7164, loss: 0.7164, lr: 1.73e-04
     Epoch[16] Iteration[600/1240], entropy: 0.5213, loss: 0.5213, lr: 0.00e+00
     Epoch[16] Iteration[610/1240], entropy: 0.5723, loss: 0.5723, lr: 1.73e-04
     Epoch[16] Iteration[620/1240], entropy: 0.5143, loss: 0.5143, lr: 4.52e-04
     Epoch[16] Iteration[630/1240], entropy: 0.5771, loss: 0.5771, lr: 4.52e-04
     Epoch[16] Iteration[640/1240], entropy: 0.3536, loss: 0.3536, lr: 1.73e-04
     Epoch[16] Iteration[650/1240], entropy: 0.4592, loss: 0.4592, lr: 0.00e+00
     Epoch[16] Iteration[660/1240], entropy: 0.5091, loss: 0.5091, lr: 1.73e-04
     Epoch[16] Iteration[670/1240], entropy: 0.4847, loss: 0.4847, lr: 4.52e-04
     Epoch[16] Iteration[680/1240], entropy: 0.4570, loss: 0.4570, lr: 4.52e-04
     Epoch[16] Iteration[690/1240], entropy: 0.6464, loss: 0.6464, lr: 1.73e-04
     Epoch[16] Iteration[700/1240], entropy: 0.5158, loss: 0.5158, lr: 0.00e+00
     Epoch[16] Iteration[710/1240], entropy: 0.6350, loss: 0.6350, lr: 1.73e-04
     Epoch[16] Iteration[720/1240], entropy: 0.5227, loss: 0.5227, lr: 4.52e-04
     Epoch[16] Iteration[730/1240], entropy: 0.4312, loss: 0.4312, lr: 4.52e-04
     Epoch[16] Iteration[740/1240], entropy: 0.6195, loss: 0.6195, lr: 1.73e-04
     Epoch[16] Iteration[750/1240], entropy: 0.4088, loss: 0.4088, lr: 0.00e+00
     Epoch[16] Iteration[760/1240], entropy: 0.3511, loss: 0.3511, lr: 1.73e-04
     Epoch[16] Iteration[770/1240], entropy: 0.5145, loss: 0.5145, lr: 4.52e-04
     Epoch[16] Iteration[780/1240], entropy: 0.4605, loss: 0.4605, lr: 4.52e-04
     Epoch[16] Iteration[790/1240], entropy: 0.5404, loss: 0.5404, lr: 1.73e-04
     Epoch[16] Iteration[800/1240], entropy: 0.7140, loss: 0.7140, lr: 0.00e+00
     Epoch[16] Iteration[810/1240], entropy: 0.5688, loss: 0.5688, lr: 1.73e-04
     Epoch[16] Iteration[820/1240], entropy: 0.5801, loss: 0.5801, lr: 4.52e-04
     Epoch[16] Iteration[830/1240], entropy: 0.5274, loss: 0.5274, lr: 4.52e-04
     Epoch[16] Iteration[840/1240], entropy: 0.5253, loss: 0.5253, lr: 1.73e-04
     Epoch[16] Iteration[850/1240], entropy: 0.3965, loss: 0.3965, lr: 0.00e+00
     Epoch[16] Iteration[860/1240], entropy: 0.5194, loss: 0.5194, lr: 1.73e-04
     Epoch[16] Iteration[870/1240], entropy: 0.4346, loss: 0.4346, lr: 4.52e-04
     Epoch[16] Iteration[880/1240], entropy: 0.6081, loss: 0.6081, lr: 4.52e-04
     Epoch[16] Iteration[890/1240], entropy: 0.6633, loss: 0.6633, lr: 1.73e-04
     Epoch[16] Iteration[900/1240], entropy: 0.3747, loss: 0.3747, lr: 0.00e+00
     Epoch[16] Iteration[910/1240], entropy: 0.6472, loss: 0.6472, lr: 1.73e-04
     Epoch[16] Iteration[920/1240], entropy: 0.6119, loss: 0.6119, lr: 4.52e-04
     Epoch[16] Iteration[930/1240], entropy: 0.5590, loss: 0.5590, lr: 4.52e-04
     Epoch[16] Iteration[940/1240], entropy: 0.4168, loss: 0.4168, lr: 1.73e-04
     Epoch[16] Iteration[950/1240], entropy: 0.4809, loss: 0.4809, lr: 0.00e+00
     Epoch[16] Iteration[960/1240], entropy: 0.3624, loss: 0.3624, lr: 1.73e-04
     Epoch[16] Iteration[970/1240], entropy: 0.6190, loss: 0.6190, lr: 4.52e-04
     Epoch[16] Iteration[980/1240], entropy: 0.4887, loss: 0.4887, lr: 4.52e-04
     Epoch[16] Iteration[990/1240], entropy: 0.4782, loss: 0.4782, lr: 1.73e-04
     Epoch[16] Iteration[1000/1240], entropy: 0.5479, loss: 0.5479, lr: 0.00e+00
     Epoch[16] Iteration[1010/1240], entropy: 0.4065, loss: 0.4065, lr: 1.73e-04
     Epoch[16] Iteration[1020/1240], entropy: 0.4932, loss: 0.4932, lr: 4.52e-04
     Epoch[16] Iteration[1030/1240], entropy: 0.2946, loss: 0.2946, lr: 4.52e-04
     Epoch[16] Iteration[1040/1240], entropy: 0.6180, loss: 0.6180, lr: 1.73e-04
     Epoch[16] Iteration[1050/1240], entropy: 0.6319, loss: 0.6319, lr: 0.00e+00
     Epoch[16] Iteration[1060/1240], entropy: 0.6527, loss: 0.6527, lr: 1.73e-04
     Epoch[16] Iteration[1070/1240], entropy: 0.6540, loss: 0.6540, lr: 4.52e-04
     Epoch[16] Iteration[1080/1240], entropy: 0.3986, loss: 0.3986, lr: 4.52e-04
     Epoch[16] Iteration[1090/1240], entropy: 0.3372, loss: 0.3372, lr: 1.73e-04
     Epoch[16] Iteration[1100/1240], entropy: 0.6017, loss: 0.6017, lr: 0.00e+00
     Epoch[16] Iteration[1110/1240], entropy: 0.5182, loss: 0.5182, lr: 1.73e-04
     Epoch[16] Iteration[1120/1240], entropy: 0.4117, loss: 0.4117, lr: 4.52e-04
     Epoch[16] Iteration[1130/1240], entropy: 0.4109, loss: 0.4109, lr: 4.52e-04
     Epoch[16] Iteration[1140/1240], entropy: 0.4966, loss: 0.4966, lr: 1.73e-04
     Epoch[16] Iteration[1150/1240], entropy: 0.4200, loss: 0.4200, lr: 0.00e+00
     Epoch[16] Iteration[1160/1240], entropy: 0.5418, loss: 0.5418, lr: 1.73e-04
     Epoch[16] Iteration[1170/1240], entropy: 0.6732, loss: 0.6732, lr: 4.32e-04
     Epoch[16] Iteration[1180/1240], entropy: 0.4534, loss: 0.4534, lr: 4.69e-04
     Epoch[16] Iteration[1190/1240], entropy: 0.3791, loss: 0.3791, lr: 2.03e-04
     Epoch[16] Iteration[1200/1240], entropy: 0.7097, loss: 0.7097, lr: 1.97e-06
     Epoch[16] Iteration[1210/1240], entropy: 0.5215, loss: 0.5215, lr: 1.44e-04
     Epoch[16] Iteration[1220/1240], entropy: 0.7048, loss: 0.7048, lr: 4.32e-04
     Epoch[16] Iteration[1230/1240], entropy: 0.6217, loss: 0.6217, lr: 4.69e-04
     Epoch[16] Iteration[1240/1240], entropy: 0.4633, loss: 0.4633, lr: 2.03e-04
     Averaged stats: entropy: 0.4633, loss: 0.4633, lr: 2.03e-04
     itm tta time 0:03:25
### TTA Eval Score: 
+-------+--------+--------+--------+--------+-------+
| epoch |   R1   |   R5   |  R10   |  mAP   |  mINP |
+-------+--------+--------+--------+--------+-------+
|  -999 | 60.641 | 77.509 | 83.268 | 35.542 | 6.004 |
|   0   | 6.822  | 15.508 | 20.864 | 3.247  | 0.505 |
|   1   | 2.882  | 7.426  | 10.858 | 1.526  | 0.303 |
|   2   | 1.642  | 4.993  | 7.895  | 1.068  | 0.248 |
|   3   | 1.134  | 3.602  | 6.142  | 0.825  | 0.218 |
|   4   | 0.912  | 2.801  | 4.958  | 0.683  | 0.206 |
|   5   | 0.816  | 2.484  | 4.318  | 0.629  | 0.199 |
|   6   | 0.715  | 2.267  | 3.950  | 0.570  | 0.190 |
|   7   | 0.630  | 1.904  | 3.391  | 0.516  | 0.184 |
|   8   | 0.544  | 1.950  | 3.416  | 0.504  | 0.181 |
|   9   | 0.509  | 1.854  | 3.330  | 0.496  | 0.182 |
|   10  | 0.453  | 1.894  | 3.381  | 0.490  | 0.180 |
|   11  | 0.403  | 2.000  | 3.406  | 0.483  | 0.178 |
|   12  | 0.433  | 1.920  | 3.325  | 0.478  | 0.176 |
|   13  | 0.363  | 1.955  | 3.371  | 0.467  | 0.175 |
|   14  | 0.388  | 1.945  | 3.275  | 0.459  | 0.174 |
|   15  | 0.327  | 1.910  | 3.255  | 0.455  | 0.173 |
|   16  | 0.348  | 2.046  | 3.401  | 0.471  | 0.174 |
+-------+--------+--------+--------+--------+-------+
     logs:  {'epo': 16, 'R1': 0.348, 'R5': 2.046, 'R10': 3.401, 'mAP': 0.471, 'mINP': 0.174, 'entropy': 0.5107536213772912, 'loss': 0.5107536213772912, 'lr': 0.0002522356391098763}
     Epoch[17] Iteration[10/1240], entropy: 0.4773, loss: 0.4773, lr: 1.97e-06
     Epoch[17] Iteration[20/1240], entropy: 0.5370, loss: 0.5370, lr: 1.44e-04
     Epoch[17] Iteration[30/1240], entropy: 0.4133, loss: 0.4133, lr: 4.32e-04
     Epoch[17] Iteration[40/1240], entropy: 0.4757, loss: 0.4757, lr: 4.69e-04
     Epoch[17] Iteration[50/1240], entropy: 0.5740, loss: 0.5740, lr: 2.03e-04
     Epoch[17] Iteration[60/1240], entropy: 0.5296, loss: 0.5296, lr: 1.97e-06
     Epoch[17] Iteration[70/1240], entropy: 0.4817, loss: 0.4817, lr: 1.44e-04
     Epoch[17] Iteration[80/1240], entropy: 0.3742, loss: 0.3742, lr: 4.32e-04
     Epoch[17] Iteration[90/1240], entropy: 0.4964, loss: 0.4964, lr: 4.69e-04
     Epoch[17] Iteration[100/1240], entropy: 0.6280, loss: 0.6280, lr: 2.03e-04
     Epoch[17] Iteration[110/1240], entropy: 0.4486, loss: 0.4486, lr: 1.97e-06
     Epoch[17] Iteration[120/1240], entropy: 0.4587, loss: 0.4587, lr: 1.44e-04
     Epoch[17] Iteration[130/1240], entropy: 0.6795, loss: 0.6795, lr: 4.32e-04
     Epoch[17] Iteration[140/1240], entropy: 0.4020, loss: 0.4020, lr: 4.69e-04
     Epoch[17] Iteration[150/1240], entropy: 0.5714, loss: 0.5714, lr: 2.03e-04
     Epoch[17] Iteration[160/1240], entropy: 0.3876, loss: 0.3876, lr: 1.97e-06
     Epoch[17] Iteration[170/1240], entropy: 0.4444, loss: 0.4444, lr: 1.44e-04
     Epoch[17] Iteration[180/1240], entropy: 0.6737, loss: 0.6737, lr: 4.32e-04
     Epoch[17] Iteration[190/1240], entropy: 0.5716, loss: 0.5716, lr: 4.69e-04
     Epoch[17] Iteration[200/1240], entropy: 0.6507, loss: 0.6507, lr: 2.03e-04
     Epoch[17] Iteration[210/1240], entropy: 0.4071, loss: 0.4071, lr: 1.97e-06
     Epoch[17] Iteration[220/1240], entropy: 0.5794, loss: 0.5794, lr: 1.44e-04
     Epoch[17] Iteration[230/1240], entropy: 0.6590, loss: 0.6590, lr: 4.32e-04
     Epoch[17] Iteration[240/1240], entropy: 0.4262, loss: 0.4262, lr: 4.69e-04
     Epoch[17] Iteration[250/1240], entropy: 0.4417, loss: 0.4417, lr: 2.03e-04
     Epoch[17] Iteration[260/1240], entropy: 0.3651, loss: 0.3651, lr: 1.97e-06
     Epoch[17] Iteration[270/1240], entropy: 0.5450, loss: 0.5450, lr: 1.44e-04
     Epoch[17] Iteration[280/1240], entropy: 0.4342, loss: 0.4342, lr: 4.32e-04
     Epoch[17] Iteration[290/1240], entropy: 0.6228, loss: 0.6228, lr: 4.69e-04
     Epoch[17] Iteration[300/1240], entropy: 0.3662, loss: 0.3662, lr: 2.03e-04
     Epoch[17] Iteration[310/1240], entropy: 0.5340, loss: 0.5340, lr: 1.97e-06
     Epoch[17] Iteration[320/1240], entropy: 0.4657, loss: 0.4657, lr: 1.44e-04
     Epoch[17] Iteration[330/1240], entropy: 0.3950, loss: 0.3950, lr: 4.32e-04
     Epoch[17] Iteration[340/1240], entropy: 0.4943, loss: 0.4943, lr: 4.69e-04
     Epoch[17] Iteration[350/1240], entropy: 0.3333, loss: 0.3333, lr: 2.03e-04
     Epoch[17] Iteration[360/1240], entropy: 0.4899, loss: 0.4899, lr: 1.97e-06
     Epoch[17] Iteration[370/1240], entropy: 0.7240, loss: 0.7240, lr: 1.44e-04
     Epoch[17] Iteration[380/1240], entropy: 0.6242, loss: 0.6242, lr: 4.32e-04
     Epoch[17] Iteration[390/1240], entropy: 0.3450, loss: 0.3450, lr: 4.69e-04
     Epoch[17] Iteration[400/1240], entropy: 0.4943, loss: 0.4943, lr: 2.03e-04
     Epoch[17] Iteration[410/1240], entropy: 0.3857, loss: 0.3857, lr: 1.97e-06
     Epoch[17] Iteration[420/1240], entropy: 0.6260, loss: 0.6260, lr: 1.44e-04
     Epoch[17] Iteration[430/1240], entropy: 0.5301, loss: 0.5301, lr: 4.32e-04
     Epoch[17] Iteration[440/1240], entropy: 0.4006, loss: 0.4006, lr: 4.69e-04
     Epoch[17] Iteration[450/1240], entropy: 0.4026, loss: 0.4026, lr: 2.03e-04
     Epoch[17] Iteration[460/1240], entropy: 0.5190, loss: 0.5190, lr: 1.97e-06
     Epoch[17] Iteration[470/1240], entropy: 0.3426, loss: 0.3426, lr: 1.44e-04
     Epoch[17] Iteration[480/1240], entropy: 0.8809, loss: 0.8809, lr: 4.32e-04
     Epoch[17] Iteration[490/1240], entropy: 0.3497, loss: 0.3497, lr: 4.69e-04
     Epoch[17] Iteration[500/1240], entropy: 0.4611, loss: 0.4611, lr: 2.03e-04
     Epoch[17] Iteration[510/1240], entropy: 0.3903, loss: 0.3903, lr: 1.97e-06
     Epoch[17] Iteration[520/1240], entropy: 0.4116, loss: 0.4116, lr: 1.44e-04
     Epoch[17] Iteration[530/1240], entropy: 0.3891, loss: 0.3891, lr: 4.32e-04
     Epoch[17] Iteration[540/1240], entropy: 0.5332, loss: 0.5332, lr: 4.69e-04
     Epoch[17] Iteration[550/1240], entropy: 0.3042, loss: 0.3042, lr: 2.03e-04
     Epoch[17] Iteration[560/1240], entropy: 0.4796, loss: 0.4796, lr: 1.97e-06
     Epoch[17] Iteration[570/1240], entropy: 0.6920, loss: 0.6920, lr: 1.44e-04
     Epoch[17] Iteration[580/1240], entropy: 0.5039, loss: 0.5039, lr: 4.32e-04
     Epoch[17] Iteration[590/1240], entropy: 0.5910, loss: 0.5910, lr: 4.69e-04
     Epoch[17] Iteration[600/1240], entropy: 0.6516, loss: 0.6516, lr: 2.03e-04
     Epoch[17] Iteration[610/1240], entropy: 0.4949, loss: 0.4949, lr: 1.97e-06
     Epoch[17] Iteration[620/1240], entropy: 0.4279, loss: 0.4279, lr: 1.44e-04
     Epoch[17] Iteration[630/1240], entropy: 0.4577, loss: 0.4577, lr: 4.32e-04
     Epoch[17] Iteration[640/1240], entropy: 0.6398, loss: 0.6398, lr: 4.69e-04
     Epoch[17] Iteration[650/1240], entropy: 0.5193, loss: 0.5193, lr: 2.03e-04
     Epoch[17] Iteration[660/1240], entropy: 0.5079, loss: 0.5079, lr: 1.97e-06
     Epoch[17] Iteration[670/1240], entropy: 0.5036, loss: 0.5036, lr: 1.44e-04
     Epoch[17] Iteration[680/1240], entropy: 0.7104, loss: 0.7104, lr: 4.32e-04
     Epoch[17] Iteration[690/1240], entropy: 0.5605, loss: 0.5605, lr: 4.69e-04
     Epoch[17] Iteration[700/1240], entropy: 0.4121, loss: 0.4121, lr: 2.03e-04
     Epoch[17] Iteration[710/1240], entropy: 0.6016, loss: 0.6016, lr: 1.97e-06
     Epoch[17] Iteration[720/1240], entropy: 0.4673, loss: 0.4673, lr: 1.44e-04
     Epoch[17] Iteration[730/1240], entropy: 0.7424, loss: 0.7424, lr: 4.32e-04
     Epoch[17] Iteration[740/1240], entropy: 0.4737, loss: 0.4737, lr: 4.69e-04
     Epoch[17] Iteration[750/1240], entropy: 0.4461, loss: 0.4461, lr: 2.03e-04
     Epoch[17] Iteration[760/1240], entropy: 0.3953, loss: 0.3953, lr: 1.97e-06
     Epoch[17] Iteration[770/1240], entropy: 0.4725, loss: 0.4725, lr: 1.44e-04
     Epoch[17] Iteration[780/1240], entropy: 0.5269, loss: 0.5269, lr: 4.32e-04
     Epoch[17] Iteration[790/1240], entropy: 0.6755, loss: 0.6755, lr: 4.69e-04
     Epoch[17] Iteration[800/1240], entropy: 0.4675, loss: 0.4675, lr: 2.03e-04
     Epoch[17] Iteration[810/1240], entropy: 0.3973, loss: 0.3973, lr: 1.97e-06
     Epoch[17] Iteration[820/1240], entropy: 0.6203, loss: 0.6203, lr: 1.44e-04
     Epoch[17] Iteration[830/1240], entropy: 0.5741, loss: 0.5741, lr: 4.32e-04
     Epoch[17] Iteration[840/1240], entropy: 0.5854, loss: 0.5854, lr: 4.69e-04
     Epoch[17] Iteration[850/1240], entropy: 0.2963, loss: 0.2963, lr: 2.03e-04
     Epoch[17] Iteration[860/1240], entropy: 0.5165, loss: 0.5165, lr: 1.97e-06
     Epoch[17] Iteration[870/1240], entropy: 0.4468, loss: 0.4468, lr: 1.44e-04
     Epoch[17] Iteration[880/1240], entropy: 0.5666, loss: 0.5666, lr: 4.32e-04
     Epoch[17] Iteration[890/1240], entropy: 0.8395, loss: 0.8395, lr: 4.69e-04
     Epoch[17] Iteration[900/1240], entropy: 0.4417, loss: 0.4417, lr: 2.03e-04
     Epoch[17] Iteration[910/1240], entropy: 0.5247, loss: 0.5247, lr: 1.97e-06
     Epoch[17] Iteration[920/1240], entropy: 0.6336, loss: 0.6336, lr: 1.44e-04
     Epoch[17] Iteration[930/1240], entropy: 0.4592, loss: 0.4592, lr: 4.32e-04
     Epoch[17] Iteration[940/1240], entropy: 0.5079, loss: 0.5079, lr: 4.69e-04
     Epoch[17] Iteration[950/1240], entropy: 0.4379, loss: 0.4379, lr: 2.03e-04
     Epoch[17] Iteration[960/1240], entropy: 0.4317, loss: 0.4317, lr: 1.97e-06
     Epoch[17] Iteration[970/1240], entropy: 0.5937, loss: 0.5937, lr: 1.44e-04
     Epoch[17] Iteration[980/1240], entropy: 0.3760, loss: 0.3760, lr: 4.32e-04
     Epoch[17] Iteration[990/1240], entropy: 0.3186, loss: 0.3186, lr: 4.69e-04
     Epoch[17] Iteration[1000/1240], entropy: 0.5598, loss: 0.5598, lr: 2.03e-04
     Epoch[17] Iteration[1010/1240], entropy: 0.4094, loss: 0.4094, lr: 1.97e-06
     Epoch[17] Iteration[1020/1240], entropy: 0.3440, loss: 0.3440, lr: 1.44e-04
     Epoch[17] Iteration[1030/1240], entropy: 0.5448, loss: 0.5448, lr: 4.32e-04
     Epoch[17] Iteration[1040/1240], entropy: 0.5691, loss: 0.5691, lr: 4.69e-04
     Epoch[17] Iteration[1050/1240], entropy: 0.6673, loss: 0.6673, lr: 2.03e-04
     Epoch[17] Iteration[1060/1240], entropy: 0.5774, loss: 0.5774, lr: 1.97e-06
     Epoch[17] Iteration[1070/1240], entropy: 0.6492, loss: 0.6492, lr: 1.44e-04
     Epoch[17] Iteration[1080/1240], entropy: 0.4835, loss: 0.4835, lr: 4.32e-04
     Epoch[17] Iteration[1090/1240], entropy: 0.5062, loss: 0.5062, lr: 4.69e-04
     Epoch[17] Iteration[1100/1240], entropy: 0.5801, loss: 0.5801, lr: 2.03e-04
     Epoch[17] Iteration[1110/1240], entropy: 0.5315, loss: 0.5315, lr: 1.97e-06
     Epoch[17] Iteration[1120/1240], entropy: 0.3610, loss: 0.3610, lr: 1.44e-04
     Epoch[17] Iteration[1130/1240], entropy: 0.5912, loss: 0.5912, lr: 4.32e-04
     Epoch[17] Iteration[1140/1240], entropy: 0.5811, loss: 0.5811, lr: 4.69e-04
     Epoch[17] Iteration[1150/1240], entropy: 0.4632, loss: 0.4632, lr: 2.03e-04
     Epoch[17] Iteration[1160/1240], entropy: 0.3565, loss: 0.3565, lr: 1.97e-06
     Epoch[17] Iteration[1170/1240], entropy: 0.4954, loss: 0.4954, lr: 1.44e-04
     Epoch[17] Iteration[1180/1240], entropy: 0.4708, loss: 0.4708, lr: 4.32e-04
     Epoch[17] Iteration[1190/1240], entropy: 0.7569, loss: 0.7569, lr: 4.69e-04
     Epoch[17] Iteration[1200/1240], entropy: 0.4762, loss: 0.4762, lr: 2.03e-04
     Epoch[17] Iteration[1210/1240], entropy: 0.5471, loss: 0.5471, lr: 1.97e-06
     Epoch[17] Iteration[1220/1240], entropy: 0.5212, loss: 0.5212, lr: 1.44e-04
     Epoch[17] Iteration[1230/1240], entropy: 0.3962, loss: 0.3962, lr: 4.32e-04
     Epoch[17] Iteration[1240/1240], entropy: 0.3938, loss: 0.3938, lr: 4.69e-04
     Averaged stats: entropy: 0.3938, loss: 0.3938, lr: 4.69e-04
     itm tta time 0:03:25
### TTA Eval Score: 
+-------+--------+--------+--------+--------+-------+
| epoch |   R1   |   R5   |  R10   |  mAP   |  mINP |
+-------+--------+--------+--------+--------+-------+
|  -999 | 60.641 | 77.509 | 83.268 | 35.542 | 6.004 |
|   0   | 6.822  | 15.508 | 20.864 | 3.247  | 0.505 |
|   1   | 2.882  | 7.426  | 10.858 | 1.526  | 0.303 |
|   2   | 1.642  | 4.993  | 7.895  | 1.068  | 0.248 |
|   3   | 1.134  | 3.602  | 6.142  | 0.825  | 0.218 |
|   4   | 0.912  | 2.801  | 4.958  | 0.683  | 0.206 |
|   5   | 0.816  | 2.484  | 4.318  | 0.629  | 0.199 |
|   6   | 0.715  | 2.267  | 3.950  | 0.570  | 0.190 |
|   7   | 0.630  | 1.904  | 3.391  | 0.516  | 0.184 |
|   8   | 0.544  | 1.950  | 3.416  | 0.504  | 0.181 |
|   9   | 0.509  | 1.854  | 3.330  | 0.496  | 0.182 |
|   10  | 0.453  | 1.894  | 3.381  | 0.490  | 0.180 |
|   11  | 0.403  | 2.000  | 3.406  | 0.483  | 0.178 |
|   12  | 0.433  | 1.920  | 3.325  | 0.478  | 0.176 |
|   13  | 0.363  | 1.955  | 3.371  | 0.467  | 0.175 |
|   14  | 0.388  | 1.945  | 3.275  | 0.459  | 0.174 |
|   15  | 0.327  | 1.910  | 3.255  | 0.455  | 0.173 |
|   16  | 0.348  | 2.046  | 3.401  | 0.471  | 0.174 |
|   17  | 0.338  | 1.955  | 3.265  | 0.455  | 0.174 |
+-------+--------+--------+--------+--------+-------+
     logs:  {'epo': 17, 'R1': 0.338, 'R5': 1.955, 'R10': 3.265, 'mAP': 0.455, 'mINP': 0.174, 'entropy': 0.5062125798675322, 'loss': 0.5062125798675322, 'lr': 0.00025037778490844854}
     Epoch[18] Iteration[10/1240], entropy: 0.4120, loss: 0.4120, lr: 2.03e-04
     Epoch[18] Iteration[20/1240], entropy: 0.3011, loss: 0.3011, lr: 1.97e-06
     Epoch[18] Iteration[30/1240], entropy: 0.6175, loss: 0.6175, lr: 1.44e-04
     Epoch[18] Iteration[40/1240], entropy: 0.4652, loss: 0.4652, lr: 4.32e-04
     Epoch[18] Iteration[50/1240], entropy: 0.7470, loss: 0.7470, lr: 4.69e-04
     Epoch[18] Iteration[60/1240], entropy: 0.5386, loss: 0.5386, lr: 2.03e-04
     Epoch[18] Iteration[70/1240], entropy: 0.4376, loss: 0.4376, lr: 1.97e-06
     Epoch[18] Iteration[80/1240], entropy: 0.5127, loss: 0.5127, lr: 1.44e-04
     Epoch[18] Iteration[90/1240], entropy: 0.5210, loss: 0.5210, lr: 4.32e-04
     Epoch[18] Iteration[100/1240], entropy: 0.3271, loss: 0.3271, lr: 4.69e-04
     Epoch[18] Iteration[110/1240], entropy: 0.7042, loss: 0.7042, lr: 2.03e-04
     Epoch[18] Iteration[120/1240], entropy: 0.5931, loss: 0.5931, lr: 1.97e-06
     Epoch[18] Iteration[130/1240], entropy: 0.5763, loss: 0.5763, lr: 1.44e-04
     Epoch[18] Iteration[140/1240], entropy: 0.3678, loss: 0.3678, lr: 4.32e-04
     Epoch[18] Iteration[150/1240], entropy: 0.4604, loss: 0.4604, lr: 4.69e-04
     Epoch[18] Iteration[160/1240], entropy: 0.4359, loss: 0.4359, lr: 2.03e-04
     Epoch[18] Iteration[170/1240], entropy: 0.4582, loss: 0.4582, lr: 1.97e-06
     Epoch[18] Iteration[180/1240], entropy: 0.3603, loss: 0.3603, lr: 1.44e-04
     Epoch[18] Iteration[190/1240], entropy: 0.4274, loss: 0.4274, lr: 4.32e-04
     Epoch[18] Iteration[200/1240], entropy: 0.6219, loss: 0.6219, lr: 4.69e-04
     Epoch[18] Iteration[210/1240], entropy: 0.4332, loss: 0.4332, lr: 2.03e-04
     Epoch[18] Iteration[220/1240], entropy: 0.6536, loss: 0.6536, lr: 1.97e-06
     Epoch[18] Iteration[230/1240], entropy: 0.3953, loss: 0.3953, lr: 1.44e-04
     Epoch[18] Iteration[240/1240], entropy: 0.7264, loss: 0.7264, lr: 4.32e-04
     Epoch[18] Iteration[250/1240], entropy: 0.3567, loss: 0.3567, lr: 4.69e-04
     Epoch[18] Iteration[260/1240], entropy: 0.4106, loss: 0.4106, lr: 2.03e-04
     Epoch[18] Iteration[270/1240], entropy: 0.6808, loss: 0.6808, lr: 1.97e-06
     Epoch[18] Iteration[280/1240], entropy: 0.5054, loss: 0.5054, lr: 1.44e-04
     Epoch[18] Iteration[290/1240], entropy: 0.6503, loss: 0.6503, lr: 4.32e-04
     Epoch[18] Iteration[300/1240], entropy: 0.5626, loss: 0.5626, lr: 4.69e-04
     Epoch[18] Iteration[310/1240], entropy: 0.3374, loss: 0.3374, lr: 2.03e-04
     Epoch[18] Iteration[320/1240], entropy: 0.4321, loss: 0.4321, lr: 1.97e-06
     Epoch[18] Iteration[330/1240], entropy: 0.5220, loss: 0.5220, lr: 1.44e-04
     Epoch[18] Iteration[340/1240], entropy: 0.4584, loss: 0.4584, lr: 4.32e-04
     Epoch[18] Iteration[350/1240], entropy: 0.4838, loss: 0.4838, lr: 4.69e-04
     Epoch[18] Iteration[360/1240], entropy: 0.3061, loss: 0.3061, lr: 2.03e-04
     Epoch[18] Iteration[370/1240], entropy: 0.4600, loss: 0.4600, lr: 1.97e-06
     Epoch[18] Iteration[380/1240], entropy: 0.4608, loss: 0.4608, lr: 1.44e-04
     Epoch[18] Iteration[390/1240], entropy: 0.4952, loss: 0.4952, lr: 4.32e-04
     Epoch[18] Iteration[400/1240], entropy: 0.4873, loss: 0.4873, lr: 4.69e-04
     Epoch[18] Iteration[410/1240], entropy: 0.4775, loss: 0.4775, lr: 2.03e-04
     Epoch[18] Iteration[420/1240], entropy: 0.3652, loss: 0.3652, lr: 1.97e-06
     Epoch[18] Iteration[430/1240], entropy: 0.6279, loss: 0.6279, lr: 1.44e-04
     Epoch[18] Iteration[440/1240], entropy: 0.5045, loss: 0.5045, lr: 4.32e-04
     Epoch[18] Iteration[450/1240], entropy: 0.5420, loss: 0.5420, lr: 4.69e-04
     Epoch[18] Iteration[460/1240], entropy: 0.3479, loss: 0.3479, lr: 2.03e-04
     Epoch[18] Iteration[470/1240], entropy: 0.6226, loss: 0.6226, lr: 1.97e-06
     Epoch[18] Iteration[480/1240], entropy: 0.5094, loss: 0.5094, lr: 1.44e-04
     Epoch[18] Iteration[490/1240], entropy: 0.5338, loss: 0.5338, lr: 4.32e-04
     Epoch[18] Iteration[500/1240], entropy: 0.4742, loss: 0.4742, lr: 4.69e-04
     Epoch[18] Iteration[510/1240], entropy: 0.3675, loss: 0.3675, lr: 2.03e-04
     Epoch[18] Iteration[520/1240], entropy: 0.3558, loss: 0.3558, lr: 1.97e-06
     Epoch[18] Iteration[530/1240], entropy: 0.6795, loss: 0.6795, lr: 1.44e-04
     Epoch[18] Iteration[540/1240], entropy: 0.5330, loss: 0.5330, lr: 4.32e-04
     Epoch[18] Iteration[550/1240], entropy: 0.6518, loss: 0.6518, lr: 4.69e-04
     Epoch[18] Iteration[560/1240], entropy: 0.5119, loss: 0.5119, lr: 2.03e-04
     Epoch[18] Iteration[570/1240], entropy: 0.4553, loss: 0.4553, lr: 1.97e-06
     Epoch[18] Iteration[580/1240], entropy: 0.4316, loss: 0.4316, lr: 1.44e-04
     Epoch[18] Iteration[590/1240], entropy: 0.4806, loss: 0.4806, lr: 4.32e-04
     Epoch[18] Iteration[600/1240], entropy: 0.3899, loss: 0.3899, lr: 4.69e-04
     Epoch[18] Iteration[610/1240], entropy: 0.5424, loss: 0.5424, lr: 2.03e-04
     Epoch[18] Iteration[620/1240], entropy: 0.7156, loss: 0.7156, lr: 1.97e-06
     Epoch[18] Iteration[630/1240], entropy: 0.4282, loss: 0.4282, lr: 1.44e-04
     Epoch[18] Iteration[640/1240], entropy: 0.5512, loss: 0.5512, lr: 4.32e-04
     Epoch[18] Iteration[650/1240], entropy: 0.4984, loss: 0.4984, lr: 4.69e-04
     Epoch[18] Iteration[660/1240], entropy: 0.6854, loss: 0.6854, lr: 2.03e-04
     Epoch[18] Iteration[670/1240], entropy: 0.6083, loss: 0.6083, lr: 1.97e-06
     Epoch[18] Iteration[680/1240], entropy: 0.3249, loss: 0.3249, lr: 1.44e-04
     Epoch[18] Iteration[690/1240], entropy: 0.5830, loss: 0.5830, lr: 4.09e-04
     Epoch[18] Iteration[700/1240], entropy: 0.5291, loss: 0.5291, lr: 4.82e-04
     Epoch[18] Iteration[710/1240], entropy: 0.5851, loss: 0.5851, lr: 2.34e-04
     Epoch[18] Iteration[720/1240], entropy: 0.3361, loss: 0.3361, lr: 7.85e-06
     Epoch[18] Iteration[730/1240], entropy: 0.4615, loss: 0.4615, lr: 1.16e-04
     Epoch[18] Iteration[740/1240], entropy: 0.5572, loss: 0.5572, lr: 4.09e-04
     Epoch[18] Iteration[750/1240], entropy: 0.4551, loss: 0.4551, lr: 4.82e-04
     Epoch[18] Iteration[760/1240], entropy: 0.3716, loss: 0.3716, lr: 2.34e-04
     Epoch[18] Iteration[770/1240], entropy: 0.5085, loss: 0.5085, lr: 7.85e-06
     Epoch[18] Iteration[780/1240], entropy: 0.6354, loss: 0.6354, lr: 1.16e-04
     Epoch[18] Iteration[790/1240], entropy: 0.4785, loss: 0.4785, lr: 4.09e-04
     Epoch[18] Iteration[800/1240], entropy: 0.4569, loss: 0.4569, lr: 4.82e-04
     Epoch[18] Iteration[810/1240], entropy: 0.4490, loss: 0.4490, lr: 2.34e-04
     Epoch[18] Iteration[820/1240], entropy: 0.4837, loss: 0.4837, lr: 7.85e-06
     Epoch[18] Iteration[830/1240], entropy: 0.3550, loss: 0.3550, lr: 1.16e-04
     Epoch[18] Iteration[840/1240], entropy: 0.4121, loss: 0.4121, lr: 4.09e-04
     Epoch[18] Iteration[850/1240], entropy: 0.4996, loss: 0.4996, lr: 4.82e-04
     Epoch[18] Iteration[860/1240], entropy: 0.3733, loss: 0.3733, lr: 2.34e-04
     Epoch[18] Iteration[870/1240], entropy: 0.4514, loss: 0.4514, lr: 7.85e-06
     Epoch[18] Iteration[880/1240], entropy: 0.5248, loss: 0.5248, lr: 1.16e-04
     Epoch[18] Iteration[890/1240], entropy: 0.6961, loss: 0.6961, lr: 4.09e-04
     Epoch[18] Iteration[900/1240], entropy: 0.6585, loss: 0.6585, lr: 4.82e-04
     Epoch[18] Iteration[910/1240], entropy: 0.3458, loss: 0.3458, lr: 2.34e-04
     Epoch[18] Iteration[920/1240], entropy: 0.4636, loss: 0.4636, lr: 7.85e-06
     Epoch[18] Iteration[930/1240], entropy: 0.6027, loss: 0.6027, lr: 1.16e-04
     Epoch[18] Iteration[940/1240], entropy: 0.3868, loss: 0.3868, lr: 4.09e-04
     Epoch[18] Iteration[950/1240], entropy: 0.4857, loss: 0.4857, lr: 4.82e-04
     Epoch[18] Iteration[960/1240], entropy: 0.4407, loss: 0.4407, lr: 2.34e-04
     Epoch[18] Iteration[970/1240], entropy: 0.4829, loss: 0.4829, lr: 7.85e-06
     Epoch[18] Iteration[980/1240], entropy: 0.4701, loss: 0.4701, lr: 1.16e-04
     Epoch[18] Iteration[990/1240], entropy: 0.3735, loss: 0.3735, lr: 4.09e-04
     Epoch[18] Iteration[1000/1240], entropy: 0.4412, loss: 0.4412, lr: 4.82e-04
     Epoch[18] Iteration[1010/1240], entropy: 0.4575, loss: 0.4575, lr: 2.34e-04
     Epoch[18] Iteration[1020/1240], entropy: 0.4670, loss: 0.4670, lr: 7.85e-06
     Epoch[18] Iteration[1030/1240], entropy: 0.6276, loss: 0.6276, lr: 1.16e-04
     Epoch[18] Iteration[1040/1240], entropy: 0.4830, loss: 0.4830, lr: 4.09e-04
     Epoch[18] Iteration[1050/1240], entropy: 0.5608, loss: 0.5608, lr: 4.82e-04
     Epoch[18] Iteration[1060/1240], entropy: 0.2932, loss: 0.2932, lr: 2.34e-04
     Epoch[18] Iteration[1070/1240], entropy: 0.5091, loss: 0.5091, lr: 7.85e-06
     Epoch[18] Iteration[1080/1240], entropy: 0.3314, loss: 0.3314, lr: 1.16e-04
     Epoch[18] Iteration[1090/1240], entropy: 0.5346, loss: 0.5346, lr: 4.09e-04
     Epoch[18] Iteration[1100/1240], entropy: 0.4635, loss: 0.4635, lr: 4.82e-04
     Epoch[18] Iteration[1110/1240], entropy: 0.4819, loss: 0.4819, lr: 2.34e-04
     Epoch[18] Iteration[1120/1240], entropy: 0.6177, loss: 0.6177, lr: 7.85e-06
     Epoch[18] Iteration[1130/1240], entropy: 0.6439, loss: 0.6439, lr: 1.16e-04
     Epoch[18] Iteration[1140/1240], entropy: 0.4338, loss: 0.4338, lr: 4.09e-04
     Epoch[18] Iteration[1150/1240], entropy: 0.5355, loss: 0.5355, lr: 4.82e-04
     Epoch[18] Iteration[1160/1240], entropy: 0.5842, loss: 0.5842, lr: 2.34e-04
     Epoch[18] Iteration[1170/1240], entropy: 0.5446, loss: 0.5446, lr: 7.85e-06
     Epoch[18] Iteration[1180/1240], entropy: 0.7440, loss: 0.7440, lr: 1.16e-04
     Epoch[18] Iteration[1190/1240], entropy: 0.4384, loss: 0.4384, lr: 4.09e-04
     Epoch[18] Iteration[1200/1240], entropy: 0.5483, loss: 0.5483, lr: 4.82e-04
     Epoch[18] Iteration[1210/1240], entropy: 0.4147, loss: 0.4147, lr: 2.34e-04
     Epoch[18] Iteration[1220/1240], entropy: 0.4458, loss: 0.4458, lr: 7.85e-06
     Epoch[18] Iteration[1230/1240], entropy: 0.5770, loss: 0.5770, lr: 1.16e-04
     Epoch[18] Iteration[1240/1240], entropy: 0.5509, loss: 0.5509, lr: 4.09e-04
     Averaged stats: entropy: 0.5509, loss: 0.5509, lr: 4.09e-04
     itm tta time 0:03:25
### TTA Eval Score: 
+-------+--------+--------+--------+--------+-------+
| epoch |   R1   |   R5   |  R10   |  mAP   |  mINP |
+-------+--------+--------+--------+--------+-------+
|  -999 | 60.641 | 77.509 | 83.268 | 35.542 | 6.004 |
|   0   | 6.822  | 15.508 | 20.864 | 3.247  | 0.505 |
|   1   | 2.882  | 7.426  | 10.858 | 1.526  | 0.303 |
|   2   | 1.642  | 4.993  | 7.895  | 1.068  | 0.248 |
|   3   | 1.134  | 3.602  | 6.142  | 0.825  | 0.218 |
|   4   | 0.912  | 2.801  | 4.958  | 0.683  | 0.206 |
|   5   | 0.816  | 2.484  | 4.318  | 0.629  | 0.199 |
|   6   | 0.715  | 2.267  | 3.950  | 0.570  | 0.190 |
|   7   | 0.630  | 1.904  | 3.391  | 0.516  | 0.184 |
|   8   | 0.544  | 1.950  | 3.416  | 0.504  | 0.181 |
|   9   | 0.509  | 1.854  | 3.330  | 0.496  | 0.182 |
|   10  | 0.453  | 1.894  | 3.381  | 0.490  | 0.180 |
|   11  | 0.403  | 2.000  | 3.406  | 0.483  | 0.178 |
|   12  | 0.433  | 1.920  | 3.325  | 0.478  | 0.176 |
|   13  | 0.363  | 1.955  | 3.371  | 0.467  | 0.175 |
|   14  | 0.388  | 1.945  | 3.275  | 0.459  | 0.174 |
|   15  | 0.327  | 1.910  | 3.255  | 0.455  | 0.173 |
|   16  | 0.348  | 2.046  | 3.401  | 0.471  | 0.174 |
|   17  | 0.338  | 1.955  | 3.265  | 0.455  | 0.174 |
|   18  | 0.343  | 2.156  | 3.587  | 0.474  | 0.173 |
+-------+--------+--------+--------+--------+-------+
     logs:  {'epo': 18, 'R1': 0.343, 'R5': 2.156, 'R10': 3.587, 'mAP': 0.474, 'mINP': 0.173, 'entropy': 0.49646769103503996, 'loss': 0.49646769103503996, 'lr': 0.00024804868685945447}
     Epoch[19] Iteration[10/1240], entropy: 0.4991, loss: 0.4991, lr: 4.82e-04
     Epoch[19] Iteration[20/1240], entropy: 0.5104, loss: 0.5104, lr: 2.34e-04
     Epoch[19] Iteration[30/1240], entropy: 0.5898, loss: 0.5898, lr: 7.85e-06
     Epoch[19] Iteration[40/1240], entropy: 0.4560, loss: 0.4560, lr: 1.16e-04
     Epoch[19] Iteration[50/1240], entropy: 0.4461, loss: 0.4461, lr: 4.09e-04
     Epoch[19] Iteration[60/1240], entropy: 0.5137, loss: 0.5137, lr: 4.82e-04
     Epoch[19] Iteration[70/1240], entropy: 0.4826, loss: 0.4826, lr: 2.34e-04
     Epoch[19] Iteration[80/1240], entropy: 0.5971, loss: 0.5971, lr: 7.85e-06
     Epoch[19] Iteration[90/1240], entropy: 0.4482, loss: 0.4482, lr: 1.16e-04
     Epoch[19] Iteration[100/1240], entropy: 0.6922, loss: 0.6922, lr: 4.09e-04
     Epoch[19] Iteration[110/1240], entropy: 0.3939, loss: 0.3939, lr: 4.82e-04
     Epoch[19] Iteration[120/1240], entropy: 0.5453, loss: 0.5453, lr: 2.34e-04
     Epoch[19] Iteration[130/1240], entropy: 0.5278, loss: 0.5278, lr: 7.85e-06
     Epoch[19] Iteration[140/1240], entropy: 0.4705, loss: 0.4705, lr: 1.16e-04
     Epoch[19] Iteration[150/1240], entropy: 0.5947, loss: 0.5947, lr: 4.09e-04
     Epoch[19] Iteration[160/1240], entropy: 0.6199, loss: 0.6199, lr: 4.82e-04
     Epoch[19] Iteration[170/1240], entropy: 0.6125, loss: 0.6125, lr: 2.34e-04
     Epoch[19] Iteration[180/1240], entropy: 0.6289, loss: 0.6289, lr: 7.85e-06
     Epoch[19] Iteration[190/1240], entropy: 0.5977, loss: 0.5977, lr: 1.16e-04
     Epoch[19] Iteration[200/1240], entropy: 0.5694, loss: 0.5694, lr: 4.09e-04
     Epoch[19] Iteration[210/1240], entropy: 0.3411, loss: 0.3411, lr: 4.82e-04
     Epoch[19] Iteration[220/1240], entropy: 0.7007, loss: 0.7007, lr: 2.34e-04
     Epoch[19] Iteration[230/1240], entropy: 0.5304, loss: 0.5304, lr: 7.85e-06
     Epoch[19] Iteration[240/1240], entropy: 0.6513, loss: 0.6513, lr: 1.16e-04
     Epoch[19] Iteration[250/1240], entropy: 0.6590, loss: 0.6590, lr: 4.09e-04
     Epoch[19] Iteration[260/1240], entropy: 0.5549, loss: 0.5549, lr: 4.82e-04
     Epoch[19] Iteration[270/1240], entropy: 0.5397, loss: 0.5397, lr: 2.34e-04
     Epoch[19] Iteration[280/1240], entropy: 0.4598, loss: 0.4598, lr: 7.85e-06
     Epoch[19] Iteration[290/1240], entropy: 0.4860, loss: 0.4860, lr: 1.16e-04
     Epoch[19] Iteration[300/1240], entropy: 0.5748, loss: 0.5748, lr: 4.09e-04
     Epoch[19] Iteration[310/1240], entropy: 0.4745, loss: 0.4745, lr: 4.82e-04
     Epoch[19] Iteration[320/1240], entropy: 0.3465, loss: 0.3465, lr: 2.34e-04
     Epoch[19] Iteration[330/1240], entropy: 0.6111, loss: 0.6111, lr: 7.85e-06
     Epoch[19] Iteration[340/1240], entropy: 0.2418, loss: 0.2418, lr: 1.16e-04
     Epoch[19] Iteration[350/1240], entropy: 0.5512, loss: 0.5512, lr: 4.09e-04
     Epoch[19] Iteration[360/1240], entropy: 0.6333, loss: 0.6333, lr: 4.82e-04
     Epoch[19] Iteration[370/1240], entropy: 0.4821, loss: 0.4821, lr: 2.34e-04
     Epoch[19] Iteration[380/1240], entropy: 0.6081, loss: 0.6081, lr: 7.85e-06
     Epoch[19] Iteration[390/1240], entropy: 0.4309, loss: 0.4309, lr: 1.16e-04
     Epoch[19] Iteration[400/1240], entropy: 0.4038, loss: 0.4038, lr: 4.09e-04
     Epoch[19] Iteration[410/1240], entropy: 0.5393, loss: 0.5393, lr: 4.82e-04
     Epoch[19] Iteration[420/1240], entropy: 0.5586, loss: 0.5586, lr: 2.34e-04
     Epoch[19] Iteration[430/1240], entropy: 0.5757, loss: 0.5757, lr: 7.85e-06
     Epoch[19] Iteration[440/1240], entropy: 0.4484, loss: 0.4484, lr: 1.16e-04
     Epoch[19] Iteration[450/1240], entropy: 0.6408, loss: 0.6408, lr: 4.09e-04
     Epoch[19] Iteration[460/1240], entropy: 0.6200, loss: 0.6200, lr: 4.82e-04
     Epoch[19] Iteration[470/1240], entropy: 0.6498, loss: 0.6498, lr: 2.34e-04
     Epoch[19] Iteration[480/1240], entropy: 0.2784, loss: 0.2784, lr: 7.85e-06
     Epoch[19] Iteration[490/1240], entropy: 0.5055, loss: 0.5055, lr: 1.16e-04
     Epoch[19] Iteration[500/1240], entropy: 0.4764, loss: 0.4764, lr: 4.09e-04
     Epoch[19] Iteration[510/1240], entropy: 0.6042, loss: 0.6042, lr: 4.82e-04
     Epoch[19] Iteration[520/1240], entropy: 0.5203, loss: 0.5203, lr: 2.34e-04
     Epoch[19] Iteration[530/1240], entropy: 0.4540, loss: 0.4540, lr: 7.85e-06
     Epoch[19] Iteration[540/1240], entropy: 0.5547, loss: 0.5547, lr: 1.16e-04
     Epoch[19] Iteration[550/1240], entropy: 0.3787, loss: 0.3787, lr: 4.09e-04
     Epoch[19] Iteration[560/1240], entropy: 0.4288, loss: 0.4288, lr: 4.82e-04
     Epoch[19] Iteration[570/1240], entropy: 0.5569, loss: 0.5569, lr: 2.34e-04
     Epoch[19] Iteration[580/1240], entropy: 0.5628, loss: 0.5628, lr: 7.85e-06
     Epoch[19] Iteration[590/1240], entropy: 0.7004, loss: 0.7004, lr: 1.16e-04
     Epoch[19] Iteration[600/1240], entropy: 0.3333, loss: 0.3333, lr: 4.09e-04
     Epoch[19] Iteration[610/1240], entropy: 0.6272, loss: 0.6272, lr: 4.82e-04
     Epoch[19] Iteration[620/1240], entropy: 0.3360, loss: 0.3360, lr: 2.34e-04
     Epoch[19] Iteration[630/1240], entropy: 0.3397, loss: 0.3397, lr: 7.85e-06
     Epoch[19] Iteration[640/1240], entropy: 0.5880, loss: 0.5880, lr: 1.16e-04
     Epoch[19] Iteration[650/1240], entropy: 0.4966, loss: 0.4966, lr: 4.09e-04
     Epoch[19] Iteration[660/1240], entropy: 0.5507, loss: 0.5507, lr: 4.82e-04
     Epoch[19] Iteration[670/1240], entropy: 0.4913, loss: 0.4913, lr: 2.34e-04
     Epoch[19] Iteration[680/1240], entropy: 0.4193, loss: 0.4193, lr: 7.85e-06
     Epoch[19] Iteration[690/1240], entropy: 0.4333, loss: 0.4333, lr: 1.16e-04
     Epoch[19] Iteration[700/1240], entropy: 0.5277, loss: 0.5277, lr: 4.09e-04
     Epoch[19] Iteration[710/1240], entropy: 0.5756, loss: 0.5756, lr: 4.82e-04
     Epoch[19] Iteration[720/1240], entropy: 0.5808, loss: 0.5808, lr: 2.34e-04
     Epoch[19] Iteration[730/1240], entropy: 0.6239, loss: 0.6239, lr: 7.85e-06
     Epoch[19] Iteration[740/1240], entropy: 0.3478, loss: 0.3478, lr: 1.16e-04
     Epoch[19] Iteration[750/1240], entropy: 0.7154, loss: 0.7154, lr: 4.09e-04
     Epoch[19] Iteration[760/1240], entropy: 0.4669, loss: 0.4669, lr: 4.82e-04
     Epoch[19] Iteration[770/1240], entropy: 0.3851, loss: 0.3851, lr: 2.34e-04
     Epoch[19] Iteration[780/1240], entropy: 0.6546, loss: 0.6546, lr: 7.85e-06
     Epoch[19] Iteration[790/1240], entropy: 0.5393, loss: 0.5393, lr: 1.16e-04
     Epoch[19] Iteration[800/1240], entropy: 0.7536, loss: 0.7536, lr: 4.09e-04
     Epoch[19] Iteration[810/1240], entropy: 0.5968, loss: 0.5968, lr: 4.82e-04
     Epoch[19] Iteration[820/1240], entropy: 0.6071, loss: 0.6071, lr: 2.34e-04
     Epoch[19] Iteration[830/1240], entropy: 0.5872, loss: 0.5872, lr: 7.85e-06
     Epoch[19] Iteration[840/1240], entropy: 0.3568, loss: 0.3568, lr: 1.16e-04
     Epoch[19] Iteration[850/1240], entropy: 0.4580, loss: 0.4580, lr: 4.09e-04
     Epoch[19] Iteration[860/1240], entropy: 0.3001, loss: 0.3001, lr: 4.82e-04
     Epoch[19] Iteration[870/1240], entropy: 0.3293, loss: 0.3293, lr: 2.34e-04
     Epoch[19] Iteration[880/1240], entropy: 0.4024, loss: 0.4024, lr: 7.85e-06
     Epoch[19] Iteration[890/1240], entropy: 0.4257, loss: 0.4257, lr: 1.16e-04
     Epoch[19] Iteration[900/1240], entropy: 0.3481, loss: 0.3481, lr: 4.09e-04
     Epoch[19] Iteration[910/1240], entropy: 0.4434, loss: 0.4434, lr: 4.82e-04
     Epoch[19] Iteration[920/1240], entropy: 0.4645, loss: 0.4645, lr: 2.34e-04
     Epoch[19] Iteration[930/1240], entropy: 0.6438, loss: 0.6438, lr: 7.85e-06
     Epoch[19] Iteration[940/1240], entropy: 0.7940, loss: 0.7940, lr: 1.16e-04
     Epoch[19] Iteration[950/1240], entropy: 0.4247, loss: 0.4247, lr: 4.09e-04
     Epoch[19] Iteration[960/1240], entropy: 0.2793, loss: 0.2793, lr: 4.82e-04
     Epoch[19] Iteration[970/1240], entropy: 0.5454, loss: 0.5454, lr: 2.34e-04
     Epoch[19] Iteration[980/1240], entropy: 0.6146, loss: 0.6146, lr: 7.85e-06
     Epoch[19] Iteration[990/1240], entropy: 0.4767, loss: 0.4767, lr: 1.16e-04
     Epoch[19] Iteration[1000/1240], entropy: 0.6875, loss: 0.6875, lr: 4.09e-04
     Epoch[19] Iteration[1010/1240], entropy: 0.4676, loss: 0.4676, lr: 4.82e-04
     Epoch[19] Iteration[1020/1240], entropy: 0.3305, loss: 0.3305, lr: 2.34e-04
     Epoch[19] Iteration[1030/1240], entropy: 0.5351, loss: 0.5351, lr: 7.85e-06
     Epoch[19] Iteration[1040/1240], entropy: 0.4603, loss: 0.4603, lr: 1.16e-04
     Epoch[19] Iteration[1050/1240], entropy: 0.3236, loss: 0.3236, lr: 4.09e-04
     Epoch[19] Iteration[1060/1240], entropy: 0.4196, loss: 0.4196, lr: 4.82e-04
     Epoch[19] Iteration[1070/1240], entropy: 0.5497, loss: 0.5497, lr: 2.34e-04
     Epoch[19] Iteration[1080/1240], entropy: 0.4376, loss: 0.4376, lr: 7.85e-06
     Epoch[19] Iteration[1090/1240], entropy: 0.4187, loss: 0.4187, lr: 1.16e-04
     Epoch[19] Iteration[1100/1240], entropy: 0.3020, loss: 0.3020, lr: 4.09e-04
     Epoch[19] Iteration[1110/1240], entropy: 0.4771, loss: 0.4771, lr: 4.82e-04
     Epoch[19] Iteration[1120/1240], entropy: 0.5492, loss: 0.5492, lr: 2.34e-04
     Epoch[19] Iteration[1130/1240], entropy: 0.6854, loss: 0.6854, lr: 7.85e-06
     Epoch[19] Iteration[1140/1240], entropy: 0.5687, loss: 0.5687, lr: 1.16e-04
     Epoch[19] Iteration[1150/1240], entropy: 0.4532, loss: 0.4532, lr: 4.09e-04
     Epoch[19] Iteration[1160/1240], entropy: 0.4910, loss: 0.4910, lr: 4.82e-04
     Epoch[19] Iteration[1170/1240], entropy: 0.3522, loss: 0.3522, lr: 2.34e-04
     Epoch[19] Iteration[1180/1240], entropy: 0.4814, loss: 0.4814, lr: 7.85e-06
     Epoch[19] Iteration[1190/1240], entropy: 0.4373, loss: 0.4373, lr: 1.16e-04
     Epoch[19] Iteration[1200/1240], entropy: 0.4930, loss: 0.4930, lr: 4.09e-04
     Epoch[19] Iteration[1210/1240], entropy: 0.6413, loss: 0.6413, lr: 4.82e-04
     Epoch[19] Iteration[1220/1240], entropy: 0.5426, loss: 0.5426, lr: 2.34e-04
     Epoch[19] Iteration[1230/1240], entropy: 0.4371, loss: 0.4371, lr: 7.85e-06
     Epoch[19] Iteration[1240/1240], entropy: 0.5287, loss: 0.5287, lr: 1.16e-04
     Averaged stats: entropy: 0.5287, loss: 0.5287, lr: 1.16e-04
     itm tta time 0:03:25
### TTA Eval Score: 
+-------+--------+--------+--------+--------+-------+
| epoch |   R1   |   R5   |  R10   |  mAP   |  mINP |
+-------+--------+--------+--------+--------+-------+
|  -999 | 60.641 | 77.509 | 83.268 | 35.542 | 6.004 |
|   0   | 6.822  | 15.508 | 20.864 | 3.247  | 0.505 |
|   1   | 2.882  | 7.426  | 10.858 | 1.526  | 0.303 |
|   2   | 1.642  | 4.993  | 7.895  | 1.068  | 0.248 |
|   3   | 1.134  | 3.602  | 6.142  | 0.825  | 0.218 |
|   4   | 0.912  | 2.801  | 4.958  | 0.683  | 0.206 |
|   5   | 0.816  | 2.484  | 4.318  | 0.629  | 0.199 |
|   6   | 0.715  | 2.267  | 3.950  | 0.570  | 0.190 |
|   7   | 0.630  | 1.904  | 3.391  | 0.516  | 0.184 |
|   8   | 0.544  | 1.950  | 3.416  | 0.504  | 0.181 |
|   9   | 0.509  | 1.854  | 3.330  | 0.496  | 0.182 |
|   10  | 0.453  | 1.894  | 3.381  | 0.490  | 0.180 |
|   11  | 0.403  | 2.000  | 3.406  | 0.483  | 0.178 |
|   12  | 0.433  | 1.920  | 3.325  | 0.478  | 0.176 |
|   13  | 0.363  | 1.955  | 3.371  | 0.467  | 0.175 |
|   14  | 0.388  | 1.945  | 3.275  | 0.459  | 0.174 |
|   15  | 0.327  | 1.910  | 3.255  | 0.455  | 0.173 |
|   16  | 0.348  | 2.046  | 3.401  | 0.471  | 0.174 |
|   17  | 0.338  | 1.955  | 3.265  | 0.455  | 0.174 |
|   18  | 0.343  | 2.156  | 3.587  | 0.474  | 0.173 |
|   19  | 0.312  | 2.056  | 3.325  | 0.453  | 0.172 |
+-------+--------+--------+--------+--------+-------+
     logs:  {'epo': 19, 'R1': 0.312, 'R5': 2.056, 'R10': 3.325, 'mAP': 0.453, 'mINP': 0.172, 'entropy': 0.5087516428001465, 'loss': 0.5087516428001465, 'lr': 0.000248714870988425}
     Epoch[20] Iteration[10/1240], entropy: 0.5668, loss: 0.5668, lr: 4.09e-04
     Epoch[20] Iteration[20/1240], entropy: 0.4365, loss: 0.4365, lr: 4.82e-04
     Epoch[20] Iteration[30/1240], entropy: 0.3286, loss: 0.3286, lr: 2.34e-04
     Epoch[20] Iteration[40/1240], entropy: 0.4411, loss: 0.4411, lr: 7.85e-06
     Epoch[20] Iteration[50/1240], entropy: 0.4130, loss: 0.4130, lr: 1.16e-04
     Epoch[20] Iteration[60/1240], entropy: 0.4287, loss: 0.4287, lr: 4.09e-04
     Epoch[20] Iteration[70/1240], entropy: 0.4444, loss: 0.4444, lr: 4.82e-04
     Epoch[20] Iteration[80/1240], entropy: 0.4917, loss: 0.4917, lr: 2.34e-04
     Epoch[20] Iteration[90/1240], entropy: 0.4631, loss: 0.4631, lr: 7.85e-06
     Epoch[20] Iteration[100/1240], entropy: 0.5259, loss: 0.5259, lr: 1.16e-04
     Epoch[20] Iteration[110/1240], entropy: 0.5451, loss: 0.5451, lr: 4.09e-04
     Epoch[20] Iteration[120/1240], entropy: 0.4144, loss: 0.4144, lr: 4.82e-04
     Epoch[20] Iteration[130/1240], entropy: 0.6006, loss: 0.6006, lr: 2.34e-04
     Epoch[20] Iteration[140/1240], entropy: 0.5778, loss: 0.5778, lr: 7.85e-06
     Epoch[20] Iteration[150/1240], entropy: 0.6010, loss: 0.6010, lr: 1.16e-04
     Epoch[20] Iteration[160/1240], entropy: 0.5342, loss: 0.5342, lr: 4.09e-04
     Epoch[20] Iteration[170/1240], entropy: 0.2812, loss: 0.2812, lr: 4.82e-04
     Epoch[20] Iteration[180/1240], entropy: 0.4275, loss: 0.4275, lr: 2.34e-04
     Epoch[20] Iteration[190/1240], entropy: 0.4985, loss: 0.4985, lr: 7.85e-06
     Epoch[20] Iteration[200/1240], entropy: 0.4095, loss: 0.4095, lr: 1.16e-04
     Epoch[20] Iteration[210/1240], entropy: 0.3562, loss: 0.3562, lr: 3.84e-04
     Epoch[20] Iteration[220/1240], entropy: 0.5308, loss: 0.5308, lr: 4.92e-04
     Epoch[20] Iteration[230/1240], entropy: 0.5645, loss: 0.5645, lr: 2.66e-04
     Epoch[20] Iteration[240/1240], entropy: 0.5177, loss: 0.5177, lr: 1.76e-05
     Epoch[20] Iteration[250/1240], entropy: 0.4327, loss: 0.4327, lr: 9.06e-05
     Epoch[20] Iteration[260/1240], entropy: 0.5119, loss: 0.5119, lr: 3.84e-04
     Epoch[20] Iteration[270/1240], entropy: 0.2656, loss: 0.2656, lr: 4.92e-04
     Epoch[20] Iteration[280/1240], entropy: 0.6361, loss: 0.6361, lr: 2.66e-04
     Epoch[20] Iteration[290/1240], entropy: 0.4040, loss: 0.4040, lr: 1.76e-05
     Epoch[20] Iteration[300/1240], entropy: 0.4791, loss: 0.4791, lr: 9.06e-05
     Epoch[20] Iteration[310/1240], entropy: 0.4345, loss: 0.4345, lr: 3.84e-04
     Epoch[20] Iteration[320/1240], entropy: 0.5321, loss: 0.5321, lr: 4.92e-04
     Epoch[20] Iteration[330/1240], entropy: 0.4551, loss: 0.4551, lr: 2.66e-04
     Epoch[20] Iteration[340/1240], entropy: 0.4891, loss: 0.4891, lr: 1.76e-05
     Epoch[20] Iteration[350/1240], entropy: 0.3703, loss: 0.3703, lr: 9.06e-05
     Epoch[20] Iteration[360/1240], entropy: 0.6285, loss: 0.6285, lr: 3.84e-04
     Epoch[20] Iteration[370/1240], entropy: 0.4570, loss: 0.4570, lr: 4.92e-04
     Epoch[20] Iteration[380/1240], entropy: 0.5662, loss: 0.5662, lr: 2.66e-04
     Epoch[20] Iteration[390/1240], entropy: 0.7491, loss: 0.7491, lr: 1.76e-05
     Epoch[20] Iteration[400/1240], entropy: 0.3776, loss: 0.3776, lr: 9.06e-05
     Epoch[20] Iteration[410/1240], entropy: 0.5578, loss: 0.5578, lr: 3.84e-04
     Epoch[20] Iteration[420/1240], entropy: 0.4129, loss: 0.4129, lr: 4.92e-04
     Epoch[20] Iteration[430/1240], entropy: 0.5105, loss: 0.5105, lr: 2.66e-04
     Epoch[20] Iteration[440/1240], entropy: 0.4264, loss: 0.4264, lr: 1.76e-05
     Epoch[20] Iteration[450/1240], entropy: 0.6184, loss: 0.6184, lr: 9.06e-05
     Epoch[20] Iteration[460/1240], entropy: 0.5249, loss: 0.5249, lr: 3.84e-04
     Epoch[20] Iteration[470/1240], entropy: 0.5898, loss: 0.5898, lr: 4.92e-04
     Epoch[20] Iteration[480/1240], entropy: 0.5992, loss: 0.5992, lr: 2.66e-04
     Epoch[20] Iteration[490/1240], entropy: 0.4599, loss: 0.4599, lr: 1.76e-05
     Epoch[20] Iteration[500/1240], entropy: 0.5399, loss: 0.5399, lr: 9.06e-05
     Epoch[20] Iteration[510/1240], entropy: 0.6258, loss: 0.6258, lr: 3.84e-04
     Epoch[20] Iteration[520/1240], entropy: 0.4432, loss: 0.4432, lr: 4.92e-04
     Epoch[20] Iteration[530/1240], entropy: 0.5145, loss: 0.5145, lr: 2.66e-04
     Epoch[20] Iteration[540/1240], entropy: 0.7540, loss: 0.7540, lr: 1.76e-05
     Epoch[20] Iteration[550/1240], entropy: 0.4694, loss: 0.4694, lr: 9.06e-05
     Epoch[20] Iteration[560/1240], entropy: 0.7263, loss: 0.7263, lr: 3.84e-04
     Epoch[20] Iteration[570/1240], entropy: 0.5312, loss: 0.5312, lr: 4.92e-04
     Epoch[20] Iteration[580/1240], entropy: 0.8665, loss: 0.8665, lr: 2.66e-04
     Epoch[20] Iteration[590/1240], entropy: 0.5404, loss: 0.5404, lr: 1.76e-05
     Epoch[20] Iteration[600/1240], entropy: 0.6121, loss: 0.6121, lr: 9.06e-05
     Epoch[20] Iteration[610/1240], entropy: 0.4039, loss: 0.4039, lr: 3.84e-04
     Epoch[20] Iteration[620/1240], entropy: 0.3342, loss: 0.3342, lr: 4.92e-04
     Epoch[20] Iteration[630/1240], entropy: 0.5230, loss: 0.5230, lr: 2.66e-04
     Epoch[20] Iteration[640/1240], entropy: 0.6437, loss: 0.6437, lr: 1.76e-05
     Epoch[20] Iteration[650/1240], entropy: 0.5232, loss: 0.5232, lr: 9.06e-05
     Epoch[20] Iteration[660/1240], entropy: 0.5913, loss: 0.5913, lr: 3.84e-04
     Epoch[20] Iteration[670/1240], entropy: 0.5925, loss: 0.5925, lr: 4.92e-04
     Epoch[20] Iteration[680/1240], entropy: 0.5536, loss: 0.5536, lr: 2.66e-04
     Epoch[20] Iteration[690/1240], entropy: 0.5840, loss: 0.5840, lr: 1.76e-05
     Epoch[20] Iteration[700/1240], entropy: 0.5695, loss: 0.5695, lr: 9.06e-05
     Epoch[20] Iteration[710/1240], entropy: 0.5278, loss: 0.5278, lr: 3.84e-04
     Epoch[20] Iteration[720/1240], entropy: 0.9671, loss: 0.9671, lr: 4.92e-04
     Epoch[20] Iteration[730/1240], entropy: 0.5860, loss: 0.5860, lr: 2.66e-04
     Epoch[20] Iteration[740/1240], entropy: 0.5309, loss: 0.5309, lr: 1.76e-05
     Epoch[20] Iteration[750/1240], entropy: 0.6183, loss: 0.6183, lr: 9.06e-05
     Epoch[20] Iteration[760/1240], entropy: 0.4024, loss: 0.4024, lr: 3.84e-04
     Epoch[20] Iteration[770/1240], entropy: 0.4783, loss: 0.4783, lr: 4.92e-04
     Epoch[20] Iteration[780/1240], entropy: 0.4229, loss: 0.4229, lr: 2.66e-04
     Epoch[20] Iteration[790/1240], entropy: 0.3466, loss: 0.3466, lr: 1.76e-05
     Epoch[20] Iteration[800/1240], entropy: 0.5122, loss: 0.5122, lr: 9.06e-05
     Epoch[20] Iteration[810/1240], entropy: 0.5530, loss: 0.5530, lr: 3.84e-04
     Epoch[20] Iteration[820/1240], entropy: 0.2717, loss: 0.2717, lr: 4.92e-04
     Epoch[20] Iteration[830/1240], entropy: 0.5626, loss: 0.5626, lr: 2.66e-04
     Epoch[20] Iteration[840/1240], entropy: 0.5012, loss: 0.5012, lr: 1.76e-05
     Epoch[20] Iteration[850/1240], entropy: 0.4381, loss: 0.4381, lr: 9.06e-05
     Epoch[20] Iteration[860/1240], entropy: 0.5511, loss: 0.5511, lr: 3.84e-04
     Epoch[20] Iteration[870/1240], entropy: 0.6467, loss: 0.6467, lr: 4.92e-04
     Epoch[20] Iteration[880/1240], entropy: 0.4744, loss: 0.4744, lr: 2.66e-04
     Epoch[20] Iteration[890/1240], entropy: 0.4843, loss: 0.4843, lr: 1.76e-05
     Epoch[20] Iteration[900/1240], entropy: 0.4771, loss: 0.4771, lr: 9.06e-05
     Epoch[20] Iteration[910/1240], entropy: 0.5850, loss: 0.5850, lr: 3.84e-04
     Epoch[20] Iteration[920/1240], entropy: 0.5749, loss: 0.5749, lr: 4.92e-04
     Epoch[20] Iteration[930/1240], entropy: 0.4027, loss: 0.4027, lr: 2.66e-04
     Epoch[20] Iteration[940/1240], entropy: 0.7235, loss: 0.7235, lr: 1.76e-05
     Epoch[20] Iteration[950/1240], entropy: 0.4674, loss: 0.4674, lr: 9.06e-05
     Epoch[20] Iteration[960/1240], entropy: 0.4420, loss: 0.4420, lr: 3.84e-04
     Epoch[20] Iteration[970/1240], entropy: 0.5528, loss: 0.5528, lr: 4.92e-04
     Epoch[20] Iteration[980/1240], entropy: 0.4782, loss: 0.4782, lr: 2.66e-04
     Epoch[20] Iteration[990/1240], entropy: 0.4727, loss: 0.4727, lr: 1.76e-05
     Epoch[20] Iteration[1000/1240], entropy: 0.5866, loss: 0.5866, lr: 9.06e-05
     Epoch[20] Iteration[1010/1240], entropy: 0.4114, loss: 0.4114, lr: 3.84e-04
     Epoch[20] Iteration[1020/1240], entropy: 0.4506, loss: 0.4506, lr: 4.92e-04
     Epoch[20] Iteration[1030/1240], entropy: 0.6464, loss: 0.6464, lr: 2.66e-04
     Epoch[20] Iteration[1040/1240], entropy: 0.4171, loss: 0.4171, lr: 1.76e-05
     Epoch[20] Iteration[1050/1240], entropy: 0.5819, loss: 0.5819, lr: 9.06e-05
     Epoch[20] Iteration[1060/1240], entropy: 0.4774, loss: 0.4774, lr: 3.84e-04
     Epoch[20] Iteration[1070/1240], entropy: 0.4872, loss: 0.4872, lr: 4.92e-04
     Epoch[20] Iteration[1080/1240], entropy: 0.6317, loss: 0.6317, lr: 2.66e-04
     Epoch[20] Iteration[1090/1240], entropy: 0.5890, loss: 0.5890, lr: 1.76e-05
     Epoch[20] Iteration[1100/1240], entropy: 0.5305, loss: 0.5305, lr: 9.06e-05
     Epoch[20] Iteration[1110/1240], entropy: 0.6664, loss: 0.6664, lr: 3.84e-04
     Epoch[20] Iteration[1120/1240], entropy: 0.5579, loss: 0.5579, lr: 4.92e-04
     Epoch[20] Iteration[1130/1240], entropy: 0.5406, loss: 0.5406, lr: 2.66e-04
     Epoch[20] Iteration[1140/1240], entropy: 0.5139, loss: 0.5139, lr: 1.76e-05
     Epoch[20] Iteration[1150/1240], entropy: 0.4786, loss: 0.4786, lr: 9.06e-05
     Epoch[20] Iteration[1160/1240], entropy: 0.5790, loss: 0.5790, lr: 3.84e-04
     Epoch[20] Iteration[1170/1240], entropy: 0.5354, loss: 0.5354, lr: 4.92e-04
     Epoch[20] Iteration[1180/1240], entropy: 0.4907, loss: 0.4907, lr: 2.66e-04
     Epoch[20] Iteration[1190/1240], entropy: 0.3305, loss: 0.3305, lr: 1.76e-05
     Epoch[20] Iteration[1200/1240], entropy: 0.5242, loss: 0.5242, lr: 9.06e-05
     Epoch[20] Iteration[1210/1240], entropy: 0.4990, loss: 0.4990, lr: 3.84e-04
     Epoch[20] Iteration[1220/1240], entropy: 0.3912, loss: 0.3912, lr: 4.92e-04
     Epoch[20] Iteration[1230/1240], entropy: 0.4714, loss: 0.4714, lr: 2.66e-04
     Epoch[20] Iteration[1240/1240], entropy: 0.3604, loss: 0.3604, lr: 1.76e-05
     Averaged stats: entropy: 0.3604, loss: 0.3604, lr: 1.76e-05
     itm tta time 0:03:25
### TTA Eval Score: 
+-------+--------+--------+--------+--------+-------+
| epoch |   R1   |   R5   |  R10   |  mAP   |  mINP |
+-------+--------+--------+--------+--------+-------+
|  -999 | 60.641 | 77.509 | 83.268 | 35.542 | 6.004 |
|   0   | 6.822  | 15.508 | 20.864 | 3.247  | 0.505 |
|   1   | 2.882  | 7.426  | 10.858 | 1.526  | 0.303 |
|   2   | 1.642  | 4.993  | 7.895  | 1.068  | 0.248 |
|   3   | 1.134  | 3.602  | 6.142  | 0.825  | 0.218 |
|   4   | 0.912  | 2.801  | 4.958  | 0.683  | 0.206 |
|   5   | 0.816  | 2.484  | 4.318  | 0.629  | 0.199 |
|   6   | 0.715  | 2.267  | 3.950  | 0.570  | 0.190 |
|   7   | 0.630  | 1.904  | 3.391  | 0.516  | 0.184 |
|   8   | 0.544  | 1.950  | 3.416  | 0.504  | 0.181 |
|   9   | 0.509  | 1.854  | 3.330  | 0.496  | 0.182 |
|   10  | 0.453  | 1.894  | 3.381  | 0.490  | 0.180 |
|   11  | 0.403  | 2.000  | 3.406  | 0.483  | 0.178 |
|   12  | 0.433  | 1.920  | 3.325  | 0.478  | 0.176 |
|   13  | 0.363  | 1.955  | 3.371  | 0.467  | 0.175 |
|   14  | 0.388  | 1.945  | 3.275  | 0.459  | 0.174 |
|   15  | 0.327  | 1.910  | 3.255  | 0.455  | 0.173 |
|   16  | 0.348  | 2.046  | 3.401  | 0.471  | 0.174 |
|   17  | 0.338  | 1.955  | 3.265  | 0.455  | 0.174 |
|   18  | 0.343  | 2.156  | 3.587  | 0.474  | 0.173 |
|   19  | 0.312  | 2.056  | 3.325  | 0.453  | 0.172 |
|   20  | 0.312  | 1.985  | 3.466  | 0.451  | 0.172 |
+-------+--------+--------+--------+--------+-------+
     logs:  {'epo': 20, 'R1': 0.312, 'R5': 1.985, 'R10': 3.466, 'mAP': 0.451, 'mINP': 0.172, 'entropy': 0.5131474928029122, 'loss': 0.5131474928029122, 'lr': 0.00025128512901158377}
     Epoch[21] Iteration[10/1240], entropy: 0.5102, loss: 0.5102, lr: 9.06e-05
     Epoch[21] Iteration[20/1240], entropy: 0.6123, loss: 0.6123, lr: 3.84e-04
     Epoch[21] Iteration[30/1240], entropy: 0.4116, loss: 0.4116, lr: 4.92e-04
     Epoch[21] Iteration[40/1240], entropy: 0.4433, loss: 0.4433, lr: 2.66e-04
     Epoch[21] Iteration[50/1240], entropy: 0.5250, loss: 0.5250, lr: 1.76e-05
     Epoch[21] Iteration[60/1240], entropy: 0.4505, loss: 0.4505, lr: 9.06e-05
     Epoch[21] Iteration[70/1240], entropy: 0.5503, loss: 0.5503, lr: 3.84e-04
     Epoch[21] Iteration[80/1240], entropy: 0.5435, loss: 0.5435, lr: 4.92e-04
     Epoch[21] Iteration[90/1240], entropy: 0.3217, loss: 0.3217, lr: 2.66e-04
     Epoch[21] Iteration[100/1240], entropy: 0.4460, loss: 0.4460, lr: 1.76e-05
     Epoch[21] Iteration[110/1240], entropy: 0.6845, loss: 0.6845, lr: 9.06e-05
     Epoch[21] Iteration[120/1240], entropy: 0.5665, loss: 0.5665, lr: 3.84e-04
     Epoch[21] Iteration[130/1240], entropy: 0.6858, loss: 0.6858, lr: 4.92e-04
     Epoch[21] Iteration[140/1240], entropy: 0.3765, loss: 0.3765, lr: 2.66e-04
     Epoch[21] Iteration[150/1240], entropy: 0.5543, loss: 0.5543, lr: 1.76e-05
     Epoch[21] Iteration[160/1240], entropy: 0.4106, loss: 0.4106, lr: 9.06e-05
     Epoch[21] Iteration[170/1240], entropy: 0.5211, loss: 0.5211, lr: 3.84e-04
     Epoch[21] Iteration[180/1240], entropy: 0.4564, loss: 0.4564, lr: 4.92e-04
     Epoch[21] Iteration[190/1240], entropy: 0.4925, loss: 0.4925, lr: 2.66e-04
     Epoch[21] Iteration[200/1240], entropy: 0.4933, loss: 0.4933, lr: 1.76e-05
     Epoch[21] Iteration[210/1240], entropy: 0.3412, loss: 0.3412, lr: 9.06e-05
     Epoch[21] Iteration[220/1240], entropy: 0.4360, loss: 0.4360, lr: 3.84e-04
     Epoch[21] Iteration[230/1240], entropy: 0.3432, loss: 0.3432, lr: 4.92e-04
     Epoch[21] Iteration[240/1240], entropy: 0.4102, loss: 0.4102, lr: 2.66e-04
     Epoch[21] Iteration[250/1240], entropy: 0.4009, loss: 0.4009, lr: 1.76e-05
     Epoch[21] Iteration[260/1240], entropy: 0.4256, loss: 0.4256, lr: 9.06e-05
     Epoch[21] Iteration[270/1240], entropy: 0.5814, loss: 0.5814, lr: 3.84e-04
     Epoch[21] Iteration[280/1240], entropy: 0.4154, loss: 0.4154, lr: 4.92e-04
     Epoch[21] Iteration[290/1240], entropy: 0.4421, loss: 0.4421, lr: 2.66e-04
     Epoch[21] Iteration[300/1240], entropy: 0.4527, loss: 0.4527, lr: 1.76e-05
     Epoch[21] Iteration[310/1240], entropy: 0.5670, loss: 0.5670, lr: 9.06e-05
     Epoch[21] Iteration[320/1240], entropy: 0.5204, loss: 0.5204, lr: 3.84e-04
     Epoch[21] Iteration[330/1240], entropy: 0.4361, loss: 0.4361, lr: 4.92e-04
     Epoch[21] Iteration[340/1240], entropy: 0.4287, loss: 0.4287, lr: 2.66e-04
     Epoch[21] Iteration[350/1240], entropy: 0.5482, loss: 0.5482, lr: 1.76e-05
     Epoch[21] Iteration[360/1240], entropy: 0.5268, loss: 0.5268, lr: 9.06e-05
     Epoch[21] Iteration[370/1240], entropy: 0.5694, loss: 0.5694, lr: 3.84e-04
     Epoch[21] Iteration[380/1240], entropy: 0.5971, loss: 0.5971, lr: 4.92e-04
     Epoch[21] Iteration[390/1240], entropy: 0.4294, loss: 0.4294, lr: 2.66e-04
     Epoch[21] Iteration[400/1240], entropy: 0.4862, loss: 0.4862, lr: 1.76e-05
     Epoch[21] Iteration[410/1240], entropy: 0.4793, loss: 0.4793, lr: 9.06e-05
     Epoch[21] Iteration[420/1240], entropy: 0.6411, loss: 0.6411, lr: 3.84e-04
     Epoch[21] Iteration[430/1240], entropy: 0.6201, loss: 0.6201, lr: 4.92e-04
     Epoch[21] Iteration[440/1240], entropy: 0.3433, loss: 0.3433, lr: 2.66e-04
     Epoch[21] Iteration[450/1240], entropy: 0.4750, loss: 0.4750, lr: 1.76e-05
     Epoch[21] Iteration[460/1240], entropy: 0.4273, loss: 0.4273, lr: 9.06e-05
     Epoch[21] Iteration[470/1240], entropy: 0.2942, loss: 0.2942, lr: 3.84e-04
     Epoch[21] Iteration[480/1240], entropy: 0.6052, loss: 0.6052, lr: 4.92e-04
     Epoch[21] Iteration[490/1240], entropy: 0.4136, loss: 0.4136, lr: 2.66e-04
     Epoch[21] Iteration[500/1240], entropy: 0.5356, loss: 0.5356, lr: 1.76e-05
     Epoch[21] Iteration[510/1240], entropy: 0.5253, loss: 0.5253, lr: 9.06e-05
     Epoch[21] Iteration[520/1240], entropy: 0.4398, loss: 0.4398, lr: 3.84e-04
     Epoch[21] Iteration[530/1240], entropy: 0.4372, loss: 0.4372, lr: 4.92e-04
     Epoch[21] Iteration[540/1240], entropy: 0.6673, loss: 0.6673, lr: 2.66e-04
     Epoch[21] Iteration[550/1240], entropy: 0.3941, loss: 0.3941, lr: 1.76e-05
     Epoch[21] Iteration[560/1240], entropy: 0.5341, loss: 0.5341, lr: 9.06e-05
     Epoch[21] Iteration[570/1240], entropy: 0.5256, loss: 0.5256, lr: 3.84e-04
     Epoch[21] Iteration[580/1240], entropy: 0.6155, loss: 0.6155, lr: 4.92e-04
     Epoch[21] Iteration[590/1240], entropy: 0.5701, loss: 0.5701, lr: 2.66e-04
     Epoch[21] Iteration[600/1240], entropy: 0.5102, loss: 0.5102, lr: 1.76e-05
     Epoch[21] Iteration[610/1240], entropy: 0.4626, loss: 0.4626, lr: 9.06e-05
     Epoch[21] Iteration[620/1240], entropy: 0.4383, loss: 0.4383, lr: 3.84e-04
     Epoch[21] Iteration[630/1240], entropy: 0.3992, loss: 0.3992, lr: 4.92e-04
     Epoch[21] Iteration[640/1240], entropy: 0.5231, loss: 0.5231, lr: 2.66e-04
     Epoch[21] Iteration[650/1240], entropy: 0.5776, loss: 0.5776, lr: 1.76e-05
     Epoch[21] Iteration[660/1240], entropy: 0.3883, loss: 0.3883, lr: 9.06e-05
     Epoch[21] Iteration[670/1240], entropy: 0.4058, loss: 0.4058, lr: 3.84e-04
     Epoch[21] Iteration[680/1240], entropy: 0.4432, loss: 0.4432, lr: 4.92e-04
     Epoch[21] Iteration[690/1240], entropy: 0.4042, loss: 0.4042, lr: 2.66e-04
     Epoch[21] Iteration[700/1240], entropy: 0.5847, loss: 0.5847, lr: 1.76e-05
     Epoch[21] Iteration[710/1240], entropy: 0.5842, loss: 0.5842, lr: 9.06e-05
     Epoch[21] Iteration[720/1240], entropy: 0.6325, loss: 0.6325, lr: 3.84e-04
     Epoch[21] Iteration[730/1240], entropy: 0.4730, loss: 0.4730, lr: 4.92e-04
     Epoch[21] Iteration[740/1240], entropy: 0.5777, loss: 0.5777, lr: 2.66e-04
     Epoch[21] Iteration[750/1240], entropy: 0.6607, loss: 0.6607, lr: 1.76e-05
     Epoch[21] Iteration[760/1240], entropy: 0.3426, loss: 0.3426, lr: 9.06e-05
     Epoch[21] Iteration[770/1240], entropy: 0.5449, loss: 0.5449, lr: 3.84e-04
     Epoch[21] Iteration[780/1240], entropy: 0.5596, loss: 0.5596, lr: 4.92e-04
     Epoch[21] Iteration[790/1240], entropy: 0.4445, loss: 0.4445, lr: 2.66e-04
     Epoch[21] Iteration[800/1240], entropy: 0.6300, loss: 0.6300, lr: 1.76e-05
     Epoch[21] Iteration[810/1240], entropy: 0.3821, loss: 0.3821, lr: 9.06e-05
     Epoch[21] Iteration[820/1240], entropy: 0.6518, loss: 0.6518, lr: 3.84e-04
     Epoch[21] Iteration[830/1240], entropy: 0.4802, loss: 0.4802, lr: 4.92e-04
     Epoch[21] Iteration[840/1240], entropy: 0.4893, loss: 0.4893, lr: 2.66e-04
     Epoch[21] Iteration[850/1240], entropy: 0.5518, loss: 0.5518, lr: 1.76e-05
     Epoch[21] Iteration[860/1240], entropy: 0.5528, loss: 0.5528, lr: 9.06e-05
     Epoch[21] Iteration[870/1240], entropy: 0.6154, loss: 0.6154, lr: 3.84e-04
     Epoch[21] Iteration[880/1240], entropy: 0.3447, loss: 0.3447, lr: 4.92e-04
     Epoch[21] Iteration[890/1240], entropy: 0.4863, loss: 0.4863, lr: 2.66e-04
     Epoch[21] Iteration[900/1240], entropy: 0.5837, loss: 0.5837, lr: 1.76e-05
     Epoch[21] Iteration[910/1240], entropy: 0.5741, loss: 0.5741, lr: 9.06e-05
     Epoch[21] Iteration[920/1240], entropy: 0.5541, loss: 0.5541, lr: 3.84e-04
     Epoch[21] Iteration[930/1240], entropy: 0.5322, loss: 0.5322, lr: 4.92e-04
     Epoch[21] Iteration[940/1240], entropy: 0.4772, loss: 0.4772, lr: 2.66e-04
     Epoch[21] Iteration[950/1240], entropy: 0.3416, loss: 0.3416, lr: 1.76e-05
     Epoch[21] Iteration[960/1240], entropy: 0.7121, loss: 0.7121, lr: 9.06e-05
     Epoch[21] Iteration[970/1240], entropy: 0.5002, loss: 0.5002, lr: 3.84e-04
     Epoch[21] Iteration[980/1240], entropy: 0.4489, loss: 0.4489, lr: 4.98e-04
     Epoch[21] Iteration[990/1240], entropy: 0.5074, loss: 0.5074, lr: 2.97e-04
     Epoch[21] Iteration[1000/1240], entropy: 0.4211, loss: 0.4211, lr: 3.09e-05
     Epoch[21] Iteration[1010/1240], entropy: 0.5582, loss: 0.5582, lr: 6.78e-05
     Epoch[21] Iteration[1020/1240], entropy: 0.6178, loss: 0.6178, lr: 3.56e-04
     Epoch[21] Iteration[1030/1240], entropy: 0.4473, loss: 0.4473, lr: 4.98e-04
     Epoch[21] Iteration[1040/1240], entropy: 0.4751, loss: 0.4751, lr: 2.97e-04
     Epoch[21] Iteration[1050/1240], entropy: 0.8596, loss: 0.8596, lr: 3.09e-05
     Epoch[21] Iteration[1060/1240], entropy: 0.4724, loss: 0.4724, lr: 6.78e-05
     Epoch[21] Iteration[1070/1240], entropy: 0.3767, loss: 0.3767, lr: 3.56e-04
     Epoch[21] Iteration[1080/1240], entropy: 0.5329, loss: 0.5329, lr: 4.98e-04
     Epoch[21] Iteration[1090/1240], entropy: 0.5630, loss: 0.5630, lr: 2.97e-04
     Epoch[21] Iteration[1100/1240], entropy: 0.3854, loss: 0.3854, lr: 3.09e-05
     Epoch[21] Iteration[1110/1240], entropy: 0.3422, loss: 0.3422, lr: 6.78e-05
     Epoch[21] Iteration[1120/1240], entropy: 0.6565, loss: 0.6565, lr: 3.56e-04
     Epoch[21] Iteration[1130/1240], entropy: 0.4883, loss: 0.4883, lr: 4.98e-04
     Epoch[21] Iteration[1140/1240], entropy: 0.4582, loss: 0.4582, lr: 2.97e-04
     Epoch[21] Iteration[1150/1240], entropy: 0.4814, loss: 0.4814, lr: 3.09e-05
     Epoch[21] Iteration[1160/1240], entropy: 0.6060, loss: 0.6060, lr: 6.78e-05
     Epoch[21] Iteration[1170/1240], entropy: 0.5594, loss: 0.5594, lr: 3.56e-04
     Epoch[21] Iteration[1180/1240], entropy: 0.4801, loss: 0.4801, lr: 4.98e-04
     Epoch[21] Iteration[1190/1240], entropy: 0.4657, loss: 0.4657, lr: 2.97e-04
     Epoch[21] Iteration[1200/1240], entropy: 0.4139, loss: 0.4139, lr: 3.09e-05
     Epoch[21] Iteration[1210/1240], entropy: 0.3653, loss: 0.3653, lr: 6.78e-05
     Epoch[21] Iteration[1220/1240], entropy: 0.3559, loss: 0.3559, lr: 3.56e-04
     Epoch[21] Iteration[1230/1240], entropy: 0.4322, loss: 0.4322, lr: 4.98e-04
     Epoch[21] Iteration[1240/1240], entropy: 0.5688, loss: 0.5688, lr: 2.97e-04
     Averaged stats: entropy: 0.5688, loss: 0.5688, lr: 2.97e-04
     itm tta time 0:03:25
### TTA Eval Score: 
+-------+--------+--------+--------+--------+-------+
| epoch |   R1   |   R5   |  R10   |  mAP   |  mINP |
+-------+--------+--------+--------+--------+-------+
|  -999 | 60.641 | 77.509 | 83.268 | 35.542 | 6.004 |
|   0   | 6.822  | 15.508 | 20.864 | 3.247  | 0.505 |
|   1   | 2.882  | 7.426  | 10.858 | 1.526  | 0.303 |
|   2   | 1.642  | 4.993  | 7.895  | 1.068  | 0.248 |
|   3   | 1.134  | 3.602  | 6.142  | 0.825  | 0.218 |
|   4   | 0.912  | 2.801  | 4.958  | 0.683  | 0.206 |
|   5   | 0.816  | 2.484  | 4.318  | 0.629  | 0.199 |
|   6   | 0.715  | 2.267  | 3.950  | 0.570  | 0.190 |
|   7   | 0.630  | 1.904  | 3.391  | 0.516  | 0.184 |
|   8   | 0.544  | 1.950  | 3.416  | 0.504  | 0.181 |
|   9   | 0.509  | 1.854  | 3.330  | 0.496  | 0.182 |
|   10  | 0.453  | 1.894  | 3.381  | 0.490  | 0.180 |
|   11  | 0.403  | 2.000  | 3.406  | 0.483  | 0.178 |
|   12  | 0.433  | 1.920  | 3.325  | 0.478  | 0.176 |
|   13  | 0.363  | 1.955  | 3.371  | 0.467  | 0.175 |
|   14  | 0.388  | 1.945  | 3.275  | 0.459  | 0.174 |
|   15  | 0.327  | 1.910  | 3.255  | 0.455  | 0.173 |
|   16  | 0.348  | 2.046  | 3.401  | 0.471  | 0.174 |
|   17  | 0.338  | 1.955  | 3.265  | 0.455  | 0.174 |
|   18  | 0.343  | 2.156  | 3.587  | 0.474  | 0.173 |
|   19  | 0.312  | 2.056  | 3.325  | 0.453  | 0.172 |
|   20  | 0.312  | 1.985  | 3.466  | 0.451  | 0.172 |
|   21  | 0.307  | 1.960  | 3.411  | 0.445  | 0.172 |
+-------+--------+--------+--------+--------+-------+
     logs:  {'epo': 21, 'R1': 0.307, 'R5': 1.96, 'R10': 3.411, 'mAP': 0.445, 'mINP': 0.172, 'entropy': 0.49768870756510764, 'loss': 0.49768870756510764, 'lr': 0.00025217318310711954}
     Epoch[22] Iteration[10/1240], entropy: 0.5325, loss: 0.5325, lr: 3.09e-05
     Epoch[22] Iteration[20/1240], entropy: 0.2954, loss: 0.2954, lr: 6.78e-05
     Epoch[22] Iteration[30/1240], entropy: 0.5278, loss: 0.5278, lr: 3.56e-04
     Epoch[22] Iteration[40/1240], entropy: 0.5820, loss: 0.5820, lr: 4.98e-04
     Epoch[22] Iteration[50/1240], entropy: 0.6092, loss: 0.6092, lr: 2.97e-04
     Epoch[22] Iteration[60/1240], entropy: 0.4017, loss: 0.4017, lr: 3.09e-05
     Epoch[22] Iteration[70/1240], entropy: 0.4890, loss: 0.4890, lr: 6.78e-05
     Epoch[22] Iteration[80/1240], entropy: 0.5962, loss: 0.5962, lr: 3.56e-04
     Epoch[22] Iteration[90/1240], entropy: 0.6593, loss: 0.6593, lr: 4.98e-04
     Epoch[22] Iteration[100/1240], entropy: 0.6756, loss: 0.6756, lr: 2.97e-04
     Epoch[22] Iteration[110/1240], entropy: 0.4738, loss: 0.4738, lr: 3.09e-05
     Epoch[22] Iteration[120/1240], entropy: 0.5801, loss: 0.5801, lr: 6.78e-05
     Epoch[22] Iteration[130/1240], entropy: 0.5425, loss: 0.5425, lr: 3.56e-04
     Epoch[22] Iteration[140/1240], entropy: 0.5665, loss: 0.5665, lr: 4.98e-04
     Epoch[22] Iteration[150/1240], entropy: 0.4573, loss: 0.4573, lr: 2.97e-04
     Epoch[22] Iteration[160/1240], entropy: 0.4750, loss: 0.4750, lr: 3.09e-05
     Epoch[22] Iteration[170/1240], entropy: 0.4733, loss: 0.4733, lr: 6.78e-05
     Epoch[22] Iteration[180/1240], entropy: 0.4896, loss: 0.4896, lr: 3.56e-04
     Epoch[22] Iteration[190/1240], entropy: 0.5762, loss: 0.5762, lr: 4.98e-04
     Epoch[22] Iteration[200/1240], entropy: 0.5867, loss: 0.5867, lr: 2.97e-04
     Epoch[22] Iteration[210/1240], entropy: 0.4284, loss: 0.4284, lr: 3.09e-05
     Epoch[22] Iteration[220/1240], entropy: 0.5235, loss: 0.5235, lr: 6.78e-05
     Epoch[22] Iteration[230/1240], entropy: 0.7078, loss: 0.7078, lr: 3.56e-04
     Epoch[22] Iteration[240/1240], entropy: 0.6699, loss: 0.6699, lr: 4.98e-04
     Epoch[22] Iteration[250/1240], entropy: 0.6825, loss: 0.6825, lr: 2.97e-04
     Epoch[22] Iteration[260/1240], entropy: 0.3665, loss: 0.3665, lr: 3.09e-05
     Epoch[22] Iteration[270/1240], entropy: 0.3834, loss: 0.3834, lr: 6.78e-05
     Epoch[22] Iteration[280/1240], entropy: 0.1796, loss: 0.1796, lr: 3.56e-04
     Epoch[22] Iteration[290/1240], entropy: 0.6107, loss: 0.6107, lr: 4.98e-04
     Epoch[22] Iteration[300/1240], entropy: 0.6718, loss: 0.6718, lr: 2.97e-04
     Epoch[22] Iteration[310/1240], entropy: 0.5303, loss: 0.5303, lr: 3.09e-05
     Epoch[22] Iteration[320/1240], entropy: 0.6464, loss: 0.6464, lr: 6.78e-05
     Epoch[22] Iteration[330/1240], entropy: 0.5626, loss: 0.5626, lr: 3.56e-04
     Epoch[22] Iteration[340/1240], entropy: 0.5126, loss: 0.5126, lr: 4.98e-04
     Epoch[22] Iteration[350/1240], entropy: 0.5265, loss: 0.5265, lr: 2.97e-04
     Epoch[22] Iteration[360/1240], entropy: 0.5288, loss: 0.5288, lr: 3.09e-05
     Epoch[22] Iteration[370/1240], entropy: 0.5407, loss: 0.5407, lr: 6.78e-05
     Epoch[22] Iteration[380/1240], entropy: 0.5257, loss: 0.5257, lr: 3.56e-04
     Epoch[22] Iteration[390/1240], entropy: 0.5905, loss: 0.5905, lr: 4.98e-04
     Epoch[22] Iteration[400/1240], entropy: 0.4978, loss: 0.4978, lr: 2.97e-04
     Epoch[22] Iteration[410/1240], entropy: 0.5632, loss: 0.5632, lr: 3.09e-05
     Epoch[22] Iteration[420/1240], entropy: 0.5341, loss: 0.5341, lr: 6.78e-05
     Epoch[22] Iteration[430/1240], entropy: 0.5575, loss: 0.5575, lr: 3.56e-04
     Epoch[22] Iteration[440/1240], entropy: 0.5111, loss: 0.5111, lr: 4.98e-04
     Epoch[22] Iteration[450/1240], entropy: 0.3720, loss: 0.3720, lr: 2.97e-04
     Epoch[22] Iteration[460/1240], entropy: 0.2833, loss: 0.2833, lr: 3.09e-05
     Epoch[22] Iteration[470/1240], entropy: 0.4571, loss: 0.4571, lr: 6.78e-05
     Epoch[22] Iteration[480/1240], entropy: 0.5064, loss: 0.5064, lr: 3.56e-04
     Epoch[22] Iteration[490/1240], entropy: 0.4758, loss: 0.4758, lr: 4.98e-04
     Epoch[22] Iteration[500/1240], entropy: 0.6927, loss: 0.6927, lr: 2.97e-04
     Epoch[22] Iteration[510/1240], entropy: 0.2759, loss: 0.2759, lr: 3.09e-05
     Epoch[22] Iteration[520/1240], entropy: 0.5007, loss: 0.5007, lr: 6.78e-05
     Epoch[22] Iteration[530/1240], entropy: 0.6559, loss: 0.6559, lr: 3.56e-04
     Epoch[22] Iteration[540/1240], entropy: 0.5814, loss: 0.5814, lr: 4.98e-04
     Epoch[22] Iteration[550/1240], entropy: 0.5837, loss: 0.5837, lr: 2.97e-04
     Epoch[22] Iteration[560/1240], entropy: 0.7209, loss: 0.7209, lr: 3.09e-05
     Epoch[22] Iteration[570/1240], entropy: 0.5243, loss: 0.5243, lr: 6.78e-05
     Epoch[22] Iteration[580/1240], entropy: 0.4191, loss: 0.4191, lr: 3.56e-04
     Epoch[22] Iteration[590/1240], entropy: 0.3815, loss: 0.3815, lr: 4.98e-04
     Epoch[22] Iteration[600/1240], entropy: 0.7265, loss: 0.7265, lr: 2.97e-04
     Epoch[22] Iteration[610/1240], entropy: 0.2648, loss: 0.2648, lr: 3.09e-05
     Epoch[22] Iteration[620/1240], entropy: 0.6439, loss: 0.6439, lr: 6.78e-05
     Epoch[22] Iteration[630/1240], entropy: 0.4216, loss: 0.4216, lr: 3.56e-04
     Epoch[22] Iteration[640/1240], entropy: 0.6186, loss: 0.6186, lr: 4.98e-04
     Epoch[22] Iteration[650/1240], entropy: 0.4438, loss: 0.4438, lr: 2.97e-04
     Epoch[22] Iteration[660/1240], entropy: 0.7748, loss: 0.7748, lr: 3.09e-05
     Epoch[22] Iteration[670/1240], entropy: 0.7129, loss: 0.7129, lr: 6.78e-05
     Epoch[22] Iteration[680/1240], entropy: 0.4933, loss: 0.4933, lr: 3.56e-04
     Epoch[22] Iteration[690/1240], entropy: 0.3623, loss: 0.3623, lr: 4.98e-04
     Epoch[22] Iteration[700/1240], entropy: 0.5186, loss: 0.5186, lr: 2.97e-04
     Epoch[22] Iteration[710/1240], entropy: 0.5122, loss: 0.5122, lr: 3.09e-05
     Epoch[22] Iteration[720/1240], entropy: 0.3861, loss: 0.3861, lr: 6.78e-05
     Epoch[22] Iteration[730/1240], entropy: 0.3806, loss: 0.3806, lr: 3.56e-04
     Epoch[22] Iteration[740/1240], entropy: 0.4706, loss: 0.4706, lr: 4.98e-04
     Epoch[22] Iteration[750/1240], entropy: 0.6651, loss: 0.6651, lr: 2.97e-04
     Epoch[22] Iteration[760/1240], entropy: 0.4235, loss: 0.4235, lr: 3.09e-05
     Epoch[22] Iteration[770/1240], entropy: 0.3648, loss: 0.3648, lr: 6.78e-05
     Epoch[22] Iteration[780/1240], entropy: 0.5014, loss: 0.5014, lr: 3.56e-04
     Epoch[22] Iteration[790/1240], entropy: 0.6010, loss: 0.6010, lr: 4.98e-04
     Epoch[22] Iteration[800/1240], entropy: 0.6085, loss: 0.6085, lr: 2.97e-04
     Epoch[22] Iteration[810/1240], entropy: 0.2952, loss: 0.2952, lr: 3.09e-05
     Epoch[22] Iteration[820/1240], entropy: 0.6575, loss: 0.6575, lr: 6.78e-05
     Epoch[22] Iteration[830/1240], entropy: 0.3568, loss: 0.3568, lr: 3.56e-04
     Epoch[22] Iteration[840/1240], entropy: 0.6374, loss: 0.6374, lr: 4.98e-04
     Epoch[22] Iteration[850/1240], entropy: 0.6554, loss: 0.6554, lr: 2.97e-04
     Epoch[22] Iteration[860/1240], entropy: 0.5198, loss: 0.5198, lr: 3.09e-05
     Epoch[22] Iteration[870/1240], entropy: 0.7106, loss: 0.7106, lr: 6.78e-05
     Epoch[22] Iteration[880/1240], entropy: 0.5905, loss: 0.5905, lr: 3.56e-04
     Epoch[22] Iteration[890/1240], entropy: 0.5785, loss: 0.5785, lr: 4.98e-04
     Epoch[22] Iteration[900/1240], entropy: 0.5741, loss: 0.5741, lr: 2.97e-04
     Epoch[22] Iteration[910/1240], entropy: 0.4491, loss: 0.4491, lr: 3.09e-05
     Epoch[22] Iteration[920/1240], entropy: 0.5178, loss: 0.5178, lr: 6.78e-05
     Epoch[22] Iteration[930/1240], entropy: 0.3229, loss: 0.3229, lr: 3.56e-04
     Epoch[22] Iteration[940/1240], entropy: 0.6341, loss: 0.6341, lr: 4.98e-04
     Epoch[22] Iteration[950/1240], entropy: 0.5069, loss: 0.5069, lr: 2.97e-04
     Epoch[22] Iteration[960/1240], entropy: 0.6092, loss: 0.6092, lr: 3.09e-05
     Epoch[22] Iteration[970/1240], entropy: 0.3982, loss: 0.3982, lr: 6.78e-05
     Epoch[22] Iteration[980/1240], entropy: 0.5485, loss: 0.5485, lr: 3.56e-04
     Epoch[22] Iteration[990/1240], entropy: 0.5581, loss: 0.5581, lr: 4.98e-04
     Epoch[22] Iteration[1000/1240], entropy: 0.5854, loss: 0.5854, lr: 2.97e-04
     Epoch[22] Iteration[1010/1240], entropy: 0.4093, loss: 0.4093, lr: 3.09e-05
     Epoch[22] Iteration[1020/1240], entropy: 0.4741, loss: 0.4741, lr: 6.78e-05
     Epoch[22] Iteration[1030/1240], entropy: 0.4138, loss: 0.4138, lr: 3.56e-04
     Epoch[22] Iteration[1040/1240], entropy: 0.7820, loss: 0.7820, lr: 4.98e-04
     Epoch[22] Iteration[1050/1240], entropy: 0.6143, loss: 0.6143, lr: 2.97e-04
     Epoch[22] Iteration[1060/1240], entropy: 0.5574, loss: 0.5574, lr: 3.09e-05
     Epoch[22] Iteration[1070/1240], entropy: 0.4182, loss: 0.4182, lr: 6.78e-05
     Epoch[22] Iteration[1080/1240], entropy: 0.6217, loss: 0.6217, lr: 3.56e-04
     Epoch[22] Iteration[1090/1240], entropy: 0.4786, loss: 0.4786, lr: 4.98e-04
     Epoch[22] Iteration[1100/1240], entropy: 0.4651, loss: 0.4651, lr: 2.97e-04
     Epoch[22] Iteration[1110/1240], entropy: 0.4299, loss: 0.4299, lr: 3.09e-05
     Epoch[22] Iteration[1120/1240], entropy: 0.5245, loss: 0.5245, lr: 6.78e-05
     Epoch[22] Iteration[1130/1240], entropy: 0.5723, loss: 0.5723, lr: 3.56e-04
     Epoch[22] Iteration[1140/1240], entropy: 0.4054, loss: 0.4054, lr: 4.98e-04
     Epoch[22] Iteration[1150/1240], entropy: 0.5006, loss: 0.5006, lr: 2.97e-04
     Epoch[22] Iteration[1160/1240], entropy: 0.4916, loss: 0.4916, lr: 3.09e-05
     Epoch[22] Iteration[1170/1240], entropy: 0.4179, loss: 0.4179, lr: 6.78e-05
     Epoch[22] Iteration[1180/1240], entropy: 0.3684, loss: 0.3684, lr: 3.56e-04
     Epoch[22] Iteration[1190/1240], entropy: 0.4394, loss: 0.4394, lr: 4.98e-04
     Epoch[22] Iteration[1200/1240], entropy: 0.6459, loss: 0.6459, lr: 2.97e-04
     Epoch[22] Iteration[1210/1240], entropy: 0.5788, loss: 0.5788, lr: 3.09e-05
     Epoch[22] Iteration[1220/1240], entropy: 0.4284, loss: 0.4284, lr: 6.78e-05
     Epoch[22] Iteration[1230/1240], entropy: 0.6742, loss: 0.6742, lr: 3.56e-04
     Epoch[22] Iteration[1240/1240], entropy: 0.5999, loss: 0.5999, lr: 4.98e-04
     Averaged stats: entropy: 0.5999, loss: 0.5999, lr: 4.98e-04
     itm tta time 0:03:25
### TTA Eval Score: 
+-------+--------+--------+--------+--------+-------+
| epoch |   R1   |   R5   |  R10   |  mAP   |  mINP |
+-------+--------+--------+--------+--------+-------+
|  -999 | 60.641 | 77.509 | 83.268 | 35.542 | 6.004 |
|   0   | 6.822  | 15.508 | 20.864 | 3.247  | 0.505 |
|   1   | 2.882  | 7.426  | 10.858 | 1.526  | 0.303 |
|   2   | 1.642  | 4.993  | 7.895  | 1.068  | 0.248 |
|   3   | 1.134  | 3.602  | 6.142  | 0.825  | 0.218 |
|   4   | 0.912  | 2.801  | 4.958  | 0.683  | 0.206 |
|   5   | 0.816  | 2.484  | 4.318  | 0.629  | 0.199 |
|   6   | 0.715  | 2.267  | 3.950  | 0.570  | 0.190 |
|   7   | 0.630  | 1.904  | 3.391  | 0.516  | 0.184 |
|   8   | 0.544  | 1.950  | 3.416  | 0.504  | 0.181 |
|   9   | 0.509  | 1.854  | 3.330  | 0.496  | 0.182 |
|   10  | 0.453  | 1.894  | 3.381  | 0.490  | 0.180 |
|   11  | 0.403  | 2.000  | 3.406  | 0.483  | 0.178 |
|   12  | 0.433  | 1.920  | 3.325  | 0.478  | 0.176 |
|   13  | 0.363  | 1.955  | 3.371  | 0.467  | 0.175 |
|   14  | 0.388  | 1.945  | 3.275  | 0.459  | 0.174 |
|   15  | 0.327  | 1.910  | 3.255  | 0.455  | 0.173 |
|   16  | 0.348  | 2.046  | 3.401  | 0.471  | 0.174 |
|   17  | 0.338  | 1.955  | 3.265  | 0.455  | 0.174 |
|   18  | 0.343  | 2.156  | 3.587  | 0.474  | 0.173 |
|   19  | 0.312  | 2.056  | 3.325  | 0.453  | 0.172 |
|   20  | 0.312  | 1.985  | 3.466  | 0.451  | 0.172 |
|   21  | 0.307  | 1.960  | 3.411  | 0.445  | 0.172 |
|   22  | 0.277  | 2.086  | 3.537  | 0.461  | 0.172 |
+-------+--------+--------+--------+--------+-------+
     logs:  {'epo': 22, 'R1': 0.277, 'R5': 2.086, 'R10': 3.537, 'mAP': 0.461, 'mINP': 0.172, 'entropy': 0.5224586470473197, 'loss': 0.5224586470473197, 'lr': 0.0002496222150915754}
     Epoch[23] Iteration[10/1240], entropy: 0.5521, loss: 0.5521, lr: 2.97e-04
     Epoch[23] Iteration[20/1240], entropy: 0.6358, loss: 0.6358, lr: 3.09e-05
     Epoch[23] Iteration[30/1240], entropy: 0.6002, loss: 0.6002, lr: 6.78e-05
     Epoch[23] Iteration[40/1240], entropy: 0.4155, loss: 0.4155, lr: 3.56e-04
     Epoch[23] Iteration[50/1240], entropy: 0.6542, loss: 0.6542, lr: 4.98e-04
     Epoch[23] Iteration[60/1240], entropy: 0.6014, loss: 0.6014, lr: 2.97e-04
     Epoch[23] Iteration[70/1240], entropy: 0.2887, loss: 0.2887, lr: 3.09e-05
     Epoch[23] Iteration[80/1240], entropy: 0.4551, loss: 0.4551, lr: 6.78e-05
     Epoch[23] Iteration[90/1240], entropy: 0.6796, loss: 0.6796, lr: 3.56e-04
     Epoch[23] Iteration[100/1240], entropy: 0.5820, loss: 0.5820, lr: 4.98e-04
     Epoch[23] Iteration[110/1240], entropy: 0.5514, loss: 0.5514, lr: 2.97e-04
     Epoch[23] Iteration[120/1240], entropy: 0.5892, loss: 0.5892, lr: 3.09e-05
     Epoch[23] Iteration[130/1240], entropy: 0.4926, loss: 0.4926, lr: 6.78e-05
     Epoch[23] Iteration[140/1240], entropy: 0.6079, loss: 0.6079, lr: 3.56e-04
     Epoch[23] Iteration[150/1240], entropy: 0.5307, loss: 0.5307, lr: 4.98e-04
     Epoch[23] Iteration[160/1240], entropy: 0.6455, loss: 0.6455, lr: 2.97e-04
     Epoch[23] Iteration[170/1240], entropy: 0.6116, loss: 0.6116, lr: 3.09e-05
     Epoch[23] Iteration[180/1240], entropy: 0.3859, loss: 0.3859, lr: 6.78e-05
     Epoch[23] Iteration[190/1240], entropy: 0.3484, loss: 0.3484, lr: 3.56e-04
     Epoch[23] Iteration[200/1240], entropy: 0.6802, loss: 0.6802, lr: 4.98e-04
     Epoch[23] Iteration[210/1240], entropy: 0.4162, loss: 0.4162, lr: 2.97e-04
     Epoch[23] Iteration[220/1240], entropy: 0.4666, loss: 0.4666, lr: 3.09e-05
     Epoch[23] Iteration[230/1240], entropy: 0.5938, loss: 0.5938, lr: 6.78e-05
     Epoch[23] Iteration[240/1240], entropy: 0.6345, loss: 0.6345, lr: 3.56e-04
     Epoch[23] Iteration[250/1240], entropy: 0.5549, loss: 0.5549, lr: 4.98e-04
     Epoch[23] Iteration[260/1240], entropy: 0.5830, loss: 0.5830, lr: 2.97e-04
     Epoch[23] Iteration[270/1240], entropy: 0.4546, loss: 0.4546, lr: 3.09e-05
     Epoch[23] Iteration[280/1240], entropy: 0.5772, loss: 0.5772, lr: 6.78e-05
     Epoch[23] Iteration[290/1240], entropy: 0.5258, loss: 0.5258, lr: 3.56e-04
     Epoch[23] Iteration[300/1240], entropy: 0.4357, loss: 0.4357, lr: 4.98e-04
     Epoch[23] Iteration[310/1240], entropy: 0.5870, loss: 0.5870, lr: 2.97e-04
     Epoch[23] Iteration[320/1240], entropy: 0.2822, loss: 0.2822, lr: 3.09e-05
     Epoch[23] Iteration[330/1240], entropy: 0.2997, loss: 0.2997, lr: 6.78e-05
     Epoch[23] Iteration[340/1240], entropy: 0.3978, loss: 0.3978, lr: 3.56e-04
     Epoch[23] Iteration[350/1240], entropy: 0.7445, loss: 0.7445, lr: 4.98e-04
     Epoch[23] Iteration[360/1240], entropy: 0.5466, loss: 0.5466, lr: 2.97e-04
     Epoch[23] Iteration[370/1240], entropy: 0.4073, loss: 0.4073, lr: 3.09e-05
     Epoch[23] Iteration[380/1240], entropy: 0.4432, loss: 0.4432, lr: 6.78e-05
     Epoch[23] Iteration[390/1240], entropy: 0.4431, loss: 0.4431, lr: 3.56e-04
     Epoch[23] Iteration[400/1240], entropy: 0.5924, loss: 0.5924, lr: 4.98e-04
     Epoch[23] Iteration[410/1240], entropy: 0.4723, loss: 0.4723, lr: 2.97e-04
     Epoch[23] Iteration[420/1240], entropy: 0.4512, loss: 0.4512, lr: 3.09e-05
     Epoch[23] Iteration[430/1240], entropy: 0.4056, loss: 0.4056, lr: 6.78e-05
     Epoch[23] Iteration[440/1240], entropy: 0.6747, loss: 0.6747, lr: 3.56e-04
     Epoch[23] Iteration[450/1240], entropy: 0.4953, loss: 0.4953, lr: 4.98e-04
     Epoch[23] Iteration[460/1240], entropy: 0.5303, loss: 0.5303, lr: 2.97e-04
     Epoch[23] Iteration[470/1240], entropy: 0.3546, loss: 0.3546, lr: 3.09e-05
     Epoch[23] Iteration[480/1240], entropy: 0.5825, loss: 0.5825, lr: 6.78e-05
     Epoch[23] Iteration[490/1240], entropy: 0.2821, loss: 0.2821, lr: 3.56e-04
     Epoch[23] Iteration[500/1240], entropy: 0.4562, loss: 0.4562, lr: 5.00e-04
     Epoch[23] Iteration[510/1240], entropy: 0.3735, loss: 0.3735, lr: 3.27e-04
     Epoch[23] Iteration[520/1240], entropy: 0.4388, loss: 0.4388, lr: 4.77e-05
     Epoch[23] Iteration[530/1240], entropy: 0.4600, loss: 0.4600, lr: 4.77e-05
     Epoch[23] Iteration[540/1240], entropy: 0.6141, loss: 0.6141, lr: 3.27e-04
     Epoch[23] Iteration[550/1240], entropy: 0.3134, loss: 0.3134, lr: 5.00e-04
     Epoch[23] Iteration[560/1240], entropy: 0.4726, loss: 0.4726, lr: 3.27e-04
     Epoch[23] Iteration[570/1240], entropy: 0.5561, loss: 0.5561, lr: 4.77e-05
     Epoch[23] Iteration[580/1240], entropy: 0.5371, loss: 0.5371, lr: 4.77e-05
     Epoch[23] Iteration[590/1240], entropy: 0.4671, loss: 0.4671, lr: 3.27e-04
     Epoch[23] Iteration[600/1240], entropy: 0.7274, loss: 0.7274, lr: 5.00e-04
     Epoch[23] Iteration[610/1240], entropy: 0.5525, loss: 0.5525, lr: 3.27e-04
     Epoch[23] Iteration[620/1240], entropy: 0.4084, loss: 0.4084, lr: 4.77e-05
     Epoch[23] Iteration[630/1240], entropy: 0.3730, loss: 0.3730, lr: 4.77e-05
     Epoch[23] Iteration[640/1240], entropy: 0.7127, loss: 0.7127, lr: 3.27e-04
     Epoch[23] Iteration[650/1240], entropy: 0.3857, loss: 0.3857, lr: 5.00e-04
     Epoch[23] Iteration[660/1240], entropy: 0.3653, loss: 0.3653, lr: 3.27e-04
     Epoch[23] Iteration[670/1240], entropy: 0.3390, loss: 0.3390, lr: 4.77e-05
     Epoch[23] Iteration[680/1240], entropy: 0.4338, loss: 0.4338, lr: 4.77e-05
     Epoch[23] Iteration[690/1240], entropy: 0.3761, loss: 0.3761, lr: 3.27e-04
     Epoch[23] Iteration[700/1240], entropy: 0.5827, loss: 0.5827, lr: 5.00e-04
     Epoch[23] Iteration[710/1240], entropy: 0.5181, loss: 0.5181, lr: 3.27e-04
     Epoch[23] Iteration[720/1240], entropy: 0.3714, loss: 0.3714, lr: 4.77e-05
     Epoch[23] Iteration[730/1240], entropy: 0.5413, loss: 0.5413, lr: 4.77e-05
     Epoch[23] Iteration[740/1240], entropy: 0.4396, loss: 0.4396, lr: 3.27e-04
     Epoch[23] Iteration[750/1240], entropy: 0.5744, loss: 0.5744, lr: 5.00e-04
     Epoch[23] Iteration[760/1240], entropy: 0.3822, loss: 0.3822, lr: 3.27e-04
     Epoch[23] Iteration[770/1240], entropy: 0.7232, loss: 0.7232, lr: 4.77e-05
     Epoch[23] Iteration[780/1240], entropy: 0.4524, loss: 0.4524, lr: 4.77e-05
     Epoch[23] Iteration[790/1240], entropy: 0.6638, loss: 0.6638, lr: 3.27e-04
     Epoch[23] Iteration[800/1240], entropy: 0.6527, loss: 0.6527, lr: 5.00e-04
     Epoch[23] Iteration[810/1240], entropy: 0.5336, loss: 0.5336, lr: 3.27e-04
     Epoch[23] Iteration[820/1240], entropy: 0.3462, loss: 0.3462, lr: 4.77e-05
     Epoch[23] Iteration[830/1240], entropy: 0.5344, loss: 0.5344, lr: 4.77e-05
     Epoch[23] Iteration[840/1240], entropy: 0.6977, loss: 0.6977, lr: 3.27e-04
     Epoch[23] Iteration[850/1240], entropy: 0.5039, loss: 0.5039, lr: 5.00e-04
     Epoch[23] Iteration[860/1240], entropy: 0.4657, loss: 0.4657, lr: 3.27e-04
     Epoch[23] Iteration[870/1240], entropy: 0.5248, loss: 0.5248, lr: 4.77e-05
     Epoch[23] Iteration[880/1240], entropy: 0.6340, loss: 0.6340, lr: 4.77e-05
     Epoch[23] Iteration[890/1240], entropy: 0.6637, loss: 0.6637, lr: 3.27e-04
     Epoch[23] Iteration[900/1240], entropy: 0.4224, loss: 0.4224, lr: 5.00e-04
     Epoch[23] Iteration[910/1240], entropy: 0.4266, loss: 0.4266, lr: 3.27e-04
     Epoch[23] Iteration[920/1240], entropy: 0.5626, loss: 0.5626, lr: 4.77e-05
     Epoch[23] Iteration[930/1240], entropy: 0.4437, loss: 0.4437, lr: 4.77e-05
     Epoch[23] Iteration[940/1240], entropy: 0.4495, loss: 0.4495, lr: 3.27e-04
     Epoch[23] Iteration[950/1240], entropy: 0.5027, loss: 0.5027, lr: 5.00e-04
     Epoch[23] Iteration[960/1240], entropy: 0.8132, loss: 0.8132, lr: 3.27e-04
     Epoch[23] Iteration[970/1240], entropy: 0.4585, loss: 0.4585, lr: 4.77e-05
     Epoch[23] Iteration[980/1240], entropy: 0.7502, loss: 0.7502, lr: 4.77e-05
     Epoch[23] Iteration[990/1240], entropy: 0.7658, loss: 0.7658, lr: 3.27e-04
     Epoch[23] Iteration[1000/1240], entropy: 0.5169, loss: 0.5169, lr: 5.00e-04
     Epoch[23] Iteration[1010/1240], entropy: 0.4976, loss: 0.4976, lr: 3.27e-04
     Epoch[23] Iteration[1020/1240], entropy: 0.5148, loss: 0.5148, lr: 4.77e-05
     Epoch[23] Iteration[1030/1240], entropy: 0.4262, loss: 0.4262, lr: 4.77e-05
     Epoch[23] Iteration[1040/1240], entropy: 0.4212, loss: 0.4212, lr: 3.27e-04
     Epoch[23] Iteration[1050/1240], entropy: 0.6565, loss: 0.6565, lr: 5.00e-04
     Epoch[23] Iteration[1060/1240], entropy: 0.5327, loss: 0.5327, lr: 3.27e-04
     Epoch[23] Iteration[1070/1240], entropy: 0.4969, loss: 0.4969, lr: 4.77e-05
     Epoch[23] Iteration[1080/1240], entropy: 0.5489, loss: 0.5489, lr: 4.77e-05
     Epoch[23] Iteration[1090/1240], entropy: 0.4256, loss: 0.4256, lr: 3.27e-04
     Epoch[23] Iteration[1100/1240], entropy: 0.5873, loss: 0.5873, lr: 5.00e-04
     Epoch[23] Iteration[1110/1240], entropy: 0.6396, loss: 0.6396, lr: 3.27e-04
     Epoch[23] Iteration[1120/1240], entropy: 0.4263, loss: 0.4263, lr: 4.77e-05
     Epoch[23] Iteration[1130/1240], entropy: 0.4154, loss: 0.4154, lr: 4.77e-05
     Epoch[23] Iteration[1140/1240], entropy: 0.6411, loss: 0.6411, lr: 3.27e-04
     Epoch[23] Iteration[1150/1240], entropy: 0.5676, loss: 0.5676, lr: 5.00e-04
     Epoch[23] Iteration[1160/1240], entropy: 0.6105, loss: 0.6105, lr: 3.27e-04
     Epoch[23] Iteration[1170/1240], entropy: 0.4657, loss: 0.4657, lr: 4.77e-05
     Epoch[23] Iteration[1180/1240], entropy: 0.6336, loss: 0.6336, lr: 4.77e-05
     Epoch[23] Iteration[1190/1240], entropy: 0.5362, loss: 0.5362, lr: 3.27e-04
     Epoch[23] Iteration[1200/1240], entropy: 0.4776, loss: 0.4776, lr: 5.00e-04
     Epoch[23] Iteration[1210/1240], entropy: 0.5608, loss: 0.5608, lr: 3.27e-04
     Epoch[23] Iteration[1220/1240], entropy: 0.5550, loss: 0.5550, lr: 4.77e-05
     Epoch[23] Iteration[1230/1240], entropy: 0.5122, loss: 0.5122, lr: 4.77e-05
     Epoch[23] Iteration[1240/1240], entropy: 0.6104, loss: 0.6104, lr: 3.27e-04
     Averaged stats: entropy: 0.6104, loss: 0.6104, lr: 3.27e-04
     itm tta time 0:03:25
### TTA Eval Score: 
+-------+--------+--------+--------+--------+-------+
| epoch |   R1   |   R5   |  R10   |  mAP   |  mINP |
+-------+--------+--------+--------+--------+-------+
|  -999 | 60.641 | 77.509 | 83.268 | 35.542 | 6.004 |
|   0   | 6.822  | 15.508 | 20.864 | 3.247  | 0.505 |
|   1   | 2.882  | 7.426  | 10.858 | 1.526  | 0.303 |
|   2   | 1.642  | 4.993  | 7.895  | 1.068  | 0.248 |
|   3   | 1.134  | 3.602  | 6.142  | 0.825  | 0.218 |
|   4   | 0.912  | 2.801  | 4.958  | 0.683  | 0.206 |
|   5   | 0.816  | 2.484  | 4.318  | 0.629  | 0.199 |
|   6   | 0.715  | 2.267  | 3.950  | 0.570  | 0.190 |
|   7   | 0.630  | 1.904  | 3.391  | 0.516  | 0.184 |
|   8   | 0.544  | 1.950  | 3.416  | 0.504  | 0.181 |
|   9   | 0.509  | 1.854  | 3.330  | 0.496  | 0.182 |
|   10  | 0.453  | 1.894  | 3.381  | 0.490  | 0.180 |
|   11  | 0.403  | 2.000  | 3.406  | 0.483  | 0.178 |
|   12  | 0.433  | 1.920  | 3.325  | 0.478  | 0.176 |
|   13  | 0.363  | 1.955  | 3.371  | 0.467  | 0.175 |
|   14  | 0.388  | 1.945  | 3.275  | 0.459  | 0.174 |
|   15  | 0.327  | 1.910  | 3.255  | 0.455  | 0.173 |
|   16  | 0.348  | 2.046  | 3.401  | 0.471  | 0.174 |
|   17  | 0.338  | 1.955  | 3.265  | 0.455  | 0.174 |
|   18  | 0.343  | 2.156  | 3.587  | 0.474  | 0.173 |
|   19  | 0.312  | 2.056  | 3.325  | 0.453  | 0.172 |
|   20  | 0.312  | 1.985  | 3.466  | 0.451  | 0.172 |
|   21  | 0.307  | 1.960  | 3.411  | 0.445  | 0.172 |
|   22  | 0.277  | 2.086  | 3.537  | 0.461  | 0.172 |
|   23  | 0.297  | 2.136  | 3.577  | 0.458  | 0.172 |
+-------+--------+--------+--------+--------+-------+
     logs:  {'epo': 23, 'R1': 0.297, 'R5': 2.136, 'R10': 3.577, 'mAP': 0.458, 'mINP': 0.172, 'entropy': 0.5176042116457417, 'loss': 0.5176042116457417, 'lr': 0.0002479997687473437}
     Epoch[24] Iteration[10/1240], entropy: 0.3686, loss: 0.3686, lr: 5.00e-04
     Epoch[24] Iteration[20/1240], entropy: 0.3950, loss: 0.3950, lr: 3.27e-04
     Epoch[24] Iteration[30/1240], entropy: 0.4535, loss: 0.4535, lr: 4.77e-05
     Epoch[24] Iteration[40/1240], entropy: 0.6013, loss: 0.6013, lr: 4.77e-05
     Epoch[24] Iteration[50/1240], entropy: 0.6333, loss: 0.6333, lr: 3.27e-04
     Epoch[24] Iteration[60/1240], entropy: 0.6945, loss: 0.6945, lr: 5.00e-04
     Epoch[24] Iteration[70/1240], entropy: 0.4269, loss: 0.4269, lr: 3.27e-04
     Epoch[24] Iteration[80/1240], entropy: 0.3718, loss: 0.3718, lr: 4.77e-05
     Epoch[24] Iteration[90/1240], entropy: 0.5578, loss: 0.5578, lr: 4.77e-05
     Epoch[24] Iteration[100/1240], entropy: 0.6920, loss: 0.6920, lr: 3.27e-04
     Epoch[24] Iteration[110/1240], entropy: 0.4267, loss: 0.4267, lr: 5.00e-04
     Epoch[24] Iteration[120/1240], entropy: 0.4805, loss: 0.4805, lr: 3.27e-04
     Epoch[24] Iteration[130/1240], entropy: 0.3494, loss: 0.3494, lr: 4.77e-05
     Epoch[24] Iteration[140/1240], entropy: 0.3943, loss: 0.3943, lr: 4.77e-05
     Epoch[24] Iteration[150/1240], entropy: 0.5235, loss: 0.5235, lr: 3.27e-04
     Epoch[24] Iteration[160/1240], entropy: 0.5619, loss: 0.5619, lr: 5.00e-04
     Epoch[24] Iteration[170/1240], entropy: 0.5463, loss: 0.5463, lr: 3.27e-04
     Epoch[24] Iteration[180/1240], entropy: 0.5464, loss: 0.5464, lr: 4.77e-05
     Epoch[24] Iteration[190/1240], entropy: 0.5017, loss: 0.5017, lr: 4.77e-05
     Epoch[24] Iteration[200/1240], entropy: 0.4319, loss: 0.4319, lr: 3.27e-04
     Epoch[24] Iteration[210/1240], entropy: 0.4527, loss: 0.4527, lr: 5.00e-04
     Epoch[24] Iteration[220/1240], entropy: 0.4541, loss: 0.4541, lr: 3.27e-04
     Epoch[24] Iteration[230/1240], entropy: 0.5713, loss: 0.5713, lr: 4.77e-05
     Epoch[24] Iteration[240/1240], entropy: 0.3989, loss: 0.3989, lr: 4.77e-05
     Epoch[24] Iteration[250/1240], entropy: 0.5170, loss: 0.5170, lr: 3.27e-04
     Epoch[24] Iteration[260/1240], entropy: 0.4040, loss: 0.4040, lr: 5.00e-04
     Epoch[24] Iteration[270/1240], entropy: 0.5372, loss: 0.5372, lr: 3.27e-04
     Epoch[24] Iteration[280/1240], entropy: 0.5411, loss: 0.5411, lr: 4.77e-05
     Epoch[24] Iteration[290/1240], entropy: 0.6407, loss: 0.6407, lr: 4.77e-05
     Epoch[24] Iteration[300/1240], entropy: 0.6257, loss: 0.6257, lr: 3.27e-04
     Epoch[24] Iteration[310/1240], entropy: 0.3746, loss: 0.3746, lr: 5.00e-04
     Epoch[24] Iteration[320/1240], entropy: 0.4387, loss: 0.4387, lr: 3.27e-04
     Epoch[24] Iteration[330/1240], entropy: 0.6034, loss: 0.6034, lr: 4.77e-05
     Epoch[24] Iteration[340/1240], entropy: 0.4962, loss: 0.4962, lr: 4.77e-05
     Epoch[24] Iteration[350/1240], entropy: 0.5086, loss: 0.5086, lr: 3.27e-04
     Epoch[24] Iteration[360/1240], entropy: 0.4788, loss: 0.4788, lr: 5.00e-04
     Epoch[24] Iteration[370/1240], entropy: 0.4001, loss: 0.4001, lr: 3.27e-04
     Epoch[24] Iteration[380/1240], entropy: 0.6649, loss: 0.6649, lr: 4.77e-05
     Epoch[24] Iteration[390/1240], entropy: 0.6664, loss: 0.6664, lr: 4.77e-05
     Epoch[24] Iteration[400/1240], entropy: 0.3684, loss: 0.3684, lr: 3.27e-04
     Epoch[24] Iteration[410/1240], entropy: 0.4563, loss: 0.4563, lr: 5.00e-04
     Epoch[24] Iteration[420/1240], entropy: 0.6343, loss: 0.6343, lr: 3.27e-04
     Epoch[24] Iteration[430/1240], entropy: 0.3866, loss: 0.3866, lr: 4.77e-05
     Epoch[24] Iteration[440/1240], entropy: 0.5174, loss: 0.5174, lr: 4.77e-05
     Epoch[24] Iteration[450/1240], entropy: 0.3862, loss: 0.3862, lr: 3.27e-04
     Epoch[24] Iteration[460/1240], entropy: 0.3542, loss: 0.3542, lr: 5.00e-04
     Epoch[24] Iteration[470/1240], entropy: 0.4709, loss: 0.4709, lr: 3.27e-04
     Epoch[24] Iteration[480/1240], entropy: 0.4256, loss: 0.4256, lr: 4.77e-05
     Epoch[24] Iteration[490/1240], entropy: 0.6138, loss: 0.6138, lr: 4.77e-05
     Epoch[24] Iteration[500/1240], entropy: 0.4520, loss: 0.4520, lr: 3.27e-04
     Epoch[24] Iteration[510/1240], entropy: 0.6516, loss: 0.6516, lr: 5.00e-04
     Epoch[24] Iteration[520/1240], entropy: 0.4961, loss: 0.4961, lr: 3.27e-04
     Epoch[24] Iteration[530/1240], entropy: 0.6571, loss: 0.6571, lr: 4.77e-05
     Epoch[24] Iteration[540/1240], entropy: 0.4563, loss: 0.4563, lr: 4.77e-05
     Epoch[24] Iteration[550/1240], entropy: 0.3917, loss: 0.3917, lr: 3.27e-04
     Epoch[24] Iteration[560/1240], entropy: 0.4505, loss: 0.4505, lr: 5.00e-04
     Epoch[24] Iteration[570/1240], entropy: 0.4376, loss: 0.4376, lr: 3.27e-04
     Epoch[24] Iteration[580/1240], entropy: 0.7355, loss: 0.7355, lr: 4.77e-05
     Epoch[24] Iteration[590/1240], entropy: 0.6551, loss: 0.6551, lr: 4.77e-05
     Epoch[24] Iteration[600/1240], entropy: 0.4919, loss: 0.4919, lr: 3.27e-04
     Epoch[24] Iteration[610/1240], entropy: 0.5347, loss: 0.5347, lr: 5.00e-04
     Epoch[24] Iteration[620/1240], entropy: 0.6312, loss: 0.6312, lr: 3.27e-04
     Epoch[24] Iteration[630/1240], entropy: 0.5993, loss: 0.5993, lr: 4.77e-05
     Epoch[24] Iteration[640/1240], entropy: 0.6553, loss: 0.6553, lr: 4.77e-05
     Epoch[24] Iteration[650/1240], entropy: 0.5060, loss: 0.5060, lr: 3.27e-04
     Epoch[24] Iteration[660/1240], entropy: 0.6535, loss: 0.6535, lr: 5.00e-04
     Epoch[24] Iteration[670/1240], entropy: 0.5551, loss: 0.5551, lr: 3.27e-04
     Epoch[24] Iteration[680/1240], entropy: 0.5055, loss: 0.5055, lr: 4.77e-05
     Epoch[24] Iteration[690/1240], entropy: 0.4732, loss: 0.4732, lr: 4.77e-05
     Epoch[24] Iteration[700/1240], entropy: 0.7953, loss: 0.7953, lr: 3.27e-04
     Epoch[24] Iteration[710/1240], entropy: 0.4832, loss: 0.4832, lr: 5.00e-04
     Epoch[24] Iteration[720/1240], entropy: 0.3526, loss: 0.3526, lr: 3.27e-04
     Epoch[24] Iteration[730/1240], entropy: 0.3276, loss: 0.3276, lr: 4.77e-05
     Epoch[24] Iteration[740/1240], entropy: 0.3865, loss: 0.3865, lr: 4.77e-05
     Epoch[24] Iteration[750/1240], entropy: 0.4986, loss: 0.4986, lr: 3.27e-04
     Epoch[24] Iteration[760/1240], entropy: 0.7022, loss: 0.7022, lr: 5.00e-04
     Epoch[24] Iteration[770/1240], entropy: 0.3516, loss: 0.3516, lr: 3.27e-04
     Epoch[24] Iteration[780/1240], entropy: 0.3437, loss: 0.3437, lr: 4.77e-05
     Epoch[24] Iteration[790/1240], entropy: 0.4706, loss: 0.4706, lr: 4.77e-05
     Epoch[24] Iteration[800/1240], entropy: 0.4956, loss: 0.4956, lr: 3.27e-04
     Epoch[24] Iteration[810/1240], entropy: 0.4943, loss: 0.4943, lr: 5.00e-04
     Epoch[24] Iteration[820/1240], entropy: 0.6089, loss: 0.6089, lr: 3.27e-04
     Epoch[24] Iteration[830/1240], entropy: 0.5089, loss: 0.5089, lr: 4.77e-05
     Epoch[24] Iteration[840/1240], entropy: 0.5761, loss: 0.5761, lr: 4.77e-05
     Epoch[24] Iteration[850/1240], entropy: 0.4505, loss: 0.4505, lr: 3.27e-04
     Epoch[24] Iteration[860/1240], entropy: 0.4786, loss: 0.4786, lr: 5.00e-04
     Epoch[24] Iteration[870/1240], entropy: 0.5073, loss: 0.5073, lr: 3.27e-04
     Epoch[24] Iteration[880/1240], entropy: 0.5077, loss: 0.5077, lr: 4.77e-05
     Epoch[24] Iteration[890/1240], entropy: 0.7189, loss: 0.7189, lr: 4.77e-05
     Epoch[24] Iteration[900/1240], entropy: 0.5536, loss: 0.5536, lr: 3.27e-04
     Epoch[24] Iteration[910/1240], entropy: 0.3583, loss: 0.3583, lr: 5.00e-04
     Epoch[24] Iteration[920/1240], entropy: 0.4972, loss: 0.4972, lr: 3.27e-04
     Epoch[24] Iteration[930/1240], entropy: 0.6101, loss: 0.6101, lr: 4.77e-05
     Epoch[24] Iteration[940/1240], entropy: 0.6387, loss: 0.6387, lr: 4.77e-05
     Epoch[24] Iteration[950/1240], entropy: 0.4891, loss: 0.4891, lr: 3.27e-04
     Epoch[24] Iteration[960/1240], entropy: 0.5506, loss: 0.5506, lr: 5.00e-04
     Epoch[24] Iteration[970/1240], entropy: 0.4773, loss: 0.4773, lr: 3.27e-04
     Epoch[24] Iteration[980/1240], entropy: 0.4873, loss: 0.4873, lr: 4.77e-05
     Epoch[24] Iteration[990/1240], entropy: 0.6084, loss: 0.6084, lr: 4.77e-05
     Epoch[24] Iteration[1000/1240], entropy: 0.6312, loss: 0.6312, lr: 3.27e-04
     Epoch[24] Iteration[1010/1240], entropy: 0.5611, loss: 0.5611, lr: 5.00e-04
     Epoch[24] Iteration[1020/1240], entropy: 0.5058, loss: 0.5058, lr: 3.27e-04
     Epoch[24] Iteration[1030/1240], entropy: 0.5817, loss: 0.5817, lr: 4.77e-05
     Epoch[24] Iteration[1040/1240], entropy: 0.4405, loss: 0.4405, lr: 4.77e-05
     Epoch[24] Iteration[1050/1240], entropy: 0.5477, loss: 0.5477, lr: 3.27e-04
     Epoch[24] Iteration[1060/1240], entropy: 0.4995, loss: 0.4995, lr: 5.00e-04
     Epoch[24] Iteration[1070/1240], entropy: 0.3445, loss: 0.3445, lr: 3.27e-04
     Epoch[24] Iteration[1080/1240], entropy: 0.4697, loss: 0.4697, lr: 4.77e-05
     Epoch[24] Iteration[1090/1240], entropy: 0.6245, loss: 0.6245, lr: 4.77e-05
     Epoch[24] Iteration[1100/1240], entropy: 0.3440, loss: 0.3440, lr: 3.27e-04
     Epoch[24] Iteration[1110/1240], entropy: 0.5226, loss: 0.5226, lr: 5.00e-04
     Epoch[24] Iteration[1120/1240], entropy: 0.4334, loss: 0.4334, lr: 3.27e-04
     Epoch[24] Iteration[1130/1240], entropy: 0.4711, loss: 0.4711, lr: 4.77e-05
     Epoch[24] Iteration[1140/1240], entropy: 0.5823, loss: 0.5823, lr: 4.77e-05
     Epoch[24] Iteration[1150/1240], entropy: 0.7502, loss: 0.7502, lr: 3.27e-04
     Epoch[24] Iteration[1160/1240], entropy: 0.7098, loss: 0.7098, lr: 5.00e-04
     Epoch[24] Iteration[1170/1240], entropy: 0.7003, loss: 0.7003, lr: 3.27e-04
     Epoch[24] Iteration[1180/1240], entropy: 0.5966, loss: 0.5966, lr: 4.77e-05
     Epoch[24] Iteration[1190/1240], entropy: 0.6029, loss: 0.6029, lr: 4.77e-05
     Epoch[24] Iteration[1200/1240], entropy: 0.5618, loss: 0.5618, lr: 3.27e-04
     Epoch[24] Iteration[1210/1240], entropy: 0.5719, loss: 0.5719, lr: 5.00e-04
     Epoch[24] Iteration[1220/1240], entropy: 0.3271, loss: 0.3271, lr: 3.27e-04
     Epoch[24] Iteration[1230/1240], entropy: 0.7555, loss: 0.7555, lr: 4.77e-05
     Epoch[24] Iteration[1240/1240], entropy: 0.5014, loss: 0.5014, lr: 4.77e-05
     Averaged stats: entropy: 0.5014, loss: 0.5014, lr: 4.77e-05
     itm tta time 0:03:25
### TTA Eval Score: 
+-------+--------+--------+--------+--------+-------+
| epoch |   R1   |   R5   |  R10   |  mAP   |  mINP |
+-------+--------+--------+--------+--------+-------+
|  -999 | 60.641 | 77.509 | 83.268 | 35.542 | 6.004 |
|   0   | 6.822  | 15.508 | 20.864 | 3.247  | 0.505 |
|   1   | 2.882  | 7.426  | 10.858 | 1.526  | 0.303 |
|   2   | 1.642  | 4.993  | 7.895  | 1.068  | 0.248 |
|   3   | 1.134  | 3.602  | 6.142  | 0.825  | 0.218 |
|   4   | 0.912  | 2.801  | 4.958  | 0.683  | 0.206 |
|   5   | 0.816  | 2.484  | 4.318  | 0.629  | 0.199 |
|   6   | 0.715  | 2.267  | 3.950  | 0.570  | 0.190 |
|   7   | 0.630  | 1.904  | 3.391  | 0.516  | 0.184 |
|   8   | 0.544  | 1.950  | 3.416  | 0.504  | 0.181 |
|   9   | 0.509  | 1.854  | 3.330  | 0.496  | 0.182 |
|   10  | 0.453  | 1.894  | 3.381  | 0.490  | 0.180 |
|   11  | 0.403  | 2.000  | 3.406  | 0.483  | 0.178 |
|   12  | 0.433  | 1.920  | 3.325  | 0.478  | 0.176 |
|   13  | 0.363  | 1.955  | 3.371  | 0.467  | 0.175 |
|   14  | 0.388  | 1.945  | 3.275  | 0.459  | 0.174 |
|   15  | 0.327  | 1.910  | 3.255  | 0.455  | 0.173 |
|   16  | 0.348  | 2.046  | 3.401  | 0.471  | 0.174 |
|   17  | 0.338  | 1.955  | 3.265  | 0.455  | 0.174 |
|   18  | 0.343  | 2.156  | 3.587  | 0.474  | 0.173 |
|   19  | 0.312  | 2.056  | 3.325  | 0.453  | 0.172 |
|   20  | 0.312  | 1.985  | 3.466  | 0.451  | 0.172 |
|   21  | 0.307  | 1.960  | 3.411  | 0.445  | 0.172 |
|   22  | 0.277  | 2.086  | 3.537  | 0.461  | 0.172 |
|   23  | 0.297  | 2.136  | 3.577  | 0.458  | 0.172 |
|   24  | 0.312  | 2.232  | 3.743  | 0.468  | 0.172 |
+-------+--------+--------+--------+--------+-------+
     logs:  {'epo': 24, 'R1': 0.312, 'R5': 2.232, 'R10': 3.743, 'mAP': 0.468, 'mINP': 0.172, 'entropy': 0.5185593162332812, 'loss': 0.5185593162332812, 'lr': 0.00024937698186616156}
     Epoch[25] Iteration[10/1240], entropy: 0.6206, loss: 0.6206, lr: 3.27e-04
     Epoch[25] Iteration[20/1240], entropy: 0.4048, loss: 0.4048, lr: 4.98e-04
     Epoch[25] Iteration[30/1240], entropy: 0.6861, loss: 0.6861, lr: 3.56e-04
     Epoch[25] Iteration[40/1240], entropy: 0.6285, loss: 0.6285, lr: 6.78e-05
     Epoch[25] Iteration[50/1240], entropy: 0.5531, loss: 0.5531, lr: 3.09e-05
     Epoch[25] Iteration[60/1240], entropy: 0.5796, loss: 0.5796, lr: 2.97e-04
     Epoch[25] Iteration[70/1240], entropy: 0.4062, loss: 0.4062, lr: 4.98e-04
     Epoch[25] Iteration[80/1240], entropy: 0.4828, loss: 0.4828, lr: 3.56e-04
     Epoch[25] Iteration[90/1240], entropy: 0.3613, loss: 0.3613, lr: 6.78e-05
     Epoch[25] Iteration[100/1240], entropy: 0.7271, loss: 0.7271, lr: 3.09e-05
     Epoch[25] Iteration[110/1240], entropy: 0.4256, loss: 0.4256, lr: 2.97e-04
     Epoch[25] Iteration[120/1240], entropy: 0.6375, loss: 0.6375, lr: 4.98e-04
     Epoch[25] Iteration[130/1240], entropy: 0.6138, loss: 0.6138, lr: 3.56e-04
     Epoch[25] Iteration[140/1240], entropy: 0.5341, loss: 0.5341, lr: 6.78e-05
     Epoch[25] Iteration[150/1240], entropy: 0.5025, loss: 0.5025, lr: 3.09e-05
     Epoch[25] Iteration[160/1240], entropy: 0.4462, loss: 0.4462, lr: 2.97e-04
     Epoch[25] Iteration[170/1240], entropy: 0.3651, loss: 0.3651, lr: 4.98e-04
     Epoch[25] Iteration[180/1240], entropy: 0.4336, loss: 0.4336, lr: 3.56e-04
     Epoch[25] Iteration[190/1240], entropy: 0.5993, loss: 0.5993, lr: 6.78e-05
     Epoch[25] Iteration[200/1240], entropy: 0.4828, loss: 0.4828, lr: 3.09e-05
     Epoch[25] Iteration[210/1240], entropy: 0.4824, loss: 0.4824, lr: 2.97e-04
     Epoch[25] Iteration[220/1240], entropy: 0.4246, loss: 0.4246, lr: 4.98e-04
     Epoch[25] Iteration[230/1240], entropy: 0.4491, loss: 0.4491, lr: 3.56e-04
     Epoch[25] Iteration[240/1240], entropy: 0.4534, loss: 0.4534, lr: 6.78e-05
     Epoch[25] Iteration[250/1240], entropy: 0.6839, loss: 0.6839, lr: 3.09e-05
     Epoch[25] Iteration[260/1240], entropy: 0.4833, loss: 0.4833, lr: 2.97e-04
     Epoch[25] Iteration[270/1240], entropy: 0.5843, loss: 0.5843, lr: 4.98e-04
     Epoch[25] Iteration[280/1240], entropy: 0.4690, loss: 0.4690, lr: 3.56e-04
     Epoch[25] Iteration[290/1240], entropy: 0.5306, loss: 0.5306, lr: 6.78e-05
     Epoch[25] Iteration[300/1240], entropy: 0.4439, loss: 0.4439, lr: 3.09e-05
     Epoch[25] Iteration[310/1240], entropy: 0.4184, loss: 0.4184, lr: 2.97e-04
     Epoch[25] Iteration[320/1240], entropy: 0.4445, loss: 0.4445, lr: 4.98e-04
     Epoch[25] Iteration[330/1240], entropy: 0.5922, loss: 0.5922, lr: 3.56e-04
     Epoch[25] Iteration[340/1240], entropy: 0.3712, loss: 0.3712, lr: 6.78e-05
     Epoch[25] Iteration[350/1240], entropy: 0.6906, loss: 0.6906, lr: 3.09e-05
     Epoch[25] Iteration[360/1240], entropy: 0.4464, loss: 0.4464, lr: 2.97e-04
     Epoch[25] Iteration[370/1240], entropy: 0.5610, loss: 0.5610, lr: 4.98e-04
     Epoch[25] Iteration[380/1240], entropy: 0.4774, loss: 0.4774, lr: 3.56e-04
     Epoch[25] Iteration[390/1240], entropy: 0.5637, loss: 0.5637, lr: 6.78e-05
     Epoch[25] Iteration[400/1240], entropy: 0.3826, loss: 0.3826, lr: 3.09e-05
     Epoch[25] Iteration[410/1240], entropy: 0.4892, loss: 0.4892, lr: 2.97e-04
     Epoch[25] Iteration[420/1240], entropy: 0.6570, loss: 0.6570, lr: 4.98e-04
     Epoch[25] Iteration[430/1240], entropy: 0.6927, loss: 0.6927, lr: 3.56e-04
     Epoch[25] Iteration[440/1240], entropy: 0.4390, loss: 0.4390, lr: 6.78e-05
     Epoch[25] Iteration[450/1240], entropy: 0.4973, loss: 0.4973, lr: 3.09e-05
     Epoch[25] Iteration[460/1240], entropy: 0.5201, loss: 0.5201, lr: 2.97e-04
     Epoch[25] Iteration[470/1240], entropy: 0.4134, loss: 0.4134, lr: 4.98e-04
     Epoch[25] Iteration[480/1240], entropy: 0.5096, loss: 0.5096, lr: 3.56e-04
     Epoch[25] Iteration[490/1240], entropy: 0.5387, loss: 0.5387, lr: 6.78e-05
     Epoch[25] Iteration[500/1240], entropy: 0.6204, loss: 0.6204, lr: 3.09e-05
     Epoch[25] Iteration[510/1240], entropy: 0.4718, loss: 0.4718, lr: 2.97e-04
     Epoch[25] Iteration[520/1240], entropy: 0.5411, loss: 0.5411, lr: 4.98e-04
     Epoch[25] Iteration[530/1240], entropy: 0.5367, loss: 0.5367, lr: 3.56e-04
     Epoch[25] Iteration[540/1240], entropy: 0.5073, loss: 0.5073, lr: 6.78e-05
     Epoch[25] Iteration[550/1240], entropy: 0.6205, loss: 0.6205, lr: 3.09e-05
     Epoch[25] Iteration[560/1240], entropy: 0.4221, loss: 0.4221, lr: 2.97e-04
     Epoch[25] Iteration[570/1240], entropy: 0.5416, loss: 0.5416, lr: 4.98e-04
     Epoch[25] Iteration[580/1240], entropy: 0.5557, loss: 0.5557, lr: 3.56e-04
     Epoch[25] Iteration[590/1240], entropy: 0.4238, loss: 0.4238, lr: 6.78e-05
     Epoch[25] Iteration[600/1240], entropy: 0.3689, loss: 0.3689, lr: 3.09e-05
     Epoch[25] Iteration[610/1240], entropy: 0.6689, loss: 0.6689, lr: 2.97e-04
     Epoch[25] Iteration[620/1240], entropy: 0.3056, loss: 0.3056, lr: 4.98e-04
     Epoch[25] Iteration[630/1240], entropy: 0.3266, loss: 0.3266, lr: 3.56e-04
     Epoch[25] Iteration[640/1240], entropy: 0.5917, loss: 0.5917, lr: 6.78e-05
     Epoch[25] Iteration[650/1240], entropy: 0.4113, loss: 0.4113, lr: 3.09e-05
     Epoch[25] Iteration[660/1240], entropy: 0.5368, loss: 0.5368, lr: 2.97e-04
     Epoch[25] Iteration[670/1240], entropy: 0.3302, loss: 0.3302, lr: 4.98e-04
     Epoch[25] Iteration[680/1240], entropy: 0.5605, loss: 0.5605, lr: 3.56e-04
     Epoch[25] Iteration[690/1240], entropy: 0.4956, loss: 0.4956, lr: 6.78e-05
     Epoch[25] Iteration[700/1240], entropy: 0.2719, loss: 0.2719, lr: 3.09e-05
     Epoch[25] Iteration[710/1240], entropy: 0.5216, loss: 0.5216, lr: 2.97e-04
     Epoch[25] Iteration[720/1240], entropy: 0.5549, loss: 0.5549, lr: 4.98e-04
     Epoch[25] Iteration[730/1240], entropy: 0.6605, loss: 0.6605, lr: 3.56e-04
     Epoch[25] Iteration[740/1240], entropy: 0.3977, loss: 0.3977, lr: 6.78e-05
     Epoch[25] Iteration[750/1240], entropy: 0.4368, loss: 0.4368, lr: 3.09e-05
     Epoch[25] Iteration[760/1240], entropy: 0.5941, loss: 0.5941, lr: 2.97e-04
     Epoch[25] Iteration[770/1240], entropy: 0.3535, loss: 0.3535, lr: 4.98e-04
     Epoch[25] Iteration[780/1240], entropy: 0.3768, loss: 0.3768, lr: 3.56e-04
     Epoch[25] Iteration[790/1240], entropy: 0.3696, loss: 0.3696, lr: 6.78e-05
     Epoch[25] Iteration[800/1240], entropy: 0.4321, loss: 0.4321, lr: 3.09e-05
     Epoch[25] Iteration[810/1240], entropy: 0.5192, loss: 0.5192, lr: 2.97e-04
     Epoch[25] Iteration[820/1240], entropy: 0.4205, loss: 0.4205, lr: 4.98e-04
     Epoch[25] Iteration[830/1240], entropy: 0.4382, loss: 0.4382, lr: 3.56e-04
     Epoch[25] Iteration[840/1240], entropy: 0.6395, loss: 0.6395, lr: 6.78e-05
     Epoch[25] Iteration[850/1240], entropy: 0.5274, loss: 0.5274, lr: 3.09e-05
     Epoch[25] Iteration[860/1240], entropy: 0.4224, loss: 0.4224, lr: 2.97e-04
     Epoch[25] Iteration[870/1240], entropy: 0.5035, loss: 0.5035, lr: 4.98e-04
     Epoch[25] Iteration[880/1240], entropy: 0.6570, loss: 0.6570, lr: 3.56e-04
     Epoch[25] Iteration[890/1240], entropy: 0.5996, loss: 0.5996, lr: 6.78e-05
     Epoch[25] Iteration[900/1240], entropy: 0.8057, loss: 0.8057, lr: 3.09e-05
     Epoch[25] Iteration[910/1240], entropy: 0.5393, loss: 0.5393, lr: 2.97e-04
     Epoch[25] Iteration[920/1240], entropy: 0.2473, loss: 0.2473, lr: 4.98e-04
     Epoch[25] Iteration[930/1240], entropy: 0.3528, loss: 0.3528, lr: 3.56e-04
     Epoch[25] Iteration[940/1240], entropy: 0.3987, loss: 0.3987, lr: 6.78e-05
     Epoch[25] Iteration[950/1240], entropy: 0.5880, loss: 0.5880, lr: 3.09e-05
     Epoch[25] Iteration[960/1240], entropy: 0.6079, loss: 0.6079, lr: 2.97e-04
     Epoch[25] Iteration[970/1240], entropy: 0.5471, loss: 0.5471, lr: 4.98e-04
     Epoch[25] Iteration[980/1240], entropy: 0.5989, loss: 0.5989, lr: 3.56e-04
     Epoch[25] Iteration[990/1240], entropy: 0.4749, loss: 0.4749, lr: 6.78e-05
     Epoch[25] Iteration[1000/1240], entropy: 0.5578, loss: 0.5578, lr: 3.09e-05
     Epoch[25] Iteration[1010/1240], entropy: 0.5322, loss: 0.5322, lr: 2.97e-04
     Epoch[25] Iteration[1020/1240], entropy: 0.4740, loss: 0.4740, lr: 4.98e-04
     Epoch[25] Iteration[1030/1240], entropy: 0.4075, loss: 0.4075, lr: 3.56e-04
     Epoch[25] Iteration[1040/1240], entropy: 0.7001, loss: 0.7001, lr: 6.78e-05
     Epoch[25] Iteration[1050/1240], entropy: 0.4674, loss: 0.4674, lr: 3.09e-05
     Epoch[25] Iteration[1060/1240], entropy: 0.5716, loss: 0.5716, lr: 2.97e-04
     Epoch[25] Iteration[1070/1240], entropy: 0.4424, loss: 0.4424, lr: 4.98e-04
     Epoch[25] Iteration[1080/1240], entropy: 0.6149, loss: 0.6149, lr: 3.56e-04
     Epoch[25] Iteration[1090/1240], entropy: 0.4572, loss: 0.4572, lr: 6.78e-05
     Epoch[25] Iteration[1100/1240], entropy: 0.6181, loss: 0.6181, lr: 3.09e-05
     Epoch[25] Iteration[1110/1240], entropy: 0.6172, loss: 0.6172, lr: 2.97e-04
     Epoch[25] Iteration[1120/1240], entropy: 0.6334, loss: 0.6334, lr: 4.98e-04
     Epoch[25] Iteration[1130/1240], entropy: 0.6318, loss: 0.6318, lr: 3.56e-04
     Epoch[25] Iteration[1140/1240], entropy: 0.5554, loss: 0.5554, lr: 6.78e-05
     Epoch[25] Iteration[1150/1240], entropy: 0.4607, loss: 0.4607, lr: 3.09e-05
     Epoch[25] Iteration[1160/1240], entropy: 0.4174, loss: 0.4174, lr: 2.97e-04
     Epoch[25] Iteration[1170/1240], entropy: 0.5087, loss: 0.5087, lr: 4.98e-04
     Epoch[25] Iteration[1180/1240], entropy: 0.3279, loss: 0.3279, lr: 3.56e-04
     Epoch[25] Iteration[1190/1240], entropy: 0.7475, loss: 0.7475, lr: 6.78e-05
     Epoch[25] Iteration[1200/1240], entropy: 0.5080, loss: 0.5080, lr: 3.09e-05
     Epoch[25] Iteration[1210/1240], entropy: 0.6353, loss: 0.6353, lr: 2.97e-04
     Epoch[25] Iteration[1220/1240], entropy: 0.6315, loss: 0.6315, lr: 4.98e-04
     Epoch[25] Iteration[1230/1240], entropy: 0.5400, loss: 0.5400, lr: 3.56e-04
     Epoch[25] Iteration[1240/1240], entropy: 0.5134, loss: 0.5134, lr: 6.78e-05
     Averaged stats: entropy: 0.5134, loss: 0.5134, lr: 6.78e-05
     itm tta time 0:03:25
### TTA Eval Score: 
+-------+--------+--------+--------+--------+-------+
| epoch |   R1   |   R5   |  R10   |  mAP   |  mINP |
+-------+--------+--------+--------+--------+-------+
|  -999 | 60.641 | 77.509 | 83.268 | 35.542 | 6.004 |
|   0   | 6.822  | 15.508 | 20.864 | 3.247  | 0.505 |
|   1   | 2.882  | 7.426  | 10.858 | 1.526  | 0.303 |
|   2   | 1.642  | 4.993  | 7.895  | 1.068  | 0.248 |
|   3   | 1.134  | 3.602  | 6.142  | 0.825  | 0.218 |
|   4   | 0.912  | 2.801  | 4.958  | 0.683  | 0.206 |
|   5   | 0.816  | 2.484  | 4.318  | 0.629  | 0.199 |
|   6   | 0.715  | 2.267  | 3.950  | 0.570  | 0.190 |
|   7   | 0.630  | 1.904  | 3.391  | 0.516  | 0.184 |
|   8   | 0.544  | 1.950  | 3.416  | 0.504  | 0.181 |
|   9   | 0.509  | 1.854  | 3.330  | 0.496  | 0.182 |
|   10  | 0.453  | 1.894  | 3.381  | 0.490  | 0.180 |
|   11  | 0.403  | 2.000  | 3.406  | 0.483  | 0.178 |
|   12  | 0.433  | 1.920  | 3.325  | 0.478  | 0.176 |
|   13  | 0.363  | 1.955  | 3.371  | 0.467  | 0.175 |
|   14  | 0.388  | 1.945  | 3.275  | 0.459  | 0.174 |
|   15  | 0.327  | 1.910  | 3.255  | 0.455  | 0.173 |
|   16  | 0.348  | 2.046  | 3.401  | 0.471  | 0.174 |
|   17  | 0.338  | 1.955  | 3.265  | 0.455  | 0.174 |
|   18  | 0.343  | 2.156  | 3.587  | 0.474  | 0.173 |
|   19  | 0.312  | 2.056  | 3.325  | 0.453  | 0.172 |
|   20  | 0.312  | 1.985  | 3.466  | 0.451  | 0.172 |
|   21  | 0.307  | 1.960  | 3.411  | 0.445  | 0.172 |
|   22  | 0.277  | 2.086  | 3.537  | 0.461  | 0.172 |
|   23  | 0.297  | 2.136  | 3.577  | 0.458  | 0.172 |
|   24  | 0.312  | 2.232  | 3.743  | 0.468  | 0.172 |
|   25  | 0.317  | 2.177  | 3.663  | 0.463  | 0.171 |
+-------+--------+--------+--------+--------+-------+
     logs:  {'epo': 25, 'R1': 0.317, 'R5': 2.177, 'R10': 3.663, 'mAP': 0.463, 'mINP': 0.171, 'entropy': 0.5118185971533099, 'loss': 0.5118185971533099, 'lr': 0.00025201198056419284}
     Epoch[26] Iteration[10/1240], entropy: 0.5718, loss: 0.5718, lr: 3.09e-05
     Epoch[26] Iteration[20/1240], entropy: 0.5505, loss: 0.5505, lr: 2.97e-04
     Epoch[26] Iteration[30/1240], entropy: 0.3966, loss: 0.3966, lr: 4.98e-04
     Epoch[26] Iteration[40/1240], entropy: 0.5883, loss: 0.5883, lr: 3.56e-04
     Epoch[26] Iteration[50/1240], entropy: 0.4354, loss: 0.4354, lr: 6.78e-05
     Epoch[26] Iteration[60/1240], entropy: 0.5151, loss: 0.5151, lr: 3.09e-05
     Epoch[26] Iteration[70/1240], entropy: 0.5403, loss: 0.5403, lr: 2.97e-04
     Epoch[26] Iteration[80/1240], entropy: 0.4843, loss: 0.4843, lr: 4.98e-04
     Epoch[26] Iteration[90/1240], entropy: 0.6318, loss: 0.6318, lr: 3.56e-04
     Epoch[26] Iteration[100/1240], entropy: 0.5354, loss: 0.5354, lr: 6.78e-05
     Epoch[26] Iteration[110/1240], entropy: 0.4979, loss: 0.4979, lr: 3.09e-05
     Epoch[26] Iteration[120/1240], entropy: 0.6839, loss: 0.6839, lr: 2.97e-04
     Epoch[26] Iteration[130/1240], entropy: 0.4268, loss: 0.4268, lr: 4.98e-04
     Epoch[26] Iteration[140/1240], entropy: 0.5538, loss: 0.5538, lr: 3.56e-04
     Epoch[26] Iteration[150/1240], entropy: 0.5590, loss: 0.5590, lr: 6.78e-05
     Epoch[26] Iteration[160/1240], entropy: 0.5985, loss: 0.5985, lr: 3.09e-05
     Epoch[26] Iteration[170/1240], entropy: 0.3869, loss: 0.3869, lr: 2.97e-04
     Epoch[26] Iteration[180/1240], entropy: 0.6403, loss: 0.6403, lr: 4.98e-04
     Epoch[26] Iteration[190/1240], entropy: 0.4024, loss: 0.4024, lr: 3.56e-04
     Epoch[26] Iteration[200/1240], entropy: 0.4006, loss: 0.4006, lr: 6.78e-05
     Epoch[26] Iteration[210/1240], entropy: 0.5432, loss: 0.5432, lr: 3.09e-05
     Epoch[26] Iteration[220/1240], entropy: 0.5612, loss: 0.5612, lr: 2.97e-04
     Epoch[26] Iteration[230/1240], entropy: 0.4339, loss: 0.4339, lr: 4.98e-04
     Epoch[26] Iteration[240/1240], entropy: 0.5852, loss: 0.5852, lr: 3.56e-04
     Epoch[26] Iteration[250/1240], entropy: 0.5515, loss: 0.5515, lr: 6.78e-05
     Epoch[26] Iteration[260/1240], entropy: 0.5154, loss: 0.5154, lr: 3.09e-05
     Epoch[26] Iteration[270/1240], entropy: 0.4603, loss: 0.4603, lr: 2.97e-04
     Epoch[26] Iteration[280/1240], entropy: 0.6242, loss: 0.6242, lr: 4.98e-04
     Epoch[26] Iteration[290/1240], entropy: 0.3918, loss: 0.3918, lr: 3.56e-04
     Epoch[26] Iteration[300/1240], entropy: 0.5894, loss: 0.5894, lr: 6.78e-05
     Epoch[26] Iteration[310/1240], entropy: 0.5050, loss: 0.5050, lr: 3.09e-05
     Epoch[26] Iteration[320/1240], entropy: 0.6515, loss: 0.6515, lr: 2.97e-04
     Epoch[26] Iteration[330/1240], entropy: 0.4559, loss: 0.4559, lr: 4.98e-04
     Epoch[26] Iteration[340/1240], entropy: 0.5261, loss: 0.5261, lr: 3.56e-04
     Epoch[26] Iteration[350/1240], entropy: 0.4729, loss: 0.4729, lr: 6.78e-05
     Epoch[26] Iteration[360/1240], entropy: 0.6461, loss: 0.6461, lr: 3.09e-05
     Epoch[26] Iteration[370/1240], entropy: 0.4377, loss: 0.4377, lr: 2.97e-04
     Epoch[26] Iteration[380/1240], entropy: 0.6351, loss: 0.6351, lr: 4.98e-04
     Epoch[26] Iteration[390/1240], entropy: 0.2596, loss: 0.2596, lr: 3.56e-04
     Epoch[26] Iteration[400/1240], entropy: 0.5896, loss: 0.5896, lr: 6.78e-05
     Epoch[26] Iteration[410/1240], entropy: 0.5403, loss: 0.5403, lr: 3.09e-05
     Epoch[26] Iteration[420/1240], entropy: 0.4467, loss: 0.4467, lr: 2.97e-04
     Epoch[26] Iteration[430/1240], entropy: 0.4596, loss: 0.4596, lr: 4.98e-04
     Epoch[26] Iteration[440/1240], entropy: 0.5036, loss: 0.5036, lr: 3.56e-04
     Epoch[26] Iteration[450/1240], entropy: 0.4705, loss: 0.4705, lr: 6.78e-05
     Epoch[26] Iteration[460/1240], entropy: 0.6196, loss: 0.6196, lr: 3.09e-05
     Epoch[26] Iteration[470/1240], entropy: 0.6777, loss: 0.6777, lr: 2.97e-04
     Epoch[26] Iteration[480/1240], entropy: 0.6444, loss: 0.6444, lr: 4.98e-04
     Epoch[26] Iteration[490/1240], entropy: 0.7248, loss: 0.7248, lr: 3.56e-04
     Epoch[26] Iteration[500/1240], entropy: 0.5658, loss: 0.5658, lr: 6.78e-05
     Epoch[26] Iteration[510/1240], entropy: 0.6181, loss: 0.6181, lr: 3.09e-05
     Epoch[26] Iteration[520/1240], entropy: 0.4461, loss: 0.4461, lr: 2.97e-04
     Epoch[26] Iteration[530/1240], entropy: 0.5028, loss: 0.5028, lr: 4.98e-04
     Epoch[26] Iteration[540/1240], entropy: 0.3584, loss: 0.3584, lr: 3.56e-04
     Epoch[26] Iteration[550/1240], entropy: 0.4453, loss: 0.4453, lr: 6.78e-05
     Epoch[26] Iteration[560/1240], entropy: 0.4988, loss: 0.4988, lr: 3.09e-05
     Epoch[26] Iteration[570/1240], entropy: 0.6754, loss: 0.6754, lr: 2.97e-04
     Epoch[26] Iteration[580/1240], entropy: 0.3923, loss: 0.3923, lr: 4.98e-04
     Epoch[26] Iteration[590/1240], entropy: 0.4139, loss: 0.4139, lr: 3.56e-04
     Epoch[26] Iteration[600/1240], entropy: 0.4570, loss: 0.4570, lr: 6.78e-05
     Epoch[26] Iteration[610/1240], entropy: 0.4741, loss: 0.4741, lr: 3.09e-05
     Epoch[26] Iteration[620/1240], entropy: 0.4585, loss: 0.4585, lr: 2.97e-04
     Epoch[26] Iteration[630/1240], entropy: 0.6359, loss: 0.6359, lr: 4.98e-04
     Epoch[26] Iteration[640/1240], entropy: 0.5596, loss: 0.5596, lr: 3.56e-04
     Epoch[26] Iteration[650/1240], entropy: 0.5687, loss: 0.5687, lr: 6.78e-05
     Epoch[26] Iteration[660/1240], entropy: 0.5133, loss: 0.5133, lr: 3.09e-05
     Epoch[26] Iteration[670/1240], entropy: 0.6438, loss: 0.6438, lr: 2.97e-04
     Epoch[26] Iteration[680/1240], entropy: 0.6584, loss: 0.6584, lr: 4.98e-04
     Epoch[26] Iteration[690/1240], entropy: 0.4430, loss: 0.4430, lr: 3.56e-04
     Epoch[26] Iteration[700/1240], entropy: 0.3253, loss: 0.3253, lr: 6.78e-05
     Epoch[26] Iteration[710/1240], entropy: 0.4077, loss: 0.4077, lr: 3.09e-05
     Epoch[26] Iteration[720/1240], entropy: 0.4083, loss: 0.4083, lr: 2.97e-04
     Epoch[26] Iteration[730/1240], entropy: 0.3831, loss: 0.3831, lr: 4.98e-04
     Epoch[26] Iteration[740/1240], entropy: 0.5119, loss: 0.5119, lr: 3.56e-04
     Epoch[26] Iteration[750/1240], entropy: 0.4279, loss: 0.4279, lr: 6.78e-05
     Epoch[26] Iteration[760/1240], entropy: 0.5526, loss: 0.5526, lr: 3.09e-05
     Epoch[26] Iteration[770/1240], entropy: 0.5533, loss: 0.5533, lr: 2.97e-04
     Epoch[26] Iteration[780/1240], entropy: 0.5130, loss: 0.5130, lr: 4.92e-04
     Epoch[26] Iteration[790/1240], entropy: 0.4688, loss: 0.4688, lr: 3.84e-04
     Epoch[26] Iteration[800/1240], entropy: 0.6172, loss: 0.6172, lr: 9.06e-05
     Epoch[26] Iteration[810/1240], entropy: 0.3867, loss: 0.3867, lr: 1.76e-05
     Epoch[26] Iteration[820/1240], entropy: 0.5862, loss: 0.5862, lr: 2.66e-04
     Epoch[26] Iteration[830/1240], entropy: 0.3950, loss: 0.3950, lr: 4.92e-04
     Epoch[26] Iteration[840/1240], entropy: 0.5601, loss: 0.5601, lr: 3.84e-04
     Epoch[26] Iteration[850/1240], entropy: 0.6149, loss: 0.6149, lr: 9.06e-05
     Epoch[26] Iteration[860/1240], entropy: 0.4681, loss: 0.4681, lr: 1.76e-05
     Epoch[26] Iteration[870/1240], entropy: 0.3446, loss: 0.3446, lr: 2.66e-04
     Epoch[26] Iteration[880/1240], entropy: 0.1938, loss: 0.1938, lr: 4.92e-04
     Epoch[26] Iteration[890/1240], entropy: 0.4133, loss: 0.4133, lr: 3.84e-04
     Epoch[26] Iteration[900/1240], entropy: 0.5209, loss: 0.5209, lr: 9.06e-05
     Epoch[26] Iteration[910/1240], entropy: 0.5708, loss: 0.5708, lr: 1.76e-05
     Epoch[26] Iteration[920/1240], entropy: 0.4902, loss: 0.4902, lr: 2.66e-04
     Epoch[26] Iteration[930/1240], entropy: 0.5972, loss: 0.5972, lr: 4.92e-04
     Epoch[26] Iteration[940/1240], entropy: 0.4231, loss: 0.4231, lr: 3.84e-04
     Epoch[26] Iteration[950/1240], entropy: 0.5250, loss: 0.5250, lr: 9.06e-05
     Epoch[26] Iteration[960/1240], entropy: 0.5675, loss: 0.5675, lr: 1.76e-05
     Epoch[26] Iteration[970/1240], entropy: 0.6159, loss: 0.6159, lr: 2.66e-04
     Epoch[26] Iteration[980/1240], entropy: 0.4259, loss: 0.4259, lr: 4.92e-04
     Epoch[26] Iteration[990/1240], entropy: 0.2681, loss: 0.2681, lr: 3.84e-04
     Epoch[26] Iteration[1000/1240], entropy: 0.4565, loss: 0.4565, lr: 9.06e-05
     Epoch[26] Iteration[1010/1240], entropy: 0.5378, loss: 0.5378, lr: 1.76e-05
     Epoch[26] Iteration[1020/1240], entropy: 0.7678, loss: 0.7678, lr: 2.66e-04
     Epoch[26] Iteration[1030/1240], entropy: 0.6924, loss: 0.6924, lr: 4.92e-04
     Epoch[26] Iteration[1040/1240], entropy: 0.5584, loss: 0.5584, lr: 3.84e-04
     Epoch[26] Iteration[1050/1240], entropy: 0.3790, loss: 0.3790, lr: 9.06e-05
     Epoch[26] Iteration[1060/1240], entropy: 0.8233, loss: 0.8233, lr: 1.76e-05
     Epoch[26] Iteration[1070/1240], entropy: 0.5375, loss: 0.5375, lr: 2.66e-04
     Epoch[26] Iteration[1080/1240], entropy: 0.3972, loss: 0.3972, lr: 4.92e-04
     Epoch[26] Iteration[1090/1240], entropy: 0.5009, loss: 0.5009, lr: 3.84e-04
     Epoch[26] Iteration[1100/1240], entropy: 0.3359, loss: 0.3359, lr: 9.06e-05
     Epoch[26] Iteration[1110/1240], entropy: 0.5547, loss: 0.5547, lr: 1.76e-05
     Epoch[26] Iteration[1120/1240], entropy: 0.6347, loss: 0.6347, lr: 2.66e-04
     Epoch[26] Iteration[1130/1240], entropy: 0.3970, loss: 0.3970, lr: 4.92e-04
     Epoch[26] Iteration[1140/1240], entropy: 0.5245, loss: 0.5245, lr: 3.84e-04
     Epoch[26] Iteration[1150/1240], entropy: 0.4638, loss: 0.4638, lr: 9.06e-05
     Epoch[26] Iteration[1160/1240], entropy: 0.5045, loss: 0.5045, lr: 1.76e-05
     Epoch[26] Iteration[1170/1240], entropy: 0.5248, loss: 0.5248, lr: 2.66e-04
     Epoch[26] Iteration[1180/1240], entropy: 0.4624, loss: 0.4624, lr: 4.92e-04
     Epoch[26] Iteration[1190/1240], entropy: 0.4357, loss: 0.4357, lr: 3.84e-04
     Epoch[26] Iteration[1200/1240], entropy: 0.6671, loss: 0.6671, lr: 9.06e-05
     Epoch[26] Iteration[1210/1240], entropy: 0.4620, loss: 0.4620, lr: 1.76e-05
     Epoch[26] Iteration[1220/1240], entropy: 0.3507, loss: 0.3507, lr: 2.66e-04
     Epoch[26] Iteration[1230/1240], entropy: 0.4754, loss: 0.4754, lr: 4.92e-04
     Epoch[26] Iteration[1240/1240], entropy: 0.5735, loss: 0.5735, lr: 3.84e-04
     Averaged stats: entropy: 0.5735, loss: 0.5735, lr: 3.84e-04
     itm tta time 0:03:25
### TTA Eval Score: 
+-------+--------+--------+--------+--------+-------+
| epoch |   R1   |   R5   |  R10   |  mAP   |  mINP |
+-------+--------+--------+--------+--------+-------+
|  -999 | 60.641 | 77.509 | 83.268 | 35.542 | 6.004 |
|   0   | 6.822  | 15.508 | 20.864 | 3.247  | 0.505 |
|   1   | 2.882  | 7.426  | 10.858 | 1.526  | 0.303 |
|   2   | 1.642  | 4.993  | 7.895  | 1.068  | 0.248 |
|   3   | 1.134  | 3.602  | 6.142  | 0.825  | 0.218 |
|   4   | 0.912  | 2.801  | 4.958  | 0.683  | 0.206 |
|   5   | 0.816  | 2.484  | 4.318  | 0.629  | 0.199 |
|   6   | 0.715  | 2.267  | 3.950  | 0.570  | 0.190 |
|   7   | 0.630  | 1.904  | 3.391  | 0.516  | 0.184 |
|   8   | 0.544  | 1.950  | 3.416  | 0.504  | 0.181 |
|   9   | 0.509  | 1.854  | 3.330  | 0.496  | 0.182 |
|   10  | 0.453  | 1.894  | 3.381  | 0.490  | 0.180 |
|   11  | 0.403  | 2.000  | 3.406  | 0.483  | 0.178 |
|   12  | 0.433  | 1.920  | 3.325  | 0.478  | 0.176 |
|   13  | 0.363  | 1.955  | 3.371  | 0.467  | 0.175 |
|   14  | 0.388  | 1.945  | 3.275  | 0.459  | 0.174 |
|   15  | 0.327  | 1.910  | 3.255  | 0.455  | 0.173 |
|   16  | 0.348  | 2.046  | 3.401  | 0.471  | 0.174 |
|   17  | 0.338  | 1.955  | 3.265  | 0.455  | 0.174 |
|   18  | 0.343  | 2.156  | 3.587  | 0.474  | 0.173 |
|   19  | 0.312  | 2.056  | 3.325  | 0.453  | 0.172 |
|   20  | 0.312  | 1.985  | 3.466  | 0.451  | 0.172 |
|   21  | 0.307  | 1.960  | 3.411  | 0.445  | 0.172 |
|   22  | 0.277  | 2.086  | 3.537  | 0.461  | 0.172 |
|   23  | 0.297  | 2.136  | 3.577  | 0.458  | 0.172 |
|   24  | 0.312  | 2.232  | 3.743  | 0.468  | 0.172 |
|   25  | 0.317  | 2.177  | 3.663  | 0.463  | 0.171 |
|   26  | 0.302  | 2.373  | 3.829  | 0.479  | 0.173 |
+-------+--------+--------+--------+--------+-------+
     logs:  {'epo': 26, 'R1': 0.302, 'R5': 2.373, 'R10': 3.829, 'mAP': 0.479, 'mINP': 0.173, 'entropy': 0.5113377412480693, 'loss': 0.5113377412480693, 'lr': 0.0002516441221585733}
     Epoch[27] Iteration[10/1240], entropy: 0.5741, loss: 0.5741, lr: 9.06e-05
     Epoch[27] Iteration[20/1240], entropy: 0.4097, loss: 0.4097, lr: 1.76e-05
     Epoch[27] Iteration[30/1240], entropy: 0.4121, loss: 0.4121, lr: 2.66e-04
     Epoch[27] Iteration[40/1240], entropy: 0.3908, loss: 0.3908, lr: 4.92e-04
     Epoch[27] Iteration[50/1240], entropy: 0.5336, loss: 0.5336, lr: 3.84e-04
     Epoch[27] Iteration[60/1240], entropy: 0.3317, loss: 0.3317, lr: 9.06e-05
     Epoch[27] Iteration[70/1240], entropy: 0.4213, loss: 0.4213, lr: 1.76e-05
     Epoch[27] Iteration[80/1240], entropy: 0.6042, loss: 0.6042, lr: 2.66e-04
     Epoch[27] Iteration[90/1240], entropy: 0.6266, loss: 0.6266, lr: 4.92e-04
     Epoch[27] Iteration[100/1240], entropy: 0.4574, loss: 0.4574, lr: 3.84e-04
     Epoch[27] Iteration[110/1240], entropy: 0.5285, loss: 0.5285, lr: 9.06e-05
     Epoch[27] Iteration[120/1240], entropy: 0.6104, loss: 0.6104, lr: 1.76e-05
     Epoch[27] Iteration[130/1240], entropy: 0.5988, loss: 0.5988, lr: 2.66e-04
     Epoch[27] Iteration[140/1240], entropy: 0.4091, loss: 0.4091, lr: 4.92e-04
     Epoch[27] Iteration[150/1240], entropy: 0.4647, loss: 0.4647, lr: 3.84e-04
     Epoch[27] Iteration[160/1240], entropy: 0.3844, loss: 0.3844, lr: 9.06e-05
     Epoch[27] Iteration[170/1240], entropy: 0.5377, loss: 0.5377, lr: 1.76e-05
     Epoch[27] Iteration[180/1240], entropy: 0.3882, loss: 0.3882, lr: 2.66e-04
     Epoch[27] Iteration[190/1240], entropy: 0.4489, loss: 0.4489, lr: 4.92e-04
     Epoch[27] Iteration[200/1240], entropy: 0.3518, loss: 0.3518, lr: 3.84e-04
     Epoch[27] Iteration[210/1240], entropy: 0.4360, loss: 0.4360, lr: 9.06e-05
     Epoch[27] Iteration[220/1240], entropy: 0.5748, loss: 0.5748, lr: 1.76e-05
     Epoch[27] Iteration[230/1240], entropy: 0.5555, loss: 0.5555, lr: 2.66e-04
     Epoch[27] Iteration[240/1240], entropy: 0.4721, loss: 0.4721, lr: 4.92e-04
     Epoch[27] Iteration[250/1240], entropy: 0.3297, loss: 0.3297, lr: 3.84e-04
     Epoch[27] Iteration[260/1240], entropy: 0.2044, loss: 0.2044, lr: 9.06e-05
     Epoch[27] Iteration[270/1240], entropy: 0.3059, loss: 0.3059, lr: 1.76e-05
     Epoch[27] Iteration[280/1240], entropy: 0.4012, loss: 0.4012, lr: 2.66e-04
     Epoch[27] Iteration[290/1240], entropy: 0.4416, loss: 0.4416, lr: 4.92e-04
     Epoch[27] Iteration[300/1240], entropy: 0.5503, loss: 0.5503, lr: 3.84e-04
     Epoch[27] Iteration[310/1240], entropy: 0.6396, loss: 0.6396, lr: 9.06e-05
     Epoch[27] Iteration[320/1240], entropy: 0.5072, loss: 0.5072, lr: 1.76e-05
     Epoch[27] Iteration[330/1240], entropy: 0.5138, loss: 0.5138, lr: 2.66e-04
     Epoch[27] Iteration[340/1240], entropy: 0.3621, loss: 0.3621, lr: 4.92e-04
     Epoch[27] Iteration[350/1240], entropy: 0.4162, loss: 0.4162, lr: 3.84e-04
     Epoch[27] Iteration[360/1240], entropy: 0.4287, loss: 0.4287, lr: 9.06e-05
     Epoch[27] Iteration[370/1240], entropy: 0.4682, loss: 0.4682, lr: 1.76e-05
     Epoch[27] Iteration[380/1240], entropy: 0.5247, loss: 0.5247, lr: 2.66e-04
     Epoch[27] Iteration[390/1240], entropy: 0.4224, loss: 0.4224, lr: 4.92e-04
     Epoch[27] Iteration[400/1240], entropy: 0.5326, loss: 0.5326, lr: 3.84e-04
     Epoch[27] Iteration[410/1240], entropy: 0.5261, loss: 0.5261, lr: 9.06e-05
     Epoch[27] Iteration[420/1240], entropy: 0.5711, loss: 0.5711, lr: 1.76e-05
     Epoch[27] Iteration[430/1240], entropy: 0.4177, loss: 0.4177, lr: 2.66e-04
     Epoch[27] Iteration[440/1240], entropy: 0.3375, loss: 0.3375, lr: 4.92e-04
     Epoch[27] Iteration[450/1240], entropy: 0.4206, loss: 0.4206, lr: 3.84e-04
     Epoch[27] Iteration[460/1240], entropy: 0.4615, loss: 0.4615, lr: 9.06e-05
     Epoch[27] Iteration[470/1240], entropy: 0.3367, loss: 0.3367, lr: 1.76e-05
     Epoch[27] Iteration[480/1240], entropy: 0.5660, loss: 0.5660, lr: 2.66e-04
     Epoch[27] Iteration[490/1240], entropy: 0.2954, loss: 0.2954, lr: 4.92e-04
     Epoch[27] Iteration[500/1240], entropy: 0.3475, loss: 0.3475, lr: 3.84e-04
     Epoch[27] Iteration[510/1240], entropy: 0.3586, loss: 0.3586, lr: 9.06e-05
     Epoch[27] Iteration[520/1240], entropy: 0.5472, loss: 0.5472, lr: 1.76e-05
     Epoch[27] Iteration[530/1240], entropy: 0.5172, loss: 0.5172, lr: 2.66e-04
     Epoch[27] Iteration[540/1240], entropy: 0.5759, loss: 0.5759, lr: 4.92e-04
     Epoch[27] Iteration[550/1240], entropy: 0.4994, loss: 0.4994, lr: 3.84e-04
     Epoch[27] Iteration[560/1240], entropy: 0.4161, loss: 0.4161, lr: 9.06e-05
     Epoch[27] Iteration[570/1240], entropy: 0.5935, loss: 0.5935, lr: 1.76e-05
     Epoch[27] Iteration[580/1240], entropy: 0.5515, loss: 0.5515, lr: 2.66e-04
     Epoch[27] Iteration[590/1240], entropy: 0.4132, loss: 0.4132, lr: 4.92e-04
     Epoch[27] Iteration[600/1240], entropy: 0.4634, loss: 0.4634, lr: 3.84e-04
     Epoch[27] Iteration[610/1240], entropy: 0.5695, loss: 0.5695, lr: 9.06e-05
     Epoch[27] Iteration[620/1240], entropy: 0.7013, loss: 0.7013, lr: 1.76e-05
     Epoch[27] Iteration[630/1240], entropy: 0.5401, loss: 0.5401, lr: 2.66e-04
     Epoch[27] Iteration[640/1240], entropy: 0.6819, loss: 0.6819, lr: 4.92e-04
     Epoch[27] Iteration[650/1240], entropy: 0.4052, loss: 0.4052, lr: 3.84e-04
     Epoch[27] Iteration[660/1240], entropy: 0.6098, loss: 0.6098, lr: 9.06e-05
     Epoch[27] Iteration[670/1240], entropy: 0.4083, loss: 0.4083, lr: 1.76e-05
     Epoch[27] Iteration[680/1240], entropy: 0.3169, loss: 0.3169, lr: 2.66e-04
     Epoch[27] Iteration[690/1240], entropy: 0.4670, loss: 0.4670, lr: 4.92e-04
     Epoch[27] Iteration[700/1240], entropy: 0.4455, loss: 0.4455, lr: 3.84e-04
     Epoch[27] Iteration[710/1240], entropy: 0.5020, loss: 0.5020, lr: 9.06e-05
     Epoch[27] Iteration[720/1240], entropy: 0.4868, loss: 0.4868, lr: 1.76e-05
     Epoch[27] Iteration[730/1240], entropy: 0.4873, loss: 0.4873, lr: 2.66e-04
     Epoch[27] Iteration[740/1240], entropy: 0.6147, loss: 0.6147, lr: 4.92e-04
     Epoch[27] Iteration[750/1240], entropy: 0.5890, loss: 0.5890, lr: 3.84e-04
     Epoch[27] Iteration[760/1240], entropy: 0.4591, loss: 0.4591, lr: 9.06e-05
     Epoch[27] Iteration[770/1240], entropy: 0.6347, loss: 0.6347, lr: 1.76e-05
     Epoch[27] Iteration[780/1240], entropy: 0.4448, loss: 0.4448, lr: 2.66e-04
     Epoch[27] Iteration[790/1240], entropy: 0.4875, loss: 0.4875, lr: 4.92e-04
     Epoch[27] Iteration[800/1240], entropy: 0.6425, loss: 0.6425, lr: 3.84e-04
     Epoch[27] Iteration[810/1240], entropy: 0.5572, loss: 0.5572, lr: 9.06e-05
     Epoch[27] Iteration[820/1240], entropy: 0.3575, loss: 0.3575, lr: 1.76e-05
     Epoch[27] Iteration[830/1240], entropy: 0.5413, loss: 0.5413, lr: 2.66e-04
     Epoch[27] Iteration[840/1240], entropy: 0.4812, loss: 0.4812, lr: 4.92e-04
     Epoch[27] Iteration[850/1240], entropy: 0.4918, loss: 0.4918, lr: 3.84e-04
     Epoch[27] Iteration[860/1240], entropy: 0.4519, loss: 0.4519, lr: 9.06e-05
     Epoch[27] Iteration[870/1240], entropy: 0.3115, loss: 0.3115, lr: 1.76e-05
     Epoch[27] Iteration[880/1240], entropy: 0.3395, loss: 0.3395, lr: 2.66e-04
     Epoch[27] Iteration[890/1240], entropy: 0.4116, loss: 0.4116, lr: 4.92e-04
     Epoch[27] Iteration[900/1240], entropy: 0.6401, loss: 0.6401, lr: 3.84e-04
     Epoch[27] Iteration[910/1240], entropy: 0.4254, loss: 0.4254, lr: 9.06e-05
     Epoch[27] Iteration[920/1240], entropy: 0.4234, loss: 0.4234, lr: 1.76e-05
     Epoch[27] Iteration[930/1240], entropy: 0.4563, loss: 0.4563, lr: 2.66e-04
     Epoch[27] Iteration[940/1240], entropy: 0.4921, loss: 0.4921, lr: 4.92e-04
     Epoch[27] Iteration[950/1240], entropy: 0.5025, loss: 0.5025, lr: 3.84e-04
     Epoch[27] Iteration[960/1240], entropy: 0.3705, loss: 0.3705, lr: 9.06e-05
     Epoch[27] Iteration[970/1240], entropy: 0.5281, loss: 0.5281, lr: 1.76e-05
     Epoch[27] Iteration[980/1240], entropy: 0.4900, loss: 0.4900, lr: 2.66e-04
     Epoch[27] Iteration[990/1240], entropy: 0.4657, loss: 0.4657, lr: 4.92e-04
     Epoch[27] Iteration[1000/1240], entropy: 0.6274, loss: 0.6274, lr: 3.84e-04
     Epoch[27] Iteration[1010/1240], entropy: 0.4841, loss: 0.4841, lr: 9.06e-05
     Epoch[27] Iteration[1020/1240], entropy: 0.5949, loss: 0.5949, lr: 1.76e-05
     Epoch[27] Iteration[1030/1240], entropy: 0.4179, loss: 0.4179, lr: 2.66e-04
     Epoch[27] Iteration[1040/1240], entropy: 0.2035, loss: 0.2035, lr: 4.92e-04
     Epoch[27] Iteration[1050/1240], entropy: 0.5930, loss: 0.5930, lr: 3.84e-04
     Epoch[27] Iteration[1060/1240], entropy: 0.4520, loss: 0.4520, lr: 9.06e-05
     Epoch[27] Iteration[1070/1240], entropy: 0.5059, loss: 0.5059, lr: 1.76e-05
     Epoch[27] Iteration[1080/1240], entropy: 0.7109, loss: 0.7109, lr: 2.66e-04
     Epoch[27] Iteration[1090/1240], entropy: 0.5775, loss: 0.5775, lr: 4.92e-04
     Epoch[27] Iteration[1100/1240], entropy: 0.4654, loss: 0.4654, lr: 3.84e-04
     Epoch[27] Iteration[1110/1240], entropy: 0.4721, loss: 0.4721, lr: 9.06e-05
     Epoch[27] Iteration[1120/1240], entropy: 0.4111, loss: 0.4111, lr: 1.76e-05
     Epoch[27] Iteration[1130/1240], entropy: 0.5755, loss: 0.5755, lr: 2.66e-04
     Epoch[27] Iteration[1140/1240], entropy: 0.5833, loss: 0.5833, lr: 4.92e-04
     Epoch[27] Iteration[1150/1240], entropy: 0.6262, loss: 0.6262, lr: 3.84e-04
     Epoch[27] Iteration[1160/1240], entropy: 0.4935, loss: 0.4935, lr: 9.06e-05
     Epoch[27] Iteration[1170/1240], entropy: 0.5832, loss: 0.5832, lr: 1.76e-05
     Epoch[27] Iteration[1180/1240], entropy: 0.4809, loss: 0.4809, lr: 2.66e-04
     Epoch[27] Iteration[1190/1240], entropy: 0.4550, loss: 0.4550, lr: 4.92e-04
     Epoch[27] Iteration[1200/1240], entropy: 0.3167, loss: 0.3167, lr: 3.84e-04
     Epoch[27] Iteration[1210/1240], entropy: 0.5575, loss: 0.5575, lr: 9.06e-05
     Epoch[27] Iteration[1220/1240], entropy: 0.5108, loss: 0.5108, lr: 1.76e-05
     Epoch[27] Iteration[1230/1240], entropy: 0.4380, loss: 0.4380, lr: 2.66e-04
     Epoch[27] Iteration[1240/1240], entropy: 0.3323, loss: 0.3323, lr: 4.92e-04
     Averaged stats: entropy: 0.3323, loss: 0.3323, lr: 4.92e-04
     itm tta time 0:03:25
### TTA Eval Score: 
+-------+--------+--------+--------+--------+-------+
| epoch |   R1   |   R5   |  R10   |  mAP   |  mINP |
+-------+--------+--------+--------+--------+-------+
|  -999 | 60.641 | 77.509 | 83.268 | 35.542 | 6.004 |
|   0   | 6.822  | 15.508 | 20.864 | 3.247  | 0.505 |
|   1   | 2.882  | 7.426  | 10.858 | 1.526  | 0.303 |
|   2   | 1.642  | 4.993  | 7.895  | 1.068  | 0.248 |
|   3   | 1.134  | 3.602  | 6.142  | 0.825  | 0.218 |
|   4   | 0.912  | 2.801  | 4.958  | 0.683  | 0.206 |
|   5   | 0.816  | 2.484  | 4.318  | 0.629  | 0.199 |
|   6   | 0.715  | 2.267  | 3.950  | 0.570  | 0.190 |
|   7   | 0.630  | 1.904  | 3.391  | 0.516  | 0.184 |
|   8   | 0.544  | 1.950  | 3.416  | 0.504  | 0.181 |
|   9   | 0.509  | 1.854  | 3.330  | 0.496  | 0.182 |
|   10  | 0.453  | 1.894  | 3.381  | 0.490  | 0.180 |
|   11  | 0.403  | 2.000  | 3.406  | 0.483  | 0.178 |
|   12  | 0.433  | 1.920  | 3.325  | 0.478  | 0.176 |
|   13  | 0.363  | 1.955  | 3.371  | 0.467  | 0.175 |
|   14  | 0.388  | 1.945  | 3.275  | 0.459  | 0.174 |
|   15  | 0.327  | 1.910  | 3.255  | 0.455  | 0.173 |
|   16  | 0.348  | 2.046  | 3.401  | 0.471  | 0.174 |
|   17  | 0.338  | 1.955  | 3.265  | 0.455  | 0.174 |
|   18  | 0.343  | 2.156  | 3.587  | 0.474  | 0.173 |
|   19  | 0.312  | 2.056  | 3.325  | 0.453  | 0.172 |
|   20  | 0.312  | 1.985  | 3.466  | 0.451  | 0.172 |
|   21  | 0.307  | 1.960  | 3.411  | 0.445  | 0.172 |
|   22  | 0.277  | 2.086  | 3.537  | 0.461  | 0.172 |
|   23  | 0.297  | 2.136  | 3.577  | 0.458  | 0.172 |
|   24  | 0.312  | 2.232  | 3.743  | 0.468  | 0.172 |
|   25  | 0.317  | 2.177  | 3.663  | 0.463  | 0.171 |
|   26  | 0.302  | 2.373  | 3.829  | 0.479  | 0.173 |
|   27  | 0.292  | 2.041  | 3.456  | 0.451  | 0.171 |
+-------+--------+--------+--------+--------+-------+
     logs:  {'epo': 27, 'R1': 0.292, 'R5': 2.041, 'R10': 3.456, 'mAP': 0.451, 'mINP': 0.171, 'entropy': 0.479735323137814, 'loss': 0.479735323137814, 'lr': 0.00024891970404237486}
     Epoch[28] Iteration[10/1240], entropy: 0.5679, loss: 0.5679, lr: 3.84e-04
     Epoch[28] Iteration[20/1240], entropy: 0.5339, loss: 0.5339, lr: 9.06e-05
     Epoch[28] Iteration[30/1240], entropy: 0.6581, loss: 0.6581, lr: 1.76e-05
     Epoch[28] Iteration[40/1240], entropy: 0.6048, loss: 0.6048, lr: 2.66e-04
     Epoch[28] Iteration[50/1240], entropy: 0.4651, loss: 0.4651, lr: 4.92e-04
     Epoch[28] Iteration[60/1240], entropy: 0.2939, loss: 0.2939, lr: 3.84e-04
     Epoch[28] Iteration[70/1240], entropy: 0.3941, loss: 0.3941, lr: 9.06e-05
     Epoch[28] Iteration[80/1240], entropy: 0.5630, loss: 0.5630, lr: 1.76e-05
     Epoch[28] Iteration[90/1240], entropy: 0.3885, loss: 0.3885, lr: 2.66e-04
     Epoch[28] Iteration[100/1240], entropy: 0.4562, loss: 0.4562, lr: 4.92e-04
     Epoch[28] Iteration[110/1240], entropy: 0.5547, loss: 0.5547, lr: 3.84e-04
     Epoch[28] Iteration[120/1240], entropy: 0.4061, loss: 0.4061, lr: 9.06e-05
     Epoch[28] Iteration[130/1240], entropy: 0.5517, loss: 0.5517, lr: 1.76e-05
     Epoch[28] Iteration[140/1240], entropy: 0.4787, loss: 0.4787, lr: 2.66e-04
     Epoch[28] Iteration[150/1240], entropy: 0.5396, loss: 0.5396, lr: 4.92e-04
     Epoch[28] Iteration[160/1240], entropy: 0.3582, loss: 0.3582, lr: 3.84e-04
     Epoch[28] Iteration[170/1240], entropy: 0.3519, loss: 0.3519, lr: 9.06e-05
     Epoch[28] Iteration[180/1240], entropy: 0.7090, loss: 0.7090, lr: 1.76e-05
     Epoch[28] Iteration[190/1240], entropy: 0.4789, loss: 0.4789, lr: 2.66e-04
     Epoch[28] Iteration[200/1240], entropy: 0.5505, loss: 0.5505, lr: 4.92e-04
     Epoch[28] Iteration[210/1240], entropy: 0.4138, loss: 0.4138, lr: 3.84e-04
     Epoch[28] Iteration[220/1240], entropy: 0.5608, loss: 0.5608, lr: 9.06e-05
     Epoch[28] Iteration[230/1240], entropy: 0.4628, loss: 0.4628, lr: 1.76e-05
     Epoch[28] Iteration[240/1240], entropy: 0.4180, loss: 0.4180, lr: 2.66e-04
     Epoch[28] Iteration[250/1240], entropy: 0.4261, loss: 0.4261, lr: 4.92e-04
     Epoch[28] Iteration[260/1240], entropy: 0.3692, loss: 0.3692, lr: 3.84e-04
     Epoch[28] Iteration[270/1240], entropy: 0.5810, loss: 0.5810, lr: 9.06e-05
     Epoch[28] Iteration[280/1240], entropy: 0.3934, loss: 0.3934, lr: 1.76e-05
     Epoch[28] Iteration[290/1240], entropy: 0.5830, loss: 0.5830, lr: 2.66e-04
     Epoch[28] Iteration[300/1240], entropy: 0.4814, loss: 0.4814, lr: 4.82e-04
     Epoch[28] Iteration[310/1240], entropy: 0.4272, loss: 0.4272, lr: 4.09e-04
     Epoch[28] Iteration[320/1240], entropy: 0.5057, loss: 0.5057, lr: 1.16e-04
     Epoch[28] Iteration[330/1240], entropy: 0.4686, loss: 0.4686, lr: 7.85e-06
     Epoch[28] Iteration[340/1240], entropy: 0.4793, loss: 0.4793, lr: 2.34e-04
     Epoch[28] Iteration[350/1240], entropy: 0.6945, loss: 0.6945, lr: 4.82e-04
     Epoch[28] Iteration[360/1240], entropy: 0.4418, loss: 0.4418, lr: 4.09e-04
     Epoch[28] Iteration[370/1240], entropy: 0.6168, loss: 0.6168, lr: 1.16e-04
     Epoch[28] Iteration[380/1240], entropy: 0.3145, loss: 0.3145, lr: 7.85e-06
     Epoch[28] Iteration[390/1240], entropy: 0.6070, loss: 0.6070, lr: 2.34e-04
     Epoch[28] Iteration[400/1240], entropy: 0.5651, loss: 0.5651, lr: 4.82e-04
     Epoch[28] Iteration[410/1240], entropy: 0.4684, loss: 0.4684, lr: 4.09e-04
     Epoch[28] Iteration[420/1240], entropy: 0.6461, loss: 0.6461, lr: 1.16e-04
     Epoch[28] Iteration[430/1240], entropy: 0.2091, loss: 0.2091, lr: 7.85e-06
     Epoch[28] Iteration[440/1240], entropy: 0.5341, loss: 0.5341, lr: 2.34e-04
     Epoch[28] Iteration[450/1240], entropy: 0.6923, loss: 0.6923, lr: 4.82e-04
     Epoch[28] Iteration[460/1240], entropy: 0.4422, loss: 0.4422, lr: 4.09e-04
     Epoch[28] Iteration[470/1240], entropy: 0.5536, loss: 0.5536, lr: 1.16e-04
     Epoch[28] Iteration[480/1240], entropy: 0.4192, loss: 0.4192, lr: 7.85e-06
     Epoch[28] Iteration[490/1240], entropy: 0.6064, loss: 0.6064, lr: 2.34e-04
     Epoch[28] Iteration[500/1240], entropy: 0.6429, loss: 0.6429, lr: 4.82e-04
     Epoch[28] Iteration[510/1240], entropy: 0.4970, loss: 0.4970, lr: 4.09e-04
     Epoch[28] Iteration[520/1240], entropy: 0.4672, loss: 0.4672, lr: 1.16e-04
     Epoch[28] Iteration[530/1240], entropy: 0.5296, loss: 0.5296, lr: 7.85e-06
     Epoch[28] Iteration[540/1240], entropy: 0.6615, loss: 0.6615, lr: 2.34e-04
     Epoch[28] Iteration[550/1240], entropy: 0.3759, loss: 0.3759, lr: 4.82e-04
     Epoch[28] Iteration[560/1240], entropy: 0.4240, loss: 0.4240, lr: 4.09e-04
     Epoch[28] Iteration[570/1240], entropy: 0.4673, loss: 0.4673, lr: 1.16e-04
     Epoch[28] Iteration[580/1240], entropy: 0.5651, loss: 0.5651, lr: 7.85e-06
     Epoch[28] Iteration[590/1240], entropy: 0.5864, loss: 0.5864, lr: 2.34e-04
     Epoch[28] Iteration[600/1240], entropy: 0.2822, loss: 0.2822, lr: 4.82e-04
     Epoch[28] Iteration[610/1240], entropy: 0.5402, loss: 0.5402, lr: 4.09e-04
     Epoch[28] Iteration[620/1240], entropy: 0.4862, loss: 0.4862, lr: 1.16e-04
     Epoch[28] Iteration[630/1240], entropy: 0.2533, loss: 0.2533, lr: 7.85e-06
     Epoch[28] Iteration[640/1240], entropy: 0.4799, loss: 0.4799, lr: 2.34e-04
     Epoch[28] Iteration[650/1240], entropy: 0.4761, loss: 0.4761, lr: 4.82e-04
     Epoch[28] Iteration[660/1240], entropy: 0.5005, loss: 0.5005, lr: 4.09e-04
     Epoch[28] Iteration[670/1240], entropy: 0.3513, loss: 0.3513, lr: 1.16e-04
     Epoch[28] Iteration[680/1240], entropy: 0.6378, loss: 0.6378, lr: 7.85e-06
     Epoch[28] Iteration[690/1240], entropy: 0.4390, loss: 0.4390, lr: 2.34e-04
     Epoch[28] Iteration[700/1240], entropy: 0.5365, loss: 0.5365, lr: 4.82e-04
     Epoch[28] Iteration[710/1240], entropy: 0.5011, loss: 0.5011, lr: 4.09e-04
     Epoch[28] Iteration[720/1240], entropy: 0.5256, loss: 0.5256, lr: 1.16e-04
     Epoch[28] Iteration[730/1240], entropy: 0.4325, loss: 0.4325, lr: 7.85e-06
     Epoch[28] Iteration[740/1240], entropy: 0.3601, loss: 0.3601, lr: 2.34e-04
     Epoch[28] Iteration[750/1240], entropy: 0.5685, loss: 0.5685, lr: 4.82e-04
     Epoch[28] Iteration[760/1240], entropy: 0.6023, loss: 0.6023, lr: 4.09e-04
     Epoch[28] Iteration[770/1240], entropy: 0.6917, loss: 0.6917, lr: 1.16e-04
     Epoch[28] Iteration[780/1240], entropy: 0.4667, loss: 0.4667, lr: 7.85e-06
     Epoch[28] Iteration[790/1240], entropy: 0.3083, loss: 0.3083, lr: 2.34e-04
     Epoch[28] Iteration[800/1240], entropy: 0.3324, loss: 0.3324, lr: 4.82e-04
     Epoch[28] Iteration[810/1240], entropy: 0.5654, loss: 0.5654, lr: 4.09e-04
     Epoch[28] Iteration[820/1240], entropy: 0.4812, loss: 0.4812, lr: 1.16e-04
     Epoch[28] Iteration[830/1240], entropy: 0.5277, loss: 0.5277, lr: 7.85e-06
     Epoch[28] Iteration[840/1240], entropy: 0.5028, loss: 0.5028, lr: 2.34e-04
     Epoch[28] Iteration[850/1240], entropy: 0.3155, loss: 0.3155, lr: 4.82e-04
     Epoch[28] Iteration[860/1240], entropy: 0.5696, loss: 0.5696, lr: 4.09e-04
     Epoch[28] Iteration[870/1240], entropy: 0.6518, loss: 0.6518, lr: 1.16e-04
     Epoch[28] Iteration[880/1240], entropy: 0.6532, loss: 0.6532, lr: 7.85e-06
     Epoch[28] Iteration[890/1240], entropy: 0.4437, loss: 0.4437, lr: 2.34e-04
     Epoch[28] Iteration[900/1240], entropy: 0.7517, loss: 0.7517, lr: 4.82e-04
     Epoch[28] Iteration[910/1240], entropy: 0.5738, loss: 0.5738, lr: 4.09e-04
     Epoch[28] Iteration[920/1240], entropy: 0.5033, loss: 0.5033, lr: 1.16e-04
     Epoch[28] Iteration[930/1240], entropy: 0.6785, loss: 0.6785, lr: 7.85e-06
     Epoch[28] Iteration[940/1240], entropy: 0.5484, loss: 0.5484, lr: 2.34e-04
     Epoch[28] Iteration[950/1240], entropy: 0.5924, loss: 0.5924, lr: 4.82e-04
     Epoch[28] Iteration[960/1240], entropy: 0.4625, loss: 0.4625, lr: 4.09e-04
     Epoch[28] Iteration[970/1240], entropy: 0.4970, loss: 0.4970, lr: 1.16e-04
     Epoch[28] Iteration[980/1240], entropy: 0.7299, loss: 0.7299, lr: 7.85e-06
     Epoch[28] Iteration[990/1240], entropy: 0.6144, loss: 0.6144, lr: 2.34e-04
     Epoch[28] Iteration[1000/1240], entropy: 0.5596, loss: 0.5596, lr: 4.82e-04
     Epoch[28] Iteration[1010/1240], entropy: 0.2210, loss: 0.2210, lr: 4.09e-04
     Epoch[28] Iteration[1020/1240], entropy: 0.4077, loss: 0.4077, lr: 1.16e-04
     Epoch[28] Iteration[1030/1240], entropy: 0.5422, loss: 0.5422, lr: 7.85e-06
     Epoch[28] Iteration[1040/1240], entropy: 0.3391, loss: 0.3391, lr: 2.34e-04
     Epoch[28] Iteration[1050/1240], entropy: 0.6970, loss: 0.6970, lr: 4.82e-04
     Epoch[28] Iteration[1060/1240], entropy: 0.5509, loss: 0.5509, lr: 4.09e-04
     Epoch[28] Iteration[1070/1240], entropy: 0.6020, loss: 0.6020, lr: 1.16e-04
     Epoch[28] Iteration[1080/1240], entropy: 0.4270, loss: 0.4270, lr: 7.85e-06
     Epoch[28] Iteration[1090/1240], entropy: 0.5902, loss: 0.5902, lr: 2.34e-04
     Epoch[28] Iteration[1100/1240], entropy: 0.4261, loss: 0.4261, lr: 4.82e-04
     Epoch[28] Iteration[1110/1240], entropy: 0.3877, loss: 0.3877, lr: 4.09e-04
     Epoch[28] Iteration[1120/1240], entropy: 0.5424, loss: 0.5424, lr: 1.16e-04
     Epoch[28] Iteration[1130/1240], entropy: 0.5149, loss: 0.5149, lr: 7.85e-06
     Epoch[28] Iteration[1140/1240], entropy: 0.5480, loss: 0.5480, lr: 2.34e-04
     Epoch[28] Iteration[1150/1240], entropy: 0.5518, loss: 0.5518, lr: 4.82e-04
     Epoch[28] Iteration[1160/1240], entropy: 0.5191, loss: 0.5191, lr: 4.09e-04
     Epoch[28] Iteration[1170/1240], entropy: 0.3228, loss: 0.3228, lr: 1.16e-04
     Epoch[28] Iteration[1180/1240], entropy: 0.5905, loss: 0.5905, lr: 7.85e-06
     Epoch[28] Iteration[1190/1240], entropy: 0.3792, loss: 0.3792, lr: 2.34e-04
     Epoch[28] Iteration[1200/1240], entropy: 0.5535, loss: 0.5535, lr: 4.82e-04
     Epoch[28] Iteration[1210/1240], entropy: 0.5085, loss: 0.5085, lr: 4.09e-04
     Epoch[28] Iteration[1220/1240], entropy: 0.2676, loss: 0.2676, lr: 1.16e-04
     Epoch[28] Iteration[1230/1240], entropy: 0.3857, loss: 0.3857, lr: 7.85e-06
     Epoch[28] Iteration[1240/1240], entropy: 0.2734, loss: 0.2734, lr: 2.34e-04
     Averaged stats: entropy: 0.2734, loss: 0.2734, lr: 2.34e-04
     itm tta time 0:03:26
### TTA Eval Score: 
+-------+--------+--------+--------+--------+-------+
| epoch |   R1   |   R5   |  R10   |  mAP   |  mINP |
+-------+--------+--------+--------+--------+-------+
|  -999 | 60.641 | 77.509 | 83.268 | 35.542 | 6.004 |
|   0   | 6.822  | 15.508 | 20.864 | 3.247  | 0.505 |
|   1   | 2.882  | 7.426  | 10.858 | 1.526  | 0.303 |
|   2   | 1.642  | 4.993  | 7.895  | 1.068  | 0.248 |
|   3   | 1.134  | 3.602  | 6.142  | 0.825  | 0.218 |
|   4   | 0.912  | 2.801  | 4.958  | 0.683  | 0.206 |
|   5   | 0.816  | 2.484  | 4.318  | 0.629  | 0.199 |
|   6   | 0.715  | 2.267  | 3.950  | 0.570  | 0.190 |
|   7   | 0.630  | 1.904  | 3.391  | 0.516  | 0.184 |
|   8   | 0.544  | 1.950  | 3.416  | 0.504  | 0.181 |
|   9   | 0.509  | 1.854  | 3.330  | 0.496  | 0.182 |
|   10  | 0.453  | 1.894  | 3.381  | 0.490  | 0.180 |
|   11  | 0.403  | 2.000  | 3.406  | 0.483  | 0.178 |
|   12  | 0.433  | 1.920  | 3.325  | 0.478  | 0.176 |
|   13  | 0.363  | 1.955  | 3.371  | 0.467  | 0.175 |
|   14  | 0.388  | 1.945  | 3.275  | 0.459  | 0.174 |
|   15  | 0.327  | 1.910  | 3.255  | 0.455  | 0.173 |
|   16  | 0.348  | 2.046  | 3.401  | 0.471  | 0.174 |
|   17  | 0.338  | 1.955  | 3.265  | 0.455  | 0.174 |
|   18  | 0.343  | 2.156  | 3.587  | 0.474  | 0.173 |
|   19  | 0.312  | 2.056  | 3.325  | 0.453  | 0.172 |
|   20  | 0.312  | 1.985  | 3.466  | 0.451  | 0.172 |
|   21  | 0.307  | 1.960  | 3.411  | 0.445  | 0.172 |
|   22  | 0.277  | 2.086  | 3.537  | 0.461  | 0.172 |
|   23  | 0.297  | 2.136  | 3.577  | 0.458  | 0.172 |
|   24  | 0.312  | 2.232  | 3.743  | 0.468  | 0.172 |
|   25  | 0.317  | 2.177  | 3.663  | 0.463  | 0.171 |
|   26  | 0.302  | 2.373  | 3.829  | 0.479  | 0.173 |
|   27  | 0.292  | 2.041  | 3.456  | 0.451  | 0.171 |
|   28  | 0.287  | 2.267  | 3.612  | 0.459  | 0.171 |
+-------+--------+--------+--------+--------+-------+
     logs:  {'epo': 28, 'R1': 0.287, 'R5': 2.267, 'R10': 3.612, 'mAP': 0.459, 'mINP': 0.171, 'entropy': 0.49714574566291225, 'loss': 0.49714574566291225, 'lr': 0.00024804721136869516}
     Epoch[29] Iteration[10/1240], entropy: 0.5297, loss: 0.5297, lr: 4.82e-04
     Epoch[29] Iteration[20/1240], entropy: 0.4078, loss: 0.4078, lr: 4.09e-04
     Epoch[29] Iteration[30/1240], entropy: 0.5693, loss: 0.5693, lr: 1.16e-04
     Epoch[29] Iteration[40/1240], entropy: 0.4579, loss: 0.4579, lr: 7.85e-06
     Epoch[29] Iteration[50/1240], entropy: 0.6701, loss: 0.6701, lr: 2.34e-04
     Epoch[29] Iteration[60/1240], entropy: 0.5286, loss: 0.5286, lr: 4.82e-04
     Epoch[29] Iteration[70/1240], entropy: 0.4712, loss: 0.4712, lr: 4.09e-04
     Epoch[29] Iteration[80/1240], entropy: 0.6136, loss: 0.6136, lr: 1.16e-04
     Epoch[29] Iteration[90/1240], entropy: 0.4795, loss: 0.4795, lr: 7.85e-06
     Epoch[29] Iteration[100/1240], entropy: 0.3212, loss: 0.3212, lr: 2.34e-04
     Epoch[29] Iteration[110/1240], entropy: 0.4132, loss: 0.4132, lr: 4.82e-04
     Epoch[29] Iteration[120/1240], entropy: 0.4364, loss: 0.4364, lr: 4.09e-04
     Epoch[29] Iteration[130/1240], entropy: 0.3038, loss: 0.3038, lr: 1.16e-04
     Epoch[29] Iteration[140/1240], entropy: 0.5581, loss: 0.5581, lr: 7.85e-06
     Epoch[29] Iteration[150/1240], entropy: 0.3114, loss: 0.3114, lr: 2.34e-04
     Epoch[29] Iteration[160/1240], entropy: 0.5002, loss: 0.5002, lr: 4.82e-04
     Epoch[29] Iteration[170/1240], entropy: 0.5538, loss: 0.5538, lr: 4.09e-04
     Epoch[29] Iteration[180/1240], entropy: 0.4950, loss: 0.4950, lr: 1.16e-04
     Epoch[29] Iteration[190/1240], entropy: 0.3694, loss: 0.3694, lr: 7.85e-06
     Epoch[29] Iteration[200/1240], entropy: 0.4769, loss: 0.4769, lr: 2.34e-04
     Epoch[29] Iteration[210/1240], entropy: 0.4404, loss: 0.4404, lr: 4.82e-04
     Epoch[29] Iteration[220/1240], entropy: 0.5568, loss: 0.5568, lr: 4.09e-04
     Epoch[29] Iteration[230/1240], entropy: 0.3255, loss: 0.3255, lr: 1.16e-04
     Epoch[29] Iteration[240/1240], entropy: 0.4686, loss: 0.4686, lr: 7.85e-06
     Epoch[29] Iteration[250/1240], entropy: 0.4617, loss: 0.4617, lr: 2.34e-04
     Epoch[29] Iteration[260/1240], entropy: 0.4972, loss: 0.4972, lr: 4.82e-04
     Epoch[29] Iteration[270/1240], entropy: 0.5070, loss: 0.5070, lr: 4.09e-04
     Epoch[29] Iteration[280/1240], entropy: 0.5584, loss: 0.5584, lr: 1.16e-04
     Epoch[29] Iteration[290/1240], entropy: 0.5406, loss: 0.5406, lr: 7.85e-06
     Epoch[29] Iteration[300/1240], entropy: 0.4188, loss: 0.4188, lr: 2.34e-04
     Epoch[29] Iteration[310/1240], entropy: 0.6336, loss: 0.6336, lr: 4.82e-04
     Epoch[29] Iteration[320/1240], entropy: 0.4903, loss: 0.4903, lr: 4.09e-04
     Epoch[29] Iteration[330/1240], entropy: 0.6865, loss: 0.6865, lr: 1.16e-04
     Epoch[29] Iteration[340/1240], entropy: 0.5269, loss: 0.5269, lr: 7.85e-06
     Epoch[29] Iteration[350/1240], entropy: 0.4755, loss: 0.4755, lr: 2.34e-04
     Epoch[29] Iteration[360/1240], entropy: 0.5046, loss: 0.5046, lr: 4.82e-04
     Epoch[29] Iteration[370/1240], entropy: 0.4763, loss: 0.4763, lr: 4.09e-04
     Epoch[29] Iteration[380/1240], entropy: 0.5139, loss: 0.5139, lr: 1.16e-04
     Epoch[29] Iteration[390/1240], entropy: 0.3784, loss: 0.3784, lr: 7.85e-06
     Epoch[29] Iteration[400/1240], entropy: 0.5074, loss: 0.5074, lr: 2.34e-04
     Epoch[29] Iteration[410/1240], entropy: 0.3574, loss: 0.3574, lr: 4.82e-04
     Epoch[29] Iteration[420/1240], entropy: 0.3335, loss: 0.3335, lr: 4.09e-04
     Epoch[29] Iteration[430/1240], entropy: 0.6067, loss: 0.6067, lr: 1.16e-04
     Epoch[29] Iteration[440/1240], entropy: 0.3557, loss: 0.3557, lr: 7.85e-06
     Epoch[29] Iteration[450/1240], entropy: 0.4526, loss: 0.4526, lr: 2.34e-04
     Epoch[29] Iteration[460/1240], entropy: 0.5557, loss: 0.5557, lr: 4.82e-04
     Epoch[29] Iteration[470/1240], entropy: 0.6750, loss: 0.6750, lr: 4.09e-04
     Epoch[29] Iteration[480/1240], entropy: 0.3925, loss: 0.3925, lr: 1.16e-04
     Epoch[29] Iteration[490/1240], entropy: 0.4783, loss: 0.4783, lr: 7.85e-06
     Epoch[29] Iteration[500/1240], entropy: 0.5399, loss: 0.5399, lr: 2.34e-04
     Epoch[29] Iteration[510/1240], entropy: 0.5970, loss: 0.5970, lr: 4.82e-04
     Epoch[29] Iteration[520/1240], entropy: 0.5986, loss: 0.5986, lr: 4.09e-04
     Epoch[29] Iteration[530/1240], entropy: 0.4381, loss: 0.4381, lr: 1.16e-04
     Epoch[29] Iteration[540/1240], entropy: 0.3242, loss: 0.3242, lr: 7.85e-06
     Epoch[29] Iteration[550/1240], entropy: 0.6025, loss: 0.6025, lr: 2.34e-04
     Epoch[29] Iteration[560/1240], entropy: 0.4153, loss: 0.4153, lr: 4.82e-04
     Epoch[29] Iteration[570/1240], entropy: 0.4753, loss: 0.4753, lr: 4.09e-04
     Epoch[29] Iteration[580/1240], entropy: 0.7121, loss: 0.7121, lr: 1.16e-04
     Epoch[29] Iteration[590/1240], entropy: 0.5537, loss: 0.5537, lr: 7.85e-06
     Epoch[29] Iteration[600/1240], entropy: 0.3654, loss: 0.3654, lr: 2.34e-04
     Epoch[29] Iteration[610/1240], entropy: 0.5611, loss: 0.5611, lr: 4.82e-04
     Epoch[29] Iteration[620/1240], entropy: 0.5163, loss: 0.5163, lr: 4.09e-04
     Epoch[29] Iteration[630/1240], entropy: 0.3417, loss: 0.3417, lr: 1.16e-04
     Epoch[29] Iteration[640/1240], entropy: 0.5532, loss: 0.5532, lr: 7.85e-06
     Epoch[29] Iteration[650/1240], entropy: 0.4702, loss: 0.4702, lr: 2.34e-04
     Epoch[29] Iteration[660/1240], entropy: 0.7809, loss: 0.7809, lr: 4.82e-04
     Epoch[29] Iteration[670/1240], entropy: 0.4752, loss: 0.4752, lr: 4.09e-04
     Epoch[29] Iteration[680/1240], entropy: 0.5099, loss: 0.5099, lr: 1.16e-04
     Epoch[29] Iteration[690/1240], entropy: 0.5970, loss: 0.5970, lr: 7.85e-06
     Epoch[29] Iteration[700/1240], entropy: 0.6204, loss: 0.6204, lr: 2.34e-04
     Epoch[29] Iteration[710/1240], entropy: 0.6052, loss: 0.6052, lr: 4.82e-04
     Epoch[29] Iteration[720/1240], entropy: 0.6230, loss: 0.6230, lr: 4.09e-04
     Epoch[29] Iteration[730/1240], entropy: 0.5238, loss: 0.5238, lr: 1.16e-04
     Epoch[29] Iteration[740/1240], entropy: 0.4792, loss: 0.4792, lr: 7.85e-06
     Epoch[29] Iteration[750/1240], entropy: 0.3502, loss: 0.3502, lr: 2.34e-04
     Epoch[29] Iteration[760/1240], entropy: 0.4660, loss: 0.4660, lr: 4.82e-04
     Epoch[29] Iteration[770/1240], entropy: 0.3991, loss: 0.3991, lr: 4.09e-04
     Epoch[29] Iteration[780/1240], entropy: 0.5911, loss: 0.5911, lr: 1.16e-04
     Epoch[29] Iteration[790/1240], entropy: 0.4662, loss: 0.4662, lr: 7.85e-06
     Epoch[29] Iteration[800/1240], entropy: 0.5930, loss: 0.5930, lr: 2.34e-04
     Epoch[29] Iteration[810/1240], entropy: 0.5928, loss: 0.5928, lr: 4.82e-04
     Epoch[29] Iteration[820/1240], entropy: 0.5993, loss: 0.5993, lr: 4.09e-04
     Epoch[29] Iteration[830/1240], entropy: 0.6184, loss: 0.6184, lr: 1.16e-04
     Epoch[29] Iteration[840/1240], entropy: 0.4819, loss: 0.4819, lr: 7.85e-06
     Epoch[29] Iteration[850/1240], entropy: 0.4159, loss: 0.4159, lr: 2.34e-04
     Epoch[29] Iteration[860/1240], entropy: 0.5016, loss: 0.5016, lr: 4.82e-04
     Epoch[29] Iteration[870/1240], entropy: 0.5023, loss: 0.5023, lr: 4.09e-04
     Epoch[29] Iteration[880/1240], entropy: 0.3953, loss: 0.3953, lr: 1.16e-04
     Epoch[29] Iteration[890/1240], entropy: 0.5981, loss: 0.5981, lr: 7.85e-06
     Epoch[29] Iteration[900/1240], entropy: 0.5689, loss: 0.5689, lr: 2.34e-04
     Epoch[29] Iteration[910/1240], entropy: 0.7368, loss: 0.7368, lr: 4.82e-04
     Epoch[29] Iteration[920/1240], entropy: 0.4427, loss: 0.4427, lr: 4.09e-04
     Epoch[29] Iteration[930/1240], entropy: 0.4602, loss: 0.4602, lr: 1.16e-04
     Epoch[29] Iteration[940/1240], entropy: 0.3746, loss: 0.3746, lr: 7.85e-06
     Epoch[29] Iteration[950/1240], entropy: 0.5197, loss: 0.5197, lr: 2.34e-04
     Epoch[29] Iteration[960/1240], entropy: 0.5952, loss: 0.5952, lr: 4.82e-04
     Epoch[29] Iteration[970/1240], entropy: 0.5603, loss: 0.5603, lr: 4.09e-04
     Epoch[29] Iteration[980/1240], entropy: 0.8010, loss: 0.8010, lr: 1.16e-04
     Epoch[29] Iteration[990/1240], entropy: 0.6829, loss: 0.6829, lr: 7.85e-06
     Epoch[29] Iteration[1000/1240], entropy: 0.5099, loss: 0.5099, lr: 2.34e-04
     Epoch[29] Iteration[1010/1240], entropy: 0.5915, loss: 0.5915, lr: 4.82e-04
     Epoch[29] Iteration[1020/1240], entropy: 0.4041, loss: 0.4041, lr: 4.09e-04
     Epoch[29] Iteration[1030/1240], entropy: 0.4390, loss: 0.4390, lr: 1.16e-04
     Epoch[29] Iteration[1040/1240], entropy: 0.3526, loss: 0.3526, lr: 7.85e-06
     Epoch[29] Iteration[1050/1240], entropy: 0.4052, loss: 0.4052, lr: 2.34e-04
     Epoch[29] Iteration[1060/1240], entropy: 0.4895, loss: 0.4895, lr: 4.69e-04
     Epoch[29] Iteration[1070/1240], entropy: 0.5111, loss: 0.5111, lr: 4.32e-04
     Epoch[29] Iteration[1080/1240], entropy: 0.5243, loss: 0.5243, lr: 1.44e-04
     Epoch[29] Iteration[1090/1240], entropy: 0.4197, loss: 0.4197, lr: 1.97e-06
     Epoch[29] Iteration[1100/1240], entropy: 0.5940, loss: 0.5940, lr: 2.03e-04
     Epoch[29] Iteration[1110/1240], entropy: 0.3605, loss: 0.3605, lr: 4.69e-04
     Epoch[29] Iteration[1120/1240], entropy: 0.4291, loss: 0.4291, lr: 4.32e-04
     Epoch[29] Iteration[1130/1240], entropy: 0.5196, loss: 0.5196, lr: 1.44e-04
     Epoch[29] Iteration[1140/1240], entropy: 0.4235, loss: 0.4235, lr: 1.97e-06
     Epoch[29] Iteration[1150/1240], entropy: 0.3134, loss: 0.3134, lr: 2.03e-04
     Epoch[29] Iteration[1160/1240], entropy: 0.3644, loss: 0.3644, lr: 4.69e-04
     Epoch[29] Iteration[1170/1240], entropy: 0.4681, loss: 0.4681, lr: 4.32e-04
     Epoch[29] Iteration[1180/1240], entropy: 0.4568, loss: 0.4568, lr: 1.44e-04
     Epoch[29] Iteration[1190/1240], entropy: 0.6412, loss: 0.6412, lr: 1.97e-06
     Epoch[29] Iteration[1200/1240], entropy: 0.4428, loss: 0.4428, lr: 2.03e-04
     Epoch[29] Iteration[1210/1240], entropy: 0.4612, loss: 0.4612, lr: 4.69e-04
     Epoch[29] Iteration[1220/1240], entropy: 0.2845, loss: 0.2845, lr: 4.32e-04
     Epoch[29] Iteration[1230/1240], entropy: 0.6018, loss: 0.6018, lr: 1.44e-04
     Epoch[29] Iteration[1240/1240], entropy: 0.4881, loss: 0.4881, lr: 1.97e-06
     Averaged stats: entropy: 0.4881, loss: 0.4881, lr: 1.97e-06
     itm tta time 0:03:25
### TTA Eval Score: 
+-------+--------+--------+--------+--------+-------+
| epoch |   R1   |   R5   |  R10   |  mAP   |  mINP |
+-------+--------+--------+--------+--------+-------+
|  -999 | 60.641 | 77.509 | 83.268 | 35.542 | 6.004 |
|   0   | 6.822  | 15.508 | 20.864 | 3.247  | 0.505 |
|   1   | 2.882  | 7.426  | 10.858 | 1.526  | 0.303 |
|   2   | 1.642  | 4.993  | 7.895  | 1.068  | 0.248 |
|   3   | 1.134  | 3.602  | 6.142  | 0.825  | 0.218 |
|   4   | 0.912  | 2.801  | 4.958  | 0.683  | 0.206 |
|   5   | 0.816  | 2.484  | 4.318  | 0.629  | 0.199 |
|   6   | 0.715  | 2.267  | 3.950  | 0.570  | 0.190 |
|   7   | 0.630  | 1.904  | 3.391  | 0.516  | 0.184 |
|   8   | 0.544  | 1.950  | 3.416  | 0.504  | 0.181 |
|   9   | 0.509  | 1.854  | 3.330  | 0.496  | 0.182 |
|   10  | 0.453  | 1.894  | 3.381  | 0.490  | 0.180 |
|   11  | 0.403  | 2.000  | 3.406  | 0.483  | 0.178 |
|   12  | 0.433  | 1.920  | 3.325  | 0.478  | 0.176 |
|   13  | 0.363  | 1.955  | 3.371  | 0.467  | 0.175 |
|   14  | 0.388  | 1.945  | 3.275  | 0.459  | 0.174 |
|   15  | 0.327  | 1.910  | 3.255  | 0.455  | 0.173 |
|   16  | 0.348  | 2.046  | 3.401  | 0.471  | 0.174 |
|   17  | 0.338  | 1.955  | 3.265  | 0.455  | 0.174 |
|   18  | 0.343  | 2.156  | 3.587  | 0.474  | 0.173 |
|   19  | 0.312  | 2.056  | 3.325  | 0.453  | 0.172 |
|   20  | 0.312  | 1.985  | 3.466  | 0.451  | 0.172 |
|   21  | 0.307  | 1.960  | 3.411  | 0.445  | 0.172 |
|   22  | 0.277  | 2.086  | 3.537  | 0.461  | 0.172 |
|   23  | 0.297  | 2.136  | 3.577  | 0.458  | 0.172 |
|   24  | 0.312  | 2.232  | 3.743  | 0.468  | 0.172 |
|   25  | 0.317  | 2.177  | 3.663  | 0.463  | 0.171 |
|   26  | 0.302  | 2.373  | 3.829  | 0.479  | 0.173 |
|   27  | 0.292  | 2.041  | 3.456  | 0.451  | 0.171 |
|   28  | 0.287  | 2.267  | 3.612  | 0.459  | 0.171 |
|   29  | 0.302  | 2.212  | 3.673  | 0.458  | 0.170 |
+-------+--------+--------+--------+--------+-------+
     logs:  {'epo': 29, 'R1': 0.302, 'R5': 2.212, 'R10': 3.673, 'mAP': 0.458, 'mINP': 0.17, 'entropy': 0.4978345534013164, 'loss': 0.4978345534013164, 'lr': 0.0002503777849084415}
### best epoch 0 : {'epo': '0', 'R1': '6.822', 'R5': '15.508', 'R10': '20.864', 'mAP': '3.247', 'mINP': '0.505', 'entropy': '0.7496036310349742', 'loss': '0.7496036310349742', 'lr': '0.00024853030518665037'}
### Time 2:14:08
