/home/jiahao/miniconda3/envs/irra/lib/python3.9/site-packages/torch/nn/functional.py:3609: UserWarning: Default upsampling behavior when mode=bilinear is changed to align_corners=False since 0.4.0. Please specify align_corners=True if the old behavior is desired. See the documentation of nn.Upsample for details.
  warnings.warn(
Not using distributed mode
### Hyper-parameters:
     output_dir: output/ham_icfg_tta/exp2.0.1/2025090220291
     seed: 42
     device: cuda
     batch_size_tta: 16
     epochs: 30
     lr: 5e-05
### Creating test dataset
     test_txt_set: 19848    test_img_set: 19848
     test_txt_loader: 39    test_img_loader: 39
### Creating model
Training Model with ['sdm', 'id', 'mlm'] tasks
Resized position embedding from size:torch.Size([1, 197, 768]) to size: torch.Size([1, 193, 768]) with height:24 width: 8
     Total Params Sum:  190482206
### Zero-Shot Score: 
+-------+--------+--------+--------+--------+-------+
| epoch |   R1   |   R5   |  R10   |  mAP   |  mINP |
+-------+--------+--------+--------+--------+-------+
|  -999 | 60.641 | 77.509 | 83.268 | 35.542 | 6.004 |
+-------+--------+--------+--------+--------+-------+
### TTA:
### Compute Cos Similarity Uncertainty
     preprocess_tta_coefficients  start
     sample selection ...
     number of sample after sample_selection: 5122
     uncertainty ...
     preprocess_tta_coefficients  end
### Creating TTA dataset
     tta_dataset: 5122
### Creating tta dataloader
### be careful: func create_loader returns a list length of 1
     tta_loader: 320
### Configure adapted weights
     TTA Dropout Modules: 
 []
     TTA Require Gradient Params: 
 [('base_model.transformer.resblocks.0.ln_1.weight', torch.Size([512])), ('base_model.transformer.resblocks.0.ln_1.bias', torch.Size([512])), ('base_model.transformer.resblocks.0.ln_2.weight', torch.Size([512])), ('base_model.transformer.resblocks.0.ln_2.bias', torch.Size([512])), ('base_model.transformer.resblocks.1.ln_1.weight', torch.Size([512])), ('base_model.transformer.resblocks.1.ln_1.bias', torch.Size([512])), ('base_model.transformer.resblocks.1.ln_2.weight', torch.Size([512])), ('base_model.transformer.resblocks.1.ln_2.bias', torch.Size([512])), ('base_model.transformer.resblocks.2.ln_1.weight', torch.Size([512])), ('base_model.transformer.resblocks.2.ln_1.bias', torch.Size([512])), ('base_model.transformer.resblocks.2.ln_2.weight', torch.Size([512])), ('base_model.transformer.resblocks.2.ln_2.bias', torch.Size([512])), ('base_model.transformer.resblocks.3.ln_1.weight', torch.Size([512])), ('base_model.transformer.resblocks.3.ln_1.bias', torch.Size([512])), ('base_model.transformer.resblocks.3.ln_2.weight', torch.Size([512])), ('base_model.transformer.resblocks.3.ln_2.bias', torch.Size([512])), ('base_model.transformer.resblocks.4.ln_1.weight', torch.Size([512])), ('base_model.transformer.resblocks.4.ln_1.bias', torch.Size([512])), ('base_model.transformer.resblocks.4.ln_2.weight', torch.Size([512])), ('base_model.transformer.resblocks.4.ln_2.bias', torch.Size([512])), ('base_model.transformer.resblocks.5.ln_1.weight', torch.Size([512])), ('base_model.transformer.resblocks.5.ln_1.bias', torch.Size([512])), ('base_model.transformer.resblocks.5.ln_2.weight', torch.Size([512])), ('base_model.transformer.resblocks.5.ln_2.bias', torch.Size([512])), ('base_model.transformer.resblocks.6.ln_1.weight', torch.Size([512])), ('base_model.transformer.resblocks.6.ln_1.bias', torch.Size([512])), ('base_model.transformer.resblocks.6.ln_2.weight', torch.Size([512])), ('base_model.transformer.resblocks.6.ln_2.bias', torch.Size([512])), ('base_model.transformer.resblocks.7.ln_1.weight', torch.Size([512])), ('base_model.transformer.resblocks.7.ln_1.bias', torch.Size([512])), ('base_model.transformer.resblocks.7.ln_2.weight', torch.Size([512])), ('base_model.transformer.resblocks.7.ln_2.bias', torch.Size([512])), ('base_model.transformer.resblocks.8.ln_1.weight', torch.Size([512])), ('base_model.transformer.resblocks.8.ln_1.bias', torch.Size([512])), ('base_model.transformer.resblocks.8.ln_2.weight', torch.Size([512])), ('base_model.transformer.resblocks.8.ln_2.bias', torch.Size([512])), ('base_model.transformer.resblocks.9.ln_1.weight', torch.Size([512])), ('base_model.transformer.resblocks.9.ln_1.bias', torch.Size([512])), ('base_model.transformer.resblocks.9.ln_2.weight', torch.Size([512])), ('base_model.transformer.resblocks.9.ln_2.bias', torch.Size([512])), ('base_model.transformer.resblocks.10.ln_1.weight', torch.Size([512])), ('base_model.transformer.resblocks.10.ln_1.bias', torch.Size([512])), ('base_model.transformer.resblocks.10.ln_2.weight', torch.Size([512])), ('base_model.transformer.resblocks.10.ln_2.bias', torch.Size([512])), ('base_model.transformer.resblocks.11.ln_1.weight', torch.Size([512])), ('base_model.transformer.resblocks.11.ln_1.bias', torch.Size([512])), ('base_model.transformer.resblocks.11.ln_2.weight', torch.Size([512])), ('base_model.transformer.resblocks.11.ln_2.bias', torch.Size([512])), ('base_model.ln_final.weight', torch.Size([512])), ('base_model.ln_final.bias', torch.Size([512]))]
     TTA Dropout Modules Number: 
 0
     TTA Require Gradient Params Sum: 
 25600
Using 5.0 times learning rate for random init module 
### Start Test Time Adaptation
     Epoch[0] Iteration[10/320], entropy: 1.1288, loss: 2.3435, lr: 4.69e-05
     Epoch[0] Iteration[20/320], entropy: 1.0345, loss: 2.2715, lr: 2.03e-05
     Epoch[0] Iteration[30/320], entropy: 1.1808, loss: 2.4406, lr: 1.97e-07
     Epoch[0] Iteration[40/320], entropy: 1.2561, loss: 2.4838, lr: 1.44e-05
     Epoch[0] Iteration[50/320], entropy: 1.1323, loss: 2.4289, lr: 4.32e-05
     Epoch[0] Iteration[60/320], entropy: 1.4262, loss: 2.5905, lr: 4.69e-05
     Epoch[0] Iteration[70/320], entropy: 1.1371, loss: 2.3350, lr: 2.03e-05
     Epoch[0] Iteration[80/320], entropy: 1.2885, loss: 2.5184, lr: 1.97e-07
     Epoch[0] Iteration[90/320], entropy: 1.3320, loss: 2.5492, lr: 1.44e-05
     Epoch[0] Iteration[100/320], entropy: 1.2168, loss: 2.4632, lr: 4.32e-05
     Epoch[0] Iteration[110/320], entropy: 1.2122, loss: 2.4715, lr: 4.69e-05
     Epoch[0] Iteration[120/320], entropy: 1.3986, loss: 2.5977, lr: 2.03e-05
     Epoch[0] Iteration[130/320], entropy: 1.1112, loss: 2.3700, lr: 1.97e-07
     Epoch[0] Iteration[140/320], entropy: 1.3088, loss: 2.5078, lr: 1.44e-05
     Epoch[0] Iteration[150/320], entropy: 1.1253, loss: 2.3619, lr: 4.32e-05
     Epoch[0] Iteration[160/320], entropy: 1.3411, loss: 2.5011, lr: 4.69e-05
     Epoch[0] Iteration[170/320], entropy: 1.2425, loss: 2.4424, lr: 2.03e-05
     Epoch[0] Iteration[180/320], entropy: 1.3868, loss: 2.6134, lr: 1.97e-07
     Epoch[0] Iteration[190/320], entropy: 1.2616, loss: 2.5407, lr: 1.44e-05
     Epoch[0] Iteration[200/320], entropy: 1.1505, loss: 2.3301, lr: 4.32e-05
     Epoch[0] Iteration[210/320], entropy: 1.3602, loss: 2.6261, lr: 4.69e-05
     Epoch[0] Iteration[220/320], entropy: 1.2689, loss: 2.5073, lr: 2.03e-05
     Epoch[0] Iteration[230/320], entropy: 1.1870, loss: 2.4499, lr: 1.97e-07
     Epoch[0] Iteration[240/320], entropy: 1.0789, loss: 2.3054, lr: 1.44e-05
     Epoch[0] Iteration[250/320], entropy: 1.1686, loss: 2.3881, lr: 4.32e-05
     Epoch[0] Iteration[260/320], entropy: 1.2604, loss: 2.5559, lr: 4.69e-05
     Epoch[0] Iteration[270/320], entropy: 1.1896, loss: 2.4379, lr: 2.03e-05
     Epoch[0] Iteration[280/320], entropy: 1.2786, loss: 2.4526, lr: 1.97e-07
     Epoch[0] Iteration[290/320], entropy: 1.3642, loss: 2.5995, lr: 1.44e-05
     Epoch[0] Iteration[300/320], entropy: 1.0482, loss: 2.3415, lr: 4.32e-05
     Epoch[0] Iteration[310/320], entropy: 1.1993, loss: 2.4160, lr: 4.69e-05
     Epoch[0] Iteration[320/320], entropy: 1.2659, loss: 2.4587, lr: 2.03e-05
     Averaged stats: entropy: 1.2659, loss: 2.4587, lr: 2.03e-05
     itm tta time 0:00:53
### TTA Eval Score: 
+-------+--------+--------+--------+--------+-------+
| epoch |   R1   |   R5   |  R10   |  mAP   |  mINP |
+-------+--------+--------+--------+--------+-------+
|  -999 | 60.641 | 77.509 | 83.268 | 35.542 | 6.004 |
|   0   | 60.570 | 77.454 | 83.212 | 35.716 | 6.165 |
+-------+--------+--------+--------+--------+-------+
     logs:  {'epo': 0, 'R1': 60.57, 'R5': 77.454, 'R10': 83.212, 'mAP': 35.716, 'mINP': 6.165, 'entropy': 1.2294192388653755, 'loss': 2.459381081163883, 'lr': 2.5538222941764162e-05}
     Epoch[1] Iteration[10/320], entropy: 1.1688, loss: 2.4636, lr: 1.97e-07
     Epoch[1] Iteration[20/320], entropy: 1.2143, loss: 2.5547, lr: 1.44e-05
     Epoch[1] Iteration[30/320], entropy: 1.2240, loss: 2.4387, lr: 4.32e-05
     Epoch[1] Iteration[40/320], entropy: 1.0298, loss: 2.2754, lr: 4.69e-05
     Epoch[1] Iteration[50/320], entropy: 1.2639, loss: 2.4532, lr: 2.03e-05
     Epoch[1] Iteration[60/320], entropy: 1.3815, loss: 2.5959, lr: 1.97e-07
     Epoch[1] Iteration[70/320], entropy: 1.3650, loss: 2.6372, lr: 1.44e-05
     Epoch[1] Iteration[80/320], entropy: 1.2157, loss: 2.4819, lr: 4.32e-05
     Epoch[1] Iteration[90/320], entropy: 1.1497, loss: 2.3560, lr: 4.69e-05
     Epoch[1] Iteration[100/320], entropy: 1.3000, loss: 2.5494, lr: 2.03e-05
     Epoch[1] Iteration[110/320], entropy: 0.9739, loss: 2.2703, lr: 1.97e-07
     Epoch[1] Iteration[120/320], entropy: 1.2480, loss: 2.4954, lr: 1.44e-05
     Epoch[1] Iteration[130/320], entropy: 1.1434, loss: 2.4297, lr: 4.32e-05
     Epoch[1] Iteration[140/320], entropy: 1.1484, loss: 2.3946, lr: 4.69e-05
     Epoch[1] Iteration[150/320], entropy: 1.2090, loss: 2.4198, lr: 2.03e-05
     Epoch[1] Iteration[160/320], entropy: 1.3669, loss: 2.5478, lr: 1.97e-07
     Epoch[1] Iteration[170/320], entropy: 0.9733, loss: 2.2076, lr: 1.44e-05
     Epoch[1] Iteration[180/320], entropy: 1.0675, loss: 2.3039, lr: 4.32e-05
     Epoch[1] Iteration[190/320], entropy: 1.1581, loss: 2.4543, lr: 4.69e-05
     Epoch[1] Iteration[200/320], entropy: 1.2726, loss: 2.4765, lr: 2.03e-05
     Epoch[1] Iteration[210/320], entropy: 1.3636, loss: 2.6151, lr: 1.97e-07
     Epoch[1] Iteration[220/320], entropy: 1.2843, loss: 2.5333, lr: 1.44e-05
     Epoch[1] Iteration[230/320], entropy: 1.1703, loss: 2.4501, lr: 4.32e-05
     Epoch[1] Iteration[240/320], entropy: 1.0429, loss: 2.3398, lr: 4.69e-05
     Epoch[1] Iteration[250/320], entropy: 1.3517, loss: 2.5381, lr: 2.03e-05
     Epoch[1] Iteration[260/320], entropy: 1.2510, loss: 2.4578, lr: 1.97e-07
     Epoch[1] Iteration[270/320], entropy: 1.1844, loss: 2.3839, lr: 1.44e-05
     Epoch[1] Iteration[280/320], entropy: 1.0170, loss: 2.1615, lr: 4.32e-05
     Epoch[1] Iteration[290/320], entropy: 0.8814, loss: 2.2448, lr: 4.69e-05
     Epoch[1] Iteration[300/320], entropy: 1.3160, loss: 2.5585, lr: 2.03e-05
     Epoch[1] Iteration[310/320], entropy: 1.0895, loss: 2.4137, lr: 1.97e-07
     Epoch[1] Iteration[320/320], entropy: 1.4044, loss: 2.6563, lr: 1.44e-05
     Averaged stats: entropy: 1.4044, loss: 2.6563, lr: 1.44e-05
     itm tta time 0:00:53
### TTA Eval Score: 
+-------+--------+--------+--------+--------+-------+
| epoch |   R1   |   R5   |  R10   |  mAP   |  mINP |
+-------+--------+--------+--------+--------+-------+
|  -999 | 60.641 | 77.509 | 83.268 | 35.542 | 6.004 |
|   0   | 60.570 | 77.454 | 83.212 | 35.716 | 6.165 |
|   1   | 60.475 | 77.091 | 83.117 | 35.619 | 6.238 |
+-------+--------+--------+--------+--------+-------+
     logs:  {'epo': 1, 'R1': 60.475, 'R5': 77.091, 'R10': 83.117, 'mAP': 35.619, 'mINP': 6.238, 'entropy': 1.1947019174695015, 'loss': 2.442457854747772, 'lr': 2.3892270318062877e-05}
     Epoch[2] Iteration[10/320], entropy: 1.2557, loss: 2.4638, lr: 4.32e-05
     Epoch[2] Iteration[20/320], entropy: 1.2003, loss: 2.5518, lr: 4.69e-05
     Epoch[2] Iteration[30/320], entropy: 1.1332, loss: 2.4512, lr: 2.03e-05
     Epoch[2] Iteration[40/320], entropy: 1.2240, loss: 2.5444, lr: 1.97e-07
     Epoch[2] Iteration[50/320], entropy: 1.3565, loss: 2.6124, lr: 1.44e-05
     Epoch[2] Iteration[60/320], entropy: 0.9591, loss: 2.3020, lr: 4.32e-05
     Epoch[2] Iteration[70/320], entropy: 1.0775, loss: 2.2853, lr: 4.69e-05
     Epoch[2] Iteration[80/320], entropy: 1.3455, loss: 2.5868, lr: 2.03e-05
     Epoch[2] Iteration[90/320], entropy: 1.2963, loss: 2.5183, lr: 1.97e-07
     Epoch[2] Iteration[100/320], entropy: 1.0675, loss: 2.3942, lr: 1.44e-05
     Epoch[2] Iteration[110/320], entropy: 1.4300, loss: 2.6111, lr: 4.32e-05
     Epoch[2] Iteration[120/320], entropy: 1.1308, loss: 2.3586, lr: 4.69e-05
     Epoch[2] Iteration[130/320], entropy: 1.4227, loss: 2.6675, lr: 2.03e-05
     Epoch[2] Iteration[140/320], entropy: 1.2063, loss: 2.4564, lr: 1.97e-07
     Epoch[2] Iteration[150/320], entropy: 1.0727, loss: 2.3728, lr: 1.44e-05
     Epoch[2] Iteration[160/320], entropy: 0.9967, loss: 2.2686, lr: 4.32e-05
     Epoch[2] Iteration[170/320], entropy: 1.1604, loss: 2.3893, lr: 4.69e-05
     Epoch[2] Iteration[180/320], entropy: 1.0892, loss: 2.3037, lr: 2.03e-05
     Epoch[2] Iteration[190/320], entropy: 1.0995, loss: 2.3409, lr: 1.97e-07
     Epoch[2] Iteration[200/320], entropy: 1.2814, loss: 2.5236, lr: 1.44e-05
     Epoch[2] Iteration[210/320], entropy: 1.0876, loss: 2.3344, lr: 4.32e-05
     Epoch[2] Iteration[220/320], entropy: 1.1515, loss: 2.3601, lr: 4.69e-05
     Epoch[2] Iteration[230/320], entropy: 1.1568, loss: 2.4079, lr: 2.03e-05
     Epoch[2] Iteration[240/320], entropy: 0.9067, loss: 2.2268, lr: 1.97e-07
     Epoch[2] Iteration[250/320], entropy: 1.1962, loss: 2.4323, lr: 1.44e-05
     Epoch[2] Iteration[260/320], entropy: 1.2460, loss: 2.4570, lr: 4.32e-05
     Epoch[2] Iteration[270/320], entropy: 1.1267, loss: 2.4688, lr: 4.69e-05
     Epoch[2] Iteration[280/320], entropy: 1.1205, loss: 2.3669, lr: 2.03e-05
     Epoch[2] Iteration[290/320], entropy: 1.2255, loss: 2.4694, lr: 1.97e-07
     Epoch[2] Iteration[300/320], entropy: 1.1043, loss: 2.4321, lr: 1.44e-05
     Epoch[2] Iteration[310/320], entropy: 1.1180, loss: 2.3869, lr: 4.32e-05
     Epoch[2] Iteration[320/320], entropy: 1.2343, loss: 2.5042, lr: 4.69e-05
     Averaged stats: entropy: 1.2343, loss: 2.5042, lr: 4.69e-05
     itm tta time 0:00:53
### TTA Eval Score: 
+-------+--------+--------+--------+--------+-------+
| epoch |   R1   |   R5   |  R10   |  mAP   |  mINP |
+-------+--------+--------+--------+--------+-------+
|  -999 | 60.641 | 77.509 | 83.268 | 35.542 | 6.004 |
|   0   | 60.570 | 77.454 | 83.212 | 35.716 | 6.165 |
|   1   | 60.475 | 77.091 | 83.117 | 35.619 | 6.238 |
|   2   | 59.447 | 76.471 | 82.719 | 35.144 | 6.193 |
+-------+--------+--------+--------+--------+-------+
     logs:  {'epo': 2, 'R1': 59.447, 'R5': 76.471, 'R10': 82.719, 'mAP': 35.144, 'mINP': 6.193, 'entropy': 1.1712220590561628, 'loss': 2.4327963069081306, 'lr': 2.6254121333957272e-05}
     Epoch[3] Iteration[10/320], entropy: 1.1051, loss: 2.4205, lr: 2.03e-05
     Epoch[3] Iteration[20/320], entropy: 1.1667, loss: 2.4775, lr: 1.97e-07
     Epoch[3] Iteration[30/320], entropy: 1.1610, loss: 2.4214, lr: 1.44e-05
     Epoch[3] Iteration[40/320], entropy: 1.4129, loss: 2.6547, lr: 4.32e-05
     Epoch[3] Iteration[50/320], entropy: 1.2488, loss: 2.4844, lr: 4.69e-05
     Epoch[3] Iteration[60/320], entropy: 0.9816, loss: 2.3050, lr: 2.03e-05
     Epoch[3] Iteration[70/320], entropy: 1.2736, loss: 2.5008, lr: 1.97e-07
     Epoch[3] Iteration[80/320], entropy: 0.9868, loss: 2.2638, lr: 1.44e-05
     Epoch[3] Iteration[90/320], entropy: 1.0972, loss: 2.4096, lr: 4.32e-05
     Epoch[3] Iteration[100/320], entropy: 1.0259, loss: 2.3723, lr: 4.69e-05
     Epoch[3] Iteration[110/320], entropy: 0.8824, loss: 2.1660, lr: 2.03e-05
     Epoch[3] Iteration[120/320], entropy: 1.2012, loss: 2.4749, lr: 1.97e-07
     Epoch[3] Iteration[130/320], entropy: 1.3986, loss: 2.5803, lr: 1.44e-05
     Epoch[3] Iteration[140/320], entropy: 1.0601, loss: 2.3215, lr: 4.32e-05
     Epoch[3] Iteration[150/320], entropy: 0.9848, loss: 2.2319, lr: 4.69e-05
     Epoch[3] Iteration[160/320], entropy: 1.0070, loss: 2.3142, lr: 2.03e-05
     Epoch[3] Iteration[170/320], entropy: 0.8616, loss: 2.1919, lr: 1.97e-07
     Epoch[3] Iteration[180/320], entropy: 0.8708, loss: 2.3196, lr: 1.44e-05
     Epoch[3] Iteration[190/320], entropy: 1.0854, loss: 2.3482, lr: 4.32e-05
     Epoch[3] Iteration[200/320], entropy: 1.0937, loss: 2.4023, lr: 4.69e-05
     Epoch[3] Iteration[210/320], entropy: 1.3969, loss: 2.6832, lr: 2.03e-05
     Epoch[3] Iteration[220/320], entropy: 1.0394, loss: 2.3263, lr: 1.97e-07
     Epoch[3] Iteration[230/320], entropy: 1.1208, loss: 2.4489, lr: 1.44e-05
     Epoch[3] Iteration[240/320], entropy: 1.0773, loss: 2.3345, lr: 4.32e-05
     Epoch[3] Iteration[250/320], entropy: 1.1376, loss: 2.4732, lr: 4.69e-05
     Epoch[3] Iteration[260/320], entropy: 1.3676, loss: 2.5943, lr: 2.03e-05
     Epoch[3] Iteration[270/320], entropy: 1.1112, loss: 2.3965, lr: 1.97e-07
     Epoch[3] Iteration[280/320], entropy: 0.9512, loss: 2.3824, lr: 1.44e-05
     Epoch[3] Iteration[290/320], entropy: 1.0161, loss: 2.2755, lr: 4.32e-05
     Epoch[3] Iteration[300/320], entropy: 0.8739, loss: 2.1977, lr: 4.69e-05
     Epoch[3] Iteration[310/320], entropy: 1.1042, loss: 2.3311, lr: 2.03e-05
     Epoch[3] Iteration[320/320], entropy: 1.1391, loss: 2.3865, lr: 1.97e-07
     Averaged stats: entropy: 1.1391, loss: 2.3865, lr: 1.97e-07
     itm tta time 0:00:53
### TTA Eval Score: 
+-------+--------+--------+--------+--------+-------+
| epoch |   R1   |   R5   |  R10   |  mAP   |  mINP |
+-------+--------+--------+--------+--------+-------+
|  -999 | 60.641 | 77.509 | 83.268 | 35.542 | 6.004 |
|   0   | 60.570 | 77.454 | 83.212 | 35.716 | 6.165 |
|   1   | 60.475 | 77.091 | 83.117 | 35.619 | 6.238 |
|   2   | 59.447 | 76.471 | 82.719 | 35.144 | 6.193 |
|   3   | 58.076 | 75.448 | 81.908 | 34.256 | 6.028 |
+-------+--------+--------+--------+--------+-------+
     logs:  {'epo': 3, 'R1': 58.076, 'R5': 75.448, 'R10': 81.908, 'mAP': 34.256, 'mINP': 6.028, 'entropy': 1.1012646276503801, 'loss': 2.3903398737311363, 'lr': 2.4078518737577936e-05}
     Epoch[4] Iteration[10/320], entropy: 1.1454, loss: 2.3766, lr: 1.44e-05
     Epoch[4] Iteration[20/320], entropy: 0.9678, loss: 2.1801, lr: 4.32e-05
     Epoch[4] Iteration[30/320], entropy: 0.8911, loss: 2.1662, lr: 4.69e-05
     Epoch[4] Iteration[40/320], entropy: 1.0190, loss: 2.4256, lr: 2.03e-05
     Epoch[4] Iteration[50/320], entropy: 1.2435, loss: 2.4466, lr: 1.97e-07
     Epoch[4] Iteration[60/320], entropy: 1.0869, loss: 2.3658, lr: 1.44e-05
     Epoch[4] Iteration[70/320], entropy: 1.1807, loss: 2.3795, lr: 4.32e-05
     Epoch[4] Iteration[80/320], entropy: 1.2123, loss: 2.5200, lr: 4.69e-05
     Epoch[4] Iteration[90/320], entropy: 1.1020, loss: 2.4349, lr: 2.03e-05
     Epoch[4] Iteration[100/320], entropy: 1.1244, loss: 2.4070, lr: 1.97e-07
     Epoch[4] Iteration[110/320], entropy: 1.0560, loss: 2.3417, lr: 1.44e-05
     Epoch[4] Iteration[120/320], entropy: 1.2148, loss: 2.5172, lr: 4.32e-05
     Epoch[4] Iteration[130/320], entropy: 1.0560, loss: 2.4110, lr: 4.69e-05
     Epoch[4] Iteration[140/320], entropy: 1.0743, loss: 2.4297, lr: 2.03e-05
     Epoch[4] Iteration[150/320], entropy: 1.1334, loss: 2.4916, lr: 1.97e-07
     Epoch[4] Iteration[160/320], entropy: 1.1292, loss: 2.5412, lr: 1.44e-05
     Epoch[4] Iteration[170/320], entropy: 1.4327, loss: 2.7198, lr: 4.32e-05
     Epoch[4] Iteration[180/320], entropy: 1.0565, loss: 2.3450, lr: 4.69e-05
     Epoch[4] Iteration[190/320], entropy: 1.0995, loss: 2.4062, lr: 2.03e-05
     Epoch[4] Iteration[200/320], entropy: 1.0735, loss: 2.3318, lr: 1.97e-07
     Epoch[4] Iteration[210/320], entropy: 1.0279, loss: 2.3775, lr: 1.44e-05
     Epoch[4] Iteration[220/320], entropy: 1.0913, loss: 2.4929, lr: 4.32e-05
     Epoch[4] Iteration[230/320], entropy: 1.0499, loss: 2.3108, lr: 4.69e-05
     Epoch[4] Iteration[240/320], entropy: 1.1296, loss: 2.4631, lr: 2.03e-05
     Epoch[4] Iteration[250/320], entropy: 1.0573, loss: 2.3952, lr: 1.97e-07
     Epoch[4] Iteration[260/320], entropy: 0.9611, loss: 2.3319, lr: 1.44e-05
     Epoch[4] Iteration[270/320], entropy: 0.9416, loss: 2.2588, lr: 4.32e-05
     Epoch[4] Iteration[280/320], entropy: 0.9430, loss: 2.2951, lr: 4.69e-05
     Epoch[4] Iteration[290/320], entropy: 0.9762, loss: 2.2741, lr: 2.03e-05
     Epoch[4] Iteration[300/320], entropy: 1.0141, loss: 2.2599, lr: 1.97e-07
     Epoch[4] Iteration[310/320], entropy: 0.9508, loss: 2.4286, lr: 1.44e-05
     Epoch[4] Iteration[320/320], entropy: 1.0739, loss: 2.3610, lr: 4.32e-05
     Averaged stats: entropy: 1.0739, loss: 2.3610, lr: 4.32e-05
     itm tta time 0:00:53
### TTA Eval Score: 
+-------+--------+--------+--------+--------+-------+
| epoch |   R1   |   R5   |  R10   |  mAP   |  mINP |
+-------+--------+--------+--------+--------+-------+
|  -999 | 60.641 | 77.509 | 83.268 | 35.542 | 6.004 |
|   0   | 60.570 | 77.454 | 83.212 | 35.716 | 6.165 |
|   1   | 60.475 | 77.091 | 83.117 | 35.619 | 6.238 |
|   2   | 59.447 | 76.471 | 82.719 | 35.144 | 6.193 |
|   3   | 58.076 | 75.448 | 81.908 | 34.256 | 6.028 |
|   4   | 55.960 | 74.068 | 80.729 | 32.976 | 5.760 |
+-------+--------+--------+--------+--------+-------+
     logs:  {'epo': 4, 'R1': 55.96, 'R5': 74.068, 'R10': 80.729, 'mAP': 32.976, 'mINP': 5.76, 'entropy': 1.0786121431738138, 'loss': 2.390198804438114, 'lr': 2.5236866668637735e-05}
     Epoch[5] Iteration[10/320], entropy: 1.1032, loss: 2.4247, lr: 4.69e-05
     Epoch[5] Iteration[20/320], entropy: 1.0086, loss: 2.4033, lr: 2.03e-05
     Epoch[5] Iteration[30/320], entropy: 1.0995, loss: 2.3874, lr: 1.97e-07
     Epoch[5] Iteration[40/320], entropy: 1.1355, loss: 2.4001, lr: 1.44e-05
     Epoch[5] Iteration[50/320], entropy: 1.0797, loss: 2.3862, lr: 4.32e-05
     Epoch[5] Iteration[60/320], entropy: 1.2021, loss: 2.5520, lr: 4.69e-05
     Epoch[5] Iteration[70/320], entropy: 1.0558, loss: 2.3156, lr: 2.03e-05
     Epoch[5] Iteration[80/320], entropy: 1.1839, loss: 2.6131, lr: 1.97e-07
     Epoch[5] Iteration[90/320], entropy: 0.9048, loss: 2.3152, lr: 1.44e-05
     Epoch[5] Iteration[100/320], entropy: 1.1769, loss: 2.4607, lr: 4.32e-05
     Epoch[5] Iteration[110/320], entropy: 1.0855, loss: 2.3673, lr: 4.69e-05
     Epoch[5] Iteration[120/320], entropy: 0.8310, loss: 2.1425, lr: 2.03e-05
     Epoch[5] Iteration[130/320], entropy: 0.8911, loss: 2.1646, lr: 1.97e-07
     Epoch[5] Iteration[140/320], entropy: 0.8669, loss: 2.2571, lr: 1.44e-05
     Epoch[5] Iteration[150/320], entropy: 1.1819, loss: 2.3846, lr: 4.32e-05
     Epoch[5] Iteration[160/320], entropy: 1.0551, loss: 2.4691, lr: 4.69e-05
     Epoch[5] Iteration[170/320], entropy: 0.8896, loss: 2.2328, lr: 2.03e-05
     Epoch[5] Iteration[180/320], entropy: 0.9668, loss: 2.3586, lr: 1.97e-07
     Epoch[5] Iteration[190/320], entropy: 0.9071, loss: 2.1850, lr: 1.44e-05
     Epoch[5] Iteration[200/320], entropy: 1.0806, loss: 2.3603, lr: 4.32e-05
     Epoch[5] Iteration[210/320], entropy: 0.9568, loss: 2.2775, lr: 4.69e-05
     Epoch[5] Iteration[220/320], entropy: 1.0111, loss: 2.3641, lr: 2.03e-05
     Epoch[5] Iteration[230/320], entropy: 1.0248, loss: 2.3489, lr: 1.97e-07
     Epoch[5] Iteration[240/320], entropy: 1.2480, loss: 2.5616, lr: 1.44e-05
     Epoch[5] Iteration[250/320], entropy: 0.8963, loss: 2.2174, lr: 4.32e-05
     Epoch[5] Iteration[260/320], entropy: 1.1364, loss: 2.5053, lr: 4.69e-05
     Epoch[5] Iteration[270/320], entropy: 1.0483, loss: 2.4137, lr: 2.03e-05
     Epoch[5] Iteration[280/320], entropy: 1.0953, loss: 2.4566, lr: 1.97e-07
     Epoch[5] Iteration[290/320], entropy: 1.0704, loss: 2.4579, lr: 1.44e-05
     Epoch[5] Iteration[300/320], entropy: 1.1266, loss: 2.4064, lr: 4.32e-05
     Epoch[5] Iteration[310/320], entropy: 0.9090, loss: 2.3358, lr: 4.69e-05
     Epoch[5] Iteration[320/320], entropy: 1.1232, loss: 2.4295, lr: 2.03e-05
     Averaged stats: entropy: 1.1232, loss: 2.4295, lr: 2.03e-05
     itm tta time 0:00:53
### TTA Eval Score: 
+-------+--------+--------+--------+--------+-------+
| epoch |   R1   |   R5   |  R10   |  mAP   |  mINP |
+-------+--------+--------+--------+--------+-------+
|  -999 | 60.641 | 77.509 | 83.268 | 35.542 | 6.004 |
|   0   | 60.570 | 77.454 | 83.212 | 35.716 | 6.165 |
|   1   | 60.475 | 77.091 | 83.117 | 35.619 | 6.238 |
|   2   | 59.447 | 76.471 | 82.719 | 35.144 | 6.193 |
|   3   | 58.076 | 75.448 | 81.908 | 34.256 | 6.028 |
|   4   | 55.960 | 74.068 | 80.729 | 32.976 | 5.760 |
|   5   | 53.356 | 71.927 | 78.930 | 31.256 | 5.339 |
+-------+--------+--------+--------+--------+-------+
     logs:  {'epo': 5, 'R1': 53.356, 'R5': 71.927, 'R10': 78.93, 'mAP': 31.256, 'mINP': 5.339, 'entropy': 1.0422448627650738, 'loss': 2.373593807220459, 'lr': 2.553822294176422e-05}
     Epoch[6] Iteration[10/320], entropy: 0.8642, loss: 2.1802, lr: 1.97e-07
     Epoch[6] Iteration[20/320], entropy: 0.9500, loss: 2.2309, lr: 1.44e-05
     Epoch[6] Iteration[30/320], entropy: 0.7435, loss: 2.1133, lr: 4.32e-05
     Epoch[6] Iteration[40/320], entropy: 1.0167, loss: 2.3784, lr: 4.69e-05
     Epoch[6] Iteration[50/320], entropy: 0.9989, loss: 2.3796, lr: 2.03e-05
     Epoch[6] Iteration[60/320], entropy: 0.9327, loss: 2.3146, lr: 1.97e-07
     Epoch[6] Iteration[70/320], entropy: 0.9444, loss: 2.2244, lr: 1.44e-05
     Epoch[6] Iteration[80/320], entropy: 1.1084, loss: 2.3962, lr: 4.32e-05
     Epoch[6] Iteration[90/320], entropy: 0.9492, loss: 2.3497, lr: 4.82e-05
     Epoch[6] Iteration[100/320], entropy: 1.1875, loss: 2.6097, lr: 2.34e-05
     Epoch[6] Iteration[110/320], entropy: 1.0531, loss: 2.2549, lr: 7.85e-07
     Epoch[6] Iteration[120/320], entropy: 1.0502, loss: 2.3383, lr: 1.16e-05
     Epoch[6] Iteration[130/320], entropy: 1.0808, loss: 2.3546, lr: 4.09e-05
     Epoch[6] Iteration[140/320], entropy: 0.9014, loss: 2.2533, lr: 4.82e-05
     Epoch[6] Iteration[150/320], entropy: 0.9886, loss: 2.4480, lr: 2.34e-05
     Epoch[6] Iteration[160/320], entropy: 1.1187, loss: 2.4088, lr: 7.85e-07
     Epoch[6] Iteration[170/320], entropy: 0.6641, loss: 2.1015, lr: 1.16e-05
     Epoch[6] Iteration[180/320], entropy: 1.1697, loss: 2.4438, lr: 4.09e-05
     Epoch[6] Iteration[190/320], entropy: 0.7512, loss: 2.2672, lr: 4.82e-05
     Epoch[6] Iteration[200/320], entropy: 1.0591, loss: 2.4219, lr: 2.34e-05
     Epoch[6] Iteration[210/320], entropy: 0.9988, loss: 2.2292, lr: 7.85e-07
     Epoch[6] Iteration[220/320], entropy: 0.8417, loss: 2.1653, lr: 1.16e-05
     Epoch[6] Iteration[230/320], entropy: 0.9709, loss: 2.3264, lr: 4.09e-05
     Epoch[6] Iteration[240/320], entropy: 1.0438, loss: 2.4331, lr: 4.82e-05
     Epoch[6] Iteration[250/320], entropy: 1.1562, loss: 2.4540, lr: 2.34e-05
     Epoch[6] Iteration[260/320], entropy: 1.1495, loss: 2.5371, lr: 7.85e-07
     Epoch[6] Iteration[270/320], entropy: 1.2597, loss: 2.5642, lr: 1.16e-05
     Epoch[6] Iteration[280/320], entropy: 0.9805, loss: 2.4110, lr: 4.09e-05
     Epoch[6] Iteration[290/320], entropy: 0.9151, loss: 2.2641, lr: 4.82e-05
     Epoch[6] Iteration[300/320], entropy: 1.0367, loss: 2.4134, lr: 2.34e-05
     Epoch[6] Iteration[310/320], entropy: 0.9173, loss: 2.4930, lr: 7.85e-07
     Epoch[6] Iteration[320/320], entropy: 0.8313, loss: 2.0708, lr: 1.16e-05
     Averaged stats: entropy: 0.8313, loss: 2.0708, lr: 1.16e-05
     itm tta time 0:00:53
### TTA Eval Score: 
+-------+--------+--------+--------+--------+-------+
| epoch |   R1   |   R5   |  R10   |  mAP   |  mINP |
+-------+--------+--------+--------+--------+-------+
|  -999 | 60.641 | 77.509 | 83.268 | 35.542 | 6.004 |
|   0   | 60.570 | 77.454 | 83.212 | 35.716 | 6.165 |
|   1   | 60.475 | 77.091 | 83.117 | 35.619 | 6.238 |
|   2   | 59.447 | 76.471 | 82.719 | 35.144 | 6.193 |
|   3   | 58.076 | 75.448 | 81.908 | 34.256 | 6.028 |
|   4   | 55.960 | 74.068 | 80.729 | 32.976 | 5.760 |
|   5   | 53.356 | 71.927 | 78.930 | 31.256 | 5.339 |
|   6   | 50.887 | 69.967 | 77.116 | 29.602 | 4.917 |
+-------+--------+--------+--------+--------+-------+
     logs:  {'epo': 6, 'R1': 50.887, 'R5': 69.967, 'R10': 77.116, 'mAP': 29.602, 'mINP': 4.917, 'entropy': 0.9885601252317429, 'loss': 2.3384678065776825, 'lr': 2.3963789566244608e-05}
     Epoch[7] Iteration[10/320], entropy: 1.2884, loss: 2.5452, lr: 4.09e-05
     Epoch[7] Iteration[20/320], entropy: 1.0604, loss: 2.3630, lr: 4.82e-05
     Epoch[7] Iteration[30/320], entropy: 1.0708, loss: 2.4666, lr: 2.34e-05
     Epoch[7] Iteration[40/320], entropy: 0.6303, loss: 2.0530, lr: 7.85e-07
     Epoch[7] Iteration[50/320], entropy: 1.0016, loss: 2.4042, lr: 1.16e-05
     Epoch[7] Iteration[60/320], entropy: 1.0580, loss: 2.5116, lr: 4.09e-05
     Epoch[7] Iteration[70/320], entropy: 1.0558, loss: 2.4285, lr: 4.82e-05
     Epoch[7] Iteration[80/320], entropy: 1.1354, loss: 2.3802, lr: 2.34e-05
     Epoch[7] Iteration[90/320], entropy: 1.0204, loss: 2.3909, lr: 7.85e-07
     Epoch[7] Iteration[100/320], entropy: 0.7668, loss: 2.0813, lr: 1.16e-05
     Epoch[7] Iteration[110/320], entropy: 1.0766, loss: 2.3269, lr: 4.09e-05
     Epoch[7] Iteration[120/320], entropy: 0.8881, loss: 2.3231, lr: 4.82e-05
     Epoch[7] Iteration[130/320], entropy: 0.9040, loss: 2.2254, lr: 2.34e-05
     Epoch[7] Iteration[140/320], entropy: 0.9227, loss: 2.3733, lr: 7.85e-07
     Epoch[7] Iteration[150/320], entropy: 1.1663, loss: 2.5620, lr: 1.16e-05
     Epoch[7] Iteration[160/320], entropy: 0.7281, loss: 2.1452, lr: 4.09e-05
     Epoch[7] Iteration[170/320], entropy: 1.2139, loss: 2.5020, lr: 4.82e-05
     Epoch[7] Iteration[180/320], entropy: 1.0659, loss: 2.3174, lr: 2.34e-05
     Epoch[7] Iteration[190/320], entropy: 0.9728, loss: 2.2848, lr: 7.85e-07
     Epoch[7] Iteration[200/320], entropy: 0.8886, loss: 2.2904, lr: 1.16e-05
     Epoch[7] Iteration[210/320], entropy: 0.7702, loss: 2.2576, lr: 4.09e-05
     Epoch[7] Iteration[220/320], entropy: 0.8770, loss: 2.2585, lr: 4.82e-05
     Epoch[7] Iteration[230/320], entropy: 0.8856, loss: 2.2193, lr: 2.34e-05
     Epoch[7] Iteration[240/320], entropy: 0.7527, loss: 2.1426, lr: 7.85e-07
     Epoch[7] Iteration[250/320], entropy: 0.9605, loss: 2.3470, lr: 1.16e-05
     Epoch[7] Iteration[260/320], entropy: 0.9258, loss: 2.4002, lr: 4.09e-05
     Epoch[7] Iteration[270/320], entropy: 0.8845, loss: 2.3474, lr: 4.82e-05
     Epoch[7] Iteration[280/320], entropy: 1.0254, loss: 2.2212, lr: 2.34e-05
     Epoch[7] Iteration[290/320], entropy: 0.8865, loss: 2.2641, lr: 7.85e-07
     Epoch[7] Iteration[300/320], entropy: 1.1551, loss: 2.3904, lr: 1.16e-05
     Epoch[7] Iteration[310/320], entropy: 1.1130, loss: 2.4375, lr: 4.09e-05
     Epoch[7] Iteration[320/320], entropy: 0.9857, loss: 2.3352, lr: 4.82e-05
     Averaged stats: entropy: 0.9857, loss: 2.3352, lr: 4.82e-05
     itm tta time 0:00:53
### TTA Eval Score: 
+-------+--------+--------+--------+--------+-------+
| epoch |   R1   |   R5   |  R10   |  mAP   |  mINP |
+-------+--------+--------+--------+--------+-------+
|  -999 | 60.641 | 77.509 | 83.268 | 35.542 | 6.004 |
|   0   | 60.570 | 77.454 | 83.212 | 35.716 | 6.165 |
|   1   | 60.475 | 77.091 | 83.117 | 35.619 | 6.238 |
|   2   | 59.447 | 76.471 | 82.719 | 35.144 | 6.193 |
|   3   | 58.076 | 75.448 | 81.908 | 34.256 | 6.028 |
|   4   | 55.960 | 74.068 | 80.729 | 32.976 | 5.760 |
|   5   | 53.356 | 71.927 | 78.930 | 31.256 | 5.339 |
|   6   | 50.887 | 69.967 | 77.116 | 29.602 | 4.917 |
|   7   | 48.378 | 67.901 | 75.232 | 27.819 | 4.469 |
+-------+--------+--------+--------+--------+-------+
     logs:  {'epo': 7, 'R1': 48.378, 'R5': 67.901, 'R10': 75.232, 'mAP': 27.819, 'mINP': 4.469, 'entropy': 0.9730225913226604, 'loss': 2.331128902733326, 'lr': 2.6224375371591285e-05}
     Epoch[8] Iteration[10/320], entropy: 0.9434, loss: 2.3169, lr: 2.34e-05
     Epoch[8] Iteration[20/320], entropy: 0.9142, loss: 2.3056, lr: 7.85e-07
     Epoch[8] Iteration[30/320], entropy: 0.9010, loss: 2.2414, lr: 1.16e-05
     Epoch[8] Iteration[40/320], entropy: 0.8661, loss: 2.3208, lr: 4.09e-05
     Epoch[8] Iteration[50/320], entropy: 1.0950, loss: 2.4150, lr: 4.82e-05
     Epoch[8] Iteration[60/320], entropy: 0.9356, loss: 2.2574, lr: 2.34e-05
     Epoch[8] Iteration[70/320], entropy: 0.9760, loss: 2.3295, lr: 7.85e-07
     Epoch[8] Iteration[80/320], entropy: 1.0532, loss: 2.3310, lr: 1.16e-05
     Epoch[8] Iteration[90/320], entropy: 0.9456, loss: 2.3012, lr: 4.09e-05
     Epoch[8] Iteration[100/320], entropy: 1.0255, loss: 2.4373, lr: 4.82e-05
     Epoch[8] Iteration[110/320], entropy: 0.9684, loss: 2.3398, lr: 2.34e-05
     Epoch[8] Iteration[120/320], entropy: 0.7963, loss: 2.3183, lr: 7.85e-07
     Epoch[8] Iteration[130/320], entropy: 0.9459, loss: 2.2954, lr: 1.16e-05
     Epoch[8] Iteration[140/320], entropy: 0.9578, loss: 2.4396, lr: 4.09e-05
     Epoch[8] Iteration[150/320], entropy: 0.8702, loss: 2.2437, lr: 4.82e-05
     Epoch[8] Iteration[160/320], entropy: 0.8355, loss: 2.3022, lr: 2.34e-05
     Epoch[8] Iteration[170/320], entropy: 1.0258, loss: 2.5028, lr: 7.85e-07
     Epoch[8] Iteration[180/320], entropy: 1.0942, loss: 2.4323, lr: 1.16e-05
     Epoch[8] Iteration[190/320], entropy: 0.9273, loss: 2.2862, lr: 4.09e-05
     Epoch[8] Iteration[200/320], entropy: 0.9553, loss: 2.4105, lr: 4.82e-05
     Epoch[8] Iteration[210/320], entropy: 1.0359, loss: 2.3236, lr: 2.34e-05
     Epoch[8] Iteration[220/320], entropy: 0.9803, loss: 2.3554, lr: 7.85e-07
     Epoch[8] Iteration[230/320], entropy: 0.7785, loss: 2.1969, lr: 1.16e-05
     Epoch[8] Iteration[240/320], entropy: 0.9844, loss: 2.2780, lr: 4.09e-05
     Epoch[8] Iteration[250/320], entropy: 0.9373, loss: 2.3155, lr: 4.82e-05
     Epoch[8] Iteration[260/320], entropy: 1.1969, loss: 2.5287, lr: 2.34e-05
     Epoch[8] Iteration[270/320], entropy: 0.9018, loss: 2.2702, lr: 7.85e-07
     Epoch[8] Iteration[280/320], entropy: 0.8545, loss: 2.3010, lr: 1.16e-05
     Epoch[8] Iteration[290/320], entropy: 1.0085, loss: 2.4148, lr: 4.09e-05
     Epoch[8] Iteration[300/320], entropy: 0.9255, loss: 2.2947, lr: 4.82e-05
     Epoch[8] Iteration[310/320], entropy: 0.8389, loss: 2.1841, lr: 2.34e-05
     Epoch[8] Iteration[320/320], entropy: 0.9137, loss: 2.2673, lr: 7.85e-07
     Averaged stats: entropy: 0.9137, loss: 2.2673, lr: 7.85e-07
     itm tta time 0:00:53
### TTA Eval Score: 
+-------+--------+--------+--------+--------+-------+
| epoch |   R1   |   R5   |  R10   |  mAP   |  mINP |
+-------+--------+--------+--------+--------+-------+
|  -999 | 60.641 | 77.509 | 83.268 | 35.542 | 6.004 |
|   0   | 60.570 | 77.454 | 83.212 | 35.716 | 6.165 |
|   1   | 60.475 | 77.091 | 83.117 | 35.619 | 6.238 |
|   2   | 59.447 | 76.471 | 82.719 | 35.144 | 6.193 |
|   3   | 58.076 | 75.448 | 81.908 | 34.256 | 6.028 |
|   4   | 55.960 | 74.068 | 80.729 | 32.976 | 5.760 |
|   5   | 53.356 | 71.927 | 78.930 | 31.256 | 5.339 |
|   6   | 50.887 | 69.967 | 77.116 | 29.602 | 4.917 |
|   7   | 48.378 | 67.901 | 75.232 | 27.819 | 4.469 |
|   8   | 46.065 | 65.886 | 73.332 | 26.177 | 4.079 |
+-------+--------+--------+--------+--------+-------+
     logs:  {'epo': 8, 'R1': 46.065, 'R5': 65.886, 'R10': 73.332, 'mAP': 26.177, 'mINP': 4.079, 'entropy': 0.9496405646204948, 'loss': 2.3299092054367065, 'lr': 2.4194239311985934e-05}
     Epoch[9] Iteration[10/320], entropy: 0.8008, loss: 2.1525, lr: 1.16e-05
     Epoch[9] Iteration[20/320], entropy: 0.9108, loss: 2.2432, lr: 4.09e-05
     Epoch[9] Iteration[30/320], entropy: 0.9086, loss: 2.2898, lr: 4.82e-05
     Epoch[9] Iteration[40/320], entropy: 0.8371, loss: 2.1575, lr: 2.34e-05
     Epoch[9] Iteration[50/320], entropy: 0.9004, loss: 2.2564, lr: 7.85e-07
     Epoch[9] Iteration[60/320], entropy: 1.0019, loss: 2.4012, lr: 1.16e-05
     Epoch[9] Iteration[70/320], entropy: 0.9750, loss: 2.4472, lr: 4.09e-05
     Epoch[9] Iteration[80/320], entropy: 1.1670, loss: 2.4898, lr: 4.82e-05
     Epoch[9] Iteration[90/320], entropy: 0.9919, loss: 2.4013, lr: 2.34e-05
     Epoch[9] Iteration[100/320], entropy: 0.9592, loss: 2.3572, lr: 7.85e-07
     Epoch[9] Iteration[110/320], entropy: 1.1159, loss: 2.3939, lr: 1.16e-05
     Epoch[9] Iteration[120/320], entropy: 0.7203, loss: 2.2361, lr: 4.09e-05
     Epoch[9] Iteration[130/320], entropy: 0.8374, loss: 2.2589, lr: 4.82e-05
     Epoch[9] Iteration[140/320], entropy: 0.6650, loss: 2.1380, lr: 2.34e-05
     Epoch[9] Iteration[150/320], entropy: 0.8700, loss: 2.3236, lr: 7.85e-07
     Epoch[9] Iteration[160/320], entropy: 0.8393, loss: 2.2152, lr: 1.16e-05
     Epoch[9] Iteration[170/320], entropy: 0.8913, loss: 2.3826, lr: 4.09e-05
     Epoch[9] Iteration[180/320], entropy: 0.8865, loss: 2.2037, lr: 4.82e-05
     Epoch[9] Iteration[190/320], entropy: 0.7364, loss: 2.2469, lr: 2.34e-05
     Epoch[9] Iteration[200/320], entropy: 1.0203, loss: 2.3650, lr: 7.85e-07
     Epoch[9] Iteration[210/320], entropy: 0.8163, loss: 2.2653, lr: 1.16e-05
     Epoch[9] Iteration[220/320], entropy: 1.0188, loss: 2.2597, lr: 4.09e-05
     Epoch[9] Iteration[230/320], entropy: 0.6856, loss: 2.1380, lr: 4.82e-05
     Epoch[9] Iteration[240/320], entropy: 0.8440, loss: 2.3171, lr: 2.34e-05
     Epoch[9] Iteration[250/320], entropy: 0.9279, loss: 2.3814, lr: 7.85e-07
     Epoch[9] Iteration[260/320], entropy: 0.8219, loss: 2.3065, lr: 1.16e-05
     Epoch[9] Iteration[270/320], entropy: 0.7337, loss: 2.2230, lr: 4.09e-05
     Epoch[9] Iteration[280/320], entropy: 0.9376, loss: 2.4126, lr: 4.82e-05
     Epoch[9] Iteration[290/320], entropy: 0.7479, loss: 2.1432, lr: 2.34e-05
     Epoch[9] Iteration[300/320], entropy: 0.7679, loss: 2.1973, lr: 7.85e-07
     Epoch[9] Iteration[310/320], entropy: 0.9874, loss: 2.3235, lr: 1.16e-05
     Epoch[9] Iteration[320/320], entropy: 0.8469, loss: 2.3115, lr: 4.09e-05
     Averaged stats: entropy: 0.8469, loss: 2.3115, lr: 4.09e-05
     itm tta time 0:00:53
### TTA Eval Score: 
+-------+--------+--------+--------+--------+-------+
| epoch |   R1   |   R5   |  R10   |  mAP   |  mINP |
+-------+--------+--------+--------+--------+-------+
|  -999 | 60.641 | 77.509 | 83.268 | 35.542 | 6.004 |
|   0   | 60.570 | 77.454 | 83.212 | 35.716 | 6.165 |
|   1   | 60.475 | 77.091 | 83.117 | 35.619 | 6.238 |
|   2   | 59.447 | 76.471 | 82.719 | 35.144 | 6.193 |
|   3   | 58.076 | 75.448 | 81.908 | 34.256 | 6.028 |
|   4   | 55.960 | 74.068 | 80.729 | 32.976 | 5.760 |
|   5   | 53.356 | 71.927 | 78.930 | 31.256 | 5.339 |
|   6   | 50.887 | 69.967 | 77.116 | 29.602 | 4.917 |
|   7   | 48.378 | 67.901 | 75.232 | 27.819 | 4.469 |
|   8   | 46.065 | 65.886 | 73.332 | 26.177 | 4.079 |
|   9   | 43.838 | 63.906 | 71.639 | 24.678 | 3.734 |
+-------+--------+--------+--------+--------+-------+
     logs:  {'epo': 9, 'R1': 43.838, 'R5': 63.906, 'R10': 71.639, 'mAP': 24.678, 'mINP': 3.734, 'entropy': 0.8803386129438877, 'loss': 2.2887162044644356, 'lr': 2.5079372808413712e-05}
     Epoch[10] Iteration[10/320], entropy: 0.9847, loss: 2.4139, lr: 4.82e-05
     Epoch[10] Iteration[20/320], entropy: 1.0225, loss: 2.5109, lr: 2.34e-05
     Epoch[10] Iteration[30/320], entropy: 0.9413, loss: 2.3250, lr: 7.85e-07
     Epoch[10] Iteration[40/320], entropy: 0.9086, loss: 2.3019, lr: 1.16e-05
     Epoch[10] Iteration[50/320], entropy: 0.9040, loss: 2.2958, lr: 4.09e-05
     Epoch[10] Iteration[60/320], entropy: 0.7404, loss: 2.1995, lr: 4.82e-05
     Epoch[10] Iteration[70/320], entropy: 0.9099, loss: 2.2857, lr: 2.34e-05
     Epoch[10] Iteration[80/320], entropy: 0.7022, loss: 2.1676, lr: 7.85e-07
     Epoch[10] Iteration[90/320], entropy: 0.9624, loss: 2.3791, lr: 1.16e-05
     Epoch[10] Iteration[100/320], entropy: 0.7162, loss: 2.2753, lr: 4.09e-05
     Epoch[10] Iteration[110/320], entropy: 0.9023, loss: 2.2749, lr: 4.82e-05
     Epoch[10] Iteration[120/320], entropy: 0.9877, loss: 2.3713, lr: 2.34e-05
     Epoch[10] Iteration[130/320], entropy: 0.9060, loss: 2.3644, lr: 7.85e-07
     Epoch[10] Iteration[140/320], entropy: 0.8665, loss: 2.2637, lr: 1.16e-05
     Epoch[10] Iteration[150/320], entropy: 0.8820, loss: 2.3126, lr: 4.09e-05
     Epoch[10] Iteration[160/320], entropy: 0.8898, loss: 2.3196, lr: 4.82e-05
     Epoch[10] Iteration[170/320], entropy: 0.8120, loss: 2.1303, lr: 2.34e-05
     Epoch[10] Iteration[180/320], entropy: 1.1518, loss: 2.3999, lr: 7.85e-07
     Epoch[10] Iteration[190/320], entropy: 0.8017, loss: 2.2414, lr: 1.16e-05
     Epoch[10] Iteration[200/320], entropy: 1.0008, loss: 2.3792, lr: 4.09e-05
     Epoch[10] Iteration[210/320], entropy: 0.8217, loss: 2.2106, lr: 4.82e-05
     Epoch[10] Iteration[220/320], entropy: 0.6531, loss: 2.1050, lr: 2.34e-05
     Epoch[10] Iteration[230/320], entropy: 0.9954, loss: 2.3697, lr: 7.85e-07
     Epoch[10] Iteration[240/320], entropy: 0.5891, loss: 2.2146, lr: 1.16e-05
     Epoch[10] Iteration[250/320], entropy: 0.9718, loss: 2.3874, lr: 4.09e-05
     Epoch[10] Iteration[260/320], entropy: 0.8068, loss: 2.2331, lr: 4.82e-05
     Epoch[10] Iteration[270/320], entropy: 0.9062, loss: 2.3467, lr: 2.34e-05
     Epoch[10] Iteration[280/320], entropy: 0.9331, loss: 2.4305, lr: 7.85e-07
     Epoch[10] Iteration[290/320], entropy: 0.8954, loss: 2.3622, lr: 1.16e-05
     Epoch[10] Iteration[300/320], entropy: 1.1321, loss: 2.5345, lr: 4.09e-05
     Epoch[10] Iteration[310/320], entropy: 0.8150, loss: 2.1940, lr: 4.82e-05
     Epoch[10] Iteration[320/320], entropy: 0.8408, loss: 2.3369, lr: 2.34e-05
     Averaged stats: entropy: 0.8408, loss: 2.3369, lr: 2.34e-05
     itm tta time 0:00:53
### TTA Eval Score: 
+-------+--------+--------+--------+--------+-------+
| epoch |   R1   |   R5   |  R10   |  mAP   |  mINP |
+-------+--------+--------+--------+--------+-------+
|  -999 | 60.641 | 77.509 | 83.268 | 35.542 | 6.004 |
|   0   | 60.570 | 77.454 | 83.212 | 35.716 | 6.165 |
|   1   | 60.475 | 77.091 | 83.117 | 35.619 | 6.238 |
|   2   | 59.447 | 76.471 | 82.719 | 35.144 | 6.193 |
|   3   | 58.076 | 75.448 | 81.908 | 34.256 | 6.028 |
|   4   | 55.960 | 74.068 | 80.729 | 32.976 | 5.760 |
|   5   | 53.356 | 71.927 | 78.930 | 31.256 | 5.339 |
|   6   | 50.887 | 69.967 | 77.116 | 29.602 | 4.917 |
|   7   | 48.378 | 67.901 | 75.232 | 27.819 | 4.469 |
|   8   | 46.065 | 65.886 | 73.332 | 26.177 | 4.079 |
|   9   | 43.838 | 63.906 | 71.639 | 24.678 | 3.734 |
|   10  | 41.636 | 61.860 | 69.795 | 23.184 | 3.401 |
+-------+--------+--------+--------+--------+-------+
     logs:  {'epo': 10, 'R1': 41.636, 'R5': 61.86, 'R10': 69.795, 'mAP': 23.184, 'mINP': 3.401, 'entropy': 0.8860438037663698, 'loss': 2.3105289191007614, 'lr': 2.56773327862177e-05}
     Epoch[11] Iteration[10/320], entropy: 0.9397, loss: 2.3170, lr: 7.85e-07
     Epoch[11] Iteration[20/320], entropy: 1.0063, loss: 2.3283, lr: 1.16e-05
     Epoch[11] Iteration[30/320], entropy: 0.8459, loss: 2.3072, lr: 4.09e-05
     Epoch[11] Iteration[40/320], entropy: 0.7598, loss: 2.1977, lr: 4.82e-05
     Epoch[11] Iteration[50/320], entropy: 0.9549, loss: 2.3267, lr: 2.34e-05
     Epoch[11] Iteration[60/320], entropy: 0.8974, loss: 2.3132, lr: 7.85e-07
     Epoch[11] Iteration[70/320], entropy: 0.7914, loss: 2.2434, lr: 1.16e-05
     Epoch[11] Iteration[80/320], entropy: 0.8845, loss: 2.2491, lr: 4.09e-05
     Epoch[11] Iteration[90/320], entropy: 0.8535, loss: 2.2425, lr: 4.82e-05
     Epoch[11] Iteration[100/320], entropy: 0.8115, loss: 2.2216, lr: 2.34e-05
     Epoch[11] Iteration[110/320], entropy: 0.7707, loss: 2.2877, lr: 7.85e-07
     Epoch[11] Iteration[120/320], entropy: 0.9807, loss: 2.3636, lr: 1.16e-05
     Epoch[11] Iteration[130/320], entropy: 0.7041, loss: 2.1480, lr: 4.09e-05
     Epoch[11] Iteration[140/320], entropy: 0.8701, loss: 2.2980, lr: 4.82e-05
     Epoch[11] Iteration[150/320], entropy: 0.6943, loss: 2.1099, lr: 2.34e-05
     Epoch[11] Iteration[160/320], entropy: 0.7560, loss: 2.2823, lr: 7.85e-07
     Epoch[11] Iteration[170/320], entropy: 0.7054, loss: 2.2000, lr: 1.16e-05
     Epoch[11] Iteration[180/320], entropy: 0.5510, loss: 2.0222, lr: 4.09e-05
     Epoch[11] Iteration[190/320], entropy: 0.7095, loss: 2.1461, lr: 4.82e-05
     Epoch[11] Iteration[200/320], entropy: 0.7669, loss: 2.1063, lr: 2.34e-05
     Epoch[11] Iteration[210/320], entropy: 0.8973, loss: 2.2184, lr: 7.85e-07
     Epoch[11] Iteration[220/320], entropy: 0.7030, loss: 2.2535, lr: 1.16e-05
     Epoch[11] Iteration[230/320], entropy: 0.7998, loss: 2.2627, lr: 4.09e-05
     Epoch[11] Iteration[240/320], entropy: 0.9531, loss: 2.4141, lr: 4.82e-05
     Epoch[11] Iteration[250/320], entropy: 0.5914, loss: 2.1280, lr: 2.34e-05
     Epoch[11] Iteration[260/320], entropy: 1.0205, loss: 2.3612, lr: 7.85e-07
     Epoch[11] Iteration[270/320], entropy: 0.9318, loss: 2.2934, lr: 1.16e-05
     Epoch[11] Iteration[280/320], entropy: 0.6804, loss: 2.0579, lr: 4.09e-05
     Epoch[11] Iteration[290/320], entropy: 0.8707, loss: 2.3607, lr: 4.82e-05
     Epoch[11] Iteration[300/320], entropy: 1.0045, loss: 2.4401, lr: 2.34e-05
     Epoch[11] Iteration[310/320], entropy: 0.6263, loss: 2.0817, lr: 7.85e-07
     Epoch[11] Iteration[320/320], entropy: 0.8160, loss: 2.3522, lr: 1.16e-05
     Averaged stats: entropy: 0.8160, loss: 2.3522, lr: 1.16e-05
     itm tta time 0:00:53
### TTA Eval Score: 
+-------+--------+--------+--------+--------+-------+
| epoch |   R1   |   R5   |  R10   |  mAP   |  mINP |
+-------+--------+--------+--------+--------+-------+
|  -999 | 60.641 | 77.509 | 83.268 | 35.542 | 6.004 |
|   0   | 60.570 | 77.454 | 83.212 | 35.716 | 6.165 |
|   1   | 60.475 | 77.091 | 83.117 | 35.619 | 6.238 |
|   2   | 59.447 | 76.471 | 82.719 | 35.144 | 6.193 |
|   3   | 58.076 | 75.448 | 81.908 | 34.256 | 6.028 |
|   4   | 55.960 | 74.068 | 80.729 | 32.976 | 5.760 |
|   5   | 53.356 | 71.927 | 78.930 | 31.256 | 5.339 |
|   6   | 50.887 | 69.967 | 77.116 | 29.602 | 4.917 |
|   7   | 48.378 | 67.901 | 75.232 | 27.819 | 4.469 |
|   8   | 46.065 | 65.886 | 73.332 | 26.177 | 4.079 |
|   9   | 43.838 | 63.906 | 71.639 | 24.678 | 3.734 |
|   10  | 41.636 | 61.860 | 69.795 | 23.184 | 3.401 |
|   11  | 39.727 | 60.127 | 68.168 | 21.947 | 3.147 |
+-------+--------+--------+--------+--------+-------+
     logs:  {'epo': 11, 'R1': 39.727, 'R5': 60.127, 'R10': 68.168, 'mAP': 21.947, 'mINP': 3.147, 'entropy': 0.8171336073428392, 'loss': 2.24796936661005, 'lr': 2.3824679721790654e-05}
     Epoch[12] Iteration[10/320], entropy: 1.1044, loss: 2.4850, lr: 4.09e-05
     Epoch[12] Iteration[20/320], entropy: 1.1026, loss: 2.4305, lr: 4.82e-05
     Epoch[12] Iteration[30/320], entropy: 0.8677, loss: 2.2937, lr: 2.34e-05
     Epoch[12] Iteration[40/320], entropy: 0.7522, loss: 2.2552, lr: 7.85e-07
     Epoch[12] Iteration[50/320], entropy: 0.6722, loss: 2.2517, lr: 1.16e-05
     Epoch[12] Iteration[60/320], entropy: 0.7267, loss: 2.1542, lr: 4.09e-05
     Epoch[12] Iteration[70/320], entropy: 0.9215, loss: 2.4246, lr: 4.82e-05
     Epoch[12] Iteration[80/320], entropy: 0.9080, loss: 2.3571, lr: 2.34e-05
     Epoch[12] Iteration[90/320], entropy: 0.8681, loss: 2.3020, lr: 7.85e-07
     Epoch[12] Iteration[100/320], entropy: 0.8520, loss: 2.2819, lr: 1.16e-05
     Epoch[12] Iteration[110/320], entropy: 0.6459, loss: 2.1804, lr: 4.09e-05
     Epoch[12] Iteration[120/320], entropy: 0.8234, loss: 2.2600, lr: 4.82e-05
     Epoch[12] Iteration[130/320], entropy: 0.8080, loss: 2.3002, lr: 2.34e-05
     Epoch[12] Iteration[140/320], entropy: 0.6528, loss: 2.0322, lr: 7.85e-07
     Epoch[12] Iteration[150/320], entropy: 1.0101, loss: 2.4302, lr: 1.16e-05
     Epoch[12] Iteration[160/320], entropy: 0.6284, loss: 2.0921, lr: 4.09e-05
     Epoch[12] Iteration[170/320], entropy: 0.8422, loss: 2.2812, lr: 4.92e-05
     Epoch[12] Iteration[180/320], entropy: 0.6134, loss: 2.1260, lr: 2.66e-05
     Epoch[12] Iteration[190/320], entropy: 0.7772, loss: 2.1600, lr: 1.76e-06
     Epoch[12] Iteration[200/320], entropy: 1.0301, loss: 2.4272, lr: 9.06e-06
     Epoch[12] Iteration[210/320], entropy: 0.8522, loss: 2.3110, lr: 3.84e-05
     Epoch[12] Iteration[220/320], entropy: 0.8540, loss: 2.2155, lr: 4.92e-05
     Epoch[12] Iteration[230/320], entropy: 0.8613, loss: 2.2810, lr: 2.66e-05
     Epoch[12] Iteration[240/320], entropy: 0.9419, loss: 2.3003, lr: 1.76e-06
     Epoch[12] Iteration[250/320], entropy: 0.7357, loss: 2.2330, lr: 9.06e-06
     Epoch[12] Iteration[260/320], entropy: 1.0486, loss: 2.3970, lr: 3.84e-05
     Epoch[12] Iteration[270/320], entropy: 0.7957, loss: 2.3100, lr: 4.92e-05
     Epoch[12] Iteration[280/320], entropy: 0.8522, loss: 2.3302, lr: 2.66e-05
     Epoch[12] Iteration[290/320], entropy: 0.8796, loss: 2.3179, lr: 1.76e-06
     Epoch[12] Iteration[300/320], entropy: 0.9851, loss: 2.3315, lr: 9.06e-06
     Epoch[12] Iteration[310/320], entropy: 0.5727, loss: 2.1216, lr: 3.84e-05
     Epoch[12] Iteration[320/320], entropy: 0.7465, loss: 2.2304, lr: 4.92e-05
     Averaged stats: entropy: 0.7465, loss: 2.2304, lr: 4.92e-05
     itm tta time 0:00:53
### TTA Eval Score: 
+-------+--------+--------+--------+--------+-------+
| epoch |   R1   |   R5   |  R10   |  mAP   |  mINP |
+-------+--------+--------+--------+--------+-------+
|  -999 | 60.641 | 77.509 | 83.268 | 35.542 | 6.004 |
|   0   | 60.570 | 77.454 | 83.212 | 35.716 | 6.165 |
|   1   | 60.475 | 77.091 | 83.117 | 35.619 | 6.238 |
|   2   | 59.447 | 76.471 | 82.719 | 35.144 | 6.193 |
|   3   | 58.076 | 75.448 | 81.908 | 34.256 | 6.028 |
|   4   | 55.960 | 74.068 | 80.729 | 32.976 | 5.760 |
|   5   | 53.356 | 71.927 | 78.930 | 31.256 | 5.339 |
|   6   | 50.887 | 69.967 | 77.116 | 29.602 | 4.917 |
|   7   | 48.378 | 67.901 | 75.232 | 27.819 | 4.469 |
|   8   | 46.065 | 65.886 | 73.332 | 26.177 | 4.079 |
|   9   | 43.838 | 63.906 | 71.639 | 24.678 | 3.734 |
|   10  | 41.636 | 61.860 | 69.795 | 23.184 | 3.401 |
|   11  | 39.727 | 60.127 | 68.168 | 21.947 | 3.147 |
|   12  | 38.059 | 58.283 | 66.485 | 20.684 | 2.895 |
+-------+--------+--------+--------+--------+-------+
     logs:  {'epo': 12, 'R1': 38.059, 'R5': 58.283, 'R10': 66.485, 'mAP': 20.684, 'mINP': 2.895, 'entropy': 0.8353908956050873, 'loss': 2.2782735973596573, 'lr': 2.625469308662294e-05}
     Epoch[13] Iteration[10/320], entropy: 0.8532, loss: 2.2222, lr: 2.66e-05
     Epoch[13] Iteration[20/320], entropy: 0.8403, loss: 2.2239, lr: 1.76e-06
     Epoch[13] Iteration[30/320], entropy: 0.6672, loss: 2.2415, lr: 9.06e-06
     Epoch[13] Iteration[40/320], entropy: 0.7725, loss: 2.1598, lr: 3.84e-05
     Epoch[13] Iteration[50/320], entropy: 0.7756, loss: 2.2606, lr: 4.92e-05
     Epoch[13] Iteration[60/320], entropy: 0.7118, loss: 2.1499, lr: 2.66e-05
     Epoch[13] Iteration[70/320], entropy: 0.7060, loss: 2.1412, lr: 1.76e-06
     Epoch[13] Iteration[80/320], entropy: 1.0405, loss: 2.5084, lr: 9.06e-06
     Epoch[13] Iteration[90/320], entropy: 0.8941, loss: 2.3311, lr: 3.84e-05
     Epoch[13] Iteration[100/320], entropy: 0.8731, loss: 2.2711, lr: 4.92e-05
     Epoch[13] Iteration[110/320], entropy: 0.8816, loss: 2.3417, lr: 2.66e-05
     Epoch[13] Iteration[120/320], entropy: 0.9377, loss: 2.2654, lr: 1.76e-06
     Epoch[13] Iteration[130/320], entropy: 0.8994, loss: 2.2877, lr: 9.06e-06
     Epoch[13] Iteration[140/320], entropy: 0.7490, loss: 2.3254, lr: 3.84e-05
     Epoch[13] Iteration[150/320], entropy: 0.8517, loss: 2.2111, lr: 4.92e-05
     Epoch[13] Iteration[160/320], entropy: 0.7274, loss: 2.1477, lr: 2.66e-05
     Epoch[13] Iteration[170/320], entropy: 0.7202, loss: 2.2833, lr: 1.76e-06
     Epoch[13] Iteration[180/320], entropy: 0.6779, loss: 2.2056, lr: 9.06e-06
     Epoch[13] Iteration[190/320], entropy: 0.8956, loss: 2.3399, lr: 3.84e-05
     Epoch[13] Iteration[200/320], entropy: 0.7055, loss: 2.2579, lr: 4.92e-05
     Epoch[13] Iteration[210/320], entropy: 0.7464, loss: 2.1444, lr: 2.66e-05
     Epoch[13] Iteration[220/320], entropy: 0.7479, loss: 2.1181, lr: 1.76e-06
     Epoch[13] Iteration[230/320], entropy: 0.6376, loss: 2.0413, lr: 9.06e-06
     Epoch[13] Iteration[240/320], entropy: 1.1612, loss: 2.4979, lr: 3.84e-05
     Epoch[13] Iteration[250/320], entropy: 0.6975, loss: 2.3726, lr: 4.92e-05
     Epoch[13] Iteration[260/320], entropy: 1.0066, loss: 2.3142, lr: 2.66e-05
     Epoch[13] Iteration[270/320], entropy: 0.8492, loss: 2.2792, lr: 1.76e-06
     Epoch[13] Iteration[280/320], entropy: 0.9035, loss: 2.3165, lr: 9.06e-06
     Epoch[13] Iteration[290/320], entropy: 0.9447, loss: 2.3563, lr: 3.84e-05
     Epoch[13] Iteration[300/320], entropy: 0.7661, loss: 2.2531, lr: 4.92e-05
     Epoch[13] Iteration[310/320], entropy: 0.7068, loss: 2.1438, lr: 2.66e-05
     Epoch[13] Iteration[320/320], entropy: 0.7815, loss: 2.2080, lr: 1.76e-06
     Averaged stats: entropy: 0.7815, loss: 2.2080, lr: 1.76e-06
     itm tta time 0:00:53
### TTA Eval Score: 
+-------+--------+--------+--------+--------+-------+
| epoch |   R1   |   R5   |  R10   |  mAP   |  mINP |
+-------+--------+--------+--------+--------+-------+
|  -999 | 60.641 | 77.509 | 83.268 | 35.542 | 6.004 |
|   0   | 60.570 | 77.454 | 83.212 | 35.716 | 6.165 |
|   1   | 60.475 | 77.091 | 83.117 | 35.619 | 6.238 |
|   2   | 59.447 | 76.471 | 82.719 | 35.144 | 6.193 |
|   3   | 58.076 | 75.448 | 81.908 | 34.256 | 6.028 |
|   4   | 55.960 | 74.068 | 80.729 | 32.976 | 5.760 |
|   5   | 53.356 | 71.927 | 78.930 | 31.256 | 5.339 |
|   6   | 50.887 | 69.967 | 77.116 | 29.602 | 4.917 |
|   7   | 48.378 | 67.901 | 75.232 | 27.819 | 4.469 |
|   8   | 46.065 | 65.886 | 73.332 | 26.177 | 4.079 |
|   9   | 43.838 | 63.906 | 71.639 | 24.678 | 3.734 |
|   10  | 41.636 | 61.860 | 69.795 | 23.184 | 3.401 |
|   11  | 39.727 | 60.127 | 68.168 | 21.947 | 3.147 |
|   12  | 38.059 | 58.283 | 66.485 | 20.684 | 2.895 |
|   13  | 36.301 | 56.373 | 64.888 | 19.545 | 2.669 |
+-------+--------+--------+--------+--------+-------+
     logs:  {'epo': 13, 'R1': 36.301, 'R5': 56.373, 'R10': 64.888, 'mAP': 19.545, 'mINP': 2.669, 'entropy': 0.8165488112717867, 'loss': 2.256900265812874, 'lr': 2.432266721378231e-05}
     Epoch[14] Iteration[10/320], entropy: 0.7122, loss: 2.1053, lr: 9.06e-06
     Epoch[14] Iteration[20/320], entropy: 0.7479, loss: 2.1755, lr: 3.84e-05
     Epoch[14] Iteration[30/320], entropy: 0.5512, loss: 1.9703, lr: 4.92e-05
     Epoch[14] Iteration[40/320], entropy: 0.7659, loss: 2.1035, lr: 2.66e-05
     Epoch[14] Iteration[50/320], entropy: 0.6482, loss: 2.1022, lr: 1.76e-06
     Epoch[14] Iteration[60/320], entropy: 0.7617, loss: 2.1521, lr: 9.06e-06
     Epoch[14] Iteration[70/320], entropy: 0.8178, loss: 2.2780, lr: 3.84e-05
     Epoch[14] Iteration[80/320], entropy: 0.7970, loss: 2.2769, lr: 4.92e-05
     Epoch[14] Iteration[90/320], entropy: 0.6984, loss: 2.2569, lr: 2.66e-05
     Epoch[14] Iteration[100/320], entropy: 0.6677, loss: 2.3006, lr: 1.76e-06
     Epoch[14] Iteration[110/320], entropy: 0.6953, loss: 2.0437, lr: 9.06e-06
     Epoch[14] Iteration[120/320], entropy: 0.7624, loss: 2.1905, lr: 3.84e-05
     Epoch[14] Iteration[130/320], entropy: 0.8607, loss: 2.2477, lr: 4.92e-05
     Epoch[14] Iteration[140/320], entropy: 0.7313, loss: 2.1891, lr: 2.66e-05
     Epoch[14] Iteration[150/320], entropy: 0.6005, loss: 2.1653, lr: 1.76e-06
     Epoch[14] Iteration[160/320], entropy: 0.8835, loss: 2.2141, lr: 9.06e-06
     Epoch[14] Iteration[170/320], entropy: 0.8237, loss: 2.3741, lr: 3.84e-05
     Epoch[14] Iteration[180/320], entropy: 0.7083, loss: 2.1149, lr: 4.92e-05
     Epoch[14] Iteration[190/320], entropy: 0.7847, loss: 2.2206, lr: 2.66e-05
     Epoch[14] Iteration[200/320], entropy: 0.6262, loss: 2.1248, lr: 1.76e-06
     Epoch[14] Iteration[210/320], entropy: 0.8845, loss: 2.3466, lr: 9.06e-06
     Epoch[14] Iteration[220/320], entropy: 0.8201, loss: 2.3415, lr: 3.84e-05
     Epoch[14] Iteration[230/320], entropy: 0.8240, loss: 2.3123, lr: 4.92e-05
     Epoch[14] Iteration[240/320], entropy: 0.7789, loss: 2.2526, lr: 2.66e-05
     Epoch[14] Iteration[250/320], entropy: 0.8817, loss: 2.2042, lr: 1.76e-06
     Epoch[14] Iteration[260/320], entropy: 0.8400, loss: 2.2257, lr: 9.06e-06
     Epoch[14] Iteration[270/320], entropy: 0.6750, loss: 2.2468, lr: 3.84e-05
     Epoch[14] Iteration[280/320], entropy: 0.8452, loss: 2.2920, lr: 4.92e-05
     Epoch[14] Iteration[290/320], entropy: 0.7818, loss: 2.3664, lr: 2.66e-05
     Epoch[14] Iteration[300/320], entropy: 0.5326, loss: 2.1185, lr: 1.76e-06
     Epoch[14] Iteration[310/320], entropy: 0.9044, loss: 2.2840, lr: 9.06e-06
     Epoch[14] Iteration[320/320], entropy: 0.9400, loss: 2.3154, lr: 3.84e-05
     Averaged stats: entropy: 0.9400, loss: 2.3154, lr: 3.84e-05
     itm tta time 0:00:53
### TTA Eval Score: 
+-------+--------+--------+--------+--------+-------+
| epoch |   R1   |   R5   |  R10   |  mAP   |  mINP |
+-------+--------+--------+--------+--------+-------+
|  -999 | 60.641 | 77.509 | 83.268 | 35.542 | 6.004 |
|   0   | 60.570 | 77.454 | 83.212 | 35.716 | 6.165 |
|   1   | 60.475 | 77.091 | 83.117 | 35.619 | 6.238 |
|   2   | 59.447 | 76.471 | 82.719 | 35.144 | 6.193 |
|   3   | 58.076 | 75.448 | 81.908 | 34.256 | 6.028 |
|   4   | 55.960 | 74.068 | 80.729 | 32.976 | 5.760 |
|   5   | 53.356 | 71.927 | 78.930 | 31.256 | 5.339 |
|   6   | 50.887 | 69.967 | 77.116 | 29.602 | 4.917 |
|   7   | 48.378 | 67.901 | 75.232 | 27.819 | 4.469 |
|   8   | 46.065 | 65.886 | 73.332 | 26.177 | 4.079 |
|   9   | 43.838 | 63.906 | 71.639 | 24.678 | 3.734 |
|   10  | 41.636 | 61.860 | 69.795 | 23.184 | 3.401 |
|   11  | 39.727 | 60.127 | 68.168 | 21.947 | 3.147 |
|   12  | 38.059 | 58.283 | 66.485 | 20.684 | 2.895 |
|   13  | 36.301 | 56.373 | 64.888 | 19.545 | 2.669 |
|   14  | 34.840 | 54.660 | 63.402 | 18.548 | 2.477 |
+-------+--------+--------+--------+--------+-------+
     logs:  {'epo': 14, 'R1': 34.84, 'R5': 54.66, 'R10': 63.402, 'mAP': 18.548, 'mINP': 2.477, 'entropy': 0.7610266767442226, 'loss': 2.2159989215433598, 'lr': 2.492062719158644e-05}
     Epoch[15] Iteration[10/320], entropy: 0.9471, loss: 2.3221, lr: 4.92e-05
     Epoch[15] Iteration[20/320], entropy: 0.6372, loss: 2.1055, lr: 2.66e-05
     Epoch[15] Iteration[30/320], entropy: 0.7352, loss: 2.3242, lr: 1.76e-06
     Epoch[15] Iteration[40/320], entropy: 0.6233, loss: 2.1343, lr: 9.06e-06
     Epoch[15] Iteration[50/320], entropy: 0.7902, loss: 2.2787, lr: 3.84e-05
     Epoch[15] Iteration[60/320], entropy: 0.8740, loss: 2.4011, lr: 4.92e-05
     Epoch[15] Iteration[70/320], entropy: 0.7970, loss: 2.3592, lr: 2.66e-05
     Epoch[15] Iteration[80/320], entropy: 0.8371, loss: 2.2203, lr: 1.76e-06
     Epoch[15] Iteration[90/320], entropy: 0.7680, loss: 2.1840, lr: 9.06e-06
     Epoch[15] Iteration[100/320], entropy: 0.8324, loss: 2.3865, lr: 3.84e-05
     Epoch[15] Iteration[110/320], entropy: 0.7460, loss: 2.3653, lr: 4.92e-05
     Epoch[15] Iteration[120/320], entropy: 0.5457, loss: 2.0016, lr: 2.66e-05
     Epoch[15] Iteration[130/320], entropy: 0.7915, loss: 2.1865, lr: 1.76e-06
     Epoch[15] Iteration[140/320], entropy: 0.5924, loss: 2.0449, lr: 9.06e-06
     Epoch[15] Iteration[150/320], entropy: 0.8194, loss: 2.3194, lr: 3.84e-05
     Epoch[15] Iteration[160/320], entropy: 0.6512, loss: 2.1755, lr: 4.92e-05
     Epoch[15] Iteration[170/320], entropy: 0.6210, loss: 2.0024, lr: 2.66e-05
     Epoch[15] Iteration[180/320], entropy: 0.8187, loss: 2.2238, lr: 1.76e-06
     Epoch[15] Iteration[190/320], entropy: 0.7925, loss: 2.1629, lr: 9.06e-06
     Epoch[15] Iteration[200/320], entropy: 0.6242, loss: 2.1322, lr: 3.84e-05
     Epoch[15] Iteration[210/320], entropy: 0.6533, loss: 2.0844, lr: 4.92e-05
     Epoch[15] Iteration[220/320], entropy: 0.8049, loss: 2.2935, lr: 2.66e-05
     Epoch[15] Iteration[230/320], entropy: 0.9717, loss: 2.3936, lr: 1.76e-06
     Epoch[15] Iteration[240/320], entropy: 0.7211, loss: 2.0939, lr: 9.06e-06
     Epoch[15] Iteration[250/320], entropy: 0.7642, loss: 2.2764, lr: 3.84e-05
     Epoch[15] Iteration[260/320], entropy: 0.8571, loss: 2.2796, lr: 4.92e-05
     Epoch[15] Iteration[270/320], entropy: 0.6785, loss: 2.3155, lr: 2.66e-05
     Epoch[15] Iteration[280/320], entropy: 0.7671, loss: 2.2677, lr: 1.76e-06
     Epoch[15] Iteration[290/320], entropy: 0.6097, loss: 2.1713, lr: 9.06e-06
     Epoch[15] Iteration[300/320], entropy: 0.9335, loss: 2.3161, lr: 3.84e-05
     Epoch[15] Iteration[310/320], entropy: 0.7860, loss: 2.1430, lr: 4.92e-05
     Epoch[15] Iteration[320/320], entropy: 0.7538, loss: 2.1848, lr: 2.66e-05
     Averaged stats: entropy: 0.7538, loss: 2.1848, lr: 2.66e-05
     itm tta time 0:00:53
### TTA Eval Score: 
+-------+--------+--------+--------+--------+-------+
| epoch |   R1   |   R5   |  R10   |  mAP   |  mINP |
+-------+--------+--------+--------+--------+-------+
|  -999 | 60.641 | 77.509 | 83.268 | 35.542 | 6.004 |
|   0   | 60.570 | 77.454 | 83.212 | 35.716 | 6.165 |
|   1   | 60.475 | 77.091 | 83.117 | 35.619 | 6.238 |
|   2   | 59.447 | 76.471 | 82.719 | 35.144 | 6.193 |
|   3   | 58.076 | 75.448 | 81.908 | 34.256 | 6.028 |
|   4   | 55.960 | 74.068 | 80.729 | 32.976 | 5.760 |
|   5   | 53.356 | 71.927 | 78.930 | 31.256 | 5.339 |
|   6   | 50.887 | 69.967 | 77.116 | 29.602 | 4.917 |
|   7   | 48.378 | 67.901 | 75.232 | 27.819 | 4.469 |
|   8   | 46.065 | 65.886 | 73.332 | 26.177 | 4.079 |
|   9   | 43.838 | 63.906 | 71.639 | 24.678 | 3.734 |
|   10  | 41.636 | 61.860 | 69.795 | 23.184 | 3.401 |
|   11  | 39.727 | 60.127 | 68.168 | 21.947 | 3.147 |
|   12  | 38.059 | 58.283 | 66.485 | 20.684 | 2.895 |
|   13  | 36.301 | 56.373 | 64.888 | 19.545 | 2.669 |
|   14  | 34.840 | 54.660 | 63.402 | 18.548 | 2.477 |
|   15  | 33.207 | 52.947 | 61.734 | 17.506 | 2.284 |
+-------+--------+--------+--------+--------+-------+
     logs:  {'epo': 15, 'R1': 33.207, 'R5': 52.947, 'R10': 61.734, 'mAP': 17.506, 'mINP': 2.284, 'entropy': 0.7545311991125345, 'loss': 2.2234446182847023, 'lr': 2.5805760688014316e-05}
     Epoch[16] Iteration[10/320], entropy: 0.8086, loss: 2.2230, lr: 1.76e-06
     Epoch[16] Iteration[20/320], entropy: 0.5271, loss: 1.9825, lr: 9.06e-06
     Epoch[16] Iteration[30/320], entropy: 0.9089, loss: 2.2853, lr: 3.84e-05
     Epoch[16] Iteration[40/320], entropy: 0.6311, loss: 2.0675, lr: 4.92e-05
     Epoch[16] Iteration[50/320], entropy: 0.7642, loss: 2.1546, lr: 2.66e-05
     Epoch[16] Iteration[60/320], entropy: 0.7719, loss: 2.1475, lr: 1.76e-06
     Epoch[16] Iteration[70/320], entropy: 0.8492, loss: 2.3126, lr: 9.06e-06
     Epoch[16] Iteration[80/320], entropy: 0.6635, loss: 2.1477, lr: 3.84e-05
     Epoch[16] Iteration[90/320], entropy: 0.6967, loss: 2.1915, lr: 4.92e-05
     Epoch[16] Iteration[100/320], entropy: 0.7148, loss: 2.1960, lr: 2.66e-05
     Epoch[16] Iteration[110/320], entropy: 0.8607, loss: 2.3353, lr: 1.76e-06
     Epoch[16] Iteration[120/320], entropy: 0.9187, loss: 2.3597, lr: 9.06e-06
     Epoch[16] Iteration[130/320], entropy: 0.8197, loss: 2.2461, lr: 3.84e-05
     Epoch[16] Iteration[140/320], entropy: 0.7226, loss: 2.2492, lr: 4.92e-05
     Epoch[16] Iteration[150/320], entropy: 0.6167, loss: 2.1314, lr: 2.66e-05
     Epoch[16] Iteration[160/320], entropy: 0.8282, loss: 2.2194, lr: 1.76e-06
     Epoch[16] Iteration[170/320], entropy: 0.8157, loss: 2.1771, lr: 9.06e-06
     Epoch[16] Iteration[180/320], entropy: 0.8397, loss: 2.3160, lr: 3.84e-05
     Epoch[16] Iteration[190/320], entropy: 0.9344, loss: 2.3924, lr: 4.92e-05
     Epoch[16] Iteration[200/320], entropy: 0.7892, loss: 2.3181, lr: 2.66e-05
     Epoch[16] Iteration[210/320], entropy: 0.7016, loss: 2.1476, lr: 1.76e-06
     Epoch[16] Iteration[220/320], entropy: 0.4928, loss: 2.0928, lr: 9.06e-06
     Epoch[16] Iteration[230/320], entropy: 0.7762, loss: 2.1721, lr: 3.84e-05
     Epoch[16] Iteration[240/320], entropy: 0.6660, loss: 2.1792, lr: 4.92e-05
     Epoch[16] Iteration[250/320], entropy: 0.7854, loss: 2.3314, lr: 2.66e-05
     Epoch[16] Iteration[260/320], entropy: 0.6599, loss: 2.1542, lr: 1.76e-06
     Epoch[16] Iteration[270/320], entropy: 0.7737, loss: 2.3220, lr: 9.06e-06
     Epoch[16] Iteration[280/320], entropy: 0.6333, loss: 2.0211, lr: 3.84e-05
     Epoch[16] Iteration[290/320], entropy: 0.7792, loss: 2.2573, lr: 4.92e-05
     Epoch[16] Iteration[300/320], entropy: 0.8663, loss: 2.2907, lr: 2.66e-05
     Epoch[16] Iteration[310/320], entropy: 0.7693, loss: 2.2619, lr: 1.76e-06
     Epoch[16] Iteration[320/320], entropy: 0.7790, loss: 2.3004, lr: 9.06e-06
     Averaged stats: entropy: 0.7790, loss: 2.3004, lr: 9.06e-06
     itm tta time 0:00:53
### TTA Eval Score: 
+-------+--------+--------+--------+--------+-------+
| epoch |   R1   |   R5   |  R10   |  mAP   |  mINP |
+-------+--------+--------+--------+--------+-------+
|  -999 | 60.641 | 77.509 | 83.268 | 35.542 | 6.004 |
|   0   | 60.570 | 77.454 | 83.212 | 35.716 | 6.165 |
|   1   | 60.475 | 77.091 | 83.117 | 35.619 | 6.238 |
|   2   | 59.447 | 76.471 | 82.719 | 35.144 | 6.193 |
|   3   | 58.076 | 75.448 | 81.908 | 34.256 | 6.028 |
|   4   | 55.960 | 74.068 | 80.729 | 32.976 | 5.760 |
|   5   | 53.356 | 71.927 | 78.930 | 31.256 | 5.339 |
|   6   | 50.887 | 69.967 | 77.116 | 29.602 | 4.917 |
|   7   | 48.378 | 67.901 | 75.232 | 27.819 | 4.469 |
|   8   | 46.065 | 65.886 | 73.332 | 26.177 | 4.079 |
|   9   | 43.838 | 63.906 | 71.639 | 24.678 | 3.734 |
|   10  | 41.636 | 61.860 | 69.795 | 23.184 | 3.401 |
|   11  | 39.727 | 60.127 | 68.168 | 21.947 | 3.147 |
|   12  | 38.059 | 58.283 | 66.485 | 20.684 | 2.895 |
|   13  | 36.301 | 56.373 | 64.888 | 19.545 | 2.669 |
|   14  | 34.840 | 54.660 | 63.402 | 18.548 | 2.477 |
|   15  | 33.207 | 52.947 | 61.734 | 17.506 | 2.284 |
|   16  | 31.958 | 51.461 | 60.182 | 16.639 | 2.129 |
+-------+--------+--------+--------+--------+-------+
     logs:  {'epo': 16, 'R1': 31.958, 'R5': 51.461, 'R10': 60.182, 'mAP': 16.639, 'mINP': 2.129, 'entropy': 0.7551303757354617, 'loss': 2.218235421925783, 'lr': 2.3775624628408847e-05}
     Epoch[17] Iteration[10/320], entropy: 0.7390, loss: 2.1840, lr: 3.84e-05
     Epoch[17] Iteration[20/320], entropy: 0.8584, loss: 2.3371, lr: 4.92e-05
     Epoch[17] Iteration[30/320], entropy: 0.4951, loss: 2.0373, lr: 2.66e-05
     Epoch[17] Iteration[40/320], entropy: 0.6723, loss: 2.1560, lr: 1.76e-06
     Epoch[17] Iteration[50/320], entropy: 0.6527, loss: 2.1811, lr: 9.06e-06
     Epoch[17] Iteration[60/320], entropy: 0.8760, loss: 2.3216, lr: 3.84e-05
     Epoch[17] Iteration[70/320], entropy: 0.8855, loss: 2.3646, lr: 4.92e-05
     Epoch[17] Iteration[80/320], entropy: 0.5941, loss: 2.2087, lr: 2.66e-05
     Epoch[17] Iteration[90/320], entropy: 0.7667, loss: 2.2847, lr: 1.76e-06
     Epoch[17] Iteration[100/320], entropy: 0.8188, loss: 2.2167, lr: 9.06e-06
     Epoch[17] Iteration[110/320], entropy: 0.7024, loss: 2.1636, lr: 3.84e-05
     Epoch[17] Iteration[120/320], entropy: 0.8051, loss: 2.2930, lr: 4.92e-05
     Epoch[17] Iteration[130/320], entropy: 0.7686, loss: 2.2663, lr: 2.66e-05
     Epoch[17] Iteration[140/320], entropy: 0.8152, loss: 2.2360, lr: 1.76e-06
     Epoch[17] Iteration[150/320], entropy: 0.7676, loss: 2.2778, lr: 9.06e-06
     Epoch[17] Iteration[160/320], entropy: 0.8271, loss: 2.2747, lr: 3.84e-05
     Epoch[17] Iteration[170/320], entropy: 0.8409, loss: 2.2563, lr: 4.92e-05
     Epoch[17] Iteration[180/320], entropy: 0.5110, loss: 2.1166, lr: 2.66e-05
     Epoch[17] Iteration[190/320], entropy: 0.7624, loss: 2.1259, lr: 1.76e-06
     Epoch[17] Iteration[200/320], entropy: 0.7681, loss: 2.2426, lr: 9.06e-06
     Epoch[17] Iteration[210/320], entropy: 0.8431, loss: 2.2429, lr: 3.84e-05
     Epoch[17] Iteration[220/320], entropy: 0.6060, loss: 2.1200, lr: 4.92e-05
     Epoch[17] Iteration[230/320], entropy: 0.6231, loss: 2.1344, lr: 2.66e-05
     Epoch[17] Iteration[240/320], entropy: 0.8879, loss: 2.2886, lr: 1.76e-06
     Epoch[17] Iteration[250/320], entropy: 0.6438, loss: 2.2195, lr: 9.06e-06
     Epoch[17] Iteration[260/320], entropy: 0.5860, loss: 2.1357, lr: 3.84e-05
     Epoch[17] Iteration[270/320], entropy: 0.9473, loss: 2.4014, lr: 4.92e-05
     Epoch[17] Iteration[280/320], entropy: 0.7097, loss: 2.1415, lr: 2.66e-05
     Epoch[17] Iteration[290/320], entropy: 0.8344, loss: 2.2941, lr: 1.76e-06
     Epoch[17] Iteration[300/320], entropy: 0.8048, loss: 2.1696, lr: 9.06e-06
     Epoch[17] Iteration[310/320], entropy: 0.6140, loss: 2.1643, lr: 3.84e-05
     Epoch[17] Iteration[320/320], entropy: 0.6636, loss: 2.0177, lr: 4.92e-05
     Averaged stats: entropy: 0.6636, loss: 2.0177, lr: 4.92e-05
     itm tta time 0:00:53
### TTA Eval Score: 
+-------+--------+--------+--------+--------+-------+
| epoch |   R1   |   R5   |  R10   |  mAP   |  mINP |
+-------+--------+--------+--------+--------+-------+
|  -999 | 60.641 | 77.509 | 83.268 | 35.542 | 6.004 |
|   0   | 60.570 | 77.454 | 83.212 | 35.716 | 6.165 |
|   1   | 60.475 | 77.091 | 83.117 | 35.619 | 6.238 |
|   2   | 59.447 | 76.471 | 82.719 | 35.144 | 6.193 |
|   3   | 58.076 | 75.448 | 81.908 | 34.256 | 6.028 |
|   4   | 55.960 | 74.068 | 80.729 | 32.976 | 5.760 |
|   5   | 53.356 | 71.927 | 78.930 | 31.256 | 5.339 |
|   6   | 50.887 | 69.967 | 77.116 | 29.602 | 4.917 |
|   7   | 48.378 | 67.901 | 75.232 | 27.819 | 4.469 |
|   8   | 46.065 | 65.886 | 73.332 | 26.177 | 4.079 |
|   9   | 43.838 | 63.906 | 71.639 | 24.678 | 3.734 |
|   10  | 41.636 | 61.860 | 69.795 | 23.184 | 3.401 |
|   11  | 39.727 | 60.127 | 68.168 | 21.947 | 3.147 |
|   12  | 38.059 | 58.283 | 66.485 | 20.684 | 2.895 |
|   13  | 36.301 | 56.373 | 64.888 | 19.545 | 2.669 |
|   14  | 34.840 | 54.660 | 63.402 | 18.548 | 2.477 |
|   15  | 33.207 | 52.947 | 61.734 | 17.506 | 2.284 |
|   16  | 31.958 | 51.461 | 60.182 | 16.639 | 2.129 |
|   17  | 30.623 | 49.849 | 58.651 | 15.769 | 1.981 |
+-------+--------+--------+--------+--------+-------+
     logs:  {'epo': 17, 'R1': 30.623, 'R5': 49.849, 'R10': 58.651, 'mAP': 15.769, 'mINP': 1.981, 'entropy': 0.7403407879173756, 'loss': 2.2148234844207764, 'lr': 2.6175320278209345e-05}
     Epoch[18] Iteration[10/320], entropy: 0.7533, loss: 2.2572, lr: 2.66e-05
     Epoch[18] Iteration[20/320], entropy: 0.8626, loss: 2.3163, lr: 1.76e-06
     Epoch[18] Iteration[30/320], entropy: 0.4738, loss: 2.1908, lr: 9.06e-06
     Epoch[18] Iteration[40/320], entropy: 0.7428, loss: 2.3854, lr: 3.84e-05
     Epoch[18] Iteration[50/320], entropy: 0.6425, loss: 2.2571, lr: 4.92e-05
     Epoch[18] Iteration[60/320], entropy: 0.8497, loss: 2.3515, lr: 2.66e-05
     Epoch[18] Iteration[70/320], entropy: 0.7870, loss: 2.3246, lr: 1.76e-06
     Epoch[18] Iteration[80/320], entropy: 0.7478, loss: 2.2136, lr: 9.06e-06
     Epoch[18] Iteration[90/320], entropy: 0.4455, loss: 2.0247, lr: 3.84e-05
     Epoch[18] Iteration[100/320], entropy: 0.7760, loss: 2.2986, lr: 4.92e-05
     Epoch[18] Iteration[110/320], entropy: 0.8426, loss: 2.2910, lr: 2.66e-05
     Epoch[18] Iteration[120/320], entropy: 0.7550, loss: 2.2789, lr: 1.76e-06
     Epoch[18] Iteration[130/320], entropy: 1.0114, loss: 2.3336, lr: 9.06e-06
     Epoch[18] Iteration[140/320], entropy: 0.8207, loss: 2.2852, lr: 3.84e-05
     Epoch[18] Iteration[150/320], entropy: 0.8245, loss: 2.2903, lr: 4.92e-05
     Epoch[18] Iteration[160/320], entropy: 0.7198, loss: 2.3010, lr: 2.66e-05
     Epoch[18] Iteration[170/320], entropy: 0.7112, loss: 2.1893, lr: 1.76e-06
     Epoch[18] Iteration[180/320], entropy: 0.5430, loss: 2.2374, lr: 9.06e-06
     Epoch[18] Iteration[190/320], entropy: 0.7956, loss: 2.2065, lr: 3.84e-05
     Epoch[18] Iteration[200/320], entropy: 0.8001, loss: 2.2690, lr: 4.92e-05
     Epoch[18] Iteration[210/320], entropy: 0.6447, loss: 2.2338, lr: 2.66e-05
     Epoch[18] Iteration[220/320], entropy: 0.8569, loss: 2.4118, lr: 1.76e-06
     Epoch[18] Iteration[230/320], entropy: 0.8364, loss: 2.2239, lr: 9.06e-06
     Epoch[18] Iteration[240/320], entropy: 0.4961, loss: 2.0267, lr: 3.84e-05
     Epoch[18] Iteration[250/320], entropy: 0.7843, loss: 2.1882, lr: 4.98e-05
     Epoch[18] Iteration[260/320], entropy: 0.7592, loss: 2.1060, lr: 2.97e-05
     Epoch[18] Iteration[270/320], entropy: 0.8446, loss: 2.3132, lr: 3.09e-06
     Epoch[18] Iteration[280/320], entropy: 0.8140, loss: 2.1212, lr: 6.78e-06
     Epoch[18] Iteration[290/320], entropy: 0.7827, loss: 2.1312, lr: 3.56e-05
     Epoch[18] Iteration[300/320], entropy: 0.9500, loss: 2.3692, lr: 4.98e-05
     Epoch[18] Iteration[310/320], entropy: 0.7143, loss: 2.2649, lr: 2.97e-05
     Epoch[18] Iteration[320/320], entropy: 0.5637, loss: 2.0847, lr: 3.09e-06
     Averaged stats: entropy: 0.5637, loss: 2.0847, lr: 3.09e-06
     itm tta time 0:00:53
### TTA Eval Score: 
+-------+--------+--------+--------+--------+-------+
| epoch |   R1   |   R5   |  R10   |  mAP   |  mINP |
+-------+--------+--------+--------+--------+-------+
|  -999 | 60.641 | 77.509 | 83.268 | 35.542 | 6.004 |
|   0   | 60.570 | 77.454 | 83.212 | 35.716 | 6.165 |
|   1   | 60.475 | 77.091 | 83.117 | 35.619 | 6.238 |
|   2   | 59.447 | 76.471 | 82.719 | 35.144 | 6.193 |
|   3   | 58.076 | 75.448 | 81.908 | 34.256 | 6.028 |
|   4   | 55.960 | 74.068 | 80.729 | 32.976 | 5.760 |
|   5   | 53.356 | 71.927 | 78.930 | 31.256 | 5.339 |
|   6   | 50.887 | 69.967 | 77.116 | 29.602 | 4.917 |
|   7   | 48.378 | 67.901 | 75.232 | 27.819 | 4.469 |
|   8   | 46.065 | 65.886 | 73.332 | 26.177 | 4.079 |
|   9   | 43.838 | 63.906 | 71.639 | 24.678 | 3.734 |
|   10  | 41.636 | 61.860 | 69.795 | 23.184 | 3.401 |
|   11  | 39.727 | 60.127 | 68.168 | 21.947 | 3.147 |
|   12  | 38.059 | 58.283 | 66.485 | 20.684 | 2.895 |
|   13  | 36.301 | 56.373 | 64.888 | 19.545 | 2.669 |
|   14  | 34.840 | 54.660 | 63.402 | 18.548 | 2.477 |
|   15  | 33.207 | 52.947 | 61.734 | 17.506 | 2.284 |
|   16  | 31.958 | 51.461 | 60.182 | 16.639 | 2.129 |
|   17  | 30.623 | 49.849 | 58.651 | 15.769 | 1.981 |
|   18  | 29.378 | 48.363 | 57.306 | 14.961 | 1.847 |
+-------+--------+--------+--------+--------+-------+
     logs:  {'epo': 18, 'R1': 29.378, 'R5': 48.363, 'R10': 57.306, 'mAP': 14.961, 'mINP': 1.847, 'entropy': 0.7484955573454499, 'loss': 2.24302738904953, 'lr': 2.448016107400624e-05}
     Epoch[19] Iteration[10/320], entropy: 0.6240, loss: 2.1166, lr: 6.78e-06
     Epoch[19] Iteration[20/320], entropy: 0.7591, loss: 2.2353, lr: 3.56e-05
     Epoch[19] Iteration[30/320], entropy: 0.9905, loss: 2.4833, lr: 4.98e-05
     Epoch[19] Iteration[40/320], entropy: 1.0769, loss: 2.3832, lr: 2.97e-05
     Epoch[19] Iteration[50/320], entropy: 0.7425, loss: 2.2544, lr: 3.09e-06
     Epoch[19] Iteration[60/320], entropy: 0.6629, loss: 2.1946, lr: 6.78e-06
     Epoch[19] Iteration[70/320], entropy: 0.7103, loss: 2.3601, lr: 3.56e-05
     Epoch[19] Iteration[80/320], entropy: 0.8661, loss: 2.3433, lr: 4.98e-05
     Epoch[19] Iteration[90/320], entropy: 0.6685, loss: 2.0514, lr: 2.97e-05
     Epoch[19] Iteration[100/320], entropy: 0.8559, loss: 2.3060, lr: 3.09e-06
     Epoch[19] Iteration[110/320], entropy: 0.7167, loss: 2.1746, lr: 6.78e-06
     Epoch[19] Iteration[120/320], entropy: 0.6936, loss: 2.1603, lr: 3.56e-05
     Epoch[19] Iteration[130/320], entropy: 0.7741, loss: 2.2658, lr: 4.98e-05
     Epoch[19] Iteration[140/320], entropy: 0.6839, loss: 2.1809, lr: 2.97e-05
     Epoch[19] Iteration[150/320], entropy: 0.7815, loss: 2.3666, lr: 3.09e-06
     Epoch[19] Iteration[160/320], entropy: 0.6679, loss: 2.1421, lr: 6.78e-06
     Epoch[19] Iteration[170/320], entropy: 0.7269, loss: 2.2144, lr: 3.56e-05
     Epoch[19] Iteration[180/320], entropy: 0.7334, loss: 2.2185, lr: 4.98e-05
     Epoch[19] Iteration[190/320], entropy: 0.7366, loss: 2.3291, lr: 2.97e-05
     Epoch[19] Iteration[200/320], entropy: 0.8264, loss: 2.2167, lr: 3.09e-06
     Epoch[19] Iteration[210/320], entropy: 0.6759, loss: 2.1881, lr: 6.78e-06
     Epoch[19] Iteration[220/320], entropy: 0.7376, loss: 2.2278, lr: 3.56e-05
     Epoch[19] Iteration[230/320], entropy: 0.6953, loss: 2.2217, lr: 4.98e-05
     Epoch[19] Iteration[240/320], entropy: 0.6914, loss: 2.1778, lr: 2.97e-05
     Epoch[19] Iteration[250/320], entropy: 0.8966, loss: 2.2604, lr: 3.09e-06
     Epoch[19] Iteration[260/320], entropy: 0.4138, loss: 2.1678, lr: 6.78e-06
     Epoch[19] Iteration[270/320], entropy: 0.7289, loss: 2.2176, lr: 3.56e-05
     Epoch[19] Iteration[280/320], entropy: 0.9572, loss: 2.3480, lr: 4.98e-05
     Epoch[19] Iteration[290/320], entropy: 0.7388, loss: 2.1755, lr: 2.97e-05
     Epoch[19] Iteration[300/320], entropy: 0.4749, loss: 2.0747, lr: 3.09e-06
     Epoch[19] Iteration[310/320], entropy: 0.7250, loss: 2.2602, lr: 6.78e-06
     Epoch[19] Iteration[320/320], entropy: 0.4872, loss: 2.1020, lr: 3.56e-05
     Averaged stats: entropy: 0.4872, loss: 2.1020, lr: 3.56e-05
     itm tta time 0:00:53
### TTA Eval Score: 
+-------+--------+--------+--------+--------+-------+
| epoch |   R1   |   R5   |  R10   |  mAP   |  mINP |
+-------+--------+--------+--------+--------+-------+
|  -999 | 60.641 | 77.509 | 83.268 | 35.542 | 6.004 |
|   0   | 60.570 | 77.454 | 83.212 | 35.716 | 6.165 |
|   1   | 60.475 | 77.091 | 83.117 | 35.619 | 6.238 |
|   2   | 59.447 | 76.471 | 82.719 | 35.144 | 6.193 |
|   3   | 58.076 | 75.448 | 81.908 | 34.256 | 6.028 |
|   4   | 55.960 | 74.068 | 80.729 | 32.976 | 5.760 |
|   5   | 53.356 | 71.927 | 78.930 | 31.256 | 5.339 |
|   6   | 50.887 | 69.967 | 77.116 | 29.602 | 4.917 |
|   7   | 48.378 | 67.901 | 75.232 | 27.819 | 4.469 |
|   8   | 46.065 | 65.886 | 73.332 | 26.177 | 4.079 |
|   9   | 43.838 | 63.906 | 71.639 | 24.678 | 3.734 |
|   10  | 41.636 | 61.860 | 69.795 | 23.184 | 3.401 |
|   11  | 39.727 | 60.127 | 68.168 | 21.947 | 3.147 |
|   12  | 38.059 | 58.283 | 66.485 | 20.684 | 2.895 |
|   13  | 36.301 | 56.373 | 64.888 | 19.545 | 2.669 |
|   14  | 34.840 | 54.660 | 63.402 | 18.548 | 2.477 |
|   15  | 33.207 | 52.947 | 61.734 | 17.506 | 2.284 |
|   16  | 31.958 | 51.461 | 60.182 | 16.639 | 2.129 |
|   17  | 30.623 | 49.849 | 58.651 | 15.769 | 1.981 |
|   18  | 29.378 | 48.363 | 57.306 | 14.961 | 1.847 |
|   19  | 28.436 | 47.022 | 55.965 | 14.249 | 1.732 |
+-------+--------+--------+--------+--------+-------+
     logs:  {'epo': 19, 'R1': 28.436, 'R5': 47.022, 'R10': 55.965, 'mAP': 14.249, 'mINP': 1.732, 'entropy': 0.735014021396637, 'loss': 2.2318420857191086, 'lr': 2.4763133331362196e-05}
     Epoch[20] Iteration[10/320], entropy: 0.5304, loss: 2.1229, lr: 4.98e-05
     Epoch[20] Iteration[20/320], entropy: 0.4770, loss: 2.0975, lr: 2.97e-05
     Epoch[20] Iteration[30/320], entropy: 0.8344, loss: 2.2641, lr: 3.09e-06
     Epoch[20] Iteration[40/320], entropy: 0.8255, loss: 2.2932, lr: 6.78e-06
     Epoch[20] Iteration[50/320], entropy: 0.8123, loss: 2.2873, lr: 3.56e-05
     Epoch[20] Iteration[60/320], entropy: 0.7942, loss: 2.1712, lr: 4.98e-05
     Epoch[20] Iteration[70/320], entropy: 0.7302, loss: 2.1121, lr: 2.97e-05
     Epoch[20] Iteration[80/320], entropy: 0.5853, loss: 2.0615, lr: 3.09e-06
     Epoch[20] Iteration[90/320], entropy: 0.7825, loss: 2.2206, lr: 6.78e-06
     Epoch[20] Iteration[100/320], entropy: 0.6716, loss: 2.2761, lr: 3.56e-05
     Epoch[20] Iteration[110/320], entropy: 0.6226, loss: 2.0529, lr: 4.98e-05
     Epoch[20] Iteration[120/320], entropy: 0.6734, loss: 2.2462, lr: 2.97e-05
     Epoch[20] Iteration[130/320], entropy: 0.6685, loss: 2.1885, lr: 3.09e-06
     Epoch[20] Iteration[140/320], entropy: 0.6285, loss: 2.1046, lr: 6.78e-06
     Epoch[20] Iteration[150/320], entropy: 0.7916, loss: 2.2216, lr: 3.56e-05
     Epoch[20] Iteration[160/320], entropy: 0.6434, loss: 2.1423, lr: 4.98e-05
     Epoch[20] Iteration[170/320], entropy: 0.7434, loss: 2.2275, lr: 2.97e-05
     Epoch[20] Iteration[180/320], entropy: 0.7057, loss: 2.1691, lr: 3.09e-06
     Epoch[20] Iteration[190/320], entropy: 0.7872, loss: 2.2947, lr: 6.78e-06
     Epoch[20] Iteration[200/320], entropy: 0.6783, loss: 2.2585, lr: 3.56e-05
     Epoch[20] Iteration[210/320], entropy: 0.7954, loss: 2.2874, lr: 4.98e-05
     Epoch[20] Iteration[220/320], entropy: 0.7319, loss: 2.3199, lr: 2.97e-05
     Epoch[20] Iteration[230/320], entropy: 0.7656, loss: 2.3305, lr: 3.09e-06
     Epoch[20] Iteration[240/320], entropy: 0.7426, loss: 2.1934, lr: 6.78e-06
     Epoch[20] Iteration[250/320], entropy: 0.7322, loss: 2.1965, lr: 3.56e-05
     Epoch[20] Iteration[260/320], entropy: 0.7055, loss: 2.1884, lr: 4.98e-05
     Epoch[20] Iteration[270/320], entropy: 0.6230, loss: 2.1074, lr: 2.97e-05
     Epoch[20] Iteration[280/320], entropy: 0.7207, loss: 2.2498, lr: 3.09e-06
     Epoch[20] Iteration[290/320], entropy: 0.8374, loss: 2.2408, lr: 6.78e-06
     Epoch[20] Iteration[300/320], entropy: 0.8032, loss: 2.3025, lr: 3.56e-05
     Epoch[20] Iteration[310/320], entropy: 0.7116, loss: 2.1931, lr: 4.98e-05
     Epoch[20] Iteration[320/320], entropy: 0.6513, loss: 2.2404, lr: 2.97e-05
     Averaged stats: entropy: 0.6513, loss: 2.2404, lr: 2.97e-05
     itm tta time 0:00:53
### TTA Eval Score: 
+-------+--------+--------+--------+--------+-------+
| epoch |   R1   |   R5   |  R10   |  mAP   |  mINP |
+-------+--------+--------+--------+--------+-------+
|  -999 | 60.641 | 77.509 | 83.268 | 35.542 | 6.004 |
|   0   | 60.570 | 77.454 | 83.212 | 35.716 | 6.165 |
|   1   | 60.475 | 77.091 | 83.117 | 35.619 | 6.238 |
|   2   | 59.447 | 76.471 | 82.719 | 35.144 | 6.193 |
|   3   | 58.076 | 75.448 | 81.908 | 34.256 | 6.028 |
|   4   | 55.960 | 74.068 | 80.729 | 32.976 | 5.760 |
|   5   | 53.356 | 71.927 | 78.930 | 31.256 | 5.339 |
|   6   | 50.887 | 69.967 | 77.116 | 29.602 | 4.917 |
|   7   | 48.378 | 67.901 | 75.232 | 27.819 | 4.469 |
|   8   | 46.065 | 65.886 | 73.332 | 26.177 | 4.079 |
|   9   | 43.838 | 63.906 | 71.639 | 24.678 | 3.734 |
|   10  | 41.636 | 61.860 | 69.795 | 23.184 | 3.401 |
|   11  | 39.727 | 60.127 | 68.168 | 21.947 | 3.147 |
|   12  | 38.059 | 58.283 | 66.485 | 20.684 | 2.895 |
|   13  | 36.301 | 56.373 | 64.888 | 19.545 | 2.669 |
|   14  | 34.840 | 54.660 | 63.402 | 18.548 | 2.477 |
|   15  | 33.207 | 52.947 | 61.734 | 17.506 | 2.284 |
|   16  | 31.958 | 51.461 | 60.182 | 16.639 | 2.129 |
|   17  | 30.623 | 49.849 | 58.651 | 15.769 | 1.981 |
|   18  | 29.378 | 48.363 | 57.306 | 14.961 | 1.847 |
|   19  | 28.436 | 47.022 | 55.965 | 14.249 | 1.732 |
|   20  | 27.418 | 45.627 | 54.479 | 13.517 | 1.614 |
+-------+--------+--------+--------+--------+-------+
     logs:  {'epo': 20, 'R1': 27.418, 'R5': 45.627, 'R10': 54.479, 'mAP': 13.517, 'mINP': 1.614, 'entropy': 0.712707337923348, 'loss': 2.208207368850708, 'lr': 2.5921481262422127e-05}
     Epoch[21] Iteration[10/320], entropy: 0.7702, loss: 2.2249, lr: 3.09e-06
     Epoch[21] Iteration[20/320], entropy: 0.5544, loss: 2.2199, lr: 6.78e-06
     Epoch[21] Iteration[30/320], entropy: 0.4939, loss: 2.1626, lr: 3.56e-05
     Epoch[21] Iteration[40/320], entropy: 0.6503, loss: 2.0894, lr: 4.98e-05
     Epoch[21] Iteration[50/320], entropy: 0.5770, loss: 2.1999, lr: 2.97e-05
     Epoch[21] Iteration[60/320], entropy: 0.7938, loss: 2.2792, lr: 3.09e-06
     Epoch[21] Iteration[70/320], entropy: 0.5768, loss: 2.0812, lr: 6.78e-06
     Epoch[21] Iteration[80/320], entropy: 0.6202, loss: 2.0982, lr: 3.56e-05
     Epoch[21] Iteration[90/320], entropy: 0.8188, loss: 2.3866, lr: 4.98e-05
     Epoch[21] Iteration[100/320], entropy: 0.8439, loss: 2.2517, lr: 2.97e-05
     Epoch[21] Iteration[110/320], entropy: 0.5100, loss: 2.1022, lr: 3.09e-06
     Epoch[21] Iteration[120/320], entropy: 0.7511, loss: 2.2954, lr: 6.78e-06
     Epoch[21] Iteration[130/320], entropy: 0.6262, loss: 2.1712, lr: 3.56e-05
     Epoch[21] Iteration[140/320], entropy: 0.8460, loss: 2.2205, lr: 4.98e-05
     Epoch[21] Iteration[150/320], entropy: 0.5745, loss: 2.1528, lr: 2.97e-05
     Epoch[21] Iteration[160/320], entropy: 0.6099, loss: 2.1058, lr: 3.09e-06
     Epoch[21] Iteration[170/320], entropy: 0.7808, loss: 2.1832, lr: 6.78e-06
     Epoch[21] Iteration[180/320], entropy: 0.8784, loss: 2.2233, lr: 3.56e-05
     Epoch[21] Iteration[190/320], entropy: 0.6996, loss: 2.1074, lr: 4.98e-05
     Epoch[21] Iteration[200/320], entropy: 0.8616, loss: 2.3274, lr: 2.97e-05
     Epoch[21] Iteration[210/320], entropy: 0.6593, loss: 2.1575, lr: 3.09e-06
     Epoch[21] Iteration[220/320], entropy: 0.6513, loss: 2.2049, lr: 6.78e-06
     Epoch[21] Iteration[230/320], entropy: 0.6723, loss: 2.2970, lr: 3.56e-05
     Epoch[21] Iteration[240/320], entropy: 0.6288, loss: 2.2508, lr: 4.98e-05
     Epoch[21] Iteration[250/320], entropy: 0.7597, loss: 2.1275, lr: 2.97e-05
     Epoch[21] Iteration[260/320], entropy: 0.7802, loss: 2.2865, lr: 3.09e-06
     Epoch[21] Iteration[270/320], entropy: 0.7963, loss: 2.2322, lr: 6.78e-06
     Epoch[21] Iteration[280/320], entropy: 0.8379, loss: 2.3239, lr: 3.56e-05
     Epoch[21] Iteration[290/320], entropy: 0.7291, loss: 2.2337, lr: 4.98e-05
     Epoch[21] Iteration[300/320], entropy: 0.7984, loss: 2.1998, lr: 2.97e-05
     Epoch[21] Iteration[310/320], entropy: 0.7683, loss: 2.2581, lr: 3.09e-06
     Epoch[21] Iteration[320/320], entropy: 0.6594, loss: 2.1964, lr: 6.78e-06
     Averaged stats: entropy: 0.6594, loss: 2.1964, lr: 6.78e-06
     itm tta time 0:00:53
### TTA Eval Score: 
+-------+--------+--------+--------+--------+-------+
| epoch |   R1   |   R5   |  R10   |  mAP   |  mINP |
+-------+--------+--------+--------+--------+-------+
|  -999 | 60.641 | 77.509 | 83.268 | 35.542 | 6.004 |
|   0   | 60.570 | 77.454 | 83.212 | 35.716 | 6.165 |
|   1   | 60.475 | 77.091 | 83.117 | 35.619 | 6.238 |
|   2   | 59.447 | 76.471 | 82.719 | 35.144 | 6.193 |
|   3   | 58.076 | 75.448 | 81.908 | 34.256 | 6.028 |
|   4   | 55.960 | 74.068 | 80.729 | 32.976 | 5.760 |
|   5   | 53.356 | 71.927 | 78.930 | 31.256 | 5.339 |
|   6   | 50.887 | 69.967 | 77.116 | 29.602 | 4.917 |
|   7   | 48.378 | 67.901 | 75.232 | 27.819 | 4.469 |
|   8   | 46.065 | 65.886 | 73.332 | 26.177 | 4.079 |
|   9   | 43.838 | 63.906 | 71.639 | 24.678 | 3.734 |
|   10  | 41.636 | 61.860 | 69.795 | 23.184 | 3.401 |
|   11  | 39.727 | 60.127 | 68.168 | 21.947 | 3.147 |
|   12  | 38.059 | 58.283 | 66.485 | 20.684 | 2.895 |
|   13  | 36.301 | 56.373 | 64.888 | 19.545 | 2.669 |
|   14  | 34.840 | 54.660 | 63.402 | 18.548 | 2.477 |
|   15  | 33.207 | 52.947 | 61.734 | 17.506 | 2.284 |
|   16  | 31.958 | 51.461 | 60.182 | 16.639 | 2.129 |
|   17  | 30.623 | 49.849 | 58.651 | 15.769 | 1.981 |
|   18  | 29.378 | 48.363 | 57.306 | 14.961 | 1.847 |
|   19  | 28.436 | 47.022 | 55.965 | 14.249 | 1.732 |
|   20  | 27.418 | 45.627 | 54.479 | 13.517 | 1.614 |
|   21  | 26.386 | 44.503 | 53.078 | 12.891 | 1.518 |
+-------+--------+--------+--------+--------+-------+
     logs:  {'epo': 21, 'R1': 26.386, 'R5': 44.503, 'R10': 53.078, 'mAP': 12.891, 'mINP': 1.518, 'entropy': 0.7055713254958391, 'loss': 2.207839787006378, 'lr': 2.3745878666042856e-05}
     Epoch[22] Iteration[10/320], entropy: 0.5809, loss: 2.0357, lr: 3.56e-05
     Epoch[22] Iteration[20/320], entropy: 0.6379, loss: 2.2515, lr: 4.98e-05
     Epoch[22] Iteration[30/320], entropy: 0.6661, loss: 1.9890, lr: 2.97e-05
     Epoch[22] Iteration[40/320], entropy: 0.5007, loss: 2.0598, lr: 3.09e-06
     Epoch[22] Iteration[50/320], entropy: 0.5184, loss: 1.9914, lr: 6.78e-06
     Epoch[22] Iteration[60/320], entropy: 0.6823, loss: 2.1915, lr: 3.56e-05
     Epoch[22] Iteration[70/320], entropy: 0.7371, loss: 2.2524, lr: 4.98e-05
     Epoch[22] Iteration[80/320], entropy: 0.7625, loss: 2.2959, lr: 2.97e-05
     Epoch[22] Iteration[90/320], entropy: 0.7118, loss: 2.1256, lr: 3.09e-06
     Epoch[22] Iteration[100/320], entropy: 0.7083, loss: 2.2041, lr: 6.78e-06
     Epoch[22] Iteration[110/320], entropy: 0.5029, loss: 2.1199, lr: 3.56e-05
     Epoch[22] Iteration[120/320], entropy: 0.6966, loss: 2.2325, lr: 4.98e-05
     Epoch[22] Iteration[130/320], entropy: 0.7388, loss: 2.2040, lr: 2.97e-05
     Epoch[22] Iteration[140/320], entropy: 0.7244, loss: 2.2550, lr: 3.09e-06
     Epoch[22] Iteration[150/320], entropy: 0.4691, loss: 2.0598, lr: 6.78e-06
     Epoch[22] Iteration[160/320], entropy: 0.8845, loss: 2.2172, lr: 3.56e-05
     Epoch[22] Iteration[170/320], entropy: 0.7563, loss: 2.3082, lr: 4.98e-05
     Epoch[22] Iteration[180/320], entropy: 0.7967, loss: 2.1957, lr: 2.97e-05
     Epoch[22] Iteration[190/320], entropy: 0.6244, loss: 2.2443, lr: 3.09e-06
     Epoch[22] Iteration[200/320], entropy: 0.6704, loss: 2.1359, lr: 6.78e-06
     Epoch[22] Iteration[210/320], entropy: 0.7831, loss: 2.2412, lr: 3.56e-05
     Epoch[22] Iteration[220/320], entropy: 0.7258, loss: 2.2682, lr: 4.98e-05
     Epoch[22] Iteration[230/320], entropy: 0.7185, loss: 2.1687, lr: 2.97e-05
     Epoch[22] Iteration[240/320], entropy: 0.7463, loss: 2.2284, lr: 3.09e-06
     Epoch[22] Iteration[250/320], entropy: 0.8002, loss: 2.1982, lr: 6.78e-06
     Epoch[22] Iteration[260/320], entropy: 0.7524, loss: 2.3327, lr: 3.56e-05
     Epoch[22] Iteration[270/320], entropy: 0.5240, loss: 2.0590, lr: 4.98e-05
     Epoch[22] Iteration[280/320], entropy: 0.8137, loss: 2.3838, lr: 2.97e-05
     Epoch[22] Iteration[290/320], entropy: 0.5656, loss: 2.0628, lr: 3.09e-06
     Epoch[22] Iteration[300/320], entropy: 0.7741, loss: 2.2232, lr: 6.78e-06
     Epoch[22] Iteration[310/320], entropy: 0.7893, loss: 2.2633, lr: 3.56e-05
     Epoch[22] Iteration[320/320], entropy: 0.6826, loss: 2.1768, lr: 4.98e-05
     Averaged stats: entropy: 0.6826, loss: 2.1768, lr: 4.98e-05
     itm tta time 0:00:53
### TTA Eval Score: 
+-------+--------+--------+--------+--------+-------+
| epoch |   R1   |   R5   |  R10   |  mAP   |  mINP |
+-------+--------+--------+--------+--------+-------+
|  -999 | 60.641 | 77.509 | 83.268 | 35.542 | 6.004 |
|   0   | 60.570 | 77.454 | 83.212 | 35.716 | 6.165 |
|   1   | 60.475 | 77.091 | 83.117 | 35.619 | 6.238 |
|   2   | 59.447 | 76.471 | 82.719 | 35.144 | 6.193 |
|   3   | 58.076 | 75.448 | 81.908 | 34.256 | 6.028 |
|   4   | 55.960 | 74.068 | 80.729 | 32.976 | 5.760 |
|   5   | 53.356 | 71.927 | 78.930 | 31.256 | 5.339 |
|   6   | 50.887 | 69.967 | 77.116 | 29.602 | 4.917 |
|   7   | 48.378 | 67.901 | 75.232 | 27.819 | 4.469 |
|   8   | 46.065 | 65.886 | 73.332 | 26.177 | 4.079 |
|   9   | 43.838 | 63.906 | 71.639 | 24.678 | 3.734 |
|   10  | 41.636 | 61.860 | 69.795 | 23.184 | 3.401 |
|   11  | 39.727 | 60.127 | 68.168 | 21.947 | 3.147 |
|   12  | 38.059 | 58.283 | 66.485 | 20.684 | 2.895 |
|   13  | 36.301 | 56.373 | 64.888 | 19.545 | 2.669 |
|   14  | 34.840 | 54.660 | 63.402 | 18.548 | 2.477 |
|   15  | 33.207 | 52.947 | 61.734 | 17.506 | 2.284 |
|   16  | 31.958 | 51.461 | 60.182 | 16.639 | 2.129 |
|   17  | 30.623 | 49.849 | 58.651 | 15.769 | 1.981 |
|   18  | 29.378 | 48.363 | 57.306 | 14.961 | 1.847 |
|   19  | 28.436 | 47.022 | 55.965 | 14.249 | 1.732 |
|   20  | 27.418 | 45.627 | 54.479 | 13.517 | 1.614 |
|   21  | 26.386 | 44.503 | 53.078 | 12.891 | 1.518 |
|   22  | 25.393 | 43.183 | 51.622 | 12.246 | 1.423 |
+-------+--------+--------+--------+--------+-------+
     logs:  {'epo': 22, 'R1': 25.393, 'R5': 43.183, 'R10': 51.622, 'mAP': 12.246, 'mINP': 1.423, 'entropy': 0.688930606469512, 'loss': 2.1867378167808056, 'lr': 2.6107729681937153e-05}
     Epoch[23] Iteration[10/320], entropy: 0.8881, loss: 2.2937, lr: 2.97e-05
     Epoch[23] Iteration[20/320], entropy: 0.6546, loss: 2.1236, lr: 3.09e-06
     Epoch[23] Iteration[30/320], entropy: 0.6635, loss: 2.1097, lr: 6.78e-06
     Epoch[23] Iteration[40/320], entropy: 0.5806, loss: 2.1863, lr: 3.56e-05
     Epoch[23] Iteration[50/320], entropy: 0.7810, loss: 2.2646, lr: 4.98e-05
     Epoch[23] Iteration[60/320], entropy: 0.6564, loss: 2.0886, lr: 2.97e-05
     Epoch[23] Iteration[70/320], entropy: 0.7040, loss: 2.2447, lr: 3.09e-06
     Epoch[23] Iteration[80/320], entropy: 0.6857, loss: 2.1377, lr: 6.78e-06
     Epoch[23] Iteration[90/320], entropy: 0.6496, loss: 2.1119, lr: 3.56e-05
     Epoch[23] Iteration[100/320], entropy: 0.7112, loss: 2.3106, lr: 4.98e-05
     Epoch[23] Iteration[110/320], entropy: 0.7319, loss: 2.2120, lr: 2.97e-05
     Epoch[23] Iteration[120/320], entropy: 0.6179, loss: 2.0680, lr: 3.09e-06
     Epoch[23] Iteration[130/320], entropy: 0.7345, loss: 2.2318, lr: 6.78e-06
     Epoch[23] Iteration[140/320], entropy: 0.6985, loss: 2.2342, lr: 3.56e-05
     Epoch[23] Iteration[150/320], entropy: 0.6685, loss: 2.4033, lr: 4.98e-05
     Epoch[23] Iteration[160/320], entropy: 0.3444, loss: 1.9697, lr: 2.97e-05
     Epoch[23] Iteration[170/320], entropy: 0.8585, loss: 2.2864, lr: 3.09e-06
     Epoch[23] Iteration[180/320], entropy: 0.7182, loss: 2.2239, lr: 6.78e-06
     Epoch[23] Iteration[190/320], entropy: 0.7489, loss: 2.3152, lr: 3.56e-05
     Epoch[23] Iteration[200/320], entropy: 0.7723, loss: 2.2798, lr: 4.98e-05
     Epoch[23] Iteration[210/320], entropy: 0.5443, loss: 2.0960, lr: 2.97e-05
     Epoch[23] Iteration[220/320], entropy: 0.5265, loss: 2.1731, lr: 3.09e-06
     Epoch[23] Iteration[230/320], entropy: 0.8175, loss: 2.2670, lr: 6.78e-06
     Epoch[23] Iteration[240/320], entropy: 0.7903, loss: 2.1658, lr: 3.56e-05
     Epoch[23] Iteration[250/320], entropy: 0.7585, loss: 2.1502, lr: 4.98e-05
     Epoch[23] Iteration[260/320], entropy: 0.7600, loss: 2.3476, lr: 2.97e-05
     Epoch[23] Iteration[270/320], entropy: 0.5806, loss: 2.1470, lr: 3.09e-06
     Epoch[23] Iteration[280/320], entropy: 0.7436, loss: 2.2015, lr: 6.78e-06
     Epoch[23] Iteration[290/320], entropy: 0.6880, loss: 2.3352, lr: 3.56e-05
     Epoch[23] Iteration[300/320], entropy: 0.5290, loss: 2.3167, lr: 4.98e-05
     Epoch[23] Iteration[310/320], entropy: 0.7441, loss: 2.1381, lr: 2.97e-05
     Epoch[23] Iteration[320/320], entropy: 0.5963, loss: 2.1547, lr: 3.09e-06
     Averaged stats: entropy: 0.5963, loss: 2.1547, lr: 3.09e-06
     itm tta time 0:00:53
### TTA Eval Score: 
+-------+--------+--------+--------+--------+-------+
| epoch |   R1   |   R5   |  R10   |  mAP   |  mINP |
+-------+--------+--------+--------+--------+-------+
|  -999 | 60.641 | 77.509 | 83.268 | 35.542 | 6.004 |
|   0   | 60.570 | 77.454 | 83.212 | 35.716 | 6.165 |
|   1   | 60.475 | 77.091 | 83.117 | 35.619 | 6.238 |
|   2   | 59.447 | 76.471 | 82.719 | 35.144 | 6.193 |
|   3   | 58.076 | 75.448 | 81.908 | 34.256 | 6.028 |
|   4   | 55.960 | 74.068 | 80.729 | 32.976 | 5.760 |
|   5   | 53.356 | 71.927 | 78.930 | 31.256 | 5.339 |
|   6   | 50.887 | 69.967 | 77.116 | 29.602 | 4.917 |
|   7   | 48.378 | 67.901 | 75.232 | 27.819 | 4.469 |
|   8   | 46.065 | 65.886 | 73.332 | 26.177 | 4.079 |
|   9   | 43.838 | 63.906 | 71.639 | 24.678 | 3.734 |
|   10  | 41.636 | 61.860 | 69.795 | 23.184 | 3.401 |
|   11  | 39.727 | 60.127 | 68.168 | 21.947 | 3.147 |
|   12  | 38.059 | 58.283 | 66.485 | 20.684 | 2.895 |
|   13  | 36.301 | 56.373 | 64.888 | 19.545 | 2.669 |
|   14  | 34.840 | 54.660 | 63.402 | 18.548 | 2.477 |
|   15  | 33.207 | 52.947 | 61.734 | 17.506 | 2.284 |
|   16  | 31.958 | 51.461 | 60.182 | 16.639 | 2.129 |
|   17  | 30.623 | 49.849 | 58.651 | 15.769 | 1.981 |
|   18  | 29.378 | 48.363 | 57.306 | 14.961 | 1.847 |
|   19  | 28.436 | 47.022 | 55.965 | 14.249 | 1.732 |
|   20  | 27.418 | 45.627 | 54.479 | 13.517 | 1.614 |
|   21  | 26.386 | 44.503 | 53.078 | 12.891 | 1.518 |
|   22  | 25.393 | 43.183 | 51.622 | 12.246 | 1.423 |
|   23  | 24.365 | 41.858 | 50.403 | 11.669 | 1.344 |
+-------+--------+--------+--------+--------+-------+
     logs:  {'epo': 23, 'R1': 24.365, 'R5': 41.858, 'R10': 50.403, 'mAP': 11.669, 'mINP': 1.344, 'entropy': 0.6858515320345759, 'loss': 2.2059040032327175, 'lr': 2.4461777058235996e-05}
     Epoch[24] Iteration[10/320], entropy: 0.7692, loss: 2.2594, lr: 6.78e-06
     Epoch[24] Iteration[20/320], entropy: 0.5912, loss: 2.2195, lr: 3.56e-05
     Epoch[24] Iteration[30/320], entropy: 0.6642, loss: 2.1270, lr: 4.98e-05
     Epoch[24] Iteration[40/320], entropy: 0.8119, loss: 2.1622, lr: 2.97e-05
     Epoch[24] Iteration[50/320], entropy: 0.6582, loss: 2.1411, lr: 3.09e-06
     Epoch[24] Iteration[60/320], entropy: 0.8073, loss: 2.2526, lr: 6.78e-06
     Epoch[24] Iteration[70/320], entropy: 0.5639, loss: 2.2234, lr: 3.56e-05
     Epoch[24] Iteration[80/320], entropy: 0.8194, loss: 2.3210, lr: 4.98e-05
     Epoch[24] Iteration[90/320], entropy: 0.6402, loss: 2.1998, lr: 2.97e-05
     Epoch[24] Iteration[100/320], entropy: 0.8891, loss: 2.3306, lr: 3.09e-06
     Epoch[24] Iteration[110/320], entropy: 0.6036, loss: 2.2133, lr: 6.78e-06
     Epoch[24] Iteration[120/320], entropy: 0.6354, loss: 1.9820, lr: 3.56e-05
     Epoch[24] Iteration[130/320], entropy: 0.8685, loss: 2.2912, lr: 4.98e-05
     Epoch[24] Iteration[140/320], entropy: 0.8465, loss: 2.2830, lr: 2.97e-05
     Epoch[24] Iteration[150/320], entropy: 0.7784, loss: 2.2052, lr: 3.09e-06
     Epoch[24] Iteration[160/320], entropy: 0.7649, loss: 2.2968, lr: 6.78e-06
     Epoch[24] Iteration[170/320], entropy: 0.6753, loss: 2.2232, lr: 3.56e-05
     Epoch[24] Iteration[180/320], entropy: 0.8877, loss: 2.3370, lr: 4.98e-05
     Epoch[24] Iteration[190/320], entropy: 0.5605, loss: 2.1448, lr: 2.97e-05
     Epoch[24] Iteration[200/320], entropy: 0.6091, loss: 2.1103, lr: 3.09e-06
     Epoch[24] Iteration[210/320], entropy: 0.5228, loss: 2.2447, lr: 6.78e-06
     Epoch[24] Iteration[220/320], entropy: 0.7271, loss: 2.2357, lr: 3.56e-05
     Epoch[24] Iteration[230/320], entropy: 0.8515, loss: 2.2921, lr: 4.98e-05
     Epoch[24] Iteration[240/320], entropy: 0.6379, loss: 2.1266, lr: 2.97e-05
     Epoch[24] Iteration[250/320], entropy: 0.7812, loss: 2.1364, lr: 3.09e-06
     Epoch[24] Iteration[260/320], entropy: 0.7096, loss: 2.1664, lr: 6.78e-06
     Epoch[24] Iteration[270/320], entropy: 0.6630, loss: 2.1320, lr: 3.56e-05
     Epoch[24] Iteration[280/320], entropy: 0.9175, loss: 2.2560, lr: 4.98e-05
     Epoch[24] Iteration[290/320], entropy: 0.6689, loss: 2.1647, lr: 2.97e-05
     Epoch[24] Iteration[300/320], entropy: 0.7325, loss: 2.1531, lr: 3.09e-06
     Epoch[24] Iteration[310/320], entropy: 0.7020, loss: 2.1307, lr: 6.78e-06
     Epoch[24] Iteration[320/320], entropy: 0.8103, loss: 2.3437, lr: 3.56e-05
     Averaged stats: entropy: 0.8103, loss: 2.3437, lr: 3.56e-05
     itm tta time 0:00:53
### TTA Eval Score: 
+-------+--------+--------+--------+--------+-------+
| epoch |   R1   |   R5   |  R10   |  mAP   |  mINP |
+-------+--------+--------+--------+--------+-------+
|  -999 | 60.641 | 77.509 | 83.268 | 35.542 | 6.004 |
|   0   | 60.570 | 77.454 | 83.212 | 35.716 | 6.165 |
|   1   | 60.475 | 77.091 | 83.117 | 35.619 | 6.238 |
|   2   | 59.447 | 76.471 | 82.719 | 35.144 | 6.193 |
|   3   | 58.076 | 75.448 | 81.908 | 34.256 | 6.028 |
|   4   | 55.960 | 74.068 | 80.729 | 32.976 | 5.760 |
|   5   | 53.356 | 71.927 | 78.930 | 31.256 | 5.339 |
|   6   | 50.887 | 69.967 | 77.116 | 29.602 | 4.917 |
|   7   | 48.378 | 67.901 | 75.232 | 27.819 | 4.469 |
|   8   | 46.065 | 65.886 | 73.332 | 26.177 | 4.079 |
|   9   | 43.838 | 63.906 | 71.639 | 24.678 | 3.734 |
|   10  | 41.636 | 61.860 | 69.795 | 23.184 | 3.401 |
|   11  | 39.727 | 60.127 | 68.168 | 21.947 | 3.147 |
|   12  | 38.059 | 58.283 | 66.485 | 20.684 | 2.895 |
|   13  | 36.301 | 56.373 | 64.888 | 19.545 | 2.669 |
|   14  | 34.840 | 54.660 | 63.402 | 18.548 | 2.477 |
|   15  | 33.207 | 52.947 | 61.734 | 17.506 | 2.284 |
|   16  | 31.958 | 51.461 | 60.182 | 16.639 | 2.129 |
|   17  | 30.623 | 49.849 | 58.651 | 15.769 | 1.981 |
|   18  | 29.378 | 48.363 | 57.306 | 14.961 | 1.847 |
|   19  | 28.436 | 47.022 | 55.965 | 14.249 | 1.732 |
|   20  | 27.418 | 45.627 | 54.479 | 13.517 | 1.614 |
|   21  | 26.386 | 44.503 | 53.078 | 12.891 | 1.518 |
|   22  | 25.393 | 43.183 | 51.622 | 12.246 | 1.423 |
|   23  | 24.365 | 41.858 | 50.403 | 11.669 | 1.344 |
|   24  | 23.423 | 40.614 | 49.149 | 11.149 | 1.273 |
+-------+--------+--------+--------+--------+-------+
     logs:  {'epo': 24, 'R1': 23.423, 'R5': 40.614, 'R10': 49.149, 'mAP': 11.149, 'mINP': 1.273, 'entropy': 0.7240261752158403, 'loss': 2.20954717323184, 'lr': 2.47631333313623e-05}
     Epoch[25] Iteration[10/320], entropy: 0.6335, loss: 2.2299, lr: 4.98e-05
     Epoch[25] Iteration[20/320], entropy: 0.6105, loss: 2.2345, lr: 3.27e-05
     Epoch[25] Iteration[30/320], entropy: 0.6225, loss: 2.2151, lr: 4.77e-06
     Epoch[25] Iteration[40/320], entropy: 0.6652, loss: 2.1894, lr: 4.77e-06
     Epoch[25] Iteration[50/320], entropy: 0.8585, loss: 2.3768, lr: 3.27e-05
     Epoch[25] Iteration[60/320], entropy: 0.6911, loss: 2.1487, lr: 5.00e-05
     Epoch[25] Iteration[70/320], entropy: 0.8769, loss: 2.3116, lr: 3.27e-05
     Epoch[25] Iteration[80/320], entropy: 0.6063, loss: 2.1367, lr: 4.77e-06
     Epoch[25] Iteration[90/320], entropy: 0.5706, loss: 2.1645, lr: 4.77e-06
     Epoch[25] Iteration[100/320], entropy: 0.7027, loss: 2.1311, lr: 3.27e-05
     Epoch[25] Iteration[110/320], entropy: 0.7691, loss: 2.2277, lr: 5.00e-05
     Epoch[25] Iteration[120/320], entropy: 0.8194, loss: 2.2775, lr: 3.27e-05
     Epoch[25] Iteration[130/320], entropy: 0.6854, loss: 2.1345, lr: 4.77e-06
     Epoch[25] Iteration[140/320], entropy: 0.7750, loss: 2.2383, lr: 4.77e-06
     Epoch[25] Iteration[150/320], entropy: 0.6615, loss: 2.1771, lr: 3.27e-05
     Epoch[25] Iteration[160/320], entropy: 0.5719, loss: 2.1238, lr: 5.00e-05
     Epoch[25] Iteration[170/320], entropy: 0.4781, loss: 2.1095, lr: 3.27e-05
     Epoch[25] Iteration[180/320], entropy: 0.5520, loss: 1.9599, lr: 4.77e-06
     Epoch[25] Iteration[190/320], entropy: 0.6835, loss: 2.1178, lr: 4.77e-06
     Epoch[25] Iteration[200/320], entropy: 0.7705, loss: 2.2156, lr: 3.27e-05
     Epoch[25] Iteration[210/320], entropy: 0.5030, loss: 2.1225, lr: 5.00e-05
     Epoch[25] Iteration[220/320], entropy: 0.6336, loss: 2.1941, lr: 3.27e-05
     Epoch[25] Iteration[230/320], entropy: 0.8019, loss: 2.2889, lr: 4.77e-06
     Epoch[25] Iteration[240/320], entropy: 0.5525, loss: 2.2435, lr: 4.77e-06
     Epoch[25] Iteration[250/320], entropy: 0.5202, loss: 2.2536, lr: 3.27e-05
     Epoch[25] Iteration[260/320], entropy: 0.7331, loss: 2.2030, lr: 5.00e-05
     Epoch[25] Iteration[270/320], entropy: 0.7491, loss: 2.2011, lr: 3.27e-05
     Epoch[25] Iteration[280/320], entropy: 0.5623, loss: 2.0767, lr: 4.77e-06
     Epoch[25] Iteration[290/320], entropy: 0.7470, loss: 2.1567, lr: 4.77e-06
     Epoch[25] Iteration[300/320], entropy: 0.6977, loss: 2.0618, lr: 3.27e-05
     Epoch[25] Iteration[310/320], entropy: 0.7465, loss: 2.2857, lr: 5.00e-05
     Epoch[25] Iteration[320/320], entropy: 0.7268, loss: 2.2130, lr: 3.27e-05
     Averaged stats: entropy: 0.7268, loss: 2.2130, lr: 3.27e-05
     itm tta time 0:00:53
### TTA Eval Score: 
+-------+--------+--------+--------+--------+-------+
| epoch |   R1   |   R5   |  R10   |  mAP   |  mINP |
+-------+--------+--------+--------+--------+-------+
|  -999 | 60.641 | 77.509 | 83.268 | 35.542 | 6.004 |
|   0   | 60.570 | 77.454 | 83.212 | 35.716 | 6.165 |
|   1   | 60.475 | 77.091 | 83.117 | 35.619 | 6.238 |
|   2   | 59.447 | 76.471 | 82.719 | 35.144 | 6.193 |
|   3   | 58.076 | 75.448 | 81.908 | 34.256 | 6.028 |
|   4   | 55.960 | 74.068 | 80.729 | 32.976 | 5.760 |
|   5   | 53.356 | 71.927 | 78.930 | 31.256 | 5.339 |
|   6   | 50.887 | 69.967 | 77.116 | 29.602 | 4.917 |
|   7   | 48.378 | 67.901 | 75.232 | 27.819 | 4.469 |
|   8   | 46.065 | 65.886 | 73.332 | 26.177 | 4.079 |
|   9   | 43.838 | 63.906 | 71.639 | 24.678 | 3.734 |
|   10  | 41.636 | 61.860 | 69.795 | 23.184 | 3.401 |
|   11  | 39.727 | 60.127 | 68.168 | 21.947 | 3.147 |
|   12  | 38.059 | 58.283 | 66.485 | 20.684 | 2.895 |
|   13  | 36.301 | 56.373 | 64.888 | 19.545 | 2.669 |
|   14  | 34.840 | 54.660 | 63.402 | 18.548 | 2.477 |
|   15  | 33.207 | 52.947 | 61.734 | 17.506 | 2.284 |
|   16  | 31.958 | 51.461 | 60.182 | 16.639 | 2.129 |
|   17  | 30.623 | 49.849 | 58.651 | 15.769 | 1.981 |
|   18  | 29.378 | 48.363 | 57.306 | 14.961 | 1.847 |
|   19  | 28.436 | 47.022 | 55.965 | 14.249 | 1.732 |
|   20  | 27.418 | 45.627 | 54.479 | 13.517 | 1.614 |
|   21  | 26.386 | 44.503 | 53.078 | 12.891 | 1.518 |
|   22  | 25.393 | 43.183 | 51.622 | 12.246 | 1.423 |
|   23  | 24.365 | 41.858 | 50.403 | 11.669 | 1.344 |
|   24  | 23.423 | 40.614 | 49.149 | 11.149 | 1.273 |
|   25  | 22.380 | 39.384 | 47.803 | 10.603 | 1.200 |
+-------+--------+--------+--------+--------+-------+
     logs:  {'epo': 25, 'R1': 22.38, 'R5': 39.384, 'R10': 47.803, 'mAP': 10.603, 'mINP': 1.2, 'entropy': 0.6743111182004213, 'loss': 2.18814604729414, 'lr': 2.6016509137258188e-05}
     Epoch[26] Iteration[10/320], entropy: 0.6178, loss: 2.0577, lr: 4.77e-06
     Epoch[26] Iteration[20/320], entropy: 0.5963, loss: 2.1908, lr: 4.77e-06
     Epoch[26] Iteration[30/320], entropy: 0.6288, loss: 2.0751, lr: 3.27e-05
     Epoch[26] Iteration[40/320], entropy: 0.6396, loss: 2.1232, lr: 5.00e-05
     Epoch[26] Iteration[50/320], entropy: 0.6166, loss: 2.2532, lr: 3.27e-05
     Epoch[26] Iteration[60/320], entropy: 0.9717, loss: 2.2986, lr: 4.77e-06
     Epoch[26] Iteration[70/320], entropy: 0.7271, loss: 2.2613, lr: 4.77e-06
     Epoch[26] Iteration[80/320], entropy: 0.7630, loss: 2.1007, lr: 3.27e-05
     Epoch[26] Iteration[90/320], entropy: 0.6544, loss: 2.1420, lr: 5.00e-05
     Epoch[26] Iteration[100/320], entropy: 0.7358, loss: 2.1883, lr: 3.27e-05
     Epoch[26] Iteration[110/320], entropy: 0.8089, loss: 2.2910, lr: 4.77e-06
     Epoch[26] Iteration[120/320], entropy: 0.7093, loss: 2.2270, lr: 4.77e-06
     Epoch[26] Iteration[130/320], entropy: 0.7073, loss: 2.2975, lr: 3.27e-05
     Epoch[26] Iteration[140/320], entropy: 0.7566, loss: 2.3038, lr: 5.00e-05
     Epoch[26] Iteration[150/320], entropy: 0.6365, loss: 2.2589, lr: 3.27e-05
     Epoch[26] Iteration[160/320], entropy: 0.6530, loss: 2.1495, lr: 4.77e-06
     Epoch[26] Iteration[170/320], entropy: 0.6222, loss: 2.0999, lr: 4.77e-06
     Epoch[26] Iteration[180/320], entropy: 0.7061, loss: 2.1658, lr: 3.27e-05
     Epoch[26] Iteration[190/320], entropy: 0.7567, loss: 2.3223, lr: 5.00e-05
     Epoch[26] Iteration[200/320], entropy: 0.7495, loss: 2.1226, lr: 3.27e-05
     Epoch[26] Iteration[210/320], entropy: 0.4435, loss: 1.9688, lr: 4.77e-06
     Epoch[26] Iteration[220/320], entropy: 0.7678, loss: 2.2966, lr: 4.77e-06
     Epoch[26] Iteration[230/320], entropy: 0.7439, loss: 2.2050, lr: 3.27e-05
     Epoch[26] Iteration[240/320], entropy: 0.6517, loss: 2.2818, lr: 5.00e-05
     Epoch[26] Iteration[250/320], entropy: 0.9160, loss: 2.3001, lr: 3.27e-05
     Epoch[26] Iteration[260/320], entropy: 0.6388, loss: 2.1573, lr: 4.77e-06
     Epoch[26] Iteration[270/320], entropy: 0.7051, loss: 2.0519, lr: 4.77e-06
     Epoch[26] Iteration[280/320], entropy: 0.8045, loss: 2.2945, lr: 3.27e-05
     Epoch[26] Iteration[290/320], entropy: 0.6342, loss: 2.1892, lr: 5.00e-05
     Epoch[26] Iteration[300/320], entropy: 0.6902, loss: 2.1218, lr: 3.27e-05
     Epoch[26] Iteration[310/320], entropy: 0.4851, loss: 2.2357, lr: 4.77e-06
     Epoch[26] Iteration[320/320], entropy: 0.6321, loss: 2.1380, lr: 4.77e-06
     Averaged stats: entropy: 0.6321, loss: 2.1380, lr: 4.77e-06
     itm tta time 0:00:53
### TTA Eval Score: 
+-------+--------+--------+--------+--------+-------+
| epoch |   R1   |   R5   |  R10   |  mAP   |  mINP |
+-------+--------+--------+--------+--------+-------+
|  -999 | 60.641 | 77.509 | 83.268 | 35.542 | 6.004 |
|   0   | 60.570 | 77.454 | 83.212 | 35.716 | 6.165 |
|   1   | 60.475 | 77.091 | 83.117 | 35.619 | 6.238 |
|   2   | 59.447 | 76.471 | 82.719 | 35.144 | 6.193 |
|   3   | 58.076 | 75.448 | 81.908 | 34.256 | 6.028 |
|   4   | 55.960 | 74.068 | 80.729 | 32.976 | 5.760 |
|   5   | 53.356 | 71.927 | 78.930 | 31.256 | 5.339 |
|   6   | 50.887 | 69.967 | 77.116 | 29.602 | 4.917 |
|   7   | 48.378 | 67.901 | 75.232 | 27.819 | 4.469 |
|   8   | 46.065 | 65.886 | 73.332 | 26.177 | 4.079 |
|   9   | 43.838 | 63.906 | 71.639 | 24.678 | 3.734 |
|   10  | 41.636 | 61.860 | 69.795 | 23.184 | 3.401 |
|   11  | 39.727 | 60.127 | 68.168 | 21.947 | 3.147 |
|   12  | 38.059 | 58.283 | 66.485 | 20.684 | 2.895 |
|   13  | 36.301 | 56.373 | 64.888 | 19.545 | 2.669 |
|   14  | 34.840 | 54.660 | 63.402 | 18.548 | 2.477 |
|   15  | 33.207 | 52.947 | 61.734 | 17.506 | 2.284 |
|   16  | 31.958 | 51.461 | 60.182 | 16.639 | 2.129 |
|   17  | 30.623 | 49.849 | 58.651 | 15.769 | 1.981 |
|   18  | 29.378 | 48.363 | 57.306 | 14.961 | 1.847 |
|   19  | 28.436 | 47.022 | 55.965 | 14.249 | 1.732 |
|   20  | 27.418 | 45.627 | 54.479 | 13.517 | 1.614 |
|   21  | 26.386 | 44.503 | 53.078 | 12.891 | 1.518 |
|   22  | 25.393 | 43.183 | 51.622 | 12.246 | 1.423 |
|   23  | 24.365 | 41.858 | 50.403 | 11.669 | 1.344 |
|   24  | 23.423 | 40.614 | 49.149 | 11.149 | 1.273 |
|   25  | 22.380 | 39.384 | 47.803 | 10.603 | 1.200 |
|   26  | 21.589 | 38.382 | 46.811 | 10.163 | 1.142 |
+-------+--------+--------+--------+--------+-------+
     logs:  {'epo': 26, 'R1': 21.589, 'R5': 38.382, 'R10': 46.811, 'mAP': 10.163, 'mINP': 1.142, 'entropy': 0.6928092464804649, 'loss': 2.192798249423504, 'lr': 2.3735910946289327e-05}
     Epoch[27] Iteration[10/320], entropy: 0.7430, loss: 2.2446, lr: 3.27e-05
     Epoch[27] Iteration[20/320], entropy: 0.6298, loss: 2.1373, lr: 5.00e-05
     Epoch[27] Iteration[30/320], entropy: 0.8680, loss: 2.2992, lr: 3.27e-05
     Epoch[27] Iteration[40/320], entropy: 0.6304, loss: 2.1633, lr: 4.77e-06
     Epoch[27] Iteration[50/320], entropy: 0.7295, loss: 2.2516, lr: 4.77e-06
     Epoch[27] Iteration[60/320], entropy: 0.6254, loss: 2.1279, lr: 3.27e-05
     Epoch[27] Iteration[70/320], entropy: 0.6418, loss: 2.1745, lr: 5.00e-05
     Epoch[27] Iteration[80/320], entropy: 0.7390, loss: 2.3047, lr: 3.27e-05
     Epoch[27] Iteration[90/320], entropy: 0.8748, loss: 2.2756, lr: 4.77e-06
     Epoch[27] Iteration[100/320], entropy: 0.5963, loss: 2.0231, lr: 4.77e-06
     Epoch[27] Iteration[110/320], entropy: 0.6578, loss: 2.2117, lr: 3.27e-05
     Epoch[27] Iteration[120/320], entropy: 0.7594, loss: 2.2167, lr: 5.00e-05
     Epoch[27] Iteration[130/320], entropy: 0.7368, loss: 2.3297, lr: 3.27e-05
     Epoch[27] Iteration[140/320], entropy: 0.4802, loss: 2.0954, lr: 4.77e-06
     Epoch[27] Iteration[150/320], entropy: 0.5857, loss: 2.2070, lr: 4.77e-06
     Epoch[27] Iteration[160/320], entropy: 0.6392, loss: 2.1613, lr: 3.27e-05
     Epoch[27] Iteration[170/320], entropy: 0.6448, loss: 2.2143, lr: 5.00e-05
     Epoch[27] Iteration[180/320], entropy: 0.6768, loss: 2.2472, lr: 3.27e-05
     Epoch[27] Iteration[190/320], entropy: 0.5630, loss: 2.1730, lr: 4.77e-06
     Epoch[27] Iteration[200/320], entropy: 0.6124, loss: 2.2543, lr: 4.77e-06
     Epoch[27] Iteration[210/320], entropy: 0.5615, loss: 2.1498, lr: 3.27e-05
     Epoch[27] Iteration[220/320], entropy: 0.7566, loss: 2.1497, lr: 5.00e-05
     Epoch[27] Iteration[230/320], entropy: 0.6708, loss: 2.2463, lr: 3.27e-05
     Epoch[27] Iteration[240/320], entropy: 0.5301, loss: 2.0671, lr: 4.77e-06
     Epoch[27] Iteration[250/320], entropy: 0.8210, loss: 2.1799, lr: 4.77e-06
     Epoch[27] Iteration[260/320], entropy: 0.7783, loss: 2.2833, lr: 3.27e-05
     Epoch[27] Iteration[270/320], entropy: 0.6883, loss: 2.2613, lr: 5.00e-05
     Epoch[27] Iteration[280/320], entropy: 0.6399, loss: 2.0779, lr: 3.27e-05
     Epoch[27] Iteration[290/320], entropy: 0.7671, loss: 2.2521, lr: 4.77e-06
     Epoch[27] Iteration[300/320], entropy: 0.6263, loss: 2.0661, lr: 4.77e-06
     Epoch[27] Iteration[310/320], entropy: 0.6844, loss: 2.2795, lr: 3.27e-05
     Epoch[27] Iteration[320/320], entropy: 0.5548, loss: 2.2044, lr: 5.00e-05
     Averaged stats: entropy: 0.5548, loss: 2.2044, lr: 5.00e-05
     itm tta time 0:00:53
### TTA Eval Score: 
+-------+--------+--------+--------+--------+-------+
| epoch |   R1   |   R5   |  R10   |  mAP   |  mINP |
+-------+--------+--------+--------+--------+-------+
|  -999 | 60.641 | 77.509 | 83.268 | 35.542 | 6.004 |
|   0   | 60.570 | 77.454 | 83.212 | 35.716 | 6.165 |
|   1   | 60.475 | 77.091 | 83.117 | 35.619 | 6.238 |
|   2   | 59.447 | 76.471 | 82.719 | 35.144 | 6.193 |
|   3   | 58.076 | 75.448 | 81.908 | 34.256 | 6.028 |
|   4   | 55.960 | 74.068 | 80.729 | 32.976 | 5.760 |
|   5   | 53.356 | 71.927 | 78.930 | 31.256 | 5.339 |
|   6   | 50.887 | 69.967 | 77.116 | 29.602 | 4.917 |
|   7   | 48.378 | 67.901 | 75.232 | 27.819 | 4.469 |
|   8   | 46.065 | 65.886 | 73.332 | 26.177 | 4.079 |
|   9   | 43.838 | 63.906 | 71.639 | 24.678 | 3.734 |
|   10  | 41.636 | 61.860 | 69.795 | 23.184 | 3.401 |
|   11  | 39.727 | 60.127 | 68.168 | 21.947 | 3.147 |
|   12  | 38.059 | 58.283 | 66.485 | 20.684 | 2.895 |
|   13  | 36.301 | 56.373 | 64.888 | 19.545 | 2.669 |
|   14  | 34.840 | 54.660 | 63.402 | 18.548 | 2.477 |
|   15  | 33.207 | 52.947 | 61.734 | 17.506 | 2.284 |
|   16  | 31.958 | 51.461 | 60.182 | 16.639 | 2.129 |
|   17  | 30.623 | 49.849 | 58.651 | 15.769 | 1.981 |
|   18  | 29.378 | 48.363 | 57.306 | 14.961 | 1.847 |
|   19  | 28.436 | 47.022 | 55.965 | 14.249 | 1.732 |
|   20  | 27.418 | 45.627 | 54.479 | 13.517 | 1.614 |
|   21  | 26.386 | 44.503 | 53.078 | 12.891 | 1.518 |
|   22  | 25.393 | 43.183 | 51.622 | 12.246 | 1.423 |
|   23  | 24.365 | 41.858 | 50.403 | 11.669 | 1.344 |
|   24  | 23.423 | 40.614 | 49.149 | 11.149 | 1.273 |
|   25  | 22.380 | 39.384 | 47.803 | 10.603 | 1.200 |
|   26  | 21.589 | 38.382 | 46.811 | 10.163 | 1.142 |
|   27  | 20.838 | 37.183 | 45.682 | 9.717  | 1.086 |
+-------+--------+--------+--------+--------+-------+
     logs:  {'epo': 27, 'R1': 20.838, 'R5': 37.183, 'R10': 45.682, 'mAP': 9.717, 'mINP': 1.086, 'entropy': 0.6722910543903708, 'loss': 2.197808802127838, 'lr': 2.602266952685628e-05}
     Epoch[28] Iteration[10/320], entropy: 0.7533, loss: 2.2625, lr: 3.27e-05
     Epoch[28] Iteration[20/320], entropy: 0.6680, loss: 2.1501, lr: 4.77e-06
     Epoch[28] Iteration[30/320], entropy: 0.7082, loss: 2.1079, lr: 4.77e-06
     Epoch[28] Iteration[40/320], entropy: 0.7350, loss: 2.1532, lr: 3.27e-05
     Epoch[28] Iteration[50/320], entropy: 0.6242, loss: 2.0307, lr: 5.00e-05
     Epoch[28] Iteration[60/320], entropy: 0.6535, loss: 2.2129, lr: 3.27e-05
     Epoch[28] Iteration[70/320], entropy: 0.7156, loss: 2.2055, lr: 4.77e-06
     Epoch[28] Iteration[80/320], entropy: 0.6622, loss: 2.1773, lr: 4.77e-06
     Epoch[28] Iteration[90/320], entropy: 0.9227, loss: 2.3392, lr: 3.27e-05
     Epoch[28] Iteration[100/320], entropy: 0.3330, loss: 2.0490, lr: 5.00e-05
     Epoch[28] Iteration[110/320], entropy: 0.6258, loss: 2.1665, lr: 3.27e-05
     Epoch[28] Iteration[120/320], entropy: 0.7012, loss: 2.2767, lr: 4.77e-06
     Epoch[28] Iteration[130/320], entropy: 0.6147, loss: 2.0318, lr: 4.77e-06
     Epoch[28] Iteration[140/320], entropy: 0.8163, loss: 2.3366, lr: 3.27e-05
     Epoch[28] Iteration[150/320], entropy: 0.7248, loss: 2.2531, lr: 5.00e-05
     Epoch[28] Iteration[160/320], entropy: 0.6903, loss: 2.2457, lr: 3.27e-05
     Epoch[28] Iteration[170/320], entropy: 0.6562, loss: 2.0678, lr: 4.77e-06
     Epoch[28] Iteration[180/320], entropy: 0.5286, loss: 2.1984, lr: 4.77e-06
     Epoch[28] Iteration[190/320], entropy: 0.7878, loss: 2.3263, lr: 3.27e-05
     Epoch[28] Iteration[200/320], entropy: 0.5478, loss: 2.0548, lr: 5.00e-05
     Epoch[28] Iteration[210/320], entropy: 0.7663, loss: 2.2275, lr: 3.27e-05
     Epoch[28] Iteration[220/320], entropy: 0.5574, loss: 2.1353, lr: 4.77e-06
     Epoch[28] Iteration[230/320], entropy: 0.5447, loss: 2.0354, lr: 4.77e-06
     Epoch[28] Iteration[240/320], entropy: 0.6156, loss: 2.0594, lr: 3.27e-05
     Epoch[28] Iteration[250/320], entropy: 0.5843, loss: 2.0986, lr: 5.00e-05
     Epoch[28] Iteration[260/320], entropy: 0.7216, loss: 2.3210, lr: 3.27e-05
     Epoch[28] Iteration[270/320], entropy: 0.7953, loss: 2.2941, lr: 4.77e-06
     Epoch[28] Iteration[280/320], entropy: 0.6539, loss: 2.2469, lr: 4.77e-06
     Epoch[28] Iteration[290/320], entropy: 0.7744, loss: 2.3425, lr: 3.27e-05
     Epoch[28] Iteration[300/320], entropy: 0.8143, loss: 2.2564, lr: 5.00e-05
     Epoch[28] Iteration[310/320], entropy: 0.6142, loss: 2.3069, lr: 3.27e-05
     Epoch[28] Iteration[320/320], entropy: 0.6153, loss: 2.2277, lr: 4.77e-06
     Averaged stats: entropy: 0.6153, loss: 2.2277, lr: 4.77e-06
     itm tta time 0:00:53
### TTA Eval Score: 
+-------+--------+--------+--------+--------+-------+
| epoch |   R1   |   R5   |  R10   |  mAP   |  mINP |
+-------+--------+--------+--------+--------+-------+
|  -999 | 60.641 | 77.509 | 83.268 | 35.542 | 6.004 |
|   0   | 60.570 | 77.454 | 83.212 | 35.716 | 6.165 |
|   1   | 60.475 | 77.091 | 83.117 | 35.619 | 6.238 |
|   2   | 59.447 | 76.471 | 82.719 | 35.144 | 6.193 |
|   3   | 58.076 | 75.448 | 81.908 | 34.256 | 6.028 |
|   4   | 55.960 | 74.068 | 80.729 | 32.976 | 5.760 |
|   5   | 53.356 | 71.927 | 78.930 | 31.256 | 5.339 |
|   6   | 50.887 | 69.967 | 77.116 | 29.602 | 4.917 |
|   7   | 48.378 | 67.901 | 75.232 | 27.819 | 4.469 |
|   8   | 46.065 | 65.886 | 73.332 | 26.177 | 4.079 |
|   9   | 43.838 | 63.906 | 71.639 | 24.678 | 3.734 |
|   10  | 41.636 | 61.860 | 69.795 | 23.184 | 3.401 |
|   11  | 39.727 | 60.127 | 68.168 | 21.947 | 3.147 |
|   12  | 38.059 | 58.283 | 66.485 | 20.684 | 2.895 |
|   13  | 36.301 | 56.373 | 64.888 | 19.545 | 2.669 |
|   14  | 34.840 | 54.660 | 63.402 | 18.548 | 2.477 |
|   15  | 33.207 | 52.947 | 61.734 | 17.506 | 2.284 |
|   16  | 31.958 | 51.461 | 60.182 | 16.639 | 2.129 |
|   17  | 30.623 | 49.849 | 58.651 | 15.769 | 1.981 |
|   18  | 29.378 | 48.363 | 57.306 | 14.961 | 1.847 |
|   19  | 28.436 | 47.022 | 55.965 | 14.249 | 1.732 |
|   20  | 27.418 | 45.627 | 54.479 | 13.517 | 1.614 |
|   21  | 26.386 | 44.503 | 53.078 | 12.891 | 1.518 |
|   22  | 25.393 | 43.183 | 51.622 | 12.246 | 1.423 |
|   23  | 24.365 | 41.858 | 50.403 | 11.669 | 1.344 |
|   24  | 23.423 | 40.614 | 49.149 | 11.149 | 1.273 |
|   25  | 22.380 | 39.384 | 47.803 | 10.603 | 1.200 |
|   26  | 21.589 | 38.382 | 46.811 | 10.163 | 1.142 |
|   27  | 20.838 | 37.183 | 45.682 | 9.717  | 1.086 |
|   28  | 20.088 | 36.145 | 44.523 | 9.300  | 1.034 |
+-------+--------+--------+--------+--------+-------+
     logs:  {'epo': 28, 'R1': 20.088, 'R5': 36.145, 'R10': 44.523, 'mAP': 9.3, 'mINP': 1.034, 'entropy': 0.6727065024897456, 'loss': 2.1936772391200066, 'lr': 2.4609375000000234e-05}
     Epoch[29] Iteration[10/320], entropy: 0.6711, loss: 2.1333, lr: 4.77e-06
     Epoch[29] Iteration[20/320], entropy: 0.7834, loss: 2.3279, lr: 3.27e-05
     Epoch[29] Iteration[30/320], entropy: 0.6623, loss: 2.1366, lr: 5.00e-05
     Epoch[29] Iteration[40/320], entropy: 0.4454, loss: 2.0304, lr: 3.27e-05
     Epoch[29] Iteration[50/320], entropy: 0.7506, loss: 2.2669, lr: 4.77e-06
     Epoch[29] Iteration[60/320], entropy: 0.6235, loss: 2.2010, lr: 4.77e-06
     Epoch[29] Iteration[70/320], entropy: 0.7189, loss: 2.1816, lr: 3.27e-05
     Epoch[29] Iteration[80/320], entropy: 0.7582, loss: 2.1167, lr: 5.00e-05
     Epoch[29] Iteration[90/320], entropy: 0.6306, loss: 2.0420, lr: 3.27e-05
     Epoch[29] Iteration[100/320], entropy: 0.8704, loss: 2.3875, lr: 4.77e-06
     Epoch[29] Iteration[110/320], entropy: 0.8268, loss: 2.2841, lr: 4.77e-06
     Epoch[29] Iteration[120/320], entropy: 0.5365, loss: 1.9865, lr: 3.27e-05
     Epoch[29] Iteration[130/320], entropy: 0.5524, loss: 2.1299, lr: 5.00e-05
     Epoch[29] Iteration[140/320], entropy: 0.6383, loss: 2.2662, lr: 3.27e-05
     Epoch[29] Iteration[150/320], entropy: 0.6554, loss: 2.1880, lr: 4.77e-06
     Epoch[29] Iteration[160/320], entropy: 0.6196, loss: 2.2141, lr: 4.77e-06
     Epoch[29] Iteration[170/320], entropy: 0.7645, loss: 2.2536, lr: 3.27e-05
     Epoch[29] Iteration[180/320], entropy: 0.7574, loss: 2.2792, lr: 5.00e-05
     Epoch[29] Iteration[190/320], entropy: 0.5749, loss: 2.2223, lr: 3.27e-05
     Epoch[29] Iteration[200/320], entropy: 0.6698, loss: 2.2995, lr: 4.77e-06
     Epoch[29] Iteration[210/320], entropy: 0.7732, loss: 2.2492, lr: 4.77e-06
     Epoch[29] Iteration[220/320], entropy: 0.8997, loss: 2.3969, lr: 3.27e-05
     Epoch[29] Iteration[230/320], entropy: 0.7004, loss: 2.1273, lr: 5.00e-05
     Epoch[29] Iteration[240/320], entropy: 0.6790, loss: 2.1818, lr: 3.27e-05
     Epoch[29] Iteration[250/320], entropy: 0.7317, loss: 2.2516, lr: 4.77e-06
     Epoch[29] Iteration[260/320], entropy: 0.5852, loss: 2.1078, lr: 4.77e-06
     Epoch[29] Iteration[270/320], entropy: 0.5996, loss: 2.2132, lr: 3.27e-05
     Epoch[29] Iteration[280/320], entropy: 0.6173, loss: 2.2211, lr: 5.00e-05
     Epoch[29] Iteration[290/320], entropy: 0.7395, loss: 2.1843, lr: 3.27e-05
     Epoch[29] Iteration[300/320], entropy: 0.5541, loss: 2.0885, lr: 4.77e-06
     Epoch[29] Iteration[310/320], entropy: 0.6520, loss: 2.1325, lr: 4.77e-06
     Epoch[29] Iteration[320/320], entropy: 0.6542, loss: 2.2023, lr: 3.27e-05
     Averaged stats: entropy: 0.6542, loss: 2.2023, lr: 3.27e-05
     itm tta time 0:00:53
### TTA Eval Score: 
+-------+--------+--------+--------+--------+-------+
| epoch |   R1   |   R5   |  R10   |  mAP   |  mINP |
+-------+--------+--------+--------+--------+-------+
|  -999 | 60.641 | 77.509 | 83.268 | 35.542 | 6.004 |
|   0   | 60.570 | 77.454 | 83.212 | 35.716 | 6.165 |
|   1   | 60.475 | 77.091 | 83.117 | 35.619 | 6.238 |
|   2   | 59.447 | 76.471 | 82.719 | 35.144 | 6.193 |
|   3   | 58.076 | 75.448 | 81.908 | 34.256 | 6.028 |
|   4   | 55.960 | 74.068 | 80.729 | 32.976 | 5.760 |
|   5   | 53.356 | 71.927 | 78.930 | 31.256 | 5.339 |
|   6   | 50.887 | 69.967 | 77.116 | 29.602 | 4.917 |
|   7   | 48.378 | 67.901 | 75.232 | 27.819 | 4.469 |
|   8   | 46.065 | 65.886 | 73.332 | 26.177 | 4.079 |
|   9   | 43.838 | 63.906 | 71.639 | 24.678 | 3.734 |
|   10  | 41.636 | 61.860 | 69.795 | 23.184 | 3.401 |
|   11  | 39.727 | 60.127 | 68.168 | 21.947 | 3.147 |
|   12  | 38.059 | 58.283 | 66.485 | 20.684 | 2.895 |
|   13  | 36.301 | 56.373 | 64.888 | 19.545 | 2.669 |
|   14  | 34.840 | 54.660 | 63.402 | 18.548 | 2.477 |
|   15  | 33.207 | 52.947 | 61.734 | 17.506 | 2.284 |
|   16  | 31.958 | 51.461 | 60.182 | 16.639 | 2.129 |
|   17  | 30.623 | 49.849 | 58.651 | 15.769 | 1.981 |
|   18  | 29.378 | 48.363 | 57.306 | 14.961 | 1.847 |
|   19  | 28.436 | 47.022 | 55.965 | 14.249 | 1.732 |
|   20  | 27.418 | 45.627 | 54.479 | 13.517 | 1.614 |
|   21  | 26.386 | 44.503 | 53.078 | 12.891 | 1.518 |
|   22  | 25.393 | 43.183 | 51.622 | 12.246 | 1.423 |
|   23  | 24.365 | 41.858 | 50.403 | 11.669 | 1.344 |
|   24  | 23.423 | 40.614 | 49.149 | 11.149 | 1.273 |
|   25  | 22.380 | 39.384 | 47.803 | 10.603 | 1.200 |
|   26  | 21.589 | 38.382 | 46.811 | 10.163 | 1.142 |
|   27  | 20.838 | 37.183 | 45.682 | 9.717  | 1.086 |
|   28  | 20.088 | 36.145 | 44.523 | 9.300  | 1.034 |
|   29  | 19.418 | 35.152 | 43.445 | 8.909  | 0.988 |
+-------+--------+--------+--------+--------+-------+
     logs:  {'epo': 29, 'R1': 19.418, 'R5': 35.152, 'R10': 43.445, 'mAP': 8.909, 'mINP': 0.988, 'entropy': 0.6779961995780468, 'loss': 2.1969899348914623, 'lr': 2.4609375000000522e-05}
### best epoch 0 : {'epo': '0', 'R1': '60.57', 'R5': '77.454', 'R10': '83.212', 'mAP': '35.716', 'mINP': '6.165', 'entropy': '1.2294192388653755', 'loss': '2.459381081163883', 'lr': '2.5538222941764162e-05'}
### Time 0:57:20
