/home/jiahao/miniconda3/envs/irra/lib/python3.9/site-packages/torch/nn/functional.py:3609: UserWarning: Default upsampling behavior when mode=bilinear is changed to align_corners=False since 0.4.0. Please specify align_corners=True if the old behavior is desired. See the documentation of nn.Upsample for details.
  warnings.warn(
Not using distributed mode
### Hyper-parameters:
     output_dir: output/ham_icfg_tta/exp3.1.1/2025090316554
     seed: 42
     device: cuda
     batch_size_tta: 32
     epochs: 30
     lr: 5e-05
### Creating test dataset
     test_txt_set: 19848    test_img_set: 19848
     test_txt_loader: 39    test_img_loader: 39
### Creating model
Training Model with ['sdm', 'id', 'mlm'] tasks
Resized position embedding from size:torch.Size([1, 197, 768]) to size: torch.Size([1, 193, 768]) with height:24 width: 8
     Total Params Sum:  190482206
### Zero-Shot Score: 
+-------+--------+--------+--------+--------+-------+
| epoch |   R1   |   R5   |  R10   |  mAP   |  mINP |
+-------+--------+--------+--------+--------+-------+
|  -999 | 60.641 | 77.509 | 83.268 | 35.542 | 6.004 |
+-------+--------+--------+--------+--------+-------+
### TTA:
### Compute Cos Similarity Uncertainty
     preprocess_tta_coefficients  start
     sample selection ...
     number of sample after sample_selection: 19848
     uncertainty ...
     preprocess_tta_coefficients  end
### Creating TTA dataset
     tta_dataset: 19848
### Creating tta dataloader
### be careful: func create_loader returns a list length of 1
     tta_loader: 620
### Configure adapted weights
     TTA Dropout Modules: 
 []
     TTA Require Gradient Params: 
 [('base_model.transformer.resblocks.0.ln_1.weight', torch.Size([512])), ('base_model.transformer.resblocks.0.ln_1.bias', torch.Size([512])), ('base_model.transformer.resblocks.0.ln_2.weight', torch.Size([512])), ('base_model.transformer.resblocks.0.ln_2.bias', torch.Size([512])), ('base_model.transformer.resblocks.1.ln_1.weight', torch.Size([512])), ('base_model.transformer.resblocks.1.ln_1.bias', torch.Size([512])), ('base_model.transformer.resblocks.1.ln_2.weight', torch.Size([512])), ('base_model.transformer.resblocks.1.ln_2.bias', torch.Size([512])), ('base_model.transformer.resblocks.2.ln_1.weight', torch.Size([512])), ('base_model.transformer.resblocks.2.ln_1.bias', torch.Size([512])), ('base_model.transformer.resblocks.2.ln_2.weight', torch.Size([512])), ('base_model.transformer.resblocks.2.ln_2.bias', torch.Size([512])), ('base_model.transformer.resblocks.3.ln_1.weight', torch.Size([512])), ('base_model.transformer.resblocks.3.ln_1.bias', torch.Size([512])), ('base_model.transformer.resblocks.3.ln_2.weight', torch.Size([512])), ('base_model.transformer.resblocks.3.ln_2.bias', torch.Size([512])), ('base_model.transformer.resblocks.4.ln_1.weight', torch.Size([512])), ('base_model.transformer.resblocks.4.ln_1.bias', torch.Size([512])), ('base_model.transformer.resblocks.4.ln_2.weight', torch.Size([512])), ('base_model.transformer.resblocks.4.ln_2.bias', torch.Size([512])), ('base_model.transformer.resblocks.5.ln_1.weight', torch.Size([512])), ('base_model.transformer.resblocks.5.ln_1.bias', torch.Size([512])), ('base_model.transformer.resblocks.5.ln_2.weight', torch.Size([512])), ('base_model.transformer.resblocks.5.ln_2.bias', torch.Size([512])), ('base_model.transformer.resblocks.6.ln_1.weight', torch.Size([512])), ('base_model.transformer.resblocks.6.ln_1.bias', torch.Size([512])), ('base_model.transformer.resblocks.6.ln_2.weight', torch.Size([512])), ('base_model.transformer.resblocks.6.ln_2.bias', torch.Size([512])), ('base_model.transformer.resblocks.7.ln_1.weight', torch.Size([512])), ('base_model.transformer.resblocks.7.ln_1.bias', torch.Size([512])), ('base_model.transformer.resblocks.7.ln_2.weight', torch.Size([512])), ('base_model.transformer.resblocks.7.ln_2.bias', torch.Size([512])), ('base_model.transformer.resblocks.8.ln_1.weight', torch.Size([512])), ('base_model.transformer.resblocks.8.ln_1.bias', torch.Size([512])), ('base_model.transformer.resblocks.8.ln_2.weight', torch.Size([512])), ('base_model.transformer.resblocks.8.ln_2.bias', torch.Size([512])), ('base_model.transformer.resblocks.9.ln_1.weight', torch.Size([512])), ('base_model.transformer.resblocks.9.ln_1.bias', torch.Size([512])), ('base_model.transformer.resblocks.9.ln_2.weight', torch.Size([512])), ('base_model.transformer.resblocks.9.ln_2.bias', torch.Size([512])), ('base_model.transformer.resblocks.10.ln_1.weight', torch.Size([512])), ('base_model.transformer.resblocks.10.ln_1.bias', torch.Size([512])), ('base_model.transformer.resblocks.10.ln_2.weight', torch.Size([512])), ('base_model.transformer.resblocks.10.ln_2.bias', torch.Size([512])), ('base_model.transformer.resblocks.11.ln_1.weight', torch.Size([512])), ('base_model.transformer.resblocks.11.ln_1.bias', torch.Size([512])), ('base_model.transformer.resblocks.11.ln_2.weight', torch.Size([512])), ('base_model.transformer.resblocks.11.ln_2.bias', torch.Size([512])), ('base_model.ln_final.weight', torch.Size([512])), ('base_model.ln_final.bias', torch.Size([512]))]
     TTA Dropout Modules Number: 
 0
     TTA Require Gradient Params Sum: 
 25600
Using 5.0 times learning rate for random init module 
### Start Test Time Adaptation
     Epoch[0] Iteration[10/620], entropy: 1.0728, loss: 2.6900, lr: 4.52e-05
     Epoch[0] Iteration[20/620], entropy: 1.0477, loss: 2.6506, lr: 1.73e-05
     Epoch[0] Iteration[30/620], entropy: 1.0588, loss: 2.6529, lr: 0.00e+00
     Epoch[0] Iteration[40/620], entropy: 1.0659, loss: 2.6978, lr: 1.73e-05
     Epoch[0] Iteration[50/620], entropy: 1.0120, loss: 2.6302, lr: 4.52e-05
     Epoch[0] Iteration[60/620], entropy: 1.0644, loss: 2.6633, lr: 4.52e-05
     Epoch[0] Iteration[70/620], entropy: 0.9847, loss: 2.5848, lr: 1.73e-05
     Epoch[0] Iteration[80/620], entropy: 1.0378, loss: 2.6141, lr: 0.00e+00
     Epoch[0] Iteration[90/620], entropy: 1.0152, loss: 2.5789, lr: 1.73e-05
     Epoch[0] Iteration[100/620], entropy: 1.0762, loss: 2.7326, lr: 4.52e-05
     Epoch[0] Iteration[110/620], entropy: 1.0921, loss: 2.6534, lr: 4.52e-05
     Epoch[0] Iteration[120/620], entropy: 1.0460, loss: 2.6734, lr: 1.73e-05
     Epoch[0] Iteration[130/620], entropy: 1.0691, loss: 2.6934, lr: 0.00e+00
     Epoch[0] Iteration[140/620], entropy: 1.1142, loss: 2.7557, lr: 1.73e-05
     Epoch[0] Iteration[150/620], entropy: 1.0608, loss: 2.7499, lr: 4.52e-05
     Epoch[0] Iteration[160/620], entropy: 0.9528, loss: 2.5332, lr: 4.52e-05
     Epoch[0] Iteration[170/620], entropy: 1.0611, loss: 2.7100, lr: 1.73e-05
     Epoch[0] Iteration[180/620], entropy: 0.9833, loss: 2.5434, lr: 0.00e+00
     Epoch[0] Iteration[190/620], entropy: 1.1033, loss: 2.7747, lr: 1.73e-05
     Epoch[0] Iteration[200/620], entropy: 1.0974, loss: 2.7131, lr: 4.52e-05
     Epoch[0] Iteration[210/620], entropy: 1.0513, loss: 2.6766, lr: 4.52e-05
     Epoch[0] Iteration[220/620], entropy: 1.0170, loss: 2.5444, lr: 1.73e-05
     Epoch[0] Iteration[230/620], entropy: 1.0697, loss: 2.7243, lr: 0.00e+00
     Epoch[0] Iteration[240/620], entropy: 0.9914, loss: 2.6018, lr: 1.73e-05
     Epoch[0] Iteration[250/620], entropy: 1.1098, loss: 2.6833, lr: 4.52e-05
     Epoch[0] Iteration[260/620], entropy: 0.9917, loss: 2.6074, lr: 4.52e-05
     Epoch[0] Iteration[270/620], entropy: 0.9924, loss: 2.6282, lr: 1.73e-05
     Epoch[0] Iteration[280/620], entropy: 1.0802, loss: 2.7299, lr: 0.00e+00
     Epoch[0] Iteration[290/620], entropy: 1.0993, loss: 2.7673, lr: 1.73e-05
     Epoch[0] Iteration[300/620], entropy: 1.0195, loss: 2.6823, lr: 4.52e-05
     Epoch[0] Iteration[310/620], entropy: 1.0667, loss: 2.6565, lr: 4.52e-05
     Epoch[0] Iteration[320/620], entropy: 0.9880, loss: 2.6250, lr: 1.73e-05
     Epoch[0] Iteration[330/620], entropy: 0.9929, loss: 2.6225, lr: 0.00e+00
     Epoch[0] Iteration[340/620], entropy: 1.0629, loss: 2.7438, lr: 1.73e-05
     Epoch[0] Iteration[350/620], entropy: 1.0351, loss: 2.7179, lr: 4.52e-05
     Epoch[0] Iteration[360/620], entropy: 1.0164, loss: 2.6663, lr: 4.52e-05
     Epoch[0] Iteration[370/620], entropy: 0.9352, loss: 2.6017, lr: 1.73e-05
     Epoch[0] Iteration[380/620], entropy: 0.9541, loss: 2.5704, lr: 0.00e+00
     Epoch[0] Iteration[390/620], entropy: 0.9637, loss: 2.6518, lr: 1.73e-05
     Epoch[0] Iteration[400/620], entropy: 1.0314, loss: 2.6967, lr: 4.52e-05
     Epoch[0] Iteration[410/620], entropy: 1.0886, loss: 2.6923, lr: 4.52e-05
     Epoch[0] Iteration[420/620], entropy: 0.9618, loss: 2.5940, lr: 1.73e-05
     Epoch[0] Iteration[430/620], entropy: 0.9533, loss: 2.6934, lr: 0.00e+00
     Epoch[0] Iteration[440/620], entropy: 1.0215, loss: 2.7170, lr: 1.73e-05
     Epoch[0] Iteration[450/620], entropy: 1.0099, loss: 2.6822, lr: 4.52e-05
     Epoch[0] Iteration[460/620], entropy: 0.9843, loss: 2.6670, lr: 4.52e-05
     Epoch[0] Iteration[470/620], entropy: 0.9942, loss: 2.6824, lr: 1.73e-05
     Epoch[0] Iteration[480/620], entropy: 0.9491, loss: 2.6012, lr: 0.00e+00
     Epoch[0] Iteration[490/620], entropy: 0.9213, loss: 2.6018, lr: 1.73e-05
     Epoch[0] Iteration[500/620], entropy: 0.8708, loss: 2.5506, lr: 4.52e-05
     Epoch[0] Iteration[510/620], entropy: 1.0049, loss: 2.6399, lr: 4.52e-05
     Epoch[0] Iteration[520/620], entropy: 0.9241, loss: 2.5972, lr: 1.73e-05
     Epoch[0] Iteration[530/620], entropy: 1.0711, loss: 2.6985, lr: 0.00e+00
     Epoch[0] Iteration[540/620], entropy: 1.0086, loss: 2.6277, lr: 1.73e-05
     Epoch[0] Iteration[550/620], entropy: 0.9969, loss: 2.6441, lr: 4.52e-05
     Epoch[0] Iteration[560/620], entropy: 1.0070, loss: 2.7181, lr: 4.52e-05
     Epoch[0] Iteration[570/620], entropy: 0.9249, loss: 2.5743, lr: 1.73e-05
     Epoch[0] Iteration[580/620], entropy: 1.0412, loss: 2.6661, lr: 0.00e+00
     Epoch[0] Iteration[590/620], entropy: 0.9639, loss: 2.6991, lr: 1.73e-05
     Epoch[0] Iteration[600/620], entropy: 1.0004, loss: 2.6959, lr: 4.52e-05
     Epoch[0] Iteration[610/620], entropy: 0.8896, loss: 2.6003, lr: 4.52e-05
     Epoch[0] Iteration[620/620], entropy: 0.9413, loss: 2.6492, lr: 1.73e-05
     Averaged stats: entropy: 0.9413, loss: 2.6492, lr: 1.73e-05
     itm tta time 0:01:50
### TTA Eval Score: 
+-------+--------+--------+--------+--------+-------+
| epoch |   R1   |   R5   |  R10   |  mAP   |  mINP |
+-------+--------+--------+--------+--------+-------+
|  -999 | 60.641 | 77.509 | 83.268 | 35.542 | 6.004 |
|   0   | 58.374 | 76.103 | 82.356 | 34.597 | 6.151 |
+-------+--------+--------+--------+--------+-------+
     logs:  {'epo': 0, 'R1': 58.374, 'R5': 76.103, 'R10': 82.356, 'mAP': 34.597, 'mINP': 6.151, 'entropy': 1.0163325330903452, 'loss': 2.6578349144228044, 'lr': 2.520161290322581e-05}
     Epoch[1] Iteration[10/620], entropy: 0.9717, loss: 2.5925, lr: 0.00e+00
     Epoch[1] Iteration[20/620], entropy: 1.0549, loss: 2.5785, lr: 1.73e-05
     Epoch[1] Iteration[30/620], entropy: 0.8816, loss: 2.6207, lr: 4.52e-05
     Epoch[1] Iteration[40/620], entropy: 0.9178, loss: 2.5405, lr: 4.52e-05
     Epoch[1] Iteration[50/620], entropy: 0.8842, loss: 2.5567, lr: 1.73e-05
     Epoch[1] Iteration[60/620], entropy: 0.9432, loss: 2.5924, lr: 0.00e+00
     Epoch[1] Iteration[70/620], entropy: 0.9674, loss: 2.6340, lr: 1.73e-05
     Epoch[1] Iteration[80/620], entropy: 0.9203, loss: 2.6090, lr: 4.52e-05
     Epoch[1] Iteration[90/620], entropy: 0.9250, loss: 2.5619, lr: 4.52e-05
     Epoch[1] Iteration[100/620], entropy: 0.9838, loss: 2.7009, lr: 1.73e-05
     Epoch[1] Iteration[110/620], entropy: 0.9668, loss: 2.6892, lr: 0.00e+00
     Epoch[1] Iteration[120/620], entropy: 0.8924, loss: 2.5540, lr: 1.73e-05
     Epoch[1] Iteration[130/620], entropy: 0.9825, loss: 2.6431, lr: 4.52e-05
     Epoch[1] Iteration[140/620], entropy: 0.9379, loss: 2.5800, lr: 4.52e-05
     Epoch[1] Iteration[150/620], entropy: 0.8945, loss: 2.6073, lr: 1.73e-05
     Epoch[1] Iteration[160/620], entropy: 0.8953, loss: 2.5709, lr: 0.00e+00
     Epoch[1] Iteration[170/620], entropy: 0.8671, loss: 2.6454, lr: 1.73e-05
     Epoch[1] Iteration[180/620], entropy: 0.9697, loss: 2.6824, lr: 4.52e-05
     Epoch[1] Iteration[190/620], entropy: 0.8924, loss: 2.5524, lr: 4.52e-05
     Epoch[1] Iteration[200/620], entropy: 0.8765, loss: 2.6271, lr: 1.73e-05
     Epoch[1] Iteration[210/620], entropy: 0.9349, loss: 2.6323, lr: 0.00e+00
     Epoch[1] Iteration[220/620], entropy: 0.8865, loss: 2.6733, lr: 1.73e-05
     Epoch[1] Iteration[230/620], entropy: 0.8672, loss: 2.4968, lr: 4.52e-05
     Epoch[1] Iteration[240/620], entropy: 0.9303, loss: 2.6523, lr: 4.52e-05
     Epoch[1] Iteration[250/620], entropy: 0.8777, loss: 2.5417, lr: 1.73e-05
     Epoch[1] Iteration[260/620], entropy: 0.8469, loss: 2.5713, lr: 0.00e+00
     Epoch[1] Iteration[270/620], entropy: 0.8798, loss: 2.5377, lr: 1.73e-05
     Epoch[1] Iteration[280/620], entropy: 0.9235, loss: 2.5797, lr: 4.52e-05
     Epoch[1] Iteration[290/620], entropy: 0.9015, loss: 2.5452, lr: 4.52e-05
     Epoch[1] Iteration[300/620], entropy: 0.8671, loss: 2.5362, lr: 1.73e-05
     Epoch[1] Iteration[310/620], entropy: 0.8411, loss: 2.6211, lr: 0.00e+00
     Epoch[1] Iteration[320/620], entropy: 0.8693, loss: 2.6430, lr: 1.73e-05
     Epoch[1] Iteration[330/620], entropy: 0.7659, loss: 2.4639, lr: 4.52e-05
     Epoch[1] Iteration[340/620], entropy: 0.8626, loss: 2.6438, lr: 4.52e-05
     Epoch[1] Iteration[350/620], entropy: 0.8893, loss: 2.5932, lr: 1.73e-05
     Epoch[1] Iteration[360/620], entropy: 0.7908, loss: 2.6001, lr: 0.00e+00
     Epoch[1] Iteration[370/620], entropy: 0.9126, loss: 2.6639, lr: 1.73e-05
     Epoch[1] Iteration[380/620], entropy: 0.9065, loss: 2.6233, lr: 4.52e-05
     Epoch[1] Iteration[390/620], entropy: 0.8377, loss: 2.6203, lr: 4.52e-05
     Epoch[1] Iteration[400/620], entropy: 0.7594, loss: 2.4910, lr: 1.73e-05
     Epoch[1] Iteration[410/620], entropy: 0.7627, loss: 2.5423, lr: 0.00e+00
     Epoch[1] Iteration[420/620], entropy: 0.8764, loss: 2.5407, lr: 1.73e-05
     Epoch[1] Iteration[430/620], entropy: 0.8267, loss: 2.6131, lr: 4.52e-05
     Epoch[1] Iteration[440/620], entropy: 0.8046, loss: 2.4727, lr: 4.52e-05
     Epoch[1] Iteration[450/620], entropy: 0.8842, loss: 2.5912, lr: 1.73e-05
     Epoch[1] Iteration[460/620], entropy: 0.8308, loss: 2.6193, lr: 0.00e+00
     Epoch[1] Iteration[470/620], entropy: 0.7631, loss: 2.4852, lr: 1.73e-05
     Epoch[1] Iteration[480/620], entropy: 0.8071, loss: 2.5352, lr: 4.52e-05
     Epoch[1] Iteration[490/620], entropy: 0.8083, loss: 2.5769, lr: 4.52e-05
     Epoch[1] Iteration[500/620], entropy: 0.8703, loss: 2.6691, lr: 1.73e-05
     Epoch[1] Iteration[510/620], entropy: 0.6597, loss: 2.4516, lr: 0.00e+00
     Epoch[1] Iteration[520/620], entropy: 0.7802, loss: 2.4986, lr: 1.73e-05
     Epoch[1] Iteration[530/620], entropy: 0.7796, loss: 2.5416, lr: 4.52e-05
     Epoch[1] Iteration[540/620], entropy: 0.7601, loss: 2.4786, lr: 4.52e-05
     Epoch[1] Iteration[550/620], entropy: 0.7433, loss: 2.5844, lr: 1.73e-05
     Epoch[1] Iteration[560/620], entropy: 0.8167, loss: 2.6064, lr: 0.00e+00
     Epoch[1] Iteration[570/620], entropy: 0.8072, loss: 2.5153, lr: 1.73e-05
     Epoch[1] Iteration[580/620], entropy: 0.8140, loss: 2.5905, lr: 4.52e-05
     Epoch[1] Iteration[590/620], entropy: 0.7409, loss: 2.4637, lr: 4.52e-05
     Epoch[1] Iteration[600/620], entropy: 0.7134, loss: 2.5105, lr: 1.73e-05
     Epoch[1] Iteration[610/620], entropy: 0.7440, loss: 2.5641, lr: 0.00e+00
     Epoch[1] Iteration[620/620], entropy: 0.8053, loss: 2.5678, lr: 1.73e-05
     Averaged stats: entropy: 0.8053, loss: 2.5678, lr: 1.73e-05
     itm tta time 0:01:50
### TTA Eval Score: 
+-------+--------+--------+--------+--------+-------+
| epoch |   R1   |   R5   |  R10   |  mAP   |  mINP |
+-------+--------+--------+--------+--------+-------+
|  -999 | 60.641 | 77.509 | 83.268 | 35.542 | 6.004 |
|   0   | 58.374 | 76.103 | 82.356 | 34.597 | 6.151 |
|   1   | 51.804 | 71.216 | 78.431 | 30.543 | 5.459 |
+-------+--------+--------+--------+--------+-------+
     logs:  {'epo': 1, 'R1': 51.804, 'R5': 71.216, 'R10': 78.431, 'mAP': 30.543, 'mINP': 5.459, 'entropy': 0.8608718812465668, 'loss': 2.578834149145311, 'lr': 2.44721705667842e-05}
     Epoch[2] Iteration[10/620], entropy: 0.8419, loss: 2.6489, lr: 4.52e-05
     Epoch[2] Iteration[20/620], entropy: 0.7552, loss: 2.5683, lr: 4.52e-05
     Epoch[2] Iteration[30/620], entropy: 0.8327, loss: 2.6318, lr: 1.73e-05
     Epoch[2] Iteration[40/620], entropy: 0.7535, loss: 2.4886, lr: 0.00e+00
     Epoch[2] Iteration[50/620], entropy: 0.9043, loss: 2.6770, lr: 1.73e-05
     Epoch[2] Iteration[60/620], entropy: 0.7393, loss: 2.5168, lr: 4.52e-05
     Epoch[2] Iteration[70/620], entropy: 0.7895, loss: 2.5765, lr: 4.52e-05
     Epoch[2] Iteration[80/620], entropy: 0.8353, loss: 2.5436, lr: 1.73e-05
     Epoch[2] Iteration[90/620], entropy: 0.6923, loss: 2.5211, lr: 0.00e+00
     Epoch[2] Iteration[100/620], entropy: 0.7794, loss: 2.5281, lr: 1.73e-05
     Epoch[2] Iteration[110/620], entropy: 0.7902, loss: 2.5921, lr: 4.52e-05
     Epoch[2] Iteration[120/620], entropy: 0.6998, loss: 2.5183, lr: 4.52e-05
     Epoch[2] Iteration[130/620], entropy: 0.6824, loss: 2.5738, lr: 1.73e-05
     Epoch[2] Iteration[140/620], entropy: 0.7842, loss: 2.5264, lr: 0.00e+00
     Epoch[2] Iteration[150/620], entropy: 0.7223, loss: 2.5910, lr: 1.73e-05
     Epoch[2] Iteration[160/620], entropy: 0.7385, loss: 2.5407, lr: 4.52e-05
     Epoch[2] Iteration[170/620], entropy: 0.6910, loss: 2.4871, lr: 4.52e-05
     Epoch[2] Iteration[180/620], entropy: 0.7817, loss: 2.5186, lr: 1.73e-05
     Epoch[2] Iteration[190/620], entropy: 0.7780, loss: 2.5535, lr: 0.00e+00
     Epoch[2] Iteration[200/620], entropy: 0.8496, loss: 2.5156, lr: 1.73e-05
     Epoch[2] Iteration[210/620], entropy: 0.7570, loss: 2.5842, lr: 4.52e-05
     Epoch[2] Iteration[220/620], entropy: 0.6706, loss: 2.4762, lr: 4.52e-05
     Epoch[2] Iteration[230/620], entropy: 0.7264, loss: 2.4460, lr: 1.73e-05
     Epoch[2] Iteration[240/620], entropy: 0.7001, loss: 2.6221, lr: 0.00e+00
     Epoch[2] Iteration[250/620], entropy: 0.7589, loss: 2.5550, lr: 1.73e-05
     Epoch[2] Iteration[260/620], entropy: 0.7254, loss: 2.5308, lr: 4.52e-05
     Epoch[2] Iteration[270/620], entropy: 0.6474, loss: 2.4851, lr: 4.52e-05
     Epoch[2] Iteration[280/620], entropy: 0.7530, loss: 2.5490, lr: 1.73e-05
     Epoch[2] Iteration[290/620], entropy: 0.7849, loss: 2.5775, lr: 0.00e+00
     Epoch[2] Iteration[300/620], entropy: 0.6795, loss: 2.5308, lr: 1.73e-05
     Epoch[2] Iteration[310/620], entropy: 0.5785, loss: 2.5003, lr: 4.52e-05
     Epoch[2] Iteration[320/620], entropy: 0.6287, loss: 2.4961, lr: 4.52e-05
     Epoch[2] Iteration[330/620], entropy: 0.7797, loss: 2.5901, lr: 1.73e-05
     Epoch[2] Iteration[340/620], entropy: 0.5660, loss: 2.3282, lr: 0.00e+00
     Epoch[2] Iteration[350/620], entropy: 0.8086, loss: 2.5811, lr: 1.73e-05
     Epoch[2] Iteration[360/620], entropy: 0.7666, loss: 2.5143, lr: 4.52e-05
     Epoch[2] Iteration[370/620], entropy: 0.7878, loss: 2.6184, lr: 4.52e-05
     Epoch[2] Iteration[380/620], entropy: 0.7275, loss: 2.4040, lr: 1.73e-05
     Epoch[2] Iteration[390/620], entropy: 0.6205, loss: 2.5571, lr: 0.00e+00
     Epoch[2] Iteration[400/620], entropy: 0.7111, loss: 2.5357, lr: 1.73e-05
     Epoch[2] Iteration[410/620], entropy: 0.7248, loss: 2.5052, lr: 4.52e-05
     Epoch[2] Iteration[420/620], entropy: 0.8055, loss: 2.5520, lr: 4.52e-05
     Epoch[2] Iteration[430/620], entropy: 0.7994, loss: 2.4273, lr: 1.73e-05
     Epoch[2] Iteration[440/620], entropy: 0.8116, loss: 2.4668, lr: 0.00e+00
     Epoch[2] Iteration[450/620], entropy: 0.7676, loss: 2.6335, lr: 1.73e-05
     Epoch[2] Iteration[460/620], entropy: 0.7749, loss: 2.5947, lr: 4.52e-05
     Epoch[2] Iteration[470/620], entropy: 0.7411, loss: 2.4790, lr: 4.52e-05
     Epoch[2] Iteration[480/620], entropy: 0.7440, loss: 2.4042, lr: 1.73e-05
     Epoch[2] Iteration[490/620], entropy: 0.6727, loss: 2.4743, lr: 0.00e+00
     Epoch[2] Iteration[500/620], entropy: 0.7043, loss: 2.5220, lr: 1.73e-05
     Epoch[2] Iteration[510/620], entropy: 0.6510, loss: 2.4153, lr: 4.52e-05
     Epoch[2] Iteration[520/620], entropy: 0.7755, loss: 2.5497, lr: 4.52e-05
     Epoch[2] Iteration[530/620], entropy: 0.6275, loss: 2.5226, lr: 1.73e-05
     Epoch[2] Iteration[540/620], entropy: 0.6551, loss: 2.4576, lr: 0.00e+00
     Epoch[2] Iteration[550/620], entropy: 0.7464, loss: 2.5014, lr: 1.73e-05
     Epoch[2] Iteration[560/620], entropy: 0.6292, loss: 2.4558, lr: 4.52e-05
     Epoch[2] Iteration[570/620], entropy: 0.7068, loss: 2.5501, lr: 4.52e-05
     Epoch[2] Iteration[580/620], entropy: 0.7095, loss: 2.5845, lr: 1.73e-05
     Epoch[2] Iteration[590/620], entropy: 0.6626, loss: 2.4764, lr: 0.00e+00
     Epoch[2] Iteration[600/620], entropy: 0.6417, loss: 2.4937, lr: 1.73e-05
     Epoch[2] Iteration[610/620], entropy: 0.6322, loss: 2.4551, lr: 4.52e-05
     Epoch[2] Iteration[620/620], entropy: 0.7049, loss: 2.5177, lr: 4.52e-05
     Averaged stats: entropy: 0.7049, loss: 2.5177, lr: 4.52e-05
     itm tta time 0:01:50
### TTA Eval Score: 
+-------+--------+--------+--------+--------+-------+
| epoch |   R1   |   R5   |  R10   |  mAP   |  mINP |
+-------+--------+--------+--------+--------+-------+
|  -999 | 60.641 | 77.509 | 83.268 | 35.542 | 6.004 |
|   0   | 58.374 | 76.103 | 82.356 | 34.597 | 6.151 |
|   1   | 51.804 | 71.216 | 78.431 | 30.543 | 5.459 |
|   2   | 43.732 | 64.767 | 72.652 | 25.637 | 4.402 |
+-------+--------+--------+--------+--------+-------+
     logs:  {'epo': 2, 'R1': 43.732, 'R5': 64.767, 'R10': 72.652, 'mAP': 25.637, 'mINP': 4.402, 'entropy': 0.7307678941757448, 'loss': 2.526430860642464, 'lr': 2.5652433059979798e-05}
     Epoch[3] Iteration[10/620], entropy: 0.7452, loss: 2.5379, lr: 1.73e-05
     Epoch[3] Iteration[20/620], entropy: 0.7120, loss: 2.5124, lr: 0.00e+00
     Epoch[3] Iteration[30/620], entropy: 0.6412, loss: 2.5320, lr: 1.73e-05
     Epoch[3] Iteration[40/620], entropy: 0.7389, loss: 2.5415, lr: 4.52e-05
     Epoch[3] Iteration[50/620], entropy: 0.7614, loss: 2.5574, lr: 4.52e-05
     Epoch[3] Iteration[60/620], entropy: 0.6525, loss: 2.3802, lr: 1.73e-05
     Epoch[3] Iteration[70/620], entropy: 0.6140, loss: 2.4001, lr: 0.00e+00
     Epoch[3] Iteration[80/620], entropy: 0.6733, loss: 2.4495, lr: 1.73e-05
     Epoch[3] Iteration[90/620], entropy: 0.6554, loss: 2.4004, lr: 4.52e-05
     Epoch[3] Iteration[100/620], entropy: 0.7588, loss: 2.6035, lr: 4.52e-05
     Epoch[3] Iteration[110/620], entropy: 0.6865, loss: 2.4389, lr: 1.73e-05
     Epoch[3] Iteration[120/620], entropy: 0.7408, loss: 2.6440, lr: 0.00e+00
     Epoch[3] Iteration[130/620], entropy: 0.7061, loss: 2.5283, lr: 1.73e-05
     Epoch[3] Iteration[140/620], entropy: 0.6534, loss: 2.4938, lr: 4.52e-05
     Epoch[3] Iteration[150/620], entropy: 0.6228, loss: 2.4813, lr: 4.52e-05
     Epoch[3] Iteration[160/620], entropy: 0.6948, loss: 2.3960, lr: 1.73e-05
     Epoch[3] Iteration[170/620], entropy: 0.6066, loss: 2.4974, lr: 0.00e+00
     Epoch[3] Iteration[180/620], entropy: 0.5931, loss: 2.5181, lr: 1.73e-05
     Epoch[3] Iteration[190/620], entropy: 0.6998, loss: 2.5545, lr: 4.52e-05
     Epoch[3] Iteration[200/620], entropy: 0.6331, loss: 2.4483, lr: 4.52e-05
     Epoch[3] Iteration[210/620], entropy: 0.6523, loss: 2.5032, lr: 2.03e-05
     Epoch[3] Iteration[220/620], entropy: 0.6736, loss: 2.4982, lr: 1.97e-07
     Epoch[3] Iteration[230/620], entropy: 0.6405, loss: 2.4816, lr: 1.44e-05
     Epoch[3] Iteration[240/620], entropy: 0.6778, loss: 2.4943, lr: 4.32e-05
     Epoch[3] Iteration[250/620], entropy: 0.5697, loss: 2.3436, lr: 4.69e-05
     Epoch[3] Iteration[260/620], entropy: 0.6361, loss: 2.4281, lr: 2.03e-05
     Epoch[3] Iteration[270/620], entropy: 0.5833, loss: 2.4838, lr: 1.97e-07
     Epoch[3] Iteration[280/620], entropy: 0.6663, loss: 2.4481, lr: 1.44e-05
     Epoch[3] Iteration[290/620], entropy: 0.6641, loss: 2.5823, lr: 4.32e-05
     Epoch[3] Iteration[300/620], entropy: 0.7220, loss: 2.4761, lr: 4.69e-05
     Epoch[3] Iteration[310/620], entropy: 0.6205, loss: 2.5597, lr: 2.03e-05
     Epoch[3] Iteration[320/620], entropy: 0.6450, loss: 2.4741, lr: 1.97e-07
     Epoch[3] Iteration[330/620], entropy: 0.7191, loss: 2.6135, lr: 1.44e-05
     Epoch[3] Iteration[340/620], entropy: 0.6301, loss: 2.5056, lr: 4.32e-05
     Epoch[3] Iteration[350/620], entropy: 0.6558, loss: 2.4130, lr: 4.69e-05
     Epoch[3] Iteration[360/620], entropy: 0.6265, loss: 2.4613, lr: 2.03e-05
     Epoch[3] Iteration[370/620], entropy: 0.7444, loss: 2.5411, lr: 1.97e-07
     Epoch[3] Iteration[380/620], entropy: 0.5491, loss: 2.5050, lr: 1.44e-05
     Epoch[3] Iteration[390/620], entropy: 0.6774, loss: 2.4142, lr: 4.32e-05
     Epoch[3] Iteration[400/620], entropy: 0.6118, loss: 2.3892, lr: 4.69e-05
     Epoch[3] Iteration[410/620], entropy: 0.5135, loss: 2.4814, lr: 2.03e-05
     Epoch[3] Iteration[420/620], entropy: 0.6530, loss: 2.4961, lr: 1.97e-07
     Epoch[3] Iteration[430/620], entropy: 0.6655, loss: 2.4174, lr: 1.44e-05
     Epoch[3] Iteration[440/620], entropy: 0.5622, loss: 2.3789, lr: 4.32e-05
     Epoch[3] Iteration[450/620], entropy: 0.6665, loss: 2.5128, lr: 4.69e-05
     Epoch[3] Iteration[460/620], entropy: 0.6972, loss: 2.4692, lr: 2.03e-05
     Epoch[3] Iteration[470/620], entropy: 0.5941, loss: 2.4830, lr: 1.97e-07
     Epoch[3] Iteration[480/620], entropy: 0.5241, loss: 2.3690, lr: 1.44e-05
     Epoch[3] Iteration[490/620], entropy: 0.5917, loss: 2.4127, lr: 4.32e-05
     Epoch[3] Iteration[500/620], entropy: 0.6026, loss: 2.5250, lr: 4.69e-05
     Epoch[3] Iteration[510/620], entropy: 0.6890, loss: 2.5804, lr: 2.03e-05
     Epoch[3] Iteration[520/620], entropy: 0.6922, loss: 2.5718, lr: 1.97e-07
     Epoch[3] Iteration[530/620], entropy: 0.6200, loss: 2.4833, lr: 1.44e-05
     Epoch[3] Iteration[540/620], entropy: 0.6644, loss: 2.4538, lr: 4.32e-05
     Epoch[3] Iteration[550/620], entropy: 0.6187, loss: 2.4793, lr: 4.69e-05
     Epoch[3] Iteration[560/620], entropy: 0.5928, loss: 2.4701, lr: 2.03e-05
     Epoch[3] Iteration[570/620], entropy: 0.5876, loss: 2.4207, lr: 1.97e-07
     Epoch[3] Iteration[580/620], entropy: 0.6719, loss: 2.6290, lr: 1.44e-05
     Epoch[3] Iteration[590/620], entropy: 0.6516, loss: 2.5196, lr: 4.32e-05
     Epoch[3] Iteration[600/620], entropy: 0.7281, loss: 2.5415, lr: 4.69e-05
     Epoch[3] Iteration[610/620], entropy: 0.6462, loss: 2.4991, lr: 2.03e-05
     Epoch[3] Iteration[620/620], entropy: 0.6822, loss: 2.5110, lr: 1.97e-07
     Averaged stats: entropy: 0.6822, loss: 2.5110, lr: 1.97e-07
     itm tta time 0:01:50
### TTA Eval Score: 
+-------+--------+--------+--------+--------+-------+
| epoch |   R1   |   R5   |  R10   |  mAP   |  mINP |
+-------+--------+--------+--------+--------+-------+
|  -999 | 60.641 | 77.509 | 83.268 | 35.542 | 6.004 |
|   0   | 58.374 | 76.103 | 82.356 | 34.597 | 6.151 |
|   1   | 51.804 | 71.216 | 78.431 | 30.543 | 5.459 |
|   2   | 43.732 | 64.767 | 72.652 | 25.637 | 4.402 |
|   3   | 37.848 | 58.590 | 67.523 | 21.718 | 3.555 |
+-------+--------+--------+--------+--------+-------+
     logs:  {'epo': 3, 'R1': 37.848, 'R5': 58.59, 'R10': 67.523, 'mAP': 21.718, 'mINP': 3.555, 'entropy': 0.6527417388654524, 'loss': 2.4876838614863734, 'lr': 2.4524396767782272e-05}
     Epoch[4] Iteration[10/620], entropy: 0.6515, loss: 2.4669, lr: 1.44e-05
     Epoch[4] Iteration[20/620], entropy: 0.5537, loss: 2.3668, lr: 4.32e-05
     Epoch[4] Iteration[30/620], entropy: 0.5610, loss: 2.4890, lr: 4.69e-05
     Epoch[4] Iteration[40/620], entropy: 0.7121, loss: 2.5316, lr: 2.03e-05
     Epoch[4] Iteration[50/620], entropy: 0.6578, loss: 2.4532, lr: 1.97e-07
     Epoch[4] Iteration[60/620], entropy: 0.6621, loss: 2.5277, lr: 1.44e-05
     Epoch[4] Iteration[70/620], entropy: 0.6122, loss: 2.4304, lr: 4.32e-05
     Epoch[4] Iteration[80/620], entropy: 0.7093, loss: 2.6165, lr: 4.69e-05
     Epoch[4] Iteration[90/620], entropy: 0.7378, loss: 2.4658, lr: 2.03e-05
     Epoch[4] Iteration[100/620], entropy: 0.6029, loss: 2.4275, lr: 1.97e-07
     Epoch[4] Iteration[110/620], entropy: 0.5691, loss: 2.4768, lr: 1.44e-05
     Epoch[4] Iteration[120/620], entropy: 0.6438, loss: 2.4793, lr: 4.32e-05
     Epoch[4] Iteration[130/620], entropy: 0.6329, loss: 2.5594, lr: 4.69e-05
     Epoch[4] Iteration[140/620], entropy: 0.6011, loss: 2.3624, lr: 2.03e-05
     Epoch[4] Iteration[150/620], entropy: 0.5662, loss: 2.4686, lr: 1.97e-07
     Epoch[4] Iteration[160/620], entropy: 0.6644, loss: 2.4393, lr: 1.44e-05
     Epoch[4] Iteration[170/620], entropy: 0.6492, loss: 2.4640, lr: 4.32e-05
     Epoch[4] Iteration[180/620], entropy: 0.5183, loss: 2.5082, lr: 4.69e-05
     Epoch[4] Iteration[190/620], entropy: 0.7125, loss: 2.4383, lr: 2.03e-05
     Epoch[4] Iteration[200/620], entropy: 0.5628, loss: 2.4317, lr: 1.97e-07
     Epoch[4] Iteration[210/620], entropy: 0.4976, loss: 2.4281, lr: 1.44e-05
     Epoch[4] Iteration[220/620], entropy: 0.6855, loss: 2.4900, lr: 4.32e-05
     Epoch[4] Iteration[230/620], entropy: 0.6366, loss: 2.5728, lr: 4.69e-05
     Epoch[4] Iteration[240/620], entropy: 0.5508, loss: 2.3776, lr: 2.03e-05
     Epoch[4] Iteration[250/620], entropy: 0.5375, loss: 2.4416, lr: 1.97e-07
     Epoch[4] Iteration[260/620], entropy: 0.6747, loss: 2.5657, lr: 1.44e-05
     Epoch[4] Iteration[270/620], entropy: 0.7855, loss: 2.4867, lr: 4.32e-05
     Epoch[4] Iteration[280/620], entropy: 0.5764, loss: 2.5242, lr: 4.69e-05
     Epoch[4] Iteration[290/620], entropy: 0.4427, loss: 2.4314, lr: 2.03e-05
     Epoch[4] Iteration[300/620], entropy: 0.5117, loss: 2.4454, lr: 1.97e-07
     Epoch[4] Iteration[310/620], entropy: 0.5836, loss: 2.5102, lr: 1.44e-05
     Epoch[4] Iteration[320/620], entropy: 0.7097, loss: 2.4590, lr: 4.32e-05
     Epoch[4] Iteration[330/620], entropy: 0.7022, loss: 2.4986, lr: 4.69e-05
     Epoch[4] Iteration[340/620], entropy: 0.7351, loss: 2.5345, lr: 2.03e-05
     Epoch[4] Iteration[350/620], entropy: 0.5369, loss: 2.3843, lr: 1.97e-07
     Epoch[4] Iteration[360/620], entropy: 0.7023, loss: 2.6135, lr: 1.44e-05
     Epoch[4] Iteration[370/620], entropy: 0.6155, loss: 2.4831, lr: 4.32e-05
     Epoch[4] Iteration[380/620], entropy: 0.6748, loss: 2.5026, lr: 4.69e-05
     Epoch[4] Iteration[390/620], entropy: 0.6302, loss: 2.4870, lr: 2.03e-05
     Epoch[4] Iteration[400/620], entropy: 0.7000, loss: 2.4885, lr: 1.97e-07
     Epoch[4] Iteration[410/620], entropy: 0.6433, loss: 2.4363, lr: 1.44e-05
     Epoch[4] Iteration[420/620], entropy: 0.5581, loss: 2.3805, lr: 4.32e-05
     Epoch[4] Iteration[430/620], entropy: 0.5325, loss: 2.4020, lr: 4.69e-05
     Epoch[4] Iteration[440/620], entropy: 0.5052, loss: 2.4875, lr: 2.03e-05
     Epoch[4] Iteration[450/620], entropy: 0.6963, loss: 2.4827, lr: 1.97e-07
     Epoch[4] Iteration[460/620], entropy: 0.6453, loss: 2.4354, lr: 1.44e-05
     Epoch[4] Iteration[470/620], entropy: 0.5765, loss: 2.3913, lr: 4.32e-05
     Epoch[4] Iteration[480/620], entropy: 0.6812, loss: 2.5090, lr: 4.69e-05
     Epoch[4] Iteration[490/620], entropy: 0.6982, loss: 2.4943, lr: 2.03e-05
     Epoch[4] Iteration[500/620], entropy: 0.5844, loss: 2.5117, lr: 1.97e-07
     Epoch[4] Iteration[510/620], entropy: 0.5700, loss: 2.4872, lr: 1.44e-05
     Epoch[4] Iteration[520/620], entropy: 0.6463, loss: 2.4249, lr: 4.32e-05
     Epoch[4] Iteration[530/620], entropy: 0.6077, loss: 2.5476, lr: 4.69e-05
     Epoch[4] Iteration[540/620], entropy: 0.6549, loss: 2.5611, lr: 2.03e-05
     Epoch[4] Iteration[550/620], entropy: 0.5823, loss: 2.4549, lr: 1.97e-07
     Epoch[4] Iteration[560/620], entropy: 0.6225, loss: 2.4911, lr: 1.44e-05
     Epoch[4] Iteration[570/620], entropy: 0.5656, loss: 2.4850, lr: 4.32e-05
     Epoch[4] Iteration[580/620], entropy: 0.6568, loss: 2.4880, lr: 4.69e-05
     Epoch[4] Iteration[590/620], entropy: 0.6951, loss: 2.5613, lr: 2.03e-05
     Epoch[4] Iteration[600/620], entropy: 0.7381, loss: 2.6381, lr: 1.97e-07
     Epoch[4] Iteration[610/620], entropy: 0.5562, loss: 2.5224, lr: 1.44e-05
     Epoch[4] Iteration[620/620], entropy: 0.5597, loss: 2.3421, lr: 4.32e-05
     Averaged stats: entropy: 0.5597, loss: 2.3421, lr: 4.32e-05
     itm tta time 0:01:50
### TTA Eval Score: 
+-------+--------+--------+--------+--------+-------+
| epoch |   R1   |   R5   |  R10   |  mAP   |  mINP |
+-------+--------+--------+--------+--------+-------+
|  -999 | 60.641 | 77.509 | 83.268 | 35.542 | 6.004 |
|   0   | 58.374 | 76.103 | 82.356 | 34.597 | 6.151 |
|   1   | 51.804 | 71.216 | 78.431 | 30.543 | 5.459 |
|   2   | 43.732 | 64.767 | 72.652 | 25.637 | 4.402 |
|   3   | 37.848 | 58.590 | 67.523 | 21.718 | 3.555 |
|   4   | 33.071 | 53.779 | 62.691 | 18.628 | 2.925 |
+-------+--------+--------+--------+--------+-------+
     logs:  {'epo': 4, 'R1': 33.071, 'R5': 53.779, 'R10': 62.691, 'mAP': 18.628, 'mINP': 2.925, 'entropy': 0.6233255204654509, 'loss': 2.4784300711847123, 'lr': 2.512225376445828e-05}
     Epoch[5] Iteration[10/620], entropy: 0.6861, loss: 2.5935, lr: 4.69e-05
     Epoch[5] Iteration[20/620], entropy: 0.6170, loss: 2.5481, lr: 2.03e-05
     Epoch[5] Iteration[30/620], entropy: 0.5253, loss: 2.3684, lr: 1.97e-07
     Epoch[5] Iteration[40/620], entropy: 0.6911, loss: 2.6247, lr: 1.44e-05
     Epoch[5] Iteration[50/620], entropy: 0.6924, loss: 2.5237, lr: 4.32e-05
     Epoch[5] Iteration[60/620], entropy: 0.4679, loss: 2.3508, lr: 4.69e-05
     Epoch[5] Iteration[70/620], entropy: 0.6196, loss: 2.4525, lr: 2.03e-05
     Epoch[5] Iteration[80/620], entropy: 0.4996, loss: 2.4291, lr: 1.97e-07
     Epoch[5] Iteration[90/620], entropy: 0.5459, loss: 2.4503, lr: 1.44e-05
     Epoch[5] Iteration[100/620], entropy: 0.6572, loss: 2.5525, lr: 4.32e-05
     Epoch[5] Iteration[110/620], entropy: 0.5709, loss: 2.5345, lr: 4.69e-05
     Epoch[5] Iteration[120/620], entropy: 0.6432, loss: 2.5610, lr: 2.03e-05
     Epoch[5] Iteration[130/620], entropy: 0.5983, loss: 2.4569, lr: 1.97e-07
     Epoch[5] Iteration[140/620], entropy: 0.3978, loss: 2.4282, lr: 1.44e-05
     Epoch[5] Iteration[150/620], entropy: 0.6342, loss: 2.5458, lr: 4.32e-05
     Epoch[5] Iteration[160/620], entropy: 0.6741, loss: 2.5328, lr: 4.69e-05
     Epoch[5] Iteration[170/620], entropy: 0.6014, loss: 2.5853, lr: 2.03e-05
     Epoch[5] Iteration[180/620], entropy: 0.5273, loss: 2.3520, lr: 1.97e-07
     Epoch[5] Iteration[190/620], entropy: 0.5495, loss: 2.3099, lr: 1.44e-05
     Epoch[5] Iteration[200/620], entropy: 0.5883, loss: 2.5191, lr: 4.32e-05
     Epoch[5] Iteration[210/620], entropy: 0.6875, loss: 2.5198, lr: 4.69e-05
     Epoch[5] Iteration[220/620], entropy: 0.6510, loss: 2.4737, lr: 2.03e-05
     Epoch[5] Iteration[230/620], entropy: 0.5954, loss: 2.3753, lr: 1.97e-07
     Epoch[5] Iteration[240/620], entropy: 0.5814, loss: 2.4301, lr: 1.44e-05
     Epoch[5] Iteration[250/620], entropy: 0.6260, loss: 2.4664, lr: 4.32e-05
     Epoch[5] Iteration[260/620], entropy: 0.5514, loss: 2.4707, lr: 4.69e-05
     Epoch[5] Iteration[270/620], entropy: 0.4897, loss: 2.3610, lr: 2.03e-05
     Epoch[5] Iteration[280/620], entropy: 0.6777, loss: 2.4496, lr: 1.97e-07
     Epoch[5] Iteration[290/620], entropy: 0.4880, loss: 2.4601, lr: 1.44e-05
     Epoch[5] Iteration[300/620], entropy: 0.5402, loss: 2.4852, lr: 4.32e-05
     Epoch[5] Iteration[310/620], entropy: 0.5732, loss: 2.2636, lr: 4.69e-05
     Epoch[5] Iteration[320/620], entropy: 0.5471, loss: 2.4603, lr: 2.03e-05
     Epoch[5] Iteration[330/620], entropy: 0.5743, loss: 2.4523, lr: 1.97e-07
     Epoch[5] Iteration[340/620], entropy: 0.5482, loss: 2.4936, lr: 1.44e-05
     Epoch[5] Iteration[350/620], entropy: 0.4930, loss: 2.4179, lr: 4.32e-05
     Epoch[5] Iteration[360/620], entropy: 0.5520, loss: 2.4184, lr: 4.69e-05
     Epoch[5] Iteration[370/620], entropy: 0.6454, loss: 2.4495, lr: 2.03e-05
     Epoch[5] Iteration[380/620], entropy: 0.6589, loss: 2.5355, lr: 1.97e-07
     Epoch[5] Iteration[390/620], entropy: 0.5157, loss: 2.4484, lr: 1.44e-05
     Epoch[5] Iteration[400/620], entropy: 0.5843, loss: 2.4357, lr: 4.32e-05
     Epoch[5] Iteration[410/620], entropy: 0.4886, loss: 2.4239, lr: 4.69e-05
     Epoch[5] Iteration[420/620], entropy: 0.6172, loss: 2.4822, lr: 2.03e-05
     Epoch[5] Iteration[430/620], entropy: 0.6156, loss: 2.5124, lr: 1.97e-07
     Epoch[5] Iteration[440/620], entropy: 0.6292, loss: 2.5053, lr: 1.44e-05
     Epoch[5] Iteration[450/620], entropy: 0.6024, loss: 2.5558, lr: 4.32e-05
     Epoch[5] Iteration[460/620], entropy: 0.5669, loss: 2.3722, lr: 4.69e-05
     Epoch[5] Iteration[470/620], entropy: 0.5629, loss: 2.4928, lr: 2.03e-05
     Epoch[5] Iteration[480/620], entropy: 0.6029, loss: 2.4557, lr: 1.97e-07
     Epoch[5] Iteration[490/620], entropy: 0.6191, loss: 2.5331, lr: 1.44e-05
     Epoch[5] Iteration[500/620], entropy: 0.5937, loss: 2.4390, lr: 4.32e-05
     Epoch[5] Iteration[510/620], entropy: 0.5484, loss: 2.4161, lr: 4.69e-05
     Epoch[5] Iteration[520/620], entropy: 0.6170, loss: 2.5212, lr: 2.03e-05
     Epoch[5] Iteration[530/620], entropy: 0.5511, loss: 2.4023, lr: 1.97e-07
     Epoch[5] Iteration[540/620], entropy: 0.5618, loss: 2.4172, lr: 1.44e-05
     Epoch[5] Iteration[550/620], entropy: 0.5611, loss: 2.3987, lr: 4.32e-05
     Epoch[5] Iteration[560/620], entropy: 0.4482, loss: 2.4796, lr: 4.69e-05
     Epoch[5] Iteration[570/620], entropy: 0.5090, loss: 2.3239, lr: 2.03e-05
     Epoch[5] Iteration[580/620], entropy: 0.5475, loss: 2.3528, lr: 1.97e-07
     Epoch[5] Iteration[590/620], entropy: 0.5401, loss: 2.4740, lr: 1.44e-05
     Epoch[5] Iteration[600/620], entropy: 0.4981, loss: 2.4287, lr: 4.32e-05
     Epoch[5] Iteration[610/620], entropy: 0.6177, loss: 2.4558, lr: 4.69e-05
     Epoch[5] Iteration[620/620], entropy: 0.5481, loss: 2.5252, lr: 2.03e-05
     Averaged stats: entropy: 0.5481, loss: 2.5252, lr: 2.03e-05
     itm tta time 0:01:50
### TTA Eval Score: 
+-------+--------+--------+--------+--------+-------+
| epoch |   R1   |   R5   |  R10   |  mAP   |  mINP |
+-------+--------+--------+--------+--------+-------+
|  -999 | 60.641 | 77.509 | 83.268 | 35.542 | 6.004 |
|   0   | 58.374 | 76.103 | 82.356 | 34.597 | 6.151 |
|   1   | 51.804 | 71.216 | 78.431 | 30.543 | 5.459 |
|   2   | 43.732 | 64.767 | 72.652 | 25.637 | 4.402 |
|   3   | 37.848 | 58.590 | 67.523 | 21.718 | 3.555 |
|   4   | 33.071 | 53.779 | 62.691 | 18.628 | 2.925 |
|   5   | 29.096 | 49.078 | 57.930 | 16.000 | 2.423 |
+-------+--------+--------+--------+--------+-------+
     logs:  {'epo': 5, 'R1': 29.096, 'R5': 49.078, 'R10': 57.93, 'mAP': 16.0, 'mINP': 2.423, 'entropy': 0.5776514478268162, 'loss': 2.4605560918008127, 'lr': 2.5277792486071912e-05}
     Epoch[6] Iteration[10/620], entropy: 0.4986, loss: 2.3795, lr: 1.97e-07
     Epoch[6] Iteration[20/620], entropy: 0.5723, loss: 2.4612, lr: 1.44e-05
     Epoch[6] Iteration[30/620], entropy: 0.5682, loss: 2.4803, lr: 4.32e-05
     Epoch[6] Iteration[40/620], entropy: 0.4647, loss: 2.3987, lr: 4.69e-05
     Epoch[6] Iteration[50/620], entropy: 0.5761, loss: 2.4502, lr: 2.03e-05
     Epoch[6] Iteration[60/620], entropy: 0.5321, loss: 2.3151, lr: 1.97e-07
     Epoch[6] Iteration[70/620], entropy: 0.5270, loss: 2.4094, lr: 1.44e-05
     Epoch[6] Iteration[80/620], entropy: 0.6591, loss: 2.5845, lr: 4.32e-05
     Epoch[6] Iteration[90/620], entropy: 0.5165, loss: 2.3745, lr: 4.69e-05
     Epoch[6] Iteration[100/620], entropy: 0.6167, loss: 2.5056, lr: 2.03e-05
     Epoch[6] Iteration[110/620], entropy: 0.4785, loss: 2.3994, lr: 1.97e-07
     Epoch[6] Iteration[120/620], entropy: 0.5146, loss: 2.4704, lr: 1.44e-05
     Epoch[6] Iteration[130/620], entropy: 0.6644, loss: 2.5511, lr: 4.32e-05
     Epoch[6] Iteration[140/620], entropy: 0.5591, loss: 2.4101, lr: 4.69e-05
     Epoch[6] Iteration[150/620], entropy: 0.6479, loss: 2.4998, lr: 2.03e-05
     Epoch[6] Iteration[160/620], entropy: 0.5781, loss: 2.4084, lr: 1.97e-07
     Epoch[6] Iteration[170/620], entropy: 0.4223, loss: 2.3677, lr: 1.44e-05
     Epoch[6] Iteration[180/620], entropy: 0.6714, loss: 2.5357, lr: 4.32e-05
     Epoch[6] Iteration[190/620], entropy: 0.7204, loss: 2.4860, lr: 4.69e-05
     Epoch[6] Iteration[200/620], entropy: 0.6022, loss: 2.4720, lr: 2.03e-05
     Epoch[6] Iteration[210/620], entropy: 0.5602, loss: 2.5559, lr: 1.97e-07
     Epoch[6] Iteration[220/620], entropy: 0.6419, loss: 2.4565, lr: 1.44e-05
     Epoch[6] Iteration[230/620], entropy: 0.4932, loss: 2.3996, lr: 4.32e-05
     Epoch[6] Iteration[240/620], entropy: 0.5742, loss: 2.4501, lr: 4.69e-05
     Epoch[6] Iteration[250/620], entropy: 0.5636, loss: 2.4929, lr: 2.03e-05
     Epoch[6] Iteration[260/620], entropy: 0.6207, loss: 2.5054, lr: 1.97e-07
     Epoch[6] Iteration[270/620], entropy: 0.5547, loss: 2.4330, lr: 1.44e-05
     Epoch[6] Iteration[280/620], entropy: 0.6801, loss: 2.5193, lr: 4.32e-05
     Epoch[6] Iteration[290/620], entropy: 0.4552, loss: 2.2689, lr: 4.69e-05
     Epoch[6] Iteration[300/620], entropy: 0.6170, loss: 2.5239, lr: 2.03e-05
     Epoch[6] Iteration[310/620], entropy: 0.4937, loss: 2.4694, lr: 1.97e-07
     Epoch[6] Iteration[320/620], entropy: 0.5822, loss: 2.4823, lr: 1.44e-05
     Epoch[6] Iteration[330/620], entropy: 0.6048, loss: 2.5400, lr: 4.32e-05
     Epoch[6] Iteration[340/620], entropy: 0.5502, loss: 2.4056, lr: 4.69e-05
     Epoch[6] Iteration[350/620], entropy: 0.6672, loss: 2.5021, lr: 2.03e-05
     Epoch[6] Iteration[360/620], entropy: 0.7353, loss: 2.5213, lr: 1.97e-07
     Epoch[6] Iteration[370/620], entropy: 0.6154, loss: 2.4401, lr: 1.44e-05
     Epoch[6] Iteration[380/620], entropy: 0.4312, loss: 2.3975, lr: 4.09e-05
     Epoch[6] Iteration[390/620], entropy: 0.5126, loss: 2.4910, lr: 4.82e-05
     Epoch[6] Iteration[400/620], entropy: 0.4352, loss: 2.4112, lr: 2.34e-05
     Epoch[6] Iteration[410/620], entropy: 0.5189, loss: 2.4723, lr: 7.85e-07
     Epoch[6] Iteration[420/620], entropy: 0.6538, loss: 2.5095, lr: 1.16e-05
     Epoch[6] Iteration[430/620], entropy: 0.7440, loss: 2.5429, lr: 4.09e-05
     Epoch[6] Iteration[440/620], entropy: 0.6134, loss: 2.4385, lr: 4.82e-05
     Epoch[6] Iteration[450/620], entropy: 0.4508, loss: 2.4360, lr: 2.34e-05
     Epoch[6] Iteration[460/620], entropy: 0.5937, loss: 2.4354, lr: 7.85e-07
     Epoch[6] Iteration[470/620], entropy: 0.5457, loss: 2.3829, lr: 1.16e-05
     Epoch[6] Iteration[480/620], entropy: 0.6439, loss: 2.4809, lr: 4.09e-05
     Epoch[6] Iteration[490/620], entropy: 0.4772, loss: 2.3425, lr: 4.82e-05
     Epoch[6] Iteration[500/620], entropy: 0.5693, loss: 2.4401, lr: 2.34e-05
     Epoch[6] Iteration[510/620], entropy: 0.6128, loss: 2.4199, lr: 7.85e-07
     Epoch[6] Iteration[520/620], entropy: 0.6703, loss: 2.5316, lr: 1.16e-05
     Epoch[6] Iteration[530/620], entropy: 0.6312, loss: 2.4759, lr: 4.09e-05
     Epoch[6] Iteration[540/620], entropy: 0.6142, loss: 2.4596, lr: 4.82e-05
     Epoch[6] Iteration[550/620], entropy: 0.5896, loss: 2.4166, lr: 2.34e-05
     Epoch[6] Iteration[560/620], entropy: 0.4764, loss: 2.3448, lr: 7.85e-07
     Epoch[6] Iteration[570/620], entropy: 0.5531, loss: 2.4452, lr: 1.16e-05
     Epoch[6] Iteration[580/620], entropy: 0.5581, loss: 2.4084, lr: 4.09e-05
     Epoch[6] Iteration[590/620], entropy: 0.5781, loss: 2.4192, lr: 4.82e-05
     Epoch[6] Iteration[600/620], entropy: 0.4741, loss: 2.4178, lr: 2.34e-05
     Epoch[6] Iteration[610/620], entropy: 0.4531, loss: 2.3933, lr: 7.85e-07
     Epoch[6] Iteration[620/620], entropy: 0.5978, loss: 2.4374, lr: 1.16e-05
     Averaged stats: entropy: 0.5978, loss: 2.4374, lr: 1.16e-05
     itm tta time 0:01:50
### TTA Eval Score: 
+-------+--------+--------+--------+--------+-------+
| epoch |   R1   |   R5   |  R10   |  mAP   |  mINP |
+-------+--------+--------+--------+--------+-------+
|  -999 | 60.641 | 77.509 | 83.268 | 35.542 | 6.004 |
|   0   | 58.374 | 76.103 | 82.356 | 34.597 | 6.151 |
|   1   | 51.804 | 71.216 | 78.431 | 30.543 | 5.459 |
|   2   | 43.732 | 64.767 | 72.652 | 25.637 | 4.402 |
|   3   | 37.848 | 58.590 | 67.523 | 21.718 | 3.555 |
|   4   | 33.071 | 53.779 | 62.691 | 18.628 | 2.925 |
|   5   | 29.096 | 49.078 | 57.930 | 16.000 | 2.423 |
|   6   | 26.038 | 45.511 | 54.398 | 14.032 | 2.060 |
+-------+--------+--------+--------+--------+-------+
     logs:  {'epo': 6, 'R1': 26.038, 'R5': 45.511, 'R10': 54.398, 'mAP': 14.032, 'mINP': 2.06, 'entropy': 0.5709433584443985, 'loss': 2.4496186625572944, 'lr': 2.4428268551258217e-05}
     Epoch[7] Iteration[10/620], entropy: 0.4597, loss: 2.4539, lr: 4.09e-05
     Epoch[7] Iteration[20/620], entropy: 0.6058, loss: 2.5407, lr: 4.82e-05
     Epoch[7] Iteration[30/620], entropy: 0.5027, loss: 2.4340, lr: 2.34e-05
     Epoch[7] Iteration[40/620], entropy: 0.4442, loss: 2.3413, lr: 7.85e-07
     Epoch[7] Iteration[50/620], entropy: 0.4628, loss: 2.3722, lr: 1.16e-05
     Epoch[7] Iteration[60/620], entropy: 0.5175, loss: 2.4554, lr: 4.09e-05
     Epoch[7] Iteration[70/620], entropy: 0.4610, loss: 2.4488, lr: 4.82e-05
     Epoch[7] Iteration[80/620], entropy: 0.5497, loss: 2.5405, lr: 2.34e-05
     Epoch[7] Iteration[90/620], entropy: 0.4188, loss: 2.3593, lr: 7.85e-07
     Epoch[7] Iteration[100/620], entropy: 0.5789, loss: 2.4952, lr: 1.16e-05
     Epoch[7] Iteration[110/620], entropy: 0.6402, loss: 2.4895, lr: 4.09e-05
     Epoch[7] Iteration[120/620], entropy: 0.4786, loss: 2.2949, lr: 4.82e-05
     Epoch[7] Iteration[130/620], entropy: 0.5490, loss: 2.4047, lr: 2.34e-05
     Epoch[7] Iteration[140/620], entropy: 0.5938, loss: 2.3629, lr: 7.85e-07
     Epoch[7] Iteration[150/620], entropy: 0.6056, loss: 2.4946, lr: 1.16e-05
     Epoch[7] Iteration[160/620], entropy: 0.5830, loss: 2.4545, lr: 4.09e-05
     Epoch[7] Iteration[170/620], entropy: 0.5294, loss: 2.5135, lr: 4.82e-05
     Epoch[7] Iteration[180/620], entropy: 0.4885, loss: 2.4899, lr: 2.34e-05
     Epoch[7] Iteration[190/620], entropy: 0.5989, loss: 2.4207, lr: 7.85e-07
     Epoch[7] Iteration[200/620], entropy: 0.5777, loss: 2.5476, lr: 1.16e-05
     Epoch[7] Iteration[210/620], entropy: 0.6171, loss: 2.4680, lr: 4.09e-05
     Epoch[7] Iteration[220/620], entropy: 0.5854, loss: 2.4247, lr: 4.82e-05
     Epoch[7] Iteration[230/620], entropy: 0.4682, loss: 2.3635, lr: 2.34e-05
     Epoch[7] Iteration[240/620], entropy: 0.5363, loss: 2.4264, lr: 7.85e-07
     Epoch[7] Iteration[250/620], entropy: 0.4827, loss: 2.4862, lr: 1.16e-05
     Epoch[7] Iteration[260/620], entropy: 0.6005, loss: 2.4390, lr: 4.09e-05
     Epoch[7] Iteration[270/620], entropy: 0.5302, loss: 2.5129, lr: 4.82e-05
     Epoch[7] Iteration[280/620], entropy: 0.5244, loss: 2.4055, lr: 2.34e-05
     Epoch[7] Iteration[290/620], entropy: 0.4877, loss: 2.3869, lr: 7.85e-07
     Epoch[7] Iteration[300/620], entropy: 0.4863, loss: 2.4312, lr: 1.16e-05
     Epoch[7] Iteration[310/620], entropy: 0.6159, loss: 2.4453, lr: 4.09e-05
     Epoch[7] Iteration[320/620], entropy: 0.5060, loss: 2.4556, lr: 4.82e-05
     Epoch[7] Iteration[330/620], entropy: 0.6544, loss: 2.4970, lr: 2.34e-05
     Epoch[7] Iteration[340/620], entropy: 0.6143, loss: 2.4560, lr: 7.85e-07
     Epoch[7] Iteration[350/620], entropy: 0.4781, loss: 2.5254, lr: 1.16e-05
     Epoch[7] Iteration[360/620], entropy: 0.4462, loss: 2.4259, lr: 4.09e-05
     Epoch[7] Iteration[370/620], entropy: 0.5861, loss: 2.4151, lr: 4.82e-05
     Epoch[7] Iteration[380/620], entropy: 0.6053, loss: 2.5420, lr: 2.34e-05
     Epoch[7] Iteration[390/620], entropy: 0.6308, loss: 2.4104, lr: 7.85e-07
     Epoch[7] Iteration[400/620], entropy: 0.5559, loss: 2.3022, lr: 1.16e-05
     Epoch[7] Iteration[410/620], entropy: 0.5332, loss: 2.4048, lr: 4.09e-05
     Epoch[7] Iteration[420/620], entropy: 0.7236, loss: 2.4865, lr: 4.82e-05
     Epoch[7] Iteration[430/620], entropy: 0.5282, loss: 2.4910, lr: 2.34e-05
     Epoch[7] Iteration[440/620], entropy: 0.4918, loss: 2.3899, lr: 7.85e-07
     Epoch[7] Iteration[450/620], entropy: 0.6255, loss: 2.4481, lr: 1.16e-05
     Epoch[7] Iteration[460/620], entropy: 0.6666, loss: 2.5254, lr: 4.09e-05
     Epoch[7] Iteration[470/620], entropy: 0.4438, loss: 2.4189, lr: 4.82e-05
     Epoch[7] Iteration[480/620], entropy: 0.5729, loss: 2.3674, lr: 2.34e-05
     Epoch[7] Iteration[490/620], entropy: 0.4805, loss: 2.5023, lr: 7.85e-07
     Epoch[7] Iteration[500/620], entropy: 0.4704, loss: 2.4310, lr: 1.16e-05
     Epoch[7] Iteration[510/620], entropy: 0.3418, loss: 2.2629, lr: 4.09e-05
     Epoch[7] Iteration[520/620], entropy: 0.4772, loss: 2.3586, lr: 4.82e-05
     Epoch[7] Iteration[530/620], entropy: 0.6462, loss: 2.5305, lr: 2.34e-05
     Epoch[7] Iteration[540/620], entropy: 0.5062, loss: 2.5046, lr: 7.85e-07
     Epoch[7] Iteration[550/620], entropy: 0.6127, loss: 2.5922, lr: 1.16e-05
     Epoch[7] Iteration[560/620], entropy: 0.4782, loss: 2.4368, lr: 4.09e-05
     Epoch[7] Iteration[570/620], entropy: 0.6629, loss: 2.4748, lr: 4.82e-05
     Epoch[7] Iteration[580/620], entropy: 0.5746, loss: 2.4049, lr: 2.34e-05
     Epoch[7] Iteration[590/620], entropy: 0.5470, loss: 2.4829, lr: 7.85e-07
     Epoch[7] Iteration[600/620], entropy: 0.4168, loss: 2.3926, lr: 1.16e-05
     Epoch[7] Iteration[610/620], entropy: 0.5235, loss: 2.4338, lr: 4.09e-05
     Epoch[7] Iteration[620/620], entropy: 0.4758, loss: 2.3959, lr: 4.82e-05
     Averaged stats: entropy: 0.4758, loss: 2.3959, lr: 4.82e-05
     itm tta time 0:01:50
### TTA Eval Score: 
+-------+--------+--------+--------+--------+-------+
| epoch |   R1   |   R5   |  R10   |  mAP   |  mINP |
+-------+--------+--------+--------+--------+-------+
|  -999 | 60.641 | 77.509 | 83.268 | 35.542 | 6.004 |
|   0   | 58.374 | 76.103 | 82.356 | 34.597 | 6.151 |
|   1   | 51.804 | 71.216 | 78.431 | 30.543 | 5.459 |
|   2   | 43.732 | 64.767 | 72.652 | 25.637 | 4.402 |
|   3   | 37.848 | 58.590 | 67.523 | 21.718 | 3.555 |
|   4   | 33.071 | 53.779 | 62.691 | 18.628 | 2.925 |
|   5   | 29.096 | 49.078 | 57.930 | 16.000 | 2.423 |
|   6   | 26.038 | 45.511 | 54.398 | 14.032 | 2.060 |
|   7   | 23.242 | 41.803 | 50.670 | 12.310 | 1.766 |
+-------+--------+--------+--------+--------+-------+
     logs:  {'epo': 7, 'R1': 23.242, 'R5': 41.803, 'R10': 50.67, 'mAP': 12.31, 'mINP': 1.766, 'entropy': 0.5396275582813448, 'loss': 2.4430492270377373, 'lr': 2.5631935675659832e-05}
     Epoch[8] Iteration[10/620], entropy: 0.5861, loss: 2.5066, lr: 2.34e-05
     Epoch[8] Iteration[20/620], entropy: 0.5516, loss: 2.3890, lr: 7.85e-07
     Epoch[8] Iteration[30/620], entropy: 0.4575, loss: 2.4099, lr: 1.16e-05
     Epoch[8] Iteration[40/620], entropy: 0.5642, loss: 2.4521, lr: 4.09e-05
     Epoch[8] Iteration[50/620], entropy: 0.5909, loss: 2.5517, lr: 4.82e-05
     Epoch[8] Iteration[60/620], entropy: 0.5970, loss: 2.5005, lr: 2.34e-05
     Epoch[8] Iteration[70/620], entropy: 0.5650, loss: 2.4886, lr: 7.85e-07
     Epoch[8] Iteration[80/620], entropy: 0.4879, loss: 2.4624, lr: 1.16e-05
     Epoch[8] Iteration[90/620], entropy: 0.6176, loss: 2.4540, lr: 4.09e-05
     Epoch[8] Iteration[100/620], entropy: 0.5141, loss: 2.3838, lr: 4.82e-05
     Epoch[8] Iteration[110/620], entropy: 0.5705, loss: 2.3695, lr: 2.34e-05
     Epoch[8] Iteration[120/620], entropy: 0.5705, loss: 2.4194, lr: 7.85e-07
     Epoch[8] Iteration[130/620], entropy: 0.5357, loss: 2.4099, lr: 1.16e-05
     Epoch[8] Iteration[140/620], entropy: 0.5089, loss: 2.4037, lr: 4.09e-05
     Epoch[8] Iteration[150/620], entropy: 0.5526, loss: 2.5249, lr: 4.82e-05
     Epoch[8] Iteration[160/620], entropy: 0.5180, loss: 2.4108, lr: 2.34e-05
     Epoch[8] Iteration[170/620], entropy: 0.5718, loss: 2.4324, lr: 7.85e-07
     Epoch[8] Iteration[180/620], entropy: 0.5501, loss: 2.3947, lr: 1.16e-05
     Epoch[8] Iteration[190/620], entropy: 0.4735, loss: 2.4108, lr: 4.09e-05
     Epoch[8] Iteration[200/620], entropy: 0.5346, loss: 2.4558, lr: 4.82e-05
     Epoch[8] Iteration[210/620], entropy: 0.6268, loss: 2.5685, lr: 2.34e-05
     Epoch[8] Iteration[220/620], entropy: 0.5373, loss: 2.5578, lr: 7.85e-07
     Epoch[8] Iteration[230/620], entropy: 0.6379, loss: 2.4999, lr: 1.16e-05
     Epoch[8] Iteration[240/620], entropy: 0.4176, loss: 2.3626, lr: 4.09e-05
     Epoch[8] Iteration[250/620], entropy: 0.5511, loss: 2.3540, lr: 4.82e-05
     Epoch[8] Iteration[260/620], entropy: 0.4865, loss: 2.3339, lr: 2.34e-05
     Epoch[8] Iteration[270/620], entropy: 0.4863, loss: 2.3740, lr: 7.85e-07
     Epoch[8] Iteration[280/620], entropy: 0.5635, loss: 2.5039, lr: 1.16e-05
     Epoch[8] Iteration[290/620], entropy: 0.6077, loss: 2.4776, lr: 4.09e-05
     Epoch[8] Iteration[300/620], entropy: 0.3651, loss: 2.3922, lr: 4.82e-05
     Epoch[8] Iteration[310/620], entropy: 0.4872, loss: 2.4774, lr: 2.34e-05
     Epoch[8] Iteration[320/620], entropy: 0.4265, loss: 2.4816, lr: 7.85e-07
     Epoch[8] Iteration[330/620], entropy: 0.5423, loss: 2.5017, lr: 1.16e-05
     Epoch[8] Iteration[340/620], entropy: 0.4602, loss: 2.4052, lr: 4.09e-05
     Epoch[8] Iteration[350/620], entropy: 0.4688, loss: 2.4126, lr: 4.82e-05
     Epoch[8] Iteration[360/620], entropy: 0.6012, loss: 2.3897, lr: 2.34e-05
     Epoch[8] Iteration[370/620], entropy: 0.6102, loss: 2.4540, lr: 7.85e-07
     Epoch[8] Iteration[380/620], entropy: 0.4472, loss: 2.2975, lr: 1.16e-05
     Epoch[8] Iteration[390/620], entropy: 0.4869, loss: 2.4197, lr: 4.09e-05
     Epoch[8] Iteration[400/620], entropy: 0.4908, loss: 2.3793, lr: 4.82e-05
     Epoch[8] Iteration[410/620], entropy: 0.5044, loss: 2.4881, lr: 2.34e-05
     Epoch[8] Iteration[420/620], entropy: 0.6546, loss: 2.4850, lr: 7.85e-07
     Epoch[8] Iteration[430/620], entropy: 0.5328, loss: 2.4691, lr: 1.16e-05
     Epoch[8] Iteration[440/620], entropy: 0.4462, loss: 2.3778, lr: 4.09e-05
     Epoch[8] Iteration[450/620], entropy: 0.5095, loss: 2.4096, lr: 4.82e-05
     Epoch[8] Iteration[460/620], entropy: 0.5026, loss: 2.3609, lr: 2.34e-05
     Epoch[8] Iteration[470/620], entropy: 0.6330, loss: 2.5066, lr: 7.85e-07
     Epoch[8] Iteration[480/620], entropy: 0.3890, loss: 2.4518, lr: 1.16e-05
     Epoch[8] Iteration[490/620], entropy: 0.4208, loss: 2.4543, lr: 4.09e-05
     Epoch[8] Iteration[500/620], entropy: 0.5284, loss: 2.5700, lr: 4.82e-05
     Epoch[8] Iteration[510/620], entropy: 0.7211, loss: 2.5491, lr: 2.34e-05
     Epoch[8] Iteration[520/620], entropy: 0.5047, loss: 2.3519, lr: 7.85e-07
     Epoch[8] Iteration[530/620], entropy: 0.4045, loss: 2.3278, lr: 1.16e-05
     Epoch[8] Iteration[540/620], entropy: 0.4181, loss: 2.3368, lr: 4.09e-05
     Epoch[8] Iteration[550/620], entropy: 0.4714, loss: 2.3693, lr: 4.82e-05
     Epoch[8] Iteration[560/620], entropy: 0.5144, loss: 2.4365, lr: 2.34e-05
     Epoch[8] Iteration[570/620], entropy: 0.5714, loss: 2.5167, lr: 7.85e-07
     Epoch[8] Iteration[580/620], entropy: 0.5224, loss: 2.4079, lr: 1.16e-05
     Epoch[8] Iteration[590/620], entropy: 0.5194, loss: 2.4255, lr: 4.09e-05
     Epoch[8] Iteration[600/620], entropy: 0.5270, loss: 2.4592, lr: 4.82e-05
     Epoch[8] Iteration[610/620], entropy: 0.4694, loss: 2.4217, lr: 2.34e-05
     Epoch[8] Iteration[620/620], entropy: 0.4203, loss: 2.3718, lr: 7.85e-07
     Averaged stats: entropy: 0.4203, loss: 2.3718, lr: 7.85e-07
     itm tta time 0:01:50
### TTA Eval Score: 
+-------+--------+--------+--------+--------+-------+
| epoch |   R1   |   R5   |  R10   |  mAP   |  mINP |
+-------+--------+--------+--------+--------+-------+
|  -999 | 60.641 | 77.509 | 83.268 | 35.542 | 6.004 |
|   0   | 58.374 | 76.103 | 82.356 | 34.597 | 6.151 |
|   1   | 51.804 | 71.216 | 78.431 | 30.543 | 5.459 |
|   2   | 43.732 | 64.767 | 72.652 | 25.637 | 4.402 |
|   3   | 37.848 | 58.590 | 67.523 | 21.718 | 3.555 |
|   4   | 33.071 | 53.779 | 62.691 | 18.628 | 2.925 |
|   5   | 29.096 | 49.078 | 57.930 | 16.000 | 2.423 |
|   6   | 26.038 | 45.511 | 54.398 | 14.032 | 2.060 |
|   7   | 23.242 | 41.803 | 50.670 | 12.310 | 1.766 |
|   8   | 21.090 | 38.613 | 47.355 | 10.968 | 1.544 |
+-------+--------+--------+--------+--------+-------+
     logs:  {'epo': 8, 'R1': 21.09, 'R5': 38.613, 'R10': 47.355, 'mAP': 10.968, 'mINP': 1.544, 'entropy': 0.5226574227694543, 'loss': 2.4358197450637817, 'lr': 2.458412351586351e-05}
     Epoch[9] Iteration[10/620], entropy: 0.5444, loss: 2.4496, lr: 1.16e-05
     Epoch[9] Iteration[20/620], entropy: 0.5571, loss: 2.4887, lr: 4.09e-05
     Epoch[9] Iteration[30/620], entropy: 0.6313, loss: 2.4242, lr: 4.82e-05
     Epoch[9] Iteration[40/620], entropy: 0.3485, loss: 2.4433, lr: 2.34e-05
     Epoch[9] Iteration[50/620], entropy: 0.6359, loss: 2.4234, lr: 7.85e-07
     Epoch[9] Iteration[60/620], entropy: 0.5738, loss: 2.4974, lr: 1.16e-05
     Epoch[9] Iteration[70/620], entropy: 0.5022, loss: 2.4302, lr: 4.09e-05
     Epoch[9] Iteration[80/620], entropy: 0.6056, loss: 2.3822, lr: 4.82e-05
     Epoch[9] Iteration[90/620], entropy: 0.6079, loss: 2.4454, lr: 2.34e-05
     Epoch[9] Iteration[100/620], entropy: 0.3947, loss: 2.3862, lr: 7.85e-07
     Epoch[9] Iteration[110/620], entropy: 0.4885, loss: 2.4307, lr: 1.16e-05
     Epoch[9] Iteration[120/620], entropy: 0.4190, loss: 2.3861, lr: 4.09e-05
     Epoch[9] Iteration[130/620], entropy: 0.6178, loss: 2.5047, lr: 4.82e-05
     Epoch[9] Iteration[140/620], entropy: 0.5549, loss: 2.4452, lr: 2.34e-05
     Epoch[9] Iteration[150/620], entropy: 0.5090, loss: 2.4039, lr: 7.85e-07
     Epoch[9] Iteration[160/620], entropy: 0.5226, loss: 2.4324, lr: 1.16e-05
     Epoch[9] Iteration[170/620], entropy: 0.4815, loss: 2.4265, lr: 4.09e-05
     Epoch[9] Iteration[180/620], entropy: 0.5882, loss: 2.3876, lr: 4.82e-05
     Epoch[9] Iteration[190/620], entropy: 0.4770, loss: 2.4159, lr: 2.34e-05
     Epoch[9] Iteration[200/620], entropy: 0.5521, loss: 2.4348, lr: 7.85e-07
     Epoch[9] Iteration[210/620], entropy: 0.4698, loss: 2.4721, lr: 1.16e-05
     Epoch[9] Iteration[220/620], entropy: 0.5731, loss: 2.5294, lr: 4.09e-05
     Epoch[9] Iteration[230/620], entropy: 0.4790, loss: 2.4541, lr: 4.82e-05
     Epoch[9] Iteration[240/620], entropy: 0.5023, loss: 2.4249, lr: 2.34e-05
     Epoch[9] Iteration[250/620], entropy: 0.4828, loss: 2.4330, lr: 7.85e-07
     Epoch[9] Iteration[260/620], entropy: 0.5051, loss: 2.4520, lr: 1.16e-05
     Epoch[9] Iteration[270/620], entropy: 0.5697, loss: 2.5260, lr: 4.09e-05
     Epoch[9] Iteration[280/620], entropy: 0.5290, loss: 2.3943, lr: 4.82e-05
     Epoch[9] Iteration[290/620], entropy: 0.6045, loss: 2.4627, lr: 2.34e-05
     Epoch[9] Iteration[300/620], entropy: 0.4415, loss: 2.3822, lr: 7.85e-07
     Epoch[9] Iteration[310/620], entropy: 0.5452, loss: 2.4455, lr: 1.16e-05
     Epoch[9] Iteration[320/620], entropy: 0.4485, loss: 2.3705, lr: 4.09e-05
     Epoch[9] Iteration[330/620], entropy: 0.5153, loss: 2.4570, lr: 4.82e-05
     Epoch[9] Iteration[340/620], entropy: 0.5472, loss: 2.4170, lr: 2.34e-05
     Epoch[9] Iteration[350/620], entropy: 0.4409, loss: 2.4158, lr: 7.85e-07
     Epoch[9] Iteration[360/620], entropy: 0.4257, loss: 2.3103, lr: 1.16e-05
     Epoch[9] Iteration[370/620], entropy: 0.6719, loss: 2.5356, lr: 4.09e-05
     Epoch[9] Iteration[380/620], entropy: 0.4879, loss: 2.4277, lr: 4.82e-05
     Epoch[9] Iteration[390/620], entropy: 0.5031, loss: 2.3830, lr: 2.34e-05
     Epoch[9] Iteration[400/620], entropy: 0.6222, loss: 2.3784, lr: 7.85e-07
     Epoch[9] Iteration[410/620], entropy: 0.5263, loss: 2.4320, lr: 1.16e-05
     Epoch[9] Iteration[420/620], entropy: 0.6941, loss: 2.4736, lr: 4.09e-05
     Epoch[9] Iteration[430/620], entropy: 0.6165, loss: 2.4585, lr: 4.82e-05
     Epoch[9] Iteration[440/620], entropy: 0.4805, loss: 2.3769, lr: 2.34e-05
     Epoch[9] Iteration[450/620], entropy: 0.6619, loss: 2.4115, lr: 7.85e-07
     Epoch[9] Iteration[460/620], entropy: 0.6583, loss: 2.5243, lr: 1.16e-05
     Epoch[9] Iteration[470/620], entropy: 0.3870, loss: 2.3650, lr: 4.09e-05
     Epoch[9] Iteration[480/620], entropy: 0.4258, loss: 2.3166, lr: 4.82e-05
     Epoch[9] Iteration[490/620], entropy: 0.5814, loss: 2.4739, lr: 2.34e-05
     Epoch[9] Iteration[500/620], entropy: 0.5606, loss: 2.5016, lr: 7.85e-07
     Epoch[9] Iteration[510/620], entropy: 0.6252, loss: 2.5036, lr: 1.16e-05
     Epoch[9] Iteration[520/620], entropy: 0.4529, loss: 2.3498, lr: 4.09e-05
     Epoch[9] Iteration[530/620], entropy: 0.4294, loss: 2.3056, lr: 4.92e-05
     Epoch[9] Iteration[540/620], entropy: 0.6620, loss: 2.4666, lr: 2.66e-05
     Epoch[9] Iteration[550/620], entropy: 0.4591, loss: 2.4710, lr: 1.76e-06
     Epoch[9] Iteration[560/620], entropy: 0.4932, loss: 2.3976, lr: 9.06e-06
     Epoch[9] Iteration[570/620], entropy: 0.5444, loss: 2.4823, lr: 3.84e-05
     Epoch[9] Iteration[580/620], entropy: 0.4550, loss: 2.3828, lr: 4.92e-05
     Epoch[9] Iteration[590/620], entropy: 0.5362, loss: 2.5291, lr: 2.66e-05
     Epoch[9] Iteration[600/620], entropy: 0.5852, loss: 2.4523, lr: 1.76e-06
     Epoch[9] Iteration[610/620], entropy: 0.6275, loss: 2.4114, lr: 9.06e-06
     Epoch[9] Iteration[620/620], entropy: 0.4440, loss: 2.3951, lr: 3.84e-05
     Averaged stats: entropy: 0.4440, loss: 2.3951, lr: 3.84e-05
     itm tta time 0:01:50
### TTA Eval Score: 
+-------+--------+--------+--------+--------+-------+
| epoch |   R1   |   R5   |  R10   |  mAP   |  mINP |
+-------+--------+--------+--------+--------+-------+
|  -999 | 60.641 | 77.509 | 83.268 | 35.542 | 6.004 |
|   0   | 58.374 | 76.103 | 82.356 | 34.597 | 6.151 |
|   1   | 51.804 | 71.216 | 78.431 | 30.543 | 5.459 |
|   2   | 43.732 | 64.767 | 72.652 | 25.637 | 4.402 |
|   3   | 37.848 | 58.590 | 67.523 | 21.718 | 3.555 |
|   4   | 33.071 | 53.779 | 62.691 | 18.628 | 2.925 |
|   5   | 29.096 | 49.078 | 57.930 | 16.000 | 2.423 |
|   6   | 26.038 | 45.511 | 54.398 | 14.032 | 2.060 |
|   7   | 23.242 | 41.803 | 50.670 | 12.310 | 1.766 |
|   8   | 21.090 | 38.613 | 47.355 | 10.968 | 1.544 |
|   9   | 19.266 | 35.918 | 44.392 | 9.833  | 1.371 |
+-------+--------+--------+--------+--------+-------+
     logs:  {'epo': 9, 'R1': 19.266, 'R5': 35.918, 'R10': 44.392, 'mAP': 9.833, 'mINP': 1.371, 'entropy': 0.5303780027935582, 'loss': 2.4321223420481526, 'lr': 2.5040966610794035e-05}
     Epoch[10] Iteration[10/620], entropy: 0.4476, loss: 2.4159, lr: 4.92e-05
     Epoch[10] Iteration[20/620], entropy: 0.5646, loss: 2.3443, lr: 2.66e-05
     Epoch[10] Iteration[30/620], entropy: 0.5914, loss: 2.4199, lr: 1.76e-06
     Epoch[10] Iteration[40/620], entropy: 0.5727, loss: 2.4224, lr: 9.06e-06
     Epoch[10] Iteration[50/620], entropy: 0.6128, loss: 2.4655, lr: 3.84e-05
     Epoch[10] Iteration[60/620], entropy: 0.3724, loss: 2.3567, lr: 4.92e-05
     Epoch[10] Iteration[70/620], entropy: 0.4867, loss: 2.3690, lr: 2.66e-05
     Epoch[10] Iteration[80/620], entropy: 0.4649, loss: 2.5395, lr: 1.76e-06
     Epoch[10] Iteration[90/620], entropy: 0.4185, loss: 2.3827, lr: 9.06e-06
     Epoch[10] Iteration[100/620], entropy: 0.5336, loss: 2.4620, lr: 3.84e-05
     Epoch[10] Iteration[110/620], entropy: 0.6176, loss: 2.4298, lr: 4.92e-05
     Epoch[10] Iteration[120/620], entropy: 0.4380, loss: 2.4694, lr: 2.66e-05
     Epoch[10] Iteration[130/620], entropy: 0.3664, loss: 2.4175, lr: 1.76e-06
     Epoch[10] Iteration[140/620], entropy: 0.4182, loss: 2.4584, lr: 9.06e-06
     Epoch[10] Iteration[150/620], entropy: 0.5608, loss: 2.5013, lr: 3.84e-05
     Epoch[10] Iteration[160/620], entropy: 0.5255, loss: 2.4383, lr: 4.92e-05
     Epoch[10] Iteration[170/620], entropy: 0.4517, loss: 2.4107, lr: 2.66e-05
     Epoch[10] Iteration[180/620], entropy: 0.4795, loss: 2.4116, lr: 1.76e-06
     Epoch[10] Iteration[190/620], entropy: 0.5707, loss: 2.4959, lr: 9.06e-06
     Epoch[10] Iteration[200/620], entropy: 0.5122, loss: 2.3969, lr: 3.84e-05
     Epoch[10] Iteration[210/620], entropy: 0.5664, loss: 2.4988, lr: 4.92e-05
     Epoch[10] Iteration[220/620], entropy: 0.5078, loss: 2.4623, lr: 2.66e-05
     Epoch[10] Iteration[230/620], entropy: 0.3957, loss: 2.4662, lr: 1.76e-06
     Epoch[10] Iteration[240/620], entropy: 0.5695, loss: 2.3044, lr: 9.06e-06
     Epoch[10] Iteration[250/620], entropy: 0.5836, loss: 2.4491, lr: 3.84e-05
     Epoch[10] Iteration[260/620], entropy: 0.5210, loss: 2.4307, lr: 4.92e-05
     Epoch[10] Iteration[270/620], entropy: 0.4795, loss: 2.3863, lr: 2.66e-05
     Epoch[10] Iteration[280/620], entropy: 0.6459, loss: 2.4847, lr: 1.76e-06
     Epoch[10] Iteration[290/620], entropy: 0.5790, loss: 2.3847, lr: 9.06e-06
     Epoch[10] Iteration[300/620], entropy: 0.4423, loss: 2.3588, lr: 3.84e-05
     Epoch[10] Iteration[310/620], entropy: 0.4650, loss: 2.3903, lr: 4.92e-05
     Epoch[10] Iteration[320/620], entropy: 0.5496, loss: 2.4302, lr: 2.66e-05
     Epoch[10] Iteration[330/620], entropy: 0.6139, loss: 2.4464, lr: 1.76e-06
     Epoch[10] Iteration[340/620], entropy: 0.4454, loss: 2.4353, lr: 9.06e-06
     Epoch[10] Iteration[350/620], entropy: 0.4039, loss: 2.3089, lr: 3.84e-05
     Epoch[10] Iteration[360/620], entropy: 0.5361, loss: 2.4744, lr: 4.92e-05
     Epoch[10] Iteration[370/620], entropy: 0.5001, loss: 2.4336, lr: 2.66e-05
     Epoch[10] Iteration[380/620], entropy: 0.5769, loss: 2.5361, lr: 1.76e-06
     Epoch[10] Iteration[390/620], entropy: 0.5861, loss: 2.4965, lr: 9.06e-06
     Epoch[10] Iteration[400/620], entropy: 0.4791, loss: 2.3869, lr: 3.84e-05
     Epoch[10] Iteration[410/620], entropy: 0.5941, loss: 2.4620, lr: 4.92e-05
     Epoch[10] Iteration[420/620], entropy: 0.5275, loss: 2.4228, lr: 2.66e-05
     Epoch[10] Iteration[430/620], entropy: 0.5310, loss: 2.3703, lr: 1.76e-06
     Epoch[10] Iteration[440/620], entropy: 0.5237, loss: 2.3936, lr: 9.06e-06
     Epoch[10] Iteration[450/620], entropy: 0.4236, loss: 2.3689, lr: 3.84e-05
     Epoch[10] Iteration[460/620], entropy: 0.4708, loss: 2.3725, lr: 4.92e-05
     Epoch[10] Iteration[470/620], entropy: 0.5783, loss: 2.3766, lr: 2.66e-05
     Epoch[10] Iteration[480/620], entropy: 0.5440, loss: 2.4225, lr: 1.76e-06
     Epoch[10] Iteration[490/620], entropy: 0.4918, loss: 2.4205, lr: 9.06e-06
     Epoch[10] Iteration[500/620], entropy: 0.5256, loss: 2.4049, lr: 3.84e-05
     Epoch[10] Iteration[510/620], entropy: 0.4392, loss: 2.3344, lr: 4.92e-05
     Epoch[10] Iteration[520/620], entropy: 0.4822, loss: 2.4403, lr: 2.66e-05
     Epoch[10] Iteration[530/620], entropy: 0.5141, loss: 2.4368, lr: 1.76e-06
     Epoch[10] Iteration[540/620], entropy: 0.4315, loss: 2.3968, lr: 9.06e-06
     Epoch[10] Iteration[550/620], entropy: 0.5136, loss: 2.3877, lr: 3.84e-05
     Epoch[10] Iteration[560/620], entropy: 0.4380, loss: 2.4340, lr: 4.92e-05
     Epoch[10] Iteration[570/620], entropy: 0.4833, loss: 2.4461, lr: 2.66e-05
     Epoch[10] Iteration[580/620], entropy: 0.3854, loss: 2.3395, lr: 1.76e-06
     Epoch[10] Iteration[590/620], entropy: 0.5997, loss: 2.4564, lr: 9.06e-06
     Epoch[10] Iteration[600/620], entropy: 0.5136, loss: 2.5093, lr: 3.84e-05
     Epoch[10] Iteration[610/620], entropy: 0.5748, loss: 2.4380, lr: 4.92e-05
     Epoch[10] Iteration[620/620], entropy: 0.4536, loss: 2.4754, lr: 2.66e-05
     Averaged stats: entropy: 0.4536, loss: 2.4754, lr: 2.66e-05
     itm tta time 0:01:50
### TTA Eval Score: 
+-------+--------+--------+--------+--------+-------+
| epoch |   R1   |   R5   |  R10   |  mAP   |  mINP |
+-------+--------+--------+--------+--------+-------+
|  -999 | 60.641 | 77.509 | 83.268 | 35.542 | 6.004 |
|   0   | 58.374 | 76.103 | 82.356 | 34.597 | 6.151 |
|   1   | 51.804 | 71.216 | 78.431 | 30.543 | 5.459 |
|   2   | 43.732 | 64.767 | 72.652 | 25.637 | 4.402 |
|   3   | 37.848 | 58.590 | 67.523 | 21.718 | 3.555 |
|   4   | 33.071 | 53.779 | 62.691 | 18.628 | 2.925 |
|   5   | 29.096 | 49.078 | 57.930 | 16.000 | 2.423 |
|   6   | 26.038 | 45.511 | 54.398 | 14.032 | 2.060 |
|   7   | 23.242 | 41.803 | 50.670 | 12.310 | 1.766 |
|   8   | 21.090 | 38.613 | 47.355 | 10.968 | 1.544 |
|   9   | 19.266 | 35.918 | 44.392 | 9.833  | 1.371 |
|   10  | 17.669 | 33.328 | 41.561 | 8.863  | 1.228 |
+-------+--------+--------+--------+--------+-------+
     logs:  {'epo': 10, 'R1': 17.669, 'R5': 33.328, 'R10': 41.561, 'mAP': 8.863, 'mINP': 1.228, 'entropy': 0.507934320357538, 'loss': 2.423893132517415, 'lr': 2.541587648413608e-05}
     Epoch[11] Iteration[10/620], entropy: 0.5260, loss: 2.4008, lr: 1.76e-06
     Epoch[11] Iteration[20/620], entropy: 0.3560, loss: 2.4113, lr: 9.06e-06
     Epoch[11] Iteration[30/620], entropy: 0.3928, loss: 2.3750, lr: 3.84e-05
     Epoch[11] Iteration[40/620], entropy: 0.5726, loss: 2.4760, lr: 4.92e-05
     Epoch[11] Iteration[50/620], entropy: 0.5793, loss: 2.4293, lr: 2.66e-05
     Epoch[11] Iteration[60/620], entropy: 0.4666, loss: 2.4050, lr: 1.76e-06
     Epoch[11] Iteration[70/620], entropy: 0.3837, loss: 2.3287, lr: 9.06e-06
     Epoch[11] Iteration[80/620], entropy: 0.6220, loss: 2.4882, lr: 3.84e-05
     Epoch[11] Iteration[90/620], entropy: 0.5132, loss: 2.4157, lr: 4.92e-05
     Epoch[11] Iteration[100/620], entropy: 0.5562, loss: 2.4584, lr: 2.66e-05
     Epoch[11] Iteration[110/620], entropy: 0.4915, loss: 2.3994, lr: 1.76e-06
     Epoch[11] Iteration[120/620], entropy: 0.3988, loss: 2.3130, lr: 9.06e-06
     Epoch[11] Iteration[130/620], entropy: 0.5420, loss: 2.4096, lr: 3.84e-05
     Epoch[11] Iteration[140/620], entropy: 0.4849, loss: 2.4475, lr: 4.92e-05
     Epoch[11] Iteration[150/620], entropy: 0.6157, loss: 2.4625, lr: 2.66e-05
     Epoch[11] Iteration[160/620], entropy: 0.4910, loss: 2.4519, lr: 1.76e-06
     Epoch[11] Iteration[170/620], entropy: 0.5051, loss: 2.4254, lr: 9.06e-06
     Epoch[11] Iteration[180/620], entropy: 0.4870, loss: 2.4924, lr: 3.84e-05
     Epoch[11] Iteration[190/620], entropy: 0.5627, loss: 2.5194, lr: 4.92e-05
     Epoch[11] Iteration[200/620], entropy: 0.4374, loss: 2.4293, lr: 2.66e-05
     Epoch[11] Iteration[210/620], entropy: 0.6271, loss: 2.4538, lr: 1.76e-06
     Epoch[11] Iteration[220/620], entropy: 0.5765, loss: 2.4235, lr: 9.06e-06
     Epoch[11] Iteration[230/620], entropy: 0.5583, loss: 2.4721, lr: 3.84e-05
     Epoch[11] Iteration[240/620], entropy: 0.4337, loss: 2.4220, lr: 4.92e-05
     Epoch[11] Iteration[250/620], entropy: 0.4640, loss: 2.4531, lr: 2.66e-05
     Epoch[11] Iteration[260/620], entropy: 0.4873, loss: 2.3436, lr: 1.76e-06
     Epoch[11] Iteration[270/620], entropy: 0.4497, loss: 2.4803, lr: 9.06e-06
     Epoch[11] Iteration[280/620], entropy: 0.6123, loss: 2.4984, lr: 3.84e-05
     Epoch[11] Iteration[290/620], entropy: 0.4186, loss: 2.3576, lr: 4.92e-05
     Epoch[11] Iteration[300/620], entropy: 0.4601, loss: 2.4109, lr: 2.66e-05
     Epoch[11] Iteration[310/620], entropy: 0.5154, loss: 2.4522, lr: 1.76e-06
     Epoch[11] Iteration[320/620], entropy: 0.5455, loss: 2.4627, lr: 9.06e-06
     Epoch[11] Iteration[330/620], entropy: 0.5411, loss: 2.5312, lr: 3.84e-05
     Epoch[11] Iteration[340/620], entropy: 0.4889, loss: 2.4655, lr: 4.92e-05
     Epoch[11] Iteration[350/620], entropy: 0.4624, loss: 2.3824, lr: 2.66e-05
     Epoch[11] Iteration[360/620], entropy: 0.4998, loss: 2.4596, lr: 1.76e-06
     Epoch[11] Iteration[370/620], entropy: 0.5001, loss: 2.4254, lr: 9.06e-06
     Epoch[11] Iteration[380/620], entropy: 0.5088, loss: 2.4042, lr: 3.84e-05
     Epoch[11] Iteration[390/620], entropy: 0.4960, loss: 2.5076, lr: 4.92e-05
     Epoch[11] Iteration[400/620], entropy: 0.4702, loss: 2.3975, lr: 2.66e-05
     Epoch[11] Iteration[410/620], entropy: 0.4732, loss: 2.4622, lr: 1.76e-06
     Epoch[11] Iteration[420/620], entropy: 0.4686, loss: 2.3478, lr: 9.06e-06
     Epoch[11] Iteration[430/620], entropy: 0.5727, loss: 2.5398, lr: 3.84e-05
     Epoch[11] Iteration[440/620], entropy: 0.3258, loss: 2.2184, lr: 4.92e-05
     Epoch[11] Iteration[450/620], entropy: 0.4738, loss: 2.4248, lr: 2.66e-05
     Epoch[11] Iteration[460/620], entropy: 0.5163, loss: 2.4064, lr: 1.76e-06
     Epoch[11] Iteration[470/620], entropy: 0.5391, loss: 2.4112, lr: 9.06e-06
     Epoch[11] Iteration[480/620], entropy: 0.4746, loss: 2.4006, lr: 3.84e-05
     Epoch[11] Iteration[490/620], entropy: 0.5133, loss: 2.4083, lr: 4.92e-05
     Epoch[11] Iteration[500/620], entropy: 0.4453, loss: 2.3879, lr: 2.66e-05
     Epoch[11] Iteration[510/620], entropy: 0.4541, loss: 2.4839, lr: 1.76e-06
     Epoch[11] Iteration[520/620], entropy: 0.5079, loss: 2.3677, lr: 9.06e-06
     Epoch[11] Iteration[530/620], entropy: 0.5216, loss: 2.4896, lr: 3.84e-05
     Epoch[11] Iteration[540/620], entropy: 0.4703, loss: 2.3769, lr: 4.92e-05
     Epoch[11] Iteration[550/620], entropy: 0.4174, loss: 2.3702, lr: 2.66e-05
     Epoch[11] Iteration[560/620], entropy: 0.5061, loss: 2.4481, lr: 1.76e-06
     Epoch[11] Iteration[570/620], entropy: 0.5395, loss: 2.4172, lr: 9.06e-06
     Epoch[11] Iteration[580/620], entropy: 0.6239, loss: 2.5327, lr: 3.84e-05
     Epoch[11] Iteration[590/620], entropy: 0.3556, loss: 2.4178, lr: 4.92e-05
     Epoch[11] Iteration[600/620], entropy: 0.4994, loss: 2.5144, lr: 2.66e-05
     Epoch[11] Iteration[610/620], entropy: 0.5636, loss: 2.5050, lr: 1.76e-06
     Epoch[11] Iteration[620/620], entropy: 0.4624, loss: 2.3522, lr: 9.06e-06
     Averaged stats: entropy: 0.4624, loss: 2.3522, lr: 9.06e-06
     itm tta time 0:01:50
### TTA Eval Score: 
+-------+--------+--------+--------+--------+-------+
| epoch |   R1   |   R5   |  R10   |  mAP   |  mINP |
+-------+--------+--------+--------+--------+-------+
|  -999 | 60.641 | 77.509 | 83.268 | 35.542 | 6.004 |
|   0   | 58.374 | 76.103 | 82.356 | 34.597 | 6.151 |
|   1   | 51.804 | 71.216 | 78.431 | 30.543 | 5.459 |
|   2   | 43.732 | 64.767 | 72.652 | 25.637 | 4.402 |
|   3   | 37.848 | 58.590 | 67.523 | 21.718 | 3.555 |
|   4   | 33.071 | 53.779 | 62.691 | 18.628 | 2.925 |
|   5   | 29.096 | 49.078 | 57.930 | 16.000 | 2.423 |
|   6   | 26.038 | 45.511 | 54.398 | 14.032 | 2.060 |
|   7   | 23.242 | 41.803 | 50.670 | 12.310 | 1.766 |
|   8   | 21.090 | 38.613 | 47.355 | 10.968 | 1.544 |
|   9   | 19.266 | 35.918 | 44.392 | 9.833  | 1.371 |
|   10  | 17.669 | 33.328 | 41.561 | 8.863  | 1.228 |
|   11  | 16.158 | 31.167 | 39.354 | 8.071  | 1.119 |
+-------+--------+--------+--------+--------+-------+
     logs:  {'epo': 11, 'R1': 16.158, 'R5': 31.167, 'R10': 39.354, 'mAP': 8.071, 'mINP': 1.119, 'entropy': 0.49717597903743865, 'loss': 2.429445805088166, 'lr': 2.4368064324339476e-05}
     Epoch[12] Iteration[10/620], entropy: 0.6121, loss: 2.5354, lr: 3.84e-05
     Epoch[12] Iteration[20/620], entropy: 0.4206, loss: 2.3773, lr: 4.92e-05
     Epoch[12] Iteration[30/620], entropy: 0.4035, loss: 2.3274, lr: 2.66e-05
     Epoch[12] Iteration[40/620], entropy: 0.6250, loss: 2.4593, lr: 1.76e-06
     Epoch[12] Iteration[50/620], entropy: 0.4288, loss: 2.4692, lr: 9.06e-06
     Epoch[12] Iteration[60/620], entropy: 0.6472, loss: 2.3958, lr: 3.84e-05
     Epoch[12] Iteration[70/620], entropy: 0.5719, loss: 2.4739, lr: 4.92e-05
     Epoch[12] Iteration[80/620], entropy: 0.4959, loss: 2.4893, lr: 2.66e-05
     Epoch[12] Iteration[90/620], entropy: 0.5048, loss: 2.4051, lr: 1.76e-06
     Epoch[12] Iteration[100/620], entropy: 0.5316, loss: 2.4929, lr: 9.06e-06
     Epoch[12] Iteration[110/620], entropy: 0.5119, loss: 2.3796, lr: 3.84e-05
     Epoch[12] Iteration[120/620], entropy: 0.5530, loss: 2.4490, lr: 4.92e-05
     Epoch[12] Iteration[130/620], entropy: 0.4540, loss: 2.3987, lr: 2.66e-05
     Epoch[12] Iteration[140/620], entropy: 0.5132, loss: 2.3419, lr: 1.76e-06
     Epoch[12] Iteration[150/620], entropy: 0.4058, loss: 2.4469, lr: 9.06e-06
     Epoch[12] Iteration[160/620], entropy: 0.5413, loss: 2.3704, lr: 3.84e-05
     Epoch[12] Iteration[170/620], entropy: 0.4610, loss: 2.3758, lr: 4.92e-05
     Epoch[12] Iteration[180/620], entropy: 0.4899, loss: 2.3699, lr: 2.66e-05
     Epoch[12] Iteration[190/620], entropy: 0.5599, loss: 2.4352, lr: 1.76e-06
     Epoch[12] Iteration[200/620], entropy: 0.5578, loss: 2.4990, lr: 9.06e-06
     Epoch[12] Iteration[210/620], entropy: 0.4857, loss: 2.3888, lr: 3.84e-05
     Epoch[12] Iteration[220/620], entropy: 0.6053, loss: 2.5697, lr: 4.92e-05
     Epoch[12] Iteration[230/620], entropy: 0.4042, loss: 2.4294, lr: 2.66e-05
     Epoch[12] Iteration[240/620], entropy: 0.4397, loss: 2.4049, lr: 1.76e-06
     Epoch[12] Iteration[250/620], entropy: 0.5306, loss: 2.4211, lr: 9.06e-06
     Epoch[12] Iteration[260/620], entropy: 0.4914, loss: 2.4746, lr: 3.84e-05
     Epoch[12] Iteration[270/620], entropy: 0.4452, loss: 2.3904, lr: 4.92e-05
     Epoch[12] Iteration[280/620], entropy: 0.5417, loss: 2.4618, lr: 2.66e-05
     Epoch[12] Iteration[290/620], entropy: 0.4663, loss: 2.3686, lr: 1.76e-06
     Epoch[12] Iteration[300/620], entropy: 0.4432, loss: 2.4383, lr: 9.06e-06
     Epoch[12] Iteration[310/620], entropy: 0.5654, loss: 2.4460, lr: 3.84e-05
     Epoch[12] Iteration[320/620], entropy: 0.4520, loss: 2.4659, lr: 4.92e-05
     Epoch[12] Iteration[330/620], entropy: 0.4729, loss: 2.4166, lr: 2.66e-05
     Epoch[12] Iteration[340/620], entropy: 0.3134, loss: 2.3456, lr: 1.76e-06
     Epoch[12] Iteration[350/620], entropy: 0.5232, loss: 2.4455, lr: 9.06e-06
     Epoch[12] Iteration[360/620], entropy: 0.5851, loss: 2.3936, lr: 3.84e-05
     Epoch[12] Iteration[370/620], entropy: 0.7189, loss: 2.5704, lr: 4.92e-05
     Epoch[12] Iteration[380/620], entropy: 0.5171, loss: 2.4023, lr: 2.66e-05
     Epoch[12] Iteration[390/620], entropy: 0.4364, loss: 2.3040, lr: 1.76e-06
     Epoch[12] Iteration[400/620], entropy: 0.3520, loss: 2.3711, lr: 9.06e-06
     Epoch[12] Iteration[410/620], entropy: 0.5214, loss: 2.3826, lr: 3.84e-05
     Epoch[12] Iteration[420/620], entropy: 0.4466, loss: 2.4185, lr: 4.92e-05
     Epoch[12] Iteration[430/620], entropy: 0.6122, loss: 2.4770, lr: 2.66e-05
     Epoch[12] Iteration[440/620], entropy: 0.4456, loss: 2.4634, lr: 1.76e-06
     Epoch[12] Iteration[450/620], entropy: 0.5752, loss: 2.4864, lr: 9.06e-06
     Epoch[12] Iteration[460/620], entropy: 0.4568, loss: 2.3314, lr: 3.84e-05
     Epoch[12] Iteration[470/620], entropy: 0.5038, loss: 2.4191, lr: 4.92e-05
     Epoch[12] Iteration[480/620], entropy: 0.4794, loss: 2.4890, lr: 2.66e-05
     Epoch[12] Iteration[490/620], entropy: 0.5411, loss: 2.4350, lr: 1.76e-06
     Epoch[12] Iteration[500/620], entropy: 0.7012, loss: 2.4844, lr: 9.06e-06
     Epoch[12] Iteration[510/620], entropy: 0.4199, loss: 2.3103, lr: 3.84e-05
     Epoch[12] Iteration[520/620], entropy: 0.5281, loss: 2.4080, lr: 4.92e-05
     Epoch[12] Iteration[530/620], entropy: 0.4698, loss: 2.4107, lr: 2.66e-05
     Epoch[12] Iteration[540/620], entropy: 0.4120, loss: 2.4182, lr: 1.76e-06
     Epoch[12] Iteration[550/620], entropy: 0.4019, loss: 2.3713, lr: 9.06e-06
     Epoch[12] Iteration[560/620], entropy: 0.4836, loss: 2.3940, lr: 3.84e-05
     Epoch[12] Iteration[570/620], entropy: 0.4028, loss: 2.3819, lr: 4.92e-05
     Epoch[12] Iteration[580/620], entropy: 0.3446, loss: 2.3104, lr: 2.66e-05
     Epoch[12] Iteration[590/620], entropy: 0.4294, loss: 2.3467, lr: 1.76e-06
     Epoch[12] Iteration[600/620], entropy: 0.4728, loss: 2.3323, lr: 9.06e-06
     Epoch[12] Iteration[610/620], entropy: 0.4657, loss: 2.3471, lr: 3.84e-05
     Epoch[12] Iteration[620/620], entropy: 0.5209, loss: 2.4668, lr: 4.92e-05
     Averaged stats: entropy: 0.5209, loss: 2.4668, lr: 4.92e-05
     itm tta time 0:01:50
### TTA Eval Score: 
+-------+--------+--------+--------+--------+-------+
| epoch |   R1   |   R5   |  R10   |  mAP   |  mINP |
+-------+--------+--------+--------+--------+-------+
|  -999 | 60.641 | 77.509 | 83.268 | 35.542 | 6.004 |
|   0   | 58.374 | 76.103 | 82.356 | 34.597 | 6.151 |
|   1   | 51.804 | 71.216 | 78.431 | 30.543 | 5.459 |
|   2   | 43.732 | 64.767 | 72.652 | 25.637 | 4.402 |
|   3   | 37.848 | 58.590 | 67.523 | 21.718 | 3.555 |
|   4   | 33.071 | 53.779 | 62.691 | 18.628 | 2.925 |
|   5   | 29.096 | 49.078 | 57.930 | 16.000 | 2.423 |
|   6   | 26.038 | 45.511 | 54.398 | 14.032 | 2.060 |
|   7   | 23.242 | 41.803 | 50.670 | 12.310 | 1.766 |
|   8   | 21.090 | 38.613 | 47.355 | 10.968 | 1.544 |
|   9   | 19.266 | 35.918 | 44.392 | 9.833  | 1.371 |
|   10  | 17.669 | 33.328 | 41.561 | 8.863  | 1.228 |
|   11  | 16.158 | 31.167 | 39.354 | 8.071  | 1.119 |
|   12  | 14.893 | 29.046 | 37.122 | 7.331  | 1.021 |
+-------+--------+--------+--------+--------+-------+
     logs:  {'epo': 12, 'R1': 14.893, 'R5': 29.046, 'R10': 37.122, 'mAP': 7.331, 'mINP': 1.021, 'entropy': 0.4953807717369449, 'loss': 2.417500784320216, 'lr': 2.5606616917784915e-05}
     Epoch[13] Iteration[10/620], entropy: 0.4859, loss: 2.3432, lr: 2.66e-05
     Epoch[13] Iteration[20/620], entropy: 0.4851, loss: 2.3962, lr: 1.76e-06
     Epoch[13] Iteration[30/620], entropy: 0.4158, loss: 2.4078, lr: 9.06e-06
     Epoch[13] Iteration[40/620], entropy: 0.5376, loss: 2.4667, lr: 3.84e-05
     Epoch[13] Iteration[50/620], entropy: 0.6485, loss: 2.4907, lr: 4.98e-05
     Epoch[13] Iteration[60/620], entropy: 0.5107, loss: 2.4703, lr: 2.97e-05
     Epoch[13] Iteration[70/620], entropy: 0.4608, loss: 2.3842, lr: 3.09e-06
     Epoch[13] Iteration[80/620], entropy: 0.4203, loss: 2.4329, lr: 6.78e-06
     Epoch[13] Iteration[90/620], entropy: 0.5040, loss: 2.4622, lr: 3.56e-05
     Epoch[13] Iteration[100/620], entropy: 0.5132, loss: 2.4109, lr: 4.98e-05
     Epoch[13] Iteration[110/620], entropy: 0.3681, loss: 2.3369, lr: 2.97e-05
     Epoch[13] Iteration[120/620], entropy: 0.3944, loss: 2.4033, lr: 3.09e-06
     Epoch[13] Iteration[130/620], entropy: 0.6174, loss: 2.5327, lr: 6.78e-06
     Epoch[13] Iteration[140/620], entropy: 0.5493, loss: 2.4744, lr: 3.56e-05
     Epoch[13] Iteration[150/620], entropy: 0.4705, loss: 2.4483, lr: 4.98e-05
     Epoch[13] Iteration[160/620], entropy: 0.5050, loss: 2.5427, lr: 2.97e-05
     Epoch[13] Iteration[170/620], entropy: 0.3875, loss: 2.4048, lr: 3.09e-06
     Epoch[13] Iteration[180/620], entropy: 0.6234, loss: 2.4431, lr: 6.78e-06
     Epoch[13] Iteration[190/620], entropy: 0.4353, loss: 2.3433, lr: 3.56e-05
     Epoch[13] Iteration[200/620], entropy: 0.4918, loss: 2.4071, lr: 4.98e-05
     Epoch[13] Iteration[210/620], entropy: 0.4135, loss: 2.3975, lr: 2.97e-05
     Epoch[13] Iteration[220/620], entropy: 0.6742, loss: 2.4466, lr: 3.09e-06
     Epoch[13] Iteration[230/620], entropy: 0.5085, loss: 2.4945, lr: 6.78e-06
     Epoch[13] Iteration[240/620], entropy: 0.6127, loss: 2.4398, lr: 3.56e-05
     Epoch[13] Iteration[250/620], entropy: 0.5282, loss: 2.3411, lr: 4.98e-05
     Epoch[13] Iteration[260/620], entropy: 0.3718, loss: 2.3917, lr: 2.97e-05
     Epoch[13] Iteration[270/620], entropy: 0.3076, loss: 2.3588, lr: 3.09e-06
     Epoch[13] Iteration[280/620], entropy: 0.5128, loss: 2.3965, lr: 6.78e-06
     Epoch[13] Iteration[290/620], entropy: 0.5899, loss: 2.5388, lr: 3.56e-05
     Epoch[13] Iteration[300/620], entropy: 0.3173, loss: 2.3802, lr: 4.98e-05
     Epoch[13] Iteration[310/620], entropy: 0.5754, loss: 2.4564, lr: 2.97e-05
     Epoch[13] Iteration[320/620], entropy: 0.4034, loss: 2.3827, lr: 3.09e-06
     Epoch[13] Iteration[330/620], entropy: 0.4678, loss: 2.3645, lr: 6.78e-06
     Epoch[13] Iteration[340/620], entropy: 0.4899, loss: 2.4320, lr: 3.56e-05
     Epoch[13] Iteration[350/620], entropy: 0.4760, loss: 2.3813, lr: 4.98e-05
     Epoch[13] Iteration[360/620], entropy: 0.5044, loss: 2.4819, lr: 2.97e-05
     Epoch[13] Iteration[370/620], entropy: 0.4329, loss: 2.4118, lr: 3.09e-06
     Epoch[13] Iteration[380/620], entropy: 0.4965, loss: 2.3468, lr: 6.78e-06
     Epoch[13] Iteration[390/620], entropy: 0.4582, loss: 2.3605, lr: 3.56e-05
     Epoch[13] Iteration[400/620], entropy: 0.5828, loss: 2.4994, lr: 4.98e-05
     Epoch[13] Iteration[410/620], entropy: 0.5255, loss: 2.4906, lr: 2.97e-05
     Epoch[13] Iteration[420/620], entropy: 0.4136, loss: 2.3559, lr: 3.09e-06
     Epoch[13] Iteration[430/620], entropy: 0.5545, loss: 2.3400, lr: 6.78e-06
     Epoch[13] Iteration[440/620], entropy: 0.5389, loss: 2.4903, lr: 3.56e-05
     Epoch[13] Iteration[450/620], entropy: 0.4309, loss: 2.4199, lr: 4.98e-05
     Epoch[13] Iteration[460/620], entropy: 0.3221, loss: 2.3504, lr: 2.97e-05
     Epoch[13] Iteration[470/620], entropy: 0.4946, loss: 2.3817, lr: 3.09e-06
     Epoch[13] Iteration[480/620], entropy: 0.4974, loss: 2.4305, lr: 6.78e-06
     Epoch[13] Iteration[490/620], entropy: 0.4546, loss: 2.3770, lr: 3.56e-05
     Epoch[13] Iteration[500/620], entropy: 0.4560, loss: 2.4820, lr: 4.98e-05
     Epoch[13] Iteration[510/620], entropy: 0.4445, loss: 2.3941, lr: 2.97e-05
     Epoch[13] Iteration[520/620], entropy: 0.4896, loss: 2.5171, lr: 3.09e-06
     Epoch[13] Iteration[530/620], entropy: 0.4617, loss: 2.4516, lr: 6.78e-06
     Epoch[13] Iteration[540/620], entropy: 0.4392, loss: 2.3688, lr: 3.56e-05
     Epoch[13] Iteration[550/620], entropy: 0.4981, loss: 2.5407, lr: 4.98e-05
     Epoch[13] Iteration[560/620], entropy: 0.5261, loss: 2.3798, lr: 2.97e-05
     Epoch[13] Iteration[570/620], entropy: 0.5426, loss: 2.4847, lr: 3.09e-06
     Epoch[13] Iteration[580/620], entropy: 0.4624, loss: 2.3202, lr: 6.78e-06
     Epoch[13] Iteration[590/620], entropy: 0.4297, loss: 2.3014, lr: 3.56e-05
     Epoch[13] Iteration[600/620], entropy: 0.5126, loss: 2.4546, lr: 4.98e-05
     Epoch[13] Iteration[610/620], entropy: 0.5241, loss: 2.3689, lr: 2.97e-05
     Epoch[13] Iteration[620/620], entropy: 0.4209, loss: 2.4543, lr: 3.09e-06
     Averaged stats: entropy: 0.4209, loss: 2.4543, lr: 3.09e-06
     itm tta time 0:01:50
### TTA Eval Score: 
+-------+--------+--------+--------+--------+-------+
| epoch |   R1   |   R5   |  R10   |  mAP   |  mINP |
+-------+--------+--------+--------+--------+-------+
|  -999 | 60.641 | 77.509 | 83.268 | 35.542 | 6.004 |
|   0   | 58.374 | 76.103 | 82.356 | 34.597 | 6.151 |
|   1   | 51.804 | 71.216 | 78.431 | 30.543 | 5.459 |
|   2   | 43.732 | 64.767 | 72.652 | 25.637 | 4.402 |
|   3   | 37.848 | 58.590 | 67.523 | 21.718 | 3.555 |
|   4   | 33.071 | 53.779 | 62.691 | 18.628 | 2.925 |
|   5   | 29.096 | 49.078 | 57.930 | 16.000 | 2.423 |
|   6   | 26.038 | 45.511 | 54.398 | 14.032 | 2.060 |
|   7   | 23.242 | 41.803 | 50.670 | 12.310 | 1.766 |
|   8   | 21.090 | 38.613 | 47.355 | 10.968 | 1.544 |
|   9   | 19.266 | 35.918 | 44.392 | 9.833  | 1.371 |
|   10  | 17.669 | 33.328 | 41.561 | 8.863  | 1.228 |
|   11  | 16.158 | 31.167 | 39.354 | 8.071  | 1.119 |
|   12  | 14.893 | 29.046 | 37.122 | 7.331  | 1.021 |
|   13  | 13.901 | 27.217 | 35.031 | 6.724  | 0.944 |
+-------+--------+--------+--------+--------+-------+
     logs:  {'epo': 13, 'R1': 13.901, 'R5': 27.217, 'R10': 35.031, 'mAP': 6.724, 'mINP': 0.944, 'entropy': 0.4836760297898323, 'loss': 2.4203020295789166, 'lr': 2.473169603819668e-05}
     Epoch[14] Iteration[10/620], entropy: 0.5114, loss: 2.4877, lr: 6.78e-06
     Epoch[14] Iteration[20/620], entropy: 0.4193, loss: 2.3963, lr: 3.56e-05
     Epoch[14] Iteration[30/620], entropy: 0.4639, loss: 2.4292, lr: 4.98e-05
     Epoch[14] Iteration[40/620], entropy: 0.4258, loss: 2.3862, lr: 2.97e-05
     Epoch[14] Iteration[50/620], entropy: 0.5175, loss: 2.4799, lr: 3.09e-06
     Epoch[14] Iteration[60/620], entropy: 0.5522, loss: 2.3664, lr: 6.78e-06
     Epoch[14] Iteration[70/620], entropy: 0.4402, loss: 2.4411, lr: 3.56e-05
     Epoch[14] Iteration[80/620], entropy: 0.4504, loss: 2.4148, lr: 4.98e-05
     Epoch[14] Iteration[90/620], entropy: 0.5739, loss: 2.5020, lr: 2.97e-05
     Epoch[14] Iteration[100/620], entropy: 0.4439, loss: 2.3776, lr: 3.09e-06
     Epoch[14] Iteration[110/620], entropy: 0.5379, loss: 2.5145, lr: 6.78e-06
     Epoch[14] Iteration[120/620], entropy: 0.5380, loss: 2.3663, lr: 3.56e-05
     Epoch[14] Iteration[130/620], entropy: 0.4824, loss: 2.5111, lr: 4.98e-05
     Epoch[14] Iteration[140/620], entropy: 0.4318, loss: 2.4149, lr: 2.97e-05
     Epoch[14] Iteration[150/620], entropy: 0.4484, loss: 2.3701, lr: 3.09e-06
     Epoch[14] Iteration[160/620], entropy: 0.6113, loss: 2.5313, lr: 6.78e-06
     Epoch[14] Iteration[170/620], entropy: 0.4934, loss: 2.3446, lr: 3.56e-05
     Epoch[14] Iteration[180/620], entropy: 0.3185, loss: 2.3386, lr: 4.98e-05
     Epoch[14] Iteration[190/620], entropy: 0.4777, loss: 2.4857, lr: 2.97e-05
     Epoch[14] Iteration[200/620], entropy: 0.6002, loss: 2.3911, lr: 3.09e-06
     Epoch[14] Iteration[210/620], entropy: 0.5100, loss: 2.4335, lr: 6.78e-06
     Epoch[14] Iteration[220/620], entropy: 0.5173, loss: 2.4434, lr: 3.56e-05
     Epoch[14] Iteration[230/620], entropy: 0.6415, loss: 2.4500, lr: 4.98e-05
     Epoch[14] Iteration[240/620], entropy: 0.5222, loss: 2.3443, lr: 2.97e-05
     Epoch[14] Iteration[250/620], entropy: 0.4926, loss: 2.4643, lr: 3.09e-06
     Epoch[14] Iteration[260/620], entropy: 0.4633, loss: 2.3704, lr: 6.78e-06
     Epoch[14] Iteration[270/620], entropy: 0.4378, loss: 2.3166, lr: 3.56e-05
     Epoch[14] Iteration[280/620], entropy: 0.4360, loss: 2.4088, lr: 4.98e-05
     Epoch[14] Iteration[290/620], entropy: 0.4396, loss: 2.3468, lr: 2.97e-05
     Epoch[14] Iteration[300/620], entropy: 0.3881, loss: 2.4653, lr: 3.09e-06
     Epoch[14] Iteration[310/620], entropy: 0.4584, loss: 2.4125, lr: 6.78e-06
     Epoch[14] Iteration[320/620], entropy: 0.5014, loss: 2.4126, lr: 3.56e-05
     Epoch[14] Iteration[330/620], entropy: 0.5608, loss: 2.4448, lr: 4.98e-05
     Epoch[14] Iteration[340/620], entropy: 0.5723, loss: 2.4327, lr: 2.97e-05
     Epoch[14] Iteration[350/620], entropy: 0.6166, loss: 2.4995, lr: 3.09e-06
     Epoch[14] Iteration[360/620], entropy: 0.3771, loss: 2.3915, lr: 6.78e-06
     Epoch[14] Iteration[370/620], entropy: 0.4180, loss: 2.3770, lr: 3.56e-05
     Epoch[14] Iteration[380/620], entropy: 0.4925, loss: 2.4218, lr: 4.98e-05
     Epoch[14] Iteration[390/620], entropy: 0.3720, loss: 2.4423, lr: 2.97e-05
     Epoch[14] Iteration[400/620], entropy: 0.6166, loss: 2.3816, lr: 3.09e-06
     Epoch[14] Iteration[410/620], entropy: 0.4386, loss: 2.4239, lr: 6.78e-06
     Epoch[14] Iteration[420/620], entropy: 0.3881, loss: 2.3629, lr: 3.56e-05
     Epoch[14] Iteration[430/620], entropy: 0.5300, loss: 2.4043, lr: 4.98e-05
     Epoch[14] Iteration[440/620], entropy: 0.5469, loss: 2.4157, lr: 2.97e-05
     Epoch[14] Iteration[450/620], entropy: 0.4453, loss: 2.3926, lr: 3.09e-06
     Epoch[14] Iteration[460/620], entropy: 0.5097, loss: 2.4127, lr: 6.78e-06
     Epoch[14] Iteration[470/620], entropy: 0.4057, loss: 2.4740, lr: 3.56e-05
     Epoch[14] Iteration[480/620], entropy: 0.4925, loss: 2.4481, lr: 4.98e-05
     Epoch[14] Iteration[490/620], entropy: 0.6071, loss: 2.4561, lr: 2.97e-05
     Epoch[14] Iteration[500/620], entropy: 0.3386, loss: 2.4015, lr: 3.09e-06
     Epoch[14] Iteration[510/620], entropy: 0.5478, loss: 2.4265, lr: 6.78e-06
     Epoch[14] Iteration[520/620], entropy: 0.4120, loss: 2.4329, lr: 3.56e-05
     Epoch[14] Iteration[530/620], entropy: 0.3659, loss: 2.3777, lr: 4.98e-05
     Epoch[14] Iteration[540/620], entropy: 0.4358, loss: 2.3443, lr: 2.97e-05
     Epoch[14] Iteration[550/620], entropy: 0.4987, loss: 2.3928, lr: 3.09e-06
     Epoch[14] Iteration[560/620], entropy: 0.5928, loss: 2.5001, lr: 6.78e-06
     Epoch[14] Iteration[570/620], entropy: 0.6319, loss: 2.4913, lr: 3.56e-05
     Epoch[14] Iteration[580/620], entropy: 0.4384, loss: 2.3547, lr: 4.98e-05
     Epoch[14] Iteration[590/620], entropy: 0.5460, loss: 2.4273, lr: 2.97e-05
     Epoch[14] Iteration[600/620], entropy: 0.4041, loss: 2.3579, lr: 3.09e-06
     Epoch[14] Iteration[610/620], entropy: 0.4585, loss: 2.4067, lr: 6.78e-06
     Epoch[14] Iteration[620/620], entropy: 0.5559, loss: 2.4799, lr: 3.56e-05
     Averaged stats: entropy: 0.5559, loss: 2.4799, lr: 3.56e-05
     itm tta time 0:01:50
### TTA Eval Score: 
+-------+--------+--------+--------+--------+-------+
| epoch |   R1   |   R5   |  R10   |  mAP   |  mINP |
+-------+--------+--------+--------+--------+-------+
|  -999 | 60.641 | 77.509 | 83.268 | 35.542 | 6.004 |
|   0   | 58.374 | 76.103 | 82.356 | 34.597 | 6.151 |
|   1   | 51.804 | 71.216 | 78.431 | 30.543 | 5.459 |
|   2   | 43.732 | 64.767 | 72.652 | 25.637 | 4.402 |
|   3   | 37.848 | 58.590 | 67.523 | 21.718 | 3.555 |
|   4   | 33.071 | 53.779 | 62.691 | 18.628 | 2.925 |
|   5   | 29.096 | 49.078 | 57.930 | 16.000 | 2.423 |
|   6   | 26.038 | 45.511 | 54.398 | 14.032 | 2.060 |
|   7   | 23.242 | 41.803 | 50.670 | 12.310 | 1.766 |
|   8   | 21.090 | 38.613 | 47.355 | 10.968 | 1.544 |
|   9   | 19.266 | 35.918 | 44.392 | 9.833  | 1.371 |
|   10  | 17.669 | 33.328 | 41.561 | 8.863  | 1.228 |
|   11  | 16.158 | 31.167 | 39.354 | 8.071  | 1.119 |
|   12  | 14.893 | 29.046 | 37.122 | 7.331  | 1.021 |
|   13  | 13.901 | 27.217 | 35.031 | 6.724  | 0.944 |
|   14  | 12.953 | 25.640 | 33.091 | 6.196  | 0.879 |
+-------+--------+--------+--------+--------+-------+
     logs:  {'epo': 14, 'R1': 12.953, 'R5': 25.64, 'R10': 33.091, 'mAP': 6.196, 'mINP': 0.879, 'entropy': 0.48649286887338083, 'loss': 2.419246135219451, 'lr': 2.4877746235541817e-05}
     Epoch[15] Iteration[10/620], entropy: 0.5672, loss: 2.5309, lr: 4.98e-05
     Epoch[15] Iteration[20/620], entropy: 0.5966, loss: 2.5238, lr: 2.97e-05
     Epoch[15] Iteration[30/620], entropy: 0.3879, loss: 2.4423, lr: 3.09e-06
     Epoch[15] Iteration[40/620], entropy: 0.4121, loss: 2.4663, lr: 6.78e-06
     Epoch[15] Iteration[50/620], entropy: 0.4787, loss: 2.4605, lr: 3.56e-05
     Epoch[15] Iteration[60/620], entropy: 0.5494, loss: 2.4703, lr: 4.98e-05
     Epoch[15] Iteration[70/620], entropy: 0.5416, loss: 2.4403, lr: 2.97e-05
     Epoch[15] Iteration[80/620], entropy: 0.4438, loss: 2.4745, lr: 3.09e-06
     Epoch[15] Iteration[90/620], entropy: 0.4179, loss: 2.4354, lr: 6.78e-06
     Epoch[15] Iteration[100/620], entropy: 0.4829, loss: 2.3362, lr: 3.56e-05
     Epoch[15] Iteration[110/620], entropy: 0.4515, loss: 2.3921, lr: 4.98e-05
     Epoch[15] Iteration[120/620], entropy: 0.5549, loss: 2.5488, lr: 2.97e-05
     Epoch[15] Iteration[130/620], entropy: 0.5163, loss: 2.4546, lr: 3.09e-06
     Epoch[15] Iteration[140/620], entropy: 0.6278, loss: 2.4897, lr: 6.78e-06
     Epoch[15] Iteration[150/620], entropy: 0.4860, loss: 2.4329, lr: 3.56e-05
     Epoch[15] Iteration[160/620], entropy: 0.4721, loss: 2.4356, lr: 4.98e-05
     Epoch[15] Iteration[170/620], entropy: 0.5320, loss: 2.5573, lr: 2.97e-05
     Epoch[15] Iteration[180/620], entropy: 0.4123, loss: 2.3743, lr: 3.09e-06
     Epoch[15] Iteration[190/620], entropy: 0.3901, loss: 2.3554, lr: 6.78e-06
     Epoch[15] Iteration[200/620], entropy: 0.5341, loss: 2.3731, lr: 3.56e-05
     Epoch[15] Iteration[210/620], entropy: 0.4624, loss: 2.4303, lr: 4.98e-05
     Epoch[15] Iteration[220/620], entropy: 0.5092, loss: 2.4467, lr: 2.97e-05
     Epoch[15] Iteration[230/620], entropy: 0.4657, loss: 2.2749, lr: 3.09e-06
     Epoch[15] Iteration[240/620], entropy: 0.4649, loss: 2.4409, lr: 6.78e-06
     Epoch[15] Iteration[250/620], entropy: 0.4462, loss: 2.4933, lr: 3.56e-05
     Epoch[15] Iteration[260/620], entropy: 0.3632, loss: 2.4171, lr: 4.98e-05
     Epoch[15] Iteration[270/620], entropy: 0.5002, loss: 2.4169, lr: 2.97e-05
     Epoch[15] Iteration[280/620], entropy: 0.4374, loss: 2.3467, lr: 3.09e-06
     Epoch[15] Iteration[290/620], entropy: 0.4372, loss: 2.4149, lr: 6.78e-06
     Epoch[15] Iteration[300/620], entropy: 0.4770, loss: 2.3822, lr: 3.56e-05
     Epoch[15] Iteration[310/620], entropy: 0.5548, loss: 2.4755, lr: 4.98e-05
     Epoch[15] Iteration[320/620], entropy: 0.4036, loss: 2.3331, lr: 2.97e-05
     Epoch[15] Iteration[330/620], entropy: 0.4604, loss: 2.4308, lr: 3.09e-06
     Epoch[15] Iteration[340/620], entropy: 0.3752, loss: 2.3537, lr: 6.78e-06
     Epoch[15] Iteration[350/620], entropy: 0.5064, loss: 2.4537, lr: 3.56e-05
     Epoch[15] Iteration[360/620], entropy: 0.4892, loss: 2.4853, lr: 4.98e-05
     Epoch[15] Iteration[370/620], entropy: 0.4823, loss: 2.4596, lr: 2.97e-05
     Epoch[15] Iteration[380/620], entropy: 0.3982, loss: 2.3631, lr: 3.09e-06
     Epoch[15] Iteration[390/620], entropy: 0.5112, loss: 2.4447, lr: 6.78e-06
     Epoch[15] Iteration[400/620], entropy: 0.4273, loss: 2.4262, lr: 3.56e-05
     Epoch[15] Iteration[410/620], entropy: 0.4331, loss: 2.3336, lr: 4.98e-05
     Epoch[15] Iteration[420/620], entropy: 0.5565, loss: 2.4179, lr: 2.97e-05
     Epoch[15] Iteration[430/620], entropy: 0.3123, loss: 2.3838, lr: 3.09e-06
     Epoch[15] Iteration[440/620], entropy: 0.4434, loss: 2.4031, lr: 6.78e-06
     Epoch[15] Iteration[450/620], entropy: 0.5414, loss: 2.4923, lr: 3.56e-05
     Epoch[15] Iteration[460/620], entropy: 0.5293, loss: 2.4599, lr: 4.98e-05
     Epoch[15] Iteration[470/620], entropy: 0.4756, loss: 2.3967, lr: 2.97e-05
     Epoch[15] Iteration[480/620], entropy: 0.5460, loss: 2.4376, lr: 3.09e-06
     Epoch[15] Iteration[490/620], entropy: 0.3570, loss: 2.2940, lr: 6.78e-06
     Epoch[15] Iteration[500/620], entropy: 0.6200, loss: 2.4242, lr: 3.56e-05
     Epoch[15] Iteration[510/620], entropy: 0.5063, loss: 2.4629, lr: 4.98e-05
     Epoch[15] Iteration[520/620], entropy: 0.4684, loss: 2.4489, lr: 2.97e-05
     Epoch[15] Iteration[530/620], entropy: 0.5006, loss: 2.4632, lr: 3.09e-06
     Epoch[15] Iteration[540/620], entropy: 0.4693, loss: 2.4851, lr: 6.78e-06
     Epoch[15] Iteration[550/620], entropy: 0.3196, loss: 2.2196, lr: 3.56e-05
     Epoch[15] Iteration[560/620], entropy: 0.5253, loss: 2.3494, lr: 4.98e-05
     Epoch[15] Iteration[570/620], entropy: 0.4851, loss: 2.3962, lr: 2.97e-05
     Epoch[15] Iteration[580/620], entropy: 0.5059, loss: 2.3783, lr: 3.09e-06
     Epoch[15] Iteration[590/620], entropy: 0.4699, loss: 2.3401, lr: 6.78e-06
     Epoch[15] Iteration[600/620], entropy: 0.5066, loss: 2.3845, lr: 3.56e-05
     Epoch[15] Iteration[610/620], entropy: 0.4866, loss: 2.3643, lr: 4.98e-05
     Epoch[15] Iteration[620/620], entropy: 0.5467, loss: 2.4528, lr: 2.97e-05
     Averaged stats: entropy: 0.5467, loss: 2.4528, lr: 2.97e-05
     itm tta time 0:01:50
### TTA Eval Score: 
+-------+--------+--------+--------+--------+-------+
| epoch |   R1   |   R5   |  R10   |  mAP   |  mINP |
+-------+--------+--------+--------+--------+-------+
|  -999 | 60.641 | 77.509 | 83.268 | 35.542 | 6.004 |
|   0   | 58.374 | 76.103 | 82.356 | 34.597 | 6.151 |
|   1   | 51.804 | 71.216 | 78.431 | 30.543 | 5.459 |
|   2   | 43.732 | 64.767 | 72.652 | 25.637 | 4.402 |
|   3   | 37.848 | 58.590 | 67.523 | 21.718 | 3.555 |
|   4   | 33.071 | 53.779 | 62.691 | 18.628 | 2.925 |
|   5   | 29.096 | 49.078 | 57.930 | 16.000 | 2.423 |
|   6   | 26.038 | 45.511 | 54.398 | 14.032 | 2.060 |
|   7   | 23.242 | 41.803 | 50.670 | 12.310 | 1.766 |
|   8   | 21.090 | 38.613 | 47.355 | 10.968 | 1.544 |
|   9   | 19.266 | 35.918 | 44.392 | 9.833  | 1.371 |
|   10  | 17.669 | 33.328 | 41.561 | 8.863  | 1.228 |
|   11  | 16.158 | 31.167 | 39.354 | 8.071  | 1.119 |
|   12  | 14.893 | 29.046 | 37.122 | 7.331  | 1.021 |
|   13  | 13.901 | 27.217 | 35.031 | 6.724  | 0.944 |
|   14  | 12.953 | 25.640 | 33.091 | 6.196  | 0.879 |
|   15  | 12.052 | 24.033 | 31.419 | 5.725  | 0.822 |
+-------+--------+--------+--------+--------+-------+
     logs:  {'epo': 15, 'R1': 12.052, 'R5': 24.033, 'R10': 31.419, 'mAP': 5.725, 'mINP': 0.822, 'entropy': 0.4779416606310875, 'loss': 2.420523839612161, 'lr': 2.547560323221777e-05}
     Epoch[16] Iteration[10/620], entropy: 0.5279, loss: 2.4883, lr: 3.09e-06
     Epoch[16] Iteration[20/620], entropy: 0.5131, loss: 2.4541, lr: 6.78e-06
     Epoch[16] Iteration[30/620], entropy: 0.4318, loss: 2.5002, lr: 3.56e-05
     Epoch[16] Iteration[40/620], entropy: 0.4106, loss: 2.2915, lr: 4.98e-05
     Epoch[16] Iteration[50/620], entropy: 0.5321, loss: 2.4549, lr: 2.97e-05
     Epoch[16] Iteration[60/620], entropy: 0.4962, loss: 2.4839, lr: 3.09e-06
     Epoch[16] Iteration[70/620], entropy: 0.4273, loss: 2.4638, lr: 6.78e-06
     Epoch[16] Iteration[80/620], entropy: 0.5228, loss: 2.3812, lr: 3.56e-05
     Epoch[16] Iteration[90/620], entropy: 0.3745, loss: 2.3207, lr: 4.98e-05
     Epoch[16] Iteration[100/620], entropy: 0.4804, loss: 2.4426, lr: 2.97e-05
     Epoch[16] Iteration[110/620], entropy: 0.4611, loss: 2.4130, lr: 3.09e-06
     Epoch[16] Iteration[120/620], entropy: 0.4065, loss: 2.3221, lr: 6.78e-06
     Epoch[16] Iteration[130/620], entropy: 0.4999, loss: 2.4055, lr: 3.56e-05
     Epoch[16] Iteration[140/620], entropy: 0.4176, loss: 2.3710, lr: 4.98e-05
     Epoch[16] Iteration[150/620], entropy: 0.4132, loss: 2.4111, lr: 2.97e-05
     Epoch[16] Iteration[160/620], entropy: 0.5067, loss: 2.4581, lr: 3.09e-06
     Epoch[16] Iteration[170/620], entropy: 0.5193, loss: 2.3533, lr: 6.78e-06
     Epoch[16] Iteration[180/620], entropy: 0.4101, loss: 2.4321, lr: 3.56e-05
     Epoch[16] Iteration[190/620], entropy: 0.5106, loss: 2.3019, lr: 4.98e-05
     Epoch[16] Iteration[200/620], entropy: 0.5544, loss: 2.4544, lr: 2.97e-05
     Epoch[16] Iteration[210/620], entropy: 0.4333, loss: 2.3273, lr: 3.09e-06
     Epoch[16] Iteration[220/620], entropy: 0.6185, loss: 2.4936, lr: 4.77e-06
     Epoch[16] Iteration[230/620], entropy: 0.4167, loss: 2.3242, lr: 3.27e-05
     Epoch[16] Iteration[240/620], entropy: 0.5482, loss: 2.4415, lr: 5.00e-05
     Epoch[16] Iteration[250/620], entropy: 0.4209, loss: 2.5055, lr: 3.27e-05
     Epoch[16] Iteration[260/620], entropy: 0.4317, loss: 2.2921, lr: 4.77e-06
     Epoch[16] Iteration[270/620], entropy: 0.3631, loss: 2.2922, lr: 4.77e-06
     Epoch[16] Iteration[280/620], entropy: 0.4351, loss: 2.4316, lr: 3.27e-05
     Epoch[16] Iteration[290/620], entropy: 0.3337, loss: 2.4382, lr: 5.00e-05
     Epoch[16] Iteration[300/620], entropy: 0.5268, loss: 2.4517, lr: 3.27e-05
     Epoch[16] Iteration[310/620], entropy: 0.4356, loss: 2.2375, lr: 4.77e-06
     Epoch[16] Iteration[320/620], entropy: 0.3709, loss: 2.2169, lr: 4.77e-06
     Epoch[16] Iteration[330/620], entropy: 0.6690, loss: 2.5003, lr: 3.27e-05
     Epoch[16] Iteration[340/620], entropy: 0.4123, loss: 2.4725, lr: 5.00e-05
     Epoch[16] Iteration[350/620], entropy: 0.4559, loss: 2.3911, lr: 3.27e-05
     Epoch[16] Iteration[360/620], entropy: 0.3614, loss: 2.4262, lr: 4.77e-06
     Epoch[16] Iteration[370/620], entropy: 0.4429, loss: 2.4076, lr: 4.77e-06
     Epoch[16] Iteration[380/620], entropy: 0.4971, loss: 2.3366, lr: 3.27e-05
     Epoch[16] Iteration[390/620], entropy: 0.3148, loss: 2.3293, lr: 5.00e-05
     Epoch[16] Iteration[400/620], entropy: 0.4823, loss: 2.4504, lr: 3.27e-05
     Epoch[16] Iteration[410/620], entropy: 0.5595, loss: 2.3875, lr: 4.77e-06
     Epoch[16] Iteration[420/620], entropy: 0.4440, loss: 2.4012, lr: 4.77e-06
     Epoch[16] Iteration[430/620], entropy: 0.4839, loss: 2.4155, lr: 3.27e-05
     Epoch[16] Iteration[440/620], entropy: 0.4392, loss: 2.3733, lr: 5.00e-05
     Epoch[16] Iteration[450/620], entropy: 0.5669, loss: 2.4269, lr: 3.27e-05
     Epoch[16] Iteration[460/620], entropy: 0.4574, loss: 2.2984, lr: 4.77e-06
     Epoch[16] Iteration[470/620], entropy: 0.2770, loss: 2.2606, lr: 4.77e-06
     Epoch[16] Iteration[480/620], entropy: 0.4270, loss: 2.3844, lr: 3.27e-05
     Epoch[16] Iteration[490/620], entropy: 0.4312, loss: 2.3767, lr: 5.00e-05
     Epoch[16] Iteration[500/620], entropy: 0.6328, loss: 2.4503, lr: 3.27e-05
     Epoch[16] Iteration[510/620], entropy: 0.4443, loss: 2.3032, lr: 4.77e-06
     Epoch[16] Iteration[520/620], entropy: 0.4264, loss: 2.3208, lr: 4.77e-06
     Epoch[16] Iteration[530/620], entropy: 0.5054, loss: 2.3926, lr: 3.27e-05
     Epoch[16] Iteration[540/620], entropy: 0.4774, loss: 2.4895, lr: 5.00e-05
     Epoch[16] Iteration[550/620], entropy: 0.4923, loss: 2.4049, lr: 3.27e-05
     Epoch[16] Iteration[560/620], entropy: 0.4547, loss: 2.4586, lr: 4.77e-06
     Epoch[16] Iteration[570/620], entropy: 0.3736, loss: 2.3440, lr: 4.77e-06
     Epoch[16] Iteration[580/620], entropy: 0.5304, loss: 2.4154, lr: 3.27e-05
     Epoch[16] Iteration[590/620], entropy: 0.4398, loss: 2.3806, lr: 5.00e-05
     Epoch[16] Iteration[600/620], entropy: 0.4240, loss: 2.4085, lr: 3.27e-05
     Epoch[16] Iteration[610/620], entropy: 0.4362, loss: 2.4443, lr: 4.77e-06
     Epoch[16] Iteration[620/620], entropy: 0.3999, loss: 2.3547, lr: 4.77e-06
     Averaged stats: entropy: 0.3999, loss: 2.3547, lr: 4.77e-06
     itm tta time 0:01:50
### TTA Eval Score: 
+-------+--------+--------+--------+--------+-------+
| epoch |   R1   |   R5   |  R10   |  mAP   |  mINP |
+-------+--------+--------+--------+--------+-------+
|  -999 | 60.641 | 77.509 | 83.268 | 35.542 | 6.004 |
|   0   | 58.374 | 76.103 | 82.356 | 34.597 | 6.151 |
|   1   | 51.804 | 71.216 | 78.431 | 30.543 | 5.459 |
|   2   | 43.732 | 64.767 | 72.652 | 25.637 | 4.402 |
|   3   | 37.848 | 58.590 | 67.523 | 21.718 | 3.555 |
|   4   | 33.071 | 53.779 | 62.691 | 18.628 | 2.925 |
|   5   | 29.096 | 49.078 | 57.930 | 16.000 | 2.423 |
|   6   | 26.038 | 45.511 | 54.398 | 14.032 | 2.060 |
|   7   | 23.242 | 41.803 | 50.670 | 12.310 | 1.766 |
|   8   | 21.090 | 38.613 | 47.355 | 10.968 | 1.544 |
|   9   | 19.266 | 35.918 | 44.392 | 9.833  | 1.371 |
|   10  | 17.669 | 33.328 | 41.561 | 8.863  | 1.228 |
|   11  | 16.158 | 31.167 | 39.354 | 8.071  | 1.119 |
|   12  | 14.893 | 29.046 | 37.122 | 7.331  | 1.021 |
|   13  | 13.901 | 27.217 | 35.031 | 6.724  | 0.944 |
|   14  | 12.953 | 25.640 | 33.091 | 6.196  | 0.879 |
|   15  | 12.052 | 24.033 | 31.419 | 5.725  | 0.822 |
|   16  | 11.306 | 22.783 | 29.983 | 5.340  | 0.775 |
+-------+--------+--------+--------+--------+-------+
     logs:  {'epo': 16, 'R1': 11.306, 'R5': 22.783, 'R10': 29.983, 'mAP': 5.34, 'mINP': 0.775, 'entropy': 0.45983165694821265, 'loss': 2.3945513502244027, 'lr': 2.4320434002251185e-05}
     Epoch[17] Iteration[10/620], entropy: 0.5056, loss: 2.4824, lr: 3.27e-05
     Epoch[17] Iteration[20/620], entropy: 0.4955, loss: 2.3782, lr: 5.00e-05
     Epoch[17] Iteration[30/620], entropy: 0.3895, loss: 2.4543, lr: 3.27e-05
     Epoch[17] Iteration[40/620], entropy: 0.5134, loss: 2.4193, lr: 4.77e-06
     Epoch[17] Iteration[50/620], entropy: 0.5309, loss: 2.3838, lr: 4.77e-06
     Epoch[17] Iteration[60/620], entropy: 0.5183, loss: 2.5016, lr: 3.27e-05
     Epoch[17] Iteration[70/620], entropy: 0.5657, loss: 2.4521, lr: 5.00e-05
     Epoch[17] Iteration[80/620], entropy: 0.5481, loss: 2.4793, lr: 3.27e-05
     Epoch[17] Iteration[90/620], entropy: 0.5077, loss: 2.4621, lr: 4.77e-06
     Epoch[17] Iteration[100/620], entropy: 0.4621, loss: 2.4285, lr: 4.77e-06
     Epoch[17] Iteration[110/620], entropy: 0.4540, loss: 2.4195, lr: 3.27e-05
     Epoch[17] Iteration[120/620], entropy: 0.4599, loss: 2.4263, lr: 5.00e-05
     Epoch[17] Iteration[130/620], entropy: 0.4919, loss: 2.5162, lr: 3.27e-05
     Epoch[17] Iteration[140/620], entropy: 0.4177, loss: 2.3726, lr: 4.77e-06
     Epoch[17] Iteration[150/620], entropy: 0.4156, loss: 2.3452, lr: 4.77e-06
     Epoch[17] Iteration[160/620], entropy: 0.4623, loss: 2.4052, lr: 3.27e-05
     Epoch[17] Iteration[170/620], entropy: 0.5414, loss: 2.4993, lr: 5.00e-05
     Epoch[17] Iteration[180/620], entropy: 0.3583, loss: 2.3426, lr: 3.27e-05
     Epoch[17] Iteration[190/620], entropy: 0.4879, loss: 2.3645, lr: 4.77e-06
     Epoch[17] Iteration[200/620], entropy: 0.4875, loss: 2.4216, lr: 4.77e-06
     Epoch[17] Iteration[210/620], entropy: 0.5044, loss: 2.3500, lr: 3.27e-05
     Epoch[17] Iteration[220/620], entropy: 0.4934, loss: 2.3779, lr: 5.00e-05
     Epoch[17] Iteration[230/620], entropy: 0.5755, loss: 2.4896, lr: 3.27e-05
     Epoch[17] Iteration[240/620], entropy: 0.4534, loss: 2.4427, lr: 4.77e-06
     Epoch[17] Iteration[250/620], entropy: 0.4009, loss: 2.4157, lr: 4.77e-06
     Epoch[17] Iteration[260/620], entropy: 0.3995, loss: 2.3256, lr: 3.27e-05
     Epoch[17] Iteration[270/620], entropy: 0.4902, loss: 2.4330, lr: 5.00e-05
     Epoch[17] Iteration[280/620], entropy: 0.4003, loss: 2.4174, lr: 3.27e-05
     Epoch[17] Iteration[290/620], entropy: 0.4530, loss: 2.4401, lr: 4.77e-06
     Epoch[17] Iteration[300/620], entropy: 0.6390, loss: 2.4204, lr: 4.77e-06
     Epoch[17] Iteration[310/620], entropy: 0.4177, loss: 2.4052, lr: 3.27e-05
     Epoch[17] Iteration[320/620], entropy: 0.3904, loss: 2.4077, lr: 5.00e-05
     Epoch[17] Iteration[330/620], entropy: 0.5387, loss: 2.3879, lr: 3.27e-05
     Epoch[17] Iteration[340/620], entropy: 0.4619, loss: 2.4279, lr: 4.77e-06
     Epoch[17] Iteration[350/620], entropy: 0.4854, loss: 2.4444, lr: 4.77e-06
     Epoch[17] Iteration[360/620], entropy: 0.4618, loss: 2.3726, lr: 3.27e-05
     Epoch[17] Iteration[370/620], entropy: 0.5101, loss: 2.2386, lr: 5.00e-05
     Epoch[17] Iteration[380/620], entropy: 0.5031, loss: 2.4504, lr: 3.27e-05
     Epoch[17] Iteration[390/620], entropy: 0.5778, loss: 2.5696, lr: 4.77e-06
     Epoch[17] Iteration[400/620], entropy: 0.4511, loss: 2.4414, lr: 4.77e-06
     Epoch[17] Iteration[410/620], entropy: 0.5891, loss: 2.5448, lr: 3.27e-05
     Epoch[17] Iteration[420/620], entropy: 0.5508, loss: 2.4290, lr: 5.00e-05
     Epoch[17] Iteration[430/620], entropy: 0.6180, loss: 2.5574, lr: 3.27e-05
     Epoch[17] Iteration[440/620], entropy: 0.5201, loss: 2.3763, lr: 4.77e-06
     Epoch[17] Iteration[450/620], entropy: 0.3699, loss: 2.4207, lr: 4.77e-06
     Epoch[17] Iteration[460/620], entropy: 0.5745, loss: 2.4642, lr: 3.27e-05
     Epoch[17] Iteration[470/620], entropy: 0.4273, loss: 2.4098, lr: 5.00e-05
     Epoch[17] Iteration[480/620], entropy: 0.3836, loss: 2.4068, lr: 3.27e-05
     Epoch[17] Iteration[490/620], entropy: 0.4502, loss: 2.2866, lr: 4.77e-06
     Epoch[17] Iteration[500/620], entropy: 0.6681, loss: 2.3820, lr: 4.77e-06
     Epoch[17] Iteration[510/620], entropy: 0.4324, loss: 2.3429, lr: 3.27e-05
     Epoch[17] Iteration[520/620], entropy: 0.5134, loss: 2.4624, lr: 5.00e-05
     Epoch[17] Iteration[530/620], entropy: 0.4578, loss: 2.4250, lr: 3.27e-05
     Epoch[17] Iteration[540/620], entropy: 0.3538, loss: 2.3987, lr: 4.77e-06
     Epoch[17] Iteration[550/620], entropy: 0.4218, loss: 2.4513, lr: 4.77e-06
     Epoch[17] Iteration[560/620], entropy: 0.4904, loss: 2.4031, lr: 3.27e-05
     Epoch[17] Iteration[570/620], entropy: 0.6140, loss: 2.4364, lr: 5.00e-05
     Epoch[17] Iteration[580/620], entropy: 0.4001, loss: 2.4731, lr: 3.27e-05
     Epoch[17] Iteration[590/620], entropy: 0.4011, loss: 2.3638, lr: 4.77e-06
     Epoch[17] Iteration[600/620], entropy: 0.4326, loss: 2.4038, lr: 4.77e-06
     Epoch[17] Iteration[610/620], entropy: 0.3877, loss: 2.4165, lr: 3.27e-05
     Epoch[17] Iteration[620/620], entropy: 0.5405, loss: 2.4433, lr: 5.00e-05
     Averaged stats: entropy: 0.5405, loss: 2.4433, lr: 5.00e-05
     itm tta time 0:01:50
### TTA Eval Score: 
+-------+--------+--------+--------+--------+-------+
| epoch |   R1   |   R5   |  R10   |  mAP   |  mINP |
+-------+--------+--------+--------+--------+-------+
|  -999 | 60.641 | 77.509 | 83.268 | 35.542 | 6.004 |
|   0   | 58.374 | 76.103 | 82.356 | 34.597 | 6.151 |
|   1   | 51.804 | 71.216 | 78.431 | 30.543 | 5.459 |
|   2   | 43.732 | 64.767 | 72.652 | 25.637 | 4.402 |
|   3   | 37.848 | 58.590 | 67.523 | 21.718 | 3.555 |
|   4   | 33.071 | 53.779 | 62.691 | 18.628 | 2.925 |
|   5   | 29.096 | 49.078 | 57.930 | 16.000 | 2.423 |
|   6   | 26.038 | 45.511 | 54.398 | 14.032 | 2.060 |
|   7   | 23.242 | 41.803 | 50.670 | 12.310 | 1.766 |
|   8   | 21.090 | 38.613 | 47.355 | 10.968 | 1.544 |
|   9   | 19.266 | 35.918 | 44.392 | 9.833  | 1.371 |
|   10  | 17.669 | 33.328 | 41.561 | 8.863  | 1.228 |
|   11  | 16.158 | 31.167 | 39.354 | 8.071  | 1.119 |
|   12  | 14.893 | 29.046 | 37.122 | 7.331  | 1.021 |
|   13  | 13.901 | 27.217 | 35.031 | 6.724  | 0.944 |
|   14  | 12.953 | 25.640 | 33.091 | 6.196  | 0.879 |
|   15  | 12.052 | 24.033 | 31.419 | 5.725  | 0.822 |
|   16  | 11.306 | 22.783 | 29.983 | 5.340  | 0.775 |
|   17  | 10.580 | 21.685 | 28.602 | 5.004  | 0.736 |
+-------+--------+--------+--------+--------+-------+
     logs:  {'epo': 17, 'R1': 10.58, 'R5': 21.685, 'R10': 28.602, 'mAP': 5.004, 'mINP': 0.736, 'entropy': 0.48093488043354404, 'loss': 2.4211414860140894, 'lr': 2.5527829433216145e-05}
     Epoch[18] Iteration[10/620], entropy: 0.4690, loss: 2.3454, lr: 3.27e-05
     Epoch[18] Iteration[20/620], entropy: 0.3466, loss: 2.3778, lr: 4.77e-06
     Epoch[18] Iteration[30/620], entropy: 0.4978, loss: 2.4085, lr: 4.77e-06
     Epoch[18] Iteration[40/620], entropy: 0.4794, loss: 2.4675, lr: 3.27e-05
     Epoch[18] Iteration[50/620], entropy: 0.4938, loss: 2.3329, lr: 5.00e-05
     Epoch[18] Iteration[60/620], entropy: 0.4736, loss: 2.4295, lr: 3.27e-05
     Epoch[18] Iteration[70/620], entropy: 0.4490, loss: 2.4817, lr: 4.77e-06
     Epoch[18] Iteration[80/620], entropy: 0.7376, loss: 2.5462, lr: 4.77e-06
     Epoch[18] Iteration[90/620], entropy: 0.5025, loss: 2.4380, lr: 3.27e-05
     Epoch[18] Iteration[100/620], entropy: 0.5391, loss: 2.5407, lr: 5.00e-05
     Epoch[18] Iteration[110/620], entropy: 0.5172, loss: 2.4464, lr: 3.27e-05
     Epoch[18] Iteration[120/620], entropy: 0.4608, loss: 2.3728, lr: 4.77e-06
     Epoch[18] Iteration[130/620], entropy: 0.4981, loss: 2.3455, lr: 4.77e-06
     Epoch[18] Iteration[140/620], entropy: 0.4708, loss: 2.3218, lr: 3.27e-05
     Epoch[18] Iteration[150/620], entropy: 0.5556, loss: 2.4145, lr: 5.00e-05
     Epoch[18] Iteration[160/620], entropy: 0.4086, loss: 2.3716, lr: 3.27e-05
     Epoch[18] Iteration[170/620], entropy: 0.4377, loss: 2.3909, lr: 4.77e-06
     Epoch[18] Iteration[180/620], entropy: 0.4726, loss: 2.3679, lr: 4.77e-06
     Epoch[18] Iteration[190/620], entropy: 0.5576, loss: 2.5230, lr: 3.27e-05
     Epoch[18] Iteration[200/620], entropy: 0.5008, loss: 2.5108, lr: 5.00e-05
     Epoch[18] Iteration[210/620], entropy: 0.4644, loss: 2.3791, lr: 3.27e-05
     Epoch[18] Iteration[220/620], entropy: 0.4802, loss: 2.4571, lr: 4.77e-06
     Epoch[18] Iteration[230/620], entropy: 0.5060, loss: 2.3931, lr: 4.77e-06
     Epoch[18] Iteration[240/620], entropy: 0.3500, loss: 2.2611, lr: 3.27e-05
     Epoch[18] Iteration[250/620], entropy: 0.4022, loss: 2.3909, lr: 5.00e-05
     Epoch[18] Iteration[260/620], entropy: 0.4560, loss: 2.4021, lr: 3.27e-05
     Epoch[18] Iteration[270/620], entropy: 0.5564, loss: 2.3089, lr: 4.77e-06
     Epoch[18] Iteration[280/620], entropy: 0.3548, loss: 2.2567, lr: 4.77e-06
     Epoch[18] Iteration[290/620], entropy: 0.4621, loss: 2.3500, lr: 3.27e-05
     Epoch[18] Iteration[300/620], entropy: 0.4905, loss: 2.5217, lr: 5.00e-05
     Epoch[18] Iteration[310/620], entropy: 0.5569, loss: 2.4060, lr: 3.27e-05
     Epoch[18] Iteration[320/620], entropy: 0.4244, loss: 2.3182, lr: 4.77e-06
     Epoch[18] Iteration[330/620], entropy: 0.5761, loss: 2.4374, lr: 4.77e-06
     Epoch[18] Iteration[340/620], entropy: 0.3625, loss: 2.3922, lr: 3.27e-05
     Epoch[18] Iteration[350/620], entropy: 0.4987, loss: 2.4354, lr: 5.00e-05
     Epoch[18] Iteration[360/620], entropy: 0.4609, loss: 2.4035, lr: 3.27e-05
     Epoch[18] Iteration[370/620], entropy: 0.4726, loss: 2.4154, lr: 4.77e-06
     Epoch[18] Iteration[380/620], entropy: 0.3512, loss: 2.3482, lr: 4.77e-06
     Epoch[18] Iteration[390/620], entropy: 0.5661, loss: 2.4313, lr: 3.27e-05
     Epoch[18] Iteration[400/620], entropy: 0.4892, loss: 2.4459, lr: 5.00e-05
     Epoch[18] Iteration[410/620], entropy: 0.4707, loss: 2.4455, lr: 3.27e-05
     Epoch[18] Iteration[420/620], entropy: 0.4085, loss: 2.3828, lr: 4.77e-06
     Epoch[18] Iteration[430/620], entropy: 0.4803, loss: 2.4147, lr: 4.77e-06
     Epoch[18] Iteration[440/620], entropy: 0.3517, loss: 2.3572, lr: 3.27e-05
     Epoch[18] Iteration[450/620], entropy: 0.4762, loss: 2.4395, lr: 5.00e-05
     Epoch[18] Iteration[460/620], entropy: 0.4639, loss: 2.4554, lr: 3.27e-05
     Epoch[18] Iteration[470/620], entropy: 0.3602, loss: 2.4111, lr: 4.77e-06
     Epoch[18] Iteration[480/620], entropy: 0.5274, loss: 2.4315, lr: 4.77e-06
     Epoch[18] Iteration[490/620], entropy: 0.5029, loss: 2.3600, lr: 3.27e-05
     Epoch[18] Iteration[500/620], entropy: 0.4742, loss: 2.3204, lr: 5.00e-05
     Epoch[18] Iteration[510/620], entropy: 0.4741, loss: 2.4759, lr: 3.27e-05
     Epoch[18] Iteration[520/620], entropy: 0.4091, loss: 2.3839, lr: 4.77e-06
     Epoch[18] Iteration[530/620], entropy: 0.4689, loss: 2.3949, lr: 4.77e-06
     Epoch[18] Iteration[540/620], entropy: 0.4402, loss: 2.3697, lr: 3.27e-05
     Epoch[18] Iteration[550/620], entropy: 0.4809, loss: 2.4896, lr: 5.00e-05
     Epoch[18] Iteration[560/620], entropy: 0.6415, loss: 2.4870, lr: 3.27e-05
     Epoch[18] Iteration[570/620], entropy: 0.5316, loss: 2.5338, lr: 4.77e-06
     Epoch[18] Iteration[580/620], entropy: 0.4526, loss: 2.3679, lr: 4.77e-06
     Epoch[18] Iteration[590/620], entropy: 0.5282, loss: 2.3463, lr: 3.27e-05
     Epoch[18] Iteration[600/620], entropy: 0.4046, loss: 2.4150, lr: 5.00e-05
     Epoch[18] Iteration[610/620], entropy: 0.4050, loss: 2.3490, lr: 3.27e-05
     Epoch[18] Iteration[620/620], entropy: 0.4277, loss: 2.3339, lr: 4.77e-06
     Averaged stats: entropy: 0.4277, loss: 2.3339, lr: 4.77e-06
     itm tta time 0:01:50
### TTA Eval Score: 
+-------+--------+--------+--------+--------+-------+
| epoch |   R1   |   R5   |  R10   |  mAP   |  mINP |
+-------+--------+--------+--------+--------+-------+
|  -999 | 60.641 | 77.509 | 83.268 | 35.542 | 6.004 |
|   0   | 58.374 | 76.103 | 82.356 | 34.597 | 6.151 |
|   1   | 51.804 | 71.216 | 78.431 | 30.543 | 5.459 |
|   2   | 43.732 | 64.767 | 72.652 | 25.637 | 4.402 |
|   3   | 37.848 | 58.590 | 67.523 | 21.718 | 3.555 |
|   4   | 33.071 | 53.779 | 62.691 | 18.628 | 2.925 |
|   5   | 29.096 | 49.078 | 57.930 | 16.000 | 2.423 |
|   6   | 26.038 | 45.511 | 54.398 | 14.032 | 2.060 |
|   7   | 23.242 | 41.803 | 50.670 | 12.310 | 1.766 |
|   8   | 21.090 | 38.613 | 47.355 | 10.968 | 1.544 |
|   9   | 19.266 | 35.918 | 44.392 | 9.833  | 1.371 |
|   10  | 17.669 | 33.328 | 41.561 | 8.863  | 1.228 |
|   11  | 16.158 | 31.167 | 39.354 | 8.071  | 1.119 |
|   12  | 14.893 | 29.046 | 37.122 | 7.331  | 1.021 |
|   13  | 13.901 | 27.217 | 35.031 | 6.724  | 0.944 |
|   14  | 12.953 | 25.640 | 33.091 | 6.196  | 0.879 |
|   15  | 12.052 | 24.033 | 31.419 | 5.725  | 0.822 |
|   16  | 11.306 | 22.783 | 29.983 | 5.340  | 0.775 |
|   17  | 10.580 | 21.685 | 28.602 | 5.004  | 0.736 |
|   18  | 10.021 | 20.541 | 27.247 | 4.704  | 0.699 |
+-------+--------+--------+--------+--------+-------+
     logs:  {'epo': 18, 'R1': 10.021, 'R5': 20.541, 'R10': 27.247, 'mAP': 4.704, 'mINP': 0.699, 'entropy': 0.4730658016858562, 'loss': 2.4056861054512764, 'lr': 2.479838709677454e-05}
     Epoch[19] Iteration[10/620], entropy: 0.4350, loss: 2.3344, lr: 4.77e-06
     Epoch[19] Iteration[20/620], entropy: 0.5367, loss: 2.4092, lr: 3.27e-05
     Epoch[19] Iteration[30/620], entropy: 0.3532, loss: 2.2905, lr: 5.00e-05
     Epoch[19] Iteration[40/620], entropy: 0.5547, loss: 2.4948, lr: 3.27e-05
     Epoch[19] Iteration[50/620], entropy: 0.4556, loss: 2.4305, lr: 4.77e-06
     Epoch[19] Iteration[60/620], entropy: 0.4936, loss: 2.4359, lr: 4.77e-06
     Epoch[19] Iteration[70/620], entropy: 0.4562, loss: 2.4363, lr: 3.27e-05
     Epoch[19] Iteration[80/620], entropy: 0.5510, loss: 2.4403, lr: 5.00e-05
     Epoch[19] Iteration[90/620], entropy: 0.3880, loss: 2.3441, lr: 3.27e-05
     Epoch[19] Iteration[100/620], entropy: 0.3677, loss: 2.4160, lr: 4.77e-06
     Epoch[19] Iteration[110/620], entropy: 0.3718, loss: 2.3915, lr: 4.77e-06
     Epoch[19] Iteration[120/620], entropy: 0.6044, loss: 2.4981, lr: 3.27e-05
     Epoch[19] Iteration[130/620], entropy: 0.4861, loss: 2.3469, lr: 5.00e-05
     Epoch[19] Iteration[140/620], entropy: 0.3985, loss: 2.4319, lr: 3.27e-05
     Epoch[19] Iteration[150/620], entropy: 0.3862, loss: 2.3849, lr: 4.77e-06
     Epoch[19] Iteration[160/620], entropy: 0.3729, loss: 2.3862, lr: 4.77e-06
     Epoch[19] Iteration[170/620], entropy: 0.3660, loss: 2.3958, lr: 3.27e-05
     Epoch[19] Iteration[180/620], entropy: 0.4355, loss: 2.4538, lr: 5.00e-05
     Epoch[19] Iteration[190/620], entropy: 0.6195, loss: 2.5350, lr: 3.27e-05
     Epoch[19] Iteration[200/620], entropy: 0.2937, loss: 2.4163, lr: 4.77e-06
     Epoch[19] Iteration[210/620], entropy: 0.4144, loss: 2.3144, lr: 4.77e-06
     Epoch[19] Iteration[220/620], entropy: 0.4410, loss: 2.4645, lr: 3.27e-05
     Epoch[19] Iteration[230/620], entropy: 0.4171, loss: 2.4217, lr: 5.00e-05
     Epoch[19] Iteration[240/620], entropy: 0.2776, loss: 2.3968, lr: 3.27e-05
     Epoch[19] Iteration[250/620], entropy: 0.4914, loss: 2.3891, lr: 4.77e-06
     Epoch[19] Iteration[260/620], entropy: 0.5769, loss: 2.4684, lr: 4.77e-06
     Epoch[19] Iteration[270/620], entropy: 0.4458, loss: 2.3650, lr: 3.27e-05
     Epoch[19] Iteration[280/620], entropy: 0.4740, loss: 2.5464, lr: 5.00e-05
     Epoch[19] Iteration[290/620], entropy: 0.4427, loss: 2.4068, lr: 3.27e-05
     Epoch[19] Iteration[300/620], entropy: 0.3963, loss: 2.4117, lr: 4.77e-06
     Epoch[19] Iteration[310/620], entropy: 0.4225, loss: 2.3665, lr: 4.77e-06
     Epoch[19] Iteration[320/620], entropy: 0.3307, loss: 2.3860, lr: 3.27e-05
     Epoch[19] Iteration[330/620], entropy: 0.5173, loss: 2.4292, lr: 5.00e-05
     Epoch[19] Iteration[340/620], entropy: 0.3389, loss: 2.4089, lr: 3.27e-05
     Epoch[19] Iteration[350/620], entropy: 0.4350, loss: 2.3148, lr: 4.77e-06
     Epoch[19] Iteration[360/620], entropy: 0.4645, loss: 2.4202, lr: 4.77e-06
     Epoch[19] Iteration[370/620], entropy: 0.4386, loss: 2.4645, lr: 3.27e-05
     Epoch[19] Iteration[380/620], entropy: 0.4134, loss: 2.4795, lr: 5.00e-05
     Epoch[19] Iteration[390/620], entropy: 0.4345, loss: 2.4276, lr: 3.27e-05
     Epoch[19] Iteration[400/620], entropy: 0.5142, loss: 2.4128, lr: 4.77e-06
     Epoch[19] Iteration[410/620], entropy: 0.5645, loss: 2.5182, lr: 4.77e-06
     Epoch[19] Iteration[420/620], entropy: 0.3483, loss: 2.3070, lr: 3.27e-05
     Epoch[19] Iteration[430/620], entropy: 0.4830, loss: 2.3403, lr: 5.00e-05
     Epoch[19] Iteration[440/620], entropy: 0.5395, loss: 2.3555, lr: 3.27e-05
     Epoch[19] Iteration[450/620], entropy: 0.3688, loss: 2.3409, lr: 4.77e-06
     Epoch[19] Iteration[460/620], entropy: 0.5528, loss: 2.4212, lr: 4.77e-06
     Epoch[19] Iteration[470/620], entropy: 0.4093, loss: 2.3405, lr: 3.27e-05
     Epoch[19] Iteration[480/620], entropy: 0.3083, loss: 2.2751, lr: 5.00e-05
     Epoch[19] Iteration[490/620], entropy: 0.4694, loss: 2.4668, lr: 3.27e-05
     Epoch[19] Iteration[500/620], entropy: 0.4598, loss: 2.3638, lr: 4.77e-06
     Epoch[19] Iteration[510/620], entropy: 0.4521, loss: 2.4056, lr: 4.77e-06
     Epoch[19] Iteration[520/620], entropy: 0.4797, loss: 2.4431, lr: 2.97e-05
     Epoch[19] Iteration[530/620], entropy: 0.4043, loss: 2.3851, lr: 4.98e-05
     Epoch[19] Iteration[540/620], entropy: 0.4638, loss: 2.4355, lr: 3.56e-05
     Epoch[19] Iteration[550/620], entropy: 0.4446, loss: 2.4527, lr: 6.78e-06
     Epoch[19] Iteration[560/620], entropy: 0.3952, loss: 2.3720, lr: 3.09e-06
     Epoch[19] Iteration[570/620], entropy: 0.5097, loss: 2.3556, lr: 2.97e-05
     Epoch[19] Iteration[580/620], entropy: 0.5236, loss: 2.5228, lr: 4.98e-05
     Epoch[19] Iteration[590/620], entropy: 0.5287, loss: 2.3774, lr: 3.56e-05
     Epoch[19] Iteration[600/620], entropy: 0.5089, loss: 2.3567, lr: 6.78e-06
     Epoch[19] Iteration[610/620], entropy: 0.5171, loss: 2.3492, lr: 3.09e-06
     Epoch[19] Iteration[620/620], entropy: 0.4318, loss: 2.3978, lr: 2.97e-05
     Averaged stats: entropy: 0.4318, loss: 2.3978, lr: 2.97e-05
     itm tta time 0:01:50
### TTA Eval Score: 
+-------+--------+--------+--------+--------+-------+
| epoch |   R1   |   R5   |  R10   |  mAP   |  mINP |
+-------+--------+--------+--------+--------+-------+
|  -999 | 60.641 | 77.509 | 83.268 | 35.542 | 6.004 |
|   0   | 58.374 | 76.103 | 82.356 | 34.597 | 6.151 |
|   1   | 51.804 | 71.216 | 78.431 | 30.543 | 5.459 |
|   2   | 43.732 | 64.767 | 72.652 | 25.637 | 4.402 |
|   3   | 37.848 | 58.590 | 67.523 | 21.718 | 3.555 |
|   4   | 33.071 | 53.779 | 62.691 | 18.628 | 2.925 |
|   5   | 29.096 | 49.078 | 57.930 | 16.000 | 2.423 |
|   6   | 26.038 | 45.511 | 54.398 | 14.032 | 2.060 |
|   7   | 23.242 | 41.803 | 50.670 | 12.310 | 1.766 |
|   8   | 21.090 | 38.613 | 47.355 | 10.968 | 1.544 |
|   9   | 19.266 | 35.918 | 44.392 | 9.833  | 1.371 |
|   10  | 17.669 | 33.328 | 41.561 | 8.863  | 1.228 |
|   11  | 16.158 | 31.167 | 39.354 | 8.071  | 1.119 |
|   12  | 14.893 | 29.046 | 37.122 | 7.331  | 1.021 |
|   13  | 13.901 | 27.217 | 35.031 | 6.724  | 0.944 |
|   14  | 12.953 | 25.640 | 33.091 | 6.196  | 0.879 |
|   15  | 12.052 | 24.033 | 31.419 | 5.725  | 0.822 |
|   16  | 11.306 | 22.783 | 29.983 | 5.340  | 0.775 |
|   17  | 10.580 | 21.685 | 28.602 | 5.004  | 0.736 |
|   18  | 10.021 | 20.541 | 27.247 | 4.704  | 0.699 |
|   19  | 9.401  | 19.629 | 25.982 | 4.429  | 0.667 |
+-------+--------+--------+--------+--------+-------+
     logs:  {'epo': 19, 'R1': 9.401, 'R5': 19.629, 'R10': 25.982, 'mAP': 4.429, 'mINP': 0.667, 'entropy': 0.44801109788879273, 'loss': 2.4056438861354703, 'lr': 2.4749340451698523e-05}
     Epoch[20] Iteration[10/620], entropy: 0.4574, loss: 2.3643, lr: 4.98e-05
     Epoch[20] Iteration[20/620], entropy: 0.4837, loss: 2.4195, lr: 3.56e-05
     Epoch[20] Iteration[30/620], entropy: 0.4274, loss: 2.4167, lr: 6.78e-06
     Epoch[20] Iteration[40/620], entropy: 0.5026, loss: 2.4495, lr: 3.09e-06
     Epoch[20] Iteration[50/620], entropy: 0.5897, loss: 2.3235, lr: 2.97e-05
     Epoch[20] Iteration[60/620], entropy: 0.4906, loss: 2.3838, lr: 4.98e-05
     Epoch[20] Iteration[70/620], entropy: 0.6129, loss: 2.4187, lr: 3.56e-05
     Epoch[20] Iteration[80/620], entropy: 0.4575, loss: 2.4551, lr: 6.78e-06
     Epoch[20] Iteration[90/620], entropy: 0.4513, loss: 2.4340, lr: 3.09e-06
     Epoch[20] Iteration[100/620], entropy: 0.3967, loss: 2.3653, lr: 2.97e-05
     Epoch[20] Iteration[110/620], entropy: 0.5423, loss: 2.3763, lr: 4.98e-05
     Epoch[20] Iteration[120/620], entropy: 0.3926, loss: 2.3343, lr: 3.56e-05
     Epoch[20] Iteration[130/620], entropy: 0.4748, loss: 2.4377, lr: 6.78e-06
     Epoch[20] Iteration[140/620], entropy: 0.3818, loss: 2.3772, lr: 3.09e-06
     Epoch[20] Iteration[150/620], entropy: 0.5363, loss: 2.4766, lr: 2.97e-05
     Epoch[20] Iteration[160/620], entropy: 0.4022, loss: 2.3247, lr: 4.98e-05
     Epoch[20] Iteration[170/620], entropy: 0.4260, loss: 2.4211, lr: 3.56e-05
     Epoch[20] Iteration[180/620], entropy: 0.5057, loss: 2.4895, lr: 6.78e-06
     Epoch[20] Iteration[190/620], entropy: 0.5042, loss: 2.3891, lr: 3.09e-06
     Epoch[20] Iteration[200/620], entropy: 0.5286, loss: 2.3953, lr: 2.97e-05
     Epoch[20] Iteration[210/620], entropy: 0.4336, loss: 2.3168, lr: 4.98e-05
     Epoch[20] Iteration[220/620], entropy: 0.5464, loss: 2.4016, lr: 3.56e-05
     Epoch[20] Iteration[230/620], entropy: 0.4762, loss: 2.4197, lr: 6.78e-06
     Epoch[20] Iteration[240/620], entropy: 0.4471, loss: 2.4333, lr: 3.09e-06
     Epoch[20] Iteration[250/620], entropy: 0.3955, loss: 2.3261, lr: 2.97e-05
     Epoch[20] Iteration[260/620], entropy: 0.4849, loss: 2.4424, lr: 4.98e-05
     Epoch[20] Iteration[270/620], entropy: 0.4933, loss: 2.4327, lr: 3.56e-05
     Epoch[20] Iteration[280/620], entropy: 0.4663, loss: 2.4533, lr: 6.78e-06
     Epoch[20] Iteration[290/620], entropy: 0.5169, loss: 2.4297, lr: 3.09e-06
     Epoch[20] Iteration[300/620], entropy: 0.5435, loss: 2.3602, lr: 2.97e-05
     Epoch[20] Iteration[310/620], entropy: 0.3615, loss: 2.3319, lr: 4.98e-05
     Epoch[20] Iteration[320/620], entropy: 0.5954, loss: 2.4690, lr: 3.56e-05
     Epoch[20] Iteration[330/620], entropy: 0.4031, loss: 2.3617, lr: 6.78e-06
     Epoch[20] Iteration[340/620], entropy: 0.5197, loss: 2.4060, lr: 3.09e-06
     Epoch[20] Iteration[350/620], entropy: 0.3731, loss: 2.3700, lr: 2.97e-05
     Epoch[20] Iteration[360/620], entropy: 0.6370, loss: 2.5254, lr: 4.98e-05
     Epoch[20] Iteration[370/620], entropy: 0.3502, loss: 2.3101, lr: 3.56e-05
     Epoch[20] Iteration[380/620], entropy: 0.4095, loss: 2.4882, lr: 6.78e-06
     Epoch[20] Iteration[390/620], entropy: 0.4162, loss: 2.4991, lr: 3.09e-06
     Epoch[20] Iteration[400/620], entropy: 0.5244, loss: 2.4571, lr: 2.97e-05
     Epoch[20] Iteration[410/620], entropy: 0.5648, loss: 2.4621, lr: 4.98e-05
     Epoch[20] Iteration[420/620], entropy: 0.4896, loss: 2.3910, lr: 3.56e-05
     Epoch[20] Iteration[430/620], entropy: 0.4617, loss: 2.4056, lr: 6.78e-06
     Epoch[20] Iteration[440/620], entropy: 0.4613, loss: 2.2978, lr: 3.09e-06
     Epoch[20] Iteration[450/620], entropy: 0.4724, loss: 2.4583, lr: 2.97e-05
     Epoch[20] Iteration[460/620], entropy: 0.4099, loss: 2.4020, lr: 4.98e-05
     Epoch[20] Iteration[470/620], entropy: 0.3930, loss: 2.4223, lr: 3.56e-05
     Epoch[20] Iteration[480/620], entropy: 0.4549, loss: 2.4801, lr: 6.78e-06
     Epoch[20] Iteration[490/620], entropy: 0.3866, loss: 2.4375, lr: 3.09e-06
     Epoch[20] Iteration[500/620], entropy: 0.3880, loss: 2.4342, lr: 2.97e-05
     Epoch[20] Iteration[510/620], entropy: 0.3254, loss: 2.3284, lr: 4.98e-05
     Epoch[20] Iteration[520/620], entropy: 0.3943, loss: 2.3561, lr: 3.56e-05
     Epoch[20] Iteration[530/620], entropy: 0.3308, loss: 2.3994, lr: 6.78e-06
     Epoch[20] Iteration[540/620], entropy: 0.5455, loss: 2.4408, lr: 3.09e-06
     Epoch[20] Iteration[550/620], entropy: 0.5074, loss: 2.3978, lr: 2.97e-05
     Epoch[20] Iteration[560/620], entropy: 0.4660, loss: 2.4399, lr: 4.98e-05
     Epoch[20] Iteration[570/620], entropy: 0.4949, loss: 2.4224, lr: 3.56e-05
     Epoch[20] Iteration[580/620], entropy: 0.5578, loss: 2.3770, lr: 6.78e-06
     Epoch[20] Iteration[590/620], entropy: 0.4628, loss: 2.4080, lr: 3.09e-06
     Epoch[20] Iteration[600/620], entropy: 0.4554, loss: 2.3927, lr: 2.97e-05
     Epoch[20] Iteration[610/620], entropy: 0.4157, loss: 2.4098, lr: 4.98e-05
     Epoch[20] Iteration[620/620], entropy: 0.3195, loss: 2.3668, lr: 3.56e-05
     Averaged stats: entropy: 0.3195, loss: 2.3668, lr: 3.56e-05
     itm tta time 0:01:50
### TTA Eval Score: 
+-------+--------+--------+--------+--------+-------+
| epoch |   R1   |   R5   |  R10   |  mAP   |  mINP |
+-------+--------+--------+--------+--------+-------+
|  -999 | 60.641 | 77.509 | 83.268 | 35.542 | 6.004 |
|   0   | 58.374 | 76.103 | 82.356 | 34.597 | 6.151 |
|   1   | 51.804 | 71.216 | 78.431 | 30.543 | 5.459 |
|   2   | 43.732 | 64.767 | 72.652 | 25.637 | 4.402 |
|   3   | 37.848 | 58.590 | 67.523 | 21.718 | 3.555 |
|   4   | 33.071 | 53.779 | 62.691 | 18.628 | 2.925 |
|   5   | 29.096 | 49.078 | 57.930 | 16.000 | 2.423 |
|   6   | 26.038 | 45.511 | 54.398 | 14.032 | 2.060 |
|   7   | 23.242 | 41.803 | 50.670 | 12.310 | 1.766 |
|   8   | 21.090 | 38.613 | 47.355 | 10.968 | 1.544 |
|   9   | 19.266 | 35.918 | 44.392 | 9.833  | 1.371 |
|   10  | 17.669 | 33.328 | 41.561 | 8.863  | 1.228 |
|   11  | 16.158 | 31.167 | 39.354 | 8.071  | 1.119 |
|   12  | 14.893 | 29.046 | 37.122 | 7.331  | 1.021 |
|   13  | 13.901 | 27.217 | 35.031 | 6.724  | 0.944 |
|   14  | 12.953 | 25.640 | 33.091 | 6.196  | 0.879 |
|   15  | 12.052 | 24.033 | 31.419 | 5.725  | 0.822 |
|   16  | 11.306 | 22.783 | 29.983 | 5.340  | 0.775 |
|   17  | 10.580 | 21.685 | 28.602 | 5.004  | 0.736 |
|   18  | 10.021 | 20.541 | 27.247 | 4.704  | 0.699 |
|   19  | 9.401  | 19.629 | 25.982 | 4.429  | 0.667 |
|   20  | 8.767  | 18.828 | 24.995 | 4.188  | 0.639 |
+-------+--------+--------+--------+--------+-------+
     logs:  {'epo': 20, 'R1': 8.767, 'R5': 18.828, 'R10': 24.995, 'mAP': 4.188, 'mINP': 0.639, 'entropy': 0.46316653730407836, 'loss': 2.4067184040623326, 'lr': 2.557173144874128e-05}
     Epoch[21] Iteration[10/620], entropy: 0.4690, loss: 2.4139, lr: 6.78e-06
     Epoch[21] Iteration[20/620], entropy: 0.4710, loss: 2.4492, lr: 3.09e-06
     Epoch[21] Iteration[30/620], entropy: 0.5280, loss: 2.3806, lr: 2.97e-05
     Epoch[21] Iteration[40/620], entropy: 0.5177, loss: 2.3540, lr: 4.98e-05
     Epoch[21] Iteration[50/620], entropy: 0.3986, loss: 2.4020, lr: 3.56e-05
     Epoch[21] Iteration[60/620], entropy: 0.4423, loss: 2.3690, lr: 6.78e-06
     Epoch[21] Iteration[70/620], entropy: 0.5360, loss: 2.3782, lr: 3.09e-06
     Epoch[21] Iteration[80/620], entropy: 0.4666, loss: 2.3126, lr: 2.97e-05
     Epoch[21] Iteration[90/620], entropy: 0.4312, loss: 2.4657, lr: 4.98e-05
     Epoch[21] Iteration[100/620], entropy: 0.4093, loss: 2.3559, lr: 3.56e-05
     Epoch[21] Iteration[110/620], entropy: 0.3450, loss: 2.3255, lr: 6.78e-06
     Epoch[21] Iteration[120/620], entropy: 0.5388, loss: 2.5034, lr: 3.09e-06
     Epoch[21] Iteration[130/620], entropy: 0.5062, loss: 2.3960, lr: 2.97e-05
     Epoch[21] Iteration[140/620], entropy: 0.5134, loss: 2.4290, lr: 4.98e-05
     Epoch[21] Iteration[150/620], entropy: 0.4874, loss: 2.4208, lr: 3.56e-05
     Epoch[21] Iteration[160/620], entropy: 0.5816, loss: 2.5723, lr: 6.78e-06
     Epoch[21] Iteration[170/620], entropy: 0.4576, loss: 2.5013, lr: 3.09e-06
     Epoch[21] Iteration[180/620], entropy: 0.4590, loss: 2.3951, lr: 2.97e-05
     Epoch[21] Iteration[190/620], entropy: 0.4188, loss: 2.4295, lr: 4.98e-05
     Epoch[21] Iteration[200/620], entropy: 0.4724, loss: 2.3406, lr: 3.56e-05
     Epoch[21] Iteration[210/620], entropy: 0.4528, loss: 2.3694, lr: 6.78e-06
     Epoch[21] Iteration[220/620], entropy: 0.3366, loss: 2.3296, lr: 3.09e-06
     Epoch[21] Iteration[230/620], entropy: 0.4830, loss: 2.4682, lr: 2.97e-05
     Epoch[21] Iteration[240/620], entropy: 0.4547, loss: 2.4671, lr: 4.98e-05
     Epoch[21] Iteration[250/620], entropy: 0.4365, loss: 2.3852, lr: 3.56e-05
     Epoch[21] Iteration[260/620], entropy: 0.4233, loss: 2.3845, lr: 6.78e-06
     Epoch[21] Iteration[270/620], entropy: 0.5178, loss: 2.3877, lr: 3.09e-06
     Epoch[21] Iteration[280/620], entropy: 0.5440, loss: 2.4085, lr: 2.97e-05
     Epoch[21] Iteration[290/620], entropy: 0.5131, loss: 2.4569, lr: 4.98e-05
     Epoch[21] Iteration[300/620], entropy: 0.3583, loss: 2.2716, lr: 3.56e-05
     Epoch[21] Iteration[310/620], entropy: 0.4204, loss: 2.3927, lr: 6.78e-06
     Epoch[21] Iteration[320/620], entropy: 0.4819, loss: 2.3551, lr: 3.09e-06
     Epoch[21] Iteration[330/620], entropy: 0.4608, loss: 2.4437, lr: 2.97e-05
     Epoch[21] Iteration[340/620], entropy: 0.3121, loss: 2.3343, lr: 4.98e-05
     Epoch[21] Iteration[350/620], entropy: 0.4962, loss: 2.2908, lr: 3.56e-05
     Epoch[21] Iteration[360/620], entropy: 0.3763, loss: 2.2934, lr: 6.78e-06
     Epoch[21] Iteration[370/620], entropy: 0.4349, loss: 2.3807, lr: 3.09e-06
     Epoch[21] Iteration[380/620], entropy: 0.3519, loss: 2.2902, lr: 2.97e-05
     Epoch[21] Iteration[390/620], entropy: 0.4999, loss: 2.4411, lr: 4.98e-05
     Epoch[21] Iteration[400/620], entropy: 0.3490, loss: 2.3142, lr: 3.56e-05
     Epoch[21] Iteration[410/620], entropy: 0.4244, loss: 2.4697, lr: 6.78e-06
     Epoch[21] Iteration[420/620], entropy: 0.4638, loss: 2.4282, lr: 3.09e-06
     Epoch[21] Iteration[430/620], entropy: 0.3621, loss: 2.4267, lr: 2.97e-05
     Epoch[21] Iteration[440/620], entropy: 0.4270, loss: 2.3844, lr: 4.98e-05
     Epoch[21] Iteration[450/620], entropy: 0.5296, loss: 2.4644, lr: 3.56e-05
     Epoch[21] Iteration[460/620], entropy: 0.4796, loss: 2.4624, lr: 6.78e-06
     Epoch[21] Iteration[470/620], entropy: 0.5213, loss: 2.3591, lr: 3.09e-06
     Epoch[21] Iteration[480/620], entropy: 0.5766, loss: 2.3984, lr: 2.97e-05
     Epoch[21] Iteration[490/620], entropy: 0.4646, loss: 2.5141, lr: 4.98e-05
     Epoch[21] Iteration[500/620], entropy: 0.4612, loss: 2.3424, lr: 3.56e-05
     Epoch[21] Iteration[510/620], entropy: 0.5752, loss: 2.4828, lr: 6.78e-06
     Epoch[21] Iteration[520/620], entropy: 0.4928, loss: 2.4353, lr: 3.09e-06
     Epoch[21] Iteration[530/620], entropy: 0.4392, loss: 2.4712, lr: 2.97e-05
     Epoch[21] Iteration[540/620], entropy: 0.4820, loss: 2.4100, lr: 4.98e-05
     Epoch[21] Iteration[550/620], entropy: 0.4236, loss: 2.3887, lr: 3.56e-05
     Epoch[21] Iteration[560/620], entropy: 0.4570, loss: 2.3755, lr: 6.78e-06
     Epoch[21] Iteration[570/620], entropy: 0.4234, loss: 2.3226, lr: 3.09e-06
     Epoch[21] Iteration[580/620], entropy: 0.5138, loss: 2.4444, lr: 2.97e-05
     Epoch[21] Iteration[590/620], entropy: 0.4237, loss: 2.4510, lr: 4.98e-05
     Epoch[21] Iteration[600/620], entropy: 0.4585, loss: 2.4351, lr: 3.56e-05
     Epoch[21] Iteration[610/620], entropy: 0.4334, loss: 2.3473, lr: 6.78e-06
     Epoch[21] Iteration[620/620], entropy: 0.4210, loss: 2.4032, lr: 3.09e-06
     Averaged stats: entropy: 0.4210, loss: 2.4032, lr: 3.09e-06
     itm tta time 0:01:50
### TTA Eval Score: 
+-------+--------+--------+--------+--------+-------+
| epoch |   R1   |   R5   |  R10   |  mAP   |  mINP |
+-------+--------+--------+--------+--------+-------+
|  -999 | 60.641 | 77.509 | 83.268 | 35.542 | 6.004 |
|   0   | 58.374 | 76.103 | 82.356 | 34.597 | 6.151 |
|   1   | 51.804 | 71.216 | 78.431 | 30.543 | 5.459 |
|   2   | 43.732 | 64.767 | 72.652 | 25.637 | 4.402 |
|   3   | 37.848 | 58.590 | 67.523 | 21.718 | 3.555 |
|   4   | 33.071 | 53.779 | 62.691 | 18.628 | 2.925 |
|   5   | 29.096 | 49.078 | 57.930 | 16.000 | 2.423 |
|   6   | 26.038 | 45.511 | 54.398 | 14.032 | 2.060 |
|   7   | 23.242 | 41.803 | 50.670 | 12.310 | 1.766 |
|   8   | 21.090 | 38.613 | 47.355 | 10.968 | 1.544 |
|   9   | 19.266 | 35.918 | 44.392 | 9.833  | 1.371 |
|   10  | 17.669 | 33.328 | 41.561 | 8.863  | 1.228 |
|   11  | 16.158 | 31.167 | 39.354 | 8.071  | 1.119 |
|   12  | 14.893 | 29.046 | 37.122 | 7.331  | 1.021 |
|   13  | 13.901 | 27.217 | 35.031 | 6.724  | 0.944 |
|   14  | 12.953 | 25.640 | 33.091 | 6.196  | 0.879 |
|   15  | 12.052 | 24.033 | 31.419 | 5.725  | 0.822 |
|   16  | 11.306 | 22.783 | 29.983 | 5.340  | 0.775 |
|   17  | 10.580 | 21.685 | 28.602 | 5.004  | 0.736 |
|   18  | 10.021 | 20.541 | 27.247 | 4.704  | 0.699 |
|   19  | 9.401  | 19.629 | 25.982 | 4.429  | 0.667 |
|   20  | 8.767  | 18.828 | 24.995 | 4.188  | 0.639 |
|   21  | 8.399  | 17.992 | 24.053 | 3.981  | 0.615 |
+-------+--------+--------+--------+--------+-------+
     logs:  {'epo': 21, 'R1': 8.399, 'R5': 17.992, 'R10': 24.053, 'mAP': 3.981, 'mINP': 0.615, 'entropy': 0.4581782515010526, 'loss': 2.4012272242576844, 'lr': 2.435271156956931e-05}
     Epoch[22] Iteration[10/620], entropy: 0.4151, loss: 2.3681, lr: 2.97e-05
     Epoch[22] Iteration[20/620], entropy: 0.5294, loss: 2.4510, lr: 4.98e-05
     Epoch[22] Iteration[30/620], entropy: 0.4539, loss: 2.3623, lr: 3.56e-05
     Epoch[22] Iteration[40/620], entropy: 0.5251, loss: 2.4132, lr: 6.78e-06
     Epoch[22] Iteration[50/620], entropy: 0.4567, loss: 2.4564, lr: 3.09e-06
     Epoch[22] Iteration[60/620], entropy: 0.4749, loss: 2.3644, lr: 2.97e-05
     Epoch[22] Iteration[70/620], entropy: 0.4641, loss: 2.4365, lr: 4.98e-05
     Epoch[22] Iteration[80/620], entropy: 0.5162, loss: 2.5094, lr: 3.56e-05
     Epoch[22] Iteration[90/620], entropy: 0.4899, loss: 2.3659, lr: 6.78e-06
     Epoch[22] Iteration[100/620], entropy: 0.4371, loss: 2.4584, lr: 3.09e-06
     Epoch[22] Iteration[110/620], entropy: 0.4966, loss: 2.3964, lr: 2.97e-05
     Epoch[22] Iteration[120/620], entropy: 0.4217, loss: 2.4397, lr: 4.98e-05
     Epoch[22] Iteration[130/620], entropy: 0.3904, loss: 2.3743, lr: 3.56e-05
     Epoch[22] Iteration[140/620], entropy: 0.4893, loss: 2.3898, lr: 6.78e-06
     Epoch[22] Iteration[150/620], entropy: 0.5345, loss: 2.3591, lr: 3.09e-06
     Epoch[22] Iteration[160/620], entropy: 0.4687, loss: 2.4295, lr: 2.97e-05
     Epoch[22] Iteration[170/620], entropy: 0.4690, loss: 2.4202, lr: 4.98e-05
     Epoch[22] Iteration[180/620], entropy: 0.4182, loss: 2.4164, lr: 3.56e-05
     Epoch[22] Iteration[190/620], entropy: 0.4288, loss: 2.2608, lr: 6.78e-06
     Epoch[22] Iteration[200/620], entropy: 0.3684, loss: 2.4572, lr: 3.09e-06
     Epoch[22] Iteration[210/620], entropy: 0.4543, loss: 2.5048, lr: 2.97e-05
     Epoch[22] Iteration[220/620], entropy: 0.4611, loss: 2.4346, lr: 4.98e-05
     Epoch[22] Iteration[230/620], entropy: 0.5180, loss: 2.4049, lr: 3.56e-05
     Epoch[22] Iteration[240/620], entropy: 0.4372, loss: 2.3875, lr: 6.78e-06
     Epoch[22] Iteration[250/620], entropy: 0.4691, loss: 2.5193, lr: 3.09e-06
     Epoch[22] Iteration[260/620], entropy: 0.4559, loss: 2.4618, lr: 2.97e-05
     Epoch[22] Iteration[270/620], entropy: 0.5665, loss: 2.3783, lr: 4.98e-05
     Epoch[22] Iteration[280/620], entropy: 0.5257, loss: 2.3629, lr: 3.56e-05
     Epoch[22] Iteration[290/620], entropy: 0.4919, loss: 2.4467, lr: 6.78e-06
     Epoch[22] Iteration[300/620], entropy: 0.5178, loss: 2.3664, lr: 3.09e-06
     Epoch[22] Iteration[310/620], entropy: 0.3628, loss: 2.3478, lr: 2.97e-05
     Epoch[22] Iteration[320/620], entropy: 0.4611, loss: 2.4052, lr: 4.98e-05
     Epoch[22] Iteration[330/620], entropy: 0.5034, loss: 2.3660, lr: 3.56e-05
     Epoch[22] Iteration[340/620], entropy: 0.4719, loss: 2.4382, lr: 6.78e-06
     Epoch[22] Iteration[350/620], entropy: 0.4316, loss: 2.2979, lr: 3.09e-06
     Epoch[22] Iteration[360/620], entropy: 0.3911, loss: 2.3237, lr: 2.97e-05
     Epoch[22] Iteration[370/620], entropy: 0.4628, loss: 2.3900, lr: 4.98e-05
     Epoch[22] Iteration[380/620], entropy: 0.5209, loss: 2.5324, lr: 3.56e-05
     Epoch[22] Iteration[390/620], entropy: 0.5540, loss: 2.5056, lr: 6.78e-06
     Epoch[22] Iteration[400/620], entropy: 0.5497, loss: 2.5199, lr: 3.09e-06
     Epoch[22] Iteration[410/620], entropy: 0.6366, loss: 2.5958, lr: 2.97e-05
     Epoch[22] Iteration[420/620], entropy: 0.4434, loss: 2.3804, lr: 4.98e-05
     Epoch[22] Iteration[430/620], entropy: 0.4543, loss: 2.4194, lr: 3.56e-05
     Epoch[22] Iteration[440/620], entropy: 0.4773, loss: 2.4192, lr: 6.78e-06
     Epoch[22] Iteration[450/620], entropy: 0.5568, loss: 2.4867, lr: 3.09e-06
     Epoch[22] Iteration[460/620], entropy: 0.3772, loss: 2.3794, lr: 2.97e-05
     Epoch[22] Iteration[470/620], entropy: 0.4778, loss: 2.4900, lr: 4.98e-05
     Epoch[22] Iteration[480/620], entropy: 0.5160, loss: 2.4529, lr: 3.56e-05
     Epoch[22] Iteration[490/620], entropy: 0.5099, loss: 2.4716, lr: 6.78e-06
     Epoch[22] Iteration[500/620], entropy: 0.5473, loss: 2.3882, lr: 3.09e-06
     Epoch[22] Iteration[510/620], entropy: 0.4435, loss: 2.4242, lr: 2.97e-05
     Epoch[22] Iteration[520/620], entropy: 0.4931, loss: 2.4602, lr: 4.98e-05
     Epoch[22] Iteration[530/620], entropy: 0.5033, loss: 2.4301, lr: 3.56e-05
     Epoch[22] Iteration[540/620], entropy: 0.4418, loss: 2.3644, lr: 6.78e-06
     Epoch[22] Iteration[550/620], entropy: 0.3472, loss: 2.4002, lr: 3.09e-06
     Epoch[22] Iteration[560/620], entropy: 0.4500, loss: 2.4013, lr: 2.97e-05
     Epoch[22] Iteration[570/620], entropy: 0.4251, loss: 2.4526, lr: 4.98e-05
     Epoch[22] Iteration[580/620], entropy: 0.5111, loss: 2.4698, lr: 3.56e-05
     Epoch[22] Iteration[590/620], entropy: 0.4328, loss: 2.3212, lr: 6.78e-06
     Epoch[22] Iteration[600/620], entropy: 0.5125, loss: 2.4023, lr: 3.09e-06
     Epoch[22] Iteration[610/620], entropy: 0.3965, loss: 2.3679, lr: 2.97e-05
     Epoch[22] Iteration[620/620], entropy: 0.5017, loss: 2.3999, lr: 4.98e-05
     Averaged stats: entropy: 0.5017, loss: 2.3999, lr: 4.98e-05
     itm tta time 0:01:50
### TTA Eval Score: 
+-------+--------+--------+--------+--------+-------+
| epoch |   R1   |   R5   |  R10   |  mAP   |  mINP |
+-------+--------+--------+--------+--------+-------+
|  -999 | 60.641 | 77.509 | 83.268 | 35.542 | 6.004 |
|   0   | 58.374 | 76.103 | 82.356 | 34.597 | 6.151 |
|   1   | 51.804 | 71.216 | 78.431 | 30.543 | 5.459 |
|   2   | 43.732 | 64.767 | 72.652 | 25.637 | 4.402 |
|   3   | 37.848 | 58.590 | 67.523 | 21.718 | 3.555 |
|   4   | 33.071 | 53.779 | 62.691 | 18.628 | 2.925 |
|   5   | 29.096 | 49.078 | 57.930 | 16.000 | 2.423 |
|   6   | 26.038 | 45.511 | 54.398 | 14.032 | 2.060 |
|   7   | 23.242 | 41.803 | 50.670 | 12.310 | 1.766 |
|   8   | 21.090 | 38.613 | 47.355 | 10.968 | 1.544 |
|   9   | 19.266 | 35.918 | 44.392 | 9.833  | 1.371 |
|   10  | 17.669 | 33.328 | 41.561 | 8.863  | 1.228 |
|   11  | 16.158 | 31.167 | 39.354 | 8.071  | 1.119 |
|   12  | 14.893 | 29.046 | 37.122 | 7.331  | 1.021 |
|   13  | 13.901 | 27.217 | 35.031 | 6.724  | 0.944 |
|   14  | 12.953 | 25.640 | 33.091 | 6.196  | 0.879 |
|   15  | 12.052 | 24.033 | 31.419 | 5.725  | 0.822 |
|   16  | 11.306 | 22.783 | 29.983 | 5.340  | 0.775 |
|   17  | 10.580 | 21.685 | 28.602 | 5.004  | 0.736 |
|   18  | 10.021 | 20.541 | 27.247 | 4.704  | 0.699 |
|   19  | 9.401  | 19.629 | 25.982 | 4.429  | 0.667 |
|   20  | 8.767  | 18.828 | 24.995 | 4.188  | 0.639 |
|   21  | 8.399  | 17.992 | 24.053 | 3.981  | 0.615 |
|   22  | 7.910  | 17.241 | 23.151 | 3.793  | 0.594 |
+-------+--------+--------+--------+--------+-------+
     logs:  {'epo': 22, 'R1': 7.91, 'R5': 17.241, 'R10': 23.151, 'mAP': 3.793, 'mINP': 0.594, 'entropy': 0.4727460828519637, 'loss': 2.41775563070851, 'lr': 2.5475603232216578e-05}
     Epoch[23] Iteration[10/620], entropy: 0.4511, loss: 2.4082, lr: 3.56e-05
     Epoch[23] Iteration[20/620], entropy: 0.3774, loss: 2.3563, lr: 6.78e-06
     Epoch[23] Iteration[30/620], entropy: 0.4401, loss: 2.3923, lr: 3.09e-06
     Epoch[23] Iteration[40/620], entropy: 0.3906, loss: 2.3585, lr: 2.97e-05
     Epoch[23] Iteration[50/620], entropy: 0.4339, loss: 2.4246, lr: 4.98e-05
     Epoch[23] Iteration[60/620], entropy: 0.5440, loss: 2.3386, lr: 3.56e-05
     Epoch[23] Iteration[70/620], entropy: 0.5671, loss: 2.4990, lr: 9.06e-06
     Epoch[23] Iteration[80/620], entropy: 0.4857, loss: 2.4052, lr: 1.76e-06
     Epoch[23] Iteration[90/620], entropy: 0.4019, loss: 2.4527, lr: 2.66e-05
     Epoch[23] Iteration[100/620], entropy: 0.4910, loss: 2.3842, lr: 4.92e-05
     Epoch[23] Iteration[110/620], entropy: 0.4222, loss: 2.3348, lr: 3.84e-05
     Epoch[23] Iteration[120/620], entropy: 0.4717, loss: 2.4284, lr: 9.06e-06
     Epoch[23] Iteration[130/620], entropy: 0.4517, loss: 2.4666, lr: 1.76e-06
     Epoch[23] Iteration[140/620], entropy: 0.4967, loss: 2.3870, lr: 2.66e-05
     Epoch[23] Iteration[150/620], entropy: 0.3661, loss: 2.3734, lr: 4.92e-05
     Epoch[23] Iteration[160/620], entropy: 0.4225, loss: 2.4342, lr: 3.84e-05
     Epoch[23] Iteration[170/620], entropy: 0.4527, loss: 2.4633, lr: 9.06e-06
     Epoch[23] Iteration[180/620], entropy: 0.4753, loss: 2.4760, lr: 1.76e-06
     Epoch[23] Iteration[190/620], entropy: 0.4858, loss: 2.3929, lr: 2.66e-05
     Epoch[23] Iteration[200/620], entropy: 0.4865, loss: 2.3899, lr: 4.92e-05
     Epoch[23] Iteration[210/620], entropy: 0.3336, loss: 2.3520, lr: 3.84e-05
     Epoch[23] Iteration[220/620], entropy: 0.4305, loss: 2.2869, lr: 9.06e-06
     Epoch[23] Iteration[230/620], entropy: 0.4963, loss: 2.4606, lr: 1.76e-06
     Epoch[23] Iteration[240/620], entropy: 0.4492, loss: 2.3545, lr: 2.66e-05
     Epoch[23] Iteration[250/620], entropy: 0.3971, loss: 2.4485, lr: 4.92e-05
     Epoch[23] Iteration[260/620], entropy: 0.3599, loss: 2.3879, lr: 3.84e-05
     Epoch[23] Iteration[270/620], entropy: 0.4173, loss: 2.4583, lr: 9.06e-06
     Epoch[23] Iteration[280/620], entropy: 0.4898, loss: 2.4122, lr: 1.76e-06
     Epoch[23] Iteration[290/620], entropy: 0.4623, loss: 2.4102, lr: 2.66e-05
     Epoch[23] Iteration[300/620], entropy: 0.5255, loss: 2.5127, lr: 4.92e-05
     Epoch[23] Iteration[310/620], entropy: 0.4065, loss: 2.3926, lr: 3.84e-05
     Epoch[23] Iteration[320/620], entropy: 0.4309, loss: 2.4408, lr: 9.06e-06
     Epoch[23] Iteration[330/620], entropy: 0.3832, loss: 2.4543, lr: 1.76e-06
     Epoch[23] Iteration[340/620], entropy: 0.3947, loss: 2.4971, lr: 2.66e-05
     Epoch[23] Iteration[350/620], entropy: 0.4781, loss: 2.3264, lr: 4.92e-05
     Epoch[23] Iteration[360/620], entropy: 0.5071, loss: 2.4394, lr: 3.84e-05
     Epoch[23] Iteration[370/620], entropy: 0.4923, loss: 2.3944, lr: 9.06e-06
     Epoch[23] Iteration[380/620], entropy: 0.4146, loss: 2.5487, lr: 1.76e-06
     Epoch[23] Iteration[390/620], entropy: 0.4680, loss: 2.3833, lr: 2.66e-05
     Epoch[23] Iteration[400/620], entropy: 0.4353, loss: 2.2947, lr: 4.92e-05
     Epoch[23] Iteration[410/620], entropy: 0.4150, loss: 2.3291, lr: 3.84e-05
     Epoch[23] Iteration[420/620], entropy: 0.5075, loss: 2.4619, lr: 9.06e-06
     Epoch[23] Iteration[430/620], entropy: 0.4169, loss: 2.5027, lr: 1.76e-06
     Epoch[23] Iteration[440/620], entropy: 0.4936, loss: 2.3997, lr: 2.66e-05
     Epoch[23] Iteration[450/620], entropy: 0.3306, loss: 2.4080, lr: 4.92e-05
     Epoch[23] Iteration[460/620], entropy: 0.5058, loss: 2.4651, lr: 3.84e-05
     Epoch[23] Iteration[470/620], entropy: 0.4672, loss: 2.3950, lr: 9.06e-06
     Epoch[23] Iteration[480/620], entropy: 0.5476, loss: 2.4607, lr: 1.76e-06
     Epoch[23] Iteration[490/620], entropy: 0.4254, loss: 2.4798, lr: 2.66e-05
     Epoch[23] Iteration[500/620], entropy: 0.4311, loss: 2.3806, lr: 4.92e-05
     Epoch[23] Iteration[510/620], entropy: 0.4505, loss: 2.3998, lr: 3.84e-05
     Epoch[23] Iteration[520/620], entropy: 0.3222, loss: 2.3232, lr: 9.06e-06
     Epoch[23] Iteration[530/620], entropy: 0.4611, loss: 2.4530, lr: 1.76e-06
     Epoch[23] Iteration[540/620], entropy: 0.4696, loss: 2.4707, lr: 2.66e-05
     Epoch[23] Iteration[550/620], entropy: 0.4892, loss: 2.3451, lr: 4.92e-05
     Epoch[23] Iteration[560/620], entropy: 0.4882, loss: 2.4017, lr: 3.84e-05
     Epoch[23] Iteration[570/620], entropy: 0.5825, loss: 2.3207, lr: 9.06e-06
     Epoch[23] Iteration[580/620], entropy: 0.4259, loss: 2.3783, lr: 1.76e-06
     Epoch[23] Iteration[590/620], entropy: 0.4853, loss: 2.3256, lr: 2.66e-05
     Epoch[23] Iteration[600/620], entropy: 0.5181, loss: 2.4435, lr: 4.92e-05
     Epoch[23] Iteration[610/620], entropy: 0.4920, loss: 2.5405, lr: 3.84e-05
     Epoch[23] Iteration[620/620], entropy: 0.5301, loss: 2.3907, lr: 9.06e-06
     Averaged stats: entropy: 0.5301, loss: 2.3907, lr: 9.06e-06
     itm tta time 0:01:50
### TTA Eval Score: 
+-------+--------+--------+--------+--------+-------+
| epoch |   R1   |   R5   |  R10   |  mAP   |  mINP |
+-------+--------+--------+--------+--------+-------+
|  -999 | 60.641 | 77.509 | 83.268 | 35.542 | 6.004 |
|   0   | 58.374 | 76.103 | 82.356 | 34.597 | 6.151 |
|   1   | 51.804 | 71.216 | 78.431 | 30.543 | 5.459 |
|   2   | 43.732 | 64.767 | 72.652 | 25.637 | 4.402 |
|   3   | 37.848 | 58.590 | 67.523 | 21.718 | 3.555 |
|   4   | 33.071 | 53.779 | 62.691 | 18.628 | 2.925 |
|   5   | 29.096 | 49.078 | 57.930 | 16.000 | 2.423 |
|   6   | 26.038 | 45.511 | 54.398 | 14.032 | 2.060 |
|   7   | 23.242 | 41.803 | 50.670 | 12.310 | 1.766 |
|   8   | 21.090 | 38.613 | 47.355 | 10.968 | 1.544 |
|   9   | 19.266 | 35.918 | 44.392 | 9.833  | 1.371 |
|   10  | 17.669 | 33.328 | 41.561 | 8.863  | 1.228 |
|   11  | 16.158 | 31.167 | 39.354 | 8.071  | 1.119 |
|   12  | 14.893 | 29.046 | 37.122 | 7.331  | 1.021 |
|   13  | 13.901 | 27.217 | 35.031 | 6.724  | 0.944 |
|   14  | 12.953 | 25.640 | 33.091 | 6.196  | 0.879 |
|   15  | 12.052 | 24.033 | 31.419 | 5.725  | 0.822 |
|   16  | 11.306 | 22.783 | 29.983 | 5.340  | 0.775 |
|   17  | 10.580 | 21.685 | 28.602 | 5.004  | 0.736 |
|   18  | 10.021 | 20.541 | 27.247 | 4.704  | 0.699 |
|   19  | 9.401  | 19.629 | 25.982 | 4.429  | 0.667 |
|   20  | 8.767  | 18.828 | 24.995 | 4.188  | 0.639 |
|   21  | 8.399  | 17.992 | 24.053 | 3.981  | 0.615 |
|   22  | 7.910  | 17.241 | 23.151 | 3.793  | 0.594 |
|   23  | 7.628  | 16.510 | 22.259 | 3.620  | 0.573 |
+-------+--------+--------+--------+--------+-------+
     logs:  {'epo': 23, 'R1': 7.628, 'R5': 16.51, 'R10': 22.259, 'mAP': 3.62, 'mINP': 0.573, 'entropy': 0.45389356872727793, 'loss': 2.4112381358300485, 'lr': 2.491465939589243e-05}
     Epoch[24] Iteration[10/620], entropy: 0.4313, loss: 2.3581, lr: 1.76e-06
     Epoch[24] Iteration[20/620], entropy: 0.4130, loss: 2.3671, lr: 2.66e-05
     Epoch[24] Iteration[30/620], entropy: 0.4502, loss: 2.4879, lr: 4.92e-05
     Epoch[24] Iteration[40/620], entropy: 0.4371, loss: 2.3391, lr: 3.84e-05
     Epoch[24] Iteration[50/620], entropy: 0.4375, loss: 2.3145, lr: 9.06e-06
     Epoch[24] Iteration[60/620], entropy: 0.3088, loss: 2.3013, lr: 1.76e-06
     Epoch[24] Iteration[70/620], entropy: 0.3929, loss: 2.3358, lr: 2.66e-05
     Epoch[24] Iteration[80/620], entropy: 0.4270, loss: 2.3236, lr: 4.92e-05
     Epoch[24] Iteration[90/620], entropy: 0.4126, loss: 2.3182, lr: 3.84e-05
     Epoch[24] Iteration[100/620], entropy: 0.4363, loss: 2.3171, lr: 9.06e-06
     Epoch[24] Iteration[110/620], entropy: 0.4149, loss: 2.4293, lr: 1.76e-06
     Epoch[24] Iteration[120/620], entropy: 0.5321, loss: 2.3971, lr: 2.66e-05
     Epoch[24] Iteration[130/620], entropy: 0.4884, loss: 2.4030, lr: 4.92e-05
     Epoch[24] Iteration[140/620], entropy: 0.4832, loss: 2.3967, lr: 3.84e-05
     Epoch[24] Iteration[150/620], entropy: 0.5598, loss: 2.4809, lr: 9.06e-06
     Epoch[24] Iteration[160/620], entropy: 0.3636, loss: 2.3281, lr: 1.76e-06
     Epoch[24] Iteration[170/620], entropy: 0.3909, loss: 2.4304, lr: 2.66e-05
     Epoch[24] Iteration[180/620], entropy: 0.4166, loss: 2.4257, lr: 4.92e-05
     Epoch[24] Iteration[190/620], entropy: 0.5781, loss: 2.4965, lr: 3.84e-05
     Epoch[24] Iteration[200/620], entropy: 0.3596, loss: 2.3362, lr: 9.06e-06
     Epoch[24] Iteration[210/620], entropy: 0.5057, loss: 2.3795, lr: 1.76e-06
     Epoch[24] Iteration[220/620], entropy: 0.4983, loss: 2.3352, lr: 2.66e-05
     Epoch[24] Iteration[230/620], entropy: 0.3780, loss: 2.3046, lr: 4.92e-05
     Epoch[24] Iteration[240/620], entropy: 0.4155, loss: 2.4204, lr: 3.84e-05
     Epoch[24] Iteration[250/620], entropy: 0.4940, loss: 2.4579, lr: 9.06e-06
     Epoch[24] Iteration[260/620], entropy: 0.3916, loss: 2.4086, lr: 1.76e-06
     Epoch[24] Iteration[270/620], entropy: 0.3516, loss: 2.3691, lr: 2.66e-05
     Epoch[24] Iteration[280/620], entropy: 0.3238, loss: 2.3873, lr: 4.92e-05
     Epoch[24] Iteration[290/620], entropy: 0.4568, loss: 2.2979, lr: 3.84e-05
     Epoch[24] Iteration[300/620], entropy: 0.3654, loss: 2.3825, lr: 9.06e-06
     Epoch[24] Iteration[310/620], entropy: 0.4014, loss: 2.3352, lr: 1.76e-06
     Epoch[24] Iteration[320/620], entropy: 0.5703, loss: 2.4843, lr: 2.66e-05
     Epoch[24] Iteration[330/620], entropy: 0.5107, loss: 2.4062, lr: 4.92e-05
     Epoch[24] Iteration[340/620], entropy: 0.5205, loss: 2.4342, lr: 3.84e-05
     Epoch[24] Iteration[350/620], entropy: 0.4388, loss: 2.4384, lr: 9.06e-06
     Epoch[24] Iteration[360/620], entropy: 0.3577, loss: 2.3553, lr: 1.76e-06
     Epoch[24] Iteration[370/620], entropy: 0.4412, loss: 2.4292, lr: 2.66e-05
     Epoch[24] Iteration[380/620], entropy: 0.4916, loss: 2.3946, lr: 4.92e-05
     Epoch[24] Iteration[390/620], entropy: 0.4777, loss: 2.3298, lr: 3.84e-05
     Epoch[24] Iteration[400/620], entropy: 0.5808, loss: 2.4244, lr: 9.06e-06
     Epoch[24] Iteration[410/620], entropy: 0.4632, loss: 2.3728, lr: 1.76e-06
     Epoch[24] Iteration[420/620], entropy: 0.5683, loss: 2.4225, lr: 2.66e-05
     Epoch[24] Iteration[430/620], entropy: 0.4257, loss: 2.2893, lr: 4.92e-05
     Epoch[24] Iteration[440/620], entropy: 0.2505, loss: 2.3641, lr: 3.84e-05
     Epoch[24] Iteration[450/620], entropy: 0.4981, loss: 2.4948, lr: 9.06e-06
     Epoch[24] Iteration[460/620], entropy: 0.3871, loss: 2.3552, lr: 1.76e-06
     Epoch[24] Iteration[470/620], entropy: 0.4058, loss: 2.4079, lr: 2.66e-05
     Epoch[24] Iteration[480/620], entropy: 0.5338, loss: 2.4111, lr: 4.92e-05
     Epoch[24] Iteration[490/620], entropy: 0.5392, loss: 2.3970, lr: 3.84e-05
     Epoch[24] Iteration[500/620], entropy: 0.5039, loss: 2.4015, lr: 9.06e-06
     Epoch[24] Iteration[510/620], entropy: 0.3797, loss: 2.4474, lr: 1.76e-06
     Epoch[24] Iteration[520/620], entropy: 0.4095, loss: 2.4459, lr: 2.66e-05
     Epoch[24] Iteration[530/620], entropy: 0.4574, loss: 2.2528, lr: 4.92e-05
     Epoch[24] Iteration[540/620], entropy: 0.4065, loss: 2.3855, lr: 3.84e-05
     Epoch[24] Iteration[550/620], entropy: 0.3961, loss: 2.3524, lr: 9.06e-06
     Epoch[24] Iteration[560/620], entropy: 0.3894, loss: 2.3718, lr: 1.76e-06
     Epoch[24] Iteration[570/620], entropy: 0.5080, loss: 2.4855, lr: 2.66e-05
     Epoch[24] Iteration[580/620], entropy: 0.4658, loss: 2.4570, lr: 4.92e-05
     Epoch[24] Iteration[590/620], entropy: 0.5254, loss: 2.4493, lr: 3.84e-05
     Epoch[24] Iteration[600/620], entropy: 0.4141, loss: 2.4572, lr: 9.06e-06
     Epoch[24] Iteration[610/620], entropy: 0.3475, loss: 2.4513, lr: 1.76e-06
     Epoch[24] Iteration[620/620], entropy: 0.4588, loss: 2.3765, lr: 2.66e-05
     Averaged stats: entropy: 0.4588, loss: 2.3765, lr: 2.66e-05
     itm tta time 0:01:50
### TTA Eval Score: 
+-------+--------+--------+--------+--------+-------+
| epoch |   R1   |   R5   |  R10   |  mAP   |  mINP |
+-------+--------+--------+--------+--------+-------+
|  -999 | 60.641 | 77.509 | 83.268 | 35.542 | 6.004 |
|   0   | 58.374 | 76.103 | 82.356 | 34.597 | 6.151 |
|   1   | 51.804 | 71.216 | 78.431 | 30.543 | 5.459 |
|   2   | 43.732 | 64.767 | 72.652 | 25.637 | 4.402 |
|   3   | 37.848 | 58.590 | 67.523 | 21.718 | 3.555 |
|   4   | 33.071 | 53.779 | 62.691 | 18.628 | 2.925 |
|   5   | 29.096 | 49.078 | 57.930 | 16.000 | 2.423 |
|   6   | 26.038 | 45.511 | 54.398 | 14.032 | 2.060 |
|   7   | 23.242 | 41.803 | 50.670 | 12.310 | 1.766 |
|   8   | 21.090 | 38.613 | 47.355 | 10.968 | 1.544 |
|   9   | 19.266 | 35.918 | 44.392 | 9.833  | 1.371 |
|   10  | 17.669 | 33.328 | 41.561 | 8.863  | 1.228 |
|   11  | 16.158 | 31.167 | 39.354 | 8.071  | 1.119 |
|   12  | 14.893 | 29.046 | 37.122 | 7.331  | 1.021 |
|   13  | 13.901 | 27.217 | 35.031 | 6.724  | 0.944 |
|   14  | 12.953 | 25.640 | 33.091 | 6.196  | 0.879 |
|   15  | 12.052 | 24.033 | 31.419 | 5.725  | 0.822 |
|   16  | 11.306 | 22.783 | 29.983 | 5.340  | 0.775 |
|   17  | 10.580 | 21.685 | 28.602 | 5.004  | 0.736 |
|   18  | 10.021 | 20.541 | 27.247 | 4.704  | 0.699 |
|   19  | 9.401  | 19.629 | 25.982 | 4.429  | 0.667 |
|   20  | 8.767  | 18.828 | 24.995 | 4.188  | 0.639 |
|   21  | 8.399  | 17.992 | 24.053 | 3.981  | 0.615 |
|   22  | 7.910  | 17.241 | 23.151 | 3.793  | 0.594 |
|   23  | 7.628  | 16.510 | 22.259 | 3.620  | 0.573 |
|   24  | 7.311  | 16.007 | 21.514 | 3.479  | 0.556 |
+-------+--------+--------+--------+--------+-------+
     logs:  {'epo': 24, 'R1': 7.311, 'R5': 16.007, 'R10': 21.514, 'mAP': 3.479, 'mINP': 0.556, 'entropy': 0.4425652108846172, 'loss': 2.390488862991333, 'lr': 2.4650408884531308e-05}
     Epoch[25] Iteration[10/620], entropy: 0.4268, loss: 2.3313, lr: 4.92e-05
     Epoch[25] Iteration[20/620], entropy: 0.3622, loss: 2.3739, lr: 3.84e-05
     Epoch[25] Iteration[30/620], entropy: 0.5409, loss: 2.5092, lr: 9.06e-06
     Epoch[25] Iteration[40/620], entropy: 0.3942, loss: 2.3005, lr: 1.76e-06
     Epoch[25] Iteration[50/620], entropy: 0.5112, loss: 2.4352, lr: 2.66e-05
     Epoch[25] Iteration[60/620], entropy: 0.4481, loss: 2.4505, lr: 4.92e-05
     Epoch[25] Iteration[70/620], entropy: 0.4855, loss: 2.5068, lr: 3.84e-05
     Epoch[25] Iteration[80/620], entropy: 0.4707, loss: 2.4670, lr: 9.06e-06
     Epoch[25] Iteration[90/620], entropy: 0.3641, loss: 2.3520, lr: 1.76e-06
     Epoch[25] Iteration[100/620], entropy: 0.4768, loss: 2.3026, lr: 2.66e-05
     Epoch[25] Iteration[110/620], entropy: 0.5123, loss: 2.4361, lr: 4.92e-05
     Epoch[25] Iteration[120/620], entropy: 0.3849, loss: 2.3419, lr: 3.84e-05
     Epoch[25] Iteration[130/620], entropy: 0.4782, loss: 2.4420, lr: 9.06e-06
     Epoch[25] Iteration[140/620], entropy: 0.3696, loss: 2.3597, lr: 1.76e-06
     Epoch[25] Iteration[150/620], entropy: 0.4118, loss: 2.3951, lr: 2.66e-05
     Epoch[25] Iteration[160/620], entropy: 0.4506, loss: 2.4231, lr: 4.92e-05
     Epoch[25] Iteration[170/620], entropy: 0.4791, loss: 2.4381, lr: 3.84e-05
     Epoch[25] Iteration[180/620], entropy: 0.4001, loss: 2.3734, lr: 9.06e-06
     Epoch[25] Iteration[190/620], entropy: 0.4791, loss: 2.3575, lr: 1.76e-06
     Epoch[25] Iteration[200/620], entropy: 0.3952, loss: 2.3294, lr: 2.66e-05
     Epoch[25] Iteration[210/620], entropy: 0.3884, loss: 2.3802, lr: 4.92e-05
     Epoch[25] Iteration[220/620], entropy: 0.5673, loss: 2.3864, lr: 3.84e-05
     Epoch[25] Iteration[230/620], entropy: 0.5021, loss: 2.4134, lr: 9.06e-06
     Epoch[25] Iteration[240/620], entropy: 0.5031, loss: 2.4041, lr: 1.76e-06
     Epoch[25] Iteration[250/620], entropy: 0.5117, loss: 2.4705, lr: 2.66e-05
     Epoch[25] Iteration[260/620], entropy: 0.5145, loss: 2.4086, lr: 4.92e-05
     Epoch[25] Iteration[270/620], entropy: 0.4480, loss: 2.4313, lr: 3.84e-05
     Epoch[25] Iteration[280/620], entropy: 0.4875, loss: 2.4497, lr: 9.06e-06
     Epoch[25] Iteration[290/620], entropy: 0.4406, loss: 2.3298, lr: 1.76e-06
     Epoch[25] Iteration[300/620], entropy: 0.4997, loss: 2.3811, lr: 2.66e-05
     Epoch[25] Iteration[310/620], entropy: 0.3279, loss: 2.4099, lr: 4.92e-05
     Epoch[25] Iteration[320/620], entropy: 0.3939, loss: 2.4176, lr: 3.84e-05
     Epoch[25] Iteration[330/620], entropy: 0.4973, loss: 2.3760, lr: 9.06e-06
     Epoch[25] Iteration[340/620], entropy: 0.3822, loss: 2.4968, lr: 1.76e-06
     Epoch[25] Iteration[350/620], entropy: 0.3341, loss: 2.2975, lr: 2.66e-05
     Epoch[25] Iteration[360/620], entropy: 0.4633, loss: 2.3390, lr: 4.92e-05
     Epoch[25] Iteration[370/620], entropy: 0.4452, loss: 2.3432, lr: 3.84e-05
     Epoch[25] Iteration[380/620], entropy: 0.4583, loss: 2.3383, lr: 9.06e-06
     Epoch[25] Iteration[390/620], entropy: 0.4528, loss: 2.4674, lr: 1.76e-06
     Epoch[25] Iteration[400/620], entropy: 0.5892, loss: 2.3730, lr: 2.66e-05
     Epoch[25] Iteration[410/620], entropy: 0.3985, loss: 2.3651, lr: 4.92e-05
     Epoch[25] Iteration[420/620], entropy: 0.5217, loss: 2.4451, lr: 3.84e-05
     Epoch[25] Iteration[430/620], entropy: 0.3664, loss: 2.3909, lr: 9.06e-06
     Epoch[25] Iteration[440/620], entropy: 0.4642, loss: 2.4322, lr: 1.76e-06
     Epoch[25] Iteration[450/620], entropy: 0.5514, loss: 2.4138, lr: 2.66e-05
     Epoch[25] Iteration[460/620], entropy: 0.4341, loss: 2.3833, lr: 4.92e-05
     Epoch[25] Iteration[470/620], entropy: 0.3573, loss: 2.3897, lr: 3.84e-05
     Epoch[25] Iteration[480/620], entropy: 0.5248, loss: 2.4048, lr: 9.06e-06
     Epoch[25] Iteration[490/620], entropy: 0.4508, loss: 2.3808, lr: 1.76e-06
     Epoch[25] Iteration[500/620], entropy: 0.4038, loss: 2.3555, lr: 2.66e-05
     Epoch[25] Iteration[510/620], entropy: 0.3693, loss: 2.3385, lr: 4.92e-05
     Epoch[25] Iteration[520/620], entropy: 0.4532, loss: 2.4576, lr: 3.84e-05
     Epoch[25] Iteration[530/620], entropy: 0.4448, loss: 2.4326, lr: 9.06e-06
     Epoch[25] Iteration[540/620], entropy: 0.4517, loss: 2.4355, lr: 1.76e-06
     Epoch[25] Iteration[550/620], entropy: 0.5582, loss: 2.3337, lr: 2.66e-05
     Epoch[25] Iteration[560/620], entropy: 0.4907, loss: 2.3373, lr: 4.92e-05
     Epoch[25] Iteration[570/620], entropy: 0.4084, loss: 2.3891, lr: 3.84e-05
     Epoch[25] Iteration[580/620], entropy: 0.4514, loss: 2.4193, lr: 9.06e-06
     Epoch[25] Iteration[590/620], entropy: 0.3164, loss: 2.3476, lr: 1.76e-06
     Epoch[25] Iteration[600/620], entropy: 0.4685, loss: 2.4215, lr: 2.66e-05
     Epoch[25] Iteration[610/620], entropy: 0.4904, loss: 2.3894, lr: 4.92e-05
     Epoch[25] Iteration[620/620], entropy: 0.4278, loss: 2.4153, lr: 3.84e-05
     Averaged stats: entropy: 0.4278, loss: 2.4153, lr: 3.84e-05
     itm tta time 0:01:50
### TTA Eval Score: 
+-------+--------+--------+--------+--------+-------+
| epoch |   R1   |   R5   |  R10   |  mAP   |  mINP |
+-------+--------+--------+--------+--------+-------+
|  -999 | 60.641 | 77.509 | 83.268 | 35.542 | 6.004 |
|   0   | 58.374 | 76.103 | 82.356 | 34.597 | 6.151 |
|   1   | 51.804 | 71.216 | 78.431 | 30.543 | 5.459 |
|   2   | 43.732 | 64.767 | 72.652 | 25.637 | 4.402 |
|   3   | 37.848 | 58.590 | 67.523 | 21.718 | 3.555 |
|   4   | 33.071 | 53.779 | 62.691 | 18.628 | 2.925 |
|   5   | 29.096 | 49.078 | 57.930 | 16.000 | 2.423 |
|   6   | 26.038 | 45.511 | 54.398 | 14.032 | 2.060 |
|   7   | 23.242 | 41.803 | 50.670 | 12.310 | 1.766 |
|   8   | 21.090 | 38.613 | 47.355 | 10.968 | 1.544 |
|   9   | 19.266 | 35.918 | 44.392 | 9.833  | 1.371 |
|   10  | 17.669 | 33.328 | 41.561 | 8.863  | 1.228 |
|   11  | 16.158 | 31.167 | 39.354 | 8.071  | 1.119 |
|   12  | 14.893 | 29.046 | 37.122 | 7.331  | 1.021 |
|   13  | 13.901 | 27.217 | 35.031 | 6.724  | 0.944 |
|   14  | 12.953 | 25.640 | 33.091 | 6.196  | 0.879 |
|   15  | 12.052 | 24.033 | 31.419 | 5.725  | 0.822 |
|   16  | 11.306 | 22.783 | 29.983 | 5.340  | 0.775 |
|   17  | 10.580 | 21.685 | 28.602 | 5.004  | 0.736 |
|   18  | 10.021 | 20.541 | 27.247 | 4.704  | 0.699 |
|   19  | 9.401  | 19.629 | 25.982 | 4.429  | 0.667 |
|   20  | 8.767  | 18.828 | 24.995 | 4.188  | 0.639 |
|   21  | 8.399  | 17.992 | 24.053 | 3.981  | 0.615 |
|   22  | 7.910  | 17.241 | 23.151 | 3.793  | 0.594 |
|   23  | 7.628  | 16.510 | 22.259 | 3.620  | 0.573 |
|   24  | 7.311  | 16.007 | 21.514 | 3.479  | 0.556 |
|   25  | 7.023  | 15.417 | 20.813 | 3.336  | 0.540 |
+-------+--------+--------+--------+--------+-------+
     logs:  {'epo': 25, 'R1': 7.023, 'R5': 15.417, 'R10': 20.813, 'mAP': 3.336, 'mINP': 0.54, 'entropy': 0.4492309372271261, 'loss': 2.3954463274248186, 'lr': 2.5606616917783865e-05}
     Epoch[26] Iteration[10/620], entropy: 0.4106, loss: 2.3536, lr: 9.06e-06
     Epoch[26] Iteration[20/620], entropy: 0.4781, loss: 2.4729, lr: 1.76e-06
     Epoch[26] Iteration[30/620], entropy: 0.4074, loss: 2.4570, lr: 2.66e-05
     Epoch[26] Iteration[40/620], entropy: 0.3327, loss: 2.3106, lr: 4.92e-05
     Epoch[26] Iteration[50/620], entropy: 0.3758, loss: 2.2482, lr: 3.84e-05
     Epoch[26] Iteration[60/620], entropy: 0.4844, loss: 2.4381, lr: 9.06e-06
     Epoch[26] Iteration[70/620], entropy: 0.4630, loss: 2.4468, lr: 1.76e-06
     Epoch[26] Iteration[80/620], entropy: 0.5720, loss: 2.4081, lr: 2.66e-05
     Epoch[26] Iteration[90/620], entropy: 0.4698, loss: 2.3858, lr: 4.92e-05
     Epoch[26] Iteration[100/620], entropy: 0.3820, loss: 2.3720, lr: 3.84e-05
     Epoch[26] Iteration[110/620], entropy: 0.5357, loss: 2.4950, lr: 9.06e-06
     Epoch[26] Iteration[120/620], entropy: 0.4570, loss: 2.3548, lr: 1.76e-06
     Epoch[26] Iteration[130/620], entropy: 0.4521, loss: 2.3527, lr: 2.66e-05
     Epoch[26] Iteration[140/620], entropy: 0.4496, loss: 2.4856, lr: 4.92e-05
     Epoch[26] Iteration[150/620], entropy: 0.3590, loss: 2.3405, lr: 3.84e-05
     Epoch[26] Iteration[160/620], entropy: 0.4771, loss: 2.4412, lr: 9.06e-06
     Epoch[26] Iteration[170/620], entropy: 0.3623, loss: 2.3306, lr: 1.76e-06
     Epoch[26] Iteration[180/620], entropy: 0.4125, loss: 2.4161, lr: 2.66e-05
     Epoch[26] Iteration[190/620], entropy: 0.5512, loss: 2.5041, lr: 4.92e-05
     Epoch[26] Iteration[200/620], entropy: 0.4985, loss: 2.3940, lr: 3.84e-05
     Epoch[26] Iteration[210/620], entropy: 0.3409, loss: 2.3486, lr: 9.06e-06
     Epoch[26] Iteration[220/620], entropy: 0.4464, loss: 2.3710, lr: 1.76e-06
     Epoch[26] Iteration[230/620], entropy: 0.5023, loss: 2.4636, lr: 2.66e-05
     Epoch[26] Iteration[240/620], entropy: 0.3890, loss: 2.4140, lr: 4.92e-05
     Epoch[26] Iteration[250/620], entropy: 0.5646, loss: 2.4064, lr: 3.84e-05
     Epoch[26] Iteration[260/620], entropy: 0.5223, loss: 2.4387, lr: 9.06e-06
     Epoch[26] Iteration[270/620], entropy: 0.4759, loss: 2.3727, lr: 7.85e-07
     Epoch[26] Iteration[280/620], entropy: 0.4219, loss: 2.4266, lr: 2.34e-05
     Epoch[26] Iteration[290/620], entropy: 0.4432, loss: 2.2886, lr: 4.82e-05
     Epoch[26] Iteration[300/620], entropy: 0.4105, loss: 2.4147, lr: 4.09e-05
     Epoch[26] Iteration[310/620], entropy: 0.3593, loss: 2.3701, lr: 1.16e-05
     Epoch[26] Iteration[320/620], entropy: 0.3896, loss: 2.2970, lr: 7.85e-07
     Epoch[26] Iteration[330/620], entropy: 0.3972, loss: 2.4323, lr: 2.34e-05
     Epoch[26] Iteration[340/620], entropy: 0.4939, loss: 2.4109, lr: 4.82e-05
     Epoch[26] Iteration[350/620], entropy: 0.3704, loss: 2.3984, lr: 4.09e-05
     Epoch[26] Iteration[360/620], entropy: 0.4183, loss: 2.4674, lr: 1.16e-05
     Epoch[26] Iteration[370/620], entropy: 0.3170, loss: 2.3548, lr: 7.85e-07
     Epoch[26] Iteration[380/620], entropy: 0.4201, loss: 2.3830, lr: 2.34e-05
     Epoch[26] Iteration[390/620], entropy: 0.3843, loss: 2.2770, lr: 4.82e-05
     Epoch[26] Iteration[400/620], entropy: 0.3365, loss: 2.3917, lr: 4.09e-05
     Epoch[26] Iteration[410/620], entropy: 0.5401, loss: 2.3679, lr: 1.16e-05
     Epoch[26] Iteration[420/620], entropy: 0.5916, loss: 2.4698, lr: 7.85e-07
     Epoch[26] Iteration[430/620], entropy: 0.4857, loss: 2.2631, lr: 2.34e-05
     Epoch[26] Iteration[440/620], entropy: 0.5008, loss: 2.3099, lr: 4.82e-05
     Epoch[26] Iteration[450/620], entropy: 0.4210, loss: 2.4375, lr: 4.09e-05
     Epoch[26] Iteration[460/620], entropy: 0.4262, loss: 2.3681, lr: 1.16e-05
     Epoch[26] Iteration[470/620], entropy: 0.4648, loss: 2.4164, lr: 7.85e-07
     Epoch[26] Iteration[480/620], entropy: 0.4670, loss: 2.4237, lr: 2.34e-05
     Epoch[26] Iteration[490/620], entropy: 0.5034, loss: 2.4977, lr: 4.82e-05
     Epoch[26] Iteration[500/620], entropy: 0.4993, loss: 2.3500, lr: 4.09e-05
     Epoch[26] Iteration[510/620], entropy: 0.4221, loss: 2.3254, lr: 1.16e-05
     Epoch[26] Iteration[520/620], entropy: 0.4733, loss: 2.4395, lr: 7.85e-07
     Epoch[26] Iteration[530/620], entropy: 0.5698, loss: 2.4057, lr: 2.34e-05
     Epoch[26] Iteration[540/620], entropy: 0.3430, loss: 2.3863, lr: 4.82e-05
     Epoch[26] Iteration[550/620], entropy: 0.4272, loss: 2.4155, lr: 4.09e-05
     Epoch[26] Iteration[560/620], entropy: 0.5963, loss: 2.5171, lr: 1.16e-05
     Epoch[26] Iteration[570/620], entropy: 0.3779, loss: 2.3933, lr: 7.85e-07
     Epoch[26] Iteration[580/620], entropy: 0.2936, loss: 2.2572, lr: 2.34e-05
     Epoch[26] Iteration[590/620], entropy: 0.5344, loss: 2.4358, lr: 4.82e-05
     Epoch[26] Iteration[600/620], entropy: 0.4786, loss: 2.3261, lr: 4.09e-05
     Epoch[26] Iteration[610/620], entropy: 0.4427, loss: 2.3888, lr: 1.16e-05
     Epoch[26] Iteration[620/620], entropy: 0.5296, loss: 2.4190, lr: 7.85e-07
     Averaged stats: entropy: 0.5296, loss: 2.4190, lr: 7.85e-07
     itm tta time 0:01:50
### TTA Eval Score: 
+-------+--------+--------+--------+--------+-------+
| epoch |   R1   |   R5   |  R10   |  mAP   |  mINP |
+-------+--------+--------+--------+--------+-------+
|  -999 | 60.641 | 77.509 | 83.268 | 35.542 | 6.004 |
|   0   | 58.374 | 76.103 | 82.356 | 34.597 | 6.151 |
|   1   | 51.804 | 71.216 | 78.431 | 30.543 | 5.459 |
|   2   | 43.732 | 64.767 | 72.652 | 25.637 | 4.402 |
|   3   | 37.848 | 58.590 | 67.523 | 21.718 | 3.555 |
|   4   | 33.071 | 53.779 | 62.691 | 18.628 | 2.925 |
|   5   | 29.096 | 49.078 | 57.930 | 16.000 | 2.423 |
|   6   | 26.038 | 45.511 | 54.398 | 14.032 | 2.060 |
|   7   | 23.242 | 41.803 | 50.670 | 12.310 | 1.766 |
|   8   | 21.090 | 38.613 | 47.355 | 10.968 | 1.544 |
|   9   | 19.266 | 35.918 | 44.392 | 9.833  | 1.371 |
|   10  | 17.669 | 33.328 | 41.561 | 8.863  | 1.228 |
|   11  | 16.158 | 31.167 | 39.354 | 8.071  | 1.119 |
|   12  | 14.893 | 29.046 | 37.122 | 7.331  | 1.021 |
|   13  | 13.901 | 27.217 | 35.031 | 6.724  | 0.944 |
|   14  | 12.953 | 25.640 | 33.091 | 6.196  | 0.879 |
|   15  | 12.052 | 24.033 | 31.419 | 5.725  | 0.822 |
|   16  | 11.306 | 22.783 | 29.983 | 5.340  | 0.775 |
|   17  | 10.580 | 21.685 | 28.602 | 5.004  | 0.736 |
|   18  | 10.021 | 20.541 | 27.247 | 4.704  | 0.699 |
|   19  | 9.401  | 19.629 | 25.982 | 4.429  | 0.667 |
|   20  | 8.767  | 18.828 | 24.995 | 4.188  | 0.639 |
|   21  | 8.399  | 17.992 | 24.053 | 3.981  | 0.615 |
|   22  | 7.910  | 17.241 | 23.151 | 3.793  | 0.594 |
|   23  | 7.628  | 16.510 | 22.259 | 3.620  | 0.573 |
|   24  | 7.311  | 16.007 | 21.514 | 3.479  | 0.556 |
|   25  | 7.023  | 15.417 | 20.813 | 3.336  | 0.540 |
|   26  | 6.686  | 14.969 | 20.279 | 3.214  | 0.526 |
+-------+--------+--------+--------+--------+-------+
     logs:  {'epo': 26, 'R1': 6.686, 'R5': 14.969, 'R10': 20.279, 'mAP': 3.214, 'mINP': 0.526, 'entropy': 0.44714230827746854, 'loss': 2.392727009711727, 'lr': 2.4352416471420477e-05}
     Epoch[27] Iteration[10/620], entropy: 0.4147, loss: 2.5064, lr: 2.34e-05
     Epoch[27] Iteration[20/620], entropy: 0.4592, loss: 2.4480, lr: 4.82e-05
     Epoch[27] Iteration[30/620], entropy: 0.4998, loss: 2.4043, lr: 4.09e-05
     Epoch[27] Iteration[40/620], entropy: 0.5202, loss: 2.4865, lr: 1.16e-05
     Epoch[27] Iteration[50/620], entropy: 0.3805, loss: 2.3225, lr: 7.85e-07
     Epoch[27] Iteration[60/620], entropy: 0.5079, loss: 2.4158, lr: 2.34e-05
     Epoch[27] Iteration[70/620], entropy: 0.3976, loss: 2.4016, lr: 4.82e-05
     Epoch[27] Iteration[80/620], entropy: 0.3992, loss: 2.3955, lr: 4.09e-05
     Epoch[27] Iteration[90/620], entropy: 0.4453, loss: 2.4758, lr: 1.16e-05
     Epoch[27] Iteration[100/620], entropy: 0.4589, loss: 2.3922, lr: 7.85e-07
     Epoch[27] Iteration[110/620], entropy: 0.4328, loss: 2.4750, lr: 2.34e-05
     Epoch[27] Iteration[120/620], entropy: 0.4101, loss: 2.3350, lr: 4.82e-05
     Epoch[27] Iteration[130/620], entropy: 0.4402, loss: 2.4490, lr: 4.09e-05
     Epoch[27] Iteration[140/620], entropy: 0.3691, loss: 2.3842, lr: 1.16e-05
     Epoch[27] Iteration[150/620], entropy: 0.3763, loss: 2.4272, lr: 7.85e-07
     Epoch[27] Iteration[160/620], entropy: 0.4728, loss: 2.4302, lr: 2.34e-05
     Epoch[27] Iteration[170/620], entropy: 0.3507, loss: 2.3853, lr: 4.82e-05
     Epoch[27] Iteration[180/620], entropy: 0.4950, loss: 2.4091, lr: 4.09e-05
     Epoch[27] Iteration[190/620], entropy: 0.4556, loss: 2.4351, lr: 1.16e-05
     Epoch[27] Iteration[200/620], entropy: 0.4054, loss: 2.2961, lr: 7.85e-07
     Epoch[27] Iteration[210/620], entropy: 0.3837, loss: 2.2998, lr: 2.34e-05
     Epoch[27] Iteration[220/620], entropy: 0.4851, loss: 2.3754, lr: 4.82e-05
     Epoch[27] Iteration[230/620], entropy: 0.3412, loss: 2.3915, lr: 4.09e-05
     Epoch[27] Iteration[240/620], entropy: 0.4967, loss: 2.3795, lr: 1.16e-05
     Epoch[27] Iteration[250/620], entropy: 0.4199, loss: 2.4993, lr: 7.85e-07
     Epoch[27] Iteration[260/620], entropy: 0.3855, loss: 2.3495, lr: 2.34e-05
     Epoch[27] Iteration[270/620], entropy: 0.4620, loss: 2.3143, lr: 4.82e-05
     Epoch[27] Iteration[280/620], entropy: 0.4420, loss: 2.3416, lr: 4.09e-05
     Epoch[27] Iteration[290/620], entropy: 0.3614, loss: 2.2922, lr: 1.16e-05
     Epoch[27] Iteration[300/620], entropy: 0.4418, loss: 2.4137, lr: 7.85e-07
     Epoch[27] Iteration[310/620], entropy: 0.4602, loss: 2.3605, lr: 2.34e-05
     Epoch[27] Iteration[320/620], entropy: 0.3991, loss: 2.3389, lr: 4.82e-05
     Epoch[27] Iteration[330/620], entropy: 0.5194, loss: 2.4747, lr: 4.09e-05
     Epoch[27] Iteration[340/620], entropy: 0.4446, loss: 2.4303, lr: 1.16e-05
     Epoch[27] Iteration[350/620], entropy: 0.4757, loss: 2.4269, lr: 7.85e-07
     Epoch[27] Iteration[360/620], entropy: 0.4608, loss: 2.4175, lr: 2.34e-05
     Epoch[27] Iteration[370/620], entropy: 0.4110, loss: 2.3502, lr: 4.82e-05
     Epoch[27] Iteration[380/620], entropy: 0.5009, loss: 2.4832, lr: 4.09e-05
     Epoch[27] Iteration[390/620], entropy: 0.4444, loss: 2.2785, lr: 1.16e-05
     Epoch[27] Iteration[400/620], entropy: 0.3492, loss: 2.3541, lr: 7.85e-07
     Epoch[27] Iteration[410/620], entropy: 0.3067, loss: 2.3707, lr: 2.34e-05
     Epoch[27] Iteration[420/620], entropy: 0.3833, loss: 2.3968, lr: 4.82e-05
     Epoch[27] Iteration[430/620], entropy: 0.4208, loss: 2.3974, lr: 4.09e-05
     Epoch[27] Iteration[440/620], entropy: 0.3897, loss: 2.3790, lr: 1.16e-05
     Epoch[27] Iteration[450/620], entropy: 0.4603, loss: 2.3376, lr: 7.85e-07
     Epoch[27] Iteration[460/620], entropy: 0.3063, loss: 2.2935, lr: 2.34e-05
     Epoch[27] Iteration[470/620], entropy: 0.4079, loss: 2.3389, lr: 4.82e-05
     Epoch[27] Iteration[480/620], entropy: 0.4627, loss: 2.3753, lr: 4.09e-05
     Epoch[27] Iteration[490/620], entropy: 0.4770, loss: 2.3994, lr: 1.16e-05
     Epoch[27] Iteration[500/620], entropy: 0.5573, loss: 2.4304, lr: 7.85e-07
     Epoch[27] Iteration[510/620], entropy: 0.5708, loss: 2.5069, lr: 2.34e-05
     Epoch[27] Iteration[520/620], entropy: 0.4387, loss: 2.4011, lr: 4.82e-05
     Epoch[27] Iteration[530/620], entropy: 0.3514, loss: 2.3186, lr: 4.09e-05
     Epoch[27] Iteration[540/620], entropy: 0.4675, loss: 2.5037, lr: 1.16e-05
     Epoch[27] Iteration[550/620], entropy: 0.3797, loss: 2.3006, lr: 7.85e-07
     Epoch[27] Iteration[560/620], entropy: 0.5048, loss: 2.3529, lr: 2.34e-05
     Epoch[27] Iteration[570/620], entropy: 0.4484, loss: 2.3522, lr: 4.82e-05
     Epoch[27] Iteration[580/620], entropy: 0.4946, loss: 2.4101, lr: 4.09e-05
     Epoch[27] Iteration[590/620], entropy: 0.4422, loss: 2.4103, lr: 1.16e-05
     Epoch[27] Iteration[600/620], entropy: 0.5662, loss: 2.4323, lr: 7.85e-07
     Epoch[27] Iteration[610/620], entropy: 0.4104, loss: 2.3493, lr: 2.34e-05
     Epoch[27] Iteration[620/620], entropy: 0.4150, loss: 2.3640, lr: 4.82e-05
     Averaged stats: entropy: 0.4150, loss: 2.3640, lr: 4.82e-05
     itm tta time 0:01:50
### TTA Eval Score: 
+-------+--------+--------+--------+--------+-------+
| epoch |   R1   |   R5   |  R10   |  mAP   |  mINP |
+-------+--------+--------+--------+--------+-------+
|  -999 | 60.641 | 77.509 | 83.268 | 35.542 | 6.004 |
|   0   | 58.374 | 76.103 | 82.356 | 34.597 | 6.151 |
|   1   | 51.804 | 71.216 | 78.431 | 30.543 | 5.459 |
|   2   | 43.732 | 64.767 | 72.652 | 25.637 | 4.402 |
|   3   | 37.848 | 58.590 | 67.523 | 21.718 | 3.555 |
|   4   | 33.071 | 53.779 | 62.691 | 18.628 | 2.925 |
|   5   | 29.096 | 49.078 | 57.930 | 16.000 | 2.423 |
|   6   | 26.038 | 45.511 | 54.398 | 14.032 | 2.060 |
|   7   | 23.242 | 41.803 | 50.670 | 12.310 | 1.766 |
|   8   | 21.090 | 38.613 | 47.355 | 10.968 | 1.544 |
|   9   | 19.266 | 35.918 | 44.392 | 9.833  | 1.371 |
|   10  | 17.669 | 33.328 | 41.561 | 8.863  | 1.228 |
|   11  | 16.158 | 31.167 | 39.354 | 8.071  | 1.119 |
|   12  | 14.893 | 29.046 | 37.122 | 7.331  | 1.021 |
|   13  | 13.901 | 27.217 | 35.031 | 6.724  | 0.944 |
|   14  | 12.953 | 25.640 | 33.091 | 6.196  | 0.879 |
|   15  | 12.052 | 24.033 | 31.419 | 5.725  | 0.822 |
|   16  | 11.306 | 22.783 | 29.983 | 5.340  | 0.775 |
|   17  | 10.580 | 21.685 | 28.602 | 5.004  | 0.736 |
|   18  | 10.021 | 20.541 | 27.247 | 4.704  | 0.699 |
|   19  | 9.401  | 19.629 | 25.982 | 4.429  | 0.667 |
|   20  | 8.767  | 18.828 | 24.995 | 4.188  | 0.639 |
|   21  | 8.399  | 17.992 | 24.053 | 3.981  | 0.615 |
|   22  | 7.910  | 17.241 | 23.151 | 3.793  | 0.594 |
|   23  | 7.628  | 16.510 | 22.259 | 3.620  | 0.573 |
|   24  | 7.311  | 16.007 | 21.514 | 3.479  | 0.556 |
|   25  | 7.023  | 15.417 | 20.813 | 3.336  | 0.540 |
|   26  | 6.686  | 14.969 | 20.279 | 3.214  | 0.526 |
|   27  | 6.459  | 14.646 | 19.846 | 3.105  | 0.512 |
+-------+--------+--------+--------+--------+-------+
     logs:  {'epo': 27, 'R1': 6.459, 'R5': 14.646, 'R10': 19.846, 'mAP': 3.105, 'mINP': 0.512, 'entropy': 0.43608489151923885, 'loss': 2.391407543613065, 'lr': 2.534959111546862e-05}
     Epoch[28] Iteration[10/620], entropy: 0.3920, loss: 2.3546, lr: 4.09e-05
     Epoch[28] Iteration[20/620], entropy: 0.3803, loss: 2.4679, lr: 1.16e-05
     Epoch[28] Iteration[30/620], entropy: 0.4309, loss: 2.3593, lr: 7.85e-07
     Epoch[28] Iteration[40/620], entropy: 0.3694, loss: 2.3551, lr: 2.34e-05
     Epoch[28] Iteration[50/620], entropy: 0.4775, loss: 2.4590, lr: 4.82e-05
     Epoch[28] Iteration[60/620], entropy: 0.3304, loss: 2.4290, lr: 4.09e-05
     Epoch[28] Iteration[70/620], entropy: 0.4353, loss: 2.3438, lr: 1.16e-05
     Epoch[28] Iteration[80/620], entropy: 0.4307, loss: 2.3083, lr: 7.85e-07
     Epoch[28] Iteration[90/620], entropy: 0.4263, loss: 2.2828, lr: 2.34e-05
     Epoch[28] Iteration[100/620], entropy: 0.4823, loss: 2.3892, lr: 4.82e-05
     Epoch[28] Iteration[110/620], entropy: 0.3793, loss: 2.4146, lr: 4.09e-05
     Epoch[28] Iteration[120/620], entropy: 0.3906, loss: 2.3181, lr: 1.16e-05
     Epoch[28] Iteration[130/620], entropy: 0.5316, loss: 2.4829, lr: 7.85e-07
     Epoch[28] Iteration[140/620], entropy: 0.4837, loss: 2.3854, lr: 2.34e-05
     Epoch[28] Iteration[150/620], entropy: 0.3709, loss: 2.3629, lr: 4.82e-05
     Epoch[28] Iteration[160/620], entropy: 0.4627, loss: 2.4454, lr: 4.09e-05
     Epoch[28] Iteration[170/620], entropy: 0.4181, loss: 2.4067, lr: 1.16e-05
     Epoch[28] Iteration[180/620], entropy: 0.3517, loss: 2.3808, lr: 7.85e-07
     Epoch[28] Iteration[190/620], entropy: 0.6386, loss: 2.4073, lr: 2.34e-05
     Epoch[28] Iteration[200/620], entropy: 0.4968, loss: 2.3522, lr: 4.82e-05
     Epoch[28] Iteration[210/620], entropy: 0.4810, loss: 2.3470, lr: 4.09e-05
     Epoch[28] Iteration[220/620], entropy: 0.4815, loss: 2.4577, lr: 1.16e-05
     Epoch[28] Iteration[230/620], entropy: 0.4313, loss: 2.3856, lr: 7.85e-07
     Epoch[28] Iteration[240/620], entropy: 0.4588, loss: 2.3832, lr: 2.34e-05
     Epoch[28] Iteration[250/620], entropy: 0.5371, loss: 2.4461, lr: 4.82e-05
     Epoch[28] Iteration[260/620], entropy: 0.4280, loss: 2.4586, lr: 4.09e-05
     Epoch[28] Iteration[270/620], entropy: 0.4359, loss: 2.3194, lr: 1.16e-05
     Epoch[28] Iteration[280/620], entropy: 0.5265, loss: 2.5107, lr: 7.85e-07
     Epoch[28] Iteration[290/620], entropy: 0.4939, loss: 2.3608, lr: 2.34e-05
     Epoch[28] Iteration[300/620], entropy: 0.3183, loss: 2.3675, lr: 4.82e-05
     Epoch[28] Iteration[310/620], entropy: 0.4900, loss: 2.4103, lr: 4.09e-05
     Epoch[28] Iteration[320/620], entropy: 0.4674, loss: 2.4133, lr: 1.16e-05
     Epoch[28] Iteration[330/620], entropy: 0.4239, loss: 2.4245, lr: 7.85e-07
     Epoch[28] Iteration[340/620], entropy: 0.5495, loss: 2.4147, lr: 2.34e-05
     Epoch[28] Iteration[350/620], entropy: 0.5072, loss: 2.4622, lr: 4.82e-05
     Epoch[28] Iteration[360/620], entropy: 0.3872, loss: 2.3843, lr: 4.09e-05
     Epoch[28] Iteration[370/620], entropy: 0.3334, loss: 2.3504, lr: 1.16e-05
     Epoch[28] Iteration[380/620], entropy: 0.3233, loss: 2.3749, lr: 7.85e-07
     Epoch[28] Iteration[390/620], entropy: 0.4249, loss: 2.4331, lr: 2.34e-05
     Epoch[28] Iteration[400/620], entropy: 0.4151, loss: 2.3891, lr: 4.82e-05
     Epoch[28] Iteration[410/620], entropy: 0.5497, loss: 2.4511, lr: 4.09e-05
     Epoch[28] Iteration[420/620], entropy: 0.3894, loss: 2.3835, lr: 1.16e-05
     Epoch[28] Iteration[430/620], entropy: 0.5587, loss: 2.3613, lr: 7.85e-07
     Epoch[28] Iteration[440/620], entropy: 0.4595, loss: 2.3661, lr: 2.34e-05
     Epoch[28] Iteration[450/620], entropy: 0.4855, loss: 2.3874, lr: 4.82e-05
     Epoch[28] Iteration[460/620], entropy: 0.4885, loss: 2.4065, lr: 4.09e-05
     Epoch[28] Iteration[470/620], entropy: 0.4796, loss: 2.4155, lr: 1.16e-05
     Epoch[28] Iteration[480/620], entropy: 0.3279, loss: 2.3197, lr: 7.85e-07
     Epoch[28] Iteration[490/620], entropy: 0.5379, loss: 2.4575, lr: 2.34e-05
     Epoch[28] Iteration[500/620], entropy: 0.5521, loss: 2.3650, lr: 4.82e-05
     Epoch[28] Iteration[510/620], entropy: 0.5060, loss: 2.3848, lr: 4.09e-05
     Epoch[28] Iteration[520/620], entropy: 0.3444, loss: 2.3496, lr: 1.16e-05
     Epoch[28] Iteration[530/620], entropy: 0.3916, loss: 2.3964, lr: 7.85e-07
     Epoch[28] Iteration[540/620], entropy: 0.4239, loss: 2.3879, lr: 2.34e-05
     Epoch[28] Iteration[550/620], entropy: 0.3650, loss: 2.3804, lr: 4.82e-05
     Epoch[28] Iteration[560/620], entropy: 0.4295, loss: 2.3462, lr: 4.09e-05
     Epoch[28] Iteration[570/620], entropy: 0.3857, loss: 2.2058, lr: 1.16e-05
     Epoch[28] Iteration[580/620], entropy: 0.3544, loss: 2.3275, lr: 7.85e-07
     Epoch[28] Iteration[590/620], entropy: 0.5251, loss: 2.4283, lr: 2.34e-05
     Epoch[28] Iteration[600/620], entropy: 0.4639, loss: 2.3943, lr: 4.82e-05
     Epoch[28] Iteration[610/620], entropy: 0.4725, loss: 2.4037, lr: 4.09e-05
     Epoch[28] Iteration[620/620], entropy: 0.4345, loss: 2.3560, lr: 1.16e-05
     Averaged stats: entropy: 0.4345, loss: 2.3560, lr: 1.16e-05
     itm tta time 0:01:50
### TTA Eval Score: 
+-------+--------+--------+--------+--------+-------+
| epoch |   R1   |   R5   |  R10   |  mAP   |  mINP |
+-------+--------+--------+--------+--------+-------+
|  -999 | 60.641 | 77.509 | 83.268 | 35.542 | 6.004 |
|   0   | 58.374 | 76.103 | 82.356 | 34.597 | 6.151 |
|   1   | 51.804 | 71.216 | 78.431 | 30.543 | 5.459 |
|   2   | 43.732 | 64.767 | 72.652 | 25.637 | 4.402 |
|   3   | 37.848 | 58.590 | 67.523 | 21.718 | 3.555 |
|   4   | 33.071 | 53.779 | 62.691 | 18.628 | 2.925 |
|   5   | 29.096 | 49.078 | 57.930 | 16.000 | 2.423 |
|   6   | 26.038 | 45.511 | 54.398 | 14.032 | 2.060 |
|   7   | 23.242 | 41.803 | 50.670 | 12.310 | 1.766 |
|   8   | 21.090 | 38.613 | 47.355 | 10.968 | 1.544 |
|   9   | 19.266 | 35.918 | 44.392 | 9.833  | 1.371 |
|   10  | 17.669 | 33.328 | 41.561 | 8.863  | 1.228 |
|   11  | 16.158 | 31.167 | 39.354 | 8.071  | 1.119 |
|   12  | 14.893 | 29.046 | 37.122 | 7.331  | 1.021 |
|   13  | 13.901 | 27.217 | 35.031 | 6.724  | 0.944 |
|   14  | 12.953 | 25.640 | 33.091 | 6.196  | 0.879 |
|   15  | 12.052 | 24.033 | 31.419 | 5.725  | 0.822 |
|   16  | 11.306 | 22.783 | 29.983 | 5.340  | 0.775 |
|   17  | 10.580 | 21.685 | 28.602 | 5.004  | 0.736 |
|   18  | 10.021 | 20.541 | 27.247 | 4.704  | 0.699 |
|   19  | 9.401  | 19.629 | 25.982 | 4.429  | 0.667 |
|   20  | 8.767  | 18.828 | 24.995 | 4.188  | 0.639 |
|   21  | 8.399  | 17.992 | 24.053 | 3.981  | 0.615 |
|   22  | 7.910  | 17.241 | 23.151 | 3.793  | 0.594 |
|   23  | 7.628  | 16.510 | 22.259 | 3.620  | 0.573 |
|   24  | 7.311  | 16.007 | 21.514 | 3.479  | 0.556 |
|   25  | 7.023  | 15.417 | 20.813 | 3.336  | 0.540 |
|   26  | 6.686  | 14.969 | 20.279 | 3.214  | 0.526 |
|   27  | 6.459  | 14.646 | 19.846 | 3.105  | 0.512 |
|   28  | 6.227  | 14.258 | 19.357 | 3.001  | 0.499 |
+-------+--------+--------+--------+--------+-------+
     logs:  {'epo': 28, 'R1': 6.227, 'R5': 14.258, 'R10': 19.357, 'mAP': 3.001, 'mINP': 0.499, 'entropy': 0.4438481580826544, 'loss': 2.388272589252841, 'lr': 2.5040966610795838e-05}
     Epoch[29] Iteration[10/620], entropy: 0.3156, loss: 2.3663, lr: 7.85e-07
     Epoch[29] Iteration[20/620], entropy: 0.4328, loss: 2.3781, lr: 2.34e-05
     Epoch[29] Iteration[30/620], entropy: 0.4741, loss: 2.5021, lr: 4.82e-05
     Epoch[29] Iteration[40/620], entropy: 0.3775, loss: 2.4274, lr: 4.09e-05
     Epoch[29] Iteration[50/620], entropy: 0.3587, loss: 2.3670, lr: 1.16e-05
     Epoch[29] Iteration[60/620], entropy: 0.4581, loss: 2.3812, lr: 7.85e-07
     Epoch[29] Iteration[70/620], entropy: 0.5046, loss: 2.4482, lr: 2.34e-05
     Epoch[29] Iteration[80/620], entropy: 0.4313, loss: 2.3632, lr: 4.82e-05
     Epoch[29] Iteration[90/620], entropy: 0.3398, loss: 2.3511, lr: 4.09e-05
     Epoch[29] Iteration[100/620], entropy: 0.4987, loss: 2.5232, lr: 1.16e-05
     Epoch[29] Iteration[110/620], entropy: 0.5446, loss: 2.4033, lr: 7.85e-07
     Epoch[29] Iteration[120/620], entropy: 0.4917, loss: 2.3996, lr: 2.34e-05
     Epoch[29] Iteration[130/620], entropy: 0.4518, loss: 2.3934, lr: 4.82e-05
     Epoch[29] Iteration[140/620], entropy: 0.5186, loss: 2.4140, lr: 4.09e-05
     Epoch[29] Iteration[150/620], entropy: 0.4546, loss: 2.4837, lr: 1.16e-05
     Epoch[29] Iteration[160/620], entropy: 0.4314, loss: 2.3406, lr: 7.85e-07
     Epoch[29] Iteration[170/620], entropy: 0.5553, loss: 2.4071, lr: 2.34e-05
     Epoch[29] Iteration[180/620], entropy: 0.4371, loss: 2.4314, lr: 4.82e-05
     Epoch[29] Iteration[190/620], entropy: 0.4911, loss: 2.4399, lr: 4.09e-05
     Epoch[29] Iteration[200/620], entropy: 0.3702, loss: 2.1721, lr: 1.16e-05
     Epoch[29] Iteration[210/620], entropy: 0.4172, loss: 2.4307, lr: 7.85e-07
     Epoch[29] Iteration[220/620], entropy: 0.3073, loss: 2.2930, lr: 2.34e-05
     Epoch[29] Iteration[230/620], entropy: 0.4608, loss: 2.3103, lr: 4.82e-05
     Epoch[29] Iteration[240/620], entropy: 0.4182, loss: 2.3407, lr: 4.09e-05
     Epoch[29] Iteration[250/620], entropy: 0.4272, loss: 2.4168, lr: 1.16e-05
     Epoch[29] Iteration[260/620], entropy: 0.5502, loss: 2.4831, lr: 7.85e-07
     Epoch[29] Iteration[270/620], entropy: 0.3889, loss: 2.3550, lr: 2.34e-05
     Epoch[29] Iteration[280/620], entropy: 0.3866, loss: 2.4616, lr: 4.82e-05
     Epoch[29] Iteration[290/620], entropy: 0.4631, loss: 2.4126, lr: 4.09e-05
     Epoch[29] Iteration[300/620], entropy: 0.4930, loss: 2.4461, lr: 1.16e-05
     Epoch[29] Iteration[310/620], entropy: 0.4446, loss: 2.3829, lr: 7.85e-07
     Epoch[29] Iteration[320/620], entropy: 0.4071, loss: 2.4609, lr: 2.34e-05
     Epoch[29] Iteration[330/620], entropy: 0.4148, loss: 2.2902, lr: 4.82e-05
     Epoch[29] Iteration[340/620], entropy: 0.3897, loss: 2.3299, lr: 4.09e-05
     Epoch[29] Iteration[350/620], entropy: 0.5416, loss: 2.3585, lr: 1.16e-05
     Epoch[29] Iteration[360/620], entropy: 0.4431, loss: 2.3536, lr: 7.85e-07
     Epoch[29] Iteration[370/620], entropy: 0.5015, loss: 2.4053, lr: 2.34e-05
     Epoch[29] Iteration[380/620], entropy: 0.3330, loss: 2.4037, lr: 4.82e-05
     Epoch[29] Iteration[390/620], entropy: 0.4917, loss: 2.4832, lr: 4.09e-05
     Epoch[29] Iteration[400/620], entropy: 0.4138, loss: 2.3094, lr: 1.16e-05
     Epoch[29] Iteration[410/620], entropy: 0.5591, loss: 2.4811, lr: 7.85e-07
     Epoch[29] Iteration[420/620], entropy: 0.5064, loss: 2.4188, lr: 2.34e-05
     Epoch[29] Iteration[430/620], entropy: 0.4382, loss: 2.2928, lr: 4.82e-05
     Epoch[29] Iteration[440/620], entropy: 0.4782, loss: 2.4758, lr: 4.09e-05
     Epoch[29] Iteration[450/620], entropy: 0.4977, loss: 2.4433, lr: 1.44e-05
     Epoch[29] Iteration[460/620], entropy: 0.3692, loss: 2.3188, lr: 1.97e-07
     Epoch[29] Iteration[470/620], entropy: 0.3101, loss: 2.4160, lr: 2.03e-05
     Epoch[29] Iteration[480/620], entropy: 0.5198, loss: 2.4351, lr: 4.69e-05
     Epoch[29] Iteration[490/620], entropy: 0.4508, loss: 2.4492, lr: 4.32e-05
     Epoch[29] Iteration[500/620], entropy: 0.3495, loss: 2.3888, lr: 1.44e-05
     Epoch[29] Iteration[510/620], entropy: 0.3563, loss: 2.3545, lr: 1.97e-07
     Epoch[29] Iteration[520/620], entropy: 0.4638, loss: 2.4433, lr: 2.03e-05
     Epoch[29] Iteration[530/620], entropy: 0.5201, loss: 2.4336, lr: 4.69e-05
     Epoch[29] Iteration[540/620], entropy: 0.5245, loss: 2.3017, lr: 4.32e-05
     Epoch[29] Iteration[550/620], entropy: 0.4453, loss: 2.3106, lr: 1.44e-05
     Epoch[29] Iteration[560/620], entropy: 0.4704, loss: 2.5666, lr: 1.97e-07
     Epoch[29] Iteration[570/620], entropy: 0.3632, loss: 2.4220, lr: 2.03e-05
     Epoch[29] Iteration[580/620], entropy: 0.4504, loss: 2.3584, lr: 4.69e-05
     Epoch[29] Iteration[590/620], entropy: 0.4221, loss: 2.4148, lr: 4.32e-05
     Epoch[29] Iteration[600/620], entropy: 0.5667, loss: 2.3601, lr: 1.44e-05
     Epoch[29] Iteration[610/620], entropy: 0.3600, loss: 2.3698, lr: 1.97e-07
     Epoch[29] Iteration[620/620], entropy: 0.5500, loss: 2.4218, lr: 2.03e-05
     Averaged stats: entropy: 0.5500, loss: 2.4218, lr: 2.03e-05
     itm tta time 0:01:50
### TTA Eval Score: 
+-------+--------+--------+--------+--------+-------+
| epoch |   R1   |   R5   |  R10   |  mAP   |  mINP |
+-------+--------+--------+--------+--------+-------+
|  -999 | 60.641 | 77.509 | 83.268 | 35.542 | 6.004 |
|   0   | 58.374 | 76.103 | 82.356 | 34.597 | 6.151 |
|   1   | 51.804 | 71.216 | 78.431 | 30.543 | 5.459 |
|   2   | 43.732 | 64.767 | 72.652 | 25.637 | 4.402 |
|   3   | 37.848 | 58.590 | 67.523 | 21.718 | 3.555 |
|   4   | 33.071 | 53.779 | 62.691 | 18.628 | 2.925 |
|   5   | 29.096 | 49.078 | 57.930 | 16.000 | 2.423 |
|   6   | 26.038 | 45.511 | 54.398 | 14.032 | 2.060 |
|   7   | 23.242 | 41.803 | 50.670 | 12.310 | 1.766 |
|   8   | 21.090 | 38.613 | 47.355 | 10.968 | 1.544 |
|   9   | 19.266 | 35.918 | 44.392 | 9.833  | 1.371 |
|   10  | 17.669 | 33.328 | 41.561 | 8.863  | 1.228 |
|   11  | 16.158 | 31.167 | 39.354 | 8.071  | 1.119 |
|   12  | 14.893 | 29.046 | 37.122 | 7.331  | 1.021 |
|   13  | 13.901 | 27.217 | 35.031 | 6.724  | 0.944 |
|   14  | 12.953 | 25.640 | 33.091 | 6.196  | 0.879 |
|   15  | 12.052 | 24.033 | 31.419 | 5.725  | 0.822 |
|   16  | 11.306 | 22.783 | 29.983 | 5.340  | 0.775 |
|   17  | 10.580 | 21.685 | 28.602 | 5.004  | 0.736 |
|   18  | 10.021 | 20.541 | 27.247 | 4.704  | 0.699 |
|   19  | 9.401  | 19.629 | 25.982 | 4.429  | 0.667 |
|   20  | 8.767  | 18.828 | 24.995 | 4.188  | 0.639 |
|   21  | 8.399  | 17.992 | 24.053 | 3.981  | 0.615 |
|   22  | 7.910  | 17.241 | 23.151 | 3.793  | 0.594 |
|   23  | 7.628  | 16.510 | 22.259 | 3.620  | 0.573 |
|   24  | 7.311  | 16.007 | 21.514 | 3.479  | 0.556 |
|   25  | 7.023  | 15.417 | 20.813 | 3.336  | 0.540 |
|   26  | 6.686  | 14.969 | 20.279 | 3.214  | 0.526 |
|   27  | 6.459  | 14.646 | 19.846 | 3.105  | 0.512 |
|   28  | 6.227  | 14.258 | 19.357 | 3.001  | 0.499 |
|   29  | 5.985  | 13.875 | 18.914 | 2.907  | 0.487 |
+-------+--------+--------+--------+--------+-------+
     logs:  {'epo': 29, 'R1': 5.985, 'R5': 13.875, 'R10': 18.914, 'mAP': 2.907, 'mINP': 0.487, 'entropy': 0.4452112567040228, 'loss': 2.3967290770622993, 'lr': 2.4568770761095325e-05}
### best epoch 0 : {'epo': '0', 'R1': '58.374', 'R5': '76.103', 'R10': '82.356', 'mAP': '34.597', 'mINP': '6.151', 'entropy': '1.0163325330903452', 'loss': '2.6578349144228044', 'lr': '2.520161290322581e-05'}
### Time 1:25:51
