/home/user/yc57963/miniconda3/envs/irra/lib/python3.9/site-packages/torch/utils/data/dataloader.py:627: UserWarning: This DataLoader will create 8 worker processes in total. Our suggested max number of worker in current system is 2, which is smaller than what this DataLoader is going to create. Please be aware that excessive worker creation might get DataLoader running slow or even freeze, lower the worker number to avoid potential slowness/freeze if necessary.
  warnings.warn(
Not using distributed mode
### Hyper-parameters:
     output_dir: output_rerun2/ham_icfg_tta/exp4/exp4.0.2/2025091315245
     seed: 42
     device: cuda
     batch_size_tta: 16
     epochs: 10
     lr: 0.0001
### Creating test dataset
     test_txt_set: 19848    test_img_set: 19848
     test_txt_loader: 39    test_img_loader: 39
### Creating model
Training Model with ['sdm', 'id', 'mlm'] tasks
Resized position embedding from size:torch.Size([1, 197, 768]) to size: torch.Size([1, 193, 768]) with height:24 width: 8
     Total Params Sum:  190482206
### Zero-Shot Score: 
/home/user/yc57963/miniconda3/envs/irra/lib/python3.9/site-packages/torch/utils/data/dataloader.py:627: UserWarning: This DataLoader will create 4 worker processes in total. Our suggested max number of worker in current system is 2, which is smaller than what this DataLoader is going to create. Please be aware that excessive worker creation might get DataLoader running slow or even freeze, lower the worker number to avoid potential slowness/freeze if necessary.
  warnings.warn(
/home/user/yc57963/task/IRRA/tta.py:281: FutureWarning: `torch.cuda.amp.GradScaler(args...)` is deprecated. Please use `torch.amp.GradScaler('cuda', args...)` instead.
  scaler = GradScaler()  # bf16
+-------+--------+--------+--------+--------+-------+
| epoch |   R1   |   R5   |  R10   |  mAP   |  mINP |
+-------+--------+--------+--------+--------+-------+
|  -999 | 60.656 | 77.499 | 83.268 | 35.543 | 6.006 |
+-------+--------+--------+--------+--------+-------+
### TTA:
### Compute Cos Similarity Uncertainty
     preprocess_tta_coefficients  start
     sample selection ...
     number of sample after sample_selection: 19848
     uncertainty ...
     pos/neg sampling ...
      number of sample after pos/neg sampling: torch.Size([19848, 8])
     preprocess_tta_coefficients  end
### Creating TTA dataset
     tta_dataset: 19848
### Creating tta dataloader
### be careful: func create_loader returns a list length of 1
     tta_loader: 1240
### Configure adapted weights
     TTA Dropout Modules: 
 []
     TTA Require Gradient Params: 
 [('base_model.transformer.resblocks.1.ln_1.weight', torch.Size([512])), ('base_model.transformer.resblocks.1.ln_1.bias', torch.Size([512])), ('base_model.transformer.resblocks.1.ln_2.weight', torch.Size([512])), ('base_model.transformer.resblocks.1.ln_2.bias', torch.Size([512])), ('base_model.transformer.resblocks.2.ln_1.weight', torch.Size([512])), ('base_model.transformer.resblocks.2.ln_1.bias', torch.Size([512])), ('base_model.transformer.resblocks.2.ln_2.weight', torch.Size([512])), ('base_model.transformer.resblocks.2.ln_2.bias', torch.Size([512])), ('base_model.transformer.resblocks.3.ln_1.weight', torch.Size([512])), ('base_model.transformer.resblocks.3.ln_1.bias', torch.Size([512])), ('base_model.transformer.resblocks.3.ln_2.weight', torch.Size([512])), ('base_model.transformer.resblocks.3.ln_2.bias', torch.Size([512])), ('base_model.transformer.resblocks.4.ln_1.weight', torch.Size([512])), ('base_model.transformer.resblocks.4.ln_1.bias', torch.Size([512])), ('base_model.transformer.resblocks.4.ln_2.weight', torch.Size([512])), ('base_model.transformer.resblocks.4.ln_2.bias', torch.Size([512])), ('base_model.transformer.resblocks.5.ln_1.weight', torch.Size([512])), ('base_model.transformer.resblocks.5.ln_1.bias', torch.Size([512])), ('base_model.transformer.resblocks.5.ln_2.weight', torch.Size([512])), ('base_model.transformer.resblocks.5.ln_2.bias', torch.Size([512])), ('base_model.transformer.resblocks.7.ln_1.weight', torch.Size([512])), ('base_model.transformer.resblocks.7.ln_1.bias', torch.Size([512])), ('base_model.transformer.resblocks.7.ln_2.weight', torch.Size([512])), ('base_model.transformer.resblocks.7.ln_2.bias', torch.Size([512])), ('base_model.transformer.resblocks.8.ln_1.weight', torch.Size([512])), ('base_model.transformer.resblocks.8.ln_1.bias', torch.Size([512])), ('base_model.transformer.resblocks.8.ln_2.weight', torch.Size([512])), ('base_model.transformer.resblocks.8.ln_2.bias', torch.Size([512])), ('base_model.transformer.resblocks.9.ln_1.weight', torch.Size([512])), ('base_model.transformer.resblocks.9.ln_1.bias', torch.Size([512])), ('base_model.transformer.resblocks.9.ln_2.weight', torch.Size([512])), ('base_model.transformer.resblocks.9.ln_2.bias', torch.Size([512])), ('base_model.transformer.resblocks.10.ln_1.weight', torch.Size([512])), ('base_model.transformer.resblocks.10.ln_1.bias', torch.Size([512])), ('base_model.transformer.resblocks.10.ln_2.weight', torch.Size([512])), ('base_model.transformer.resblocks.10.ln_2.bias', torch.Size([512])), ('base_model.transformer.resblocks.11.ln_1.weight', torch.Size([512])), ('base_model.transformer.resblocks.11.ln_1.bias', torch.Size([512])), ('base_model.transformer.resblocks.11.ln_2.weight', torch.Size([512])), ('base_model.transformer.resblocks.11.ln_2.bias', torch.Size([512])), ('base_model.ln_final.weight', torch.Size([512])), ('base_model.ln_final.bias', torch.Size([512]))]
     TTA Dropout Modules Number: 
 0
     TTA Require Gradient Params Sum: 
 21504
Using 5.0 times learning rate for random init module 
### Start Test Time Adaptation : num_epoch = 10
/home/user/yc57963/task/IRRA/tta.py:67: FutureWarning: `torch.cuda.amp.autocast(args...)` is deprecated. Please use `torch.amp.autocast('cuda', args...)` instead.
  with torch.cuda.amp.autocast(enabled=True):
     Epoch[0] Iteration[10/1240], entropy: 0.6256, uncertainty: 2.1207, uncertainty_coeffi: 0.0100, loss: 0.2852, lr: 0.00e+00
     Epoch[0] Iteration[20/1240], entropy: 0.4746, uncertainty: 1.9906, uncertainty_coeffi: 0.0100, loss: 0.2232, lr: 0.00e+00
     Epoch[0] Iteration[30/1240], entropy: 0.8157, uncertainty: 2.2731, uncertainty_coeffi: 0.0100, loss: 0.3557, lr: 0.00e+00
     Epoch[0] Iteration[40/1240], entropy: 0.8403, uncertainty: 2.2280, uncertainty_coeffi: 0.0100, loss: 0.3659, lr: 0.00e+00
     Epoch[0] Iteration[50/1240], entropy: 0.6132, uncertainty: 2.2726, uncertainty_coeffi: 0.0100, loss: 0.2759, lr: 0.00e+00
     Epoch[0] Iteration[60/1240], entropy: 0.6503, uncertainty: 2.3043, uncertainty_coeffi: 0.0100, loss: 0.2954, lr: 0.00e+00
     Epoch[0] Iteration[70/1240], entropy: 0.7183, uncertainty: 2.3301, uncertainty_coeffi: 0.0100, loss: 0.3159, lr: 0.00e+00
     Epoch[0] Iteration[80/1240], entropy: 0.6733, uncertainty: 2.3136, uncertainty_coeffi: 0.0100, loss: 0.3014, lr: 0.00e+00
     Epoch[0] Iteration[90/1240], entropy: 0.5015, uncertainty: 2.1944, uncertainty_coeffi: 0.0100, loss: 0.2396, lr: 0.00e+00
     Epoch[0] Iteration[100/1240], entropy: 0.7730, uncertainty: 2.3322, uncertainty_coeffi: 0.0100, loss: 0.3405, lr: 0.00e+00
     Epoch[0] Iteration[110/1240], entropy: 0.5082, uncertainty: 2.1785, uncertainty_coeffi: 0.0100, loss: 0.2366, lr: 0.00e+00
     Epoch[0] Iteration[120/1240], entropy: 0.4858, uncertainty: 2.0447, uncertainty_coeffi: 0.0100, loss: 0.2208, lr: 0.00e+00
     Epoch[0] Iteration[130/1240], entropy: 0.6296, uncertainty: 2.3315, uncertainty_coeffi: 0.0100, loss: 0.2800, lr: 0.00e+00
     Epoch[0] Iteration[140/1240], entropy: 0.6629, uncertainty: 2.3251, uncertainty_coeffi: 0.0100, loss: 0.2911, lr: 0.00e+00
     Epoch[0] Iteration[150/1240], entropy: 0.6071, uncertainty: 2.2363, uncertainty_coeffi: 0.0100, loss: 0.2771, lr: 0.00e+00
     Epoch[0] Iteration[160/1240], entropy: 0.5070, uncertainty: 2.1160, uncertainty_coeffi: 0.0100, loss: 0.2360, lr: 0.00e+00
     Epoch[0] Iteration[170/1240], entropy: 0.6180, uncertainty: 2.2186, uncertainty_coeffi: 0.0100, loss: 0.2839, lr: 0.00e+00
     Epoch[0] Iteration[180/1240], entropy: 0.3628, uncertainty: 2.0153, uncertainty_coeffi: 0.0100, loss: 0.1794, lr: 0.00e+00
     Epoch[0] Iteration[190/1240], entropy: 0.4378, uncertainty: 2.1503, uncertainty_coeffi: 0.0100, loss: 0.2053, lr: 0.00e+00
     Epoch[0] Iteration[200/1240], entropy: 0.4335, uncertainty: 2.0455, uncertainty_coeffi: 0.0100, loss: 0.2039, lr: 0.00e+00
     Epoch[0] Iteration[210/1240], entropy: 0.6231, uncertainty: 2.2754, uncertainty_coeffi: 0.0100, loss: 0.2823, lr: 0.00e+00
     Epoch[0] Iteration[220/1240], entropy: 0.4320, uncertainty: 2.1672, uncertainty_coeffi: 0.0100, loss: 0.2045, lr: 0.00e+00
     Epoch[0] Iteration[230/1240], entropy: 0.5045, uncertainty: 2.1557, uncertainty_coeffi: 0.0100, loss: 0.2434, lr: 0.00e+00
     Epoch[0] Iteration[240/1240], entropy: 0.5440, uncertainty: 2.2159, uncertainty_coeffi: 0.0100, loss: 0.2475, lr: 0.00e+00
     Epoch[0] Iteration[250/1240], entropy: 0.7056, uncertainty: 2.1885, uncertainty_coeffi: 0.0100, loss: 0.3163, lr: 0.00e+00
     Epoch[0] Iteration[260/1240], entropy: 0.7090, uncertainty: 2.2359, uncertainty_coeffi: 0.0100, loss: 0.3179, lr: 0.00e+00
     Epoch[0] Iteration[270/1240], entropy: 0.5357, uncertainty: 2.1722, uncertainty_coeffi: 0.0100, loss: 0.2446, lr: 0.00e+00
     Epoch[0] Iteration[280/1240], entropy: 0.5769, uncertainty: 2.1918, uncertainty_coeffi: 0.0100, loss: 0.2679, lr: 0.00e+00
     Epoch[0] Iteration[290/1240], entropy: 0.5075, uncertainty: 2.0553, uncertainty_coeffi: 0.0100, loss: 0.2294, lr: 0.00e+00
     Epoch[0] Iteration[300/1240], entropy: 0.4887, uncertainty: 2.1773, uncertainty_coeffi: 0.0100, loss: 0.2318, lr: 0.00e+00
     Epoch[0] Iteration[310/1240], entropy: 0.6467, uncertainty: 2.1499, uncertainty_coeffi: 0.0100, loss: 0.2940, lr: 0.00e+00
     Epoch[0] Iteration[320/1240], entropy: 0.4764, uncertainty: 2.1252, uncertainty_coeffi: 0.0100, loss: 0.2222, lr: 0.00e+00
     Epoch[0] Iteration[330/1240], entropy: 0.8553, uncertainty: 2.3161, uncertainty_coeffi: 0.0100, loss: 0.3775, lr: 0.00e+00
     Epoch[0] Iteration[340/1240], entropy: 0.4560, uncertainty: 2.1111, uncertainty_coeffi: 0.0100, loss: 0.2097, lr: 0.00e+00
     Epoch[0] Iteration[350/1240], entropy: 0.6298, uncertainty: 2.2391, uncertainty_coeffi: 0.0100, loss: 0.2849, lr: 0.00e+00
     Epoch[0] Iteration[360/1240], entropy: 0.5357, uncertainty: 2.1989, uncertainty_coeffi: 0.0100, loss: 0.2507, lr: 0.00e+00
     Epoch[0] Iteration[370/1240], entropy: 0.6449, uncertainty: 2.2529, uncertainty_coeffi: 0.0100, loss: 0.2840, lr: 0.00e+00
     Epoch[0] Iteration[380/1240], entropy: 0.6859, uncertainty: 2.3021, uncertainty_coeffi: 0.0100, loss: 0.3116, lr: 0.00e+00
     Epoch[0] Iteration[390/1240], entropy: 0.5008, uncertainty: 2.2052, uncertainty_coeffi: 0.0100, loss: 0.2399, lr: 0.00e+00
     Epoch[0] Iteration[400/1240], entropy: 0.5081, uncertainty: 2.1587, uncertainty_coeffi: 0.0100, loss: 0.2352, lr: 0.00e+00
     Epoch[0] Iteration[410/1240], entropy: 0.4682, uncertainty: 2.1553, uncertainty_coeffi: 0.0100, loss: 0.2224, lr: 0.00e+00
     Epoch[0] Iteration[420/1240], entropy: 0.5522, uncertainty: 2.2015, uncertainty_coeffi: 0.0100, loss: 0.2521, lr: 0.00e+00
     Epoch[0] Iteration[430/1240], entropy: 0.7072, uncertainty: 2.2604, uncertainty_coeffi: 0.0100, loss: 0.3154, lr: 0.00e+00
     Epoch[0] Iteration[440/1240], entropy: 0.4636, uncertainty: 2.1430, uncertainty_coeffi: 0.0100, loss: 0.2168, lr: 0.00e+00
     Epoch[0] Iteration[450/1240], entropy: 0.7885, uncertainty: 2.3390, uncertainty_coeffi: 0.0100, loss: 0.3489, lr: 0.00e+00
     Epoch[0] Iteration[460/1240], entropy: 0.6237, uncertainty: 2.1214, uncertainty_coeffi: 0.0100, loss: 0.2842, lr: 0.00e+00
     Epoch[0] Iteration[470/1240], entropy: 0.7470, uncertainty: 2.2060, uncertainty_coeffi: 0.0100, loss: 0.3383, lr: 0.00e+00
     Epoch[0] Iteration[480/1240], entropy: 0.5695, uncertainty: 2.1716, uncertainty_coeffi: 0.0100, loss: 0.2655, lr: 0.00e+00
     Epoch[0] Iteration[490/1240], entropy: 0.4863, uncertainty: 2.2204, uncertainty_coeffi: 0.0100, loss: 0.2272, lr: 0.00e+00
     Epoch[0] Iteration[500/1240], entropy: 0.9070, uncertainty: 2.3597, uncertainty_coeffi: 0.0100, loss: 0.3870, lr: 0.00e+00
     Epoch[0] Iteration[510/1240], entropy: 0.7165, uncertainty: 2.2659, uncertainty_coeffi: 0.0100, loss: 0.3201, lr: 0.00e+00
     Epoch[0] Iteration[520/1240], entropy: 0.4392, uncertainty: 2.1981, uncertainty_coeffi: 0.0100, loss: 0.2048, lr: 0.00e+00
     Epoch[0] Iteration[530/1240], entropy: 0.5350, uncertainty: 2.1682, uncertainty_coeffi: 0.0100, loss: 0.2386, lr: 0.00e+00
     Epoch[0] Iteration[540/1240], entropy: 0.6919, uncertainty: 2.1556, uncertainty_coeffi: 0.0100, loss: 0.3060, lr: 0.00e+00
     Epoch[0] Iteration[550/1240], entropy: 0.4907, uncertainty: 2.1682, uncertainty_coeffi: 0.0100, loss: 0.2341, lr: 0.00e+00
     Epoch[0] Iteration[560/1240], entropy: 0.5604, uncertainty: 2.1508, uncertainty_coeffi: 0.0100, loss: 0.2585, lr: 0.00e+00
     Epoch[0] Iteration[570/1240], entropy: 0.6974, uncertainty: 2.2304, uncertainty_coeffi: 0.0100, loss: 0.3023, lr: 0.00e+00
     Epoch[0] Iteration[580/1240], entropy: 0.6227, uncertainty: 2.1958, uncertainty_coeffi: 0.0100, loss: 0.2803, lr: 0.00e+00
     Epoch[0] Iteration[590/1240], entropy: 0.5695, uncertainty: 2.2219, uncertainty_coeffi: 0.0100, loss: 0.2543, lr: 0.00e+00
     Epoch[0] Iteration[600/1240], entropy: 0.5061, uncertainty: 2.2002, uncertainty_coeffi: 0.0100, loss: 0.2306, lr: 0.00e+00
     Epoch[0] Iteration[610/1240], entropy: 0.7028, uncertainty: 2.2856, uncertainty_coeffi: 0.0100, loss: 0.3098, lr: 0.00e+00
     Epoch[0] Iteration[620/1240], entropy: 0.8563, uncertainty: 2.3109, uncertainty_coeffi: 0.0100, loss: 0.3810, lr: 0.00e+00
     Epoch[0] Iteration[630/1240], entropy: 0.4480, uncertainty: 2.1981, uncertainty_coeffi: 0.0100, loss: 0.2095, lr: 0.00e+00
     Epoch[0] Iteration[640/1240], entropy: 0.5647, uncertainty: 2.1999, uncertainty_coeffi: 0.0100, loss: 0.2552, lr: 0.00e+00
     Epoch[0] Iteration[650/1240], entropy: 0.3408, uncertainty: 2.0704, uncertainty_coeffi: 0.0100, loss: 0.1699, lr: 0.00e+00
     Epoch[0] Iteration[660/1240], entropy: 0.3703, uncertainty: 2.0375, uncertainty_coeffi: 0.0100, loss: 0.1856, lr: 0.00e+00
     Epoch[0] Iteration[670/1240], entropy: 0.6128, uncertainty: 2.2865, uncertainty_coeffi: 0.0100, loss: 0.2781, lr: 0.00e+00
     Epoch[0] Iteration[680/1240], entropy: 0.5902, uncertainty: 2.2254, uncertainty_coeffi: 0.0100, loss: 0.2764, lr: 0.00e+00
     Epoch[0] Iteration[690/1240], entropy: 0.4859, uncertainty: 2.1215, uncertainty_coeffi: 0.0100, loss: 0.2219, lr: 0.00e+00
     Epoch[0] Iteration[700/1240], entropy: 0.6334, uncertainty: 2.2077, uncertainty_coeffi: 0.0100, loss: 0.2915, lr: 0.00e+00
     Epoch[0] Iteration[710/1240], entropy: 0.5223, uncertainty: 2.1143, uncertainty_coeffi: 0.0100, loss: 0.2393, lr: 0.00e+00
     Epoch[0] Iteration[720/1240], entropy: 0.4549, uncertainty: 2.1458, uncertainty_coeffi: 0.0100, loss: 0.2137, lr: 0.00e+00
     Epoch[0] Iteration[730/1240], entropy: 0.5962, uncertainty: 2.2077, uncertainty_coeffi: 0.0100, loss: 0.2713, lr: 0.00e+00
     Epoch[0] Iteration[740/1240], entropy: 0.4190, uncertainty: 2.0729, uncertainty_coeffi: 0.0100, loss: 0.2010, lr: 0.00e+00
     Epoch[0] Iteration[750/1240], entropy: 0.6090, uncertainty: 2.1972, uncertainty_coeffi: 0.0100, loss: 0.2739, lr: 0.00e+00
     Epoch[0] Iteration[760/1240], entropy: 0.7831, uncertainty: 2.1338, uncertainty_coeffi: 0.0100, loss: 0.3439, lr: 0.00e+00
     Epoch[0] Iteration[770/1240], entropy: 0.5920, uncertainty: 2.1991, uncertainty_coeffi: 0.0100, loss: 0.2718, lr: 0.00e+00
     Epoch[0] Iteration[780/1240], entropy: 0.4862, uncertainty: 2.2320, uncertainty_coeffi: 0.0100, loss: 0.2263, lr: 0.00e+00
     Epoch[0] Iteration[790/1240], entropy: 0.5197, uncertainty: 2.1411, uncertainty_coeffi: 0.0100, loss: 0.2411, lr: 0.00e+00
     Epoch[0] Iteration[800/1240], entropy: 0.5009, uncertainty: 2.2340, uncertainty_coeffi: 0.0100, loss: 0.2305, lr: 0.00e+00
     Epoch[0] Iteration[810/1240], entropy: 0.7388, uncertainty: 2.3040, uncertainty_coeffi: 0.0100, loss: 0.3192, lr: 0.00e+00
     Epoch[0] Iteration[820/1240], entropy: 0.5996, uncertainty: 2.2733, uncertainty_coeffi: 0.0100, loss: 0.2679, lr: 0.00e+00
     Epoch[0] Iteration[830/1240], entropy: 0.4213, uncertainty: 2.1984, uncertainty_coeffi: 0.0100, loss: 0.2010, lr: 0.00e+00
     Epoch[0] Iteration[840/1240], entropy: 0.4956, uncertainty: 2.1794, uncertainty_coeffi: 0.0100, loss: 0.2264, lr: 0.00e+00
     Epoch[0] Iteration[850/1240], entropy: 0.7134, uncertainty: 2.3081, uncertainty_coeffi: 0.0100, loss: 0.3128, lr: 0.00e+00
     Epoch[0] Iteration[860/1240], entropy: 0.6722, uncertainty: 2.2690, uncertainty_coeffi: 0.0100, loss: 0.2967, lr: 0.00e+00
     Epoch[0] Iteration[870/1240], entropy: 0.6000, uncertainty: 2.2049, uncertainty_coeffi: 0.0100, loss: 0.2733, lr: 0.00e+00
     Epoch[0] Iteration[880/1240], entropy: 0.4144, uncertainty: 2.0866, uncertainty_coeffi: 0.0100, loss: 0.2012, lr: 0.00e+00
     Epoch[0] Iteration[890/1240], entropy: 0.5830, uncertainty: 2.2191, uncertainty_coeffi: 0.0100, loss: 0.2750, lr: 0.00e+00
     Epoch[0] Iteration[900/1240], entropy: 0.6482, uncertainty: 2.2945, uncertainty_coeffi: 0.0100, loss: 0.2871, lr: 0.00e+00
     Epoch[0] Iteration[910/1240], entropy: 0.6522, uncertainty: 2.2681, uncertainty_coeffi: 0.0100, loss: 0.2903, lr: 0.00e+00
     Epoch[0] Iteration[920/1240], entropy: 0.3704, uncertainty: 2.1183, uncertainty_coeffi: 0.0100, loss: 0.1794, lr: 0.00e+00
     Epoch[0] Iteration[930/1240], entropy: 0.5110, uncertainty: 2.0624, uncertainty_coeffi: 0.0100, loss: 0.2449, lr: 0.00e+00
     Epoch[0] Iteration[940/1240], entropy: 0.7271, uncertainty: 2.3180, uncertainty_coeffi: 0.0100, loss: 0.3140, lr: 0.00e+00
     Epoch[0] Iteration[950/1240], entropy: 0.5246, uncertainty: 2.1742, uncertainty_coeffi: 0.0100, loss: 0.2386, lr: 0.00e+00
     Epoch[0] Iteration[960/1240], entropy: 0.5979, uncertainty: 2.1922, uncertainty_coeffi: 0.0100, loss: 0.2755, lr: 0.00e+00
     Epoch[0] Iteration[970/1240], entropy: 0.6437, uncertainty: 2.2590, uncertainty_coeffi: 0.0100, loss: 0.2933, lr: 0.00e+00
     Epoch[0] Iteration[980/1240], entropy: 0.6446, uncertainty: 2.1618, uncertainty_coeffi: 0.0100, loss: 0.2871, lr: 0.00e+00
     Epoch[0] Iteration[990/1240], entropy: 0.6580, uncertainty: 2.3358, uncertainty_coeffi: 0.0100, loss: 0.2902, lr: 0.00e+00
     Epoch[0] Iteration[1000/1240], entropy: 0.4211, uncertainty: 2.0870, uncertainty_coeffi: 0.0100, loss: 0.1997, lr: 0.00e+00
     Epoch[0] Iteration[1010/1240], entropy: 0.6750, uncertainty: 2.2601, uncertainty_coeffi: 0.0100, loss: 0.3022, lr: 0.00e+00
     Epoch[0] Iteration[1020/1240], entropy: 0.6404, uncertainty: 2.2270, uncertainty_coeffi: 0.0100, loss: 0.2847, lr: 0.00e+00
     Epoch[0] Iteration[1030/1240], entropy: 0.5084, uncertainty: 2.2750, uncertainty_coeffi: 0.0100, loss: 0.2368, lr: 0.00e+00
     Epoch[0] Iteration[1040/1240], entropy: 0.4961, uncertainty: 2.2486, uncertainty_coeffi: 0.0100, loss: 0.2288, lr: 0.00e+00
     Epoch[0] Iteration[1050/1240], entropy: 0.5513, uncertainty: 2.2060, uncertainty_coeffi: 0.0100, loss: 0.2489, lr: 0.00e+00
     Epoch[0] Iteration[1060/1240], entropy: 0.4759, uncertainty: 2.1279, uncertainty_coeffi: 0.0100, loss: 0.2191, lr: 0.00e+00
     Epoch[0] Iteration[1070/1240], entropy: 0.6187, uncertainty: 2.2577, uncertainty_coeffi: 0.0100, loss: 0.2729, lr: 0.00e+00
     Epoch[0] Iteration[1080/1240], entropy: 0.6301, uncertainty: 2.0727, uncertainty_coeffi: 0.0100, loss: 0.2922, lr: 0.00e+00
     Epoch[0] Iteration[1090/1240], entropy: 0.6052, uncertainty: 2.2476, uncertainty_coeffi: 0.0100, loss: 0.2717, lr: 0.00e+00
     Epoch[0] Iteration[1100/1240], entropy: 0.4302, uncertainty: 2.1567, uncertainty_coeffi: 0.0100, loss: 0.2039, lr: 0.00e+00
     Epoch[0] Iteration[1110/1240], entropy: 0.1884, uncertainty: 1.9628, uncertainty_coeffi: 0.0100, loss: 0.1064, lr: 0.00e+00
     Epoch[0] Iteration[1120/1240], entropy: 0.4486, uncertainty: 2.0932, uncertainty_coeffi: 0.0100, loss: 0.2172, lr: 0.00e+00
     Epoch[0] Iteration[1130/1240], entropy: 0.5342, uncertainty: 2.2053, uncertainty_coeffi: 0.0100, loss: 0.2460, lr: 0.00e+00
     Epoch[0] Iteration[1140/1240], entropy: 0.8271, uncertainty: 2.3127, uncertainty_coeffi: 0.0100, loss: 0.3652, lr: 0.00e+00
     Epoch[0] Iteration[1150/1240], entropy: 0.4097, uncertainty: 2.2637, uncertainty_coeffi: 0.0100, loss: 0.1994, lr: 0.00e+00
     Epoch[0] Iteration[1160/1240], entropy: 0.4926, uncertainty: 2.2294, uncertainty_coeffi: 0.0100, loss: 0.2279, lr: 0.00e+00
     Epoch[0] Iteration[1170/1240], entropy: 0.5522, uncertainty: 2.2052, uncertainty_coeffi: 0.0100, loss: 0.2499, lr: 0.00e+00
     Epoch[0] Iteration[1180/1240], entropy: 0.5634, uncertainty: 2.1429, uncertainty_coeffi: 0.0100, loss: 0.2586, lr: 0.00e+00
     Epoch[0] Iteration[1190/1240], entropy: 0.7235, uncertainty: 2.2706, uncertainty_coeffi: 0.0100, loss: 0.3159, lr: 0.00e+00
     Epoch[0] Iteration[1200/1240], entropy: 0.7489, uncertainty: 2.2193, uncertainty_coeffi: 0.0100, loss: 0.3223, lr: 0.00e+00
     Epoch[0] Iteration[1210/1240], entropy: 0.7063, uncertainty: 2.2945, uncertainty_coeffi: 0.0100, loss: 0.3162, lr: 0.00e+00
     Epoch[0] Iteration[1220/1240], entropy: 0.4157, uncertainty: 2.3215, uncertainty_coeffi: 0.0100, loss: 0.1980, lr: 0.00e+00
     Epoch[0] Iteration[1230/1240], entropy: 0.6791, uncertainty: 2.3214, uncertainty_coeffi: 0.0100, loss: 0.3025, lr: 0.00e+00
     Epoch[0] Iteration[1240/1240], entropy: 0.6013, uncertainty: 2.2898, uncertainty_coeffi: 0.0100, loss: 0.2734, lr: 0.00e+00
     Averaged stats: entropy_avg: 0.5798, uncertainty_avg: 2.2032, uncertainty_coeffi_avg: 0.0100, loss_avg: 0.2639, lr_avg: 0.00e+00
     itm tta time 0:02:14
### TTA Eval Score: 
+-------+--------+--------+--------+--------+-------+
| epoch |   R1   |   R5   |  R10   |  mAP   |  mINP |
+-------+--------+--------+--------+--------+-------+
|  -999 | 60.656 | 77.499 | 83.268 | 35.543 | 6.006 |
|   0   | 61.810 | 77.484 | 83.021 | 36.117 | 6.038 |
+-------+--------+--------+--------+--------+-------+
     logs:  {'epo': 0, 'R1': np.float32(61.81), 'R5': np.float32(77.484), 'R10': np.float32(83.021), 'mAP': np.float32(36.117), 'mINP': np.float32(6.038), 'entropy': 0.5798085307882678, 'uncertainty': 2.2031957997429754, 'uncertainty_coeffi': 0.009999999776482582, 'loss': 0.263882085200279, 'lr': 0.0}
     Epoch[1] Iteration[10/1240], entropy: 0.6285, uncertainty: 2.1652, uncertainty_coeffi: 0.0100, loss: 0.2742, lr: 0.00e+00
     Epoch[1] Iteration[20/1240], entropy: 0.6038, uncertainty: 2.3051, uncertainty_coeffi: 0.0100, loss: 0.2699, lr: 0.00e+00
     Epoch[1] Iteration[30/1240], entropy: 0.4578, uncertainty: 2.1309, uncertainty_coeffi: 0.0100, loss: 0.2099, lr: 0.00e+00
     Epoch[1] Iteration[40/1240], entropy: 0.4667, uncertainty: 2.0319, uncertainty_coeffi: 0.0100, loss: 0.2222, lr: 0.00e+00
     Epoch[1] Iteration[50/1240], entropy: 0.8248, uncertainty: 2.2199, uncertainty_coeffi: 0.0100, loss: 0.3558, lr: 0.00e+00
     Epoch[1] Iteration[60/1240], entropy: 0.4624, uncertainty: 2.2153, uncertainty_coeffi: 0.0100, loss: 0.2169, lr: 0.00e+00
     Epoch[1] Iteration[70/1240], entropy: 0.6687, uncertainty: 2.1468, uncertainty_coeffi: 0.0100, loss: 0.3054, lr: 0.00e+00
     Epoch[1] Iteration[80/1240], entropy: 0.3552, uncertainty: 1.9720, uncertainty_coeffi: 0.0100, loss: 0.1731, lr: 0.00e+00
     Epoch[1] Iteration[90/1240], entropy: 0.5775, uncertainty: 2.3617, uncertainty_coeffi: 0.0100, loss: 0.2579, lr: 0.00e+00
     Epoch[1] Iteration[100/1240], entropy: 0.2665, uncertainty: 1.9847, uncertainty_coeffi: 0.0100, loss: 0.1437, lr: 0.00e+00
     Epoch[1] Iteration[110/1240], entropy: 0.6435, uncertainty: 2.2136, uncertainty_coeffi: 0.0100, loss: 0.2909, lr: 0.00e+00
     Epoch[1] Iteration[120/1240], entropy: 0.4609, uncertainty: 2.1217, uncertainty_coeffi: 0.0100, loss: 0.2147, lr: 0.00e+00
     Epoch[1] Iteration[130/1240], entropy: 0.6593, uncertainty: 2.1923, uncertainty_coeffi: 0.0100, loss: 0.2943, lr: 0.00e+00
     Epoch[1] Iteration[140/1240], entropy: 0.5280, uncertainty: 2.1714, uncertainty_coeffi: 0.0100, loss: 0.2365, lr: 0.00e+00
     Epoch[1] Iteration[150/1240], entropy: 0.7277, uncertainty: 2.3354, uncertainty_coeffi: 0.0100, loss: 0.3230, lr: 0.00e+00
     Epoch[1] Iteration[160/1240], entropy: 0.5209, uncertainty: 2.1527, uncertainty_coeffi: 0.0100, loss: 0.2369, lr: 0.00e+00
     Epoch[1] Iteration[170/1240], entropy: 0.3483, uncertainty: 1.9818, uncertainty_coeffi: 0.0100, loss: 0.1744, lr: 0.00e+00
     Epoch[1] Iteration[180/1240], entropy: 0.5664, uncertainty: 2.2151, uncertainty_coeffi: 0.0100, loss: 0.2612, lr: 0.00e+00
     Epoch[1] Iteration[190/1240], entropy: 0.4589, uncertainty: 2.2273, uncertainty_coeffi: 0.0100, loss: 0.2227, lr: 0.00e+00
     Epoch[1] Iteration[200/1240], entropy: 0.5627, uncertainty: 2.2866, uncertainty_coeffi: 0.0100, loss: 0.2627, lr: 0.00e+00
     Epoch[1] Iteration[210/1240], entropy: 0.4572, uncertainty: 2.2751, uncertainty_coeffi: 0.0100, loss: 0.2102, lr: 0.00e+00
     Epoch[1] Iteration[220/1240], entropy: 0.4694, uncertainty: 2.0886, uncertainty_coeffi: 0.0100, loss: 0.2171, lr: 9.55e-06
     Epoch[1] Iteration[230/1240], entropy: 0.5381, uncertainty: 2.1553, uncertainty_coeffi: 0.0100, loss: 0.2439, lr: 9.55e-06
     Epoch[1] Iteration[240/1240], entropy: 0.2586, uncertainty: 2.1488, uncertainty_coeffi: 0.0100, loss: 0.1330, lr: 9.55e-06
     Epoch[1] Iteration[250/1240], entropy: 0.6076, uncertainty: 2.2336, uncertainty_coeffi: 0.0100, loss: 0.2743, lr: 9.55e-06
     Epoch[1] Iteration[260/1240], entropy: 0.3378, uncertainty: 2.0361, uncertainty_coeffi: 0.0100, loss: 0.1638, lr: 9.55e-06
     Epoch[1] Iteration[270/1240], entropy: 0.4335, uncertainty: 2.1624, uncertainty_coeffi: 0.0100, loss: 0.2030, lr: 9.55e-06
     Epoch[1] Iteration[280/1240], entropy: 0.5240, uncertainty: 2.0983, uncertainty_coeffi: 0.0100, loss: 0.2434, lr: 9.55e-06
     Epoch[1] Iteration[290/1240], entropy: 0.3404, uncertainty: 2.2009, uncertainty_coeffi: 0.0100, loss: 0.1636, lr: 9.55e-06
     Epoch[1] Iteration[300/1240], entropy: 0.4853, uncertainty: 2.0667, uncertainty_coeffi: 0.0100, loss: 0.2220, lr: 9.55e-06
     Epoch[1] Iteration[310/1240], entropy: 0.3590, uncertainty: 2.2114, uncertainty_coeffi: 0.0100, loss: 0.1781, lr: 9.55e-06
     Epoch[1] Iteration[320/1240], entropy: 0.4744, uncertainty: 2.2052, uncertainty_coeffi: 0.0100, loss: 0.2195, lr: 9.55e-06
     Epoch[1] Iteration[330/1240], entropy: 0.6362, uncertainty: 2.2990, uncertainty_coeffi: 0.0100, loss: 0.2849, lr: 9.55e-06
     Epoch[1] Iteration[340/1240], entropy: 0.4804, uncertainty: 2.1771, uncertainty_coeffi: 0.0100, loss: 0.2224, lr: 9.55e-06
     Epoch[1] Iteration[350/1240], entropy: 0.5717, uncertainty: 2.1081, uncertainty_coeffi: 0.0100, loss: 0.2673, lr: 9.55e-06
     Epoch[1] Iteration[360/1240], entropy: 0.5552, uncertainty: 2.0780, uncertainty_coeffi: 0.0100, loss: 0.2601, lr: 9.55e-06
     Epoch[1] Iteration[370/1240], entropy: 0.4233, uncertainty: 2.1269, uncertainty_coeffi: 0.0100, loss: 0.1981, lr: 9.55e-06
     Epoch[1] Iteration[380/1240], entropy: 0.6517, uncertainty: 2.3004, uncertainty_coeffi: 0.0100, loss: 0.2858, lr: 9.55e-06
     Epoch[1] Iteration[390/1240], entropy: 0.5544, uncertainty: 2.2032, uncertainty_coeffi: 0.0100, loss: 0.2600, lr: 9.55e-06
     Epoch[1] Iteration[400/1240], entropy: 0.4235, uncertainty: 2.1760, uncertainty_coeffi: 0.0100, loss: 0.2081, lr: 9.55e-06
     Epoch[1] Iteration[410/1240], entropy: 0.2498, uncertainty: 2.0845, uncertainty_coeffi: 0.0100, loss: 0.1257, lr: 9.55e-06
     Epoch[1] Iteration[420/1240], entropy: 0.4153, uncertainty: 2.1488, uncertainty_coeffi: 0.0100, loss: 0.2021, lr: 9.55e-06
     Epoch[1] Iteration[430/1240], entropy: 0.7216, uncertainty: 2.3147, uncertainty_coeffi: 0.0100, loss: 0.3152, lr: 9.55e-06
     Epoch[1] Iteration[440/1240], entropy: 0.6179, uncertainty: 2.3157, uncertainty_coeffi: 0.0100, loss: 0.2794, lr: 9.55e-06
     Epoch[1] Iteration[450/1240], entropy: 0.6200, uncertainty: 2.2714, uncertainty_coeffi: 0.0100, loss: 0.2757, lr: 9.55e-06
     Epoch[1] Iteration[460/1240], entropy: 0.5059, uncertainty: 2.1369, uncertainty_coeffi: 0.0100, loss: 0.2305, lr: 9.55e-06
     Epoch[1] Iteration[470/1240], entropy: 0.4452, uncertainty: 2.1431, uncertainty_coeffi: 0.0100, loss: 0.2055, lr: 9.55e-06
     Epoch[1] Iteration[480/1240], entropy: 0.5507, uncertainty: 2.2139, uncertainty_coeffi: 0.0100, loss: 0.2520, lr: 9.55e-06
     Epoch[1] Iteration[490/1240], entropy: 0.5599, uncertainty: 2.2045, uncertainty_coeffi: 0.0100, loss: 0.2540, lr: 9.55e-06
     Epoch[1] Iteration[500/1240], entropy: 0.6127, uncertainty: 2.2715, uncertainty_coeffi: 0.0100, loss: 0.2787, lr: 9.55e-06
     Epoch[1] Iteration[510/1240], entropy: 0.5517, uncertainty: 2.2166, uncertainty_coeffi: 0.0100, loss: 0.2483, lr: 9.55e-06
     Epoch[1] Iteration[520/1240], entropy: 0.5770, uncertainty: 2.2204, uncertainty_coeffi: 0.0100, loss: 0.2625, lr: 9.55e-06
     Epoch[1] Iteration[530/1240], entropy: 0.5125, uncertainty: 2.1278, uncertainty_coeffi: 0.0100, loss: 0.2370, lr: 9.55e-06
     Epoch[1] Iteration[540/1240], entropy: 0.8927, uncertainty: 2.3160, uncertainty_coeffi: 0.0100, loss: 0.3845, lr: 9.55e-06
     Epoch[1] Iteration[550/1240], entropy: 0.5734, uncertainty: 2.1742, uncertainty_coeffi: 0.0100, loss: 0.2627, lr: 9.55e-06
     Epoch[1] Iteration[560/1240], entropy: 0.5212, uncertainty: 2.0833, uncertainty_coeffi: 0.0100, loss: 0.2385, lr: 9.55e-06
     Epoch[1] Iteration[570/1240], entropy: 0.7325, uncertainty: 2.2783, uncertainty_coeffi: 0.0100, loss: 0.3196, lr: 9.55e-06
     Epoch[1] Iteration[580/1240], entropy: 0.1872, uncertainty: 2.0305, uncertainty_coeffi: 0.0100, loss: 0.1063, lr: 9.55e-06
     Epoch[1] Iteration[590/1240], entropy: 0.5543, uncertainty: 2.2467, uncertainty_coeffi: 0.0100, loss: 0.2497, lr: 9.55e-06
     Epoch[1] Iteration[600/1240], entropy: 0.5724, uncertainty: 2.2494, uncertainty_coeffi: 0.0100, loss: 0.2553, lr: 9.55e-06
     Epoch[1] Iteration[610/1240], entropy: 0.5490, uncertainty: 2.2309, uncertainty_coeffi: 0.0100, loss: 0.2454, lr: 9.55e-06
     Epoch[1] Iteration[620/1240], entropy: 0.6614, uncertainty: 2.3256, uncertainty_coeffi: 0.0100, loss: 0.2975, lr: 9.55e-06
     Epoch[1] Iteration[630/1240], entropy: 0.6319, uncertainty: 2.2677, uncertainty_coeffi: 0.0100, loss: 0.2907, lr: 9.55e-06
     Epoch[1] Iteration[640/1240], entropy: 0.4605, uncertainty: 2.1218, uncertainty_coeffi: 0.0100, loss: 0.2144, lr: 9.55e-06
     Epoch[1] Iteration[650/1240], entropy: 0.6100, uncertainty: 2.3606, uncertainty_coeffi: 0.0100, loss: 0.2733, lr: 9.55e-06
     Epoch[1] Iteration[660/1240], entropy: 0.8152, uncertainty: 2.2557, uncertainty_coeffi: 0.0100, loss: 0.3513, lr: 9.55e-06
     Epoch[1] Iteration[670/1240], entropy: 0.4520, uncertainty: 2.2025, uncertainty_coeffi: 0.0100, loss: 0.2032, lr: 9.55e-06
     Epoch[1] Iteration[680/1240], entropy: 0.6074, uncertainty: 2.2074, uncertainty_coeffi: 0.0100, loss: 0.2682, lr: 9.55e-06
     Epoch[1] Iteration[690/1240], entropy: 0.6461, uncertainty: 2.2029, uncertainty_coeffi: 0.0100, loss: 0.2954, lr: 9.55e-06
     Epoch[1] Iteration[700/1240], entropy: 0.7874, uncertainty: 2.2506, uncertainty_coeffi: 0.0100, loss: 0.3438, lr: 9.55e-06
     Epoch[1] Iteration[710/1240], entropy: 0.4308, uncertainty: 2.1995, uncertainty_coeffi: 0.0100, loss: 0.2049, lr: 9.55e-06
     Epoch[1] Iteration[720/1240], entropy: 0.8098, uncertainty: 2.2891, uncertainty_coeffi: 0.0100, loss: 0.3494, lr: 9.55e-06
     Epoch[1] Iteration[730/1240], entropy: 0.5541, uncertainty: 2.2631, uncertainty_coeffi: 0.0100, loss: 0.2464, lr: 9.55e-06
     Epoch[1] Iteration[740/1240], entropy: 0.4764, uncertainty: 2.1685, uncertainty_coeffi: 0.0100, loss: 0.2253, lr: 9.55e-06
     Epoch[1] Iteration[750/1240], entropy: 0.4355, uncertainty: 2.0705, uncertainty_coeffi: 0.0100, loss: 0.2057, lr: 9.55e-06
     Epoch[1] Iteration[760/1240], entropy: 0.4131, uncertainty: 2.1280, uncertainty_coeffi: 0.0100, loss: 0.1873, lr: 9.55e-06
     Epoch[1] Iteration[770/1240], entropy: 0.5632, uncertainty: 2.2529, uncertainty_coeffi: 0.0100, loss: 0.2561, lr: 9.55e-06
     Epoch[1] Iteration[780/1240], entropy: 0.8025, uncertainty: 2.2914, uncertainty_coeffi: 0.0100, loss: 0.3467, lr: 9.55e-06
     Epoch[1] Iteration[790/1240], entropy: 0.5903, uncertainty: 2.1567, uncertainty_coeffi: 0.0100, loss: 0.2630, lr: 9.55e-06
     Epoch[1] Iteration[800/1240], entropy: 0.4641, uncertainty: 2.1516, uncertainty_coeffi: 0.0100, loss: 0.2243, lr: 9.55e-06
     Epoch[1] Iteration[810/1240], entropy: 0.4864, uncertainty: 2.1977, uncertainty_coeffi: 0.0100, loss: 0.2274, lr: 9.55e-06
     Epoch[1] Iteration[820/1240], entropy: 0.3888, uncertainty: 2.1474, uncertainty_coeffi: 0.0100, loss: 0.1908, lr: 9.55e-06
     Epoch[1] Iteration[830/1240], entropy: 0.4196, uncertainty: 2.1569, uncertainty_coeffi: 0.0100, loss: 0.2029, lr: 9.55e-06
     Epoch[1] Iteration[840/1240], entropy: 0.6418, uncertainty: 2.2867, uncertainty_coeffi: 0.0100, loss: 0.2855, lr: 9.55e-06
     Epoch[1] Iteration[850/1240], entropy: 0.3471, uncertainty: 2.0443, uncertainty_coeffi: 0.0100, loss: 0.1695, lr: 9.55e-06
     Epoch[1] Iteration[860/1240], entropy: 0.8074, uncertainty: 2.3084, uncertainty_coeffi: 0.0100, loss: 0.3484, lr: 9.55e-06
     Epoch[1] Iteration[870/1240], entropy: 0.4626, uncertainty: 2.0480, uncertainty_coeffi: 0.0100, loss: 0.2300, lr: 9.55e-06
     Epoch[1] Iteration[880/1240], entropy: 0.5734, uncertainty: 2.3071, uncertainty_coeffi: 0.0100, loss: 0.2614, lr: 9.55e-06
     Epoch[1] Iteration[890/1240], entropy: 0.4594, uncertainty: 2.1427, uncertainty_coeffi: 0.0100, loss: 0.2164, lr: 9.55e-06
     Epoch[1] Iteration[900/1240], entropy: 0.6653, uncertainty: 2.2413, uncertainty_coeffi: 0.0100, loss: 0.3037, lr: 9.55e-06
     Epoch[1] Iteration[910/1240], entropy: 0.6250, uncertainty: 2.1837, uncertainty_coeffi: 0.0100, loss: 0.2757, lr: 9.55e-06
     Epoch[1] Iteration[920/1240], entropy: 0.5898, uncertainty: 2.2481, uncertainty_coeffi: 0.0100, loss: 0.2612, lr: 9.55e-06
     Epoch[1] Iteration[930/1240], entropy: 0.6386, uncertainty: 2.1927, uncertainty_coeffi: 0.0100, loss: 0.2836, lr: 9.55e-06
     Epoch[1] Iteration[940/1240], entropy: 0.3898, uncertainty: 2.1261, uncertainty_coeffi: 0.0100, loss: 0.1936, lr: 9.55e-06
     Epoch[1] Iteration[950/1240], entropy: 0.3531, uncertainty: 2.0648, uncertainty_coeffi: 0.0100, loss: 0.1758, lr: 9.55e-06
     Epoch[1] Iteration[960/1240], entropy: 0.4745, uncertainty: 2.1479, uncertainty_coeffi: 0.0100, loss: 0.2211, lr: 9.55e-06
     Epoch[1] Iteration[970/1240], entropy: 0.5806, uncertainty: 2.1121, uncertainty_coeffi: 0.0100, loss: 0.2712, lr: 9.55e-06
     Epoch[1] Iteration[980/1240], entropy: 0.2840, uncertainty: 2.1617, uncertainty_coeffi: 0.0100, loss: 0.1432, lr: 9.55e-06
     Epoch[1] Iteration[990/1240], entropy: 0.4727, uncertainty: 2.2313, uncertainty_coeffi: 0.0100, loss: 0.2266, lr: 9.55e-06
     Epoch[1] Iteration[1000/1240], entropy: 0.5926, uncertainty: 2.2048, uncertainty_coeffi: 0.0100, loss: 0.2618, lr: 9.55e-06
     Epoch[1] Iteration[1010/1240], entropy: 0.6404, uncertainty: 2.2920, uncertainty_coeffi: 0.0100, loss: 0.2885, lr: 9.55e-06
     Epoch[1] Iteration[1020/1240], entropy: 0.6198, uncertainty: 2.2814, uncertainty_coeffi: 0.0100, loss: 0.2771, lr: 9.55e-06
     Epoch[1] Iteration[1030/1240], entropy: 0.5651, uncertainty: 2.1725, uncertainty_coeffi: 0.0100, loss: 0.2531, lr: 9.55e-06
     Epoch[1] Iteration[1040/1240], entropy: 0.5853, uncertainty: 2.2819, uncertainty_coeffi: 0.0100, loss: 0.2673, lr: 9.55e-06
     Epoch[1] Iteration[1050/1240], entropy: 0.3773, uncertainty: 2.2359, uncertainty_coeffi: 0.0100, loss: 0.1826, lr: 9.55e-06
     Epoch[1] Iteration[1060/1240], entropy: 0.5141, uncertainty: 2.2142, uncertainty_coeffi: 0.0100, loss: 0.2365, lr: 9.55e-06
     Epoch[1] Iteration[1070/1240], entropy: 0.5023, uncertainty: 2.1504, uncertainty_coeffi: 0.0100, loss: 0.2344, lr: 9.55e-06
     Epoch[1] Iteration[1080/1240], entropy: 0.5296, uncertainty: 2.1987, uncertainty_coeffi: 0.0100, loss: 0.2430, lr: 9.55e-06
     Epoch[1] Iteration[1090/1240], entropy: 0.5034, uncertainty: 2.1624, uncertainty_coeffi: 0.0100, loss: 0.2307, lr: 9.55e-06
     Epoch[1] Iteration[1100/1240], entropy: 0.5434, uncertainty: 2.1955, uncertainty_coeffi: 0.0100, loss: 0.2492, lr: 9.55e-06
     Epoch[1] Iteration[1110/1240], entropy: 0.2971, uncertainty: 2.2508, uncertainty_coeffi: 0.0100, loss: 0.1493, lr: 9.55e-06
     Epoch[1] Iteration[1120/1240], entropy: 0.5579, uncertainty: 2.2018, uncertainty_coeffi: 0.0100, loss: 0.2521, lr: 9.55e-06
     Epoch[1] Iteration[1130/1240], entropy: 0.3890, uncertainty: 2.1329, uncertainty_coeffi: 0.0100, loss: 0.1885, lr: 9.55e-06
     Epoch[1] Iteration[1140/1240], entropy: 0.4011, uncertainty: 2.1422, uncertainty_coeffi: 0.0100, loss: 0.1951, lr: 9.55e-06
     Epoch[1] Iteration[1150/1240], entropy: 0.6083, uncertainty: 2.2068, uncertainty_coeffi: 0.0100, loss: 0.2693, lr: 9.55e-06
     Epoch[1] Iteration[1160/1240], entropy: 0.6795, uncertainty: 2.1884, uncertainty_coeffi: 0.0100, loss: 0.3003, lr: 9.55e-06
     Epoch[1] Iteration[1170/1240], entropy: 0.5732, uncertainty: 2.1839, uncertainty_coeffi: 0.0100, loss: 0.2601, lr: 9.55e-06
     Epoch[1] Iteration[1180/1240], entropy: 0.6048, uncertainty: 2.2378, uncertainty_coeffi: 0.0100, loss: 0.2766, lr: 9.55e-06
     Epoch[1] Iteration[1190/1240], entropy: 0.3942, uncertainty: 2.1207, uncertainty_coeffi: 0.0100, loss: 0.1882, lr: 9.55e-06
     Epoch[1] Iteration[1200/1240], entropy: 0.5910, uncertainty: 2.2654, uncertainty_coeffi: 0.0100, loss: 0.2685, lr: 9.55e-06
     Epoch[1] Iteration[1210/1240], entropy: 0.5326, uncertainty: 2.1290, uncertainty_coeffi: 0.0100, loss: 0.2495, lr: 9.55e-06
     Epoch[1] Iteration[1220/1240], entropy: 0.5285, uncertainty: 2.2404, uncertainty_coeffi: 0.0100, loss: 0.2338, lr: 9.55e-06
     Epoch[1] Iteration[1230/1240], entropy: 0.6644, uncertainty: 2.2038, uncertainty_coeffi: 0.0100, loss: 0.3005, lr: 9.55e-06
     Epoch[1] Iteration[1240/1240], entropy: 0.2903, uncertainty: 2.0173, uncertainty_coeffi: 0.0100, loss: 0.1496, lr: 9.55e-06
     Averaged stats: entropy_avg: 0.5310, uncertainty_avg: 2.1894, uncertainty_coeffi_avg: 0.0100, loss_avg: 0.2433, lr_avg: 7.93e-06
     itm tta time 0:02:15
### TTA Eval Score: 
+-------+--------+--------+--------+--------+-------+
| epoch |   R1   |   R5   |  R10   |  mAP   |  mINP |
+-------+--------+--------+--------+--------+-------+
|  -999 | 60.656 | 77.499 | 83.268 | 35.543 | 6.006 |
|   0   | 61.810 | 77.484 | 83.021 | 36.117 | 6.038 |
|   1   | 61.961 | 77.433 | 82.850 | 36.057 | 6.006 |
+-------+--------+--------+--------+--------+-------+
     logs:  {'epo': 1, 'R1': np.float32(61.961), 'R5': np.float32(77.433), 'R10': np.float32(82.85), 'mAP': np.float32(36.057), 'mINP': np.float32(6.006), 'entropy': 0.5310466676469772, 'uncertainty': 2.189417243003845, 'uncertainty_coeffi': 0.009999999776482582, 'loss': 0.24333866715671554, 'lr': 7.931955475556861e-06}
     Epoch[2] Iteration[10/1240], entropy: 0.5716, uncertainty: 2.1072, uncertainty_coeffi: 0.0100, loss: 0.2581, lr: 9.55e-06
     Epoch[2] Iteration[20/1240], entropy: 0.4654, uncertainty: 2.0668, uncertainty_coeffi: 0.0100, loss: 0.2198, lr: 9.55e-06
     Epoch[2] Iteration[30/1240], entropy: 0.2444, uncertainty: 1.9439, uncertainty_coeffi: 0.0100, loss: 0.1276, lr: 9.55e-06
     Epoch[2] Iteration[40/1240], entropy: 0.3002, uncertainty: 2.0611, uncertainty_coeffi: 0.0100, loss: 0.1504, lr: 9.55e-06
     Epoch[2] Iteration[50/1240], entropy: 0.3456, uncertainty: 2.2318, uncertainty_coeffi: 0.0100, loss: 0.1669, lr: 9.55e-06
     Epoch[2] Iteration[60/1240], entropy: 0.5158, uncertainty: 2.1481, uncertainty_coeffi: 0.0100, loss: 0.2390, lr: 9.55e-06
     Epoch[2] Iteration[70/1240], entropy: 0.3780, uncertainty: 2.1196, uncertainty_coeffi: 0.0100, loss: 0.1821, lr: 9.55e-06
     Epoch[2] Iteration[80/1240], entropy: 0.5329, uncertainty: 2.1743, uncertainty_coeffi: 0.0100, loss: 0.2464, lr: 9.55e-06
     Epoch[2] Iteration[90/1240], entropy: 0.6799, uncertainty: 2.2909, uncertainty_coeffi: 0.0100, loss: 0.2992, lr: 9.55e-06
     Epoch[2] Iteration[100/1240], entropy: 0.4197, uncertainty: 2.0425, uncertainty_coeffi: 0.0100, loss: 0.1991, lr: 9.55e-06
     Epoch[2] Iteration[110/1240], entropy: 0.4980, uncertainty: 2.1364, uncertainty_coeffi: 0.0100, loss: 0.2267, lr: 9.55e-06
     Epoch[2] Iteration[120/1240], entropy: 0.4349, uncertainty: 2.1580, uncertainty_coeffi: 0.0100, loss: 0.2008, lr: 9.55e-06
     Epoch[2] Iteration[130/1240], entropy: 0.6127, uncertainty: 2.3026, uncertainty_coeffi: 0.0100, loss: 0.2697, lr: 9.55e-06
     Epoch[2] Iteration[140/1240], entropy: 0.6403, uncertainty: 2.1345, uncertainty_coeffi: 0.0100, loss: 0.2870, lr: 9.55e-06
     Epoch[2] Iteration[150/1240], entropy: 0.5796, uncertainty: 2.2702, uncertainty_coeffi: 0.0100, loss: 0.2699, lr: 9.55e-06
     Epoch[2] Iteration[160/1240], entropy: 0.3603, uncertainty: 1.8972, uncertainty_coeffi: 0.0100, loss: 0.1859, lr: 9.55e-06
     Epoch[2] Iteration[170/1240], entropy: 0.4796, uncertainty: 2.0675, uncertainty_coeffi: 0.0100, loss: 0.2197, lr: 9.55e-06
     Epoch[2] Iteration[180/1240], entropy: 0.6353, uncertainty: 2.2494, uncertainty_coeffi: 0.0100, loss: 0.2873, lr: 9.55e-06
     Epoch[2] Iteration[190/1240], entropy: 0.5905, uncertainty: 2.2394, uncertainty_coeffi: 0.0100, loss: 0.2659, lr: 9.55e-06
     Epoch[2] Iteration[200/1240], entropy: 0.4713, uncertainty: 2.0360, uncertainty_coeffi: 0.0100, loss: 0.2240, lr: 9.55e-06
     Epoch[2] Iteration[210/1240], entropy: 0.5736, uncertainty: 2.2609, uncertainty_coeffi: 0.0100, loss: 0.2603, lr: 9.55e-06
     Epoch[2] Iteration[220/1240], entropy: 0.5279, uncertainty: 2.1203, uncertainty_coeffi: 0.0100, loss: 0.2496, lr: 9.55e-06
     Epoch[2] Iteration[230/1240], entropy: 0.5669, uncertainty: 2.2200, uncertainty_coeffi: 0.0100, loss: 0.2561, lr: 9.55e-06
     Epoch[2] Iteration[240/1240], entropy: 0.5447, uncertainty: 2.2382, uncertainty_coeffi: 0.0100, loss: 0.2526, lr: 9.55e-06
     Epoch[2] Iteration[250/1240], entropy: 0.4315, uncertainty: 2.2446, uncertainty_coeffi: 0.0100, loss: 0.1992, lr: 9.55e-06
     Epoch[2] Iteration[260/1240], entropy: 0.3390, uncertainty: 1.9979, uncertainty_coeffi: 0.0100, loss: 0.1648, lr: 9.55e-06
     Epoch[2] Iteration[270/1240], entropy: 0.4741, uncertainty: 2.1710, uncertainty_coeffi: 0.0100, loss: 0.2182, lr: 9.55e-06
     Epoch[2] Iteration[280/1240], entropy: 0.8209, uncertainty: 2.3051, uncertainty_coeffi: 0.0100, loss: 0.3516, lr: 9.55e-06
     Epoch[2] Iteration[290/1240], entropy: 0.2655, uncertainty: 2.0426, uncertainty_coeffi: 0.0100, loss: 0.1403, lr: 9.55e-06
     Epoch[2] Iteration[300/1240], entropy: 0.3439, uncertainty: 2.2542, uncertainty_coeffi: 0.0100, loss: 0.1651, lr: 9.55e-06
     Epoch[2] Iteration[310/1240], entropy: 0.2748, uncertainty: 2.0928, uncertainty_coeffi: 0.0100, loss: 0.1394, lr: 9.55e-06
     Epoch[2] Iteration[320/1240], entropy: 0.4661, uncertainty: 2.1923, uncertainty_coeffi: 0.0100, loss: 0.2264, lr: 9.55e-06
     Epoch[2] Iteration[330/1240], entropy: 0.5526, uncertainty: 2.1057, uncertainty_coeffi: 0.0100, loss: 0.2456, lr: 9.55e-06
     Epoch[2] Iteration[340/1240], entropy: 0.4493, uncertainty: 2.2496, uncertainty_coeffi: 0.0100, loss: 0.2079, lr: 9.55e-06
     Epoch[2] Iteration[350/1240], entropy: 0.4008, uncertainty: 2.1164, uncertainty_coeffi: 0.0100, loss: 0.1838, lr: 9.55e-06
     Epoch[2] Iteration[360/1240], entropy: 0.2594, uncertainty: 2.0054, uncertainty_coeffi: 0.0100, loss: 0.1391, lr: 9.55e-06
     Epoch[2] Iteration[370/1240], entropy: 0.6261, uncertainty: 2.1432, uncertainty_coeffi: 0.0100, loss: 0.2867, lr: 9.55e-06
     Epoch[2] Iteration[380/1240], entropy: 0.5643, uncertainty: 2.2020, uncertainty_coeffi: 0.0100, loss: 0.2634, lr: 9.55e-06
     Epoch[2] Iteration[390/1240], entropy: 0.3714, uncertainty: 2.0845, uncertainty_coeffi: 0.0100, loss: 0.1860, lr: 9.55e-06
     Epoch[2] Iteration[400/1240], entropy: 0.5144, uncertainty: 2.2159, uncertainty_coeffi: 0.0100, loss: 0.2339, lr: 9.55e-06
     Epoch[2] Iteration[410/1240], entropy: 0.5862, uncertainty: 2.2401, uncertainty_coeffi: 0.0100, loss: 0.2662, lr: 9.55e-06
     Epoch[2] Iteration[420/1240], entropy: 0.5719, uncertainty: 2.2132, uncertainty_coeffi: 0.0100, loss: 0.2568, lr: 9.55e-06
     Epoch[2] Iteration[430/1240], entropy: 0.4525, uncertainty: 2.3135, uncertainty_coeffi: 0.0100, loss: 0.2130, lr: 9.55e-06
     Epoch[2] Iteration[440/1240], entropy: 0.5698, uncertainty: 2.2229, uncertainty_coeffi: 0.0100, loss: 0.2563, lr: 9.55e-06
     Epoch[2] Iteration[450/1240], entropy: 0.5535, uncertainty: 2.2829, uncertainty_coeffi: 0.0100, loss: 0.2463, lr: 9.55e-06
     Epoch[2] Iteration[460/1240], entropy: 0.7904, uncertainty: 2.3324, uncertainty_coeffi: 0.0100, loss: 0.3422, lr: 9.55e-06
     Epoch[2] Iteration[470/1240], entropy: 0.5460, uncertainty: 2.2120, uncertainty_coeffi: 0.0100, loss: 0.2512, lr: 9.55e-06
     Epoch[2] Iteration[480/1240], entropy: 0.5520, uncertainty: 2.2901, uncertainty_coeffi: 0.0100, loss: 0.2508, lr: 9.55e-06
     Epoch[2] Iteration[490/1240], entropy: 0.7758, uncertainty: 2.1779, uncertainty_coeffi: 0.0100, loss: 0.3418, lr: 9.55e-06
     Epoch[2] Iteration[500/1240], entropy: 0.3791, uncertainty: 2.1487, uncertainty_coeffi: 0.0100, loss: 0.1847, lr: 9.55e-06
     Epoch[2] Iteration[510/1240], entropy: 0.5638, uncertainty: 2.2609, uncertainty_coeffi: 0.0100, loss: 0.2557, lr: 9.55e-06
     Epoch[2] Iteration[520/1240], entropy: 0.5739, uncertainty: 2.1582, uncertainty_coeffi: 0.0100, loss: 0.2671, lr: 9.55e-06
     Epoch[2] Iteration[530/1240], entropy: 0.5652, uncertainty: 2.2195, uncertainty_coeffi: 0.0100, loss: 0.2506, lr: 9.55e-06
     Epoch[2] Iteration[540/1240], entropy: 0.3970, uncertainty: 2.2782, uncertainty_coeffi: 0.0100, loss: 0.1868, lr: 9.55e-06
     Epoch[2] Iteration[550/1240], entropy: 0.4414, uncertainty: 2.1239, uncertainty_coeffi: 0.0100, loss: 0.2091, lr: 9.55e-06
     Epoch[2] Iteration[560/1240], entropy: 0.4321, uncertainty: 2.1442, uncertainty_coeffi: 0.0100, loss: 0.2145, lr: 9.55e-06
     Epoch[2] Iteration[570/1240], entropy: 0.5856, uncertainty: 2.1353, uncertainty_coeffi: 0.0100, loss: 0.2644, lr: 9.55e-06
     Epoch[2] Iteration[580/1240], entropy: 0.2731, uncertainty: 2.1274, uncertainty_coeffi: 0.0100, loss: 0.1397, lr: 9.55e-06
     Epoch[2] Iteration[590/1240], entropy: 0.3276, uncertainty: 2.0895, uncertainty_coeffi: 0.0100, loss: 0.1603, lr: 9.55e-06
     Epoch[2] Iteration[600/1240], entropy: 0.3115, uncertainty: 2.1228, uncertainty_coeffi: 0.0100, loss: 0.1544, lr: 9.55e-06
     Epoch[2] Iteration[610/1240], entropy: 0.5961, uncertainty: 2.1409, uncertainty_coeffi: 0.0100, loss: 0.2704, lr: 9.55e-06
     Epoch[2] Iteration[620/1240], entropy: 0.5419, uncertainty: 2.1803, uncertainty_coeffi: 0.0100, loss: 0.2434, lr: 9.55e-06
     Epoch[2] Iteration[630/1240], entropy: 0.7750, uncertainty: 2.2555, uncertainty_coeffi: 0.0100, loss: 0.3508, lr: 9.55e-06
     Epoch[2] Iteration[640/1240], entropy: 0.5253, uncertainty: 2.2150, uncertainty_coeffi: 0.0100, loss: 0.2436, lr: 9.55e-06
     Epoch[2] Iteration[650/1240], entropy: 0.8277, uncertainty: 2.2376, uncertainty_coeffi: 0.0100, loss: 0.3675, lr: 9.55e-06
     Epoch[2] Iteration[660/1240], entropy: 0.4149, uncertainty: 2.0192, uncertainty_coeffi: 0.0100, loss: 0.1971, lr: 9.55e-06
     Epoch[2] Iteration[670/1240], entropy: 0.5897, uncertainty: 2.0822, uncertainty_coeffi: 0.0100, loss: 0.2692, lr: 9.55e-06
     Epoch[2] Iteration[680/1240], entropy: 0.4248, uncertainty: 2.0358, uncertainty_coeffi: 0.0100, loss: 0.2042, lr: 9.55e-06
     Epoch[2] Iteration[690/1240], entropy: 0.2983, uncertainty: 2.1646, uncertainty_coeffi: 0.0100, loss: 0.1456, lr: 9.55e-06
     Epoch[2] Iteration[700/1240], entropy: 0.7070, uncertainty: 2.3192, uncertainty_coeffi: 0.0100, loss: 0.3082, lr: 9.55e-06
     Epoch[2] Iteration[710/1240], entropy: 0.7513, uncertainty: 2.2685, uncertainty_coeffi: 0.0100, loss: 0.3328, lr: 9.55e-06
     Epoch[2] Iteration[720/1240], entropy: 0.5861, uncertainty: 2.2948, uncertainty_coeffi: 0.0100, loss: 0.2693, lr: 9.55e-06
     Epoch[2] Iteration[730/1240], entropy: 0.3247, uncertainty: 2.1642, uncertainty_coeffi: 0.0100, loss: 0.1582, lr: 9.55e-06
     Epoch[2] Iteration[740/1240], entropy: 0.4111, uncertainty: 2.1058, uncertainty_coeffi: 0.0100, loss: 0.1946, lr: 9.55e-06
     Epoch[2] Iteration[750/1240], entropy: 0.4726, uncertainty: 2.2257, uncertainty_coeffi: 0.0100, loss: 0.2198, lr: 9.55e-06
     Epoch[2] Iteration[760/1240], entropy: 0.5370, uncertainty: 2.2061, uncertainty_coeffi: 0.0100, loss: 0.2505, lr: 9.55e-06
     Epoch[2] Iteration[770/1240], entropy: 0.5790, uncertainty: 2.3060, uncertainty_coeffi: 0.0100, loss: 0.2634, lr: 9.55e-06
     Epoch[2] Iteration[780/1240], entropy: 0.4055, uncertainty: 2.2274, uncertainty_coeffi: 0.0100, loss: 0.1948, lr: 9.55e-06
     Epoch[2] Iteration[790/1240], entropy: 0.4602, uncertainty: 2.2003, uncertainty_coeffi: 0.0100, loss: 0.2155, lr: 9.55e-06
     Epoch[2] Iteration[800/1240], entropy: 0.4495, uncertainty: 2.0969, uncertainty_coeffi: 0.0100, loss: 0.2089, lr: 9.55e-06
     Epoch[2] Iteration[810/1240], entropy: 0.4626, uncertainty: 2.1237, uncertainty_coeffi: 0.0100, loss: 0.2194, lr: 9.55e-06
     Epoch[2] Iteration[820/1240], entropy: 0.3684, uncertainty: 2.2340, uncertainty_coeffi: 0.0100, loss: 0.1775, lr: 9.55e-06
     Epoch[2] Iteration[830/1240], entropy: 0.3723, uncertainty: 2.0558, uncertainty_coeffi: 0.0100, loss: 0.1773, lr: 9.55e-06
     Epoch[2] Iteration[840/1240], entropy: 0.4830, uncertainty: 2.1229, uncertainty_coeffi: 0.0100, loss: 0.2211, lr: 9.55e-06
     Epoch[2] Iteration[850/1240], entropy: 0.4740, uncertainty: 2.1807, uncertainty_coeffi: 0.0100, loss: 0.2205, lr: 9.55e-06
     Epoch[2] Iteration[860/1240], entropy: 0.3630, uncertainty: 2.0971, uncertainty_coeffi: 0.0100, loss: 0.1769, lr: 9.55e-06
     Epoch[2] Iteration[870/1240], entropy: 0.3949, uncertainty: 2.1897, uncertainty_coeffi: 0.0100, loss: 0.1942, lr: 9.55e-06
     Epoch[2] Iteration[880/1240], entropy: 0.5913, uncertainty: 2.2583, uncertainty_coeffi: 0.0100, loss: 0.2651, lr: 9.55e-06
     Epoch[2] Iteration[890/1240], entropy: 0.4998, uncertainty: 2.1971, uncertainty_coeffi: 0.0100, loss: 0.2291, lr: 9.55e-06
     Epoch[2] Iteration[900/1240], entropy: 0.5223, uncertainty: 2.2300, uncertainty_coeffi: 0.0100, loss: 0.2350, lr: 9.55e-06
     Epoch[2] Iteration[910/1240], entropy: 0.4862, uncertainty: 2.2353, uncertainty_coeffi: 0.0100, loss: 0.2238, lr: 9.55e-06
     Epoch[2] Iteration[920/1240], entropy: 0.4112, uncertainty: 2.1656, uncertainty_coeffi: 0.0100, loss: 0.1941, lr: 9.55e-06
     Epoch[2] Iteration[930/1240], entropy: 0.3586, uncertainty: 2.1851, uncertainty_coeffi: 0.0100, loss: 0.1708, lr: 9.55e-06
     Epoch[2] Iteration[940/1240], entropy: 0.3800, uncertainty: 2.1897, uncertainty_coeffi: 0.0100, loss: 0.1831, lr: 9.55e-06
     Epoch[2] Iteration[950/1240], entropy: 0.4398, uncertainty: 2.0880, uncertainty_coeffi: 0.0100, loss: 0.2076, lr: 9.55e-06
     Epoch[2] Iteration[960/1240], entropy: 0.5142, uncertainty: 2.2050, uncertainty_coeffi: 0.0100, loss: 0.2288, lr: 9.55e-06
     Epoch[2] Iteration[970/1240], entropy: 0.5477, uncertainty: 2.1602, uncertainty_coeffi: 0.0100, loss: 0.2511, lr: 9.55e-06
     Epoch[2] Iteration[980/1240], entropy: 0.7270, uncertainty: 2.3319, uncertainty_coeffi: 0.0100, loss: 0.3171, lr: 9.55e-06
     Epoch[2] Iteration[990/1240], entropy: 0.5939, uncertainty: 2.2017, uncertainty_coeffi: 0.0100, loss: 0.2657, lr: 9.55e-06
     Epoch[2] Iteration[1000/1240], entropy: 0.4836, uncertainty: 2.2613, uncertainty_coeffi: 0.0100, loss: 0.2245, lr: 9.55e-06
     Epoch[2] Iteration[1010/1240], entropy: 0.4124, uncertainty: 2.1357, uncertainty_coeffi: 0.0100, loss: 0.1974, lr: 9.55e-06
     Epoch[2] Iteration[1020/1240], entropy: 0.5043, uncertainty: 2.2576, uncertainty_coeffi: 0.0100, loss: 0.2305, lr: 9.55e-06
     Epoch[2] Iteration[1030/1240], entropy: 0.2989, uncertainty: 2.1770, uncertainty_coeffi: 0.0100, loss: 0.1496, lr: 9.55e-06
     Epoch[2] Iteration[1040/1240], entropy: 0.4135, uncertainty: 2.2010, uncertainty_coeffi: 0.0100, loss: 0.1946, lr: 9.55e-06
     Epoch[2] Iteration[1050/1240], entropy: 0.5204, uncertainty: 2.1200, uncertainty_coeffi: 0.0100, loss: 0.2339, lr: 9.55e-06
     Epoch[2] Iteration[1060/1240], entropy: 0.7003, uncertainty: 2.3607, uncertainty_coeffi: 0.0100, loss: 0.3102, lr: 9.55e-06
     Epoch[2] Iteration[1070/1240], entropy: 0.5738, uncertainty: 2.2528, uncertainty_coeffi: 0.0100, loss: 0.2607, lr: 9.55e-06
     Epoch[2] Iteration[1080/1240], entropy: 0.5785, uncertainty: 2.2799, uncertainty_coeffi: 0.0100, loss: 0.2640, lr: 9.55e-06
     Epoch[2] Iteration[1090/1240], entropy: 0.2544, uncertainty: 2.0609, uncertainty_coeffi: 0.0100, loss: 0.1371, lr: 9.55e-06
     Epoch[2] Iteration[1100/1240], entropy: 0.5816, uncertainty: 2.2484, uncertainty_coeffi: 0.0100, loss: 0.2602, lr: 9.55e-06
     Epoch[2] Iteration[1110/1240], entropy: 0.6382, uncertainty: 2.2207, uncertainty_coeffi: 0.0100, loss: 0.2807, lr: 9.55e-06
     Epoch[2] Iteration[1120/1240], entropy: 0.6263, uncertainty: 2.2843, uncertainty_coeffi: 0.0100, loss: 0.2771, lr: 9.55e-06
     Epoch[2] Iteration[1130/1240], entropy: 0.5359, uncertainty: 2.2058, uncertainty_coeffi: 0.0100, loss: 0.2460, lr: 9.55e-06
     Epoch[2] Iteration[1140/1240], entropy: 0.4422, uncertainty: 2.1921, uncertainty_coeffi: 0.0100, loss: 0.2074, lr: 9.55e-06
     Epoch[2] Iteration[1150/1240], entropy: 0.6232, uncertainty: 2.2324, uncertainty_coeffi: 0.0100, loss: 0.2784, lr: 9.55e-06
     Epoch[2] Iteration[1160/1240], entropy: 0.6565, uncertainty: 2.1896, uncertainty_coeffi: 0.0100, loss: 0.2950, lr: 9.55e-06
     Epoch[2] Iteration[1170/1240], entropy: 0.4863, uncertainty: 2.1376, uncertainty_coeffi: 0.0100, loss: 0.2229, lr: 9.55e-06
     Epoch[2] Iteration[1180/1240], entropy: 0.6210, uncertainty: 2.2361, uncertainty_coeffi: 0.0100, loss: 0.2885, lr: 9.55e-06
     Epoch[2] Iteration[1190/1240], entropy: 0.4578, uncertainty: 2.0693, uncertainty_coeffi: 0.0100, loss: 0.2135, lr: 9.55e-06
     Epoch[2] Iteration[1200/1240], entropy: 0.5472, uncertainty: 2.1288, uncertainty_coeffi: 0.0100, loss: 0.2450, lr: 9.55e-06
     Epoch[2] Iteration[1210/1240], entropy: 0.6279, uncertainty: 2.2186, uncertainty_coeffi: 0.0100, loss: 0.2868, lr: 9.55e-06
     Epoch[2] Iteration[1220/1240], entropy: 0.2873, uncertainty: 1.9887, uncertainty_coeffi: 0.0100, loss: 0.1440, lr: 9.55e-06
     Epoch[2] Iteration[1230/1240], entropy: 0.6782, uncertainty: 2.3022, uncertainty_coeffi: 0.0100, loss: 0.3029, lr: 9.55e-06
     Epoch[2] Iteration[1240/1240], entropy: 0.4836, uncertainty: 2.0927, uncertainty_coeffi: 0.0100, loss: 0.2323, lr: 3.45e-05
     Averaged stats: entropy_avg: 0.5006, uncertainty_avg: 2.1781, uncertainty_coeffi_avg: 0.0100, loss_avg: 0.2311, lr_avg: 9.75e-06
     itm tta time 0:02:17
### TTA Eval Score: 
+-------+--------+--------+--------+--------+-------+
| epoch |   R1   |   R5   |  R10   |  mAP   |  mINP |
+-------+--------+--------+--------+--------+-------+
|  -999 | 60.656 | 77.499 | 83.268 | 35.543 | 6.006 |
|   0   | 61.810 | 77.484 | 83.021 | 36.117 | 6.038 |
|   1   | 61.961 | 77.433 | 82.850 | 36.057 | 6.006 |
|   2   | 61.956 | 77.287 | 82.809 | 36.032 | 6.008 |
+-------+--------+--------+--------+--------+-------+
     logs:  {'epo': 2, 'R1': np.float32(61.956), 'R5': np.float32(77.287), 'R10': np.float32(82.809), 'mAP': np.float32(36.032), 'mINP': np.float32(6.008), 'entropy': 0.5005847960710526, 'uncertainty': 2.178113009660475, 'uncertainty_coeffi': 0.009999999776482582, 'loss': 0.2311006300151348, 'lr': 9.750763184484676e-06}
     Epoch[3] Iteration[10/1240], entropy: 0.3715, uncertainty: 2.1080, uncertainty_coeffi: 0.0100, loss: 0.1734, lr: 3.45e-05
     Epoch[3] Iteration[20/1240], entropy: 0.4921, uncertainty: 2.2170, uncertainty_coeffi: 0.0100, loss: 0.2251, lr: 3.45e-05
     Epoch[3] Iteration[30/1240], entropy: 0.3441, uncertainty: 2.1241, uncertainty_coeffi: 0.0100, loss: 0.1750, lr: 3.45e-05
     Epoch[3] Iteration[40/1240], entropy: 0.4660, uncertainty: 2.2638, uncertainty_coeffi: 0.0100, loss: 0.2174, lr: 3.45e-05
     Epoch[3] Iteration[50/1240], entropy: 0.6213, uncertainty: 2.1355, uncertainty_coeffi: 0.0100, loss: 0.2731, lr: 3.45e-05
     Epoch[3] Iteration[60/1240], entropy: 0.4587, uncertainty: 2.0676, uncertainty_coeffi: 0.0100, loss: 0.2188, lr: 3.45e-05
     Epoch[3] Iteration[70/1240], entropy: 0.4496, uncertainty: 2.1674, uncertainty_coeffi: 0.0100, loss: 0.2088, lr: 3.45e-05
     Epoch[3] Iteration[80/1240], entropy: 0.7136, uncertainty: 2.1594, uncertainty_coeffi: 0.0100, loss: 0.3220, lr: 3.45e-05
     Epoch[3] Iteration[90/1240], entropy: 0.4384, uncertainty: 2.2377, uncertainty_coeffi: 0.0100, loss: 0.2046, lr: 3.45e-05
     Epoch[3] Iteration[100/1240], entropy: 0.5765, uncertainty: 2.1787, uncertainty_coeffi: 0.0100, loss: 0.2670, lr: 3.45e-05
     Epoch[3] Iteration[110/1240], entropy: 0.5358, uncertainty: 2.1485, uncertainty_coeffi: 0.0100, loss: 0.2387, lr: 3.45e-05
     Epoch[3] Iteration[120/1240], entropy: 0.5824, uncertainty: 2.2667, uncertainty_coeffi: 0.0100, loss: 0.2614, lr: 3.45e-05
     Epoch[3] Iteration[130/1240], entropy: 0.4961, uncertainty: 2.1020, uncertainty_coeffi: 0.0100, loss: 0.2266, lr: 3.45e-05
     Epoch[3] Iteration[140/1240], entropy: 0.5479, uncertainty: 2.2345, uncertainty_coeffi: 0.0100, loss: 0.2457, lr: 3.45e-05
     Epoch[3] Iteration[150/1240], entropy: 0.4624, uncertainty: 2.1445, uncertainty_coeffi: 0.0100, loss: 0.2155, lr: 3.45e-05
     Epoch[3] Iteration[160/1240], entropy: 0.5403, uncertainty: 2.2059, uncertainty_coeffi: 0.0100, loss: 0.2448, lr: 3.45e-05
     Epoch[3] Iteration[170/1240], entropy: 0.3321, uncertainty: 2.1399, uncertainty_coeffi: 0.0100, loss: 0.1610, lr: 3.45e-05
     Epoch[3] Iteration[180/1240], entropy: 0.5184, uncertainty: 2.1167, uncertainty_coeffi: 0.0100, loss: 0.2387, lr: 3.45e-05
     Epoch[3] Iteration[190/1240], entropy: 0.5516, uncertainty: 2.2889, uncertainty_coeffi: 0.0100, loss: 0.2493, lr: 3.45e-05
     Epoch[3] Iteration[200/1240], entropy: 0.5928, uncertainty: 2.2560, uncertainty_coeffi: 0.0100, loss: 0.2662, lr: 3.45e-05
     Epoch[3] Iteration[210/1240], entropy: 0.3887, uncertainty: 2.1207, uncertainty_coeffi: 0.0100, loss: 0.1891, lr: 3.45e-05
     Epoch[3] Iteration[220/1240], entropy: 0.3522, uncertainty: 2.2027, uncertainty_coeffi: 0.0100, loss: 0.1713, lr: 3.45e-05
     Epoch[3] Iteration[230/1240], entropy: 0.5434, uncertainty: 2.2584, uncertainty_coeffi: 0.0100, loss: 0.2526, lr: 3.45e-05
     Epoch[3] Iteration[240/1240], entropy: 0.4537, uncertainty: 2.1538, uncertainty_coeffi: 0.0100, loss: 0.2105, lr: 3.45e-05
     Epoch[3] Iteration[250/1240], entropy: 0.6712, uncertainty: 2.1749, uncertainty_coeffi: 0.0100, loss: 0.3087, lr: 3.45e-05
     Epoch[3] Iteration[260/1240], entropy: 0.4935, uncertainty: 2.2012, uncertainty_coeffi: 0.0100, loss: 0.2267, lr: 3.45e-05
     Epoch[3] Iteration[270/1240], entropy: 0.4042, uncertainty: 2.0834, uncertainty_coeffi: 0.0100, loss: 0.2125, lr: 3.45e-05
     Epoch[3] Iteration[280/1240], entropy: 0.6483, uncertainty: 2.3581, uncertainty_coeffi: 0.0100, loss: 0.2889, lr: 3.45e-05
     Epoch[3] Iteration[290/1240], entropy: 0.6844, uncertainty: 2.3264, uncertainty_coeffi: 0.0100, loss: 0.2961, lr: 3.45e-05
     Epoch[3] Iteration[300/1240], entropy: 0.5141, uncertainty: 2.2696, uncertainty_coeffi: 0.0100, loss: 0.2353, lr: 3.45e-05
     Epoch[3] Iteration[310/1240], entropy: 0.4061, uncertainty: 2.0700, uncertainty_coeffi: 0.0100, loss: 0.2030, lr: 3.45e-05
     Epoch[3] Iteration[320/1240], entropy: 0.3820, uncertainty: 2.1163, uncertainty_coeffi: 0.0100, loss: 0.1863, lr: 3.45e-05
     Epoch[3] Iteration[330/1240], entropy: 0.3777, uncertainty: 2.1999, uncertainty_coeffi: 0.0100, loss: 0.1768, lr: 3.45e-05
     Epoch[3] Iteration[340/1240], entropy: 0.5112, uncertainty: 2.0814, uncertainty_coeffi: 0.0100, loss: 0.2359, lr: 3.45e-05
     Epoch[3] Iteration[350/1240], entropy: 0.5800, uncertainty: 2.3607, uncertainty_coeffi: 0.0100, loss: 0.2612, lr: 3.45e-05
     Epoch[3] Iteration[360/1240], entropy: 0.4545, uncertainty: 2.1443, uncertainty_coeffi: 0.0100, loss: 0.2093, lr: 3.45e-05
     Epoch[3] Iteration[370/1240], entropy: 0.6402, uncertainty: 2.2523, uncertainty_coeffi: 0.0100, loss: 0.2927, lr: 3.45e-05
     Epoch[3] Iteration[380/1240], entropy: 0.6308, uncertainty: 2.2380, uncertainty_coeffi: 0.0100, loss: 0.2845, lr: 3.45e-05
     Epoch[3] Iteration[390/1240], entropy: 0.3365, uncertainty: 2.1035, uncertainty_coeffi: 0.0100, loss: 0.1680, lr: 3.45e-05
     Epoch[3] Iteration[400/1240], entropy: 0.4887, uncertainty: 2.1327, uncertainty_coeffi: 0.0100, loss: 0.2192, lr: 3.45e-05
     Epoch[3] Iteration[410/1240], entropy: 0.6204, uncertainty: 2.2110, uncertainty_coeffi: 0.0100, loss: 0.2757, lr: 3.45e-05
     Epoch[3] Iteration[420/1240], entropy: 0.6025, uncertainty: 2.1989, uncertainty_coeffi: 0.0100, loss: 0.2783, lr: 3.45e-05
     Epoch[3] Iteration[430/1240], entropy: 0.5551, uncertainty: 2.2480, uncertainty_coeffi: 0.0100, loss: 0.2493, lr: 3.45e-05
     Epoch[3] Iteration[440/1240], entropy: 0.2982, uncertainty: 2.1452, uncertainty_coeffi: 0.0100, loss: 0.1536, lr: 3.45e-05
     Epoch[3] Iteration[450/1240], entropy: 0.3502, uncertainty: 2.0931, uncertainty_coeffi: 0.0100, loss: 0.1766, lr: 3.45e-05
     Epoch[3] Iteration[460/1240], entropy: 0.6280, uncertainty: 2.1835, uncertainty_coeffi: 0.0100, loss: 0.2883, lr: 3.45e-05
     Epoch[3] Iteration[470/1240], entropy: 0.5167, uncertainty: 2.1948, uncertainty_coeffi: 0.0100, loss: 0.2405, lr: 3.45e-05
     Epoch[3] Iteration[480/1240], entropy: 0.4259, uncertainty: 2.2461, uncertainty_coeffi: 0.0100, loss: 0.2026, lr: 3.45e-05
     Epoch[3] Iteration[490/1240], entropy: 0.3209, uncertainty: 2.0554, uncertainty_coeffi: 0.0100, loss: 0.1613, lr: 3.45e-05
     Epoch[3] Iteration[500/1240], entropy: 0.3707, uncertainty: 2.0678, uncertainty_coeffi: 0.0100, loss: 0.1790, lr: 3.45e-05
     Epoch[3] Iteration[510/1240], entropy: 0.4949, uncertainty: 2.1908, uncertainty_coeffi: 0.0100, loss: 0.2259, lr: 3.45e-05
     Epoch[3] Iteration[520/1240], entropy: 0.4662, uncertainty: 2.1617, uncertainty_coeffi: 0.0100, loss: 0.2130, lr: 3.45e-05
     Epoch[3] Iteration[530/1240], entropy: 0.6387, uncertainty: 2.3996, uncertainty_coeffi: 0.0100, loss: 0.2793, lr: 3.45e-05
     Epoch[3] Iteration[540/1240], entropy: 0.4842, uncertainty: 2.1075, uncertainty_coeffi: 0.0100, loss: 0.2196, lr: 3.45e-05
     Epoch[3] Iteration[550/1240], entropy: 0.3447, uncertainty: 2.1127, uncertainty_coeffi: 0.0100, loss: 0.1671, lr: 3.45e-05
     Epoch[3] Iteration[560/1240], entropy: 0.7043, uncertainty: 2.3469, uncertainty_coeffi: 0.0100, loss: 0.3052, lr: 3.45e-05
     Epoch[3] Iteration[570/1240], entropy: 0.5688, uncertainty: 2.2500, uncertainty_coeffi: 0.0100, loss: 0.2576, lr: 3.45e-05
     Epoch[3] Iteration[580/1240], entropy: 0.6008, uncertainty: 2.3021, uncertainty_coeffi: 0.0100, loss: 0.2737, lr: 3.45e-05
     Epoch[3] Iteration[590/1240], entropy: 0.2715, uncertainty: 2.0939, uncertainty_coeffi: 0.0100, loss: 0.1411, lr: 3.45e-05
     Epoch[3] Iteration[600/1240], entropy: 0.1907, uncertainty: 1.9859, uncertainty_coeffi: 0.0100, loss: 0.1094, lr: 3.45e-05
     Epoch[3] Iteration[610/1240], entropy: 0.3572, uncertainty: 2.1489, uncertainty_coeffi: 0.0100, loss: 0.1712, lr: 3.45e-05
     Epoch[3] Iteration[620/1240], entropy: 0.4092, uncertainty: 2.2079, uncertainty_coeffi: 0.0100, loss: 0.1956, lr: 3.45e-05
     Epoch[3] Iteration[630/1240], entropy: 0.3354, uncertainty: 2.1282, uncertainty_coeffi: 0.0100, loss: 0.1645, lr: 3.45e-05
     Epoch[3] Iteration[640/1240], entropy: 0.4555, uncertainty: 2.2761, uncertainty_coeffi: 0.0100, loss: 0.2126, lr: 3.45e-05
     Epoch[3] Iteration[650/1240], entropy: 0.4587, uncertainty: 2.1763, uncertainty_coeffi: 0.0100, loss: 0.2194, lr: 3.45e-05
     Epoch[3] Iteration[660/1240], entropy: 0.3772, uncertainty: 2.1878, uncertainty_coeffi: 0.0100, loss: 0.1800, lr: 3.45e-05
     Epoch[3] Iteration[670/1240], entropy: 0.3951, uncertainty: 2.1403, uncertainty_coeffi: 0.0100, loss: 0.1988, lr: 3.45e-05
     Epoch[3] Iteration[680/1240], entropy: 0.3467, uncertainty: 1.9957, uncertainty_coeffi: 0.0100, loss: 0.1691, lr: 3.45e-05
     Epoch[3] Iteration[690/1240], entropy: 0.5266, uncertainty: 2.3058, uncertainty_coeffi: 0.0100, loss: 0.2399, lr: 3.45e-05
     Epoch[3] Iteration[700/1240], entropy: 0.4781, uncertainty: 2.0654, uncertainty_coeffi: 0.0100, loss: 0.2198, lr: 3.45e-05
     Epoch[3] Iteration[710/1240], entropy: 0.5197, uncertainty: 2.1963, uncertainty_coeffi: 0.0100, loss: 0.2325, lr: 3.45e-05
     Epoch[3] Iteration[720/1240], entropy: 0.6677, uncertainty: 2.2464, uncertainty_coeffi: 0.0100, loss: 0.2892, lr: 3.45e-05
     Epoch[3] Iteration[730/1240], entropy: 0.4054, uncertainty: 2.1489, uncertainty_coeffi: 0.0100, loss: 0.1972, lr: 3.45e-05
     Epoch[3] Iteration[740/1240], entropy: 0.4680, uncertainty: 2.1429, uncertainty_coeffi: 0.0100, loss: 0.2174, lr: 3.45e-05
     Epoch[3] Iteration[750/1240], entropy: 0.6619, uncertainty: 2.2279, uncertainty_coeffi: 0.0100, loss: 0.2847, lr: 3.45e-05
     Epoch[3] Iteration[760/1240], entropy: 0.3793, uncertainty: 2.1642, uncertainty_coeffi: 0.0100, loss: 0.1811, lr: 3.45e-05
     Epoch[3] Iteration[770/1240], entropy: 0.4237, uncertainty: 2.1819, uncertainty_coeffi: 0.0100, loss: 0.1946, lr: 3.45e-05
     Epoch[3] Iteration[780/1240], entropy: 0.6741, uncertainty: 2.3560, uncertainty_coeffi: 0.0100, loss: 0.2954, lr: 3.45e-05
     Epoch[3] Iteration[790/1240], entropy: 0.6382, uncertainty: 2.3073, uncertainty_coeffi: 0.0100, loss: 0.2872, lr: 3.45e-05
     Epoch[3] Iteration[800/1240], entropy: 0.6441, uncertainty: 2.2706, uncertainty_coeffi: 0.0100, loss: 0.2955, lr: 3.45e-05
     Epoch[3] Iteration[810/1240], entropy: 0.5273, uncertainty: 2.2321, uncertainty_coeffi: 0.0100, loss: 0.2438, lr: 3.45e-05
     Epoch[3] Iteration[820/1240], entropy: 0.3898, uncertainty: 2.1364, uncertainty_coeffi: 0.0100, loss: 0.1855, lr: 3.45e-05
     Epoch[3] Iteration[830/1240], entropy: 0.5918, uncertainty: 2.2277, uncertainty_coeffi: 0.0100, loss: 0.2688, lr: 3.45e-05
     Epoch[3] Iteration[840/1240], entropy: 0.3405, uncertainty: 2.1263, uncertainty_coeffi: 0.0100, loss: 0.1700, lr: 3.45e-05
     Epoch[3] Iteration[850/1240], entropy: 0.5373, uncertainty: 2.3015, uncertainty_coeffi: 0.0100, loss: 0.2480, lr: 3.45e-05
     Epoch[3] Iteration[860/1240], entropy: 0.6133, uncertainty: 2.3565, uncertainty_coeffi: 0.0100, loss: 0.2746, lr: 3.45e-05
     Epoch[3] Iteration[870/1240], entropy: 0.4169, uncertainty: 2.2186, uncertainty_coeffi: 0.0100, loss: 0.1907, lr: 3.45e-05
     Epoch[3] Iteration[880/1240], entropy: 0.3618, uncertainty: 2.1788, uncertainty_coeffi: 0.0100, loss: 0.1743, lr: 3.45e-05
     Epoch[3] Iteration[890/1240], entropy: 0.5030, uncertainty: 2.2605, uncertainty_coeffi: 0.0100, loss: 0.2339, lr: 3.45e-05
     Epoch[3] Iteration[900/1240], entropy: 0.5896, uncertainty: 2.3292, uncertainty_coeffi: 0.0100, loss: 0.2586, lr: 3.45e-05
     Epoch[3] Iteration[910/1240], entropy: 0.4787, uncertainty: 2.2407, uncertainty_coeffi: 0.0100, loss: 0.2232, lr: 3.45e-05
     Epoch[3] Iteration[920/1240], entropy: 0.3856, uncertainty: 2.1447, uncertainty_coeffi: 0.0100, loss: 0.1837, lr: 3.45e-05
     Epoch[3] Iteration[930/1240], entropy: 0.4679, uncertainty: 2.1509, uncertainty_coeffi: 0.0100, loss: 0.2147, lr: 3.45e-05
     Epoch[3] Iteration[940/1240], entropy: 0.3489, uncertainty: 2.0899, uncertainty_coeffi: 0.0100, loss: 0.1726, lr: 3.45e-05
     Epoch[3] Iteration[950/1240], entropy: 0.3127, uncertainty: 2.1354, uncertainty_coeffi: 0.0100, loss: 0.1625, lr: 3.45e-05
     Epoch[3] Iteration[960/1240], entropy: 0.5895, uncertainty: 2.0943, uncertainty_coeffi: 0.0100, loss: 0.2611, lr: 3.45e-05
     Epoch[3] Iteration[970/1240], entropy: 0.3948, uncertainty: 2.0785, uncertainty_coeffi: 0.0100, loss: 0.1891, lr: 3.45e-05
     Epoch[3] Iteration[980/1240], entropy: 0.7033, uncertainty: 2.2624, uncertainty_coeffi: 0.0100, loss: 0.3125, lr: 3.45e-05
     Epoch[3] Iteration[990/1240], entropy: 0.8046, uncertainty: 2.2779, uncertainty_coeffi: 0.0100, loss: 0.3423, lr: 3.45e-05
     Epoch[3] Iteration[1000/1240], entropy: 0.3898, uncertainty: 2.1589, uncertainty_coeffi: 0.0100, loss: 0.1898, lr: 3.45e-05
     Epoch[3] Iteration[1010/1240], entropy: 0.6024, uncertainty: 2.3176, uncertainty_coeffi: 0.0100, loss: 0.2711, lr: 3.45e-05
     Epoch[3] Iteration[1020/1240], entropy: 0.5694, uncertainty: 2.1912, uncertainty_coeffi: 0.0100, loss: 0.2599, lr: 3.45e-05
     Epoch[3] Iteration[1030/1240], entropy: 0.4368, uncertainty: 2.1943, uncertainty_coeffi: 0.0100, loss: 0.2032, lr: 3.45e-05
     Epoch[3] Iteration[1040/1240], entropy: 0.5221, uncertainty: 2.2364, uncertainty_coeffi: 0.0100, loss: 0.2371, lr: 3.45e-05
     Epoch[3] Iteration[1050/1240], entropy: 0.6550, uncertainty: 2.1755, uncertainty_coeffi: 0.0100, loss: 0.2904, lr: 3.45e-05
     Epoch[3] Iteration[1060/1240], entropy: 0.5676, uncertainty: 2.2060, uncertainty_coeffi: 0.0100, loss: 0.2587, lr: 3.45e-05
     Epoch[3] Iteration[1070/1240], entropy: 0.4886, uncertainty: 2.1250, uncertainty_coeffi: 0.0100, loss: 0.2237, lr: 3.45e-05
     Epoch[3] Iteration[1080/1240], entropy: 0.2955, uncertainty: 2.1542, uncertainty_coeffi: 0.0100, loss: 0.1481, lr: 3.45e-05
     Epoch[3] Iteration[1090/1240], entropy: 0.5163, uncertainty: 2.2147, uncertainty_coeffi: 0.0100, loss: 0.2391, lr: 3.45e-05
     Epoch[3] Iteration[1100/1240], entropy: 0.6692, uncertainty: 2.1966, uncertainty_coeffi: 0.0100, loss: 0.3013, lr: 3.45e-05
     Epoch[3] Iteration[1110/1240], entropy: 0.4165, uncertainty: 2.2542, uncertainty_coeffi: 0.0100, loss: 0.1978, lr: 3.45e-05
     Epoch[3] Iteration[1120/1240], entropy: 0.6649, uncertainty: 2.2228, uncertainty_coeffi: 0.0100, loss: 0.2911, lr: 3.45e-05
     Epoch[3] Iteration[1130/1240], entropy: 0.3417, uncertainty: 2.1004, uncertainty_coeffi: 0.0100, loss: 0.1695, lr: 3.45e-05
     Epoch[3] Iteration[1140/1240], entropy: 0.6958, uncertainty: 2.1270, uncertainty_coeffi: 0.0100, loss: 0.3024, lr: 3.45e-05
     Epoch[3] Iteration[1150/1240], entropy: 0.3799, uncertainty: 2.2113, uncertainty_coeffi: 0.0100, loss: 0.1833, lr: 3.45e-05
     Epoch[3] Iteration[1160/1240], entropy: 0.4828, uncertainty: 2.1728, uncertainty_coeffi: 0.0100, loss: 0.2237, lr: 3.45e-05
     Epoch[3] Iteration[1170/1240], entropy: 0.2729, uncertainty: 2.1884, uncertainty_coeffi: 0.0100, loss: 0.1359, lr: 3.45e-05
     Epoch[3] Iteration[1180/1240], entropy: 0.3848, uncertainty: 1.9519, uncertainty_coeffi: 0.0100, loss: 0.1978, lr: 3.45e-05
     Epoch[3] Iteration[1190/1240], entropy: 0.7857, uncertainty: 2.1994, uncertainty_coeffi: 0.0100, loss: 0.3413, lr: 3.45e-05
     Epoch[3] Iteration[1200/1240], entropy: 0.6350, uncertainty: 2.1709, uncertainty_coeffi: 0.0100, loss: 0.2784, lr: 3.45e-05
     Epoch[3] Iteration[1210/1240], entropy: 0.5037, uncertainty: 2.1853, uncertainty_coeffi: 0.0100, loss: 0.2314, lr: 3.45e-05
     Epoch[3] Iteration[1220/1240], entropy: 0.3767, uncertainty: 2.1817, uncertainty_coeffi: 0.0100, loss: 0.1796, lr: 3.45e-05
     Epoch[3] Iteration[1230/1240], entropy: 0.5536, uncertainty: 2.1836, uncertainty_coeffi: 0.0100, loss: 0.2467, lr: 3.45e-05
     Epoch[3] Iteration[1240/1240], entropy: 0.4560, uncertainty: 2.1921, uncertainty_coeffi: 0.0100, loss: 0.2123, lr: 3.45e-05
     Averaged stats: entropy_avg: 0.4931, uncertainty_avg: 2.1874, uncertainty_coeffi_avg: 0.0100, loss_avg: 0.2276, lr_avg: 3.45e-05
     itm tta time 0:02:16
     Epoch[4] Iteration[10/1240], entropy: 0.5055, uncertainty: 2.2424, uncertainty_coeffi: 0.0100, loss: 0.2269, lr: 3.45e-05
     Epoch[4] Iteration[20/1240], entropy: 0.2374, uncertainty: 2.0170, uncertainty_coeffi: 0.0100, loss: 0.1193, lr: 3.45e-05
     Epoch[4] Iteration[30/1240], entropy: 0.4457, uncertainty: 2.2162, uncertainty_coeffi: 0.0100, loss: 0.2033, lr: 3.45e-05
     Epoch[4] Iteration[40/1240], entropy: 0.5332, uncertainty: 2.1473, uncertainty_coeffi: 0.0100, loss: 0.2385, lr: 3.45e-05
     Epoch[4] Iteration[50/1240], entropy: 0.4941, uncertainty: 2.1172, uncertainty_coeffi: 0.0100, loss: 0.2291, lr: 3.45e-05
     Epoch[4] Iteration[60/1240], entropy: 0.5295, uncertainty: 2.2574, uncertainty_coeffi: 0.0100, loss: 0.2401, lr: 3.45e-05
     Epoch[4] Iteration[70/1240], entropy: 0.3938, uncertainty: 2.1748, uncertainty_coeffi: 0.0100, loss: 0.1965, lr: 3.45e-05
     Epoch[4] Iteration[80/1240], entropy: 0.4745, uncertainty: 2.2027, uncertainty_coeffi: 0.0100, loss: 0.2190, lr: 3.45e-05
     Epoch[4] Iteration[90/1240], entropy: 0.6153, uncertainty: 2.2936, uncertainty_coeffi: 0.0100, loss: 0.2717, lr: 3.45e-05
     Epoch[4] Iteration[100/1240], entropy: 0.6624, uncertainty: 2.1574, uncertainty_coeffi: 0.0100, loss: 0.3021, lr: 3.45e-05
     Epoch[4] Iteration[110/1240], entropy: 0.4938, uncertainty: 2.1502, uncertainty_coeffi: 0.0100, loss: 0.2300, lr: 3.45e-05
     Epoch[4] Iteration[120/1240], entropy: 0.3672, uncertainty: 2.0996, uncertainty_coeffi: 0.0100, loss: 0.1757, lr: 3.45e-05
     Epoch[4] Iteration[130/1240], entropy: 0.7221, uncertainty: 2.3088, uncertainty_coeffi: 0.0100, loss: 0.3184, lr: 3.45e-05
     Epoch[4] Iteration[140/1240], entropy: 0.2890, uncertainty: 2.0940, uncertainty_coeffi: 0.0100, loss: 0.1458, lr: 3.45e-05
     Epoch[4] Iteration[150/1240], entropy: 0.4480, uncertainty: 2.1984, uncertainty_coeffi: 0.0100, loss: 0.2130, lr: 3.45e-05
     Epoch[4] Iteration[160/1240], entropy: 0.4541, uncertainty: 2.1894, uncertainty_coeffi: 0.0100, loss: 0.2157, lr: 3.45e-05
     Epoch[4] Iteration[170/1240], entropy: 0.4361, uncertainty: 2.2419, uncertainty_coeffi: 0.0100, loss: 0.2005, lr: 3.45e-05
     Epoch[4] Iteration[180/1240], entropy: 0.5532, uncertainty: 2.2223, uncertainty_coeffi: 0.0100, loss: 0.2493, lr: 3.45e-05
     Epoch[4] Iteration[190/1240], entropy: 0.6159, uncertainty: 2.2431, uncertainty_coeffi: 0.0100, loss: 0.2791, lr: 3.45e-05
     Epoch[4] Iteration[200/1240], entropy: 0.2706, uncertainty: 2.0922, uncertainty_coeffi: 0.0100, loss: 0.1385, lr: 3.45e-05
     Epoch[4] Iteration[210/1240], entropy: 0.6283, uncertainty: 2.2552, uncertainty_coeffi: 0.0100, loss: 0.2828, lr: 3.45e-05
     Epoch[4] Iteration[220/1240], entropy: 0.4063, uncertainty: 2.1253, uncertainty_coeffi: 0.0100, loss: 0.1896, lr: 3.45e-05
     Epoch[4] Iteration[230/1240], entropy: 0.6155, uncertainty: 2.2658, uncertainty_coeffi: 0.0100, loss: 0.2804, lr: 3.45e-05
     Epoch[4] Iteration[240/1240], entropy: 0.3163, uncertainty: 2.1108, uncertainty_coeffi: 0.0100, loss: 0.1583, lr: 3.45e-05
     Epoch[4] Iteration[250/1240], entropy: 0.5939, uncertainty: 2.2997, uncertainty_coeffi: 0.0100, loss: 0.2716, lr: 3.45e-05
     Epoch[4] Iteration[260/1240], entropy: 0.6302, uncertainty: 2.2882, uncertainty_coeffi: 0.0100, loss: 0.2798, lr: 3.45e-05
     Epoch[4] Iteration[270/1240], entropy: 0.5091, uncertainty: 2.1114, uncertainty_coeffi: 0.0100, loss: 0.2338, lr: 3.45e-05
     Epoch[4] Iteration[280/1240], entropy: 0.5102, uncertainty: 2.1219, uncertainty_coeffi: 0.0100, loss: 0.2357, lr: 3.45e-05
     Epoch[4] Iteration[290/1240], entropy: 0.4905, uncertainty: 2.1821, uncertainty_coeffi: 0.0100, loss: 0.2348, lr: 3.45e-05
     Epoch[4] Iteration[300/1240], entropy: 0.4263, uncertainty: 2.1082, uncertainty_coeffi: 0.0100, loss: 0.2030, lr: 3.45e-05
     Epoch[4] Iteration[310/1240], entropy: 0.5063, uncertainty: 2.0659, uncertainty_coeffi: 0.0100, loss: 0.2306, lr: 3.45e-05
     Epoch[4] Iteration[320/1240], entropy: 0.3873, uncertainty: 2.1139, uncertainty_coeffi: 0.0100, loss: 0.1851, lr: 3.45e-05
     Epoch[4] Iteration[330/1240], entropy: 0.5540, uncertainty: 2.2259, uncertainty_coeffi: 0.0100, loss: 0.2498, lr: 3.45e-05
     Epoch[4] Iteration[340/1240], entropy: 0.3725, uncertainty: 2.1219, uncertainty_coeffi: 0.0100, loss: 0.1855, lr: 3.45e-05
     Epoch[4] Iteration[350/1240], entropy: 0.6210, uncertainty: 2.2804, uncertainty_coeffi: 0.0100, loss: 0.2744, lr: 3.45e-05
     Epoch[4] Iteration[360/1240], entropy: 0.3329, uncertainty: 2.0411, uncertainty_coeffi: 0.0100, loss: 0.1754, lr: 3.45e-05
     Epoch[4] Iteration[370/1240], entropy: 0.3472, uncertainty: 1.9485, uncertainty_coeffi: 0.0100, loss: 0.1713, lr: 3.45e-05
     Epoch[4] Iteration[380/1240], entropy: 0.5595, uncertainty: 2.2075, uncertainty_coeffi: 0.0100, loss: 0.2563, lr: 3.45e-05
     Epoch[4] Iteration[390/1240], entropy: 0.3463, uncertainty: 1.8929, uncertainty_coeffi: 0.0100, loss: 0.1666, lr: 3.45e-05
     Epoch[4] Iteration[400/1240], entropy: 0.4227, uncertainty: 2.1919, uncertainty_coeffi: 0.0100, loss: 0.2015, lr: 3.45e-05
     Epoch[4] Iteration[410/1240], entropy: 0.5082, uncertainty: 2.1641, uncertainty_coeffi: 0.0100, loss: 0.2298, lr: 3.45e-05
     Epoch[4] Iteration[420/1240], entropy: 0.6108, uncertainty: 2.2348, uncertainty_coeffi: 0.0100, loss: 0.2863, lr: 3.45e-05
     Epoch[4] Iteration[430/1240], entropy: 0.5250, uncertainty: 2.1260, uncertainty_coeffi: 0.0100, loss: 0.2422, lr: 3.45e-05
     Epoch[4] Iteration[440/1240], entropy: 0.5451, uncertainty: 2.2993, uncertainty_coeffi: 0.0100, loss: 0.2489, lr: 3.45e-05
     Epoch[4] Iteration[450/1240], entropy: 0.5481, uncertainty: 2.2852, uncertainty_coeffi: 0.0100, loss: 0.2491, lr: 3.45e-05
     Epoch[4] Iteration[460/1240], entropy: 0.4323, uncertainty: 2.1453, uncertainty_coeffi: 0.0100, loss: 0.2013, lr: 3.45e-05
     Epoch[4] Iteration[470/1240], entropy: 0.7730, uncertainty: 2.2480, uncertainty_coeffi: 0.0100, loss: 0.3454, lr: 3.45e-05
     Epoch[4] Iteration[480/1240], entropy: 0.5486, uncertainty: 2.2223, uncertainty_coeffi: 0.0100, loss: 0.2448, lr: 3.45e-05
     Epoch[4] Iteration[490/1240], entropy: 0.4181, uncertainty: 2.1653, uncertainty_coeffi: 0.0100, loss: 0.1982, lr: 3.45e-05
     Epoch[4] Iteration[500/1240], entropy: 0.3773, uncertainty: 2.1243, uncertainty_coeffi: 0.0100, loss: 0.1744, lr: 3.45e-05
     Epoch[4] Iteration[510/1240], entropy: 0.6193, uncertainty: 2.2620, uncertainty_coeffi: 0.0100, loss: 0.2736, lr: 3.45e-05
     Epoch[4] Iteration[520/1240], entropy: 0.4764, uncertainty: 2.0480, uncertainty_coeffi: 0.0100, loss: 0.2206, lr: 3.45e-05
     Epoch[4] Iteration[530/1240], entropy: 0.3225, uncertainty: 2.0230, uncertainty_coeffi: 0.0100, loss: 0.1544, lr: 3.45e-05
     Epoch[4] Iteration[540/1240], entropy: 0.4918, uncertainty: 2.2569, uncertainty_coeffi: 0.0100, loss: 0.2279, lr: 3.45e-05
     Epoch[4] Iteration[550/1240], entropy: 0.6624, uncertainty: 2.2534, uncertainty_coeffi: 0.0100, loss: 0.2986, lr: 3.45e-05
     Epoch[4] Iteration[560/1240], entropy: 0.6645, uncertainty: 2.1522, uncertainty_coeffi: 0.0100, loss: 0.3000, lr: 3.45e-05
     Epoch[4] Iteration[570/1240], entropy: 0.3881, uncertainty: 2.2253, uncertainty_coeffi: 0.0100, loss: 0.1816, lr: 3.45e-05
     Epoch[4] Iteration[580/1240], entropy: 0.3481, uncertainty: 2.0816, uncertainty_coeffi: 0.0100, loss: 0.1751, lr: 3.45e-05
     Epoch[4] Iteration[590/1240], entropy: 0.3374, uncertainty: 2.2187, uncertainty_coeffi: 0.0100, loss: 0.1673, lr: 3.45e-05
     Epoch[4] Iteration[600/1240], entropy: 0.4280, uncertainty: 2.0677, uncertainty_coeffi: 0.0100, loss: 0.2062, lr: 3.45e-05
     Epoch[4] Iteration[610/1240], entropy: 0.4034, uncertainty: 2.2161, uncertainty_coeffi: 0.0100, loss: 0.1857, lr: 3.45e-05
     Epoch[4] Iteration[620/1240], entropy: 0.5303, uncertainty: 2.2047, uncertainty_coeffi: 0.0100, loss: 0.2404, lr: 3.45e-05
     Epoch[4] Iteration[630/1240], entropy: 0.5617, uncertainty: 2.2202, uncertainty_coeffi: 0.0100, loss: 0.2548, lr: 3.45e-05
     Epoch[4] Iteration[640/1240], entropy: 0.2696, uncertainty: 2.0481, uncertainty_coeffi: 0.0100, loss: 0.1366, lr: 3.45e-05
     Epoch[4] Iteration[650/1240], entropy: 0.6382, uncertainty: 2.2010, uncertainty_coeffi: 0.0100, loss: 0.2920, lr: 3.45e-05
     Epoch[4] Iteration[660/1240], entropy: 0.6466, uncertainty: 2.2822, uncertainty_coeffi: 0.0100, loss: 0.2887, lr: 3.45e-05
     Epoch[4] Iteration[670/1240], entropy: 0.6414, uncertainty: 2.3130, uncertainty_coeffi: 0.0100, loss: 0.2820, lr: 3.45e-05
     Epoch[4] Iteration[680/1240], entropy: 0.4734, uncertainty: 2.2470, uncertainty_coeffi: 0.0100, loss: 0.2187, lr: 3.45e-05
     Epoch[4] Iteration[690/1240], entropy: 0.2015, uncertainty: 2.1274, uncertainty_coeffi: 0.0100, loss: 0.1128, lr: 3.45e-05
     Epoch[4] Iteration[700/1240], entropy: 0.3195, uncertainty: 2.0877, uncertainty_coeffi: 0.0100, loss: 0.1546, lr: 3.45e-05
     Epoch[4] Iteration[710/1240], entropy: 0.4184, uncertainty: 2.1969, uncertainty_coeffi: 0.0100, loss: 0.1943, lr: 3.45e-05
     Epoch[4] Iteration[720/1240], entropy: 0.2748, uncertainty: 2.1332, uncertainty_coeffi: 0.0100, loss: 0.1394, lr: 3.45e-05
     Epoch[4] Iteration[730/1240], entropy: 0.2866, uncertainty: 2.0533, uncertainty_coeffi: 0.0100, loss: 0.1406, lr: 3.45e-05
     Epoch[4] Iteration[740/1240], entropy: 0.4488, uncertainty: 2.2242, uncertainty_coeffi: 0.0100, loss: 0.2091, lr: 3.45e-05
     Epoch[4] Iteration[750/1240], entropy: 0.3982, uncertainty: 2.1957, uncertainty_coeffi: 0.0100, loss: 0.1881, lr: 3.45e-05
     Epoch[4] Iteration[760/1240], entropy: 0.4853, uncertainty: 2.2066, uncertainty_coeffi: 0.0100, loss: 0.2236, lr: 3.45e-05
     Epoch[4] Iteration[770/1240], entropy: 0.5017, uncertainty: 2.2456, uncertainty_coeffi: 0.0100, loss: 0.2263, lr: 3.45e-05
     Epoch[4] Iteration[780/1240], entropy: 0.4599, uncertainty: 2.1632, uncertainty_coeffi: 0.0100, loss: 0.2096, lr: 3.45e-05
     Epoch[4] Iteration[790/1240], entropy: 0.3816, uncertainty: 2.1680, uncertainty_coeffi: 0.0100, loss: 0.1930, lr: 3.45e-05
     Epoch[4] Iteration[800/1240], entropy: 0.5800, uncertainty: 2.1898, uncertainty_coeffi: 0.0100, loss: 0.2627, lr: 3.45e-05
     Epoch[4] Iteration[810/1240], entropy: 0.5904, uncertainty: 2.2222, uncertainty_coeffi: 0.0100, loss: 0.2703, lr: 3.45e-05
     Epoch[4] Iteration[820/1240], entropy: 0.5615, uncertainty: 2.2219, uncertainty_coeffi: 0.0100, loss: 0.2609, lr: 3.45e-05
     Epoch[4] Iteration[830/1240], entropy: 0.5122, uncertainty: 2.2200, uncertainty_coeffi: 0.0100, loss: 0.2370, lr: 3.45e-05
     Epoch[4] Iteration[840/1240], entropy: 0.6126, uncertainty: 2.1827, uncertainty_coeffi: 0.0100, loss: 0.2780, lr: 3.45e-05
     Epoch[4] Iteration[850/1240], entropy: 0.2263, uncertainty: 1.9796, uncertainty_coeffi: 0.0100, loss: 0.1156, lr: 3.45e-05
     Epoch[4] Iteration[860/1240], entropy: 0.4749, uncertainty: 2.1793, uncertainty_coeffi: 0.0100, loss: 0.2137, lr: 3.45e-05
     Epoch[4] Iteration[870/1240], entropy: 0.4438, uncertainty: 2.1681, uncertainty_coeffi: 0.0100, loss: 0.2062, lr: 3.45e-05
     Epoch[4] Iteration[880/1240], entropy: 0.6374, uncertainty: 2.3363, uncertainty_coeffi: 0.0100, loss: 0.2798, lr: 3.45e-05
     Epoch[4] Iteration[890/1240], entropy: 0.3811, uncertainty: 2.1603, uncertainty_coeffi: 0.0100, loss: 0.1842, lr: 3.45e-05
     Epoch[4] Iteration[900/1240], entropy: 0.2633, uncertainty: 2.0728, uncertainty_coeffi: 0.0100, loss: 0.1324, lr: 3.45e-05
     Epoch[4] Iteration[910/1240], entropy: 0.4152, uncertainty: 2.1412, uncertainty_coeffi: 0.0100, loss: 0.1991, lr: 3.45e-05
     Epoch[4] Iteration[920/1240], entropy: 0.7792, uncertainty: 2.2847, uncertainty_coeffi: 0.0100, loss: 0.3363, lr: 3.45e-05
     Epoch[4] Iteration[930/1240], entropy: 0.4339, uncertainty: 2.1465, uncertainty_coeffi: 0.0100, loss: 0.2040, lr: 3.45e-05
     Epoch[4] Iteration[940/1240], entropy: 0.2824, uncertainty: 1.9671, uncertainty_coeffi: 0.0100, loss: 0.1445, lr: 3.45e-05
     Epoch[4] Iteration[950/1240], entropy: 0.4182, uncertainty: 2.0852, uncertainty_coeffi: 0.0100, loss: 0.1970, lr: 3.45e-05
     Epoch[4] Iteration[960/1240], entropy: 0.4854, uncertainty: 2.0195, uncertainty_coeffi: 0.0100, loss: 0.2206, lr: 3.45e-05
     Epoch[4] Iteration[970/1240], entropy: 0.5280, uncertainty: 2.2418, uncertainty_coeffi: 0.0100, loss: 0.2426, lr: 3.45e-05
     Epoch[4] Iteration[980/1240], entropy: 0.3795, uncertainty: 2.2374, uncertainty_coeffi: 0.0100, loss: 0.1782, lr: 3.45e-05
     Epoch[4] Iteration[990/1240], entropy: 0.3171, uncertainty: 2.0106, uncertainty_coeffi: 0.0100, loss: 0.1546, lr: 3.45e-05
     Epoch[4] Iteration[1000/1240], entropy: 0.4857, uncertainty: 2.1327, uncertainty_coeffi: 0.0100, loss: 0.2236, lr: 3.45e-05
     Epoch[4] Iteration[1010/1240], entropy: 0.5355, uncertainty: 2.2925, uncertainty_coeffi: 0.0100, loss: 0.2391, lr: 3.45e-05
     Epoch[4] Iteration[1020/1240], entropy: 0.2958, uncertainty: 2.1283, uncertainty_coeffi: 0.0100, loss: 0.1481, lr: 3.45e-05
     Epoch[4] Iteration[1030/1240], entropy: 0.6255, uncertainty: 2.3179, uncertainty_coeffi: 0.0100, loss: 0.2818, lr: 3.45e-05
     Epoch[4] Iteration[1040/1240], entropy: 0.3065, uncertainty: 2.1671, uncertainty_coeffi: 0.0100, loss: 0.1553, lr: 3.45e-05
     Epoch[4] Iteration[1050/1240], entropy: 0.6077, uncertainty: 2.3054, uncertainty_coeffi: 0.0100, loss: 0.2719, lr: 3.45e-05
     Epoch[4] Iteration[1060/1240], entropy: 0.5640, uncertainty: 2.0934, uncertainty_coeffi: 0.0100, loss: 0.2546, lr: 3.45e-05
     Epoch[4] Iteration[1070/1240], entropy: 0.3835, uncertainty: 2.1523, uncertainty_coeffi: 0.0100, loss: 0.1825, lr: 3.45e-05
     Epoch[4] Iteration[1080/1240], entropy: 0.4737, uncertainty: 2.1276, uncertainty_coeffi: 0.0100, loss: 0.2260, lr: 3.45e-05
     Epoch[4] Iteration[1090/1240], entropy: 0.4372, uncertainty: 2.1498, uncertainty_coeffi: 0.0100, loss: 0.2059, lr: 3.45e-05
     Epoch[4] Iteration[1100/1240], entropy: 0.4844, uncertainty: 2.1624, uncertainty_coeffi: 0.0100, loss: 0.2255, lr: 3.45e-05
     Epoch[4] Iteration[1110/1240], entropy: 0.7710, uncertainty: 2.2924, uncertainty_coeffi: 0.0100, loss: 0.3368, lr: 3.45e-05
     Epoch[4] Iteration[1120/1240], entropy: 0.5591, uncertainty: 2.1811, uncertainty_coeffi: 0.0100, loss: 0.2526, lr: 3.45e-05
     Epoch[4] Iteration[1130/1240], entropy: 0.4117, uncertainty: 2.1762, uncertainty_coeffi: 0.0100, loss: 0.1954, lr: 3.45e-05
     Epoch[4] Iteration[1140/1240], entropy: 0.5109, uncertainty: 2.1219, uncertainty_coeffi: 0.0100, loss: 0.2355, lr: 3.45e-05
     Epoch[4] Iteration[1150/1240], entropy: 0.5833, uncertainty: 2.1691, uncertainty_coeffi: 0.0100, loss: 0.2629, lr: 3.45e-05
     Epoch[4] Iteration[1160/1240], entropy: 0.3786, uncertainty: 2.1870, uncertainty_coeffi: 0.0100, loss: 0.1860, lr: 3.45e-05
     Epoch[4] Iteration[1170/1240], entropy: 0.2566, uncertainty: 2.1253, uncertainty_coeffi: 0.0100, loss: 0.1280, lr: 3.45e-05
     Epoch[4] Iteration[1180/1240], entropy: 0.5942, uncertainty: 2.1804, uncertainty_coeffi: 0.0100, loss: 0.2687, lr: 3.45e-05
     Epoch[4] Iteration[1190/1240], entropy: 0.4023, uncertainty: 2.2302, uncertainty_coeffi: 0.0100, loss: 0.1908, lr: 3.45e-05
     Epoch[4] Iteration[1200/1240], entropy: 0.5577, uncertainty: 2.2049, uncertainty_coeffi: 0.0100, loss: 0.2537, lr: 3.45e-05
     Epoch[4] Iteration[1210/1240], entropy: 0.3575, uncertainty: 2.1355, uncertainty_coeffi: 0.0100, loss: 0.1707, lr: 3.45e-05
     Epoch[4] Iteration[1220/1240], entropy: 0.3947, uncertainty: 2.0603, uncertainty_coeffi: 0.0100, loss: 0.1882, lr: 3.45e-05
     Epoch[4] Iteration[1230/1240], entropy: 0.4828, uncertainty: 2.2312, uncertainty_coeffi: 0.0100, loss: 0.2217, lr: 3.45e-05
     Epoch[4] Iteration[1240/1240], entropy: 0.5367, uncertainty: 2.1793, uncertainty_coeffi: 0.0100, loss: 0.2411, lr: 3.45e-05
     Averaged stats: entropy_avg: 0.4742, uncertainty_avg: 2.1720, uncertainty_coeffi_avg: 0.0100, loss_avg: 0.2198, lr_avg: 3.45e-05
     itm tta time 0:02:16
### TTA Eval Score: 
+-------+--------+--------+--------+--------+-------+
| epoch |   R1   |   R5   |  R10   |  mAP   |  mINP |
+-------+--------+--------+--------+--------+-------+
|  -999 | 60.656 | 77.499 | 83.268 | 35.543 | 6.006 |
|   0   | 61.810 | 77.484 | 83.021 | 36.117 | 6.038 |
|   1   | 61.961 | 77.433 | 82.850 | 36.057 | 6.006 |
|   2   | 61.956 | 77.287 | 82.809 | 36.032 | 6.008 |
|   4   | 61.966 | 77.197 | 82.709 | 35.975 | 5.938 |
+-------+--------+--------+--------+--------+-------+
     logs:  {'epo': 4, 'R1': np.float32(61.966), 'R5': np.float32(77.197), 'R10': np.float32(82.709), 'mAP': np.float32(35.975), 'mINP': np.float32(5.938), 'entropy': 0.4742104073445643, 'uncertainty': 2.1720424429062875, 'uncertainty_coeffi': 0.009999999776482582, 'loss': 0.21983145147321687, 'lr': 3.4549150281270424e-05}
     Epoch[5] Iteration[10/1240], entropy: 0.6974, uncertainty: 2.3696, uncertainty_coeffi: 0.0100, loss: 0.3078, lr: 3.45e-05
     Epoch[5] Iteration[20/1240], entropy: 0.5732, uncertainty: 2.2408, uncertainty_coeffi: 0.0100, loss: 0.2552, lr: 3.45e-05
     Epoch[5] Iteration[30/1240], entropy: 0.3782, uncertainty: 2.1435, uncertainty_coeffi: 0.0100, loss: 0.1813, lr: 3.45e-05
     Epoch[5] Iteration[40/1240], entropy: 0.4262, uncertainty: 2.0494, uncertainty_coeffi: 0.0100, loss: 0.1999, lr: 3.45e-05
     Epoch[5] Iteration[50/1240], entropy: 0.5113, uncertainty: 2.1899, uncertainty_coeffi: 0.0100, loss: 0.2363, lr: 3.45e-05
     Epoch[5] Iteration[60/1240], entropy: 0.3437, uncertainty: 2.1736, uncertainty_coeffi: 0.0100, loss: 0.1645, lr: 3.45e-05
     Epoch[5] Iteration[70/1240], entropy: 0.5289, uncertainty: 2.2937, uncertainty_coeffi: 0.0100, loss: 0.2380, lr: 3.45e-05
     Epoch[5] Iteration[80/1240], entropy: 0.4570, uncertainty: 2.2533, uncertainty_coeffi: 0.0100, loss: 0.2049, lr: 3.45e-05
     Epoch[5] Iteration[90/1240], entropy: 0.4423, uncertainty: 2.1033, uncertainty_coeffi: 0.0100, loss: 0.2018, lr: 3.45e-05
     Epoch[5] Iteration[100/1240], entropy: 0.6806, uncertainty: 2.2662, uncertainty_coeffi: 0.0100, loss: 0.3060, lr: 3.45e-05
     Epoch[5] Iteration[110/1240], entropy: 0.5246, uncertainty: 2.2518, uncertainty_coeffi: 0.0100, loss: 0.2414, lr: 3.45e-05
     Epoch[5] Iteration[120/1240], entropy: 0.7402, uncertainty: 2.2629, uncertainty_coeffi: 0.0100, loss: 0.3234, lr: 3.45e-05
     Epoch[5] Iteration[130/1240], entropy: 0.3984, uncertainty: 2.0818, uncertainty_coeffi: 0.0100, loss: 0.1873, lr: 3.45e-05
     Epoch[5] Iteration[140/1240], entropy: 0.5946, uncertainty: 2.2936, uncertainty_coeffi: 0.0100, loss: 0.2679, lr: 3.45e-05
     Epoch[5] Iteration[150/1240], entropy: 0.4864, uncertainty: 2.1298, uncertainty_coeffi: 0.0100, loss: 0.2235, lr: 3.45e-05
     Epoch[5] Iteration[160/1240], entropy: 0.3173, uncertainty: 2.0801, uncertainty_coeffi: 0.0100, loss: 0.1527, lr: 3.45e-05
     Epoch[5] Iteration[170/1240], entropy: 0.3938, uncertainty: 2.1310, uncertainty_coeffi: 0.0100, loss: 0.1897, lr: 3.45e-05
     Epoch[5] Iteration[180/1240], entropy: 0.4451, uncertainty: 2.1996, uncertainty_coeffi: 0.0100, loss: 0.2034, lr: 3.45e-05
     Epoch[5] Iteration[190/1240], entropy: 0.4277, uncertainty: 2.2352, uncertainty_coeffi: 0.0100, loss: 0.1973, lr: 3.45e-05
     Epoch[5] Iteration[200/1240], entropy: 0.4478, uncertainty: 2.2872, uncertainty_coeffi: 0.0100, loss: 0.2054, lr: 3.45e-05
     Epoch[5] Iteration[210/1240], entropy: 0.2827, uncertainty: 2.2329, uncertainty_coeffi: 0.0100, loss: 0.1424, lr: 3.45e-05
     Epoch[5] Iteration[220/1240], entropy: 0.2608, uncertainty: 2.0121, uncertainty_coeffi: 0.0100, loss: 0.1377, lr: 3.45e-05
     Epoch[5] Iteration[230/1240], entropy: 0.3836, uncertainty: 2.0460, uncertainty_coeffi: 0.0100, loss: 0.1950, lr: 6.55e-05
     Epoch[5] Iteration[240/1240], entropy: 0.3430, uncertainty: 2.1610, uncertainty_coeffi: 0.0100, loss: 0.1667, lr: 6.55e-05
     Epoch[5] Iteration[250/1240], entropy: 0.7075, uncertainty: 2.3464, uncertainty_coeffi: 0.0100, loss: 0.3093, lr: 6.55e-05
     Epoch[5] Iteration[260/1240], entropy: 0.5360, uncertainty: 2.1172, uncertainty_coeffi: 0.0100, loss: 0.2457, lr: 6.55e-05
     Epoch[5] Iteration[270/1240], entropy: 0.4294, uncertainty: 2.1240, uncertainty_coeffi: 0.0100, loss: 0.1981, lr: 6.55e-05
     Epoch[5] Iteration[280/1240], entropy: 0.5061, uncertainty: 2.2568, uncertainty_coeffi: 0.0100, loss: 0.2302, lr: 6.55e-05
     Epoch[5] Iteration[290/1240], entropy: 0.5277, uncertainty: 2.1572, uncertainty_coeffi: 0.0100, loss: 0.2452, lr: 6.55e-05
     Epoch[5] Iteration[300/1240], entropy: 0.3247, uncertainty: 2.0747, uncertainty_coeffi: 0.0100, loss: 0.1617, lr: 6.55e-05
     Epoch[5] Iteration[310/1240], entropy: 0.3733, uncertainty: 2.1164, uncertainty_coeffi: 0.0100, loss: 0.1809, lr: 6.55e-05
     Epoch[5] Iteration[320/1240], entropy: 0.4593, uncertainty: 2.1628, uncertainty_coeffi: 0.0100, loss: 0.2149, lr: 6.55e-05
     Epoch[5] Iteration[330/1240], entropy: 0.6146, uncertainty: 2.1938, uncertainty_coeffi: 0.0100, loss: 0.2823, lr: 6.55e-05
     Epoch[5] Iteration[340/1240], entropy: 0.4774, uncertainty: 2.1762, uncertainty_coeffi: 0.0100, loss: 0.2175, lr: 6.55e-05
     Epoch[5] Iteration[350/1240], entropy: 0.5590, uncertainty: 2.2866, uncertainty_coeffi: 0.0100, loss: 0.2535, lr: 6.55e-05
     Epoch[5] Iteration[360/1240], entropy: 0.5636, uncertainty: 2.2062, uncertainty_coeffi: 0.0100, loss: 0.2521, lr: 6.55e-05
     Epoch[5] Iteration[370/1240], entropy: 0.8578, uncertainty: 2.3106, uncertainty_coeffi: 0.0100, loss: 0.3692, lr: 6.55e-05
     Epoch[5] Iteration[380/1240], entropy: 0.8406, uncertainty: 2.2721, uncertainty_coeffi: 0.0100, loss: 0.3626, lr: 6.55e-05
     Epoch[5] Iteration[390/1240], entropy: 0.5858, uncertainty: 2.1064, uncertainty_coeffi: 0.0100, loss: 0.2673, lr: 6.55e-05
     Epoch[5] Iteration[400/1240], entropy: 0.3113, uncertainty: 2.1009, uncertainty_coeffi: 0.0100, loss: 0.1528, lr: 6.55e-05
     Epoch[5] Iteration[410/1240], entropy: 0.6704, uncertainty: 2.2800, uncertainty_coeffi: 0.0100, loss: 0.2911, lr: 6.55e-05
     Epoch[5] Iteration[420/1240], entropy: 0.6932, uncertainty: 2.3308, uncertainty_coeffi: 0.0100, loss: 0.3088, lr: 6.55e-05
     Epoch[5] Iteration[430/1240], entropy: 0.7227, uncertainty: 2.2030, uncertainty_coeffi: 0.0100, loss: 0.3219, lr: 6.55e-05
     Epoch[5] Iteration[440/1240], entropy: 0.3287, uncertainty: 2.2131, uncertainty_coeffi: 0.0100, loss: 0.1563, lr: 6.55e-05
     Epoch[5] Iteration[450/1240], entropy: 0.4388, uncertainty: 2.0769, uncertainty_coeffi: 0.0100, loss: 0.2085, lr: 6.55e-05
     Epoch[5] Iteration[460/1240], entropy: 0.6317, uncertainty: 2.2373, uncertainty_coeffi: 0.0100, loss: 0.2904, lr: 6.55e-05
     Epoch[5] Iteration[470/1240], entropy: 0.4934, uncertainty: 2.1748, uncertainty_coeffi: 0.0100, loss: 0.2289, lr: 6.55e-05
     Epoch[5] Iteration[480/1240], entropy: 0.4672, uncertainty: 2.2415, uncertainty_coeffi: 0.0100, loss: 0.2206, lr: 6.55e-05
     Epoch[5] Iteration[490/1240], entropy: 0.3041, uncertainty: 1.9122, uncertainty_coeffi: 0.0100, loss: 0.1488, lr: 6.55e-05
     Epoch[5] Iteration[500/1240], entropy: 0.4566, uncertainty: 2.1213, uncertainty_coeffi: 0.0100, loss: 0.2111, lr: 6.55e-05
     Epoch[5] Iteration[510/1240], entropy: 0.3556, uncertainty: 2.1629, uncertainty_coeffi: 0.0100, loss: 0.1690, lr: 6.55e-05
     Epoch[5] Iteration[520/1240], entropy: 0.5148, uncertainty: 2.2527, uncertainty_coeffi: 0.0100, loss: 0.2298, lr: 6.55e-05
     Epoch[5] Iteration[530/1240], entropy: 0.5254, uncertainty: 2.1078, uncertainty_coeffi: 0.0100, loss: 0.2375, lr: 6.55e-05
     Epoch[5] Iteration[540/1240], entropy: 0.3548, uncertainty: 2.1897, uncertainty_coeffi: 0.0100, loss: 0.1778, lr: 6.55e-05
     Epoch[5] Iteration[550/1240], entropy: 0.5899, uncertainty: 2.2577, uncertainty_coeffi: 0.0100, loss: 0.2643, lr: 6.55e-05
     Epoch[5] Iteration[560/1240], entropy: 0.4517, uncertainty: 2.0524, uncertainty_coeffi: 0.0100, loss: 0.2108, lr: 6.55e-05
     Epoch[5] Iteration[570/1240], entropy: 0.3686, uncertainty: 2.2665, uncertainty_coeffi: 0.0100, loss: 0.1777, lr: 6.55e-05
     Epoch[5] Iteration[580/1240], entropy: 0.4849, uncertainty: 2.1581, uncertainty_coeffi: 0.0100, loss: 0.2217, lr: 6.55e-05
     Epoch[5] Iteration[590/1240], entropy: 0.4461, uncertainty: 2.2471, uncertainty_coeffi: 0.0100, loss: 0.2098, lr: 6.55e-05
     Epoch[5] Iteration[600/1240], entropy: 0.4770, uncertainty: 2.1789, uncertainty_coeffi: 0.0100, loss: 0.2230, lr: 6.55e-05
     Epoch[5] Iteration[610/1240], entropy: 0.5548, uncertainty: 2.1726, uncertainty_coeffi: 0.0100, loss: 0.2513, lr: 6.55e-05
     Epoch[5] Iteration[620/1240], entropy: 0.3114, uncertainty: 2.0280, uncertainty_coeffi: 0.0100, loss: 0.1523, lr: 6.55e-05
     Epoch[5] Iteration[630/1240], entropy: 0.5439, uncertainty: 2.2609, uncertainty_coeffi: 0.0100, loss: 0.2465, lr: 6.55e-05
     Epoch[5] Iteration[640/1240], entropy: 0.5407, uncertainty: 2.2187, uncertainty_coeffi: 0.0100, loss: 0.2445, lr: 6.55e-05
     Epoch[5] Iteration[650/1240], entropy: 0.4467, uncertainty: 2.1300, uncertainty_coeffi: 0.0100, loss: 0.2127, lr: 6.55e-05
     Epoch[5] Iteration[660/1240], entropy: 0.3399, uncertainty: 2.1100, uncertainty_coeffi: 0.0100, loss: 0.1611, lr: 6.55e-05
     Epoch[5] Iteration[670/1240], entropy: 0.5964, uncertainty: 2.3117, uncertainty_coeffi: 0.0100, loss: 0.2660, lr: 6.55e-05
     Epoch[5] Iteration[680/1240], entropy: 0.5631, uncertainty: 2.1784, uncertainty_coeffi: 0.0100, loss: 0.2521, lr: 6.55e-05
     Epoch[5] Iteration[690/1240], entropy: 0.4088, uncertainty: 2.0237, uncertainty_coeffi: 0.0100, loss: 0.1909, lr: 6.55e-05
     Epoch[5] Iteration[700/1240], entropy: 0.5607, uncertainty: 2.2391, uncertainty_coeffi: 0.0100, loss: 0.2556, lr: 6.55e-05
     Epoch[5] Iteration[710/1240], entropy: 0.7530, uncertainty: 2.2711, uncertainty_coeffi: 0.0100, loss: 0.3331, lr: 6.55e-05
     Epoch[5] Iteration[720/1240], entropy: 0.6088, uncertainty: 2.1986, uncertainty_coeffi: 0.0100, loss: 0.2788, lr: 6.55e-05
     Epoch[5] Iteration[730/1240], entropy: 0.4422, uncertainty: 2.2144, uncertainty_coeffi: 0.0100, loss: 0.2059, lr: 6.55e-05
     Epoch[5] Iteration[740/1240], entropy: 0.4617, uncertainty: 2.2594, uncertainty_coeffi: 0.0100, loss: 0.2116, lr: 6.55e-05
     Epoch[5] Iteration[750/1240], entropy: 0.4330, uncertainty: 2.0845, uncertainty_coeffi: 0.0100, loss: 0.2026, lr: 6.55e-05
     Epoch[5] Iteration[760/1240], entropy: 0.5466, uncertainty: 2.3140, uncertainty_coeffi: 0.0100, loss: 0.2487, lr: 6.55e-05
     Epoch[5] Iteration[770/1240], entropy: 0.4178, uncertainty: 2.1569, uncertainty_coeffi: 0.0100, loss: 0.1951, lr: 6.55e-05
     Epoch[5] Iteration[780/1240], entropy: 0.4718, uncertainty: 2.2150, uncertainty_coeffi: 0.0100, loss: 0.2109, lr: 6.55e-05
     Epoch[5] Iteration[790/1240], entropy: 0.4126, uncertainty: 2.0641, uncertainty_coeffi: 0.0100, loss: 0.1985, lr: 6.55e-05
     Epoch[5] Iteration[800/1240], entropy: 0.2633, uncertainty: 2.1998, uncertainty_coeffi: 0.0100, loss: 0.1378, lr: 6.55e-05
     Epoch[5] Iteration[810/1240], entropy: 0.5335, uncertainty: 2.1817, uncertainty_coeffi: 0.0100, loss: 0.2453, lr: 6.55e-05
     Epoch[5] Iteration[820/1240], entropy: 0.5562, uncertainty: 2.2630, uncertainty_coeffi: 0.0100, loss: 0.2508, lr: 6.55e-05
     Epoch[5] Iteration[830/1240], entropy: 0.5263, uncertainty: 2.2247, uncertainty_coeffi: 0.0100, loss: 0.2420, lr: 6.55e-05
     Epoch[5] Iteration[840/1240], entropy: 0.3146, uncertainty: 2.0721, uncertainty_coeffi: 0.0100, loss: 0.1502, lr: 6.55e-05
     Epoch[5] Iteration[850/1240], entropy: 0.7613, uncertainty: 2.3610, uncertainty_coeffi: 0.0100, loss: 0.3360, lr: 6.55e-05
     Epoch[5] Iteration[860/1240], entropy: 0.4995, uncertainty: 2.2103, uncertainty_coeffi: 0.0100, loss: 0.2366, lr: 6.55e-05
     Epoch[5] Iteration[870/1240], entropy: 0.5104, uncertainty: 2.2349, uncertainty_coeffi: 0.0100, loss: 0.2322, lr: 6.55e-05
     Epoch[5] Iteration[880/1240], entropy: 0.5179, uncertainty: 2.2489, uncertainty_coeffi: 0.0100, loss: 0.2426, lr: 6.55e-05
     Epoch[5] Iteration[890/1240], entropy: 0.4717, uncertainty: 2.1853, uncertainty_coeffi: 0.0100, loss: 0.2154, lr: 6.55e-05
     Epoch[5] Iteration[900/1240], entropy: 0.6204, uncertainty: 2.0562, uncertainty_coeffi: 0.0100, loss: 0.2814, lr: 6.55e-05
     Epoch[5] Iteration[910/1240], entropy: 0.3395, uncertainty: 2.0696, uncertainty_coeffi: 0.0100, loss: 0.1678, lr: 6.55e-05
     Epoch[5] Iteration[920/1240], entropy: 0.7812, uncertainty: 2.2534, uncertainty_coeffi: 0.0100, loss: 0.3395, lr: 6.55e-05
     Epoch[5] Iteration[930/1240], entropy: 0.4607, uncertainty: 2.1230, uncertainty_coeffi: 0.0100, loss: 0.2055, lr: 6.55e-05
     Epoch[5] Iteration[940/1240], entropy: 0.4479, uncertainty: 2.0700, uncertainty_coeffi: 0.0100, loss: 0.2088, lr: 6.55e-05
     Epoch[5] Iteration[950/1240], entropy: 0.5117, uncertainty: 2.1753, uncertainty_coeffi: 0.0100, loss: 0.2312, lr: 6.55e-05
     Epoch[5] Iteration[960/1240], entropy: 0.4120, uncertainty: 2.2067, uncertainty_coeffi: 0.0100, loss: 0.1918, lr: 6.55e-05
     Epoch[5] Iteration[970/1240], entropy: 0.5026, uncertainty: 2.1100, uncertainty_coeffi: 0.0100, loss: 0.2302, lr: 6.55e-05
     Epoch[5] Iteration[980/1240], entropy: 0.5337, uncertainty: 2.2778, uncertainty_coeffi: 0.0100, loss: 0.2400, lr: 6.55e-05
     Epoch[5] Iteration[990/1240], entropy: 0.4384, uncertainty: 2.1181, uncertainty_coeffi: 0.0100, loss: 0.2102, lr: 6.55e-05
     Epoch[5] Iteration[1000/1240], entropy: 0.3445, uncertainty: 2.1315, uncertainty_coeffi: 0.0100, loss: 0.1689, lr: 6.55e-05
     Epoch[5] Iteration[1010/1240], entropy: 0.4180, uncertainty: 2.1346, uncertainty_coeffi: 0.0100, loss: 0.2001, lr: 6.55e-05
     Epoch[5] Iteration[1020/1240], entropy: 0.3823, uncertainty: 2.0748, uncertainty_coeffi: 0.0100, loss: 0.1845, lr: 6.55e-05
     Epoch[5] Iteration[1030/1240], entropy: 0.5622, uncertainty: 1.9823, uncertainty_coeffi: 0.0100, loss: 0.2635, lr: 6.55e-05
     Epoch[5] Iteration[1040/1240], entropy: 0.5113, uncertainty: 2.2723, uncertainty_coeffi: 0.0100, loss: 0.2302, lr: 6.55e-05
     Epoch[5] Iteration[1050/1240], entropy: 0.4976, uncertainty: 2.2056, uncertainty_coeffi: 0.0100, loss: 0.2265, lr: 6.55e-05
     Epoch[5] Iteration[1060/1240], entropy: 0.5160, uncertainty: 2.1695, uncertainty_coeffi: 0.0100, loss: 0.2367, lr: 6.55e-05
     Epoch[5] Iteration[1070/1240], entropy: 0.3023, uncertainty: 2.0569, uncertainty_coeffi: 0.0100, loss: 0.1541, lr: 6.55e-05
     Epoch[5] Iteration[1080/1240], entropy: 0.7377, uncertainty: 2.3359, uncertainty_coeffi: 0.0100, loss: 0.3364, lr: 6.55e-05
     Epoch[5] Iteration[1090/1240], entropy: 0.6475, uncertainty: 2.2625, uncertainty_coeffi: 0.0100, loss: 0.2881, lr: 6.55e-05
     Epoch[5] Iteration[1100/1240], entropy: 0.3555, uncertainty: 2.0928, uncertainty_coeffi: 0.0100, loss: 0.1730, lr: 6.55e-05
     Epoch[5] Iteration[1110/1240], entropy: 0.5238, uncertainty: 2.2555, uncertainty_coeffi: 0.0100, loss: 0.2453, lr: 6.55e-05
     Epoch[5] Iteration[1120/1240], entropy: 0.4501, uncertainty: 2.2713, uncertainty_coeffi: 0.0100, loss: 0.2113, lr: 6.55e-05
     Epoch[5] Iteration[1130/1240], entropy: 0.5610, uncertainty: 2.1118, uncertainty_coeffi: 0.0100, loss: 0.2577, lr: 6.55e-05
     Epoch[5] Iteration[1140/1240], entropy: 0.5858, uncertainty: 2.2537, uncertainty_coeffi: 0.0100, loss: 0.2598, lr: 6.55e-05
     Epoch[5] Iteration[1150/1240], entropy: 0.4752, uncertainty: 2.1816, uncertainty_coeffi: 0.0100, loss: 0.2177, lr: 6.55e-05
     Epoch[5] Iteration[1160/1240], entropy: 0.3608, uncertainty: 2.1262, uncertainty_coeffi: 0.0100, loss: 0.1777, lr: 6.55e-05
     Epoch[5] Iteration[1170/1240], entropy: 0.5140, uncertainty: 2.3146, uncertainty_coeffi: 0.0100, loss: 0.2299, lr: 6.55e-05
     Epoch[5] Iteration[1180/1240], entropy: 0.4776, uncertainty: 2.2474, uncertainty_coeffi: 0.0100, loss: 0.2222, lr: 6.55e-05
     Epoch[5] Iteration[1190/1240], entropy: 0.4846, uncertainty: 2.1579, uncertainty_coeffi: 0.0100, loss: 0.2229, lr: 6.55e-05
     Epoch[5] Iteration[1200/1240], entropy: 0.4238, uncertainty: 2.1777, uncertainty_coeffi: 0.0100, loss: 0.2000, lr: 6.55e-05
     Epoch[5] Iteration[1210/1240], entropy: 0.3697, uncertainty: 2.1598, uncertainty_coeffi: 0.0100, loss: 0.1787, lr: 6.55e-05
     Epoch[5] Iteration[1220/1240], entropy: 0.4512, uncertainty: 2.1423, uncertainty_coeffi: 0.0100, loss: 0.2161, lr: 6.55e-05
     Epoch[5] Iteration[1230/1240], entropy: 0.6813, uncertainty: 2.1876, uncertainty_coeffi: 0.0100, loss: 0.2968, lr: 6.55e-05
     Epoch[5] Iteration[1240/1240], entropy: 0.4442, uncertainty: 2.0881, uncertainty_coeffi: 0.0100, loss: 0.2125, lr: 6.55e-05
     Averaged stats: entropy_avg: 0.4922, uncertainty_avg: 2.1827, uncertainty_coeffi_avg: 0.0100, loss_avg: 0.2266, lr_avg: 6.00e-05
     itm tta time 0:02:18
     Epoch[6] Iteration[10/1240], entropy: 0.4594, uncertainty: 2.1265, uncertainty_coeffi: 0.0100, loss: 0.2196, lr: 6.55e-05
     Epoch[6] Iteration[20/1240], entropy: 0.7586, uncertainty: 2.3030, uncertainty_coeffi: 0.0100, loss: 0.3278, lr: 6.55e-05
     Epoch[6] Iteration[30/1240], entropy: 0.3863, uncertainty: 2.1431, uncertainty_coeffi: 0.0100, loss: 0.1817, lr: 6.55e-05
     Epoch[6] Iteration[40/1240], entropy: 0.6936, uncertainty: 2.3533, uncertainty_coeffi: 0.0100, loss: 0.3047, lr: 6.55e-05
     Epoch[6] Iteration[50/1240], entropy: 0.4836, uncertainty: 2.1300, uncertainty_coeffi: 0.0100, loss: 0.2259, lr: 6.55e-05
     Epoch[6] Iteration[60/1240], entropy: 0.3724, uncertainty: 2.1209, uncertainty_coeffi: 0.0100, loss: 0.1804, lr: 6.55e-05
     Epoch[6] Iteration[70/1240], entropy: 0.3877, uncertainty: 2.1971, uncertainty_coeffi: 0.0100, loss: 0.1872, lr: 6.55e-05
     Epoch[6] Iteration[80/1240], entropy: 0.6592, uncertainty: 2.2212, uncertainty_coeffi: 0.0100, loss: 0.2881, lr: 6.55e-05
     Epoch[6] Iteration[90/1240], entropy: 0.4970, uncertainty: 2.1925, uncertainty_coeffi: 0.0100, loss: 0.2286, lr: 6.55e-05
     Epoch[6] Iteration[100/1240], entropy: 0.4488, uncertainty: 2.1318, uncertainty_coeffi: 0.0100, loss: 0.2083, lr: 6.55e-05
     Epoch[6] Iteration[110/1240], entropy: 0.4408, uncertainty: 2.1935, uncertainty_coeffi: 0.0100, loss: 0.2033, lr: 6.55e-05
     Epoch[6] Iteration[120/1240], entropy: 0.7297, uncertainty: 2.2374, uncertainty_coeffi: 0.0100, loss: 0.3171, lr: 6.55e-05
     Epoch[6] Iteration[130/1240], entropy: 0.5122, uncertainty: 2.1726, uncertainty_coeffi: 0.0100, loss: 0.2343, lr: 6.55e-05
     Epoch[6] Iteration[140/1240], entropy: 0.2772, uncertainty: 2.0362, uncertainty_coeffi: 0.0100, loss: 0.1369, lr: 6.55e-05
     Epoch[6] Iteration[150/1240], entropy: 0.7808, uncertainty: 2.3982, uncertainty_coeffi: 0.0100, loss: 0.3369, lr: 6.55e-05
     Epoch[6] Iteration[160/1240], entropy: 0.3270, uncertainty: 2.0602, uncertainty_coeffi: 0.0100, loss: 0.1566, lr: 6.55e-05
     Epoch[6] Iteration[170/1240], entropy: 0.3831, uncertainty: 2.0607, uncertainty_coeffi: 0.0100, loss: 0.1847, lr: 6.55e-05
     Epoch[6] Iteration[180/1240], entropy: 0.4299, uncertainty: 2.1867, uncertainty_coeffi: 0.0100, loss: 0.2025, lr: 6.55e-05
     Epoch[6] Iteration[190/1240], entropy: 0.4659, uncertainty: 2.2160, uncertainty_coeffi: 0.0100, loss: 0.2136, lr: 6.55e-05
     Epoch[6] Iteration[200/1240], entropy: 0.5589, uncertainty: 2.2969, uncertainty_coeffi: 0.0100, loss: 0.2513, lr: 6.55e-05
     Epoch[6] Iteration[210/1240], entropy: 0.4518, uncertainty: 2.2935, uncertainty_coeffi: 0.0100, loss: 0.2069, lr: 6.55e-05
     Epoch[6] Iteration[220/1240], entropy: 0.7263, uncertainty: 2.2612, uncertainty_coeffi: 0.0100, loss: 0.3157, lr: 6.55e-05
     Epoch[6] Iteration[230/1240], entropy: 0.2198, uncertainty: 2.0068, uncertainty_coeffi: 0.0100, loss: 0.1183, lr: 6.55e-05
     Epoch[6] Iteration[240/1240], entropy: 0.4251, uncertainty: 2.0963, uncertainty_coeffi: 0.0100, loss: 0.2036, lr: 6.55e-05
     Epoch[6] Iteration[250/1240], entropy: 0.5366, uncertainty: 2.1389, uncertainty_coeffi: 0.0100, loss: 0.2432, lr: 6.55e-05
     Epoch[6] Iteration[260/1240], entropy: 0.6474, uncertainty: 2.1703, uncertainty_coeffi: 0.0100, loss: 0.2933, lr: 6.55e-05
     Epoch[6] Iteration[270/1240], entropy: 0.4700, uncertainty: 2.1541, uncertainty_coeffi: 0.0100, loss: 0.2112, lr: 6.55e-05
     Epoch[6] Iteration[280/1240], entropy: 0.4865, uncertainty: 2.1043, uncertainty_coeffi: 0.0100, loss: 0.2293, lr: 6.55e-05
     Epoch[6] Iteration[290/1240], entropy: 0.5195, uncertainty: 2.1616, uncertainty_coeffi: 0.0100, loss: 0.2331, lr: 6.55e-05
     Epoch[6] Iteration[300/1240], entropy: 0.4489, uncertainty: 2.1888, uncertainty_coeffi: 0.0100, loss: 0.2098, lr: 6.55e-05
     Epoch[6] Iteration[310/1240], entropy: 0.4246, uncertainty: 2.0187, uncertainty_coeffi: 0.0100, loss: 0.2036, lr: 6.55e-05
     Epoch[6] Iteration[320/1240], entropy: 0.6921, uncertainty: 2.3211, uncertainty_coeffi: 0.0100, loss: 0.3000, lr: 6.55e-05
     Epoch[6] Iteration[330/1240], entropy: 0.5586, uncertainty: 2.3417, uncertainty_coeffi: 0.0100, loss: 0.2490, lr: 6.55e-05
     Epoch[6] Iteration[340/1240], entropy: 0.4779, uncertainty: 2.1956, uncertainty_coeffi: 0.0100, loss: 0.2187, lr: 6.55e-05
     Epoch[6] Iteration[350/1240], entropy: 0.3356, uncertainty: 2.1814, uncertainty_coeffi: 0.0100, loss: 0.1644, lr: 6.55e-05
     Epoch[6] Iteration[360/1240], entropy: 0.3974, uncertainty: 2.1088, uncertainty_coeffi: 0.0100, loss: 0.1876, lr: 6.55e-05
     Epoch[6] Iteration[370/1240], entropy: 0.3581, uncertainty: 2.1136, uncertainty_coeffi: 0.0100, loss: 0.1767, lr: 6.55e-05
     Epoch[6] Iteration[380/1240], entropy: 0.4572, uncertainty: 2.1223, uncertainty_coeffi: 0.0100, loss: 0.2115, lr: 6.55e-05
     Epoch[6] Iteration[390/1240], entropy: 0.5093, uncertainty: 2.1049, uncertainty_coeffi: 0.0100, loss: 0.2293, lr: 6.55e-05
     Epoch[6] Iteration[400/1240], entropy: 0.4601, uncertainty: 2.0602, uncertainty_coeffi: 0.0100, loss: 0.2141, lr: 6.55e-05
     Epoch[6] Iteration[410/1240], entropy: 0.4361, uncertainty: 2.1232, uncertainty_coeffi: 0.0100, loss: 0.2064, lr: 6.55e-05
     Epoch[6] Iteration[420/1240], entropy: 0.4123, uncertainty: 2.0484, uncertainty_coeffi: 0.0100, loss: 0.1902, lr: 6.55e-05
     Epoch[6] Iteration[430/1240], entropy: 0.4858, uncertainty: 2.1842, uncertainty_coeffi: 0.0100, loss: 0.2237, lr: 6.55e-05
     Epoch[6] Iteration[440/1240], entropy: 0.7058, uncertainty: 2.3431, uncertainty_coeffi: 0.0100, loss: 0.3079, lr: 6.55e-05
     Epoch[6] Iteration[450/1240], entropy: 0.5152, uncertainty: 2.2227, uncertainty_coeffi: 0.0100, loss: 0.2361, lr: 6.55e-05
     Epoch[6] Iteration[460/1240], entropy: 0.4662, uncertainty: 2.1248, uncertainty_coeffi: 0.0100, loss: 0.2142, lr: 6.55e-05
     Epoch[6] Iteration[470/1240], entropy: 0.5238, uncertainty: 2.2398, uncertainty_coeffi: 0.0100, loss: 0.2364, lr: 6.55e-05
     Epoch[6] Iteration[480/1240], entropy: 0.3666, uncertainty: 2.2276, uncertainty_coeffi: 0.0100, loss: 0.1738, lr: 6.55e-05
     Epoch[6] Iteration[490/1240], entropy: 0.4203, uncertainty: 2.1177, uncertainty_coeffi: 0.0100, loss: 0.2056, lr: 6.55e-05
     Epoch[6] Iteration[500/1240], entropy: 0.4316, uncertainty: 2.2383, uncertainty_coeffi: 0.0100, loss: 0.2035, lr: 6.55e-05
     Epoch[6] Iteration[510/1240], entropy: 0.4204, uncertainty: 2.2278, uncertainty_coeffi: 0.0100, loss: 0.1956, lr: 6.55e-05
     Epoch[6] Iteration[520/1240], entropy: 0.5278, uncertainty: 2.1938, uncertainty_coeffi: 0.0100, loss: 0.2370, lr: 6.55e-05
     Epoch[6] Iteration[530/1240], entropy: 0.4149, uncertainty: 2.2051, uncertainty_coeffi: 0.0100, loss: 0.1955, lr: 6.55e-05
     Epoch[6] Iteration[540/1240], entropy: 0.4353, uncertainty: 1.8957, uncertainty_coeffi: 0.0100, loss: 0.2116, lr: 6.55e-05
     Epoch[6] Iteration[550/1240], entropy: 0.7162, uncertainty: 2.3305, uncertainty_coeffi: 0.0100, loss: 0.3145, lr: 6.55e-05
     Epoch[6] Iteration[560/1240], entropy: 0.6407, uncertainty: 2.2794, uncertainty_coeffi: 0.0100, loss: 0.2837, lr: 6.55e-05
     Epoch[6] Iteration[570/1240], entropy: 0.4842, uncertainty: 2.2725, uncertainty_coeffi: 0.0100, loss: 0.2237, lr: 6.55e-05
     Epoch[6] Iteration[580/1240], entropy: 0.4007, uncertainty: 2.1755, uncertainty_coeffi: 0.0100, loss: 0.1890, lr: 6.55e-05
     Epoch[6] Iteration[590/1240], entropy: 0.4705, uncertainty: 2.0993, uncertainty_coeffi: 0.0100, loss: 0.2189, lr: 6.55e-05
     Epoch[6] Iteration[600/1240], entropy: 0.4563, uncertainty: 2.2323, uncertainty_coeffi: 0.0100, loss: 0.2115, lr: 6.55e-05
     Epoch[6] Iteration[610/1240], entropy: 0.5845, uncertainty: 2.3334, uncertainty_coeffi: 0.0100, loss: 0.2603, lr: 6.55e-05
     Epoch[6] Iteration[620/1240], entropy: 0.5310, uncertainty: 2.2347, uncertainty_coeffi: 0.0100, loss: 0.2461, lr: 6.55e-05
     Epoch[6] Iteration[630/1240], entropy: 0.4283, uncertainty: 2.1669, uncertainty_coeffi: 0.0100, loss: 0.2004, lr: 6.55e-05
     Epoch[6] Iteration[640/1240], entropy: 0.2940, uncertainty: 2.0331, uncertainty_coeffi: 0.0100, loss: 0.1464, lr: 6.55e-05
     Epoch[6] Iteration[650/1240], entropy: 0.2991, uncertainty: 2.0540, uncertainty_coeffi: 0.0100, loss: 0.1496, lr: 6.55e-05
     Epoch[6] Iteration[660/1240], entropy: 0.4316, uncertainty: 2.1843, uncertainty_coeffi: 0.0100, loss: 0.2028, lr: 6.55e-05
     Epoch[6] Iteration[670/1240], entropy: 0.3569, uncertainty: 2.0609, uncertainty_coeffi: 0.0100, loss: 0.1784, lr: 6.55e-05
     Epoch[6] Iteration[680/1240], entropy: 0.4516, uncertainty: 2.1217, uncertainty_coeffi: 0.0100, loss: 0.2091, lr: 6.55e-05
     Epoch[6] Iteration[690/1240], entropy: 0.3209, uncertainty: 2.1548, uncertainty_coeffi: 0.0100, loss: 0.1543, lr: 6.55e-05
     Epoch[6] Iteration[700/1240], entropy: 0.4425, uncertainty: 2.1110, uncertainty_coeffi: 0.0100, loss: 0.2172, lr: 6.55e-05
     Epoch[6] Iteration[710/1240], entropy: 0.5322, uncertainty: 2.2145, uncertainty_coeffi: 0.0100, loss: 0.2395, lr: 6.55e-05
     Epoch[6] Iteration[720/1240], entropy: 0.4393, uncertainty: 2.2207, uncertainty_coeffi: 0.0100, loss: 0.2015, lr: 6.55e-05
     Epoch[6] Iteration[730/1240], entropy: 0.5091, uncertainty: 2.2018, uncertainty_coeffi: 0.0100, loss: 0.2381, lr: 6.55e-05
     Epoch[6] Iteration[740/1240], entropy: 0.6387, uncertainty: 2.2074, uncertainty_coeffi: 0.0100, loss: 0.2859, lr: 6.55e-05
     Epoch[6] Iteration[750/1240], entropy: 0.5365, uncertainty: 2.3678, uncertainty_coeffi: 0.0100, loss: 0.2433, lr: 6.55e-05
     Epoch[6] Iteration[760/1240], entropy: 0.2996, uncertainty: 2.1882, uncertainty_coeffi: 0.0100, loss: 0.1486, lr: 6.55e-05
     Epoch[6] Iteration[770/1240], entropy: 0.4685, uncertainty: 2.2589, uncertainty_coeffi: 0.0100, loss: 0.2168, lr: 6.55e-05
     Epoch[6] Iteration[780/1240], entropy: 0.7233, uncertainty: 2.2412, uncertainty_coeffi: 0.0100, loss: 0.3134, lr: 6.55e-05
     Epoch[6] Iteration[790/1240], entropy: 0.2879, uncertainty: 2.0188, uncertainty_coeffi: 0.0100, loss: 0.1477, lr: 6.55e-05
     Epoch[6] Iteration[800/1240], entropy: 0.3444, uncertainty: 2.1340, uncertainty_coeffi: 0.0100, loss: 0.1656, lr: 6.55e-05
     Epoch[6] Iteration[810/1240], entropy: 0.3804, uncertainty: 2.0133, uncertainty_coeffi: 0.0100, loss: 0.1978, lr: 6.55e-05
     Epoch[6] Iteration[820/1240], entropy: 0.4764, uncertainty: 2.1290, uncertainty_coeffi: 0.0100, loss: 0.2287, lr: 6.55e-05
     Epoch[6] Iteration[830/1240], entropy: 0.3339, uncertainty: 2.0467, uncertainty_coeffi: 0.0100, loss: 0.1631, lr: 6.55e-05
     Epoch[6] Iteration[840/1240], entropy: 0.5313, uncertainty: 2.3008, uncertainty_coeffi: 0.0100, loss: 0.2428, lr: 6.55e-05
     Epoch[6] Iteration[850/1240], entropy: 0.3871, uncertainty: 2.1057, uncertainty_coeffi: 0.0100, loss: 0.1820, lr: 6.55e-05
     Epoch[6] Iteration[860/1240], entropy: 0.5884, uncertainty: 2.2225, uncertainty_coeffi: 0.0100, loss: 0.2585, lr: 6.55e-05
     Epoch[6] Iteration[870/1240], entropy: 0.5091, uncertainty: 2.1322, uncertainty_coeffi: 0.0100, loss: 0.2368, lr: 6.55e-05
     Epoch[6] Iteration[880/1240], entropy: 0.7457, uncertainty: 2.3418, uncertainty_coeffi: 0.0100, loss: 0.3272, lr: 6.55e-05
     Epoch[6] Iteration[890/1240], entropy: 0.4698, uncertainty: 2.1251, uncertainty_coeffi: 0.0100, loss: 0.2118, lr: 6.55e-05
     Epoch[6] Iteration[900/1240], entropy: 0.3986, uncertainty: 2.0547, uncertainty_coeffi: 0.0100, loss: 0.1868, lr: 6.55e-05
     Epoch[6] Iteration[910/1240], entropy: 0.2858, uncertainty: 2.0059, uncertainty_coeffi: 0.0100, loss: 0.1405, lr: 6.55e-05
     Epoch[6] Iteration[920/1240], entropy: 0.2624, uncertainty: 2.0228, uncertainty_coeffi: 0.0100, loss: 0.1321, lr: 6.55e-05
     Epoch[6] Iteration[930/1240], entropy: 0.4019, uncertainty: 2.0988, uncertainty_coeffi: 0.0100, loss: 0.1908, lr: 6.55e-05
     Epoch[6] Iteration[940/1240], entropy: 0.6194, uncertainty: 2.3657, uncertainty_coeffi: 0.0100, loss: 0.2800, lr: 6.55e-05
     Epoch[6] Iteration[950/1240], entropy: 0.7968, uncertainty: 2.3711, uncertainty_coeffi: 0.0100, loss: 0.3473, lr: 6.55e-05
     Epoch[6] Iteration[960/1240], entropy: 0.4705, uncertainty: 2.1585, uncertainty_coeffi: 0.0100, loss: 0.2129, lr: 6.55e-05
     Epoch[6] Iteration[970/1240], entropy: 0.3836, uncertainty: 2.0007, uncertainty_coeffi: 0.0100, loss: 0.1880, lr: 6.55e-05
     Epoch[6] Iteration[980/1240], entropy: 0.4314, uncertainty: 2.1071, uncertainty_coeffi: 0.0100, loss: 0.2028, lr: 6.55e-05
     Epoch[6] Iteration[990/1240], entropy: 0.3876, uncertainty: 2.0622, uncertainty_coeffi: 0.0100, loss: 0.1850, lr: 6.55e-05
     Epoch[6] Iteration[1000/1240], entropy: 0.5633, uncertainty: 2.2446, uncertainty_coeffi: 0.0100, loss: 0.2571, lr: 6.55e-05
     Epoch[6] Iteration[1010/1240], entropy: 0.4838, uncertainty: 2.2021, uncertainty_coeffi: 0.0100, loss: 0.2213, lr: 6.55e-05
     Epoch[6] Iteration[1020/1240], entropy: 0.4037, uncertainty: 2.0817, uncertainty_coeffi: 0.0100, loss: 0.1954, lr: 6.55e-05
     Epoch[6] Iteration[1030/1240], entropy: 0.4061, uncertainty: 2.1451, uncertainty_coeffi: 0.0100, loss: 0.1906, lr: 6.55e-05
     Epoch[6] Iteration[1040/1240], entropy: 0.4694, uncertainty: 2.2226, uncertainty_coeffi: 0.0100, loss: 0.2152, lr: 6.55e-05
     Epoch[6] Iteration[1050/1240], entropy: 0.4649, uncertainty: 2.2340, uncertainty_coeffi: 0.0100, loss: 0.2191, lr: 6.55e-05
     Epoch[6] Iteration[1060/1240], entropy: 0.3747, uncertainty: 2.0730, uncertainty_coeffi: 0.0100, loss: 0.1810, lr: 6.55e-05
     Epoch[6] Iteration[1070/1240], entropy: 0.2994, uncertainty: 2.0810, uncertainty_coeffi: 0.0100, loss: 0.1517, lr: 6.55e-05
     Epoch[6] Iteration[1080/1240], entropy: 0.3621, uncertainty: 2.1677, uncertainty_coeffi: 0.0100, loss: 0.1743, lr: 6.55e-05
     Epoch[6] Iteration[1090/1240], entropy: 0.4602, uncertainty: 2.1281, uncertainty_coeffi: 0.0100, loss: 0.2158, lr: 6.55e-05
     Epoch[6] Iteration[1100/1240], entropy: 0.5616, uncertainty: 2.2818, uncertainty_coeffi: 0.0100, loss: 0.2598, lr: 6.55e-05
     Epoch[6] Iteration[1110/1240], entropy: 0.3749, uncertainty: 2.1493, uncertainty_coeffi: 0.0100, loss: 0.1800, lr: 6.55e-05
     Epoch[6] Iteration[1120/1240], entropy: 0.7058, uncertainty: 2.1601, uncertainty_coeffi: 0.0100, loss: 0.3166, lr: 6.55e-05
     Epoch[6] Iteration[1130/1240], entropy: 0.3610, uncertainty: 2.0313, uncertainty_coeffi: 0.0100, loss: 0.1726, lr: 6.55e-05
     Epoch[6] Iteration[1140/1240], entropy: 0.5372, uncertainty: 2.2005, uncertainty_coeffi: 0.0100, loss: 0.2401, lr: 6.55e-05
     Epoch[6] Iteration[1150/1240], entropy: 0.2003, uncertainty: 2.0928, uncertainty_coeffi: 0.0100, loss: 0.1089, lr: 6.55e-05
     Epoch[6] Iteration[1160/1240], entropy: 0.3653, uncertainty: 2.1199, uncertainty_coeffi: 0.0100, loss: 0.1771, lr: 6.55e-05
     Epoch[6] Iteration[1170/1240], entropy: 0.5018, uncertainty: 2.1676, uncertainty_coeffi: 0.0100, loss: 0.2297, lr: 6.55e-05
     Epoch[6] Iteration[1180/1240], entropy: 0.5460, uncertainty: 2.2886, uncertainty_coeffi: 0.0100, loss: 0.2478, lr: 6.55e-05
     Epoch[6] Iteration[1190/1240], entropy: 0.4676, uncertainty: 2.2905, uncertainty_coeffi: 0.0100, loss: 0.2154, lr: 6.55e-05
     Epoch[6] Iteration[1200/1240], entropy: 0.4021, uncertainty: 2.1647, uncertainty_coeffi: 0.0100, loss: 0.1887, lr: 6.55e-05
     Epoch[6] Iteration[1210/1240], entropy: 0.1699, uncertainty: 2.0007, uncertainty_coeffi: 0.0100, loss: 0.0935, lr: 6.55e-05
     Epoch[6] Iteration[1220/1240], entropy: 0.3792, uncertainty: 2.2213, uncertainty_coeffi: 0.0100, loss: 0.1820, lr: 6.55e-05
     Epoch[6] Iteration[1230/1240], entropy: 0.3726, uncertainty: 2.0183, uncertainty_coeffi: 0.0100, loss: 0.1818, lr: 6.55e-05
     Epoch[6] Iteration[1240/1240], entropy: 0.6659, uncertainty: 2.2798, uncertainty_coeffi: 0.0100, loss: 0.3005, lr: 6.55e-05
     Averaged stats: entropy_avg: 0.4683, uncertainty_avg: 2.1687, uncertainty_coeffi_avg: 0.0100, loss_avg: 0.2168, lr_avg: 6.55e-05
     itm tta time 0:02:16
     Epoch[7] Iteration[10/1240], entropy: 0.5316, uncertainty: 2.1397, uncertainty_coeffi: 0.0100, loss: 0.2539, lr: 6.55e-05
     Epoch[7] Iteration[20/1240], entropy: 0.3376, uncertainty: 2.1804, uncertainty_coeffi: 0.0100, loss: 0.1614, lr: 6.55e-05
     Epoch[7] Iteration[30/1240], entropy: 0.4284, uncertainty: 2.2128, uncertainty_coeffi: 0.0100, loss: 0.1989, lr: 6.55e-05
     Epoch[7] Iteration[40/1240], entropy: 0.5131, uncertainty: 2.1464, uncertainty_coeffi: 0.0100, loss: 0.2300, lr: 6.55e-05
     Epoch[7] Iteration[50/1240], entropy: 0.2912, uncertainty: 2.1727, uncertainty_coeffi: 0.0100, loss: 0.1475, lr: 6.55e-05
     Epoch[7] Iteration[60/1240], entropy: 0.3533, uncertainty: 2.1003, uncertainty_coeffi: 0.0100, loss: 0.1662, lr: 6.55e-05
     Epoch[7] Iteration[70/1240], entropy: 0.4561, uncertainty: 2.0566, uncertainty_coeffi: 0.0100, loss: 0.2133, lr: 6.55e-05
     Epoch[7] Iteration[80/1240], entropy: 0.3534, uncertainty: 2.2148, uncertainty_coeffi: 0.0100, loss: 0.1681, lr: 6.55e-05
     Epoch[7] Iteration[90/1240], entropy: 0.4194, uncertainty: 2.1933, uncertainty_coeffi: 0.0100, loss: 0.2081, lr: 6.55e-05
     Epoch[7] Iteration[100/1240], entropy: 0.7205, uncertainty: 2.2821, uncertainty_coeffi: 0.0100, loss: 0.3073, lr: 6.55e-05
     Epoch[7] Iteration[110/1240], entropy: 0.3090, uncertainty: 2.1365, uncertainty_coeffi: 0.0100, loss: 0.1620, lr: 6.55e-05
     Epoch[7] Iteration[120/1240], entropy: 0.4484, uncertainty: 2.1577, uncertainty_coeffi: 0.0100, loss: 0.2045, lr: 6.55e-05
     Epoch[7] Iteration[130/1240], entropy: 0.3360, uncertainty: 2.1743, uncertainty_coeffi: 0.0100, loss: 0.1671, lr: 6.55e-05
     Epoch[7] Iteration[140/1240], entropy: 0.5971, uncertainty: 2.1993, uncertainty_coeffi: 0.0100, loss: 0.2691, lr: 6.55e-05
     Epoch[7] Iteration[150/1240], entropy: 0.4169, uncertainty: 2.1929, uncertainty_coeffi: 0.0100, loss: 0.1945, lr: 6.55e-05
     Epoch[7] Iteration[160/1240], entropy: 0.6615, uncertainty: 2.2817, uncertainty_coeffi: 0.0100, loss: 0.2886, lr: 6.55e-05
     Epoch[7] Iteration[170/1240], entropy: 0.6726, uncertainty: 2.3435, uncertainty_coeffi: 0.0100, loss: 0.2912, lr: 6.55e-05
     Epoch[7] Iteration[180/1240], entropy: 0.4497, uncertainty: 2.1018, uncertainty_coeffi: 0.0100, loss: 0.2185, lr: 6.55e-05
     Epoch[7] Iteration[190/1240], entropy: 0.3416, uncertainty: 2.0931, uncertainty_coeffi: 0.0100, loss: 0.1682, lr: 6.55e-05
     Epoch[7] Iteration[200/1240], entropy: 0.3752, uncertainty: 2.1628, uncertainty_coeffi: 0.0100, loss: 0.1805, lr: 6.55e-05
     Epoch[7] Iteration[210/1240], entropy: 0.4405, uncertainty: 2.2719, uncertainty_coeffi: 0.0100, loss: 0.2096, lr: 6.55e-05
     Epoch[7] Iteration[220/1240], entropy: 0.5249, uncertainty: 2.1616, uncertainty_coeffi: 0.0100, loss: 0.2417, lr: 6.55e-05
     Epoch[7] Iteration[230/1240], entropy: 0.5407, uncertainty: 2.2409, uncertainty_coeffi: 0.0100, loss: 0.2497, lr: 6.55e-05
     Epoch[7] Iteration[240/1240], entropy: 0.2759, uncertainty: 2.1867, uncertainty_coeffi: 0.0100, loss: 0.1399, lr: 6.55e-05
     Epoch[7] Iteration[250/1240], entropy: 0.3700, uncertainty: 2.0898, uncertainty_coeffi: 0.0100, loss: 0.1732, lr: 6.55e-05
     Epoch[7] Iteration[260/1240], entropy: 0.5152, uncertainty: 2.2823, uncertainty_coeffi: 0.0100, loss: 0.2404, lr: 6.55e-05
     Epoch[7] Iteration[270/1240], entropy: 0.3824, uncertainty: 2.1993, uncertainty_coeffi: 0.0100, loss: 0.1789, lr: 6.55e-05
     Epoch[7] Iteration[280/1240], entropy: 0.2808, uncertainty: 2.0682, uncertainty_coeffi: 0.0100, loss: 0.1414, lr: 6.55e-05
     Epoch[7] Iteration[290/1240], entropy: 0.5543, uncertainty: 2.2909, uncertainty_coeffi: 0.0100, loss: 0.2492, lr: 6.55e-05
     Epoch[7] Iteration[300/1240], entropy: 0.2644, uncertainty: 2.0526, uncertainty_coeffi: 0.0100, loss: 0.1408, lr: 6.55e-05
     Epoch[7] Iteration[310/1240], entropy: 0.5123, uncertainty: 2.1303, uncertainty_coeffi: 0.0100, loss: 0.2299, lr: 6.55e-05
     Epoch[7] Iteration[320/1240], entropy: 0.3836, uncertainty: 2.2039, uncertainty_coeffi: 0.0100, loss: 0.1843, lr: 6.55e-05
     Epoch[7] Iteration[330/1240], entropy: 0.6936, uncertainty: 2.2176, uncertainty_coeffi: 0.0100, loss: 0.3138, lr: 6.55e-05
     Epoch[7] Iteration[340/1240], entropy: 0.4164, uncertainty: 2.2385, uncertainty_coeffi: 0.0100, loss: 0.1983, lr: 6.55e-05
     Epoch[7] Iteration[350/1240], entropy: 0.7081, uncertainty: 2.3920, uncertainty_coeffi: 0.0100, loss: 0.3105, lr: 6.55e-05
     Epoch[7] Iteration[360/1240], entropy: 0.3840, uncertainty: 2.0245, uncertainty_coeffi: 0.0100, loss: 0.1909, lr: 6.55e-05
     Epoch[7] Iteration[370/1240], entropy: 0.6100, uncertainty: 2.2663, uncertainty_coeffi: 0.0100, loss: 0.2729, lr: 6.55e-05
     Epoch[7] Iteration[380/1240], entropy: 0.4402, uncertainty: 2.2772, uncertainty_coeffi: 0.0100, loss: 0.2071, lr: 6.55e-05
     Epoch[7] Iteration[390/1240], entropy: 0.4294, uncertainty: 2.1814, uncertainty_coeffi: 0.0100, loss: 0.1992, lr: 6.55e-05
     Epoch[7] Iteration[400/1240], entropy: 0.3474, uncertainty: 2.2394, uncertainty_coeffi: 0.0100, loss: 0.1697, lr: 6.55e-05
     Epoch[7] Iteration[410/1240], entropy: 0.4855, uncertainty: 2.1404, uncertainty_coeffi: 0.0100, loss: 0.2466, lr: 9.05e-05
     Epoch[7] Iteration[420/1240], entropy: 0.3825, uncertainty: 2.1407, uncertainty_coeffi: 0.0100, loss: 0.1772, lr: 9.05e-05
     Epoch[7] Iteration[430/1240], entropy: 0.5230, uncertainty: 2.1951, uncertainty_coeffi: 0.0100, loss: 0.2410, lr: 9.05e-05
     Epoch[7] Iteration[440/1240], entropy: 0.4764, uncertainty: 2.1933, uncertainty_coeffi: 0.0100, loss: 0.2217, lr: 9.05e-05
     Epoch[7] Iteration[450/1240], entropy: 0.6971, uncertainty: 2.2336, uncertainty_coeffi: 0.0100, loss: 0.3111, lr: 9.05e-05
     Epoch[7] Iteration[460/1240], entropy: 0.6465, uncertainty: 2.2352, uncertainty_coeffi: 0.0100, loss: 0.2903, lr: 9.05e-05
     Epoch[7] Iteration[470/1240], entropy: 0.5132, uncertainty: 2.2727, uncertainty_coeffi: 0.0100, loss: 0.2326, lr: 9.05e-05
     Epoch[7] Iteration[480/1240], entropy: 0.4455, uncertainty: 2.1724, uncertainty_coeffi: 0.0100, loss: 0.2064, lr: 9.05e-05
     Epoch[7] Iteration[490/1240], entropy: 0.4476, uncertainty: 2.2155, uncertainty_coeffi: 0.0100, loss: 0.2070, lr: 9.05e-05
     Epoch[7] Iteration[500/1240], entropy: 0.4340, uncertainty: 2.0926, uncertainty_coeffi: 0.0100, loss: 0.2047, lr: 9.05e-05
     Epoch[7] Iteration[510/1240], entropy: 0.4951, uncertainty: 2.2460, uncertainty_coeffi: 0.0100, loss: 0.2330, lr: 9.05e-05
     Epoch[7] Iteration[520/1240], entropy: 0.5570, uncertainty: 2.2415, uncertainty_coeffi: 0.0100, loss: 0.2564, lr: 9.05e-05
     Epoch[7] Iteration[530/1240], entropy: 0.4365, uncertainty: 2.0720, uncertainty_coeffi: 0.0100, loss: 0.2069, lr: 9.05e-05
     Epoch[7] Iteration[540/1240], entropy: 0.5839, uncertainty: 2.2413, uncertainty_coeffi: 0.0100, loss: 0.2586, lr: 9.05e-05
     Epoch[7] Iteration[550/1240], entropy: 0.3167, uncertainty: 2.1109, uncertainty_coeffi: 0.0100, loss: 0.1619, lr: 9.05e-05
     Epoch[7] Iteration[560/1240], entropy: 0.4296, uncertainty: 2.2737, uncertainty_coeffi: 0.0100, loss: 0.2011, lr: 9.05e-05
     Epoch[7] Iteration[570/1240], entropy: 0.6677, uncertainty: 2.2116, uncertainty_coeffi: 0.0100, loss: 0.2923, lr: 9.05e-05
     Epoch[7] Iteration[580/1240], entropy: 0.6515, uncertainty: 2.2868, uncertainty_coeffi: 0.0100, loss: 0.2876, lr: 9.05e-05
     Epoch[7] Iteration[590/1240], entropy: 0.5715, uncertainty: 2.2082, uncertainty_coeffi: 0.0100, loss: 0.2634, lr: 9.05e-05
     Epoch[7] Iteration[600/1240], entropy: 0.4873, uncertainty: 2.2375, uncertainty_coeffi: 0.0100, loss: 0.2249, lr: 9.05e-05
     Epoch[7] Iteration[610/1240], entropy: 0.3647, uncertainty: 2.1354, uncertainty_coeffi: 0.0100, loss: 0.1722, lr: 9.05e-05
     Epoch[7] Iteration[620/1240], entropy: 0.3751, uncertainty: 2.0701, uncertainty_coeffi: 0.0100, loss: 0.1826, lr: 9.05e-05
     Epoch[7] Iteration[630/1240], entropy: 0.4585, uncertainty: 2.2397, uncertainty_coeffi: 0.0100, loss: 0.2089, lr: 9.05e-05
     Epoch[7] Iteration[640/1240], entropy: 0.6394, uncertainty: 2.1242, uncertainty_coeffi: 0.0100, loss: 0.2933, lr: 9.05e-05
     Epoch[7] Iteration[650/1240], entropy: 0.4714, uncertainty: 2.1880, uncertainty_coeffi: 0.0100, loss: 0.2172, lr: 9.05e-05
     Epoch[7] Iteration[660/1240], entropy: 0.4567, uncertainty: 2.1699, uncertainty_coeffi: 0.0100, loss: 0.2171, lr: 9.05e-05
     Epoch[7] Iteration[670/1240], entropy: 0.4183, uncertainty: 2.1065, uncertainty_coeffi: 0.0100, loss: 0.1941, lr: 9.05e-05
     Epoch[7] Iteration[680/1240], entropy: 0.5749, uncertainty: 2.1474, uncertainty_coeffi: 0.0100, loss: 0.2524, lr: 9.05e-05
     Epoch[7] Iteration[690/1240], entropy: 0.6694, uncertainty: 2.3112, uncertainty_coeffi: 0.0100, loss: 0.3010, lr: 9.05e-05
     Epoch[7] Iteration[700/1240], entropy: 0.5945, uncertainty: 2.1921, uncertainty_coeffi: 0.0100, loss: 0.2794, lr: 9.05e-05
     Epoch[7] Iteration[710/1240], entropy: 0.4734, uncertainty: 2.1299, uncertainty_coeffi: 0.0100, loss: 0.2232, lr: 9.05e-05
     Epoch[7] Iteration[720/1240], entropy: 0.2249, uncertainty: 2.0119, uncertainty_coeffi: 0.0100, loss: 0.1166, lr: 9.05e-05
     Epoch[7] Iteration[730/1240], entropy: 0.5226, uncertainty: 2.2526, uncertainty_coeffi: 0.0100, loss: 0.2437, lr: 9.05e-05
     Epoch[7] Iteration[740/1240], entropy: 0.4101, uncertainty: 2.1867, uncertainty_coeffi: 0.0100, loss: 0.1932, lr: 9.05e-05
     Epoch[7] Iteration[750/1240], entropy: 0.4535, uncertainty: 2.1748, uncertainty_coeffi: 0.0100, loss: 0.2059, lr: 9.05e-05
     Epoch[7] Iteration[760/1240], entropy: 0.4422, uncertainty: 2.0582, uncertainty_coeffi: 0.0100, loss: 0.2046, lr: 9.05e-05
     Epoch[7] Iteration[770/1240], entropy: 0.6080, uncertainty: 2.3363, uncertainty_coeffi: 0.0100, loss: 0.2705, lr: 9.05e-05
     Epoch[7] Iteration[780/1240], entropy: 0.6611, uncertainty: 2.3555, uncertainty_coeffi: 0.0100, loss: 0.2933, lr: 9.05e-05
     Epoch[7] Iteration[790/1240], entropy: 0.4365, uncertainty: 2.0345, uncertainty_coeffi: 0.0100, loss: 0.2049, lr: 9.05e-05
     Epoch[7] Iteration[800/1240], entropy: 0.4803, uncertainty: 2.0963, uncertainty_coeffi: 0.0100, loss: 0.2201, lr: 9.05e-05
     Epoch[7] Iteration[810/1240], entropy: 0.5509, uncertainty: 2.1594, uncertainty_coeffi: 0.0100, loss: 0.2492, lr: 9.05e-05
     Epoch[7] Iteration[820/1240], entropy: 0.4079, uncertainty: 2.2006, uncertainty_coeffi: 0.0100, loss: 0.1994, lr: 9.05e-05
     Epoch[7] Iteration[830/1240], entropy: 0.5403, uncertainty: 2.0651, uncertainty_coeffi: 0.0100, loss: 0.2377, lr: 9.05e-05
     Epoch[7] Iteration[840/1240], entropy: 0.5347, uncertainty: 2.1621, uncertainty_coeffi: 0.0100, loss: 0.2427, lr: 9.05e-05
     Epoch[7] Iteration[850/1240], entropy: 0.5440, uncertainty: 2.2953, uncertainty_coeffi: 0.0100, loss: 0.2452, lr: 9.05e-05
     Epoch[7] Iteration[860/1240], entropy: 0.3489, uncertainty: 2.0166, uncertainty_coeffi: 0.0100, loss: 0.1627, lr: 9.05e-05
     Epoch[7] Iteration[870/1240], entropy: 0.5011, uncertainty: 2.1091, uncertainty_coeffi: 0.0100, loss: 0.2359, lr: 9.05e-05
     Epoch[7] Iteration[880/1240], entropy: 0.1694, uncertainty: 1.9969, uncertainty_coeffi: 0.0100, loss: 0.0990, lr: 9.05e-05
     Epoch[7] Iteration[890/1240], entropy: 0.3885, uncertainty: 2.2606, uncertainty_coeffi: 0.0100, loss: 0.1831, lr: 9.05e-05
     Epoch[7] Iteration[900/1240], entropy: 0.5355, uncertainty: 2.1058, uncertainty_coeffi: 0.0100, loss: 0.2428, lr: 9.05e-05
     Epoch[7] Iteration[910/1240], entropy: 0.7971, uncertainty: 2.2672, uncertainty_coeffi: 0.0100, loss: 0.3485, lr: 9.05e-05
     Epoch[7] Iteration[920/1240], entropy: 0.5001, uncertainty: 2.1167, uncertainty_coeffi: 0.0100, loss: 0.2228, lr: 9.05e-05
     Epoch[7] Iteration[930/1240], entropy: 0.4075, uncertainty: 2.0901, uncertainty_coeffi: 0.0100, loss: 0.1877, lr: 9.05e-05
     Epoch[7] Iteration[940/1240], entropy: 0.6573, uncertainty: 2.2799, uncertainty_coeffi: 0.0100, loss: 0.2930, lr: 9.05e-05
     Epoch[7] Iteration[950/1240], entropy: 0.4776, uncertainty: 2.2212, uncertainty_coeffi: 0.0100, loss: 0.2248, lr: 9.05e-05
     Epoch[7] Iteration[960/1240], entropy: 0.4131, uncertainty: 2.1423, uncertainty_coeffi: 0.0100, loss: 0.1956, lr: 9.05e-05
     Epoch[7] Iteration[970/1240], entropy: 0.5069, uncertainty: 2.1438, uncertainty_coeffi: 0.0100, loss: 0.2350, lr: 9.05e-05
     Epoch[7] Iteration[980/1240], entropy: 0.3980, uncertainty: 2.1684, uncertainty_coeffi: 0.0100, loss: 0.1860, lr: 9.05e-05
     Epoch[7] Iteration[990/1240], entropy: 0.4149, uncertainty: 2.3175, uncertainty_coeffi: 0.0100, loss: 0.1962, lr: 9.05e-05
     Epoch[7] Iteration[1000/1240], entropy: 0.4459, uncertainty: 2.2419, uncertainty_coeffi: 0.0100, loss: 0.2065, lr: 9.05e-05
     Epoch[7] Iteration[1010/1240], entropy: 0.4905, uncertainty: 2.1631, uncertainty_coeffi: 0.0100, loss: 0.2218, lr: 9.05e-05
     Epoch[7] Iteration[1020/1240], entropy: 0.3766, uncertainty: 2.2125, uncertainty_coeffi: 0.0100, loss: 0.1749, lr: 9.05e-05
     Epoch[7] Iteration[1030/1240], entropy: 0.3230, uncertainty: 2.1706, uncertainty_coeffi: 0.0100, loss: 0.1571, lr: 9.05e-05
     Epoch[7] Iteration[1040/1240], entropy: 0.5683, uncertainty: 2.2089, uncertainty_coeffi: 0.0100, loss: 0.2672, lr: 9.05e-05
     Epoch[7] Iteration[1050/1240], entropy: 0.5329, uncertainty: 2.2350, uncertainty_coeffi: 0.0100, loss: 0.2442, lr: 9.05e-05
     Epoch[7] Iteration[1060/1240], entropy: 0.5970, uncertainty: 2.2221, uncertainty_coeffi: 0.0100, loss: 0.2717, lr: 9.05e-05
     Epoch[7] Iteration[1070/1240], entropy: 0.3008, uncertainty: 2.0968, uncertainty_coeffi: 0.0100, loss: 0.1450, lr: 9.05e-05
     Epoch[7] Iteration[1080/1240], entropy: 0.5876, uncertainty: 2.0969, uncertainty_coeffi: 0.0100, loss: 0.2690, lr: 9.05e-05
     Epoch[7] Iteration[1090/1240], entropy: 0.4943, uncertainty: 2.2852, uncertainty_coeffi: 0.0100, loss: 0.2270, lr: 9.05e-05
     Epoch[7] Iteration[1100/1240], entropy: 0.5808, uncertainty: 2.2149, uncertainty_coeffi: 0.0100, loss: 0.2567, lr: 9.05e-05
     Epoch[7] Iteration[1110/1240], entropy: 0.5876, uncertainty: 2.2777, uncertainty_coeffi: 0.0100, loss: 0.2631, lr: 9.05e-05
     Epoch[7] Iteration[1120/1240], entropy: 0.4923, uncertainty: 2.1002, uncertainty_coeffi: 0.0100, loss: 0.2243, lr: 9.05e-05
     Epoch[7] Iteration[1130/1240], entropy: 0.5940, uncertainty: 2.1470, uncertainty_coeffi: 0.0100, loss: 0.2726, lr: 9.05e-05
     Epoch[7] Iteration[1140/1240], entropy: 0.3683, uncertainty: 2.1951, uncertainty_coeffi: 0.0100, loss: 0.1770, lr: 9.05e-05
     Epoch[7] Iteration[1150/1240], entropy: 0.3143, uncertainty: 2.0013, uncertainty_coeffi: 0.0100, loss: 0.1506, lr: 9.05e-05
     Epoch[7] Iteration[1160/1240], entropy: 0.3851, uncertainty: 2.0849, uncertainty_coeffi: 0.0100, loss: 0.1809, lr: 9.05e-05
     Epoch[7] Iteration[1170/1240], entropy: 0.5787, uncertainty: 2.1818, uncertainty_coeffi: 0.0100, loss: 0.2582, lr: 9.05e-05
     Epoch[7] Iteration[1180/1240], entropy: 0.3549, uncertainty: 2.1584, uncertainty_coeffi: 0.0100, loss: 0.1718, lr: 9.05e-05
     Epoch[7] Iteration[1190/1240], entropy: 0.4020, uncertainty: 2.1062, uncertainty_coeffi: 0.0100, loss: 0.1877, lr: 9.05e-05
     Epoch[7] Iteration[1200/1240], entropy: 0.4593, uncertainty: 2.2262, uncertainty_coeffi: 0.0100, loss: 0.2130, lr: 9.05e-05
     Epoch[7] Iteration[1210/1240], entropy: 0.6372, uncertainty: 2.2654, uncertainty_coeffi: 0.0100, loss: 0.2817, lr: 9.05e-05
     Epoch[7] Iteration[1220/1240], entropy: 0.4549, uncertainty: 2.1728, uncertainty_coeffi: 0.0100, loss: 0.2148, lr: 9.05e-05
     Epoch[7] Iteration[1230/1240], entropy: 0.5332, uncertainty: 2.0961, uncertainty_coeffi: 0.0100, loss: 0.2420, lr: 9.05e-05
     Epoch[7] Iteration[1240/1240], entropy: 0.5268, uncertainty: 2.2669, uncertainty_coeffi: 0.0100, loss: 0.2362, lr: 9.05e-05
     Averaged stats: entropy_avg: 0.4770, uncertainty_avg: 2.1810, uncertainty_coeffi_avg: 0.0100, loss_avg: 0.2207, lr_avg: 8.24e-05
     itm tta time 0:02:17
     Epoch[8] Iteration[10/1240], entropy: 0.3212, uncertainty: 2.1322, uncertainty_coeffi: 0.0100, loss: 0.1613, lr: 9.05e-05
     Epoch[8] Iteration[20/1240], entropy: 0.5336, uncertainty: 2.1325, uncertainty_coeffi: 0.0100, loss: 0.2325, lr: 9.05e-05
     Epoch[8] Iteration[30/1240], entropy: 0.3835, uncertainty: 2.1467, uncertainty_coeffi: 0.0100, loss: 0.1911, lr: 9.05e-05
     Epoch[8] Iteration[40/1240], entropy: 0.4719, uncertainty: 2.1540, uncertainty_coeffi: 0.0100, loss: 0.2169, lr: 9.05e-05
     Epoch[8] Iteration[50/1240], entropy: 0.6332, uncertainty: 2.2186, uncertainty_coeffi: 0.0100, loss: 0.2794, lr: 9.05e-05
     Epoch[8] Iteration[60/1240], entropy: 0.7714, uncertainty: 2.2814, uncertainty_coeffi: 0.0100, loss: 0.3458, lr: 9.05e-05
     Epoch[8] Iteration[70/1240], entropy: 0.6134, uncertainty: 2.2545, uncertainty_coeffi: 0.0100, loss: 0.2689, lr: 9.05e-05
     Epoch[8] Iteration[80/1240], entropy: 0.2563, uncertainty: 2.0597, uncertainty_coeffi: 0.0100, loss: 0.1338, lr: 9.05e-05
     Epoch[8] Iteration[90/1240], entropy: 0.3768, uncertainty: 2.2178, uncertainty_coeffi: 0.0100, loss: 0.1804, lr: 9.05e-05
     Epoch[8] Iteration[100/1240], entropy: 0.3517, uncertainty: 1.9827, uncertainty_coeffi: 0.0100, loss: 0.1752, lr: 9.05e-05
     Epoch[8] Iteration[110/1240], entropy: 0.4714, uncertainty: 2.1762, uncertainty_coeffi: 0.0100, loss: 0.2155, lr: 9.05e-05
     Epoch[8] Iteration[120/1240], entropy: 0.3333, uncertainty: 2.0711, uncertainty_coeffi: 0.0100, loss: 0.1695, lr: 9.05e-05
     Epoch[8] Iteration[130/1240], entropy: 0.4063, uncertainty: 2.1093, uncertainty_coeffi: 0.0100, loss: 0.1913, lr: 9.05e-05
     Epoch[8] Iteration[140/1240], entropy: 0.3697, uncertainty: 2.0581, uncertainty_coeffi: 0.0100, loss: 0.1774, lr: 9.05e-05
     Epoch[8] Iteration[150/1240], entropy: 0.4370, uncertainty: 2.2136, uncertainty_coeffi: 0.0100, loss: 0.2016, lr: 9.05e-05
     Epoch[8] Iteration[160/1240], entropy: 0.5082, uncertainty: 2.2769, uncertainty_coeffi: 0.0100, loss: 0.2260, lr: 9.05e-05
     Epoch[8] Iteration[170/1240], entropy: 0.4019, uncertainty: 2.0898, uncertainty_coeffi: 0.0100, loss: 0.1993, lr: 9.05e-05
     Epoch[8] Iteration[180/1240], entropy: 0.4674, uncertainty: 2.1567, uncertainty_coeffi: 0.0100, loss: 0.2166, lr: 9.05e-05
     Epoch[8] Iteration[190/1240], entropy: 0.2204, uncertainty: 2.0391, uncertainty_coeffi: 0.0100, loss: 0.1153, lr: 9.05e-05
     Epoch[8] Iteration[200/1240], entropy: 0.4762, uncertainty: 2.1557, uncertainty_coeffi: 0.0100, loss: 0.2164, lr: 9.05e-05
     Epoch[8] Iteration[210/1240], entropy: 0.3551, uncertainty: 2.1202, uncertainty_coeffi: 0.0100, loss: 0.1748, lr: 9.05e-05
     Epoch[8] Iteration[220/1240], entropy: 0.5415, uncertainty: 2.1863, uncertainty_coeffi: 0.0100, loss: 0.2469, lr: 9.05e-05
     Epoch[8] Iteration[230/1240], entropy: 0.4226, uncertainty: 2.1575, uncertainty_coeffi: 0.0100, loss: 0.1935, lr: 9.05e-05
     Epoch[8] Iteration[240/1240], entropy: 0.6028, uncertainty: 2.0915, uncertainty_coeffi: 0.0100, loss: 0.2641, lr: 9.05e-05
     Epoch[8] Iteration[250/1240], entropy: 0.4629, uncertainty: 2.2571, uncertainty_coeffi: 0.0100, loss: 0.2148, lr: 9.05e-05
     Epoch[8] Iteration[260/1240], entropy: 0.3219, uncertainty: 2.1254, uncertainty_coeffi: 0.0100, loss: 0.1602, lr: 9.05e-05
     Epoch[8] Iteration[270/1240], entropy: 0.2853, uncertainty: 2.1584, uncertainty_coeffi: 0.0100, loss: 0.1436, lr: 9.05e-05
     Epoch[8] Iteration[280/1240], entropy: 0.5023, uncertainty: 2.1859, uncertainty_coeffi: 0.0100, loss: 0.2361, lr: 9.05e-05
     Epoch[8] Iteration[290/1240], entropy: 0.6950, uncertainty: 2.1479, uncertainty_coeffi: 0.0100, loss: 0.3229, lr: 9.05e-05
     Epoch[8] Iteration[300/1240], entropy: 0.8279, uncertainty: 2.3729, uncertainty_coeffi: 0.0100, loss: 0.3584, lr: 9.05e-05
     Epoch[8] Iteration[310/1240], entropy: 0.4323, uncertainty: 2.1401, uncertainty_coeffi: 0.0100, loss: 0.2034, lr: 9.05e-05
     Epoch[8] Iteration[320/1240], entropy: 0.3695, uncertainty: 2.2715, uncertainty_coeffi: 0.0100, loss: 0.1754, lr: 9.05e-05
     Epoch[8] Iteration[330/1240], entropy: 0.4236, uncertainty: 2.1343, uncertainty_coeffi: 0.0100, loss: 0.1970, lr: 9.05e-05
     Epoch[8] Iteration[340/1240], entropy: 0.6570, uncertainty: 2.2226, uncertainty_coeffi: 0.0100, loss: 0.2931, lr: 9.05e-05
     Epoch[8] Iteration[350/1240], entropy: 0.3903, uncertainty: 2.2506, uncertainty_coeffi: 0.0100, loss: 0.1802, lr: 9.05e-05
     Epoch[8] Iteration[360/1240], entropy: 0.5858, uncertainty: 2.2511, uncertainty_coeffi: 0.0100, loss: 0.2652, lr: 9.05e-05
     Epoch[8] Iteration[370/1240], entropy: 0.3503, uncertainty: 2.0603, uncertainty_coeffi: 0.0100, loss: 0.1718, lr: 9.05e-05
     Epoch[8] Iteration[380/1240], entropy: 0.4811, uncertainty: 2.1424, uncertainty_coeffi: 0.0100, loss: 0.2261, lr: 9.05e-05
     Epoch[8] Iteration[390/1240], entropy: 0.5490, uncertainty: 2.1806, uncertainty_coeffi: 0.0100, loss: 0.2491, lr: 9.05e-05
     Epoch[8] Iteration[400/1240], entropy: 0.6072, uncertainty: 2.2256, uncertainty_coeffi: 0.0100, loss: 0.2734, lr: 9.05e-05
     Epoch[8] Iteration[410/1240], entropy: 0.4286, uncertainty: 2.2061, uncertainty_coeffi: 0.0100, loss: 0.2038, lr: 9.05e-05
     Epoch[8] Iteration[420/1240], entropy: 0.5888, uncertainty: 2.2250, uncertainty_coeffi: 0.0100, loss: 0.2726, lr: 9.05e-05
     Epoch[8] Iteration[430/1240], entropy: 0.5049, uncertainty: 2.2599, uncertainty_coeffi: 0.0100, loss: 0.2348, lr: 9.05e-05
     Epoch[8] Iteration[440/1240], entropy: 0.4663, uncertainty: 2.2602, uncertainty_coeffi: 0.0100, loss: 0.2159, lr: 9.05e-05
     Epoch[8] Iteration[450/1240], entropy: 0.4253, uncertainty: 2.1428, uncertainty_coeffi: 0.0100, loss: 0.2057, lr: 9.05e-05
     Epoch[8] Iteration[460/1240], entropy: 0.4206, uncertainty: 2.0646, uncertainty_coeffi: 0.0100, loss: 0.2009, lr: 9.05e-05
     Epoch[8] Iteration[470/1240], entropy: 0.6515, uncertainty: 2.2552, uncertainty_coeffi: 0.0100, loss: 0.2868, lr: 9.05e-05
     Epoch[8] Iteration[480/1240], entropy: 0.5583, uncertainty: 2.1876, uncertainty_coeffi: 0.0100, loss: 0.2564, lr: 9.05e-05
     Epoch[8] Iteration[490/1240], entropy: 0.3197, uncertainty: 2.0192, uncertainty_coeffi: 0.0100, loss: 0.1511, lr: 9.05e-05
     Epoch[8] Iteration[500/1240], entropy: 0.2734, uncertainty: 2.0551, uncertainty_coeffi: 0.0100, loss: 0.1350, lr: 9.05e-05
     Epoch[8] Iteration[510/1240], entropy: 0.6279, uncertainty: 2.2066, uncertainty_coeffi: 0.0100, loss: 0.2790, lr: 9.05e-05
     Epoch[8] Iteration[520/1240], entropy: 0.1699, uncertainty: 2.0608, uncertainty_coeffi: 0.0100, loss: 0.0966, lr: 9.05e-05
     Epoch[8] Iteration[530/1240], entropy: 0.2834, uncertainty: 2.0398, uncertainty_coeffi: 0.0100, loss: 0.1409, lr: 9.05e-05
     Epoch[8] Iteration[540/1240], entropy: 0.4638, uncertainty: 2.2332, uncertainty_coeffi: 0.0100, loss: 0.2129, lr: 9.05e-05
     Epoch[8] Iteration[550/1240], entropy: 0.5716, uncertainty: 2.2353, uncertainty_coeffi: 0.0100, loss: 0.2526, lr: 9.05e-05
     Epoch[8] Iteration[560/1240], entropy: 0.5611, uncertainty: 2.1865, uncertainty_coeffi: 0.0100, loss: 0.2554, lr: 9.05e-05
     Epoch[8] Iteration[570/1240], entropy: 0.2873, uncertainty: 2.1040, uncertainty_coeffi: 0.0100, loss: 0.1447, lr: 9.05e-05
     Epoch[8] Iteration[580/1240], entropy: 0.5103, uncertainty: 2.1976, uncertainty_coeffi: 0.0100, loss: 0.2307, lr: 9.05e-05
     Epoch[8] Iteration[590/1240], entropy: 0.2719, uncertainty: 2.0787, uncertainty_coeffi: 0.0100, loss: 0.1402, lr: 9.05e-05
     Epoch[8] Iteration[600/1240], entropy: 0.4358, uncertainty: 2.1576, uncertainty_coeffi: 0.0100, loss: 0.2067, lr: 9.05e-05
     Epoch[8] Iteration[610/1240], entropy: 0.3821, uncertainty: 2.1813, uncertainty_coeffi: 0.0100, loss: 0.1833, lr: 9.05e-05
     Epoch[8] Iteration[620/1240], entropy: 0.6101, uncertainty: 2.2052, uncertainty_coeffi: 0.0100, loss: 0.2716, lr: 9.05e-05
     Epoch[8] Iteration[630/1240], entropy: 0.3184, uncertainty: 2.0797, uncertainty_coeffi: 0.0100, loss: 0.1533, lr: 9.05e-05
     Epoch[8] Iteration[640/1240], entropy: 0.5249, uncertainty: 2.1955, uncertainty_coeffi: 0.0100, loss: 0.2430, lr: 9.05e-05
     Epoch[8] Iteration[650/1240], entropy: 0.4900, uncertainty: 2.2610, uncertainty_coeffi: 0.0100, loss: 0.2276, lr: 9.05e-05
     Epoch[8] Iteration[660/1240], entropy: 0.3786, uncertainty: 2.0675, uncertainty_coeffi: 0.0100, loss: 0.1794, lr: 9.05e-05
     Epoch[8] Iteration[670/1240], entropy: 0.2665, uncertainty: 1.9624, uncertainty_coeffi: 0.0100, loss: 0.1371, lr: 9.05e-05
     Epoch[8] Iteration[680/1240], entropy: 0.4893, uncertainty: 2.2285, uncertainty_coeffi: 0.0100, loss: 0.2274, lr: 9.05e-05
     Epoch[8] Iteration[690/1240], entropy: 0.3665, uncertainty: 2.0648, uncertainty_coeffi: 0.0100, loss: 0.1787, lr: 9.05e-05
     Epoch[8] Iteration[700/1240], entropy: 0.5500, uncertainty: 2.2745, uncertainty_coeffi: 0.0100, loss: 0.2546, lr: 9.05e-05
     Epoch[8] Iteration[710/1240], entropy: 0.4771, uncertainty: 2.1571, uncertainty_coeffi: 0.0100, loss: 0.2321, lr: 9.05e-05
     Epoch[8] Iteration[720/1240], entropy: 0.5346, uncertainty: 2.2307, uncertainty_coeffi: 0.0100, loss: 0.2396, lr: 9.05e-05
     Epoch[8] Iteration[730/1240], entropy: 0.5884, uncertainty: 2.2710, uncertainty_coeffi: 0.0100, loss: 0.2586, lr: 9.05e-05
     Epoch[8] Iteration[740/1240], entropy: 0.3704, uncertainty: 2.0792, uncertainty_coeffi: 0.0100, loss: 0.1749, lr: 9.05e-05
     Epoch[8] Iteration[750/1240], entropy: 0.2886, uncertainty: 2.0139, uncertainty_coeffi: 0.0100, loss: 0.1459, lr: 9.05e-05
     Epoch[8] Iteration[760/1240], entropy: 0.4437, uncertainty: 2.2041, uncertainty_coeffi: 0.0100, loss: 0.2032, lr: 9.05e-05
     Epoch[8] Iteration[770/1240], entropy: 0.4472, uncertainty: 2.2277, uncertainty_coeffi: 0.0100, loss: 0.2123, lr: 9.05e-05
     Epoch[8] Iteration[780/1240], entropy: 0.5587, uncertainty: 2.1069, uncertainty_coeffi: 0.0100, loss: 0.2498, lr: 9.05e-05
     Epoch[8] Iteration[790/1240], entropy: 0.5004, uncertainty: 2.2140, uncertainty_coeffi: 0.0100, loss: 0.2316, lr: 9.05e-05
     Epoch[8] Iteration[800/1240], entropy: 0.5014, uncertainty: 2.1922, uncertainty_coeffi: 0.0100, loss: 0.2317, lr: 9.05e-05
     Epoch[8] Iteration[810/1240], entropy: 0.5757, uncertainty: 2.2420, uncertainty_coeffi: 0.0100, loss: 0.2570, lr: 9.05e-05
     Epoch[8] Iteration[820/1240], entropy: 0.6473, uncertainty: 2.1919, uncertainty_coeffi: 0.0100, loss: 0.2889, lr: 9.05e-05
     Epoch[8] Iteration[830/1240], entropy: 0.4749, uncertainty: 2.0815, uncertainty_coeffi: 0.0100, loss: 0.2160, lr: 9.05e-05
     Epoch[8] Iteration[840/1240], entropy: 0.5224, uncertainty: 2.2448, uncertainty_coeffi: 0.0100, loss: 0.2380, lr: 9.05e-05
     Epoch[8] Iteration[850/1240], entropy: 0.5284, uncertainty: 2.3059, uncertainty_coeffi: 0.0100, loss: 0.2384, lr: 9.05e-05
     Epoch[8] Iteration[860/1240], entropy: 0.4739, uncertainty: 2.2745, uncertainty_coeffi: 0.0100, loss: 0.2189, lr: 9.05e-05
     Epoch[8] Iteration[870/1240], entropy: 0.2815, uncertainty: 2.1838, uncertainty_coeffi: 0.0100, loss: 0.1463, lr: 9.05e-05
     Epoch[8] Iteration[880/1240], entropy: 0.4098, uncertainty: 2.2810, uncertainty_coeffi: 0.0100, loss: 0.1917, lr: 9.05e-05
     Epoch[8] Iteration[890/1240], entropy: 0.3572, uncertainty: 2.2066, uncertainty_coeffi: 0.0100, loss: 0.1681, lr: 9.05e-05
     Epoch[8] Iteration[900/1240], entropy: 0.4650, uncertainty: 2.1941, uncertainty_coeffi: 0.0100, loss: 0.2228, lr: 9.05e-05
     Epoch[8] Iteration[910/1240], entropy: 0.3603, uncertainty: 2.1712, uncertainty_coeffi: 0.0100, loss: 0.1731, lr: 9.05e-05
     Epoch[8] Iteration[920/1240], entropy: 0.1771, uncertainty: 2.1188, uncertainty_coeffi: 0.0100, loss: 0.0965, lr: 9.05e-05
     Epoch[8] Iteration[930/1240], entropy: 0.3691, uncertainty: 2.1863, uncertainty_coeffi: 0.0100, loss: 0.1766, lr: 9.05e-05
     Epoch[8] Iteration[940/1240], entropy: 0.3585, uncertainty: 2.1576, uncertainty_coeffi: 0.0100, loss: 0.1774, lr: 9.05e-05
     Epoch[8] Iteration[950/1240], entropy: 0.5162, uncertainty: 2.2225, uncertainty_coeffi: 0.0100, loss: 0.2360, lr: 9.05e-05
     Epoch[8] Iteration[960/1240], entropy: 0.3884, uncertainty: 2.1089, uncertainty_coeffi: 0.0100, loss: 0.1877, lr: 9.05e-05
     Epoch[8] Iteration[970/1240], entropy: 0.3918, uncertainty: 2.1826, uncertainty_coeffi: 0.0100, loss: 0.1849, lr: 9.05e-05
     Epoch[8] Iteration[980/1240], entropy: 0.4489, uncertainty: 2.1739, uncertainty_coeffi: 0.0100, loss: 0.2241, lr: 9.05e-05
     Epoch[8] Iteration[990/1240], entropy: 0.3630, uncertainty: 2.1142, uncertainty_coeffi: 0.0100, loss: 0.1752, lr: 9.05e-05
     Epoch[8] Iteration[1000/1240], entropy: 0.6478, uncertainty: 2.2369, uncertainty_coeffi: 0.0100, loss: 0.2879, lr: 9.05e-05
     Epoch[8] Iteration[1010/1240], entropy: 0.3000, uncertainty: 2.2450, uncertainty_coeffi: 0.0100, loss: 0.1515, lr: 9.05e-05
     Epoch[8] Iteration[1020/1240], entropy: 0.5478, uncertainty: 2.2219, uncertainty_coeffi: 0.0100, loss: 0.2494, lr: 9.05e-05
     Epoch[8] Iteration[1030/1240], entropy: 0.6330, uncertainty: 2.3033, uncertainty_coeffi: 0.0100, loss: 0.2844, lr: 9.05e-05
     Epoch[8] Iteration[1040/1240], entropy: 0.5252, uncertainty: 2.2005, uncertainty_coeffi: 0.0100, loss: 0.2381, lr: 9.05e-05
     Epoch[8] Iteration[1050/1240], entropy: 0.6229, uncertainty: 2.2492, uncertainty_coeffi: 0.0100, loss: 0.2796, lr: 9.05e-05
     Epoch[8] Iteration[1060/1240], entropy: 0.2956, uncertainty: 2.1627, uncertainty_coeffi: 0.0100, loss: 0.1461, lr: 9.05e-05
     Epoch[8] Iteration[1070/1240], entropy: 0.6183, uncertainty: 2.2231, uncertainty_coeffi: 0.0100, loss: 0.2775, lr: 9.05e-05
     Epoch[8] Iteration[1080/1240], entropy: 0.3565, uncertainty: 2.1725, uncertainty_coeffi: 0.0100, loss: 0.1684, lr: 9.05e-05
     Epoch[8] Iteration[1090/1240], entropy: 0.6796, uncertainty: 2.2342, uncertainty_coeffi: 0.0100, loss: 0.2998, lr: 9.05e-05
     Epoch[8] Iteration[1100/1240], entropy: 0.4276, uncertainty: 2.1165, uncertainty_coeffi: 0.0100, loss: 0.2020, lr: 9.05e-05
     Epoch[8] Iteration[1110/1240], entropy: 0.3457, uncertainty: 2.1887, uncertainty_coeffi: 0.0100, loss: 0.1658, lr: 9.05e-05
     Epoch[8] Iteration[1120/1240], entropy: 0.5641, uncertainty: 2.2131, uncertainty_coeffi: 0.0100, loss: 0.2482, lr: 9.05e-05
     Epoch[8] Iteration[1130/1240], entropy: 0.3399, uncertainty: 2.1145, uncertainty_coeffi: 0.0100, loss: 0.1620, lr: 9.05e-05
     Epoch[8] Iteration[1140/1240], entropy: 0.2448, uncertainty: 2.0913, uncertainty_coeffi: 0.0100, loss: 0.1275, lr: 9.05e-05
     Epoch[8] Iteration[1150/1240], entropy: 0.2777, uncertainty: 1.9899, uncertainty_coeffi: 0.0100, loss: 0.1417, lr: 9.05e-05
     Epoch[8] Iteration[1160/1240], entropy: 0.5118, uncertainty: 2.1119, uncertainty_coeffi: 0.0100, loss: 0.2426, lr: 9.05e-05
     Epoch[8] Iteration[1170/1240], entropy: 0.4802, uncertainty: 2.1324, uncertainty_coeffi: 0.0100, loss: 0.2241, lr: 9.05e-05
     Epoch[8] Iteration[1180/1240], entropy: 0.6019, uncertainty: 2.2179, uncertainty_coeffi: 0.0100, loss: 0.2753, lr: 9.05e-05
     Epoch[8] Iteration[1190/1240], entropy: 0.4746, uncertainty: 2.1732, uncertainty_coeffi: 0.0100, loss: 0.2164, lr: 9.05e-05
     Epoch[8] Iteration[1200/1240], entropy: 0.6479, uncertainty: 2.1966, uncertainty_coeffi: 0.0100, loss: 0.2864, lr: 9.05e-05
     Epoch[8] Iteration[1210/1240], entropy: 0.4845, uncertainty: 2.1259, uncertainty_coeffi: 0.0100, loss: 0.2266, lr: 9.05e-05
     Epoch[8] Iteration[1220/1240], entropy: 0.4474, uncertainty: 2.3272, uncertainty_coeffi: 0.0100, loss: 0.2068, lr: 9.05e-05
     Epoch[8] Iteration[1230/1240], entropy: 0.4137, uncertainty: 2.1413, uncertainty_coeffi: 0.0100, loss: 0.1879, lr: 9.05e-05
     Epoch[8] Iteration[1240/1240], entropy: 0.7119, uncertainty: 2.3599, uncertainty_coeffi: 0.0100, loss: 0.3155, lr: 9.05e-05
     Averaged stats: entropy_avg: 0.4588, uncertainty_avg: 2.1725, uncertainty_coeffi_avg: 0.0100, loss_avg: 0.2133, lr_avg: 9.05e-05
     itm tta time 0:02:17
     Epoch[9] Iteration[10/1240], entropy: 0.4062, uncertainty: 2.1615, uncertainty_coeffi: 0.0100, loss: 0.1883, lr: 9.05e-05
     Epoch[9] Iteration[20/1240], entropy: 0.5122, uncertainty: 2.1126, uncertainty_coeffi: 0.0100, loss: 0.2397, lr: 9.05e-05
     Epoch[9] Iteration[30/1240], entropy: 0.5202, uncertainty: 2.2262, uncertainty_coeffi: 0.0100, loss: 0.2352, lr: 9.05e-05
     Epoch[9] Iteration[40/1240], entropy: 0.4081, uncertainty: 2.1980, uncertainty_coeffi: 0.0100, loss: 0.1980, lr: 9.05e-05
     Epoch[9] Iteration[50/1240], entropy: 0.4901, uncertainty: 2.1166, uncertainty_coeffi: 0.0100, loss: 0.2285, lr: 9.05e-05
     Epoch[9] Iteration[60/1240], entropy: 0.5304, uncertainty: 2.1426, uncertainty_coeffi: 0.0100, loss: 0.2434, lr: 9.05e-05
     Epoch[9] Iteration[70/1240], entropy: 0.5183, uncertainty: 2.0719, uncertainty_coeffi: 0.0100, loss: 0.2357, lr: 9.05e-05
     Epoch[9] Iteration[80/1240], entropy: 0.3615, uncertainty: 2.1765, uncertainty_coeffi: 0.0100, loss: 0.1703, lr: 9.05e-05
     Epoch[9] Iteration[90/1240], entropy: 0.6178, uncertainty: 2.3764, uncertainty_coeffi: 0.0100, loss: 0.2718, lr: 9.05e-05
     Epoch[9] Iteration[100/1240], entropy: 0.6461, uncertainty: 2.1926, uncertainty_coeffi: 0.0100, loss: 0.2874, lr: 9.05e-05
     Epoch[9] Iteration[110/1240], entropy: 0.4445, uncertainty: 2.2546, uncertainty_coeffi: 0.0100, loss: 0.2046, lr: 9.05e-05
     Epoch[9] Iteration[120/1240], entropy: 0.4517, uncertainty: 2.1868, uncertainty_coeffi: 0.0100, loss: 0.2067, lr: 9.05e-05
     Epoch[9] Iteration[130/1240], entropy: 0.2991, uncertainty: 2.0199, uncertainty_coeffi: 0.0100, loss: 0.1493, lr: 9.05e-05
     Epoch[9] Iteration[140/1240], entropy: 0.3470, uncertainty: 2.1718, uncertainty_coeffi: 0.0100, loss: 0.1707, lr: 9.05e-05
     Epoch[9] Iteration[150/1240], entropy: 0.5170, uncertainty: 2.2228, uncertainty_coeffi: 0.0100, loss: 0.2341, lr: 9.05e-05
     Epoch[9] Iteration[160/1240], entropy: 0.3959, uncertainty: 2.1252, uncertainty_coeffi: 0.0100, loss: 0.1954, lr: 9.05e-05
     Epoch[9] Iteration[170/1240], entropy: 0.5137, uncertainty: 2.1821, uncertainty_coeffi: 0.0100, loss: 0.2364, lr: 9.05e-05
     Epoch[9] Iteration[180/1240], entropy: 0.6653, uncertainty: 2.3383, uncertainty_coeffi: 0.0100, loss: 0.2917, lr: 9.05e-05
     Epoch[9] Iteration[190/1240], entropy: 0.1909, uncertainty: 2.0520, uncertainty_coeffi: 0.0100, loss: 0.1072, lr: 9.05e-05
     Epoch[9] Iteration[200/1240], entropy: 0.5698, uncertainty: 2.2174, uncertainty_coeffi: 0.0100, loss: 0.2659, lr: 9.05e-05
     Epoch[9] Iteration[210/1240], entropy: 0.4122, uncertainty: 2.1590, uncertainty_coeffi: 0.0100, loss: 0.1988, lr: 9.05e-05
     Epoch[9] Iteration[220/1240], entropy: 0.3745, uncertainty: 2.2093, uncertainty_coeffi: 0.0100, loss: 0.1767, lr: 9.05e-05
     Epoch[9] Iteration[230/1240], entropy: 0.4797, uncertainty: 2.1900, uncertainty_coeffi: 0.0100, loss: 0.2131, lr: 9.05e-05
     Epoch[9] Iteration[240/1240], entropy: 0.3876, uncertainty: 2.2595, uncertainty_coeffi: 0.0100, loss: 0.1868, lr: 9.05e-05
     Epoch[9] Iteration[250/1240], entropy: 0.4796, uncertainty: 2.1441, uncertainty_coeffi: 0.0100, loss: 0.2266, lr: 9.05e-05
     Epoch[9] Iteration[260/1240], entropy: 0.7415, uncertainty: 2.3920, uncertainty_coeffi: 0.0100, loss: 0.3239, lr: 9.05e-05
     Epoch[9] Iteration[270/1240], entropy: 0.5150, uncertainty: 2.2765, uncertainty_coeffi: 0.0100, loss: 0.2373, lr: 9.05e-05
     Epoch[9] Iteration[280/1240], entropy: 0.6068, uncertainty: 2.3033, uncertainty_coeffi: 0.0100, loss: 0.2630, lr: 9.05e-05
     Epoch[9] Iteration[290/1240], entropy: 0.2511, uncertainty: 2.0185, uncertainty_coeffi: 0.0100, loss: 0.1311, lr: 9.05e-05
     Epoch[9] Iteration[300/1240], entropy: 0.3460, uncertainty: 2.1611, uncertainty_coeffi: 0.0100, loss: 0.1666, lr: 9.05e-05
     Epoch[9] Iteration[310/1240], entropy: 0.7147, uncertainty: 2.3858, uncertainty_coeffi: 0.0100, loss: 0.3163, lr: 1.00e-04
     Epoch[9] Iteration[320/1240], entropy: 0.4228, uncertainty: 2.2440, uncertainty_coeffi: 0.0100, loss: 0.1963, lr: 1.00e-04
     Epoch[9] Iteration[330/1240], entropy: 0.2766, uncertainty: 2.1656, uncertainty_coeffi: 0.0100, loss: 0.1389, lr: 1.00e-04
     Epoch[9] Iteration[340/1240], entropy: 0.4190, uncertainty: 2.0391, uncertainty_coeffi: 0.0100, loss: 0.2009, lr: 1.00e-04
     Epoch[9] Iteration[350/1240], entropy: 0.4149, uncertainty: 2.1624, uncertainty_coeffi: 0.0100, loss: 0.2056, lr: 1.00e-04
     Epoch[9] Iteration[360/1240], entropy: 0.3991, uncertainty: 2.1044, uncertainty_coeffi: 0.0100, loss: 0.1973, lr: 1.00e-04
     Epoch[9] Iteration[370/1240], entropy: 0.3586, uncertainty: 2.1493, uncertainty_coeffi: 0.0100, loss: 0.1757, lr: 1.00e-04
     Epoch[9] Iteration[380/1240], entropy: 0.7006, uncertainty: 2.3528, uncertainty_coeffi: 0.0100, loss: 0.3090, lr: 1.00e-04
     Epoch[9] Iteration[390/1240], entropy: 0.2441, uncertainty: 2.0491, uncertainty_coeffi: 0.0100, loss: 0.1285, lr: 1.00e-04
     Epoch[9] Iteration[400/1240], entropy: 0.3650, uncertainty: 2.2039, uncertainty_coeffi: 0.0100, loss: 0.1752, lr: 1.00e-04
     Epoch[9] Iteration[410/1240], entropy: 0.3846, uncertainty: 2.1963, uncertainty_coeffi: 0.0100, loss: 0.1840, lr: 1.00e-04
     Epoch[9] Iteration[420/1240], entropy: 0.5639, uncertainty: 2.2273, uncertainty_coeffi: 0.0100, loss: 0.2575, lr: 1.00e-04
     Epoch[9] Iteration[430/1240], entropy: 0.4038, uncertainty: 2.0944, uncertainty_coeffi: 0.0100, loss: 0.1909, lr: 1.00e-04
     Epoch[9] Iteration[440/1240], entropy: 0.3724, uncertainty: 2.0298, uncertainty_coeffi: 0.0100, loss: 0.1819, lr: 1.00e-04
     Epoch[9] Iteration[450/1240], entropy: 0.5554, uncertainty: 2.0767, uncertainty_coeffi: 0.0100, loss: 0.2486, lr: 1.00e-04
     Epoch[9] Iteration[460/1240], entropy: 0.2770, uncertainty: 2.0335, uncertainty_coeffi: 0.0100, loss: 0.1380, lr: 1.00e-04
     Epoch[9] Iteration[470/1240], entropy: 0.4007, uncertainty: 2.1975, uncertainty_coeffi: 0.0100, loss: 0.1880, lr: 1.00e-04
     Epoch[9] Iteration[480/1240], entropy: 0.4908, uncertainty: 2.1362, uncertainty_coeffi: 0.0100, loss: 0.2262, lr: 1.00e-04
     Epoch[9] Iteration[490/1240], entropy: 0.4448, uncertainty: 2.1331, uncertainty_coeffi: 0.0100, loss: 0.2101, lr: 1.00e-04
     Epoch[9] Iteration[500/1240], entropy: 0.4408, uncertainty: 2.1756, uncertainty_coeffi: 0.0100, loss: 0.2047, lr: 1.00e-04
     Epoch[9] Iteration[510/1240], entropy: 0.4396, uncertainty: 2.2557, uncertainty_coeffi: 0.0100, loss: 0.2047, lr: 1.00e-04
     Epoch[9] Iteration[520/1240], entropy: 0.4682, uncertainty: 2.1696, uncertainty_coeffi: 0.0100, loss: 0.2228, lr: 1.00e-04
     Epoch[9] Iteration[530/1240], entropy: 0.5457, uncertainty: 2.3044, uncertainty_coeffi: 0.0100, loss: 0.2506, lr: 1.00e-04
     Epoch[9] Iteration[540/1240], entropy: 0.5568, uncertainty: 2.2341, uncertainty_coeffi: 0.0100, loss: 0.2503, lr: 1.00e-04
     Epoch[9] Iteration[550/1240], entropy: 0.3983, uncertainty: 2.1755, uncertainty_coeffi: 0.0100, loss: 0.1873, lr: 1.00e-04
     Epoch[9] Iteration[560/1240], entropy: 0.4825, uncertainty: 2.1939, uncertainty_coeffi: 0.0100, loss: 0.2273, lr: 1.00e-04
     Epoch[9] Iteration[570/1240], entropy: 0.5623, uncertainty: 2.1902, uncertainty_coeffi: 0.0100, loss: 0.2474, lr: 1.00e-04
     Epoch[9] Iteration[580/1240], entropy: 0.7618, uncertainty: 2.2668, uncertainty_coeffi: 0.0100, loss: 0.3303, lr: 1.00e-04
     Epoch[9] Iteration[590/1240], entropy: 0.2369, uncertainty: 1.9954, uncertainty_coeffi: 0.0100, loss: 0.1252, lr: 1.00e-04
     Epoch[9] Iteration[600/1240], entropy: 0.5587, uncertainty: 2.2008, uncertainty_coeffi: 0.0100, loss: 0.2554, lr: 1.00e-04
     Epoch[9] Iteration[610/1240], entropy: 0.5633, uncertainty: 2.1988, uncertainty_coeffi: 0.0100, loss: 0.2579, lr: 1.00e-04
     Epoch[9] Iteration[620/1240], entropy: 0.4766, uncertainty: 2.2470, uncertainty_coeffi: 0.0100, loss: 0.2215, lr: 1.00e-04
     Epoch[9] Iteration[630/1240], entropy: 0.3776, uncertainty: 2.1500, uncertainty_coeffi: 0.0100, loss: 0.1821, lr: 1.00e-04
     Epoch[9] Iteration[640/1240], entropy: 0.5519, uncertainty: 2.2672, uncertainty_coeffi: 0.0100, loss: 0.2526, lr: 1.00e-04
     Epoch[9] Iteration[650/1240], entropy: 0.5069, uncertainty: 2.1808, uncertainty_coeffi: 0.0100, loss: 0.2295, lr: 1.00e-04
     Epoch[9] Iteration[660/1240], entropy: 0.6087, uncertainty: 2.2816, uncertainty_coeffi: 0.0100, loss: 0.2720, lr: 1.00e-04
     Epoch[9] Iteration[670/1240], entropy: 0.3994, uncertainty: 2.1704, uncertainty_coeffi: 0.0100, loss: 0.1974, lr: 1.00e-04
     Epoch[9] Iteration[680/1240], entropy: 0.4896, uncertainty: 2.1131, uncertainty_coeffi: 0.0100, loss: 0.2285, lr: 1.00e-04
     Epoch[9] Iteration[690/1240], entropy: 0.5640, uncertainty: 2.3086, uncertainty_coeffi: 0.0100, loss: 0.2572, lr: 1.00e-04
     Epoch[9] Iteration[700/1240], entropy: 0.3278, uncertainty: 2.0520, uncertainty_coeffi: 0.0100, loss: 0.1620, lr: 1.00e-04
     Epoch[9] Iteration[710/1240], entropy: 0.3343, uncertainty: 2.1998, uncertainty_coeffi: 0.0100, loss: 0.1604, lr: 1.00e-04
     Epoch[9] Iteration[720/1240], entropy: 0.5400, uncertainty: 2.0743, uncertainty_coeffi: 0.0100, loss: 0.2581, lr: 1.00e-04
     Epoch[9] Iteration[730/1240], entropy: 0.5817, uncertainty: 2.1979, uncertainty_coeffi: 0.0100, loss: 0.2619, lr: 1.00e-04
     Epoch[9] Iteration[740/1240], entropy: 0.5001, uncertainty: 2.1593, uncertainty_coeffi: 0.0100, loss: 0.2288, lr: 1.00e-04
     Epoch[9] Iteration[750/1240], entropy: 0.5305, uncertainty: 2.2078, uncertainty_coeffi: 0.0100, loss: 0.2400, lr: 1.00e-04
     Epoch[9] Iteration[760/1240], entropy: 0.5551, uncertainty: 2.2559, uncertainty_coeffi: 0.0100, loss: 0.2503, lr: 1.00e-04
     Epoch[9] Iteration[770/1240], entropy: 0.4329, uncertainty: 2.2182, uncertainty_coeffi: 0.0100, loss: 0.1949, lr: 1.00e-04
     Epoch[9] Iteration[780/1240], entropy: 0.4077, uncertainty: 2.0765, uncertainty_coeffi: 0.0100, loss: 0.2024, lr: 1.00e-04
     Epoch[9] Iteration[790/1240], entropy: 0.4364, uncertainty: 2.0881, uncertainty_coeffi: 0.0100, loss: 0.2049, lr: 1.00e-04
     Epoch[9] Iteration[800/1240], entropy: 0.4394, uncertainty: 2.2394, uncertainty_coeffi: 0.0100, loss: 0.2044, lr: 1.00e-04
     Epoch[9] Iteration[810/1240], entropy: 0.6124, uncertainty: 2.2489, uncertainty_coeffi: 0.0100, loss: 0.2714, lr: 1.00e-04
     Epoch[9] Iteration[820/1240], entropy: 0.4887, uncertainty: 2.1510, uncertainty_coeffi: 0.0100, loss: 0.2176, lr: 1.00e-04
     Epoch[9] Iteration[830/1240], entropy: 0.5477, uncertainty: 2.0935, uncertainty_coeffi: 0.0100, loss: 0.2529, lr: 1.00e-04
     Epoch[9] Iteration[840/1240], entropy: 0.4404, uncertainty: 2.2062, uncertainty_coeffi: 0.0100, loss: 0.2052, lr: 1.00e-04
     Epoch[9] Iteration[850/1240], entropy: 0.6043, uncertainty: 2.1651, uncertainty_coeffi: 0.0100, loss: 0.2675, lr: 1.00e-04
     Epoch[9] Iteration[860/1240], entropy: 0.3393, uncertainty: 2.1459, uncertainty_coeffi: 0.0100, loss: 0.1694, lr: 1.00e-04
     Epoch[9] Iteration[870/1240], entropy: 0.5118, uncertainty: 2.2271, uncertainty_coeffi: 0.0100, loss: 0.2297, lr: 1.00e-04
     Epoch[9] Iteration[880/1240], entropy: 0.3987, uncertainty: 2.1025, uncertainty_coeffi: 0.0100, loss: 0.1901, lr: 1.00e-04
     Epoch[9] Iteration[890/1240], entropy: 0.5104, uncertainty: 2.2463, uncertainty_coeffi: 0.0100, loss: 0.2380, lr: 1.00e-04
     Epoch[9] Iteration[900/1240], entropy: 0.4241, uncertainty: 2.1105, uncertainty_coeffi: 0.0100, loss: 0.2025, lr: 1.00e-04
     Epoch[9] Iteration[910/1240], entropy: 0.5434, uncertainty: 2.2356, uncertainty_coeffi: 0.0100, loss: 0.2478, lr: 1.00e-04
     Epoch[9] Iteration[920/1240], entropy: 0.3345, uncertainty: 2.0946, uncertainty_coeffi: 0.0100, loss: 0.1628, lr: 1.00e-04
     Epoch[9] Iteration[930/1240], entropy: 0.3530, uncertainty: 2.1968, uncertainty_coeffi: 0.0100, loss: 0.1665, lr: 1.00e-04
     Epoch[9] Iteration[940/1240], entropy: 0.4339, uncertainty: 2.1468, uncertainty_coeffi: 0.0100, loss: 0.2070, lr: 1.00e-04
     Epoch[9] Iteration[950/1240], entropy: 0.4938, uncertainty: 2.2329, uncertainty_coeffi: 0.0100, loss: 0.2267, lr: 1.00e-04
     Epoch[9] Iteration[960/1240], entropy: 0.4054, uncertainty: 2.1497, uncertainty_coeffi: 0.0100, loss: 0.1909, lr: 1.00e-04
     Epoch[9] Iteration[970/1240], entropy: 0.5218, uncertainty: 2.3398, uncertainty_coeffi: 0.0100, loss: 0.2293, lr: 1.00e-04
     Epoch[9] Iteration[980/1240], entropy: 0.4514, uncertainty: 2.1858, uncertainty_coeffi: 0.0100, loss: 0.2080, lr: 1.00e-04
     Epoch[9] Iteration[990/1240], entropy: 0.3939, uncertainty: 2.0396, uncertainty_coeffi: 0.0100, loss: 0.1904, lr: 1.00e-04
     Epoch[9] Iteration[1000/1240], entropy: 0.4656, uncertainty: 2.1629, uncertainty_coeffi: 0.0100, loss: 0.2237, lr: 1.00e-04
     Epoch[9] Iteration[1010/1240], entropy: 0.6145, uncertainty: 2.2544, uncertainty_coeffi: 0.0100, loss: 0.2742, lr: 1.00e-04
     Epoch[9] Iteration[1020/1240], entropy: 0.6515, uncertainty: 2.2454, uncertainty_coeffi: 0.0100, loss: 0.2916, lr: 1.00e-04
     Epoch[9] Iteration[1030/1240], entropy: 0.4468, uncertainty: 2.2273, uncertainty_coeffi: 0.0100, loss: 0.2071, lr: 1.00e-04
     Epoch[9] Iteration[1040/1240], entropy: 0.7704, uncertainty: 2.2301, uncertainty_coeffi: 0.0100, loss: 0.3312, lr: 1.00e-04
     Epoch[9] Iteration[1050/1240], entropy: 0.5108, uncertainty: 2.2640, uncertainty_coeffi: 0.0100, loss: 0.2336, lr: 1.00e-04
     Epoch[9] Iteration[1060/1240], entropy: 0.4082, uncertainty: 2.1233, uncertainty_coeffi: 0.0100, loss: 0.1926, lr: 1.00e-04
     Epoch[9] Iteration[1070/1240], entropy: 0.4977, uncertainty: 2.3073, uncertainty_coeffi: 0.0100, loss: 0.2289, lr: 1.00e-04
     Epoch[9] Iteration[1080/1240], entropy: 0.4591, uncertainty: 2.1679, uncertainty_coeffi: 0.0100, loss: 0.2091, lr: 1.00e-04
     Epoch[9] Iteration[1090/1240], entropy: 0.4956, uncertainty: 2.2166, uncertainty_coeffi: 0.0100, loss: 0.2281, lr: 1.00e-04
     Epoch[9] Iteration[1100/1240], entropy: 0.4591, uncertainty: 2.1468, uncertainty_coeffi: 0.0100, loss: 0.2108, lr: 1.00e-04
     Epoch[9] Iteration[1110/1240], entropy: 0.5196, uncertainty: 2.2421, uncertainty_coeffi: 0.0100, loss: 0.2339, lr: 1.00e-04
     Epoch[9] Iteration[1120/1240], entropy: 0.4390, uncertainty: 2.0945, uncertainty_coeffi: 0.0100, loss: 0.2062, lr: 1.00e-04
     Epoch[9] Iteration[1130/1240], entropy: 0.3420, uncertainty: 2.0439, uncertainty_coeffi: 0.0100, loss: 0.1669, lr: 1.00e-04
     Epoch[9] Iteration[1140/1240], entropy: 0.4490, uncertainty: 2.2391, uncertainty_coeffi: 0.0100, loss: 0.2070, lr: 1.00e-04
     Epoch[9] Iteration[1150/1240], entropy: 0.5606, uncertainty: 2.2154, uncertainty_coeffi: 0.0100, loss: 0.2583, lr: 1.00e-04
     Epoch[9] Iteration[1160/1240], entropy: 0.4063, uncertainty: 2.0981, uncertainty_coeffi: 0.0100, loss: 0.1965, lr: 1.00e-04
     Epoch[9] Iteration[1170/1240], entropy: 0.4370, uncertainty: 2.1839, uncertainty_coeffi: 0.0100, loss: 0.2171, lr: 1.00e-04
     Epoch[9] Iteration[1180/1240], entropy: 0.4365, uncertainty: 2.2357, uncertainty_coeffi: 0.0100, loss: 0.2050, lr: 1.00e-04
     Epoch[9] Iteration[1190/1240], entropy: 0.2575, uncertainty: 2.1330, uncertainty_coeffi: 0.0100, loss: 0.1334, lr: 1.00e-04
     Epoch[9] Iteration[1200/1240], entropy: 0.3504, uncertainty: 2.1042, uncertainty_coeffi: 0.0100, loss: 0.1716, lr: 1.00e-04
     Epoch[9] Iteration[1210/1240], entropy: 0.6111, uncertainty: 2.3597, uncertainty_coeffi: 0.0100, loss: 0.2738, lr: 1.00e-04
     Epoch[9] Iteration[1220/1240], entropy: 0.6647, uncertainty: 2.2489, uncertainty_coeffi: 0.0100, loss: 0.2987, lr: 1.00e-04
     Epoch[9] Iteration[1230/1240], entropy: 0.3586, uncertainty: 2.1392, uncertainty_coeffi: 0.0100, loss: 0.1698, lr: 1.00e-04
     Epoch[9] Iteration[1240/1240], entropy: 0.6035, uncertainty: 2.1603, uncertainty_coeffi: 0.0100, loss: 0.2696, lr: 1.00e-04
     Averaged stats: entropy_avg: 0.4702, uncertainty_avg: 2.1827, uncertainty_coeffi_avg: 0.0100, loss_avg: 0.2181, lr_avg: 9.77e-05
     itm tta time 0:02:16
### TTA Eval Score: 
+-------+--------+--------+--------+--------+-------+
| epoch |   R1   |   R5   |  R10   |  mAP   |  mINP |
+-------+--------+--------+--------+--------+-------+
|  -999 | 60.656 | 77.499 | 83.268 | 35.543 | 6.006 |
|   0   | 61.810 | 77.484 | 83.021 | 36.117 | 6.038 |
|   1   | 61.961 | 77.433 | 82.850 | 36.057 | 6.006 |
|   2   | 61.956 | 77.287 | 82.809 | 36.032 | 6.008 |
|   4   | 61.966 | 77.197 | 82.709 | 35.975 | 5.938 |
|   9   | 61.885 | 77.061 | 82.603 | 35.956 | 5.948 |
+-------+--------+--------+--------+--------+-------+
     logs:  {'epo': 9, 'R1': np.float32(61.885), 'R5': np.float32(77.061), 'R10': np.float32(82.603), 'mAP': np.float32(35.956), 'mINP': np.float32(5.948), 'entropy': 0.4702216658380724, 'uncertainty': 2.182676440285098, 'uncertainty_coeffi': 0.009999999776482582, 'loss': 0.21805171836768428, 'lr': 9.768972170615451e-05}
### best epoch 4 : {'epo': '4', 'R1': '61.966', 'R5': '77.197', 'R10': '82.709', 'mAP': '35.975', 'mINP': '5.938', 'entropy': '0.4742104073445643', 'uncertainty': '2.1720424429062875', 'uncertainty_coeffi': '0.009999999776482582', 'loss': '0.21983145147321687', 'lr': '3.4549150281270424e-05'}
### Time 0:31:16
