Not using distributed mode
### Hyper-parameters:
     output_dir: output_rerun/ham_icfg_tta/exp0.1.3/2025090817151
     seed: 42
     device: cuda
     batch_size_tta: 32
     epochs: 30
     lr: 0.0005
### Creating test dataset
     test_txt_set: 19848    test_img_set: 19848
     test_txt_loader: 39    test_img_loader: 39
### Creating model
Training Model with ['sdm', 'id', 'mlm'] tasks
Resized position embedding from size:torch.Size([1, 197, 768]) to size: torch.Size([1, 193, 768]) with height:24 width: 8
     Total Params Sum:  190482206
### Zero-Shot Score: 
/home/jiahao/task/IRRA/tta.py:261: FutureWarning: `torch.cuda.amp.GradScaler(args...)` is deprecated. Please use `torch.amp.GradScaler('cuda', args...)` instead.
  scaler = GradScaler()  # bf16
+-------+--------+--------+--------+--------+-------+
| epoch |   R1   |   R5   |  R10   |  mAP   |  mINP |
+-------+--------+--------+--------+--------+-------+
|  -999 | 37.309 | 55.572 | 63.548 | 20.139 | 2.213 |
+-------+--------+--------+--------+--------+-------+
### TTA:
### Compute Cos Similarity Uncertainty
     preprocess_tta_coefficients  start
     sample selection ...
     number of sample after sample_selection: 19848
     uncertainty ...
     pos/neg sampling ...
      number of sample after pos/neg sampling: torch.Size([19848, 4])
     preprocess_tta_coefficients  end
### Creating TTA dataset
     tta_dataset: 19848
### Creating tta dataloader
### be careful: func create_loader returns a list length of 1
     tta_loader: 620
### Configure adapted weights
     TTA Dropout Modules: 
 []
     TTA Require Gradient Params: 
 [('base_model.transformer.resblocks.1.ln_1.weight', torch.Size([512])), ('base_model.transformer.resblocks.1.ln_1.bias', torch.Size([512])), ('base_model.transformer.resblocks.1.ln_2.weight', torch.Size([512])), ('base_model.transformer.resblocks.1.ln_2.bias', torch.Size([512])), ('base_model.transformer.resblocks.2.ln_1.weight', torch.Size([512])), ('base_model.transformer.resblocks.2.ln_1.bias', torch.Size([512])), ('base_model.transformer.resblocks.2.ln_2.weight', torch.Size([512])), ('base_model.transformer.resblocks.2.ln_2.bias', torch.Size([512])), ('base_model.transformer.resblocks.3.ln_1.weight', torch.Size([512])), ('base_model.transformer.resblocks.3.ln_1.bias', torch.Size([512])), ('base_model.transformer.resblocks.3.ln_2.weight', torch.Size([512])), ('base_model.transformer.resblocks.3.ln_2.bias', torch.Size([512])), ('base_model.transformer.resblocks.4.ln_1.weight', torch.Size([512])), ('base_model.transformer.resblocks.4.ln_1.bias', torch.Size([512])), ('base_model.transformer.resblocks.4.ln_2.weight', torch.Size([512])), ('base_model.transformer.resblocks.4.ln_2.bias', torch.Size([512])), ('base_model.transformer.resblocks.5.ln_1.weight', torch.Size([512])), ('base_model.transformer.resblocks.5.ln_1.bias', torch.Size([512])), ('base_model.transformer.resblocks.5.ln_2.weight', torch.Size([512])), ('base_model.transformer.resblocks.5.ln_2.bias', torch.Size([512])), ('base_model.transformer.resblocks.7.ln_1.weight', torch.Size([512])), ('base_model.transformer.resblocks.7.ln_1.bias', torch.Size([512])), ('base_model.transformer.resblocks.7.ln_2.weight', torch.Size([512])), ('base_model.transformer.resblocks.7.ln_2.bias', torch.Size([512])), ('base_model.transformer.resblocks.8.ln_1.weight', torch.Size([512])), ('base_model.transformer.resblocks.8.ln_1.bias', torch.Size([512])), ('base_model.transformer.resblocks.8.ln_2.weight', torch.Size([512])), ('base_model.transformer.resblocks.8.ln_2.bias', torch.Size([512])), ('base_model.transformer.resblocks.9.ln_1.weight', torch.Size([512])), ('base_model.transformer.resblocks.9.ln_1.bias', torch.Size([512])), ('base_model.transformer.resblocks.9.ln_2.weight', torch.Size([512])), ('base_model.transformer.resblocks.9.ln_2.bias', torch.Size([512])), ('base_model.transformer.resblocks.10.ln_1.weight', torch.Size([512])), ('base_model.transformer.resblocks.10.ln_1.bias', torch.Size([512])), ('base_model.transformer.resblocks.10.ln_2.weight', torch.Size([512])), ('base_model.transformer.resblocks.10.ln_2.bias', torch.Size([512])), ('base_model.transformer.resblocks.11.ln_1.weight', torch.Size([512])), ('base_model.transformer.resblocks.11.ln_1.bias', torch.Size([512])), ('base_model.transformer.resblocks.11.ln_2.weight', torch.Size([512])), ('base_model.transformer.resblocks.11.ln_2.bias', torch.Size([512])), ('base_model.ln_final.weight', torch.Size([512])), ('base_model.ln_final.bias', torch.Size([512]))]
     TTA Dropout Modules Number: 
 0
     TTA Require Gradient Params Sum: 
 21504
Using 5.0 times learning rate for random init module 
### Start Test Time Adaptation
/home/jiahao/task/IRRA/tta.py:65: FutureWarning: `torch.cuda.amp.autocast(args...)` is deprecated. Please use `torch.amp.autocast('cuda', args...)` instead.
  with torch.cuda.amp.autocast(enabled=True):
     Epoch[0] Iteration[10/620], entropy: 0.4533, loss: 0.4533, lr: 4.52e-04
     Epoch[0] Iteration[20/620], entropy: 0.4124, loss: 0.4124, lr: 1.73e-04
     Epoch[0] Iteration[30/620], entropy: 0.4119, loss: 0.4119, lr: 0.00e+00
     Epoch[0] Iteration[40/620], entropy: 0.4247, loss: 0.4247, lr: 1.73e-04
     Epoch[0] Iteration[50/620], entropy: 0.4201, loss: 0.4201, lr: 4.52e-04
     Epoch[0] Iteration[60/620], entropy: 0.4658, loss: 0.4658, lr: 4.52e-04
     Epoch[0] Iteration[70/620], entropy: 0.3565, loss: 0.3565, lr: 1.73e-04
     Epoch[0] Iteration[80/620], entropy: 0.3948, loss: 0.3948, lr: 0.00e+00
     Epoch[0] Iteration[90/620], entropy: 0.4455, loss: 0.4455, lr: 1.73e-04
     Epoch[0] Iteration[100/620], entropy: 0.3482, loss: 0.3482, lr: 4.52e-04
     Epoch[0] Iteration[110/620], entropy: 0.4317, loss: 0.4317, lr: 4.52e-04
     Epoch[0] Iteration[120/620], entropy: 0.4376, loss: 0.4376, lr: 1.73e-04
     Epoch[0] Iteration[130/620], entropy: 0.3823, loss: 0.3823, lr: 0.00e+00
     Epoch[0] Iteration[140/620], entropy: 0.3892, loss: 0.3892, lr: 1.73e-04
     Epoch[0] Iteration[150/620], entropy: 0.3203, loss: 0.3203, lr: 4.52e-04
     Epoch[0] Iteration[160/620], entropy: 0.3936, loss: 0.3936, lr: 4.52e-04
     Epoch[0] Iteration[170/620], entropy: 0.3593, loss: 0.3593, lr: 1.73e-04
     Epoch[0] Iteration[180/620], entropy: 0.5269, loss: 0.5269, lr: 0.00e+00
     Epoch[0] Iteration[190/620], entropy: 0.3596, loss: 0.3596, lr: 1.73e-04
     Epoch[0] Iteration[200/620], entropy: 0.2728, loss: 0.2728, lr: 4.52e-04
     Epoch[0] Iteration[210/620], entropy: 0.3786, loss: 0.3786, lr: 4.52e-04
     Epoch[0] Iteration[220/620], entropy: 0.3660, loss: 0.3660, lr: 1.73e-04
     Epoch[0] Iteration[230/620], entropy: 0.3657, loss: 0.3657, lr: 0.00e+00
     Epoch[0] Iteration[240/620], entropy: 0.3753, loss: 0.3753, lr: 1.73e-04
     Epoch[0] Iteration[250/620], entropy: 0.3987, loss: 0.3987, lr: 4.52e-04
     Epoch[0] Iteration[260/620], entropy: 0.3272, loss: 0.3272, lr: 4.52e-04
     Epoch[0] Iteration[270/620], entropy: 0.3547, loss: 0.3547, lr: 1.73e-04
     Epoch[0] Iteration[280/620], entropy: 0.3527, loss: 0.3527, lr: 0.00e+00
     Epoch[0] Iteration[290/620], entropy: 0.4057, loss: 0.4057, lr: 1.73e-04
     Epoch[0] Iteration[300/620], entropy: 0.3270, loss: 0.3270, lr: 4.52e-04
     Epoch[0] Iteration[310/620], entropy: 0.3408, loss: 0.3408, lr: 4.52e-04
     Epoch[0] Iteration[320/620], entropy: 0.3636, loss: 0.3636, lr: 1.73e-04
     Epoch[0] Iteration[330/620], entropy: 0.3557, loss: 0.3557, lr: 0.00e+00
     Epoch[0] Iteration[340/620], entropy: 0.2980, loss: 0.2980, lr: 1.73e-04
     Epoch[0] Iteration[350/620], entropy: 0.2359, loss: 0.2359, lr: 4.52e-04
     Epoch[0] Iteration[360/620], entropy: 0.3813, loss: 0.3813, lr: 4.52e-04
     Epoch[0] Iteration[370/620], entropy: 0.3346, loss: 0.3346, lr: 1.73e-04
     Epoch[0] Iteration[380/620], entropy: 0.4111, loss: 0.4111, lr: 0.00e+00
     Epoch[0] Iteration[390/620], entropy: 0.3698, loss: 0.3698, lr: 1.73e-04
     Epoch[0] Iteration[400/620], entropy: 0.3968, loss: 0.3968, lr: 4.52e-04
     Epoch[0] Iteration[410/620], entropy: 0.2848, loss: 0.2848, lr: 4.52e-04
     Epoch[0] Iteration[420/620], entropy: 0.4491, loss: 0.4491, lr: 1.73e-04
     Epoch[0] Iteration[430/620], entropy: 0.2654, loss: 0.2654, lr: 0.00e+00
     Epoch[0] Iteration[440/620], entropy: 0.3028, loss: 0.3028, lr: 1.73e-04
     Epoch[0] Iteration[450/620], entropy: 0.2892, loss: 0.2892, lr: 4.52e-04
     Epoch[0] Iteration[460/620], entropy: 0.4144, loss: 0.4144, lr: 4.52e-04
     Epoch[0] Iteration[470/620], entropy: 0.4618, loss: 0.4618, lr: 1.73e-04
     Epoch[0] Iteration[480/620], entropy: 0.3969, loss: 0.3969, lr: 0.00e+00
     Epoch[0] Iteration[490/620], entropy: 0.2905, loss: 0.2905, lr: 1.73e-04
     Epoch[0] Iteration[500/620], entropy: 0.3581, loss: 0.3581, lr: 4.52e-04
     Epoch[0] Iteration[510/620], entropy: 0.3775, loss: 0.3775, lr: 4.52e-04
     Epoch[0] Iteration[520/620], entropy: 0.5008, loss: 0.5008, lr: 1.73e-04
     Epoch[0] Iteration[530/620], entropy: 0.3515, loss: 0.3515, lr: 0.00e+00
     Epoch[0] Iteration[540/620], entropy: 0.3390, loss: 0.3390, lr: 1.73e-04
     Epoch[0] Iteration[550/620], entropy: 0.3269, loss: 0.3269, lr: 4.52e-04
     Epoch[0] Iteration[560/620], entropy: 0.3290, loss: 0.3290, lr: 4.52e-04
     Epoch[0] Iteration[570/620], entropy: 0.4140, loss: 0.4140, lr: 1.73e-04
     Epoch[0] Iteration[580/620], entropy: 0.4228, loss: 0.4228, lr: 0.00e+00
     Epoch[0] Iteration[590/620], entropy: 0.3441, loss: 0.3441, lr: 1.73e-04
     Epoch[0] Iteration[600/620], entropy: 0.3815, loss: 0.3815, lr: 4.52e-04
     Epoch[0] Iteration[610/620], entropy: 0.3641, loss: 0.3641, lr: 4.52e-04
     Epoch[0] Iteration[620/620], entropy: 0.3701, loss: 0.3701, lr: 1.73e-04
     Averaged stats: entropy: 0.3701, loss: 0.3701, lr: 1.73e-04
     itm tta time 0:02:50
### TTA Eval Score: 
+-------+--------+--------+--------+--------+-------+
| epoch |   R1   |   R5   |  R10   |  mAP   |  mINP |
+-------+--------+--------+--------+--------+-------+
|  -999 | 37.309 | 55.572 | 63.548 | 20.139 | 2.213 |
|   0   | 38.336 | 56.187 | 64.495 | 20.158 | 2.051 |
+-------+--------+--------+--------+--------+-------+
     logs:  {'epo': 0, 'R1': np.float32(38.336), 'R5': np.float32(56.187), 'R10': np.float32(64.495), 'mAP': np.float32(20.158), 'mINP': np.float32(2.051), 'entropy': 0.37387643466072695, 'loss': 0.37387643466072695, 'lr': 0.0002520161290322581}
     Epoch[1] Iteration[10/620], entropy: 0.3832, loss: 0.3832, lr: 0.00e+00
     Epoch[1] Iteration[20/620], entropy: 0.3347, loss: 0.3347, lr: 1.73e-04
     Epoch[1] Iteration[30/620], entropy: 0.3440, loss: 0.3440, lr: 4.52e-04
     Epoch[1] Iteration[40/620], entropy: 0.3723, loss: 0.3723, lr: 4.52e-04
     Epoch[1] Iteration[50/620], entropy: 0.3580, loss: 0.3580, lr: 1.73e-04
     Epoch[1] Iteration[60/620], entropy: 0.2660, loss: 0.2660, lr: 0.00e+00
     Epoch[1] Iteration[70/620], entropy: 0.3678, loss: 0.3678, lr: 1.73e-04
     Epoch[1] Iteration[80/620], entropy: 0.2822, loss: 0.2822, lr: 4.52e-04
     Epoch[1] Iteration[90/620], entropy: 0.4332, loss: 0.4332, lr: 4.52e-04
     Epoch[1] Iteration[100/620], entropy: 0.3340, loss: 0.3340, lr: 1.73e-04
     Epoch[1] Iteration[110/620], entropy: 0.3739, loss: 0.3739, lr: 0.00e+00
     Epoch[1] Iteration[120/620], entropy: 0.4689, loss: 0.4689, lr: 1.73e-04
     Epoch[1] Iteration[130/620], entropy: 0.2811, loss: 0.2811, lr: 4.52e-04
     Epoch[1] Iteration[140/620], entropy: 0.3365, loss: 0.3365, lr: 4.52e-04
     Epoch[1] Iteration[150/620], entropy: 0.5240, loss: 0.5240, lr: 1.73e-04
     Epoch[1] Iteration[160/620], entropy: 0.4180, loss: 0.4180, lr: 0.00e+00
     Epoch[1] Iteration[170/620], entropy: 0.2990, loss: 0.2990, lr: 1.73e-04
     Epoch[1] Iteration[180/620], entropy: 0.3614, loss: 0.3614, lr: 4.52e-04
     Epoch[1] Iteration[190/620], entropy: 0.4055, loss: 0.4055, lr: 4.52e-04
     Epoch[1] Iteration[200/620], entropy: 0.4361, loss: 0.4361, lr: 1.73e-04
     Epoch[1] Iteration[210/620], entropy: 0.4283, loss: 0.4283, lr: 0.00e+00
     Epoch[1] Iteration[220/620], entropy: 0.3433, loss: 0.3433, lr: 1.73e-04
     Epoch[1] Iteration[230/620], entropy: 0.3180, loss: 0.3180, lr: 4.52e-04
     Epoch[1] Iteration[240/620], entropy: 0.3031, loss: 0.3031, lr: 4.52e-04
     Epoch[1] Iteration[250/620], entropy: 0.4012, loss: 0.4012, lr: 1.73e-04
     Epoch[1] Iteration[260/620], entropy: 0.5381, loss: 0.5381, lr: 0.00e+00
     Epoch[1] Iteration[270/620], entropy: 0.4521, loss: 0.4521, lr: 1.73e-04
     Epoch[1] Iteration[280/620], entropy: 0.4777, loss: 0.4777, lr: 4.52e-04
     Epoch[1] Iteration[290/620], entropy: 0.3820, loss: 0.3820, lr: 4.52e-04
     Epoch[1] Iteration[300/620], entropy: 0.4067, loss: 0.4067, lr: 1.73e-04
     Epoch[1] Iteration[310/620], entropy: 0.2985, loss: 0.2985, lr: 0.00e+00
     Epoch[1] Iteration[320/620], entropy: 0.3698, loss: 0.3698, lr: 1.73e-04
     Epoch[1] Iteration[330/620], entropy: 0.2824, loss: 0.2824, lr: 4.52e-04
     Epoch[1] Iteration[340/620], entropy: 0.4678, loss: 0.4678, lr: 4.52e-04
     Epoch[1] Iteration[350/620], entropy: 0.3659, loss: 0.3659, lr: 1.73e-04
     Epoch[1] Iteration[360/620], entropy: 0.3483, loss: 0.3483, lr: 0.00e+00
     Epoch[1] Iteration[370/620], entropy: 0.3670, loss: 0.3670, lr: 1.73e-04
     Epoch[1] Iteration[380/620], entropy: 0.2988, loss: 0.2988, lr: 4.52e-04
     Epoch[1] Iteration[390/620], entropy: 0.3589, loss: 0.3589, lr: 4.52e-04
     Epoch[1] Iteration[400/620], entropy: 0.3421, loss: 0.3421, lr: 1.73e-04
     Epoch[1] Iteration[410/620], entropy: 0.4819, loss: 0.4819, lr: 0.00e+00
     Epoch[1] Iteration[420/620], entropy: 0.2623, loss: 0.2623, lr: 1.73e-04
     Epoch[1] Iteration[430/620], entropy: 0.3563, loss: 0.3563, lr: 4.52e-04
     Epoch[1] Iteration[440/620], entropy: 0.3756, loss: 0.3756, lr: 4.52e-04
     Epoch[1] Iteration[450/620], entropy: 0.3599, loss: 0.3599, lr: 1.73e-04
     Epoch[1] Iteration[460/620], entropy: 0.3515, loss: 0.3515, lr: 0.00e+00
     Epoch[1] Iteration[470/620], entropy: 0.4192, loss: 0.4192, lr: 1.73e-04
     Epoch[1] Iteration[480/620], entropy: 0.2972, loss: 0.2972, lr: 4.52e-04
     Epoch[1] Iteration[490/620], entropy: 0.2853, loss: 0.2853, lr: 4.52e-04
     Epoch[1] Iteration[500/620], entropy: 0.3819, loss: 0.3819, lr: 1.73e-04
     Epoch[1] Iteration[510/620], entropy: 0.4637, loss: 0.4637, lr: 0.00e+00
     Epoch[1] Iteration[520/620], entropy: 0.3464, loss: 0.3464, lr: 1.73e-04
     Epoch[1] Iteration[530/620], entropy: 0.2518, loss: 0.2518, lr: 4.52e-04
     Epoch[1] Iteration[540/620], entropy: 0.3522, loss: 0.3522, lr: 4.52e-04
     Epoch[1] Iteration[550/620], entropy: 0.3374, loss: 0.3374, lr: 1.73e-04
     Epoch[1] Iteration[560/620], entropy: 0.4192, loss: 0.4192, lr: 0.00e+00
     Epoch[1] Iteration[570/620], entropy: 0.3171, loss: 0.3171, lr: 1.73e-04
     Epoch[1] Iteration[580/620], entropy: 0.4250, loss: 0.4250, lr: 4.52e-04
     Epoch[1] Iteration[590/620], entropy: 0.3699, loss: 0.3699, lr: 4.52e-04
     Epoch[1] Iteration[600/620], entropy: 0.3691, loss: 0.3691, lr: 1.73e-04
     Epoch[1] Iteration[610/620], entropy: 0.3809, loss: 0.3809, lr: 0.00e+00
     Epoch[1] Iteration[620/620], entropy: 0.4228, loss: 0.4228, lr: 1.73e-04
     Averaged stats: entropy: 0.4228, loss: 0.4228, lr: 1.73e-04
     itm tta time 0:02:41
### TTA Eval Score: 
+-------+--------+--------+--------+--------+-------+
| epoch |   R1   |   R5   |  R10   |  mAP   |  mINP |
+-------+--------+--------+--------+--------+-------+
|  -999 | 37.309 | 55.572 | 63.548 | 20.139 | 2.213 |
|   0   | 38.336 | 56.187 | 64.495 | 20.158 | 2.051 |
|   1   | 38.886 | 56.691 | 64.908 | 20.497 | 2.121 |
+-------+--------+--------+--------+--------+-------+
     logs:  {'epo': 1, 'R1': np.float32(38.886), 'R5': np.float32(56.691), 'R10': np.float32(64.908), 'mAP': np.float32(20.497), 'mINP': np.float32(2.121), 'entropy': 0.37026518006478587, 'loss': 0.37026518006478587, 'lr': 0.00024472170566784197}
     Epoch[2] Iteration[10/620], entropy: 0.3623, loss: 0.3623, lr: 4.52e-04
     Epoch[2] Iteration[20/620], entropy: 0.4614, loss: 0.4614, lr: 4.52e-04
     Epoch[2] Iteration[30/620], entropy: 0.3280, loss: 0.3280, lr: 1.73e-04
     Epoch[2] Iteration[40/620], entropy: 0.3131, loss: 0.3131, lr: 0.00e+00
     Epoch[2] Iteration[50/620], entropy: 0.4204, loss: 0.4204, lr: 1.73e-04
     Epoch[2] Iteration[60/620], entropy: 0.4169, loss: 0.4169, lr: 4.52e-04
     Epoch[2] Iteration[70/620], entropy: 0.2783, loss: 0.2783, lr: 4.52e-04
     Epoch[2] Iteration[80/620], entropy: 0.3181, loss: 0.3181, lr: 1.73e-04
     Epoch[2] Iteration[90/620], entropy: 0.2350, loss: 0.2350, lr: 0.00e+00
     Epoch[2] Iteration[100/620], entropy: 0.3552, loss: 0.3552, lr: 1.73e-04
     Epoch[2] Iteration[110/620], entropy: 0.3378, loss: 0.3378, lr: 4.52e-04
     Epoch[2] Iteration[120/620], entropy: 0.3223, loss: 0.3223, lr: 4.52e-04
     Epoch[2] Iteration[130/620], entropy: 0.3867, loss: 0.3867, lr: 1.73e-04
     Epoch[2] Iteration[140/620], entropy: 0.4267, loss: 0.4267, lr: 0.00e+00
     Epoch[2] Iteration[150/620], entropy: 0.3295, loss: 0.3295, lr: 1.73e-04
     Epoch[2] Iteration[160/620], entropy: 0.3083, loss: 0.3083, lr: 4.52e-04
     Epoch[2] Iteration[170/620], entropy: 0.4462, loss: 0.4462, lr: 4.52e-04
     Epoch[2] Iteration[180/620], entropy: 0.2785, loss: 0.2785, lr: 1.73e-04
     Epoch[2] Iteration[190/620], entropy: 0.4064, loss: 0.4064, lr: 0.00e+00
     Epoch[2] Iteration[200/620], entropy: 0.4238, loss: 0.4238, lr: 1.73e-04
     Epoch[2] Iteration[210/620], entropy: 0.3812, loss: 0.3812, lr: 4.52e-04
     Epoch[2] Iteration[220/620], entropy: 0.2020, loss: 0.2020, lr: 4.52e-04
     Epoch[2] Iteration[230/620], entropy: 0.3378, loss: 0.3378, lr: 1.73e-04
     Epoch[2] Iteration[240/620], entropy: 0.3529, loss: 0.3529, lr: 0.00e+00
     Epoch[2] Iteration[250/620], entropy: 0.4644, loss: 0.4644, lr: 1.73e-04
     Epoch[2] Iteration[260/620], entropy: 0.3009, loss: 0.3009, lr: 4.52e-04
     Epoch[2] Iteration[270/620], entropy: 0.3213, loss: 0.3213, lr: 4.52e-04
     Epoch[2] Iteration[280/620], entropy: 0.3920, loss: 0.3920, lr: 1.73e-04
     Epoch[2] Iteration[290/620], entropy: 0.4025, loss: 0.4025, lr: 0.00e+00
     Epoch[2] Iteration[300/620], entropy: 0.3551, loss: 0.3551, lr: 1.73e-04
     Epoch[2] Iteration[310/620], entropy: 0.2977, loss: 0.2977, lr: 4.52e-04
     Epoch[2] Iteration[320/620], entropy: 0.4125, loss: 0.4125, lr: 4.52e-04
     Epoch[2] Iteration[330/620], entropy: 0.2824, loss: 0.2824, lr: 1.73e-04
     Epoch[2] Iteration[340/620], entropy: 0.4305, loss: 0.4305, lr: 0.00e+00
     Epoch[2] Iteration[350/620], entropy: 0.4205, loss: 0.4205, lr: 1.73e-04
     Epoch[2] Iteration[360/620], entropy: 0.3520, loss: 0.3520, lr: 4.52e-04
     Epoch[2] Iteration[370/620], entropy: 0.5003, loss: 0.5003, lr: 4.52e-04
     Epoch[2] Iteration[380/620], entropy: 0.2829, loss: 0.2829, lr: 1.73e-04
     Epoch[2] Iteration[390/620], entropy: 0.2651, loss: 0.2651, lr: 0.00e+00
     Epoch[2] Iteration[400/620], entropy: 0.2777, loss: 0.2777, lr: 1.73e-04
     Epoch[2] Iteration[410/620], entropy: 0.3255, loss: 0.3255, lr: 4.52e-04
     Epoch[2] Iteration[420/620], entropy: 0.3970, loss: 0.3970, lr: 4.52e-04
     Epoch[2] Iteration[430/620], entropy: 0.3939, loss: 0.3939, lr: 1.73e-04
     Epoch[2] Iteration[440/620], entropy: 0.4031, loss: 0.4031, lr: 0.00e+00
     Epoch[2] Iteration[450/620], entropy: 0.3493, loss: 0.3493, lr: 1.73e-04
     Epoch[2] Iteration[460/620], entropy: 0.3788, loss: 0.3788, lr: 4.52e-04
     Epoch[2] Iteration[470/620], entropy: 0.3849, loss: 0.3849, lr: 4.52e-04
     Epoch[2] Iteration[480/620], entropy: 0.3739, loss: 0.3739, lr: 1.73e-04
     Epoch[2] Iteration[490/620], entropy: 0.3301, loss: 0.3301, lr: 0.00e+00
     Epoch[2] Iteration[500/620], entropy: 0.3616, loss: 0.3616, lr: 1.73e-04
     Epoch[2] Iteration[510/620], entropy: 0.3018, loss: 0.3018, lr: 4.52e-04
     Epoch[2] Iteration[520/620], entropy: 0.2381, loss: 0.2381, lr: 4.52e-04
     Epoch[2] Iteration[530/620], entropy: 0.4193, loss: 0.4193, lr: 1.73e-04
     Epoch[2] Iteration[540/620], entropy: 0.3555, loss: 0.3555, lr: 0.00e+00
     Epoch[2] Iteration[550/620], entropy: 0.3975, loss: 0.3975, lr: 1.73e-04
     Epoch[2] Iteration[560/620], entropy: 0.4272, loss: 0.4272, lr: 4.52e-04
     Epoch[2] Iteration[570/620], entropy: 0.3072, loss: 0.3072, lr: 4.52e-04
     Epoch[2] Iteration[580/620], entropy: 0.3312, loss: 0.3312, lr: 1.73e-04
     Epoch[2] Iteration[590/620], entropy: 0.4283, loss: 0.4283, lr: 0.00e+00
     Epoch[2] Iteration[600/620], entropy: 0.2622, loss: 0.2622, lr: 1.73e-04
     Epoch[2] Iteration[610/620], entropy: 0.3871, loss: 0.3871, lr: 4.52e-04
     Epoch[2] Iteration[620/620], entropy: 0.3795, loss: 0.3795, lr: 4.52e-04
     Averaged stats: entropy: 0.3795, loss: 0.3795, lr: 4.52e-04
     itm tta time 0:02:48
### TTA Eval Score: 
+-------+--------+--------+--------+--------+-------+
| epoch |   R1   |   R5   |  R10   |  mAP   |  mINP |
+-------+--------+--------+--------+--------+-------+
|  -999 | 37.309 | 55.572 | 63.548 | 20.139 | 2.213 |
|   0   | 38.336 | 56.187 | 64.495 | 20.158 | 2.051 |
|   1   | 38.886 | 56.691 | 64.908 | 20.497 | 2.121 |
|   2   | 38.926 | 56.721 | 64.994 | 20.556 | 2.138 |
+-------+--------+--------+--------+--------+-------+
     logs:  {'epo': 2, 'R1': np.float32(38.926), 'R5': np.float32(56.721), 'R10': np.float32(64.994), 'mAP': np.float32(20.556), 'mINP': np.float32(2.138), 'entropy': 0.3567691366038015, 'loss': 0.3567691366038015, 'lr': 0.00025652433059979797}
     Epoch[3] Iteration[10/620], entropy: 0.2898, loss: 0.2898, lr: 1.73e-04
     Epoch[3] Iteration[20/620], entropy: 0.4228, loss: 0.4228, lr: 0.00e+00
     Epoch[3] Iteration[30/620], entropy: 0.2981, loss: 0.2981, lr: 1.73e-04
     Epoch[3] Iteration[40/620], entropy: 0.2959, loss: 0.2959, lr: 4.52e-04
     Epoch[3] Iteration[50/620], entropy: 0.2813, loss: 0.2813, lr: 4.52e-04
     Epoch[3] Iteration[60/620], entropy: 0.3967, loss: 0.3967, lr: 1.73e-04
     Epoch[3] Iteration[70/620], entropy: 0.2699, loss: 0.2699, lr: 0.00e+00
     Epoch[3] Iteration[80/620], entropy: 0.3046, loss: 0.3046, lr: 1.73e-04
     Epoch[3] Iteration[90/620], entropy: 0.3345, loss: 0.3345, lr: 4.52e-04
     Epoch[3] Iteration[100/620], entropy: 0.3252, loss: 0.3252, lr: 4.52e-04
     Epoch[3] Iteration[110/620], entropy: 0.3783, loss: 0.3783, lr: 1.73e-04
     Epoch[3] Iteration[120/620], entropy: 0.3874, loss: 0.3874, lr: 0.00e+00
     Epoch[3] Iteration[130/620], entropy: 0.2900, loss: 0.2900, lr: 1.73e-04
     Epoch[3] Iteration[140/620], entropy: 0.4496, loss: 0.4496, lr: 4.52e-04
     Epoch[3] Iteration[150/620], entropy: 0.3681, loss: 0.3681, lr: 4.69e-04
     Epoch[3] Iteration[160/620], entropy: 0.4198, loss: 0.4198, lr: 2.03e-04
     Epoch[3] Iteration[170/620], entropy: 0.3323, loss: 0.3323, lr: 1.97e-06
     Epoch[3] Iteration[180/620], entropy: 0.3180, loss: 0.3180, lr: 1.44e-04
     Epoch[3] Iteration[190/620], entropy: 0.3646, loss: 0.3646, lr: 4.32e-04
     Epoch[3] Iteration[200/620], entropy: 0.4500, loss: 0.4500, lr: 4.69e-04
     Epoch[3] Iteration[210/620], entropy: 0.3899, loss: 0.3899, lr: 2.03e-04
     Epoch[3] Iteration[220/620], entropy: 0.3408, loss: 0.3408, lr: 1.97e-06
     Epoch[3] Iteration[230/620], entropy: 0.3867, loss: 0.3867, lr: 1.44e-04
     Epoch[3] Iteration[240/620], entropy: 0.4161, loss: 0.4161, lr: 4.32e-04
     Epoch[3] Iteration[250/620], entropy: 0.3896, loss: 0.3896, lr: 4.69e-04
     Epoch[3] Iteration[260/620], entropy: 0.3644, loss: 0.3644, lr: 2.03e-04
     Epoch[3] Iteration[270/620], entropy: 0.2944, loss: 0.2944, lr: 1.97e-06
     Epoch[3] Iteration[280/620], entropy: 0.2967, loss: 0.2967, lr: 1.44e-04
     Epoch[3] Iteration[290/620], entropy: 0.3249, loss: 0.3249, lr: 4.32e-04
     Epoch[3] Iteration[300/620], entropy: 0.3470, loss: 0.3470, lr: 4.69e-04
     Epoch[3] Iteration[310/620], entropy: 0.3194, loss: 0.3194, lr: 2.03e-04
     Epoch[3] Iteration[320/620], entropy: 0.4904, loss: 0.4904, lr: 1.97e-06
     Epoch[3] Iteration[330/620], entropy: 0.3328, loss: 0.3328, lr: 1.44e-04
     Epoch[3] Iteration[340/620], entropy: 0.3801, loss: 0.3801, lr: 4.32e-04
     Epoch[3] Iteration[350/620], entropy: 0.3509, loss: 0.3509, lr: 4.69e-04
     Epoch[3] Iteration[360/620], entropy: 0.3340, loss: 0.3340, lr: 2.03e-04
     Epoch[3] Iteration[370/620], entropy: 0.3372, loss: 0.3372, lr: 1.97e-06
     Epoch[3] Iteration[380/620], entropy: 0.3284, loss: 0.3284, lr: 1.44e-04
     Epoch[3] Iteration[390/620], entropy: 0.3335, loss: 0.3335, lr: 4.32e-04
     Epoch[3] Iteration[400/620], entropy: 0.4006, loss: 0.4006, lr: 4.69e-04
     Epoch[3] Iteration[410/620], entropy: 0.3866, loss: 0.3866, lr: 2.03e-04
     Epoch[3] Iteration[420/620], entropy: 0.4074, loss: 0.4074, lr: 1.97e-06
     Epoch[3] Iteration[430/620], entropy: 0.3446, loss: 0.3446, lr: 1.44e-04
     Epoch[3] Iteration[440/620], entropy: 0.2957, loss: 0.2957, lr: 4.32e-04
     Epoch[3] Iteration[450/620], entropy: 0.3555, loss: 0.3555, lr: 4.69e-04
     Epoch[3] Iteration[460/620], entropy: 0.2649, loss: 0.2649, lr: 2.03e-04
     Epoch[3] Iteration[470/620], entropy: 0.3582, loss: 0.3582, lr: 1.97e-06
     Epoch[3] Iteration[480/620], entropy: 0.4167, loss: 0.4167, lr: 1.44e-04
     Epoch[3] Iteration[490/620], entropy: 0.3483, loss: 0.3483, lr: 4.32e-04
     Epoch[3] Iteration[500/620], entropy: 0.3371, loss: 0.3371, lr: 4.69e-04
     Epoch[3] Iteration[510/620], entropy: 0.4631, loss: 0.4631, lr: 2.03e-04
     Epoch[3] Iteration[520/620], entropy: 0.3879, loss: 0.3879, lr: 1.97e-06
     Epoch[3] Iteration[530/620], entropy: 0.4242, loss: 0.4242, lr: 1.44e-04
     Epoch[3] Iteration[540/620], entropy: 0.3018, loss: 0.3018, lr: 4.32e-04
     Epoch[3] Iteration[550/620], entropy: 0.3797, loss: 0.3797, lr: 4.69e-04
     Epoch[3] Iteration[560/620], entropy: 0.3732, loss: 0.3732, lr: 2.03e-04
     Epoch[3] Iteration[570/620], entropy: 0.4221, loss: 0.4221, lr: 1.97e-06
     Epoch[3] Iteration[580/620], entropy: 0.3153, loss: 0.3153, lr: 1.44e-04
     Epoch[3] Iteration[590/620], entropy: 0.2522, loss: 0.2522, lr: 4.32e-04
     Epoch[3] Iteration[600/620], entropy: 0.3458, loss: 0.3458, lr: 4.69e-04
     Epoch[3] Iteration[610/620], entropy: 0.2890, loss: 0.2890, lr: 2.03e-04
     Epoch[3] Iteration[620/620], entropy: 0.3222, loss: 0.3222, lr: 1.97e-06
     Averaged stats: entropy: 0.3222, loss: 0.3222, lr: 1.97e-06
     itm tta time 0:02:46
### TTA Eval Score: 
+-------+--------+--------+--------+--------+-------+
| epoch |   R1   |   R5   |  R10   |  mAP   |  mINP |
+-------+--------+--------+--------+--------+-------+
|  -999 | 37.309 | 55.572 | 63.548 | 20.139 | 2.213 |
|   0   | 38.336 | 56.187 | 64.495 | 20.158 | 2.051 |
|   1   | 38.886 | 56.691 | 64.908 | 20.497 | 2.121 |
|   2   | 38.926 | 56.721 | 64.994 | 20.556 | 2.138 |
|   3   | 38.941 | 56.605 | 64.873 | 20.494 | 2.127 |
+-------+--------+--------+--------+--------+-------+
     logs:  {'epo': 3, 'R1': np.float32(38.941), 'R5': np.float32(56.605), 'R10': np.float32(64.873), 'mAP': np.float32(20.494), 'mINP': np.float32(2.127), 'entropy': 0.3536454741993258, 'loss': 0.3536454741993258, 'lr': 0.00024551529705551975}
     Epoch[4] Iteration[10/620], entropy: 0.2762, loss: 0.2762, lr: 1.44e-04
     Epoch[4] Iteration[20/620], entropy: 0.2749, loss: 0.2749, lr: 4.32e-04
     Epoch[4] Iteration[30/620], entropy: 0.2845, loss: 0.2845, lr: 4.69e-04
     Epoch[4] Iteration[40/620], entropy: 0.3414, loss: 0.3414, lr: 2.03e-04
     Epoch[4] Iteration[50/620], entropy: 0.2978, loss: 0.2978, lr: 1.97e-06
     Epoch[4] Iteration[60/620], entropy: 0.3460, loss: 0.3460, lr: 1.44e-04
     Epoch[4] Iteration[70/620], entropy: 0.3237, loss: 0.3237, lr: 4.32e-04
     Epoch[4] Iteration[80/620], entropy: 0.2954, loss: 0.2954, lr: 4.69e-04
     Epoch[4] Iteration[90/620], entropy: 0.3967, loss: 0.3967, lr: 2.03e-04
     Epoch[4] Iteration[100/620], entropy: 0.2536, loss: 0.2536, lr: 1.97e-06
     Epoch[4] Iteration[110/620], entropy: 0.3758, loss: 0.3758, lr: 1.44e-04
     Epoch[4] Iteration[120/620], entropy: 0.3747, loss: 0.3747, lr: 4.32e-04
     Epoch[4] Iteration[130/620], entropy: 0.3574, loss: 0.3574, lr: 4.69e-04
     Epoch[4] Iteration[140/620], entropy: 0.3472, loss: 0.3472, lr: 2.03e-04
     Epoch[4] Iteration[150/620], entropy: 0.2941, loss: 0.2941, lr: 1.97e-06
     Epoch[4] Iteration[160/620], entropy: 0.3103, loss: 0.3103, lr: 1.44e-04
     Epoch[4] Iteration[170/620], entropy: 0.3425, loss: 0.3425, lr: 4.32e-04
     Epoch[4] Iteration[180/620], entropy: 0.2845, loss: 0.2845, lr: 4.69e-04
     Epoch[4] Iteration[190/620], entropy: 0.3455, loss: 0.3455, lr: 2.03e-04
     Epoch[4] Iteration[200/620], entropy: 0.3456, loss: 0.3456, lr: 1.97e-06
     Epoch[4] Iteration[210/620], entropy: 0.3346, loss: 0.3346, lr: 1.44e-04
     Epoch[4] Iteration[220/620], entropy: 0.3024, loss: 0.3024, lr: 4.32e-04
     Epoch[4] Iteration[230/620], entropy: 0.3371, loss: 0.3371, lr: 4.69e-04
     Epoch[4] Iteration[240/620], entropy: 0.3380, loss: 0.3380, lr: 2.03e-04
     Epoch[4] Iteration[250/620], entropy: 0.3033, loss: 0.3033, lr: 1.97e-06
     Epoch[4] Iteration[260/620], entropy: 0.4650, loss: 0.4650, lr: 1.44e-04
     Epoch[4] Iteration[270/620], entropy: 0.3769, loss: 0.3769, lr: 4.32e-04
     Epoch[4] Iteration[280/620], entropy: 0.3768, loss: 0.3768, lr: 4.69e-04
     Epoch[4] Iteration[290/620], entropy: 0.3612, loss: 0.3612, lr: 2.03e-04
     Epoch[4] Iteration[300/620], entropy: 0.3561, loss: 0.3561, lr: 1.97e-06
     Epoch[4] Iteration[310/620], entropy: 0.3293, loss: 0.3293, lr: 1.44e-04
     Epoch[4] Iteration[320/620], entropy: 0.3830, loss: 0.3830, lr: 4.32e-04
     Epoch[4] Iteration[330/620], entropy: 0.3716, loss: 0.3716, lr: 4.69e-04
     Epoch[4] Iteration[340/620], entropy: 0.3548, loss: 0.3548, lr: 2.03e-04
     Epoch[4] Iteration[350/620], entropy: 0.3918, loss: 0.3918, lr: 1.97e-06
     Epoch[4] Iteration[360/620], entropy: 0.4191, loss: 0.4191, lr: 1.44e-04
     Epoch[4] Iteration[370/620], entropy: 0.2612, loss: 0.2612, lr: 4.32e-04
     Epoch[4] Iteration[380/620], entropy: 0.4623, loss: 0.4623, lr: 4.69e-04
     Epoch[4] Iteration[390/620], entropy: 0.3247, loss: 0.3247, lr: 2.03e-04
     Epoch[4] Iteration[400/620], entropy: 0.3651, loss: 0.3651, lr: 1.97e-06
     Epoch[4] Iteration[410/620], entropy: 0.3481, loss: 0.3481, lr: 1.44e-04
     Epoch[4] Iteration[420/620], entropy: 0.3780, loss: 0.3780, lr: 4.32e-04
     Epoch[4] Iteration[430/620], entropy: 0.2909, loss: 0.2909, lr: 4.69e-04
     Epoch[4] Iteration[440/620], entropy: 0.2567, loss: 0.2567, lr: 2.03e-04
     Epoch[4] Iteration[450/620], entropy: 0.2893, loss: 0.2893, lr: 1.97e-06
     Epoch[4] Iteration[460/620], entropy: 0.3623, loss: 0.3623, lr: 1.44e-04
     Epoch[4] Iteration[470/620], entropy: 0.3778, loss: 0.3778, lr: 4.32e-04
     Epoch[4] Iteration[480/620], entropy: 0.3980, loss: 0.3980, lr: 4.69e-04
     Epoch[4] Iteration[490/620], entropy: 0.4259, loss: 0.4259, lr: 2.03e-04
     Epoch[4] Iteration[500/620], entropy: 0.3871, loss: 0.3871, lr: 1.97e-06
     Epoch[4] Iteration[510/620], entropy: 0.3342, loss: 0.3342, lr: 1.44e-04
     Epoch[4] Iteration[520/620], entropy: 0.4710, loss: 0.4710, lr: 4.32e-04
     Epoch[4] Iteration[530/620], entropy: 0.2532, loss: 0.2532, lr: 4.69e-04
     Epoch[4] Iteration[540/620], entropy: 0.3476, loss: 0.3476, lr: 2.03e-04
     Epoch[4] Iteration[550/620], entropy: 0.3007, loss: 0.3007, lr: 1.97e-06
     Epoch[4] Iteration[560/620], entropy: 0.2910, loss: 0.2910, lr: 1.44e-04
     Epoch[4] Iteration[570/620], entropy: 0.2471, loss: 0.2471, lr: 4.32e-04
     Epoch[4] Iteration[580/620], entropy: 0.2900, loss: 0.2900, lr: 4.69e-04
     Epoch[4] Iteration[590/620], entropy: 0.4446, loss: 0.4446, lr: 2.03e-04
     Epoch[4] Iteration[600/620], entropy: 0.3198, loss: 0.3198, lr: 1.97e-06
     Epoch[4] Iteration[610/620], entropy: 0.3640, loss: 0.3640, lr: 1.44e-04
     Epoch[4] Iteration[620/620], entropy: 0.3653, loss: 0.3653, lr: 4.32e-04
     Averaged stats: entropy: 0.3653, loss: 0.3653, lr: 4.32e-04
     itm tta time 0:02:45
### TTA Eval Score: 
+-------+--------+--------+--------+--------+-------+
| epoch |   R1   |   R5   |  R10   |  mAP   |  mINP |
+-------+--------+--------+--------+--------+-------+
|  -999 | 37.309 | 55.572 | 63.548 | 20.139 | 2.213 |
|   0   | 38.336 | 56.187 | 64.495 | 20.158 | 2.051 |
|   1   | 38.886 | 56.691 | 64.908 | 20.497 | 2.121 |
|   2   | 38.926 | 56.721 | 64.994 | 20.556 | 2.138 |
|   3   | 38.941 | 56.605 | 64.873 | 20.494 | 2.127 |
|   4   | 39.072 | 56.948 | 65.236 | 20.634 | 2.167 |
+-------+--------+--------+--------+--------+-------+
     logs:  {'epo': 4, 'R1': np.float32(39.072), 'R5': np.float32(56.948), 'R10': np.float32(65.236), 'mAP': np.float32(20.634), 'mINP': np.float32(2.167), 'entropy': 0.34233649531679766, 'loss': 0.34233649531679766, 'lr': 0.00025122253764458277}
     Epoch[5] Iteration[10/620], entropy: 0.2615, loss: 0.2615, lr: 4.69e-04
     Epoch[5] Iteration[20/620], entropy: 0.3654, loss: 0.3654, lr: 2.03e-04
     Epoch[5] Iteration[30/620], entropy: 0.3520, loss: 0.3520, lr: 1.97e-06
     Epoch[5] Iteration[40/620], entropy: 0.3250, loss: 0.3250, lr: 1.44e-04
     Epoch[5] Iteration[50/620], entropy: 0.3445, loss: 0.3445, lr: 4.32e-04
     Epoch[5] Iteration[60/620], entropy: 0.3316, loss: 0.3316, lr: 4.69e-04
     Epoch[5] Iteration[70/620], entropy: 0.2800, loss: 0.2800, lr: 2.03e-04
     Epoch[5] Iteration[80/620], entropy: 0.3757, loss: 0.3757, lr: 1.97e-06
     Epoch[5] Iteration[90/620], entropy: 0.2844, loss: 0.2844, lr: 1.44e-04
     Epoch[5] Iteration[100/620], entropy: 0.3240, loss: 0.3240, lr: 4.32e-04
     Epoch[5] Iteration[110/620], entropy: 0.3864, loss: 0.3864, lr: 4.69e-04
     Epoch[5] Iteration[120/620], entropy: 0.3428, loss: 0.3428, lr: 2.03e-04
     Epoch[5] Iteration[130/620], entropy: 0.3424, loss: 0.3424, lr: 1.97e-06
     Epoch[5] Iteration[140/620], entropy: 0.4265, loss: 0.4265, lr: 1.44e-04
     Epoch[5] Iteration[150/620], entropy: 0.2589, loss: 0.2589, lr: 4.32e-04
     Epoch[5] Iteration[160/620], entropy: 0.3457, loss: 0.3457, lr: 4.69e-04
     Epoch[5] Iteration[170/620], entropy: 0.3319, loss: 0.3319, lr: 2.03e-04
     Epoch[5] Iteration[180/620], entropy: 0.3221, loss: 0.3221, lr: 1.97e-06
     Epoch[5] Iteration[190/620], entropy: 0.4183, loss: 0.4183, lr: 1.44e-04
     Epoch[5] Iteration[200/620], entropy: 0.3963, loss: 0.3963, lr: 4.32e-04
     Epoch[5] Iteration[210/620], entropy: 0.3176, loss: 0.3176, lr: 4.69e-04
     Epoch[5] Iteration[220/620], entropy: 0.3141, loss: 0.3141, lr: 2.03e-04
     Epoch[5] Iteration[230/620], entropy: 0.4408, loss: 0.4408, lr: 1.97e-06
     Epoch[5] Iteration[240/620], entropy: 0.2907, loss: 0.2907, lr: 1.44e-04
     Epoch[5] Iteration[250/620], entropy: 0.3462, loss: 0.3462, lr: 4.32e-04
     Epoch[5] Iteration[260/620], entropy: 0.4103, loss: 0.4103, lr: 4.69e-04
     Epoch[5] Iteration[270/620], entropy: 0.3954, loss: 0.3954, lr: 2.03e-04
     Epoch[5] Iteration[280/620], entropy: 0.3603, loss: 0.3603, lr: 1.97e-06
     Epoch[5] Iteration[290/620], entropy: 0.3491, loss: 0.3491, lr: 1.44e-04
     Epoch[5] Iteration[300/620], entropy: 0.3487, loss: 0.3487, lr: 4.32e-04
     Epoch[5] Iteration[310/620], entropy: 0.3000, loss: 0.3000, lr: 4.69e-04
     Epoch[5] Iteration[320/620], entropy: 0.3771, loss: 0.3771, lr: 2.03e-04
     Epoch[5] Iteration[330/620], entropy: 0.3133, loss: 0.3133, lr: 1.97e-06
     Epoch[5] Iteration[340/620], entropy: 0.3474, loss: 0.3474, lr: 1.44e-04
     Epoch[5] Iteration[350/620], entropy: 0.3200, loss: 0.3200, lr: 4.32e-04
     Epoch[5] Iteration[360/620], entropy: 0.2356, loss: 0.2356, lr: 4.69e-04
     Epoch[5] Iteration[370/620], entropy: 0.2710, loss: 0.2710, lr: 2.03e-04
     Epoch[5] Iteration[380/620], entropy: 0.3465, loss: 0.3465, lr: 1.97e-06
     Epoch[5] Iteration[390/620], entropy: 0.3844, loss: 0.3844, lr: 1.44e-04
     Epoch[5] Iteration[400/620], entropy: 0.2924, loss: 0.2924, lr: 4.32e-04
     Epoch[5] Iteration[410/620], entropy: 0.2974, loss: 0.2974, lr: 4.69e-04
     Epoch[5] Iteration[420/620], entropy: 0.2986, loss: 0.2986, lr: 2.03e-04
     Epoch[5] Iteration[430/620], entropy: 0.3406, loss: 0.3406, lr: 1.97e-06
     Epoch[5] Iteration[440/620], entropy: 0.2658, loss: 0.2658, lr: 1.44e-04
     Epoch[5] Iteration[450/620], entropy: 0.3040, loss: 0.3040, lr: 4.32e-04
     Epoch[5] Iteration[460/620], entropy: 0.2891, loss: 0.2891, lr: 4.69e-04
     Epoch[5] Iteration[470/620], entropy: 0.2266, loss: 0.2266, lr: 2.03e-04
     Epoch[5] Iteration[480/620], entropy: 0.2634, loss: 0.2634, lr: 1.97e-06
     Epoch[5] Iteration[490/620], entropy: 0.2619, loss: 0.2619, lr: 1.44e-04
     Epoch[5] Iteration[500/620], entropy: 0.3450, loss: 0.3450, lr: 4.32e-04
     Epoch[5] Iteration[510/620], entropy: 0.2945, loss: 0.2945, lr: 4.69e-04
     Epoch[5] Iteration[520/620], entropy: 0.2954, loss: 0.2954, lr: 2.03e-04
     Epoch[5] Iteration[530/620], entropy: 0.2854, loss: 0.2854, lr: 1.97e-06
     Epoch[5] Iteration[540/620], entropy: 0.3822, loss: 0.3822, lr: 1.44e-04
     Epoch[5] Iteration[550/620], entropy: 0.3499, loss: 0.3499, lr: 4.32e-04
     Epoch[5] Iteration[560/620], entropy: 0.3381, loss: 0.3381, lr: 4.69e-04
     Epoch[5] Iteration[570/620], entropy: 0.3919, loss: 0.3919, lr: 2.03e-04
     Epoch[5] Iteration[580/620], entropy: 0.3093, loss: 0.3093, lr: 1.97e-06
     Epoch[5] Iteration[590/620], entropy: 0.3878, loss: 0.3878, lr: 1.44e-04
     Epoch[5] Iteration[600/620], entropy: 0.2931, loss: 0.2931, lr: 4.32e-04
     Epoch[5] Iteration[610/620], entropy: 0.2871, loss: 0.2871, lr: 4.69e-04
     Epoch[5] Iteration[620/620], entropy: 0.3570, loss: 0.3570, lr: 2.03e-04
     Averaged stats: entropy: 0.3570, loss: 0.3570, lr: 2.03e-04
     itm tta time 0:02:44
### TTA Eval Score: 
+-------+--------+--------+--------+--------+-------+
| epoch |   R1   |   R5   |  R10   |  mAP   |  mINP |
+-------+--------+--------+--------+--------+-------+
|  -999 | 37.309 | 55.572 | 63.548 | 20.139 | 2.213 |
|   0   | 38.336 | 56.187 | 64.495 | 20.158 | 2.051 |
|   1   | 38.886 | 56.691 | 64.908 | 20.497 | 2.121 |
|   2   | 38.926 | 56.721 | 64.994 | 20.556 | 2.138 |
|   3   | 38.941 | 56.605 | 64.873 | 20.494 | 2.127 |
|   4   | 39.072 | 56.948 | 65.236 | 20.634 | 2.167 |
|   5   | 39.153 | 56.721 | 65.095 | 20.816 | 2.245 |
+-------+--------+--------+--------+--------+-------+
     logs:  {'epo': 5, 'R1': np.float32(39.153), 'R5': np.float32(56.721), 'R10': np.float32(65.095), 'mAP': np.float32(20.816), 'mINP': np.float32(2.245), 'entropy': 0.3296870497926589, 'loss': 0.3296870497926589, 'lr': 0.00025277792486071913}
     Epoch[6] Iteration[10/620], entropy: 0.4288, loss: 0.4288, lr: 1.97e-06
     Epoch[6] Iteration[20/620], entropy: 0.2773, loss: 0.2773, lr: 1.44e-04
     Epoch[6] Iteration[30/620], entropy: 0.2962, loss: 0.2962, lr: 4.32e-04
     Epoch[6] Iteration[40/620], entropy: 0.2688, loss: 0.2688, lr: 4.69e-04
     Epoch[6] Iteration[50/620], entropy: 0.3605, loss: 0.3605, lr: 2.03e-04
     Epoch[6] Iteration[60/620], entropy: 0.3488, loss: 0.3488, lr: 1.97e-06
     Epoch[6] Iteration[70/620], entropy: 0.4165, loss: 0.4165, lr: 1.44e-04
     Epoch[6] Iteration[80/620], entropy: 0.2703, loss: 0.2703, lr: 4.32e-04
     Epoch[6] Iteration[90/620], entropy: 0.3848, loss: 0.3848, lr: 4.69e-04
     Epoch[6] Iteration[100/620], entropy: 0.2824, loss: 0.2824, lr: 2.03e-04
     Epoch[6] Iteration[110/620], entropy: 0.2786, loss: 0.2786, lr: 1.97e-06
     Epoch[6] Iteration[120/620], entropy: 0.2557, loss: 0.2557, lr: 1.44e-04
     Epoch[6] Iteration[130/620], entropy: 0.3049, loss: 0.3049, lr: 4.32e-04
     Epoch[6] Iteration[140/620], entropy: 0.3808, loss: 0.3808, lr: 4.69e-04
     Epoch[6] Iteration[150/620], entropy: 0.3743, loss: 0.3743, lr: 2.03e-04
     Epoch[6] Iteration[160/620], entropy: 0.3674, loss: 0.3674, lr: 1.97e-06
     Epoch[6] Iteration[170/620], entropy: 0.3755, loss: 0.3755, lr: 1.44e-04
     Epoch[6] Iteration[180/620], entropy: 0.3613, loss: 0.3613, lr: 4.32e-04
     Epoch[6] Iteration[190/620], entropy: 0.3312, loss: 0.3312, lr: 4.69e-04
     Epoch[6] Iteration[200/620], entropy: 0.3558, loss: 0.3558, lr: 2.03e-04
     Epoch[6] Iteration[210/620], entropy: 0.3126, loss: 0.3126, lr: 1.97e-06
     Epoch[6] Iteration[220/620], entropy: 0.3043, loss: 0.3043, lr: 1.44e-04
     Epoch[6] Iteration[230/620], entropy: 0.1859, loss: 0.1859, lr: 4.32e-04
     Epoch[6] Iteration[240/620], entropy: 0.2595, loss: 0.2595, lr: 4.69e-04
     Epoch[6] Iteration[250/620], entropy: 0.2543, loss: 0.2543, lr: 2.03e-04
     Epoch[6] Iteration[260/620], entropy: 0.3087, loss: 0.3087, lr: 1.97e-06
     Epoch[6] Iteration[270/620], entropy: 0.3263, loss: 0.3263, lr: 1.44e-04
     Epoch[6] Iteration[280/620], entropy: 0.2751, loss: 0.2751, lr: 4.32e-04
     Epoch[6] Iteration[290/620], entropy: 0.4527, loss: 0.4527, lr: 4.82e-04
     Epoch[6] Iteration[300/620], entropy: 0.4543, loss: 0.4543, lr: 2.34e-04
     Epoch[6] Iteration[310/620], entropy: 0.3681, loss: 0.3681, lr: 7.85e-06
     Epoch[6] Iteration[320/620], entropy: 0.4120, loss: 0.4120, lr: 1.16e-04
     Epoch[6] Iteration[330/620], entropy: 0.2937, loss: 0.2937, lr: 4.09e-04
     Epoch[6] Iteration[340/620], entropy: 0.3859, loss: 0.3859, lr: 4.82e-04
     Epoch[6] Iteration[350/620], entropy: 0.3521, loss: 0.3521, lr: 2.34e-04
     Epoch[6] Iteration[360/620], entropy: 0.3829, loss: 0.3829, lr: 7.85e-06
     Epoch[6] Iteration[370/620], entropy: 0.3411, loss: 0.3411, lr: 1.16e-04
     Epoch[6] Iteration[380/620], entropy: 0.2599, loss: 0.2599, lr: 4.09e-04
     Epoch[6] Iteration[390/620], entropy: 0.2331, loss: 0.2331, lr: 4.82e-04
     Epoch[6] Iteration[400/620], entropy: 0.3314, loss: 0.3314, lr: 2.34e-04
     Epoch[6] Iteration[410/620], entropy: 0.3743, loss: 0.3743, lr: 7.85e-06
     Epoch[6] Iteration[420/620], entropy: 0.3595, loss: 0.3595, lr: 1.16e-04
     Epoch[6] Iteration[430/620], entropy: 0.3933, loss: 0.3933, lr: 4.09e-04
     Epoch[6] Iteration[440/620], entropy: 0.3995, loss: 0.3995, lr: 4.82e-04
     Epoch[6] Iteration[450/620], entropy: 0.3446, loss: 0.3446, lr: 2.34e-04
     Epoch[6] Iteration[460/620], entropy: 0.3609, loss: 0.3609, lr: 7.85e-06
     Epoch[6] Iteration[470/620], entropy: 0.3687, loss: 0.3687, lr: 1.16e-04
     Epoch[6] Iteration[480/620], entropy: 0.3113, loss: 0.3113, lr: 4.09e-04
     Epoch[6] Iteration[490/620], entropy: 0.3076, loss: 0.3076, lr: 4.82e-04
     Epoch[6] Iteration[500/620], entropy: 0.4021, loss: 0.4021, lr: 2.34e-04
     Epoch[6] Iteration[510/620], entropy: 0.3700, loss: 0.3700, lr: 7.85e-06
     Epoch[6] Iteration[520/620], entropy: 0.2282, loss: 0.2282, lr: 1.16e-04
     Epoch[6] Iteration[530/620], entropy: 0.3953, loss: 0.3953, lr: 4.09e-04
     Epoch[6] Iteration[540/620], entropy: 0.3010, loss: 0.3010, lr: 4.82e-04
     Epoch[6] Iteration[550/620], entropy: 0.3051, loss: 0.3051, lr: 2.34e-04
     Epoch[6] Iteration[560/620], entropy: 0.2941, loss: 0.2941, lr: 7.85e-06
     Epoch[6] Iteration[570/620], entropy: 0.2804, loss: 0.2804, lr: 1.16e-04
     Epoch[6] Iteration[580/620], entropy: 0.2852, loss: 0.2852, lr: 4.09e-04
     Epoch[6] Iteration[590/620], entropy: 0.2931, loss: 0.2931, lr: 4.82e-04
     Epoch[6] Iteration[600/620], entropy: 0.3376, loss: 0.3376, lr: 2.34e-04
     Epoch[6] Iteration[610/620], entropy: 0.3428, loss: 0.3428, lr: 7.85e-06
     Epoch[6] Iteration[620/620], entropy: 0.3780, loss: 0.3780, lr: 1.16e-04
     Averaged stats: entropy: 0.3780, loss: 0.3780, lr: 1.16e-04
     itm tta time 0:02:45
### TTA Eval Score: 
+-------+--------+--------+--------+--------+-------+
| epoch |   R1   |   R5   |  R10   |  mAP   |  mINP |
+-------+--------+--------+--------+--------+-------+
|  -999 | 37.309 | 55.572 | 63.548 | 20.139 | 2.213 |
|   0   | 38.336 | 56.187 | 64.495 | 20.158 | 2.051 |
|   1   | 38.886 | 56.691 | 64.908 | 20.497 | 2.121 |
|   2   | 38.926 | 56.721 | 64.994 | 20.556 | 2.138 |
|   3   | 38.941 | 56.605 | 64.873 | 20.494 | 2.127 |
|   4   | 39.072 | 56.948 | 65.236 | 20.634 | 2.167 |
|   5   | 39.153 | 56.721 | 65.095 | 20.816 | 2.245 |
|   6   | 39.233 | 56.973 | 65.412 | 20.749 | 2.173 |
+-------+--------+--------+--------+--------+-------+
     logs:  {'epo': 6, 'R1': np.float32(39.233), 'R5': np.float32(56.973), 'R10': np.float32(65.412), 'mAP': np.float32(20.749), 'mINP': np.float32(2.173), 'entropy': 0.3330078915722908, 'loss': 0.3330078915722908, 'lr': 0.0002446518171161007}
     Epoch[7] Iteration[10/620], entropy: 0.2399, loss: 0.2399, lr: 4.09e-04
     Epoch[7] Iteration[20/620], entropy: 0.3167, loss: 0.3167, lr: 4.82e-04
     Epoch[7] Iteration[30/620], entropy: 0.2991, loss: 0.2991, lr: 2.34e-04
     Epoch[7] Iteration[40/620], entropy: 0.3501, loss: 0.3501, lr: 7.85e-06
     Epoch[7] Iteration[50/620], entropy: 0.4143, loss: 0.4143, lr: 1.16e-04
     Epoch[7] Iteration[60/620], entropy: 0.3383, loss: 0.3383, lr: 4.09e-04
     Epoch[7] Iteration[70/620], entropy: 0.2699, loss: 0.2699, lr: 4.82e-04
     Epoch[7] Iteration[80/620], entropy: 0.3098, loss: 0.3098, lr: 2.34e-04
     Epoch[7] Iteration[90/620], entropy: 0.3830, loss: 0.3830, lr: 7.85e-06
     Epoch[7] Iteration[100/620], entropy: 0.2622, loss: 0.2622, lr: 1.16e-04
     Epoch[7] Iteration[110/620], entropy: 0.2966, loss: 0.2966, lr: 4.09e-04
     Epoch[7] Iteration[120/620], entropy: 0.4250, loss: 0.4250, lr: 4.82e-04
     Epoch[7] Iteration[130/620], entropy: 0.3885, loss: 0.3885, lr: 2.34e-04
     Epoch[7] Iteration[140/620], entropy: 0.3301, loss: 0.3301, lr: 7.85e-06
     Epoch[7] Iteration[150/620], entropy: 0.2792, loss: 0.2792, lr: 1.16e-04
     Epoch[7] Iteration[160/620], entropy: 0.3900, loss: 0.3900, lr: 4.09e-04
     Epoch[7] Iteration[170/620], entropy: 0.3003, loss: 0.3003, lr: 4.82e-04
     Epoch[7] Iteration[180/620], entropy: 0.2936, loss: 0.2936, lr: 2.34e-04
     Epoch[7] Iteration[190/620], entropy: 0.3091, loss: 0.3091, lr: 7.85e-06
     Epoch[7] Iteration[200/620], entropy: 0.2265, loss: 0.2265, lr: 1.16e-04
     Epoch[7] Iteration[210/620], entropy: 0.2519, loss: 0.2519, lr: 4.09e-04
     Epoch[7] Iteration[220/620], entropy: 0.2761, loss: 0.2761, lr: 4.82e-04
     Epoch[7] Iteration[230/620], entropy: 0.2583, loss: 0.2583, lr: 2.34e-04
     Epoch[7] Iteration[240/620], entropy: 0.3785, loss: 0.3785, lr: 7.85e-06
     Epoch[7] Iteration[250/620], entropy: 0.3432, loss: 0.3432, lr: 1.16e-04
     Epoch[7] Iteration[260/620], entropy: 0.3919, loss: 0.3919, lr: 4.09e-04
     Epoch[7] Iteration[270/620], entropy: 0.3520, loss: 0.3520, lr: 4.82e-04
     Epoch[7] Iteration[280/620], entropy: 0.4364, loss: 0.4364, lr: 2.34e-04
     Epoch[7] Iteration[290/620], entropy: 0.3490, loss: 0.3490, lr: 7.85e-06
     Epoch[7] Iteration[300/620], entropy: 0.2748, loss: 0.2748, lr: 1.16e-04
     Epoch[7] Iteration[310/620], entropy: 0.3473, loss: 0.3473, lr: 4.09e-04
     Epoch[7] Iteration[320/620], entropy: 0.3156, loss: 0.3156, lr: 4.82e-04
     Epoch[7] Iteration[330/620], entropy: 0.2552, loss: 0.2552, lr: 2.34e-04
     Epoch[7] Iteration[340/620], entropy: 0.3229, loss: 0.3229, lr: 7.85e-06
     Epoch[7] Iteration[350/620], entropy: 0.2885, loss: 0.2885, lr: 1.16e-04
     Epoch[7] Iteration[360/620], entropy: 0.2654, loss: 0.2654, lr: 4.09e-04
     Epoch[7] Iteration[370/620], entropy: 0.3549, loss: 0.3549, lr: 4.82e-04
     Epoch[7] Iteration[380/620], entropy: 0.3418, loss: 0.3418, lr: 2.34e-04
     Epoch[7] Iteration[390/620], entropy: 0.3496, loss: 0.3496, lr: 7.85e-06
     Epoch[7] Iteration[400/620], entropy: 0.3362, loss: 0.3362, lr: 1.16e-04
     Epoch[7] Iteration[410/620], entropy: 0.3864, loss: 0.3864, lr: 4.09e-04
     Epoch[7] Iteration[420/620], entropy: 0.2633, loss: 0.2633, lr: 4.82e-04
     Epoch[7] Iteration[430/620], entropy: 0.2431, loss: 0.2431, lr: 2.34e-04
     Epoch[7] Iteration[440/620], entropy: 0.2953, loss: 0.2953, lr: 7.85e-06
     Epoch[7] Iteration[450/620], entropy: 0.2954, loss: 0.2954, lr: 1.16e-04
     Epoch[7] Iteration[460/620], entropy: 0.3599, loss: 0.3599, lr: 4.09e-04
     Epoch[7] Iteration[470/620], entropy: 0.3869, loss: 0.3869, lr: 4.82e-04
     Epoch[7] Iteration[480/620], entropy: 0.3059, loss: 0.3059, lr: 2.34e-04
     Epoch[7] Iteration[490/620], entropy: 0.4122, loss: 0.4122, lr: 7.85e-06
     Epoch[7] Iteration[500/620], entropy: 0.2508, loss: 0.2508, lr: 1.16e-04
     Epoch[7] Iteration[510/620], entropy: 0.3142, loss: 0.3142, lr: 4.09e-04
     Epoch[7] Iteration[520/620], entropy: 0.3413, loss: 0.3413, lr: 4.82e-04
     Epoch[7] Iteration[530/620], entropy: 0.2509, loss: 0.2509, lr: 2.34e-04
     Epoch[7] Iteration[540/620], entropy: 0.3407, loss: 0.3407, lr: 7.85e-06
     Epoch[7] Iteration[550/620], entropy: 0.3224, loss: 0.3224, lr: 1.16e-04
     Epoch[7] Iteration[560/620], entropy: 0.3140, loss: 0.3140, lr: 4.09e-04
     Epoch[7] Iteration[570/620], entropy: 0.3132, loss: 0.3132, lr: 4.82e-04
     Epoch[7] Iteration[580/620], entropy: 0.2652, loss: 0.2652, lr: 2.34e-04
     Epoch[7] Iteration[590/620], entropy: 0.3091, loss: 0.3091, lr: 7.85e-06
     Epoch[7] Iteration[600/620], entropy: 0.3812, loss: 0.3812, lr: 1.16e-04
     Epoch[7] Iteration[610/620], entropy: 0.3426, loss: 0.3426, lr: 4.09e-04
     Epoch[7] Iteration[620/620], entropy: 0.3415, loss: 0.3415, lr: 4.82e-04
     Averaged stats: entropy: 0.3415, loss: 0.3415, lr: 4.82e-04
     itm tta time 0:02:56
### TTA Eval Score: 
+-------+--------+--------+--------+--------+-------+
| epoch |   R1   |   R5   |  R10   |  mAP   |  mINP |
+-------+--------+--------+--------+--------+-------+
|  -999 | 37.309 | 55.572 | 63.548 | 20.139 | 2.213 |
|   0   | 38.336 | 56.187 | 64.495 | 20.158 | 2.051 |
|   1   | 38.886 | 56.691 | 64.908 | 20.497 | 2.121 |
|   2   | 38.926 | 56.721 | 64.994 | 20.556 | 2.138 |
|   3   | 38.941 | 56.605 | 64.873 | 20.494 | 2.127 |
|   4   | 39.072 | 56.948 | 65.236 | 20.634 | 2.167 |
|   5   | 39.153 | 56.721 | 65.095 | 20.816 | 2.245 |
|   6   | 39.233 | 56.973 | 65.412 | 20.749 | 2.173 |
|   7   | 39.334 | 57.013 | 65.488 | 20.865 | 2.209 |
+-------+--------+--------+--------+--------+-------+
     logs:  {'epo': 7, 'R1': np.float32(39.334), 'R5': np.float32(57.013), 'R10': np.float32(65.488), 'mAP': np.float32(20.865), 'mINP': np.float32(2.209), 'entropy': 0.3217285585499579, 'loss': 0.3217285585499579, 'lr': 0.0002563193567565983}
     Epoch[8] Iteration[10/620], entropy: 0.4852, loss: 0.4852, lr: 2.34e-04
     Epoch[8] Iteration[20/620], entropy: 0.3316, loss: 0.3316, lr: 7.85e-06
     Epoch[8] Iteration[30/620], entropy: 0.2846, loss: 0.2846, lr: 1.16e-04
     Epoch[8] Iteration[40/620], entropy: 0.2894, loss: 0.2894, lr: 4.09e-04
     Epoch[8] Iteration[50/620], entropy: 0.3027, loss: 0.3027, lr: 4.82e-04
     Epoch[8] Iteration[60/620], entropy: 0.2818, loss: 0.2818, lr: 2.34e-04
     Epoch[8] Iteration[70/620], entropy: 0.2624, loss: 0.2624, lr: 7.85e-06
     Epoch[8] Iteration[80/620], entropy: 0.3092, loss: 0.3092, lr: 1.16e-04
     Epoch[8] Iteration[90/620], entropy: 0.5050, loss: 0.5050, lr: 4.09e-04
     Epoch[8] Iteration[100/620], entropy: 0.2611, loss: 0.2611, lr: 4.82e-04
     Epoch[8] Iteration[110/620], entropy: 0.4105, loss: 0.4105, lr: 2.34e-04
     Epoch[8] Iteration[120/620], entropy: 0.3421, loss: 0.3421, lr: 7.85e-06
     Epoch[8] Iteration[130/620], entropy: 0.3092, loss: 0.3092, lr: 1.16e-04
     Epoch[8] Iteration[140/620], entropy: 0.3781, loss: 0.3781, lr: 4.09e-04
     Epoch[8] Iteration[150/620], entropy: 0.2517, loss: 0.2517, lr: 4.82e-04
     Epoch[8] Iteration[160/620], entropy: 0.2235, loss: 0.2235, lr: 2.34e-04
     Epoch[8] Iteration[170/620], entropy: 0.3263, loss: 0.3263, lr: 7.85e-06
     Epoch[8] Iteration[180/620], entropy: 0.3809, loss: 0.3809, lr: 1.16e-04
     Epoch[8] Iteration[190/620], entropy: 0.3966, loss: 0.3966, lr: 4.09e-04
     Epoch[8] Iteration[200/620], entropy: 0.2671, loss: 0.2671, lr: 4.82e-04
     Epoch[8] Iteration[210/620], entropy: 0.3477, loss: 0.3477, lr: 2.34e-04
     Epoch[8] Iteration[220/620], entropy: 0.3759, loss: 0.3759, lr: 7.85e-06
     Epoch[8] Iteration[230/620], entropy: 0.3200, loss: 0.3200, lr: 1.16e-04
     Epoch[8] Iteration[240/620], entropy: 0.3440, loss: 0.3440, lr: 4.09e-04
     Epoch[8] Iteration[250/620], entropy: 0.4070, loss: 0.4070, lr: 4.82e-04
     Epoch[8] Iteration[260/620], entropy: 0.3668, loss: 0.3668, lr: 2.34e-04
     Epoch[8] Iteration[270/620], entropy: 0.2991, loss: 0.2991, lr: 7.85e-06
     Epoch[8] Iteration[280/620], entropy: 0.2905, loss: 0.2905, lr: 1.16e-04
     Epoch[8] Iteration[290/620], entropy: 0.2572, loss: 0.2572, lr: 4.09e-04
     Epoch[8] Iteration[300/620], entropy: 0.2475, loss: 0.2475, lr: 4.82e-04
     Epoch[8] Iteration[310/620], entropy: 0.3866, loss: 0.3866, lr: 2.34e-04
     Epoch[8] Iteration[320/620], entropy: 0.2719, loss: 0.2719, lr: 7.85e-06
     Epoch[8] Iteration[330/620], entropy: 0.4055, loss: 0.4055, lr: 1.16e-04
     Epoch[8] Iteration[340/620], entropy: 0.3512, loss: 0.3512, lr: 4.09e-04
     Epoch[8] Iteration[350/620], entropy: 0.2523, loss: 0.2523, lr: 4.82e-04
     Epoch[8] Iteration[360/620], entropy: 0.3275, loss: 0.3275, lr: 2.34e-04
     Epoch[8] Iteration[370/620], entropy: 0.3658, loss: 0.3658, lr: 7.85e-06
     Epoch[8] Iteration[380/620], entropy: 0.3457, loss: 0.3457, lr: 1.16e-04
     Epoch[8] Iteration[390/620], entropy: 0.3117, loss: 0.3117, lr: 4.09e-04
     Epoch[8] Iteration[400/620], entropy: 0.3148, loss: 0.3148, lr: 4.82e-04
     Epoch[8] Iteration[410/620], entropy: 0.3602, loss: 0.3602, lr: 2.34e-04
     Epoch[8] Iteration[420/620], entropy: 0.2992, loss: 0.2992, lr: 7.85e-06
     Epoch[8] Iteration[430/620], entropy: 0.2862, loss: 0.2862, lr: 1.16e-04
     Epoch[8] Iteration[440/620], entropy: 0.3532, loss: 0.3532, lr: 4.09e-04
     Epoch[8] Iteration[450/620], entropy: 0.2515, loss: 0.2515, lr: 4.82e-04
     Epoch[8] Iteration[460/620], entropy: 0.3220, loss: 0.3220, lr: 2.34e-04
     Epoch[8] Iteration[470/620], entropy: 0.3740, loss: 0.3740, lr: 7.85e-06
     Epoch[8] Iteration[480/620], entropy: 0.3426, loss: 0.3426, lr: 1.16e-04
     Epoch[8] Iteration[490/620], entropy: 0.3309, loss: 0.3309, lr: 4.09e-04
     Epoch[8] Iteration[500/620], entropy: 0.3112, loss: 0.3112, lr: 4.82e-04
     Epoch[8] Iteration[510/620], entropy: 0.3049, loss: 0.3049, lr: 2.34e-04
     Epoch[8] Iteration[520/620], entropy: 0.3394, loss: 0.3394, lr: 7.85e-06
     Epoch[8] Iteration[530/620], entropy: 0.2538, loss: 0.2538, lr: 1.16e-04
     Epoch[8] Iteration[540/620], entropy: 0.2990, loss: 0.2990, lr: 4.09e-04
     Epoch[8] Iteration[550/620], entropy: 0.3145, loss: 0.3145, lr: 4.82e-04
     Epoch[8] Iteration[560/620], entropy: 0.3098, loss: 0.3098, lr: 2.34e-04
     Epoch[8] Iteration[570/620], entropy: 0.3269, loss: 0.3269, lr: 7.85e-06
     Epoch[8] Iteration[580/620], entropy: 0.2475, loss: 0.2475, lr: 1.16e-04
     Epoch[8] Iteration[590/620], entropy: 0.3202, loss: 0.3202, lr: 4.09e-04
     Epoch[8] Iteration[600/620], entropy: 0.4072, loss: 0.4072, lr: 4.82e-04
     Epoch[8] Iteration[610/620], entropy: 0.3089, loss: 0.3089, lr: 2.34e-04
     Epoch[8] Iteration[620/620], entropy: 0.3485, loss: 0.3485, lr: 7.85e-06
     Averaged stats: entropy: 0.3485, loss: 0.3485, lr: 7.85e-06
     itm tta time 0:02:49
### TTA Eval Score: 
+-------+--------+--------+--------+--------+-------+
| epoch |   R1   |   R5   |  R10   |  mAP   |  mINP |
+-------+--------+--------+--------+--------+-------+
|  -999 | 37.309 | 55.572 | 63.548 | 20.139 | 2.213 |
|   0   | 38.336 | 56.187 | 64.495 | 20.158 | 2.051 |
|   1   | 38.886 | 56.691 | 64.908 | 20.497 | 2.121 |
|   2   | 38.926 | 56.721 | 64.994 | 20.556 | 2.138 |
|   3   | 38.941 | 56.605 | 64.873 | 20.494 | 2.127 |
|   4   | 39.072 | 56.948 | 65.236 | 20.634 | 2.167 |
|   5   | 39.153 | 56.721 | 65.095 | 20.816 | 2.245 |
|   6   | 39.233 | 56.973 | 65.412 | 20.749 | 2.173 |
|   7   | 39.334 | 57.013 | 65.488 | 20.865 | 2.209 |
|   8   | 39.410 | 57.164 | 65.463 | 20.824 | 2.177 |
+-------+--------+--------+--------+--------+-------+
     logs:  {'epo': 8, 'R1': np.float32(39.41), 'R5': np.float32(57.164), 'R10': np.float32(65.463), 'mAP': np.float32(20.824), 'mINP': np.float32(2.177), 'entropy': 0.32579687766490445, 'loss': 0.32579687766490445, 'lr': 0.0002458412351586351}
     Epoch[9] Iteration[10/620], entropy: 0.2464, loss: 0.2464, lr: 1.16e-04
     Epoch[9] Iteration[20/620], entropy: 0.3628, loss: 0.3628, lr: 4.09e-04
     Epoch[9] Iteration[30/620], entropy: 0.2718, loss: 0.2718, lr: 4.82e-04
     Epoch[9] Iteration[40/620], entropy: 0.3926, loss: 0.3926, lr: 2.34e-04
     Epoch[9] Iteration[50/620], entropy: 0.3692, loss: 0.3692, lr: 7.85e-06
     Epoch[9] Iteration[60/620], entropy: 0.3611, loss: 0.3611, lr: 1.16e-04
     Epoch[9] Iteration[70/620], entropy: 0.3846, loss: 0.3846, lr: 4.09e-04
     Epoch[9] Iteration[80/620], entropy: 0.3172, loss: 0.3172, lr: 4.82e-04
     Epoch[9] Iteration[90/620], entropy: 0.3108, loss: 0.3108, lr: 2.34e-04
     Epoch[9] Iteration[100/620], entropy: 0.3762, loss: 0.3762, lr: 7.85e-06
     Epoch[9] Iteration[110/620], entropy: 0.2929, loss: 0.2929, lr: 1.16e-04
     Epoch[9] Iteration[120/620], entropy: 0.3715, loss: 0.3715, lr: 4.09e-04
     Epoch[9] Iteration[130/620], entropy: 0.2662, loss: 0.2662, lr: 4.82e-04
     Epoch[9] Iteration[140/620], entropy: 0.4143, loss: 0.4143, lr: 2.34e-04
     Epoch[9] Iteration[150/620], entropy: 0.3714, loss: 0.3714, lr: 7.85e-06
     Epoch[9] Iteration[160/620], entropy: 0.2897, loss: 0.2897, lr: 1.16e-04
     Epoch[9] Iteration[170/620], entropy: 0.3205, loss: 0.3205, lr: 4.09e-04
     Epoch[9] Iteration[180/620], entropy: 0.3781, loss: 0.3781, lr: 4.82e-04
     Epoch[9] Iteration[190/620], entropy: 0.2887, loss: 0.2887, lr: 2.34e-04
     Epoch[9] Iteration[200/620], entropy: 0.3668, loss: 0.3668, lr: 7.85e-06
     Epoch[9] Iteration[210/620], entropy: 0.3676, loss: 0.3676, lr: 1.16e-04
     Epoch[9] Iteration[220/620], entropy: 0.2293, loss: 0.2293, lr: 4.09e-04
     Epoch[9] Iteration[230/620], entropy: 0.2856, loss: 0.2856, lr: 4.82e-04
     Epoch[9] Iteration[240/620], entropy: 0.3307, loss: 0.3307, lr: 2.34e-04
     Epoch[9] Iteration[250/620], entropy: 0.3334, loss: 0.3334, lr: 7.85e-06
     Epoch[9] Iteration[260/620], entropy: 0.4095, loss: 0.4095, lr: 1.16e-04
     Epoch[9] Iteration[270/620], entropy: 0.3790, loss: 0.3790, lr: 4.09e-04
     Epoch[9] Iteration[280/620], entropy: 0.3658, loss: 0.3658, lr: 4.82e-04
     Epoch[9] Iteration[290/620], entropy: 0.2427, loss: 0.2427, lr: 2.34e-04
     Epoch[9] Iteration[300/620], entropy: 0.2940, loss: 0.2940, lr: 7.85e-06
     Epoch[9] Iteration[310/620], entropy: 0.3627, loss: 0.3627, lr: 1.16e-04
     Epoch[9] Iteration[320/620], entropy: 0.3456, loss: 0.3456, lr: 4.09e-04
     Epoch[9] Iteration[330/620], entropy: 0.3229, loss: 0.3229, lr: 4.82e-04
     Epoch[9] Iteration[340/620], entropy: 0.3379, loss: 0.3379, lr: 2.34e-04
     Epoch[9] Iteration[350/620], entropy: 0.3182, loss: 0.3182, lr: 7.85e-06
     Epoch[9] Iteration[360/620], entropy: 0.3121, loss: 0.3121, lr: 1.16e-04
     Epoch[9] Iteration[370/620], entropy: 0.2978, loss: 0.2978, lr: 4.09e-04
     Epoch[9] Iteration[380/620], entropy: 0.3994, loss: 0.3994, lr: 4.82e-04
     Epoch[9] Iteration[390/620], entropy: 0.2833, loss: 0.2833, lr: 2.34e-04
     Epoch[9] Iteration[400/620], entropy: 0.3084, loss: 0.3084, lr: 7.85e-06
     Epoch[9] Iteration[410/620], entropy: 0.2935, loss: 0.2935, lr: 1.16e-04
     Epoch[9] Iteration[420/620], entropy: 0.3642, loss: 0.3642, lr: 4.09e-04
     Epoch[9] Iteration[430/620], entropy: 0.2618, loss: 0.2618, lr: 4.92e-04
     Epoch[9] Iteration[440/620], entropy: 0.2459, loss: 0.2459, lr: 2.66e-04
     Epoch[9] Iteration[450/620], entropy: 0.2742, loss: 0.2742, lr: 1.76e-05
     Epoch[9] Iteration[460/620], entropy: 0.4248, loss: 0.4248, lr: 9.06e-05
     Epoch[9] Iteration[470/620], entropy: 0.3091, loss: 0.3091, lr: 3.84e-04
     Epoch[9] Iteration[480/620], entropy: 0.3232, loss: 0.3232, lr: 4.92e-04
     Epoch[9] Iteration[490/620], entropy: 0.3851, loss: 0.3851, lr: 2.66e-04
     Epoch[9] Iteration[500/620], entropy: 0.2727, loss: 0.2727, lr: 1.76e-05
     Epoch[9] Iteration[510/620], entropy: 0.2957, loss: 0.2957, lr: 9.06e-05
     Epoch[9] Iteration[520/620], entropy: 0.3123, loss: 0.3123, lr: 3.84e-04
     Epoch[9] Iteration[530/620], entropy: 0.2820, loss: 0.2820, lr: 4.92e-04
     Epoch[9] Iteration[540/620], entropy: 0.3320, loss: 0.3320, lr: 2.66e-04
     Epoch[9] Iteration[550/620], entropy: 0.2691, loss: 0.2691, lr: 1.76e-05
     Epoch[9] Iteration[560/620], entropy: 0.3048, loss: 0.3048, lr: 9.06e-05
     Epoch[9] Iteration[570/620], entropy: 0.3396, loss: 0.3396, lr: 3.84e-04
     Epoch[9] Iteration[580/620], entropy: 0.3666, loss: 0.3666, lr: 4.92e-04
     Epoch[9] Iteration[590/620], entropy: 0.2983, loss: 0.2983, lr: 2.66e-04
     Epoch[9] Iteration[600/620], entropy: 0.4136, loss: 0.4136, lr: 1.76e-05
     Epoch[9] Iteration[610/620], entropy: 0.2754, loss: 0.2754, lr: 9.06e-05
     Epoch[9] Iteration[620/620], entropy: 0.3731, loss: 0.3731, lr: 3.84e-04
     Averaged stats: entropy: 0.3731, loss: 0.3731, lr: 3.84e-04
     itm tta time 0:02:46
### TTA Eval Score: 
+-------+--------+--------+--------+--------+-------+
| epoch |   R1   |   R5   |  R10   |  mAP   |  mINP |
+-------+--------+--------+--------+--------+-------+
|  -999 | 37.309 | 55.572 | 63.548 | 20.139 | 2.213 |
|   0   | 38.336 | 56.187 | 64.495 | 20.158 | 2.051 |
|   1   | 38.886 | 56.691 | 64.908 | 20.497 | 2.121 |
|   2   | 38.926 | 56.721 | 64.994 | 20.556 | 2.138 |
|   3   | 38.941 | 56.605 | 64.873 | 20.494 | 2.127 |
|   4   | 39.072 | 56.948 | 65.236 | 20.634 | 2.167 |
|   5   | 39.153 | 56.721 | 65.095 | 20.816 | 2.245 |
|   6   | 39.233 | 56.973 | 65.412 | 20.749 | 2.173 |
|   7   | 39.334 | 57.013 | 65.488 | 20.865 | 2.209 |
|   8   | 39.410 | 57.164 | 65.463 | 20.824 | 2.177 |
|   9   | 39.233 | 56.973 | 65.528 | 20.850 | 2.210 |
+-------+--------+--------+--------+--------+-------+
     logs:  {'epo': 9, 'R1': np.float32(39.233), 'R5': np.float32(56.973), 'R10': np.float32(65.528), 'mAP': np.float32(20.85), 'mINP': np.float32(2.21), 'entropy': 0.3273532876083928, 'loss': 0.3273532876083928, 'lr': 0.00025040966610794115}
     Epoch[10] Iteration[10/620], entropy: 0.3347, loss: 0.3347, lr: 4.92e-04
     Epoch[10] Iteration[20/620], entropy: 0.3417, loss: 0.3417, lr: 2.66e-04
     Epoch[10] Iteration[30/620], entropy: 0.3543, loss: 0.3543, lr: 1.76e-05
     Epoch[10] Iteration[40/620], entropy: 0.4395, loss: 0.4395, lr: 9.06e-05
     Epoch[10] Iteration[50/620], entropy: 0.3726, loss: 0.3726, lr: 3.84e-04
     Epoch[10] Iteration[60/620], entropy: 0.3341, loss: 0.3341, lr: 4.92e-04
     Epoch[10] Iteration[70/620], entropy: 0.3176, loss: 0.3176, lr: 2.66e-04
     Epoch[10] Iteration[80/620], entropy: 0.3403, loss: 0.3403, lr: 1.76e-05
     Epoch[10] Iteration[90/620], entropy: 0.2930, loss: 0.2930, lr: 9.06e-05
     Epoch[10] Iteration[100/620], entropy: 0.3310, loss: 0.3310, lr: 3.84e-04
     Epoch[10] Iteration[110/620], entropy: 0.3633, loss: 0.3633, lr: 4.92e-04
     Epoch[10] Iteration[120/620], entropy: 0.3379, loss: 0.3379, lr: 2.66e-04
     Epoch[10] Iteration[130/620], entropy: 0.3368, loss: 0.3368, lr: 1.76e-05
     Epoch[10] Iteration[140/620], entropy: 0.3563, loss: 0.3563, lr: 9.06e-05
     Epoch[10] Iteration[150/620], entropy: 0.2561, loss: 0.2561, lr: 3.84e-04
     Epoch[10] Iteration[160/620], entropy: 0.3015, loss: 0.3015, lr: 4.92e-04
     Epoch[10] Iteration[170/620], entropy: 0.3429, loss: 0.3429, lr: 2.66e-04
     Epoch[10] Iteration[180/620], entropy: 0.4461, loss: 0.4461, lr: 1.76e-05
     Epoch[10] Iteration[190/620], entropy: 0.3424, loss: 0.3424, lr: 9.06e-05
     Epoch[10] Iteration[200/620], entropy: 0.3079, loss: 0.3079, lr: 3.84e-04
     Epoch[10] Iteration[210/620], entropy: 0.3837, loss: 0.3837, lr: 4.92e-04
     Epoch[10] Iteration[220/620], entropy: 0.3262, loss: 0.3262, lr: 2.66e-04
     Epoch[10] Iteration[230/620], entropy: 0.4426, loss: 0.4426, lr: 1.76e-05
     Epoch[10] Iteration[240/620], entropy: 0.3916, loss: 0.3916, lr: 9.06e-05
     Epoch[10] Iteration[250/620], entropy: 0.3107, loss: 0.3107, lr: 3.84e-04
     Epoch[10] Iteration[260/620], entropy: 0.3116, loss: 0.3116, lr: 4.92e-04
     Epoch[10] Iteration[270/620], entropy: 0.1978, loss: 0.1978, lr: 2.66e-04
     Epoch[10] Iteration[280/620], entropy: 0.3244, loss: 0.3244, lr: 1.76e-05
     Epoch[10] Iteration[290/620], entropy: 0.3453, loss: 0.3453, lr: 9.06e-05
     Epoch[10] Iteration[300/620], entropy: 0.3077, loss: 0.3077, lr: 3.84e-04
     Epoch[10] Iteration[310/620], entropy: 0.3223, loss: 0.3223, lr: 4.92e-04
     Epoch[10] Iteration[320/620], entropy: 0.2527, loss: 0.2527, lr: 2.66e-04
     Epoch[10] Iteration[330/620], entropy: 0.2890, loss: 0.2890, lr: 1.76e-05
     Epoch[10] Iteration[340/620], entropy: 0.3267, loss: 0.3267, lr: 9.06e-05
     Epoch[10] Iteration[350/620], entropy: 0.3445, loss: 0.3445, lr: 3.84e-04
     Epoch[10] Iteration[360/620], entropy: 0.3994, loss: 0.3994, lr: 4.92e-04
     Epoch[10] Iteration[370/620], entropy: 0.3128, loss: 0.3128, lr: 2.66e-04
     Epoch[10] Iteration[380/620], entropy: 0.3634, loss: 0.3634, lr: 1.76e-05
     Epoch[10] Iteration[390/620], entropy: 0.3167, loss: 0.3167, lr: 9.06e-05
     Epoch[10] Iteration[400/620], entropy: 0.3060, loss: 0.3060, lr: 3.84e-04
     Epoch[10] Iteration[410/620], entropy: 0.2820, loss: 0.2820, lr: 4.92e-04
     Epoch[10] Iteration[420/620], entropy: 0.4514, loss: 0.4514, lr: 2.66e-04
     Epoch[10] Iteration[430/620], entropy: 0.4740, loss: 0.4740, lr: 1.76e-05
     Epoch[10] Iteration[440/620], entropy: 0.2322, loss: 0.2322, lr: 9.06e-05
     Epoch[10] Iteration[450/620], entropy: 0.3178, loss: 0.3178, lr: 3.84e-04
     Epoch[10] Iteration[460/620], entropy: 0.2768, loss: 0.2768, lr: 4.92e-04
     Epoch[10] Iteration[470/620], entropy: 0.3771, loss: 0.3771, lr: 2.66e-04
     Epoch[10] Iteration[480/620], entropy: 0.2619, loss: 0.2619, lr: 1.76e-05
     Epoch[10] Iteration[490/620], entropy: 0.3539, loss: 0.3539, lr: 9.06e-05
     Epoch[10] Iteration[500/620], entropy: 0.3364, loss: 0.3364, lr: 3.84e-04
     Epoch[10] Iteration[510/620], entropy: 0.3089, loss: 0.3089, lr: 4.92e-04
     Epoch[10] Iteration[520/620], entropy: 0.3005, loss: 0.3005, lr: 2.66e-04
     Epoch[10] Iteration[530/620], entropy: 0.2832, loss: 0.2832, lr: 1.76e-05
     Epoch[10] Iteration[540/620], entropy: 0.2306, loss: 0.2306, lr: 9.06e-05
     Epoch[10] Iteration[550/620], entropy: 0.3978, loss: 0.3978, lr: 3.84e-04
     Epoch[10] Iteration[560/620], entropy: 0.3445, loss: 0.3445, lr: 4.92e-04
     Epoch[10] Iteration[570/620], entropy: 0.2826, loss: 0.2826, lr: 2.66e-04
     Epoch[10] Iteration[580/620], entropy: 0.3210, loss: 0.3210, lr: 1.76e-05
     Epoch[10] Iteration[590/620], entropy: 0.3894, loss: 0.3894, lr: 9.06e-05
     Epoch[10] Iteration[600/620], entropy: 0.3818, loss: 0.3818, lr: 3.84e-04
     Epoch[10] Iteration[610/620], entropy: 0.2957, loss: 0.2957, lr: 4.92e-04
     Epoch[10] Iteration[620/620], entropy: 0.3759, loss: 0.3759, lr: 2.66e-04
     Averaged stats: entropy: 0.3759, loss: 0.3759, lr: 2.66e-04
     itm tta time 0:02:52
### TTA Eval Score: 
+-------+--------+--------+--------+--------+-------+
| epoch |   R1   |   R5   |  R10   |  mAP   |  mINP |
+-------+--------+--------+--------+--------+-------+
|  -999 | 37.309 | 55.572 | 63.548 | 20.139 | 2.213 |
|   0   | 38.336 | 56.187 | 64.495 | 20.158 | 2.051 |
|   1   | 38.886 | 56.691 | 64.908 | 20.497 | 2.121 |
|   2   | 38.926 | 56.721 | 64.994 | 20.556 | 2.138 |
|   3   | 38.941 | 56.605 | 64.873 | 20.494 | 2.127 |
|   4   | 39.072 | 56.948 | 65.236 | 20.634 | 2.167 |
|   5   | 39.153 | 56.721 | 65.095 | 20.816 | 2.245 |
|   6   | 39.233 | 56.973 | 65.412 | 20.749 | 2.173 |
|   7   | 39.334 | 57.013 | 65.488 | 20.865 | 2.209 |
|   8   | 39.410 | 57.164 | 65.463 | 20.824 | 2.177 |
|   9   | 39.233 | 56.973 | 65.528 | 20.850 | 2.210 |
|   10  | 39.082 | 56.646 | 65.211 | 20.675 | 2.177 |
+-------+--------+--------+--------+--------+-------+
     logs:  {'epo': 10, 'R1': np.float32(39.082), 'R5': np.float32(56.646), 'R10': np.float32(65.211), 'mAP': np.float32(20.675), 'mINP': np.float32(2.177), 'entropy': 0.3338836109445941, 'loss': 0.3338836109445941, 'lr': 0.00025415876484136075}
     Epoch[11] Iteration[10/620], entropy: 0.3174, loss: 0.3174, lr: 1.76e-05
     Epoch[11] Iteration[20/620], entropy: 0.2997, loss: 0.2997, lr: 9.06e-05
     Epoch[11] Iteration[30/620], entropy: 0.2088, loss: 0.2088, lr: 3.84e-04
     Epoch[11] Iteration[40/620], entropy: 0.2426, loss: 0.2426, lr: 4.92e-04
     Epoch[11] Iteration[50/620], entropy: 0.2805, loss: 0.2805, lr: 2.66e-04
     Epoch[11] Iteration[60/620], entropy: 0.2534, loss: 0.2534, lr: 1.76e-05
     Epoch[11] Iteration[70/620], entropy: 0.3240, loss: 0.3240, lr: 9.06e-05
     Epoch[11] Iteration[80/620], entropy: 0.3362, loss: 0.3362, lr: 3.84e-04
     Epoch[11] Iteration[90/620], entropy: 0.3243, loss: 0.3243, lr: 4.92e-04
     Epoch[11] Iteration[100/620], entropy: 0.3549, loss: 0.3549, lr: 2.66e-04
     Epoch[11] Iteration[110/620], entropy: 0.3647, loss: 0.3647, lr: 1.76e-05
     Epoch[11] Iteration[120/620], entropy: 0.3341, loss: 0.3341, lr: 9.06e-05
     Epoch[11] Iteration[130/620], entropy: 0.3249, loss: 0.3249, lr: 3.84e-04
     Epoch[11] Iteration[140/620], entropy: 0.2861, loss: 0.2861, lr: 4.92e-04
     Epoch[11] Iteration[150/620], entropy: 0.2643, loss: 0.2643, lr: 2.66e-04
     Epoch[11] Iteration[160/620], entropy: 0.4073, loss: 0.4073, lr: 1.76e-05
     Epoch[11] Iteration[170/620], entropy: 0.2943, loss: 0.2943, lr: 9.06e-05
     Epoch[11] Iteration[180/620], entropy: 0.2819, loss: 0.2819, lr: 3.84e-04
     Epoch[11] Iteration[190/620], entropy: 0.3555, loss: 0.3555, lr: 4.92e-04
     Epoch[11] Iteration[200/620], entropy: 0.2974, loss: 0.2974, lr: 2.66e-04
     Epoch[11] Iteration[210/620], entropy: 0.2739, loss: 0.2739, lr: 1.76e-05
     Epoch[11] Iteration[220/620], entropy: 0.2323, loss: 0.2323, lr: 9.06e-05
     Epoch[11] Iteration[230/620], entropy: 0.4193, loss: 0.4193, lr: 3.84e-04
     Epoch[11] Iteration[240/620], entropy: 0.3233, loss: 0.3233, lr: 4.92e-04
     Epoch[11] Iteration[250/620], entropy: 0.3659, loss: 0.3659, lr: 2.66e-04
     Epoch[11] Iteration[260/620], entropy: 0.4006, loss: 0.4006, lr: 1.76e-05
     Epoch[11] Iteration[270/620], entropy: 0.3745, loss: 0.3745, lr: 9.06e-05
     Epoch[11] Iteration[280/620], entropy: 0.2988, loss: 0.2988, lr: 3.84e-04
     Epoch[11] Iteration[290/620], entropy: 0.3523, loss: 0.3523, lr: 4.92e-04
     Epoch[11] Iteration[300/620], entropy: 0.3119, loss: 0.3119, lr: 2.66e-04
     Epoch[11] Iteration[310/620], entropy: 0.3119, loss: 0.3119, lr: 1.76e-05
     Epoch[11] Iteration[320/620], entropy: 0.3828, loss: 0.3828, lr: 9.06e-05
     Epoch[11] Iteration[330/620], entropy: 0.3079, loss: 0.3079, lr: 3.84e-04
     Epoch[11] Iteration[340/620], entropy: 0.2781, loss: 0.2781, lr: 4.92e-04
     Epoch[11] Iteration[350/620], entropy: 0.3338, loss: 0.3338, lr: 2.66e-04
     Epoch[11] Iteration[360/620], entropy: 0.3142, loss: 0.3142, lr: 1.76e-05
     Epoch[11] Iteration[370/620], entropy: 0.3107, loss: 0.3107, lr: 9.06e-05
     Epoch[11] Iteration[380/620], entropy: 0.3621, loss: 0.3621, lr: 3.84e-04
     Epoch[11] Iteration[390/620], entropy: 0.3888, loss: 0.3888, lr: 4.92e-04
     Epoch[11] Iteration[400/620], entropy: 0.4178, loss: 0.4178, lr: 2.66e-04
     Epoch[11] Iteration[410/620], entropy: 0.3116, loss: 0.3116, lr: 1.76e-05
     Epoch[11] Iteration[420/620], entropy: 0.2373, loss: 0.2373, lr: 9.06e-05
     Epoch[11] Iteration[430/620], entropy: 0.3162, loss: 0.3162, lr: 3.84e-04
     Epoch[11] Iteration[440/620], entropy: 0.2840, loss: 0.2840, lr: 4.92e-04
     Epoch[11] Iteration[450/620], entropy: 0.2345, loss: 0.2345, lr: 2.66e-04
     Epoch[11] Iteration[460/620], entropy: 0.3567, loss: 0.3567, lr: 1.76e-05
     Epoch[11] Iteration[470/620], entropy: 0.4286, loss: 0.4286, lr: 9.06e-05
     Epoch[11] Iteration[480/620], entropy: 0.2304, loss: 0.2304, lr: 3.84e-04
     Epoch[11] Iteration[490/620], entropy: 0.3040, loss: 0.3040, lr: 4.92e-04
     Epoch[11] Iteration[500/620], entropy: 0.3052, loss: 0.3052, lr: 2.66e-04
     Epoch[11] Iteration[510/620], entropy: 0.4478, loss: 0.4478, lr: 1.76e-05
     Epoch[11] Iteration[520/620], entropy: 0.3397, loss: 0.3397, lr: 9.06e-05
     Epoch[11] Iteration[530/620], entropy: 0.3785, loss: 0.3785, lr: 3.84e-04
     Epoch[11] Iteration[540/620], entropy: 0.3394, loss: 0.3394, lr: 4.92e-04
     Epoch[11] Iteration[550/620], entropy: 0.3431, loss: 0.3431, lr: 2.66e-04
     Epoch[11] Iteration[560/620], entropy: 0.3615, loss: 0.3615, lr: 1.76e-05
     Epoch[11] Iteration[570/620], entropy: 0.3632, loss: 0.3632, lr: 9.06e-05
     Epoch[11] Iteration[580/620], entropy: 0.3274, loss: 0.3274, lr: 3.84e-04
     Epoch[11] Iteration[590/620], entropy: 0.3369, loss: 0.3369, lr: 4.92e-04
     Epoch[11] Iteration[600/620], entropy: 0.3355, loss: 0.3355, lr: 2.66e-04
     Epoch[11] Iteration[610/620], entropy: 0.2619, loss: 0.2619, lr: 1.76e-05
     Epoch[11] Iteration[620/620], entropy: 0.3276, loss: 0.3276, lr: 9.06e-05
     Averaged stats: entropy: 0.3276, loss: 0.3276, lr: 9.06e-05
     itm tta time 0:02:46
### TTA Eval Score: 
+-------+--------+--------+--------+--------+-------+
| epoch |   R1   |   R5   |  R10   |  mAP   |  mINP |
+-------+--------+--------+--------+--------+-------+
|  -999 | 37.309 | 55.572 | 63.548 | 20.139 | 2.213 |
|   0   | 38.336 | 56.187 | 64.495 | 20.158 | 2.051 |
|   1   | 38.886 | 56.691 | 64.908 | 20.497 | 2.121 |
|   2   | 38.926 | 56.721 | 64.994 | 20.556 | 2.138 |
|   3   | 38.941 | 56.605 | 64.873 | 20.494 | 2.127 |
|   4   | 39.072 | 56.948 | 65.236 | 20.634 | 2.167 |
|   5   | 39.153 | 56.721 | 65.095 | 20.816 | 2.245 |
|   6   | 39.233 | 56.973 | 65.412 | 20.749 | 2.173 |
|   7   | 39.334 | 57.013 | 65.488 | 20.865 | 2.209 |
|   8   | 39.410 | 57.164 | 65.463 | 20.824 | 2.177 |
|   9   | 39.233 | 56.973 | 65.528 | 20.850 | 2.210 |
|   10  | 39.082 | 56.646 | 65.211 | 20.675 | 2.177 |
|   11  | 39.082 | 56.807 | 65.347 | 20.713 | 2.182 |
+-------+--------+--------+--------+--------+-------+
     logs:  {'epo': 11, 'R1': np.float32(39.082), 'R5': np.float32(56.807), 'R10': np.float32(65.347), 'mAP': np.float32(20.713), 'mINP': np.float32(2.182), 'entropy': 0.32394449364754463, 'loss': 0.32394449364754463, 'lr': 0.00024368064324339466}
     Epoch[12] Iteration[10/620], entropy: 0.2934, loss: 0.2934, lr: 3.84e-04
     Epoch[12] Iteration[20/620], entropy: 0.2622, loss: 0.2622, lr: 4.92e-04
     Epoch[12] Iteration[30/620], entropy: 0.3769, loss: 0.3769, lr: 2.66e-04
     Epoch[12] Iteration[40/620], entropy: 0.2149, loss: 0.2149, lr: 1.76e-05
     Epoch[12] Iteration[50/620], entropy: 0.2873, loss: 0.2873, lr: 9.06e-05
     Epoch[12] Iteration[60/620], entropy: 0.3119, loss: 0.3119, lr: 3.84e-04
     Epoch[12] Iteration[70/620], entropy: 0.2721, loss: 0.2721, lr: 4.92e-04
     Epoch[12] Iteration[80/620], entropy: 0.2878, loss: 0.2878, lr: 2.66e-04
     Epoch[12] Iteration[90/620], entropy: 0.3217, loss: 0.3217, lr: 1.76e-05
     Epoch[12] Iteration[100/620], entropy: 0.2881, loss: 0.2881, lr: 9.06e-05
     Epoch[12] Iteration[110/620], entropy: 0.3918, loss: 0.3918, lr: 3.84e-04
     Epoch[12] Iteration[120/620], entropy: 0.3713, loss: 0.3713, lr: 4.92e-04
     Epoch[12] Iteration[130/620], entropy: 0.3287, loss: 0.3287, lr: 2.66e-04
     Epoch[12] Iteration[140/620], entropy: 0.3248, loss: 0.3248, lr: 1.76e-05
     Epoch[12] Iteration[150/620], entropy: 0.2505, loss: 0.2505, lr: 9.06e-05
     Epoch[12] Iteration[160/620], entropy: 0.2926, loss: 0.2926, lr: 3.84e-04
     Epoch[12] Iteration[170/620], entropy: 0.3185, loss: 0.3185, lr: 4.92e-04
     Epoch[12] Iteration[180/620], entropy: 0.3058, loss: 0.3058, lr: 2.66e-04
     Epoch[12] Iteration[190/620], entropy: 0.4628, loss: 0.4628, lr: 1.76e-05
     Epoch[12] Iteration[200/620], entropy: 0.4248, loss: 0.4248, lr: 9.06e-05
     Epoch[12] Iteration[210/620], entropy: 0.2445, loss: 0.2445, lr: 3.84e-04
     Epoch[12] Iteration[220/620], entropy: 0.4160, loss: 0.4160, lr: 4.92e-04
     Epoch[12] Iteration[230/620], entropy: 0.3218, loss: 0.3218, lr: 2.66e-04
     Epoch[12] Iteration[240/620], entropy: 0.2612, loss: 0.2612, lr: 1.76e-05
     Epoch[12] Iteration[250/620], entropy: 0.3922, loss: 0.3922, lr: 9.06e-05
     Epoch[12] Iteration[260/620], entropy: 0.2403, loss: 0.2403, lr: 3.84e-04
     Epoch[12] Iteration[270/620], entropy: 0.3194, loss: 0.3194, lr: 4.92e-04
     Epoch[12] Iteration[280/620], entropy: 0.2617, loss: 0.2617, lr: 2.66e-04
     Epoch[12] Iteration[290/620], entropy: 0.3938, loss: 0.3938, lr: 1.76e-05
     Epoch[12] Iteration[300/620], entropy: 0.3854, loss: 0.3854, lr: 9.06e-05
     Epoch[12] Iteration[310/620], entropy: 0.3747, loss: 0.3747, lr: 3.84e-04
     Epoch[12] Iteration[320/620], entropy: 0.2703, loss: 0.2703, lr: 4.92e-04
     Epoch[12] Iteration[330/620], entropy: 0.3854, loss: 0.3854, lr: 2.66e-04
     Epoch[12] Iteration[340/620], entropy: 0.2647, loss: 0.2647, lr: 1.76e-05
     Epoch[12] Iteration[350/620], entropy: 0.3841, loss: 0.3841, lr: 9.06e-05
     Epoch[12] Iteration[360/620], entropy: 0.4027, loss: 0.4027, lr: 3.84e-04
     Epoch[12] Iteration[370/620], entropy: 0.3359, loss: 0.3359, lr: 4.92e-04
     Epoch[12] Iteration[380/620], entropy: 0.3561, loss: 0.3561, lr: 2.66e-04
     Epoch[12] Iteration[390/620], entropy: 0.3052, loss: 0.3052, lr: 1.76e-05
     Epoch[12] Iteration[400/620], entropy: 0.2754, loss: 0.2754, lr: 9.06e-05
     Epoch[12] Iteration[410/620], entropy: 0.2932, loss: 0.2932, lr: 3.84e-04
     Epoch[12] Iteration[420/620], entropy: 0.2568, loss: 0.2568, lr: 4.92e-04
     Epoch[12] Iteration[430/620], entropy: 0.3407, loss: 0.3407, lr: 2.66e-04
     Epoch[12] Iteration[440/620], entropy: 0.3959, loss: 0.3959, lr: 1.76e-05
     Epoch[12] Iteration[450/620], entropy: 0.4120, loss: 0.4120, lr: 9.06e-05
     Epoch[12] Iteration[460/620], entropy: 0.2713, loss: 0.2713, lr: 3.84e-04
     Epoch[12] Iteration[470/620], entropy: 0.3221, loss: 0.3221, lr: 4.92e-04
     Epoch[12] Iteration[480/620], entropy: 0.2560, loss: 0.2560, lr: 2.66e-04
     Epoch[12] Iteration[490/620], entropy: 0.3001, loss: 0.3001, lr: 1.76e-05
     Epoch[12] Iteration[500/620], entropy: 0.3623, loss: 0.3623, lr: 9.06e-05
     Epoch[12] Iteration[510/620], entropy: 0.2535, loss: 0.2535, lr: 3.84e-04
     Epoch[12] Iteration[520/620], entropy: 0.3542, loss: 0.3542, lr: 4.92e-04
     Epoch[12] Iteration[530/620], entropy: 0.3486, loss: 0.3486, lr: 2.66e-04
     Epoch[12] Iteration[540/620], entropy: 0.2711, loss: 0.2711, lr: 1.76e-05
     Epoch[12] Iteration[550/620], entropy: 0.4201, loss: 0.4201, lr: 9.06e-05
     Epoch[12] Iteration[560/620], entropy: 0.3969, loss: 0.3969, lr: 3.84e-04
     Epoch[12] Iteration[570/620], entropy: 0.3599, loss: 0.3599, lr: 4.98e-04
     Epoch[12] Iteration[580/620], entropy: 0.2229, loss: 0.2229, lr: 2.97e-04
     Epoch[12] Iteration[590/620], entropy: 0.3776, loss: 0.3776, lr: 3.09e-05
     Epoch[12] Iteration[600/620], entropy: 0.2658, loss: 0.2658, lr: 6.78e-05
     Epoch[12] Iteration[610/620], entropy: 0.3576, loss: 0.3576, lr: 3.56e-04
     Epoch[12] Iteration[620/620], entropy: 0.3258, loss: 0.3258, lr: 4.98e-04
     Averaged stats: entropy: 0.3258, loss: 0.3258, lr: 4.98e-04
     itm tta time 0:02:51
### TTA Eval Score: 
+-------+--------+--------+--------+--------+-------+
| epoch |   R1   |   R5   |  R10   |  mAP   |  mINP |
+-------+--------+--------+--------+--------+-------+
|  -999 | 37.309 | 55.572 | 63.548 | 20.139 | 2.213 |
|   0   | 38.336 | 56.187 | 64.495 | 20.158 | 2.051 |
|   1   | 38.886 | 56.691 | 64.908 | 20.497 | 2.121 |
|   2   | 38.926 | 56.721 | 64.994 | 20.556 | 2.138 |
|   3   | 38.941 | 56.605 | 64.873 | 20.494 | 2.127 |
|   4   | 39.072 | 56.948 | 65.236 | 20.634 | 2.167 |
|   5   | 39.153 | 56.721 | 65.095 | 20.816 | 2.245 |
|   6   | 39.233 | 56.973 | 65.412 | 20.749 | 2.173 |
|   7   | 39.334 | 57.013 | 65.488 | 20.865 | 2.209 |
|   8   | 39.410 | 57.164 | 65.463 | 20.824 | 2.177 |
|   9   | 39.233 | 56.973 | 65.528 | 20.850 | 2.210 |
|   10  | 39.082 | 56.646 | 65.211 | 20.675 | 2.177 |
|   11  | 39.082 | 56.807 | 65.347 | 20.713 | 2.182 |
|   12  | 39.233 | 56.978 | 65.392 | 20.749 | 2.179 |
+-------+--------+--------+--------+--------+-------+
     logs:  {'epo': 12, 'R1': np.float32(39.233), 'R5': np.float32(56.978), 'R10': np.float32(65.392), 'mAP': np.float32(20.749), 'mINP': np.float32(2.179), 'entropy': 0.3248906738815769, 'loss': 0.3248906738815769, 'lr': 0.0002561610544205344}
     Epoch[13] Iteration[10/620], entropy: 0.3634, loss: 0.3634, lr: 2.97e-04
     Epoch[13] Iteration[20/620], entropy: 0.3066, loss: 0.3066, lr: 3.09e-05
     Epoch[13] Iteration[30/620], entropy: 0.3005, loss: 0.3005, lr: 6.78e-05
     Epoch[13] Iteration[40/620], entropy: 0.3571, loss: 0.3571, lr: 3.56e-04
     Epoch[13] Iteration[50/620], entropy: 0.3725, loss: 0.3725, lr: 4.98e-04
     Epoch[13] Iteration[60/620], entropy: 0.4279, loss: 0.4279, lr: 2.97e-04
     Epoch[13] Iteration[70/620], entropy: 0.2119, loss: 0.2119, lr: 3.09e-05
     Epoch[13] Iteration[80/620], entropy: 0.2555, loss: 0.2555, lr: 6.78e-05
     Epoch[13] Iteration[90/620], entropy: 0.4074, loss: 0.4074, lr: 3.56e-04
     Epoch[13] Iteration[100/620], entropy: 0.2512, loss: 0.2512, lr: 4.98e-04
     Epoch[13] Iteration[110/620], entropy: 0.2974, loss: 0.2974, lr: 2.97e-04
     Epoch[13] Iteration[120/620], entropy: 0.3664, loss: 0.3664, lr: 3.09e-05
     Epoch[13] Iteration[130/620], entropy: 0.3904, loss: 0.3904, lr: 6.78e-05
     Epoch[13] Iteration[140/620], entropy: 0.3258, loss: 0.3258, lr: 3.56e-04
     Epoch[13] Iteration[150/620], entropy: 0.2498, loss: 0.2498, lr: 4.98e-04
     Epoch[13] Iteration[160/620], entropy: 0.4107, loss: 0.4107, lr: 2.97e-04
     Epoch[13] Iteration[170/620], entropy: 0.2864, loss: 0.2864, lr: 3.09e-05
     Epoch[13] Iteration[180/620], entropy: 0.3724, loss: 0.3724, lr: 6.78e-05
     Epoch[13] Iteration[190/620], entropy: 0.2371, loss: 0.2371, lr: 3.56e-04
     Epoch[13] Iteration[200/620], entropy: 0.4090, loss: 0.4090, lr: 4.98e-04
     Epoch[13] Iteration[210/620], entropy: 0.2444, loss: 0.2444, lr: 2.97e-04
     Epoch[13] Iteration[220/620], entropy: 0.4203, loss: 0.4203, lr: 3.09e-05
     Epoch[13] Iteration[230/620], entropy: 0.3566, loss: 0.3566, lr: 6.78e-05
     Epoch[13] Iteration[240/620], entropy: 0.3302, loss: 0.3302, lr: 3.56e-04
     Epoch[13] Iteration[250/620], entropy: 0.2682, loss: 0.2682, lr: 4.98e-04
     Epoch[13] Iteration[260/620], entropy: 0.3653, loss: 0.3653, lr: 2.97e-04
     Epoch[13] Iteration[270/620], entropy: 0.2556, loss: 0.2556, lr: 3.09e-05
     Epoch[13] Iteration[280/620], entropy: 0.2897, loss: 0.2897, lr: 6.78e-05
     Epoch[13] Iteration[290/620], entropy: 0.3072, loss: 0.3072, lr: 3.56e-04
     Epoch[13] Iteration[300/620], entropy: 0.2314, loss: 0.2314, lr: 4.98e-04
     Epoch[13] Iteration[310/620], entropy: 0.3692, loss: 0.3692, lr: 2.97e-04
     Epoch[13] Iteration[320/620], entropy: 0.2330, loss: 0.2330, lr: 3.09e-05
     Epoch[13] Iteration[330/620], entropy: 0.2397, loss: 0.2397, lr: 6.78e-05
     Epoch[13] Iteration[340/620], entropy: 0.2638, loss: 0.2638, lr: 3.56e-04
     Epoch[13] Iteration[350/620], entropy: 0.2489, loss: 0.2489, lr: 4.98e-04
     Epoch[13] Iteration[360/620], entropy: 0.2784, loss: 0.2784, lr: 2.97e-04
     Epoch[13] Iteration[370/620], entropy: 0.3745, loss: 0.3745, lr: 3.09e-05
     Epoch[13] Iteration[380/620], entropy: 0.2990, loss: 0.2990, lr: 6.78e-05
     Epoch[13] Iteration[390/620], entropy: 0.3053, loss: 0.3053, lr: 3.56e-04
     Epoch[13] Iteration[400/620], entropy: 0.3811, loss: 0.3811, lr: 4.98e-04
     Epoch[13] Iteration[410/620], entropy: 0.2467, loss: 0.2467, lr: 2.97e-04
     Epoch[13] Iteration[420/620], entropy: 0.3451, loss: 0.3451, lr: 3.09e-05
     Epoch[13] Iteration[430/620], entropy: 0.3039, loss: 0.3039, lr: 6.78e-05
     Epoch[13] Iteration[440/620], entropy: 0.3172, loss: 0.3172, lr: 3.56e-04
     Epoch[13] Iteration[450/620], entropy: 0.3322, loss: 0.3322, lr: 4.98e-04
     Epoch[13] Iteration[460/620], entropy: 0.2840, loss: 0.2840, lr: 2.97e-04
     Epoch[13] Iteration[470/620], entropy: 0.3293, loss: 0.3293, lr: 3.09e-05
     Epoch[13] Iteration[480/620], entropy: 0.3668, loss: 0.3668, lr: 6.78e-05
     Epoch[13] Iteration[490/620], entropy: 0.3168, loss: 0.3168, lr: 3.56e-04
     Epoch[13] Iteration[500/620], entropy: 0.3662, loss: 0.3662, lr: 4.98e-04
     Epoch[13] Iteration[510/620], entropy: 0.3465, loss: 0.3465, lr: 2.97e-04
     Epoch[13] Iteration[520/620], entropy: 0.2796, loss: 0.2796, lr: 3.09e-05
     Epoch[13] Iteration[530/620], entropy: 0.3425, loss: 0.3425, lr: 6.78e-05
     Epoch[13] Iteration[540/620], entropy: 0.3556, loss: 0.3556, lr: 3.56e-04
     Epoch[13] Iteration[550/620], entropy: 0.2867, loss: 0.2867, lr: 4.98e-04
     Epoch[13] Iteration[560/620], entropy: 0.3613, loss: 0.3613, lr: 2.97e-04
     Epoch[13] Iteration[570/620], entropy: 0.3477, loss: 0.3477, lr: 3.09e-05
     Epoch[13] Iteration[580/620], entropy: 0.3508, loss: 0.3508, lr: 6.78e-05
     Epoch[13] Iteration[590/620], entropy: 0.3359, loss: 0.3359, lr: 3.56e-04
     Epoch[13] Iteration[600/620], entropy: 0.3143, loss: 0.3143, lr: 4.98e-04
     Epoch[13] Iteration[610/620], entropy: 0.3110, loss: 0.3110, lr: 2.97e-04
     Epoch[13] Iteration[620/620], entropy: 0.3565, loss: 0.3565, lr: 3.09e-05
     Averaged stats: entropy: 0.3565, loss: 0.3565, lr: 3.09e-05
     itm tta time 0:02:46
### TTA Eval Score: 
+-------+--------+--------+--------+--------+-------+
| epoch |   R1   |   R5   |  R10   |  mAP   |  mINP |
+-------+--------+--------+--------+--------+-------+
|  -999 | 37.309 | 55.572 | 63.548 | 20.139 | 2.213 |
|   0   | 38.336 | 56.187 | 64.495 | 20.158 | 2.051 |
|   1   | 38.886 | 56.691 | 64.908 | 20.497 | 2.121 |
|   2   | 38.926 | 56.721 | 64.994 | 20.556 | 2.138 |
|   3   | 38.941 | 56.605 | 64.873 | 20.494 | 2.127 |
|   4   | 39.072 | 56.948 | 65.236 | 20.634 | 2.167 |
|   5   | 39.153 | 56.721 | 65.095 | 20.816 | 2.245 |
|   6   | 39.233 | 56.973 | 65.412 | 20.749 | 2.173 |
|   7   | 39.334 | 57.013 | 65.488 | 20.865 | 2.209 |
|   8   | 39.410 | 57.164 | 65.463 | 20.824 | 2.177 |
|   9   | 39.233 | 56.973 | 65.528 | 20.850 | 2.210 |
|   10  | 39.082 | 56.646 | 65.211 | 20.675 | 2.177 |
|   11  | 39.082 | 56.807 | 65.347 | 20.713 | 2.182 |
|   12  | 39.233 | 56.978 | 65.392 | 20.749 | 2.179 |
|   13  | 39.279 | 57.059 | 65.538 | 20.889 | 2.213 |
+-------+--------+--------+--------+--------+-------+
     logs:  {'epo': 13, 'R1': np.float32(39.279), 'R5': np.float32(57.059), 'R10': np.float32(65.538), 'mAP': np.float32(20.889), 'mINP': np.float32(2.213), 'entropy': 0.32029171696593683, 'loss': 0.32029171696593683, 'lr': 0.0002472220751392823}
     Epoch[14] Iteration[10/620], entropy: 0.2907, loss: 0.2907, lr: 6.78e-05
     Epoch[14] Iteration[20/620], entropy: 0.2776, loss: 0.2776, lr: 3.56e-04
     Epoch[14] Iteration[30/620], entropy: 0.3251, loss: 0.3251, lr: 4.98e-04
     Epoch[14] Iteration[40/620], entropy: 0.2516, loss: 0.2516, lr: 2.97e-04
     Epoch[14] Iteration[50/620], entropy: 0.3221, loss: 0.3221, lr: 3.09e-05
     Epoch[14] Iteration[60/620], entropy: 0.2578, loss: 0.2578, lr: 6.78e-05
     Epoch[14] Iteration[70/620], entropy: 0.2999, loss: 0.2999, lr: 3.56e-04
     Epoch[14] Iteration[80/620], entropy: 0.3393, loss: 0.3393, lr: 4.98e-04
     Epoch[14] Iteration[90/620], entropy: 0.3270, loss: 0.3270, lr: 2.97e-04
     Epoch[14] Iteration[100/620], entropy: 0.3760, loss: 0.3760, lr: 3.09e-05
     Epoch[14] Iteration[110/620], entropy: 0.3109, loss: 0.3109, lr: 6.78e-05
     Epoch[14] Iteration[120/620], entropy: 0.3285, loss: 0.3285, lr: 3.56e-04
     Epoch[14] Iteration[130/620], entropy: 0.3530, loss: 0.3530, lr: 4.98e-04
     Epoch[14] Iteration[140/620], entropy: 0.3440, loss: 0.3440, lr: 2.97e-04
     Epoch[14] Iteration[150/620], entropy: 0.3250, loss: 0.3250, lr: 3.09e-05
     Epoch[14] Iteration[160/620], entropy: 0.3093, loss: 0.3093, lr: 6.78e-05
     Epoch[14] Iteration[170/620], entropy: 0.2642, loss: 0.2642, lr: 3.56e-04
     Epoch[14] Iteration[180/620], entropy: 0.2486, loss: 0.2486, lr: 4.98e-04
     Epoch[14] Iteration[190/620], entropy: 0.3079, loss: 0.3079, lr: 2.97e-04
     Epoch[14] Iteration[200/620], entropy: 0.2340, loss: 0.2340, lr: 3.09e-05
     Epoch[14] Iteration[210/620], entropy: 0.4566, loss: 0.4566, lr: 6.78e-05
     Epoch[14] Iteration[220/620], entropy: 0.3097, loss: 0.3097, lr: 3.56e-04
     Epoch[14] Iteration[230/620], entropy: 0.3644, loss: 0.3644, lr: 4.98e-04
     Epoch[14] Iteration[240/620], entropy: 0.2460, loss: 0.2460, lr: 2.97e-04
     Epoch[14] Iteration[250/620], entropy: 0.3432, loss: 0.3432, lr: 3.09e-05
     Epoch[14] Iteration[260/620], entropy: 0.3069, loss: 0.3069, lr: 6.78e-05
     Epoch[14] Iteration[270/620], entropy: 0.4406, loss: 0.4406, lr: 3.56e-04
     Epoch[14] Iteration[280/620], entropy: 0.2958, loss: 0.2958, lr: 4.98e-04
     Epoch[14] Iteration[290/620], entropy: 0.2722, loss: 0.2722, lr: 2.97e-04
     Epoch[14] Iteration[300/620], entropy: 0.3355, loss: 0.3355, lr: 3.09e-05
     Epoch[14] Iteration[310/620], entropy: 0.3443, loss: 0.3443, lr: 6.78e-05
     Epoch[14] Iteration[320/620], entropy: 0.2875, loss: 0.2875, lr: 3.56e-04
     Epoch[14] Iteration[330/620], entropy: 0.2535, loss: 0.2535, lr: 4.98e-04
     Epoch[14] Iteration[340/620], entropy: 0.3486, loss: 0.3486, lr: 2.97e-04
     Epoch[14] Iteration[350/620], entropy: 0.3625, loss: 0.3625, lr: 3.09e-05
     Epoch[14] Iteration[360/620], entropy: 0.2945, loss: 0.2945, lr: 6.78e-05
     Epoch[14] Iteration[370/620], entropy: 0.3493, loss: 0.3493, lr: 3.56e-04
     Epoch[14] Iteration[380/620], entropy: 0.3641, loss: 0.3641, lr: 4.98e-04
     Epoch[14] Iteration[390/620], entropy: 0.2958, loss: 0.2958, lr: 2.97e-04
     Epoch[14] Iteration[400/620], entropy: 0.2944, loss: 0.2944, lr: 3.09e-05
     Epoch[14] Iteration[410/620], entropy: 0.3041, loss: 0.3041, lr: 6.78e-05
     Epoch[14] Iteration[420/620], entropy: 0.2624, loss: 0.2624, lr: 3.56e-04
     Epoch[14] Iteration[430/620], entropy: 0.4693, loss: 0.4693, lr: 4.98e-04
     Epoch[14] Iteration[440/620], entropy: 0.3243, loss: 0.3243, lr: 2.97e-04
     Epoch[14] Iteration[450/620], entropy: 0.3020, loss: 0.3020, lr: 3.09e-05
     Epoch[14] Iteration[460/620], entropy: 0.3792, loss: 0.3792, lr: 6.78e-05
     Epoch[14] Iteration[470/620], entropy: 0.3235, loss: 0.3235, lr: 3.56e-04
     Epoch[14] Iteration[480/620], entropy: 0.2476, loss: 0.2476, lr: 4.98e-04
     Epoch[14] Iteration[490/620], entropy: 0.3714, loss: 0.3714, lr: 2.97e-04
     Epoch[14] Iteration[500/620], entropy: 0.3215, loss: 0.3215, lr: 3.09e-05
     Epoch[14] Iteration[510/620], entropy: 0.3556, loss: 0.3556, lr: 6.78e-05
     Epoch[14] Iteration[520/620], entropy: 0.2421, loss: 0.2421, lr: 3.56e-04
     Epoch[14] Iteration[530/620], entropy: 0.2916, loss: 0.2916, lr: 4.98e-04
     Epoch[14] Iteration[540/620], entropy: 0.2982, loss: 0.2982, lr: 2.97e-04
     Epoch[14] Iteration[550/620], entropy: 0.3006, loss: 0.3006, lr: 3.09e-05
     Epoch[14] Iteration[560/620], entropy: 0.3227, loss: 0.3227, lr: 6.78e-05
     Epoch[14] Iteration[570/620], entropy: 0.3021, loss: 0.3021, lr: 3.56e-04
     Epoch[14] Iteration[580/620], entropy: 0.2478, loss: 0.2478, lr: 4.98e-04
     Epoch[14] Iteration[590/620], entropy: 0.2994, loss: 0.2994, lr: 2.97e-04
     Epoch[14] Iteration[600/620], entropy: 0.4139, loss: 0.4139, lr: 3.09e-05
     Epoch[14] Iteration[610/620], entropy: 0.3070, loss: 0.3070, lr: 6.78e-05
     Epoch[14] Iteration[620/620], entropy: 0.2861, loss: 0.2861, lr: 3.56e-04
     Averaged stats: entropy: 0.2861, loss: 0.2861, lr: 3.56e-04
     itm tta time 0:02:48
### TTA Eval Score: 
+-------+--------+--------+--------+--------+-------+
| epoch |   R1   |   R5   |  R10   |  mAP   |  mINP |
+-------+--------+--------+--------+--------+-------+
|  -999 | 37.309 | 55.572 | 63.548 | 20.139 | 2.213 |
|   0   | 38.336 | 56.187 | 64.495 | 20.158 | 2.051 |
|   1   | 38.886 | 56.691 | 64.908 | 20.497 | 2.121 |
|   2   | 38.926 | 56.721 | 64.994 | 20.556 | 2.138 |
|   3   | 38.941 | 56.605 | 64.873 | 20.494 | 2.127 |
|   4   | 39.072 | 56.948 | 65.236 | 20.634 | 2.167 |
|   5   | 39.153 | 56.721 | 65.095 | 20.816 | 2.245 |
|   6   | 39.233 | 56.973 | 65.412 | 20.749 | 2.173 |
|   7   | 39.334 | 57.013 | 65.488 | 20.865 | 2.209 |
|   8   | 39.410 | 57.164 | 65.463 | 20.824 | 2.177 |
|   9   | 39.233 | 56.973 | 65.528 | 20.850 | 2.210 |
|   10  | 39.082 | 56.646 | 65.211 | 20.675 | 2.177 |
|   11  | 39.082 | 56.807 | 65.347 | 20.713 | 2.182 |
|   12  | 39.233 | 56.978 | 65.392 | 20.749 | 2.179 |
|   13  | 39.279 | 57.059 | 65.538 | 20.889 | 2.213 |
|   14  | 39.173 | 56.953 | 65.316 | 20.753 | 2.196 |
+-------+--------+--------+--------+--------+-------+
     logs:  {'epo': 14, 'R1': np.float32(39.173), 'R5': np.float32(56.953), 'R10': np.float32(65.316), 'mAP': np.float32(20.753), 'mINP': np.float32(2.196), 'entropy': 0.31661514673502217, 'loss': 0.31661514673502217, 'lr': 0.0002487774623554181}
     Epoch[15] Iteration[10/620], entropy: 0.3639, loss: 0.3639, lr: 4.98e-04
     Epoch[15] Iteration[20/620], entropy: 0.2859, loss: 0.2859, lr: 2.97e-04
     Epoch[15] Iteration[30/620], entropy: 0.3598, loss: 0.3598, lr: 3.09e-05
     Epoch[15] Iteration[40/620], entropy: 0.3193, loss: 0.3193, lr: 6.78e-05
     Epoch[15] Iteration[50/620], entropy: 0.4142, loss: 0.4142, lr: 3.56e-04
     Epoch[15] Iteration[60/620], entropy: 0.3719, loss: 0.3719, lr: 4.98e-04
     Epoch[15] Iteration[70/620], entropy: 0.3093, loss: 0.3093, lr: 2.97e-04
     Epoch[15] Iteration[80/620], entropy: 0.3313, loss: 0.3313, lr: 3.09e-05
     Epoch[15] Iteration[90/620], entropy: 0.2988, loss: 0.2988, lr: 6.78e-05
     Epoch[15] Iteration[100/620], entropy: 0.3321, loss: 0.3321, lr: 3.56e-04
     Epoch[15] Iteration[110/620], entropy: 0.2231, loss: 0.2231, lr: 4.98e-04
     Epoch[15] Iteration[120/620], entropy: 0.3218, loss: 0.3218, lr: 2.97e-04
     Epoch[15] Iteration[130/620], entropy: 0.3131, loss: 0.3131, lr: 3.09e-05
     Epoch[15] Iteration[140/620], entropy: 0.3909, loss: 0.3909, lr: 6.78e-05
     Epoch[15] Iteration[150/620], entropy: 0.3321, loss: 0.3321, lr: 3.56e-04
     Epoch[15] Iteration[160/620], entropy: 0.3580, loss: 0.3580, lr: 4.98e-04
     Epoch[15] Iteration[170/620], entropy: 0.2806, loss: 0.2806, lr: 2.97e-04
     Epoch[15] Iteration[180/620], entropy: 0.3724, loss: 0.3724, lr: 3.09e-05
     Epoch[15] Iteration[190/620], entropy: 0.2807, loss: 0.2807, lr: 6.78e-05
     Epoch[15] Iteration[200/620], entropy: 0.4410, loss: 0.4410, lr: 3.56e-04
     Epoch[15] Iteration[210/620], entropy: 0.2722, loss: 0.2722, lr: 4.98e-04
     Epoch[15] Iteration[220/620], entropy: 0.2299, loss: 0.2299, lr: 2.97e-04
     Epoch[15] Iteration[230/620], entropy: 0.3492, loss: 0.3492, lr: 3.09e-05
     Epoch[15] Iteration[240/620], entropy: 0.3248, loss: 0.3248, lr: 6.78e-05
     Epoch[15] Iteration[250/620], entropy: 0.3546, loss: 0.3546, lr: 3.56e-04
     Epoch[15] Iteration[260/620], entropy: 0.2759, loss: 0.2759, lr: 4.98e-04
     Epoch[15] Iteration[270/620], entropy: 0.3725, loss: 0.3725, lr: 2.97e-04
     Epoch[15] Iteration[280/620], entropy: 0.4044, loss: 0.4044, lr: 3.09e-05
     Epoch[15] Iteration[290/620], entropy: 0.2854, loss: 0.2854, lr: 6.78e-05
     Epoch[15] Iteration[300/620], entropy: 0.4259, loss: 0.4259, lr: 3.56e-04
     Epoch[15] Iteration[310/620], entropy: 0.2708, loss: 0.2708, lr: 4.98e-04
     Epoch[15] Iteration[320/620], entropy: 0.3018, loss: 0.3018, lr: 2.97e-04
     Epoch[15] Iteration[330/620], entropy: 0.2331, loss: 0.2331, lr: 3.09e-05
     Epoch[15] Iteration[340/620], entropy: 0.3719, loss: 0.3719, lr: 6.78e-05
     Epoch[15] Iteration[350/620], entropy: 0.2558, loss: 0.2558, lr: 3.56e-04
     Epoch[15] Iteration[360/620], entropy: 0.3256, loss: 0.3256, lr: 4.98e-04
     Epoch[15] Iteration[370/620], entropy: 0.2027, loss: 0.2027, lr: 2.97e-04
     Epoch[15] Iteration[380/620], entropy: 0.3137, loss: 0.3137, lr: 3.09e-05
     Epoch[15] Iteration[390/620], entropy: 0.3262, loss: 0.3262, lr: 6.78e-05
     Epoch[15] Iteration[400/620], entropy: 0.2806, loss: 0.2806, lr: 3.56e-04
     Epoch[15] Iteration[410/620], entropy: 0.2573, loss: 0.2573, lr: 4.98e-04
     Epoch[15] Iteration[420/620], entropy: 0.2952, loss: 0.2952, lr: 2.97e-04
     Epoch[15] Iteration[430/620], entropy: 0.3928, loss: 0.3928, lr: 3.09e-05
     Epoch[15] Iteration[440/620], entropy: 0.3470, loss: 0.3470, lr: 6.78e-05
     Epoch[15] Iteration[450/620], entropy: 0.3501, loss: 0.3501, lr: 3.56e-04
     Epoch[15] Iteration[460/620], entropy: 0.2914, loss: 0.2914, lr: 4.98e-04
     Epoch[15] Iteration[470/620], entropy: 0.2721, loss: 0.2721, lr: 2.97e-04
     Epoch[15] Iteration[480/620], entropy: 0.3677, loss: 0.3677, lr: 3.09e-05
     Epoch[15] Iteration[490/620], entropy: 0.3038, loss: 0.3038, lr: 6.78e-05
     Epoch[15] Iteration[500/620], entropy: 0.3862, loss: 0.3862, lr: 3.56e-04
     Epoch[15] Iteration[510/620], entropy: 0.3375, loss: 0.3375, lr: 4.98e-04
     Epoch[15] Iteration[520/620], entropy: 0.3790, loss: 0.3790, lr: 2.97e-04
     Epoch[15] Iteration[530/620], entropy: 0.3158, loss: 0.3158, lr: 3.09e-05
     Epoch[15] Iteration[540/620], entropy: 0.3321, loss: 0.3321, lr: 6.78e-05
     Epoch[15] Iteration[550/620], entropy: 0.3060, loss: 0.3060, lr: 3.56e-04
     Epoch[15] Iteration[560/620], entropy: 0.3931, loss: 0.3931, lr: 4.98e-04
     Epoch[15] Iteration[570/620], entropy: 0.2124, loss: 0.2124, lr: 2.97e-04
     Epoch[15] Iteration[580/620], entropy: 0.2665, loss: 0.2665, lr: 3.09e-05
     Epoch[15] Iteration[590/620], entropy: 0.3664, loss: 0.3664, lr: 6.78e-05
     Epoch[15] Iteration[600/620], entropy: 0.3767, loss: 0.3767, lr: 3.56e-04
     Epoch[15] Iteration[610/620], entropy: 0.4754, loss: 0.4754, lr: 4.98e-04
     Epoch[15] Iteration[620/620], entropy: 0.3233, loss: 0.3233, lr: 2.97e-04
     Averaged stats: entropy: 0.3233, loss: 0.3233, lr: 2.97e-04
     itm tta time 0:02:50
### TTA Eval Score: 
+-------+--------+--------+--------+--------+-------+
| epoch |   R1   |   R5   |  R10   |  mAP   |  mINP |
+-------+--------+--------+--------+--------+-------+
|  -999 | 37.309 | 55.572 | 63.548 | 20.139 | 2.213 |
|   0   | 38.336 | 56.187 | 64.495 | 20.158 | 2.051 |
|   1   | 38.886 | 56.691 | 64.908 | 20.497 | 2.121 |
|   2   | 38.926 | 56.721 | 64.994 | 20.556 | 2.138 |
|   3   | 38.941 | 56.605 | 64.873 | 20.494 | 2.127 |
|   4   | 39.072 | 56.948 | 65.236 | 20.634 | 2.167 |
|   5   | 39.153 | 56.721 | 65.095 | 20.816 | 2.245 |
|   6   | 39.233 | 56.973 | 65.412 | 20.749 | 2.173 |
|   7   | 39.334 | 57.013 | 65.488 | 20.865 | 2.209 |
|   8   | 39.410 | 57.164 | 65.463 | 20.824 | 2.177 |
|   9   | 39.233 | 56.973 | 65.528 | 20.850 | 2.210 |
|   10  | 39.082 | 56.646 | 65.211 | 20.675 | 2.177 |
|   11  | 39.082 | 56.807 | 65.347 | 20.713 | 2.182 |
|   12  | 39.233 | 56.978 | 65.392 | 20.749 | 2.179 |
|   13  | 39.279 | 57.059 | 65.538 | 20.889 | 2.213 |
|   14  | 39.173 | 56.953 | 65.316 | 20.753 | 2.196 |
|   15  | 39.279 | 57.013 | 65.508 | 20.844 | 2.192 |
+-------+--------+--------+--------+--------+-------+
     logs:  {'epo': 15, 'R1': np.float32(39.279), 'R5': np.float32(57.013), 'R10': np.float32(65.508), 'mAP': np.float32(20.844), 'mINP': np.float32(2.192), 'entropy': 0.3262065050582732, 'loss': 0.3262065050582732, 'lr': 0.0002547560323221777}
     Epoch[16] Iteration[10/620], entropy: 0.2728, loss: 0.2728, lr: 3.09e-05
     Epoch[16] Iteration[20/620], entropy: 0.2517, loss: 0.2517, lr: 6.78e-05
     Epoch[16] Iteration[30/620], entropy: 0.3124, loss: 0.3124, lr: 3.56e-04
     Epoch[16] Iteration[40/620], entropy: 0.3098, loss: 0.3098, lr: 4.98e-04
     Epoch[16] Iteration[50/620], entropy: 0.2684, loss: 0.2684, lr: 2.97e-04
     Epoch[16] Iteration[60/620], entropy: 0.3162, loss: 0.3162, lr: 3.09e-05
     Epoch[16] Iteration[70/620], entropy: 0.3499, loss: 0.3499, lr: 6.78e-05
     Epoch[16] Iteration[80/620], entropy: 0.3555, loss: 0.3555, lr: 3.56e-04
     Epoch[16] Iteration[90/620], entropy: 0.2869, loss: 0.2869, lr: 5.00e-04
     Epoch[16] Iteration[100/620], entropy: 0.2666, loss: 0.2666, lr: 3.27e-04
     Epoch[16] Iteration[110/620], entropy: 0.2696, loss: 0.2696, lr: 4.77e-05
     Epoch[16] Iteration[120/620], entropy: 0.2724, loss: 0.2724, lr: 4.77e-05
     Epoch[16] Iteration[130/620], entropy: 0.3440, loss: 0.3440, lr: 3.27e-04
     Epoch[16] Iteration[140/620], entropy: 0.2585, loss: 0.2585, lr: 5.00e-04
     Epoch[16] Iteration[150/620], entropy: 0.3649, loss: 0.3649, lr: 3.27e-04
     Epoch[16] Iteration[160/620], entropy: 0.3446, loss: 0.3446, lr: 4.77e-05
     Epoch[16] Iteration[170/620], entropy: 0.2638, loss: 0.2638, lr: 4.77e-05
     Epoch[16] Iteration[180/620], entropy: 0.3095, loss: 0.3095, lr: 3.27e-04
     Epoch[16] Iteration[190/620], entropy: 0.2577, loss: 0.2577, lr: 5.00e-04
     Epoch[16] Iteration[200/620], entropy: 0.2476, loss: 0.2476, lr: 3.27e-04
     Epoch[16] Iteration[210/620], entropy: 0.3415, loss: 0.3415, lr: 4.77e-05
     Epoch[16] Iteration[220/620], entropy: 0.3442, loss: 0.3442, lr: 4.77e-05
     Epoch[16] Iteration[230/620], entropy: 0.3993, loss: 0.3993, lr: 3.27e-04
     Epoch[16] Iteration[240/620], entropy: 0.2874, loss: 0.2874, lr: 5.00e-04
     Epoch[16] Iteration[250/620], entropy: 0.2552, loss: 0.2552, lr: 3.27e-04
     Epoch[16] Iteration[260/620], entropy: 0.2863, loss: 0.2863, lr: 4.77e-05
     Epoch[16] Iteration[270/620], entropy: 0.3339, loss: 0.3339, lr: 4.77e-05
     Epoch[16] Iteration[280/620], entropy: 0.3232, loss: 0.3232, lr: 3.27e-04
     Epoch[16] Iteration[290/620], entropy: 0.2847, loss: 0.2847, lr: 5.00e-04
     Epoch[16] Iteration[300/620], entropy: 0.2958, loss: 0.2958, lr: 3.27e-04
     Epoch[16] Iteration[310/620], entropy: 0.3131, loss: 0.3131, lr: 4.77e-05
     Epoch[16] Iteration[320/620], entropy: 0.3447, loss: 0.3447, lr: 4.77e-05
     Epoch[16] Iteration[330/620], entropy: 0.3588, loss: 0.3588, lr: 3.27e-04
     Epoch[16] Iteration[340/620], entropy: 0.2677, loss: 0.2677, lr: 5.00e-04
     Epoch[16] Iteration[350/620], entropy: 0.3972, loss: 0.3972, lr: 3.27e-04
     Epoch[16] Iteration[360/620], entropy: 0.2634, loss: 0.2634, lr: 4.77e-05
     Epoch[16] Iteration[370/620], entropy: 0.2518, loss: 0.2518, lr: 4.77e-05
     Epoch[16] Iteration[380/620], entropy: 0.3505, loss: 0.3505, lr: 3.27e-04
     Epoch[16] Iteration[390/620], entropy: 0.2904, loss: 0.2904, lr: 5.00e-04
     Epoch[16] Iteration[400/620], entropy: 0.4090, loss: 0.4090, lr: 3.27e-04
     Epoch[16] Iteration[410/620], entropy: 0.3540, loss: 0.3540, lr: 4.77e-05
     Epoch[16] Iteration[420/620], entropy: 0.3992, loss: 0.3992, lr: 4.77e-05
     Epoch[16] Iteration[430/620], entropy: 0.3132, loss: 0.3132, lr: 3.27e-04
     Epoch[16] Iteration[440/620], entropy: 0.3819, loss: 0.3819, lr: 5.00e-04
     Epoch[16] Iteration[450/620], entropy: 0.2933, loss: 0.2933, lr: 3.27e-04
     Epoch[16] Iteration[460/620], entropy: 0.2661, loss: 0.2661, lr: 4.77e-05
     Epoch[16] Iteration[470/620], entropy: 0.3695, loss: 0.3695, lr: 4.77e-05
     Epoch[16] Iteration[480/620], entropy: 0.2993, loss: 0.2993, lr: 3.27e-04
     Epoch[16] Iteration[490/620], entropy: 0.3397, loss: 0.3397, lr: 5.00e-04
     Epoch[16] Iteration[500/620], entropy: 0.4001, loss: 0.4001, lr: 3.27e-04
     Epoch[16] Iteration[510/620], entropy: 0.3875, loss: 0.3875, lr: 4.77e-05
     Epoch[16] Iteration[520/620], entropy: 0.2451, loss: 0.2451, lr: 4.77e-05
     Epoch[16] Iteration[530/620], entropy: 0.4559, loss: 0.4559, lr: 3.27e-04
     Epoch[16] Iteration[540/620], entropy: 0.2479, loss: 0.2479, lr: 5.00e-04
     Epoch[16] Iteration[550/620], entropy: 0.3485, loss: 0.3485, lr: 3.27e-04
     Epoch[16] Iteration[560/620], entropy: 0.3271, loss: 0.3271, lr: 4.77e-05
     Epoch[16] Iteration[570/620], entropy: 0.3816, loss: 0.3816, lr: 4.77e-05
     Epoch[16] Iteration[580/620], entropy: 0.2153, loss: 0.2153, lr: 3.27e-04
     Epoch[16] Iteration[590/620], entropy: 0.4293, loss: 0.4293, lr: 5.00e-04
     Epoch[16] Iteration[600/620], entropy: 0.3586, loss: 0.3586, lr: 3.27e-04
     Epoch[16] Iteration[610/620], entropy: 0.3681, loss: 0.3681, lr: 4.77e-05
     Epoch[16] Iteration[620/620], entropy: 0.2894, loss: 0.2894, lr: 4.77e-05
     Averaged stats: entropy: 0.2894, loss: 0.2894, lr: 4.77e-05
     itm tta time 0:02:43
### TTA Eval Score: 
+-------+--------+--------+--------+--------+-------+
| epoch |   R1   |   R5   |  R10   |  mAP   |  mINP |
+-------+--------+--------+--------+--------+-------+
|  -999 | 37.309 | 55.572 | 63.548 | 20.139 | 2.213 |
|   0   | 38.336 | 56.187 | 64.495 | 20.158 | 2.051 |
|   1   | 38.886 | 56.691 | 64.908 | 20.497 | 2.121 |
|   2   | 38.926 | 56.721 | 64.994 | 20.556 | 2.138 |
|   3   | 38.941 | 56.605 | 64.873 | 20.494 | 2.127 |
|   4   | 39.072 | 56.948 | 65.236 | 20.634 | 2.167 |
|   5   | 39.153 | 56.721 | 65.095 | 20.816 | 2.245 |
|   6   | 39.233 | 56.973 | 65.412 | 20.749 | 2.173 |
|   7   | 39.334 | 57.013 | 65.488 | 20.865 | 2.209 |
|   8   | 39.410 | 57.164 | 65.463 | 20.824 | 2.177 |
|   9   | 39.233 | 56.973 | 65.528 | 20.850 | 2.210 |
|   10  | 39.082 | 56.646 | 65.211 | 20.675 | 2.177 |
|   11  | 39.082 | 56.807 | 65.347 | 20.713 | 2.182 |
|   12  | 39.233 | 56.978 | 65.392 | 20.749 | 2.179 |
|   13  | 39.279 | 57.059 | 65.538 | 20.889 | 2.213 |
|   14  | 39.173 | 56.953 | 65.316 | 20.753 | 2.196 |
|   15  | 39.279 | 57.013 | 65.508 | 20.844 | 2.192 |
|   16  | 39.374 | 57.094 | 65.513 | 20.836 | 2.182 |
+-------+--------+--------+--------+--------+-------+
     logs:  {'epo': 16, 'R1': np.float32(39.374), 'R5': np.float32(57.094), 'R10': np.float32(65.513), 'mAP': np.float32(20.836), 'mINP': np.float32(2.182), 'entropy': 0.3192179743801394, 'loss': 0.3192179743801394, 'lr': 0.000243997931410186}
     Epoch[17] Iteration[10/620], entropy: 0.3578, loss: 0.3578, lr: 3.27e-04
     Epoch[17] Iteration[20/620], entropy: 0.3056, loss: 0.3056, lr: 5.00e-04
     Epoch[17] Iteration[30/620], entropy: 0.2895, loss: 0.2895, lr: 3.27e-04
     Epoch[17] Iteration[40/620], entropy: 0.3823, loss: 0.3823, lr: 4.77e-05
     Epoch[17] Iteration[50/620], entropy: 0.2094, loss: 0.2094, lr: 4.77e-05
     Epoch[17] Iteration[60/620], entropy: 0.3065, loss: 0.3065, lr: 3.27e-04
     Epoch[17] Iteration[70/620], entropy: 0.3099, loss: 0.3099, lr: 5.00e-04
     Epoch[17] Iteration[80/620], entropy: 0.3094, loss: 0.3094, lr: 3.27e-04
     Epoch[17] Iteration[90/620], entropy: 0.3467, loss: 0.3467, lr: 4.77e-05
     Epoch[17] Iteration[100/620], entropy: 0.2017, loss: 0.2017, lr: 4.77e-05
     Epoch[17] Iteration[110/620], entropy: 0.3314, loss: 0.3314, lr: 3.27e-04
     Epoch[17] Iteration[120/620], entropy: 0.2884, loss: 0.2884, lr: 5.00e-04
     Epoch[17] Iteration[130/620], entropy: 0.3180, loss: 0.3180, lr: 3.27e-04
     Epoch[17] Iteration[140/620], entropy: 0.4207, loss: 0.4207, lr: 4.77e-05
     Epoch[17] Iteration[150/620], entropy: 0.3279, loss: 0.3279, lr: 4.77e-05
     Epoch[17] Iteration[160/620], entropy: 0.3377, loss: 0.3377, lr: 3.27e-04
     Epoch[17] Iteration[170/620], entropy: 0.3438, loss: 0.3438, lr: 5.00e-04
     Epoch[17] Iteration[180/620], entropy: 0.3344, loss: 0.3344, lr: 3.27e-04
     Epoch[17] Iteration[190/620], entropy: 0.3412, loss: 0.3412, lr: 4.77e-05
     Epoch[17] Iteration[200/620], entropy: 0.3898, loss: 0.3898, lr: 4.77e-05
     Epoch[17] Iteration[210/620], entropy: 0.3708, loss: 0.3708, lr: 3.27e-04
     Epoch[17] Iteration[220/620], entropy: 0.2614, loss: 0.2614, lr: 5.00e-04
     Epoch[17] Iteration[230/620], entropy: 0.3451, loss: 0.3451, lr: 3.27e-04
     Epoch[17] Iteration[240/620], entropy: 0.3444, loss: 0.3444, lr: 4.77e-05
     Epoch[17] Iteration[250/620], entropy: 0.3488, loss: 0.3488, lr: 4.77e-05
     Epoch[17] Iteration[260/620], entropy: 0.2914, loss: 0.2914, lr: 3.27e-04
     Epoch[17] Iteration[270/620], entropy: 0.3471, loss: 0.3471, lr: 5.00e-04
     Epoch[17] Iteration[280/620], entropy: 0.2441, loss: 0.2441, lr: 3.27e-04
     Epoch[17] Iteration[290/620], entropy: 0.2393, loss: 0.2393, lr: 4.77e-05
     Epoch[17] Iteration[300/620], entropy: 0.3373, loss: 0.3373, lr: 4.77e-05
     Epoch[17] Iteration[310/620], entropy: 0.3048, loss: 0.3048, lr: 3.27e-04
     Epoch[17] Iteration[320/620], entropy: 0.3051, loss: 0.3051, lr: 5.00e-04
     Epoch[17] Iteration[330/620], entropy: 0.2135, loss: 0.2135, lr: 3.27e-04
     Epoch[17] Iteration[340/620], entropy: 0.2232, loss: 0.2232, lr: 4.77e-05
     Epoch[17] Iteration[350/620], entropy: 0.3743, loss: 0.3743, lr: 4.77e-05
     Epoch[17] Iteration[360/620], entropy: 0.2535, loss: 0.2535, lr: 3.27e-04
     Epoch[17] Iteration[370/620], entropy: 0.3510, loss: 0.3510, lr: 5.00e-04
     Epoch[17] Iteration[380/620], entropy: 0.2630, loss: 0.2630, lr: 3.27e-04
     Epoch[17] Iteration[390/620], entropy: 0.2519, loss: 0.2519, lr: 4.77e-05
     Epoch[17] Iteration[400/620], entropy: 0.3213, loss: 0.3213, lr: 4.77e-05
     Epoch[17] Iteration[410/620], entropy: 0.3566, loss: 0.3566, lr: 3.27e-04
     Epoch[17] Iteration[420/620], entropy: 0.3936, loss: 0.3936, lr: 5.00e-04
     Epoch[17] Iteration[430/620], entropy: 0.2439, loss: 0.2439, lr: 3.27e-04
     Epoch[17] Iteration[440/620], entropy: 0.2941, loss: 0.2941, lr: 4.77e-05
     Epoch[17] Iteration[450/620], entropy: 0.2242, loss: 0.2242, lr: 4.77e-05
     Epoch[17] Iteration[460/620], entropy: 0.2822, loss: 0.2822, lr: 3.27e-04
     Epoch[17] Iteration[470/620], entropy: 0.3716, loss: 0.3716, lr: 5.00e-04
     Epoch[17] Iteration[480/620], entropy: 0.3882, loss: 0.3882, lr: 3.27e-04
     Epoch[17] Iteration[490/620], entropy: 0.3841, loss: 0.3841, lr: 4.77e-05
     Epoch[17] Iteration[500/620], entropy: 0.3049, loss: 0.3049, lr: 4.77e-05
     Epoch[17] Iteration[510/620], entropy: 0.3012, loss: 0.3012, lr: 3.27e-04
     Epoch[17] Iteration[520/620], entropy: 0.3834, loss: 0.3834, lr: 5.00e-04
     Epoch[17] Iteration[530/620], entropy: 0.4171, loss: 0.4171, lr: 3.27e-04
     Epoch[17] Iteration[540/620], entropy: 0.3196, loss: 0.3196, lr: 4.77e-05
     Epoch[17] Iteration[550/620], entropy: 0.2784, loss: 0.2784, lr: 4.77e-05
     Epoch[17] Iteration[560/620], entropy: 0.3608, loss: 0.3608, lr: 3.27e-04
     Epoch[17] Iteration[570/620], entropy: 0.3814, loss: 0.3814, lr: 5.00e-04
     Epoch[17] Iteration[580/620], entropy: 0.4990, loss: 0.4990, lr: 3.27e-04
     Epoch[17] Iteration[590/620], entropy: 0.2499, loss: 0.2499, lr: 4.77e-05
     Epoch[17] Iteration[600/620], entropy: 0.3313, loss: 0.3313, lr: 4.77e-05
     Epoch[17] Iteration[610/620], entropy: 0.2538, loss: 0.2538, lr: 3.27e-04
     Epoch[17] Iteration[620/620], entropy: 0.3415, loss: 0.3415, lr: 5.00e-04
     Averaged stats: entropy: 0.3415, loss: 0.3415, lr: 5.00e-04
     itm tta time 0:02:45
### TTA Eval Score: 
+-------+--------+--------+--------+--------+-------+
| epoch |   R1   |   R5   |  R10   |  mAP   |  mINP |
+-------+--------+--------+--------+--------+-------+
|  -999 | 37.309 | 55.572 | 63.548 | 20.139 | 2.213 |
|   0   | 38.336 | 56.187 | 64.495 | 20.158 | 2.051 |
|   1   | 38.886 | 56.691 | 64.908 | 20.497 | 2.121 |
|   2   | 38.926 | 56.721 | 64.994 | 20.556 | 2.138 |
|   3   | 38.941 | 56.605 | 64.873 | 20.494 | 2.127 |
|   4   | 39.072 | 56.948 | 65.236 | 20.634 | 2.167 |
|   5   | 39.153 | 56.721 | 65.095 | 20.816 | 2.245 |
|   6   | 39.233 | 56.973 | 65.412 | 20.749 | 2.173 |
|   7   | 39.334 | 57.013 | 65.488 | 20.865 | 2.209 |
|   8   | 39.410 | 57.164 | 65.463 | 20.824 | 2.177 |
|   9   | 39.233 | 56.973 | 65.528 | 20.850 | 2.210 |
|   10  | 39.082 | 56.646 | 65.211 | 20.675 | 2.177 |
|   11  | 39.082 | 56.807 | 65.347 | 20.713 | 2.182 |
|   12  | 39.233 | 56.978 | 65.392 | 20.749 | 2.179 |
|   13  | 39.279 | 57.059 | 65.538 | 20.889 | 2.213 |
|   14  | 39.173 | 56.953 | 65.316 | 20.753 | 2.196 |
|   15  | 39.279 | 57.013 | 65.508 | 20.844 | 2.192 |
|   16  | 39.374 | 57.094 | 65.513 | 20.836 | 2.182 |
|   17  | 39.208 | 57.023 | 65.316 | 20.796 | 2.180 |
+-------+--------+--------+--------+--------+-------+
     logs:  {'epo': 17, 'R1': np.float32(39.208), 'R5': np.float32(57.023), 'R10': np.float32(65.316), 'mAP': np.float32(20.796), 'mINP': np.float32(2.18), 'entropy': 0.31942557783857467, 'loss': 0.31942557783857467, 'lr': 0.0002552782943321615}
     Epoch[18] Iteration[10/620], entropy: 0.2773, loss: 0.2773, lr: 3.27e-04
     Epoch[18] Iteration[20/620], entropy: 0.3026, loss: 0.3026, lr: 4.77e-05
     Epoch[18] Iteration[30/620], entropy: 0.3070, loss: 0.3070, lr: 4.77e-05
     Epoch[18] Iteration[40/620], entropy: 0.3409, loss: 0.3409, lr: 3.27e-04
     Epoch[18] Iteration[50/620], entropy: 0.3609, loss: 0.3609, lr: 5.00e-04
     Epoch[18] Iteration[60/620], entropy: 0.2730, loss: 0.2730, lr: 3.27e-04
     Epoch[18] Iteration[70/620], entropy: 0.3132, loss: 0.3132, lr: 4.77e-05
     Epoch[18] Iteration[80/620], entropy: 0.2892, loss: 0.2892, lr: 4.77e-05
     Epoch[18] Iteration[90/620], entropy: 0.3380, loss: 0.3380, lr: 3.27e-04
     Epoch[18] Iteration[100/620], entropy: 0.3303, loss: 0.3303, lr: 5.00e-04
     Epoch[18] Iteration[110/620], entropy: 0.3075, loss: 0.3075, lr: 3.27e-04
     Epoch[18] Iteration[120/620], entropy: 0.3005, loss: 0.3005, lr: 4.77e-05
     Epoch[18] Iteration[130/620], entropy: 0.3048, loss: 0.3048, lr: 4.77e-05
     Epoch[18] Iteration[140/620], entropy: 0.3305, loss: 0.3305, lr: 3.27e-04
     Epoch[18] Iteration[150/620], entropy: 0.2473, loss: 0.2473, lr: 5.00e-04
     Epoch[18] Iteration[160/620], entropy: 0.2846, loss: 0.2846, lr: 3.27e-04
     Epoch[18] Iteration[170/620], entropy: 0.2971, loss: 0.2971, lr: 4.77e-05
     Epoch[18] Iteration[180/620], entropy: 0.2980, loss: 0.2980, lr: 4.77e-05
     Epoch[18] Iteration[190/620], entropy: 0.2603, loss: 0.2603, lr: 3.27e-04
     Epoch[18] Iteration[200/620], entropy: 0.2495, loss: 0.2495, lr: 5.00e-04
     Epoch[18] Iteration[210/620], entropy: 0.1634, loss: 0.1634, lr: 3.27e-04
     Epoch[18] Iteration[220/620], entropy: 0.2770, loss: 0.2770, lr: 4.77e-05
     Epoch[18] Iteration[230/620], entropy: 0.3248, loss: 0.3248, lr: 4.77e-05
     Epoch[18] Iteration[240/620], entropy: 0.3357, loss: 0.3357, lr: 3.27e-04
     Epoch[18] Iteration[250/620], entropy: 0.3052, loss: 0.3052, lr: 5.00e-04
     Epoch[18] Iteration[260/620], entropy: 0.2390, loss: 0.2390, lr: 3.27e-04
     Epoch[18] Iteration[270/620], entropy: 0.2664, loss: 0.2664, lr: 4.77e-05
     Epoch[18] Iteration[280/620], entropy: 0.2567, loss: 0.2567, lr: 4.77e-05
     Epoch[18] Iteration[290/620], entropy: 0.2712, loss: 0.2712, lr: 3.27e-04
     Epoch[18] Iteration[300/620], entropy: 0.3172, loss: 0.3172, lr: 5.00e-04
     Epoch[18] Iteration[310/620], entropy: 0.3153, loss: 0.3153, lr: 3.27e-04
     Epoch[18] Iteration[320/620], entropy: 0.3457, loss: 0.3457, lr: 4.77e-05
     Epoch[18] Iteration[330/620], entropy: 0.3217, loss: 0.3217, lr: 4.77e-05
     Epoch[18] Iteration[340/620], entropy: 0.2486, loss: 0.2486, lr: 3.27e-04
     Epoch[18] Iteration[350/620], entropy: 0.4299, loss: 0.4299, lr: 5.00e-04
     Epoch[18] Iteration[360/620], entropy: 0.3687, loss: 0.3687, lr: 3.27e-04
     Epoch[18] Iteration[370/620], entropy: 0.2897, loss: 0.2897, lr: 4.77e-05
     Epoch[18] Iteration[380/620], entropy: 0.3309, loss: 0.3309, lr: 4.77e-05
     Epoch[18] Iteration[390/620], entropy: 0.3076, loss: 0.3076, lr: 3.27e-04
     Epoch[18] Iteration[400/620], entropy: 0.3285, loss: 0.3285, lr: 5.00e-04
     Epoch[18] Iteration[410/620], entropy: 0.3199, loss: 0.3199, lr: 3.27e-04
     Epoch[18] Iteration[420/620], entropy: 0.3657, loss: 0.3657, lr: 4.77e-05
     Epoch[18] Iteration[430/620], entropy: 0.3307, loss: 0.3307, lr: 4.77e-05
     Epoch[18] Iteration[440/620], entropy: 0.3335, loss: 0.3335, lr: 3.27e-04
     Epoch[18] Iteration[450/620], entropy: 0.3546, loss: 0.3546, lr: 5.00e-04
     Epoch[18] Iteration[460/620], entropy: 0.3102, loss: 0.3102, lr: 3.27e-04
     Epoch[18] Iteration[470/620], entropy: 0.2695, loss: 0.2695, lr: 4.77e-05
     Epoch[18] Iteration[480/620], entropy: 0.3187, loss: 0.3187, lr: 4.77e-05
     Epoch[18] Iteration[490/620], entropy: 0.2493, loss: 0.2493, lr: 3.27e-04
     Epoch[18] Iteration[500/620], entropy: 0.3285, loss: 0.3285, lr: 5.00e-04
     Epoch[18] Iteration[510/620], entropy: 0.2356, loss: 0.2356, lr: 3.27e-04
     Epoch[18] Iteration[520/620], entropy: 0.3012, loss: 0.3012, lr: 4.77e-05
     Epoch[18] Iteration[530/620], entropy: 0.2684, loss: 0.2684, lr: 4.77e-05
     Epoch[18] Iteration[540/620], entropy: 0.2489, loss: 0.2489, lr: 3.27e-04
     Epoch[18] Iteration[550/620], entropy: 0.2939, loss: 0.2939, lr: 5.00e-04
     Epoch[18] Iteration[560/620], entropy: 0.4178, loss: 0.4178, lr: 3.27e-04
     Epoch[18] Iteration[570/620], entropy: 0.3244, loss: 0.3244, lr: 4.77e-05
     Epoch[18] Iteration[580/620], entropy: 0.3047, loss: 0.3047, lr: 4.77e-05
     Epoch[18] Iteration[590/620], entropy: 0.3024, loss: 0.3024, lr: 3.27e-04
     Epoch[18] Iteration[600/620], entropy: 0.3536, loss: 0.3536, lr: 5.00e-04
     Epoch[18] Iteration[610/620], entropy: 0.3614, loss: 0.3614, lr: 3.27e-04
     Epoch[18] Iteration[620/620], entropy: 0.2638, loss: 0.2638, lr: 4.77e-05
     Averaged stats: entropy: 0.2638, loss: 0.2638, lr: 4.77e-05
     itm tta time 0:02:46
### TTA Eval Score: 
+-------+--------+--------+--------+--------+-------+
| epoch |   R1   |   R5   |  R10   |  mAP   |  mINP |
+-------+--------+--------+--------+--------+-------+
|  -999 | 37.309 | 55.572 | 63.548 | 20.139 | 2.213 |
|   0   | 38.336 | 56.187 | 64.495 | 20.158 | 2.051 |
|   1   | 38.886 | 56.691 | 64.908 | 20.497 | 2.121 |
|   2   | 38.926 | 56.721 | 64.994 | 20.556 | 2.138 |
|   3   | 38.941 | 56.605 | 64.873 | 20.494 | 2.127 |
|   4   | 39.072 | 56.948 | 65.236 | 20.634 | 2.167 |
|   5   | 39.153 | 56.721 | 65.095 | 20.816 | 2.245 |
|   6   | 39.233 | 56.973 | 65.412 | 20.749 | 2.173 |
|   7   | 39.334 | 57.013 | 65.488 | 20.865 | 2.209 |
|   8   | 39.410 | 57.164 | 65.463 | 20.824 | 2.177 |
|   9   | 39.233 | 56.973 | 65.528 | 20.850 | 2.210 |
|   10  | 39.082 | 56.646 | 65.211 | 20.675 | 2.177 |
|   11  | 39.082 | 56.807 | 65.347 | 20.713 | 2.182 |
|   12  | 39.233 | 56.978 | 65.392 | 20.749 | 2.179 |
|   13  | 39.279 | 57.059 | 65.538 | 20.889 | 2.213 |
|   14  | 39.173 | 56.953 | 65.316 | 20.753 | 2.196 |
|   15  | 39.279 | 57.013 | 65.508 | 20.844 | 2.192 |
|   16  | 39.374 | 57.094 | 65.513 | 20.836 | 2.182 |
|   17  | 39.208 | 57.023 | 65.316 | 20.796 | 2.180 |
|   18  | 39.097 | 56.837 | 65.206 | 20.718 | 2.182 |
+-------+--------+--------+--------+--------+-------+
     logs:  {'epo': 18, 'R1': np.float32(39.097), 'R5': np.float32(56.837), 'R10': np.float32(65.206), 'mAP': np.float32(20.718), 'mINP': np.float32(2.182), 'entropy': 0.30503901887324547, 'loss': 0.30503901887324547, 'lr': 0.0002479838709677454}
     Epoch[19] Iteration[10/620], entropy: 0.2997, loss: 0.2997, lr: 4.77e-05
     Epoch[19] Iteration[20/620], entropy: 0.3177, loss: 0.3177, lr: 3.27e-04
     Epoch[19] Iteration[30/620], entropy: 0.4036, loss: 0.4036, lr: 5.00e-04
     Epoch[19] Iteration[40/620], entropy: 0.1947, loss: 0.1947, lr: 3.27e-04
     Epoch[19] Iteration[50/620], entropy: 0.3297, loss: 0.3297, lr: 4.77e-05
     Epoch[19] Iteration[60/620], entropy: 0.3209, loss: 0.3209, lr: 4.77e-05
     Epoch[19] Iteration[70/620], entropy: 0.2976, loss: 0.2976, lr: 3.27e-04
     Epoch[19] Iteration[80/620], entropy: 0.4615, loss: 0.4615, lr: 5.00e-04
     Epoch[19] Iteration[90/620], entropy: 0.3890, loss: 0.3890, lr: 3.27e-04
     Epoch[19] Iteration[100/620], entropy: 0.4223, loss: 0.4223, lr: 4.77e-05
     Epoch[19] Iteration[110/620], entropy: 0.4433, loss: 0.4433, lr: 4.77e-05
     Epoch[19] Iteration[120/620], entropy: 0.2699, loss: 0.2699, lr: 3.27e-04
     Epoch[19] Iteration[130/620], entropy: 0.2508, loss: 0.2508, lr: 5.00e-04
     Epoch[19] Iteration[140/620], entropy: 0.3208, loss: 0.3208, lr: 3.27e-04
     Epoch[19] Iteration[150/620], entropy: 0.3191, loss: 0.3191, lr: 4.77e-05
     Epoch[19] Iteration[160/620], entropy: 0.3872, loss: 0.3872, lr: 4.77e-05
     Epoch[19] Iteration[170/620], entropy: 0.2846, loss: 0.2846, lr: 3.27e-04
     Epoch[19] Iteration[180/620], entropy: 0.2825, loss: 0.2825, lr: 5.00e-04
     Epoch[19] Iteration[190/620], entropy: 0.3158, loss: 0.3158, lr: 3.27e-04
     Epoch[19] Iteration[200/620], entropy: 0.2835, loss: 0.2835, lr: 4.77e-05
     Epoch[19] Iteration[210/620], entropy: 0.3200, loss: 0.3200, lr: 4.77e-05
     Epoch[19] Iteration[220/620], entropy: 0.2524, loss: 0.2524, lr: 3.27e-04
     Epoch[19] Iteration[230/620], entropy: 0.3312, loss: 0.3312, lr: 4.98e-04
     Epoch[19] Iteration[240/620], entropy: 0.3223, loss: 0.3223, lr: 3.56e-04
     Epoch[19] Iteration[250/620], entropy: 0.3439, loss: 0.3439, lr: 6.78e-05
     Epoch[19] Iteration[260/620], entropy: 0.3139, loss: 0.3139, lr: 3.09e-05
     Epoch[19] Iteration[270/620], entropy: 0.3162, loss: 0.3162, lr: 2.97e-04
     Epoch[19] Iteration[280/620], entropy: 0.3179, loss: 0.3179, lr: 4.98e-04
     Epoch[19] Iteration[290/620], entropy: 0.2702, loss: 0.2702, lr: 3.56e-04
     Epoch[19] Iteration[300/620], entropy: 0.3210, loss: 0.3210, lr: 6.78e-05
     Epoch[19] Iteration[310/620], entropy: 0.3535, loss: 0.3535, lr: 3.09e-05
     Epoch[19] Iteration[320/620], entropy: 0.2604, loss: 0.2604, lr: 2.97e-04
     Epoch[19] Iteration[330/620], entropy: 0.3668, loss: 0.3668, lr: 4.98e-04
     Epoch[19] Iteration[340/620], entropy: 0.2553, loss: 0.2553, lr: 3.56e-04
     Epoch[19] Iteration[350/620], entropy: 0.2927, loss: 0.2927, lr: 6.78e-05
     Epoch[19] Iteration[360/620], entropy: 0.3840, loss: 0.3840, lr: 3.09e-05
     Epoch[19] Iteration[370/620], entropy: 0.3220, loss: 0.3220, lr: 2.97e-04
     Epoch[19] Iteration[380/620], entropy: 0.3876, loss: 0.3876, lr: 4.98e-04
     Epoch[19] Iteration[390/620], entropy: 0.2752, loss: 0.2752, lr: 3.56e-04
     Epoch[19] Iteration[400/620], entropy: 0.3536, loss: 0.3536, lr: 6.78e-05
     Epoch[19] Iteration[410/620], entropy: 0.3051, loss: 0.3051, lr: 3.09e-05
     Epoch[19] Iteration[420/620], entropy: 0.4034, loss: 0.4034, lr: 2.97e-04
     Epoch[19] Iteration[430/620], entropy: 0.2227, loss: 0.2227, lr: 4.98e-04
     Epoch[19] Iteration[440/620], entropy: 0.2380, loss: 0.2380, lr: 3.56e-04
     Epoch[19] Iteration[450/620], entropy: 0.2560, loss: 0.2560, lr: 6.78e-05
     Epoch[19] Iteration[460/620], entropy: 0.2415, loss: 0.2415, lr: 3.09e-05
     Epoch[19] Iteration[470/620], entropy: 0.3770, loss: 0.3770, lr: 2.97e-04
     Epoch[19] Iteration[480/620], entropy: 0.3399, loss: 0.3399, lr: 4.98e-04
     Epoch[19] Iteration[490/620], entropy: 0.3131, loss: 0.3131, lr: 3.56e-04
     Epoch[19] Iteration[500/620], entropy: 0.2958, loss: 0.2958, lr: 6.78e-05
     Epoch[19] Iteration[510/620], entropy: 0.4012, loss: 0.4012, lr: 3.09e-05
     Epoch[19] Iteration[520/620], entropy: 0.2439, loss: 0.2439, lr: 2.97e-04
     Epoch[19] Iteration[530/620], entropy: 0.3180, loss: 0.3180, lr: 4.98e-04
     Epoch[19] Iteration[540/620], entropy: 0.2595, loss: 0.2595, lr: 3.56e-04
     Epoch[19] Iteration[550/620], entropy: 0.2320, loss: 0.2320, lr: 6.78e-05
     Epoch[19] Iteration[560/620], entropy: 0.2280, loss: 0.2280, lr: 3.09e-05
     Epoch[19] Iteration[570/620], entropy: 0.4770, loss: 0.4770, lr: 2.97e-04
     Epoch[19] Iteration[580/620], entropy: 0.2835, loss: 0.2835, lr: 4.98e-04
     Epoch[19] Iteration[590/620], entropy: 0.3265, loss: 0.3265, lr: 3.56e-04
     Epoch[19] Iteration[600/620], entropy: 0.2718, loss: 0.2718, lr: 6.78e-05
     Epoch[19] Iteration[610/620], entropy: 0.3234, loss: 0.3234, lr: 3.09e-05
     Epoch[19] Iteration[620/620], entropy: 0.3530, loss: 0.3530, lr: 2.97e-04
     Averaged stats: entropy: 0.3530, loss: 0.3530, lr: 2.97e-04
     itm tta time 0:02:45
### TTA Eval Score: 
+-------+--------+--------+--------+--------+-------+
| epoch |   R1   |   R5   |  R10   |  mAP   |  mINP |
+-------+--------+--------+--------+--------+-------+
|  -999 | 37.309 | 55.572 | 63.548 | 20.139 | 2.213 |
|   0   | 38.336 | 56.187 | 64.495 | 20.158 | 2.051 |
|   1   | 38.886 | 56.691 | 64.908 | 20.497 | 2.121 |
|   2   | 38.926 | 56.721 | 64.994 | 20.556 | 2.138 |
|   3   | 38.941 | 56.605 | 64.873 | 20.494 | 2.127 |
|   4   | 39.072 | 56.948 | 65.236 | 20.634 | 2.167 |
|   5   | 39.153 | 56.721 | 65.095 | 20.816 | 2.245 |
|   6   | 39.233 | 56.973 | 65.412 | 20.749 | 2.173 |
|   7   | 39.334 | 57.013 | 65.488 | 20.865 | 2.209 |
|   8   | 39.410 | 57.164 | 65.463 | 20.824 | 2.177 |
|   9   | 39.233 | 56.973 | 65.528 | 20.850 | 2.210 |
|   10  | 39.082 | 56.646 | 65.211 | 20.675 | 2.177 |
|   11  | 39.082 | 56.807 | 65.347 | 20.713 | 2.182 |
|   12  | 39.233 | 56.978 | 65.392 | 20.749 | 2.179 |
|   13  | 39.279 | 57.059 | 65.538 | 20.889 | 2.213 |
|   14  | 39.173 | 56.953 | 65.316 | 20.753 | 2.196 |
|   15  | 39.279 | 57.013 | 65.508 | 20.844 | 2.192 |
|   16  | 39.374 | 57.094 | 65.513 | 20.836 | 2.182 |
|   17  | 39.208 | 57.023 | 65.316 | 20.796 | 2.180 |
|   18  | 39.097 | 56.837 | 65.206 | 20.718 | 2.182 |
|   19  | 39.279 | 57.018 | 65.427 | 20.896 | 2.229 |
+-------+--------+--------+--------+--------+-------+
     logs:  {'epo': 19, 'R1': np.float32(39.279), 'R5': np.float32(57.018), 'R10': np.float32(65.427), 'mAP': np.float32(20.896), 'mINP': np.float32(2.229), 'entropy': 0.3171689361333847, 'loss': 0.3171689361333847, 'lr': 0.00024798387096774445}
     Epoch[20] Iteration[10/620], entropy: 0.3886, loss: 0.3886, lr: 4.98e-04
     Epoch[20] Iteration[20/620], entropy: 0.2826, loss: 0.2826, lr: 3.56e-04
     Epoch[20] Iteration[30/620], entropy: 0.3152, loss: 0.3152, lr: 6.78e-05
     Epoch[20] Iteration[40/620], entropy: 0.3226, loss: 0.3226, lr: 3.09e-05
     Epoch[20] Iteration[50/620], entropy: 0.2107, loss: 0.2107, lr: 2.97e-04
     Epoch[20] Iteration[60/620], entropy: 0.2617, loss: 0.2617, lr: 4.98e-04
     Epoch[20] Iteration[70/620], entropy: 0.3027, loss: 0.3027, lr: 3.56e-04
     Epoch[20] Iteration[80/620], entropy: 0.2592, loss: 0.2592, lr: 6.78e-05
     Epoch[20] Iteration[90/620], entropy: 0.2837, loss: 0.2837, lr: 3.09e-05
     Epoch[20] Iteration[100/620], entropy: 0.3143, loss: 0.3143, lr: 2.97e-04
     Epoch[20] Iteration[110/620], entropy: 0.2466, loss: 0.2466, lr: 4.98e-04
     Epoch[20] Iteration[120/620], entropy: 0.2572, loss: 0.2572, lr: 3.56e-04
     Epoch[20] Iteration[130/620], entropy: 0.3069, loss: 0.3069, lr: 6.78e-05
     Epoch[20] Iteration[140/620], entropy: 0.3165, loss: 0.3165, lr: 3.09e-05
     Epoch[20] Iteration[150/620], entropy: 0.3596, loss: 0.3596, lr: 2.97e-04
     Epoch[20] Iteration[160/620], entropy: 0.3211, loss: 0.3211, lr: 4.98e-04
     Epoch[20] Iteration[170/620], entropy: 0.2535, loss: 0.2535, lr: 3.56e-04
     Epoch[20] Iteration[180/620], entropy: 0.2553, loss: 0.2553, lr: 6.78e-05
     Epoch[20] Iteration[190/620], entropy: 0.3336, loss: 0.3336, lr: 3.09e-05
     Epoch[20] Iteration[200/620], entropy: 0.3038, loss: 0.3038, lr: 2.97e-04
     Epoch[20] Iteration[210/620], entropy: 0.3099, loss: 0.3099, lr: 4.98e-04
     Epoch[20] Iteration[220/620], entropy: 0.3172, loss: 0.3172, lr: 3.56e-04
     Epoch[20] Iteration[230/620], entropy: 0.2965, loss: 0.2965, lr: 6.78e-05
     Epoch[20] Iteration[240/620], entropy: 0.3247, loss: 0.3247, lr: 3.09e-05
     Epoch[20] Iteration[250/620], entropy: 0.3310, loss: 0.3310, lr: 2.97e-04
     Epoch[20] Iteration[260/620], entropy: 0.2827, loss: 0.2827, lr: 4.98e-04
     Epoch[20] Iteration[270/620], entropy: 0.3096, loss: 0.3096, lr: 3.56e-04
     Epoch[20] Iteration[280/620], entropy: 0.2575, loss: 0.2575, lr: 6.78e-05
     Epoch[20] Iteration[290/620], entropy: 0.2474, loss: 0.2474, lr: 3.09e-05
     Epoch[20] Iteration[300/620], entropy: 0.3673, loss: 0.3673, lr: 2.97e-04
     Epoch[20] Iteration[310/620], entropy: 0.2848, loss: 0.2848, lr: 4.98e-04
     Epoch[20] Iteration[320/620], entropy: 0.2348, loss: 0.2348, lr: 3.56e-04
     Epoch[20] Iteration[330/620], entropy: 0.3329, loss: 0.3329, lr: 6.78e-05
     Epoch[20] Iteration[340/620], entropy: 0.2807, loss: 0.2807, lr: 3.09e-05
     Epoch[20] Iteration[350/620], entropy: 0.3304, loss: 0.3304, lr: 2.97e-04
     Epoch[20] Iteration[360/620], entropy: 0.2824, loss: 0.2824, lr: 4.98e-04
     Epoch[20] Iteration[370/620], entropy: 0.3786, loss: 0.3786, lr: 3.56e-04
     Epoch[20] Iteration[380/620], entropy: 0.3118, loss: 0.3118, lr: 6.78e-05
     Epoch[20] Iteration[390/620], entropy: 0.3760, loss: 0.3760, lr: 3.09e-05
     Epoch[20] Iteration[400/620], entropy: 0.2770, loss: 0.2770, lr: 2.97e-04
     Epoch[20] Iteration[410/620], entropy: 0.2493, loss: 0.2493, lr: 4.98e-04
     Epoch[20] Iteration[420/620], entropy: 0.2625, loss: 0.2625, lr: 3.56e-04
     Epoch[20] Iteration[430/620], entropy: 0.3165, loss: 0.3165, lr: 6.78e-05
     Epoch[20] Iteration[440/620], entropy: 0.3505, loss: 0.3505, lr: 3.09e-05
     Epoch[20] Iteration[450/620], entropy: 0.2557, loss: 0.2557, lr: 2.97e-04
     Epoch[20] Iteration[460/620], entropy: 0.2798, loss: 0.2798, lr: 4.98e-04
     Epoch[20] Iteration[470/620], entropy: 0.3476, loss: 0.3476, lr: 3.56e-04
     Epoch[20] Iteration[480/620], entropy: 0.4256, loss: 0.4256, lr: 6.78e-05
     Epoch[20] Iteration[490/620], entropy: 0.3916, loss: 0.3916, lr: 3.09e-05
     Epoch[20] Iteration[500/620], entropy: 0.4387, loss: 0.4387, lr: 2.97e-04
     Epoch[20] Iteration[510/620], entropy: 0.2870, loss: 0.2870, lr: 4.98e-04
     Epoch[20] Iteration[520/620], entropy: 0.2694, loss: 0.2694, lr: 3.56e-04
     Epoch[20] Iteration[530/620], entropy: 0.3045, loss: 0.3045, lr: 6.78e-05
     Epoch[20] Iteration[540/620], entropy: 0.2778, loss: 0.2778, lr: 3.09e-05
     Epoch[20] Iteration[550/620], entropy: 0.3060, loss: 0.3060, lr: 2.97e-04
     Epoch[20] Iteration[560/620], entropy: 0.2994, loss: 0.2994, lr: 4.98e-04
     Epoch[20] Iteration[570/620], entropy: 0.3245, loss: 0.3245, lr: 3.56e-04
     Epoch[20] Iteration[580/620], entropy: 0.3229, loss: 0.3229, lr: 6.78e-05
     Epoch[20] Iteration[590/620], entropy: 0.3268, loss: 0.3268, lr: 3.09e-05
     Epoch[20] Iteration[600/620], entropy: 0.2486, loss: 0.2486, lr: 2.97e-04
     Epoch[20] Iteration[610/620], entropy: 0.3452, loss: 0.3452, lr: 4.98e-04
     Epoch[20] Iteration[620/620], entropy: 0.3630, loss: 0.3630, lr: 3.56e-04
     Averaged stats: entropy: 0.3630, loss: 0.3630, lr: 3.56e-04
     itm tta time 0:02:48
### TTA Eval Score: 
+-------+--------+--------+--------+--------+-------+
| epoch |   R1   |   R5   |  R10   |  mAP   |  mINP |
+-------+--------+--------+--------+--------+-------+
|  -999 | 37.309 | 55.572 | 63.548 | 20.139 | 2.213 |
|   0   | 38.336 | 56.187 | 64.495 | 20.158 | 2.051 |
|   1   | 38.886 | 56.691 | 64.908 | 20.497 | 2.121 |
|   2   | 38.926 | 56.721 | 64.994 | 20.556 | 2.138 |
|   3   | 38.941 | 56.605 | 64.873 | 20.494 | 2.127 |
|   4   | 39.072 | 56.948 | 65.236 | 20.634 | 2.167 |
|   5   | 39.153 | 56.721 | 65.095 | 20.816 | 2.245 |
|   6   | 39.233 | 56.973 | 65.412 | 20.749 | 2.173 |
|   7   | 39.334 | 57.013 | 65.488 | 20.865 | 2.209 |
|   8   | 39.410 | 57.164 | 65.463 | 20.824 | 2.177 |
|   9   | 39.233 | 56.973 | 65.528 | 20.850 | 2.210 |
|   10  | 39.082 | 56.646 | 65.211 | 20.675 | 2.177 |
|   11  | 39.082 | 56.807 | 65.347 | 20.713 | 2.182 |
|   12  | 39.233 | 56.978 | 65.392 | 20.749 | 2.179 |
|   13  | 39.279 | 57.059 | 65.538 | 20.889 | 2.213 |
|   14  | 39.173 | 56.953 | 65.316 | 20.753 | 2.196 |
|   15  | 39.279 | 57.013 | 65.508 | 20.844 | 2.192 |
|   16  | 39.374 | 57.094 | 65.513 | 20.836 | 2.182 |
|   17  | 39.208 | 57.023 | 65.316 | 20.796 | 2.180 |
|   18  | 39.097 | 56.837 | 65.206 | 20.718 | 2.182 |
|   19  | 39.279 | 57.018 | 65.427 | 20.896 | 2.229 |
|   20  | 39.183 | 56.988 | 65.397 | 20.789 | 2.204 |
+-------+--------+--------+--------+--------+-------+
     logs:  {'epo': 20, 'R1': np.float32(39.183), 'R5': np.float32(56.988), 'R10': np.float32(65.397), 'mAP': np.float32(20.789), 'mINP': np.float32(2.204), 'entropy': 0.30679907096970466, 'loss': 0.30679907096970466, 'lr': 0.0002557173144874128}
     Epoch[21] Iteration[10/620], entropy: 0.3638, loss: 0.3638, lr: 6.78e-05
     Epoch[21] Iteration[20/620], entropy: 0.2988, loss: 0.2988, lr: 3.09e-05
     Epoch[21] Iteration[30/620], entropy: 0.3623, loss: 0.3623, lr: 2.97e-04
     Epoch[21] Iteration[40/620], entropy: 0.3465, loss: 0.3465, lr: 4.98e-04
     Epoch[21] Iteration[50/620], entropy: 0.4825, loss: 0.4825, lr: 3.56e-04
     Epoch[21] Iteration[60/620], entropy: 0.4355, loss: 0.4355, lr: 6.78e-05
     Epoch[21] Iteration[70/620], entropy: 0.3116, loss: 0.3116, lr: 3.09e-05
     Epoch[21] Iteration[80/620], entropy: 0.3628, loss: 0.3628, lr: 2.97e-04
     Epoch[21] Iteration[90/620], entropy: 0.3641, loss: 0.3641, lr: 4.98e-04
     Epoch[21] Iteration[100/620], entropy: 0.1952, loss: 0.1952, lr: 3.56e-04
     Epoch[21] Iteration[110/620], entropy: 0.3602, loss: 0.3602, lr: 6.78e-05
     Epoch[21] Iteration[120/620], entropy: 0.4007, loss: 0.4007, lr: 3.09e-05
     Epoch[21] Iteration[130/620], entropy: 0.2750, loss: 0.2750, lr: 2.97e-04
     Epoch[21] Iteration[140/620], entropy: 0.3064, loss: 0.3064, lr: 4.98e-04
     Epoch[21] Iteration[150/620], entropy: 0.4634, loss: 0.4634, lr: 3.56e-04
     Epoch[21] Iteration[160/620], entropy: 0.2702, loss: 0.2702, lr: 6.78e-05
     Epoch[21] Iteration[170/620], entropy: 0.2922, loss: 0.2922, lr: 3.09e-05
     Epoch[21] Iteration[180/620], entropy: 0.2212, loss: 0.2212, lr: 2.97e-04
     Epoch[21] Iteration[190/620], entropy: 0.3309, loss: 0.3309, lr: 4.98e-04
     Epoch[21] Iteration[200/620], entropy: 0.3358, loss: 0.3358, lr: 3.56e-04
     Epoch[21] Iteration[210/620], entropy: 0.2925, loss: 0.2925, lr: 6.78e-05
     Epoch[21] Iteration[220/620], entropy: 0.3236, loss: 0.3236, lr: 3.09e-05
     Epoch[21] Iteration[230/620], entropy: 0.2553, loss: 0.2553, lr: 2.97e-04
     Epoch[21] Iteration[240/620], entropy: 0.3564, loss: 0.3564, lr: 4.98e-04
     Epoch[21] Iteration[250/620], entropy: 0.3598, loss: 0.3598, lr: 3.56e-04
     Epoch[21] Iteration[260/620], entropy: 0.2826, loss: 0.2826, lr: 6.78e-05
     Epoch[21] Iteration[270/620], entropy: 0.4031, loss: 0.4031, lr: 3.09e-05
     Epoch[21] Iteration[280/620], entropy: 0.3135, loss: 0.3135, lr: 2.97e-04
     Epoch[21] Iteration[290/620], entropy: 0.3219, loss: 0.3219, lr: 4.98e-04
     Epoch[21] Iteration[300/620], entropy: 0.2555, loss: 0.2555, lr: 3.56e-04
     Epoch[21] Iteration[310/620], entropy: 0.2785, loss: 0.2785, lr: 6.78e-05
     Epoch[21] Iteration[320/620], entropy: 0.2624, loss: 0.2624, lr: 3.09e-05
     Epoch[21] Iteration[330/620], entropy: 0.2852, loss: 0.2852, lr: 2.97e-04
     Epoch[21] Iteration[340/620], entropy: 0.2995, loss: 0.2995, lr: 4.98e-04
     Epoch[21] Iteration[350/620], entropy: 0.3391, loss: 0.3391, lr: 3.56e-04
     Epoch[21] Iteration[360/620], entropy: 0.2699, loss: 0.2699, lr: 6.78e-05
     Epoch[21] Iteration[370/620], entropy: 0.2973, loss: 0.2973, lr: 3.09e-05
     Epoch[21] Iteration[380/620], entropy: 0.2445, loss: 0.2445, lr: 2.97e-04
     Epoch[21] Iteration[390/620], entropy: 0.3310, loss: 0.3310, lr: 4.98e-04
     Epoch[21] Iteration[400/620], entropy: 0.3881, loss: 0.3881, lr: 3.56e-04
     Epoch[21] Iteration[410/620], entropy: 0.3441, loss: 0.3441, lr: 6.78e-05
     Epoch[21] Iteration[420/620], entropy: 0.2713, loss: 0.2713, lr: 3.09e-05
     Epoch[21] Iteration[430/620], entropy: 0.3381, loss: 0.3381, lr: 2.97e-04
     Epoch[21] Iteration[440/620], entropy: 0.3405, loss: 0.3405, lr: 4.98e-04
     Epoch[21] Iteration[450/620], entropy: 0.3975, loss: 0.3975, lr: 3.56e-04
     Epoch[21] Iteration[460/620], entropy: 0.3011, loss: 0.3011, lr: 6.78e-05
     Epoch[21] Iteration[470/620], entropy: 0.4279, loss: 0.4279, lr: 3.09e-05
     Epoch[21] Iteration[480/620], entropy: 0.3135, loss: 0.3135, lr: 2.97e-04
     Epoch[21] Iteration[490/620], entropy: 0.3065, loss: 0.3065, lr: 4.98e-04
     Epoch[21] Iteration[500/620], entropy: 0.3535, loss: 0.3535, lr: 3.56e-04
     Epoch[21] Iteration[510/620], entropy: 0.3217, loss: 0.3217, lr: 6.78e-05
     Epoch[21] Iteration[520/620], entropy: 0.4178, loss: 0.4178, lr: 3.09e-05
     Epoch[21] Iteration[530/620], entropy: 0.2910, loss: 0.2910, lr: 2.97e-04
     Epoch[21] Iteration[540/620], entropy: 0.3041, loss: 0.3041, lr: 4.98e-04
     Epoch[21] Iteration[550/620], entropy: 0.2536, loss: 0.2536, lr: 3.56e-04
     Epoch[21] Iteration[560/620], entropy: 0.3700, loss: 0.3700, lr: 6.78e-05
     Epoch[21] Iteration[570/620], entropy: 0.2890, loss: 0.2890, lr: 3.09e-05
     Epoch[21] Iteration[580/620], entropy: 0.3146, loss: 0.3146, lr: 2.97e-04
     Epoch[21] Iteration[590/620], entropy: 0.3319, loss: 0.3319, lr: 4.98e-04
     Epoch[21] Iteration[600/620], entropy: 0.2391, loss: 0.2391, lr: 3.56e-04
     Epoch[21] Iteration[610/620], entropy: 0.3465, loss: 0.3465, lr: 6.78e-05
     Epoch[21] Iteration[620/620], entropy: 0.2589, loss: 0.2589, lr: 3.09e-05
     Averaged stats: entropy: 0.2589, loss: 0.2589, lr: 3.09e-05
     itm tta time 0:02:45
### TTA Eval Score: 
+-------+--------+--------+--------+--------+-------+
| epoch |   R1   |   R5   |  R10   |  mAP   |  mINP |
+-------+--------+--------+--------+--------+-------+
|  -999 | 37.309 | 55.572 | 63.548 | 20.139 | 2.213 |
|   0   | 38.336 | 56.187 | 64.495 | 20.158 | 2.051 |
|   1   | 38.886 | 56.691 | 64.908 | 20.497 | 2.121 |
|   2   | 38.926 | 56.721 | 64.994 | 20.556 | 2.138 |
|   3   | 38.941 | 56.605 | 64.873 | 20.494 | 2.127 |
|   4   | 39.072 | 56.948 | 65.236 | 20.634 | 2.167 |
|   5   | 39.153 | 56.721 | 65.095 | 20.816 | 2.245 |
|   6   | 39.233 | 56.973 | 65.412 | 20.749 | 2.173 |
|   7   | 39.334 | 57.013 | 65.488 | 20.865 | 2.209 |
|   8   | 39.410 | 57.164 | 65.463 | 20.824 | 2.177 |
|   9   | 39.233 | 56.973 | 65.528 | 20.850 | 2.210 |
|   10  | 39.082 | 56.646 | 65.211 | 20.675 | 2.177 |
|   11  | 39.082 | 56.807 | 65.347 | 20.713 | 2.182 |
|   12  | 39.233 | 56.978 | 65.392 | 20.749 | 2.179 |
|   13  | 39.279 | 57.059 | 65.538 | 20.889 | 2.213 |
|   14  | 39.173 | 56.953 | 65.316 | 20.753 | 2.196 |
|   15  | 39.279 | 57.013 | 65.508 | 20.844 | 2.192 |
|   16  | 39.374 | 57.094 | 65.513 | 20.836 | 2.182 |
|   17  | 39.208 | 57.023 | 65.316 | 20.796 | 2.180 |
|   18  | 39.097 | 56.837 | 65.206 | 20.718 | 2.182 |
|   19  | 39.279 | 57.018 | 65.427 | 20.896 | 2.229 |
|   20  | 39.183 | 56.988 | 65.397 | 20.789 | 2.204 |
|   21  | 39.470 | 57.285 | 65.513 | 20.936 | 2.193 |
+-------+--------+--------+--------+--------+-------+
     logs:  {'epo': 21, 'R1': np.float32(39.47), 'R5': np.float32(57.285), 'R10': np.float32(65.513), 'mAP': np.float32(20.936), 'mINP': np.float32(2.193), 'entropy': 0.3237271561257301, 'loss': 0.3237271561257301, 'lr': 0.00024352711569569304}
     Epoch[22] Iteration[10/620], entropy: 0.2826, loss: 0.2826, lr: 2.97e-04
     Epoch[22] Iteration[20/620], entropy: 0.2676, loss: 0.2676, lr: 4.98e-04
     Epoch[22] Iteration[30/620], entropy: 0.2984, loss: 0.2984, lr: 3.56e-04
     Epoch[22] Iteration[40/620], entropy: 0.3311, loss: 0.3311, lr: 6.78e-05
     Epoch[22] Iteration[50/620], entropy: 0.3230, loss: 0.3230, lr: 3.09e-05
     Epoch[22] Iteration[60/620], entropy: 0.2299, loss: 0.2299, lr: 2.97e-04
     Epoch[22] Iteration[70/620], entropy: 0.3051, loss: 0.3051, lr: 4.98e-04
     Epoch[22] Iteration[80/620], entropy: 0.3158, loss: 0.3158, lr: 3.56e-04
     Epoch[22] Iteration[90/620], entropy: 0.3973, loss: 0.3973, lr: 6.78e-05
     Epoch[22] Iteration[100/620], entropy: 0.3808, loss: 0.3808, lr: 3.09e-05
     Epoch[22] Iteration[110/620], entropy: 0.4322, loss: 0.4322, lr: 2.97e-04
     Epoch[22] Iteration[120/620], entropy: 0.3157, loss: 0.3157, lr: 4.98e-04
     Epoch[22] Iteration[130/620], entropy: 0.3531, loss: 0.3531, lr: 3.56e-04
     Epoch[22] Iteration[140/620], entropy: 0.2669, loss: 0.2669, lr: 6.78e-05
     Epoch[22] Iteration[150/620], entropy: 0.3237, loss: 0.3237, lr: 3.09e-05
     Epoch[22] Iteration[160/620], entropy: 0.2591, loss: 0.2591, lr: 2.97e-04
     Epoch[22] Iteration[170/620], entropy: 0.3625, loss: 0.3625, lr: 4.98e-04
     Epoch[22] Iteration[180/620], entropy: 0.3066, loss: 0.3066, lr: 3.56e-04
     Epoch[22] Iteration[190/620], entropy: 0.3478, loss: 0.3478, lr: 6.78e-05
     Epoch[22] Iteration[200/620], entropy: 0.3902, loss: 0.3902, lr: 3.09e-05
     Epoch[22] Iteration[210/620], entropy: 0.2810, loss: 0.2810, lr: 2.97e-04
     Epoch[22] Iteration[220/620], entropy: 0.2763, loss: 0.2763, lr: 4.98e-04
     Epoch[22] Iteration[230/620], entropy: 0.2866, loss: 0.2866, lr: 3.56e-04
     Epoch[22] Iteration[240/620], entropy: 0.2827, loss: 0.2827, lr: 6.78e-05
     Epoch[22] Iteration[250/620], entropy: 0.2945, loss: 0.2945, lr: 3.09e-05
     Epoch[22] Iteration[260/620], entropy: 0.3844, loss: 0.3844, lr: 2.97e-04
     Epoch[22] Iteration[270/620], entropy: 0.3710, loss: 0.3710, lr: 4.98e-04
     Epoch[22] Iteration[280/620], entropy: 0.3584, loss: 0.3584, lr: 3.56e-04
     Epoch[22] Iteration[290/620], entropy: 0.3230, loss: 0.3230, lr: 6.78e-05
     Epoch[22] Iteration[300/620], entropy: 0.3804, loss: 0.3804, lr: 3.09e-05
     Epoch[22] Iteration[310/620], entropy: 0.3454, loss: 0.3454, lr: 2.97e-04
     Epoch[22] Iteration[320/620], entropy: 0.3203, loss: 0.3203, lr: 4.98e-04
     Epoch[22] Iteration[330/620], entropy: 0.3522, loss: 0.3522, lr: 3.56e-04
     Epoch[22] Iteration[340/620], entropy: 0.4348, loss: 0.4348, lr: 6.78e-05
     Epoch[22] Iteration[350/620], entropy: 0.3087, loss: 0.3087, lr: 3.09e-05
     Epoch[22] Iteration[360/620], entropy: 0.3087, loss: 0.3087, lr: 2.97e-04
     Epoch[22] Iteration[370/620], entropy: 0.3782, loss: 0.3782, lr: 4.92e-04
     Epoch[22] Iteration[380/620], entropy: 0.2544, loss: 0.2544, lr: 3.84e-04
     Epoch[22] Iteration[390/620], entropy: 0.3035, loss: 0.3035, lr: 9.06e-05
     Epoch[22] Iteration[400/620], entropy: 0.2342, loss: 0.2342, lr: 1.76e-05
     Epoch[22] Iteration[410/620], entropy: 0.2347, loss: 0.2347, lr: 2.66e-04
     Epoch[22] Iteration[420/620], entropy: 0.3530, loss: 0.3530, lr: 4.92e-04
     Epoch[22] Iteration[430/620], entropy: 0.2331, loss: 0.2331, lr: 3.84e-04
     Epoch[22] Iteration[440/620], entropy: 0.3676, loss: 0.3676, lr: 9.06e-05
     Epoch[22] Iteration[450/620], entropy: 0.3042, loss: 0.3042, lr: 1.76e-05
     Epoch[22] Iteration[460/620], entropy: 0.3244, loss: 0.3244, lr: 2.66e-04
     Epoch[22] Iteration[470/620], entropy: 0.3385, loss: 0.3385, lr: 4.92e-04
     Epoch[22] Iteration[480/620], entropy: 0.2566, loss: 0.2566, lr: 3.84e-04
     Epoch[22] Iteration[490/620], entropy: 0.2686, loss: 0.2686, lr: 9.06e-05
     Epoch[22] Iteration[500/620], entropy: 0.3389, loss: 0.3389, lr: 1.76e-05
     Epoch[22] Iteration[510/620], entropy: 0.3418, loss: 0.3418, lr: 2.66e-04
     Epoch[22] Iteration[520/620], entropy: 0.3515, loss: 0.3515, lr: 4.92e-04
     Epoch[22] Iteration[530/620], entropy: 0.2318, loss: 0.2318, lr: 3.84e-04
     Epoch[22] Iteration[540/620], entropy: 0.2576, loss: 0.2576, lr: 9.06e-05
     Epoch[22] Iteration[550/620], entropy: 0.3955, loss: 0.3955, lr: 1.76e-05
     Epoch[22] Iteration[560/620], entropy: 0.3485, loss: 0.3485, lr: 2.66e-04
     Epoch[22] Iteration[570/620], entropy: 0.3331, loss: 0.3331, lr: 4.92e-04
     Epoch[22] Iteration[580/620], entropy: 0.2537, loss: 0.2537, lr: 3.84e-04
     Epoch[22] Iteration[590/620], entropy: 0.3682, loss: 0.3682, lr: 9.06e-05
     Epoch[22] Iteration[600/620], entropy: 0.2825, loss: 0.2825, lr: 1.76e-05
     Epoch[22] Iteration[610/620], entropy: 0.2920, loss: 0.2920, lr: 2.66e-04
     Epoch[22] Iteration[620/620], entropy: 0.2964, loss: 0.2964, lr: 4.92e-04
     Averaged stats: entropy: 0.2964, loss: 0.2964, lr: 4.92e-04
     itm tta time 0:02:44
### TTA Eval Score: 
+-------+--------+--------+--------+--------+-------+
| epoch |   R1   |   R5   |  R10   |  mAP   |  mINP |
+-------+--------+--------+--------+--------+-------+
|  -999 | 37.309 | 55.572 | 63.548 | 20.139 | 2.213 |
|   0   | 38.336 | 56.187 | 64.495 | 20.158 | 2.051 |
|   1   | 38.886 | 56.691 | 64.908 | 20.497 | 2.121 |
|   2   | 38.926 | 56.721 | 64.994 | 20.556 | 2.138 |
|   3   | 38.941 | 56.605 | 64.873 | 20.494 | 2.127 |
|   4   | 39.072 | 56.948 | 65.236 | 20.634 | 2.167 |
|   5   | 39.153 | 56.721 | 65.095 | 20.816 | 2.245 |
|   6   | 39.233 | 56.973 | 65.412 | 20.749 | 2.173 |
|   7   | 39.334 | 57.013 | 65.488 | 20.865 | 2.209 |
|   8   | 39.410 | 57.164 | 65.463 | 20.824 | 2.177 |
|   9   | 39.233 | 56.973 | 65.528 | 20.850 | 2.210 |
|   10  | 39.082 | 56.646 | 65.211 | 20.675 | 2.177 |
|   11  | 39.082 | 56.807 | 65.347 | 20.713 | 2.182 |
|   12  | 39.233 | 56.978 | 65.392 | 20.749 | 2.179 |
|   13  | 39.279 | 57.059 | 65.538 | 20.889 | 2.213 |
|   14  | 39.173 | 56.953 | 65.316 | 20.753 | 2.196 |
|   15  | 39.279 | 57.013 | 65.508 | 20.844 | 2.192 |
|   16  | 39.374 | 57.094 | 65.513 | 20.836 | 2.182 |
|   17  | 39.208 | 57.023 | 65.316 | 20.796 | 2.180 |
|   18  | 39.097 | 56.837 | 65.206 | 20.718 | 2.182 |
|   19  | 39.279 | 57.018 | 65.427 | 20.896 | 2.229 |
|   20  | 39.183 | 56.988 | 65.397 | 20.789 | 2.204 |
|   21  | 39.470 | 57.285 | 65.513 | 20.936 | 2.193 |
|   22  | 39.384 | 57.154 | 65.432 | 20.894 | 2.196 |
+-------+--------+--------+--------+--------+-------+
     logs:  {'epo': 22, 'R1': np.float32(39.384), 'R5': np.float32(57.154), 'R10': np.float32(65.432), 'mAP': np.float32(20.894), 'mINP': np.float32(2.196), 'entropy': 0.31838998991635536, 'loss': 0.31838998991635536, 'lr': 0.00025466114707948124}
     Epoch[23] Iteration[10/620], entropy: 0.3937, loss: 0.3937, lr: 3.84e-04
     Epoch[23] Iteration[20/620], entropy: 0.3266, loss: 0.3266, lr: 9.06e-05
     Epoch[23] Iteration[30/620], entropy: 0.3258, loss: 0.3258, lr: 1.76e-05
     Epoch[23] Iteration[40/620], entropy: 0.3546, loss: 0.3546, lr: 2.66e-04
     Epoch[23] Iteration[50/620], entropy: 0.3350, loss: 0.3350, lr: 4.92e-04
     Epoch[23] Iteration[60/620], entropy: 0.3149, loss: 0.3149, lr: 3.84e-04
     Epoch[23] Iteration[70/620], entropy: 0.2589, loss: 0.2589, lr: 9.06e-05
     Epoch[23] Iteration[80/620], entropy: 0.2624, loss: 0.2624, lr: 1.76e-05
     Epoch[23] Iteration[90/620], entropy: 0.3896, loss: 0.3896, lr: 2.66e-04
     Epoch[23] Iteration[100/620], entropy: 0.3300, loss: 0.3300, lr: 4.92e-04
     Epoch[23] Iteration[110/620], entropy: 0.2717, loss: 0.2717, lr: 3.84e-04
     Epoch[23] Iteration[120/620], entropy: 0.3760, loss: 0.3760, lr: 9.06e-05
     Epoch[23] Iteration[130/620], entropy: 0.3831, loss: 0.3831, lr: 1.76e-05
     Epoch[23] Iteration[140/620], entropy: 0.3056, loss: 0.3056, lr: 2.66e-04
     Epoch[23] Iteration[150/620], entropy: 0.2090, loss: 0.2090, lr: 4.92e-04
     Epoch[23] Iteration[160/620], entropy: 0.2797, loss: 0.2797, lr: 3.84e-04
     Epoch[23] Iteration[170/620], entropy: 0.3621, loss: 0.3621, lr: 9.06e-05
     Epoch[23] Iteration[180/620], entropy: 0.2510, loss: 0.2510, lr: 1.76e-05
     Epoch[23] Iteration[190/620], entropy: 0.3653, loss: 0.3653, lr: 2.66e-04
     Epoch[23] Iteration[200/620], entropy: 0.3189, loss: 0.3189, lr: 4.92e-04
     Epoch[23] Iteration[210/620], entropy: 0.2755, loss: 0.2755, lr: 3.84e-04
     Epoch[23] Iteration[220/620], entropy: 0.3278, loss: 0.3278, lr: 9.06e-05
     Epoch[23] Iteration[230/620], entropy: 0.2419, loss: 0.2419, lr: 1.76e-05
     Epoch[23] Iteration[240/620], entropy: 0.2960, loss: 0.2960, lr: 2.66e-04
     Epoch[23] Iteration[250/620], entropy: 0.2423, loss: 0.2423, lr: 4.92e-04
     Epoch[23] Iteration[260/620], entropy: 0.3970, loss: 0.3970, lr: 3.84e-04
     Epoch[23] Iteration[270/620], entropy: 0.4121, loss: 0.4121, lr: 9.06e-05
     Epoch[23] Iteration[280/620], entropy: 0.4189, loss: 0.4189, lr: 1.76e-05
     Epoch[23] Iteration[290/620], entropy: 0.3109, loss: 0.3109, lr: 2.66e-04
     Epoch[23] Iteration[300/620], entropy: 0.3158, loss: 0.3158, lr: 4.92e-04
     Epoch[23] Iteration[310/620], entropy: 0.2209, loss: 0.2209, lr: 3.84e-04
     Epoch[23] Iteration[320/620], entropy: 0.3712, loss: 0.3712, lr: 9.06e-05
     Epoch[23] Iteration[330/620], entropy: 0.3375, loss: 0.3375, lr: 1.76e-05
     Epoch[23] Iteration[340/620], entropy: 0.4042, loss: 0.4042, lr: 2.66e-04
     Epoch[23] Iteration[350/620], entropy: 0.2224, loss: 0.2224, lr: 4.92e-04
     Epoch[23] Iteration[360/620], entropy: 0.3421, loss: 0.3421, lr: 3.84e-04
     Epoch[23] Iteration[370/620], entropy: 0.2744, loss: 0.2744, lr: 9.06e-05
     Epoch[23] Iteration[380/620], entropy: 0.3525, loss: 0.3525, lr: 1.76e-05
     Epoch[23] Iteration[390/620], entropy: 0.3229, loss: 0.3229, lr: 2.66e-04
     Epoch[23] Iteration[400/620], entropy: 0.2523, loss: 0.2523, lr: 4.92e-04
     Epoch[23] Iteration[410/620], entropy: 0.2457, loss: 0.2457, lr: 3.84e-04
     Epoch[23] Iteration[420/620], entropy: 0.3105, loss: 0.3105, lr: 9.06e-05
     Epoch[23] Iteration[430/620], entropy: 0.2122, loss: 0.2122, lr: 1.76e-05
     Epoch[23] Iteration[440/620], entropy: 0.2256, loss: 0.2256, lr: 2.66e-04
     Epoch[23] Iteration[450/620], entropy: 0.3680, loss: 0.3680, lr: 4.92e-04
     Epoch[23] Iteration[460/620], entropy: 0.3194, loss: 0.3194, lr: 3.84e-04
     Epoch[23] Iteration[470/620], entropy: 0.2057, loss: 0.2057, lr: 9.06e-05
     Epoch[23] Iteration[480/620], entropy: 0.2544, loss: 0.2544, lr: 1.76e-05
     Epoch[23] Iteration[490/620], entropy: 0.2391, loss: 0.2391, lr: 2.66e-04
     Epoch[23] Iteration[500/620], entropy: 0.2834, loss: 0.2834, lr: 4.92e-04
     Epoch[23] Iteration[510/620], entropy: 0.2930, loss: 0.2930, lr: 3.84e-04
     Epoch[23] Iteration[520/620], entropy: 0.2590, loss: 0.2590, lr: 9.06e-05
     Epoch[23] Iteration[530/620], entropy: 0.2852, loss: 0.2852, lr: 1.76e-05
     Epoch[23] Iteration[540/620], entropy: 0.3709, loss: 0.3709, lr: 2.66e-04
     Epoch[23] Iteration[550/620], entropy: 0.4307, loss: 0.4307, lr: 4.92e-04
     Epoch[23] Iteration[560/620], entropy: 0.1782, loss: 0.1782, lr: 3.84e-04
     Epoch[23] Iteration[570/620], entropy: 0.2168, loss: 0.2168, lr: 9.06e-05
     Epoch[23] Iteration[580/620], entropy: 0.2567, loss: 0.2567, lr: 1.76e-05
     Epoch[23] Iteration[590/620], entropy: 0.3733, loss: 0.3733, lr: 2.66e-04
     Epoch[23] Iteration[600/620], entropy: 0.3949, loss: 0.3949, lr: 4.92e-04
     Epoch[23] Iteration[610/620], entropy: 0.3266, loss: 0.3266, lr: 3.84e-04
     Epoch[23] Iteration[620/620], entropy: 0.3980, loss: 0.3980, lr: 9.06e-05
     Averaged stats: entropy: 0.3980, loss: 0.3980, lr: 9.06e-05
     itm tta time 0:02:46
### TTA Eval Score: 
+-------+--------+--------+--------+--------+-------+
| epoch |   R1   |   R5   |  R10   |  mAP   |  mINP |
+-------+--------+--------+--------+--------+-------+
|  -999 | 37.309 | 55.572 | 63.548 | 20.139 | 2.213 |
|   0   | 38.336 | 56.187 | 64.495 | 20.158 | 2.051 |
|   1   | 38.886 | 56.691 | 64.908 | 20.497 | 2.121 |
|   2   | 38.926 | 56.721 | 64.994 | 20.556 | 2.138 |
|   3   | 38.941 | 56.605 | 64.873 | 20.494 | 2.127 |
|   4   | 39.072 | 56.948 | 65.236 | 20.634 | 2.167 |
|   5   | 39.153 | 56.721 | 65.095 | 20.816 | 2.245 |
|   6   | 39.233 | 56.973 | 65.412 | 20.749 | 2.173 |
|   7   | 39.334 | 57.013 | 65.488 | 20.865 | 2.209 |
|   8   | 39.410 | 57.164 | 65.463 | 20.824 | 2.177 |
|   9   | 39.233 | 56.973 | 65.528 | 20.850 | 2.210 |
|   10  | 39.082 | 56.646 | 65.211 | 20.675 | 2.177 |
|   11  | 39.082 | 56.807 | 65.347 | 20.713 | 2.182 |
|   12  | 39.233 | 56.978 | 65.392 | 20.749 | 2.179 |
|   13  | 39.279 | 57.059 | 65.538 | 20.889 | 2.213 |
|   14  | 39.173 | 56.953 | 65.316 | 20.753 | 2.196 |
|   15  | 39.279 | 57.013 | 65.508 | 20.844 | 2.192 |
|   16  | 39.374 | 57.094 | 65.513 | 20.836 | 2.182 |
|   17  | 39.208 | 57.023 | 65.316 | 20.796 | 2.180 |
|   18  | 39.097 | 56.837 | 65.206 | 20.718 | 2.182 |
|   19  | 39.279 | 57.018 | 65.427 | 20.896 | 2.229 |
|   20  | 39.183 | 56.988 | 65.397 | 20.789 | 2.204 |
|   21  | 39.470 | 57.285 | 65.513 | 20.936 | 2.193 |
|   22  | 39.384 | 57.154 | 65.432 | 20.894 | 2.196 |
|   23  | 39.465 | 57.290 | 65.543 | 20.947 | 2.208 |
+-------+--------+--------+--------+--------+-------+
     logs:  {'epo': 23, 'R1': np.float32(39.465), 'R5': np.float32(57.29), 'R10': np.float32(65.543), 'mAP': np.float32(20.947), 'mINP': np.float32(2.208), 'entropy': 0.3096786345685682, 'loss': 0.3096786345685682, 'lr': 0.0002495903338920446}
     Epoch[24] Iteration[10/620], entropy: 0.2635, loss: 0.2635, lr: 1.76e-05
     Epoch[24] Iteration[20/620], entropy: 0.2701, loss: 0.2701, lr: 2.66e-04
     Epoch[24] Iteration[30/620], entropy: 0.2859, loss: 0.2859, lr: 4.92e-04
     Epoch[24] Iteration[40/620], entropy: 0.2432, loss: 0.2432, lr: 3.84e-04
     Epoch[24] Iteration[50/620], entropy: 0.3262, loss: 0.3262, lr: 9.06e-05
     Epoch[24] Iteration[60/620], entropy: 0.3066, loss: 0.3066, lr: 1.76e-05
     Epoch[24] Iteration[70/620], entropy: 0.2380, loss: 0.2380, lr: 2.66e-04
     Epoch[24] Iteration[80/620], entropy: 0.2589, loss: 0.2589, lr: 4.92e-04
     Epoch[24] Iteration[90/620], entropy: 0.2748, loss: 0.2748, lr: 3.84e-04
     Epoch[24] Iteration[100/620], entropy: 0.3334, loss: 0.3334, lr: 9.06e-05
     Epoch[24] Iteration[110/620], entropy: 0.3269, loss: 0.3269, lr: 1.76e-05
     Epoch[24] Iteration[120/620], entropy: 0.3264, loss: 0.3264, lr: 2.66e-04
     Epoch[24] Iteration[130/620], entropy: 0.3897, loss: 0.3897, lr: 4.92e-04
     Epoch[24] Iteration[140/620], entropy: 0.2761, loss: 0.2761, lr: 3.84e-04
     Epoch[24] Iteration[150/620], entropy: 0.3100, loss: 0.3100, lr: 9.06e-05
     Epoch[24] Iteration[160/620], entropy: 0.3364, loss: 0.3364, lr: 1.76e-05
     Epoch[24] Iteration[170/620], entropy: 0.2599, loss: 0.2599, lr: 2.66e-04
     Epoch[24] Iteration[180/620], entropy: 0.2997, loss: 0.2997, lr: 4.92e-04
     Epoch[24] Iteration[190/620], entropy: 0.3478, loss: 0.3478, lr: 3.84e-04
     Epoch[24] Iteration[200/620], entropy: 0.2531, loss: 0.2531, lr: 9.06e-05
     Epoch[24] Iteration[210/620], entropy: 0.2882, loss: 0.2882, lr: 1.76e-05
     Epoch[24] Iteration[220/620], entropy: 0.2713, loss: 0.2713, lr: 2.66e-04
     Epoch[24] Iteration[230/620], entropy: 0.3004, loss: 0.3004, lr: 4.92e-04
     Epoch[24] Iteration[240/620], entropy: 0.3625, loss: 0.3625, lr: 3.84e-04
     Epoch[24] Iteration[250/620], entropy: 0.3334, loss: 0.3334, lr: 9.06e-05
     Epoch[24] Iteration[260/620], entropy: 0.2176, loss: 0.2176, lr: 1.76e-05
     Epoch[24] Iteration[270/620], entropy: 0.3089, loss: 0.3089, lr: 2.66e-04
     Epoch[24] Iteration[280/620], entropy: 0.2145, loss: 0.2145, lr: 4.92e-04
     Epoch[24] Iteration[290/620], entropy: 0.3737, loss: 0.3737, lr: 3.84e-04
     Epoch[24] Iteration[300/620], entropy: 0.2958, loss: 0.2958, lr: 9.06e-05
     Epoch[24] Iteration[310/620], entropy: 0.3326, loss: 0.3326, lr: 1.76e-05
     Epoch[24] Iteration[320/620], entropy: 0.2293, loss: 0.2293, lr: 2.66e-04
     Epoch[24] Iteration[330/620], entropy: 0.3202, loss: 0.3202, lr: 4.92e-04
     Epoch[24] Iteration[340/620], entropy: 0.4214, loss: 0.4214, lr: 3.84e-04
     Epoch[24] Iteration[350/620], entropy: 0.2625, loss: 0.2625, lr: 9.06e-05
     Epoch[24] Iteration[360/620], entropy: 0.3287, loss: 0.3287, lr: 1.76e-05
     Epoch[24] Iteration[370/620], entropy: 0.3353, loss: 0.3353, lr: 2.66e-04
     Epoch[24] Iteration[380/620], entropy: 0.3076, loss: 0.3076, lr: 4.92e-04
     Epoch[24] Iteration[390/620], entropy: 0.1989, loss: 0.1989, lr: 3.84e-04
     Epoch[24] Iteration[400/620], entropy: 0.3662, loss: 0.3662, lr: 9.06e-05
     Epoch[24] Iteration[410/620], entropy: 0.2349, loss: 0.2349, lr: 1.76e-05
     Epoch[24] Iteration[420/620], entropy: 0.2303, loss: 0.2303, lr: 2.66e-04
     Epoch[24] Iteration[430/620], entropy: 0.3828, loss: 0.3828, lr: 4.92e-04
     Epoch[24] Iteration[440/620], entropy: 0.3373, loss: 0.3373, lr: 3.84e-04
     Epoch[24] Iteration[450/620], entropy: 0.3374, loss: 0.3374, lr: 9.06e-05
     Epoch[24] Iteration[460/620], entropy: 0.3061, loss: 0.3061, lr: 1.76e-05
     Epoch[24] Iteration[470/620], entropy: 0.3688, loss: 0.3688, lr: 2.66e-04
     Epoch[24] Iteration[480/620], entropy: 0.2872, loss: 0.2872, lr: 4.92e-04
     Epoch[24] Iteration[490/620], entropy: 0.4379, loss: 0.4379, lr: 3.84e-04
     Epoch[24] Iteration[500/620], entropy: 0.1381, loss: 0.1381, lr: 9.06e-05
     Epoch[24] Iteration[510/620], entropy: 0.3236, loss: 0.3236, lr: 1.76e-05
     Epoch[24] Iteration[520/620], entropy: 0.1794, loss: 0.1794, lr: 2.66e-04
     Epoch[24] Iteration[530/620], entropy: 0.3470, loss: 0.3470, lr: 4.92e-04
     Epoch[24] Iteration[540/620], entropy: 0.3188, loss: 0.3188, lr: 3.84e-04
     Epoch[24] Iteration[550/620], entropy: 0.2502, loss: 0.2502, lr: 9.06e-05
     Epoch[24] Iteration[560/620], entropy: 0.3272, loss: 0.3272, lr: 1.76e-05
     Epoch[24] Iteration[570/620], entropy: 0.3737, loss: 0.3737, lr: 2.66e-04
     Epoch[24] Iteration[580/620], entropy: 0.2560, loss: 0.2560, lr: 4.92e-04
     Epoch[24] Iteration[590/620], entropy: 0.2953, loss: 0.2953, lr: 3.84e-04
     Epoch[24] Iteration[600/620], entropy: 0.3072, loss: 0.3072, lr: 9.06e-05
     Epoch[24] Iteration[610/620], entropy: 0.3824, loss: 0.3824, lr: 1.76e-05
     Epoch[24] Iteration[620/620], entropy: 0.3247, loss: 0.3247, lr: 2.66e-04
     Averaged stats: entropy: 0.3247, loss: 0.3247, lr: 2.66e-04
     itm tta time 0:02:40
### TTA Eval Score: 
+-------+--------+--------+--------+--------+-------+
| epoch |   R1   |   R5   |  R10   |  mAP   |  mINP |
+-------+--------+--------+--------+--------+-------+
|  -999 | 37.309 | 55.572 | 63.548 | 20.139 | 2.213 |
|   0   | 38.336 | 56.187 | 64.495 | 20.158 | 2.051 |
|   1   | 38.886 | 56.691 | 64.908 | 20.497 | 2.121 |
|   2   | 38.926 | 56.721 | 64.994 | 20.556 | 2.138 |
|   3   | 38.941 | 56.605 | 64.873 | 20.494 | 2.127 |
|   4   | 39.072 | 56.948 | 65.236 | 20.634 | 2.167 |
|   5   | 39.153 | 56.721 | 65.095 | 20.816 | 2.245 |
|   6   | 39.233 | 56.973 | 65.412 | 20.749 | 2.173 |
|   7   | 39.334 | 57.013 | 65.488 | 20.865 | 2.209 |
|   8   | 39.410 | 57.164 | 65.463 | 20.824 | 2.177 |
|   9   | 39.233 | 56.973 | 65.528 | 20.850 | 2.210 |
|   10  | 39.082 | 56.646 | 65.211 | 20.675 | 2.177 |
|   11  | 39.082 | 56.807 | 65.347 | 20.713 | 2.182 |
|   12  | 39.233 | 56.978 | 65.392 | 20.749 | 2.179 |
|   13  | 39.279 | 57.059 | 65.538 | 20.889 | 2.213 |
|   14  | 39.173 | 56.953 | 65.316 | 20.753 | 2.196 |
|   15  | 39.279 | 57.013 | 65.508 | 20.844 | 2.192 |
|   16  | 39.374 | 57.094 | 65.513 | 20.836 | 2.182 |
|   17  | 39.208 | 57.023 | 65.316 | 20.796 | 2.180 |
|   18  | 39.097 | 56.837 | 65.206 | 20.718 | 2.182 |
|   19  | 39.279 | 57.018 | 65.427 | 20.896 | 2.229 |
|   20  | 39.183 | 56.988 | 65.397 | 20.789 | 2.204 |
|   21  | 39.470 | 57.285 | 65.513 | 20.936 | 2.193 |
|   22  | 39.384 | 57.154 | 65.432 | 20.894 | 2.196 |
|   23  | 39.465 | 57.290 | 65.543 | 20.947 | 2.208 |
|   24  | 39.304 | 57.089 | 65.447 | 20.863 | 2.190 |
+-------+--------+--------+--------+--------+-------+
     logs:  {'epo': 24, 'R1': np.float32(39.304), 'R5': np.float32(57.089), 'R10': np.float32(65.447), 'mAP': np.float32(20.863), 'mINP': np.float32(2.19), 'entropy': 0.3022909666742048, 'loss': 0.3022909666742048, 'lr': 0.0002465040888453131}
     Epoch[25] Iteration[10/620], entropy: 0.3246, loss: 0.3246, lr: 4.92e-04
     Epoch[25] Iteration[20/620], entropy: 0.2750, loss: 0.2750, lr: 3.84e-04
     Epoch[25] Iteration[30/620], entropy: 0.2520, loss: 0.2520, lr: 9.06e-05
     Epoch[25] Iteration[40/620], entropy: 0.3178, loss: 0.3178, lr: 1.76e-05
     Epoch[25] Iteration[50/620], entropy: 0.2628, loss: 0.2628, lr: 2.66e-04
     Epoch[25] Iteration[60/620], entropy: 0.3015, loss: 0.3015, lr: 4.92e-04
     Epoch[25] Iteration[70/620], entropy: 0.3150, loss: 0.3150, lr: 3.84e-04
     Epoch[25] Iteration[80/620], entropy: 0.3875, loss: 0.3875, lr: 9.06e-05
     Epoch[25] Iteration[90/620], entropy: 0.3783, loss: 0.3783, lr: 1.76e-05
     Epoch[25] Iteration[100/620], entropy: 0.2532, loss: 0.2532, lr: 2.66e-04
     Epoch[25] Iteration[110/620], entropy: 0.2768, loss: 0.2768, lr: 4.92e-04
     Epoch[25] Iteration[120/620], entropy: 0.4056, loss: 0.4056, lr: 3.84e-04
     Epoch[25] Iteration[130/620], entropy: 0.3599, loss: 0.3599, lr: 9.06e-05
     Epoch[25] Iteration[140/620], entropy: 0.3646, loss: 0.3646, lr: 1.76e-05
     Epoch[25] Iteration[150/620], entropy: 0.3220, loss: 0.3220, lr: 2.66e-04
     Epoch[25] Iteration[160/620], entropy: 0.4563, loss: 0.4563, lr: 4.92e-04
     Epoch[25] Iteration[170/620], entropy: 0.2286, loss: 0.2286, lr: 3.84e-04
     Epoch[25] Iteration[180/620], entropy: 0.2391, loss: 0.2391, lr: 9.06e-05
     Epoch[25] Iteration[190/620], entropy: 0.2599, loss: 0.2599, lr: 1.76e-05
     Epoch[25] Iteration[200/620], entropy: 0.2967, loss: 0.2967, lr: 2.66e-04
     Epoch[25] Iteration[210/620], entropy: 0.3854, loss: 0.3854, lr: 4.92e-04
     Epoch[25] Iteration[220/620], entropy: 0.3568, loss: 0.3568, lr: 3.84e-04
     Epoch[25] Iteration[230/620], entropy: 0.2492, loss: 0.2492, lr: 9.06e-05
     Epoch[25] Iteration[240/620], entropy: 0.3857, loss: 0.3857, lr: 1.76e-05
     Epoch[25] Iteration[250/620], entropy: 0.3985, loss: 0.3985, lr: 2.66e-04
     Epoch[25] Iteration[260/620], entropy: 0.2812, loss: 0.2812, lr: 4.92e-04
     Epoch[25] Iteration[270/620], entropy: 0.2430, loss: 0.2430, lr: 3.84e-04
     Epoch[25] Iteration[280/620], entropy: 0.2880, loss: 0.2880, lr: 9.06e-05
     Epoch[25] Iteration[290/620], entropy: 0.4389, loss: 0.4389, lr: 1.76e-05
     Epoch[25] Iteration[300/620], entropy: 0.2975, loss: 0.2975, lr: 2.66e-04
     Epoch[25] Iteration[310/620], entropy: 0.3445, loss: 0.3445, lr: 4.92e-04
     Epoch[25] Iteration[320/620], entropy: 0.3509, loss: 0.3509, lr: 3.84e-04
     Epoch[25] Iteration[330/620], entropy: 0.2507, loss: 0.2507, lr: 9.06e-05
     Epoch[25] Iteration[340/620], entropy: 0.3359, loss: 0.3359, lr: 1.76e-05
     Epoch[25] Iteration[350/620], entropy: 0.2608, loss: 0.2608, lr: 2.66e-04
     Epoch[25] Iteration[360/620], entropy: 0.2902, loss: 0.2902, lr: 4.92e-04
     Epoch[25] Iteration[370/620], entropy: 0.3018, loss: 0.3018, lr: 3.84e-04
     Epoch[25] Iteration[380/620], entropy: 0.2816, loss: 0.2816, lr: 9.06e-05
     Epoch[25] Iteration[390/620], entropy: 0.3267, loss: 0.3267, lr: 1.76e-05
     Epoch[25] Iteration[400/620], entropy: 0.2935, loss: 0.2935, lr: 2.66e-04
     Epoch[25] Iteration[410/620], entropy: 0.2597, loss: 0.2597, lr: 4.92e-04
     Epoch[25] Iteration[420/620], entropy: 0.3185, loss: 0.3185, lr: 3.84e-04
     Epoch[25] Iteration[430/620], entropy: 0.3199, loss: 0.3199, lr: 9.06e-05
     Epoch[25] Iteration[440/620], entropy: 0.2882, loss: 0.2882, lr: 1.76e-05
     Epoch[25] Iteration[450/620], entropy: 0.2818, loss: 0.2818, lr: 2.66e-04
     Epoch[25] Iteration[460/620], entropy: 0.3898, loss: 0.3898, lr: 4.92e-04
     Epoch[25] Iteration[470/620], entropy: 0.3171, loss: 0.3171, lr: 3.84e-04
     Epoch[25] Iteration[480/620], entropy: 0.2057, loss: 0.2057, lr: 9.06e-05
     Epoch[25] Iteration[490/620], entropy: 0.2777, loss: 0.2777, lr: 1.76e-05
     Epoch[25] Iteration[500/620], entropy: 0.3518, loss: 0.3518, lr: 2.66e-04
     Epoch[25] Iteration[510/620], entropy: 0.2844, loss: 0.2844, lr: 4.82e-04
     Epoch[25] Iteration[520/620], entropy: 0.2667, loss: 0.2667, lr: 4.09e-04
     Epoch[25] Iteration[530/620], entropy: 0.2799, loss: 0.2799, lr: 1.16e-04
     Epoch[25] Iteration[540/620], entropy: 0.4157, loss: 0.4157, lr: 7.85e-06
     Epoch[25] Iteration[550/620], entropy: 0.3042, loss: 0.3042, lr: 2.34e-04
     Epoch[25] Iteration[560/620], entropy: 0.4022, loss: 0.4022, lr: 4.82e-04
     Epoch[25] Iteration[570/620], entropy: 0.3306, loss: 0.3306, lr: 4.09e-04
     Epoch[25] Iteration[580/620], entropy: 0.2196, loss: 0.2196, lr: 1.16e-04
     Epoch[25] Iteration[590/620], entropy: 0.2954, loss: 0.2954, lr: 7.85e-06
     Epoch[25] Iteration[600/620], entropy: 0.3651, loss: 0.3651, lr: 2.34e-04
     Epoch[25] Iteration[610/620], entropy: 0.2940, loss: 0.2940, lr: 4.82e-04
     Epoch[25] Iteration[620/620], entropy: 0.3396, loss: 0.3396, lr: 4.09e-04
     Averaged stats: entropy: 0.3396, loss: 0.3396, lr: 4.09e-04
     itm tta time 0:02:39
### TTA Eval Score: 
+-------+--------+--------+--------+--------+-------+
| epoch |   R1   |   R5   |  R10   |  mAP   |  mINP |
+-------+--------+--------+--------+--------+-------+
|  -999 | 37.309 | 55.572 | 63.548 | 20.139 | 2.213 |
|   0   | 38.336 | 56.187 | 64.495 | 20.158 | 2.051 |
|   1   | 38.886 | 56.691 | 64.908 | 20.497 | 2.121 |
|   2   | 38.926 | 56.721 | 64.994 | 20.556 | 2.138 |
|   3   | 38.941 | 56.605 | 64.873 | 20.494 | 2.127 |
|   4   | 39.072 | 56.948 | 65.236 | 20.634 | 2.167 |
|   5   | 39.153 | 56.721 | 65.095 | 20.816 | 2.245 |
|   6   | 39.233 | 56.973 | 65.412 | 20.749 | 2.173 |
|   7   | 39.334 | 57.013 | 65.488 | 20.865 | 2.209 |
|   8   | 39.410 | 57.164 | 65.463 | 20.824 | 2.177 |
|   9   | 39.233 | 56.973 | 65.528 | 20.850 | 2.210 |
|   10  | 39.082 | 56.646 | 65.211 | 20.675 | 2.177 |
|   11  | 39.082 | 56.807 | 65.347 | 20.713 | 2.182 |
|   12  | 39.233 | 56.978 | 65.392 | 20.749 | 2.179 |
|   13  | 39.279 | 57.059 | 65.538 | 20.889 | 2.213 |
|   14  | 39.173 | 56.953 | 65.316 | 20.753 | 2.196 |
|   15  | 39.279 | 57.013 | 65.508 | 20.844 | 2.192 |
|   16  | 39.374 | 57.094 | 65.513 | 20.836 | 2.182 |
|   17  | 39.208 | 57.023 | 65.316 | 20.796 | 2.180 |
|   18  | 39.097 | 56.837 | 65.206 | 20.718 | 2.182 |
|   19  | 39.279 | 57.018 | 65.427 | 20.896 | 2.229 |
|   20  | 39.183 | 56.988 | 65.397 | 20.789 | 2.204 |
|   21  | 39.470 | 57.285 | 65.513 | 20.936 | 2.193 |
|   22  | 39.384 | 57.154 | 65.432 | 20.894 | 2.196 |
|   23  | 39.465 | 57.290 | 65.543 | 20.947 | 2.208 |
|   24  | 39.304 | 57.089 | 65.447 | 20.863 | 2.190 |
|   25  | 39.475 | 57.190 | 65.599 | 20.940 | 2.197 |
+-------+--------+--------+--------+--------+-------+
     logs:  {'epo': 25, 'R1': np.float32(39.475), 'R5': np.float32(57.19), 'R10': np.float32(65.599), 'mAP': np.float32(20.94), 'mINP': np.float32(2.197), 'entropy': 0.31363618494041506, 'loss': 0.31363618494041506, 'lr': 0.00025631935675659223}
     Epoch[26] Iteration[10/620], entropy: 0.3067, loss: 0.3067, lr: 1.16e-04
     Epoch[26] Iteration[20/620], entropy: 0.2797, loss: 0.2797, lr: 7.85e-06
     Epoch[26] Iteration[30/620], entropy: 0.1911, loss: 0.1911, lr: 2.34e-04
     Epoch[26] Iteration[40/620], entropy: 0.3380, loss: 0.3380, lr: 4.82e-04
     Epoch[26] Iteration[50/620], entropy: 0.2753, loss: 0.2753, lr: 4.09e-04
     Epoch[26] Iteration[60/620], entropy: 0.2297, loss: 0.2297, lr: 1.16e-04
     Epoch[26] Iteration[70/620], entropy: 0.2787, loss: 0.2787, lr: 7.85e-06
     Epoch[26] Iteration[80/620], entropy: 0.3116, loss: 0.3116, lr: 2.34e-04
     Epoch[26] Iteration[90/620], entropy: 0.3082, loss: 0.3082, lr: 4.82e-04
     Epoch[26] Iteration[100/620], entropy: 0.3075, loss: 0.3075, lr: 4.09e-04
     Epoch[26] Iteration[110/620], entropy: 0.3311, loss: 0.3311, lr: 1.16e-04
     Epoch[26] Iteration[120/620], entropy: 0.3065, loss: 0.3065, lr: 7.85e-06
     Epoch[26] Iteration[130/620], entropy: 0.2613, loss: 0.2613, lr: 2.34e-04
     Epoch[26] Iteration[140/620], entropy: 0.2809, loss: 0.2809, lr: 4.82e-04
     Epoch[26] Iteration[150/620], entropy: 0.3194, loss: 0.3194, lr: 4.09e-04
     Epoch[26] Iteration[160/620], entropy: 0.3773, loss: 0.3773, lr: 1.16e-04
     Epoch[26] Iteration[170/620], entropy: 0.3293, loss: 0.3293, lr: 7.85e-06
     Epoch[26] Iteration[180/620], entropy: 0.2633, loss: 0.2633, lr: 2.34e-04
     Epoch[26] Iteration[190/620], entropy: 0.2857, loss: 0.2857, lr: 4.82e-04
     Epoch[26] Iteration[200/620], entropy: 0.3408, loss: 0.3408, lr: 4.09e-04
     Epoch[26] Iteration[210/620], entropy: 0.3963, loss: 0.3963, lr: 1.16e-04
     Epoch[26] Iteration[220/620], entropy: 0.4172, loss: 0.4172, lr: 7.85e-06
     Epoch[26] Iteration[230/620], entropy: 0.2671, loss: 0.2671, lr: 2.34e-04
     Epoch[26] Iteration[240/620], entropy: 0.3394, loss: 0.3394, lr: 4.82e-04
     Epoch[26] Iteration[250/620], entropy: 0.4486, loss: 0.4486, lr: 4.09e-04
     Epoch[26] Iteration[260/620], entropy: 0.3960, loss: 0.3960, lr: 1.16e-04
     Epoch[26] Iteration[270/620], entropy: 0.3875, loss: 0.3875, lr: 7.85e-06
     Epoch[26] Iteration[280/620], entropy: 0.3251, loss: 0.3251, lr: 2.34e-04
     Epoch[26] Iteration[290/620], entropy: 0.3416, loss: 0.3416, lr: 4.82e-04
     Epoch[26] Iteration[300/620], entropy: 0.3398, loss: 0.3398, lr: 4.09e-04
     Epoch[26] Iteration[310/620], entropy: 0.2140, loss: 0.2140, lr: 1.16e-04
     Epoch[26] Iteration[320/620], entropy: 0.3657, loss: 0.3657, lr: 7.85e-06
     Epoch[26] Iteration[330/620], entropy: 0.3960, loss: 0.3960, lr: 2.34e-04
     Epoch[26] Iteration[340/620], entropy: 0.2286, loss: 0.2286, lr: 4.82e-04
     Epoch[26] Iteration[350/620], entropy: 0.2280, loss: 0.2280, lr: 4.09e-04
     Epoch[26] Iteration[360/620], entropy: 0.2649, loss: 0.2649, lr: 1.16e-04
     Epoch[26] Iteration[370/620], entropy: 0.2476, loss: 0.2476, lr: 7.85e-06
     Epoch[26] Iteration[380/620], entropy: 0.3178, loss: 0.3178, lr: 2.34e-04
     Epoch[26] Iteration[390/620], entropy: 0.2370, loss: 0.2370, lr: 4.82e-04
     Epoch[26] Iteration[400/620], entropy: 0.3283, loss: 0.3283, lr: 4.09e-04
     Epoch[26] Iteration[410/620], entropy: 0.2972, loss: 0.2972, lr: 1.16e-04
     Epoch[26] Iteration[420/620], entropy: 0.2823, loss: 0.2823, lr: 7.85e-06
     Epoch[26] Iteration[430/620], entropy: 0.3125, loss: 0.3125, lr: 2.34e-04
     Epoch[26] Iteration[440/620], entropy: 0.3327, loss: 0.3327, lr: 4.82e-04
     Epoch[26] Iteration[450/620], entropy: 0.3235, loss: 0.3235, lr: 4.09e-04
     Epoch[26] Iteration[460/620], entropy: 0.2603, loss: 0.2603, lr: 1.16e-04
     Epoch[26] Iteration[470/620], entropy: 0.2558, loss: 0.2558, lr: 7.85e-06
     Epoch[26] Iteration[480/620], entropy: 0.3044, loss: 0.3044, lr: 2.34e-04
     Epoch[26] Iteration[490/620], entropy: 0.2710, loss: 0.2710, lr: 4.82e-04
     Epoch[26] Iteration[500/620], entropy: 0.3085, loss: 0.3085, lr: 4.09e-04
     Epoch[26] Iteration[510/620], entropy: 0.3561, loss: 0.3561, lr: 1.16e-04
     Epoch[26] Iteration[520/620], entropy: 0.3582, loss: 0.3582, lr: 7.85e-06
     Epoch[26] Iteration[530/620], entropy: 0.3561, loss: 0.3561, lr: 2.34e-04
     Epoch[26] Iteration[540/620], entropy: 0.2881, loss: 0.2881, lr: 4.82e-04
     Epoch[26] Iteration[550/620], entropy: 0.3476, loss: 0.3476, lr: 4.09e-04
     Epoch[26] Iteration[560/620], entropy: 0.2924, loss: 0.2924, lr: 1.16e-04
     Epoch[26] Iteration[570/620], entropy: 0.2864, loss: 0.2864, lr: 7.85e-06
     Epoch[26] Iteration[580/620], entropy: 0.3272, loss: 0.3272, lr: 2.34e-04
     Epoch[26] Iteration[590/620], entropy: 0.1734, loss: 0.1734, lr: 4.82e-04
     Epoch[26] Iteration[600/620], entropy: 0.2222, loss: 0.2222, lr: 4.09e-04
     Epoch[26] Iteration[610/620], entropy: 0.4121, loss: 0.4121, lr: 1.16e-04
     Epoch[26] Iteration[620/620], entropy: 0.3116, loss: 0.3116, lr: 7.85e-06
     Averaged stats: entropy: 0.3116, loss: 0.3116, lr: 7.85e-06
     itm tta time 0:02:35
### TTA Eval Score: 
+-------+--------+--------+--------+--------+-------+
| epoch |   R1   |   R5   |  R10   |  mAP   |  mINP |
+-------+--------+--------+--------+--------+-------+
|  -999 | 37.309 | 55.572 | 63.548 | 20.139 | 2.213 |
|   0   | 38.336 | 56.187 | 64.495 | 20.158 | 2.051 |
|   1   | 38.886 | 56.691 | 64.908 | 20.497 | 2.121 |
|   2   | 38.926 | 56.721 | 64.994 | 20.556 | 2.138 |
|   3   | 38.941 | 56.605 | 64.873 | 20.494 | 2.127 |
|   4   | 39.072 | 56.948 | 65.236 | 20.634 | 2.167 |
|   5   | 39.153 | 56.721 | 65.095 | 20.816 | 2.245 |
|   6   | 39.233 | 56.973 | 65.412 | 20.749 | 2.173 |
|   7   | 39.334 | 57.013 | 65.488 | 20.865 | 2.209 |
|   8   | 39.410 | 57.164 | 65.463 | 20.824 | 2.177 |
|   9   | 39.233 | 56.973 | 65.528 | 20.850 | 2.210 |
|   10  | 39.082 | 56.646 | 65.211 | 20.675 | 2.177 |
|   11  | 39.082 | 56.807 | 65.347 | 20.713 | 2.182 |
|   12  | 39.233 | 56.978 | 65.392 | 20.749 | 2.179 |
|   13  | 39.279 | 57.059 | 65.538 | 20.889 | 2.213 |
|   14  | 39.173 | 56.953 | 65.316 | 20.753 | 2.196 |
|   15  | 39.279 | 57.013 | 65.508 | 20.844 | 2.192 |
|   16  | 39.374 | 57.094 | 65.513 | 20.836 | 2.182 |
|   17  | 39.208 | 57.023 | 65.316 | 20.796 | 2.180 |
|   18  | 39.097 | 56.837 | 65.206 | 20.718 | 2.182 |
|   19  | 39.279 | 57.018 | 65.427 | 20.896 | 2.229 |
|   20  | 39.183 | 56.988 | 65.397 | 20.789 | 2.204 |
|   21  | 39.470 | 57.285 | 65.513 | 20.936 | 2.193 |
|   22  | 39.384 | 57.154 | 65.432 | 20.894 | 2.196 |
|   23  | 39.465 | 57.290 | 65.543 | 20.947 | 2.208 |
|   24  | 39.304 | 57.089 | 65.447 | 20.863 | 2.190 |
|   25  | 39.475 | 57.190 | 65.599 | 20.940 | 2.197 |
|   26  | 39.410 | 57.129 | 65.588 | 20.885 | 2.178 |
+-------+--------+--------+--------+--------+-------+
     logs:  {'epo': 26, 'R1': np.float32(39.41), 'R5': np.float32(57.129), 'R10': np.float32(65.588), 'mAP': np.float32(20.885), 'mINP': np.float32(2.178), 'entropy': 0.3078710665145228, 'loss': 0.3078710665145228, 'lr': 0.00024393383082216375}
     Epoch[27] Iteration[10/620], entropy: 0.2610, loss: 0.2610, lr: 2.34e-04
     Epoch[27] Iteration[20/620], entropy: 0.4001, loss: 0.4001, lr: 4.82e-04
     Epoch[27] Iteration[30/620], entropy: 0.3468, loss: 0.3468, lr: 4.09e-04
     Epoch[27] Iteration[40/620], entropy: 0.2957, loss: 0.2957, lr: 1.16e-04
     Epoch[27] Iteration[50/620], entropy: 0.2941, loss: 0.2941, lr: 7.85e-06
     Epoch[27] Iteration[60/620], entropy: 0.3274, loss: 0.3274, lr: 2.34e-04
     Epoch[27] Iteration[70/620], entropy: 0.3483, loss: 0.3483, lr: 4.82e-04
     Epoch[27] Iteration[80/620], entropy: 0.2758, loss: 0.2758, lr: 4.09e-04
     Epoch[27] Iteration[90/620], entropy: 0.2266, loss: 0.2266, lr: 1.16e-04
     Epoch[27] Iteration[100/620], entropy: 0.3776, loss: 0.3776, lr: 7.85e-06
     Epoch[27] Iteration[110/620], entropy: 0.2336, loss: 0.2336, lr: 2.34e-04
     Epoch[27] Iteration[120/620], entropy: 0.2360, loss: 0.2360, lr: 4.82e-04
     Epoch[27] Iteration[130/620], entropy: 0.2732, loss: 0.2732, lr: 4.09e-04
     Epoch[27] Iteration[140/620], entropy: 0.3091, loss: 0.3091, lr: 1.16e-04
     Epoch[27] Iteration[150/620], entropy: 0.2436, loss: 0.2436, lr: 7.85e-06
     Epoch[27] Iteration[160/620], entropy: 0.2940, loss: 0.2940, lr: 2.34e-04
     Epoch[27] Iteration[170/620], entropy: 0.4486, loss: 0.4486, lr: 4.82e-04
     Epoch[27] Iteration[180/620], entropy: 0.2846, loss: 0.2846, lr: 4.09e-04
     Epoch[27] Iteration[190/620], entropy: 0.2209, loss: 0.2209, lr: 1.16e-04
     Epoch[27] Iteration[200/620], entropy: 0.4509, loss: 0.4509, lr: 7.85e-06
     Epoch[27] Iteration[210/620], entropy: 0.2409, loss: 0.2409, lr: 2.34e-04
     Epoch[27] Iteration[220/620], entropy: 0.3247, loss: 0.3247, lr: 4.82e-04
     Epoch[27] Iteration[230/620], entropy: 0.2850, loss: 0.2850, lr: 4.09e-04
     Epoch[27] Iteration[240/620], entropy: 0.3574, loss: 0.3574, lr: 1.16e-04
     Epoch[27] Iteration[250/620], entropy: 0.2619, loss: 0.2619, lr: 7.85e-06
     Epoch[27] Iteration[260/620], entropy: 0.3541, loss: 0.3541, lr: 2.34e-04
     Epoch[27] Iteration[270/620], entropy: 0.2341, loss: 0.2341, lr: 4.82e-04
     Epoch[27] Iteration[280/620], entropy: 0.2913, loss: 0.2913, lr: 4.09e-04
     Epoch[27] Iteration[290/620], entropy: 0.2948, loss: 0.2948, lr: 1.16e-04
     Epoch[27] Iteration[300/620], entropy: 0.3859, loss: 0.3859, lr: 7.85e-06
     Epoch[27] Iteration[310/620], entropy: 0.3185, loss: 0.3185, lr: 2.34e-04
     Epoch[27] Iteration[320/620], entropy: 0.2884, loss: 0.2884, lr: 4.82e-04
     Epoch[27] Iteration[330/620], entropy: 0.2916, loss: 0.2916, lr: 4.09e-04
     Epoch[27] Iteration[340/620], entropy: 0.3419, loss: 0.3419, lr: 1.16e-04
     Epoch[27] Iteration[350/620], entropy: 0.3470, loss: 0.3470, lr: 7.85e-06
     Epoch[27] Iteration[360/620], entropy: 0.3622, loss: 0.3622, lr: 2.34e-04
     Epoch[27] Iteration[370/620], entropy: 0.4074, loss: 0.4074, lr: 4.82e-04
     Epoch[27] Iteration[380/620], entropy: 0.3271, loss: 0.3271, lr: 4.09e-04
     Epoch[27] Iteration[390/620], entropy: 0.2993, loss: 0.2993, lr: 1.16e-04
     Epoch[27] Iteration[400/620], entropy: 0.2926, loss: 0.2926, lr: 7.85e-06
     Epoch[27] Iteration[410/620], entropy: 0.4554, loss: 0.4554, lr: 2.34e-04
     Epoch[27] Iteration[420/620], entropy: 0.4017, loss: 0.4017, lr: 4.82e-04
     Epoch[27] Iteration[430/620], entropy: 0.3540, loss: 0.3540, lr: 4.09e-04
     Epoch[27] Iteration[440/620], entropy: 0.2940, loss: 0.2940, lr: 1.16e-04
     Epoch[27] Iteration[450/620], entropy: 0.3060, loss: 0.3060, lr: 7.85e-06
     Epoch[27] Iteration[460/620], entropy: 0.3653, loss: 0.3653, lr: 2.34e-04
     Epoch[27] Iteration[470/620], entropy: 0.3234, loss: 0.3234, lr: 4.82e-04
     Epoch[27] Iteration[480/620], entropy: 0.2900, loss: 0.2900, lr: 4.09e-04
     Epoch[27] Iteration[490/620], entropy: 0.3862, loss: 0.3862, lr: 1.16e-04
     Epoch[27] Iteration[500/620], entropy: 0.2453, loss: 0.2453, lr: 7.85e-06
     Epoch[27] Iteration[510/620], entropy: 0.3645, loss: 0.3645, lr: 2.34e-04
     Epoch[27] Iteration[520/620], entropy: 0.3788, loss: 0.3788, lr: 4.82e-04
     Epoch[27] Iteration[530/620], entropy: 0.3147, loss: 0.3147, lr: 4.09e-04
     Epoch[27] Iteration[540/620], entropy: 0.3034, loss: 0.3034, lr: 1.16e-04
     Epoch[27] Iteration[550/620], entropy: 0.3562, loss: 0.3562, lr: 7.85e-06
     Epoch[27] Iteration[560/620], entropy: 0.2342, loss: 0.2342, lr: 2.34e-04
     Epoch[27] Iteration[570/620], entropy: 0.3276, loss: 0.3276, lr: 4.82e-04
     Epoch[27] Iteration[580/620], entropy: 0.2974, loss: 0.2974, lr: 4.09e-04
     Epoch[27] Iteration[590/620], entropy: 0.3365, loss: 0.3365, lr: 1.16e-04
     Epoch[27] Iteration[600/620], entropy: 0.2955, loss: 0.2955, lr: 7.85e-06
     Epoch[27] Iteration[610/620], entropy: 0.2726, loss: 0.2726, lr: 2.34e-04
     Epoch[27] Iteration[620/620], entropy: 0.3083, loss: 0.3083, lr: 4.82e-04
     Averaged stats: entropy: 0.3083, loss: 0.3083, lr: 4.82e-04
     itm tta time 0:02:34
### TTA Eval Score: 
+-------+--------+--------+--------+--------+-------+
| epoch |   R1   |   R5   |  R10   |  mAP   |  mINP |
+-------+--------+--------+--------+--------+-------+
|  -999 | 37.309 | 55.572 | 63.548 | 20.139 | 2.213 |
|   0   | 38.336 | 56.187 | 64.495 | 20.158 | 2.051 |
|   1   | 38.886 | 56.691 | 64.908 | 20.497 | 2.121 |
|   2   | 38.926 | 56.721 | 64.994 | 20.556 | 2.138 |
|   3   | 38.941 | 56.605 | 64.873 | 20.494 | 2.127 |
|   4   | 39.072 | 56.948 | 65.236 | 20.634 | 2.167 |
|   5   | 39.153 | 56.721 | 65.095 | 20.816 | 2.245 |
|   6   | 39.233 | 56.973 | 65.412 | 20.749 | 2.173 |
|   7   | 39.334 | 57.013 | 65.488 | 20.865 | 2.209 |
|   8   | 39.410 | 57.164 | 65.463 | 20.824 | 2.177 |
|   9   | 39.233 | 56.973 | 65.528 | 20.850 | 2.210 |
|   10  | 39.082 | 56.646 | 65.211 | 20.675 | 2.177 |
|   11  | 39.082 | 56.807 | 65.347 | 20.713 | 2.182 |
|   12  | 39.233 | 56.978 | 65.392 | 20.749 | 2.179 |
|   13  | 39.279 | 57.059 | 65.538 | 20.889 | 2.213 |
|   14  | 39.173 | 56.953 | 65.316 | 20.753 | 2.196 |
|   15  | 39.279 | 57.013 | 65.508 | 20.844 | 2.192 |
|   16  | 39.374 | 57.094 | 65.513 | 20.836 | 2.182 |
|   17  | 39.208 | 57.023 | 65.316 | 20.796 | 2.180 |
|   18  | 39.097 | 56.837 | 65.206 | 20.718 | 2.182 |
|   19  | 39.279 | 57.018 | 65.427 | 20.896 | 2.229 |
|   20  | 39.183 | 56.988 | 65.397 | 20.789 | 2.204 |
|   21  | 39.470 | 57.285 | 65.513 | 20.936 | 2.193 |
|   22  | 39.384 | 57.154 | 65.432 | 20.894 | 2.196 |
|   23  | 39.465 | 57.290 | 65.543 | 20.947 | 2.208 |
|   24  | 39.304 | 57.089 | 65.447 | 20.863 | 2.190 |
|   25  | 39.475 | 57.190 | 65.599 | 20.940 | 2.197 |
|   26  | 39.410 | 57.129 | 65.588 | 20.885 | 2.178 |
|   27  | 39.319 | 57.028 | 65.306 | 20.828 | 2.197 |
+-------+--------+--------+--------+--------+-------+
     logs:  {'epo': 27, 'R1': np.float32(39.319), 'R5': np.float32(57.028), 'R10': np.float32(65.306), 'mAP': np.float32(20.828), 'mINP': np.float32(2.197), 'entropy': 0.31718208833086875, 'loss': 0.31718208833086875, 'lr': 0.00025349591115468616}
     Epoch[28] Iteration[10/620], entropy: 0.3666, loss: 0.3666, lr: 4.09e-04
     Epoch[28] Iteration[20/620], entropy: 0.3062, loss: 0.3062, lr: 1.16e-04
     Epoch[28] Iteration[30/620], entropy: 0.3991, loss: 0.3991, lr: 7.85e-06
     Epoch[28] Iteration[40/620], entropy: 0.2359, loss: 0.2359, lr: 2.34e-04
     Epoch[28] Iteration[50/620], entropy: 0.3657, loss: 0.3657, lr: 4.82e-04
     Epoch[28] Iteration[60/620], entropy: 0.3167, loss: 0.3167, lr: 4.09e-04
     Epoch[28] Iteration[70/620], entropy: 0.3055, loss: 0.3055, lr: 1.16e-04
     Epoch[28] Iteration[80/620], entropy: 0.2384, loss: 0.2384, lr: 7.85e-06
     Epoch[28] Iteration[90/620], entropy: 0.3830, loss: 0.3830, lr: 2.34e-04
     Epoch[28] Iteration[100/620], entropy: 0.3013, loss: 0.3013, lr: 4.82e-04
     Epoch[28] Iteration[110/620], entropy: 0.2907, loss: 0.2907, lr: 4.09e-04
     Epoch[28] Iteration[120/620], entropy: 0.2099, loss: 0.2099, lr: 1.16e-04
     Epoch[28] Iteration[130/620], entropy: 0.3527, loss: 0.3527, lr: 7.85e-06
     Epoch[28] Iteration[140/620], entropy: 0.2830, loss: 0.2830, lr: 2.34e-04
     Epoch[28] Iteration[150/620], entropy: 0.3178, loss: 0.3178, lr: 4.82e-04
     Epoch[28] Iteration[160/620], entropy: 0.2799, loss: 0.2799, lr: 4.09e-04
     Epoch[28] Iteration[170/620], entropy: 0.3256, loss: 0.3256, lr: 1.16e-04
     Epoch[28] Iteration[180/620], entropy: 0.2622, loss: 0.2622, lr: 7.85e-06
     Epoch[28] Iteration[190/620], entropy: 0.2346, loss: 0.2346, lr: 2.34e-04
     Epoch[28] Iteration[200/620], entropy: 0.3520, loss: 0.3520, lr: 4.82e-04
     Epoch[28] Iteration[210/620], entropy: 0.3245, loss: 0.3245, lr: 4.09e-04
     Epoch[28] Iteration[220/620], entropy: 0.3018, loss: 0.3018, lr: 1.16e-04
     Epoch[28] Iteration[230/620], entropy: 0.3211, loss: 0.3211, lr: 7.85e-06
     Epoch[28] Iteration[240/620], entropy: 0.2791, loss: 0.2791, lr: 2.34e-04
     Epoch[28] Iteration[250/620], entropy: 0.3200, loss: 0.3200, lr: 4.82e-04
     Epoch[28] Iteration[260/620], entropy: 0.3874, loss: 0.3874, lr: 4.09e-04
     Epoch[28] Iteration[270/620], entropy: 0.2626, loss: 0.2626, lr: 1.16e-04
     Epoch[28] Iteration[280/620], entropy: 0.2623, loss: 0.2623, lr: 7.85e-06
     Epoch[28] Iteration[290/620], entropy: 0.2855, loss: 0.2855, lr: 2.34e-04
     Epoch[28] Iteration[300/620], entropy: 0.3671, loss: 0.3671, lr: 4.82e-04
     Epoch[28] Iteration[310/620], entropy: 0.2848, loss: 0.2848, lr: 4.09e-04
     Epoch[28] Iteration[320/620], entropy: 0.3360, loss: 0.3360, lr: 1.16e-04
     Epoch[28] Iteration[330/620], entropy: 0.3885, loss: 0.3885, lr: 7.85e-06
     Epoch[28] Iteration[340/620], entropy: 0.3276, loss: 0.3276, lr: 2.34e-04
     Epoch[28] Iteration[350/620], entropy: 0.3146, loss: 0.3146, lr: 4.82e-04
     Epoch[28] Iteration[360/620], entropy: 0.2872, loss: 0.2872, lr: 4.09e-04
     Epoch[28] Iteration[370/620], entropy: 0.2962, loss: 0.2962, lr: 1.16e-04
     Epoch[28] Iteration[380/620], entropy: 0.3240, loss: 0.3240, lr: 7.85e-06
     Epoch[28] Iteration[390/620], entropy: 0.3901, loss: 0.3901, lr: 2.34e-04
     Epoch[28] Iteration[400/620], entropy: 0.4533, loss: 0.4533, lr: 4.82e-04
     Epoch[28] Iteration[410/620], entropy: 0.3029, loss: 0.3029, lr: 4.09e-04
     Epoch[28] Iteration[420/620], entropy: 0.2609, loss: 0.2609, lr: 1.16e-04
     Epoch[28] Iteration[430/620], entropy: 0.3720, loss: 0.3720, lr: 7.85e-06
     Epoch[28] Iteration[440/620], entropy: 0.4184, loss: 0.4184, lr: 2.34e-04
     Epoch[28] Iteration[450/620], entropy: 0.3519, loss: 0.3519, lr: 4.82e-04
     Epoch[28] Iteration[460/620], entropy: 0.3428, loss: 0.3428, lr: 4.09e-04
     Epoch[28] Iteration[470/620], entropy: 0.2646, loss: 0.2646, lr: 1.16e-04
     Epoch[28] Iteration[480/620], entropy: 0.3240, loss: 0.3240, lr: 7.85e-06
     Epoch[28] Iteration[490/620], entropy: 0.3079, loss: 0.3079, lr: 2.34e-04
     Epoch[28] Iteration[500/620], entropy: 0.2942, loss: 0.2942, lr: 4.82e-04
     Epoch[28] Iteration[510/620], entropy: 0.2443, loss: 0.2443, lr: 4.09e-04
     Epoch[28] Iteration[520/620], entropy: 0.2878, loss: 0.2878, lr: 1.16e-04
     Epoch[28] Iteration[530/620], entropy: 0.3373, loss: 0.3373, lr: 7.85e-06
     Epoch[28] Iteration[540/620], entropy: 0.3544, loss: 0.3544, lr: 2.34e-04
     Epoch[28] Iteration[550/620], entropy: 0.2325, loss: 0.2325, lr: 4.82e-04
     Epoch[28] Iteration[560/620], entropy: 0.3066, loss: 0.3066, lr: 4.09e-04
     Epoch[28] Iteration[570/620], entropy: 0.2803, loss: 0.2803, lr: 1.16e-04
     Epoch[28] Iteration[580/620], entropy: 0.2897, loss: 0.2897, lr: 7.85e-06
     Epoch[28] Iteration[590/620], entropy: 0.2558, loss: 0.2558, lr: 2.34e-04
     Epoch[28] Iteration[600/620], entropy: 0.2135, loss: 0.2135, lr: 4.82e-04
     Epoch[28] Iteration[610/620], entropy: 0.2348, loss: 0.2348, lr: 4.09e-04
     Epoch[28] Iteration[620/620], entropy: 0.2053, loss: 0.2053, lr: 1.16e-04
     Averaged stats: entropy: 0.2053, loss: 0.2053, lr: 1.16e-04
     itm tta time 0:02:36
### TTA Eval Score: 
+-------+--------+--------+--------+--------+-------+
| epoch |   R1   |   R5   |  R10   |  mAP   |  mINP |
+-------+--------+--------+--------+--------+-------+
|  -999 | 37.309 | 55.572 | 63.548 | 20.139 | 2.213 |
|   0   | 38.336 | 56.187 | 64.495 | 20.158 | 2.051 |
|   1   | 38.886 | 56.691 | 64.908 | 20.497 | 2.121 |
|   2   | 38.926 | 56.721 | 64.994 | 20.556 | 2.138 |
|   3   | 38.941 | 56.605 | 64.873 | 20.494 | 2.127 |
|   4   | 39.072 | 56.948 | 65.236 | 20.634 | 2.167 |
|   5   | 39.153 | 56.721 | 65.095 | 20.816 | 2.245 |
|   6   | 39.233 | 56.973 | 65.412 | 20.749 | 2.173 |
|   7   | 39.334 | 57.013 | 65.488 | 20.865 | 2.209 |
|   8   | 39.410 | 57.164 | 65.463 | 20.824 | 2.177 |
|   9   | 39.233 | 56.973 | 65.528 | 20.850 | 2.210 |
|   10  | 39.082 | 56.646 | 65.211 | 20.675 | 2.177 |
|   11  | 39.082 | 56.807 | 65.347 | 20.713 | 2.182 |
|   12  | 39.233 | 56.978 | 65.392 | 20.749 | 2.179 |
|   13  | 39.279 | 57.059 | 65.538 | 20.889 | 2.213 |
|   14  | 39.173 | 56.953 | 65.316 | 20.753 | 2.196 |
|   15  | 39.279 | 57.013 | 65.508 | 20.844 | 2.192 |
|   16  | 39.374 | 57.094 | 65.513 | 20.836 | 2.182 |
|   17  | 39.208 | 57.023 | 65.316 | 20.796 | 2.180 |
|   18  | 39.097 | 56.837 | 65.206 | 20.718 | 2.182 |
|   19  | 39.279 | 57.018 | 65.427 | 20.896 | 2.229 |
|   20  | 39.183 | 56.988 | 65.397 | 20.789 | 2.204 |
|   21  | 39.470 | 57.285 | 65.513 | 20.936 | 2.193 |
|   22  | 39.384 | 57.154 | 65.432 | 20.894 | 2.196 |
|   23  | 39.465 | 57.290 | 65.543 | 20.947 | 2.208 |
|   24  | 39.304 | 57.089 | 65.447 | 20.863 | 2.190 |
|   25  | 39.475 | 57.190 | 65.599 | 20.940 | 2.197 |
|   26  | 39.410 | 57.129 | 65.588 | 20.885 | 2.178 |
|   27  | 39.319 | 57.028 | 65.306 | 20.828 | 2.197 |
|   28  | 39.354 | 57.094 | 65.412 | 20.955 | 2.241 |
+-------+--------+--------+--------+--------+-------+
     logs:  {'epo': 28, 'R1': np.float32(39.354), 'R5': np.float32(57.094), 'R10': np.float32(65.412), 'mAP': np.float32(20.955), 'mINP': np.float32(2.241), 'entropy': 0.3084188560324331, 'loss': 0.3084188560324331, 'lr': 0.0002504096661079584}
     Epoch[29] Iteration[10/620], entropy: 0.2466, loss: 0.2466, lr: 7.85e-06
     Epoch[29] Iteration[20/620], entropy: 0.3648, loss: 0.3648, lr: 2.34e-04
     Epoch[29] Iteration[30/620], entropy: 0.2391, loss: 0.2391, lr: 4.69e-04
     Epoch[29] Iteration[40/620], entropy: 0.2706, loss: 0.2706, lr: 4.32e-04
     Epoch[29] Iteration[50/620], entropy: 0.3303, loss: 0.3303, lr: 1.44e-04
     Epoch[29] Iteration[60/620], entropy: 0.2517, loss: 0.2517, lr: 1.97e-06
     Epoch[29] Iteration[70/620], entropy: 0.2863, loss: 0.2863, lr: 2.03e-04
     Epoch[29] Iteration[80/620], entropy: 0.3460, loss: 0.3460, lr: 4.69e-04
     Epoch[29] Iteration[90/620], entropy: 0.2923, loss: 0.2923, lr: 4.32e-04
     Epoch[29] Iteration[100/620], entropy: 0.2423, loss: 0.2423, lr: 1.44e-04
     Epoch[29] Iteration[110/620], entropy: 0.2572, loss: 0.2572, lr: 1.97e-06
     Epoch[29] Iteration[120/620], entropy: 0.1858, loss: 0.1858, lr: 2.03e-04
     Epoch[29] Iteration[130/620], entropy: 0.3390, loss: 0.3390, lr: 4.69e-04
     Epoch[29] Iteration[140/620], entropy: 0.3028, loss: 0.3028, lr: 4.32e-04
     Epoch[29] Iteration[150/620], entropy: 0.3263, loss: 0.3263, lr: 1.44e-04
     Epoch[29] Iteration[160/620], entropy: 0.2629, loss: 0.2629, lr: 1.97e-06
     Epoch[29] Iteration[170/620], entropy: 0.3093, loss: 0.3093, lr: 2.03e-04
     Epoch[29] Iteration[180/620], entropy: 0.3244, loss: 0.3244, lr: 4.69e-04
     Epoch[29] Iteration[190/620], entropy: 0.2515, loss: 0.2515, lr: 4.32e-04
     Epoch[29] Iteration[200/620], entropy: 0.2194, loss: 0.2194, lr: 1.44e-04
     Epoch[29] Iteration[210/620], entropy: 0.3051, loss: 0.3051, lr: 1.97e-06
     Epoch[29] Iteration[220/620], entropy: 0.3659, loss: 0.3659, lr: 2.03e-04
     Epoch[29] Iteration[230/620], entropy: 0.3320, loss: 0.3320, lr: 4.69e-04
     Epoch[29] Iteration[240/620], entropy: 0.3440, loss: 0.3440, lr: 4.32e-04
     Epoch[29] Iteration[250/620], entropy: 0.3314, loss: 0.3314, lr: 1.44e-04
     Epoch[29] Iteration[260/620], entropy: 0.3188, loss: 0.3188, lr: 1.97e-06
     Epoch[29] Iteration[270/620], entropy: 0.4126, loss: 0.4126, lr: 2.03e-04
     Epoch[29] Iteration[280/620], entropy: 0.3061, loss: 0.3061, lr: 4.69e-04
     Epoch[29] Iteration[290/620], entropy: 0.3717, loss: 0.3717, lr: 4.32e-04
     Epoch[29] Iteration[300/620], entropy: 0.2936, loss: 0.2936, lr: 1.44e-04
     Epoch[29] Iteration[310/620], entropy: 0.2987, loss: 0.2987, lr: 1.97e-06
     Epoch[29] Iteration[320/620], entropy: 0.2594, loss: 0.2594, lr: 2.03e-04
     Epoch[29] Iteration[330/620], entropy: 0.3593, loss: 0.3593, lr: 4.69e-04
     Epoch[29] Iteration[340/620], entropy: 0.3362, loss: 0.3362, lr: 4.32e-04
     Epoch[29] Iteration[350/620], entropy: 0.2912, loss: 0.2912, lr: 1.44e-04
     Epoch[29] Iteration[360/620], entropy: 0.2987, loss: 0.2987, lr: 1.97e-06
     Epoch[29] Iteration[370/620], entropy: 0.2743, loss: 0.2743, lr: 2.03e-04
     Epoch[29] Iteration[380/620], entropy: 0.2784, loss: 0.2784, lr: 4.69e-04
     Epoch[29] Iteration[390/620], entropy: 0.3210, loss: 0.3210, lr: 4.32e-04
     Epoch[29] Iteration[400/620], entropy: 0.2503, loss: 0.2503, lr: 1.44e-04
     Epoch[29] Iteration[410/620], entropy: 0.2428, loss: 0.2428, lr: 1.97e-06
     Epoch[29] Iteration[420/620], entropy: 0.4113, loss: 0.4113, lr: 2.03e-04
     Epoch[29] Iteration[430/620], entropy: 0.3273, loss: 0.3273, lr: 4.69e-04
     Epoch[29] Iteration[440/620], entropy: 0.3237, loss: 0.3237, lr: 4.32e-04
     Epoch[29] Iteration[450/620], entropy: 0.3051, loss: 0.3051, lr: 1.44e-04
     Epoch[29] Iteration[460/620], entropy: 0.2630, loss: 0.2630, lr: 1.97e-06
     Epoch[29] Iteration[470/620], entropy: 0.3359, loss: 0.3359, lr: 2.03e-04
     Epoch[29] Iteration[480/620], entropy: 0.3331, loss: 0.3331, lr: 4.69e-04
     Epoch[29] Iteration[490/620], entropy: 0.1563, loss: 0.1563, lr: 4.32e-04
     Epoch[29] Iteration[500/620], entropy: 0.2703, loss: 0.2703, lr: 1.44e-04
     Epoch[29] Iteration[510/620], entropy: 0.2653, loss: 0.2653, lr: 1.97e-06
     Epoch[29] Iteration[520/620], entropy: 0.2563, loss: 0.2563, lr: 2.03e-04
     Epoch[29] Iteration[530/620], entropy: 0.3009, loss: 0.3009, lr: 4.69e-04
     Epoch[29] Iteration[540/620], entropy: 0.3002, loss: 0.3002, lr: 4.32e-04
     Epoch[29] Iteration[550/620], entropy: 0.3572, loss: 0.3572, lr: 1.44e-04
     Epoch[29] Iteration[560/620], entropy: 0.2636, loss: 0.2636, lr: 1.97e-06
     Epoch[29] Iteration[570/620], entropy: 0.3116, loss: 0.3116, lr: 2.03e-04
     Epoch[29] Iteration[580/620], entropy: 0.3231, loss: 0.3231, lr: 4.69e-04
     Epoch[29] Iteration[590/620], entropy: 0.3450, loss: 0.3450, lr: 4.32e-04
     Epoch[29] Iteration[600/620], entropy: 0.2765, loss: 0.2765, lr: 1.44e-04
     Epoch[29] Iteration[610/620], entropy: 0.3324, loss: 0.3324, lr: 1.97e-06
     Epoch[29] Iteration[620/620], entropy: 0.2553, loss: 0.2553, lr: 2.03e-04
     Averaged stats: entropy: 0.2553, loss: 0.2553, lr: 2.03e-04
     itm tta time 0:02:38
### TTA Eval Score: 
+-------+--------+--------+--------+--------+-------+
| epoch |   R1   |   R5   |  R10   |  mAP   |  mINP |
+-------+--------+--------+--------+--------+-------+
|  -999 | 37.309 | 55.572 | 63.548 | 20.139 | 2.213 |
|   0   | 38.336 | 56.187 | 64.495 | 20.158 | 2.051 |
|   1   | 38.886 | 56.691 | 64.908 | 20.497 | 2.121 |
|   2   | 38.926 | 56.721 | 64.994 | 20.556 | 2.138 |
|   3   | 38.941 | 56.605 | 64.873 | 20.494 | 2.127 |
|   4   | 39.072 | 56.948 | 65.236 | 20.634 | 2.167 |
|   5   | 39.153 | 56.721 | 65.095 | 20.816 | 2.245 |
|   6   | 39.233 | 56.973 | 65.412 | 20.749 | 2.173 |
|   7   | 39.334 | 57.013 | 65.488 | 20.865 | 2.209 |
|   8   | 39.410 | 57.164 | 65.463 | 20.824 | 2.177 |
|   9   | 39.233 | 56.973 | 65.528 | 20.850 | 2.210 |
|   10  | 39.082 | 56.646 | 65.211 | 20.675 | 2.177 |
|   11  | 39.082 | 56.807 | 65.347 | 20.713 | 2.182 |
|   12  | 39.233 | 56.978 | 65.392 | 20.749 | 2.179 |
|   13  | 39.279 | 57.059 | 65.538 | 20.889 | 2.213 |
|   14  | 39.173 | 56.953 | 65.316 | 20.753 | 2.196 |
|   15  | 39.279 | 57.013 | 65.508 | 20.844 | 2.192 |
|   16  | 39.374 | 57.094 | 65.513 | 20.836 | 2.182 |
|   17  | 39.208 | 57.023 | 65.316 | 20.796 | 2.180 |
|   18  | 39.097 | 56.837 | 65.206 | 20.718 | 2.182 |
|   19  | 39.279 | 57.018 | 65.427 | 20.896 | 2.229 |
|   20  | 39.183 | 56.988 | 65.397 | 20.789 | 2.204 |
|   21  | 39.470 | 57.285 | 65.513 | 20.936 | 2.193 |
|   22  | 39.384 | 57.154 | 65.432 | 20.894 | 2.196 |
|   23  | 39.465 | 57.290 | 65.543 | 20.947 | 2.208 |
|   24  | 39.304 | 57.089 | 65.447 | 20.863 | 2.190 |
|   25  | 39.475 | 57.190 | 65.599 | 20.940 | 2.197 |
|   26  | 39.410 | 57.129 | 65.588 | 20.885 | 2.178 |
|   27  | 39.319 | 57.028 | 65.306 | 20.828 | 2.197 |
|   28  | 39.354 | 57.094 | 65.412 | 20.955 | 2.241 |
|   29  | 39.032 | 56.661 | 64.939 | 20.691 | 2.188 |
+-------+--------+--------+--------+--------+-------+
     logs:  {'epo': 29, 'R1': np.float32(39.032), 'R5': np.float32(56.661), 'R10': np.float32(64.939), 'mAP': np.float32(20.691), 'mINP': np.float32(2.188), 'entropy': 0.2992521622969258, 'loss': 0.2992521622969258, 'lr': 0.0002458412351586468}
### best epoch 25 : {'epo': '25', 'R1': '39.475', 'R5': '57.19', 'R10': '65.599', 'mAP': '20.94', 'mINP': '2.197', 'entropy': '0.31363618494041506', 'loss': '0.31363618494041506', 'lr': '0.00025631935675659223'}
### Time 2:03:45
