Not using distributed mode
### Hyper-parameters:
     output_dir: output_rerun/ham_icfg_tta/exp3.2.2/2025091105512
     seed: 42
     device: cuda
     batch_size_tta: 16
     epochs: 30
     lr: 1e-05
### Creating test dataset
     test_txt_set: 19848    test_img_set: 19848
     test_txt_loader: 39    test_img_loader: 39
### Creating model
Training Model with ['sdm', 'id', 'mlm'] tasks
Resized position embedding from size:torch.Size([1, 197, 768]) to size: torch.Size([1, 193, 768]) with height:24 width: 8
     Total Params Sum:  190482206
### Zero-Shot Score: 
/home/jiahao/task/IRRA/tta.py:267: FutureWarning: `torch.cuda.amp.GradScaler(args...)` is deprecated. Please use `torch.amp.GradScaler('cuda', args...)` instead.
  scaler = GradScaler()  # bf16
+-------+--------+--------+--------+--------+-------+
| epoch |   R1   |   R5   |  R10   |  mAP   |  mINP |
+-------+--------+--------+--------+--------+-------+
|  -999 | 37.304 | 55.557 | 63.548 | 20.140 | 2.213 |
+-------+--------+--------+--------+--------+-------+
### TTA:
### Compute Cos Similarity Uncertainty
     preprocess_tta_coefficients  start
     sample selection ...
     number of sample after sample_selection: 19848
     uncertainty ...
     pos/neg sampling ...
      number of sample after pos/neg sampling: torch.Size([19848, 8])
     preprocess_tta_coefficients  end
### Creating TTA dataset
     tta_dataset: 19848
### Creating tta dataloader
### be careful: func create_loader returns a list length of 1
     tta_loader: 1240
### Configure adapted weights
     TTA Dropout Modules: 
 []
     TTA Require Gradient Params: 
 [('base_model.transformer.resblocks.1.ln_1.weight', torch.Size([512])), ('base_model.transformer.resblocks.1.ln_1.bias', torch.Size([512])), ('base_model.transformer.resblocks.1.ln_2.weight', torch.Size([512])), ('base_model.transformer.resblocks.1.ln_2.bias', torch.Size([512])), ('base_model.transformer.resblocks.2.ln_1.weight', torch.Size([512])), ('base_model.transformer.resblocks.2.ln_1.bias', torch.Size([512])), ('base_model.transformer.resblocks.2.ln_2.weight', torch.Size([512])), ('base_model.transformer.resblocks.2.ln_2.bias', torch.Size([512])), ('base_model.transformer.resblocks.3.ln_1.weight', torch.Size([512])), ('base_model.transformer.resblocks.3.ln_1.bias', torch.Size([512])), ('base_model.transformer.resblocks.3.ln_2.weight', torch.Size([512])), ('base_model.transformer.resblocks.3.ln_2.bias', torch.Size([512])), ('base_model.transformer.resblocks.4.ln_1.weight', torch.Size([512])), ('base_model.transformer.resblocks.4.ln_1.bias', torch.Size([512])), ('base_model.transformer.resblocks.4.ln_2.weight', torch.Size([512])), ('base_model.transformer.resblocks.4.ln_2.bias', torch.Size([512])), ('base_model.transformer.resblocks.5.ln_1.weight', torch.Size([512])), ('base_model.transformer.resblocks.5.ln_1.bias', torch.Size([512])), ('base_model.transformer.resblocks.5.ln_2.weight', torch.Size([512])), ('base_model.transformer.resblocks.5.ln_2.bias', torch.Size([512])), ('base_model.transformer.resblocks.7.ln_1.weight', torch.Size([512])), ('base_model.transformer.resblocks.7.ln_1.bias', torch.Size([512])), ('base_model.transformer.resblocks.7.ln_2.weight', torch.Size([512])), ('base_model.transformer.resblocks.7.ln_2.bias', torch.Size([512])), ('base_model.transformer.resblocks.8.ln_1.weight', torch.Size([512])), ('base_model.transformer.resblocks.8.ln_1.bias', torch.Size([512])), ('base_model.transformer.resblocks.8.ln_2.weight', torch.Size([512])), ('base_model.transformer.resblocks.8.ln_2.bias', torch.Size([512])), ('base_model.transformer.resblocks.9.ln_1.weight', torch.Size([512])), ('base_model.transformer.resblocks.9.ln_1.bias', torch.Size([512])), ('base_model.transformer.resblocks.9.ln_2.weight', torch.Size([512])), ('base_model.transformer.resblocks.9.ln_2.bias', torch.Size([512])), ('base_model.transformer.resblocks.10.ln_1.weight', torch.Size([512])), ('base_model.transformer.resblocks.10.ln_1.bias', torch.Size([512])), ('base_model.transformer.resblocks.10.ln_2.weight', torch.Size([512])), ('base_model.transformer.resblocks.10.ln_2.bias', torch.Size([512])), ('base_model.transformer.resblocks.11.ln_1.weight', torch.Size([512])), ('base_model.transformer.resblocks.11.ln_1.bias', torch.Size([512])), ('base_model.transformer.resblocks.11.ln_2.weight', torch.Size([512])), ('base_model.transformer.resblocks.11.ln_2.bias', torch.Size([512])), ('base_model.ln_final.weight', torch.Size([512])), ('base_model.ln_final.bias', torch.Size([512]))]
     TTA Dropout Modules Number: 
 0
     TTA Require Gradient Params Sum: 
 21504
Using 5.0 times learning rate for random init module 
### Start Test Time Adaptation
/home/jiahao/task/IRRA/tta.py:65: FutureWarning: `torch.cuda.amp.autocast(args...)` is deprecated. Please use `torch.amp.autocast('cuda', args...)` instead.
  with torch.cuda.amp.autocast(enabled=True):
     Epoch[0] Iteration[10/1240], entropy: 0.7732, loss: 2.2085, lr: 9.38e-06
     Epoch[0] Iteration[20/1240], entropy: 0.5971, loss: 2.0215, lr: 4.06e-06
     Epoch[0] Iteration[30/1240], entropy: 0.7844, loss: 2.1771, lr: 3.94e-08
     Epoch[0] Iteration[40/1240], entropy: 0.5322, loss: 1.9631, lr: 2.87e-06
     Epoch[0] Iteration[50/1240], entropy: 0.8435, loss: 2.2111, lr: 8.64e-06
     Epoch[0] Iteration[60/1240], entropy: 0.7889, loss: 2.2090, lr: 9.38e-06
     Epoch[0] Iteration[70/1240], entropy: 0.6617, loss: 2.0589, lr: 4.06e-06
     Epoch[0] Iteration[80/1240], entropy: 0.8473, loss: 2.2190, lr: 3.94e-08
     Epoch[0] Iteration[90/1240], entropy: 0.6263, loss: 2.0591, lr: 2.87e-06
     Epoch[0] Iteration[100/1240], entropy: 0.5484, loss: 1.9818, lr: 8.64e-06
     Epoch[0] Iteration[110/1240], entropy: 0.7884, loss: 2.2066, lr: 9.38e-06
     Epoch[0] Iteration[120/1240], entropy: 0.5682, loss: 2.0182, lr: 4.06e-06
     Epoch[0] Iteration[130/1240], entropy: 0.9200, loss: 2.3254, lr: 3.94e-08
     Epoch[0] Iteration[140/1240], entropy: 0.8851, loss: 2.2232, lr: 2.87e-06
     Epoch[0] Iteration[150/1240], entropy: 0.8130, loss: 2.1504, lr: 8.64e-06
     Epoch[0] Iteration[160/1240], entropy: 0.6385, loss: 2.1094, lr: 9.38e-06
     Epoch[0] Iteration[170/1240], entropy: 0.9065, loss: 2.2490, lr: 4.06e-06
     Epoch[0] Iteration[180/1240], entropy: 0.7366, loss: 2.2306, lr: 3.94e-08
     Epoch[0] Iteration[190/1240], entropy: 0.8046, loss: 2.2050, lr: 2.87e-06
     Epoch[0] Iteration[200/1240], entropy: 0.7056, loss: 2.1324, lr: 8.64e-06
     Epoch[0] Iteration[210/1240], entropy: 0.7466, loss: 2.1609, lr: 9.38e-06
     Epoch[0] Iteration[220/1240], entropy: 0.6096, loss: 2.0464, lr: 4.06e-06
     Epoch[0] Iteration[230/1240], entropy: 0.5424, loss: 2.0182, lr: 3.94e-08
     Epoch[0] Iteration[240/1240], entropy: 0.9443, loss: 2.3714, lr: 2.87e-06
     Epoch[0] Iteration[250/1240], entropy: 1.0942, loss: 2.4467, lr: 8.64e-06
     Epoch[0] Iteration[260/1240], entropy: 0.5977, loss: 2.0246, lr: 9.38e-06
     Epoch[0] Iteration[270/1240], entropy: 0.5634, loss: 1.9790, lr: 4.06e-06
     Epoch[0] Iteration[280/1240], entropy: 0.8230, loss: 2.2829, lr: 3.94e-08
     Epoch[0] Iteration[290/1240], entropy: 0.8047, loss: 2.1799, lr: 2.87e-06
     Epoch[0] Iteration[300/1240], entropy: 0.5708, loss: 1.9923, lr: 8.64e-06
     Epoch[0] Iteration[310/1240], entropy: 0.8952, loss: 2.2350, lr: 9.38e-06
     Epoch[0] Iteration[320/1240], entropy: 0.7866, loss: 2.2225, lr: 4.06e-06
     Epoch[0] Iteration[330/1240], entropy: 0.6636, loss: 2.0637, lr: 3.94e-08
     Epoch[0] Iteration[340/1240], entropy: 0.7156, loss: 2.0569, lr: 2.87e-06
     Epoch[0] Iteration[350/1240], entropy: 0.9602, loss: 2.2770, lr: 8.64e-06
     Epoch[0] Iteration[360/1240], entropy: 0.6432, loss: 2.0714, lr: 9.38e-06
     Epoch[0] Iteration[370/1240], entropy: 0.7389, loss: 2.1623, lr: 4.06e-06
     Epoch[0] Iteration[380/1240], entropy: 0.9299, loss: 2.3635, lr: 3.94e-08
     Epoch[0] Iteration[390/1240], entropy: 0.8920, loss: 2.2650, lr: 2.87e-06
     Epoch[0] Iteration[400/1240], entropy: 0.6436, loss: 2.0970, lr: 8.64e-06
     Epoch[0] Iteration[410/1240], entropy: 0.6884, loss: 2.1458, lr: 9.38e-06
     Epoch[0] Iteration[420/1240], entropy: 0.4859, loss: 2.0198, lr: 4.06e-06
     Epoch[0] Iteration[430/1240], entropy: 0.6512, loss: 2.0593, lr: 3.94e-08
     Epoch[0] Iteration[440/1240], entropy: 0.7706, loss: 2.1504, lr: 2.87e-06
     Epoch[0] Iteration[450/1240], entropy: 0.9690, loss: 2.2909, lr: 8.64e-06
     Epoch[0] Iteration[460/1240], entropy: 0.8027, loss: 2.2150, lr: 9.38e-06
     Epoch[0] Iteration[470/1240], entropy: 0.6772, loss: 2.0955, lr: 4.06e-06
     Epoch[0] Iteration[480/1240], entropy: 0.8164, loss: 2.1353, lr: 3.94e-08
     Epoch[0] Iteration[490/1240], entropy: 0.6950, loss: 2.0662, lr: 2.87e-06
     Epoch[0] Iteration[500/1240], entropy: 1.0579, loss: 2.4607, lr: 8.64e-06
     Epoch[0] Iteration[510/1240], entropy: 0.8224, loss: 2.1952, lr: 9.38e-06
     Epoch[0] Iteration[520/1240], entropy: 0.7737, loss: 2.2712, lr: 4.06e-06
     Epoch[0] Iteration[530/1240], entropy: 0.6711, loss: 2.1570, lr: 3.94e-08
     Epoch[0] Iteration[540/1240], entropy: 0.7112, loss: 2.0890, lr: 2.87e-06
     Epoch[0] Iteration[550/1240], entropy: 0.7847, loss: 2.2274, lr: 8.64e-06
     Epoch[0] Iteration[560/1240], entropy: 0.8433, loss: 2.1895, lr: 9.38e-06
     Epoch[0] Iteration[570/1240], entropy: 0.8099, loss: 2.2102, lr: 4.06e-06
     Epoch[0] Iteration[580/1240], entropy: 0.8354, loss: 2.2280, lr: 3.94e-08
     Epoch[0] Iteration[590/1240], entropy: 1.0175, loss: 2.3382, lr: 2.87e-06
     Epoch[0] Iteration[600/1240], entropy: 0.8853, loss: 2.2107, lr: 8.64e-06
     Epoch[0] Iteration[610/1240], entropy: 0.9568, loss: 2.2918, lr: 9.38e-06
     Epoch[0] Iteration[620/1240], entropy: 0.8064, loss: 2.2095, lr: 4.06e-06
     Epoch[0] Iteration[630/1240], entropy: 0.5471, loss: 2.0845, lr: 3.94e-08
     Epoch[0] Iteration[640/1240], entropy: 0.8032, loss: 2.1653, lr: 2.87e-06
     Epoch[0] Iteration[650/1240], entropy: 0.7823, loss: 2.2127, lr: 8.64e-06
     Epoch[0] Iteration[660/1240], entropy: 0.7389, loss: 2.1241, lr: 9.38e-06
     Epoch[0] Iteration[670/1240], entropy: 0.8719, loss: 2.3125, lr: 4.06e-06
     Epoch[0] Iteration[680/1240], entropy: 1.0820, loss: 2.3669, lr: 3.94e-08
     Epoch[0] Iteration[690/1240], entropy: 0.5890, loss: 2.0135, lr: 2.87e-06
     Epoch[0] Iteration[700/1240], entropy: 0.6291, loss: 2.0216, lr: 8.64e-06
     Epoch[0] Iteration[710/1240], entropy: 0.7290, loss: 2.1422, lr: 9.38e-06
     Epoch[0] Iteration[720/1240], entropy: 0.8690, loss: 2.3048, lr: 4.06e-06
     Epoch[0] Iteration[730/1240], entropy: 0.6871, loss: 2.1267, lr: 3.94e-08
     Epoch[0] Iteration[740/1240], entropy: 0.7846, loss: 2.1960, lr: 2.87e-06
     Epoch[0] Iteration[750/1240], entropy: 0.8124, loss: 2.1772, lr: 8.64e-06
     Epoch[0] Iteration[760/1240], entropy: 0.7602, loss: 2.2553, lr: 9.38e-06
     Epoch[0] Iteration[770/1240], entropy: 0.8143, loss: 2.1613, lr: 4.06e-06
     Epoch[0] Iteration[780/1240], entropy: 0.6304, loss: 2.0486, lr: 3.94e-08
     Epoch[0] Iteration[790/1240], entropy: 0.7094, loss: 2.0936, lr: 2.87e-06
     Epoch[0] Iteration[800/1240], entropy: 0.7420, loss: 2.1730, lr: 8.64e-06
     Epoch[0] Iteration[810/1240], entropy: 0.7046, loss: 2.1729, lr: 9.38e-06
     Epoch[0] Iteration[820/1240], entropy: 1.0055, loss: 2.3608, lr: 4.06e-06
     Epoch[0] Iteration[830/1240], entropy: 0.4755, loss: 1.9777, lr: 3.94e-08
     Epoch[0] Iteration[840/1240], entropy: 0.8653, loss: 2.2989, lr: 2.87e-06
     Epoch[0] Iteration[850/1240], entropy: 0.6936, loss: 2.1305, lr: 8.64e-06
     Epoch[0] Iteration[860/1240], entropy: 0.8006, loss: 2.3455, lr: 9.38e-06
     Epoch[0] Iteration[870/1240], entropy: 0.8649, loss: 2.2451, lr: 4.06e-06
     Epoch[0] Iteration[880/1240], entropy: 0.5031, loss: 1.9270, lr: 3.94e-08
     Epoch[0] Iteration[890/1240], entropy: 0.7531, loss: 2.1691, lr: 2.87e-06
     Epoch[0] Iteration[900/1240], entropy: 0.8830, loss: 2.1692, lr: 8.64e-06
     Epoch[0] Iteration[910/1240], entropy: 0.9083, loss: 2.2896, lr: 9.38e-06
     Epoch[0] Iteration[920/1240], entropy: 0.6869, loss: 2.1333, lr: 4.06e-06
     Epoch[0] Iteration[930/1240], entropy: 0.5629, loss: 2.0930, lr: 3.94e-08
     Epoch[0] Iteration[940/1240], entropy: 0.8026, loss: 2.2721, lr: 2.87e-06
     Epoch[0] Iteration[950/1240], entropy: 0.4500, loss: 1.8390, lr: 8.64e-06
     Epoch[0] Iteration[960/1240], entropy: 0.8009, loss: 2.1831, lr: 9.38e-06
     Epoch[0] Iteration[970/1240], entropy: 0.9408, loss: 2.3171, lr: 4.06e-06
     Epoch[0] Iteration[980/1240], entropy: 0.8222, loss: 2.2493, lr: 3.94e-08
     Epoch[0] Iteration[990/1240], entropy: 0.7702, loss: 2.1079, lr: 2.87e-06
     Epoch[0] Iteration[1000/1240], entropy: 0.6907, loss: 2.0199, lr: 8.64e-06
     Epoch[0] Iteration[1010/1240], entropy: 0.7471, loss: 2.0885, lr: 9.38e-06
     Epoch[0] Iteration[1020/1240], entropy: 0.7719, loss: 2.1578, lr: 4.06e-06
     Epoch[0] Iteration[1030/1240], entropy: 0.6641, loss: 2.0950, lr: 3.94e-08
     Epoch[0] Iteration[1040/1240], entropy: 0.7947, loss: 2.1967, lr: 2.87e-06
     Epoch[0] Iteration[1050/1240], entropy: 0.7758, loss: 2.2148, lr: 8.64e-06
     Epoch[0] Iteration[1060/1240], entropy: 0.8354, loss: 2.2888, lr: 9.38e-06
     Epoch[0] Iteration[1070/1240], entropy: 0.7748, loss: 2.1915, lr: 4.06e-06
     Epoch[0] Iteration[1080/1240], entropy: 0.6742, loss: 2.1047, lr: 3.94e-08
     Epoch[0] Iteration[1090/1240], entropy: 0.6135, loss: 2.1360, lr: 2.87e-06
     Epoch[0] Iteration[1100/1240], entropy: 0.7058, loss: 2.1524, lr: 8.64e-06
     Epoch[0] Iteration[1110/1240], entropy: 0.3032, loss: 1.8553, lr: 9.38e-06
     Epoch[0] Iteration[1120/1240], entropy: 0.4495, loss: 1.8591, lr: 4.06e-06
     Epoch[0] Iteration[1130/1240], entropy: 1.0642, loss: 2.3808, lr: 3.94e-08
     Epoch[0] Iteration[1140/1240], entropy: 0.9572, loss: 2.3313, lr: 2.87e-06
     Epoch[0] Iteration[1150/1240], entropy: 0.7944, loss: 2.2360, lr: 8.64e-06
     Epoch[0] Iteration[1160/1240], entropy: 0.5838, loss: 1.9939, lr: 9.38e-06
     Epoch[0] Iteration[1170/1240], entropy: 0.7281, loss: 2.1368, lr: 4.06e-06
     Epoch[0] Iteration[1180/1240], entropy: 0.7582, loss: 2.1288, lr: 3.94e-08
     Epoch[0] Iteration[1190/1240], entropy: 0.9378, loss: 2.2304, lr: 2.87e-06
     Epoch[0] Iteration[1200/1240], entropy: 0.9480, loss: 2.3415, lr: 8.64e-06
     Epoch[0] Iteration[1210/1240], entropy: 0.8821, loss: 2.2600, lr: 9.38e-06
     Epoch[0] Iteration[1220/1240], entropy: 0.7109, loss: 2.1511, lr: 4.06e-06
     Epoch[0] Iteration[1230/1240], entropy: 0.9872, loss: 2.3157, lr: 3.94e-08
     Epoch[0] Iteration[1240/1240], entropy: 0.7577, loss: 2.1930, lr: 2.87e-06
     Averaged stats: entropy: 0.7577, loss: 2.1930, lr: 2.87e-06
     itm tta time 0:03:51
### TTA Eval Score: 
+-------+--------+--------+--------+--------+-------+
| epoch |   R1   |   R5   |  R10   |  mAP   |  mINP |
+-------+--------+--------+--------+--------+-------+
|  -999 | 37.304 | 55.557 | 63.548 | 20.140 | 2.213 |
|   0   | 37.500 | 55.643 | 63.654 | 20.140 | 2.170 |
+-------+--------+--------+--------+--------+-------+
     logs:  {'epo': 0, 'R1': np.float32(37.5), 'R5': np.float32(55.643), 'R10': np.float32(63.654), 'mAP': np.float32(20.14), 'mINP': np.float32(2.17), 'entropy': 0.760102323707073, 'loss': 2.168168625523967, 'lr': 4.970606103733008e-06}
     Epoch[1] Iteration[10/1240], entropy: 0.5879, loss: 2.0281, lr: 8.64e-06
     Epoch[1] Iteration[20/1240], entropy: 0.8377, loss: 2.2545, lr: 9.38e-06
     Epoch[1] Iteration[30/1240], entropy: 0.6538, loss: 2.1259, lr: 4.06e-06
     Epoch[1] Iteration[40/1240], entropy: 0.7652, loss: 2.1615, lr: 3.94e-08
     Epoch[1] Iteration[50/1240], entropy: 0.7917, loss: 2.1989, lr: 2.87e-06
     Epoch[1] Iteration[60/1240], entropy: 0.8587, loss: 2.2169, lr: 8.64e-06
     Epoch[1] Iteration[70/1240], entropy: 0.6733, loss: 2.0457, lr: 9.38e-06
     Epoch[1] Iteration[80/1240], entropy: 0.5055, loss: 1.9224, lr: 4.06e-06
     Epoch[1] Iteration[90/1240], entropy: 0.8457, loss: 2.2601, lr: 3.94e-08
     Epoch[1] Iteration[100/1240], entropy: 0.5683, loss: 2.0003, lr: 2.87e-06
     Epoch[1] Iteration[110/1240], entropy: 0.7950, loss: 2.2382, lr: 8.64e-06
     Epoch[1] Iteration[120/1240], entropy: 0.7156, loss: 2.1530, lr: 9.38e-06
     Epoch[1] Iteration[130/1240], entropy: 0.6360, loss: 2.1104, lr: 4.06e-06
     Epoch[1] Iteration[140/1240], entropy: 0.9460, loss: 2.3270, lr: 3.94e-08
     Epoch[1] Iteration[150/1240], entropy: 1.1162, loss: 2.4185, lr: 2.87e-06
     Epoch[1] Iteration[160/1240], entropy: 0.6483, loss: 1.9718, lr: 8.64e-06
     Epoch[1] Iteration[170/1240], entropy: 0.8145, loss: 2.2103, lr: 9.38e-06
     Epoch[1] Iteration[180/1240], entropy: 0.6522, loss: 2.0420, lr: 4.06e-06
     Epoch[1] Iteration[190/1240], entropy: 0.7552, loss: 2.1077, lr: 3.94e-08
     Epoch[1] Iteration[200/1240], entropy: 0.6874, loss: 2.1501, lr: 2.87e-06
     Epoch[1] Iteration[210/1240], entropy: 0.6923, loss: 2.1421, lr: 8.64e-06
     Epoch[1] Iteration[220/1240], entropy: 0.7671, loss: 2.1045, lr: 9.38e-06
     Epoch[1] Iteration[230/1240], entropy: 0.5949, loss: 2.0638, lr: 4.06e-06
     Epoch[1] Iteration[240/1240], entropy: 0.5095, loss: 1.9741, lr: 3.94e-08
     Epoch[1] Iteration[250/1240], entropy: 0.9511, loss: 2.3453, lr: 2.87e-06
     Epoch[1] Iteration[260/1240], entropy: 0.3978, loss: 1.9122, lr: 8.64e-06
     Epoch[1] Iteration[270/1240], entropy: 0.5818, loss: 2.0334, lr: 9.38e-06
     Epoch[1] Iteration[280/1240], entropy: 0.7095, loss: 2.1745, lr: 4.06e-06
     Epoch[1] Iteration[290/1240], entropy: 0.6499, loss: 2.1765, lr: 3.94e-08
     Epoch[1] Iteration[300/1240], entropy: 0.4856, loss: 1.9168, lr: 2.87e-06
     Epoch[1] Iteration[310/1240], entropy: 0.6958, loss: 2.1144, lr: 8.64e-06
     Epoch[1] Iteration[320/1240], entropy: 0.9373, loss: 2.3473, lr: 9.38e-06
     Epoch[1] Iteration[330/1240], entropy: 0.8198, loss: 2.2152, lr: 4.06e-06
     Epoch[1] Iteration[340/1240], entropy: 0.7103, loss: 2.1586, lr: 3.94e-08
     Epoch[1] Iteration[350/1240], entropy: 0.7547, loss: 2.1769, lr: 2.87e-06
     Epoch[1] Iteration[360/1240], entropy: 0.6956, loss: 2.0675, lr: 8.64e-06
     Epoch[1] Iteration[370/1240], entropy: 0.7582, loss: 2.1512, lr: 9.38e-06
     Epoch[1] Iteration[380/1240], entropy: 0.6862, loss: 2.1362, lr: 4.06e-06
     Epoch[1] Iteration[390/1240], entropy: 0.5578, loss: 2.0056, lr: 3.94e-08
     Epoch[1] Iteration[400/1240], entropy: 0.6590, loss: 2.1221, lr: 2.87e-06
     Epoch[1] Iteration[410/1240], entropy: 0.7826, loss: 2.2325, lr: 8.64e-06
     Epoch[1] Iteration[420/1240], entropy: 0.8104, loss: 2.1361, lr: 9.38e-06
     Epoch[1] Iteration[430/1240], entropy: 0.5727, loss: 1.9805, lr: 4.06e-06
     Epoch[1] Iteration[440/1240], entropy: 0.7874, loss: 2.1551, lr: 3.94e-08
     Epoch[1] Iteration[450/1240], entropy: 0.7624, loss: 2.1894, lr: 2.87e-06
     Epoch[1] Iteration[460/1240], entropy: 0.6406, loss: 2.0585, lr: 8.64e-06
     Epoch[1] Iteration[470/1240], entropy: 0.8586, loss: 2.2906, lr: 9.38e-06
     Epoch[1] Iteration[480/1240], entropy: 0.9331, loss: 2.2911, lr: 4.06e-06
     Epoch[1] Iteration[490/1240], entropy: 0.7544, loss: 2.1719, lr: 3.94e-08
     Epoch[1] Iteration[500/1240], entropy: 0.7834, loss: 2.2271, lr: 2.87e-06
     Epoch[1] Iteration[510/1240], entropy: 0.4920, loss: 1.8793, lr: 8.64e-06
     Epoch[1] Iteration[520/1240], entropy: 0.8902, loss: 2.2393, lr: 9.38e-06
     Epoch[1] Iteration[530/1240], entropy: 0.5604, loss: 1.9734, lr: 4.06e-06
     Epoch[1] Iteration[540/1240], entropy: 0.5769, loss: 1.9634, lr: 3.94e-08
     Epoch[1] Iteration[550/1240], entropy: 0.8959, loss: 2.2233, lr: 2.87e-06
     Epoch[1] Iteration[560/1240], entropy: 0.5128, loss: 1.9256, lr: 8.64e-06
     Epoch[1] Iteration[570/1240], entropy: 0.9533, loss: 2.3601, lr: 9.38e-06
     Epoch[1] Iteration[580/1240], entropy: 0.5637, loss: 2.0969, lr: 4.06e-06
     Epoch[1] Iteration[590/1240], entropy: 0.8520, loss: 2.1935, lr: 3.94e-08
     Epoch[1] Iteration[600/1240], entropy: 0.5286, loss: 1.9006, lr: 2.87e-06
     Epoch[1] Iteration[610/1240], entropy: 0.4703, loss: 1.9095, lr: 8.64e-06
     Epoch[1] Iteration[620/1240], entropy: 0.9578, loss: 2.3231, lr: 9.38e-06
     Epoch[1] Iteration[630/1240], entropy: 0.9468, loss: 2.3491, lr: 4.06e-06
     Epoch[1] Iteration[640/1240], entropy: 0.4532, loss: 1.9746, lr: 3.94e-08
     Epoch[1] Iteration[650/1240], entropy: 0.6239, loss: 2.0480, lr: 2.87e-06
     Epoch[1] Iteration[660/1240], entropy: 0.8949, loss: 2.2754, lr: 8.64e-06
     Epoch[1] Iteration[670/1240], entropy: 0.8285, loss: 2.2031, lr: 9.38e-06
     Epoch[1] Iteration[680/1240], entropy: 0.8332, loss: 2.2443, lr: 4.06e-06
     Epoch[1] Iteration[690/1240], entropy: 0.8111, loss: 2.2402, lr: 3.94e-08
     Epoch[1] Iteration[700/1240], entropy: 0.8366, loss: 2.1965, lr: 2.87e-06
     Epoch[1] Iteration[710/1240], entropy: 0.7272, loss: 2.1099, lr: 8.64e-06
     Epoch[1] Iteration[720/1240], entropy: 0.5275, loss: 1.9809, lr: 9.38e-06
     Epoch[1] Iteration[730/1240], entropy: 0.7441, loss: 2.1318, lr: 4.06e-06
     Epoch[1] Iteration[740/1240], entropy: 1.0283, loss: 2.4128, lr: 3.94e-08
     Epoch[1] Iteration[750/1240], entropy: 0.7193, loss: 2.1135, lr: 2.87e-06
     Epoch[1] Iteration[760/1240], entropy: 0.6322, loss: 2.0957, lr: 8.64e-06
     Epoch[1] Iteration[770/1240], entropy: 0.5761, loss: 2.0705, lr: 9.65e-06
     Epoch[1] Iteration[780/1240], entropy: 0.7896, loss: 2.1783, lr: 4.69e-06
     Epoch[1] Iteration[790/1240], entropy: 1.0062, loss: 2.2914, lr: 1.57e-07
     Epoch[1] Iteration[800/1240], entropy: 0.8898, loss: 2.3004, lr: 2.32e-06
     Epoch[1] Iteration[810/1240], entropy: 0.7841, loss: 2.1568, lr: 8.19e-06
     Epoch[1] Iteration[820/1240], entropy: 0.7344, loss: 2.1764, lr: 9.65e-06
     Epoch[1] Iteration[830/1240], entropy: 0.7767, loss: 2.1357, lr: 4.69e-06
     Epoch[1] Iteration[840/1240], entropy: 0.5977, loss: 1.9169, lr: 1.57e-07
     Epoch[1] Iteration[850/1240], entropy: 0.5964, loss: 2.0950, lr: 2.32e-06
     Epoch[1] Iteration[860/1240], entropy: 0.8218, loss: 2.1822, lr: 8.19e-06
     Epoch[1] Iteration[870/1240], entropy: 0.4058, loss: 1.9150, lr: 9.65e-06
     Epoch[1] Iteration[880/1240], entropy: 0.8478, loss: 2.2907, lr: 4.69e-06
     Epoch[1] Iteration[890/1240], entropy: 0.4919, loss: 1.9217, lr: 1.57e-07
     Epoch[1] Iteration[900/1240], entropy: 0.8124, loss: 2.2407, lr: 2.32e-06
     Epoch[1] Iteration[910/1240], entropy: 0.6114, loss: 2.0727, lr: 8.19e-06
     Epoch[1] Iteration[920/1240], entropy: 0.7673, loss: 2.1827, lr: 9.65e-06
     Epoch[1] Iteration[930/1240], entropy: 0.7238, loss: 2.1766, lr: 4.69e-06
     Epoch[1] Iteration[940/1240], entropy: 0.6720, loss: 2.1045, lr: 1.57e-07
     Epoch[1] Iteration[950/1240], entropy: 0.5931, loss: 2.0245, lr: 2.32e-06
     Epoch[1] Iteration[960/1240], entropy: 0.7848, loss: 2.1839, lr: 8.19e-06
     Epoch[1] Iteration[970/1240], entropy: 0.8382, loss: 2.1428, lr: 9.65e-06
     Epoch[1] Iteration[980/1240], entropy: 0.5672, loss: 1.9663, lr: 4.69e-06
     Epoch[1] Iteration[990/1240], entropy: 0.5495, loss: 2.0205, lr: 1.57e-07
     Epoch[1] Iteration[1000/1240], entropy: 0.8224, loss: 2.1819, lr: 2.32e-06
     Epoch[1] Iteration[1010/1240], entropy: 0.7282, loss: 2.1707, lr: 8.19e-06
     Epoch[1] Iteration[1020/1240], entropy: 0.9048, loss: 2.3224, lr: 9.65e-06
     Epoch[1] Iteration[1030/1240], entropy: 0.7290, loss: 2.2046, lr: 4.69e-06
     Epoch[1] Iteration[1040/1240], entropy: 0.6729, loss: 2.1451, lr: 1.57e-07
     Epoch[1] Iteration[1050/1240], entropy: 0.5914, loss: 2.0784, lr: 2.32e-06
     Epoch[1] Iteration[1060/1240], entropy: 0.6905, loss: 2.1533, lr: 8.19e-06
     Epoch[1] Iteration[1070/1240], entropy: 0.5174, loss: 2.0125, lr: 9.65e-06
     Epoch[1] Iteration[1080/1240], entropy: 0.8844, loss: 2.1715, lr: 4.69e-06
     Epoch[1] Iteration[1090/1240], entropy: 0.6346, loss: 2.0725, lr: 1.57e-07
     Epoch[1] Iteration[1100/1240], entropy: 0.6367, loss: 2.0033, lr: 2.32e-06
     Epoch[1] Iteration[1110/1240], entropy: 0.7803, loss: 2.2200, lr: 8.19e-06
     Epoch[1] Iteration[1120/1240], entropy: 0.9512, loss: 2.3338, lr: 9.65e-06
     Epoch[1] Iteration[1130/1240], entropy: 0.6026, loss: 2.1311, lr: 4.69e-06
     Epoch[1] Iteration[1140/1240], entropy: 0.7829, loss: 2.1753, lr: 1.57e-07
     Epoch[1] Iteration[1150/1240], entropy: 0.6593, loss: 2.0687, lr: 2.32e-06
     Epoch[1] Iteration[1160/1240], entropy: 0.7209, loss: 2.1460, lr: 8.19e-06
     Epoch[1] Iteration[1170/1240], entropy: 0.6922, loss: 2.1179, lr: 9.65e-06
     Epoch[1] Iteration[1180/1240], entropy: 0.6903, loss: 2.1106, lr: 4.69e-06
     Epoch[1] Iteration[1190/1240], entropy: 0.8655, loss: 2.2519, lr: 1.57e-07
     Epoch[1] Iteration[1200/1240], entropy: 0.7625, loss: 2.1803, lr: 2.32e-06
     Epoch[1] Iteration[1210/1240], entropy: 0.7742, loss: 2.2533, lr: 8.19e-06
     Epoch[1] Iteration[1220/1240], entropy: 0.6958, loss: 2.1386, lr: 9.65e-06
     Epoch[1] Iteration[1230/1240], entropy: 0.8732, loss: 2.2248, lr: 4.69e-06
     Epoch[1] Iteration[1240/1240], entropy: 0.5121, loss: 1.9904, lr: 1.57e-07
     Averaged stats: entropy: 0.5121, loss: 1.9904, lr: 1.57e-07
     itm tta time 0:03:53
### TTA Eval Score: 
+-------+--------+--------+--------+--------+-------+
| epoch |   R1   |   R5   |  R10   |  mAP   |  mINP |
+-------+--------+--------+--------+--------+-------+
|  -999 | 37.304 | 55.557 | 63.548 | 20.140 | 2.213 |
|   0   | 37.500 | 55.643 | 63.654 | 20.140 | 2.170 |
|   1   | 37.641 | 55.673 | 63.749 | 20.139 | 2.142 |
+-------+--------+--------+--------+--------+-------+
     logs:  {'epo': 1, 'R1': np.float32(37.641), 'R5': np.float32(55.673), 'R10': np.float32(63.749), 'mAP': np.float32(20.139), 'mINP': np.float32(2.142), 'entropy': 0.7211895138025284, 'loss': 2.1369577896210457, 'lr': 5.0252972351875655e-06}
     Epoch[2] Iteration[10/1240], entropy: 1.1954, loss: 2.4945, lr: 2.32e-06
     Epoch[2] Iteration[20/1240], entropy: 0.8280, loss: 2.2154, lr: 8.19e-06
     Epoch[2] Iteration[30/1240], entropy: 0.6045, loss: 1.9576, lr: 9.65e-06
     Epoch[2] Iteration[40/1240], entropy: 0.5576, loss: 2.0714, lr: 4.69e-06
     Epoch[2] Iteration[50/1240], entropy: 0.7845, loss: 2.1243, lr: 1.57e-07
     Epoch[2] Iteration[60/1240], entropy: 0.7603, loss: 2.1453, lr: 2.32e-06
     Epoch[2] Iteration[70/1240], entropy: 0.6267, loss: 2.1251, lr: 8.19e-06
     Epoch[2] Iteration[80/1240], entropy: 0.8673, loss: 2.2462, lr: 9.65e-06
     Epoch[2] Iteration[90/1240], entropy: 0.5948, loss: 2.0209, lr: 4.69e-06
     Epoch[2] Iteration[100/1240], entropy: 0.8787, loss: 2.3321, lr: 1.57e-07
     Epoch[2] Iteration[110/1240], entropy: 0.7606, loss: 2.1347, lr: 2.32e-06
     Epoch[2] Iteration[120/1240], entropy: 0.9165, loss: 2.3050, lr: 8.19e-06
     Epoch[2] Iteration[130/1240], entropy: 0.8602, loss: 2.2333, lr: 9.65e-06
     Epoch[2] Iteration[140/1240], entropy: 0.7173, loss: 2.0609, lr: 4.69e-06
     Epoch[2] Iteration[150/1240], entropy: 0.7219, loss: 2.1440, lr: 1.57e-07
     Epoch[2] Iteration[160/1240], entropy: 0.5972, loss: 2.0431, lr: 2.32e-06
     Epoch[2] Iteration[170/1240], entropy: 0.8084, loss: 2.1320, lr: 8.19e-06
     Epoch[2] Iteration[180/1240], entropy: 0.4733, loss: 1.9788, lr: 9.65e-06
     Epoch[2] Iteration[190/1240], entropy: 0.9624, loss: 2.3079, lr: 4.69e-06
     Epoch[2] Iteration[200/1240], entropy: 0.7799, loss: 2.1258, lr: 1.57e-07
     Epoch[2] Iteration[210/1240], entropy: 0.7353, loss: 2.0984, lr: 2.32e-06
     Epoch[2] Iteration[220/1240], entropy: 0.6260, loss: 2.1086, lr: 8.19e-06
     Epoch[2] Iteration[230/1240], entropy: 0.6283, loss: 2.0600, lr: 9.65e-06
     Epoch[2] Iteration[240/1240], entropy: 0.9648, loss: 2.3320, lr: 4.69e-06
     Epoch[2] Iteration[250/1240], entropy: 0.7933, loss: 2.1516, lr: 1.57e-07
     Epoch[2] Iteration[260/1240], entropy: 0.6907, loss: 2.0241, lr: 2.32e-06
     Epoch[2] Iteration[270/1240], entropy: 0.9025, loss: 2.2292, lr: 8.19e-06
     Epoch[2] Iteration[280/1240], entropy: 0.7016, loss: 2.1467, lr: 9.65e-06
     Epoch[2] Iteration[290/1240], entropy: 0.8318, loss: 2.2370, lr: 4.69e-06
     Epoch[2] Iteration[300/1240], entropy: 0.7339, loss: 2.1872, lr: 1.57e-07
     Epoch[2] Iteration[310/1240], entropy: 0.5736, loss: 2.0809, lr: 2.32e-06
     Epoch[2] Iteration[320/1240], entropy: 0.6895, loss: 2.0702, lr: 8.19e-06
     Epoch[2] Iteration[330/1240], entropy: 0.7088, loss: 2.0800, lr: 9.65e-06
     Epoch[2] Iteration[340/1240], entropy: 0.8794, loss: 2.2651, lr: 4.69e-06
     Epoch[2] Iteration[350/1240], entropy: 0.7044, loss: 2.0700, lr: 1.57e-07
     Epoch[2] Iteration[360/1240], entropy: 0.8263, loss: 2.2020, lr: 2.32e-06
     Epoch[2] Iteration[370/1240], entropy: 0.7226, loss: 2.1722, lr: 8.19e-06
     Epoch[2] Iteration[380/1240], entropy: 0.9101, loss: 2.3220, lr: 9.65e-06
     Epoch[2] Iteration[390/1240], entropy: 0.7443, loss: 2.1966, lr: 4.69e-06
     Epoch[2] Iteration[400/1240], entropy: 0.7833, loss: 2.1282, lr: 1.57e-07
     Epoch[2] Iteration[410/1240], entropy: 1.0621, loss: 2.3602, lr: 2.32e-06
     Epoch[2] Iteration[420/1240], entropy: 0.6804, loss: 2.1211, lr: 8.19e-06
     Epoch[2] Iteration[430/1240], entropy: 0.8896, loss: 2.2707, lr: 9.65e-06
     Epoch[2] Iteration[440/1240], entropy: 0.8840, loss: 2.2922, lr: 4.69e-06
     Epoch[2] Iteration[450/1240], entropy: 0.9750, loss: 2.3994, lr: 1.57e-07
     Epoch[2] Iteration[460/1240], entropy: 0.6962, loss: 2.1627, lr: 2.32e-06
     Epoch[2] Iteration[470/1240], entropy: 0.9074, loss: 2.2766, lr: 8.19e-06
     Epoch[2] Iteration[480/1240], entropy: 0.7230, loss: 2.1434, lr: 9.65e-06
     Epoch[2] Iteration[490/1240], entropy: 0.7803, loss: 2.1487, lr: 4.69e-06
     Epoch[2] Iteration[500/1240], entropy: 0.8385, loss: 2.2198, lr: 1.57e-07
     Epoch[2] Iteration[510/1240], entropy: 0.5816, loss: 1.9671, lr: 2.32e-06
     Epoch[2] Iteration[520/1240], entropy: 0.6893, loss: 2.0931, lr: 8.19e-06
     Epoch[2] Iteration[530/1240], entropy: 0.8318, loss: 2.2249, lr: 9.65e-06
     Epoch[2] Iteration[540/1240], entropy: 0.7727, loss: 2.2593, lr: 4.69e-06
     Epoch[2] Iteration[550/1240], entropy: 0.7343, loss: 2.1780, lr: 1.57e-07
     Epoch[2] Iteration[560/1240], entropy: 0.5643, loss: 2.0369, lr: 2.32e-06
     Epoch[2] Iteration[570/1240], entropy: 0.7314, loss: 2.0732, lr: 8.19e-06
     Epoch[2] Iteration[580/1240], entropy: 0.6693, loss: 2.1244, lr: 9.65e-06
     Epoch[2] Iteration[590/1240], entropy: 0.5632, loss: 1.9468, lr: 4.69e-06
     Epoch[2] Iteration[600/1240], entropy: 0.5349, loss: 1.9611, lr: 1.57e-07
     Epoch[2] Iteration[610/1240], entropy: 0.6404, loss: 2.1442, lr: 2.32e-06
     Epoch[2] Iteration[620/1240], entropy: 0.7212, loss: 2.1114, lr: 8.19e-06
     Epoch[2] Iteration[630/1240], entropy: 1.1885, loss: 2.4624, lr: 9.65e-06
     Epoch[2] Iteration[640/1240], entropy: 0.7723, loss: 2.2287, lr: 4.69e-06
     Epoch[2] Iteration[650/1240], entropy: 0.9914, loss: 2.3060, lr: 1.57e-07
     Epoch[2] Iteration[660/1240], entropy: 0.7482, loss: 2.1759, lr: 2.32e-06
     Epoch[2] Iteration[670/1240], entropy: 0.5110, loss: 1.9984, lr: 8.19e-06
     Epoch[2] Iteration[680/1240], entropy: 0.6931, loss: 2.0835, lr: 9.65e-06
     Epoch[2] Iteration[690/1240], entropy: 0.5953, loss: 2.0652, lr: 4.69e-06
     Epoch[2] Iteration[700/1240], entropy: 0.7673, loss: 2.2435, lr: 1.57e-07
     Epoch[2] Iteration[710/1240], entropy: 1.0217, loss: 2.3964, lr: 2.32e-06
     Epoch[2] Iteration[720/1240], entropy: 0.8364, loss: 2.1651, lr: 8.19e-06
     Epoch[2] Iteration[730/1240], entropy: 0.7609, loss: 2.1753, lr: 9.65e-06
     Epoch[2] Iteration[740/1240], entropy: 0.6455, loss: 2.0886, lr: 4.69e-06
     Epoch[2] Iteration[750/1240], entropy: 0.6601, loss: 2.1451, lr: 1.57e-07
     Epoch[2] Iteration[760/1240], entropy: 0.6031, loss: 2.0404, lr: 2.32e-06
     Epoch[2] Iteration[770/1240], entropy: 0.6992, loss: 2.1567, lr: 8.19e-06
     Epoch[2] Iteration[780/1240], entropy: 0.8211, loss: 2.1904, lr: 9.65e-06
     Epoch[2] Iteration[790/1240], entropy: 0.6908, loss: 2.0797, lr: 4.69e-06
     Epoch[2] Iteration[800/1240], entropy: 0.6539, loss: 2.0437, lr: 1.57e-07
     Epoch[2] Iteration[810/1240], entropy: 0.6424, loss: 2.0644, lr: 2.32e-06
     Epoch[2] Iteration[820/1240], entropy: 0.5803, loss: 2.0994, lr: 8.19e-06
     Epoch[2] Iteration[830/1240], entropy: 0.7607, loss: 2.0873, lr: 9.65e-06
     Epoch[2] Iteration[840/1240], entropy: 0.9184, loss: 2.3458, lr: 4.69e-06
     Epoch[2] Iteration[850/1240], entropy: 0.6780, loss: 2.1616, lr: 1.57e-07
     Epoch[2] Iteration[860/1240], entropy: 0.5825, loss: 2.1142, lr: 2.32e-06
     Epoch[2] Iteration[870/1240], entropy: 0.6996, loss: 2.1883, lr: 8.19e-06
     Epoch[2] Iteration[880/1240], entropy: 0.8102, loss: 2.2103, lr: 9.65e-06
     Epoch[2] Iteration[890/1240], entropy: 0.9556, loss: 2.3335, lr: 4.69e-06
     Epoch[2] Iteration[900/1240], entropy: 0.8011, loss: 2.2120, lr: 1.57e-07
     Epoch[2] Iteration[910/1240], entropy: 0.8163, loss: 2.1730, lr: 2.32e-06
     Epoch[2] Iteration[920/1240], entropy: 0.5850, loss: 1.9708, lr: 8.19e-06
     Epoch[2] Iteration[930/1240], entropy: 0.5939, loss: 2.0519, lr: 9.65e-06
     Epoch[2] Iteration[940/1240], entropy: 0.7993, loss: 2.1426, lr: 4.69e-06
     Epoch[2] Iteration[950/1240], entropy: 0.7423, loss: 2.0742, lr: 1.57e-07
     Epoch[2] Iteration[960/1240], entropy: 0.4882, loss: 1.9829, lr: 2.32e-06
     Epoch[2] Iteration[970/1240], entropy: 0.6032, loss: 2.0637, lr: 8.19e-06
     Epoch[2] Iteration[980/1240], entropy: 0.6499, loss: 2.0506, lr: 9.65e-06
     Epoch[2] Iteration[990/1240], entropy: 0.5481, loss: 1.9379, lr: 4.69e-06
     Epoch[2] Iteration[1000/1240], entropy: 0.6539, loss: 2.1139, lr: 1.57e-07
     Epoch[2] Iteration[1010/1240], entropy: 0.7325, loss: 2.1227, lr: 2.32e-06
     Epoch[2] Iteration[1020/1240], entropy: 0.7554, loss: 2.0975, lr: 8.19e-06
     Epoch[2] Iteration[1030/1240], entropy: 0.6081, loss: 2.0922, lr: 9.65e-06
     Epoch[2] Iteration[1040/1240], entropy: 0.6436, loss: 1.9822, lr: 4.69e-06
     Epoch[2] Iteration[1050/1240], entropy: 0.7298, loss: 2.1403, lr: 1.57e-07
     Epoch[2] Iteration[1060/1240], entropy: 0.8737, loss: 2.3196, lr: 2.32e-06
     Epoch[2] Iteration[1070/1240], entropy: 0.7216, loss: 2.1387, lr: 8.19e-06
     Epoch[2] Iteration[1080/1240], entropy: 0.6934, loss: 2.1219, lr: 9.65e-06
     Epoch[2] Iteration[1090/1240], entropy: 0.8023, loss: 2.1573, lr: 4.69e-06
     Epoch[2] Iteration[1100/1240], entropy: 0.8742, loss: 2.3012, lr: 1.57e-07
     Epoch[2] Iteration[1110/1240], entropy: 0.8340, loss: 2.3496, lr: 2.32e-06
     Epoch[2] Iteration[1120/1240], entropy: 0.7682, loss: 2.2125, lr: 8.19e-06
     Epoch[2] Iteration[1130/1240], entropy: 0.8060, loss: 2.1430, lr: 9.65e-06
     Epoch[2] Iteration[1140/1240], entropy: 0.6280, loss: 2.0673, lr: 4.69e-06
     Epoch[2] Iteration[1150/1240], entropy: 0.8887, loss: 2.3087, lr: 1.57e-07
     Epoch[2] Iteration[1160/1240], entropy: 0.6355, loss: 2.1129, lr: 2.32e-06
     Epoch[2] Iteration[1170/1240], entropy: 0.5937, loss: 2.0883, lr: 8.19e-06
     Epoch[2] Iteration[1180/1240], entropy: 0.9596, loss: 2.3549, lr: 9.65e-06
     Epoch[2] Iteration[1190/1240], entropy: 0.7155, loss: 2.1501, lr: 4.69e-06
     Epoch[2] Iteration[1200/1240], entropy: 0.6843, loss: 2.0646, lr: 1.57e-07
     Epoch[2] Iteration[1210/1240], entropy: 0.8576, loss: 2.2351, lr: 2.32e-06
     Epoch[2] Iteration[1220/1240], entropy: 0.5932, loss: 1.9722, lr: 8.19e-06
     Epoch[2] Iteration[1230/1240], entropy: 0.7688, loss: 2.1850, lr: 9.65e-06
     Epoch[2] Iteration[1240/1240], entropy: 0.7642, loss: 2.1666, lr: 4.69e-06
     Averaged stats: entropy: 0.7642, loss: 2.1666, lr: 4.69e-06
     itm tta time 0:03:45
### TTA Eval Score: 
+-------+--------+--------+--------+--------+-------+
| epoch |   R1   |   R5   |  R10   |  mAP   |  mINP |
+-------+--------+--------+--------+--------+-------+
|  -999 | 37.304 | 55.557 | 63.548 | 20.140 | 2.213 |
|   0   | 37.500 | 55.643 | 63.654 | 20.140 | 2.170 |
|   1   | 37.641 | 55.673 | 63.749 | 20.139 | 2.142 |
|   2   | 37.712 | 55.688 | 63.714 | 20.134 | 2.121 |
+-------+--------+--------+--------+--------+-------+
     logs:  {'epo': 2, 'R1': np.float32(37.712), 'R5': np.float32(55.688), 'R10': np.float32(63.714), 'mAP': np.float32(20.134), 'mINP': np.float32(2.121), 'entropy': 0.7453044506330644, 'loss': 2.1547005878340815, 'lr': 5.039055772626125e-06}
     Epoch[3] Iteration[10/1240], entropy: 0.7796, loss: 2.2084, lr: 1.57e-07
     Epoch[3] Iteration[20/1240], entropy: 0.4597, loss: 1.9441, lr: 2.32e-06
     Epoch[3] Iteration[30/1240], entropy: 0.6891, loss: 2.1066, lr: 8.19e-06
     Epoch[3] Iteration[40/1240], entropy: 0.7707, loss: 2.2001, lr: 9.65e-06
     Epoch[3] Iteration[50/1240], entropy: 0.7320, loss: 2.1830, lr: 4.69e-06
     Epoch[3] Iteration[60/1240], entropy: 0.5160, loss: 1.9289, lr: 1.57e-07
     Epoch[3] Iteration[70/1240], entropy: 0.6170, loss: 2.0517, lr: 2.32e-06
     Epoch[3] Iteration[80/1240], entropy: 0.8493, loss: 2.2691, lr: 8.19e-06
     Epoch[3] Iteration[90/1240], entropy: 0.4782, loss: 1.9397, lr: 9.65e-06
     Epoch[3] Iteration[100/1240], entropy: 0.8041, loss: 2.1916, lr: 4.69e-06
     Epoch[3] Iteration[110/1240], entropy: 0.7139, loss: 2.1007, lr: 1.57e-07
     Epoch[3] Iteration[120/1240], entropy: 0.8164, loss: 2.2462, lr: 2.32e-06
     Epoch[3] Iteration[130/1240], entropy: 0.6747, loss: 2.0143, lr: 8.19e-06
     Epoch[3] Iteration[140/1240], entropy: 0.5539, loss: 2.0345, lr: 9.65e-06
     Epoch[3] Iteration[150/1240], entropy: 0.6940, loss: 2.1468, lr: 4.69e-06
     Epoch[3] Iteration[160/1240], entropy: 1.0424, loss: 2.3320, lr: 1.57e-07
     Epoch[3] Iteration[170/1240], entropy: 0.7517, loss: 2.1492, lr: 2.32e-06
     Epoch[3] Iteration[180/1240], entropy: 0.7147, loss: 2.1358, lr: 8.19e-06
     Epoch[3] Iteration[190/1240], entropy: 0.6990, loss: 2.1644, lr: 9.65e-06
     Epoch[3] Iteration[200/1240], entropy: 0.7501, loss: 2.2704, lr: 4.69e-06
     Epoch[3] Iteration[210/1240], entropy: 0.6017, loss: 2.0850, lr: 1.57e-07
     Epoch[3] Iteration[220/1240], entropy: 0.6425, loss: 2.0848, lr: 2.32e-06
     Epoch[3] Iteration[230/1240], entropy: 0.8897, loss: 2.3190, lr: 8.19e-06
     Epoch[3] Iteration[240/1240], entropy: 0.6221, loss: 2.0516, lr: 9.65e-06
     Epoch[3] Iteration[250/1240], entropy: 0.6529, loss: 1.9630, lr: 4.69e-06
     Epoch[3] Iteration[260/1240], entropy: 0.5637, loss: 2.0825, lr: 1.57e-07
     Epoch[3] Iteration[270/1240], entropy: 0.8325, loss: 2.1793, lr: 2.32e-06
     Epoch[3] Iteration[280/1240], entropy: 1.0042, loss: 2.4015, lr: 8.19e-06
     Epoch[3] Iteration[290/1240], entropy: 0.7107, loss: 2.0650, lr: 9.84e-06
     Epoch[3] Iteration[300/1240], entropy: 0.8307, loss: 2.1338, lr: 5.31e-06
     Epoch[3] Iteration[310/1240], entropy: 0.5822, loss: 2.0159, lr: 3.51e-07
     Epoch[3] Iteration[320/1240], entropy: 0.7923, loss: 2.1530, lr: 1.81e-06
     Epoch[3] Iteration[330/1240], entropy: 0.5943, loss: 2.0663, lr: 7.68e-06
     Epoch[3] Iteration[340/1240], entropy: 0.7925, loss: 2.1706, lr: 9.84e-06
     Epoch[3] Iteration[350/1240], entropy: 0.9921, loss: 2.3367, lr: 5.31e-06
     Epoch[3] Iteration[360/1240], entropy: 1.0268, loss: 2.4172, lr: 3.51e-07
     Epoch[3] Iteration[370/1240], entropy: 0.8018, loss: 2.2259, lr: 1.81e-06
     Epoch[3] Iteration[380/1240], entropy: 0.6702, loss: 2.1602, lr: 7.68e-06
     Epoch[3] Iteration[390/1240], entropy: 0.6689, loss: 2.0792, lr: 9.84e-06
     Epoch[3] Iteration[400/1240], entropy: 0.5912, loss: 2.0109, lr: 5.31e-06
     Epoch[3] Iteration[410/1240], entropy: 0.6407, loss: 2.0158, lr: 3.51e-07
     Epoch[3] Iteration[420/1240], entropy: 0.7562, loss: 2.1796, lr: 1.81e-06
     Epoch[3] Iteration[430/1240], entropy: 0.7023, loss: 2.1390, lr: 7.68e-06
     Epoch[3] Iteration[440/1240], entropy: 0.8051, loss: 2.1748, lr: 9.84e-06
     Epoch[3] Iteration[450/1240], entropy: 0.4964, loss: 1.9324, lr: 5.31e-06
     Epoch[3] Iteration[460/1240], entropy: 0.7986, loss: 2.1959, lr: 3.51e-07
     Epoch[3] Iteration[470/1240], entropy: 0.6837, loss: 2.1508, lr: 1.81e-06
     Epoch[3] Iteration[480/1240], entropy: 0.5533, loss: 2.0644, lr: 7.68e-06
     Epoch[3] Iteration[490/1240], entropy: 0.5498, loss: 2.0318, lr: 9.84e-06
     Epoch[3] Iteration[500/1240], entropy: 0.5976, loss: 2.0393, lr: 5.31e-06
     Epoch[3] Iteration[510/1240], entropy: 0.8848, loss: 2.3026, lr: 3.51e-07
     Epoch[3] Iteration[520/1240], entropy: 0.6328, loss: 2.1981, lr: 1.81e-06
     Epoch[3] Iteration[530/1240], entropy: 0.6671, loss: 2.1056, lr: 7.68e-06
     Epoch[3] Iteration[540/1240], entropy: 0.6619, loss: 2.0802, lr: 9.84e-06
     Epoch[3] Iteration[550/1240], entropy: 0.7418, loss: 2.0795, lr: 5.31e-06
     Epoch[3] Iteration[560/1240], entropy: 0.7903, loss: 2.1694, lr: 3.51e-07
     Epoch[3] Iteration[570/1240], entropy: 0.8640, loss: 2.3221, lr: 1.81e-06
     Epoch[3] Iteration[580/1240], entropy: 0.5923, loss: 2.0779, lr: 7.68e-06
     Epoch[3] Iteration[590/1240], entropy: 0.6306, loss: 2.0654, lr: 9.84e-06
     Epoch[3] Iteration[600/1240], entropy: 0.5993, loss: 2.1144, lr: 5.31e-06
     Epoch[3] Iteration[610/1240], entropy: 0.6271, loss: 2.1050, lr: 3.51e-07
     Epoch[3] Iteration[620/1240], entropy: 0.8768, loss: 2.2930, lr: 1.81e-06
     Epoch[3] Iteration[630/1240], entropy: 0.5408, loss: 2.0195, lr: 7.68e-06
     Epoch[3] Iteration[640/1240], entropy: 0.6623, loss: 2.1348, lr: 9.84e-06
     Epoch[3] Iteration[650/1240], entropy: 0.8024, loss: 2.2152, lr: 5.31e-06
     Epoch[3] Iteration[660/1240], entropy: 0.8196, loss: 2.2325, lr: 3.51e-07
     Epoch[3] Iteration[670/1240], entropy: 0.6529, loss: 2.1961, lr: 1.81e-06
     Epoch[3] Iteration[680/1240], entropy: 0.6602, loss: 2.1069, lr: 7.68e-06
     Epoch[3] Iteration[690/1240], entropy: 0.6493, loss: 2.0907, lr: 9.84e-06
     Epoch[3] Iteration[700/1240], entropy: 0.8658, loss: 2.2414, lr: 5.31e-06
     Epoch[3] Iteration[710/1240], entropy: 0.7140, loss: 2.1255, lr: 3.51e-07
     Epoch[3] Iteration[720/1240], entropy: 0.6089, loss: 2.0095, lr: 1.81e-06
     Epoch[3] Iteration[730/1240], entropy: 0.8271, loss: 2.2495, lr: 7.68e-06
     Epoch[3] Iteration[740/1240], entropy: 0.5954, loss: 2.0355, lr: 9.84e-06
     Epoch[3] Iteration[750/1240], entropy: 0.7871, loss: 2.1882, lr: 5.31e-06
     Epoch[3] Iteration[760/1240], entropy: 0.6831, loss: 2.1903, lr: 3.51e-07
     Epoch[3] Iteration[770/1240], entropy: 0.6121, loss: 2.0604, lr: 1.81e-06
     Epoch[3] Iteration[780/1240], entropy: 0.8234, loss: 2.2142, lr: 7.68e-06
     Epoch[3] Iteration[790/1240], entropy: 0.7131, loss: 2.1524, lr: 9.84e-06
     Epoch[3] Iteration[800/1240], entropy: 0.8462, loss: 2.2191, lr: 5.31e-06
     Epoch[3] Iteration[810/1240], entropy: 0.8518, loss: 2.2620, lr: 3.51e-07
     Epoch[3] Iteration[820/1240], entropy: 0.9095, loss: 2.3421, lr: 1.81e-06
     Epoch[3] Iteration[830/1240], entropy: 0.9264, loss: 2.3285, lr: 7.68e-06
     Epoch[3] Iteration[840/1240], entropy: 0.7903, loss: 2.1400, lr: 9.84e-06
     Epoch[3] Iteration[850/1240], entropy: 0.6960, loss: 2.1864, lr: 5.31e-06
     Epoch[3] Iteration[860/1240], entropy: 0.5117, loss: 2.0391, lr: 3.51e-07
     Epoch[3] Iteration[870/1240], entropy: 0.6214, loss: 2.0333, lr: 1.81e-06
     Epoch[3] Iteration[880/1240], entropy: 0.6009, loss: 2.0126, lr: 7.68e-06
     Epoch[3] Iteration[890/1240], entropy: 0.8702, loss: 2.2983, lr: 9.84e-06
     Epoch[3] Iteration[900/1240], entropy: 0.6498, loss: 2.0713, lr: 5.31e-06
     Epoch[3] Iteration[910/1240], entropy: 0.6550, loss: 2.0824, lr: 3.51e-07
     Epoch[3] Iteration[920/1240], entropy: 0.5620, loss: 2.0425, lr: 1.81e-06
     Epoch[3] Iteration[930/1240], entropy: 0.4497, loss: 1.9231, lr: 7.68e-06
     Epoch[3] Iteration[940/1240], entropy: 0.7247, loss: 2.1976, lr: 9.84e-06
     Epoch[3] Iteration[950/1240], entropy: 0.6797, loss: 2.0979, lr: 5.31e-06
     Epoch[3] Iteration[960/1240], entropy: 0.7497, loss: 2.1811, lr: 3.51e-07
     Epoch[3] Iteration[970/1240], entropy: 0.5768, loss: 2.0373, lr: 1.81e-06
     Epoch[3] Iteration[980/1240], entropy: 0.8571, loss: 2.2933, lr: 7.68e-06
     Epoch[3] Iteration[990/1240], entropy: 0.8212, loss: 2.2539, lr: 9.84e-06
     Epoch[3] Iteration[1000/1240], entropy: 0.7580, loss: 2.1827, lr: 5.31e-06
     Epoch[3] Iteration[1010/1240], entropy: 0.8836, loss: 2.2789, lr: 3.51e-07
     Epoch[3] Iteration[1020/1240], entropy: 0.5283, loss: 1.9880, lr: 1.81e-06
     Epoch[3] Iteration[1030/1240], entropy: 0.6294, loss: 2.1560, lr: 7.68e-06
     Epoch[3] Iteration[1040/1240], entropy: 0.7275, loss: 2.1777, lr: 9.84e-06
     Epoch[3] Iteration[1050/1240], entropy: 0.5808, loss: 2.1339, lr: 5.31e-06
     Epoch[3] Iteration[1060/1240], entropy: 0.7426, loss: 2.1395, lr: 3.51e-07
     Epoch[3] Iteration[1070/1240], entropy: 0.8079, loss: 2.2266, lr: 1.81e-06
     Epoch[3] Iteration[1080/1240], entropy: 0.5300, loss: 1.8387, lr: 7.68e-06
     Epoch[3] Iteration[1090/1240], entropy: 0.9251, loss: 2.3240, lr: 9.84e-06
     Epoch[3] Iteration[1100/1240], entropy: 0.7896, loss: 2.2547, lr: 5.31e-06
     Epoch[3] Iteration[1110/1240], entropy: 0.8201, loss: 2.2200, lr: 3.51e-07
     Epoch[3] Iteration[1120/1240], entropy: 0.7566, loss: 2.1735, lr: 1.81e-06
     Epoch[3] Iteration[1130/1240], entropy: 0.6547, loss: 2.0126, lr: 7.68e-06
     Epoch[3] Iteration[1140/1240], entropy: 1.0850, loss: 2.4311, lr: 9.84e-06
     Epoch[3] Iteration[1150/1240], entropy: 0.7347, loss: 2.1199, lr: 5.31e-06
     Epoch[3] Iteration[1160/1240], entropy: 0.8121, loss: 2.2101, lr: 3.51e-07
     Epoch[3] Iteration[1170/1240], entropy: 0.5765, loss: 1.9732, lr: 1.81e-06
     Epoch[3] Iteration[1180/1240], entropy: 0.6863, loss: 2.1511, lr: 7.68e-06
     Epoch[3] Iteration[1190/1240], entropy: 0.6574, loss: 2.1125, lr: 9.84e-06
     Epoch[3] Iteration[1200/1240], entropy: 0.5421, loss: 2.0401, lr: 5.31e-06
     Epoch[3] Iteration[1210/1240], entropy: 0.5055, loss: 1.9141, lr: 3.51e-07
     Epoch[3] Iteration[1220/1240], entropy: 0.6666, loss: 2.0468, lr: 1.81e-06
     Epoch[3] Iteration[1230/1240], entropy: 0.6269, loss: 2.0597, lr: 7.68e-06
     Epoch[3] Iteration[1240/1240], entropy: 0.9434, loss: 2.3202, lr: 9.84e-06
     Averaged stats: entropy: 0.9434, loss: 2.3202, lr: 9.84e-06
     itm tta time 0:03:46
### TTA Eval Score: 
+-------+--------+--------+--------+--------+-------+
| epoch |   R1   |   R5   |  R10   |  mAP   |  mINP |
+-------+--------+--------+--------+--------+-------+
|  -999 | 37.304 | 55.557 | 63.548 | 20.140 | 2.213 |
|   0   | 37.500 | 55.643 | 63.654 | 20.140 | 2.170 |
|   1   | 37.641 | 55.673 | 63.749 | 20.139 | 2.142 |
|   2   | 37.712 | 55.688 | 63.714 | 20.134 | 2.121 |
|   3   | 37.838 | 55.708 | 63.815 | 20.147 | 2.108 |
+-------+--------+--------+--------+--------+-------+
     logs:  {'epo': 3, 'R1': np.float32(37.838), 'R5': np.float32(55.708), 'R10': np.float32(63.815), 'mAP': np.float32(20.147), 'mINP': np.float32(2.108), 'entropy': 0.7133889371348966, 'loss': 2.140685373736966, 'lr': 5.004096661079453e-06}
     Epoch[4] Iteration[10/1240], entropy: 0.6715, loss: 2.0523, lr: 5.31e-06
     Epoch[4] Iteration[20/1240], entropy: 0.7501, loss: 2.1378, lr: 3.51e-07
     Epoch[4] Iteration[30/1240], entropy: 0.6415, loss: 2.1357, lr: 1.81e-06
     Epoch[4] Iteration[40/1240], entropy: 0.5816, loss: 2.1094, lr: 7.68e-06
     Epoch[4] Iteration[50/1240], entropy: 0.6013, loss: 2.0749, lr: 9.84e-06
     Epoch[4] Iteration[60/1240], entropy: 0.6370, loss: 2.1478, lr: 5.31e-06
     Epoch[4] Iteration[70/1240], entropy: 0.7800, loss: 2.2337, lr: 3.51e-07
     Epoch[4] Iteration[80/1240], entropy: 0.6607, loss: 2.1642, lr: 1.81e-06
     Epoch[4] Iteration[90/1240], entropy: 0.7946, loss: 2.1909, lr: 7.68e-06
     Epoch[4] Iteration[100/1240], entropy: 0.7522, loss: 2.2074, lr: 9.84e-06
     Epoch[4] Iteration[110/1240], entropy: 0.7687, loss: 2.1795, lr: 5.31e-06
     Epoch[4] Iteration[120/1240], entropy: 0.7239, loss: 2.2005, lr: 3.51e-07
     Epoch[4] Iteration[130/1240], entropy: 0.6979, loss: 2.1419, lr: 1.81e-06
     Epoch[4] Iteration[140/1240], entropy: 0.9503, loss: 2.3059, lr: 7.68e-06
     Epoch[4] Iteration[150/1240], entropy: 0.7301, loss: 2.1611, lr: 9.84e-06
     Epoch[4] Iteration[160/1240], entropy: 0.7782, loss: 2.1397, lr: 5.31e-06
     Epoch[4] Iteration[170/1240], entropy: 0.7442, loss: 2.1828, lr: 3.51e-07
     Epoch[4] Iteration[180/1240], entropy: 0.5003, loss: 2.0233, lr: 1.81e-06
     Epoch[4] Iteration[190/1240], entropy: 0.6291, loss: 2.1373, lr: 7.68e-06
     Epoch[4] Iteration[200/1240], entropy: 0.7990, loss: 2.2618, lr: 9.84e-06
     Epoch[4] Iteration[210/1240], entropy: 0.6245, loss: 2.0276, lr: 5.31e-06
     Epoch[4] Iteration[220/1240], entropy: 0.6089, loss: 2.1345, lr: 3.51e-07
     Epoch[4] Iteration[230/1240], entropy: 0.8272, loss: 2.3066, lr: 1.81e-06
     Epoch[4] Iteration[240/1240], entropy: 0.6763, loss: 2.0841, lr: 7.68e-06
     Epoch[4] Iteration[250/1240], entropy: 0.6601, loss: 2.1380, lr: 9.84e-06
     Epoch[4] Iteration[260/1240], entropy: 0.6538, loss: 2.0776, lr: 5.31e-06
     Epoch[4] Iteration[270/1240], entropy: 0.5981, loss: 2.0498, lr: 3.51e-07
     Epoch[4] Iteration[280/1240], entropy: 0.8025, loss: 2.2136, lr: 1.81e-06
     Epoch[4] Iteration[290/1240], entropy: 0.6217, loss: 2.1000, lr: 7.68e-06
     Epoch[4] Iteration[300/1240], entropy: 0.8584, loss: 2.3070, lr: 9.84e-06
     Epoch[4] Iteration[310/1240], entropy: 0.6849, loss: 2.1599, lr: 5.31e-06
     Epoch[4] Iteration[320/1240], entropy: 0.7005, loss: 2.1088, lr: 3.51e-07
     Epoch[4] Iteration[330/1240], entropy: 0.7310, loss: 2.1360, lr: 1.81e-06
     Epoch[4] Iteration[340/1240], entropy: 0.5180, loss: 1.9910, lr: 7.68e-06
     Epoch[4] Iteration[350/1240], entropy: 0.7132, loss: 2.1591, lr: 9.84e-06
     Epoch[4] Iteration[360/1240], entropy: 0.7709, loss: 2.2193, lr: 5.31e-06
     Epoch[4] Iteration[370/1240], entropy: 0.8497, loss: 2.2609, lr: 3.51e-07
     Epoch[4] Iteration[380/1240], entropy: 0.5530, loss: 2.0340, lr: 1.81e-06
     Epoch[4] Iteration[390/1240], entropy: 0.7506, loss: 2.1669, lr: 7.68e-06
     Epoch[4] Iteration[400/1240], entropy: 0.6824, loss: 2.1307, lr: 9.84e-06
     Epoch[4] Iteration[410/1240], entropy: 0.7525, loss: 2.1966, lr: 5.31e-06
     Epoch[4] Iteration[420/1240], entropy: 0.5539, loss: 2.0379, lr: 3.51e-07
     Epoch[4] Iteration[430/1240], entropy: 0.7087, loss: 2.1154, lr: 1.81e-06
     Epoch[4] Iteration[440/1240], entropy: 0.6045, loss: 2.0310, lr: 7.68e-06
     Epoch[4] Iteration[450/1240], entropy: 0.8211, loss: 2.1964, lr: 9.84e-06
     Epoch[4] Iteration[460/1240], entropy: 0.7985, loss: 2.2619, lr: 5.31e-06
     Epoch[4] Iteration[470/1240], entropy: 0.7393, loss: 2.1633, lr: 3.51e-07
     Epoch[4] Iteration[480/1240], entropy: 0.6954, loss: 2.0822, lr: 1.81e-06
     Epoch[4] Iteration[490/1240], entropy: 0.7353, loss: 2.0859, lr: 7.68e-06
     Epoch[4] Iteration[500/1240], entropy: 0.7758, loss: 2.2158, lr: 9.84e-06
     Epoch[4] Iteration[510/1240], entropy: 0.6807, loss: 2.1066, lr: 5.31e-06
     Epoch[4] Iteration[520/1240], entropy: 0.7199, loss: 2.1608, lr: 3.51e-07
     Epoch[4] Iteration[530/1240], entropy: 0.7533, loss: 2.1478, lr: 1.81e-06
     Epoch[4] Iteration[540/1240], entropy: 0.7807, loss: 2.2188, lr: 7.68e-06
     Epoch[4] Iteration[550/1240], entropy: 0.9417, loss: 2.3250, lr: 9.84e-06
     Epoch[4] Iteration[560/1240], entropy: 0.7084, loss: 2.1247, lr: 5.31e-06
     Epoch[4] Iteration[570/1240], entropy: 0.8288, loss: 2.2240, lr: 3.51e-07
     Epoch[4] Iteration[580/1240], entropy: 0.7437, loss: 2.1934, lr: 1.81e-06
     Epoch[4] Iteration[590/1240], entropy: 0.7250, loss: 2.1593, lr: 7.68e-06
     Epoch[4] Iteration[600/1240], entropy: 0.8589, loss: 2.2394, lr: 9.84e-06
     Epoch[4] Iteration[610/1240], entropy: 0.6894, loss: 2.2047, lr: 5.31e-06
     Epoch[4] Iteration[620/1240], entropy: 0.6646, loss: 2.0530, lr: 3.51e-07
     Epoch[4] Iteration[630/1240], entropy: 0.5626, loss: 1.9901, lr: 1.81e-06
     Epoch[4] Iteration[640/1240], entropy: 0.3841, loss: 1.8431, lr: 7.68e-06
     Epoch[4] Iteration[650/1240], entropy: 0.7484, loss: 2.1428, lr: 9.84e-06
     Epoch[4] Iteration[660/1240], entropy: 0.9279, loss: 2.3431, lr: 5.31e-06
     Epoch[4] Iteration[670/1240], entropy: 0.7480, loss: 2.1695, lr: 3.51e-07
     Epoch[4] Iteration[680/1240], entropy: 0.7913, loss: 2.2172, lr: 1.81e-06
     Epoch[4] Iteration[690/1240], entropy: 0.7636, loss: 2.1138, lr: 7.68e-06
     Epoch[4] Iteration[700/1240], entropy: 0.6626, loss: 2.1407, lr: 9.84e-06
     Epoch[4] Iteration[710/1240], entropy: 0.9434, loss: 2.2305, lr: 5.31e-06
     Epoch[4] Iteration[720/1240], entropy: 0.6086, loss: 2.0545, lr: 3.51e-07
     Epoch[4] Iteration[730/1240], entropy: 0.7775, loss: 2.2275, lr: 1.81e-06
     Epoch[4] Iteration[740/1240], entropy: 0.5614, loss: 2.0245, lr: 7.68e-06
     Epoch[4] Iteration[750/1240], entropy: 0.7507, loss: 2.1565, lr: 9.84e-06
     Epoch[4] Iteration[760/1240], entropy: 0.6213, loss: 2.1961, lr: 5.31e-06
     Epoch[4] Iteration[770/1240], entropy: 0.5996, loss: 1.9698, lr: 3.51e-07
     Epoch[4] Iteration[780/1240], entropy: 0.5994, loss: 2.0317, lr: 1.81e-06
     Epoch[4] Iteration[790/1240], entropy: 0.6365, loss: 2.0798, lr: 7.68e-06
     Epoch[4] Iteration[800/1240], entropy: 0.7424, loss: 2.1694, lr: 9.84e-06
     Epoch[4] Iteration[810/1240], entropy: 0.7839, loss: 2.2194, lr: 5.31e-06
     Epoch[4] Iteration[820/1240], entropy: 0.8823, loss: 2.2953, lr: 3.51e-07
     Epoch[4] Iteration[830/1240], entropy: 0.7114, loss: 2.1819, lr: 1.81e-06
     Epoch[4] Iteration[840/1240], entropy: 0.8066, loss: 2.2551, lr: 7.68e-06
     Epoch[4] Iteration[850/1240], entropy: 0.7466, loss: 2.1458, lr: 9.84e-06
     Epoch[4] Iteration[860/1240], entropy: 0.6774, loss: 2.0697, lr: 5.31e-06
     Epoch[4] Iteration[870/1240], entropy: 0.7086, loss: 2.2818, lr: 3.51e-07
     Epoch[4] Iteration[880/1240], entropy: 0.7990, loss: 2.1559, lr: 1.81e-06
     Epoch[4] Iteration[890/1240], entropy: 0.8023, loss: 2.2390, lr: 7.68e-06
     Epoch[4] Iteration[900/1240], entropy: 0.6785, loss: 2.1168, lr: 9.84e-06
     Epoch[4] Iteration[910/1240], entropy: 0.7600, loss: 2.1949, lr: 5.31e-06
     Epoch[4] Iteration[920/1240], entropy: 0.7986, loss: 2.2000, lr: 3.51e-07
     Epoch[4] Iteration[930/1240], entropy: 0.5391, loss: 1.9784, lr: 1.81e-06
     Epoch[4] Iteration[940/1240], entropy: 0.7178, loss: 2.0712, lr: 7.68e-06
     Epoch[4] Iteration[950/1240], entropy: 0.7037, loss: 2.0802, lr: 9.84e-06
     Epoch[4] Iteration[960/1240], entropy: 0.7073, loss: 2.1679, lr: 5.31e-06
     Epoch[4] Iteration[970/1240], entropy: 0.8244, loss: 2.2796, lr: 3.51e-07
     Epoch[4] Iteration[980/1240], entropy: 1.0238, loss: 2.4400, lr: 1.81e-06
     Epoch[4] Iteration[990/1240], entropy: 0.7391, loss: 2.1948, lr: 7.68e-06
     Epoch[4] Iteration[1000/1240], entropy: 0.7797, loss: 2.2896, lr: 9.84e-06
     Epoch[4] Iteration[1010/1240], entropy: 0.9620, loss: 2.3043, lr: 5.31e-06
     Epoch[4] Iteration[1020/1240], entropy: 0.6863, loss: 2.1413, lr: 3.51e-07
     Epoch[4] Iteration[1030/1240], entropy: 0.6559, loss: 2.1211, lr: 1.81e-06
     Epoch[4] Iteration[1040/1240], entropy: 0.7168, loss: 2.2112, lr: 7.68e-06
     Epoch[4] Iteration[1050/1240], entropy: 0.6518, loss: 2.1376, lr: 9.96e-06
     Epoch[4] Iteration[1060/1240], entropy: 0.7518, loss: 2.2178, lr: 5.94e-06
     Epoch[4] Iteration[1070/1240], entropy: 0.8058, loss: 2.2489, lr: 6.18e-07
     Epoch[4] Iteration[1080/1240], entropy: 0.6177, loss: 2.0895, lr: 1.36e-06
     Epoch[4] Iteration[1090/1240], entropy: 0.5926, loss: 1.9719, lr: 7.13e-06
     Epoch[4] Iteration[1100/1240], entropy: 0.7647, loss: 2.2384, lr: 9.96e-06
     Epoch[4] Iteration[1110/1240], entropy: 0.7899, loss: 2.1475, lr: 5.94e-06
     Epoch[4] Iteration[1120/1240], entropy: 0.7596, loss: 2.2349, lr: 6.18e-07
     Epoch[4] Iteration[1130/1240], entropy: 0.7801, loss: 2.2323, lr: 1.36e-06
     Epoch[4] Iteration[1140/1240], entropy: 0.6425, loss: 2.1488, lr: 7.13e-06
     Epoch[4] Iteration[1150/1240], entropy: 0.6062, loss: 2.0116, lr: 9.96e-06
     Epoch[4] Iteration[1160/1240], entropy: 0.8328, loss: 2.2565, lr: 5.94e-06
     Epoch[4] Iteration[1170/1240], entropy: 0.4897, loss: 1.9500, lr: 6.18e-07
     Epoch[4] Iteration[1180/1240], entropy: 1.0919, loss: 2.4679, lr: 1.36e-06
     Epoch[4] Iteration[1190/1240], entropy: 0.7753, loss: 2.2360, lr: 7.13e-06
     Epoch[4] Iteration[1200/1240], entropy: 0.7423, loss: 2.1586, lr: 9.96e-06
     Epoch[4] Iteration[1210/1240], entropy: 0.7468, loss: 2.1275, lr: 5.94e-06
     Epoch[4] Iteration[1220/1240], entropy: 0.8196, loss: 2.2355, lr: 6.18e-07
     Epoch[4] Iteration[1230/1240], entropy: 0.4925, loss: 2.0115, lr: 1.36e-06
     Epoch[4] Iteration[1240/1240], entropy: 0.6625, loss: 2.1091, lr: 7.13e-06
     Averaged stats: entropy: 0.6625, loss: 2.1091, lr: 7.13e-06
     itm tta time 0:03:55
### TTA Eval Score: 
+-------+--------+--------+--------+--------+-------+
| epoch |   R1   |   R5   |  R10   |  mAP   |  mINP |
+-------+--------+--------+--------+--------+-------+
|  -999 | 37.304 | 55.557 | 63.548 | 20.140 | 2.213 |
|   0   | 37.500 | 55.643 | 63.654 | 20.140 | 2.170 |
|   1   | 37.641 | 55.673 | 63.749 | 20.139 | 2.142 |
|   2   | 37.712 | 55.688 | 63.714 | 20.134 | 2.121 |
|   3   | 37.838 | 55.708 | 63.815 | 20.147 | 2.108 |
|   4   | 37.833 | 55.794 | 63.860 | 20.147 | 2.095 |
+-------+--------+--------+--------+--------+-------+
     logs:  {'epo': 4, 'R1': np.float32(37.833), 'R5': np.float32(55.794), 'R10': np.float32(63.86), 'mAP': np.float32(20.147), 'mINP': np.float32(2.095), 'entropy': 0.721082765248514, 'loss': 2.1572992330597294, 'lr': 4.9609442273738895e-06}
     Epoch[5] Iteration[10/1240], entropy: 0.5348, loss: 2.0212, lr: 9.96e-06
     Epoch[5] Iteration[20/1240], entropy: 0.7026, loss: 2.1436, lr: 5.94e-06
     Epoch[5] Iteration[30/1240], entropy: 0.6444, loss: 2.1215, lr: 6.18e-07
     Epoch[5] Iteration[40/1240], entropy: 0.8198, loss: 2.1848, lr: 1.36e-06
     Epoch[5] Iteration[50/1240], entropy: 0.6438, loss: 2.0962, lr: 7.13e-06
     Epoch[5] Iteration[60/1240], entropy: 0.6751, loss: 2.1155, lr: 9.96e-06
     Epoch[5] Iteration[70/1240], entropy: 0.7001, loss: 2.0895, lr: 5.94e-06
     Epoch[5] Iteration[80/1240], entropy: 0.8317, loss: 2.2182, lr: 6.18e-07
     Epoch[5] Iteration[90/1240], entropy: 0.5788, loss: 2.0004, lr: 1.36e-06
     Epoch[5] Iteration[100/1240], entropy: 0.6646, loss: 2.0075, lr: 7.13e-06
     Epoch[5] Iteration[110/1240], entropy: 0.8040, loss: 2.1659, lr: 9.96e-06
     Epoch[5] Iteration[120/1240], entropy: 0.7962, loss: 2.2131, lr: 5.94e-06
     Epoch[5] Iteration[130/1240], entropy: 0.6955, loss: 2.0652, lr: 6.18e-07
     Epoch[5] Iteration[140/1240], entropy: 0.5681, loss: 1.9874, lr: 1.36e-06
     Epoch[5] Iteration[150/1240], entropy: 0.9602, loss: 2.3349, lr: 7.13e-06
     Epoch[5] Iteration[160/1240], entropy: 0.8158, loss: 2.2078, lr: 9.96e-06
     Epoch[5] Iteration[170/1240], entropy: 0.7740, loss: 2.2070, lr: 5.94e-06
     Epoch[5] Iteration[180/1240], entropy: 0.5042, loss: 2.0131, lr: 6.18e-07
     Epoch[5] Iteration[190/1240], entropy: 0.7036, loss: 2.2449, lr: 1.36e-06
     Epoch[5] Iteration[200/1240], entropy: 0.5309, loss: 2.0877, lr: 7.13e-06
     Epoch[5] Iteration[210/1240], entropy: 0.5494, loss: 2.0236, lr: 9.96e-06
     Epoch[5] Iteration[220/1240], entropy: 0.7073, loss: 2.1226, lr: 5.94e-06
     Epoch[5] Iteration[230/1240], entropy: 0.6426, loss: 2.0763, lr: 6.18e-07
     Epoch[5] Iteration[240/1240], entropy: 0.8749, loss: 2.1841, lr: 1.36e-06
     Epoch[5] Iteration[250/1240], entropy: 0.6960, loss: 2.0906, lr: 7.13e-06
     Epoch[5] Iteration[260/1240], entropy: 0.8218, loss: 2.1390, lr: 9.96e-06
     Epoch[5] Iteration[270/1240], entropy: 0.7243, loss: 2.1914, lr: 5.94e-06
     Epoch[5] Iteration[280/1240], entropy: 0.8932, loss: 2.2224, lr: 6.18e-07
     Epoch[5] Iteration[290/1240], entropy: 0.5865, loss: 1.9509, lr: 1.36e-06
     Epoch[5] Iteration[300/1240], entropy: 0.6619, loss: 2.1540, lr: 7.13e-06
     Epoch[5] Iteration[310/1240], entropy: 0.4609, loss: 1.9765, lr: 9.96e-06
     Epoch[5] Iteration[320/1240], entropy: 0.9110, loss: 2.2200, lr: 5.94e-06
     Epoch[5] Iteration[330/1240], entropy: 1.0184, loss: 2.4105, lr: 6.18e-07
     Epoch[5] Iteration[340/1240], entropy: 0.6677, loss: 2.0159, lr: 1.36e-06
     Epoch[5] Iteration[350/1240], entropy: 0.7290, loss: 2.1493, lr: 7.13e-06
     Epoch[5] Iteration[360/1240], entropy: 0.7485, loss: 2.1917, lr: 9.96e-06
     Epoch[5] Iteration[370/1240], entropy: 0.6788, loss: 2.0811, lr: 5.94e-06
     Epoch[5] Iteration[380/1240], entropy: 0.6114, loss: 2.0059, lr: 6.18e-07
     Epoch[5] Iteration[390/1240], entropy: 0.6687, loss: 2.0358, lr: 1.36e-06
     Epoch[5] Iteration[400/1240], entropy: 0.9103, loss: 2.3574, lr: 7.13e-06
     Epoch[5] Iteration[410/1240], entropy: 0.5554, loss: 2.1294, lr: 9.96e-06
     Epoch[5] Iteration[420/1240], entropy: 0.6010, loss: 1.9695, lr: 5.94e-06
     Epoch[5] Iteration[430/1240], entropy: 0.7236, loss: 2.1107, lr: 6.18e-07
     Epoch[5] Iteration[440/1240], entropy: 0.7314, loss: 2.1352, lr: 1.36e-06
     Epoch[5] Iteration[450/1240], entropy: 0.5412, loss: 1.9940, lr: 7.13e-06
     Epoch[5] Iteration[460/1240], entropy: 0.7138, loss: 2.2207, lr: 9.96e-06
     Epoch[5] Iteration[470/1240], entropy: 0.7947, loss: 2.3504, lr: 5.94e-06
     Epoch[5] Iteration[480/1240], entropy: 0.8215, loss: 2.2289, lr: 6.18e-07
     Epoch[5] Iteration[490/1240], entropy: 0.9010, loss: 2.3052, lr: 1.36e-06
     Epoch[5] Iteration[500/1240], entropy: 0.5793, loss: 2.1335, lr: 7.13e-06
     Epoch[5] Iteration[510/1240], entropy: 0.5899, loss: 2.0643, lr: 9.96e-06
     Epoch[5] Iteration[520/1240], entropy: 0.5274, loss: 2.0541, lr: 5.94e-06
     Epoch[5] Iteration[530/1240], entropy: 0.6977, loss: 2.0939, lr: 6.18e-07
     Epoch[5] Iteration[540/1240], entropy: 0.6675, loss: 2.0942, lr: 1.36e-06
     Epoch[5] Iteration[550/1240], entropy: 0.6283, loss: 2.1219, lr: 7.13e-06
     Epoch[5] Iteration[560/1240], entropy: 0.6024, loss: 2.0312, lr: 9.96e-06
     Epoch[5] Iteration[570/1240], entropy: 0.8544, loss: 2.1720, lr: 5.94e-06
     Epoch[5] Iteration[580/1240], entropy: 0.8876, loss: 2.3080, lr: 6.18e-07
     Epoch[5] Iteration[590/1240], entropy: 0.6292, loss: 2.0704, lr: 1.36e-06
     Epoch[5] Iteration[600/1240], entropy: 0.8273, loss: 2.1413, lr: 7.13e-06
     Epoch[5] Iteration[610/1240], entropy: 0.7060, loss: 2.1813, lr: 9.96e-06
     Epoch[5] Iteration[620/1240], entropy: 0.6962, loss: 2.1375, lr: 5.94e-06
     Epoch[5] Iteration[630/1240], entropy: 0.3836, loss: 1.9276, lr: 6.18e-07
     Epoch[5] Iteration[640/1240], entropy: 0.3630, loss: 1.8564, lr: 1.36e-06
     Epoch[5] Iteration[650/1240], entropy: 0.6003, loss: 2.0709, lr: 7.13e-06
     Epoch[5] Iteration[660/1240], entropy: 0.8945, loss: 2.2814, lr: 9.96e-06
     Epoch[5] Iteration[670/1240], entropy: 0.6040, loss: 2.1098, lr: 5.94e-06
     Epoch[5] Iteration[680/1240], entropy: 0.7932, loss: 2.1568, lr: 6.18e-07
     Epoch[5] Iteration[690/1240], entropy: 0.6839, loss: 2.1224, lr: 1.36e-06
     Epoch[5] Iteration[700/1240], entropy: 0.8463, loss: 2.2872, lr: 7.13e-06
     Epoch[5] Iteration[710/1240], entropy: 0.6189, loss: 2.1240, lr: 9.96e-06
     Epoch[5] Iteration[720/1240], entropy: 0.8007, loss: 2.2061, lr: 5.94e-06
     Epoch[5] Iteration[730/1240], entropy: 0.7617, loss: 2.1938, lr: 6.18e-07
     Epoch[5] Iteration[740/1240], entropy: 0.8139, loss: 2.2829, lr: 1.36e-06
     Epoch[5] Iteration[750/1240], entropy: 0.9709, loss: 2.3263, lr: 7.13e-06
     Epoch[5] Iteration[760/1240], entropy: 0.5582, loss: 2.0532, lr: 9.96e-06
     Epoch[5] Iteration[770/1240], entropy: 0.5926, loss: 2.0295, lr: 5.94e-06
     Epoch[5] Iteration[780/1240], entropy: 0.8300, loss: 2.1824, lr: 6.18e-07
     Epoch[5] Iteration[790/1240], entropy: 0.9120, loss: 2.2821, lr: 1.36e-06
     Epoch[5] Iteration[800/1240], entropy: 0.7349, loss: 2.1818, lr: 7.13e-06
     Epoch[5] Iteration[810/1240], entropy: 0.6404, loss: 2.0077, lr: 9.96e-06
     Epoch[5] Iteration[820/1240], entropy: 0.6997, loss: 2.1794, lr: 5.94e-06
     Epoch[5] Iteration[830/1240], entropy: 0.6728, loss: 2.0756, lr: 6.18e-07
     Epoch[5] Iteration[840/1240], entropy: 0.9126, loss: 2.2809, lr: 1.36e-06
     Epoch[5] Iteration[850/1240], entropy: 0.4263, loss: 1.8939, lr: 7.13e-06
     Epoch[5] Iteration[860/1240], entropy: 0.6710, loss: 2.2101, lr: 9.96e-06
     Epoch[5] Iteration[870/1240], entropy: 0.7646, loss: 2.2791, lr: 5.94e-06
     Epoch[5] Iteration[880/1240], entropy: 0.8259, loss: 2.2351, lr: 6.18e-07
     Epoch[5] Iteration[890/1240], entropy: 0.5647, loss: 1.9604, lr: 1.36e-06
     Epoch[5] Iteration[900/1240], entropy: 0.6213, loss: 2.0927, lr: 7.13e-06
     Epoch[5] Iteration[910/1240], entropy: 0.6068, loss: 2.0090, lr: 9.96e-06
     Epoch[5] Iteration[920/1240], entropy: 0.5553, loss: 1.9160, lr: 5.94e-06
     Epoch[5] Iteration[930/1240], entropy: 0.7096, loss: 2.1149, lr: 6.18e-07
     Epoch[5] Iteration[940/1240], entropy: 0.5878, loss: 2.0917, lr: 1.36e-06
     Epoch[5] Iteration[950/1240], entropy: 0.6670, loss: 2.1464, lr: 7.13e-06
     Epoch[5] Iteration[960/1240], entropy: 0.4801, loss: 1.9496, lr: 9.96e-06
     Epoch[5] Iteration[970/1240], entropy: 0.7327, loss: 2.1722, lr: 5.94e-06
     Epoch[5] Iteration[980/1240], entropy: 0.5753, loss: 2.0257, lr: 6.18e-07
     Epoch[5] Iteration[990/1240], entropy: 0.7853, loss: 2.2244, lr: 1.36e-06
     Epoch[5] Iteration[1000/1240], entropy: 0.7518, loss: 2.1430, lr: 7.13e-06
     Epoch[5] Iteration[1010/1240], entropy: 0.6652, loss: 2.1683, lr: 9.96e-06
     Epoch[5] Iteration[1020/1240], entropy: 0.6021, loss: 2.0280, lr: 5.94e-06
     Epoch[5] Iteration[1030/1240], entropy: 0.5726, loss: 2.0033, lr: 6.18e-07
     Epoch[5] Iteration[1040/1240], entropy: 0.7839, loss: 2.1042, lr: 1.36e-06
     Epoch[5] Iteration[1050/1240], entropy: 0.6507, loss: 2.0647, lr: 7.13e-06
     Epoch[5] Iteration[1060/1240], entropy: 0.5214, loss: 1.9830, lr: 9.96e-06
     Epoch[5] Iteration[1070/1240], entropy: 0.6810, loss: 2.1156, lr: 5.94e-06
     Epoch[5] Iteration[1080/1240], entropy: 0.8125, loss: 2.2199, lr: 6.18e-07
     Epoch[5] Iteration[1090/1240], entropy: 0.8681, loss: 2.2635, lr: 1.36e-06
     Epoch[5] Iteration[1100/1240], entropy: 0.9775, loss: 2.3171, lr: 7.13e-06
     Epoch[5] Iteration[1110/1240], entropy: 0.5117, loss: 1.9455, lr: 9.96e-06
     Epoch[5] Iteration[1120/1240], entropy: 0.8379, loss: 2.2029, lr: 5.94e-06
     Epoch[5] Iteration[1130/1240], entropy: 0.4708, loss: 1.8172, lr: 6.18e-07
     Epoch[5] Iteration[1140/1240], entropy: 0.7782, loss: 2.1198, lr: 1.36e-06
     Epoch[5] Iteration[1150/1240], entropy: 0.3620, loss: 1.9091, lr: 7.13e-06
     Epoch[5] Iteration[1160/1240], entropy: 0.7967, loss: 2.1509, lr: 9.96e-06
     Epoch[5] Iteration[1170/1240], entropy: 0.5477, loss: 2.1001, lr: 5.94e-06
     Epoch[5] Iteration[1180/1240], entropy: 0.6998, loss: 2.0659, lr: 6.18e-07
     Epoch[5] Iteration[1190/1240], entropy: 0.6557, loss: 2.1335, lr: 1.36e-06
     Epoch[5] Iteration[1200/1240], entropy: 0.8649, loss: 2.3589, lr: 7.13e-06
     Epoch[5] Iteration[1210/1240], entropy: 0.4667, loss: 1.9920, lr: 9.96e-06
     Epoch[5] Iteration[1220/1240], entropy: 0.8983, loss: 2.2952, lr: 5.94e-06
     Epoch[5] Iteration[1230/1240], entropy: 0.4033, loss: 1.9378, lr: 6.18e-07
     Epoch[5] Iteration[1240/1240], entropy: 1.0406, loss: 2.3999, lr: 1.36e-06
     Averaged stats: entropy: 1.0406, loss: 2.3999, lr: 1.36e-06
     itm tta time 0:04:02
### TTA Eval Score: 
+-------+--------+--------+--------+--------+-------+
| epoch |   R1   |   R5   |  R10   |  mAP   |  mINP |
+-------+--------+--------+--------+--------+-------+
|  -999 | 37.304 | 55.557 | 63.548 | 20.140 | 2.213 |
|   0   | 37.500 | 55.643 | 63.654 | 20.140 | 2.170 |
|   1   | 37.641 | 55.673 | 63.749 | 20.139 | 2.142 |
|   2   | 37.712 | 55.688 | 63.714 | 20.134 | 2.121 |
|   3   | 37.838 | 55.708 | 63.815 | 20.147 | 2.108 |
|   4   | 37.833 | 55.794 | 63.860 | 20.147 | 2.095 |
|   5   | 37.918 | 55.880 | 63.916 | 20.164 | 2.090 |
+-------+--------+--------+--------+--------+-------+
     logs:  {'epo': 5, 'R1': np.float32(37.918), 'R5': np.float32(55.88), 'R10': np.float32(63.916), 'mAP': np.float32(20.164), 'mINP': np.float32(2.09), 'entropy': 0.6957342326641083, 'loss': 2.1254049645316218, 'lr': 4.9828314801788415e-06}
     Epoch[6] Iteration[10/1240], entropy: 0.5724, loss: 1.9364, lr: 7.13e-06
     Epoch[6] Iteration[20/1240], entropy: 0.7105, loss: 2.1224, lr: 9.96e-06
     Epoch[6] Iteration[30/1240], entropy: 0.6238, loss: 2.0747, lr: 5.94e-06
     Epoch[6] Iteration[40/1240], entropy: 0.7018, loss: 2.2276, lr: 6.18e-07
     Epoch[6] Iteration[50/1240], entropy: 0.5911, loss: 2.0631, lr: 1.36e-06
     Epoch[6] Iteration[60/1240], entropy: 0.7519, loss: 2.1615, lr: 7.13e-06
     Epoch[6] Iteration[70/1240], entropy: 0.6680, loss: 2.1653, lr: 9.96e-06
     Epoch[6] Iteration[80/1240], entropy: 0.5257, loss: 1.9287, lr: 5.94e-06
     Epoch[6] Iteration[90/1240], entropy: 0.7029, loss: 2.1611, lr: 6.18e-07
     Epoch[6] Iteration[100/1240], entropy: 0.4199, loss: 1.9263, lr: 1.36e-06
     Epoch[6] Iteration[110/1240], entropy: 0.7384, loss: 2.1192, lr: 7.13e-06
     Epoch[6] Iteration[120/1240], entropy: 0.7757, loss: 2.2644, lr: 9.96e-06
     Epoch[6] Iteration[130/1240], entropy: 0.7377, loss: 2.2034, lr: 5.94e-06
     Epoch[6] Iteration[140/1240], entropy: 0.4392, loss: 1.9749, lr: 6.18e-07
     Epoch[6] Iteration[150/1240], entropy: 0.5048, loss: 2.0758, lr: 1.36e-06
     Epoch[6] Iteration[160/1240], entropy: 0.9110, loss: 2.3091, lr: 7.13e-06
     Epoch[6] Iteration[170/1240], entropy: 0.5095, loss: 1.9855, lr: 9.96e-06
     Epoch[6] Iteration[180/1240], entropy: 0.5458, loss: 2.0135, lr: 5.94e-06
     Epoch[6] Iteration[190/1240], entropy: 0.4257, loss: 1.9386, lr: 6.18e-07
     Epoch[6] Iteration[200/1240], entropy: 0.4826, loss: 1.8840, lr: 1.36e-06
     Epoch[6] Iteration[210/1240], entropy: 0.6858, loss: 2.1216, lr: 7.13e-06
     Epoch[6] Iteration[220/1240], entropy: 0.8828, loss: 2.2686, lr: 9.96e-06
     Epoch[6] Iteration[230/1240], entropy: 0.5623, loss: 2.0814, lr: 5.94e-06
     Epoch[6] Iteration[240/1240], entropy: 0.5861, loss: 2.1011, lr: 6.18e-07
     Epoch[6] Iteration[250/1240], entropy: 0.6936, loss: 2.2138, lr: 1.36e-06
     Epoch[6] Iteration[260/1240], entropy: 0.8461, loss: 2.1846, lr: 7.13e-06
     Epoch[6] Iteration[270/1240], entropy: 0.6567, loss: 2.0880, lr: 9.96e-06
     Epoch[6] Iteration[280/1240], entropy: 0.6343, loss: 2.1464, lr: 5.94e-06
     Epoch[6] Iteration[290/1240], entropy: 0.7845, loss: 2.2063, lr: 6.18e-07
     Epoch[6] Iteration[300/1240], entropy: 1.0865, loss: 2.3623, lr: 1.36e-06
     Epoch[6] Iteration[310/1240], entropy: 0.5025, loss: 1.9737, lr: 7.13e-06
     Epoch[6] Iteration[320/1240], entropy: 0.6671, loss: 2.2095, lr: 9.96e-06
     Epoch[6] Iteration[330/1240], entropy: 0.6700, loss: 2.0256, lr: 5.94e-06
     Epoch[6] Iteration[340/1240], entropy: 0.7870, loss: 2.0939, lr: 6.18e-07
     Epoch[6] Iteration[350/1240], entropy: 0.6376, loss: 2.1025, lr: 1.36e-06
     Epoch[6] Iteration[360/1240], entropy: 0.7376, loss: 2.1615, lr: 7.13e-06
     Epoch[6] Iteration[370/1240], entropy: 0.5721, loss: 2.0334, lr: 9.96e-06
     Epoch[6] Iteration[380/1240], entropy: 0.6517, loss: 2.1022, lr: 5.94e-06
     Epoch[6] Iteration[390/1240], entropy: 0.7516, loss: 2.1310, lr: 6.18e-07
     Epoch[6] Iteration[400/1240], entropy: 0.9205, loss: 2.2647, lr: 1.36e-06
     Epoch[6] Iteration[410/1240], entropy: 0.6564, loss: 2.1125, lr: 7.13e-06
     Epoch[6] Iteration[420/1240], entropy: 0.6129, loss: 2.0099, lr: 9.96e-06
     Epoch[6] Iteration[430/1240], entropy: 0.8351, loss: 2.2112, lr: 5.94e-06
     Epoch[6] Iteration[440/1240], entropy: 0.7002, loss: 2.1366, lr: 6.18e-07
     Epoch[6] Iteration[450/1240], entropy: 0.5282, loss: 2.0091, lr: 1.36e-06
     Epoch[6] Iteration[460/1240], entropy: 0.6718, loss: 2.0908, lr: 7.13e-06
     Epoch[6] Iteration[470/1240], entropy: 0.6417, loss: 1.9888, lr: 9.96e-06
     Epoch[6] Iteration[480/1240], entropy: 0.6522, loss: 2.0477, lr: 5.94e-06
     Epoch[6] Iteration[490/1240], entropy: 0.6856, loss: 2.1287, lr: 6.18e-07
     Epoch[6] Iteration[500/1240], entropy: 0.6227, loss: 2.0861, lr: 1.36e-06
     Epoch[6] Iteration[510/1240], entropy: 0.4766, loss: 1.9503, lr: 7.13e-06
     Epoch[6] Iteration[520/1240], entropy: 0.7330, loss: 2.2051, lr: 9.96e-06
     Epoch[6] Iteration[530/1240], entropy: 0.4914, loss: 1.9517, lr: 5.94e-06
     Epoch[6] Iteration[540/1240], entropy: 0.7834, loss: 2.2219, lr: 6.18e-07
     Epoch[6] Iteration[550/1240], entropy: 0.7841, loss: 2.2379, lr: 1.36e-06
     Epoch[6] Iteration[560/1240], entropy: 0.8413, loss: 2.2336, lr: 7.13e-06
     Epoch[6] Iteration[570/1240], entropy: 0.5245, loss: 1.9226, lr: 1.00e-05
     Epoch[6] Iteration[580/1240], entropy: 0.7474, loss: 2.1862, lr: 6.55e-06
     Epoch[6] Iteration[590/1240], entropy: 0.5087, loss: 2.0159, lr: 9.55e-07
     Epoch[6] Iteration[600/1240], entropy: 0.6077, loss: 1.9700, lr: 9.55e-07
     Epoch[6] Iteration[610/1240], entropy: 0.6963, loss: 2.1280, lr: 6.55e-06
     Epoch[6] Iteration[620/1240], entropy: 0.5392, loss: 1.9919, lr: 1.00e-05
     Epoch[6] Iteration[630/1240], entropy: 0.4901, loss: 1.9548, lr: 6.55e-06
     Epoch[6] Iteration[640/1240], entropy: 0.9517, loss: 2.2404, lr: 9.55e-07
     Epoch[6] Iteration[650/1240], entropy: 0.7819, loss: 2.2849, lr: 9.55e-07
     Epoch[6] Iteration[660/1240], entropy: 0.5488, loss: 1.9597, lr: 6.55e-06
     Epoch[6] Iteration[670/1240], entropy: 0.6935, loss: 2.1041, lr: 1.00e-05
     Epoch[6] Iteration[680/1240], entropy: 0.7816, loss: 2.1389, lr: 6.55e-06
     Epoch[6] Iteration[690/1240], entropy: 0.7865, loss: 2.2502, lr: 9.55e-07
     Epoch[6] Iteration[700/1240], entropy: 0.5007, loss: 1.9497, lr: 9.55e-07
     Epoch[6] Iteration[710/1240], entropy: 0.6613, loss: 2.0949, lr: 6.55e-06
     Epoch[6] Iteration[720/1240], entropy: 0.7930, loss: 2.1869, lr: 1.00e-05
     Epoch[6] Iteration[730/1240], entropy: 0.6337, loss: 2.0978, lr: 6.55e-06
     Epoch[6] Iteration[740/1240], entropy: 0.7623, loss: 2.1833, lr: 9.55e-07
     Epoch[6] Iteration[750/1240], entropy: 0.6727, loss: 1.9591, lr: 9.55e-07
     Epoch[6] Iteration[760/1240], entropy: 0.7111, loss: 2.1307, lr: 6.55e-06
     Epoch[6] Iteration[770/1240], entropy: 0.9842, loss: 2.3998, lr: 1.00e-05
     Epoch[6] Iteration[780/1240], entropy: 0.5868, loss: 2.1076, lr: 6.55e-06
     Epoch[6] Iteration[790/1240], entropy: 0.5383, loss: 1.9753, lr: 9.55e-07
     Epoch[6] Iteration[800/1240], entropy: 0.5934, loss: 2.0543, lr: 9.55e-07
     Epoch[6] Iteration[810/1240], entropy: 0.5870, loss: 2.0302, lr: 6.55e-06
     Epoch[6] Iteration[820/1240], entropy: 0.9223, loss: 2.2250, lr: 1.00e-05
     Epoch[6] Iteration[830/1240], entropy: 0.6328, loss: 1.9727, lr: 6.55e-06
     Epoch[6] Iteration[840/1240], entropy: 0.7942, loss: 2.2244, lr: 9.55e-07
     Epoch[6] Iteration[850/1240], entropy: 0.8146, loss: 2.1973, lr: 9.55e-07
     Epoch[6] Iteration[860/1240], entropy: 0.6375, loss: 2.0486, lr: 6.55e-06
     Epoch[6] Iteration[870/1240], entropy: 0.7029, loss: 2.1797, lr: 1.00e-05
     Epoch[6] Iteration[880/1240], entropy: 0.8082, loss: 2.2272, lr: 6.55e-06
     Epoch[6] Iteration[890/1240], entropy: 0.5040, loss: 2.0550, lr: 9.55e-07
     Epoch[6] Iteration[900/1240], entropy: 0.5401, loss: 1.9872, lr: 9.55e-07
     Epoch[6] Iteration[910/1240], entropy: 0.7052, loss: 2.1889, lr: 6.55e-06
     Epoch[6] Iteration[920/1240], entropy: 0.6367, loss: 2.1240, lr: 1.00e-05
     Epoch[6] Iteration[930/1240], entropy: 0.6177, loss: 2.0227, lr: 6.55e-06
     Epoch[6] Iteration[940/1240], entropy: 0.6315, loss: 2.1471, lr: 9.55e-07
     Epoch[6] Iteration[950/1240], entropy: 0.6060, loss: 2.0838, lr: 9.55e-07
     Epoch[6] Iteration[960/1240], entropy: 0.6587, loss: 2.0191, lr: 6.55e-06
     Epoch[6] Iteration[970/1240], entropy: 0.8184, loss: 2.2142, lr: 1.00e-05
     Epoch[6] Iteration[980/1240], entropy: 0.7537, loss: 2.1814, lr: 6.55e-06
     Epoch[6] Iteration[990/1240], entropy: 0.6905, loss: 2.1390, lr: 9.55e-07
     Epoch[6] Iteration[1000/1240], entropy: 0.8045, loss: 2.2247, lr: 9.55e-07
     Epoch[6] Iteration[1010/1240], entropy: 0.7859, loss: 2.2185, lr: 6.55e-06
     Epoch[6] Iteration[1020/1240], entropy: 0.8418, loss: 2.2629, lr: 1.00e-05
     Epoch[6] Iteration[1030/1240], entropy: 0.8311, loss: 2.2344, lr: 6.55e-06
     Epoch[6] Iteration[1040/1240], entropy: 0.5991, loss: 1.9513, lr: 9.55e-07
     Epoch[6] Iteration[1050/1240], entropy: 0.8158, loss: 2.2099, lr: 9.55e-07
     Epoch[6] Iteration[1060/1240], entropy: 0.8871, loss: 2.2604, lr: 6.55e-06
     Epoch[6] Iteration[1070/1240], entropy: 0.6195, loss: 2.0430, lr: 1.00e-05
     Epoch[6] Iteration[1080/1240], entropy: 0.6801, loss: 2.1105, lr: 6.55e-06
     Epoch[6] Iteration[1090/1240], entropy: 0.8825, loss: 2.2621, lr: 9.55e-07
     Epoch[6] Iteration[1100/1240], entropy: 0.6091, loss: 2.0476, lr: 9.55e-07
     Epoch[6] Iteration[1110/1240], entropy: 0.5484, loss: 2.0417, lr: 6.55e-06
     Epoch[6] Iteration[1120/1240], entropy: 0.5215, loss: 2.0991, lr: 1.00e-05
     Epoch[6] Iteration[1130/1240], entropy: 0.5759, loss: 2.0990, lr: 6.55e-06
     Epoch[6] Iteration[1140/1240], entropy: 0.6457, loss: 2.1167, lr: 9.55e-07
     Epoch[6] Iteration[1150/1240], entropy: 0.3948, loss: 1.9971, lr: 9.55e-07
     Epoch[6] Iteration[1160/1240], entropy: 0.7506, loss: 2.1217, lr: 6.55e-06
     Epoch[6] Iteration[1170/1240], entropy: 0.6403, loss: 2.0827, lr: 1.00e-05
     Epoch[6] Iteration[1180/1240], entropy: 1.0358, loss: 2.4158, lr: 6.55e-06
     Epoch[6] Iteration[1190/1240], entropy: 0.3700, loss: 1.8731, lr: 9.55e-07
     Epoch[6] Iteration[1200/1240], entropy: 0.7727, loss: 2.1919, lr: 9.55e-07
     Epoch[6] Iteration[1210/1240], entropy: 0.7547, loss: 2.0804, lr: 6.55e-06
     Epoch[6] Iteration[1220/1240], entropy: 0.8542, loss: 2.2243, lr: 1.00e-05
     Epoch[6] Iteration[1230/1240], entropy: 0.7166, loss: 2.1397, lr: 6.55e-06
     Epoch[6] Iteration[1240/1240], entropy: 0.9183, loss: 2.3822, lr: 9.55e-07
     Averaged stats: entropy: 0.9183, loss: 2.3822, lr: 9.55e-07
     itm tta time 0:04:05
### TTA Eval Score: 
+-------+--------+--------+--------+--------+-------+
| epoch |   R1   |   R5   |  R10   |  mAP   |  mINP |
+-------+--------+--------+--------+--------+-------+
|  -999 | 37.304 | 55.557 | 63.548 | 20.140 | 2.213 |
|   0   | 37.500 | 55.643 | 63.654 | 20.140 | 2.170 |
|   1   | 37.641 | 55.673 | 63.749 | 20.139 | 2.142 |
|   2   | 37.712 | 55.688 | 63.714 | 20.134 | 2.121 |
|   3   | 37.838 | 55.708 | 63.815 | 20.147 | 2.108 |
|   4   | 37.833 | 55.794 | 63.860 | 20.147 | 2.095 |
|   5   | 37.918 | 55.880 | 63.916 | 20.164 | 2.090 |
|   6   | 37.958 | 55.950 | 63.971 | 20.173 | 2.086 |
+-------+--------+--------+--------+--------+-------+
     logs:  {'epo': 6, 'R1': np.float32(37.958), 'R5': np.float32(55.95), 'R10': np.float32(63.971), 'mAP': np.float32(20.173), 'mINP': np.float32(2.086), 'entropy': 0.6805280742626036, 'loss': 2.115119468781256, 'lr': 5.037329810143815e-06}
     Epoch[7] Iteration[10/1240], entropy: 0.5885, loss: 2.0974, lr: 9.55e-07
     Epoch[7] Iteration[20/1240], entropy: 0.7715, loss: 2.2209, lr: 6.55e-06
     Epoch[7] Iteration[30/1240], entropy: 0.6402, loss: 2.0928, lr: 1.00e-05
     Epoch[7] Iteration[40/1240], entropy: 0.7171, loss: 2.1457, lr: 6.55e-06
     Epoch[7] Iteration[50/1240], entropy: 0.9099, loss: 2.2855, lr: 9.55e-07
     Epoch[7] Iteration[60/1240], entropy: 0.8360, loss: 2.2652, lr: 9.55e-07
     Epoch[7] Iteration[70/1240], entropy: 0.5208, loss: 2.0081, lr: 6.55e-06
     Epoch[7] Iteration[80/1240], entropy: 0.5476, loss: 1.9502, lr: 1.00e-05
     Epoch[7] Iteration[90/1240], entropy: 0.7165, loss: 2.1071, lr: 6.55e-06
     Epoch[7] Iteration[100/1240], entropy: 0.5522, loss: 1.9848, lr: 9.55e-07
     Epoch[7] Iteration[110/1240], entropy: 0.8459, loss: 2.2226, lr: 9.55e-07
     Epoch[7] Iteration[120/1240], entropy: 0.4771, loss: 1.9981, lr: 6.55e-06
     Epoch[7] Iteration[130/1240], entropy: 0.6731, loss: 2.1337, lr: 1.00e-05
     Epoch[7] Iteration[140/1240], entropy: 0.7173, loss: 2.1603, lr: 6.55e-06
     Epoch[7] Iteration[150/1240], entropy: 0.8418, loss: 2.2764, lr: 9.55e-07
     Epoch[7] Iteration[160/1240], entropy: 0.6968, loss: 2.0921, lr: 9.55e-07
     Epoch[7] Iteration[170/1240], entropy: 0.6259, loss: 2.0806, lr: 6.55e-06
     Epoch[7] Iteration[180/1240], entropy: 0.5983, loss: 2.0340, lr: 1.00e-05
     Epoch[7] Iteration[190/1240], entropy: 0.6171, loss: 2.1219, lr: 6.55e-06
     Epoch[7] Iteration[200/1240], entropy: 0.8812, loss: 2.2516, lr: 9.55e-07
     Epoch[7] Iteration[210/1240], entropy: 0.3711, loss: 1.9885, lr: 9.55e-07
     Epoch[7] Iteration[220/1240], entropy: 0.7816, loss: 2.2043, lr: 6.55e-06
     Epoch[7] Iteration[230/1240], entropy: 0.5984, loss: 1.9823, lr: 1.00e-05
     Epoch[7] Iteration[240/1240], entropy: 0.8790, loss: 2.2855, lr: 6.55e-06
     Epoch[7] Iteration[250/1240], entropy: 0.8651, loss: 2.2011, lr: 9.55e-07
     Epoch[7] Iteration[260/1240], entropy: 0.6983, loss: 2.1785, lr: 9.55e-07
     Epoch[7] Iteration[270/1240], entropy: 0.8747, loss: 2.2106, lr: 6.55e-06
     Epoch[7] Iteration[280/1240], entropy: 0.8081, loss: 2.0371, lr: 1.00e-05
     Epoch[7] Iteration[290/1240], entropy: 0.5112, loss: 1.9201, lr: 6.55e-06
     Epoch[7] Iteration[300/1240], entropy: 0.9207, loss: 2.2842, lr: 9.55e-07
     Epoch[7] Iteration[310/1240], entropy: 0.6903, loss: 2.1095, lr: 9.55e-07
     Epoch[7] Iteration[320/1240], entropy: 0.6129, loss: 2.0424, lr: 6.55e-06
     Epoch[7] Iteration[330/1240], entropy: 0.6796, loss: 2.1095, lr: 1.00e-05
     Epoch[7] Iteration[340/1240], entropy: 0.4087, loss: 1.9470, lr: 6.55e-06
     Epoch[7] Iteration[350/1240], entropy: 0.7945, loss: 2.2709, lr: 9.55e-07
     Epoch[7] Iteration[360/1240], entropy: 0.6907, loss: 2.1399, lr: 9.55e-07
     Epoch[7] Iteration[370/1240], entropy: 0.5859, loss: 1.9917, lr: 6.55e-06
     Epoch[7] Iteration[380/1240], entropy: 0.6774, loss: 2.1441, lr: 1.00e-05
     Epoch[7] Iteration[390/1240], entropy: 0.7045, loss: 2.0194, lr: 6.55e-06
     Epoch[7] Iteration[400/1240], entropy: 0.6581, loss: 2.1044, lr: 9.55e-07
     Epoch[7] Iteration[410/1240], entropy: 0.4799, loss: 1.8849, lr: 9.55e-07
     Epoch[7] Iteration[420/1240], entropy: 0.6300, loss: 2.0446, lr: 6.55e-06
     Epoch[7] Iteration[430/1240], entropy: 0.6662, loss: 2.1156, lr: 1.00e-05
     Epoch[7] Iteration[440/1240], entropy: 0.7430, loss: 2.1942, lr: 6.55e-06
     Epoch[7] Iteration[450/1240], entropy: 0.7780, loss: 2.1471, lr: 9.55e-07
     Epoch[7] Iteration[460/1240], entropy: 0.6919, loss: 2.1482, lr: 9.55e-07
     Epoch[7] Iteration[470/1240], entropy: 0.5411, loss: 2.0332, lr: 6.55e-06
     Epoch[7] Iteration[480/1240], entropy: 0.6319, loss: 1.9825, lr: 1.00e-05
     Epoch[7] Iteration[490/1240], entropy: 0.8496, loss: 2.2277, lr: 6.55e-06
     Epoch[7] Iteration[500/1240], entropy: 0.5161, loss: 1.8402, lr: 9.55e-07
     Epoch[7] Iteration[510/1240], entropy: 0.5983, loss: 1.9962, lr: 9.55e-07
     Epoch[7] Iteration[520/1240], entropy: 0.6529, loss: 2.1441, lr: 6.55e-06
     Epoch[7] Iteration[530/1240], entropy: 0.5668, loss: 2.0952, lr: 1.00e-05
     Epoch[7] Iteration[540/1240], entropy: 0.5268, loss: 1.9628, lr: 6.55e-06
     Epoch[7] Iteration[550/1240], entropy: 0.5974, loss: 1.9950, lr: 9.55e-07
     Epoch[7] Iteration[560/1240], entropy: 0.7657, loss: 2.1803, lr: 9.55e-07
     Epoch[7] Iteration[570/1240], entropy: 0.7648, loss: 2.2339, lr: 6.55e-06
     Epoch[7] Iteration[580/1240], entropy: 0.8769, loss: 2.2230, lr: 1.00e-05
     Epoch[7] Iteration[590/1240], entropy: 0.6459, loss: 2.1257, lr: 6.55e-06
     Epoch[7] Iteration[600/1240], entropy: 0.5919, loss: 2.0382, lr: 9.55e-07
     Epoch[7] Iteration[610/1240], entropy: 0.6631, loss: 2.2351, lr: 9.55e-07
     Epoch[7] Iteration[620/1240], entropy: 0.5785, loss: 1.9971, lr: 6.55e-06
     Epoch[7] Iteration[630/1240], entropy: 0.7659, loss: 2.1862, lr: 1.00e-05
     Epoch[7] Iteration[640/1240], entropy: 0.6279, loss: 2.1468, lr: 6.55e-06
     Epoch[7] Iteration[650/1240], entropy: 1.0001, loss: 2.3524, lr: 9.55e-07
     Epoch[7] Iteration[660/1240], entropy: 0.6726, loss: 2.1080, lr: 9.55e-07
     Epoch[7] Iteration[670/1240], entropy: 0.6576, loss: 2.1501, lr: 6.55e-06
     Epoch[7] Iteration[680/1240], entropy: 0.6779, loss: 2.2129, lr: 1.00e-05
     Epoch[7] Iteration[690/1240], entropy: 0.7082, loss: 2.0951, lr: 6.55e-06
     Epoch[7] Iteration[700/1240], entropy: 0.4988, loss: 1.9829, lr: 9.55e-07
     Epoch[7] Iteration[710/1240], entropy: 0.5711, loss: 2.0011, lr: 9.55e-07
     Epoch[7] Iteration[720/1240], entropy: 0.6909, loss: 2.0978, lr: 6.55e-06
     Epoch[7] Iteration[730/1240], entropy: 0.8881, loss: 2.1774, lr: 1.00e-05
     Epoch[7] Iteration[740/1240], entropy: 0.6248, loss: 2.0724, lr: 6.55e-06
     Epoch[7] Iteration[750/1240], entropy: 0.6926, loss: 2.1310, lr: 9.55e-07
     Epoch[7] Iteration[760/1240], entropy: 0.8734, loss: 2.1965, lr: 9.55e-07
     Epoch[7] Iteration[770/1240], entropy: 0.7580, loss: 2.1716, lr: 6.55e-06
     Epoch[7] Iteration[780/1240], entropy: 0.6067, loss: 2.0541, lr: 1.00e-05
     Epoch[7] Iteration[790/1240], entropy: 0.7016, loss: 2.1075, lr: 6.55e-06
     Epoch[7] Iteration[800/1240], entropy: 0.6517, loss: 2.1686, lr: 9.55e-07
     Epoch[7] Iteration[810/1240], entropy: 0.5373, loss: 2.0772, lr: 9.55e-07
     Epoch[7] Iteration[820/1240], entropy: 0.5980, loss: 2.0574, lr: 6.55e-06
     Epoch[7] Iteration[830/1240], entropy: 0.7490, loss: 2.2423, lr: 1.00e-05
     Epoch[7] Iteration[840/1240], entropy: 0.8340, loss: 2.2820, lr: 6.55e-06
     Epoch[7] Iteration[850/1240], entropy: 0.7382, loss: 2.2509, lr: 9.55e-07
     Epoch[7] Iteration[860/1240], entropy: 0.5205, loss: 1.9658, lr: 9.55e-07
     Epoch[7] Iteration[870/1240], entropy: 0.7879, loss: 2.2382, lr: 6.55e-06
     Epoch[7] Iteration[880/1240], entropy: 0.5315, loss: 1.9737, lr: 1.00e-05
     Epoch[7] Iteration[890/1240], entropy: 0.6516, loss: 2.1526, lr: 6.55e-06
     Epoch[7] Iteration[900/1240], entropy: 0.6642, loss: 2.1274, lr: 9.55e-07
     Epoch[7] Iteration[910/1240], entropy: 0.5773, loss: 2.0114, lr: 9.55e-07
     Epoch[7] Iteration[920/1240], entropy: 0.5444, loss: 2.0984, lr: 6.55e-06
     Epoch[7] Iteration[930/1240], entropy: 0.9382, loss: 2.3451, lr: 1.00e-05
     Epoch[7] Iteration[940/1240], entropy: 0.7720, loss: 2.1737, lr: 6.55e-06
     Epoch[7] Iteration[950/1240], entropy: 0.7843, loss: 2.1455, lr: 9.55e-07
     Epoch[7] Iteration[960/1240], entropy: 0.6538, loss: 2.0744, lr: 9.55e-07
     Epoch[7] Iteration[970/1240], entropy: 0.5738, loss: 1.9396, lr: 6.55e-06
     Epoch[7] Iteration[980/1240], entropy: 0.6933, loss: 2.1352, lr: 1.00e-05
     Epoch[7] Iteration[990/1240], entropy: 0.4705, loss: 1.9269, lr: 6.55e-06
     Epoch[7] Iteration[1000/1240], entropy: 0.5257, loss: 1.9382, lr: 9.55e-07
     Epoch[7] Iteration[1010/1240], entropy: 0.5783, loss: 2.0189, lr: 9.55e-07
     Epoch[7] Iteration[1020/1240], entropy: 0.5052, loss: 2.0153, lr: 6.55e-06
     Epoch[7] Iteration[1030/1240], entropy: 0.7069, loss: 2.0898, lr: 1.00e-05
     Epoch[7] Iteration[1040/1240], entropy: 0.7002, loss: 2.1015, lr: 6.55e-06
     Epoch[7] Iteration[1050/1240], entropy: 0.5227, loss: 2.0094, lr: 9.55e-07
     Epoch[7] Iteration[1060/1240], entropy: 0.7809, loss: 2.1589, lr: 9.55e-07
     Epoch[7] Iteration[1070/1240], entropy: 0.4885, loss: 2.0027, lr: 6.55e-06
     Epoch[7] Iteration[1080/1240], entropy: 0.6702, loss: 2.0496, lr: 1.00e-05
     Epoch[7] Iteration[1090/1240], entropy: 0.5855, loss: 2.0041, lr: 6.55e-06
     Epoch[7] Iteration[1100/1240], entropy: 0.9361, loss: 2.3029, lr: 9.55e-07
     Epoch[7] Iteration[1110/1240], entropy: 0.4588, loss: 1.8933, lr: 9.55e-07
     Epoch[7] Iteration[1120/1240], entropy: 0.6897, loss: 2.0843, lr: 6.55e-06
     Epoch[7] Iteration[1130/1240], entropy: 0.7283, loss: 2.1795, lr: 1.00e-05
     Epoch[7] Iteration[1140/1240], entropy: 0.7047, loss: 2.1786, lr: 6.55e-06
     Epoch[7] Iteration[1150/1240], entropy: 0.6551, loss: 2.1566, lr: 9.55e-07
     Epoch[7] Iteration[1160/1240], entropy: 0.9220, loss: 2.2820, lr: 9.55e-07
     Epoch[7] Iteration[1170/1240], entropy: 0.8691, loss: 2.2598, lr: 6.55e-06
     Epoch[7] Iteration[1180/1240], entropy: 0.7459, loss: 2.2284, lr: 1.00e-05
     Epoch[7] Iteration[1190/1240], entropy: 0.7071, loss: 2.0452, lr: 6.55e-06
     Epoch[7] Iteration[1200/1240], entropy: 0.6952, loss: 2.1443, lr: 9.55e-07
     Epoch[7] Iteration[1210/1240], entropy: 0.7603, loss: 2.1149, lr: 9.55e-07
     Epoch[7] Iteration[1220/1240], entropy: 0.7748, loss: 2.1204, lr: 6.55e-06
     Epoch[7] Iteration[1230/1240], entropy: 0.6918, loss: 2.0772, lr: 1.00e-05
     Epoch[7] Iteration[1240/1240], entropy: 0.8574, loss: 2.2383, lr: 6.55e-06
     Averaged stats: entropy: 0.8574, loss: 2.2383, lr: 6.55e-06
     itm tta time 0:03:54
### TTA Eval Score: 
+-------+--------+--------+--------+--------+-------+
| epoch |   R1   |   R5   |  R10   |  mAP   |  mINP |
+-------+--------+--------+--------+--------+-------+
|  -999 | 37.304 | 55.557 | 63.548 | 20.140 | 2.213 |
|   0   | 37.500 | 55.643 | 63.654 | 20.140 | 2.170 |
|   1   | 37.641 | 55.673 | 63.749 | 20.139 | 2.142 |
|   2   | 37.712 | 55.688 | 63.714 | 20.134 | 2.121 |
|   3   | 37.838 | 55.708 | 63.815 | 20.147 | 2.108 |
|   4   | 37.833 | 55.794 | 63.860 | 20.147 | 2.095 |
|   5   | 37.918 | 55.880 | 63.916 | 20.164 | 2.090 |
|   6   | 37.958 | 55.950 | 63.971 | 20.173 | 2.086 |
|   7   | 38.039 | 56.026 | 64.052 | 20.187 | 2.083 |
+-------+--------+--------+--------+--------+-------+
     logs:  {'epo': 7, 'R1': np.float32(38.039), 'R5': np.float32(56.026), 'R10': np.float32(64.052), 'mAP': np.float32(20.187), 'mINP': np.float32(2.083), 'entropy': 0.6813766975556651, 'loss': 2.1118443819784347, 'lr': 5.0326216529991026e-06}
     Epoch[8] Iteration[10/1240], entropy: 0.8590, loss: 2.2753, lr: 9.55e-07
     Epoch[8] Iteration[20/1240], entropy: 0.5986, loss: 2.1114, lr: 9.55e-07
     Epoch[8] Iteration[30/1240], entropy: 0.6745, loss: 2.1420, lr: 6.55e-06
     Epoch[8] Iteration[40/1240], entropy: 0.7936, loss: 2.2338, lr: 1.00e-05
     Epoch[8] Iteration[50/1240], entropy: 0.4921, loss: 2.0180, lr: 6.55e-06
     Epoch[8] Iteration[60/1240], entropy: 0.6571, loss: 2.1144, lr: 9.55e-07
     Epoch[8] Iteration[70/1240], entropy: 0.6619, loss: 2.1342, lr: 9.55e-07
     Epoch[8] Iteration[80/1240], entropy: 0.7739, loss: 2.2102, lr: 6.55e-06
     Epoch[8] Iteration[90/1240], entropy: 0.6462, loss: 2.2152, lr: 9.96e-06
     Epoch[8] Iteration[100/1240], entropy: 0.6859, loss: 2.2205, lr: 7.13e-06
     Epoch[8] Iteration[110/1240], entropy: 0.8286, loss: 2.1254, lr: 1.36e-06
     Epoch[8] Iteration[120/1240], entropy: 0.6893, loss: 2.1154, lr: 6.18e-07
     Epoch[8] Iteration[130/1240], entropy: 0.4338, loss: 1.9531, lr: 5.94e-06
     Epoch[8] Iteration[140/1240], entropy: 0.5200, loss: 1.9947, lr: 9.96e-06
     Epoch[8] Iteration[150/1240], entropy: 0.9511, loss: 2.3228, lr: 7.13e-06
     Epoch[8] Iteration[160/1240], entropy: 0.8794, loss: 2.2681, lr: 1.36e-06
     Epoch[8] Iteration[170/1240], entropy: 0.3753, loss: 1.9583, lr: 6.18e-07
     Epoch[8] Iteration[180/1240], entropy: 0.6394, loss: 1.9826, lr: 5.94e-06
     Epoch[8] Iteration[190/1240], entropy: 0.4577, loss: 1.8292, lr: 9.96e-06
     Epoch[8] Iteration[200/1240], entropy: 0.7695, loss: 2.1195, lr: 7.13e-06
     Epoch[8] Iteration[210/1240], entropy: 0.7920, loss: 2.1500, lr: 1.36e-06
     Epoch[8] Iteration[220/1240], entropy: 0.7131, loss: 2.0875, lr: 6.18e-07
     Epoch[8] Iteration[230/1240], entropy: 0.8188, loss: 2.2137, lr: 5.94e-06
     Epoch[8] Iteration[240/1240], entropy: 0.6804, loss: 2.1614, lr: 9.96e-06
     Epoch[8] Iteration[250/1240], entropy: 0.5898, loss: 2.0970, lr: 7.13e-06
     Epoch[8] Iteration[260/1240], entropy: 0.6052, loss: 1.9543, lr: 1.36e-06
     Epoch[8] Iteration[270/1240], entropy: 0.3386, loss: 1.7517, lr: 6.18e-07
     Epoch[8] Iteration[280/1240], entropy: 0.7952, loss: 2.1918, lr: 5.94e-06
     Epoch[8] Iteration[290/1240], entropy: 0.7836, loss: 2.2099, lr: 9.96e-06
     Epoch[8] Iteration[300/1240], entropy: 0.6095, loss: 2.1164, lr: 7.13e-06
     Epoch[8] Iteration[310/1240], entropy: 0.6451, loss: 2.1346, lr: 1.36e-06
     Epoch[8] Iteration[320/1240], entropy: 0.6947, loss: 2.1992, lr: 6.18e-07
     Epoch[8] Iteration[330/1240], entropy: 0.7654, loss: 2.1669, lr: 5.94e-06
     Epoch[8] Iteration[340/1240], entropy: 0.8491, loss: 2.2593, lr: 9.96e-06
     Epoch[8] Iteration[350/1240], entropy: 0.7398, loss: 2.1658, lr: 7.13e-06
     Epoch[8] Iteration[360/1240], entropy: 0.7530, loss: 2.0814, lr: 1.36e-06
     Epoch[8] Iteration[370/1240], entropy: 0.7332, loss: 2.0803, lr: 6.18e-07
     Epoch[8] Iteration[380/1240], entropy: 0.6025, loss: 2.0488, lr: 5.94e-06
     Epoch[8] Iteration[390/1240], entropy: 0.6997, loss: 2.0849, lr: 9.96e-06
     Epoch[8] Iteration[400/1240], entropy: 0.6332, loss: 2.1147, lr: 7.13e-06
     Epoch[8] Iteration[410/1240], entropy: 0.9312, loss: 2.3499, lr: 1.36e-06
     Epoch[8] Iteration[420/1240], entropy: 0.7289, loss: 2.1332, lr: 6.18e-07
     Epoch[8] Iteration[430/1240], entropy: 0.7454, loss: 2.2215, lr: 5.94e-06
     Epoch[8] Iteration[440/1240], entropy: 0.7410, loss: 2.1728, lr: 9.96e-06
     Epoch[8] Iteration[450/1240], entropy: 0.8110, loss: 2.2346, lr: 7.13e-06
     Epoch[8] Iteration[460/1240], entropy: 0.7845, loss: 2.2396, lr: 1.36e-06
     Epoch[8] Iteration[470/1240], entropy: 0.7592, loss: 2.1278, lr: 6.18e-07
     Epoch[8] Iteration[480/1240], entropy: 0.9080, loss: 2.2232, lr: 5.94e-06
     Epoch[8] Iteration[490/1240], entropy: 0.6789, loss: 2.1683, lr: 9.96e-06
     Epoch[8] Iteration[500/1240], entropy: 0.7483, loss: 2.1689, lr: 7.13e-06
     Epoch[8] Iteration[510/1240], entropy: 0.5364, loss: 2.0349, lr: 1.36e-06
     Epoch[8] Iteration[520/1240], entropy: 0.6865, loss: 2.0986, lr: 6.18e-07
     Epoch[8] Iteration[530/1240], entropy: 0.6350, loss: 2.0889, lr: 5.94e-06
     Epoch[8] Iteration[540/1240], entropy: 0.7468, loss: 2.1778, lr: 9.96e-06
     Epoch[8] Iteration[550/1240], entropy: 0.6969, loss: 2.0607, lr: 7.13e-06
     Epoch[8] Iteration[560/1240], entropy: 0.7514, loss: 2.2267, lr: 1.36e-06
     Epoch[8] Iteration[570/1240], entropy: 0.6171, loss: 2.0941, lr: 6.18e-07
     Epoch[8] Iteration[580/1240], entropy: 0.5869, loss: 2.0744, lr: 5.94e-06
     Epoch[8] Iteration[590/1240], entropy: 0.6275, loss: 2.1619, lr: 9.96e-06
     Epoch[8] Iteration[600/1240], entropy: 0.3974, loss: 1.8374, lr: 7.13e-06
     Epoch[8] Iteration[610/1240], entropy: 0.5868, loss: 2.0672, lr: 1.36e-06
     Epoch[8] Iteration[620/1240], entropy: 0.8923, loss: 2.2147, lr: 6.18e-07
     Epoch[8] Iteration[630/1240], entropy: 0.4376, loss: 1.8599, lr: 5.94e-06
     Epoch[8] Iteration[640/1240], entropy: 0.7696, loss: 2.2015, lr: 9.96e-06
     Epoch[8] Iteration[650/1240], entropy: 0.7989, loss: 2.1471, lr: 7.13e-06
     Epoch[8] Iteration[660/1240], entropy: 0.4023, loss: 1.8970, lr: 1.36e-06
     Epoch[8] Iteration[670/1240], entropy: 0.9065, loss: 2.3045, lr: 6.18e-07
     Epoch[8] Iteration[680/1240], entropy: 0.8137, loss: 2.1949, lr: 5.94e-06
     Epoch[8] Iteration[690/1240], entropy: 0.8883, loss: 2.2964, lr: 9.96e-06
     Epoch[8] Iteration[700/1240], entropy: 0.8895, loss: 2.3603, lr: 7.13e-06
     Epoch[8] Iteration[710/1240], entropy: 0.6332, loss: 2.0540, lr: 1.36e-06
     Epoch[8] Iteration[720/1240], entropy: 0.6753, loss: 2.1747, lr: 6.18e-07
     Epoch[8] Iteration[730/1240], entropy: 0.5628, loss: 1.8607, lr: 5.94e-06
     Epoch[8] Iteration[740/1240], entropy: 0.6341, loss: 2.0583, lr: 9.96e-06
     Epoch[8] Iteration[750/1240], entropy: 0.5446, loss: 2.0443, lr: 7.13e-06
     Epoch[8] Iteration[760/1240], entropy: 0.7480, loss: 2.2414, lr: 1.36e-06
     Epoch[8] Iteration[770/1240], entropy: 0.7184, loss: 2.0970, lr: 6.18e-07
     Epoch[8] Iteration[780/1240], entropy: 0.5782, loss: 2.1680, lr: 5.94e-06
     Epoch[8] Iteration[790/1240], entropy: 0.5426, loss: 1.8862, lr: 9.96e-06
     Epoch[8] Iteration[800/1240], entropy: 0.6675, loss: 2.1471, lr: 7.13e-06
     Epoch[8] Iteration[810/1240], entropy: 0.8076, loss: 2.1887, lr: 1.36e-06
     Epoch[8] Iteration[820/1240], entropy: 0.7465, loss: 2.1208, lr: 6.18e-07
     Epoch[8] Iteration[830/1240], entropy: 0.6879, loss: 2.1680, lr: 5.94e-06
     Epoch[8] Iteration[840/1240], entropy: 0.5736, loss: 1.9402, lr: 9.96e-06
     Epoch[8] Iteration[850/1240], entropy: 0.6425, loss: 2.0528, lr: 7.13e-06
     Epoch[8] Iteration[860/1240], entropy: 0.5599, loss: 1.9803, lr: 1.36e-06
     Epoch[8] Iteration[870/1240], entropy: 0.7711, loss: 2.2030, lr: 6.18e-07
     Epoch[8] Iteration[880/1240], entropy: 0.7232, loss: 2.1271, lr: 5.94e-06
     Epoch[8] Iteration[890/1240], entropy: 0.6519, loss: 2.1248, lr: 9.96e-06
     Epoch[8] Iteration[900/1240], entropy: 0.9317, loss: 2.3446, lr: 7.13e-06
     Epoch[8] Iteration[910/1240], entropy: 0.5155, loss: 1.9848, lr: 1.36e-06
     Epoch[8] Iteration[920/1240], entropy: 0.4331, loss: 1.9939, lr: 6.18e-07
     Epoch[8] Iteration[930/1240], entropy: 0.7422, loss: 2.1866, lr: 5.94e-06
     Epoch[8] Iteration[940/1240], entropy: 0.8174, loss: 2.1866, lr: 9.96e-06
     Epoch[8] Iteration[950/1240], entropy: 0.6965, loss: 2.2193, lr: 7.13e-06
     Epoch[8] Iteration[960/1240], entropy: 0.6768, loss: 2.0438, lr: 1.36e-06
     Epoch[8] Iteration[970/1240], entropy: 0.5607, loss: 2.0839, lr: 6.18e-07
     Epoch[8] Iteration[980/1240], entropy: 0.4428, loss: 1.9017, lr: 5.94e-06
     Epoch[8] Iteration[990/1240], entropy: 0.7733, loss: 2.1614, lr: 9.96e-06
     Epoch[8] Iteration[1000/1240], entropy: 0.7468, loss: 2.2395, lr: 7.13e-06
     Epoch[8] Iteration[1010/1240], entropy: 0.6419, loss: 2.1039, lr: 1.36e-06
     Epoch[8] Iteration[1020/1240], entropy: 0.7410, loss: 2.2648, lr: 6.18e-07
     Epoch[8] Iteration[1030/1240], entropy: 0.5213, loss: 1.9591, lr: 5.94e-06
     Epoch[8] Iteration[1040/1240], entropy: 0.8564, loss: 2.2035, lr: 9.96e-06
     Epoch[8] Iteration[1050/1240], entropy: 0.7015, loss: 2.1465, lr: 7.13e-06
     Epoch[8] Iteration[1060/1240], entropy: 1.0210, loss: 2.3316, lr: 1.36e-06
     Epoch[8] Iteration[1070/1240], entropy: 0.6292, loss: 1.9986, lr: 6.18e-07
     Epoch[8] Iteration[1080/1240], entropy: 0.8183, loss: 2.2239, lr: 5.94e-06
     Epoch[8] Iteration[1090/1240], entropy: 0.7631, loss: 2.1945, lr: 9.96e-06
     Epoch[8] Iteration[1100/1240], entropy: 0.8226, loss: 2.2476, lr: 7.13e-06
     Epoch[8] Iteration[1110/1240], entropy: 0.6961, loss: 2.1490, lr: 1.36e-06
     Epoch[8] Iteration[1120/1240], entropy: 0.4901, loss: 1.9781, lr: 6.18e-07
     Epoch[8] Iteration[1130/1240], entropy: 0.7758, loss: 2.1853, lr: 5.94e-06
     Epoch[8] Iteration[1140/1240], entropy: 0.8381, loss: 2.2940, lr: 9.96e-06
     Epoch[8] Iteration[1150/1240], entropy: 0.7328, loss: 2.1275, lr: 7.13e-06
     Epoch[8] Iteration[1160/1240], entropy: 0.4869, loss: 1.9929, lr: 1.36e-06
     Epoch[8] Iteration[1170/1240], entropy: 0.8011, loss: 2.3068, lr: 6.18e-07
     Epoch[8] Iteration[1180/1240], entropy: 0.9908, loss: 2.4309, lr: 5.94e-06
     Epoch[8] Iteration[1190/1240], entropy: 0.7894, loss: 2.1930, lr: 9.96e-06
     Epoch[8] Iteration[1200/1240], entropy: 0.7351, loss: 2.1903, lr: 7.13e-06
     Epoch[8] Iteration[1210/1240], entropy: 0.6064, loss: 2.1288, lr: 1.36e-06
     Epoch[8] Iteration[1220/1240], entropy: 0.6650, loss: 2.1130, lr: 6.18e-07
     Epoch[8] Iteration[1230/1240], entropy: 0.6114, loss: 2.1013, lr: 5.94e-06
     Epoch[8] Iteration[1240/1240], entropy: 1.0009, loss: 2.3033, lr: 9.96e-06
     Averaged stats: entropy: 1.0009, loss: 2.3033, lr: 9.96e-06
     itm tta time 0:04:00
### TTA Eval Score: 
+-------+--------+--------+--------+--------+-------+
| epoch |   R1   |   R5   |  R10   |  mAP   |  mINP |
+-------+--------+--------+--------+--------+-------+
|  -999 | 37.304 | 55.557 | 63.548 | 20.140 | 2.213 |
|   0   | 37.500 | 55.643 | 63.654 | 20.140 | 2.170 |
|   1   | 37.641 | 55.673 | 63.749 | 20.139 | 2.142 |
|   2   | 37.712 | 55.688 | 63.714 | 20.134 | 2.121 |
|   3   | 37.838 | 55.708 | 63.815 | 20.147 | 2.108 |
|   4   | 37.833 | 55.794 | 63.860 | 20.147 | 2.095 |
|   5   | 37.918 | 55.880 | 63.916 | 20.164 | 2.090 |
|   6   | 37.958 | 55.950 | 63.971 | 20.173 | 2.086 |
|   7   | 38.039 | 56.026 | 64.052 | 20.187 | 2.083 |
|   8   | 38.084 | 56.061 | 64.132 | 20.201 | 2.083 |
+-------+--------+--------+--------+--------+-------+
     logs:  {'epo': 8, 'R1': np.float32(38.084), 'R5': np.float32(56.061), 'R10': np.float32(64.132), 'mAP': np.float32(20.201), 'mINP': np.float32(2.083), 'entropy': 0.6957619961711669, 'loss': 2.1306757023257594, 'lr': 4.987221681731447e-06}
     Epoch[9] Iteration[10/1240], entropy: 1.0508, loss: 2.4739, lr: 7.13e-06
     Epoch[9] Iteration[20/1240], entropy: 0.8860, loss: 2.3018, lr: 1.36e-06
     Epoch[9] Iteration[30/1240], entropy: 0.5034, loss: 2.0025, lr: 6.18e-07
     Epoch[9] Iteration[40/1240], entropy: 0.8656, loss: 2.2279, lr: 5.94e-06
     Epoch[9] Iteration[50/1240], entropy: 0.5918, loss: 2.0780, lr: 9.96e-06
     Epoch[9] Iteration[60/1240], entropy: 0.7722, loss: 2.0855, lr: 7.13e-06
     Epoch[9] Iteration[70/1240], entropy: 0.6524, loss: 2.1319, lr: 1.36e-06
     Epoch[9] Iteration[80/1240], entropy: 0.8883, loss: 2.2701, lr: 6.18e-07
     Epoch[9] Iteration[90/1240], entropy: 0.6882, loss: 2.1770, lr: 5.94e-06
     Epoch[9] Iteration[100/1240], entropy: 0.6949, loss: 2.0968, lr: 9.96e-06
     Epoch[9] Iteration[110/1240], entropy: 0.8389, loss: 2.2325, lr: 7.13e-06
     Epoch[9] Iteration[120/1240], entropy: 0.4998, loss: 1.9840, lr: 1.36e-06
     Epoch[9] Iteration[130/1240], entropy: 0.6243, loss: 2.1109, lr: 6.18e-07
     Epoch[9] Iteration[140/1240], entropy: 0.5458, loss: 2.0718, lr: 5.94e-06
     Epoch[9] Iteration[150/1240], entropy: 0.7845, loss: 2.1611, lr: 9.96e-06
     Epoch[9] Iteration[160/1240], entropy: 0.6752, loss: 2.1236, lr: 7.13e-06
     Epoch[9] Iteration[170/1240], entropy: 0.6549, loss: 2.0422, lr: 1.36e-06
     Epoch[9] Iteration[180/1240], entropy: 0.7347, loss: 2.2462, lr: 6.18e-07
     Epoch[9] Iteration[190/1240], entropy: 0.6590, loss: 2.1747, lr: 5.94e-06
     Epoch[9] Iteration[200/1240], entropy: 0.7944, loss: 2.2398, lr: 9.96e-06
     Epoch[9] Iteration[210/1240], entropy: 0.9044, loss: 2.3625, lr: 7.13e-06
     Epoch[9] Iteration[220/1240], entropy: 0.7394, loss: 2.1554, lr: 1.36e-06
     Epoch[9] Iteration[230/1240], entropy: 0.8015, loss: 2.1568, lr: 6.18e-07
     Epoch[9] Iteration[240/1240], entropy: 0.6410, loss: 2.0717, lr: 5.94e-06
     Epoch[9] Iteration[250/1240], entropy: 0.6888, loss: 2.0918, lr: 9.96e-06
     Epoch[9] Iteration[260/1240], entropy: 0.7985, loss: 2.2269, lr: 7.13e-06
     Epoch[9] Iteration[270/1240], entropy: 0.5095, loss: 1.9262, lr: 1.36e-06
     Epoch[9] Iteration[280/1240], entropy: 0.3961, loss: 1.8102, lr: 6.18e-07
     Epoch[9] Iteration[290/1240], entropy: 0.7057, loss: 2.0658, lr: 5.94e-06
     Epoch[9] Iteration[300/1240], entropy: 0.7881, loss: 2.1847, lr: 9.96e-06
     Epoch[9] Iteration[310/1240], entropy: 0.7235, loss: 2.1691, lr: 7.13e-06
     Epoch[9] Iteration[320/1240], entropy: 0.6708, loss: 2.1784, lr: 1.36e-06
     Epoch[9] Iteration[330/1240], entropy: 0.7581, loss: 2.2193, lr: 6.18e-07
     Epoch[9] Iteration[340/1240], entropy: 0.8700, loss: 2.1550, lr: 5.94e-06
     Epoch[9] Iteration[350/1240], entropy: 0.6343, loss: 2.1979, lr: 9.96e-06
     Epoch[9] Iteration[360/1240], entropy: 0.6532, loss: 2.0551, lr: 7.13e-06
     Epoch[9] Iteration[370/1240], entropy: 0.7805, loss: 2.1577, lr: 1.36e-06
     Epoch[9] Iteration[380/1240], entropy: 0.8710, loss: 2.2117, lr: 6.18e-07
     Epoch[9] Iteration[390/1240], entropy: 0.6094, loss: 2.0271, lr: 5.94e-06
     Epoch[9] Iteration[400/1240], entropy: 0.7395, loss: 2.1975, lr: 9.96e-06
     Epoch[9] Iteration[410/1240], entropy: 0.6932, loss: 2.0458, lr: 7.13e-06
     Epoch[9] Iteration[420/1240], entropy: 0.6470, loss: 2.1185, lr: 1.36e-06
     Epoch[9] Iteration[430/1240], entropy: 0.8379, loss: 2.2530, lr: 6.18e-07
     Epoch[9] Iteration[440/1240], entropy: 0.5768, loss: 2.0469, lr: 5.94e-06
     Epoch[9] Iteration[450/1240], entropy: 0.7198, loss: 2.1944, lr: 9.96e-06
     Epoch[9] Iteration[460/1240], entropy: 0.6169, loss: 2.0788, lr: 7.13e-06
     Epoch[9] Iteration[470/1240], entropy: 0.7277, loss: 2.1119, lr: 1.36e-06
     Epoch[9] Iteration[480/1240], entropy: 0.7155, loss: 2.0148, lr: 6.18e-07
     Epoch[9] Iteration[490/1240], entropy: 0.7119, loss: 2.1223, lr: 5.94e-06
     Epoch[9] Iteration[500/1240], entropy: 0.5656, loss: 1.9883, lr: 9.96e-06
     Epoch[9] Iteration[510/1240], entropy: 0.7848, loss: 2.1461, lr: 7.13e-06
     Epoch[9] Iteration[520/1240], entropy: 0.8217, loss: 2.1840, lr: 1.36e-06
     Epoch[9] Iteration[530/1240], entropy: 0.7084, loss: 2.1791, lr: 6.18e-07
     Epoch[9] Iteration[540/1240], entropy: 0.7321, loss: 2.1827, lr: 5.94e-06
     Epoch[9] Iteration[550/1240], entropy: 0.5682, loss: 2.0201, lr: 9.96e-06
     Epoch[9] Iteration[560/1240], entropy: 0.7482, loss: 2.1287, lr: 7.13e-06
     Epoch[9] Iteration[570/1240], entropy: 0.7276, loss: 2.1408, lr: 1.36e-06
     Epoch[9] Iteration[580/1240], entropy: 0.7711, loss: 2.1254, lr: 6.18e-07
     Epoch[9] Iteration[590/1240], entropy: 0.5276, loss: 2.0079, lr: 5.94e-06
     Epoch[9] Iteration[600/1240], entropy: 0.9259, loss: 2.3703, lr: 9.96e-06
     Epoch[9] Iteration[610/1240], entropy: 0.6800, loss: 2.1137, lr: 7.13e-06
     Epoch[9] Iteration[620/1240], entropy: 0.9360, loss: 2.3387, lr: 1.36e-06
     Epoch[9] Iteration[630/1240], entropy: 0.5649, loss: 2.0329, lr: 6.18e-07
     Epoch[9] Iteration[640/1240], entropy: 0.7086, loss: 2.1274, lr: 5.94e-06
     Epoch[9] Iteration[650/1240], entropy: 0.7049, loss: 2.0452, lr: 9.96e-06
     Epoch[9] Iteration[660/1240], entropy: 0.5510, loss: 1.9744, lr: 7.13e-06
     Epoch[9] Iteration[670/1240], entropy: 0.4951, loss: 1.9639, lr: 1.36e-06
     Epoch[9] Iteration[680/1240], entropy: 0.9368, loss: 2.3508, lr: 6.18e-07
     Epoch[9] Iteration[690/1240], entropy: 0.7683, loss: 2.1744, lr: 5.94e-06
     Epoch[9] Iteration[700/1240], entropy: 0.6248, loss: 2.1506, lr: 9.96e-06
     Epoch[9] Iteration[710/1240], entropy: 0.6592, loss: 2.1552, lr: 7.13e-06
     Epoch[9] Iteration[720/1240], entropy: 0.4982, loss: 1.9442, lr: 1.36e-06
     Epoch[9] Iteration[730/1240], entropy: 0.4502, loss: 1.9042, lr: 6.18e-07
     Epoch[9] Iteration[740/1240], entropy: 0.4570, loss: 1.9108, lr: 5.94e-06
     Epoch[9] Iteration[750/1240], entropy: 0.7079, loss: 2.0612, lr: 9.96e-06
     Epoch[9] Iteration[760/1240], entropy: 0.6344, loss: 2.0738, lr: 7.13e-06
     Epoch[9] Iteration[770/1240], entropy: 0.7363, loss: 2.1865, lr: 1.36e-06
     Epoch[9] Iteration[780/1240], entropy: 0.6999, loss: 2.0316, lr: 6.18e-07
     Epoch[9] Iteration[790/1240], entropy: 0.6489, loss: 2.1102, lr: 5.94e-06
     Epoch[9] Iteration[800/1240], entropy: 0.7043, loss: 2.1407, lr: 9.96e-06
     Epoch[9] Iteration[810/1240], entropy: 0.5510, loss: 2.0095, lr: 7.13e-06
     Epoch[9] Iteration[820/1240], entropy: 0.8697, loss: 2.2630, lr: 1.36e-06
     Epoch[9] Iteration[830/1240], entropy: 0.8334, loss: 2.2096, lr: 6.18e-07
     Epoch[9] Iteration[840/1240], entropy: 0.5664, loss: 1.9732, lr: 5.94e-06
     Epoch[9] Iteration[850/1240], entropy: 0.8128, loss: 2.1834, lr: 9.96e-06
     Epoch[9] Iteration[860/1240], entropy: 0.6926, loss: 2.1688, lr: 7.68e-06
     Epoch[9] Iteration[870/1240], entropy: 0.6197, loss: 2.1589, lr: 1.81e-06
     Epoch[9] Iteration[880/1240], entropy: 0.5223, loss: 1.9023, lr: 3.51e-07
     Epoch[9] Iteration[890/1240], entropy: 1.0169, loss: 2.3472, lr: 5.31e-06
     Epoch[9] Iteration[900/1240], entropy: 0.7021, loss: 2.1760, lr: 9.84e-06
     Epoch[9] Iteration[910/1240], entropy: 0.6958, loss: 2.1730, lr: 7.68e-06
     Epoch[9] Iteration[920/1240], entropy: 0.6110, loss: 2.0722, lr: 1.81e-06
     Epoch[9] Iteration[930/1240], entropy: 0.5943, loss: 2.0185, lr: 3.51e-07
     Epoch[9] Iteration[940/1240], entropy: 0.8370, loss: 2.2042, lr: 5.31e-06
     Epoch[9] Iteration[950/1240], entropy: 0.7582, loss: 2.2054, lr: 9.84e-06
     Epoch[9] Iteration[960/1240], entropy: 0.9439, loss: 2.2823, lr: 7.68e-06
     Epoch[9] Iteration[970/1240], entropy: 0.5857, loss: 2.0413, lr: 1.81e-06
     Epoch[9] Iteration[980/1240], entropy: 0.6521, loss: 2.1352, lr: 3.51e-07
     Epoch[9] Iteration[990/1240], entropy: 0.6487, loss: 2.0831, lr: 5.31e-06
     Epoch[9] Iteration[1000/1240], entropy: 0.8604, loss: 2.2721, lr: 9.84e-06
     Epoch[9] Iteration[1010/1240], entropy: 0.6879, loss: 2.1492, lr: 7.68e-06
     Epoch[9] Iteration[1020/1240], entropy: 0.7301, loss: 2.2526, lr: 1.81e-06
     Epoch[9] Iteration[1030/1240], entropy: 0.5908, loss: 2.0752, lr: 3.51e-07
     Epoch[9] Iteration[1040/1240], entropy: 0.7932, loss: 2.1940, lr: 5.31e-06
     Epoch[9] Iteration[1050/1240], entropy: 0.4712, loss: 1.8513, lr: 9.84e-06
     Epoch[9] Iteration[1060/1240], entropy: 0.9044, loss: 2.3173, lr: 7.68e-06
     Epoch[9] Iteration[1070/1240], entropy: 0.7269, loss: 2.2295, lr: 1.81e-06
     Epoch[9] Iteration[1080/1240], entropy: 0.5411, loss: 2.0740, lr: 3.51e-07
     Epoch[9] Iteration[1090/1240], entropy: 0.7844, loss: 2.1145, lr: 5.31e-06
     Epoch[9] Iteration[1100/1240], entropy: 0.6384, loss: 2.0346, lr: 9.84e-06
     Epoch[9] Iteration[1110/1240], entropy: 0.4444, loss: 1.9962, lr: 7.68e-06
     Epoch[9] Iteration[1120/1240], entropy: 0.7534, loss: 2.1748, lr: 1.81e-06
     Epoch[9] Iteration[1130/1240], entropy: 0.4245, loss: 1.8613, lr: 3.51e-07
     Epoch[9] Iteration[1140/1240], entropy: 0.5414, loss: 1.9971, lr: 5.31e-06
     Epoch[9] Iteration[1150/1240], entropy: 0.7845, loss: 2.1167, lr: 9.84e-06
     Epoch[9] Iteration[1160/1240], entropy: 0.8019, loss: 2.2293, lr: 7.68e-06
     Epoch[9] Iteration[1170/1240], entropy: 0.6784, loss: 2.0934, lr: 1.81e-06
     Epoch[9] Iteration[1180/1240], entropy: 0.5366, loss: 2.0554, lr: 3.51e-07
     Epoch[9] Iteration[1190/1240], entropy: 0.8356, loss: 2.1190, lr: 5.31e-06
     Epoch[9] Iteration[1200/1240], entropy: 0.8722, loss: 2.2073, lr: 9.84e-06
     Epoch[9] Iteration[1210/1240], entropy: 0.7995, loss: 2.1789, lr: 7.68e-06
     Epoch[9] Iteration[1220/1240], entropy: 0.9667, loss: 2.3703, lr: 1.81e-06
     Epoch[9] Iteration[1230/1240], entropy: 0.6839, loss: 2.1369, lr: 3.51e-07
     Epoch[9] Iteration[1240/1240], entropy: 0.5283, loss: 2.0503, lr: 5.31e-06
     Averaged stats: entropy: 0.5283, loss: 2.0503, lr: 5.31e-06
     itm tta time 0:03:52
### TTA Eval Score: 
+-------+--------+--------+--------+--------+-------+
| epoch |   R1   |   R5   |  R10   |  mAP   |  mINP |
+-------+--------+--------+--------+--------+-------+
|  -999 | 37.304 | 55.557 | 63.548 | 20.140 | 2.213 |
|   0   | 37.500 | 55.643 | 63.654 | 20.140 | 2.170 |
|   1   | 37.641 | 55.673 | 63.749 | 20.139 | 2.142 |
|   2   | 37.712 | 55.688 | 63.714 | 20.134 | 2.121 |
|   3   | 37.838 | 55.708 | 63.815 | 20.147 | 2.108 |
|   4   | 37.833 | 55.794 | 63.860 | 20.147 | 2.095 |
|   5   | 37.918 | 55.880 | 63.916 | 20.164 | 2.090 |
|   6   | 37.958 | 55.950 | 63.971 | 20.173 | 2.086 |
|   7   | 38.039 | 56.026 | 64.052 | 20.187 | 2.083 |
|   8   | 38.084 | 56.061 | 64.132 | 20.201 | 2.083 |
|   9   | 38.140 | 56.056 | 64.168 | 20.220 | 2.085 |
+-------+--------+--------+--------+--------+-------+
     logs:  {'epo': 9, 'R1': np.float32(38.14), 'R5': np.float32(56.056), 'R10': np.float32(64.168), 'mAP': np.float32(20.22), 'mINP': np.float32(2.085), 'entropy': 0.7006218152180794, 'loss': 2.127914648863577, 'lr': 4.9609442273738675e-06}
     Epoch[10] Iteration[10/1240], entropy: 0.7005, loss: 2.1221, lr: 9.84e-06
     Epoch[10] Iteration[20/1240], entropy: 0.6378, loss: 2.1570, lr: 7.68e-06
     Epoch[10] Iteration[30/1240], entropy: 0.6457, loss: 2.0659, lr: 1.81e-06
     Epoch[10] Iteration[40/1240], entropy: 0.8928, loss: 2.3785, lr: 3.51e-07
     Epoch[10] Iteration[50/1240], entropy: 0.6295, loss: 2.0607, lr: 5.31e-06
     Epoch[10] Iteration[60/1240], entropy: 0.7677, loss: 2.2352, lr: 9.84e-06
     Epoch[10] Iteration[70/1240], entropy: 0.6763, loss: 2.0950, lr: 7.68e-06
     Epoch[10] Iteration[80/1240], entropy: 0.6176, loss: 1.9463, lr: 1.81e-06
     Epoch[10] Iteration[90/1240], entropy: 0.6967, loss: 2.1688, lr: 3.51e-07
     Epoch[10] Iteration[100/1240], entropy: 0.4451, loss: 1.9398, lr: 5.31e-06
     Epoch[10] Iteration[110/1240], entropy: 0.7257, loss: 2.1516, lr: 9.84e-06
     Epoch[10] Iteration[120/1240], entropy: 0.5054, loss: 1.9822, lr: 7.68e-06
     Epoch[10] Iteration[130/1240], entropy: 0.4902, loss: 1.9773, lr: 1.81e-06
     Epoch[10] Iteration[140/1240], entropy: 0.6711, loss: 2.1541, lr: 3.51e-07
     Epoch[10] Iteration[150/1240], entropy: 0.7621, loss: 2.2364, lr: 5.31e-06
     Epoch[10] Iteration[160/1240], entropy: 0.6389, loss: 2.0197, lr: 9.84e-06
     Epoch[10] Iteration[170/1240], entropy: 0.7678, loss: 2.2139, lr: 7.68e-06
     Epoch[10] Iteration[180/1240], entropy: 0.6896, loss: 2.1444, lr: 1.81e-06
     Epoch[10] Iteration[190/1240], entropy: 0.6617, loss: 2.0372, lr: 3.51e-07
     Epoch[10] Iteration[200/1240], entropy: 0.7000, loss: 2.1518, lr: 5.31e-06
     Epoch[10] Iteration[210/1240], entropy: 0.7402, loss: 2.1738, lr: 9.84e-06
     Epoch[10] Iteration[220/1240], entropy: 0.6913, loss: 2.0742, lr: 7.68e-06
     Epoch[10] Iteration[230/1240], entropy: 0.7206, loss: 2.1616, lr: 1.81e-06
     Epoch[10] Iteration[240/1240], entropy: 0.4330, loss: 1.7827, lr: 3.51e-07
     Epoch[10] Iteration[250/1240], entropy: 0.6071, loss: 2.0700, lr: 5.31e-06
     Epoch[10] Iteration[260/1240], entropy: 0.5422, loss: 2.0160, lr: 9.84e-06
     Epoch[10] Iteration[270/1240], entropy: 0.5428, loss: 2.0347, lr: 7.68e-06
     Epoch[10] Iteration[280/1240], entropy: 0.8543, loss: 2.3082, lr: 1.81e-06
     Epoch[10] Iteration[290/1240], entropy: 0.4912, loss: 1.8630, lr: 3.51e-07
     Epoch[10] Iteration[300/1240], entropy: 0.6676, loss: 2.1217, lr: 5.31e-06
     Epoch[10] Iteration[310/1240], entropy: 0.4122, loss: 1.8914, lr: 9.84e-06
     Epoch[10] Iteration[320/1240], entropy: 0.7324, loss: 2.0941, lr: 7.68e-06
     Epoch[10] Iteration[330/1240], entropy: 0.5917, loss: 2.1020, lr: 1.81e-06
     Epoch[10] Iteration[340/1240], entropy: 0.4173, loss: 1.9015, lr: 3.51e-07
     Epoch[10] Iteration[350/1240], entropy: 0.5502, loss: 1.9891, lr: 5.31e-06
     Epoch[10] Iteration[360/1240], entropy: 0.7243, loss: 2.1622, lr: 9.84e-06
     Epoch[10] Iteration[370/1240], entropy: 0.6775, loss: 2.1752, lr: 7.68e-06
     Epoch[10] Iteration[380/1240], entropy: 0.6664, loss: 2.1980, lr: 1.81e-06
     Epoch[10] Iteration[390/1240], entropy: 0.5896, loss: 2.0087, lr: 3.51e-07
     Epoch[10] Iteration[400/1240], entropy: 0.8353, loss: 2.2782, lr: 5.31e-06
     Epoch[10] Iteration[410/1240], entropy: 0.8505, loss: 2.3051, lr: 9.84e-06
     Epoch[10] Iteration[420/1240], entropy: 0.7421, loss: 2.1503, lr: 7.68e-06
     Epoch[10] Iteration[430/1240], entropy: 0.7743, loss: 2.1883, lr: 1.81e-06
     Epoch[10] Iteration[440/1240], entropy: 0.8375, loss: 2.2868, lr: 3.51e-07
     Epoch[10] Iteration[450/1240], entropy: 0.8120, loss: 2.2314, lr: 5.31e-06
     Epoch[10] Iteration[460/1240], entropy: 0.6029, loss: 1.9676, lr: 9.84e-06
     Epoch[10] Iteration[470/1240], entropy: 0.5170, loss: 2.0467, lr: 7.68e-06
     Epoch[10] Iteration[480/1240], entropy: 0.6570, loss: 2.1276, lr: 1.81e-06
     Epoch[10] Iteration[490/1240], entropy: 0.7263, loss: 2.2003, lr: 3.51e-07
     Epoch[10] Iteration[500/1240], entropy: 0.6054, loss: 2.0420, lr: 5.31e-06
     Epoch[10] Iteration[510/1240], entropy: 0.8426, loss: 2.1932, lr: 9.84e-06
     Epoch[10] Iteration[520/1240], entropy: 0.5713, loss: 2.0147, lr: 7.68e-06
     Epoch[10] Iteration[530/1240], entropy: 0.5125, loss: 2.0219, lr: 1.81e-06
     Epoch[10] Iteration[540/1240], entropy: 0.7400, loss: 2.2388, lr: 3.51e-07
     Epoch[10] Iteration[550/1240], entropy: 0.5091, loss: 1.9965, lr: 5.31e-06
     Epoch[10] Iteration[560/1240], entropy: 0.8856, loss: 2.2256, lr: 9.84e-06
     Epoch[10] Iteration[570/1240], entropy: 0.6711, loss: 2.1544, lr: 7.68e-06
     Epoch[10] Iteration[580/1240], entropy: 0.8022, loss: 2.3085, lr: 1.81e-06
     Epoch[10] Iteration[590/1240], entropy: 0.5660, loss: 2.0853, lr: 3.51e-07
     Epoch[10] Iteration[600/1240], entropy: 0.5145, loss: 2.0381, lr: 5.31e-06
     Epoch[10] Iteration[610/1240], entropy: 0.7363, loss: 2.1779, lr: 9.84e-06
     Epoch[10] Iteration[620/1240], entropy: 0.5792, loss: 2.0018, lr: 7.68e-06
     Epoch[10] Iteration[630/1240], entropy: 0.6725, loss: 2.1667, lr: 1.81e-06
     Epoch[10] Iteration[640/1240], entropy: 0.7163, loss: 2.2019, lr: 3.51e-07
     Epoch[10] Iteration[650/1240], entropy: 0.5434, loss: 2.0406, lr: 5.31e-06
     Epoch[10] Iteration[660/1240], entropy: 0.7428, loss: 2.0987, lr: 9.84e-06
     Epoch[10] Iteration[670/1240], entropy: 0.8723, loss: 2.2868, lr: 7.68e-06
     Epoch[10] Iteration[680/1240], entropy: 1.0159, loss: 2.3809, lr: 1.81e-06
     Epoch[10] Iteration[690/1240], entropy: 0.8329, loss: 2.2315, lr: 3.51e-07
     Epoch[10] Iteration[700/1240], entropy: 0.7543, loss: 2.1349, lr: 5.31e-06
     Epoch[10] Iteration[710/1240], entropy: 0.5705, loss: 1.9644, lr: 9.84e-06
     Epoch[10] Iteration[720/1240], entropy: 0.6579, loss: 2.0224, lr: 7.68e-06
     Epoch[10] Iteration[730/1240], entropy: 0.6777, loss: 2.1315, lr: 1.81e-06
     Epoch[10] Iteration[740/1240], entropy: 0.5329, loss: 2.0183, lr: 3.51e-07
     Epoch[10] Iteration[750/1240], entropy: 0.9334, loss: 2.3312, lr: 5.31e-06
     Epoch[10] Iteration[760/1240], entropy: 0.8112, loss: 2.2519, lr: 9.84e-06
     Epoch[10] Iteration[770/1240], entropy: 0.5517, loss: 2.0115, lr: 7.68e-06
     Epoch[10] Iteration[780/1240], entropy: 0.8173, loss: 2.2378, lr: 1.81e-06
     Epoch[10] Iteration[790/1240], entropy: 0.7002, loss: 2.1748, lr: 3.51e-07
     Epoch[10] Iteration[800/1240], entropy: 0.6351, loss: 2.1034, lr: 5.31e-06
     Epoch[10] Iteration[810/1240], entropy: 0.7338, loss: 2.1007, lr: 9.84e-06
     Epoch[10] Iteration[820/1240], entropy: 0.6529, loss: 2.1087, lr: 7.68e-06
     Epoch[10] Iteration[830/1240], entropy: 0.8106, loss: 2.1877, lr: 1.81e-06
     Epoch[10] Iteration[840/1240], entropy: 0.5384, loss: 1.9218, lr: 3.51e-07
     Epoch[10] Iteration[850/1240], entropy: 0.6992, loss: 2.1666, lr: 5.31e-06
     Epoch[10] Iteration[860/1240], entropy: 0.8050, loss: 2.1624, lr: 9.84e-06
     Epoch[10] Iteration[870/1240], entropy: 0.4445, loss: 1.9521, lr: 7.68e-06
     Epoch[10] Iteration[880/1240], entropy: 0.4604, loss: 1.9518, lr: 1.81e-06
     Epoch[10] Iteration[890/1240], entropy: 0.8026, loss: 2.2303, lr: 3.51e-07
     Epoch[10] Iteration[900/1240], entropy: 0.6791, loss: 2.1180, lr: 5.31e-06
     Epoch[10] Iteration[910/1240], entropy: 0.7153, loss: 2.0541, lr: 9.84e-06
     Epoch[10] Iteration[920/1240], entropy: 0.5811, loss: 2.1038, lr: 7.68e-06
     Epoch[10] Iteration[930/1240], entropy: 0.5690, loss: 2.0639, lr: 1.81e-06
     Epoch[10] Iteration[940/1240], entropy: 0.5373, loss: 2.0513, lr: 3.51e-07
     Epoch[10] Iteration[950/1240], entropy: 0.9858, loss: 2.3122, lr: 5.31e-06
     Epoch[10] Iteration[960/1240], entropy: 0.4715, loss: 2.0148, lr: 9.84e-06
     Epoch[10] Iteration[970/1240], entropy: 0.5732, loss: 2.0840, lr: 7.68e-06
     Epoch[10] Iteration[980/1240], entropy: 0.8188, loss: 2.1787, lr: 1.81e-06
     Epoch[10] Iteration[990/1240], entropy: 0.5971, loss: 2.0689, lr: 3.51e-07
     Epoch[10] Iteration[1000/1240], entropy: 0.7662, loss: 2.1593, lr: 5.31e-06
     Epoch[10] Iteration[1010/1240], entropy: 0.7037, loss: 2.1543, lr: 9.84e-06
     Epoch[10] Iteration[1020/1240], entropy: 0.6660, loss: 2.1080, lr: 7.68e-06
     Epoch[10] Iteration[1030/1240], entropy: 0.6086, loss: 2.0501, lr: 1.81e-06
     Epoch[10] Iteration[1040/1240], entropy: 0.6827, loss: 2.1552, lr: 3.51e-07
     Epoch[10] Iteration[1050/1240], entropy: 0.7765, loss: 2.1466, lr: 5.31e-06
     Epoch[10] Iteration[1060/1240], entropy: 0.6383, loss: 2.1327, lr: 9.84e-06
     Epoch[10] Iteration[1070/1240], entropy: 0.7059, loss: 2.1556, lr: 7.68e-06
     Epoch[10] Iteration[1080/1240], entropy: 0.7050, loss: 2.2477, lr: 1.81e-06
     Epoch[10] Iteration[1090/1240], entropy: 0.6500, loss: 2.2038, lr: 3.51e-07
     Epoch[10] Iteration[1100/1240], entropy: 0.7158, loss: 2.1831, lr: 5.31e-06
     Epoch[10] Iteration[1110/1240], entropy: 0.5388, loss: 2.1159, lr: 9.84e-06
     Epoch[10] Iteration[1120/1240], entropy: 0.6847, loss: 2.1346, lr: 7.68e-06
     Epoch[10] Iteration[1130/1240], entropy: 0.7947, loss: 2.1680, lr: 1.81e-06
     Epoch[10] Iteration[1140/1240], entropy: 0.7486, loss: 2.2149, lr: 3.51e-07
     Epoch[10] Iteration[1150/1240], entropy: 0.7455, loss: 2.2183, lr: 5.31e-06
     Epoch[10] Iteration[1160/1240], entropy: 0.8096, loss: 2.2354, lr: 9.84e-06
     Epoch[10] Iteration[1170/1240], entropy: 0.7799, loss: 2.2625, lr: 7.68e-06
     Epoch[10] Iteration[1180/1240], entropy: 0.8516, loss: 2.3071, lr: 1.81e-06
     Epoch[10] Iteration[1190/1240], entropy: 0.7392, loss: 2.1693, lr: 3.51e-07
     Epoch[10] Iteration[1200/1240], entropy: 0.7832, loss: 2.2000, lr: 5.31e-06
     Epoch[10] Iteration[1210/1240], entropy: 0.6414, loss: 2.0704, lr: 9.84e-06
     Epoch[10] Iteration[1220/1240], entropy: 0.8816, loss: 2.2645, lr: 7.68e-06
     Epoch[10] Iteration[1230/1240], entropy: 0.6278, loss: 2.0109, lr: 1.81e-06
     Epoch[10] Iteration[1240/1240], entropy: 0.5306, loss: 2.0185, lr: 3.51e-07
     Averaged stats: entropy: 0.5306, loss: 2.0185, lr: 3.51e-07
     itm tta time 0:03:49
### TTA Eval Score: 
+-------+--------+--------+--------+--------+-------+
| epoch |   R1   |   R5   |  R10   |  mAP   |  mINP |
+-------+--------+--------+--------+--------+-------+
|  -999 | 37.304 | 55.557 | 63.548 | 20.140 | 2.213 |
|   0   | 37.500 | 55.643 | 63.654 | 20.140 | 2.170 |
|   1   | 37.641 | 55.673 | 63.749 | 20.139 | 2.142 |
|   2   | 37.712 | 55.688 | 63.714 | 20.134 | 2.121 |
|   3   | 37.838 | 55.708 | 63.815 | 20.147 | 2.108 |
|   4   | 37.833 | 55.794 | 63.860 | 20.147 | 2.095 |
|   5   | 37.918 | 55.880 | 63.916 | 20.164 | 2.090 |
|   6   | 37.958 | 55.950 | 63.971 | 20.173 | 2.086 |
|   7   | 38.039 | 56.026 | 64.052 | 20.187 | 2.083 |
|   8   | 38.084 | 56.061 | 64.132 | 20.201 | 2.083 |
|   9   | 38.140 | 56.056 | 64.168 | 20.220 | 2.085 |
|   10  | 38.170 | 56.111 | 64.183 | 20.234 | 2.086 |
+-------+--------+--------+--------+--------+-------+
     logs:  {'epo': 10, 'R1': np.float32(38.17), 'R5': np.float32(56.111), 'R10': np.float32(64.183), 'mAP': np.float32(20.234), 'mINP': np.float32(2.086), 'entropy': 0.6786664467184774, 'loss': 2.1238275497190413, 'lr': 4.997468124212312e-06}
     Epoch[11] Iteration[10/1240], entropy: 0.5712, loss: 2.0403, lr: 5.31e-06
     Epoch[11] Iteration[20/1240], entropy: 0.5043, loss: 1.9692, lr: 9.84e-06
     Epoch[11] Iteration[30/1240], entropy: 0.7618, loss: 2.2071, lr: 7.68e-06
     Epoch[11] Iteration[40/1240], entropy: 0.5002, loss: 1.9135, lr: 1.81e-06
     Epoch[11] Iteration[50/1240], entropy: 0.8322, loss: 2.3079, lr: 3.51e-07
     Epoch[11] Iteration[60/1240], entropy: 0.7567, loss: 2.1452, lr: 5.31e-06
     Epoch[11] Iteration[70/1240], entropy: 0.7416, loss: 2.0368, lr: 9.84e-06
     Epoch[11] Iteration[80/1240], entropy: 0.6707, loss: 2.0568, lr: 7.68e-06
     Epoch[11] Iteration[90/1240], entropy: 0.5544, loss: 1.9485, lr: 1.81e-06
     Epoch[11] Iteration[100/1240], entropy: 0.9088, loss: 2.2151, lr: 3.51e-07
     Epoch[11] Iteration[110/1240], entropy: 0.7160, loss: 2.1440, lr: 5.31e-06
     Epoch[11] Iteration[120/1240], entropy: 0.7431, loss: 2.1205, lr: 9.84e-06
     Epoch[11] Iteration[130/1240], entropy: 0.8168, loss: 2.2548, lr: 7.68e-06
     Epoch[11] Iteration[140/1240], entropy: 0.7018, loss: 2.1656, lr: 1.81e-06
     Epoch[11] Iteration[150/1240], entropy: 0.6744, loss: 2.1268, lr: 3.51e-07
     Epoch[11] Iteration[160/1240], entropy: 0.6079, loss: 2.0944, lr: 5.31e-06
     Epoch[11] Iteration[170/1240], entropy: 0.8984, loss: 2.3584, lr: 9.84e-06
     Epoch[11] Iteration[180/1240], entropy: 0.5646, loss: 2.0533, lr: 7.68e-06
     Epoch[11] Iteration[190/1240], entropy: 0.7242, loss: 2.2327, lr: 1.81e-06
     Epoch[11] Iteration[200/1240], entropy: 0.6554, loss: 2.1036, lr: 3.51e-07
     Epoch[11] Iteration[210/1240], entropy: 0.8392, loss: 2.2063, lr: 5.31e-06
     Epoch[11] Iteration[220/1240], entropy: 0.5667, loss: 2.0910, lr: 9.84e-06
     Epoch[11] Iteration[230/1240], entropy: 0.6801, loss: 2.1490, lr: 7.68e-06
     Epoch[11] Iteration[240/1240], entropy: 0.8244, loss: 2.1872, lr: 1.81e-06
     Epoch[11] Iteration[250/1240], entropy: 0.7375, loss: 2.1139, lr: 3.51e-07
     Epoch[11] Iteration[260/1240], entropy: 0.6717, loss: 2.2180, lr: 5.31e-06
     Epoch[11] Iteration[270/1240], entropy: 0.6832, loss: 2.0968, lr: 9.84e-06
     Epoch[11] Iteration[280/1240], entropy: 0.8115, loss: 2.2061, lr: 7.68e-06
     Epoch[11] Iteration[290/1240], entropy: 0.7430, loss: 2.1906, lr: 1.81e-06
     Epoch[11] Iteration[300/1240], entropy: 0.7729, loss: 2.2226, lr: 3.51e-07
     Epoch[11] Iteration[310/1240], entropy: 0.8160, loss: 2.2394, lr: 5.31e-06
     Epoch[11] Iteration[320/1240], entropy: 0.4258, loss: 1.9387, lr: 9.84e-06
     Epoch[11] Iteration[330/1240], entropy: 0.8378, loss: 2.1663, lr: 7.68e-06
     Epoch[11] Iteration[340/1240], entropy: 0.5676, loss: 2.0264, lr: 1.81e-06
     Epoch[11] Iteration[350/1240], entropy: 0.5075, loss: 1.9530, lr: 3.51e-07
     Epoch[11] Iteration[360/1240], entropy: 0.5305, loss: 1.9707, lr: 5.31e-06
     Epoch[11] Iteration[370/1240], entropy: 0.7366, loss: 2.1388, lr: 9.84e-06
     Epoch[11] Iteration[380/1240], entropy: 0.7328, loss: 2.0957, lr: 8.19e-06
     Epoch[11] Iteration[390/1240], entropy: 0.9486, loss: 2.4069, lr: 2.32e-06
     Epoch[11] Iteration[400/1240], entropy: 0.6159, loss: 2.0713, lr: 1.57e-07
     Epoch[11] Iteration[410/1240], entropy: 0.8622, loss: 2.2387, lr: 4.69e-06
     Epoch[11] Iteration[420/1240], entropy: 0.4427, loss: 1.8292, lr: 9.65e-06
     Epoch[11] Iteration[430/1240], entropy: 0.6403, loss: 2.1421, lr: 8.19e-06
     Epoch[11] Iteration[440/1240], entropy: 0.5907, loss: 2.0797, lr: 2.32e-06
     Epoch[11] Iteration[450/1240], entropy: 0.8613, loss: 2.2969, lr: 1.57e-07
     Epoch[11] Iteration[460/1240], entropy: 0.5696, loss: 1.9974, lr: 4.69e-06
     Epoch[11] Iteration[470/1240], entropy: 0.6241, loss: 2.0158, lr: 9.65e-06
     Epoch[11] Iteration[480/1240], entropy: 0.5672, loss: 2.0452, lr: 8.19e-06
     Epoch[11] Iteration[490/1240], entropy: 0.7639, loss: 2.1737, lr: 2.32e-06
     Epoch[11] Iteration[500/1240], entropy: 0.7997, loss: 2.2931, lr: 1.57e-07
     Epoch[11] Iteration[510/1240], entropy: 0.5422, loss: 1.9686, lr: 4.69e-06
     Epoch[11] Iteration[520/1240], entropy: 0.7308, loss: 2.2057, lr: 9.65e-06
     Epoch[11] Iteration[530/1240], entropy: 0.6633, loss: 2.1204, lr: 8.19e-06
     Epoch[11] Iteration[540/1240], entropy: 0.5897, loss: 2.1286, lr: 2.32e-06
     Epoch[11] Iteration[550/1240], entropy: 0.8912, loss: 2.2536, lr: 1.57e-07
     Epoch[11] Iteration[560/1240], entropy: 0.6983, loss: 2.1298, lr: 4.69e-06
     Epoch[11] Iteration[570/1240], entropy: 0.7149, loss: 2.0817, lr: 9.65e-06
     Epoch[11] Iteration[580/1240], entropy: 0.6302, loss: 2.1652, lr: 8.19e-06
     Epoch[11] Iteration[590/1240], entropy: 0.6384, loss: 2.0870, lr: 2.32e-06
     Epoch[11] Iteration[600/1240], entropy: 0.6205, loss: 2.1131, lr: 1.57e-07
     Epoch[11] Iteration[610/1240], entropy: 0.6750, loss: 2.1792, lr: 4.69e-06
     Epoch[11] Iteration[620/1240], entropy: 0.8617, loss: 2.2902, lr: 9.65e-06
     Epoch[11] Iteration[630/1240], entropy: 0.7207, loss: 2.1152, lr: 8.19e-06
     Epoch[11] Iteration[640/1240], entropy: 0.6238, loss: 2.0681, lr: 2.32e-06
     Epoch[11] Iteration[650/1240], entropy: 0.5228, loss: 2.1395, lr: 1.57e-07
     Epoch[11] Iteration[660/1240], entropy: 0.4849, loss: 1.9528, lr: 4.69e-06
     Epoch[11] Iteration[670/1240], entropy: 0.4420, loss: 2.0080, lr: 9.65e-06
     Epoch[11] Iteration[680/1240], entropy: 0.7871, loss: 2.2381, lr: 8.19e-06
     Epoch[11] Iteration[690/1240], entropy: 0.8553, loss: 2.2520, lr: 2.32e-06
     Epoch[11] Iteration[700/1240], entropy: 0.5030, loss: 1.9620, lr: 1.57e-07
     Epoch[11] Iteration[710/1240], entropy: 0.7889, loss: 2.1916, lr: 4.69e-06
     Epoch[11] Iteration[720/1240], entropy: 0.6883, loss: 2.2252, lr: 9.65e-06
     Epoch[11] Iteration[730/1240], entropy: 0.6155, loss: 2.1115, lr: 8.19e-06
     Epoch[11] Iteration[740/1240], entropy: 0.4464, loss: 1.8594, lr: 2.32e-06
     Epoch[11] Iteration[750/1240], entropy: 0.8761, loss: 2.2493, lr: 1.57e-07
     Epoch[11] Iteration[760/1240], entropy: 0.5873, loss: 2.0022, lr: 4.69e-06
     Epoch[11] Iteration[770/1240], entropy: 0.8353, loss: 2.3365, lr: 9.65e-06
     Epoch[11] Iteration[780/1240], entropy: 0.4972, loss: 2.0424, lr: 8.19e-06
     Epoch[11] Iteration[790/1240], entropy: 0.7097, loss: 2.1290, lr: 2.32e-06
     Epoch[11] Iteration[800/1240], entropy: 0.4552, loss: 1.9047, lr: 1.57e-07
     Epoch[11] Iteration[810/1240], entropy: 0.6147, loss: 1.9196, lr: 4.69e-06
     Epoch[11] Iteration[820/1240], entropy: 0.9917, loss: 2.3919, lr: 9.65e-06
     Epoch[11] Iteration[830/1240], entropy: 0.7642, loss: 2.1973, lr: 8.19e-06
     Epoch[11] Iteration[840/1240], entropy: 0.7366, loss: 2.1909, lr: 2.32e-06
     Epoch[11] Iteration[850/1240], entropy: 0.5775, loss: 2.0867, lr: 1.57e-07
     Epoch[11] Iteration[860/1240], entropy: 0.7293, loss: 2.1188, lr: 4.69e-06
     Epoch[11] Iteration[870/1240], entropy: 0.5499, loss: 1.9840, lr: 9.65e-06
     Epoch[11] Iteration[880/1240], entropy: 0.7770, loss: 2.1698, lr: 8.19e-06
     Epoch[11] Iteration[890/1240], entropy: 0.8015, loss: 2.2815, lr: 2.32e-06
     Epoch[11] Iteration[900/1240], entropy: 0.7263, loss: 2.1280, lr: 1.57e-07
     Epoch[11] Iteration[910/1240], entropy: 0.7990, loss: 2.2138, lr: 4.69e-06
     Epoch[11] Iteration[920/1240], entropy: 0.8030, loss: 2.2254, lr: 9.65e-06
     Epoch[11] Iteration[930/1240], entropy: 0.7949, loss: 2.1637, lr: 8.19e-06
     Epoch[11] Iteration[940/1240], entropy: 0.7531, loss: 2.1099, lr: 2.32e-06
     Epoch[11] Iteration[950/1240], entropy: 1.0208, loss: 2.4285, lr: 1.57e-07
     Epoch[11] Iteration[960/1240], entropy: 0.8468, loss: 2.1885, lr: 4.69e-06
     Epoch[11] Iteration[970/1240], entropy: 0.6541, loss: 2.1722, lr: 9.65e-06
     Epoch[11] Iteration[980/1240], entropy: 0.6962, loss: 2.0711, lr: 8.19e-06
     Epoch[11] Iteration[990/1240], entropy: 0.6641, loss: 2.1361, lr: 2.32e-06
     Epoch[11] Iteration[1000/1240], entropy: 0.8032, loss: 2.2807, lr: 1.57e-07
     Epoch[11] Iteration[1010/1240], entropy: 0.6661, loss: 2.0984, lr: 4.69e-06
     Epoch[11] Iteration[1020/1240], entropy: 0.8648, loss: 2.2878, lr: 9.65e-06
     Epoch[11] Iteration[1030/1240], entropy: 0.6043, loss: 2.0927, lr: 8.19e-06
     Epoch[11] Iteration[1040/1240], entropy: 0.6226, loss: 2.1658, lr: 2.32e-06
     Epoch[11] Iteration[1050/1240], entropy: 0.5811, loss: 1.9711, lr: 1.57e-07
     Epoch[11] Iteration[1060/1240], entropy: 0.7191, loss: 2.1384, lr: 4.69e-06
     Epoch[11] Iteration[1070/1240], entropy: 0.8152, loss: 2.2023, lr: 9.65e-06
     Epoch[11] Iteration[1080/1240], entropy: 1.0823, loss: 2.4563, lr: 8.19e-06
     Epoch[11] Iteration[1090/1240], entropy: 0.6333, loss: 2.0507, lr: 2.32e-06
     Epoch[11] Iteration[1100/1240], entropy: 0.7088, loss: 2.1214, lr: 1.57e-07
     Epoch[11] Iteration[1110/1240], entropy: 0.5713, loss: 2.0458, lr: 4.69e-06
     Epoch[11] Iteration[1120/1240], entropy: 0.5033, loss: 2.0581, lr: 9.65e-06
     Epoch[11] Iteration[1130/1240], entropy: 0.6375, loss: 2.1392, lr: 8.19e-06
     Epoch[11] Iteration[1140/1240], entropy: 0.4386, loss: 1.9687, lr: 2.32e-06
     Epoch[11] Iteration[1150/1240], entropy: 0.4898, loss: 2.0562, lr: 1.57e-07
     Epoch[11] Iteration[1160/1240], entropy: 0.7966, loss: 2.2061, lr: 4.69e-06
     Epoch[11] Iteration[1170/1240], entropy: 0.8022, loss: 2.1098, lr: 9.65e-06
     Epoch[11] Iteration[1180/1240], entropy: 0.5474, loss: 2.0448, lr: 8.19e-06
     Epoch[11] Iteration[1190/1240], entropy: 0.6067, loss: 2.0792, lr: 2.32e-06
     Epoch[11] Iteration[1200/1240], entropy: 0.6624, loss: 2.0143, lr: 1.57e-07
     Epoch[11] Iteration[1210/1240], entropy: 0.9081, loss: 2.2836, lr: 4.69e-06
     Epoch[11] Iteration[1220/1240], entropy: 0.7391, loss: 2.1844, lr: 9.65e-06
     Epoch[11] Iteration[1230/1240], entropy: 0.7157, loss: 2.1666, lr: 8.19e-06
     Epoch[11] Iteration[1240/1240], entropy: 0.7080, loss: 2.1548, lr: 2.32e-06
     Averaged stats: entropy: 0.7080, loss: 2.1548, lr: 2.32e-06
     itm tta time 0:03:49
### TTA Eval Score: 
+-------+--------+--------+--------+--------+-------+
| epoch |   R1   |   R5   |  R10   |  mAP   |  mINP |
+-------+--------+--------+--------+--------+-------+
|  -999 | 37.304 | 55.557 | 63.548 | 20.140 | 2.213 |
|   0   | 37.500 | 55.643 | 63.654 | 20.140 | 2.170 |
|   1   | 37.641 | 55.673 | 63.749 | 20.139 | 2.142 |
|   2   | 37.712 | 55.688 | 63.714 | 20.134 | 2.121 |
|   3   | 37.838 | 55.708 | 63.815 | 20.147 | 2.108 |
|   4   | 37.833 | 55.794 | 63.860 | 20.147 | 2.095 |
|   5   | 37.918 | 55.880 | 63.916 | 20.164 | 2.090 |
|   6   | 37.958 | 55.950 | 63.971 | 20.173 | 2.086 |
|   7   | 38.039 | 56.026 | 64.052 | 20.187 | 2.083 |
|   8   | 38.084 | 56.061 | 64.132 | 20.201 | 2.083 |
|   9   | 38.140 | 56.056 | 64.168 | 20.220 | 2.085 |
|   10  | 38.170 | 56.111 | 64.183 | 20.234 | 2.086 |
|   11  | 38.215 | 56.192 | 64.198 | 20.245 | 2.086 |
+-------+--------+--------+--------+--------+-------+
     logs:  {'epo': 11, 'R1': np.float32(38.215), 'R5': np.float32(56.192), 'R10': np.float32(64.198), 'mAP': np.float32(20.245), 'mINP': np.float32(2.086), 'entropy': 0.6927347262540171, 'loss': 2.1319407301564373, 'lr': 5.045684309493167e-06}
     Epoch[12] Iteration[10/1240], entropy: 0.6916, loss: 2.0835, lr: 1.57e-07
     Epoch[12] Iteration[20/1240], entropy: 0.7714, loss: 2.2530, lr: 4.69e-06
     Epoch[12] Iteration[30/1240], entropy: 0.7093, loss: 2.1264, lr: 9.65e-06
     Epoch[12] Iteration[40/1240], entropy: 0.5103, loss: 2.0270, lr: 8.19e-06
     Epoch[12] Iteration[50/1240], entropy: 0.8273, loss: 2.3283, lr: 2.32e-06
     Epoch[12] Iteration[60/1240], entropy: 0.5000, loss: 1.9967, lr: 1.57e-07
     Epoch[12] Iteration[70/1240], entropy: 0.8012, loss: 2.1998, lr: 4.69e-06
     Epoch[12] Iteration[80/1240], entropy: 0.7631, loss: 2.2279, lr: 9.65e-06
     Epoch[12] Iteration[90/1240], entropy: 0.9440, loss: 2.3368, lr: 8.19e-06
     Epoch[12] Iteration[100/1240], entropy: 0.6585, loss: 2.0793, lr: 2.32e-06
     Epoch[12] Iteration[110/1240], entropy: 0.5362, loss: 2.0122, lr: 1.57e-07
     Epoch[12] Iteration[120/1240], entropy: 0.7158, loss: 2.2104, lr: 4.69e-06
     Epoch[12] Iteration[130/1240], entropy: 0.8714, loss: 2.2807, lr: 9.65e-06
     Epoch[12] Iteration[140/1240], entropy: 0.7218, loss: 2.1268, lr: 8.19e-06
     Epoch[12] Iteration[150/1240], entropy: 0.6780, loss: 2.1010, lr: 2.32e-06
     Epoch[12] Iteration[160/1240], entropy: 0.5710, loss: 2.0427, lr: 1.57e-07
     Epoch[12] Iteration[170/1240], entropy: 0.9638, loss: 2.3537, lr: 4.69e-06
     Epoch[12] Iteration[180/1240], entropy: 0.5586, loss: 2.0264, lr: 9.65e-06
     Epoch[12] Iteration[190/1240], entropy: 0.7643, loss: 2.2025, lr: 8.19e-06
     Epoch[12] Iteration[200/1240], entropy: 0.3606, loss: 1.8920, lr: 2.32e-06
     Epoch[12] Iteration[210/1240], entropy: 0.4798, loss: 2.0312, lr: 1.57e-07
     Epoch[12] Iteration[220/1240], entropy: 0.4967, loss: 1.9132, lr: 4.69e-06
     Epoch[12] Iteration[230/1240], entropy: 0.8339, loss: 2.1854, lr: 9.65e-06
     Epoch[12] Iteration[240/1240], entropy: 0.6987, loss: 2.1309, lr: 8.19e-06
     Epoch[12] Iteration[250/1240], entropy: 0.5943, loss: 1.9948, lr: 2.32e-06
     Epoch[12] Iteration[260/1240], entropy: 0.7831, loss: 2.1453, lr: 1.57e-07
     Epoch[12] Iteration[270/1240], entropy: 0.9404, loss: 2.3513, lr: 4.69e-06
     Epoch[12] Iteration[280/1240], entropy: 0.6592, loss: 2.1348, lr: 9.65e-06
     Epoch[12] Iteration[290/1240], entropy: 0.8820, loss: 2.3091, lr: 8.19e-06
     Epoch[12] Iteration[300/1240], entropy: 0.6224, loss: 2.0591, lr: 2.32e-06
     Epoch[12] Iteration[310/1240], entropy: 0.7838, loss: 2.1795, lr: 1.57e-07
     Epoch[12] Iteration[320/1240], entropy: 0.6098, loss: 2.0117, lr: 4.69e-06
     Epoch[12] Iteration[330/1240], entropy: 0.7065, loss: 2.1310, lr: 9.65e-06
     Epoch[12] Iteration[340/1240], entropy: 0.5554, loss: 2.0360, lr: 8.19e-06
     Epoch[12] Iteration[350/1240], entropy: 0.7474, loss: 2.2116, lr: 2.32e-06
     Epoch[12] Iteration[360/1240], entropy: 0.6328, loss: 2.0541, lr: 1.57e-07
     Epoch[12] Iteration[370/1240], entropy: 0.7437, loss: 2.1923, lr: 4.69e-06
     Epoch[12] Iteration[380/1240], entropy: 0.7840, loss: 2.3003, lr: 9.65e-06
     Epoch[12] Iteration[390/1240], entropy: 0.6285, loss: 2.0464, lr: 8.19e-06
     Epoch[12] Iteration[400/1240], entropy: 0.6601, loss: 2.0632, lr: 2.32e-06
     Epoch[12] Iteration[410/1240], entropy: 0.8593, loss: 2.3050, lr: 1.57e-07
     Epoch[12] Iteration[420/1240], entropy: 0.9005, loss: 2.2633, lr: 4.69e-06
     Epoch[12] Iteration[430/1240], entropy: 0.8611, loss: 2.3019, lr: 9.65e-06
     Epoch[12] Iteration[440/1240], entropy: 0.7762, loss: 2.1545, lr: 8.19e-06
     Epoch[12] Iteration[450/1240], entropy: 0.7709, loss: 2.1653, lr: 2.32e-06
     Epoch[12] Iteration[460/1240], entropy: 0.5952, loss: 2.1075, lr: 1.57e-07
     Epoch[12] Iteration[470/1240], entropy: 0.7191, loss: 2.1158, lr: 4.69e-06
     Epoch[12] Iteration[480/1240], entropy: 0.5271, loss: 1.9799, lr: 9.65e-06
     Epoch[12] Iteration[490/1240], entropy: 0.7047, loss: 2.0211, lr: 8.19e-06
     Epoch[12] Iteration[500/1240], entropy: 0.6077, loss: 2.1567, lr: 2.32e-06
     Epoch[12] Iteration[510/1240], entropy: 0.6203, loss: 2.0137, lr: 1.57e-07
     Epoch[12] Iteration[520/1240], entropy: 0.6756, loss: 2.1335, lr: 4.69e-06
     Epoch[12] Iteration[530/1240], entropy: 0.7731, loss: 2.0954, lr: 9.65e-06
     Epoch[12] Iteration[540/1240], entropy: 0.5217, loss: 2.0374, lr: 8.19e-06
     Epoch[12] Iteration[550/1240], entropy: 0.5527, loss: 1.9566, lr: 2.32e-06
     Epoch[12] Iteration[560/1240], entropy: 0.6010, loss: 2.0565, lr: 1.57e-07
     Epoch[12] Iteration[570/1240], entropy: 0.5597, loss: 1.9957, lr: 4.69e-06
     Epoch[12] Iteration[580/1240], entropy: 0.8800, loss: 2.2374, lr: 9.65e-06
     Epoch[12] Iteration[590/1240], entropy: 0.5027, loss: 2.0327, lr: 8.19e-06
     Epoch[12] Iteration[600/1240], entropy: 0.7787, loss: 2.1402, lr: 2.32e-06
     Epoch[12] Iteration[610/1240], entropy: 0.3378, loss: 1.8796, lr: 1.57e-07
     Epoch[12] Iteration[620/1240], entropy: 0.6033, loss: 2.0838, lr: 4.69e-06
     Epoch[12] Iteration[630/1240], entropy: 0.5439, loss: 2.0029, lr: 9.65e-06
     Epoch[12] Iteration[640/1240], entropy: 0.6728, loss: 2.1298, lr: 8.19e-06
     Epoch[12] Iteration[650/1240], entropy: 0.7450, loss: 2.2393, lr: 2.32e-06
     Epoch[12] Iteration[660/1240], entropy: 0.6552, loss: 2.1444, lr: 1.57e-07
     Epoch[12] Iteration[670/1240], entropy: 0.5498, loss: 2.0739, lr: 4.69e-06
     Epoch[12] Iteration[680/1240], entropy: 0.5916, loss: 2.0784, lr: 9.65e-06
     Epoch[12] Iteration[690/1240], entropy: 0.6403, loss: 2.0111, lr: 8.19e-06
     Epoch[12] Iteration[700/1240], entropy: 0.6287, loss: 2.1264, lr: 2.32e-06
     Epoch[12] Iteration[710/1240], entropy: 0.6368, loss: 2.0591, lr: 1.57e-07
     Epoch[12] Iteration[720/1240], entropy: 0.9267, loss: 2.2816, lr: 4.69e-06
     Epoch[12] Iteration[730/1240], entropy: 0.6518, loss: 2.0551, lr: 9.65e-06
     Epoch[12] Iteration[740/1240], entropy: 0.4827, loss: 2.0500, lr: 8.19e-06
     Epoch[12] Iteration[750/1240], entropy: 0.5906, loss: 2.0776, lr: 2.32e-06
     Epoch[12] Iteration[760/1240], entropy: 0.5999, loss: 1.9751, lr: 1.57e-07
     Epoch[12] Iteration[770/1240], entropy: 0.6859, loss: 2.1472, lr: 4.69e-06
     Epoch[12] Iteration[780/1240], entropy: 0.5019, loss: 1.9682, lr: 9.65e-06
     Epoch[12] Iteration[790/1240], entropy: 0.7804, loss: 2.1860, lr: 8.19e-06
     Epoch[12] Iteration[800/1240], entropy: 0.5977, loss: 2.0879, lr: 2.32e-06
     Epoch[12] Iteration[810/1240], entropy: 0.7192, loss: 2.1114, lr: 1.57e-07
     Epoch[12] Iteration[820/1240], entropy: 0.6743, loss: 2.1518, lr: 4.69e-06
     Epoch[12] Iteration[830/1240], entropy: 0.6908, loss: 2.1219, lr: 9.65e-06
     Epoch[12] Iteration[840/1240], entropy: 0.8571, loss: 2.3132, lr: 8.19e-06
     Epoch[12] Iteration[850/1240], entropy: 0.5192, loss: 1.9688, lr: 2.32e-06
     Epoch[12] Iteration[860/1240], entropy: 0.6359, loss: 2.0547, lr: 1.57e-07
     Epoch[12] Iteration[870/1240], entropy: 0.7337, loss: 2.1532, lr: 4.69e-06
     Epoch[12] Iteration[880/1240], entropy: 0.6468, loss: 2.1021, lr: 9.65e-06
     Epoch[12] Iteration[890/1240], entropy: 0.6995, loss: 2.2189, lr: 8.19e-06
     Epoch[12] Iteration[900/1240], entropy: 0.5992, loss: 2.0307, lr: 2.32e-06
     Epoch[12] Iteration[910/1240], entropy: 0.8588, loss: 2.2871, lr: 1.57e-07
     Epoch[12] Iteration[920/1240], entropy: 0.3027, loss: 1.8837, lr: 4.69e-06
     Epoch[12] Iteration[930/1240], entropy: 0.8625, loss: 2.2266, lr: 9.65e-06
     Epoch[12] Iteration[940/1240], entropy: 0.5685, loss: 2.0154, lr: 8.19e-06
     Epoch[12] Iteration[950/1240], entropy: 0.6239, loss: 2.1015, lr: 2.32e-06
     Epoch[12] Iteration[960/1240], entropy: 0.5217, loss: 2.0070, lr: 1.57e-07
     Epoch[12] Iteration[970/1240], entropy: 0.7239, loss: 2.1851, lr: 4.69e-06
     Epoch[12] Iteration[980/1240], entropy: 0.4778, loss: 1.9397, lr: 9.65e-06
     Epoch[12] Iteration[990/1240], entropy: 0.5632, loss: 2.0450, lr: 8.19e-06
     Epoch[12] Iteration[1000/1240], entropy: 0.5759, loss: 2.0157, lr: 2.32e-06
     Epoch[12] Iteration[1010/1240], entropy: 0.6947, loss: 2.2023, lr: 1.57e-07
     Epoch[12] Iteration[1020/1240], entropy: 0.6777, loss: 2.0943, lr: 4.69e-06
     Epoch[12] Iteration[1030/1240], entropy: 0.5366, loss: 1.8643, lr: 9.65e-06
     Epoch[12] Iteration[1040/1240], entropy: 0.7224, loss: 2.1246, lr: 8.19e-06
     Epoch[12] Iteration[1050/1240], entropy: 0.6274, loss: 2.0487, lr: 2.32e-06
     Epoch[12] Iteration[1060/1240], entropy: 0.8351, loss: 2.2666, lr: 1.57e-07
     Epoch[12] Iteration[1070/1240], entropy: 1.1025, loss: 2.4891, lr: 4.69e-06
     Epoch[12] Iteration[1080/1240], entropy: 0.7553, loss: 2.2125, lr: 9.65e-06
     Epoch[12] Iteration[1090/1240], entropy: 0.6629, loss: 2.0033, lr: 8.19e-06
     Epoch[12] Iteration[1100/1240], entropy: 0.4686, loss: 1.8802, lr: 2.32e-06
     Epoch[12] Iteration[1110/1240], entropy: 0.6144, loss: 2.1247, lr: 1.57e-07
     Epoch[12] Iteration[1120/1240], entropy: 0.6518, loss: 2.1124, lr: 4.69e-06
     Epoch[12] Iteration[1130/1240], entropy: 0.6710, loss: 2.1416, lr: 9.65e-06
     Epoch[12] Iteration[1140/1240], entropy: 0.7666, loss: 2.2016, lr: 8.64e-06
     Epoch[12] Iteration[1150/1240], entropy: 0.4302, loss: 1.9247, lr: 2.87e-06
     Epoch[12] Iteration[1160/1240], entropy: 0.7388, loss: 2.1365, lr: 3.94e-08
     Epoch[12] Iteration[1170/1240], entropy: 0.4805, loss: 1.9228, lr: 4.06e-06
     Epoch[12] Iteration[1180/1240], entropy: 0.4596, loss: 2.0624, lr: 9.38e-06
     Epoch[12] Iteration[1190/1240], entropy: 0.7183, loss: 2.1171, lr: 8.64e-06
     Epoch[12] Iteration[1200/1240], entropy: 0.6852, loss: 2.0672, lr: 2.87e-06
     Epoch[12] Iteration[1210/1240], entropy: 0.7545, loss: 2.2076, lr: 3.94e-08
     Epoch[12] Iteration[1220/1240], entropy: 0.6143, loss: 2.1246, lr: 4.06e-06
     Epoch[12] Iteration[1230/1240], entropy: 0.5976, loss: 1.9852, lr: 9.38e-06
     Epoch[12] Iteration[1240/1240], entropy: 0.8062, loss: 2.2090, lr: 8.64e-06
     Averaged stats: entropy: 0.8062, loss: 2.2090, lr: 8.64e-06
     itm tta time 0:03:47
### TTA Eval Score: 
+-------+--------+--------+--------+--------+-------+
| epoch |   R1   |   R5   |  R10   |  mAP   |  mINP |
+-------+--------+--------+--------+--------+-------+
|  -999 | 37.304 | 55.557 | 63.548 | 20.140 | 2.213 |
|   0   | 37.500 | 55.643 | 63.654 | 20.140 | 2.170 |
|   1   | 37.641 | 55.673 | 63.749 | 20.139 | 2.142 |
|   2   | 37.712 | 55.688 | 63.714 | 20.134 | 2.121 |
|   3   | 37.838 | 55.708 | 63.815 | 20.147 | 2.108 |
|   4   | 37.833 | 55.794 | 63.860 | 20.147 | 2.095 |
|   5   | 37.918 | 55.880 | 63.916 | 20.164 | 2.090 |
|   6   | 37.958 | 55.950 | 63.971 | 20.173 | 2.086 |
|   7   | 38.039 | 56.026 | 64.052 | 20.187 | 2.083 |
|   8   | 38.084 | 56.061 | 64.132 | 20.201 | 2.083 |
|   9   | 38.140 | 56.056 | 64.168 | 20.220 | 2.085 |
|   10  | 38.170 | 56.111 | 64.183 | 20.234 | 2.086 |
|   11  | 38.215 | 56.192 | 64.198 | 20.245 | 2.086 |
|   12  | 38.266 | 56.247 | 64.218 | 20.259 | 2.086 |
+-------+--------+--------+--------+--------+-------+
     logs:  {'epo': 12, 'R1': np.float32(38.266), 'R5': np.float32(56.247), 'R10': np.float32(64.218), 'mAP': np.float32(20.259), 'mINP': np.float32(2.086), 'entropy': 0.6685276529000651, 'loss': 2.1110698994128936, 'lr': 5.025297235187839e-06}
     Epoch[13] Iteration[10/1240], entropy: 0.6972, loss: 2.1238, lr: 2.87e-06
     Epoch[13] Iteration[20/1240], entropy: 0.5955, loss: 2.0385, lr: 3.94e-08
     Epoch[13] Iteration[30/1240], entropy: 0.5384, loss: 2.0195, lr: 4.06e-06
     Epoch[13] Iteration[40/1240], entropy: 0.7326, loss: 2.2437, lr: 9.38e-06
     Epoch[13] Iteration[50/1240], entropy: 0.5580, loss: 2.0318, lr: 8.64e-06
     Epoch[13] Iteration[60/1240], entropy: 0.7128, loss: 2.1304, lr: 2.87e-06
     Epoch[13] Iteration[70/1240], entropy: 0.5373, loss: 1.9727, lr: 3.94e-08
     Epoch[13] Iteration[80/1240], entropy: 0.8937, loss: 2.3155, lr: 4.06e-06
     Epoch[13] Iteration[90/1240], entropy: 0.4330, loss: 2.0245, lr: 9.38e-06
     Epoch[13] Iteration[100/1240], entropy: 0.6772, loss: 2.1113, lr: 8.64e-06
     Epoch[13] Iteration[110/1240], entropy: 0.8114, loss: 2.2112, lr: 2.87e-06
     Epoch[13] Iteration[120/1240], entropy: 0.5946, loss: 2.0235, lr: 3.94e-08
     Epoch[13] Iteration[130/1240], entropy: 0.4969, loss: 1.8389, lr: 4.06e-06
     Epoch[13] Iteration[140/1240], entropy: 0.7405, loss: 2.2089, lr: 9.38e-06
     Epoch[13] Iteration[150/1240], entropy: 0.5221, loss: 1.9810, lr: 8.64e-06
     Epoch[13] Iteration[160/1240], entropy: 0.7126, loss: 2.1129, lr: 2.87e-06
     Epoch[13] Iteration[170/1240], entropy: 0.5993, loss: 2.1257, lr: 3.94e-08
     Epoch[13] Iteration[180/1240], entropy: 0.5784, loss: 2.0708, lr: 4.06e-06
     Epoch[13] Iteration[190/1240], entropy: 0.8766, loss: 2.3286, lr: 9.38e-06
     Epoch[13] Iteration[200/1240], entropy: 0.8417, loss: 2.2381, lr: 8.64e-06
     Epoch[13] Iteration[210/1240], entropy: 0.5669, loss: 1.9652, lr: 2.87e-06
     Epoch[13] Iteration[220/1240], entropy: 0.7155, loss: 2.1619, lr: 3.94e-08
     Epoch[13] Iteration[230/1240], entropy: 0.6146, loss: 2.1189, lr: 4.06e-06
     Epoch[13] Iteration[240/1240], entropy: 0.7483, loss: 2.2269, lr: 9.38e-06
     Epoch[13] Iteration[250/1240], entropy: 0.8821, loss: 2.2949, lr: 8.64e-06
     Epoch[13] Iteration[260/1240], entropy: 0.6217, loss: 2.0682, lr: 2.87e-06
     Epoch[13] Iteration[270/1240], entropy: 0.5815, loss: 2.0756, lr: 3.94e-08
     Epoch[13] Iteration[280/1240], entropy: 0.4876, loss: 2.0262, lr: 4.06e-06
     Epoch[13] Iteration[290/1240], entropy: 0.7073, loss: 2.1383, lr: 9.38e-06
     Epoch[13] Iteration[300/1240], entropy: 0.6492, loss: 2.0821, lr: 8.64e-06
     Epoch[13] Iteration[310/1240], entropy: 0.7062, loss: 2.1075, lr: 2.87e-06
     Epoch[13] Iteration[320/1240], entropy: 0.5802, loss: 2.0547, lr: 3.94e-08
     Epoch[13] Iteration[330/1240], entropy: 0.5307, loss: 1.9434, lr: 4.06e-06
     Epoch[13] Iteration[340/1240], entropy: 0.5585, loss: 2.0598, lr: 9.38e-06
     Epoch[13] Iteration[350/1240], entropy: 0.6349, loss: 2.0807, lr: 8.64e-06
     Epoch[13] Iteration[360/1240], entropy: 0.8110, loss: 2.2562, lr: 2.87e-06
     Epoch[13] Iteration[370/1240], entropy: 0.6648, loss: 2.0912, lr: 3.94e-08
     Epoch[13] Iteration[380/1240], entropy: 0.5743, loss: 2.0301, lr: 4.06e-06
     Epoch[13] Iteration[390/1240], entropy: 0.7932, loss: 2.1920, lr: 9.38e-06
     Epoch[13] Iteration[400/1240], entropy: 0.7012, loss: 2.0610, lr: 8.64e-06
     Epoch[13] Iteration[410/1240], entropy: 0.7412, loss: 2.1609, lr: 2.87e-06
     Epoch[13] Iteration[420/1240], entropy: 0.7250, loss: 2.0955, lr: 3.94e-08
     Epoch[13] Iteration[430/1240], entropy: 0.6363, loss: 2.1379, lr: 4.06e-06
     Epoch[13] Iteration[440/1240], entropy: 0.6567, loss: 2.1457, lr: 9.38e-06
     Epoch[13] Iteration[450/1240], entropy: 0.5237, loss: 2.0018, lr: 8.64e-06
     Epoch[13] Iteration[460/1240], entropy: 0.6892, loss: 2.1547, lr: 2.87e-06
     Epoch[13] Iteration[470/1240], entropy: 0.7506, loss: 2.1814, lr: 3.94e-08
     Epoch[13] Iteration[480/1240], entropy: 0.5262, loss: 2.0302, lr: 4.06e-06
     Epoch[13] Iteration[490/1240], entropy: 0.8384, loss: 2.2332, lr: 9.38e-06
     Epoch[13] Iteration[500/1240], entropy: 0.5539, loss: 2.0388, lr: 8.64e-06
     Epoch[13] Iteration[510/1240], entropy: 0.7585, loss: 2.1540, lr: 2.87e-06
     Epoch[13] Iteration[520/1240], entropy: 0.7170, loss: 2.1359, lr: 3.94e-08
     Epoch[13] Iteration[530/1240], entropy: 0.4876, loss: 1.9210, lr: 4.06e-06
     Epoch[13] Iteration[540/1240], entropy: 0.6957, loss: 2.1195, lr: 9.38e-06
     Epoch[13] Iteration[550/1240], entropy: 0.6382, loss: 2.1368, lr: 8.64e-06
     Epoch[13] Iteration[560/1240], entropy: 0.6297, loss: 2.1922, lr: 2.87e-06
     Epoch[13] Iteration[570/1240], entropy: 0.7532, loss: 2.2425, lr: 3.94e-08
     Epoch[13] Iteration[580/1240], entropy: 0.4872, loss: 1.8735, lr: 4.06e-06
     Epoch[13] Iteration[590/1240], entropy: 0.4897, loss: 1.9164, lr: 9.38e-06
     Epoch[13] Iteration[600/1240], entropy: 0.8891, loss: 2.2090, lr: 8.64e-06
     Epoch[13] Iteration[610/1240], entropy: 0.5974, loss: 2.0484, lr: 2.87e-06
     Epoch[13] Iteration[620/1240], entropy: 0.7680, loss: 2.1805, lr: 3.94e-08
     Epoch[13] Iteration[630/1240], entropy: 0.7011, loss: 2.1771, lr: 4.06e-06
     Epoch[13] Iteration[640/1240], entropy: 0.7273, loss: 2.2031, lr: 9.38e-06
     Epoch[13] Iteration[650/1240], entropy: 0.7163, loss: 2.1788, lr: 8.64e-06
     Epoch[13] Iteration[660/1240], entropy: 0.9110, loss: 2.3364, lr: 2.87e-06
     Epoch[13] Iteration[670/1240], entropy: 0.6182, loss: 2.0550, lr: 3.94e-08
     Epoch[13] Iteration[680/1240], entropy: 0.8193, loss: 2.1672, lr: 4.06e-06
     Epoch[13] Iteration[690/1240], entropy: 0.7852, loss: 2.2560, lr: 9.38e-06
     Epoch[13] Iteration[700/1240], entropy: 0.6332, loss: 2.0946, lr: 8.64e-06
     Epoch[13] Iteration[710/1240], entropy: 0.4851, loss: 2.0172, lr: 2.87e-06
     Epoch[13] Iteration[720/1240], entropy: 0.5769, loss: 2.0319, lr: 3.94e-08
     Epoch[13] Iteration[730/1240], entropy: 0.7612, loss: 2.2042, lr: 4.06e-06
     Epoch[13] Iteration[740/1240], entropy: 0.5883, loss: 2.1432, lr: 9.38e-06
     Epoch[13] Iteration[750/1240], entropy: 0.6457, loss: 2.0753, lr: 8.64e-06
     Epoch[13] Iteration[760/1240], entropy: 0.5392, loss: 2.0523, lr: 2.87e-06
     Epoch[13] Iteration[770/1240], entropy: 0.7093, loss: 2.1609, lr: 3.94e-08
     Epoch[13] Iteration[780/1240], entropy: 0.6638, loss: 1.9585, lr: 4.06e-06
     Epoch[13] Iteration[790/1240], entropy: 0.7985, loss: 2.1858, lr: 9.38e-06
     Epoch[13] Iteration[800/1240], entropy: 0.6683, loss: 2.1373, lr: 8.64e-06
     Epoch[13] Iteration[810/1240], entropy: 0.7684, loss: 2.2002, lr: 2.87e-06
     Epoch[13] Iteration[820/1240], entropy: 0.6533, loss: 2.0685, lr: 3.94e-08
     Epoch[13] Iteration[830/1240], entropy: 0.4812, loss: 1.9493, lr: 4.06e-06
     Epoch[13] Iteration[840/1240], entropy: 0.6154, loss: 2.0044, lr: 9.38e-06
     Epoch[13] Iteration[850/1240], entropy: 0.6608, loss: 2.0481, lr: 8.64e-06
     Epoch[13] Iteration[860/1240], entropy: 0.4069, loss: 1.8961, lr: 2.87e-06
     Epoch[13] Iteration[870/1240], entropy: 0.5821, loss: 2.0938, lr: 3.94e-08
     Epoch[13] Iteration[880/1240], entropy: 0.8979, loss: 2.2341, lr: 4.06e-06
     Epoch[13] Iteration[890/1240], entropy: 0.6476, loss: 2.1065, lr: 9.38e-06
     Epoch[13] Iteration[900/1240], entropy: 0.8527, loss: 2.3436, lr: 8.64e-06
     Epoch[13] Iteration[910/1240], entropy: 0.6593, loss: 2.1417, lr: 2.87e-06
     Epoch[13] Iteration[920/1240], entropy: 0.7208, loss: 2.1363, lr: 3.94e-08
     Epoch[13] Iteration[930/1240], entropy: 0.9215, loss: 2.3623, lr: 4.06e-06
     Epoch[13] Iteration[940/1240], entropy: 0.5857, loss: 1.9864, lr: 9.38e-06
     Epoch[13] Iteration[950/1240], entropy: 0.7373, loss: 2.1136, lr: 8.64e-06
     Epoch[13] Iteration[960/1240], entropy: 0.8380, loss: 2.2730, lr: 2.87e-06
     Epoch[13] Iteration[970/1240], entropy: 0.5854, loss: 2.0106, lr: 3.94e-08
     Epoch[13] Iteration[980/1240], entropy: 0.7186, loss: 2.0797, lr: 4.06e-06
     Epoch[13] Iteration[990/1240], entropy: 0.6277, loss: 2.1144, lr: 9.38e-06
     Epoch[13] Iteration[1000/1240], entropy: 0.7425, loss: 2.1109, lr: 8.64e-06
     Epoch[13] Iteration[1010/1240], entropy: 0.5413, loss: 2.0746, lr: 2.87e-06
     Epoch[13] Iteration[1020/1240], entropy: 0.6154, loss: 2.1211, lr: 3.94e-08
     Epoch[13] Iteration[1030/1240], entropy: 0.5465, loss: 1.9961, lr: 4.06e-06
     Epoch[13] Iteration[1040/1240], entropy: 0.6027, loss: 2.0542, lr: 9.38e-06
     Epoch[13] Iteration[1050/1240], entropy: 0.7095, loss: 2.1033, lr: 8.64e-06
     Epoch[13] Iteration[1060/1240], entropy: 0.4706, loss: 1.9080, lr: 2.87e-06
     Epoch[13] Iteration[1070/1240], entropy: 0.7500, loss: 2.1441, lr: 3.94e-08
     Epoch[13] Iteration[1080/1240], entropy: 0.6835, loss: 2.1460, lr: 4.06e-06
     Epoch[13] Iteration[1090/1240], entropy: 0.7299, loss: 2.2033, lr: 9.38e-06
     Epoch[13] Iteration[1100/1240], entropy: 0.6558, loss: 2.1102, lr: 8.64e-06
     Epoch[13] Iteration[1110/1240], entropy: 0.7522, loss: 2.2469, lr: 2.87e-06
     Epoch[13] Iteration[1120/1240], entropy: 0.7615, loss: 2.1556, lr: 3.94e-08
     Epoch[13] Iteration[1130/1240], entropy: 0.6671, loss: 2.1107, lr: 4.06e-06
     Epoch[13] Iteration[1140/1240], entropy: 0.8836, loss: 2.2947, lr: 9.38e-06
     Epoch[13] Iteration[1150/1240], entropy: 0.8952, loss: 2.2598, lr: 8.64e-06
     Epoch[13] Iteration[1160/1240], entropy: 0.7848, loss: 2.2364, lr: 2.87e-06
     Epoch[13] Iteration[1170/1240], entropy: 0.8817, loss: 2.2319, lr: 3.94e-08
     Epoch[13] Iteration[1180/1240], entropy: 0.7108, loss: 2.1683, lr: 4.06e-06
     Epoch[13] Iteration[1190/1240], entropy: 0.7305, loss: 2.1981, lr: 9.38e-06
     Epoch[13] Iteration[1200/1240], entropy: 0.4931, loss: 2.0267, lr: 8.64e-06
     Epoch[13] Iteration[1210/1240], entropy: 0.6905, loss: 2.1324, lr: 2.87e-06
     Epoch[13] Iteration[1220/1240], entropy: 0.6137, loss: 2.0534, lr: 3.94e-08
     Epoch[13] Iteration[1230/1240], entropy: 0.5252, loss: 1.9979, lr: 4.06e-06
     Epoch[13] Iteration[1240/1240], entropy: 0.7043, loss: 2.2229, lr: 9.38e-06
     Averaged stats: entropy: 0.7043, loss: 2.2229, lr: 9.38e-06
     itm tta time 0:03:52
### TTA Eval Score: 
+-------+--------+--------+--------+--------+-------+
| epoch |   R1   |   R5   |  R10   |  mAP   |  mINP |
+-------+--------+--------+--------+--------+-------+
|  -999 | 37.304 | 55.557 | 63.548 | 20.140 | 2.213 |
|   0   | 37.500 | 55.643 | 63.654 | 20.140 | 2.170 |
|   1   | 37.641 | 55.673 | 63.749 | 20.139 | 2.142 |
|   2   | 37.712 | 55.688 | 63.714 | 20.134 | 2.121 |
|   3   | 37.838 | 55.708 | 63.815 | 20.147 | 2.108 |
|   4   | 37.833 | 55.794 | 63.860 | 20.147 | 2.095 |
|   5   | 37.918 | 55.880 | 63.916 | 20.164 | 2.090 |
|   6   | 37.958 | 55.950 | 63.971 | 20.173 | 2.086 |
|   7   | 38.039 | 56.026 | 64.052 | 20.187 | 2.083 |
|   8   | 38.084 | 56.061 | 64.132 | 20.201 | 2.083 |
|   9   | 38.140 | 56.056 | 64.168 | 20.220 | 2.085 |
|   10  | 38.170 | 56.111 | 64.183 | 20.234 | 2.086 |
|   11  | 38.215 | 56.192 | 64.198 | 20.245 | 2.086 |
|   12  | 38.266 | 56.247 | 64.218 | 20.259 | 2.086 |
|   13  | 38.286 | 56.217 | 64.279 | 20.273 | 2.088 |
+-------+--------+--------+--------+--------+-------+
     logs:  {'epo': 13, 'R1': np.float32(38.286), 'R5': np.float32(56.217), 'R10': np.float32(64.279), 'mAP': np.float32(20.273), 'mINP': np.float32(2.088), 'entropy': 0.671625574750285, 'loss': 2.1161335995120387, 'lr': 4.970606103733194e-06}
     Epoch[14] Iteration[10/1240], entropy: 0.7754, loss: 2.1700, lr: 8.64e-06
     Epoch[14] Iteration[20/1240], entropy: 0.5429, loss: 1.9916, lr: 2.87e-06
     Epoch[14] Iteration[30/1240], entropy: 0.6394, loss: 2.1098, lr: 3.94e-08
     Epoch[14] Iteration[40/1240], entropy: 0.7664, loss: 2.1205, lr: 4.06e-06
     Epoch[14] Iteration[50/1240], entropy: 0.7333, loss: 2.1752, lr: 9.38e-06
     Epoch[14] Iteration[60/1240], entropy: 0.5076, loss: 1.9445, lr: 8.64e-06
     Epoch[14] Iteration[70/1240], entropy: 0.4360, loss: 1.9064, lr: 2.87e-06
     Epoch[14] Iteration[80/1240], entropy: 0.5587, loss: 2.0256, lr: 3.94e-08
     Epoch[14] Iteration[90/1240], entropy: 0.6634, loss: 2.1203, lr: 4.06e-06
     Epoch[14] Iteration[100/1240], entropy: 0.7183, loss: 2.1665, lr: 9.38e-06
     Epoch[14] Iteration[110/1240], entropy: 0.4426, loss: 1.8921, lr: 8.64e-06
     Epoch[14] Iteration[120/1240], entropy: 0.8956, loss: 2.3182, lr: 2.87e-06
     Epoch[14] Iteration[130/1240], entropy: 0.6795, loss: 2.1489, lr: 3.94e-08
     Epoch[14] Iteration[140/1240], entropy: 0.9062, loss: 2.2813, lr: 4.06e-06
     Epoch[14] Iteration[150/1240], entropy: 0.7366, loss: 2.1807, lr: 9.38e-06
     Epoch[14] Iteration[160/1240], entropy: 0.9821, loss: 2.3866, lr: 8.64e-06
     Epoch[14] Iteration[170/1240], entropy: 0.7429, loss: 2.0867, lr: 2.87e-06
     Epoch[14] Iteration[180/1240], entropy: 0.6526, loss: 2.2000, lr: 3.94e-08
     Epoch[14] Iteration[190/1240], entropy: 0.7118, loss: 2.1812, lr: 4.06e-06
     Epoch[14] Iteration[200/1240], entropy: 0.6275, loss: 2.1006, lr: 9.38e-06
     Epoch[14] Iteration[210/1240], entropy: 0.6117, loss: 2.1052, lr: 8.64e-06
     Epoch[14] Iteration[220/1240], entropy: 0.5942, loss: 2.1314, lr: 2.87e-06
     Epoch[14] Iteration[230/1240], entropy: 0.6483, loss: 2.0199, lr: 3.94e-08
     Epoch[14] Iteration[240/1240], entropy: 0.8984, loss: 2.3377, lr: 4.06e-06
     Epoch[14] Iteration[250/1240], entropy: 0.7472, loss: 2.2463, lr: 9.38e-06
     Epoch[14] Iteration[260/1240], entropy: 0.6408, loss: 2.0926, lr: 8.64e-06
     Epoch[14] Iteration[270/1240], entropy: 0.5083, loss: 2.0029, lr: 2.87e-06
     Epoch[14] Iteration[280/1240], entropy: 0.9138, loss: 2.3373, lr: 3.94e-08
     Epoch[14] Iteration[290/1240], entropy: 1.0814, loss: 2.3924, lr: 4.06e-06
     Epoch[14] Iteration[300/1240], entropy: 0.6881, loss: 2.1555, lr: 9.38e-06
     Epoch[14] Iteration[310/1240], entropy: 0.7122, loss: 2.1887, lr: 8.64e-06
     Epoch[14] Iteration[320/1240], entropy: 0.8185, loss: 2.2837, lr: 2.87e-06
     Epoch[14] Iteration[330/1240], entropy: 0.7548, loss: 2.1630, lr: 3.94e-08
     Epoch[14] Iteration[340/1240], entropy: 0.7141, loss: 2.1342, lr: 4.06e-06
     Epoch[14] Iteration[350/1240], entropy: 0.6647, loss: 2.1501, lr: 9.38e-06
     Epoch[14] Iteration[360/1240], entropy: 0.7854, loss: 2.1887, lr: 8.64e-06
     Epoch[14] Iteration[370/1240], entropy: 0.8049, loss: 2.1903, lr: 2.87e-06
     Epoch[14] Iteration[380/1240], entropy: 0.6251, loss: 2.0306, lr: 3.94e-08
     Epoch[14] Iteration[390/1240], entropy: 0.5588, loss: 2.0611, lr: 4.06e-06
     Epoch[14] Iteration[400/1240], entropy: 0.6416, loss: 2.1872, lr: 9.38e-06
     Epoch[14] Iteration[410/1240], entropy: 0.7818, loss: 2.2170, lr: 8.64e-06
     Epoch[14] Iteration[420/1240], entropy: 0.6227, loss: 2.0787, lr: 2.87e-06
     Epoch[14] Iteration[430/1240], entropy: 0.4799, loss: 1.9575, lr: 3.94e-08
     Epoch[14] Iteration[440/1240], entropy: 0.7354, loss: 2.1950, lr: 4.06e-06
     Epoch[14] Iteration[450/1240], entropy: 0.5118, loss: 1.9736, lr: 9.38e-06
     Epoch[14] Iteration[460/1240], entropy: 0.4602, loss: 2.0507, lr: 8.64e-06
     Epoch[14] Iteration[470/1240], entropy: 0.8748, loss: 2.2847, lr: 2.87e-06
     Epoch[14] Iteration[480/1240], entropy: 0.6882, loss: 2.1769, lr: 3.94e-08
     Epoch[14] Iteration[490/1240], entropy: 0.8899, loss: 2.3034, lr: 4.06e-06
     Epoch[14] Iteration[500/1240], entropy: 0.8357, loss: 2.2757, lr: 9.38e-06
     Epoch[14] Iteration[510/1240], entropy: 0.7987, loss: 2.1871, lr: 8.64e-06
     Epoch[14] Iteration[520/1240], entropy: 0.5239, loss: 1.9857, lr: 2.87e-06
     Epoch[14] Iteration[530/1240], entropy: 0.5398, loss: 1.9610, lr: 3.94e-08
     Epoch[14] Iteration[540/1240], entropy: 0.7144, loss: 2.1353, lr: 4.06e-06
     Epoch[14] Iteration[550/1240], entropy: 0.6987, loss: 2.0756, lr: 9.38e-06
     Epoch[14] Iteration[560/1240], entropy: 0.6271, loss: 2.1038, lr: 8.64e-06
     Epoch[14] Iteration[570/1240], entropy: 0.6776, loss: 2.1578, lr: 2.87e-06
     Epoch[14] Iteration[580/1240], entropy: 0.6497, loss: 2.1216, lr: 3.94e-08
     Epoch[14] Iteration[590/1240], entropy: 0.7144, loss: 2.1420, lr: 4.06e-06
     Epoch[14] Iteration[600/1240], entropy: 0.8632, loss: 2.2858, lr: 9.38e-06
     Epoch[14] Iteration[610/1240], entropy: 0.5955, loss: 2.1547, lr: 8.64e-06
     Epoch[14] Iteration[620/1240], entropy: 0.7517, loss: 2.1665, lr: 2.87e-06
     Epoch[14] Iteration[630/1240], entropy: 0.7751, loss: 2.1932, lr: 3.94e-08
     Epoch[14] Iteration[640/1240], entropy: 0.6160, loss: 2.0235, lr: 4.06e-06
     Epoch[14] Iteration[650/1240], entropy: 0.6648, loss: 1.9817, lr: 9.38e-06
     Epoch[14] Iteration[660/1240], entropy: 0.6696, loss: 2.1128, lr: 9.05e-06
     Epoch[14] Iteration[670/1240], entropy: 0.5179, loss: 2.0306, lr: 3.45e-06
     Epoch[14] Iteration[680/1240], entropy: 0.5634, loss: 2.0407, lr: 0.00e+00
     Epoch[14] Iteration[690/1240], entropy: 0.6892, loss: 2.1331, lr: 3.45e-06
     Epoch[14] Iteration[700/1240], entropy: 0.8782, loss: 2.2125, lr: 9.05e-06
     Epoch[14] Iteration[710/1240], entropy: 0.9023, loss: 2.3336, lr: 9.05e-06
     Epoch[14] Iteration[720/1240], entropy: 0.6085, loss: 2.0204, lr: 3.45e-06
     Epoch[14] Iteration[730/1240], entropy: 0.6721, loss: 2.0989, lr: 0.00e+00
     Epoch[14] Iteration[740/1240], entropy: 0.5623, loss: 2.0013, lr: 3.45e-06
     Epoch[14] Iteration[750/1240], entropy: 0.6171, loss: 2.0735, lr: 9.05e-06
     Epoch[14] Iteration[760/1240], entropy: 0.8268, loss: 2.2845, lr: 9.05e-06
     Epoch[14] Iteration[770/1240], entropy: 0.5684, loss: 1.9603, lr: 3.45e-06
     Epoch[14] Iteration[780/1240], entropy: 0.5155, loss: 2.0175, lr: 0.00e+00
     Epoch[14] Iteration[790/1240], entropy: 0.7477, loss: 2.1133, lr: 3.45e-06
     Epoch[14] Iteration[800/1240], entropy: 0.6716, loss: 2.2101, lr: 9.05e-06
     Epoch[14] Iteration[810/1240], entropy: 0.6724, loss: 2.2019, lr: 9.05e-06
     Epoch[14] Iteration[820/1240], entropy: 0.7123, loss: 2.1163, lr: 3.45e-06
     Epoch[14] Iteration[830/1240], entropy: 0.7246, loss: 2.0962, lr: 0.00e+00
     Epoch[14] Iteration[840/1240], entropy: 0.6982, loss: 2.0684, lr: 3.45e-06
     Epoch[14] Iteration[850/1240], entropy: 0.5317, loss: 2.0623, lr: 9.05e-06
     Epoch[14] Iteration[860/1240], entropy: 0.7595, loss: 2.1434, lr: 9.05e-06
     Epoch[14] Iteration[870/1240], entropy: 0.7306, loss: 2.2236, lr: 3.45e-06
     Epoch[14] Iteration[880/1240], entropy: 0.6115, loss: 2.0945, lr: 0.00e+00
     Epoch[14] Iteration[890/1240], entropy: 0.6491, loss: 2.0551, lr: 3.45e-06
     Epoch[14] Iteration[900/1240], entropy: 0.5040, loss: 2.0265, lr: 9.05e-06
     Epoch[14] Iteration[910/1240], entropy: 0.6874, loss: 2.1435, lr: 9.05e-06
     Epoch[14] Iteration[920/1240], entropy: 0.6449, loss: 2.0692, lr: 3.45e-06
     Epoch[14] Iteration[930/1240], entropy: 0.7316, loss: 2.1286, lr: 0.00e+00
     Epoch[14] Iteration[940/1240], entropy: 0.6510, loss: 2.1805, lr: 3.45e-06
     Epoch[14] Iteration[950/1240], entropy: 0.5820, loss: 2.0830, lr: 9.05e-06
     Epoch[14] Iteration[960/1240], entropy: 0.7631, loss: 2.2046, lr: 9.05e-06
     Epoch[14] Iteration[970/1240], entropy: 0.6652, loss: 2.0145, lr: 3.45e-06
     Epoch[14] Iteration[980/1240], entropy: 0.6221, loss: 2.0386, lr: 0.00e+00
     Epoch[14] Iteration[990/1240], entropy: 0.7315, loss: 2.2169, lr: 3.45e-06
     Epoch[14] Iteration[1000/1240], entropy: 0.9919, loss: 2.3176, lr: 9.05e-06
     Epoch[14] Iteration[1010/1240], entropy: 0.4910, loss: 2.0024, lr: 9.05e-06
     Epoch[14] Iteration[1020/1240], entropy: 0.8723, loss: 2.2965, lr: 3.45e-06
     Epoch[14] Iteration[1030/1240], entropy: 0.5111, loss: 2.0367, lr: 0.00e+00
     Epoch[14] Iteration[1040/1240], entropy: 0.5491, loss: 1.9868, lr: 3.45e-06
     Epoch[14] Iteration[1050/1240], entropy: 0.8071, loss: 2.1840, lr: 9.05e-06
     Epoch[14] Iteration[1060/1240], entropy: 0.5906, loss: 2.0277, lr: 9.05e-06
     Epoch[14] Iteration[1070/1240], entropy: 0.5716, loss: 1.9936, lr: 3.45e-06
     Epoch[14] Iteration[1080/1240], entropy: 0.5173, loss: 2.0027, lr: 0.00e+00
     Epoch[14] Iteration[1090/1240], entropy: 0.6925, loss: 2.0642, lr: 3.45e-06
     Epoch[14] Iteration[1100/1240], entropy: 0.8656, loss: 2.2597, lr: 9.05e-06
     Epoch[14] Iteration[1110/1240], entropy: 0.6372, loss: 2.1310, lr: 9.05e-06
     Epoch[14] Iteration[1120/1240], entropy: 0.6152, loss: 2.1091, lr: 3.45e-06
     Epoch[14] Iteration[1130/1240], entropy: 0.5834, loss: 2.0548, lr: 0.00e+00
     Epoch[14] Iteration[1140/1240], entropy: 0.9225, loss: 2.3099, lr: 3.45e-06
     Epoch[14] Iteration[1150/1240], entropy: 0.5346, loss: 2.0511, lr: 9.05e-06
     Epoch[14] Iteration[1160/1240], entropy: 0.6066, loss: 2.1268, lr: 9.05e-06
     Epoch[14] Iteration[1170/1240], entropy: 0.5867, loss: 2.0142, lr: 3.45e-06
     Epoch[14] Iteration[1180/1240], entropy: 0.5279, loss: 1.9866, lr: 0.00e+00
     Epoch[14] Iteration[1190/1240], entropy: 0.6686, loss: 2.0777, lr: 3.45e-06
     Epoch[14] Iteration[1200/1240], entropy: 0.6396, loss: 2.0562, lr: 9.05e-06
     Epoch[14] Iteration[1210/1240], entropy: 0.7873, loss: 2.1357, lr: 9.05e-06
     Epoch[14] Iteration[1220/1240], entropy: 0.7780, loss: 2.1593, lr: 3.45e-06
     Epoch[14] Iteration[1230/1240], entropy: 0.8273, loss: 2.2345, lr: 0.00e+00
     Epoch[14] Iteration[1240/1240], entropy: 0.6030, loss: 2.1303, lr: 3.45e-06
     Averaged stats: entropy: 0.6030, loss: 2.1303, lr: 3.45e-06
     itm tta time 0:03:55
### TTA Eval Score: 
+-------+--------+--------+--------+--------+-------+
| epoch |   R1   |   R5   |  R10   |  mAP   |  mINP |
+-------+--------+--------+--------+--------+-------+
|  -999 | 37.304 | 55.557 | 63.548 | 20.140 | 2.213 |
|   0   | 37.500 | 55.643 | 63.654 | 20.140 | 2.170 |
|   1   | 37.641 | 55.673 | 63.749 | 20.139 | 2.142 |
|   2   | 37.712 | 55.688 | 63.714 | 20.134 | 2.121 |
|   3   | 37.838 | 55.708 | 63.815 | 20.147 | 2.108 |
|   4   | 37.833 | 55.794 | 63.860 | 20.147 | 2.095 |
|   5   | 37.918 | 55.880 | 63.916 | 20.164 | 2.090 |
|   6   | 37.958 | 55.950 | 63.971 | 20.173 | 2.086 |
|   7   | 38.039 | 56.026 | 64.052 | 20.187 | 2.083 |
|   8   | 38.084 | 56.061 | 64.132 | 20.201 | 2.083 |
|   9   | 38.140 | 56.056 | 64.168 | 20.220 | 2.085 |
|   10  | 38.170 | 56.111 | 64.183 | 20.234 | 2.086 |
|   11  | 38.215 | 56.192 | 64.198 | 20.245 | 2.086 |
|   12  | 38.266 | 56.247 | 64.218 | 20.259 | 2.086 |
|   13  | 38.286 | 56.217 | 64.279 | 20.273 | 2.088 |
|   14  | 38.316 | 56.212 | 64.349 | 20.291 | 2.091 |
+-------+--------+--------+--------+--------+-------+
     logs:  {'epo': 14, 'R1': np.float32(38.316), 'R5': np.float32(56.212), 'R10': np.float32(64.349), 'mAP': np.float32(20.291), 'mINP': np.float32(2.091), 'entropy': 0.6829349946591162, 'loss': 2.1262381307540403, 'lr': 4.96737834700101e-06}
     Epoch[15] Iteration[10/1240], entropy: 0.7409, loss: 2.1327, lr: 9.05e-06
     Epoch[15] Iteration[20/1240], entropy: 0.7121, loss: 2.0456, lr: 9.05e-06
     Epoch[15] Iteration[30/1240], entropy: 0.7184, loss: 2.1626, lr: 3.45e-06
     Epoch[15] Iteration[40/1240], entropy: 0.6863, loss: 2.1706, lr: 0.00e+00
     Epoch[15] Iteration[50/1240], entropy: 0.6851, loss: 2.1187, lr: 3.45e-06
     Epoch[15] Iteration[60/1240], entropy: 0.6947, loss: 2.1384, lr: 9.05e-06
     Epoch[15] Iteration[70/1240], entropy: 0.5874, loss: 2.0273, lr: 9.05e-06
     Epoch[15] Iteration[80/1240], entropy: 0.6741, loss: 2.1081, lr: 3.45e-06
     Epoch[15] Iteration[90/1240], entropy: 0.6774, loss: 2.0868, lr: 0.00e+00
     Epoch[15] Iteration[100/1240], entropy: 0.5393, loss: 2.0629, lr: 3.45e-06
     Epoch[15] Iteration[110/1240], entropy: 0.5929, loss: 2.0769, lr: 9.05e-06
     Epoch[15] Iteration[120/1240], entropy: 0.7793, loss: 2.2482, lr: 9.05e-06
     Epoch[15] Iteration[130/1240], entropy: 0.4384, loss: 1.9649, lr: 3.45e-06
     Epoch[15] Iteration[140/1240], entropy: 0.8451, loss: 2.3150, lr: 0.00e+00
     Epoch[15] Iteration[150/1240], entropy: 0.8227, loss: 2.2715, lr: 3.45e-06
     Epoch[15] Iteration[160/1240], entropy: 0.7398, loss: 2.1417, lr: 9.05e-06
     Epoch[15] Iteration[170/1240], entropy: 0.8697, loss: 2.3295, lr: 9.05e-06
     Epoch[15] Iteration[180/1240], entropy: 0.4386, loss: 1.9070, lr: 3.45e-06
     Epoch[15] Iteration[190/1240], entropy: 0.5623, loss: 2.0678, lr: 0.00e+00
     Epoch[15] Iteration[200/1240], entropy: 0.3556, loss: 1.9318, lr: 3.45e-06
     Epoch[15] Iteration[210/1240], entropy: 0.8027, loss: 2.1809, lr: 9.05e-06
     Epoch[15] Iteration[220/1240], entropy: 0.5221, loss: 1.9950, lr: 9.05e-06
     Epoch[15] Iteration[230/1240], entropy: 0.6613, loss: 2.1528, lr: 3.45e-06
     Epoch[15] Iteration[240/1240], entropy: 0.6031, loss: 2.0591, lr: 0.00e+00
     Epoch[15] Iteration[250/1240], entropy: 0.5686, loss: 2.0717, lr: 3.45e-06
     Epoch[15] Iteration[260/1240], entropy: 0.6910, loss: 2.1179, lr: 9.05e-06
     Epoch[15] Iteration[270/1240], entropy: 0.8309, loss: 2.3545, lr: 9.05e-06
     Epoch[15] Iteration[280/1240], entropy: 1.0369, loss: 2.3629, lr: 3.45e-06
     Epoch[15] Iteration[290/1240], entropy: 0.6903, loss: 2.1660, lr: 0.00e+00
     Epoch[15] Iteration[300/1240], entropy: 0.7053, loss: 2.0552, lr: 3.45e-06
     Epoch[15] Iteration[310/1240], entropy: 0.5835, loss: 1.9920, lr: 9.05e-06
     Epoch[15] Iteration[320/1240], entropy: 0.6288, loss: 2.0534, lr: 9.05e-06
     Epoch[15] Iteration[330/1240], entropy: 0.8489, loss: 2.2277, lr: 3.45e-06
     Epoch[15] Iteration[340/1240], entropy: 0.7226, loss: 2.2103, lr: 0.00e+00
     Epoch[15] Iteration[350/1240], entropy: 0.6577, loss: 2.0807, lr: 3.45e-06
     Epoch[15] Iteration[360/1240], entropy: 0.5879, loss: 2.0442, lr: 9.05e-06
     Epoch[15] Iteration[370/1240], entropy: 0.7342, loss: 2.1666, lr: 9.05e-06
     Epoch[15] Iteration[380/1240], entropy: 0.6822, loss: 2.0616, lr: 3.45e-06
     Epoch[15] Iteration[390/1240], entropy: 0.6054, loss: 2.0357, lr: 0.00e+00
     Epoch[15] Iteration[400/1240], entropy: 0.5024, loss: 1.9878, lr: 3.45e-06
     Epoch[15] Iteration[410/1240], entropy: 0.5626, loss: 2.0510, lr: 9.05e-06
     Epoch[15] Iteration[420/1240], entropy: 0.8783, loss: 2.1906, lr: 9.05e-06
     Epoch[15] Iteration[430/1240], entropy: 0.7073, loss: 2.0094, lr: 3.45e-06
     Epoch[15] Iteration[440/1240], entropy: 0.9084, loss: 2.3052, lr: 0.00e+00
     Epoch[15] Iteration[450/1240], entropy: 0.7995, loss: 2.2522, lr: 3.45e-06
     Epoch[15] Iteration[460/1240], entropy: 0.6657, loss: 2.0753, lr: 9.05e-06
     Epoch[15] Iteration[470/1240], entropy: 0.6882, loss: 2.1967, lr: 9.05e-06
     Epoch[15] Iteration[480/1240], entropy: 0.7070, loss: 2.1234, lr: 3.45e-06
     Epoch[15] Iteration[490/1240], entropy: 0.7739, loss: 2.1525, lr: 0.00e+00
     Epoch[15] Iteration[500/1240], entropy: 0.6316, loss: 2.1286, lr: 3.45e-06
     Epoch[15] Iteration[510/1240], entropy: 0.7930, loss: 2.1515, lr: 9.05e-06
     Epoch[15] Iteration[520/1240], entropy: 0.6938, loss: 2.1076, lr: 9.05e-06
     Epoch[15] Iteration[530/1240], entropy: 0.7439, loss: 2.2001, lr: 3.45e-06
     Epoch[15] Iteration[540/1240], entropy: 0.8253, loss: 2.3017, lr: 0.00e+00
     Epoch[15] Iteration[550/1240], entropy: 0.5178, loss: 2.0249, lr: 3.45e-06
     Epoch[15] Iteration[560/1240], entropy: 0.8649, loss: 2.2513, lr: 9.05e-06
     Epoch[15] Iteration[570/1240], entropy: 0.7382, loss: 2.1919, lr: 9.05e-06
     Epoch[15] Iteration[580/1240], entropy: 0.7463, loss: 2.1174, lr: 3.45e-06
     Epoch[15] Iteration[590/1240], entropy: 0.4256, loss: 1.9856, lr: 0.00e+00
     Epoch[15] Iteration[600/1240], entropy: 0.5829, loss: 2.1276, lr: 3.45e-06
     Epoch[15] Iteration[610/1240], entropy: 0.6111, loss: 2.0313, lr: 9.05e-06
     Epoch[15] Iteration[620/1240], entropy: 0.6671, loss: 2.0651, lr: 9.05e-06
     Epoch[15] Iteration[630/1240], entropy: 0.6539, loss: 2.1010, lr: 3.45e-06
     Epoch[15] Iteration[640/1240], entropy: 0.7940, loss: 2.1858, lr: 0.00e+00
     Epoch[15] Iteration[650/1240], entropy: 0.5822, loss: 2.0027, lr: 3.45e-06
     Epoch[15] Iteration[660/1240], entropy: 0.6215, loss: 2.1389, lr: 9.05e-06
     Epoch[15] Iteration[670/1240], entropy: 0.6500, loss: 2.1144, lr: 9.05e-06
     Epoch[15] Iteration[680/1240], entropy: 0.5431, loss: 2.0930, lr: 3.45e-06
     Epoch[15] Iteration[690/1240], entropy: 0.9771, loss: 2.3420, lr: 0.00e+00
     Epoch[15] Iteration[700/1240], entropy: 0.8283, loss: 2.1300, lr: 3.45e-06
     Epoch[15] Iteration[710/1240], entropy: 0.8528, loss: 2.2878, lr: 9.05e-06
     Epoch[15] Iteration[720/1240], entropy: 0.6071, loss: 2.0195, lr: 9.05e-06
     Epoch[15] Iteration[730/1240], entropy: 0.5556, loss: 2.0322, lr: 3.45e-06
     Epoch[15] Iteration[740/1240], entropy: 0.7436, loss: 2.1855, lr: 0.00e+00
     Epoch[15] Iteration[750/1240], entropy: 0.8163, loss: 2.1786, lr: 3.45e-06
     Epoch[15] Iteration[760/1240], entropy: 0.7654, loss: 2.2068, lr: 9.05e-06
     Epoch[15] Iteration[770/1240], entropy: 0.8430, loss: 2.2480, lr: 9.05e-06
     Epoch[15] Iteration[780/1240], entropy: 0.6065, loss: 2.0377, lr: 3.45e-06
     Epoch[15] Iteration[790/1240], entropy: 0.8993, loss: 2.3069, lr: 0.00e+00
     Epoch[15] Iteration[800/1240], entropy: 0.6431, loss: 2.0368, lr: 3.45e-06
     Epoch[15] Iteration[810/1240], entropy: 0.6141, loss: 2.1458, lr: 9.05e-06
     Epoch[15] Iteration[820/1240], entropy: 0.6069, loss: 2.0001, lr: 9.05e-06
     Epoch[15] Iteration[830/1240], entropy: 0.6200, loss: 2.0582, lr: 3.45e-06
     Epoch[15] Iteration[840/1240], entropy: 1.0109, loss: 2.3841, lr: 0.00e+00
     Epoch[15] Iteration[850/1240], entropy: 0.6419, loss: 2.1099, lr: 3.45e-06
     Epoch[15] Iteration[860/1240], entropy: 0.6037, loss: 2.0536, lr: 9.05e-06
     Epoch[15] Iteration[870/1240], entropy: 0.6100, loss: 2.0740, lr: 9.05e-06
     Epoch[15] Iteration[880/1240], entropy: 0.5732, loss: 2.0522, lr: 3.45e-06
     Epoch[15] Iteration[890/1240], entropy: 0.5979, loss: 2.1334, lr: 0.00e+00
     Epoch[15] Iteration[900/1240], entropy: 0.7481, loss: 2.1254, lr: 3.45e-06
     Epoch[15] Iteration[910/1240], entropy: 0.3182, loss: 1.8252, lr: 9.05e-06
     Epoch[15] Iteration[920/1240], entropy: 0.5695, loss: 2.0257, lr: 9.05e-06
     Epoch[15] Iteration[930/1240], entropy: 0.5597, loss: 2.0783, lr: 3.45e-06
     Epoch[15] Iteration[940/1240], entropy: 0.5102, loss: 1.9983, lr: 0.00e+00
     Epoch[15] Iteration[950/1240], entropy: 0.6479, loss: 1.9830, lr: 3.45e-06
     Epoch[15] Iteration[960/1240], entropy: 0.9162, loss: 2.2560, lr: 9.05e-06
     Epoch[15] Iteration[970/1240], entropy: 0.8152, loss: 2.1846, lr: 9.05e-06
     Epoch[15] Iteration[980/1240], entropy: 0.6095, loss: 2.1307, lr: 3.45e-06
     Epoch[15] Iteration[990/1240], entropy: 0.5256, loss: 1.9065, lr: 0.00e+00
     Epoch[15] Iteration[1000/1240], entropy: 0.5216, loss: 1.9256, lr: 3.45e-06
     Epoch[15] Iteration[1010/1240], entropy: 0.7030, loss: 2.1157, lr: 9.05e-06
     Epoch[15] Iteration[1020/1240], entropy: 0.7432, loss: 2.1169, lr: 9.05e-06
     Epoch[15] Iteration[1030/1240], entropy: 0.6029, loss: 2.1687, lr: 3.45e-06
     Epoch[15] Iteration[1040/1240], entropy: 0.5194, loss: 1.9907, lr: 0.00e+00
     Epoch[15] Iteration[1050/1240], entropy: 0.7816, loss: 2.2665, lr: 3.45e-06
     Epoch[15] Iteration[1060/1240], entropy: 0.6695, loss: 1.9442, lr: 9.05e-06
     Epoch[15] Iteration[1070/1240], entropy: 0.4641, loss: 2.0250, lr: 9.05e-06
     Epoch[15] Iteration[1080/1240], entropy: 0.7468, loss: 2.1657, lr: 3.45e-06
     Epoch[15] Iteration[1090/1240], entropy: 0.7079, loss: 2.1795, lr: 0.00e+00
     Epoch[15] Iteration[1100/1240], entropy: 0.6797, loss: 2.0249, lr: 3.45e-06
     Epoch[15] Iteration[1110/1240], entropy: 0.8756, loss: 2.2667, lr: 9.05e-06
     Epoch[15] Iteration[1120/1240], entropy: 0.8474, loss: 2.2214, lr: 9.05e-06
     Epoch[15] Iteration[1130/1240], entropy: 0.7204, loss: 2.0690, lr: 3.45e-06
     Epoch[15] Iteration[1140/1240], entropy: 0.6384, loss: 2.0257, lr: 0.00e+00
     Epoch[15] Iteration[1150/1240], entropy: 0.6939, loss: 2.1621, lr: 3.45e-06
     Epoch[15] Iteration[1160/1240], entropy: 0.6504, loss: 1.9810, lr: 9.05e-06
     Epoch[15] Iteration[1170/1240], entropy: 0.6715, loss: 2.0584, lr: 9.05e-06
     Epoch[15] Iteration[1180/1240], entropy: 0.4583, loss: 1.9145, lr: 3.45e-06
     Epoch[15] Iteration[1190/1240], entropy: 0.7713, loss: 2.2204, lr: 0.00e+00
     Epoch[15] Iteration[1200/1240], entropy: 0.5050, loss: 2.0044, lr: 3.45e-06
     Epoch[15] Iteration[1210/1240], entropy: 0.6668, loss: 2.1046, lr: 9.05e-06
     Epoch[15] Iteration[1220/1240], entropy: 0.7386, loss: 2.1609, lr: 9.05e-06
     Epoch[15] Iteration[1230/1240], entropy: 0.5981, loss: 2.0443, lr: 3.45e-06
     Epoch[15] Iteration[1240/1240], entropy: 0.7278, loss: 2.1857, lr: 0.00e+00
     Averaged stats: entropy: 0.7278, loss: 2.1857, lr: 0.00e+00
     itm tta time 0:03:54
### TTA Eval Score: 
+-------+--------+--------+--------+--------+-------+
| epoch |   R1   |   R5   |  R10   |  mAP   |  mINP |
+-------+--------+--------+--------+--------+-------+
|  -999 | 37.304 | 55.557 | 63.548 | 20.140 | 2.213 |
|   0   | 37.500 | 55.643 | 63.654 | 20.140 | 2.170 |
|   1   | 37.641 | 55.673 | 63.749 | 20.139 | 2.142 |
|   2   | 37.712 | 55.688 | 63.714 | 20.134 | 2.121 |
|   3   | 37.838 | 55.708 | 63.815 | 20.147 | 2.108 |
|   4   | 37.833 | 55.794 | 63.860 | 20.147 | 2.095 |
|   5   | 37.918 | 55.880 | 63.916 | 20.164 | 2.090 |
|   6   | 37.958 | 55.950 | 63.971 | 20.173 | 2.086 |
|   7   | 38.039 | 56.026 | 64.052 | 20.187 | 2.083 |
|   8   | 38.084 | 56.061 | 64.132 | 20.201 | 2.083 |
|   9   | 38.140 | 56.056 | 64.168 | 20.220 | 2.085 |
|   10  | 38.170 | 56.111 | 64.183 | 20.234 | 2.086 |
|   11  | 38.215 | 56.192 | 64.198 | 20.245 | 2.086 |
|   12  | 38.266 | 56.247 | 64.218 | 20.259 | 2.086 |
|   13  | 38.286 | 56.217 | 64.279 | 20.273 | 2.088 |
|   14  | 38.316 | 56.212 | 64.349 | 20.291 | 2.091 |
|   15  | 38.351 | 56.232 | 64.379 | 20.302 | 2.090 |
+-------+--------+--------+--------+--------+-------+
     logs:  {'epo': 15, 'R1': np.float32(38.351), 'R5': np.float32(56.232), 'R10': np.float32(64.379), 'mAP': np.float32(20.302), 'mINP': np.float32(2.09), 'entropy': 0.6785696225781594, 'loss': 2.1148374888204757, 'lr': 5.012460362676118e-06}
     Epoch[16] Iteration[10/1240], entropy: 0.5818, loss: 2.0643, lr: 3.45e-06
     Epoch[16] Iteration[20/1240], entropy: 0.7482, loss: 2.1550, lr: 9.05e-06
     Epoch[16] Iteration[30/1240], entropy: 0.3987, loss: 1.8643, lr: 9.05e-06
     Epoch[16] Iteration[40/1240], entropy: 0.6425, loss: 2.0912, lr: 3.45e-06
     Epoch[16] Iteration[50/1240], entropy: 0.7377, loss: 2.1578, lr: 0.00e+00
     Epoch[16] Iteration[60/1240], entropy: 0.8021, loss: 2.2236, lr: 3.45e-06
     Epoch[16] Iteration[70/1240], entropy: 0.7742, loss: 2.2889, lr: 9.05e-06
     Epoch[16] Iteration[80/1240], entropy: 0.8798, loss: 2.2878, lr: 9.05e-06
     Epoch[16] Iteration[90/1240], entropy: 0.7232, loss: 2.1318, lr: 3.45e-06
     Epoch[16] Iteration[100/1240], entropy: 0.6195, loss: 2.1691, lr: 0.00e+00
     Epoch[16] Iteration[110/1240], entropy: 0.5967, loss: 2.0489, lr: 3.45e-06
     Epoch[16] Iteration[120/1240], entropy: 0.5161, loss: 1.9484, lr: 9.05e-06
     Epoch[16] Iteration[130/1240], entropy: 0.5101, loss: 2.0183, lr: 9.05e-06
     Epoch[16] Iteration[140/1240], entropy: 0.8354, loss: 2.2478, lr: 3.45e-06
     Epoch[16] Iteration[150/1240], entropy: 0.7123, loss: 2.1053, lr: 0.00e+00
     Epoch[16] Iteration[160/1240], entropy: 0.8459, loss: 2.2333, lr: 3.45e-06
     Epoch[16] Iteration[170/1240], entropy: 0.5995, loss: 2.0935, lr: 9.05e-06
     Epoch[16] Iteration[180/1240], entropy: 0.8076, loss: 2.2460, lr: 9.38e-06
     Epoch[16] Iteration[190/1240], entropy: 0.5419, loss: 2.0188, lr: 4.06e-06
     Epoch[16] Iteration[200/1240], entropy: 0.5180, loss: 2.0246, lr: 3.94e-08
     Epoch[16] Iteration[210/1240], entropy: 0.6384, loss: 2.1892, lr: 2.87e-06
     Epoch[16] Iteration[220/1240], entropy: 0.6270, loss: 2.0803, lr: 8.64e-06
     Epoch[16] Iteration[230/1240], entropy: 0.6438, loss: 2.0291, lr: 9.38e-06
     Epoch[16] Iteration[240/1240], entropy: 0.7669, loss: 2.1932, lr: 4.06e-06
     Epoch[16] Iteration[250/1240], entropy: 0.6720, loss: 2.1049, lr: 3.94e-08
     Epoch[16] Iteration[260/1240], entropy: 0.5410, loss: 1.9335, lr: 2.87e-06
     Epoch[16] Iteration[270/1240], entropy: 0.6812, loss: 2.0637, lr: 8.64e-06
     Epoch[16] Iteration[280/1240], entropy: 0.6053, loss: 2.0679, lr: 9.38e-06
     Epoch[16] Iteration[290/1240], entropy: 0.7540, loss: 2.2055, lr: 4.06e-06
     Epoch[16] Iteration[300/1240], entropy: 0.7465, loss: 2.2220, lr: 3.94e-08
     Epoch[16] Iteration[310/1240], entropy: 0.6876, loss: 2.1817, lr: 2.87e-06
     Epoch[16] Iteration[320/1240], entropy: 0.5408, loss: 1.9952, lr: 8.64e-06
     Epoch[16] Iteration[330/1240], entropy: 0.7633, loss: 2.1058, lr: 9.38e-06
     Epoch[16] Iteration[340/1240], entropy: 0.5284, loss: 2.0799, lr: 4.06e-06
     Epoch[16] Iteration[350/1240], entropy: 0.7693, loss: 2.2331, lr: 3.94e-08
     Epoch[16] Iteration[360/1240], entropy: 0.8748, loss: 2.2500, lr: 2.87e-06
     Epoch[16] Iteration[370/1240], entropy: 0.5907, loss: 2.0350, lr: 8.64e-06
     Epoch[16] Iteration[380/1240], entropy: 0.8104, loss: 2.2122, lr: 9.38e-06
     Epoch[16] Iteration[390/1240], entropy: 0.9956, loss: 2.3507, lr: 4.06e-06
     Epoch[16] Iteration[400/1240], entropy: 0.7226, loss: 2.2004, lr: 3.94e-08
     Epoch[16] Iteration[410/1240], entropy: 0.5143, loss: 2.0020, lr: 2.87e-06
     Epoch[16] Iteration[420/1240], entropy: 0.6195, loss: 2.0595, lr: 8.64e-06
     Epoch[16] Iteration[430/1240], entropy: 0.6469, loss: 2.1945, lr: 9.38e-06
     Epoch[16] Iteration[440/1240], entropy: 0.8595, loss: 2.2280, lr: 4.06e-06
     Epoch[16] Iteration[450/1240], entropy: 0.8008, loss: 2.1810, lr: 3.94e-08
     Epoch[16] Iteration[460/1240], entropy: 0.7660, loss: 2.2630, lr: 2.87e-06
     Epoch[16] Iteration[470/1240], entropy: 0.4050, loss: 1.9145, lr: 8.64e-06
     Epoch[16] Iteration[480/1240], entropy: 0.6926, loss: 2.1222, lr: 9.38e-06
     Epoch[16] Iteration[490/1240], entropy: 0.6040, loss: 2.0527, lr: 4.06e-06
     Epoch[16] Iteration[500/1240], entropy: 0.7574, loss: 2.2111, lr: 3.94e-08
     Epoch[16] Iteration[510/1240], entropy: 0.7008, loss: 2.1407, lr: 2.87e-06
     Epoch[16] Iteration[520/1240], entropy: 0.4463, loss: 1.8936, lr: 8.64e-06
     Epoch[16] Iteration[530/1240], entropy: 0.5399, loss: 1.9483, lr: 9.38e-06
     Epoch[16] Iteration[540/1240], entropy: 0.6162, loss: 2.1361, lr: 4.06e-06
     Epoch[16] Iteration[550/1240], entropy: 0.6587, loss: 2.0792, lr: 3.94e-08
     Epoch[16] Iteration[560/1240], entropy: 0.5402, loss: 1.9265, lr: 2.87e-06
     Epoch[16] Iteration[570/1240], entropy: 0.5588, loss: 2.0101, lr: 8.64e-06
     Epoch[16] Iteration[580/1240], entropy: 0.7989, loss: 2.1068, lr: 9.38e-06
     Epoch[16] Iteration[590/1240], entropy: 0.6892, loss: 2.1792, lr: 4.06e-06
     Epoch[16] Iteration[600/1240], entropy: 0.6781, loss: 2.0924, lr: 3.94e-08
     Epoch[16] Iteration[610/1240], entropy: 0.7829, loss: 2.2462, lr: 2.87e-06
     Epoch[16] Iteration[620/1240], entropy: 0.5661, loss: 2.0008, lr: 8.64e-06
     Epoch[16] Iteration[630/1240], entropy: 0.6802, loss: 2.0962, lr: 9.38e-06
     Epoch[16] Iteration[640/1240], entropy: 0.5715, loss: 2.0166, lr: 4.06e-06
     Epoch[16] Iteration[650/1240], entropy: 0.8065, loss: 2.2070, lr: 3.94e-08
     Epoch[16] Iteration[660/1240], entropy: 0.7310, loss: 2.2315, lr: 2.87e-06
     Epoch[16] Iteration[670/1240], entropy: 0.8532, loss: 2.2033, lr: 8.64e-06
     Epoch[16] Iteration[680/1240], entropy: 0.7784, loss: 2.1143, lr: 9.38e-06
     Epoch[16] Iteration[690/1240], entropy: 0.6781, loss: 2.1572, lr: 4.06e-06
     Epoch[16] Iteration[700/1240], entropy: 0.8181, loss: 2.1952, lr: 3.94e-08
     Epoch[16] Iteration[710/1240], entropy: 0.6584, loss: 2.0426, lr: 2.87e-06
     Epoch[16] Iteration[720/1240], entropy: 0.6642, loss: 1.9907, lr: 8.64e-06
     Epoch[16] Iteration[730/1240], entropy: 0.7741, loss: 2.1642, lr: 9.38e-06
     Epoch[16] Iteration[740/1240], entropy: 0.6834, loss: 2.1410, lr: 4.06e-06
     Epoch[16] Iteration[750/1240], entropy: 0.7826, loss: 2.1967, lr: 3.94e-08
     Epoch[16] Iteration[760/1240], entropy: 0.6159, loss: 2.0928, lr: 2.87e-06
     Epoch[16] Iteration[770/1240], entropy: 0.5144, loss: 1.9361, lr: 8.64e-06
     Epoch[16] Iteration[780/1240], entropy: 0.7408, loss: 2.1886, lr: 9.38e-06
     Epoch[16] Iteration[790/1240], entropy: 0.6254, loss: 2.0625, lr: 4.06e-06
     Epoch[16] Iteration[800/1240], entropy: 0.5987, loss: 2.1048, lr: 3.94e-08
     Epoch[16] Iteration[810/1240], entropy: 0.6602, loss: 2.1107, lr: 2.87e-06
     Epoch[16] Iteration[820/1240], entropy: 0.6111, loss: 2.0549, lr: 8.64e-06
     Epoch[16] Iteration[830/1240], entropy: 0.8548, loss: 2.2970, lr: 9.38e-06
     Epoch[16] Iteration[840/1240], entropy: 0.7078, loss: 2.1078, lr: 4.06e-06
     Epoch[16] Iteration[850/1240], entropy: 0.7087, loss: 2.1404, lr: 3.94e-08
     Epoch[16] Iteration[860/1240], entropy: 0.5284, loss: 1.9768, lr: 2.87e-06
     Epoch[16] Iteration[870/1240], entropy: 0.6098, loss: 1.9546, lr: 8.64e-06
     Epoch[16] Iteration[880/1240], entropy: 0.7811, loss: 2.1797, lr: 9.38e-06
     Epoch[16] Iteration[890/1240], entropy: 0.7901, loss: 2.1793, lr: 4.06e-06
     Epoch[16] Iteration[900/1240], entropy: 0.7587, loss: 2.2134, lr: 3.94e-08
     Epoch[16] Iteration[910/1240], entropy: 0.6775, loss: 2.1756, lr: 2.87e-06
     Epoch[16] Iteration[920/1240], entropy: 0.8484, loss: 2.2936, lr: 8.64e-06
     Epoch[16] Iteration[930/1240], entropy: 0.4156, loss: 1.8499, lr: 9.38e-06
     Epoch[16] Iteration[940/1240], entropy: 0.6424, loss: 1.9350, lr: 4.06e-06
     Epoch[16] Iteration[950/1240], entropy: 0.7566, loss: 2.1583, lr: 3.94e-08
     Epoch[16] Iteration[960/1240], entropy: 0.7989, loss: 2.2909, lr: 2.87e-06
     Epoch[16] Iteration[970/1240], entropy: 0.7597, loss: 2.1533, lr: 8.64e-06
     Epoch[16] Iteration[980/1240], entropy: 0.8121, loss: 2.2359, lr: 9.38e-06
     Epoch[16] Iteration[990/1240], entropy: 0.6666, loss: 2.0711, lr: 4.06e-06
     Epoch[16] Iteration[1000/1240], entropy: 0.7752, loss: 2.1682, lr: 3.94e-08
     Epoch[16] Iteration[1010/1240], entropy: 0.8454, loss: 2.3185, lr: 2.87e-06
     Epoch[16] Iteration[1020/1240], entropy: 0.8024, loss: 2.2493, lr: 8.64e-06
     Epoch[16] Iteration[1030/1240], entropy: 0.5757, loss: 2.0517, lr: 9.38e-06
     Epoch[16] Iteration[1040/1240], entropy: 0.7145, loss: 2.0636, lr: 4.06e-06
     Epoch[16] Iteration[1050/1240], entropy: 0.6957, loss: 2.1064, lr: 3.94e-08
     Epoch[16] Iteration[1060/1240], entropy: 0.5638, loss: 2.0132, lr: 2.87e-06
     Epoch[16] Iteration[1070/1240], entropy: 0.8287, loss: 2.2537, lr: 8.64e-06
     Epoch[16] Iteration[1080/1240], entropy: 0.3650, loss: 1.7963, lr: 9.38e-06
     Epoch[16] Iteration[1090/1240], entropy: 0.4910, loss: 1.9857, lr: 4.06e-06
     Epoch[16] Iteration[1100/1240], entropy: 0.4945, loss: 1.9720, lr: 3.94e-08
     Epoch[16] Iteration[1110/1240], entropy: 0.7622, loss: 2.1813, lr: 2.87e-06
     Epoch[16] Iteration[1120/1240], entropy: 0.5675, loss: 2.0300, lr: 8.64e-06
     Epoch[16] Iteration[1130/1240], entropy: 0.7692, loss: 2.2543, lr: 9.38e-06
     Epoch[16] Iteration[1140/1240], entropy: 0.7296, loss: 2.2107, lr: 4.06e-06
     Epoch[16] Iteration[1150/1240], entropy: 0.6215, loss: 1.9995, lr: 3.94e-08
     Epoch[16] Iteration[1160/1240], entropy: 0.5589, loss: 2.0464, lr: 2.87e-06
     Epoch[16] Iteration[1170/1240], entropy: 0.6927, loss: 2.1430, lr: 8.64e-06
     Epoch[16] Iteration[1180/1240], entropy: 0.6862, loss: 2.0877, lr: 9.38e-06
     Epoch[16] Iteration[1190/1240], entropy: 0.6320, loss: 2.1418, lr: 4.06e-06
     Epoch[16] Iteration[1200/1240], entropy: 0.6558, loss: 2.0846, lr: 3.94e-08
     Epoch[16] Iteration[1210/1240], entropy: 1.0029, loss: 2.3150, lr: 2.87e-06
     Epoch[16] Iteration[1220/1240], entropy: 0.5444, loss: 1.9728, lr: 8.64e-06
     Epoch[16] Iteration[1230/1240], entropy: 0.8713, loss: 2.2273, lr: 9.38e-06
     Epoch[16] Iteration[1240/1240], entropy: 0.5869, loss: 2.0622, lr: 4.06e-06
     Averaged stats: entropy: 0.5869, loss: 2.0622, lr: 4.06e-06
     itm tta time 0:03:56
### TTA Eval Score: 
+-------+--------+--------+--------+--------+-------+
| epoch |   R1   |   R5   |  R10   |  mAP   |  mINP |
+-------+--------+--------+--------+--------+-------+
|  -999 | 37.304 | 55.557 | 63.548 | 20.140 | 2.213 |
|   0   | 37.500 | 55.643 | 63.654 | 20.140 | 2.170 |
|   1   | 37.641 | 55.673 | 63.749 | 20.139 | 2.142 |
|   2   | 37.712 | 55.688 | 63.714 | 20.134 | 2.121 |
|   3   | 37.838 | 55.708 | 63.815 | 20.147 | 2.108 |
|   4   | 37.833 | 55.794 | 63.860 | 20.147 | 2.095 |
|   5   | 37.918 | 55.880 | 63.916 | 20.164 | 2.090 |
|   6   | 37.958 | 55.950 | 63.971 | 20.173 | 2.086 |
|   7   | 38.039 | 56.026 | 64.052 | 20.187 | 2.083 |
|   8   | 38.084 | 56.061 | 64.132 | 20.201 | 2.083 |
|   9   | 38.140 | 56.056 | 64.168 | 20.220 | 2.085 |
|   10  | 38.170 | 56.111 | 64.183 | 20.234 | 2.086 |
|   11  | 38.215 | 56.192 | 64.198 | 20.245 | 2.086 |
|   12  | 38.266 | 56.247 | 64.218 | 20.259 | 2.086 |
|   13  | 38.286 | 56.217 | 64.279 | 20.273 | 2.088 |
|   14  | 38.316 | 56.212 | 64.349 | 20.291 | 2.091 |
|   15  | 38.351 | 56.232 | 64.379 | 20.302 | 2.090 |
|   16  | 38.427 | 56.268 | 64.435 | 20.322 | 2.095 |
+-------+--------+--------+--------+--------+-------+
     logs:  {'epo': 16, 'R1': np.float32(38.427), 'R5': np.float32(56.268), 'R10': np.float32(64.435), 'mAP': np.float32(20.322), 'mINP': np.float32(2.095), 'entropy': 0.680561595866757, 'loss': 2.1160884047708204, 'lr': 5.0479405389299235e-06}
     Epoch[17] Iteration[10/1240], entropy: 0.9031, loss: 2.2458, lr: 3.94e-08
     Epoch[17] Iteration[20/1240], entropy: 0.5308, loss: 2.0909, lr: 2.87e-06
     Epoch[17] Iteration[30/1240], entropy: 0.6444, loss: 2.1426, lr: 8.64e-06
     Epoch[17] Iteration[40/1240], entropy: 0.6549, loss: 1.9802, lr: 9.38e-06
     Epoch[17] Iteration[50/1240], entropy: 0.6081, loss: 2.0593, lr: 4.06e-06
     Epoch[17] Iteration[60/1240], entropy: 0.9366, loss: 2.3782, lr: 3.94e-08
     Epoch[17] Iteration[70/1240], entropy: 0.6412, loss: 2.1269, lr: 2.87e-06
     Epoch[17] Iteration[80/1240], entropy: 0.5861, loss: 2.0034, lr: 8.64e-06
     Epoch[17] Iteration[90/1240], entropy: 0.6317, loss: 2.0535, lr: 9.38e-06
     Epoch[17] Iteration[100/1240], entropy: 0.4683, loss: 2.0118, lr: 4.06e-06
     Epoch[17] Iteration[110/1240], entropy: 0.7138, loss: 2.0464, lr: 3.94e-08
     Epoch[17] Iteration[120/1240], entropy: 0.7168, loss: 2.2003, lr: 2.87e-06
     Epoch[17] Iteration[130/1240], entropy: 0.6499, loss: 2.0771, lr: 8.64e-06
     Epoch[17] Iteration[140/1240], entropy: 0.6718, loss: 2.1168, lr: 9.38e-06
     Epoch[17] Iteration[150/1240], entropy: 0.8887, loss: 2.4031, lr: 4.06e-06
     Epoch[17] Iteration[160/1240], entropy: 0.7052, loss: 2.0675, lr: 3.94e-08
     Epoch[17] Iteration[170/1240], entropy: 0.7193, loss: 2.1009, lr: 2.87e-06
     Epoch[17] Iteration[180/1240], entropy: 0.4611, loss: 1.9976, lr: 8.64e-06
     Epoch[17] Iteration[190/1240], entropy: 0.8997, loss: 2.3186, lr: 9.38e-06
     Epoch[17] Iteration[200/1240], entropy: 0.5731, loss: 1.9944, lr: 4.06e-06
     Epoch[17] Iteration[210/1240], entropy: 0.4038, loss: 1.8892, lr: 3.94e-08
     Epoch[17] Iteration[220/1240], entropy: 0.6654, loss: 2.1516, lr: 2.87e-06
     Epoch[17] Iteration[230/1240], entropy: 0.7410, loss: 2.1255, lr: 8.64e-06
     Epoch[17] Iteration[240/1240], entropy: 0.5479, loss: 2.0150, lr: 9.38e-06
     Epoch[17] Iteration[250/1240], entropy: 0.7399, loss: 2.2758, lr: 4.06e-06
     Epoch[17] Iteration[260/1240], entropy: 0.8032, loss: 2.1957, lr: 3.94e-08
     Epoch[17] Iteration[270/1240], entropy: 0.5468, loss: 1.8838, lr: 2.87e-06
     Epoch[17] Iteration[280/1240], entropy: 0.6886, loss: 2.1377, lr: 8.64e-06
     Epoch[17] Iteration[290/1240], entropy: 0.6436, loss: 2.1051, lr: 9.38e-06
     Epoch[17] Iteration[300/1240], entropy: 0.6395, loss: 2.1276, lr: 4.06e-06
     Epoch[17] Iteration[310/1240], entropy: 0.6329, loss: 2.0472, lr: 3.94e-08
     Epoch[17] Iteration[320/1240], entropy: 0.8611, loss: 2.2718, lr: 2.87e-06
     Epoch[17] Iteration[330/1240], entropy: 0.6274, loss: 2.1321, lr: 8.64e-06
     Epoch[17] Iteration[340/1240], entropy: 0.5940, loss: 2.1300, lr: 9.38e-06
     Epoch[17] Iteration[350/1240], entropy: 0.8517, loss: 2.2132, lr: 4.06e-06
     Epoch[17] Iteration[360/1240], entropy: 0.8445, loss: 2.2852, lr: 3.94e-08
     Epoch[17] Iteration[370/1240], entropy: 0.8660, loss: 2.2100, lr: 2.87e-06
     Epoch[17] Iteration[380/1240], entropy: 0.5093, loss: 2.0014, lr: 8.64e-06
     Epoch[17] Iteration[390/1240], entropy: 0.5235, loss: 1.9741, lr: 9.38e-06
     Epoch[17] Iteration[400/1240], entropy: 0.8306, loss: 2.1504, lr: 4.06e-06
     Epoch[17] Iteration[410/1240], entropy: 0.5619, loss: 2.0812, lr: 3.94e-08
     Epoch[17] Iteration[420/1240], entropy: 0.5466, loss: 2.0116, lr: 2.87e-06
     Epoch[17] Iteration[430/1240], entropy: 0.8878, loss: 2.2992, lr: 8.64e-06
     Epoch[17] Iteration[440/1240], entropy: 0.6060, loss: 2.0380, lr: 9.38e-06
     Epoch[17] Iteration[450/1240], entropy: 0.6193, loss: 2.0712, lr: 4.06e-06
     Epoch[17] Iteration[460/1240], entropy: 0.6508, loss: 2.0483, lr: 3.94e-08
     Epoch[17] Iteration[470/1240], entropy: 0.6903, loss: 2.1056, lr: 2.87e-06
     Epoch[17] Iteration[480/1240], entropy: 0.6558, loss: 2.1009, lr: 8.64e-06
     Epoch[17] Iteration[490/1240], entropy: 0.6314, loss: 2.0807, lr: 9.38e-06
     Epoch[17] Iteration[500/1240], entropy: 0.8736, loss: 2.3116, lr: 4.06e-06
     Epoch[17] Iteration[510/1240], entropy: 0.7960, loss: 2.1684, lr: 3.94e-08
     Epoch[17] Iteration[520/1240], entropy: 0.9059, loss: 2.2894, lr: 2.87e-06
     Epoch[17] Iteration[530/1240], entropy: 0.8029, loss: 2.2913, lr: 8.64e-06
     Epoch[17] Iteration[540/1240], entropy: 0.5034, loss: 2.0142, lr: 9.38e-06
     Epoch[17] Iteration[550/1240], entropy: 0.7749, loss: 2.2453, lr: 4.06e-06
     Epoch[17] Iteration[560/1240], entropy: 0.6470, loss: 1.9731, lr: 3.94e-08
     Epoch[17] Iteration[570/1240], entropy: 0.8337, loss: 2.1567, lr: 2.87e-06
     Epoch[17] Iteration[580/1240], entropy: 0.8448, loss: 2.2571, lr: 8.64e-06
     Epoch[17] Iteration[590/1240], entropy: 0.7409, loss: 2.2140, lr: 9.38e-06
     Epoch[17] Iteration[600/1240], entropy: 0.6315, loss: 2.0785, lr: 4.06e-06
     Epoch[17] Iteration[610/1240], entropy: 0.8150, loss: 2.2347, lr: 3.94e-08
     Epoch[17] Iteration[620/1240], entropy: 0.4384, loss: 1.8914, lr: 2.87e-06
     Epoch[17] Iteration[630/1240], entropy: 0.5295, loss: 2.0459, lr: 8.64e-06
     Epoch[17] Iteration[640/1240], entropy: 0.6646, loss: 2.1306, lr: 9.38e-06
     Epoch[17] Iteration[650/1240], entropy: 0.7678, loss: 2.2247, lr: 4.06e-06
     Epoch[17] Iteration[660/1240], entropy: 0.5479, loss: 2.0180, lr: 3.94e-08
     Epoch[17] Iteration[670/1240], entropy: 0.8022, loss: 2.2390, lr: 2.87e-06
     Epoch[17] Iteration[680/1240], entropy: 0.9043, loss: 2.3237, lr: 8.64e-06
     Epoch[17] Iteration[690/1240], entropy: 0.4569, loss: 1.9269, lr: 9.38e-06
     Epoch[17] Iteration[700/1240], entropy: 0.5749, loss: 2.0857, lr: 4.06e-06
     Epoch[17] Iteration[710/1240], entropy: 0.6969, loss: 2.1261, lr: 3.94e-08
     Epoch[17] Iteration[720/1240], entropy: 0.7013, loss: 2.1256, lr: 2.87e-06
     Epoch[17] Iteration[730/1240], entropy: 0.7703, loss: 2.1657, lr: 8.64e-06
     Epoch[17] Iteration[740/1240], entropy: 0.7110, loss: 2.1032, lr: 9.38e-06
     Epoch[17] Iteration[750/1240], entropy: 0.7518, loss: 2.1749, lr: 4.06e-06
     Epoch[17] Iteration[760/1240], entropy: 0.6529, loss: 2.1512, lr: 3.94e-08
     Epoch[17] Iteration[770/1240], entropy: 0.5556, loss: 2.1410, lr: 2.87e-06
     Epoch[17] Iteration[780/1240], entropy: 0.4904, loss: 1.9206, lr: 8.64e-06
     Epoch[17] Iteration[790/1240], entropy: 0.8830, loss: 2.2622, lr: 9.38e-06
     Epoch[17] Iteration[800/1240], entropy: 0.8781, loss: 2.3139, lr: 4.06e-06
     Epoch[17] Iteration[810/1240], entropy: 0.5875, loss: 1.9562, lr: 3.94e-08
     Epoch[17] Iteration[820/1240], entropy: 0.7987, loss: 2.2076, lr: 2.87e-06
     Epoch[17] Iteration[830/1240], entropy: 0.4852, loss: 1.9799, lr: 8.64e-06
     Epoch[17] Iteration[840/1240], entropy: 0.6219, loss: 2.1286, lr: 9.38e-06
     Epoch[17] Iteration[850/1240], entropy: 0.5700, loss: 2.0207, lr: 4.06e-06
     Epoch[17] Iteration[860/1240], entropy: 0.7443, loss: 2.1399, lr: 3.94e-08
     Epoch[17] Iteration[870/1240], entropy: 0.5911, loss: 2.0568, lr: 2.87e-06
     Epoch[17] Iteration[880/1240], entropy: 1.0465, loss: 2.4210, lr: 8.64e-06
     Epoch[17] Iteration[890/1240], entropy: 0.5042, loss: 1.9853, lr: 9.38e-06
     Epoch[17] Iteration[900/1240], entropy: 0.4334, loss: 1.8346, lr: 4.06e-06
     Epoch[17] Iteration[910/1240], entropy: 0.6548, loss: 2.1739, lr: 3.94e-08
     Epoch[17] Iteration[920/1240], entropy: 0.8277, loss: 2.3053, lr: 2.87e-06
     Epoch[17] Iteration[930/1240], entropy: 0.9661, loss: 2.3543, lr: 8.64e-06
     Epoch[17] Iteration[940/1240], entropy: 0.7143, loss: 2.1173, lr: 9.65e-06
     Epoch[17] Iteration[950/1240], entropy: 0.6331, loss: 2.0158, lr: 4.69e-06
     Epoch[17] Iteration[960/1240], entropy: 0.7769, loss: 2.1791, lr: 1.57e-07
     Epoch[17] Iteration[970/1240], entropy: 0.6914, loss: 2.1010, lr: 2.32e-06
     Epoch[17] Iteration[980/1240], entropy: 0.6856, loss: 2.2090, lr: 8.19e-06
     Epoch[17] Iteration[990/1240], entropy: 0.6744, loss: 2.1102, lr: 9.65e-06
     Epoch[17] Iteration[1000/1240], entropy: 0.5647, loss: 1.9288, lr: 4.69e-06
     Epoch[17] Iteration[1010/1240], entropy: 0.8636, loss: 2.2662, lr: 1.57e-07
     Epoch[17] Iteration[1020/1240], entropy: 0.7816, loss: 2.2339, lr: 2.32e-06
     Epoch[17] Iteration[1030/1240], entropy: 0.8334, loss: 2.2731, lr: 8.19e-06
     Epoch[17] Iteration[1040/1240], entropy: 0.7145, loss: 2.2088, lr: 9.65e-06
     Epoch[17] Iteration[1050/1240], entropy: 0.8126, loss: 2.2519, lr: 4.69e-06
     Epoch[17] Iteration[1060/1240], entropy: 0.6011, loss: 2.0718, lr: 1.57e-07
     Epoch[17] Iteration[1070/1240], entropy: 0.5293, loss: 2.0370, lr: 2.32e-06
     Epoch[17] Iteration[1080/1240], entropy: 0.7812, loss: 2.2847, lr: 8.19e-06
     Epoch[17] Iteration[1090/1240], entropy: 0.8454, loss: 2.2894, lr: 9.65e-06
     Epoch[17] Iteration[1100/1240], entropy: 0.8260, loss: 2.2900, lr: 4.69e-06
     Epoch[17] Iteration[1110/1240], entropy: 0.7452, loss: 2.1240, lr: 1.57e-07
     Epoch[17] Iteration[1120/1240], entropy: 0.6212, loss: 2.0931, lr: 2.32e-06
     Epoch[17] Iteration[1130/1240], entropy: 0.6897, loss: 2.0726, lr: 8.19e-06
     Epoch[17] Iteration[1140/1240], entropy: 0.6641, loss: 2.1153, lr: 9.65e-06
     Epoch[17] Iteration[1150/1240], entropy: 0.6827, loss: 2.0715, lr: 4.69e-06
     Epoch[17] Iteration[1160/1240], entropy: 0.6137, loss: 2.1216, lr: 1.57e-07
     Epoch[17] Iteration[1170/1240], entropy: 0.5739, loss: 1.9884, lr: 2.32e-06
     Epoch[17] Iteration[1180/1240], entropy: 0.5367, loss: 1.9858, lr: 8.19e-06
     Epoch[17] Iteration[1190/1240], entropy: 0.7364, loss: 2.1997, lr: 9.65e-06
     Epoch[17] Iteration[1200/1240], entropy: 0.8738, loss: 2.2240, lr: 4.69e-06
     Epoch[17] Iteration[1210/1240], entropy: 0.5117, loss: 1.9203, lr: 1.57e-07
     Epoch[17] Iteration[1220/1240], entropy: 0.5506, loss: 2.0589, lr: 2.32e-06
     Epoch[17] Iteration[1230/1240], entropy: 0.4968, loss: 1.9877, lr: 8.19e-06
     Epoch[17] Iteration[1240/1240], entropy: 0.5906, loss: 2.0667, lr: 9.65e-06
     Averaged stats: entropy: 0.5906, loss: 2.0667, lr: 9.65e-06
     itm tta time 0:03:55
### TTA Eval Score: 
+-------+--------+--------+--------+--------+-------+
| epoch |   R1   |   R5   |  R10   |  mAP   |  mINP |
+-------+--------+--------+--------+--------+-------+
|  -999 | 37.304 | 55.557 | 63.548 | 20.140 | 2.213 |
|   0   | 37.500 | 55.643 | 63.654 | 20.140 | 2.170 |
|   1   | 37.641 | 55.673 | 63.749 | 20.139 | 2.142 |
|   2   | 37.712 | 55.688 | 63.714 | 20.134 | 2.121 |
|   3   | 37.838 | 55.708 | 63.815 | 20.147 | 2.108 |
|   4   | 37.833 | 55.794 | 63.860 | 20.147 | 2.095 |
|   5   | 37.918 | 55.880 | 63.916 | 20.164 | 2.090 |
|   6   | 37.958 | 55.950 | 63.971 | 20.173 | 2.086 |
|   7   | 38.039 | 56.026 | 64.052 | 20.187 | 2.083 |
|   8   | 38.084 | 56.061 | 64.132 | 20.201 | 2.083 |
|   9   | 38.140 | 56.056 | 64.168 | 20.220 | 2.085 |
|   10  | 38.170 | 56.111 | 64.183 | 20.234 | 2.086 |
|   11  | 38.215 | 56.192 | 64.198 | 20.245 | 2.086 |
|   12  | 38.266 | 56.247 | 64.218 | 20.259 | 2.086 |
|   13  | 38.286 | 56.217 | 64.279 | 20.273 | 2.088 |
|   14  | 38.316 | 56.212 | 64.349 | 20.291 | 2.091 |
|   15  | 38.351 | 56.232 | 64.379 | 20.302 | 2.090 |
|   16  | 38.427 | 56.268 | 64.435 | 20.322 | 2.095 |
|   17  | 38.442 | 56.278 | 64.435 | 20.329 | 2.095 |
+-------+--------+--------+--------+--------+-------+
     logs:  {'epo': 17, 'R1': np.float32(38.442), 'R5': np.float32(56.278), 'R10': np.float32(64.435), 'mAP': np.float32(20.329), 'mINP': np.float32(2.095), 'entropy': 0.6855710151214753, 'loss': 2.126134890702463, 'lr': 5.009711738727227e-06}
     Epoch[18] Iteration[10/1240], entropy: 0.5438, loss: 2.0042, lr: 4.69e-06
     Epoch[18] Iteration[20/1240], entropy: 0.6545, loss: 2.1513, lr: 1.57e-07
     Epoch[18] Iteration[30/1240], entropy: 0.6285, loss: 2.0047, lr: 2.32e-06
     Epoch[18] Iteration[40/1240], entropy: 0.9572, loss: 2.2691, lr: 8.19e-06
     Epoch[18] Iteration[50/1240], entropy: 0.6633, loss: 2.0827, lr: 9.65e-06
     Epoch[18] Iteration[60/1240], entropy: 0.6684, loss: 2.0314, lr: 4.69e-06
     Epoch[18] Iteration[70/1240], entropy: 0.6829, loss: 2.0833, lr: 1.57e-07
     Epoch[18] Iteration[80/1240], entropy: 0.9617, loss: 2.2732, lr: 2.32e-06
     Epoch[18] Iteration[90/1240], entropy: 0.7579, loss: 2.2084, lr: 8.19e-06
     Epoch[18] Iteration[100/1240], entropy: 0.3970, loss: 1.9598, lr: 9.65e-06
     Epoch[18] Iteration[110/1240], entropy: 0.7143, loss: 2.1121, lr: 4.69e-06
     Epoch[18] Iteration[120/1240], entropy: 0.5489, loss: 2.0870, lr: 1.57e-07
     Epoch[18] Iteration[130/1240], entropy: 0.8259, loss: 2.2363, lr: 2.32e-06
     Epoch[18] Iteration[140/1240], entropy: 0.7622, loss: 2.1413, lr: 8.19e-06
     Epoch[18] Iteration[150/1240], entropy: 0.7110, loss: 2.2200, lr: 9.65e-06
     Epoch[18] Iteration[160/1240], entropy: 0.8172, loss: 2.1783, lr: 4.69e-06
     Epoch[18] Iteration[170/1240], entropy: 0.6777, loss: 2.0958, lr: 1.57e-07
     Epoch[18] Iteration[180/1240], entropy: 0.5039, loss: 1.9042, lr: 2.32e-06
     Epoch[18] Iteration[190/1240], entropy: 0.6663, loss: 2.1168, lr: 8.19e-06
     Epoch[18] Iteration[200/1240], entropy: 0.8947, loss: 2.2891, lr: 9.65e-06
     Epoch[18] Iteration[210/1240], entropy: 0.7840, loss: 2.2887, lr: 4.69e-06
     Epoch[18] Iteration[220/1240], entropy: 0.7057, loss: 2.1389, lr: 1.57e-07
     Epoch[18] Iteration[230/1240], entropy: 0.8398, loss: 2.2186, lr: 2.32e-06
     Epoch[18] Iteration[240/1240], entropy: 0.6601, loss: 2.1595, lr: 8.19e-06
     Epoch[18] Iteration[250/1240], entropy: 0.7436, loss: 2.0006, lr: 9.65e-06
     Epoch[18] Iteration[260/1240], entropy: 0.7933, loss: 2.1027, lr: 4.69e-06
     Epoch[18] Iteration[270/1240], entropy: 0.7417, loss: 2.2032, lr: 1.57e-07
     Epoch[18] Iteration[280/1240], entropy: 0.4636, loss: 1.9568, lr: 2.32e-06
     Epoch[18] Iteration[290/1240], entropy: 0.8014, loss: 2.2819, lr: 8.19e-06
     Epoch[18] Iteration[300/1240], entropy: 0.7146, loss: 2.1937, lr: 9.65e-06
     Epoch[18] Iteration[310/1240], entropy: 0.7311, loss: 2.1170, lr: 4.69e-06
     Epoch[18] Iteration[320/1240], entropy: 0.7766, loss: 2.2519, lr: 1.57e-07
     Epoch[18] Iteration[330/1240], entropy: 0.5401, loss: 1.9719, lr: 2.32e-06
     Epoch[18] Iteration[340/1240], entropy: 0.8478, loss: 2.2397, lr: 8.19e-06
     Epoch[18] Iteration[350/1240], entropy: 0.5292, loss: 1.9890, lr: 9.65e-06
     Epoch[18] Iteration[360/1240], entropy: 0.6983, loss: 2.1514, lr: 4.69e-06
     Epoch[18] Iteration[370/1240], entropy: 0.6924, loss: 2.1051, lr: 1.57e-07
     Epoch[18] Iteration[380/1240], entropy: 0.5976, loss: 2.1312, lr: 2.32e-06
     Epoch[18] Iteration[390/1240], entropy: 0.6542, loss: 2.1338, lr: 8.19e-06
     Epoch[18] Iteration[400/1240], entropy: 0.5609, loss: 1.9883, lr: 9.65e-06
     Epoch[18] Iteration[410/1240], entropy: 0.8062, loss: 2.2508, lr: 4.69e-06
     Epoch[18] Iteration[420/1240], entropy: 0.5053, loss: 1.9844, lr: 1.57e-07
     Epoch[18] Iteration[430/1240], entropy: 0.6655, loss: 2.0827, lr: 2.32e-06
     Epoch[18] Iteration[440/1240], entropy: 0.6659, loss: 2.1340, lr: 8.19e-06
     Epoch[18] Iteration[450/1240], entropy: 0.7355, loss: 2.1412, lr: 9.65e-06
     Epoch[18] Iteration[460/1240], entropy: 0.7803, loss: 2.1516, lr: 4.69e-06
     Epoch[18] Iteration[470/1240], entropy: 0.8203, loss: 2.2516, lr: 1.57e-07
     Epoch[18] Iteration[480/1240], entropy: 0.7194, loss: 2.1523, lr: 2.32e-06
     Epoch[18] Iteration[490/1240], entropy: 0.8416, loss: 2.2877, lr: 8.19e-06
     Epoch[18] Iteration[500/1240], entropy: 0.8004, loss: 2.2212, lr: 9.65e-06
     Epoch[18] Iteration[510/1240], entropy: 0.7718, loss: 2.2080, lr: 4.69e-06
     Epoch[18] Iteration[520/1240], entropy: 0.9073, loss: 2.3222, lr: 1.57e-07
     Epoch[18] Iteration[530/1240], entropy: 0.7675, loss: 2.2767, lr: 2.32e-06
     Epoch[18] Iteration[540/1240], entropy: 0.5955, loss: 2.0710, lr: 8.19e-06
     Epoch[18] Iteration[550/1240], entropy: 0.9524, loss: 2.3969, lr: 9.65e-06
     Epoch[18] Iteration[560/1240], entropy: 0.6145, loss: 2.0823, lr: 4.69e-06
     Epoch[18] Iteration[570/1240], entropy: 0.6187, loss: 2.0683, lr: 1.57e-07
     Epoch[18] Iteration[580/1240], entropy: 0.5525, loss: 2.0779, lr: 2.32e-06
     Epoch[18] Iteration[590/1240], entropy: 0.7521, loss: 2.1446, lr: 8.19e-06
     Epoch[18] Iteration[600/1240], entropy: 0.6002, loss: 2.0805, lr: 9.65e-06
     Epoch[18] Iteration[610/1240], entropy: 0.7489, loss: 2.1627, lr: 4.69e-06
     Epoch[18] Iteration[620/1240], entropy: 0.6738, loss: 2.0991, lr: 1.57e-07
     Epoch[18] Iteration[630/1240], entropy: 0.8083, loss: 2.2263, lr: 2.32e-06
     Epoch[18] Iteration[640/1240], entropy: 0.9010, loss: 2.2647, lr: 8.19e-06
     Epoch[18] Iteration[650/1240], entropy: 0.4275, loss: 1.9846, lr: 9.65e-06
     Epoch[18] Iteration[660/1240], entropy: 0.4537, loss: 1.9279, lr: 4.69e-06
     Epoch[18] Iteration[670/1240], entropy: 0.4922, loss: 2.0262, lr: 1.57e-07
     Epoch[18] Iteration[680/1240], entropy: 0.9081, loss: 2.3035, lr: 2.32e-06
     Epoch[18] Iteration[690/1240], entropy: 0.6446, loss: 2.1171, lr: 8.19e-06
     Epoch[18] Iteration[700/1240], entropy: 0.4591, loss: 1.9668, lr: 9.65e-06
     Epoch[18] Iteration[710/1240], entropy: 0.5750, loss: 2.0565, lr: 4.69e-06
     Epoch[18] Iteration[720/1240], entropy: 0.4338, loss: 1.9079, lr: 1.57e-07
     Epoch[18] Iteration[730/1240], entropy: 0.6189, loss: 2.1009, lr: 2.32e-06
     Epoch[18] Iteration[740/1240], entropy: 0.6732, loss: 2.1363, lr: 8.19e-06
     Epoch[18] Iteration[750/1240], entropy: 0.5345, loss: 1.9481, lr: 9.65e-06
     Epoch[18] Iteration[760/1240], entropy: 0.8087, loss: 2.2377, lr: 4.69e-06
     Epoch[18] Iteration[770/1240], entropy: 0.6905, loss: 2.1832, lr: 1.57e-07
     Epoch[18] Iteration[780/1240], entropy: 0.6280, loss: 2.1451, lr: 2.32e-06
     Epoch[18] Iteration[790/1240], entropy: 0.5356, loss: 2.0048, lr: 8.19e-06
     Epoch[18] Iteration[800/1240], entropy: 0.6912, loss: 2.1567, lr: 9.65e-06
     Epoch[18] Iteration[810/1240], entropy: 0.7147, loss: 2.1613, lr: 4.69e-06
     Epoch[18] Iteration[820/1240], entropy: 0.6908, loss: 2.1228, lr: 1.57e-07
     Epoch[18] Iteration[830/1240], entropy: 0.5729, loss: 2.0352, lr: 2.32e-06
     Epoch[18] Iteration[840/1240], entropy: 0.6762, loss: 2.1353, lr: 8.19e-06
     Epoch[18] Iteration[850/1240], entropy: 0.4044, loss: 1.9850, lr: 9.65e-06
     Epoch[18] Iteration[860/1240], entropy: 0.6868, loss: 2.0518, lr: 4.69e-06
     Epoch[18] Iteration[870/1240], entropy: 0.6974, loss: 2.1154, lr: 1.57e-07
     Epoch[18] Iteration[880/1240], entropy: 0.6160, loss: 2.1286, lr: 2.32e-06
     Epoch[18] Iteration[890/1240], entropy: 0.4148, loss: 1.8851, lr: 8.19e-06
     Epoch[18] Iteration[900/1240], entropy: 0.6777, loss: 2.1158, lr: 9.65e-06
     Epoch[18] Iteration[910/1240], entropy: 0.7154, loss: 2.1460, lr: 4.69e-06
     Epoch[18] Iteration[920/1240], entropy: 0.7083, loss: 2.1303, lr: 1.57e-07
     Epoch[18] Iteration[930/1240], entropy: 0.8583, loss: 2.2699, lr: 2.32e-06
     Epoch[18] Iteration[940/1240], entropy: 0.4655, loss: 1.8723, lr: 8.19e-06
     Epoch[18] Iteration[950/1240], entropy: 0.7000, loss: 2.1750, lr: 9.65e-06
     Epoch[18] Iteration[960/1240], entropy: 0.6537, loss: 2.1266, lr: 4.69e-06
     Epoch[18] Iteration[970/1240], entropy: 0.7289, loss: 2.0652, lr: 1.57e-07
     Epoch[18] Iteration[980/1240], entropy: 0.6060, loss: 2.0179, lr: 2.32e-06
     Epoch[18] Iteration[990/1240], entropy: 0.5620, loss: 2.0532, lr: 8.19e-06
     Epoch[18] Iteration[1000/1240], entropy: 0.6683, loss: 2.0679, lr: 9.65e-06
     Epoch[18] Iteration[1010/1240], entropy: 0.5757, loss: 2.0907, lr: 4.69e-06
     Epoch[18] Iteration[1020/1240], entropy: 0.7350, loss: 2.1671, lr: 1.57e-07
     Epoch[18] Iteration[1030/1240], entropy: 0.5590, loss: 1.9899, lr: 2.32e-06
     Epoch[18] Iteration[1040/1240], entropy: 0.4990, loss: 2.0704, lr: 8.19e-06
     Epoch[18] Iteration[1050/1240], entropy: 0.7317, loss: 2.1686, lr: 9.65e-06
     Epoch[18] Iteration[1060/1240], entropy: 0.7037, loss: 2.1447, lr: 4.69e-06
     Epoch[18] Iteration[1070/1240], entropy: 0.7828, loss: 2.2083, lr: 1.57e-07
     Epoch[18] Iteration[1080/1240], entropy: 0.4824, loss: 1.9517, lr: 2.32e-06
     Epoch[18] Iteration[1090/1240], entropy: 0.5700, loss: 2.1411, lr: 8.19e-06
     Epoch[18] Iteration[1100/1240], entropy: 0.5592, loss: 1.9700, lr: 9.65e-06
     Epoch[18] Iteration[1110/1240], entropy: 0.5772, loss: 1.9895, lr: 4.69e-06
     Epoch[18] Iteration[1120/1240], entropy: 0.8447, loss: 2.2038, lr: 1.57e-07
     Epoch[18] Iteration[1130/1240], entropy: 0.6802, loss: 2.1615, lr: 2.32e-06
     Epoch[18] Iteration[1140/1240], entropy: 0.7559, loss: 2.1668, lr: 8.19e-06
     Epoch[18] Iteration[1150/1240], entropy: 0.9327, loss: 2.3026, lr: 9.65e-06
     Epoch[18] Iteration[1160/1240], entropy: 0.7950, loss: 2.2336, lr: 4.69e-06
     Epoch[18] Iteration[1170/1240], entropy: 0.7385, loss: 2.2006, lr: 1.57e-07
     Epoch[18] Iteration[1180/1240], entropy: 0.6602, loss: 2.1477, lr: 2.32e-06
     Epoch[18] Iteration[1190/1240], entropy: 0.6474, loss: 2.1257, lr: 8.19e-06
     Epoch[18] Iteration[1200/1240], entropy: 0.4514, loss: 1.9297, lr: 9.65e-06
     Epoch[18] Iteration[1210/1240], entropy: 0.8426, loss: 2.2308, lr: 4.69e-06
     Epoch[18] Iteration[1220/1240], entropy: 0.7118, loss: 2.1759, lr: 1.57e-07
     Epoch[18] Iteration[1230/1240], entropy: 0.7621, loss: 2.1240, lr: 2.32e-06
     Epoch[18] Iteration[1240/1240], entropy: 0.5226, loss: 1.8568, lr: 8.19e-06
     Averaged stats: entropy: 0.5226, loss: 1.8568, lr: 8.19e-06
     itm tta time 0:03:53
### TTA Eval Score: 
+-------+--------+--------+--------+--------+-------+
| epoch |   R1   |   R5   |  R10   |  mAP   |  mINP |
+-------+--------+--------+--------+--------+-------+
|  -999 | 37.304 | 55.557 | 63.548 | 20.140 | 2.213 |
|   0   | 37.500 | 55.643 | 63.654 | 20.140 | 2.170 |
|   1   | 37.641 | 55.673 | 63.749 | 20.139 | 2.142 |
|   2   | 37.712 | 55.688 | 63.714 | 20.134 | 2.121 |
|   3   | 37.838 | 55.708 | 63.815 | 20.147 | 2.108 |
|   4   | 37.833 | 55.794 | 63.860 | 20.147 | 2.095 |
|   5   | 37.918 | 55.880 | 63.916 | 20.164 | 2.090 |
|   6   | 37.958 | 55.950 | 63.971 | 20.173 | 2.086 |
|   7   | 38.039 | 56.026 | 64.052 | 20.187 | 2.083 |
|   8   | 38.084 | 56.061 | 64.132 | 20.201 | 2.083 |
|   9   | 38.140 | 56.056 | 64.168 | 20.220 | 2.085 |
|   10  | 38.170 | 56.111 | 64.183 | 20.234 | 2.086 |
|   11  | 38.215 | 56.192 | 64.198 | 20.245 | 2.086 |
|   12  | 38.266 | 56.247 | 64.218 | 20.259 | 2.086 |
|   13  | 38.286 | 56.217 | 64.279 | 20.273 | 2.088 |
|   14  | 38.316 | 56.212 | 64.349 | 20.291 | 2.091 |
|   15  | 38.351 | 56.232 | 64.379 | 20.302 | 2.090 |
|   16  | 38.427 | 56.268 | 64.435 | 20.322 | 2.095 |
|   17  | 38.442 | 56.278 | 64.435 | 20.329 | 2.095 |
|   18  | 38.503 | 56.318 | 64.445 | 20.339 | 2.095 |
+-------+--------+--------+--------+--------+-------+
     logs:  {'epo': 18, 'R1': np.float32(38.503), 'R5': np.float32(56.318), 'R10': np.float32(64.445), 'mAP': np.float32(20.339), 'mINP': np.float32(2.095), 'entropy': 0.6776734568899677, 'loss': 2.1195720559166324, 'lr': 4.962509012666067e-06}
     Epoch[19] Iteration[10/1240], entropy: 0.9895, loss: 2.2853, lr: 9.65e-06
     Epoch[19] Iteration[20/1240], entropy: 0.6160, loss: 2.0959, lr: 4.69e-06
     Epoch[19] Iteration[30/1240], entropy: 0.5801, loss: 1.9806, lr: 1.57e-07
     Epoch[19] Iteration[40/1240], entropy: 0.7346, loss: 2.1068, lr: 2.32e-06
     Epoch[19] Iteration[50/1240], entropy: 0.6619, loss: 2.0302, lr: 8.19e-06
     Epoch[19] Iteration[60/1240], entropy: 0.5520, loss: 1.9300, lr: 9.65e-06
     Epoch[19] Iteration[70/1240], entropy: 0.7127, loss: 2.2250, lr: 4.69e-06
     Epoch[19] Iteration[80/1240], entropy: 0.7324, loss: 2.1003, lr: 1.57e-07
     Epoch[19] Iteration[90/1240], entropy: 0.6481, loss: 2.1164, lr: 2.32e-06
     Epoch[19] Iteration[100/1240], entropy: 0.5041, loss: 2.0323, lr: 8.19e-06
     Epoch[19] Iteration[110/1240], entropy: 0.6230, loss: 2.0863, lr: 9.65e-06
     Epoch[19] Iteration[120/1240], entropy: 0.6663, loss: 2.0983, lr: 4.69e-06
     Epoch[19] Iteration[130/1240], entropy: 0.4347, loss: 1.9565, lr: 1.57e-07
     Epoch[19] Iteration[140/1240], entropy: 0.6609, loss: 2.2088, lr: 2.32e-06
     Epoch[19] Iteration[150/1240], entropy: 0.6666, loss: 2.1670, lr: 8.19e-06
     Epoch[19] Iteration[160/1240], entropy: 0.5781, loss: 2.0902, lr: 9.65e-06
     Epoch[19] Iteration[170/1240], entropy: 0.3943, loss: 1.9194, lr: 4.69e-06
     Epoch[19] Iteration[180/1240], entropy: 1.0472, loss: 2.3572, lr: 1.57e-07
     Epoch[19] Iteration[190/1240], entropy: 0.5790, loss: 2.0511, lr: 2.32e-06
     Epoch[19] Iteration[200/1240], entropy: 0.8901, loss: 2.3664, lr: 8.19e-06
     Epoch[19] Iteration[210/1240], entropy: 0.6246, loss: 2.1021, lr: 9.65e-06
     Epoch[19] Iteration[220/1240], entropy: 0.5064, loss: 1.9618, lr: 4.69e-06
     Epoch[19] Iteration[230/1240], entropy: 0.4990, loss: 1.9989, lr: 1.57e-07
     Epoch[19] Iteration[240/1240], entropy: 0.7387, loss: 2.1419, lr: 2.32e-06
     Epoch[19] Iteration[250/1240], entropy: 0.6573, loss: 2.0773, lr: 8.19e-06
     Epoch[19] Iteration[260/1240], entropy: 0.7174, loss: 2.1324, lr: 9.65e-06
     Epoch[19] Iteration[270/1240], entropy: 0.5808, loss: 2.0940, lr: 4.69e-06
     Epoch[19] Iteration[280/1240], entropy: 0.6441, loss: 2.0980, lr: 1.57e-07
     Epoch[19] Iteration[290/1240], entropy: 0.5389, loss: 2.0563, lr: 2.32e-06
     Epoch[19] Iteration[300/1240], entropy: 0.7074, loss: 2.1281, lr: 8.19e-06
     Epoch[19] Iteration[310/1240], entropy: 0.7970, loss: 2.1999, lr: 9.65e-06
     Epoch[19] Iteration[320/1240], entropy: 0.7600, loss: 2.2151, lr: 4.69e-06
     Epoch[19] Iteration[330/1240], entropy: 0.6845, loss: 2.1308, lr: 1.57e-07
     Epoch[19] Iteration[340/1240], entropy: 0.6280, loss: 2.0771, lr: 2.32e-06
     Epoch[19] Iteration[350/1240], entropy: 0.4616, loss: 2.0443, lr: 8.19e-06
     Epoch[19] Iteration[360/1240], entropy: 0.9373, loss: 2.2956, lr: 9.65e-06
     Epoch[19] Iteration[370/1240], entropy: 0.6612, loss: 2.1745, lr: 4.69e-06
     Epoch[19] Iteration[380/1240], entropy: 0.7176, loss: 2.1336, lr: 1.57e-07
     Epoch[19] Iteration[390/1240], entropy: 0.7380, loss: 2.1804, lr: 2.32e-06
     Epoch[19] Iteration[400/1240], entropy: 0.7025, loss: 2.1611, lr: 8.19e-06
     Epoch[19] Iteration[410/1240], entropy: 0.5996, loss: 2.0567, lr: 9.65e-06
     Epoch[19] Iteration[420/1240], entropy: 0.6020, loss: 2.0410, lr: 4.69e-06
     Epoch[19] Iteration[430/1240], entropy: 0.5947, loss: 2.1422, lr: 1.57e-07
     Epoch[19] Iteration[440/1240], entropy: 0.7443, loss: 2.2643, lr: 2.32e-06
     Epoch[19] Iteration[450/1240], entropy: 0.5204, loss: 2.1023, lr: 8.19e-06
     Epoch[19] Iteration[460/1240], entropy: 0.5623, loss: 1.9012, lr: 9.84e-06
     Epoch[19] Iteration[470/1240], entropy: 0.6112, loss: 2.0840, lr: 5.31e-06
     Epoch[19] Iteration[480/1240], entropy: 0.6735, loss: 2.0201, lr: 3.51e-07
     Epoch[19] Iteration[490/1240], entropy: 0.6595, loss: 2.0868, lr: 1.81e-06
     Epoch[19] Iteration[500/1240], entropy: 0.6502, loss: 2.1301, lr: 7.68e-06
     Epoch[19] Iteration[510/1240], entropy: 0.4227, loss: 1.9768, lr: 9.84e-06
     Epoch[19] Iteration[520/1240], entropy: 0.6747, loss: 2.1201, lr: 5.31e-06
     Epoch[19] Iteration[530/1240], entropy: 0.7228, loss: 2.1210, lr: 3.51e-07
     Epoch[19] Iteration[540/1240], entropy: 0.8444, loss: 2.2425, lr: 1.81e-06
     Epoch[19] Iteration[550/1240], entropy: 0.5137, loss: 2.0211, lr: 7.68e-06
     Epoch[19] Iteration[560/1240], entropy: 0.4231, loss: 1.8782, lr: 9.84e-06
     Epoch[19] Iteration[570/1240], entropy: 0.4901, loss: 2.0133, lr: 5.31e-06
     Epoch[19] Iteration[580/1240], entropy: 0.5894, loss: 2.0755, lr: 3.51e-07
     Epoch[19] Iteration[590/1240], entropy: 0.6805, loss: 2.0825, lr: 1.81e-06
     Epoch[19] Iteration[600/1240], entropy: 0.7406, loss: 2.1692, lr: 7.68e-06
     Epoch[19] Iteration[610/1240], entropy: 0.6808, loss: 2.0931, lr: 9.84e-06
     Epoch[19] Iteration[620/1240], entropy: 0.7038, loss: 2.0430, lr: 5.31e-06
     Epoch[19] Iteration[630/1240], entropy: 0.5629, loss: 2.0580, lr: 3.51e-07
     Epoch[19] Iteration[640/1240], entropy: 0.6397, loss: 2.1031, lr: 1.81e-06
     Epoch[19] Iteration[650/1240], entropy: 0.6271, loss: 2.0633, lr: 7.68e-06
     Epoch[19] Iteration[660/1240], entropy: 0.7548, loss: 2.2349, lr: 9.84e-06
     Epoch[19] Iteration[670/1240], entropy: 0.6051, loss: 2.0005, lr: 5.31e-06
     Epoch[19] Iteration[680/1240], entropy: 0.5994, loss: 2.0454, lr: 3.51e-07
     Epoch[19] Iteration[690/1240], entropy: 0.7282, loss: 2.2128, lr: 1.81e-06
     Epoch[19] Iteration[700/1240], entropy: 0.7985, loss: 2.1490, lr: 7.68e-06
     Epoch[19] Iteration[710/1240], entropy: 1.0622, loss: 2.3993, lr: 9.84e-06
     Epoch[19] Iteration[720/1240], entropy: 0.6260, loss: 2.0935, lr: 5.31e-06
     Epoch[19] Iteration[730/1240], entropy: 0.7316, loss: 2.1856, lr: 3.51e-07
     Epoch[19] Iteration[740/1240], entropy: 0.6903, loss: 1.9974, lr: 1.81e-06
     Epoch[19] Iteration[750/1240], entropy: 0.7634, loss: 2.0766, lr: 7.68e-06
     Epoch[19] Iteration[760/1240], entropy: 0.4168, loss: 1.9473, lr: 9.84e-06
     Epoch[19] Iteration[770/1240], entropy: 0.5608, loss: 2.1069, lr: 5.31e-06
     Epoch[19] Iteration[780/1240], entropy: 0.7504, loss: 2.2331, lr: 3.51e-07
     Epoch[19] Iteration[790/1240], entropy: 0.6350, loss: 2.1261, lr: 1.81e-06
     Epoch[19] Iteration[800/1240], entropy: 0.7750, loss: 2.1820, lr: 7.68e-06
     Epoch[19] Iteration[810/1240], entropy: 0.5979, loss: 2.0242, lr: 9.84e-06
     Epoch[19] Iteration[820/1240], entropy: 0.5856, loss: 1.9783, lr: 5.31e-06
     Epoch[19] Iteration[830/1240], entropy: 0.8119, loss: 2.2438, lr: 3.51e-07
     Epoch[19] Iteration[840/1240], entropy: 0.4639, loss: 1.8416, lr: 1.81e-06
     Epoch[19] Iteration[850/1240], entropy: 0.5542, loss: 2.0429, lr: 7.68e-06
     Epoch[19] Iteration[860/1240], entropy: 0.8082, loss: 2.1967, lr: 9.84e-06
     Epoch[19] Iteration[870/1240], entropy: 0.4607, loss: 2.0248, lr: 5.31e-06
     Epoch[19] Iteration[880/1240], entropy: 0.6836, loss: 2.1056, lr: 3.51e-07
     Epoch[19] Iteration[890/1240], entropy: 0.7456, loss: 2.1962, lr: 1.81e-06
     Epoch[19] Iteration[900/1240], entropy: 0.8338, loss: 2.2451, lr: 7.68e-06
     Epoch[19] Iteration[910/1240], entropy: 0.6795, loss: 2.0719, lr: 9.84e-06
     Epoch[19] Iteration[920/1240], entropy: 0.8049, loss: 2.2731, lr: 5.31e-06
     Epoch[19] Iteration[930/1240], entropy: 0.9577, loss: 2.2429, lr: 3.51e-07
     Epoch[19] Iteration[940/1240], entropy: 0.5517, loss: 1.9831, lr: 1.81e-06
     Epoch[19] Iteration[950/1240], entropy: 0.3943, loss: 1.9168, lr: 7.68e-06
     Epoch[19] Iteration[960/1240], entropy: 0.9115, loss: 2.3254, lr: 9.84e-06
     Epoch[19] Iteration[970/1240], entropy: 0.7478, loss: 2.1961, lr: 5.31e-06
     Epoch[19] Iteration[980/1240], entropy: 0.4972, loss: 1.9716, lr: 3.51e-07
     Epoch[19] Iteration[990/1240], entropy: 0.6836, loss: 2.1465, lr: 1.81e-06
     Epoch[19] Iteration[1000/1240], entropy: 0.6512, loss: 2.0896, lr: 7.68e-06
     Epoch[19] Iteration[1010/1240], entropy: 0.6204, loss: 2.0858, lr: 9.84e-06
     Epoch[19] Iteration[1020/1240], entropy: 0.7690, loss: 2.1642, lr: 5.31e-06
     Epoch[19] Iteration[1030/1240], entropy: 0.5497, loss: 2.0135, lr: 3.51e-07
     Epoch[19] Iteration[1040/1240], entropy: 0.8596, loss: 2.3212, lr: 1.81e-06
     Epoch[19] Iteration[1050/1240], entropy: 0.5454, loss: 2.0439, lr: 7.68e-06
     Epoch[19] Iteration[1060/1240], entropy: 0.8706, loss: 2.2416, lr: 9.84e-06
     Epoch[19] Iteration[1070/1240], entropy: 0.7283, loss: 2.1649, lr: 5.31e-06
     Epoch[19] Iteration[1080/1240], entropy: 0.6074, loss: 2.0379, lr: 3.51e-07
     Epoch[19] Iteration[1090/1240], entropy: 0.7873, loss: 2.2058, lr: 1.81e-06
     Epoch[19] Iteration[1100/1240], entropy: 0.7767, loss: 2.2658, lr: 7.68e-06
     Epoch[19] Iteration[1110/1240], entropy: 0.7321, loss: 2.1408, lr: 9.84e-06
     Epoch[19] Iteration[1120/1240], entropy: 0.7608, loss: 2.1311, lr: 5.31e-06
     Epoch[19] Iteration[1130/1240], entropy: 0.6124, loss: 2.1577, lr: 3.51e-07
     Epoch[19] Iteration[1140/1240], entropy: 0.8483, loss: 2.2580, lr: 1.81e-06
     Epoch[19] Iteration[1150/1240], entropy: 0.7386, loss: 2.1051, lr: 7.68e-06
     Epoch[19] Iteration[1160/1240], entropy: 0.4744, loss: 1.9995, lr: 9.84e-06
     Epoch[19] Iteration[1170/1240], entropy: 0.6518, loss: 1.9961, lr: 5.31e-06
     Epoch[19] Iteration[1180/1240], entropy: 0.7256, loss: 2.1674, lr: 3.51e-07
     Epoch[19] Iteration[1190/1240], entropy: 0.8131, loss: 2.1901, lr: 1.81e-06
     Epoch[19] Iteration[1200/1240], entropy: 0.6007, loss: 2.0621, lr: 7.68e-06
     Epoch[19] Iteration[1210/1240], entropy: 0.6576, loss: 2.1143, lr: 9.84e-06
     Epoch[19] Iteration[1220/1240], entropy: 0.6375, loss: 2.0608, lr: 5.31e-06
     Epoch[19] Iteration[1230/1240], entropy: 0.5456, loss: 1.9843, lr: 3.51e-07
     Epoch[19] Iteration[1240/1240], entropy: 0.7013, loss: 2.0488, lr: 1.81e-06
     Averaged stats: entropy: 0.7013, loss: 2.0488, lr: 1.81e-06
     itm tta time 0:03:56
### TTA Eval Score: 
+-------+--------+--------+--------+--------+-------+
| epoch |   R1   |   R5   |  R10   |  mAP   |  mINP |
+-------+--------+--------+--------+--------+-------+
|  -999 | 37.304 | 55.557 | 63.548 | 20.140 | 2.213 |
|   0   | 37.500 | 55.643 | 63.654 | 20.140 | 2.170 |
|   1   | 37.641 | 55.673 | 63.749 | 20.139 | 2.142 |
|   2   | 37.712 | 55.688 | 63.714 | 20.134 | 2.121 |
|   3   | 37.838 | 55.708 | 63.815 | 20.147 | 2.108 |
|   4   | 37.833 | 55.794 | 63.860 | 20.147 | 2.095 |
|   5   | 37.918 | 55.880 | 63.916 | 20.164 | 2.090 |
|   6   | 37.958 | 55.950 | 63.971 | 20.173 | 2.086 |
|   7   | 38.039 | 56.026 | 64.052 | 20.187 | 2.083 |
|   8   | 38.084 | 56.061 | 64.132 | 20.201 | 2.083 |
|   9   | 38.140 | 56.056 | 64.168 | 20.220 | 2.085 |
|   10  | 38.170 | 56.111 | 64.183 | 20.234 | 2.086 |
|   11  | 38.215 | 56.192 | 64.198 | 20.245 | 2.086 |
|   12  | 38.266 | 56.247 | 64.218 | 20.259 | 2.086 |
|   13  | 38.286 | 56.217 | 64.279 | 20.273 | 2.088 |
|   14  | 38.316 | 56.212 | 64.349 | 20.291 | 2.091 |
|   15  | 38.351 | 56.232 | 64.379 | 20.302 | 2.090 |
|   16  | 38.427 | 56.268 | 64.435 | 20.322 | 2.095 |
|   17  | 38.442 | 56.278 | 64.435 | 20.329 | 2.095 |
|   18  | 38.503 | 56.318 | 64.445 | 20.339 | 2.095 |
|   19  | 38.573 | 56.363 | 64.470 | 20.356 | 2.099 |
+-------+--------+--------+--------+--------+-------+
     logs:  {'epo': 19, 'R1': np.float32(38.573), 'R5': np.float32(56.363), 'R10': np.float32(64.47), 'mAP': np.float32(20.356), 'mINP': np.float32(2.099), 'entropy': 0.6664855198994759, 'loss': 2.1093827793675084, 'lr': 4.978394080847524e-06}
     Epoch[20] Iteration[10/1240], entropy: 0.6817, loss: 2.1581, lr: 7.68e-06
     Epoch[20] Iteration[20/1240], entropy: 0.6017, loss: 1.9308, lr: 9.84e-06
     Epoch[20] Iteration[30/1240], entropy: 0.6699, loss: 2.1255, lr: 5.31e-06
     Epoch[20] Iteration[40/1240], entropy: 0.5960, loss: 2.1046, lr: 3.51e-07
     Epoch[20] Iteration[50/1240], entropy: 0.5397, loss: 1.9786, lr: 1.81e-06
     Epoch[20] Iteration[60/1240], entropy: 0.6888, loss: 2.1614, lr: 7.68e-06
     Epoch[20] Iteration[70/1240], entropy: 0.5108, loss: 2.0705, lr: 9.84e-06
     Epoch[20] Iteration[80/1240], entropy: 0.7270, loss: 2.1801, lr: 5.31e-06
     Epoch[20] Iteration[90/1240], entropy: 0.5648, loss: 2.0942, lr: 3.51e-07
     Epoch[20] Iteration[100/1240], entropy: 0.7666, loss: 2.2222, lr: 1.81e-06
     Epoch[20] Iteration[110/1240], entropy: 0.6770, loss: 2.1767, lr: 7.68e-06
     Epoch[20] Iteration[120/1240], entropy: 0.6143, loss: 2.0148, lr: 9.84e-06
     Epoch[20] Iteration[130/1240], entropy: 0.6073, loss: 2.0290, lr: 5.31e-06
     Epoch[20] Iteration[140/1240], entropy: 0.7838, loss: 2.1075, lr: 3.51e-07
     Epoch[20] Iteration[150/1240], entropy: 0.7210, loss: 2.1164, lr: 1.81e-06
     Epoch[20] Iteration[160/1240], entropy: 0.5677, loss: 2.0561, lr: 7.68e-06
     Epoch[20] Iteration[170/1240], entropy: 0.7412, loss: 2.1302, lr: 9.84e-06
     Epoch[20] Iteration[180/1240], entropy: 0.7668, loss: 2.2104, lr: 5.31e-06
     Epoch[20] Iteration[190/1240], entropy: 0.5184, loss: 1.8771, lr: 3.51e-07
     Epoch[20] Iteration[200/1240], entropy: 0.6243, loss: 2.0722, lr: 1.81e-06
     Epoch[20] Iteration[210/1240], entropy: 0.6953, loss: 2.1795, lr: 7.68e-06
     Epoch[20] Iteration[220/1240], entropy: 0.6372, loss: 2.0567, lr: 9.84e-06
     Epoch[20] Iteration[230/1240], entropy: 0.5143, loss: 1.9125, lr: 5.31e-06
     Epoch[20] Iteration[240/1240], entropy: 0.7934, loss: 2.2151, lr: 3.51e-07
     Epoch[20] Iteration[250/1240], entropy: 0.8290, loss: 2.2754, lr: 1.81e-06
     Epoch[20] Iteration[260/1240], entropy: 0.7582, loss: 2.1908, lr: 7.68e-06
     Epoch[20] Iteration[270/1240], entropy: 0.7388, loss: 2.2151, lr: 9.84e-06
     Epoch[20] Iteration[280/1240], entropy: 0.6249, loss: 2.0033, lr: 5.31e-06
     Epoch[20] Iteration[290/1240], entropy: 0.5933, loss: 2.1711, lr: 3.51e-07
     Epoch[20] Iteration[300/1240], entropy: 0.5689, loss: 1.9213, lr: 1.81e-06
     Epoch[20] Iteration[310/1240], entropy: 0.8508, loss: 2.1789, lr: 7.68e-06
     Epoch[20] Iteration[320/1240], entropy: 0.7369, loss: 2.2612, lr: 9.84e-06
     Epoch[20] Iteration[330/1240], entropy: 0.7770, loss: 2.1919, lr: 5.31e-06
     Epoch[20] Iteration[340/1240], entropy: 0.6236, loss: 2.1132, lr: 3.51e-07
     Epoch[20] Iteration[350/1240], entropy: 0.7451, loss: 2.2036, lr: 1.81e-06
     Epoch[20] Iteration[360/1240], entropy: 0.5331, loss: 1.9981, lr: 7.68e-06
     Epoch[20] Iteration[370/1240], entropy: 0.5655, loss: 1.9949, lr: 9.84e-06
     Epoch[20] Iteration[380/1240], entropy: 0.7487, loss: 2.1658, lr: 5.31e-06
     Epoch[20] Iteration[390/1240], entropy: 0.7677, loss: 2.0518, lr: 3.51e-07
     Epoch[20] Iteration[400/1240], entropy: 0.4884, loss: 1.9955, lr: 1.81e-06
     Epoch[20] Iteration[410/1240], entropy: 0.3851, loss: 1.9231, lr: 7.68e-06
     Epoch[20] Iteration[420/1240], entropy: 0.6015, loss: 2.0550, lr: 9.84e-06
     Epoch[20] Iteration[430/1240], entropy: 0.7940, loss: 2.2005, lr: 5.31e-06
     Epoch[20] Iteration[440/1240], entropy: 0.5500, loss: 1.9347, lr: 3.51e-07
     Epoch[20] Iteration[450/1240], entropy: 0.6700, loss: 2.1307, lr: 1.81e-06
     Epoch[20] Iteration[460/1240], entropy: 0.6682, loss: 2.1637, lr: 7.68e-06
     Epoch[20] Iteration[470/1240], entropy: 0.7114, loss: 2.0346, lr: 9.84e-06
     Epoch[20] Iteration[480/1240], entropy: 0.5227, loss: 1.9930, lr: 5.31e-06
     Epoch[20] Iteration[490/1240], entropy: 0.5308, loss: 1.9914, lr: 3.51e-07
     Epoch[20] Iteration[500/1240], entropy: 0.5428, loss: 1.8742, lr: 1.81e-06
     Epoch[20] Iteration[510/1240], entropy: 0.8507, loss: 2.2161, lr: 7.68e-06
     Epoch[20] Iteration[520/1240], entropy: 0.6305, loss: 2.1473, lr: 9.84e-06
     Epoch[20] Iteration[530/1240], entropy: 0.8358, loss: 2.2805, lr: 5.31e-06
     Epoch[20] Iteration[540/1240], entropy: 0.6032, loss: 2.0989, lr: 3.51e-07
     Epoch[20] Iteration[550/1240], entropy: 0.6158, loss: 2.0176, lr: 1.81e-06
     Epoch[20] Iteration[560/1240], entropy: 0.6293, loss: 2.0813, lr: 7.68e-06
     Epoch[20] Iteration[570/1240], entropy: 0.7918, loss: 2.1937, lr: 9.84e-06
     Epoch[20] Iteration[580/1240], entropy: 0.5643, loss: 2.0889, lr: 5.31e-06
     Epoch[20] Iteration[590/1240], entropy: 0.5853, loss: 2.0303, lr: 3.51e-07
     Epoch[20] Iteration[600/1240], entropy: 0.5138, loss: 2.1185, lr: 1.81e-06
     Epoch[20] Iteration[610/1240], entropy: 0.5717, loss: 2.0059, lr: 7.68e-06
     Epoch[20] Iteration[620/1240], entropy: 0.5879, loss: 2.0096, lr: 9.84e-06
     Epoch[20] Iteration[630/1240], entropy: 0.5709, loss: 2.0429, lr: 5.31e-06
     Epoch[20] Iteration[640/1240], entropy: 0.5872, loss: 2.0871, lr: 3.51e-07
     Epoch[20] Iteration[650/1240], entropy: 0.5988, loss: 2.0067, lr: 1.81e-06
     Epoch[20] Iteration[660/1240], entropy: 0.9311, loss: 2.2600, lr: 7.68e-06
     Epoch[20] Iteration[670/1240], entropy: 0.6619, loss: 2.1215, lr: 9.84e-06
     Epoch[20] Iteration[680/1240], entropy: 0.6451, loss: 2.0700, lr: 5.31e-06
     Epoch[20] Iteration[690/1240], entropy: 0.5831, loss: 2.0439, lr: 3.51e-07
     Epoch[20] Iteration[700/1240], entropy: 0.5133, loss: 1.9226, lr: 1.81e-06
     Epoch[20] Iteration[710/1240], entropy: 0.4935, loss: 1.9582, lr: 7.68e-06
     Epoch[20] Iteration[720/1240], entropy: 0.5779, loss: 2.0049, lr: 9.84e-06
     Epoch[20] Iteration[730/1240], entropy: 0.6187, loss: 2.0805, lr: 5.31e-06
     Epoch[20] Iteration[740/1240], entropy: 0.6628, loss: 2.0820, lr: 3.51e-07
     Epoch[20] Iteration[750/1240], entropy: 0.6532, loss: 2.0834, lr: 1.81e-06
     Epoch[20] Iteration[760/1240], entropy: 0.6056, loss: 2.0951, lr: 7.68e-06
     Epoch[20] Iteration[770/1240], entropy: 0.6708, loss: 2.1684, lr: 9.84e-06
     Epoch[20] Iteration[780/1240], entropy: 0.5402, loss: 1.9845, lr: 5.31e-06
     Epoch[20] Iteration[790/1240], entropy: 0.8176, loss: 2.2864, lr: 3.51e-07
     Epoch[20] Iteration[800/1240], entropy: 0.6879, loss: 2.1237, lr: 1.81e-06
     Epoch[20] Iteration[810/1240], entropy: 0.6668, loss: 2.0951, lr: 7.68e-06
     Epoch[20] Iteration[820/1240], entropy: 0.7736, loss: 2.1684, lr: 9.84e-06
     Epoch[20] Iteration[830/1240], entropy: 0.9714, loss: 2.3607, lr: 5.31e-06
     Epoch[20] Iteration[840/1240], entropy: 0.6980, loss: 2.1644, lr: 3.51e-07
     Epoch[20] Iteration[850/1240], entropy: 0.8217, loss: 2.2788, lr: 1.81e-06
     Epoch[20] Iteration[860/1240], entropy: 0.8850, loss: 2.2984, lr: 7.68e-06
     Epoch[20] Iteration[870/1240], entropy: 0.5734, loss: 2.1527, lr: 9.84e-06
     Epoch[20] Iteration[880/1240], entropy: 0.7660, loss: 2.1823, lr: 5.31e-06
     Epoch[20] Iteration[890/1240], entropy: 0.7543, loss: 2.0902, lr: 3.51e-07
     Epoch[20] Iteration[900/1240], entropy: 0.8574, loss: 2.1711, lr: 1.81e-06
     Epoch[20] Iteration[910/1240], entropy: 0.7992, loss: 2.1435, lr: 7.68e-06
     Epoch[20] Iteration[920/1240], entropy: 0.8099, loss: 2.1484, lr: 9.84e-06
     Epoch[20] Iteration[930/1240], entropy: 0.6620, loss: 2.1180, lr: 5.31e-06
     Epoch[20] Iteration[940/1240], entropy: 0.7108, loss: 2.0838, lr: 3.51e-07
     Epoch[20] Iteration[950/1240], entropy: 0.8025, loss: 2.2142, lr: 1.81e-06
     Epoch[20] Iteration[960/1240], entropy: 0.7238, loss: 2.2064, lr: 7.68e-06
     Epoch[20] Iteration[970/1240], entropy: 0.5987, loss: 2.1116, lr: 9.84e-06
     Epoch[20] Iteration[980/1240], entropy: 0.6191, loss: 2.1207, lr: 5.31e-06
     Epoch[20] Iteration[990/1240], entropy: 0.7008, loss: 2.1654, lr: 3.51e-07
     Epoch[20] Iteration[1000/1240], entropy: 0.6746, loss: 2.1277, lr: 1.81e-06
     Epoch[20] Iteration[1010/1240], entropy: 0.7804, loss: 2.1879, lr: 7.68e-06
     Epoch[20] Iteration[1020/1240], entropy: 0.6377, loss: 2.1494, lr: 9.84e-06
     Epoch[20] Iteration[1030/1240], entropy: 0.7072, loss: 2.0933, lr: 5.31e-06
     Epoch[20] Iteration[1040/1240], entropy: 0.6672, loss: 2.1237, lr: 3.51e-07
     Epoch[20] Iteration[1050/1240], entropy: 0.6941, loss: 2.1497, lr: 1.81e-06
     Epoch[20] Iteration[1060/1240], entropy: 0.6014, loss: 2.1165, lr: 7.68e-06
     Epoch[20] Iteration[1070/1240], entropy: 0.6683, loss: 2.1177, lr: 9.84e-06
     Epoch[20] Iteration[1080/1240], entropy: 0.9262, loss: 2.2602, lr: 5.31e-06
     Epoch[20] Iteration[1090/1240], entropy: 0.6709, loss: 2.1467, lr: 3.51e-07
     Epoch[20] Iteration[1100/1240], entropy: 0.5865, loss: 2.0778, lr: 1.81e-06
     Epoch[20] Iteration[1110/1240], entropy: 0.5583, loss: 2.0720, lr: 7.68e-06
     Epoch[20] Iteration[1120/1240], entropy: 0.6899, loss: 2.1132, lr: 9.84e-06
     Epoch[20] Iteration[1130/1240], entropy: 0.5708, loss: 2.0084, lr: 5.31e-06
     Epoch[20] Iteration[1140/1240], entropy: 0.5878, loss: 2.0658, lr: 3.51e-07
     Epoch[20] Iteration[1150/1240], entropy: 0.7109, loss: 2.2087, lr: 1.81e-06
     Epoch[20] Iteration[1160/1240], entropy: 0.5070, loss: 2.0256, lr: 7.68e-06
     Epoch[20] Iteration[1170/1240], entropy: 0.4696, loss: 1.9436, lr: 9.84e-06
     Epoch[20] Iteration[1180/1240], entropy: 0.5198, loss: 1.9622, lr: 5.31e-06
     Epoch[20] Iteration[1190/1240], entropy: 0.7067, loss: 2.1028, lr: 3.51e-07
     Epoch[20] Iteration[1200/1240], entropy: 0.4265, loss: 1.8351, lr: 1.81e-06
     Epoch[20] Iteration[1210/1240], entropy: 0.5345, loss: 2.0606, lr: 7.68e-06
     Epoch[20] Iteration[1220/1240], entropy: 0.5838, loss: 1.9958, lr: 9.96e-06
     Epoch[20] Iteration[1230/1240], entropy: 0.4238, loss: 1.9205, lr: 5.94e-06
     Epoch[20] Iteration[1240/1240], entropy: 0.7918, loss: 2.1014, lr: 6.18e-07
     Averaged stats: entropy: 0.7918, loss: 2.1014, lr: 6.18e-07
     itm tta time 0:03:55
### TTA Eval Score: 
+-------+--------+--------+--------+--------+-------+
| epoch |   R1   |   R5   |  R10   |  mAP   |  mINP |
+-------+--------+--------+--------+--------+-------+
|  -999 | 37.304 | 55.557 | 63.548 | 20.140 | 2.213 |
|   0   | 37.500 | 55.643 | 63.654 | 20.140 | 2.170 |
|   1   | 37.641 | 55.673 | 63.749 | 20.139 | 2.142 |
|   2   | 37.712 | 55.688 | 63.714 | 20.134 | 2.121 |
|   3   | 37.838 | 55.708 | 63.815 | 20.147 | 2.108 |
|   4   | 37.833 | 55.794 | 63.860 | 20.147 | 2.095 |
|   5   | 37.918 | 55.880 | 63.916 | 20.164 | 2.090 |
|   6   | 37.958 | 55.950 | 63.971 | 20.173 | 2.086 |
|   7   | 38.039 | 56.026 | 64.052 | 20.187 | 2.083 |
|   8   | 38.084 | 56.061 | 64.132 | 20.201 | 2.083 |
|   9   | 38.140 | 56.056 | 64.168 | 20.220 | 2.085 |
|   10  | 38.170 | 56.111 | 64.183 | 20.234 | 2.086 |
|   11  | 38.215 | 56.192 | 64.198 | 20.245 | 2.086 |
|   12  | 38.266 | 56.247 | 64.218 | 20.259 | 2.086 |
|   13  | 38.286 | 56.217 | 64.279 | 20.273 | 2.088 |
|   14  | 38.316 | 56.212 | 64.349 | 20.291 | 2.091 |
|   15  | 38.351 | 56.232 | 64.379 | 20.302 | 2.090 |
|   16  | 38.427 | 56.268 | 64.435 | 20.322 | 2.095 |
|   17  | 38.442 | 56.278 | 64.435 | 20.329 | 2.095 |
|   18  | 38.503 | 56.318 | 64.445 | 20.339 | 2.095 |
|   19  | 38.573 | 56.363 | 64.470 | 20.356 | 2.099 |
|   20  | 38.613 | 56.348 | 64.495 | 20.369 | 2.102 |
+-------+--------+--------+--------+--------+-------+
     logs:  {'epo': 20, 'R1': np.float32(38.613), 'R5': np.float32(56.348), 'R10': np.float32(64.495), 'mAP': np.float32(20.369), 'mINP': np.float32(2.102), 'entropy': 0.6582650112048272, 'loss': 2.0997061700590196, 'lr': 5.033831295598029e-06}
     Epoch[21] Iteration[10/1240], entropy: 0.8020, loss: 2.1938, lr: 1.36e-06
     Epoch[21] Iteration[20/1240], entropy: 0.5500, loss: 1.9868, lr: 7.13e-06
     Epoch[21] Iteration[30/1240], entropy: 0.5720, loss: 2.0121, lr: 9.96e-06
     Epoch[21] Iteration[40/1240], entropy: 0.4686, loss: 2.0354, lr: 5.94e-06
     Epoch[21] Iteration[50/1240], entropy: 0.5896, loss: 2.1221, lr: 6.18e-07
     Epoch[21] Iteration[60/1240], entropy: 0.7071, loss: 2.0681, lr: 1.36e-06
     Epoch[21] Iteration[70/1240], entropy: 0.8025, loss: 2.2610, lr: 7.13e-06
     Epoch[21] Iteration[80/1240], entropy: 0.7622, loss: 2.1486, lr: 9.96e-06
     Epoch[21] Iteration[90/1240], entropy: 0.5871, loss: 2.0633, lr: 5.94e-06
     Epoch[21] Iteration[100/1240], entropy: 0.9112, loss: 2.3205, lr: 6.18e-07
     Epoch[21] Iteration[110/1240], entropy: 0.7607, loss: 2.2024, lr: 1.36e-06
     Epoch[21] Iteration[120/1240], entropy: 0.6081, loss: 2.0602, lr: 7.13e-06
     Epoch[21] Iteration[130/1240], entropy: 0.6803, loss: 2.1085, lr: 9.96e-06
     Epoch[21] Iteration[140/1240], entropy: 0.5576, loss: 2.0181, lr: 5.94e-06
     Epoch[21] Iteration[150/1240], entropy: 0.6261, loss: 2.0985, lr: 6.18e-07
     Epoch[21] Iteration[160/1240], entropy: 0.4856, loss: 2.0130, lr: 1.36e-06
     Epoch[21] Iteration[170/1240], entropy: 0.7331, loss: 2.2402, lr: 7.13e-06
     Epoch[21] Iteration[180/1240], entropy: 0.5595, loss: 2.0362, lr: 9.96e-06
     Epoch[21] Iteration[190/1240], entropy: 0.6514, loss: 2.1235, lr: 5.94e-06
     Epoch[21] Iteration[200/1240], entropy: 0.6696, loss: 2.1006, lr: 6.18e-07
     Epoch[21] Iteration[210/1240], entropy: 0.7797, loss: 2.1560, lr: 1.36e-06
     Epoch[21] Iteration[220/1240], entropy: 0.7542, loss: 2.2353, lr: 7.13e-06
     Epoch[21] Iteration[230/1240], entropy: 0.5733, loss: 1.9791, lr: 9.96e-06
     Epoch[21] Iteration[240/1240], entropy: 0.4616, loss: 1.9930, lr: 5.94e-06
     Epoch[21] Iteration[250/1240], entropy: 0.6688, loss: 2.1113, lr: 6.18e-07
     Epoch[21] Iteration[260/1240], entropy: 0.8246, loss: 2.2559, lr: 1.36e-06
     Epoch[21] Iteration[270/1240], entropy: 0.5028, loss: 2.0157, lr: 7.13e-06
     Epoch[21] Iteration[280/1240], entropy: 0.4400, loss: 1.9393, lr: 9.96e-06
     Epoch[21] Iteration[290/1240], entropy: 0.3803, loss: 1.8002, lr: 5.94e-06
     Epoch[21] Iteration[300/1240], entropy: 0.7142, loss: 2.1253, lr: 6.18e-07
     Epoch[21] Iteration[310/1240], entropy: 0.5811, loss: 2.0829, lr: 1.36e-06
     Epoch[21] Iteration[320/1240], entropy: 0.4148, loss: 1.9703, lr: 7.13e-06
     Epoch[21] Iteration[330/1240], entropy: 0.5480, loss: 1.9283, lr: 9.96e-06
     Epoch[21] Iteration[340/1240], entropy: 0.7404, loss: 2.1967, lr: 5.94e-06
     Epoch[21] Iteration[350/1240], entropy: 0.6123, loss: 2.1147, lr: 6.18e-07
     Epoch[21] Iteration[360/1240], entropy: 0.6812, loss: 2.1152, lr: 1.36e-06
     Epoch[21] Iteration[370/1240], entropy: 0.5886, loss: 1.9807, lr: 7.13e-06
     Epoch[21] Iteration[380/1240], entropy: 0.8868, loss: 2.2281, lr: 9.96e-06
     Epoch[21] Iteration[390/1240], entropy: 0.6737, loss: 2.0208, lr: 5.94e-06
     Epoch[21] Iteration[400/1240], entropy: 0.7299, loss: 2.1805, lr: 6.18e-07
     Epoch[21] Iteration[410/1240], entropy: 0.7172, loss: 2.1616, lr: 1.36e-06
     Epoch[21] Iteration[420/1240], entropy: 0.5359, loss: 1.9641, lr: 7.13e-06
     Epoch[21] Iteration[430/1240], entropy: 0.5726, loss: 1.9474, lr: 9.96e-06
     Epoch[21] Iteration[440/1240], entropy: 0.8655, loss: 2.2191, lr: 5.94e-06
     Epoch[21] Iteration[450/1240], entropy: 0.8853, loss: 2.2337, lr: 6.18e-07
     Epoch[21] Iteration[460/1240], entropy: 0.6458, loss: 2.0454, lr: 1.36e-06
     Epoch[21] Iteration[470/1240], entropy: 0.8313, loss: 2.2546, lr: 7.13e-06
     Epoch[21] Iteration[480/1240], entropy: 0.4006, loss: 1.9675, lr: 9.96e-06
     Epoch[21] Iteration[490/1240], entropy: 0.7777, loss: 2.1957, lr: 5.94e-06
     Epoch[21] Iteration[500/1240], entropy: 0.7756, loss: 2.2078, lr: 6.18e-07
     Epoch[21] Iteration[510/1240], entropy: 0.6899, loss: 2.1767, lr: 1.36e-06
     Epoch[21] Iteration[520/1240], entropy: 0.8660, loss: 2.2800, lr: 7.13e-06
     Epoch[21] Iteration[530/1240], entropy: 0.9675, loss: 2.3387, lr: 9.96e-06
     Epoch[21] Iteration[540/1240], entropy: 0.5933, loss: 2.0474, lr: 5.94e-06
     Epoch[21] Iteration[550/1240], entropy: 0.7508, loss: 2.1349, lr: 6.18e-07
     Epoch[21] Iteration[560/1240], entropy: 0.5768, loss: 2.0504, lr: 1.36e-06
     Epoch[21] Iteration[570/1240], entropy: 0.5892, loss: 2.0235, lr: 7.13e-06
     Epoch[21] Iteration[580/1240], entropy: 0.6393, loss: 2.1056, lr: 9.96e-06
     Epoch[21] Iteration[590/1240], entropy: 0.4666, loss: 1.9184, lr: 5.94e-06
     Epoch[21] Iteration[600/1240], entropy: 0.6200, loss: 2.0678, lr: 6.18e-07
     Epoch[21] Iteration[610/1240], entropy: 0.7755, loss: 2.1911, lr: 1.36e-06
     Epoch[21] Iteration[620/1240], entropy: 0.7267, loss: 2.2057, lr: 7.13e-06
     Epoch[21] Iteration[630/1240], entropy: 0.6794, loss: 2.1778, lr: 9.96e-06
     Epoch[21] Iteration[640/1240], entropy: 0.7456, loss: 2.1402, lr: 5.94e-06
     Epoch[21] Iteration[650/1240], entropy: 0.6801, loss: 2.1718, lr: 6.18e-07
     Epoch[21] Iteration[660/1240], entropy: 0.7908, loss: 2.1911, lr: 1.36e-06
     Epoch[21] Iteration[670/1240], entropy: 0.5998, loss: 2.1366, lr: 7.13e-06
     Epoch[21] Iteration[680/1240], entropy: 0.6494, loss: 2.0535, lr: 9.96e-06
     Epoch[21] Iteration[690/1240], entropy: 0.7254, loss: 2.1645, lr: 5.94e-06
     Epoch[21] Iteration[700/1240], entropy: 0.4324, loss: 1.8930, lr: 6.18e-07
     Epoch[21] Iteration[710/1240], entropy: 0.5383, loss: 2.0803, lr: 1.36e-06
     Epoch[21] Iteration[720/1240], entropy: 0.6150, loss: 2.0388, lr: 7.13e-06
     Epoch[21] Iteration[730/1240], entropy: 0.7902, loss: 2.2445, lr: 9.96e-06
     Epoch[21] Iteration[740/1240], entropy: 0.8152, loss: 2.2430, lr: 5.94e-06
     Epoch[21] Iteration[750/1240], entropy: 0.4267, loss: 1.8868, lr: 6.18e-07
     Epoch[21] Iteration[760/1240], entropy: 0.4362, loss: 2.0082, lr: 1.36e-06
     Epoch[21] Iteration[770/1240], entropy: 0.7015, loss: 2.2073, lr: 7.13e-06
     Epoch[21] Iteration[780/1240], entropy: 0.6611, loss: 2.0584, lr: 9.96e-06
     Epoch[21] Iteration[790/1240], entropy: 0.7451, loss: 2.2408, lr: 5.94e-06
     Epoch[21] Iteration[800/1240], entropy: 0.5347, loss: 1.9983, lr: 6.18e-07
     Epoch[21] Iteration[810/1240], entropy: 0.7874, loss: 2.1558, lr: 1.36e-06
     Epoch[21] Iteration[820/1240], entropy: 0.6724, loss: 2.1515, lr: 7.13e-06
     Epoch[21] Iteration[830/1240], entropy: 0.5805, loss: 2.0378, lr: 9.96e-06
     Epoch[21] Iteration[840/1240], entropy: 1.0917, loss: 2.4196, lr: 5.94e-06
     Epoch[21] Iteration[850/1240], entropy: 0.6136, loss: 2.1234, lr: 6.18e-07
     Epoch[21] Iteration[860/1240], entropy: 0.7667, loss: 2.2036, lr: 1.36e-06
     Epoch[21] Iteration[870/1240], entropy: 0.5764, loss: 2.0278, lr: 7.13e-06
     Epoch[21] Iteration[880/1240], entropy: 0.6188, loss: 2.0362, lr: 9.96e-06
     Epoch[21] Iteration[890/1240], entropy: 1.0517, loss: 2.4309, lr: 5.94e-06
     Epoch[21] Iteration[900/1240], entropy: 0.7442, loss: 2.1775, lr: 6.18e-07
     Epoch[21] Iteration[910/1240], entropy: 0.4238, loss: 1.9072, lr: 1.36e-06
     Epoch[21] Iteration[920/1240], entropy: 0.6255, loss: 2.0453, lr: 7.13e-06
     Epoch[21] Iteration[930/1240], entropy: 0.4755, loss: 1.9922, lr: 9.96e-06
     Epoch[21] Iteration[940/1240], entropy: 0.4723, loss: 1.9574, lr: 5.94e-06
     Epoch[21] Iteration[950/1240], entropy: 0.6142, loss: 2.0306, lr: 6.18e-07
     Epoch[21] Iteration[960/1240], entropy: 0.7364, loss: 2.1803, lr: 1.36e-06
     Epoch[21] Iteration[970/1240], entropy: 0.8442, loss: 2.1710, lr: 7.13e-06
     Epoch[21] Iteration[980/1240], entropy: 0.7690, loss: 2.1763, lr: 9.96e-06
     Epoch[21] Iteration[990/1240], entropy: 1.0251, loss: 2.4128, lr: 5.94e-06
     Epoch[21] Iteration[1000/1240], entropy: 0.4686, loss: 1.7982, lr: 6.18e-07
     Epoch[21] Iteration[1010/1240], entropy: 0.5906, loss: 2.0646, lr: 1.36e-06
     Epoch[21] Iteration[1020/1240], entropy: 0.9247, loss: 2.2985, lr: 7.13e-06
     Epoch[21] Iteration[1030/1240], entropy: 0.7498, loss: 2.1487, lr: 9.96e-06
     Epoch[21] Iteration[1040/1240], entropy: 0.5016, loss: 2.0181, lr: 5.94e-06
     Epoch[21] Iteration[1050/1240], entropy: 0.5344, loss: 2.0675, lr: 6.18e-07
     Epoch[21] Iteration[1060/1240], entropy: 0.5923, loss: 2.0871, lr: 1.36e-06
     Epoch[21] Iteration[1070/1240], entropy: 0.6590, loss: 2.0869, lr: 7.13e-06
     Epoch[21] Iteration[1080/1240], entropy: 0.7074, loss: 2.1922, lr: 9.96e-06
     Epoch[21] Iteration[1090/1240], entropy: 0.7286, loss: 2.2042, lr: 5.94e-06
     Epoch[21] Iteration[1100/1240], entropy: 0.6584, loss: 2.0791, lr: 6.18e-07
     Epoch[21] Iteration[1110/1240], entropy: 0.5827, loss: 2.1153, lr: 1.36e-06
     Epoch[21] Iteration[1120/1240], entropy: 0.9336, loss: 2.3061, lr: 7.13e-06
     Epoch[21] Iteration[1130/1240], entropy: 0.6121, loss: 2.0981, lr: 9.96e-06
     Epoch[21] Iteration[1140/1240], entropy: 0.8195, loss: 2.1507, lr: 5.94e-06
     Epoch[21] Iteration[1150/1240], entropy: 0.6299, loss: 2.1083, lr: 6.18e-07
     Epoch[21] Iteration[1160/1240], entropy: 0.4532, loss: 1.9077, lr: 1.36e-06
     Epoch[21] Iteration[1170/1240], entropy: 0.4945, loss: 2.0205, lr: 7.13e-06
     Epoch[21] Iteration[1180/1240], entropy: 0.5810, loss: 2.1082, lr: 9.96e-06
     Epoch[21] Iteration[1190/1240], entropy: 0.7601, loss: 2.2398, lr: 5.94e-06
     Epoch[21] Iteration[1200/1240], entropy: 0.7086, loss: 2.1582, lr: 6.18e-07
     Epoch[21] Iteration[1210/1240], entropy: 0.6695, loss: 2.1964, lr: 1.36e-06
     Epoch[21] Iteration[1220/1240], entropy: 0.8880, loss: 2.2713, lr: 7.13e-06
     Epoch[21] Iteration[1230/1240], entropy: 0.6390, loss: 2.1151, lr: 9.96e-06
     Epoch[21] Iteration[1240/1240], entropy: 0.7031, loss: 2.1946, lr: 5.94e-06
     Averaged stats: entropy: 0.7031, loss: 2.1946, lr: 5.94e-06
     itm tta time 0:03:56
### TTA Eval Score: 
+-------+--------+--------+--------+--------+-------+
| epoch |   R1   |   R5   |  R10   |  mAP   |  mINP |
+-------+--------+--------+--------+--------+-------+
|  -999 | 37.304 | 55.557 | 63.548 | 20.140 | 2.213 |
|   0   | 37.500 | 55.643 | 63.654 | 20.140 | 2.170 |
|   1   | 37.641 | 55.673 | 63.749 | 20.139 | 2.142 |
|   2   | 37.712 | 55.688 | 63.714 | 20.134 | 2.121 |
|   3   | 37.838 | 55.708 | 63.815 | 20.147 | 2.108 |
|   4   | 37.833 | 55.794 | 63.860 | 20.147 | 2.095 |
|   5   | 37.918 | 55.880 | 63.916 | 20.164 | 2.090 |
|   6   | 37.958 | 55.950 | 63.971 | 20.173 | 2.086 |
|   7   | 38.039 | 56.026 | 64.052 | 20.187 | 2.083 |
|   8   | 38.084 | 56.061 | 64.132 | 20.201 | 2.083 |
|   9   | 38.140 | 56.056 | 64.168 | 20.220 | 2.085 |
|   10  | 38.170 | 56.111 | 64.183 | 20.234 | 2.086 |
|   11  | 38.215 | 56.192 | 64.198 | 20.245 | 2.086 |
|   12  | 38.266 | 56.247 | 64.218 | 20.259 | 2.086 |
|   13  | 38.286 | 56.217 | 64.279 | 20.273 | 2.088 |
|   14  | 38.316 | 56.212 | 64.349 | 20.291 | 2.091 |
|   15  | 38.351 | 56.232 | 64.379 | 20.302 | 2.090 |
|   16  | 38.427 | 56.268 | 64.435 | 20.322 | 2.095 |
|   17  | 38.442 | 56.278 | 64.435 | 20.329 | 2.095 |
|   18  | 38.503 | 56.318 | 64.445 | 20.339 | 2.095 |
|   19  | 38.573 | 56.363 | 64.470 | 20.356 | 2.099 |
|   20  | 38.613 | 56.348 | 64.495 | 20.369 | 2.102 |
|   21  | 38.694 | 56.399 | 64.530 | 20.381 | 2.103 |
+-------+--------+--------+--------+--------+-------+
     logs:  {'epo': 21, 'R1': np.float32(38.694), 'R5': np.float32(56.399), 'R10': np.float32(64.53), 'mAP': np.float32(20.381), 'mINP': np.float32(2.103), 'entropy': 0.6657742559909821, 'loss': 2.1127918824072807, 'lr': 5.035334946776224e-06}
     Epoch[22] Iteration[10/1240], entropy: 0.9392, loss: 2.3072, lr: 6.18e-07
     Epoch[22] Iteration[20/1240], entropy: 0.5716, loss: 2.1142, lr: 1.36e-06
     Epoch[22] Iteration[30/1240], entropy: 0.6594, loss: 2.1588, lr: 7.13e-06
     Epoch[22] Iteration[40/1240], entropy: 0.4565, loss: 1.9321, lr: 9.96e-06
     Epoch[22] Iteration[50/1240], entropy: 0.3675, loss: 1.9730, lr: 5.94e-06
     Epoch[22] Iteration[60/1240], entropy: 0.7521, loss: 2.1010, lr: 6.18e-07
     Epoch[22] Iteration[70/1240], entropy: 1.0992, loss: 2.3683, lr: 1.36e-06
     Epoch[22] Iteration[80/1240], entropy: 0.6046, loss: 2.0169, lr: 7.13e-06
     Epoch[22] Iteration[90/1240], entropy: 0.7685, loss: 2.1613, lr: 9.96e-06
     Epoch[22] Iteration[100/1240], entropy: 0.5749, loss: 1.9461, lr: 5.94e-06
     Epoch[22] Iteration[110/1240], entropy: 0.7007, loss: 2.1972, lr: 6.18e-07
     Epoch[22] Iteration[120/1240], entropy: 0.7029, loss: 2.1911, lr: 1.36e-06
     Epoch[22] Iteration[130/1240], entropy: 0.5809, loss: 1.9013, lr: 7.13e-06
     Epoch[22] Iteration[140/1240], entropy: 0.7123, loss: 2.2048, lr: 9.96e-06
     Epoch[22] Iteration[150/1240], entropy: 0.6565, loss: 2.1245, lr: 5.94e-06
     Epoch[22] Iteration[160/1240], entropy: 0.5493, loss: 2.0344, lr: 6.18e-07
     Epoch[22] Iteration[170/1240], entropy: 0.7878, loss: 2.1375, lr: 1.36e-06
     Epoch[22] Iteration[180/1240], entropy: 0.7280, loss: 2.1943, lr: 7.13e-06
     Epoch[22] Iteration[190/1240], entropy: 0.6959, loss: 2.1808, lr: 9.96e-06
     Epoch[22] Iteration[200/1240], entropy: 0.5372, loss: 2.0089, lr: 5.94e-06
     Epoch[22] Iteration[210/1240], entropy: 0.7146, loss: 2.1429, lr: 6.18e-07
     Epoch[22] Iteration[220/1240], entropy: 0.6427, loss: 1.9843, lr: 1.36e-06
     Epoch[22] Iteration[230/1240], entropy: 0.7492, loss: 2.0915, lr: 7.13e-06
     Epoch[22] Iteration[240/1240], entropy: 0.4606, loss: 2.0048, lr: 9.96e-06
     Epoch[22] Iteration[250/1240], entropy: 0.9231, loss: 2.2979, lr: 5.94e-06
     Epoch[22] Iteration[260/1240], entropy: 0.6005, loss: 2.0537, lr: 6.18e-07
     Epoch[22] Iteration[270/1240], entropy: 0.7008, loss: 2.0386, lr: 1.36e-06
     Epoch[22] Iteration[280/1240], entropy: 0.7049, loss: 2.1527, lr: 7.13e-06
     Epoch[22] Iteration[290/1240], entropy: 0.7002, loss: 2.1831, lr: 9.96e-06
     Epoch[22] Iteration[300/1240], entropy: 0.8106, loss: 2.2179, lr: 5.94e-06
     Epoch[22] Iteration[310/1240], entropy: 0.7277, loss: 2.1729, lr: 6.18e-07
     Epoch[22] Iteration[320/1240], entropy: 0.8536, loss: 2.2436, lr: 1.36e-06
     Epoch[22] Iteration[330/1240], entropy: 0.5569, loss: 1.9763, lr: 7.13e-06
     Epoch[22] Iteration[340/1240], entropy: 0.6469, loss: 2.1624, lr: 9.96e-06
     Epoch[22] Iteration[350/1240], entropy: 0.7856, loss: 2.2957, lr: 5.94e-06
     Epoch[22] Iteration[360/1240], entropy: 0.6792, loss: 2.0546, lr: 6.18e-07
     Epoch[22] Iteration[370/1240], entropy: 0.6265, loss: 2.1390, lr: 1.36e-06
     Epoch[22] Iteration[380/1240], entropy: 0.7353, loss: 2.2200, lr: 7.13e-06
     Epoch[22] Iteration[390/1240], entropy: 0.4177, loss: 1.8436, lr: 9.96e-06
     Epoch[22] Iteration[400/1240], entropy: 0.5065, loss: 2.0259, lr: 5.94e-06
     Epoch[22] Iteration[410/1240], entropy: 0.7266, loss: 2.1851, lr: 6.18e-07
     Epoch[22] Iteration[420/1240], entropy: 0.6090, loss: 2.1542, lr: 1.36e-06
     Epoch[22] Iteration[430/1240], entropy: 0.7184, loss: 2.1758, lr: 7.13e-06
     Epoch[22] Iteration[440/1240], entropy: 0.6141, loss: 1.9871, lr: 9.96e-06
     Epoch[22] Iteration[450/1240], entropy: 0.7214, loss: 2.1565, lr: 5.94e-06
     Epoch[22] Iteration[460/1240], entropy: 0.5410, loss: 2.1005, lr: 6.18e-07
     Epoch[22] Iteration[470/1240], entropy: 0.5550, loss: 2.1483, lr: 1.36e-06
     Epoch[22] Iteration[480/1240], entropy: 0.6518, loss: 2.0494, lr: 7.13e-06
     Epoch[22] Iteration[490/1240], entropy: 0.4489, loss: 2.0429, lr: 9.96e-06
     Epoch[22] Iteration[500/1240], entropy: 0.8524, loss: 2.2323, lr: 5.94e-06
     Epoch[22] Iteration[510/1240], entropy: 0.8845, loss: 2.2615, lr: 6.18e-07
     Epoch[22] Iteration[520/1240], entropy: 0.8178, loss: 2.2462, lr: 1.36e-06
     Epoch[22] Iteration[530/1240], entropy: 0.5276, loss: 2.1029, lr: 7.13e-06
     Epoch[22] Iteration[540/1240], entropy: 0.6248, loss: 2.1010, lr: 9.96e-06
     Epoch[22] Iteration[550/1240], entropy: 0.7532, loss: 2.2118, lr: 5.94e-06
     Epoch[22] Iteration[560/1240], entropy: 0.7341, loss: 2.0857, lr: 6.18e-07
     Epoch[22] Iteration[570/1240], entropy: 0.5568, loss: 1.9452, lr: 1.36e-06
     Epoch[22] Iteration[580/1240], entropy: 0.5369, loss: 2.0353, lr: 7.13e-06
     Epoch[22] Iteration[590/1240], entropy: 0.6418, loss: 2.0946, lr: 9.96e-06
     Epoch[22] Iteration[600/1240], entropy: 0.7515, loss: 2.1387, lr: 5.94e-06
     Epoch[22] Iteration[610/1240], entropy: 0.5690, loss: 1.9685, lr: 6.18e-07
     Epoch[22] Iteration[620/1240], entropy: 0.4718, loss: 2.0149, lr: 1.36e-06
     Epoch[22] Iteration[630/1240], entropy: 0.5465, loss: 2.0790, lr: 7.13e-06
     Epoch[22] Iteration[640/1240], entropy: 0.8803, loss: 2.2637, lr: 9.96e-06
     Epoch[22] Iteration[650/1240], entropy: 0.7386, loss: 2.2160, lr: 5.94e-06
     Epoch[22] Iteration[660/1240], entropy: 0.5929, loss: 2.0638, lr: 6.18e-07
     Epoch[22] Iteration[670/1240], entropy: 0.5122, loss: 2.0747, lr: 1.36e-06
     Epoch[22] Iteration[680/1240], entropy: 0.5623, loss: 2.1147, lr: 7.13e-06
     Epoch[22] Iteration[690/1240], entropy: 0.5330, loss: 2.0089, lr: 9.96e-06
     Epoch[22] Iteration[700/1240], entropy: 0.7367, loss: 2.2026, lr: 5.94e-06
     Epoch[22] Iteration[710/1240], entropy: 0.5322, loss: 1.9585, lr: 6.18e-07
     Epoch[22] Iteration[720/1240], entropy: 0.6393, loss: 2.1700, lr: 1.36e-06
     Epoch[22] Iteration[730/1240], entropy: 0.6788, loss: 2.1067, lr: 7.13e-06
     Epoch[22] Iteration[740/1240], entropy: 0.6066, loss: 2.0867, lr: 9.96e-06
     Epoch[22] Iteration[750/1240], entropy: 0.6501, loss: 2.1313, lr: 6.55e-06
     Epoch[22] Iteration[760/1240], entropy: 0.4243, loss: 1.8889, lr: 9.55e-07
     Epoch[22] Iteration[770/1240], entropy: 0.8480, loss: 2.2823, lr: 9.55e-07
     Epoch[22] Iteration[780/1240], entropy: 0.8651, loss: 2.2354, lr: 6.55e-06
     Epoch[22] Iteration[790/1240], entropy: 0.5184, loss: 1.9838, lr: 1.00e-05
     Epoch[22] Iteration[800/1240], entropy: 0.8484, loss: 2.2502, lr: 6.55e-06
     Epoch[22] Iteration[810/1240], entropy: 0.5077, loss: 1.9831, lr: 9.55e-07
     Epoch[22] Iteration[820/1240], entropy: 0.7607, loss: 2.1786, lr: 9.55e-07
     Epoch[22] Iteration[830/1240], entropy: 0.8425, loss: 2.2398, lr: 6.55e-06
     Epoch[22] Iteration[840/1240], entropy: 0.8285, loss: 2.1987, lr: 1.00e-05
     Epoch[22] Iteration[850/1240], entropy: 0.8089, loss: 2.1873, lr: 6.55e-06
     Epoch[22] Iteration[860/1240], entropy: 0.5806, loss: 1.9632, lr: 9.55e-07
     Epoch[22] Iteration[870/1240], entropy: 0.7373, loss: 2.1622, lr: 9.55e-07
     Epoch[22] Iteration[880/1240], entropy: 0.7207, loss: 2.1752, lr: 6.55e-06
     Epoch[22] Iteration[890/1240], entropy: 0.7003, loss: 2.1474, lr: 1.00e-05
     Epoch[22] Iteration[900/1240], entropy: 0.6655, loss: 2.1514, lr: 6.55e-06
     Epoch[22] Iteration[910/1240], entropy: 0.9356, loss: 2.2877, lr: 9.55e-07
     Epoch[22] Iteration[920/1240], entropy: 0.7763, loss: 2.2289, lr: 9.55e-07
     Epoch[22] Iteration[930/1240], entropy: 0.8224, loss: 2.2803, lr: 6.55e-06
     Epoch[22] Iteration[940/1240], entropy: 0.4653, loss: 1.9110, lr: 1.00e-05
     Epoch[22] Iteration[950/1240], entropy: 0.7399, loss: 2.2815, lr: 6.55e-06
     Epoch[22] Iteration[960/1240], entropy: 0.7668, loss: 2.2039, lr: 9.55e-07
     Epoch[22] Iteration[970/1240], entropy: 0.3636, loss: 1.9516, lr: 9.55e-07
     Epoch[22] Iteration[980/1240], entropy: 0.6842, loss: 2.1984, lr: 6.55e-06
     Epoch[22] Iteration[990/1240], entropy: 0.6483, loss: 2.0358, lr: 1.00e-05
     Epoch[22] Iteration[1000/1240], entropy: 0.6813, loss: 2.0874, lr: 6.55e-06
     Epoch[22] Iteration[1010/1240], entropy: 0.6897, loss: 2.2282, lr: 9.55e-07
     Epoch[22] Iteration[1020/1240], entropy: 0.5414, loss: 2.0338, lr: 9.55e-07
     Epoch[22] Iteration[1030/1240], entropy: 0.3841, loss: 1.8799, lr: 6.55e-06
     Epoch[22] Iteration[1040/1240], entropy: 0.8492, loss: 2.2809, lr: 1.00e-05
     Epoch[22] Iteration[1050/1240], entropy: 0.6865, loss: 2.1569, lr: 6.55e-06
     Epoch[22] Iteration[1060/1240], entropy: 0.7703, loss: 2.2426, lr: 9.55e-07
     Epoch[22] Iteration[1070/1240], entropy: 0.5407, loss: 2.0296, lr: 9.55e-07
     Epoch[22] Iteration[1080/1240], entropy: 0.5959, loss: 2.0910, lr: 6.55e-06
     Epoch[22] Iteration[1090/1240], entropy: 0.7960, loss: 2.2199, lr: 1.00e-05
     Epoch[22] Iteration[1100/1240], entropy: 0.7746, loss: 2.0944, lr: 6.55e-06
     Epoch[22] Iteration[1110/1240], entropy: 0.5778, loss: 2.1111, lr: 9.55e-07
     Epoch[22] Iteration[1120/1240], entropy: 0.6301, loss: 2.0164, lr: 9.55e-07
     Epoch[22] Iteration[1130/1240], entropy: 0.6992, loss: 2.1647, lr: 6.55e-06
     Epoch[22] Iteration[1140/1240], entropy: 0.5363, loss: 2.0104, lr: 1.00e-05
     Epoch[22] Iteration[1150/1240], entropy: 0.4776, loss: 2.0415, lr: 6.55e-06
     Epoch[22] Iteration[1160/1240], entropy: 1.0929, loss: 2.4481, lr: 9.55e-07
     Epoch[22] Iteration[1170/1240], entropy: 0.6654, loss: 2.0486, lr: 9.55e-07
     Epoch[22] Iteration[1180/1240], entropy: 0.5469, loss: 1.9248, lr: 6.55e-06
     Epoch[22] Iteration[1190/1240], entropy: 0.6918, loss: 2.1677, lr: 1.00e-05
     Epoch[22] Iteration[1200/1240], entropy: 0.9585, loss: 2.3554, lr: 6.55e-06
     Epoch[22] Iteration[1210/1240], entropy: 0.4450, loss: 1.9376, lr: 9.55e-07
     Epoch[22] Iteration[1220/1240], entropy: 0.7825, loss: 2.1998, lr: 9.55e-07
     Epoch[22] Iteration[1230/1240], entropy: 0.5961, loss: 2.0928, lr: 6.55e-06
     Epoch[22] Iteration[1240/1240], entropy: 0.6535, loss: 2.0822, lr: 1.00e-05
     Averaged stats: entropy: 0.6535, loss: 2.0822, lr: 1.00e-05
     itm tta time 0:03:49
### TTA Eval Score: 
+-------+--------+--------+--------+--------+-------+
| epoch |   R1   |   R5   |  R10   |  mAP   |  mINP |
+-------+--------+--------+--------+--------+-------+
|  -999 | 37.304 | 55.557 | 63.548 | 20.140 | 2.213 |
|   0   | 37.500 | 55.643 | 63.654 | 20.140 | 2.170 |
|   1   | 37.641 | 55.673 | 63.749 | 20.139 | 2.142 |
|   2   | 37.712 | 55.688 | 63.714 | 20.134 | 2.121 |
|   3   | 37.838 | 55.708 | 63.815 | 20.147 | 2.108 |
|   4   | 37.833 | 55.794 | 63.860 | 20.147 | 2.095 |
|   5   | 37.918 | 55.880 | 63.916 | 20.164 | 2.090 |
|   6   | 37.958 | 55.950 | 63.971 | 20.173 | 2.086 |
|   7   | 38.039 | 56.026 | 64.052 | 20.187 | 2.083 |
|   8   | 38.084 | 56.061 | 64.132 | 20.201 | 2.083 |
|   9   | 38.140 | 56.056 | 64.168 | 20.220 | 2.085 |
|   10  | 38.170 | 56.111 | 64.183 | 20.234 | 2.086 |
|   11  | 38.215 | 56.192 | 64.198 | 20.245 | 2.086 |
|   12  | 38.266 | 56.247 | 64.218 | 20.259 | 2.086 |
|   13  | 38.286 | 56.217 | 64.279 | 20.273 | 2.088 |
|   14  | 38.316 | 56.212 | 64.349 | 20.291 | 2.091 |
|   15  | 38.351 | 56.232 | 64.379 | 20.302 | 2.090 |
|   16  | 38.427 | 56.268 | 64.435 | 20.322 | 2.095 |
|   17  | 38.442 | 56.278 | 64.435 | 20.329 | 2.095 |
|   18  | 38.503 | 56.318 | 64.445 | 20.339 | 2.095 |
|   19  | 38.573 | 56.363 | 64.470 | 20.356 | 2.099 |
|   20  | 38.613 | 56.348 | 64.495 | 20.369 | 2.102 |
|   21  | 38.694 | 56.399 | 64.530 | 20.381 | 2.103 |
|   22  | 38.709 | 56.419 | 64.571 | 20.388 | 2.104 |
+-------+--------+--------+--------+--------+-------+
     logs:  {'epo': 22, 'R1': np.float32(38.709), 'R5': np.float32(56.419), 'R10': np.float32(64.571), 'mAP': np.float32(20.388), 'mINP': np.float32(2.104), 'entropy': 0.6695857124943887, 'loss': 2.119532887974093, 'lr': 4.992444301831235e-06}
     Epoch[23] Iteration[10/1240], entropy: 0.6615, loss: 2.0829, lr: 6.55e-06
     Epoch[23] Iteration[20/1240], entropy: 0.6392, loss: 2.1859, lr: 9.55e-07
     Epoch[23] Iteration[30/1240], entropy: 0.5559, loss: 2.1268, lr: 9.55e-07
     Epoch[23] Iteration[40/1240], entropy: 0.6909, loss: 2.1619, lr: 6.55e-06
     Epoch[23] Iteration[50/1240], entropy: 0.4367, loss: 1.8457, lr: 1.00e-05
     Epoch[23] Iteration[60/1240], entropy: 0.7370, loss: 2.1469, lr: 6.55e-06
     Epoch[23] Iteration[70/1240], entropy: 0.8288, loss: 2.1343, lr: 9.55e-07
     Epoch[23] Iteration[80/1240], entropy: 0.6547, loss: 2.0290, lr: 9.55e-07
     Epoch[23] Iteration[90/1240], entropy: 0.8369, loss: 2.2472, lr: 6.55e-06
     Epoch[23] Iteration[100/1240], entropy: 0.7167, loss: 2.2397, lr: 1.00e-05
     Epoch[23] Iteration[110/1240], entropy: 0.8000, loss: 2.2191, lr: 6.55e-06
     Epoch[23] Iteration[120/1240], entropy: 0.7237, loss: 2.0964, lr: 9.55e-07
     Epoch[23] Iteration[130/1240], entropy: 0.5101, loss: 2.0027, lr: 9.55e-07
     Epoch[23] Iteration[140/1240], entropy: 0.4113, loss: 2.0320, lr: 6.55e-06
     Epoch[23] Iteration[150/1240], entropy: 0.8140, loss: 2.1989, lr: 1.00e-05
     Epoch[23] Iteration[160/1240], entropy: 0.5767, loss: 2.1352, lr: 6.55e-06
     Epoch[23] Iteration[170/1240], entropy: 0.6009, loss: 2.0774, lr: 9.55e-07
     Epoch[23] Iteration[180/1240], entropy: 0.7316, loss: 2.1446, lr: 9.55e-07
     Epoch[23] Iteration[190/1240], entropy: 0.5689, loss: 2.0470, lr: 6.55e-06
     Epoch[23] Iteration[200/1240], entropy: 0.7466, loss: 2.1470, lr: 1.00e-05
     Epoch[23] Iteration[210/1240], entropy: 0.8148, loss: 2.1908, lr: 6.55e-06
     Epoch[23] Iteration[220/1240], entropy: 0.5900, loss: 2.0212, lr: 9.55e-07
     Epoch[23] Iteration[230/1240], entropy: 0.5010, loss: 1.9976, lr: 9.55e-07
     Epoch[23] Iteration[240/1240], entropy: 0.6433, loss: 2.1120, lr: 6.55e-06
     Epoch[23] Iteration[250/1240], entropy: 0.7660, loss: 2.2363, lr: 1.00e-05
     Epoch[23] Iteration[260/1240], entropy: 0.6586, loss: 2.1069, lr: 6.55e-06
     Epoch[23] Iteration[270/1240], entropy: 0.5942, loss: 2.0995, lr: 9.55e-07
     Epoch[23] Iteration[280/1240], entropy: 0.7414, loss: 2.1552, lr: 9.55e-07
     Epoch[23] Iteration[290/1240], entropy: 0.7259, loss: 2.1870, lr: 6.55e-06
     Epoch[23] Iteration[300/1240], entropy: 0.7286, loss: 2.1071, lr: 1.00e-05
     Epoch[23] Iteration[310/1240], entropy: 0.7186, loss: 2.1747, lr: 6.55e-06
     Epoch[23] Iteration[320/1240], entropy: 0.8594, loss: 2.1583, lr: 9.55e-07
     Epoch[23] Iteration[330/1240], entropy: 0.5881, loss: 2.0060, lr: 9.55e-07
     Epoch[23] Iteration[340/1240], entropy: 0.4601, loss: 1.9250, lr: 6.55e-06
     Epoch[23] Iteration[350/1240], entropy: 0.7506, loss: 2.1392, lr: 1.00e-05
     Epoch[23] Iteration[360/1240], entropy: 0.5288, loss: 2.0026, lr: 6.55e-06
     Epoch[23] Iteration[370/1240], entropy: 0.9202, loss: 2.3249, lr: 9.55e-07
     Epoch[23] Iteration[380/1240], entropy: 0.6249, loss: 2.0793, lr: 9.55e-07
     Epoch[23] Iteration[390/1240], entropy: 0.5138, loss: 2.0575, lr: 6.55e-06
     Epoch[23] Iteration[400/1240], entropy: 0.7076, loss: 2.0452, lr: 1.00e-05
     Epoch[23] Iteration[410/1240], entropy: 0.5696, loss: 2.0606, lr: 6.55e-06
     Epoch[23] Iteration[420/1240], entropy: 0.6159, loss: 2.1006, lr: 9.55e-07
     Epoch[23] Iteration[430/1240], entropy: 0.6794, loss: 2.0680, lr: 9.55e-07
     Epoch[23] Iteration[440/1240], entropy: 0.6837, loss: 2.1181, lr: 6.55e-06
     Epoch[23] Iteration[450/1240], entropy: 0.5143, loss: 1.9364, lr: 1.00e-05
     Epoch[23] Iteration[460/1240], entropy: 0.5322, loss: 2.0061, lr: 6.55e-06
     Epoch[23] Iteration[470/1240], entropy: 0.4875, loss: 1.8846, lr: 9.55e-07
     Epoch[23] Iteration[480/1240], entropy: 0.6855, loss: 2.1445, lr: 9.55e-07
     Epoch[23] Iteration[490/1240], entropy: 0.8708, loss: 2.1732, lr: 6.55e-06
     Epoch[23] Iteration[500/1240], entropy: 0.3993, loss: 1.8977, lr: 1.00e-05
     Epoch[23] Iteration[510/1240], entropy: 0.7804, loss: 2.2085, lr: 6.55e-06
     Epoch[23] Iteration[520/1240], entropy: 0.8481, loss: 2.3001, lr: 9.55e-07
     Epoch[23] Iteration[530/1240], entropy: 0.3852, loss: 1.9279, lr: 9.55e-07
     Epoch[23] Iteration[540/1240], entropy: 0.8344, loss: 2.2230, lr: 6.55e-06
     Epoch[23] Iteration[550/1240], entropy: 0.6448, loss: 2.1084, lr: 1.00e-05
     Epoch[23] Iteration[560/1240], entropy: 0.4831, loss: 1.9093, lr: 6.55e-06
     Epoch[23] Iteration[570/1240], entropy: 0.6348, loss: 2.0783, lr: 9.55e-07
     Epoch[23] Iteration[580/1240], entropy: 0.6355, loss: 2.1702, lr: 9.55e-07
     Epoch[23] Iteration[590/1240], entropy: 0.7032, loss: 2.0743, lr: 6.55e-06
     Epoch[23] Iteration[600/1240], entropy: 0.6140, loss: 2.0494, lr: 1.00e-05
     Epoch[23] Iteration[610/1240], entropy: 0.6952, loss: 2.1577, lr: 6.55e-06
     Epoch[23] Iteration[620/1240], entropy: 0.5811, loss: 2.1175, lr: 9.55e-07
     Epoch[23] Iteration[630/1240], entropy: 0.5905, loss: 2.0559, lr: 9.55e-07
     Epoch[23] Iteration[640/1240], entropy: 0.7383, loss: 2.1999, lr: 6.55e-06
     Epoch[23] Iteration[650/1240], entropy: 0.5863, loss: 2.0250, lr: 1.00e-05
     Epoch[23] Iteration[660/1240], entropy: 0.7293, loss: 2.2482, lr: 6.55e-06
     Epoch[23] Iteration[670/1240], entropy: 0.8091, loss: 2.1605, lr: 9.55e-07
     Epoch[23] Iteration[680/1240], entropy: 0.6673, loss: 2.1159, lr: 9.55e-07
     Epoch[23] Iteration[690/1240], entropy: 0.5676, loss: 2.0428, lr: 6.55e-06
     Epoch[23] Iteration[700/1240], entropy: 0.7005, loss: 2.1743, lr: 1.00e-05
     Epoch[23] Iteration[710/1240], entropy: 0.6554, loss: 2.0027, lr: 6.55e-06
     Epoch[23] Iteration[720/1240], entropy: 0.3433, loss: 1.7469, lr: 9.55e-07
     Epoch[23] Iteration[730/1240], entropy: 0.7254, loss: 2.1691, lr: 9.55e-07
     Epoch[23] Iteration[740/1240], entropy: 0.5701, loss: 2.0805, lr: 6.55e-06
     Epoch[23] Iteration[750/1240], entropy: 0.5043, loss: 1.9280, lr: 1.00e-05
     Epoch[23] Iteration[760/1240], entropy: 0.5888, loss: 1.9949, lr: 6.55e-06
     Epoch[23] Iteration[770/1240], entropy: 0.6050, loss: 2.0004, lr: 9.55e-07
     Epoch[23] Iteration[780/1240], entropy: 0.9685, loss: 2.3446, lr: 9.55e-07
     Epoch[23] Iteration[790/1240], entropy: 0.5838, loss: 1.9875, lr: 6.55e-06
     Epoch[23] Iteration[800/1240], entropy: 0.7405, loss: 2.1986, lr: 1.00e-05
     Epoch[23] Iteration[810/1240], entropy: 0.8176, loss: 2.3029, lr: 6.55e-06
     Epoch[23] Iteration[820/1240], entropy: 0.8554, loss: 2.3032, lr: 9.55e-07
     Epoch[23] Iteration[830/1240], entropy: 0.6645, loss: 2.1260, lr: 9.55e-07
     Epoch[23] Iteration[840/1240], entropy: 0.6651, loss: 2.1984, lr: 6.55e-06
     Epoch[23] Iteration[850/1240], entropy: 0.7474, loss: 2.1110, lr: 1.00e-05
     Epoch[23] Iteration[860/1240], entropy: 0.9149, loss: 2.3151, lr: 6.55e-06
     Epoch[23] Iteration[870/1240], entropy: 0.8096, loss: 2.3278, lr: 9.55e-07
     Epoch[23] Iteration[880/1240], entropy: 0.5608, loss: 2.0158, lr: 9.55e-07
     Epoch[23] Iteration[890/1240], entropy: 0.5667, loss: 2.0642, lr: 6.55e-06
     Epoch[23] Iteration[900/1240], entropy: 0.5649, loss: 2.0725, lr: 1.00e-05
     Epoch[23] Iteration[910/1240], entropy: 0.8226, loss: 2.2318, lr: 6.55e-06
     Epoch[23] Iteration[920/1240], entropy: 0.7006, loss: 2.1088, lr: 9.55e-07
     Epoch[23] Iteration[930/1240], entropy: 0.7398, loss: 2.2015, lr: 9.55e-07
     Epoch[23] Iteration[940/1240], entropy: 0.5639, loss: 2.0519, lr: 6.55e-06
     Epoch[23] Iteration[950/1240], entropy: 0.6428, loss: 2.1172, lr: 1.00e-05
     Epoch[23] Iteration[960/1240], entropy: 0.7114, loss: 2.1302, lr: 6.55e-06
     Epoch[23] Iteration[970/1240], entropy: 0.8588, loss: 2.2854, lr: 9.55e-07
     Epoch[23] Iteration[980/1240], entropy: 0.5426, loss: 1.9699, lr: 9.55e-07
     Epoch[23] Iteration[990/1240], entropy: 0.5660, loss: 1.9798, lr: 6.55e-06
     Epoch[23] Iteration[1000/1240], entropy: 0.4241, loss: 1.9883, lr: 1.00e-05
     Epoch[23] Iteration[1010/1240], entropy: 0.7288, loss: 2.1684, lr: 6.55e-06
     Epoch[23] Iteration[1020/1240], entropy: 0.4882, loss: 2.0066, lr: 9.55e-07
     Epoch[23] Iteration[1030/1240], entropy: 0.6729, loss: 2.0985, lr: 9.55e-07
     Epoch[23] Iteration[1040/1240], entropy: 0.7112, loss: 2.2284, lr: 6.55e-06
     Epoch[23] Iteration[1050/1240], entropy: 0.5208, loss: 2.0617, lr: 1.00e-05
     Epoch[23] Iteration[1060/1240], entropy: 0.7972, loss: 2.2663, lr: 6.55e-06
     Epoch[23] Iteration[1070/1240], entropy: 0.6421, loss: 2.0206, lr: 9.55e-07
     Epoch[23] Iteration[1080/1240], entropy: 0.7064, loss: 2.1631, lr: 9.55e-07
     Epoch[23] Iteration[1090/1240], entropy: 0.5137, loss: 2.0256, lr: 6.55e-06
     Epoch[23] Iteration[1100/1240], entropy: 0.6176, loss: 2.1725, lr: 1.00e-05
     Epoch[23] Iteration[1110/1240], entropy: 0.6343, loss: 2.1308, lr: 6.55e-06
     Epoch[23] Iteration[1120/1240], entropy: 0.6120, loss: 2.1712, lr: 9.55e-07
     Epoch[23] Iteration[1130/1240], entropy: 0.6959, loss: 2.0575, lr: 9.55e-07
     Epoch[23] Iteration[1140/1240], entropy: 0.7931, loss: 2.2705, lr: 6.55e-06
     Epoch[23] Iteration[1150/1240], entropy: 0.4340, loss: 2.0140, lr: 1.00e-05
     Epoch[23] Iteration[1160/1240], entropy: 0.7430, loss: 2.1859, lr: 6.55e-06
     Epoch[23] Iteration[1170/1240], entropy: 0.5686, loss: 1.9962, lr: 9.55e-07
     Epoch[23] Iteration[1180/1240], entropy: 0.8991, loss: 2.3054, lr: 9.55e-07
     Epoch[23] Iteration[1190/1240], entropy: 0.6410, loss: 2.1374, lr: 6.55e-06
     Epoch[23] Iteration[1200/1240], entropy: 0.4425, loss: 1.9960, lr: 1.00e-05
     Epoch[23] Iteration[1210/1240], entropy: 0.5226, loss: 1.9149, lr: 6.55e-06
     Epoch[23] Iteration[1220/1240], entropy: 0.6748, loss: 2.1179, lr: 9.55e-07
     Epoch[23] Iteration[1230/1240], entropy: 0.3554, loss: 1.8290, lr: 9.55e-07
     Epoch[23] Iteration[1240/1240], entropy: 0.7652, loss: 2.1671, lr: 6.55e-06
     Averaged stats: entropy: 0.7652, loss: 2.1671, lr: 6.55e-06
     itm tta time 0:03:49
### TTA Eval Score: 
+-------+--------+--------+--------+--------+-------+
| epoch |   R1   |   R5   |  R10   |  mAP   |  mINP |
+-------+--------+--------+--------+--------+-------+
|  -999 | 37.304 | 55.557 | 63.548 | 20.140 | 2.213 |
|   0   | 37.500 | 55.643 | 63.654 | 20.140 | 2.170 |
|   1   | 37.641 | 55.673 | 63.749 | 20.139 | 2.142 |
|   2   | 37.712 | 55.688 | 63.714 | 20.134 | 2.121 |
|   3   | 37.838 | 55.708 | 63.815 | 20.147 | 2.108 |
|   4   | 37.833 | 55.794 | 63.860 | 20.147 | 2.095 |
|   5   | 37.918 | 55.880 | 63.916 | 20.164 | 2.090 |
|   6   | 37.958 | 55.950 | 63.971 | 20.173 | 2.086 |
|   7   | 38.039 | 56.026 | 64.052 | 20.187 | 2.083 |
|   8   | 38.084 | 56.061 | 64.132 | 20.201 | 2.083 |
|   9   | 38.140 | 56.056 | 64.168 | 20.220 | 2.085 |
|   10  | 38.170 | 56.111 | 64.183 | 20.234 | 2.086 |
|   11  | 38.215 | 56.192 | 64.198 | 20.245 | 2.086 |
|   12  | 38.266 | 56.247 | 64.218 | 20.259 | 2.086 |
|   13  | 38.286 | 56.217 | 64.279 | 20.273 | 2.088 |
|   14  | 38.316 | 56.212 | 64.349 | 20.291 | 2.091 |
|   15  | 38.351 | 56.232 | 64.379 | 20.302 | 2.090 |
|   16  | 38.427 | 56.268 | 64.435 | 20.322 | 2.095 |
|   17  | 38.442 | 56.278 | 64.435 | 20.329 | 2.095 |
|   18  | 38.503 | 56.318 | 64.445 | 20.339 | 2.095 |
|   19  | 38.573 | 56.363 | 64.470 | 20.356 | 2.099 |
|   20  | 38.613 | 56.348 | 64.495 | 20.369 | 2.102 |
|   21  | 38.694 | 56.399 | 64.530 | 20.381 | 2.103 |
|   22  | 38.709 | 56.419 | 64.571 | 20.388 | 2.104 |
|   23  | 38.749 | 56.424 | 64.626 | 20.397 | 2.105 |
+-------+--------+--------+--------+--------+-------+
     logs:  {'epo': 23, 'R1': np.float32(38.749), 'R5': np.float32(56.424), 'R10': np.float32(64.626), 'mAP': np.float32(20.397), 'mINP': np.float32(2.105), 'entropy': 0.6544352433373851, 'loss': 2.1050345263173504, 'lr': 4.959677419354466e-06}
     Epoch[24] Iteration[10/1240], entropy: 0.5920, loss: 1.9770, lr: 1.00e-05
     Epoch[24] Iteration[20/1240], entropy: 0.6168, loss: 2.1347, lr: 6.55e-06
     Epoch[24] Iteration[30/1240], entropy: 0.7137, loss: 2.0779, lr: 9.55e-07
     Epoch[24] Iteration[40/1240], entropy: 0.5164, loss: 1.9680, lr: 9.55e-07
     Epoch[24] Iteration[50/1240], entropy: 0.6889, loss: 2.1470, lr: 6.55e-06
     Epoch[24] Iteration[60/1240], entropy: 0.6665, loss: 2.1061, lr: 1.00e-05
     Epoch[24] Iteration[70/1240], entropy: 0.5046, loss: 1.9847, lr: 6.55e-06
     Epoch[24] Iteration[80/1240], entropy: 0.6065, loss: 1.9764, lr: 9.55e-07
     Epoch[24] Iteration[90/1240], entropy: 0.6264, loss: 2.1061, lr: 9.55e-07
     Epoch[24] Iteration[100/1240], entropy: 0.7467, loss: 2.2378, lr: 6.55e-06
     Epoch[24] Iteration[110/1240], entropy: 0.5424, loss: 2.0094, lr: 1.00e-05
     Epoch[24] Iteration[120/1240], entropy: 0.6394, loss: 2.0543, lr: 6.55e-06
     Epoch[24] Iteration[130/1240], entropy: 0.7286, loss: 2.1935, lr: 9.55e-07
     Epoch[24] Iteration[140/1240], entropy: 0.3772, loss: 1.8887, lr: 9.55e-07
     Epoch[24] Iteration[150/1240], entropy: 0.4408, loss: 1.9216, lr: 6.55e-06
     Epoch[24] Iteration[160/1240], entropy: 0.5924, loss: 1.9880, lr: 1.00e-05
     Epoch[24] Iteration[170/1240], entropy: 0.5642, loss: 1.9846, lr: 6.55e-06
     Epoch[24] Iteration[180/1240], entropy: 0.7075, loss: 2.1787, lr: 9.55e-07
     Epoch[24] Iteration[190/1240], entropy: 0.5221, loss: 1.9948, lr: 9.55e-07
     Epoch[24] Iteration[200/1240], entropy: 0.6969, loss: 2.1602, lr: 6.55e-06
     Epoch[24] Iteration[210/1240], entropy: 0.5931, loss: 2.0660, lr: 1.00e-05
     Epoch[24] Iteration[220/1240], entropy: 0.5461, loss: 2.0921, lr: 6.55e-06
     Epoch[24] Iteration[230/1240], entropy: 0.6798, loss: 2.1158, lr: 9.55e-07
     Epoch[24] Iteration[240/1240], entropy: 0.5587, loss: 2.0835, lr: 9.55e-07
     Epoch[24] Iteration[250/1240], entropy: 0.6197, loss: 2.0079, lr: 6.55e-06
     Epoch[24] Iteration[260/1240], entropy: 0.5797, loss: 2.0436, lr: 1.00e-05
     Epoch[24] Iteration[270/1240], entropy: 0.5591, loss: 2.0227, lr: 7.13e-06
     Epoch[24] Iteration[280/1240], entropy: 0.4711, loss: 1.9536, lr: 1.36e-06
     Epoch[24] Iteration[290/1240], entropy: 0.6806, loss: 2.2094, lr: 6.18e-07
     Epoch[24] Iteration[300/1240], entropy: 0.7313, loss: 2.1558, lr: 5.94e-06
     Epoch[24] Iteration[310/1240], entropy: 0.5345, loss: 2.0273, lr: 9.96e-06
     Epoch[24] Iteration[320/1240], entropy: 0.4609, loss: 1.9052, lr: 7.13e-06
     Epoch[24] Iteration[330/1240], entropy: 0.9541, loss: 2.3855, lr: 1.36e-06
     Epoch[24] Iteration[340/1240], entropy: 0.8707, loss: 2.2274, lr: 6.18e-07
     Epoch[24] Iteration[350/1240], entropy: 0.6674, loss: 2.1206, lr: 5.94e-06
     Epoch[24] Iteration[360/1240], entropy: 0.6412, loss: 2.0598, lr: 9.96e-06
     Epoch[24] Iteration[370/1240], entropy: 0.5651, loss: 2.0429, lr: 7.13e-06
     Epoch[24] Iteration[380/1240], entropy: 0.6643, loss: 2.1698, lr: 1.36e-06
     Epoch[24] Iteration[390/1240], entropy: 0.6977, loss: 2.2047, lr: 6.18e-07
     Epoch[24] Iteration[400/1240], entropy: 0.7233, loss: 2.1551, lr: 5.94e-06
     Epoch[24] Iteration[410/1240], entropy: 0.8799, loss: 2.2869, lr: 9.96e-06
     Epoch[24] Iteration[420/1240], entropy: 0.8469, loss: 2.3111, lr: 7.13e-06
     Epoch[24] Iteration[430/1240], entropy: 0.6423, loss: 2.0825, lr: 1.36e-06
     Epoch[24] Iteration[440/1240], entropy: 0.5726, loss: 1.9999, lr: 6.18e-07
     Epoch[24] Iteration[450/1240], entropy: 0.5623, loss: 2.1103, lr: 5.94e-06
     Epoch[24] Iteration[460/1240], entropy: 0.6587, loss: 2.0502, lr: 9.96e-06
     Epoch[24] Iteration[470/1240], entropy: 0.8119, loss: 2.2930, lr: 7.13e-06
     Epoch[24] Iteration[480/1240], entropy: 0.4735, loss: 1.9312, lr: 1.36e-06
     Epoch[24] Iteration[490/1240], entropy: 0.6097, loss: 2.0559, lr: 6.18e-07
     Epoch[24] Iteration[500/1240], entropy: 0.5649, loss: 2.0418, lr: 5.94e-06
     Epoch[24] Iteration[510/1240], entropy: 0.7443, loss: 2.0989, lr: 9.96e-06
     Epoch[24] Iteration[520/1240], entropy: 0.7399, loss: 2.1333, lr: 7.13e-06
     Epoch[24] Iteration[530/1240], entropy: 0.9520, loss: 2.3430, lr: 1.36e-06
     Epoch[24] Iteration[540/1240], entropy: 0.6378, loss: 2.1086, lr: 6.18e-07
     Epoch[24] Iteration[550/1240], entropy: 0.7566, loss: 2.1927, lr: 5.94e-06
     Epoch[24] Iteration[560/1240], entropy: 0.4951, loss: 1.9666, lr: 9.96e-06
     Epoch[24] Iteration[570/1240], entropy: 0.6596, loss: 2.1495, lr: 7.13e-06
     Epoch[24] Iteration[580/1240], entropy: 0.7352, loss: 2.1137, lr: 1.36e-06
     Epoch[24] Iteration[590/1240], entropy: 0.7000, loss: 2.1161, lr: 6.18e-07
     Epoch[24] Iteration[600/1240], entropy: 0.8934, loss: 2.2233, lr: 5.94e-06
     Epoch[24] Iteration[610/1240], entropy: 0.6426, loss: 1.9905, lr: 9.96e-06
     Epoch[24] Iteration[620/1240], entropy: 0.8409, loss: 2.2547, lr: 7.13e-06
     Epoch[24] Iteration[630/1240], entropy: 0.7031, loss: 2.1305, lr: 1.36e-06
     Epoch[24] Iteration[640/1240], entropy: 0.7625, loss: 2.2040, lr: 6.18e-07
     Epoch[24] Iteration[650/1240], entropy: 0.7874, loss: 2.3257, lr: 5.94e-06
     Epoch[24] Iteration[660/1240], entropy: 0.5711, loss: 2.1733, lr: 9.96e-06
     Epoch[24] Iteration[670/1240], entropy: 0.9264, loss: 2.3416, lr: 7.13e-06
     Epoch[24] Iteration[680/1240], entropy: 0.4796, loss: 1.9501, lr: 1.36e-06
     Epoch[24] Iteration[690/1240], entropy: 0.6283, loss: 2.1150, lr: 6.18e-07
     Epoch[24] Iteration[700/1240], entropy: 0.6334, loss: 2.1602, lr: 5.94e-06
     Epoch[24] Iteration[710/1240], entropy: 0.4841, loss: 1.9809, lr: 9.96e-06
     Epoch[24] Iteration[720/1240], entropy: 0.8331, loss: 2.2938, lr: 7.13e-06
     Epoch[24] Iteration[730/1240], entropy: 0.7231, loss: 2.2420, lr: 1.36e-06
     Epoch[24] Iteration[740/1240], entropy: 0.8601, loss: 2.2633, lr: 6.18e-07
     Epoch[24] Iteration[750/1240], entropy: 0.6058, loss: 2.0096, lr: 5.94e-06
     Epoch[24] Iteration[760/1240], entropy: 0.7542, loss: 2.2007, lr: 9.96e-06
     Epoch[24] Iteration[770/1240], entropy: 0.6752, loss: 2.1193, lr: 7.13e-06
     Epoch[24] Iteration[780/1240], entropy: 0.8175, loss: 2.3375, lr: 1.36e-06
     Epoch[24] Iteration[790/1240], entropy: 0.6494, loss: 2.0950, lr: 6.18e-07
     Epoch[24] Iteration[800/1240], entropy: 0.8157, loss: 2.2506, lr: 5.94e-06
     Epoch[24] Iteration[810/1240], entropy: 0.5497, loss: 2.0355, lr: 9.96e-06
     Epoch[24] Iteration[820/1240], entropy: 0.5455, loss: 2.0186, lr: 7.13e-06
     Epoch[24] Iteration[830/1240], entropy: 0.5540, loss: 1.9272, lr: 1.36e-06
     Epoch[24] Iteration[840/1240], entropy: 0.5283, loss: 1.9527, lr: 6.18e-07
     Epoch[24] Iteration[850/1240], entropy: 0.7811, loss: 2.1943, lr: 5.94e-06
     Epoch[24] Iteration[860/1240], entropy: 0.7389, loss: 2.1160, lr: 9.96e-06
     Epoch[24] Iteration[870/1240], entropy: 0.7591, loss: 2.1764, lr: 7.13e-06
     Epoch[24] Iteration[880/1240], entropy: 0.6038, loss: 2.1029, lr: 1.36e-06
     Epoch[24] Iteration[890/1240], entropy: 0.5856, loss: 2.0462, lr: 6.18e-07
     Epoch[24] Iteration[900/1240], entropy: 0.6180, loss: 2.0789, lr: 5.94e-06
     Epoch[24] Iteration[910/1240], entropy: 0.7040, loss: 2.1142, lr: 9.96e-06
     Epoch[24] Iteration[920/1240], entropy: 0.6236, loss: 2.1426, lr: 7.13e-06
     Epoch[24] Iteration[930/1240], entropy: 0.5263, loss: 1.9999, lr: 1.36e-06
     Epoch[24] Iteration[940/1240], entropy: 0.8355, loss: 2.2689, lr: 6.18e-07
     Epoch[24] Iteration[950/1240], entropy: 0.5999, loss: 2.0252, lr: 5.94e-06
     Epoch[24] Iteration[960/1240], entropy: 0.5942, loss: 2.1512, lr: 9.96e-06
     Epoch[24] Iteration[970/1240], entropy: 0.5459, loss: 1.9653, lr: 7.13e-06
     Epoch[24] Iteration[980/1240], entropy: 0.5186, loss: 1.9108, lr: 1.36e-06
     Epoch[24] Iteration[990/1240], entropy: 0.6059, loss: 2.0042, lr: 6.18e-07
     Epoch[24] Iteration[1000/1240], entropy: 0.6649, loss: 2.2007, lr: 5.94e-06
     Epoch[24] Iteration[1010/1240], entropy: 0.6348, loss: 1.9336, lr: 9.96e-06
     Epoch[24] Iteration[1020/1240], entropy: 0.8429, loss: 2.2528, lr: 7.13e-06
     Epoch[24] Iteration[1030/1240], entropy: 0.8261, loss: 2.2620, lr: 1.36e-06
     Epoch[24] Iteration[1040/1240], entropy: 0.8664, loss: 2.1838, lr: 6.18e-07
     Epoch[24] Iteration[1050/1240], entropy: 0.5731, loss: 2.0277, lr: 5.94e-06
     Epoch[24] Iteration[1060/1240], entropy: 0.8306, loss: 2.2402, lr: 9.96e-06
     Epoch[24] Iteration[1070/1240], entropy: 0.6177, loss: 2.0882, lr: 7.13e-06
     Epoch[24] Iteration[1080/1240], entropy: 0.6893, loss: 2.1982, lr: 1.36e-06
     Epoch[24] Iteration[1090/1240], entropy: 0.8417, loss: 2.3004, lr: 6.18e-07
     Epoch[24] Iteration[1100/1240], entropy: 0.6586, loss: 2.1072, lr: 5.94e-06
     Epoch[24] Iteration[1110/1240], entropy: 0.5428, loss: 1.9903, lr: 9.96e-06
     Epoch[24] Iteration[1120/1240], entropy: 0.6741, loss: 2.1753, lr: 7.13e-06
     Epoch[24] Iteration[1130/1240], entropy: 0.7774, loss: 2.1664, lr: 1.36e-06
     Epoch[24] Iteration[1140/1240], entropy: 0.6554, loss: 2.1254, lr: 6.18e-07
     Epoch[24] Iteration[1150/1240], entropy: 0.7322, loss: 2.1593, lr: 5.94e-06
     Epoch[24] Iteration[1160/1240], entropy: 0.5634, loss: 1.9916, lr: 9.96e-06
     Epoch[24] Iteration[1170/1240], entropy: 0.7293, loss: 2.0737, lr: 7.13e-06
     Epoch[24] Iteration[1180/1240], entropy: 0.7195, loss: 2.1558, lr: 1.36e-06
     Epoch[24] Iteration[1190/1240], entropy: 0.4513, loss: 1.9530, lr: 6.18e-07
     Epoch[24] Iteration[1200/1240], entropy: 0.7008, loss: 2.1351, lr: 5.94e-06
     Epoch[24] Iteration[1210/1240], entropy: 0.9095, loss: 2.2887, lr: 9.96e-06
     Epoch[24] Iteration[1220/1240], entropy: 0.5694, loss: 2.0370, lr: 7.13e-06
     Epoch[24] Iteration[1230/1240], entropy: 0.5624, loss: 2.0126, lr: 1.36e-06
     Epoch[24] Iteration[1240/1240], entropy: 0.5677, loss: 1.9445, lr: 6.18e-07
     Averaged stats: entropy: 0.5677, loss: 1.9445, lr: 6.18e-07
     itm tta time 0:03:58
### TTA Eval Score: 
+-------+--------+--------+--------+--------+-------+
| epoch |   R1   |   R5   |  R10   |  mAP   |  mINP |
+-------+--------+--------+--------+--------+-------+
|  -999 | 37.304 | 55.557 | 63.548 | 20.140 | 2.213 |
|   0   | 37.500 | 55.643 | 63.654 | 20.140 | 2.170 |
|   1   | 37.641 | 55.673 | 63.749 | 20.139 | 2.142 |
|   2   | 37.712 | 55.688 | 63.714 | 20.134 | 2.121 |
|   3   | 37.838 | 55.708 | 63.815 | 20.147 | 2.108 |
|   4   | 37.833 | 55.794 | 63.860 | 20.147 | 2.095 |
|   5   | 37.918 | 55.880 | 63.916 | 20.164 | 2.090 |
|   6   | 37.958 | 55.950 | 63.971 | 20.173 | 2.086 |
|   7   | 38.039 | 56.026 | 64.052 | 20.187 | 2.083 |
|   8   | 38.084 | 56.061 | 64.132 | 20.201 | 2.083 |
|   9   | 38.140 | 56.056 | 64.168 | 20.220 | 2.085 |
|   10  | 38.170 | 56.111 | 64.183 | 20.234 | 2.086 |
|   11  | 38.215 | 56.192 | 64.198 | 20.245 | 2.086 |
|   12  | 38.266 | 56.247 | 64.218 | 20.259 | 2.086 |
|   13  | 38.286 | 56.217 | 64.279 | 20.273 | 2.088 |
|   14  | 38.316 | 56.212 | 64.349 | 20.291 | 2.091 |
|   15  | 38.351 | 56.232 | 64.379 | 20.302 | 2.090 |
|   16  | 38.427 | 56.268 | 64.435 | 20.322 | 2.095 |
|   17  | 38.442 | 56.278 | 64.435 | 20.329 | 2.095 |
|   18  | 38.503 | 56.318 | 64.445 | 20.339 | 2.095 |
|   19  | 38.573 | 56.363 | 64.470 | 20.356 | 2.099 |
|   20  | 38.613 | 56.348 | 64.495 | 20.369 | 2.102 |
|   21  | 38.694 | 56.399 | 64.530 | 20.381 | 2.103 |
|   22  | 38.709 | 56.419 | 64.571 | 20.388 | 2.104 |
|   23  | 38.749 | 56.424 | 64.626 | 20.397 | 2.105 |
|   24  | 38.755 | 56.429 | 64.641 | 20.404 | 2.106 |
+-------+--------+--------+--------+--------+-------+
     logs:  {'epo': 24, 'R1': np.float32(38.755), 'R5': np.float32(56.429), 'R10': np.float32(64.641), 'mAP': np.float32(20.404), 'mINP': np.float32(2.106), 'entropy': 0.6615936758537446, 'loss': 2.1082228749029097, 'lr': 4.992762257423557e-06}
     Epoch[25] Iteration[10/1240], entropy: 0.9031, loss: 2.3055, lr: 5.94e-06
     Epoch[25] Iteration[20/1240], entropy: 0.8248, loss: 2.2215, lr: 9.96e-06
     Epoch[25] Iteration[30/1240], entropy: 0.5452, loss: 1.9748, lr: 7.13e-06
     Epoch[25] Iteration[40/1240], entropy: 0.6788, loss: 2.2202, lr: 1.36e-06
     Epoch[25] Iteration[50/1240], entropy: 0.8128, loss: 2.1559, lr: 6.18e-07
     Epoch[25] Iteration[60/1240], entropy: 0.7758, loss: 2.1986, lr: 5.94e-06
     Epoch[25] Iteration[70/1240], entropy: 0.6393, loss: 2.0860, lr: 9.96e-06
     Epoch[25] Iteration[80/1240], entropy: 0.5664, loss: 2.0094, lr: 7.13e-06
     Epoch[25] Iteration[90/1240], entropy: 0.6138, loss: 2.0682, lr: 1.36e-06
     Epoch[25] Iteration[100/1240], entropy: 0.4209, loss: 1.9722, lr: 6.18e-07
     Epoch[25] Iteration[110/1240], entropy: 0.6478, loss: 2.0351, lr: 5.94e-06
     Epoch[25] Iteration[120/1240], entropy: 0.9312, loss: 2.2834, lr: 9.96e-06
     Epoch[25] Iteration[130/1240], entropy: 0.6422, loss: 2.0664, lr: 7.13e-06
     Epoch[25] Iteration[140/1240], entropy: 0.3563, loss: 1.9098, lr: 1.36e-06
     Epoch[25] Iteration[150/1240], entropy: 0.6209, loss: 2.1594, lr: 6.18e-07
     Epoch[25] Iteration[160/1240], entropy: 0.5961, loss: 1.9941, lr: 5.94e-06
     Epoch[25] Iteration[170/1240], entropy: 0.6893, loss: 2.1189, lr: 9.96e-06
     Epoch[25] Iteration[180/1240], entropy: 0.5772, loss: 1.9646, lr: 7.13e-06
     Epoch[25] Iteration[190/1240], entropy: 0.3933, loss: 1.8576, lr: 1.36e-06
     Epoch[25] Iteration[200/1240], entropy: 0.5833, loss: 1.9618, lr: 6.18e-07
     Epoch[25] Iteration[210/1240], entropy: 0.5960, loss: 2.0195, lr: 5.94e-06
     Epoch[25] Iteration[220/1240], entropy: 0.7582, loss: 2.1229, lr: 9.96e-06
     Epoch[25] Iteration[230/1240], entropy: 0.6487, loss: 2.1233, lr: 7.13e-06
     Epoch[25] Iteration[240/1240], entropy: 0.5710, loss: 2.1663, lr: 1.36e-06
     Epoch[25] Iteration[250/1240], entropy: 0.5171, loss: 1.9925, lr: 6.18e-07
     Epoch[25] Iteration[260/1240], entropy: 0.6024, loss: 2.0344, lr: 5.94e-06
     Epoch[25] Iteration[270/1240], entropy: 0.4567, loss: 1.8785, lr: 9.96e-06
     Epoch[25] Iteration[280/1240], entropy: 0.6322, loss: 2.1728, lr: 7.13e-06
     Epoch[25] Iteration[290/1240], entropy: 0.8610, loss: 2.3568, lr: 1.36e-06
     Epoch[25] Iteration[300/1240], entropy: 0.7779, loss: 2.1775, lr: 6.18e-07
     Epoch[25] Iteration[310/1240], entropy: 0.8408, loss: 2.2796, lr: 5.94e-06
     Epoch[25] Iteration[320/1240], entropy: 0.7944, loss: 2.2253, lr: 9.96e-06
     Epoch[25] Iteration[330/1240], entropy: 0.4673, loss: 1.9603, lr: 7.13e-06
     Epoch[25] Iteration[340/1240], entropy: 0.6998, loss: 2.1939, lr: 1.36e-06
     Epoch[25] Iteration[350/1240], entropy: 0.8038, loss: 2.2649, lr: 6.18e-07
     Epoch[25] Iteration[360/1240], entropy: 0.6058, loss: 2.1530, lr: 5.94e-06
     Epoch[25] Iteration[370/1240], entropy: 0.7241, loss: 2.0907, lr: 9.96e-06
     Epoch[25] Iteration[380/1240], entropy: 0.4035, loss: 1.8863, lr: 7.13e-06
     Epoch[25] Iteration[390/1240], entropy: 0.9848, loss: 2.3904, lr: 1.36e-06
     Epoch[25] Iteration[400/1240], entropy: 0.8017, loss: 2.2061, lr: 6.18e-07
     Epoch[25] Iteration[410/1240], entropy: 0.6076, loss: 2.0132, lr: 5.94e-06
     Epoch[25] Iteration[420/1240], entropy: 0.7745, loss: 2.1577, lr: 9.96e-06
     Epoch[25] Iteration[430/1240], entropy: 0.6855, loss: 2.2135, lr: 7.13e-06
     Epoch[25] Iteration[440/1240], entropy: 0.7052, loss: 2.1073, lr: 1.36e-06
     Epoch[25] Iteration[450/1240], entropy: 1.0516, loss: 2.4642, lr: 6.18e-07
     Epoch[25] Iteration[460/1240], entropy: 0.6805, loss: 2.0780, lr: 5.94e-06
     Epoch[25] Iteration[470/1240], entropy: 0.5211, loss: 1.9433, lr: 9.96e-06
     Epoch[25] Iteration[480/1240], entropy: 0.5174, loss: 1.9554, lr: 7.13e-06
     Epoch[25] Iteration[490/1240], entropy: 0.6398, loss: 2.1475, lr: 1.36e-06
     Epoch[25] Iteration[500/1240], entropy: 0.5593, loss: 2.0959, lr: 6.18e-07
     Epoch[25] Iteration[510/1240], entropy: 0.5357, loss: 2.0095, lr: 5.94e-06
     Epoch[25] Iteration[520/1240], entropy: 0.6702, loss: 2.1393, lr: 9.96e-06
     Epoch[25] Iteration[530/1240], entropy: 0.5752, loss: 2.0021, lr: 7.13e-06
     Epoch[25] Iteration[540/1240], entropy: 0.5841, loss: 2.1194, lr: 1.36e-06
     Epoch[25] Iteration[550/1240], entropy: 0.5646, loss: 1.9631, lr: 6.18e-07
     Epoch[25] Iteration[560/1240], entropy: 0.6838, loss: 2.1344, lr: 5.94e-06
     Epoch[25] Iteration[570/1240], entropy: 0.5609, loss: 1.9164, lr: 9.96e-06
     Epoch[25] Iteration[580/1240], entropy: 0.5314, loss: 1.8687, lr: 7.13e-06
     Epoch[25] Iteration[590/1240], entropy: 0.8381, loss: 2.2695, lr: 1.36e-06
     Epoch[25] Iteration[600/1240], entropy: 0.6015, loss: 2.0432, lr: 6.18e-07
     Epoch[25] Iteration[610/1240], entropy: 0.7347, loss: 2.1447, lr: 5.94e-06
     Epoch[25] Iteration[620/1240], entropy: 0.5976, loss: 2.1470, lr: 9.96e-06
     Epoch[25] Iteration[630/1240], entropy: 0.5385, loss: 2.0270, lr: 7.13e-06
     Epoch[25] Iteration[640/1240], entropy: 0.7214, loss: 2.1896, lr: 1.36e-06
     Epoch[25] Iteration[650/1240], entropy: 0.7245, loss: 2.2058, lr: 6.18e-07
     Epoch[25] Iteration[660/1240], entropy: 0.5023, loss: 2.0421, lr: 5.94e-06
     Epoch[25] Iteration[670/1240], entropy: 0.6246, loss: 2.0852, lr: 9.96e-06
     Epoch[25] Iteration[680/1240], entropy: 0.8084, loss: 2.2769, lr: 7.13e-06
     Epoch[25] Iteration[690/1240], entropy: 0.4863, loss: 2.0923, lr: 1.36e-06
     Epoch[25] Iteration[700/1240], entropy: 0.6761, loss: 2.1344, lr: 6.18e-07
     Epoch[25] Iteration[710/1240], entropy: 0.4976, loss: 1.9460, lr: 5.94e-06
     Epoch[25] Iteration[720/1240], entropy: 0.5887, loss: 2.0692, lr: 9.96e-06
     Epoch[25] Iteration[730/1240], entropy: 0.6492, loss: 2.1317, lr: 7.13e-06
     Epoch[25] Iteration[740/1240], entropy: 0.5830, loss: 2.0646, lr: 1.36e-06
     Epoch[25] Iteration[750/1240], entropy: 0.6640, loss: 2.1613, lr: 6.18e-07
     Epoch[25] Iteration[760/1240], entropy: 0.6400, loss: 2.2151, lr: 5.94e-06
     Epoch[25] Iteration[770/1240], entropy: 0.8059, loss: 2.2096, lr: 9.96e-06
     Epoch[25] Iteration[780/1240], entropy: 0.7506, loss: 2.1934, lr: 7.13e-06
     Epoch[25] Iteration[790/1240], entropy: 0.5672, loss: 2.0871, lr: 1.36e-06
     Epoch[25] Iteration[800/1240], entropy: 0.7242, loss: 2.1543, lr: 6.18e-07
     Epoch[25] Iteration[810/1240], entropy: 0.5460, loss: 1.9294, lr: 5.94e-06
     Epoch[25] Iteration[820/1240], entropy: 0.6452, loss: 2.0487, lr: 9.96e-06
     Epoch[25] Iteration[830/1240], entropy: 0.4655, loss: 1.8872, lr: 7.13e-06
     Epoch[25] Iteration[840/1240], entropy: 0.7676, loss: 2.2275, lr: 1.36e-06
     Epoch[25] Iteration[850/1240], entropy: 0.5934, loss: 2.0412, lr: 6.18e-07
     Epoch[25] Iteration[860/1240], entropy: 0.5358, loss: 2.1187, lr: 5.94e-06
     Epoch[25] Iteration[870/1240], entropy: 0.6646, loss: 2.0853, lr: 9.96e-06
     Epoch[25] Iteration[880/1240], entropy: 0.6506, loss: 2.1020, lr: 7.13e-06
     Epoch[25] Iteration[890/1240], entropy: 0.6907, loss: 2.1910, lr: 1.36e-06
     Epoch[25] Iteration[900/1240], entropy: 0.6487, loss: 2.1485, lr: 6.18e-07
     Epoch[25] Iteration[910/1240], entropy: 0.6355, loss: 2.0517, lr: 5.94e-06
     Epoch[25] Iteration[920/1240], entropy: 0.7378, loss: 2.1471, lr: 9.96e-06
     Epoch[25] Iteration[930/1240], entropy: 0.7075, loss: 2.1254, lr: 7.13e-06
     Epoch[25] Iteration[940/1240], entropy: 0.7760, loss: 2.1872, lr: 1.36e-06
     Epoch[25] Iteration[950/1240], entropy: 0.6354, loss: 2.0378, lr: 6.18e-07
     Epoch[25] Iteration[960/1240], entropy: 0.7295, loss: 2.1665, lr: 5.94e-06
     Epoch[25] Iteration[970/1240], entropy: 0.3562, loss: 1.8867, lr: 9.96e-06
     Epoch[25] Iteration[980/1240], entropy: 0.6809, loss: 2.1164, lr: 7.13e-06
     Epoch[25] Iteration[990/1240], entropy: 0.8665, loss: 2.3386, lr: 1.36e-06
     Epoch[25] Iteration[1000/1240], entropy: 0.5588, loss: 1.9776, lr: 6.18e-07
     Epoch[25] Iteration[1010/1240], entropy: 0.6888, loss: 2.1964, lr: 5.94e-06
     Epoch[25] Iteration[1020/1240], entropy: 0.5645, loss: 1.9667, lr: 9.96e-06
     Epoch[25] Iteration[1030/1240], entropy: 0.8285, loss: 2.2638, lr: 7.68e-06
     Epoch[25] Iteration[1040/1240], entropy: 0.5102, loss: 1.9830, lr: 1.81e-06
     Epoch[25] Iteration[1050/1240], entropy: 0.7650, loss: 2.1568, lr: 3.51e-07
     Epoch[25] Iteration[1060/1240], entropy: 0.6373, loss: 2.1228, lr: 5.31e-06
     Epoch[25] Iteration[1070/1240], entropy: 0.6524, loss: 2.1586, lr: 9.84e-06
     Epoch[25] Iteration[1080/1240], entropy: 0.7464, loss: 2.1926, lr: 7.68e-06
     Epoch[25] Iteration[1090/1240], entropy: 0.5542, loss: 1.9790, lr: 1.81e-06
     Epoch[25] Iteration[1100/1240], entropy: 0.4697, loss: 1.9617, lr: 3.51e-07
     Epoch[25] Iteration[1110/1240], entropy: 0.6346, loss: 2.0923, lr: 5.31e-06
     Epoch[25] Iteration[1120/1240], entropy: 0.6378, loss: 2.1053, lr: 9.84e-06
     Epoch[25] Iteration[1130/1240], entropy: 0.7413, loss: 2.2024, lr: 7.68e-06
     Epoch[25] Iteration[1140/1240], entropy: 0.6120, loss: 2.0385, lr: 1.81e-06
     Epoch[25] Iteration[1150/1240], entropy: 0.7115, loss: 2.1322, lr: 3.51e-07
     Epoch[25] Iteration[1160/1240], entropy: 0.5148, loss: 2.0164, lr: 5.31e-06
     Epoch[25] Iteration[1170/1240], entropy: 0.4892, loss: 1.9748, lr: 9.84e-06
     Epoch[25] Iteration[1180/1240], entropy: 0.5703, loss: 1.9894, lr: 7.68e-06
     Epoch[25] Iteration[1190/1240], entropy: 0.7340, loss: 2.1408, lr: 1.81e-06
     Epoch[25] Iteration[1200/1240], entropy: 0.7521, loss: 2.1417, lr: 3.51e-07
     Epoch[25] Iteration[1210/1240], entropy: 0.7213, loss: 2.1301, lr: 5.31e-06
     Epoch[25] Iteration[1220/1240], entropy: 0.6524, loss: 2.1812, lr: 9.84e-06
     Epoch[25] Iteration[1230/1240], entropy: 0.7839, loss: 2.2993, lr: 7.68e-06
     Epoch[25] Iteration[1240/1240], entropy: 0.8635, loss: 2.2622, lr: 1.81e-06
     Averaged stats: entropy: 0.8635, loss: 2.2622, lr: 1.81e-06
     itm tta time 0:03:56
### TTA Eval Score: 
+-------+--------+--------+--------+--------+-------+
| epoch |   R1   |   R5   |  R10   |  mAP   |  mINP |
+-------+--------+--------+--------+--------+-------+
|  -999 | 37.304 | 55.557 | 63.548 | 20.140 | 2.213 |
|   0   | 37.500 | 55.643 | 63.654 | 20.140 | 2.170 |
|   1   | 37.641 | 55.673 | 63.749 | 20.139 | 2.142 |
|   2   | 37.712 | 55.688 | 63.714 | 20.134 | 2.121 |
|   3   | 37.838 | 55.708 | 63.815 | 20.147 | 2.108 |
|   4   | 37.833 | 55.794 | 63.860 | 20.147 | 2.095 |
|   5   | 37.918 | 55.880 | 63.916 | 20.164 | 2.090 |
|   6   | 37.958 | 55.950 | 63.971 | 20.173 | 2.086 |
|   7   | 38.039 | 56.026 | 64.052 | 20.187 | 2.083 |
|   8   | 38.084 | 56.061 | 64.132 | 20.201 | 2.083 |
|   9   | 38.140 | 56.056 | 64.168 | 20.220 | 2.085 |
|   10  | 38.170 | 56.111 | 64.183 | 20.234 | 2.086 |
|   11  | 38.215 | 56.192 | 64.198 | 20.245 | 2.086 |
|   12  | 38.266 | 56.247 | 64.218 | 20.259 | 2.086 |
|   13  | 38.286 | 56.217 | 64.279 | 20.273 | 2.088 |
|   14  | 38.316 | 56.212 | 64.349 | 20.291 | 2.091 |
|   15  | 38.351 | 56.232 | 64.379 | 20.302 | 2.090 |
|   16  | 38.427 | 56.268 | 64.435 | 20.322 | 2.095 |
|   17  | 38.442 | 56.278 | 64.435 | 20.329 | 2.095 |
|   18  | 38.503 | 56.318 | 64.445 | 20.339 | 2.095 |
|   19  | 38.573 | 56.363 | 64.470 | 20.356 | 2.099 |
|   20  | 38.613 | 56.348 | 64.495 | 20.369 | 2.102 |
|   21  | 38.694 | 56.399 | 64.530 | 20.381 | 2.103 |
|   22  | 38.709 | 56.419 | 64.571 | 20.388 | 2.104 |
|   23  | 38.749 | 56.424 | 64.626 | 20.397 | 2.105 |
|   24  | 38.755 | 56.429 | 64.641 | 20.404 | 2.106 |
|   25  | 38.770 | 56.469 | 64.611 | 20.420 | 2.107 |
+-------+--------+--------+--------+--------+-------+
     logs:  {'epo': 25, 'R1': np.float32(38.77), 'R5': np.float32(56.469), 'R10': np.float32(64.611), 'mAP': np.float32(20.42), 'mINP': np.float32(2.107), 'entropy': 0.6521469542095738, 'loss': 2.104676777316678, 'lr': 5.043463662142585e-06}
     Epoch[26] Iteration[10/1240], entropy: 0.8838, loss: 2.2741, lr: 3.51e-07
     Epoch[26] Iteration[20/1240], entropy: 0.4593, loss: 1.9986, lr: 5.31e-06
     Epoch[26] Iteration[30/1240], entropy: 0.5534, loss: 1.8994, lr: 9.84e-06
     Epoch[26] Iteration[40/1240], entropy: 0.5212, loss: 1.9579, lr: 7.68e-06
     Epoch[26] Iteration[50/1240], entropy: 0.8008, loss: 2.2263, lr: 1.81e-06
     Epoch[26] Iteration[60/1240], entropy: 0.8949, loss: 2.3148, lr: 3.51e-07
     Epoch[26] Iteration[70/1240], entropy: 0.5101, loss: 1.8862, lr: 5.31e-06
     Epoch[26] Iteration[80/1240], entropy: 0.6090, loss: 2.0329, lr: 9.84e-06
     Epoch[26] Iteration[90/1240], entropy: 0.6418, loss: 2.1797, lr: 7.68e-06
     Epoch[26] Iteration[100/1240], entropy: 0.3822, loss: 1.9939, lr: 1.81e-06
     Epoch[26] Iteration[110/1240], entropy: 0.8053, loss: 2.2200, lr: 3.51e-07
     Epoch[26] Iteration[120/1240], entropy: 0.7013, loss: 2.1678, lr: 5.31e-06
     Epoch[26] Iteration[130/1240], entropy: 0.7713, loss: 2.1333, lr: 9.84e-06
     Epoch[26] Iteration[140/1240], entropy: 0.8865, loss: 2.2576, lr: 7.68e-06
     Epoch[26] Iteration[150/1240], entropy: 0.5925, loss: 2.0023, lr: 1.81e-06
     Epoch[26] Iteration[160/1240], entropy: 0.5596, loss: 2.0844, lr: 3.51e-07
     Epoch[26] Iteration[170/1240], entropy: 0.5355, loss: 1.9537, lr: 5.31e-06
     Epoch[26] Iteration[180/1240], entropy: 0.5935, loss: 1.9978, lr: 9.84e-06
     Epoch[26] Iteration[190/1240], entropy: 0.7962, loss: 2.2179, lr: 7.68e-06
     Epoch[26] Iteration[200/1240], entropy: 0.6771, loss: 2.1076, lr: 1.81e-06
     Epoch[26] Iteration[210/1240], entropy: 0.7035, loss: 2.2053, lr: 3.51e-07
     Epoch[26] Iteration[220/1240], entropy: 0.8272, loss: 2.2423, lr: 5.31e-06
     Epoch[26] Iteration[230/1240], entropy: 0.8064, loss: 2.2573, lr: 9.84e-06
     Epoch[26] Iteration[240/1240], entropy: 0.6959, loss: 2.1079, lr: 7.68e-06
     Epoch[26] Iteration[250/1240], entropy: 0.4027, loss: 1.9808, lr: 1.81e-06
     Epoch[26] Iteration[260/1240], entropy: 0.7736, loss: 2.2043, lr: 3.51e-07
     Epoch[26] Iteration[270/1240], entropy: 0.6664, loss: 2.0959, lr: 5.31e-06
     Epoch[26] Iteration[280/1240], entropy: 0.4884, loss: 1.9511, lr: 9.84e-06
     Epoch[26] Iteration[290/1240], entropy: 0.6462, loss: 2.0213, lr: 7.68e-06
     Epoch[26] Iteration[300/1240], entropy: 0.6920, loss: 2.0460, lr: 1.81e-06
     Epoch[26] Iteration[310/1240], entropy: 0.7503, loss: 2.2636, lr: 3.51e-07
     Epoch[26] Iteration[320/1240], entropy: 0.6535, loss: 2.1216, lr: 5.31e-06
     Epoch[26] Iteration[330/1240], entropy: 0.6179, loss: 2.1150, lr: 9.84e-06
     Epoch[26] Iteration[340/1240], entropy: 0.9350, loss: 2.2517, lr: 7.68e-06
     Epoch[26] Iteration[350/1240], entropy: 0.6868, loss: 2.1683, lr: 1.81e-06
     Epoch[26] Iteration[360/1240], entropy: 0.5573, loss: 2.0859, lr: 3.51e-07
     Epoch[26] Iteration[370/1240], entropy: 0.6414, loss: 2.1256, lr: 5.31e-06
     Epoch[26] Iteration[380/1240], entropy: 0.8591, loss: 2.3076, lr: 9.84e-06
     Epoch[26] Iteration[390/1240], entropy: 0.6014, loss: 2.0214, lr: 7.68e-06
     Epoch[26] Iteration[400/1240], entropy: 0.6818, loss: 2.1682, lr: 1.81e-06
     Epoch[26] Iteration[410/1240], entropy: 0.6795, loss: 2.0965, lr: 3.51e-07
     Epoch[26] Iteration[420/1240], entropy: 0.5592, loss: 1.9835, lr: 5.31e-06
     Epoch[26] Iteration[430/1240], entropy: 0.6902, loss: 2.1688, lr: 9.84e-06
     Epoch[26] Iteration[440/1240], entropy: 0.7937, loss: 2.2686, lr: 7.68e-06
     Epoch[26] Iteration[450/1240], entropy: 0.5906, loss: 2.0862, lr: 1.81e-06
     Epoch[26] Iteration[460/1240], entropy: 0.5554, loss: 2.1086, lr: 3.51e-07
     Epoch[26] Iteration[470/1240], entropy: 0.5247, loss: 2.0783, lr: 5.31e-06
     Epoch[26] Iteration[480/1240], entropy: 0.7258, loss: 2.2247, lr: 9.84e-06
     Epoch[26] Iteration[490/1240], entropy: 0.5307, loss: 1.9262, lr: 7.68e-06
     Epoch[26] Iteration[500/1240], entropy: 0.5558, loss: 2.0574, lr: 1.81e-06
     Epoch[26] Iteration[510/1240], entropy: 0.5326, loss: 1.8939, lr: 3.51e-07
     Epoch[26] Iteration[520/1240], entropy: 0.6806, loss: 2.1152, lr: 5.31e-06
     Epoch[26] Iteration[530/1240], entropy: 0.5149, loss: 1.8477, lr: 9.84e-06
     Epoch[26] Iteration[540/1240], entropy: 0.8462, loss: 2.2349, lr: 7.68e-06
     Epoch[26] Iteration[550/1240], entropy: 0.7312, loss: 2.1576, lr: 1.81e-06
     Epoch[26] Iteration[560/1240], entropy: 0.7829, loss: 2.2536, lr: 3.51e-07
     Epoch[26] Iteration[570/1240], entropy: 0.4973, loss: 1.9990, lr: 5.31e-06
     Epoch[26] Iteration[580/1240], entropy: 0.6674, loss: 2.0565, lr: 9.84e-06
     Epoch[26] Iteration[590/1240], entropy: 0.5918, loss: 2.0005, lr: 7.68e-06
     Epoch[26] Iteration[600/1240], entropy: 0.5778, loss: 2.0699, lr: 1.81e-06
     Epoch[26] Iteration[610/1240], entropy: 0.5669, loss: 2.0575, lr: 3.51e-07
     Epoch[26] Iteration[620/1240], entropy: 0.5946, loss: 2.1445, lr: 5.31e-06
     Epoch[26] Iteration[630/1240], entropy: 0.6048, loss: 2.0592, lr: 9.84e-06
     Epoch[26] Iteration[640/1240], entropy: 0.5121, loss: 2.0311, lr: 7.68e-06
     Epoch[26] Iteration[650/1240], entropy: 0.6891, loss: 2.1951, lr: 1.81e-06
     Epoch[26] Iteration[660/1240], entropy: 0.8856, loss: 2.2275, lr: 3.51e-07
     Epoch[26] Iteration[670/1240], entropy: 0.4812, loss: 1.9877, lr: 5.31e-06
     Epoch[26] Iteration[680/1240], entropy: 0.6189, loss: 2.1016, lr: 9.84e-06
     Epoch[26] Iteration[690/1240], entropy: 0.5155, loss: 2.0801, lr: 7.68e-06
     Epoch[26] Iteration[700/1240], entropy: 0.6756, loss: 2.0805, lr: 1.81e-06
     Epoch[26] Iteration[710/1240], entropy: 0.6776, loss: 2.1365, lr: 3.51e-07
     Epoch[26] Iteration[720/1240], entropy: 0.7071, loss: 2.1990, lr: 5.31e-06
     Epoch[26] Iteration[730/1240], entropy: 0.5591, loss: 2.0036, lr: 9.84e-06
     Epoch[26] Iteration[740/1240], entropy: 0.6332, loss: 2.0243, lr: 7.68e-06
     Epoch[26] Iteration[750/1240], entropy: 0.6696, loss: 2.1593, lr: 1.81e-06
     Epoch[26] Iteration[760/1240], entropy: 0.4514, loss: 1.9713, lr: 3.51e-07
     Epoch[26] Iteration[770/1240], entropy: 0.5690, loss: 2.0814, lr: 5.31e-06
     Epoch[26] Iteration[780/1240], entropy: 0.7694, loss: 2.2121, lr: 9.84e-06
     Epoch[26] Iteration[790/1240], entropy: 0.5874, loss: 2.1058, lr: 7.68e-06
     Epoch[26] Iteration[800/1240], entropy: 0.9938, loss: 2.4359, lr: 1.81e-06
     Epoch[26] Iteration[810/1240], entropy: 0.5107, loss: 1.9398, lr: 3.51e-07
     Epoch[26] Iteration[820/1240], entropy: 0.6466, loss: 2.0836, lr: 5.31e-06
     Epoch[26] Iteration[830/1240], entropy: 0.5466, loss: 1.9689, lr: 9.84e-06
     Epoch[26] Iteration[840/1240], entropy: 0.6303, loss: 1.9942, lr: 7.68e-06
     Epoch[26] Iteration[850/1240], entropy: 0.3851, loss: 1.7623, lr: 1.81e-06
     Epoch[26] Iteration[860/1240], entropy: 0.5632, loss: 2.0585, lr: 3.51e-07
     Epoch[26] Iteration[870/1240], entropy: 0.6663, loss: 2.0505, lr: 5.31e-06
     Epoch[26] Iteration[880/1240], entropy: 0.6648, loss: 2.1248, lr: 9.84e-06
     Epoch[26] Iteration[890/1240], entropy: 0.7023, loss: 2.1469, lr: 7.68e-06
     Epoch[26] Iteration[900/1240], entropy: 0.7742, loss: 2.1751, lr: 1.81e-06
     Epoch[26] Iteration[910/1240], entropy: 0.5322, loss: 2.0607, lr: 3.51e-07
     Epoch[26] Iteration[920/1240], entropy: 0.7822, loss: 2.2466, lr: 5.31e-06
     Epoch[26] Iteration[930/1240], entropy: 0.5130, loss: 2.0413, lr: 9.84e-06
     Epoch[26] Iteration[940/1240], entropy: 0.6837, loss: 2.1240, lr: 7.68e-06
     Epoch[26] Iteration[950/1240], entropy: 0.6853, loss: 2.1472, lr: 1.81e-06
     Epoch[26] Iteration[960/1240], entropy: 0.6754, loss: 2.1086, lr: 3.51e-07
     Epoch[26] Iteration[970/1240], entropy: 0.7130, loss: 2.2484, lr: 5.31e-06
     Epoch[26] Iteration[980/1240], entropy: 0.6648, loss: 2.1548, lr: 9.84e-06
     Epoch[26] Iteration[990/1240], entropy: 0.5401, loss: 2.0058, lr: 7.68e-06
     Epoch[26] Iteration[1000/1240], entropy: 0.6633, loss: 2.1703, lr: 1.81e-06
     Epoch[26] Iteration[1010/1240], entropy: 0.7001, loss: 2.1170, lr: 3.51e-07
     Epoch[26] Iteration[1020/1240], entropy: 0.6982, loss: 2.1334, lr: 5.31e-06
     Epoch[26] Iteration[1030/1240], entropy: 0.5590, loss: 2.0017, lr: 9.84e-06
     Epoch[26] Iteration[1040/1240], entropy: 0.9385, loss: 2.2483, lr: 7.68e-06
     Epoch[26] Iteration[1050/1240], entropy: 0.6554, loss: 2.0738, lr: 1.81e-06
     Epoch[26] Iteration[1060/1240], entropy: 0.6596, loss: 2.0698, lr: 3.51e-07
     Epoch[26] Iteration[1070/1240], entropy: 0.8933, loss: 2.2922, lr: 5.31e-06
     Epoch[26] Iteration[1080/1240], entropy: 0.6685, loss: 2.1210, lr: 9.84e-06
     Epoch[26] Iteration[1090/1240], entropy: 0.6894, loss: 2.1765, lr: 7.68e-06
     Epoch[26] Iteration[1100/1240], entropy: 0.9577, loss: 2.3173, lr: 1.81e-06
     Epoch[26] Iteration[1110/1240], entropy: 0.5545, loss: 2.0521, lr: 3.51e-07
     Epoch[26] Iteration[1120/1240], entropy: 0.7041, loss: 2.1341, lr: 5.31e-06
     Epoch[26] Iteration[1130/1240], entropy: 0.6736, loss: 2.1886, lr: 9.84e-06
     Epoch[26] Iteration[1140/1240], entropy: 0.7224, loss: 2.1493, lr: 7.68e-06
     Epoch[26] Iteration[1150/1240], entropy: 0.6453, loss: 2.1726, lr: 1.81e-06
     Epoch[26] Iteration[1160/1240], entropy: 0.6491, loss: 2.0467, lr: 3.51e-07
     Epoch[26] Iteration[1170/1240], entropy: 0.7576, loss: 2.1406, lr: 5.31e-06
     Epoch[26] Iteration[1180/1240], entropy: 0.6917, loss: 2.1222, lr: 9.84e-06
     Epoch[26] Iteration[1190/1240], entropy: 0.6885, loss: 2.1065, lr: 7.68e-06
     Epoch[26] Iteration[1200/1240], entropy: 0.6018, loss: 2.1248, lr: 1.81e-06
     Epoch[26] Iteration[1210/1240], entropy: 0.5292, loss: 1.9596, lr: 3.51e-07
     Epoch[26] Iteration[1220/1240], entropy: 0.6828, loss: 2.0523, lr: 5.31e-06
     Epoch[26] Iteration[1230/1240], entropy: 0.6378, loss: 2.1437, lr: 9.84e-06
     Epoch[26] Iteration[1240/1240], entropy: 0.7145, loss: 2.1610, lr: 7.68e-06
     Averaged stats: entropy: 0.7145, loss: 2.1610, lr: 7.68e-06
     itm tta time 0:03:53
### TTA Eval Score: 
+-------+--------+--------+--------+--------+-------+
| epoch |   R1   |   R5   |  R10   |  mAP   |  mINP |
+-------+--------+--------+--------+--------+-------+
|  -999 | 37.304 | 55.557 | 63.548 | 20.140 | 2.213 |
|   0   | 37.500 | 55.643 | 63.654 | 20.140 | 2.170 |
|   1   | 37.641 | 55.673 | 63.749 | 20.139 | 2.142 |
|   2   | 37.712 | 55.688 | 63.714 | 20.134 | 2.121 |
|   3   | 37.838 | 55.708 | 63.815 | 20.147 | 2.108 |
|   4   | 37.833 | 55.794 | 63.860 | 20.147 | 2.095 |
|   5   | 37.918 | 55.880 | 63.916 | 20.164 | 2.090 |
|   6   | 37.958 | 55.950 | 63.971 | 20.173 | 2.086 |
|   7   | 38.039 | 56.026 | 64.052 | 20.187 | 2.083 |
|   8   | 38.084 | 56.061 | 64.132 | 20.201 | 2.083 |
|   9   | 38.140 | 56.056 | 64.168 | 20.220 | 2.085 |
|   10  | 38.170 | 56.111 | 64.183 | 20.234 | 2.086 |
|   11  | 38.215 | 56.192 | 64.198 | 20.245 | 2.086 |
|   12  | 38.266 | 56.247 | 64.218 | 20.259 | 2.086 |
|   13  | 38.286 | 56.217 | 64.279 | 20.273 | 2.088 |
|   14  | 38.316 | 56.212 | 64.349 | 20.291 | 2.091 |
|   15  | 38.351 | 56.232 | 64.379 | 20.302 | 2.090 |
|   16  | 38.427 | 56.268 | 64.435 | 20.322 | 2.095 |
|   17  | 38.442 | 56.278 | 64.435 | 20.329 | 2.095 |
|   18  | 38.503 | 56.318 | 64.445 | 20.339 | 2.095 |
|   19  | 38.573 | 56.363 | 64.470 | 20.356 | 2.099 |
|   20  | 38.613 | 56.348 | 64.495 | 20.369 | 2.102 |
|   21  | 38.694 | 56.399 | 64.530 | 20.381 | 2.103 |
|   22  | 38.709 | 56.419 | 64.571 | 20.388 | 2.104 |
|   23  | 38.749 | 56.424 | 64.626 | 20.397 | 2.105 |
|   24  | 38.755 | 56.429 | 64.641 | 20.404 | 2.106 |
|   25  | 38.770 | 56.469 | 64.611 | 20.420 | 2.107 |
|   26  | 38.785 | 56.525 | 64.616 | 20.428 | 2.109 |
+-------+--------+--------+--------+--------+-------+
     logs:  {'epo': 26, 'R1': np.float32(38.785), 'R5': np.float32(56.525), 'R10': np.float32(64.616), 'mAP': np.float32(20.428), 'mINP': np.float32(2.109), 'entropy': 0.6569998355642441, 'loss': 2.1071489789793567, 'lr': 5.025702580231738e-06}
     Epoch[27] Iteration[10/1240], entropy: 0.7514, loss: 2.1573, lr: 1.81e-06
     Epoch[27] Iteration[20/1240], entropy: 0.8105, loss: 2.2103, lr: 3.51e-07
     Epoch[27] Iteration[30/1240], entropy: 0.7644, loss: 2.1362, lr: 5.31e-06
     Epoch[27] Iteration[40/1240], entropy: 0.7000, loss: 2.1919, lr: 9.84e-06
     Epoch[27] Iteration[50/1240], entropy: 0.7808, loss: 2.1143, lr: 7.68e-06
     Epoch[27] Iteration[60/1240], entropy: 0.6770, loss: 2.1033, lr: 1.81e-06
     Epoch[27] Iteration[70/1240], entropy: 0.7525, loss: 2.1737, lr: 3.51e-07
     Epoch[27] Iteration[80/1240], entropy: 0.7202, loss: 2.1501, lr: 5.31e-06
     Epoch[27] Iteration[90/1240], entropy: 0.8395, loss: 2.2582, lr: 9.84e-06
     Epoch[27] Iteration[100/1240], entropy: 0.7816, loss: 2.2702, lr: 7.68e-06
     Epoch[27] Iteration[110/1240], entropy: 0.4418, loss: 1.9672, lr: 1.81e-06
     Epoch[27] Iteration[120/1240], entropy: 0.7562, loss: 2.1893, lr: 3.51e-07
     Epoch[27] Iteration[130/1240], entropy: 0.4314, loss: 1.9399, lr: 5.31e-06
     Epoch[27] Iteration[140/1240], entropy: 0.8528, loss: 2.2673, lr: 9.84e-06
     Epoch[27] Iteration[150/1240], entropy: 0.6938, loss: 2.1075, lr: 7.68e-06
     Epoch[27] Iteration[160/1240], entropy: 0.7111, loss: 2.1498, lr: 1.81e-06
     Epoch[27] Iteration[170/1240], entropy: 0.7678, loss: 2.1574, lr: 3.51e-07
     Epoch[27] Iteration[180/1240], entropy: 0.6806, loss: 2.1270, lr: 5.31e-06
     Epoch[27] Iteration[190/1240], entropy: 0.6052, loss: 2.0647, lr: 9.84e-06
     Epoch[27] Iteration[200/1240], entropy: 0.5787, loss: 2.0924, lr: 7.68e-06
     Epoch[27] Iteration[210/1240], entropy: 0.5765, loss: 2.0197, lr: 1.81e-06
     Epoch[27] Iteration[220/1240], entropy: 0.6690, loss: 2.1204, lr: 3.51e-07
     Epoch[27] Iteration[230/1240], entropy: 0.5657, loss: 1.9765, lr: 5.31e-06
     Epoch[27] Iteration[240/1240], entropy: 0.4686, loss: 2.0384, lr: 9.84e-06
     Epoch[27] Iteration[250/1240], entropy: 0.5572, loss: 2.0413, lr: 7.68e-06
     Epoch[27] Iteration[260/1240], entropy: 0.9909, loss: 2.3581, lr: 1.81e-06
     Epoch[27] Iteration[270/1240], entropy: 0.5439, loss: 2.1098, lr: 3.51e-07
     Epoch[27] Iteration[280/1240], entropy: 0.4309, loss: 2.0426, lr: 5.31e-06
     Epoch[27] Iteration[290/1240], entropy: 0.7723, loss: 2.2426, lr: 9.84e-06
     Epoch[27] Iteration[300/1240], entropy: 0.6746, loss: 2.0580, lr: 7.68e-06
     Epoch[27] Iteration[310/1240], entropy: 0.7398, loss: 2.1798, lr: 1.81e-06
     Epoch[27] Iteration[320/1240], entropy: 0.5920, loss: 2.0618, lr: 3.51e-07
     Epoch[27] Iteration[330/1240], entropy: 0.7304, loss: 2.1244, lr: 5.31e-06
     Epoch[27] Iteration[340/1240], entropy: 0.8096, loss: 2.1692, lr: 9.84e-06
     Epoch[27] Iteration[350/1240], entropy: 0.5152, loss: 2.0624, lr: 7.68e-06
     Epoch[27] Iteration[360/1240], entropy: 1.0273, loss: 2.3770, lr: 1.81e-06
     Epoch[27] Iteration[370/1240], entropy: 0.5290, loss: 2.0123, lr: 3.51e-07
     Epoch[27] Iteration[380/1240], entropy: 0.6848, loss: 2.1441, lr: 5.31e-06
     Epoch[27] Iteration[390/1240], entropy: 0.7696, loss: 2.2361, lr: 9.84e-06
     Epoch[27] Iteration[400/1240], entropy: 0.6316, loss: 2.0373, lr: 7.68e-06
     Epoch[27] Iteration[410/1240], entropy: 0.5517, loss: 1.9719, lr: 1.81e-06
     Epoch[27] Iteration[420/1240], entropy: 0.6771, loss: 2.1062, lr: 3.51e-07
     Epoch[27] Iteration[430/1240], entropy: 0.5544, loss: 1.9721, lr: 5.31e-06
     Epoch[27] Iteration[440/1240], entropy: 0.7624, loss: 2.1860, lr: 9.84e-06
     Epoch[27] Iteration[450/1240], entropy: 0.8512, loss: 2.2967, lr: 7.68e-06
     Epoch[27] Iteration[460/1240], entropy: 0.4934, loss: 1.9427, lr: 1.81e-06
     Epoch[27] Iteration[470/1240], entropy: 0.6333, loss: 2.1122, lr: 3.51e-07
     Epoch[27] Iteration[480/1240], entropy: 0.5161, loss: 1.9324, lr: 5.31e-06
     Epoch[27] Iteration[490/1240], entropy: 0.5533, loss: 2.0708, lr: 9.84e-06
     Epoch[27] Iteration[500/1240], entropy: 0.6460, loss: 2.0372, lr: 7.68e-06
     Epoch[27] Iteration[510/1240], entropy: 0.5731, loss: 2.0706, lr: 1.81e-06
     Epoch[27] Iteration[520/1240], entropy: 0.5101, loss: 1.9821, lr: 3.51e-07
     Epoch[27] Iteration[530/1240], entropy: 0.6882, loss: 2.0877, lr: 5.31e-06
     Epoch[27] Iteration[540/1240], entropy: 0.4147, loss: 2.0341, lr: 9.84e-06
     Epoch[27] Iteration[550/1240], entropy: 0.6171, loss: 2.0695, lr: 8.19e-06
     Epoch[27] Iteration[560/1240], entropy: 0.7015, loss: 2.1850, lr: 2.32e-06
     Epoch[27] Iteration[570/1240], entropy: 0.5488, loss: 2.0316, lr: 1.57e-07
     Epoch[27] Iteration[580/1240], entropy: 0.5143, loss: 1.9849, lr: 4.69e-06
     Epoch[27] Iteration[590/1240], entropy: 0.4188, loss: 1.9575, lr: 9.65e-06
     Epoch[27] Iteration[600/1240], entropy: 0.4920, loss: 2.0716, lr: 8.19e-06
     Epoch[27] Iteration[610/1240], entropy: 0.4323, loss: 2.0311, lr: 2.32e-06
     Epoch[27] Iteration[620/1240], entropy: 0.5699, loss: 1.9976, lr: 1.57e-07
     Epoch[27] Iteration[630/1240], entropy: 0.8575, loss: 2.2290, lr: 4.69e-06
     Epoch[27] Iteration[640/1240], entropy: 0.6538, loss: 2.1251, lr: 9.65e-06
     Epoch[27] Iteration[650/1240], entropy: 0.9036, loss: 2.3193, lr: 8.19e-06
     Epoch[27] Iteration[660/1240], entropy: 0.6158, loss: 2.0555, lr: 2.32e-06
     Epoch[27] Iteration[670/1240], entropy: 0.7482, loss: 2.1754, lr: 1.57e-07
     Epoch[27] Iteration[680/1240], entropy: 0.7347, loss: 2.1174, lr: 4.69e-06
     Epoch[27] Iteration[690/1240], entropy: 0.5461, loss: 2.0151, lr: 9.65e-06
     Epoch[27] Iteration[700/1240], entropy: 0.4653, loss: 1.9237, lr: 8.19e-06
     Epoch[27] Iteration[710/1240], entropy: 0.7978, loss: 2.2498, lr: 2.32e-06
     Epoch[27] Iteration[720/1240], entropy: 0.7183, loss: 2.1406, lr: 1.57e-07
     Epoch[27] Iteration[730/1240], entropy: 0.4241, loss: 1.9476, lr: 4.69e-06
     Epoch[27] Iteration[740/1240], entropy: 0.7013, loss: 2.1029, lr: 9.65e-06
     Epoch[27] Iteration[750/1240], entropy: 0.4736, loss: 1.9215, lr: 8.19e-06
     Epoch[27] Iteration[760/1240], entropy: 0.6522, loss: 2.1078, lr: 2.32e-06
     Epoch[27] Iteration[770/1240], entropy: 0.6034, loss: 2.1300, lr: 1.57e-07
     Epoch[27] Iteration[780/1240], entropy: 0.4501, loss: 1.9719, lr: 4.69e-06
     Epoch[27] Iteration[790/1240], entropy: 0.7502, loss: 2.1677, lr: 9.65e-06
     Epoch[27] Iteration[800/1240], entropy: 0.6523, loss: 2.0756, lr: 8.19e-06
     Epoch[27] Iteration[810/1240], entropy: 0.5235, loss: 2.0248, lr: 2.32e-06
     Epoch[27] Iteration[820/1240], entropy: 0.7682, loss: 2.2819, lr: 1.57e-07
     Epoch[27] Iteration[830/1240], entropy: 0.7302, loss: 2.2181, lr: 4.69e-06
     Epoch[27] Iteration[840/1240], entropy: 0.8119, loss: 2.1677, lr: 9.65e-06
     Epoch[27] Iteration[850/1240], entropy: 0.6673, loss: 2.0990, lr: 8.19e-06
     Epoch[27] Iteration[860/1240], entropy: 0.7034, loss: 2.0819, lr: 2.32e-06
     Epoch[27] Iteration[870/1240], entropy: 0.7970, loss: 2.1737, lr: 1.57e-07
     Epoch[27] Iteration[880/1240], entropy: 0.6652, loss: 2.1074, lr: 4.69e-06
     Epoch[27] Iteration[890/1240], entropy: 0.7485, loss: 2.1309, lr: 9.65e-06
     Epoch[27] Iteration[900/1240], entropy: 0.8257, loss: 2.2262, lr: 8.19e-06
     Epoch[27] Iteration[910/1240], entropy: 0.7198, loss: 2.1747, lr: 2.32e-06
     Epoch[27] Iteration[920/1240], entropy: 0.9642, loss: 2.3382, lr: 1.57e-07
     Epoch[27] Iteration[930/1240], entropy: 0.5566, loss: 2.1013, lr: 4.69e-06
     Epoch[27] Iteration[940/1240], entropy: 0.9191, loss: 2.3004, lr: 9.65e-06
     Epoch[27] Iteration[950/1240], entropy: 0.7515, loss: 2.2088, lr: 8.19e-06
     Epoch[27] Iteration[960/1240], entropy: 0.5639, loss: 2.1034, lr: 2.32e-06
     Epoch[27] Iteration[970/1240], entropy: 0.6554, loss: 2.1824, lr: 1.57e-07
     Epoch[27] Iteration[980/1240], entropy: 0.5818, loss: 2.0997, lr: 4.69e-06
     Epoch[27] Iteration[990/1240], entropy: 0.5559, loss: 2.0071, lr: 9.65e-06
     Epoch[27] Iteration[1000/1240], entropy: 0.7854, loss: 2.1692, lr: 8.19e-06
     Epoch[27] Iteration[1010/1240], entropy: 0.7284, loss: 2.2205, lr: 2.32e-06
     Epoch[27] Iteration[1020/1240], entropy: 0.6792, loss: 2.1379, lr: 1.57e-07
     Epoch[27] Iteration[1030/1240], entropy: 0.6851, loss: 2.0934, lr: 4.69e-06
     Epoch[27] Iteration[1040/1240], entropy: 0.3452, loss: 1.7901, lr: 9.65e-06
     Epoch[27] Iteration[1050/1240], entropy: 0.6966, loss: 2.0432, lr: 8.19e-06
     Epoch[27] Iteration[1060/1240], entropy: 0.6804, loss: 2.1570, lr: 2.32e-06
     Epoch[27] Iteration[1070/1240], entropy: 0.7498, loss: 2.1391, lr: 1.57e-07
     Epoch[27] Iteration[1080/1240], entropy: 0.7305, loss: 2.2342, lr: 4.69e-06
     Epoch[27] Iteration[1090/1240], entropy: 0.5430, loss: 2.0153, lr: 9.65e-06
     Epoch[27] Iteration[1100/1240], entropy: 0.6422, loss: 2.1880, lr: 8.19e-06
     Epoch[27] Iteration[1110/1240], entropy: 0.4596, loss: 1.9491, lr: 2.32e-06
     Epoch[27] Iteration[1120/1240], entropy: 0.6569, loss: 2.0853, lr: 1.57e-07
     Epoch[27] Iteration[1130/1240], entropy: 0.6391, loss: 2.1456, lr: 4.69e-06
     Epoch[27] Iteration[1140/1240], entropy: 0.8273, loss: 2.2705, lr: 9.65e-06
     Epoch[27] Iteration[1150/1240], entropy: 0.6487, loss: 2.0914, lr: 8.19e-06
     Epoch[27] Iteration[1160/1240], entropy: 0.6868, loss: 2.2009, lr: 2.32e-06
     Epoch[27] Iteration[1170/1240], entropy: 0.6281, loss: 2.0399, lr: 1.57e-07
     Epoch[27] Iteration[1180/1240], entropy: 0.4952, loss: 2.0945, lr: 4.69e-06
     Epoch[27] Iteration[1190/1240], entropy: 0.6387, loss: 1.9978, lr: 9.65e-06
     Epoch[27] Iteration[1200/1240], entropy: 0.6304, loss: 1.9623, lr: 8.19e-06
     Epoch[27] Iteration[1210/1240], entropy: 0.6322, loss: 2.1289, lr: 2.32e-06
     Epoch[27] Iteration[1220/1240], entropy: 0.5739, loss: 2.0778, lr: 1.57e-07
     Epoch[27] Iteration[1230/1240], entropy: 0.6994, loss: 2.1781, lr: 4.69e-06
     Epoch[27] Iteration[1240/1240], entropy: 0.6759, loss: 2.0810, lr: 9.65e-06
     Averaged stats: entropy: 0.6759, loss: 2.0810, lr: 9.65e-06
     itm tta time 0:03:59
### TTA Eval Score: 
+-------+--------+--------+--------+--------+-------+
| epoch |   R1   |   R5   |  R10   |  mAP   |  mINP |
+-------+--------+--------+--------+--------+-------+
|  -999 | 37.304 | 55.557 | 63.548 | 20.140 | 2.213 |
|   0   | 37.500 | 55.643 | 63.654 | 20.140 | 2.170 |
|   1   | 37.641 | 55.673 | 63.749 | 20.139 | 2.142 |
|   2   | 37.712 | 55.688 | 63.714 | 20.134 | 2.121 |
|   3   | 37.838 | 55.708 | 63.815 | 20.147 | 2.108 |
|   4   | 37.833 | 55.794 | 63.860 | 20.147 | 2.095 |
|   5   | 37.918 | 55.880 | 63.916 | 20.164 | 2.090 |
|   6   | 37.958 | 55.950 | 63.971 | 20.173 | 2.086 |
|   7   | 38.039 | 56.026 | 64.052 | 20.187 | 2.083 |
|   8   | 38.084 | 56.061 | 64.132 | 20.201 | 2.083 |
|   9   | 38.140 | 56.056 | 64.168 | 20.220 | 2.085 |
|   10  | 38.170 | 56.111 | 64.183 | 20.234 | 2.086 |
|   11  | 38.215 | 56.192 | 64.198 | 20.245 | 2.086 |
|   12  | 38.266 | 56.247 | 64.218 | 20.259 | 2.086 |
|   13  | 38.286 | 56.217 | 64.279 | 20.273 | 2.088 |
|   14  | 38.316 | 56.212 | 64.349 | 20.291 | 2.091 |
|   15  | 38.351 | 56.232 | 64.379 | 20.302 | 2.090 |
|   16  | 38.427 | 56.268 | 64.435 | 20.322 | 2.095 |
|   17  | 38.442 | 56.278 | 64.435 | 20.329 | 2.095 |
|   18  | 38.503 | 56.318 | 64.445 | 20.339 | 2.095 |
|   19  | 38.573 | 56.363 | 64.470 | 20.356 | 2.099 |
|   20  | 38.613 | 56.348 | 64.495 | 20.369 | 2.102 |
|   21  | 38.694 | 56.399 | 64.530 | 20.381 | 2.103 |
|   22  | 38.709 | 56.419 | 64.571 | 20.388 | 2.104 |
|   23  | 38.749 | 56.424 | 64.626 | 20.397 | 2.105 |
|   24  | 38.755 | 56.429 | 64.641 | 20.404 | 2.106 |
|   25  | 38.770 | 56.469 | 64.611 | 20.420 | 2.107 |
|   26  | 38.785 | 56.525 | 64.616 | 20.428 | 2.109 |
|   27  | 38.795 | 56.540 | 64.621 | 20.437 | 2.111 |
+-------+--------+--------+--------+--------+-------+
     logs:  {'epo': 27, 'R1': np.float32(38.795), 'R5': np.float32(56.54), 'R10': np.float32(64.621), 'mAP': np.float32(20.437), 'mINP': np.float32(2.111), 'entropy': 0.6573472049447798, 'loss': 2.1102070164295936, 'lr': 4.978394080847542e-06}
     Epoch[28] Iteration[10/1240], entropy: 0.7538, loss: 2.1799, lr: 8.19e-06
     Epoch[28] Iteration[20/1240], entropy: 0.5514, loss: 2.0273, lr: 2.32e-06
     Epoch[28] Iteration[30/1240], entropy: 0.7332, loss: 2.2505, lr: 1.57e-07
     Epoch[28] Iteration[40/1240], entropy: 0.8065, loss: 2.2628, lr: 4.69e-06
     Epoch[28] Iteration[50/1240], entropy: 0.6294, loss: 2.0671, lr: 9.65e-06
     Epoch[28] Iteration[60/1240], entropy: 0.7989, loss: 2.2284, lr: 8.19e-06
     Epoch[28] Iteration[70/1240], entropy: 0.6255, loss: 2.0891, lr: 2.32e-06
     Epoch[28] Iteration[80/1240], entropy: 0.5760, loss: 2.0899, lr: 1.57e-07
     Epoch[28] Iteration[90/1240], entropy: 0.5266, loss: 1.9867, lr: 4.69e-06
     Epoch[28] Iteration[100/1240], entropy: 0.5174, loss: 1.9166, lr: 9.65e-06
     Epoch[28] Iteration[110/1240], entropy: 0.6909, loss: 2.0804, lr: 8.19e-06
     Epoch[28] Iteration[120/1240], entropy: 0.5900, loss: 2.0351, lr: 2.32e-06
     Epoch[28] Iteration[130/1240], entropy: 0.7462, loss: 2.1348, lr: 1.57e-07
     Epoch[28] Iteration[140/1240], entropy: 0.7201, loss: 2.2006, lr: 4.69e-06
     Epoch[28] Iteration[150/1240], entropy: 0.5103, loss: 1.9492, lr: 9.65e-06
     Epoch[28] Iteration[160/1240], entropy: 0.6124, loss: 2.0738, lr: 8.19e-06
     Epoch[28] Iteration[170/1240], entropy: 0.5928, loss: 2.0396, lr: 2.32e-06
     Epoch[28] Iteration[180/1240], entropy: 0.7321, loss: 2.0821, lr: 1.57e-07
     Epoch[28] Iteration[190/1240], entropy: 0.5313, loss: 1.9253, lr: 4.69e-06
     Epoch[28] Iteration[200/1240], entropy: 0.6638, loss: 2.1039, lr: 9.65e-06
     Epoch[28] Iteration[210/1240], entropy: 0.6077, loss: 2.1320, lr: 8.19e-06
     Epoch[28] Iteration[220/1240], entropy: 0.5781, loss: 2.0444, lr: 2.32e-06
     Epoch[28] Iteration[230/1240], entropy: 0.7273, loss: 2.1333, lr: 1.57e-07
     Epoch[28] Iteration[240/1240], entropy: 0.6599, loss: 2.0530, lr: 4.69e-06
     Epoch[28] Iteration[250/1240], entropy: 0.5586, loss: 2.0534, lr: 9.65e-06
     Epoch[28] Iteration[260/1240], entropy: 0.4822, loss: 1.9197, lr: 8.19e-06
     Epoch[28] Iteration[270/1240], entropy: 0.7344, loss: 2.0958, lr: 2.32e-06
     Epoch[28] Iteration[280/1240], entropy: 0.5282, loss: 1.9981, lr: 1.57e-07
     Epoch[28] Iteration[290/1240], entropy: 0.7879, loss: 2.1639, lr: 4.69e-06
     Epoch[28] Iteration[300/1240], entropy: 0.4864, loss: 1.9134, lr: 9.65e-06
     Epoch[28] Iteration[310/1240], entropy: 0.6107, loss: 2.0010, lr: 8.19e-06
     Epoch[28] Iteration[320/1240], entropy: 0.7920, loss: 2.1805, lr: 2.32e-06
     Epoch[28] Iteration[330/1240], entropy: 0.6250, loss: 2.1148, lr: 1.57e-07
     Epoch[28] Iteration[340/1240], entropy: 0.5582, loss: 2.0579, lr: 4.69e-06
     Epoch[28] Iteration[350/1240], entropy: 0.9054, loss: 2.2792, lr: 9.65e-06
     Epoch[28] Iteration[360/1240], entropy: 0.6466, loss: 2.0358, lr: 8.19e-06
     Epoch[28] Iteration[370/1240], entropy: 0.7204, loss: 2.1490, lr: 2.32e-06
     Epoch[28] Iteration[380/1240], entropy: 0.6130, loss: 2.0959, lr: 1.57e-07
     Epoch[28] Iteration[390/1240], entropy: 0.7127, loss: 2.1415, lr: 4.69e-06
     Epoch[28] Iteration[400/1240], entropy: 0.7612, loss: 2.2055, lr: 9.65e-06
     Epoch[28] Iteration[410/1240], entropy: 0.7935, loss: 2.1983, lr: 8.19e-06
     Epoch[28] Iteration[420/1240], entropy: 0.4433, loss: 1.9897, lr: 2.32e-06
     Epoch[28] Iteration[430/1240], entropy: 0.5890, loss: 2.0688, lr: 1.57e-07
     Epoch[28] Iteration[440/1240], entropy: 0.7602, loss: 2.1900, lr: 4.69e-06
     Epoch[28] Iteration[450/1240], entropy: 0.7356, loss: 2.1316, lr: 9.65e-06
     Epoch[28] Iteration[460/1240], entropy: 0.6732, loss: 2.1813, lr: 8.19e-06
     Epoch[28] Iteration[470/1240], entropy: 0.6623, loss: 2.1318, lr: 2.32e-06
     Epoch[28] Iteration[480/1240], entropy: 0.6738, loss: 2.1442, lr: 1.57e-07
     Epoch[28] Iteration[490/1240], entropy: 0.5893, loss: 2.0420, lr: 4.69e-06
     Epoch[28] Iteration[500/1240], entropy: 0.6469, loss: 2.1320, lr: 9.65e-06
     Epoch[28] Iteration[510/1240], entropy: 0.6324, loss: 2.0923, lr: 8.19e-06
     Epoch[28] Iteration[520/1240], entropy: 0.7737, loss: 2.2293, lr: 2.32e-06
     Epoch[28] Iteration[530/1240], entropy: 0.4176, loss: 1.9384, lr: 1.57e-07
     Epoch[28] Iteration[540/1240], entropy: 0.6485, loss: 2.0239, lr: 4.69e-06
     Epoch[28] Iteration[550/1240], entropy: 0.7800, loss: 2.2064, lr: 9.65e-06
     Epoch[28] Iteration[560/1240], entropy: 0.5944, loss: 2.0899, lr: 8.19e-06
     Epoch[28] Iteration[570/1240], entropy: 0.7218, loss: 2.1972, lr: 2.32e-06
     Epoch[28] Iteration[580/1240], entropy: 0.6971, loss: 2.1529, lr: 1.57e-07
     Epoch[28] Iteration[590/1240], entropy: 0.4049, loss: 1.9756, lr: 4.69e-06
     Epoch[28] Iteration[600/1240], entropy: 0.8305, loss: 2.2279, lr: 9.65e-06
     Epoch[28] Iteration[610/1240], entropy: 0.5204, loss: 2.0944, lr: 8.19e-06
     Epoch[28] Iteration[620/1240], entropy: 0.6860, loss: 2.1641, lr: 2.32e-06
     Epoch[28] Iteration[630/1240], entropy: 0.5885, loss: 1.9802, lr: 1.57e-07
     Epoch[28] Iteration[640/1240], entropy: 0.7017, loss: 2.2096, lr: 4.69e-06
     Epoch[28] Iteration[650/1240], entropy: 0.6887, loss: 2.1382, lr: 9.65e-06
     Epoch[28] Iteration[660/1240], entropy: 0.5865, loss: 2.0543, lr: 8.19e-06
     Epoch[28] Iteration[670/1240], entropy: 0.8376, loss: 2.2897, lr: 2.32e-06
     Epoch[28] Iteration[680/1240], entropy: 0.7467, loss: 2.2293, lr: 1.57e-07
     Epoch[28] Iteration[690/1240], entropy: 0.5573, loss: 2.0449, lr: 4.69e-06
     Epoch[28] Iteration[700/1240], entropy: 0.7385, loss: 2.0177, lr: 9.65e-06
     Epoch[28] Iteration[710/1240], entropy: 0.6486, loss: 2.1210, lr: 8.19e-06
     Epoch[28] Iteration[720/1240], entropy: 0.4672, loss: 1.9748, lr: 2.32e-06
     Epoch[28] Iteration[730/1240], entropy: 0.4951, loss: 2.0029, lr: 1.57e-07
     Epoch[28] Iteration[740/1240], entropy: 0.7523, loss: 2.1806, lr: 4.69e-06
     Epoch[28] Iteration[750/1240], entropy: 0.6268, loss: 2.0680, lr: 9.65e-06
     Epoch[28] Iteration[760/1240], entropy: 0.4339, loss: 1.9301, lr: 8.19e-06
     Epoch[28] Iteration[770/1240], entropy: 0.6539, loss: 2.0603, lr: 2.32e-06
     Epoch[28] Iteration[780/1240], entropy: 0.6297, loss: 2.0387, lr: 1.57e-07
     Epoch[28] Iteration[790/1240], entropy: 0.5985, loss: 2.1224, lr: 4.69e-06
     Epoch[28] Iteration[800/1240], entropy: 0.5467, loss: 2.0312, lr: 9.65e-06
     Epoch[28] Iteration[810/1240], entropy: 0.6833, loss: 2.1883, lr: 8.19e-06
     Epoch[28] Iteration[820/1240], entropy: 0.4879, loss: 1.9751, lr: 2.32e-06
     Epoch[28] Iteration[830/1240], entropy: 0.6860, loss: 2.0940, lr: 1.57e-07
     Epoch[28] Iteration[840/1240], entropy: 0.6369, loss: 2.0013, lr: 4.69e-06
     Epoch[28] Iteration[850/1240], entropy: 0.6144, loss: 2.0490, lr: 9.65e-06
     Epoch[28] Iteration[860/1240], entropy: 0.5442, loss: 1.9598, lr: 8.19e-06
     Epoch[28] Iteration[870/1240], entropy: 0.6386, loss: 2.0499, lr: 2.32e-06
     Epoch[28] Iteration[880/1240], entropy: 0.7186, loss: 2.2887, lr: 1.57e-07
     Epoch[28] Iteration[890/1240], entropy: 0.7746, loss: 2.1957, lr: 4.69e-06
     Epoch[28] Iteration[900/1240], entropy: 0.4986, loss: 1.8534, lr: 9.65e-06
     Epoch[28] Iteration[910/1240], entropy: 0.6511, loss: 2.2001, lr: 8.19e-06
     Epoch[28] Iteration[920/1240], entropy: 0.4259, loss: 1.8887, lr: 2.32e-06
     Epoch[28] Iteration[930/1240], entropy: 1.0040, loss: 2.3996, lr: 1.57e-07
     Epoch[28] Iteration[940/1240], entropy: 0.8895, loss: 2.3046, lr: 4.69e-06
     Epoch[28] Iteration[950/1240], entropy: 0.8140, loss: 2.2541, lr: 9.65e-06
     Epoch[28] Iteration[960/1240], entropy: 0.6944, loss: 2.1304, lr: 8.19e-06
     Epoch[28] Iteration[970/1240], entropy: 0.6979, loss: 2.1425, lr: 2.32e-06
     Epoch[28] Iteration[980/1240], entropy: 0.4340, loss: 1.9462, lr: 1.57e-07
     Epoch[28] Iteration[990/1240], entropy: 0.7354, loss: 2.0712, lr: 4.69e-06
     Epoch[28] Iteration[1000/1240], entropy: 0.6670, loss: 2.0768, lr: 9.65e-06
     Epoch[28] Iteration[1010/1240], entropy: 0.5842, loss: 2.0546, lr: 8.19e-06
     Epoch[28] Iteration[1020/1240], entropy: 0.3205, loss: 1.8016, lr: 2.32e-06
     Epoch[28] Iteration[1030/1240], entropy: 0.6378, loss: 2.1032, lr: 1.57e-07
     Epoch[28] Iteration[1040/1240], entropy: 0.4295, loss: 2.0238, lr: 4.69e-06
     Epoch[28] Iteration[1050/1240], entropy: 0.5771, loss: 2.0991, lr: 9.65e-06
     Epoch[28] Iteration[1060/1240], entropy: 0.8183, loss: 2.2427, lr: 8.19e-06
     Epoch[28] Iteration[1070/1240], entropy: 0.9304, loss: 2.3980, lr: 2.32e-06
     Epoch[28] Iteration[1080/1240], entropy: 0.6981, loss: 2.0795, lr: 1.57e-07
     Epoch[28] Iteration[1090/1240], entropy: 0.6586, loss: 2.1743, lr: 4.69e-06
     Epoch[28] Iteration[1100/1240], entropy: 0.7934, loss: 2.1542, lr: 9.65e-06
     Epoch[28] Iteration[1110/1240], entropy: 0.9170, loss: 2.2975, lr: 8.19e-06
     Epoch[28] Iteration[1120/1240], entropy: 0.7316, loss: 2.1775, lr: 2.32e-06
     Epoch[28] Iteration[1130/1240], entropy: 0.7233, loss: 2.0650, lr: 1.57e-07
     Epoch[28] Iteration[1140/1240], entropy: 0.5591, loss: 2.0684, lr: 4.69e-06
     Epoch[28] Iteration[1150/1240], entropy: 0.5300, loss: 2.0065, lr: 9.65e-06
     Epoch[28] Iteration[1160/1240], entropy: 0.6592, loss: 2.1055, lr: 8.19e-06
     Epoch[28] Iteration[1170/1240], entropy: 0.6243, loss: 2.0899, lr: 2.32e-06
     Epoch[28] Iteration[1180/1240], entropy: 0.4537, loss: 1.9161, lr: 1.57e-07
     Epoch[28] Iteration[1190/1240], entropy: 0.5674, loss: 2.1269, lr: 4.69e-06
     Epoch[28] Iteration[1200/1240], entropy: 0.6057, loss: 2.1368, lr: 9.65e-06
     Epoch[28] Iteration[1210/1240], entropy: 0.8758, loss: 2.2871, lr: 8.19e-06
     Epoch[28] Iteration[1220/1240], entropy: 0.6940, loss: 2.1084, lr: 2.32e-06
     Epoch[28] Iteration[1230/1240], entropy: 0.2773, loss: 1.8506, lr: 1.57e-07
     Epoch[28] Iteration[1240/1240], entropy: 0.5381, loss: 2.0499, lr: 4.69e-06
     Averaged stats: entropy: 0.5381, loss: 2.0499, lr: 4.69e-06
     itm tta time 0:03:55
### TTA Eval Score: 
+-------+--------+--------+--------+--------+-------+
| epoch |   R1   |   R5   |  R10   |  mAP   |  mINP |
+-------+--------+--------+--------+--------+-------+
|  -999 | 37.304 | 55.557 | 63.548 | 20.140 | 2.213 |
|   0   | 37.500 | 55.643 | 63.654 | 20.140 | 2.170 |
|   1   | 37.641 | 55.673 | 63.749 | 20.139 | 2.142 |
|   2   | 37.712 | 55.688 | 63.714 | 20.134 | 2.121 |
|   3   | 37.838 | 55.708 | 63.815 | 20.147 | 2.108 |
|   4   | 37.833 | 55.794 | 63.860 | 20.147 | 2.095 |
|   5   | 37.918 | 55.880 | 63.916 | 20.164 | 2.090 |
|   6   | 37.958 | 55.950 | 63.971 | 20.173 | 2.086 |
|   7   | 38.039 | 56.026 | 64.052 | 20.187 | 2.083 |
|   8   | 38.084 | 56.061 | 64.132 | 20.201 | 2.083 |
|   9   | 38.140 | 56.056 | 64.168 | 20.220 | 2.085 |
|   10  | 38.170 | 56.111 | 64.183 | 20.234 | 2.086 |
|   11  | 38.215 | 56.192 | 64.198 | 20.245 | 2.086 |
|   12  | 38.266 | 56.247 | 64.218 | 20.259 | 2.086 |
|   13  | 38.286 | 56.217 | 64.279 | 20.273 | 2.088 |
|   14  | 38.316 | 56.212 | 64.349 | 20.291 | 2.091 |
|   15  | 38.351 | 56.232 | 64.379 | 20.302 | 2.090 |
|   16  | 38.427 | 56.268 | 64.435 | 20.322 | 2.095 |
|   17  | 38.442 | 56.278 | 64.435 | 20.329 | 2.095 |
|   18  | 38.503 | 56.318 | 64.445 | 20.339 | 2.095 |
|   19  | 38.573 | 56.363 | 64.470 | 20.356 | 2.099 |
|   20  | 38.613 | 56.348 | 64.495 | 20.369 | 2.102 |
|   21  | 38.694 | 56.399 | 64.530 | 20.381 | 2.103 |
|   22  | 38.709 | 56.419 | 64.571 | 20.388 | 2.104 |
|   23  | 38.749 | 56.424 | 64.626 | 20.397 | 2.105 |
|   24  | 38.755 | 56.429 | 64.641 | 20.404 | 2.106 |
|   25  | 38.770 | 56.469 | 64.611 | 20.420 | 2.107 |
|   26  | 38.785 | 56.525 | 64.616 | 20.428 | 2.109 |
|   27  | 38.795 | 56.540 | 64.621 | 20.437 | 2.111 |
|   28  | 38.800 | 56.570 | 64.651 | 20.441 | 2.111 |
+-------+--------+--------+--------+--------+-------+
     logs:  {'epo': 28, 'R1': np.float32(38.8), 'R5': np.float32(56.57), 'R10': np.float32(64.651), 'mAP': np.float32(20.441), 'mINP': np.float32(2.111), 'entropy': 0.6457860157374413, 'loss': 2.097369965045683, 'lr': 4.962509012665838e-06}
     Epoch[29] Iteration[10/1240], entropy: 0.5570, loss: 2.1159, lr: 9.65e-06
     Epoch[29] Iteration[20/1240], entropy: 0.6280, loss: 2.0537, lr: 8.19e-06
     Epoch[29] Iteration[30/1240], entropy: 0.6703, loss: 2.1292, lr: 2.32e-06
     Epoch[29] Iteration[40/1240], entropy: 0.7213, loss: 2.1671, lr: 1.57e-07
     Epoch[29] Iteration[50/1240], entropy: 0.5471, loss: 1.9690, lr: 4.69e-06
     Epoch[29] Iteration[60/1240], entropy: 0.6902, loss: 2.1894, lr: 9.65e-06
     Epoch[29] Iteration[70/1240], entropy: 0.8946, loss: 2.2919, lr: 8.64e-06
     Epoch[29] Iteration[80/1240], entropy: 0.6504, loss: 2.1211, lr: 2.87e-06
     Epoch[29] Iteration[90/1240], entropy: 0.4942, loss: 2.0573, lr: 3.94e-08
     Epoch[29] Iteration[100/1240], entropy: 0.5532, loss: 2.0198, lr: 4.06e-06
     Epoch[29] Iteration[110/1240], entropy: 0.6261, loss: 2.0676, lr: 9.38e-06
     Epoch[29] Iteration[120/1240], entropy: 0.4982, loss: 2.0170, lr: 8.64e-06
     Epoch[29] Iteration[130/1240], entropy: 0.8023, loss: 2.1985, lr: 2.87e-06
     Epoch[29] Iteration[140/1240], entropy: 0.6143, loss: 2.1383, lr: 3.94e-08
     Epoch[29] Iteration[150/1240], entropy: 0.4499, loss: 1.9645, lr: 4.06e-06
     Epoch[29] Iteration[160/1240], entropy: 0.6883, loss: 2.1364, lr: 9.38e-06
     Epoch[29] Iteration[170/1240], entropy: 0.8680, loss: 2.3042, lr: 8.64e-06
     Epoch[29] Iteration[180/1240], entropy: 0.5314, loss: 2.0925, lr: 2.87e-06
     Epoch[29] Iteration[190/1240], entropy: 0.5873, loss: 2.0243, lr: 3.94e-08
     Epoch[29] Iteration[200/1240], entropy: 0.7090, loss: 2.1768, lr: 4.06e-06
     Epoch[29] Iteration[210/1240], entropy: 0.7801, loss: 2.2160, lr: 9.38e-06
     Epoch[29] Iteration[220/1240], entropy: 0.8114, loss: 2.2182, lr: 8.64e-06
     Epoch[29] Iteration[230/1240], entropy: 0.5434, loss: 2.0685, lr: 2.87e-06
     Epoch[29] Iteration[240/1240], entropy: 0.5643, loss: 2.0493, lr: 3.94e-08
     Epoch[29] Iteration[250/1240], entropy: 0.6278, loss: 2.1688, lr: 4.06e-06
     Epoch[29] Iteration[260/1240], entropy: 0.7263, loss: 2.0269, lr: 9.38e-06
     Epoch[29] Iteration[270/1240], entropy: 0.7437, loss: 2.1870, lr: 8.64e-06
     Epoch[29] Iteration[280/1240], entropy: 0.5787, loss: 2.0402, lr: 2.87e-06
     Epoch[29] Iteration[290/1240], entropy: 0.5383, loss: 1.9206, lr: 3.94e-08
     Epoch[29] Iteration[300/1240], entropy: 0.6667, loss: 2.1260, lr: 4.06e-06
     Epoch[29] Iteration[310/1240], entropy: 0.4522, loss: 1.9205, lr: 9.38e-06
     Epoch[29] Iteration[320/1240], entropy: 0.6252, loss: 2.0436, lr: 8.64e-06
     Epoch[29] Iteration[330/1240], entropy: 0.6345, loss: 2.1150, lr: 2.87e-06
     Epoch[29] Iteration[340/1240], entropy: 0.5721, loss: 2.0623, lr: 3.94e-08
     Epoch[29] Iteration[350/1240], entropy: 0.5266, loss: 2.0097, lr: 4.06e-06
     Epoch[29] Iteration[360/1240], entropy: 0.6241, loss: 2.1158, lr: 9.38e-06
     Epoch[29] Iteration[370/1240], entropy: 0.4415, loss: 1.9679, lr: 8.64e-06
     Epoch[29] Iteration[380/1240], entropy: 0.6513, loss: 2.0980, lr: 2.87e-06
     Epoch[29] Iteration[390/1240], entropy: 0.7329, loss: 2.1470, lr: 3.94e-08
     Epoch[29] Iteration[400/1240], entropy: 0.6637, loss: 2.1611, lr: 4.06e-06
     Epoch[29] Iteration[410/1240], entropy: 0.6448, loss: 2.0215, lr: 9.38e-06
     Epoch[29] Iteration[420/1240], entropy: 0.5720, loss: 1.9879, lr: 8.64e-06
     Epoch[29] Iteration[430/1240], entropy: 0.5087, loss: 2.0270, lr: 2.87e-06
     Epoch[29] Iteration[440/1240], entropy: 0.7341, loss: 2.1496, lr: 3.94e-08
     Epoch[29] Iteration[450/1240], entropy: 1.0047, loss: 2.4038, lr: 4.06e-06
     Epoch[29] Iteration[460/1240], entropy: 0.5553, loss: 2.0268, lr: 9.38e-06
     Epoch[29] Iteration[470/1240], entropy: 0.7788, loss: 2.2139, lr: 8.64e-06
     Epoch[29] Iteration[480/1240], entropy: 0.7756, loss: 2.2895, lr: 2.87e-06
     Epoch[29] Iteration[490/1240], entropy: 0.6803, loss: 2.1234, lr: 3.94e-08
     Epoch[29] Iteration[500/1240], entropy: 0.8170, loss: 2.1953, lr: 4.06e-06
     Epoch[29] Iteration[510/1240], entropy: 0.9698, loss: 2.3329, lr: 9.38e-06
     Epoch[29] Iteration[520/1240], entropy: 0.6275, loss: 2.1191, lr: 8.64e-06
     Epoch[29] Iteration[530/1240], entropy: 0.7292, loss: 2.1530, lr: 2.87e-06
     Epoch[29] Iteration[540/1240], entropy: 0.5906, loss: 2.0298, lr: 3.94e-08
     Epoch[29] Iteration[550/1240], entropy: 0.6396, loss: 2.1381, lr: 4.06e-06
     Epoch[29] Iteration[560/1240], entropy: 0.5629, loss: 2.0139, lr: 9.38e-06
     Epoch[29] Iteration[570/1240], entropy: 0.6968, loss: 2.2224, lr: 8.64e-06
     Epoch[29] Iteration[580/1240], entropy: 0.6980, loss: 2.1536, lr: 2.87e-06
     Epoch[29] Iteration[590/1240], entropy: 0.6464, loss: 2.0529, lr: 3.94e-08
     Epoch[29] Iteration[600/1240], entropy: 0.5018, loss: 2.0753, lr: 4.06e-06
     Epoch[29] Iteration[610/1240], entropy: 0.5315, loss: 2.0928, lr: 9.38e-06
     Epoch[29] Iteration[620/1240], entropy: 0.9411, loss: 2.3056, lr: 8.64e-06
     Epoch[29] Iteration[630/1240], entropy: 0.7021, loss: 2.1078, lr: 2.87e-06
     Epoch[29] Iteration[640/1240], entropy: 0.6678, loss: 2.1561, lr: 3.94e-08
     Epoch[29] Iteration[650/1240], entropy: 0.6270, loss: 2.0199, lr: 4.06e-06
     Epoch[29] Iteration[660/1240], entropy: 0.5302, loss: 1.9560, lr: 9.38e-06
     Epoch[29] Iteration[670/1240], entropy: 0.8898, loss: 2.2972, lr: 8.64e-06
     Epoch[29] Iteration[680/1240], entropy: 0.7428, loss: 2.1665, lr: 2.87e-06
     Epoch[29] Iteration[690/1240], entropy: 0.5800, loss: 2.0488, lr: 3.94e-08
     Epoch[29] Iteration[700/1240], entropy: 0.9040, loss: 2.2567, lr: 4.06e-06
     Epoch[29] Iteration[710/1240], entropy: 0.5617, loss: 2.1209, lr: 9.38e-06
     Epoch[29] Iteration[720/1240], entropy: 0.6894, loss: 2.1325, lr: 8.64e-06
     Epoch[29] Iteration[730/1240], entropy: 0.6106, loss: 2.0045, lr: 2.87e-06
     Epoch[29] Iteration[740/1240], entropy: 0.3709, loss: 1.9089, lr: 3.94e-08
     Epoch[29] Iteration[750/1240], entropy: 0.4135, loss: 1.9882, lr: 4.06e-06
     Epoch[29] Iteration[760/1240], entropy: 0.5929, loss: 2.0356, lr: 9.38e-06
     Epoch[29] Iteration[770/1240], entropy: 0.5239, loss: 1.9651, lr: 8.64e-06
     Epoch[29] Iteration[780/1240], entropy: 0.7428, loss: 2.2150, lr: 2.87e-06
     Epoch[29] Iteration[790/1240], entropy: 0.6890, loss: 2.1440, lr: 3.94e-08
     Epoch[29] Iteration[800/1240], entropy: 0.6607, loss: 2.0971, lr: 4.06e-06
     Epoch[29] Iteration[810/1240], entropy: 0.7902, loss: 2.1866, lr: 9.38e-06
     Epoch[29] Iteration[820/1240], entropy: 0.7289, loss: 2.1891, lr: 8.64e-06
     Epoch[29] Iteration[830/1240], entropy: 0.5861, loss: 2.0331, lr: 2.87e-06
     Epoch[29] Iteration[840/1240], entropy: 0.6280, loss: 2.1137, lr: 3.94e-08
     Epoch[29] Iteration[850/1240], entropy: 0.6184, loss: 2.1788, lr: 4.06e-06
     Epoch[29] Iteration[860/1240], entropy: 0.5774, loss: 1.9992, lr: 9.38e-06
     Epoch[29] Iteration[870/1240], entropy: 0.7259, loss: 2.2640, lr: 8.64e-06
     Epoch[29] Iteration[880/1240], entropy: 0.7783, loss: 2.1825, lr: 2.87e-06
     Epoch[29] Iteration[890/1240], entropy: 0.5568, loss: 2.0597, lr: 3.94e-08
     Epoch[29] Iteration[900/1240], entropy: 0.5983, loss: 2.0586, lr: 4.06e-06
     Epoch[29] Iteration[910/1240], entropy: 0.5559, loss: 2.0647, lr: 9.38e-06
     Epoch[29] Iteration[920/1240], entropy: 0.5787, loss: 2.0658, lr: 8.64e-06
     Epoch[29] Iteration[930/1240], entropy: 0.7576, loss: 2.1844, lr: 2.87e-06
     Epoch[29] Iteration[940/1240], entropy: 0.7149, loss: 2.0909, lr: 3.94e-08
     Epoch[29] Iteration[950/1240], entropy: 0.7120, loss: 2.1874, lr: 4.06e-06
     Epoch[29] Iteration[960/1240], entropy: 0.4221, loss: 1.9065, lr: 9.38e-06
     Epoch[29] Iteration[970/1240], entropy: 0.4760, loss: 1.9394, lr: 8.64e-06
     Epoch[29] Iteration[980/1240], entropy: 0.6154, loss: 2.1186, lr: 2.87e-06
     Epoch[29] Iteration[990/1240], entropy: 0.4008, loss: 1.8700, lr: 3.94e-08
     Epoch[29] Iteration[1000/1240], entropy: 0.6733, loss: 2.1568, lr: 4.06e-06
     Epoch[29] Iteration[1010/1240], entropy: 0.5247, loss: 2.0451, lr: 9.38e-06
     Epoch[29] Iteration[1020/1240], entropy: 0.5223, loss: 2.0626, lr: 8.64e-06
     Epoch[29] Iteration[1030/1240], entropy: 0.5847, loss: 1.9868, lr: 2.87e-06
     Epoch[29] Iteration[1040/1240], entropy: 0.5454, loss: 2.0337, lr: 3.94e-08
     Epoch[29] Iteration[1050/1240], entropy: 0.3952, loss: 1.8838, lr: 4.06e-06
     Epoch[29] Iteration[1060/1240], entropy: 0.6722, loss: 2.1566, lr: 9.38e-06
     Epoch[29] Iteration[1070/1240], entropy: 0.6825, loss: 2.0969, lr: 8.64e-06
     Epoch[29] Iteration[1080/1240], entropy: 0.9461, loss: 2.2647, lr: 2.87e-06
     Epoch[29] Iteration[1090/1240], entropy: 0.5694, loss: 2.0457, lr: 3.94e-08
     Epoch[29] Iteration[1100/1240], entropy: 0.8078, loss: 2.2263, lr: 4.06e-06
     Epoch[29] Iteration[1110/1240], entropy: 0.6110, loss: 2.0917, lr: 9.38e-06
     Epoch[29] Iteration[1120/1240], entropy: 0.4862, loss: 2.0744, lr: 8.64e-06
     Epoch[29] Iteration[1130/1240], entropy: 0.8638, loss: 2.2246, lr: 2.87e-06
     Epoch[29] Iteration[1140/1240], entropy: 0.7771, loss: 2.1424, lr: 3.94e-08
     Epoch[29] Iteration[1150/1240], entropy: 0.5809, loss: 2.0944, lr: 4.06e-06
     Epoch[29] Iteration[1160/1240], entropy: 0.7468, loss: 2.2243, lr: 9.38e-06
     Epoch[29] Iteration[1170/1240], entropy: 0.6089, loss: 2.1391, lr: 8.64e-06
     Epoch[29] Iteration[1180/1240], entropy: 0.5699, loss: 2.0217, lr: 2.87e-06
     Epoch[29] Iteration[1190/1240], entropy: 0.5106, loss: 1.9772, lr: 3.94e-08
     Epoch[29] Iteration[1200/1240], entropy: 0.6984, loss: 2.2231, lr: 4.06e-06
     Epoch[29] Iteration[1210/1240], entropy: 0.4564, loss: 1.8931, lr: 9.38e-06
     Epoch[29] Iteration[1220/1240], entropy: 0.6158, loss: 2.0674, lr: 8.64e-06
     Epoch[29] Iteration[1230/1240], entropy: 0.6199, loss: 2.0592, lr: 2.87e-06
     Epoch[29] Iteration[1240/1240], entropy: 0.7551, loss: 2.0610, lr: 3.94e-08
     Averaged stats: entropy: 0.7551, loss: 2.0610, lr: 3.94e-08
     itm tta time 0:03:56
### TTA Eval Score: 
+-------+--------+--------+--------+--------+-------+
| epoch |   R1   |   R5   |  R10   |  mAP   |  mINP |
+-------+--------+--------+--------+--------+-------+
|  -999 | 37.304 | 55.557 | 63.548 | 20.140 | 2.213 |
|   0   | 37.500 | 55.643 | 63.654 | 20.140 | 2.170 |
|   1   | 37.641 | 55.673 | 63.749 | 20.139 | 2.142 |
|   2   | 37.712 | 55.688 | 63.714 | 20.134 | 2.121 |
|   3   | 37.838 | 55.708 | 63.815 | 20.147 | 2.108 |
|   4   | 37.833 | 55.794 | 63.860 | 20.147 | 2.095 |
|   5   | 37.918 | 55.880 | 63.916 | 20.164 | 2.090 |
|   6   | 37.958 | 55.950 | 63.971 | 20.173 | 2.086 |
|   7   | 38.039 | 56.026 | 64.052 | 20.187 | 2.083 |
|   8   | 38.084 | 56.061 | 64.132 | 20.201 | 2.083 |
|   9   | 38.140 | 56.056 | 64.168 | 20.220 | 2.085 |
|   10  | 38.170 | 56.111 | 64.183 | 20.234 | 2.086 |
|   11  | 38.215 | 56.192 | 64.198 | 20.245 | 2.086 |
|   12  | 38.266 | 56.247 | 64.218 | 20.259 | 2.086 |
|   13  | 38.286 | 56.217 | 64.279 | 20.273 | 2.088 |
|   14  | 38.316 | 56.212 | 64.349 | 20.291 | 2.091 |
|   15  | 38.351 | 56.232 | 64.379 | 20.302 | 2.090 |
|   16  | 38.427 | 56.268 | 64.435 | 20.322 | 2.095 |
|   17  | 38.442 | 56.278 | 64.435 | 20.329 | 2.095 |
|   18  | 38.503 | 56.318 | 64.445 | 20.339 | 2.095 |
|   19  | 38.573 | 56.363 | 64.470 | 20.356 | 2.099 |
|   20  | 38.613 | 56.348 | 64.495 | 20.369 | 2.102 |
|   21  | 38.694 | 56.399 | 64.530 | 20.381 | 2.103 |
|   22  | 38.709 | 56.419 | 64.571 | 20.388 | 2.104 |
|   23  | 38.749 | 56.424 | 64.626 | 20.397 | 2.105 |
|   24  | 38.755 | 56.429 | 64.641 | 20.404 | 2.106 |
|   25  | 38.770 | 56.469 | 64.611 | 20.420 | 2.107 |
|   26  | 38.785 | 56.525 | 64.616 | 20.428 | 2.109 |
|   27  | 38.795 | 56.540 | 64.621 | 20.437 | 2.111 |
|   28  | 38.800 | 56.570 | 64.651 | 20.441 | 2.111 |
|   29  | 38.830 | 56.585 | 64.666 | 20.451 | 2.111 |
+-------+--------+--------+--------+--------+-------+
     logs:  {'epo': 29, 'R1': np.float32(38.83), 'R5': np.float32(56.585), 'R10': np.float32(64.666), 'mAP': np.float32(20.451), 'mINP': np.float32(2.111), 'entropy': 0.6422366531145188, 'loss': 2.101545035839081, 'lr': 5.009711738726819e-06}
### best epoch 29 : {'epo': '29', 'R1': '38.83', 'R5': '56.585', 'R10': '64.666', 'mAP': '20.451', 'mINP': '2.111', 'entropy': '0.6422366531145188', 'loss': '2.101545035839081', 'lr': '5.009711738726819e-06'}
### Time 2:30:43
