Not using distributed mode
### Hyper-parameters:
     output_dir: output_rerun/ham_icfg_tta/exp3.1.4/2025091023112
     seed: 42
     device: cuda
     batch_size_tta: 32
     epochs: 30
     lr: 0.001
### Creating test dataset
     test_txt_set: 19848    test_img_set: 19848
     test_txt_loader: 39    test_img_loader: 39
### Creating model
Training Model with ['sdm', 'id', 'mlm'] tasks
Resized position embedding from size:torch.Size([1, 197, 768]) to size: torch.Size([1, 193, 768]) with height:24 width: 8
     Total Params Sum:  190482206
### Zero-Shot Score: 
/home/jiahao/task/IRRA/tta.py:261: FutureWarning: `torch.cuda.amp.GradScaler(args...)` is deprecated. Please use `torch.amp.GradScaler('cuda', args...)` instead.
  scaler = GradScaler()  # bf16
+-------+--------+--------+--------+--------+-------+
| epoch |   R1   |   R5   |  R10   |  mAP   |  mINP |
+-------+--------+--------+--------+--------+-------+
|  -999 | 37.304 | 55.557 | 63.548 | 20.140 | 2.213 |
+-------+--------+--------+--------+--------+-------+
### TTA:
### Compute Cos Similarity Uncertainty
     preprocess_tta_coefficients  start
     sample selection ...
     number of sample after sample_selection: 19848
     uncertainty ...
     pos/neg sampling ...
      number of sample after pos/neg sampling: torch.Size([19848, 4])
     preprocess_tta_coefficients  end
### Creating TTA dataset
     tta_dataset: 19848
### Creating tta dataloader
### be careful: func create_loader returns a list length of 1
     tta_loader: 620
### Configure adapted weights
     TTA Dropout Modules: 
 []
     TTA Require Gradient Params: 
 [('base_model.transformer.resblocks.1.ln_1.weight', torch.Size([512])), ('base_model.transformer.resblocks.1.ln_1.bias', torch.Size([512])), ('base_model.transformer.resblocks.1.ln_2.weight', torch.Size([512])), ('base_model.transformer.resblocks.1.ln_2.bias', torch.Size([512])), ('base_model.transformer.resblocks.2.ln_1.weight', torch.Size([512])), ('base_model.transformer.resblocks.2.ln_1.bias', torch.Size([512])), ('base_model.transformer.resblocks.2.ln_2.weight', torch.Size([512])), ('base_model.transformer.resblocks.2.ln_2.bias', torch.Size([512])), ('base_model.transformer.resblocks.3.ln_1.weight', torch.Size([512])), ('base_model.transformer.resblocks.3.ln_1.bias', torch.Size([512])), ('base_model.transformer.resblocks.3.ln_2.weight', torch.Size([512])), ('base_model.transformer.resblocks.3.ln_2.bias', torch.Size([512])), ('base_model.transformer.resblocks.4.ln_1.weight', torch.Size([512])), ('base_model.transformer.resblocks.4.ln_1.bias', torch.Size([512])), ('base_model.transformer.resblocks.4.ln_2.weight', torch.Size([512])), ('base_model.transformer.resblocks.4.ln_2.bias', torch.Size([512])), ('base_model.transformer.resblocks.5.ln_1.weight', torch.Size([512])), ('base_model.transformer.resblocks.5.ln_1.bias', torch.Size([512])), ('base_model.transformer.resblocks.5.ln_2.weight', torch.Size([512])), ('base_model.transformer.resblocks.5.ln_2.bias', torch.Size([512])), ('base_model.transformer.resblocks.7.ln_1.weight', torch.Size([512])), ('base_model.transformer.resblocks.7.ln_1.bias', torch.Size([512])), ('base_model.transformer.resblocks.7.ln_2.weight', torch.Size([512])), ('base_model.transformer.resblocks.7.ln_2.bias', torch.Size([512])), ('base_model.transformer.resblocks.8.ln_1.weight', torch.Size([512])), ('base_model.transformer.resblocks.8.ln_1.bias', torch.Size([512])), ('base_model.transformer.resblocks.8.ln_2.weight', torch.Size([512])), ('base_model.transformer.resblocks.8.ln_2.bias', torch.Size([512])), ('base_model.transformer.resblocks.9.ln_1.weight', torch.Size([512])), ('base_model.transformer.resblocks.9.ln_1.bias', torch.Size([512])), ('base_model.transformer.resblocks.9.ln_2.weight', torch.Size([512])), ('base_model.transformer.resblocks.9.ln_2.bias', torch.Size([512])), ('base_model.transformer.resblocks.10.ln_1.weight', torch.Size([512])), ('base_model.transformer.resblocks.10.ln_1.bias', torch.Size([512])), ('base_model.transformer.resblocks.10.ln_2.weight', torch.Size([512])), ('base_model.transformer.resblocks.10.ln_2.bias', torch.Size([512])), ('base_model.transformer.resblocks.11.ln_1.weight', torch.Size([512])), ('base_model.transformer.resblocks.11.ln_1.bias', torch.Size([512])), ('base_model.transformer.resblocks.11.ln_2.weight', torch.Size([512])), ('base_model.transformer.resblocks.11.ln_2.bias', torch.Size([512])), ('base_model.ln_final.weight', torch.Size([512])), ('base_model.ln_final.bias', torch.Size([512]))]
     TTA Dropout Modules Number: 
 0
     TTA Require Gradient Params Sum: 
 21504
Using 5.0 times learning rate for random init module 
### Start Test Time Adaptation
/home/jiahao/task/IRRA/tta.py:65: FutureWarning: `torch.cuda.amp.autocast(args...)` is deprecated. Please use `torch.amp.autocast('cuda', args...)` instead.
  with torch.cuda.amp.autocast(enabled=True):
     Epoch[0] Iteration[10/620], entropy: 0.4520, loss: 2.5421, lr: 9.05e-04
     Epoch[0] Iteration[20/620], entropy: 0.4124, loss: 2.4490, lr: 3.45e-04
     Epoch[0] Iteration[30/620], entropy: 0.4108, loss: 2.4697, lr: 0.00e+00
     Epoch[0] Iteration[40/620], entropy: 0.4176, loss: 2.5271, lr: 3.45e-04
     Epoch[0] Iteration[50/620], entropy: 0.4140, loss: 2.4666, lr: 9.05e-04
     Epoch[0] Iteration[60/620], entropy: 0.4656, loss: 2.5113, lr: 9.05e-04
     Epoch[0] Iteration[70/620], entropy: 0.3613, loss: 2.4417, lr: 3.45e-04
     Epoch[0] Iteration[80/620], entropy: 0.3911, loss: 2.4851, lr: 0.00e+00
     Epoch[0] Iteration[90/620], entropy: 0.4470, loss: 2.4985, lr: 3.45e-04
     Epoch[0] Iteration[100/620], entropy: 0.3538, loss: 2.3995, lr: 9.05e-04
     Epoch[0] Iteration[110/620], entropy: 0.4237, loss: 2.4685, lr: 9.05e-04
     Epoch[0] Iteration[120/620], entropy: 0.4269, loss: 2.5009, lr: 3.45e-04
     Epoch[0] Iteration[130/620], entropy: 0.3825, loss: 2.4443, lr: 0.00e+00
     Epoch[0] Iteration[140/620], entropy: 0.3775, loss: 2.4372, lr: 3.45e-04
     Epoch[0] Iteration[150/620], entropy: 0.3105, loss: 2.4018, lr: 9.05e-04
     Epoch[0] Iteration[160/620], entropy: 0.3923, loss: 2.5129, lr: 9.05e-04
     Epoch[0] Iteration[170/620], entropy: 0.3511, loss: 2.4436, lr: 3.45e-04
     Epoch[0] Iteration[180/620], entropy: 0.5291, loss: 2.5815, lr: 0.00e+00
     Epoch[0] Iteration[190/620], entropy: 0.3462, loss: 2.4044, lr: 3.45e-04
     Epoch[0] Iteration[200/620], entropy: 0.2667, loss: 2.3992, lr: 9.05e-04
     Epoch[0] Iteration[210/620], entropy: 0.3805, loss: 2.4898, lr: 9.05e-04
     Epoch[0] Iteration[220/620], entropy: 0.3597, loss: 2.4305, lr: 3.45e-04
     Epoch[0] Iteration[230/620], entropy: 0.3610, loss: 2.4861, lr: 0.00e+00
     Epoch[0] Iteration[240/620], entropy: 0.3733, loss: 2.4797, lr: 3.45e-04
     Epoch[0] Iteration[250/620], entropy: 0.3882, loss: 2.4797, lr: 9.05e-04
     Epoch[0] Iteration[260/620], entropy: 0.3267, loss: 2.4105, lr: 9.05e-04
     Epoch[0] Iteration[270/620], entropy: 0.3428, loss: 2.4268, lr: 3.45e-04
     Epoch[0] Iteration[280/620], entropy: 0.3466, loss: 2.4565, lr: 0.00e+00
     Epoch[0] Iteration[290/620], entropy: 0.4104, loss: 2.4659, lr: 3.45e-04
     Epoch[0] Iteration[300/620], entropy: 0.3200, loss: 2.3867, lr: 9.05e-04
     Epoch[0] Iteration[310/620], entropy: 0.3442, loss: 2.4243, lr: 9.05e-04
     Epoch[0] Iteration[320/620], entropy: 0.3543, loss: 2.4540, lr: 3.45e-04
     Epoch[0] Iteration[330/620], entropy: 0.3552, loss: 2.4889, lr: 0.00e+00
     Epoch[0] Iteration[340/620], entropy: 0.3051, loss: 2.3161, lr: 3.45e-04
     Epoch[0] Iteration[350/620], entropy: 0.2349, loss: 2.2488, lr: 9.05e-04
     Epoch[0] Iteration[360/620], entropy: 0.3791, loss: 2.5013, lr: 9.05e-04
     Epoch[0] Iteration[370/620], entropy: 0.3315, loss: 2.3631, lr: 3.45e-04
     Epoch[0] Iteration[380/620], entropy: 0.4090, loss: 2.4750, lr: 0.00e+00
     Epoch[0] Iteration[390/620], entropy: 0.3718, loss: 2.4573, lr: 3.45e-04
     Epoch[0] Iteration[400/620], entropy: 0.3960, loss: 2.4602, lr: 9.05e-04
     Epoch[0] Iteration[410/620], entropy: 0.2828, loss: 2.4475, lr: 9.05e-04
     Epoch[0] Iteration[420/620], entropy: 0.4334, loss: 2.5690, lr: 3.45e-04
     Epoch[0] Iteration[430/620], entropy: 0.2571, loss: 2.3476, lr: 0.00e+00
     Epoch[0] Iteration[440/620], entropy: 0.2962, loss: 2.3746, lr: 3.45e-04
     Epoch[0] Iteration[450/620], entropy: 0.2809, loss: 2.3733, lr: 9.05e-04
     Epoch[0] Iteration[460/620], entropy: 0.4085, loss: 2.4925, lr: 9.05e-04
     Epoch[0] Iteration[470/620], entropy: 0.4601, loss: 2.5705, lr: 3.45e-04
     Epoch[0] Iteration[480/620], entropy: 0.4008, loss: 2.4303, lr: 0.00e+00
     Epoch[0] Iteration[490/620], entropy: 0.2812, loss: 2.3199, lr: 3.45e-04
     Epoch[0] Iteration[500/620], entropy: 0.3410, loss: 2.3902, lr: 9.05e-04
     Epoch[0] Iteration[510/620], entropy: 0.3759, loss: 2.5029, lr: 9.05e-04
     Epoch[0] Iteration[520/620], entropy: 0.4979, loss: 2.5532, lr: 3.45e-04
     Epoch[0] Iteration[530/620], entropy: 0.3401, loss: 2.4252, lr: 0.00e+00
     Epoch[0] Iteration[540/620], entropy: 0.3361, loss: 2.4607, lr: 3.45e-04
     Epoch[0] Iteration[550/620], entropy: 0.3212, loss: 2.4394, lr: 9.05e-04
     Epoch[0] Iteration[560/620], entropy: 0.3260, loss: 2.4634, lr: 9.05e-04
     Epoch[0] Iteration[570/620], entropy: 0.4092, loss: 2.5245, lr: 3.45e-04
     Epoch[0] Iteration[580/620], entropy: 0.4232, loss: 2.4582, lr: 0.00e+00
     Epoch[0] Iteration[590/620], entropy: 0.3293, loss: 2.4684, lr: 3.45e-04
     Epoch[0] Iteration[600/620], entropy: 0.3731, loss: 2.4482, lr: 9.05e-04
     Epoch[0] Iteration[610/620], entropy: 0.3555, loss: 2.4441, lr: 9.05e-04
     Epoch[0] Iteration[620/620], entropy: 0.3688, loss: 2.4615, lr: 3.45e-04
     Averaged stats: entropy: 0.3688, loss: 2.4615, lr: 3.45e-04
     itm tta time 0:01:59
### TTA Eval Score: 
+-------+--------+--------+--------+--------+-------+
| epoch |   R1   |   R5   |  R10   |  mAP   |  mINP |
+-------+--------+--------+--------+--------+-------+
|  -999 | 37.304 | 55.557 | 63.548 | 20.140 | 2.213 |
|   0   | 38.362 | 56.298 | 64.470 | 20.141 | 2.049 |
+-------+--------+--------+--------+--------+-------+
     logs:  {'epo': 0, 'R1': np.float32(38.362), 'R5': np.float32(56.298), 'R10': np.float32(64.47), 'mAP': np.float32(20.141), 'mINP': np.float32(2.049), 'entropy': 0.36968427175475704, 'loss': 2.4524339783576226, 'lr': 0.0005040322580645162}
     Epoch[1] Iteration[10/620], entropy: 0.3770, loss: 2.5424, lr: 0.00e+00
     Epoch[1] Iteration[20/620], entropy: 0.3247, loss: 2.4428, lr: 3.45e-04
     Epoch[1] Iteration[30/620], entropy: 0.3368, loss: 2.4215, lr: 9.05e-04
     Epoch[1] Iteration[40/620], entropy: 0.3643, loss: 2.5150, lr: 9.05e-04
     Epoch[1] Iteration[50/620], entropy: 0.3507, loss: 2.4773, lr: 3.45e-04
     Epoch[1] Iteration[60/620], entropy: 0.2601, loss: 2.3732, lr: 0.00e+00
     Epoch[1] Iteration[70/620], entropy: 0.3611, loss: 2.4298, lr: 3.45e-04
     Epoch[1] Iteration[80/620], entropy: 0.2690, loss: 2.3730, lr: 9.05e-04
     Epoch[1] Iteration[90/620], entropy: 0.4288, loss: 2.5286, lr: 9.05e-04
     Epoch[1] Iteration[100/620], entropy: 0.3292, loss: 2.3715, lr: 3.45e-04
     Epoch[1] Iteration[110/620], entropy: 0.3646, loss: 2.4995, lr: 0.00e+00
     Epoch[1] Iteration[120/620], entropy: 0.4645, loss: 2.5595, lr: 3.45e-04
     Epoch[1] Iteration[130/620], entropy: 0.2760, loss: 2.2979, lr: 9.05e-04
     Epoch[1] Iteration[140/620], entropy: 0.3212, loss: 2.4627, lr: 9.05e-04
     Epoch[1] Iteration[150/620], entropy: 0.5190, loss: 2.6055, lr: 3.45e-04
     Epoch[1] Iteration[160/620], entropy: 0.4159, loss: 2.4661, lr: 0.00e+00
     Epoch[1] Iteration[170/620], entropy: 0.2962, loss: 2.4127, lr: 3.45e-04
     Epoch[1] Iteration[180/620], entropy: 0.3551, loss: 2.4935, lr: 9.05e-04
     Epoch[1] Iteration[190/620], entropy: 0.4160, loss: 2.4813, lr: 9.05e-04
     Epoch[1] Iteration[200/620], entropy: 0.4222, loss: 2.5899, lr: 3.45e-04
     Epoch[1] Iteration[210/620], entropy: 0.4244, loss: 2.5380, lr: 0.00e+00
     Epoch[1] Iteration[220/620], entropy: 0.3528, loss: 2.4233, lr: 3.45e-04
     Epoch[1] Iteration[230/620], entropy: 0.3224, loss: 2.4003, lr: 9.05e-04
     Epoch[1] Iteration[240/620], entropy: 0.3002, loss: 2.3874, lr: 9.05e-04
     Epoch[1] Iteration[250/620], entropy: 0.3969, loss: 2.5645, lr: 3.45e-04
     Epoch[1] Iteration[260/620], entropy: 0.5253, loss: 2.6276, lr: 0.00e+00
     Epoch[1] Iteration[270/620], entropy: 0.4339, loss: 2.5267, lr: 3.45e-04
     Epoch[1] Iteration[280/620], entropy: 0.4777, loss: 2.5030, lr: 9.05e-04
     Epoch[1] Iteration[290/620], entropy: 0.3757, loss: 2.5108, lr: 9.05e-04
     Epoch[1] Iteration[300/620], entropy: 0.4007, loss: 2.5097, lr: 3.45e-04
     Epoch[1] Iteration[310/620], entropy: 0.2915, loss: 2.4190, lr: 0.00e+00
     Epoch[1] Iteration[320/620], entropy: 0.3714, loss: 2.4951, lr: 3.45e-04
     Epoch[1] Iteration[330/620], entropy: 0.2784, loss: 2.4329, lr: 9.05e-04
     Epoch[1] Iteration[340/620], entropy: 0.4659, loss: 2.5991, lr: 9.05e-04
     Epoch[1] Iteration[350/620], entropy: 0.3658, loss: 2.4493, lr: 3.45e-04
     Epoch[1] Iteration[360/620], entropy: 0.3401, loss: 2.4228, lr: 0.00e+00
     Epoch[1] Iteration[370/620], entropy: 0.3644, loss: 2.4804, lr: 3.45e-04
     Epoch[1] Iteration[380/620], entropy: 0.2986, loss: 2.4335, lr: 9.05e-04
     Epoch[1] Iteration[390/620], entropy: 0.3550, loss: 2.4788, lr: 9.05e-04
     Epoch[1] Iteration[400/620], entropy: 0.3330, loss: 2.4599, lr: 3.45e-04
     Epoch[1] Iteration[410/620], entropy: 0.4669, loss: 2.6210, lr: 0.00e+00
     Epoch[1] Iteration[420/620], entropy: 0.2600, loss: 2.3900, lr: 3.45e-04
     Epoch[1] Iteration[430/620], entropy: 0.3495, loss: 2.4341, lr: 9.05e-04
     Epoch[1] Iteration[440/620], entropy: 0.3736, loss: 2.4545, lr: 9.05e-04
     Epoch[1] Iteration[450/620], entropy: 0.3550, loss: 2.5186, lr: 3.45e-04
     Epoch[1] Iteration[460/620], entropy: 0.3489, loss: 2.4849, lr: 0.00e+00
     Epoch[1] Iteration[470/620], entropy: 0.4191, loss: 2.5628, lr: 3.45e-04
     Epoch[1] Iteration[480/620], entropy: 0.2819, loss: 2.4092, lr: 9.05e-04
     Epoch[1] Iteration[490/620], entropy: 0.2811, loss: 2.4180, lr: 9.05e-04
     Epoch[1] Iteration[500/620], entropy: 0.3743, loss: 2.4806, lr: 3.45e-04
     Epoch[1] Iteration[510/620], entropy: 0.4548, loss: 2.5668, lr: 0.00e+00
     Epoch[1] Iteration[520/620], entropy: 0.3463, loss: 2.5047, lr: 3.45e-04
     Epoch[1] Iteration[530/620], entropy: 0.2561, loss: 2.3571, lr: 9.05e-04
     Epoch[1] Iteration[540/620], entropy: 0.3535, loss: 2.4478, lr: 9.05e-04
     Epoch[1] Iteration[550/620], entropy: 0.3390, loss: 2.5160, lr: 3.45e-04
     Epoch[1] Iteration[560/620], entropy: 0.4181, loss: 2.5292, lr: 0.00e+00
     Epoch[1] Iteration[570/620], entropy: 0.3161, loss: 2.3921, lr: 3.45e-04
     Epoch[1] Iteration[580/620], entropy: 0.4241, loss: 2.5439, lr: 9.05e-04
     Epoch[1] Iteration[590/620], entropy: 0.3569, loss: 2.4379, lr: 9.05e-04
     Epoch[1] Iteration[600/620], entropy: 0.3693, loss: 2.4570, lr: 3.45e-04
     Epoch[1] Iteration[610/620], entropy: 0.3751, loss: 2.4561, lr: 0.00e+00
     Epoch[1] Iteration[620/620], entropy: 0.4138, loss: 2.4820, lr: 3.45e-04
     Averaged stats: entropy: 0.4138, loss: 2.4820, lr: 3.45e-04
     itm tta time 0:02:00
### TTA Eval Score: 
+-------+--------+--------+--------+--------+-------+
| epoch |   R1   |   R5   |  R10   |  mAP   |  mINP |
+-------+--------+--------+--------+--------+-------+
|  -999 | 37.304 | 55.557 | 63.548 | 20.140 | 2.213 |
|   0   | 38.362 | 56.298 | 64.470 | 20.141 | 2.049 |
|   1   | 39.011 | 56.766 | 65.039 | 20.592 | 2.141 |
+-------+--------+--------+--------+--------+-------+
     logs:  {'epo': 1, 'R1': np.float32(39.011), 'R5': np.float32(56.766), 'R10': np.float32(65.039), 'mAP': np.float32(20.592), 'mINP': np.float32(2.141), 'entropy': 0.36548336715467517, 'loss': 2.4753309065295803, 'lr': 0.0004894434113356839}
     Epoch[2] Iteration[10/620], entropy: 0.3616, loss: 2.4662, lr: 9.05e-04
     Epoch[2] Iteration[20/620], entropy: 0.4582, loss: 2.5510, lr: 9.05e-04
     Epoch[2] Iteration[30/620], entropy: 0.3303, loss: 2.5026, lr: 3.45e-04
     Epoch[2] Iteration[40/620], entropy: 0.3139, loss: 2.4056, lr: 0.00e+00
     Epoch[2] Iteration[50/620], entropy: 0.4208, loss: 2.4702, lr: 3.45e-04
     Epoch[2] Iteration[60/620], entropy: 0.4127, loss: 2.5499, lr: 9.05e-04
     Epoch[2] Iteration[70/620], entropy: 0.2745, loss: 2.4052, lr: 9.05e-04
     Epoch[2] Iteration[80/620], entropy: 0.3128, loss: 2.4540, lr: 3.45e-04
     Epoch[2] Iteration[90/620], entropy: 0.2355, loss: 2.2670, lr: 0.00e+00
     Epoch[2] Iteration[100/620], entropy: 0.3487, loss: 2.5153, lr: 3.45e-04
     Epoch[2] Iteration[110/620], entropy: 0.3364, loss: 2.4737, lr: 9.05e-04
     Epoch[2] Iteration[120/620], entropy: 0.3232, loss: 2.4390, lr: 9.05e-04
     Epoch[2] Iteration[130/620], entropy: 0.3853, loss: 2.5471, lr: 3.45e-04
     Epoch[2] Iteration[140/620], entropy: 0.4204, loss: 2.5265, lr: 0.00e+00
     Epoch[2] Iteration[150/620], entropy: 0.3290, loss: 2.4408, lr: 3.45e-04
     Epoch[2] Iteration[160/620], entropy: 0.3055, loss: 2.4423, lr: 9.05e-04
     Epoch[2] Iteration[170/620], entropy: 0.4428, loss: 2.5262, lr: 9.05e-04
     Epoch[2] Iteration[180/620], entropy: 0.2808, loss: 2.4132, lr: 3.45e-04
     Epoch[2] Iteration[190/620], entropy: 0.4088, loss: 2.4642, lr: 0.00e+00
     Epoch[2] Iteration[200/620], entropy: 0.4117, loss: 2.5415, lr: 3.45e-04
     Epoch[2] Iteration[210/620], entropy: 0.3800, loss: 2.5068, lr: 9.05e-04
     Epoch[2] Iteration[220/620], entropy: 0.1971, loss: 2.3084, lr: 9.05e-04
     Epoch[2] Iteration[230/620], entropy: 0.3293, loss: 2.4148, lr: 3.45e-04
     Epoch[2] Iteration[240/620], entropy: 0.3463, loss: 2.4538, lr: 0.00e+00
     Epoch[2] Iteration[250/620], entropy: 0.4566, loss: 2.5824, lr: 3.45e-04
     Epoch[2] Iteration[260/620], entropy: 0.3040, loss: 2.4075, lr: 9.05e-04
     Epoch[2] Iteration[270/620], entropy: 0.3194, loss: 2.4441, lr: 9.05e-04
     Epoch[2] Iteration[280/620], entropy: 0.3946, loss: 2.4230, lr: 3.45e-04
     Epoch[2] Iteration[290/620], entropy: 0.3941, loss: 2.5380, lr: 0.00e+00
     Epoch[2] Iteration[300/620], entropy: 0.3512, loss: 2.4041, lr: 3.45e-04
     Epoch[2] Iteration[310/620], entropy: 0.2960, loss: 2.3844, lr: 9.05e-04
     Epoch[2] Iteration[320/620], entropy: 0.4082, loss: 2.4215, lr: 9.05e-04
     Epoch[2] Iteration[330/620], entropy: 0.2815, loss: 2.4092, lr: 3.45e-04
     Epoch[2] Iteration[340/620], entropy: 0.4302, loss: 2.5568, lr: 0.00e+00
     Epoch[2] Iteration[350/620], entropy: 0.4222, loss: 2.5302, lr: 3.45e-04
     Epoch[2] Iteration[360/620], entropy: 0.3468, loss: 2.4660, lr: 9.05e-04
     Epoch[2] Iteration[370/620], entropy: 0.4933, loss: 2.6314, lr: 9.05e-04
     Epoch[2] Iteration[380/620], entropy: 0.2799, loss: 2.3770, lr: 3.45e-04
     Epoch[2] Iteration[390/620], entropy: 0.2599, loss: 2.3974, lr: 0.00e+00
     Epoch[2] Iteration[400/620], entropy: 0.2763, loss: 2.4024, lr: 3.45e-04
     Epoch[2] Iteration[410/620], entropy: 0.3255, loss: 2.3532, lr: 9.05e-04
     Epoch[2] Iteration[420/620], entropy: 0.3896, loss: 2.5050, lr: 9.05e-04
     Epoch[2] Iteration[430/620], entropy: 0.3897, loss: 2.5096, lr: 3.45e-04
     Epoch[2] Iteration[440/620], entropy: 0.3977, loss: 2.4686, lr: 0.00e+00
     Epoch[2] Iteration[450/620], entropy: 0.3351, loss: 2.4057, lr: 3.45e-04
     Epoch[2] Iteration[460/620], entropy: 0.3736, loss: 2.4763, lr: 9.05e-04
     Epoch[2] Iteration[470/620], entropy: 0.3844, loss: 2.4761, lr: 9.05e-04
     Epoch[2] Iteration[480/620], entropy: 0.3770, loss: 2.4440, lr: 3.45e-04
     Epoch[2] Iteration[490/620], entropy: 0.3321, loss: 2.3227, lr: 0.00e+00
     Epoch[2] Iteration[500/620], entropy: 0.3612, loss: 2.4482, lr: 3.45e-04
     Epoch[2] Iteration[510/620], entropy: 0.3020, loss: 2.4349, lr: 9.05e-04
     Epoch[2] Iteration[520/620], entropy: 0.2287, loss: 2.3865, lr: 9.05e-04
     Epoch[2] Iteration[530/620], entropy: 0.4033, loss: 2.4740, lr: 3.45e-04
     Epoch[2] Iteration[540/620], entropy: 0.3512, loss: 2.4320, lr: 0.00e+00
     Epoch[2] Iteration[550/620], entropy: 0.3962, loss: 2.5349, lr: 3.45e-04
     Epoch[2] Iteration[560/620], entropy: 0.4156, loss: 2.5229, lr: 9.05e-04
     Epoch[2] Iteration[570/620], entropy: 0.3078, loss: 2.4437, lr: 9.05e-04
     Epoch[2] Iteration[580/620], entropy: 0.3366, loss: 2.4250, lr: 3.45e-04
     Epoch[2] Iteration[590/620], entropy: 0.4067, loss: 2.5032, lr: 0.00e+00
     Epoch[2] Iteration[600/620], entropy: 0.2571, loss: 2.3983, lr: 3.45e-04
     Epoch[2] Iteration[610/620], entropy: 0.3829, loss: 2.5250, lr: 9.05e-04
     Epoch[2] Iteration[620/620], entropy: 0.3758, loss: 2.5403, lr: 9.05e-04
     Averaged stats: entropy: 0.3758, loss: 2.5403, lr: 9.05e-04
     itm tta time 0:01:57
### TTA Eval Score: 
+-------+--------+--------+--------+--------+-------+
| epoch |   R1   |   R5   |  R10   |  mAP   |  mINP |
+-------+--------+--------+--------+--------+-------+
|  -999 | 37.304 | 55.557 | 63.548 | 20.140 | 2.213 |
|   0   | 38.362 | 56.298 | 64.470 | 20.141 | 2.049 |
|   1   | 39.011 | 56.766 | 65.039 | 20.592 | 2.141 |
|   2   | 38.986 | 56.676 | 65.014 | 20.583 | 2.147 |
+-------+--------+--------+--------+--------+-------+
     logs:  {'epo': 2, 'R1': np.float32(38.986), 'R5': np.float32(56.676), 'R10': np.float32(65.014), 'mAP': np.float32(20.583), 'mINP': np.float32(2.147), 'entropy': 0.3533822584056085, 'loss': 2.4595291153077157, 'lr': 0.0005130486611995959}
     Epoch[3] Iteration[10/620], entropy: 0.2822, loss: 2.4562, lr: 3.45e-04
     Epoch[3] Iteration[20/620], entropy: 0.4203, loss: 2.5384, lr: 0.00e+00
     Epoch[3] Iteration[30/620], entropy: 0.2950, loss: 2.2642, lr: 3.45e-04
     Epoch[3] Iteration[40/620], entropy: 0.2915, loss: 2.3548, lr: 9.05e-04
     Epoch[3] Iteration[50/620], entropy: 0.2719, loss: 2.3988, lr: 9.05e-04
     Epoch[3] Iteration[60/620], entropy: 0.3987, loss: 2.5645, lr: 3.45e-04
     Epoch[3] Iteration[70/620], entropy: 0.2740, loss: 2.3392, lr: 0.00e+00
     Epoch[3] Iteration[80/620], entropy: 0.2952, loss: 2.4387, lr: 3.45e-04
     Epoch[3] Iteration[90/620], entropy: 0.3265, loss: 2.4681, lr: 9.05e-04
     Epoch[3] Iteration[100/620], entropy: 0.3236, loss: 2.4441, lr: 9.05e-04
     Epoch[3] Iteration[110/620], entropy: 0.3726, loss: 2.4355, lr: 3.45e-04
     Epoch[3] Iteration[120/620], entropy: 0.3917, loss: 2.5274, lr: 0.00e+00
     Epoch[3] Iteration[130/620], entropy: 0.2910, loss: 2.4009, lr: 3.45e-04
     Epoch[3] Iteration[140/620], entropy: 0.4368, loss: 2.5675, lr: 9.05e-04
     Epoch[3] Iteration[150/620], entropy: 0.3626, loss: 2.5176, lr: 9.05e-04
     Epoch[3] Iteration[160/620], entropy: 0.4184, loss: 2.5112, lr: 3.45e-04
     Epoch[3] Iteration[170/620], entropy: 0.3255, loss: 2.4393, lr: 0.00e+00
     Epoch[3] Iteration[180/620], entropy: 0.3146, loss: 2.4569, lr: 3.45e-04
     Epoch[3] Iteration[190/620], entropy: 0.3744, loss: 2.4974, lr: 9.05e-04
     Epoch[3] Iteration[200/620], entropy: 0.4443, loss: 2.5170, lr: 9.05e-04
     Epoch[3] Iteration[210/620], entropy: 0.3782, loss: 2.5129, lr: 3.45e-04
     Epoch[3] Iteration[220/620], entropy: 0.3413, loss: 2.4473, lr: 0.00e+00
     Epoch[3] Iteration[230/620], entropy: 0.3913, loss: 2.4732, lr: 3.45e-04
     Epoch[3] Iteration[240/620], entropy: 0.4170, loss: 2.5047, lr: 9.05e-04
     Epoch[3] Iteration[250/620], entropy: 0.3870, loss: 2.4807, lr: 9.05e-04
     Epoch[3] Iteration[260/620], entropy: 0.3628, loss: 2.4738, lr: 3.45e-04
     Epoch[3] Iteration[270/620], entropy: 0.2931, loss: 2.3786, lr: 0.00e+00
     Epoch[3] Iteration[280/620], entropy: 0.2987, loss: 2.3982, lr: 3.45e-04
     Epoch[3] Iteration[290/620], entropy: 0.3243, loss: 2.5004, lr: 9.05e-04
     Epoch[3] Iteration[300/620], entropy: 0.3483, loss: 2.4564, lr: 9.05e-04
     Epoch[3] Iteration[310/620], entropy: 0.3203, loss: 2.4146, lr: 3.45e-04
     Epoch[3] Iteration[320/620], entropy: 0.4838, loss: 2.5907, lr: 0.00e+00
     Epoch[3] Iteration[330/620], entropy: 0.3316, loss: 2.4331, lr: 3.45e-04
     Epoch[3] Iteration[340/620], entropy: 0.3788, loss: 2.5423, lr: 9.05e-04
     Epoch[3] Iteration[350/620], entropy: 0.3429, loss: 2.5124, lr: 9.05e-04
     Epoch[3] Iteration[360/620], entropy: 0.3241, loss: 2.4696, lr: 3.45e-04
     Epoch[3] Iteration[370/620], entropy: 0.3389, loss: 2.4572, lr: 0.00e+00
     Epoch[3] Iteration[380/620], entropy: 0.3224, loss: 2.4417, lr: 3.45e-04
     Epoch[3] Iteration[390/620], entropy: 0.3351, loss: 2.4225, lr: 9.05e-04
     Epoch[3] Iteration[400/620], entropy: 0.4029, loss: 2.4845, lr: 9.05e-04
     Epoch[3] Iteration[410/620], entropy: 0.3869, loss: 2.4897, lr: 3.45e-04
     Epoch[3] Iteration[420/620], entropy: 0.4009, loss: 2.5199, lr: 0.00e+00
     Epoch[3] Iteration[430/620], entropy: 0.3523, loss: 2.5312, lr: 3.45e-04
     Epoch[3] Iteration[440/620], entropy: 0.2857, loss: 2.4498, lr: 9.05e-04
     Epoch[3] Iteration[450/620], entropy: 0.3466, loss: 2.4942, lr: 9.05e-04
     Epoch[3] Iteration[460/620], entropy: 0.2635, loss: 2.3395, lr: 3.45e-04
     Epoch[3] Iteration[470/620], entropy: 0.3490, loss: 2.4423, lr: 0.00e+00
     Epoch[3] Iteration[480/620], entropy: 0.4138, loss: 2.5246, lr: 3.45e-04
     Epoch[3] Iteration[490/620], entropy: 0.3450, loss: 2.4896, lr: 9.05e-04
     Epoch[3] Iteration[500/620], entropy: 0.3328, loss: 2.4747, lr: 9.05e-04
     Epoch[3] Iteration[510/620], entropy: 0.4624, loss: 2.6077, lr: 3.45e-04
     Epoch[3] Iteration[520/620], entropy: 0.3828, loss: 2.4861, lr: 0.00e+00
     Epoch[3] Iteration[530/620], entropy: 0.4259, loss: 2.5724, lr: 3.45e-04
     Epoch[3] Iteration[540/620], entropy: 0.3000, loss: 2.4039, lr: 9.05e-04
     Epoch[3] Iteration[550/620], entropy: 0.3761, loss: 2.4823, lr: 9.05e-04
     Epoch[3] Iteration[560/620], entropy: 0.3631, loss: 2.4714, lr: 3.45e-04
     Epoch[3] Iteration[570/620], entropy: 0.4179, loss: 2.5139, lr: 0.00e+00
     Epoch[3] Iteration[580/620], entropy: 0.3304, loss: 2.4775, lr: 3.45e-04
     Epoch[3] Iteration[590/620], entropy: 0.2475, loss: 2.3877, lr: 9.05e-04
     Epoch[3] Iteration[600/620], entropy: 0.3431, loss: 2.4038, lr: 9.05e-04
     Epoch[3] Iteration[610/620], entropy: 0.2792, loss: 2.4074, lr: 3.45e-04
     Epoch[3] Iteration[620/620], entropy: 0.3234, loss: 2.4167, lr: 0.00e+00
     Averaged stats: entropy: 0.3234, loss: 2.4167, lr: 0.00e+00
     itm tta time 0:02:02
### TTA Eval Score: 
+-------+--------+--------+--------+--------+-------+
| epoch |   R1   |   R5   |  R10   |  mAP   |  mINP |
+-------+--------+--------+--------+--------+-------+
|  -999 | 37.304 | 55.557 | 63.548 | 20.140 | 2.213 |
|   0   | 38.362 | 56.298 | 64.470 | 20.141 | 2.049 |
|   1   | 39.011 | 56.766 | 65.039 | 20.592 | 2.141 |
|   2   | 38.986 | 56.676 | 65.014 | 20.583 | 2.147 |
|   3   | 38.926 | 56.504 | 64.969 | 20.521 | 2.145 |
+-------+--------+--------+--------+--------+-------+
     logs:  {'epo': 3, 'R1': np.float32(38.926), 'R5': np.float32(56.504), 'R10': np.float32(64.969), 'mAP': np.float32(20.521), 'mINP': np.float32(2.145), 'entropy': 0.35099913516352255, 'loss': 2.466430387189311, 'lr': 0.0004894434113356895}
     Epoch[4] Iteration[10/620], entropy: 0.2772, loss: 2.3316, lr: 3.45e-04
     Epoch[4] Iteration[20/620], entropy: 0.2804, loss: 2.4264, lr: 9.05e-04
     Epoch[4] Iteration[30/620], entropy: 0.2842, loss: 2.3790, lr: 9.05e-04
     Epoch[4] Iteration[40/620], entropy: 0.3346, loss: 2.4614, lr: 3.45e-04
     Epoch[4] Iteration[50/620], entropy: 0.2970, loss: 2.4299, lr: 0.00e+00
     Epoch[4] Iteration[60/620], entropy: 0.3481, loss: 2.4846, lr: 3.45e-04
     Epoch[4] Iteration[70/620], entropy: 0.3194, loss: 2.4304, lr: 9.05e-04
     Epoch[4] Iteration[80/620], entropy: 0.2933, loss: 2.3887, lr: 9.05e-04
     Epoch[4] Iteration[90/620], entropy: 0.3957, loss: 2.4383, lr: 3.45e-04
     Epoch[4] Iteration[100/620], entropy: 0.2599, loss: 2.3243, lr: 0.00e+00
     Epoch[4] Iteration[110/620], entropy: 0.3727, loss: 2.5418, lr: 3.45e-04
     Epoch[4] Iteration[120/620], entropy: 0.3698, loss: 2.5162, lr: 9.05e-04
     Epoch[4] Iteration[130/620], entropy: 0.3531, loss: 2.5053, lr: 9.05e-04
     Epoch[4] Iteration[140/620], entropy: 0.3472, loss: 2.4251, lr: 3.45e-04
     Epoch[4] Iteration[150/620], entropy: 0.2944, loss: 2.4444, lr: 0.00e+00
     Epoch[4] Iteration[160/620], entropy: 0.3088, loss: 2.4181, lr: 3.45e-04
     Epoch[4] Iteration[170/620], entropy: 0.3395, loss: 2.4510, lr: 9.05e-04
     Epoch[4] Iteration[180/620], entropy: 0.2828, loss: 2.4123, lr: 9.05e-04
     Epoch[4] Iteration[190/620], entropy: 0.3348, loss: 2.4563, lr: 3.45e-04
     Epoch[4] Iteration[200/620], entropy: 0.3439, loss: 2.4532, lr: 0.00e+00
     Epoch[4] Iteration[210/620], entropy: 0.3295, loss: 2.4486, lr: 3.45e-04
     Epoch[4] Iteration[220/620], entropy: 0.2992, loss: 2.4465, lr: 9.05e-04
     Epoch[4] Iteration[230/620], entropy: 0.3228, loss: 2.4511, lr: 9.05e-04
     Epoch[4] Iteration[240/620], entropy: 0.3335, loss: 2.4185, lr: 3.45e-04
     Epoch[4] Iteration[250/620], entropy: 0.2968, loss: 2.3533, lr: 0.00e+00
     Epoch[4] Iteration[260/620], entropy: 0.4686, loss: 2.5888, lr: 3.45e-04
     Epoch[4] Iteration[270/620], entropy: 0.3611, loss: 2.5084, lr: 9.05e-04
     Epoch[4] Iteration[280/620], entropy: 0.3767, loss: 2.4653, lr: 9.05e-04
     Epoch[4] Iteration[290/620], entropy: 0.3556, loss: 2.4700, lr: 3.45e-04
     Epoch[4] Iteration[300/620], entropy: 0.3497, loss: 2.4565, lr: 0.00e+00
     Epoch[4] Iteration[310/620], entropy: 0.3191, loss: 2.4868, lr: 3.45e-04
     Epoch[4] Iteration[320/620], entropy: 0.3793, loss: 2.4884, lr: 9.05e-04
     Epoch[4] Iteration[330/620], entropy: 0.3669, loss: 2.4384, lr: 9.05e-04
     Epoch[4] Iteration[340/620], entropy: 0.3576, loss: 2.4515, lr: 3.45e-04
     Epoch[4] Iteration[350/620], entropy: 0.3887, loss: 2.5516, lr: 0.00e+00
     Epoch[4] Iteration[360/620], entropy: 0.4127, loss: 2.5576, lr: 3.45e-04
     Epoch[4] Iteration[370/620], entropy: 0.2560, loss: 2.3122, lr: 9.05e-04
     Epoch[4] Iteration[380/620], entropy: 0.4589, loss: 2.5151, lr: 9.05e-04
     Epoch[4] Iteration[390/620], entropy: 0.3146, loss: 2.4704, lr: 3.45e-04
     Epoch[4] Iteration[400/620], entropy: 0.3567, loss: 2.4518, lr: 0.00e+00
     Epoch[4] Iteration[410/620], entropy: 0.3418, loss: 2.4968, lr: 3.45e-04
     Epoch[4] Iteration[420/620], entropy: 0.3644, loss: 2.4979, lr: 9.05e-04
     Epoch[4] Iteration[430/620], entropy: 0.2875, loss: 2.3978, lr: 9.05e-04
     Epoch[4] Iteration[440/620], entropy: 0.2579, loss: 2.3278, lr: 3.45e-04
     Epoch[4] Iteration[450/620], entropy: 0.2994, loss: 2.4282, lr: 0.00e+00
     Epoch[4] Iteration[460/620], entropy: 0.3593, loss: 2.4855, lr: 3.45e-04
     Epoch[4] Iteration[470/620], entropy: 0.3672, loss: 2.4971, lr: 9.05e-04
     Epoch[4] Iteration[480/620], entropy: 0.3950, loss: 2.5029, lr: 9.05e-04
     Epoch[4] Iteration[490/620], entropy: 0.4326, loss: 2.5286, lr: 3.45e-04
     Epoch[4] Iteration[500/620], entropy: 0.3821, loss: 2.4919, lr: 0.00e+00
     Epoch[4] Iteration[510/620], entropy: 0.3331, loss: 2.3704, lr: 3.45e-04
     Epoch[4] Iteration[520/620], entropy: 0.4771, loss: 2.5926, lr: 9.05e-04
     Epoch[4] Iteration[530/620], entropy: 0.2525, loss: 2.2985, lr: 9.05e-04
     Epoch[4] Iteration[540/620], entropy: 0.3545, loss: 2.4155, lr: 3.45e-04
     Epoch[4] Iteration[550/620], entropy: 0.2976, loss: 2.3775, lr: 0.00e+00
     Epoch[4] Iteration[560/620], entropy: 0.2905, loss: 2.3874, lr: 3.45e-04
     Epoch[4] Iteration[570/620], entropy: 0.2299, loss: 2.3770, lr: 9.05e-04
     Epoch[4] Iteration[580/620], entropy: 0.2835, loss: 2.4220, lr: 9.05e-04
     Epoch[4] Iteration[590/620], entropy: 0.4329, loss: 2.5235, lr: 3.45e-04
     Epoch[4] Iteration[600/620], entropy: 0.3181, loss: 2.3899, lr: 0.00e+00
     Epoch[4] Iteration[610/620], entropy: 0.3659, loss: 2.4780, lr: 3.45e-04
     Epoch[4] Iteration[620/620], entropy: 0.3721, loss: 2.4829, lr: 9.05e-04
     Averaged stats: entropy: 0.3721, loss: 2.4829, lr: 9.05e-04
     itm tta time 0:02:01
### TTA Eval Score: 
+-------+--------+--------+--------+--------+-------+
| epoch |   R1   |   R5   |  R10   |  mAP   |  mINP |
+-------+--------+--------+--------+--------+-------+
|  -999 | 37.304 | 55.557 | 63.548 | 20.140 | 2.213 |
|   0   | 38.362 | 56.298 | 64.470 | 20.141 | 2.049 |
|   1   | 39.011 | 56.766 | 65.039 | 20.592 | 2.141 |
|   2   | 38.986 | 56.676 | 65.014 | 20.583 | 2.147 |
|   3   | 38.926 | 56.504 | 64.969 | 20.521 | 2.145 |
|   4   | 38.991 | 56.892 | 65.311 | 20.661 | 2.180 |
+-------+--------+--------+--------+--------+-------+
     logs:  {'epo': 4, 'R1': np.float32(38.991), 'R5': np.float32(56.892), 'R10': np.float32(65.311), 'mAP': np.float32(20.661), 'mINP': np.float32(2.18), 'entropy': 0.33928558951424015, 'loss': 2.4486901952374365, 'lr': 0.0005040322580645195}
     Epoch[5] Iteration[10/620], entropy: 0.2687, loss: 2.4096, lr: 9.05e-04
     Epoch[5] Iteration[20/620], entropy: 0.3635, loss: 2.4781, lr: 3.45e-04
     Epoch[5] Iteration[30/620], entropy: 0.3502, loss: 2.5439, lr: 0.00e+00
     Epoch[5] Iteration[40/620], entropy: 0.3268, loss: 2.4573, lr: 3.45e-04
     Epoch[5] Iteration[50/620], entropy: 0.3423, loss: 2.5171, lr: 9.05e-04
     Epoch[5] Iteration[60/620], entropy: 0.3309, loss: 2.4571, lr: 9.05e-04
     Epoch[5] Iteration[70/620], entropy: 0.2620, loss: 2.4284, lr: 3.45e-04
     Epoch[5] Iteration[80/620], entropy: 0.3672, loss: 2.5020, lr: 0.00e+00
     Epoch[5] Iteration[90/620], entropy: 0.2858, loss: 2.4394, lr: 3.45e-04
     Epoch[5] Iteration[100/620], entropy: 0.3205, loss: 2.4532, lr: 9.05e-04
     Epoch[5] Iteration[110/620], entropy: 0.3724, loss: 2.4910, lr: 9.05e-04
     Epoch[5] Iteration[120/620], entropy: 0.3391, loss: 2.4117, lr: 3.45e-04
     Epoch[5] Iteration[130/620], entropy: 0.3352, loss: 2.5050, lr: 0.00e+00
     Epoch[5] Iteration[140/620], entropy: 0.4267, loss: 2.5518, lr: 3.45e-04
     Epoch[5] Iteration[150/620], entropy: 0.2584, loss: 2.4242, lr: 9.05e-04
     Epoch[5] Iteration[160/620], entropy: 0.3280, loss: 2.4654, lr: 9.05e-04
     Epoch[5] Iteration[170/620], entropy: 0.3346, loss: 2.4885, lr: 3.45e-04
     Epoch[5] Iteration[180/620], entropy: 0.3128, loss: 2.4475, lr: 0.00e+00
     Epoch[5] Iteration[190/620], entropy: 0.4045, loss: 2.5371, lr: 3.45e-04
     Epoch[5] Iteration[200/620], entropy: 0.3918, loss: 2.5070, lr: 9.05e-04
     Epoch[5] Iteration[210/620], entropy: 0.3161, loss: 2.5001, lr: 9.05e-04
     Epoch[5] Iteration[220/620], entropy: 0.3203, loss: 2.4613, lr: 3.45e-04
     Epoch[5] Iteration[230/620], entropy: 0.4422, loss: 2.5761, lr: 0.00e+00
     Epoch[5] Iteration[240/620], entropy: 0.2825, loss: 2.4440, lr: 3.45e-04
     Epoch[5] Iteration[250/620], entropy: 0.3348, loss: 2.4674, lr: 9.05e-04
     Epoch[5] Iteration[260/620], entropy: 0.4373, loss: 2.4938, lr: 9.05e-04
     Epoch[5] Iteration[270/620], entropy: 0.3949, loss: 2.5155, lr: 3.45e-04
     Epoch[5] Iteration[280/620], entropy: 0.3720, loss: 2.5009, lr: 0.00e+00
     Epoch[5] Iteration[290/620], entropy: 0.3523, loss: 2.4912, lr: 3.45e-04
     Epoch[5] Iteration[300/620], entropy: 0.3452, loss: 2.3903, lr: 9.05e-04
     Epoch[5] Iteration[310/620], entropy: 0.3043, loss: 2.3672, lr: 9.05e-04
     Epoch[5] Iteration[320/620], entropy: 0.3695, loss: 2.5362, lr: 3.45e-04
     Epoch[5] Iteration[330/620], entropy: 0.3037, loss: 2.4036, lr: 0.00e+00
     Epoch[5] Iteration[340/620], entropy: 0.3486, loss: 2.5043, lr: 3.45e-04
     Epoch[5] Iteration[350/620], entropy: 0.3190, loss: 2.4488, lr: 9.05e-04
     Epoch[5] Iteration[360/620], entropy: 0.2375, loss: 2.3342, lr: 9.05e-04
     Epoch[5] Iteration[370/620], entropy: 0.2647, loss: 2.4154, lr: 3.45e-04
     Epoch[5] Iteration[380/620], entropy: 0.3508, loss: 2.4843, lr: 0.00e+00
     Epoch[5] Iteration[390/620], entropy: 0.3763, loss: 2.4540, lr: 3.45e-04
     Epoch[5] Iteration[400/620], entropy: 0.2980, loss: 2.4072, lr: 9.05e-04
     Epoch[5] Iteration[410/620], entropy: 0.3019, loss: 2.4223, lr: 9.05e-04
     Epoch[5] Iteration[420/620], entropy: 0.2950, loss: 2.4850, lr: 3.45e-04
     Epoch[5] Iteration[430/620], entropy: 0.3382, loss: 2.4192, lr: 0.00e+00
     Epoch[5] Iteration[440/620], entropy: 0.2713, loss: 2.3956, lr: 3.45e-04
     Epoch[5] Iteration[450/620], entropy: 0.3059, loss: 2.3684, lr: 9.05e-04
     Epoch[5] Iteration[460/620], entropy: 0.2943, loss: 2.3895, lr: 9.05e-04
     Epoch[5] Iteration[470/620], entropy: 0.2274, loss: 2.3142, lr: 3.45e-04
     Epoch[5] Iteration[480/620], entropy: 0.2638, loss: 2.3868, lr: 0.00e+00
     Epoch[5] Iteration[490/620], entropy: 0.2553, loss: 2.3164, lr: 3.45e-04
     Epoch[5] Iteration[500/620], entropy: 0.3504, loss: 2.4492, lr: 9.05e-04
     Epoch[5] Iteration[510/620], entropy: 0.2961, loss: 2.4171, lr: 9.05e-04
     Epoch[5] Iteration[520/620], entropy: 0.2959, loss: 2.4299, lr: 3.45e-04
     Epoch[5] Iteration[530/620], entropy: 0.2855, loss: 2.3972, lr: 0.00e+00
     Epoch[5] Iteration[540/620], entropy: 0.3791, loss: 2.4678, lr: 3.45e-04
     Epoch[5] Iteration[550/620], entropy: 0.3469, loss: 2.4545, lr: 9.05e-04
     Epoch[5] Iteration[560/620], entropy: 0.3340, loss: 2.4391, lr: 9.05e-04
     Epoch[5] Iteration[570/620], entropy: 0.3830, loss: 2.4681, lr: 3.45e-04
     Epoch[5] Iteration[580/620], entropy: 0.3007, loss: 2.4650, lr: 0.00e+00
     Epoch[5] Iteration[590/620], entropy: 0.3847, loss: 2.5183, lr: 3.45e-04
     Epoch[5] Iteration[600/620], entropy: 0.2947, loss: 2.4644, lr: 9.05e-04
     Epoch[5] Iteration[610/620], entropy: 0.2822, loss: 2.3173, lr: 9.05e-04
     Epoch[5] Iteration[620/620], entropy: 0.3603, loss: 2.5207, lr: 3.45e-04
     Averaged stats: entropy: 0.3603, loss: 2.5207, lr: 3.45e-04
     itm tta time 0:02:04
### TTA Eval Score: 
+-------+--------+--------+--------+--------+-------+
| epoch |   R1   |   R5   |  R10   |  mAP   |  mINP |
+-------+--------+--------+--------+--------+-------+
|  -999 | 37.304 | 55.557 | 63.548 | 20.140 | 2.213 |
|   0   | 38.362 | 56.298 | 64.470 | 20.141 | 2.049 |
|   1   | 39.011 | 56.766 | 65.039 | 20.592 | 2.141 |
|   2   | 38.986 | 56.676 | 65.014 | 20.583 | 2.147 |
|   3   | 38.926 | 56.504 | 64.969 | 20.521 | 2.145 |
|   4   | 38.991 | 56.892 | 65.311 | 20.661 | 2.180 |
|   5   | 39.228 | 56.787 | 65.140 | 20.840 | 2.253 |
+-------+--------+--------+--------+--------+-------+
     logs:  {'epo': 5, 'R1': np.float32(39.228), 'R5': np.float32(56.787), 'R10': np.float32(65.14), 'mAP': np.float32(20.84), 'mINP': np.float32(2.253), 'entropy': 0.32803048818342145, 'loss': 2.4518857463713615, 'lr': 0.0005040322580645236}
     Epoch[6] Iteration[10/620], entropy: 0.4340, loss: 2.5718, lr: 0.00e+00
     Epoch[6] Iteration[20/620], entropy: 0.2778, loss: 2.4339, lr: 3.45e-04
     Epoch[6] Iteration[30/620], entropy: 0.2917, loss: 2.5100, lr: 9.05e-04
     Epoch[6] Iteration[40/620], entropy: 0.2609, loss: 2.3522, lr: 9.05e-04
     Epoch[6] Iteration[50/620], entropy: 0.3602, loss: 2.4824, lr: 3.45e-04
     Epoch[6] Iteration[60/620], entropy: 0.3431, loss: 2.5202, lr: 0.00e+00
     Epoch[6] Iteration[70/620], entropy: 0.4187, loss: 2.5140, lr: 3.45e-04
     Epoch[6] Iteration[80/620], entropy: 0.2629, loss: 2.3894, lr: 9.05e-04
     Epoch[6] Iteration[90/620], entropy: 0.3802, loss: 2.5389, lr: 9.05e-04
     Epoch[6] Iteration[100/620], entropy: 0.2658, loss: 2.4192, lr: 3.45e-04
     Epoch[6] Iteration[110/620], entropy: 0.2656, loss: 2.3655, lr: 0.00e+00
     Epoch[6] Iteration[120/620], entropy: 0.2547, loss: 2.3368, lr: 3.45e-04
     Epoch[6] Iteration[130/620], entropy: 0.3099, loss: 2.4279, lr: 9.05e-04
     Epoch[6] Iteration[140/620], entropy: 0.3888, loss: 2.5574, lr: 9.05e-04
     Epoch[6] Iteration[150/620], entropy: 0.3631, loss: 2.5377, lr: 3.45e-04
     Epoch[6] Iteration[160/620], entropy: 0.3649, loss: 2.4958, lr: 0.00e+00
     Epoch[6] Iteration[170/620], entropy: 0.3865, loss: 2.4116, lr: 3.45e-04
     Epoch[6] Iteration[180/620], entropy: 0.3728, loss: 2.5681, lr: 9.05e-04
     Epoch[6] Iteration[190/620], entropy: 0.3347, loss: 2.4628, lr: 9.05e-04
     Epoch[6] Iteration[200/620], entropy: 0.3534, loss: 2.5061, lr: 3.45e-04
     Epoch[6] Iteration[210/620], entropy: 0.3059, loss: 2.4548, lr: 0.00e+00
     Epoch[6] Iteration[220/620], entropy: 0.3062, loss: 2.3954, lr: 3.45e-04
     Epoch[6] Iteration[230/620], entropy: 0.1918, loss: 2.2684, lr: 9.05e-04
     Epoch[6] Iteration[240/620], entropy: 0.2486, loss: 2.3734, lr: 9.05e-04
     Epoch[6] Iteration[250/620], entropy: 0.2536, loss: 2.3374, lr: 3.45e-04
     Epoch[6] Iteration[260/620], entropy: 0.3013, loss: 2.3866, lr: 0.00e+00
     Epoch[6] Iteration[270/620], entropy: 0.3282, loss: 2.3754, lr: 3.45e-04
     Epoch[6] Iteration[280/620], entropy: 0.2861, loss: 2.4324, lr: 9.05e-04
     Epoch[6] Iteration[290/620], entropy: 0.4616, loss: 2.5783, lr: 9.38e-04
     Epoch[6] Iteration[300/620], entropy: 0.4519, loss: 2.5136, lr: 4.06e-04
     Epoch[6] Iteration[310/620], entropy: 0.3724, loss: 2.4693, lr: 3.94e-06
     Epoch[6] Iteration[320/620], entropy: 0.4151, loss: 2.5840, lr: 2.87e-04
     Epoch[6] Iteration[330/620], entropy: 0.2915, loss: 2.4367, lr: 8.64e-04
     Epoch[6] Iteration[340/620], entropy: 0.3900, loss: 2.5162, lr: 9.38e-04
     Epoch[6] Iteration[350/620], entropy: 0.3475, loss: 2.4650, lr: 4.06e-04
     Epoch[6] Iteration[360/620], entropy: 0.3901, loss: 2.5505, lr: 3.94e-06
     Epoch[6] Iteration[370/620], entropy: 0.3379, loss: 2.4156, lr: 2.87e-04
     Epoch[6] Iteration[380/620], entropy: 0.2557, loss: 2.3750, lr: 8.64e-04
     Epoch[6] Iteration[390/620], entropy: 0.2324, loss: 2.4004, lr: 9.38e-04
     Epoch[6] Iteration[400/620], entropy: 0.3297, loss: 2.4244, lr: 4.06e-04
     Epoch[6] Iteration[410/620], entropy: 0.3751, loss: 2.4767, lr: 3.94e-06
     Epoch[6] Iteration[420/620], entropy: 0.3474, loss: 2.5271, lr: 2.87e-04
     Epoch[6] Iteration[430/620], entropy: 0.4025, loss: 2.4513, lr: 8.64e-04
     Epoch[6] Iteration[440/620], entropy: 0.3772, loss: 2.4835, lr: 9.38e-04
     Epoch[6] Iteration[450/620], entropy: 0.3494, loss: 2.3959, lr: 4.06e-04
     Epoch[6] Iteration[460/620], entropy: 0.3502, loss: 2.4730, lr: 3.94e-06
     Epoch[6] Iteration[470/620], entropy: 0.3630, loss: 2.5281, lr: 2.87e-04
     Epoch[6] Iteration[480/620], entropy: 0.3143, loss: 2.4036, lr: 8.64e-04
     Epoch[6] Iteration[490/620], entropy: 0.2966, loss: 2.4255, lr: 9.38e-04
     Epoch[6] Iteration[500/620], entropy: 0.4164, loss: 2.5598, lr: 4.06e-04
     Epoch[6] Iteration[510/620], entropy: 0.3669, loss: 2.5210, lr: 3.94e-06
     Epoch[6] Iteration[520/620], entropy: 0.2316, loss: 2.3239, lr: 2.87e-04
     Epoch[6] Iteration[530/620], entropy: 0.3972, loss: 2.5342, lr: 8.64e-04
     Epoch[6] Iteration[540/620], entropy: 0.2949, loss: 2.3739, lr: 9.38e-04
     Epoch[6] Iteration[550/620], entropy: 0.3028, loss: 2.3777, lr: 4.06e-04
     Epoch[6] Iteration[560/620], entropy: 0.2928, loss: 2.4134, lr: 3.94e-06
     Epoch[6] Iteration[570/620], entropy: 0.2862, loss: 2.3926, lr: 2.87e-04
     Epoch[6] Iteration[580/620], entropy: 0.2857, loss: 2.3872, lr: 8.64e-04
     Epoch[6] Iteration[590/620], entropy: 0.3009, loss: 2.4255, lr: 9.38e-04
     Epoch[6] Iteration[600/620], entropy: 0.3456, loss: 2.4435, lr: 4.06e-04
     Epoch[6] Iteration[610/620], entropy: 0.3516, loss: 2.4821, lr: 3.94e-06
     Epoch[6] Iteration[620/620], entropy: 0.3802, loss: 2.4834, lr: 2.87e-04
     Averaged stats: entropy: 0.3802, loss: 2.4834, lr: 2.87e-04
     itm tta time 0:02:02
### TTA Eval Score: 
+-------+--------+--------+--------+--------+-------+
| epoch |   R1   |   R5   |  R10   |  mAP   |  mINP |
+-------+--------+--------+--------+--------+-------+
|  -999 | 37.304 | 55.557 | 63.548 | 20.140 | 2.213 |
|   0   | 38.362 | 56.298 | 64.470 | 20.141 | 2.049 |
|   1   | 39.011 | 56.766 | 65.039 | 20.592 | 2.141 |
|   2   | 38.986 | 56.676 | 65.014 | 20.583 | 2.147 |
|   3   | 38.926 | 56.504 | 64.969 | 20.521 | 2.145 |
|   4   | 38.991 | 56.892 | 65.311 | 20.661 | 2.180 |
|   5   | 39.228 | 56.787 | 65.140 | 20.840 | 2.253 |
|   6   | 39.279 | 56.897 | 65.483 | 20.706 | 2.153 |
+-------+--------+--------+--------+--------+-------+
     logs:  {'epo': 6, 'R1': np.float32(39.279), 'R5': np.float32(56.897), 'R10': np.float32(65.483), 'mAP': np.float32(20.706), 'mINP': np.float32(2.153), 'entropy': 0.33251094649876317, 'loss': 2.452217544278791, 'lr': 0.0004900889626820903}
     Epoch[7] Iteration[10/620], entropy: 0.2351, loss: 2.4140, lr: 8.64e-04
     Epoch[7] Iteration[20/620], entropy: 0.3180, loss: 2.3608, lr: 9.38e-04
     Epoch[7] Iteration[30/620], entropy: 0.3030, loss: 2.4569, lr: 4.06e-04
     Epoch[7] Iteration[40/620], entropy: 0.3557, loss: 2.4852, lr: 3.94e-06
     Epoch[7] Iteration[50/620], entropy: 0.4245, loss: 2.5099, lr: 2.87e-04
     Epoch[7] Iteration[60/620], entropy: 0.3280, loss: 2.5140, lr: 8.64e-04
     Epoch[7] Iteration[70/620], entropy: 0.2647, loss: 2.3900, lr: 9.38e-04
     Epoch[7] Iteration[80/620], entropy: 0.3029, loss: 2.4373, lr: 4.06e-04
     Epoch[7] Iteration[90/620], entropy: 0.3902, loss: 2.5107, lr: 3.94e-06
     Epoch[7] Iteration[100/620], entropy: 0.2545, loss: 2.3619, lr: 2.87e-04
     Epoch[7] Iteration[110/620], entropy: 0.3006, loss: 2.4453, lr: 8.64e-04
     Epoch[7] Iteration[120/620], entropy: 0.4337, loss: 2.4290, lr: 9.38e-04
     Epoch[7] Iteration[130/620], entropy: 0.3963, loss: 2.4591, lr: 4.06e-04
     Epoch[7] Iteration[140/620], entropy: 0.3340, loss: 2.4448, lr: 3.94e-06
     Epoch[7] Iteration[150/620], entropy: 0.2834, loss: 2.4032, lr: 2.87e-04
     Epoch[7] Iteration[160/620], entropy: 0.3855, loss: 2.4642, lr: 8.64e-04
     Epoch[7] Iteration[170/620], entropy: 0.2971, loss: 2.4020, lr: 9.38e-04
     Epoch[7] Iteration[180/620], entropy: 0.3018, loss: 2.4500, lr: 4.06e-04
     Epoch[7] Iteration[190/620], entropy: 0.3124, loss: 2.4208, lr: 3.94e-06
     Epoch[7] Iteration[200/620], entropy: 0.2263, loss: 2.3760, lr: 2.87e-04
     Epoch[7] Iteration[210/620], entropy: 0.2579, loss: 2.3774, lr: 8.64e-04
     Epoch[7] Iteration[220/620], entropy: 0.2607, loss: 2.3541, lr: 9.38e-04
     Epoch[7] Iteration[230/620], entropy: 0.2665, loss: 2.3766, lr: 4.06e-04
     Epoch[7] Iteration[240/620], entropy: 0.3791, loss: 2.5074, lr: 3.94e-06
     Epoch[7] Iteration[250/620], entropy: 0.3566, loss: 2.4817, lr: 2.87e-04
     Epoch[7] Iteration[260/620], entropy: 0.3998, loss: 2.5472, lr: 8.64e-04
     Epoch[7] Iteration[270/620], entropy: 0.3432, loss: 2.4274, lr: 9.38e-04
     Epoch[7] Iteration[280/620], entropy: 0.4348, loss: 2.5341, lr: 4.06e-04
     Epoch[7] Iteration[290/620], entropy: 0.3521, loss: 2.4103, lr: 3.94e-06
     Epoch[7] Iteration[300/620], entropy: 0.2747, loss: 2.4197, lr: 2.87e-04
     Epoch[7] Iteration[310/620], entropy: 0.3322, loss: 2.4249, lr: 8.64e-04
     Epoch[7] Iteration[320/620], entropy: 0.3068, loss: 2.3920, lr: 9.38e-04
     Epoch[7] Iteration[330/620], entropy: 0.2498, loss: 2.3647, lr: 4.06e-04
     Epoch[7] Iteration[340/620], entropy: 0.3044, loss: 2.4545, lr: 3.94e-06
     Epoch[7] Iteration[350/620], entropy: 0.2925, loss: 2.3923, lr: 2.87e-04
     Epoch[7] Iteration[360/620], entropy: 0.2628, loss: 2.3940, lr: 8.64e-04
     Epoch[7] Iteration[370/620], entropy: 0.3584, loss: 2.4621, lr: 9.38e-04
     Epoch[7] Iteration[380/620], entropy: 0.3388, loss: 2.4762, lr: 4.06e-04
     Epoch[7] Iteration[390/620], entropy: 0.3481, loss: 2.5233, lr: 3.94e-06
     Epoch[7] Iteration[400/620], entropy: 0.3473, loss: 2.5405, lr: 2.87e-04
     Epoch[7] Iteration[410/620], entropy: 0.3918, loss: 2.4880, lr: 8.64e-04
     Epoch[7] Iteration[420/620], entropy: 0.2699, loss: 2.3960, lr: 9.38e-04
     Epoch[7] Iteration[430/620], entropy: 0.2529, loss: 2.2942, lr: 4.06e-04
     Epoch[7] Iteration[440/620], entropy: 0.2913, loss: 2.4444, lr: 3.94e-06
     Epoch[7] Iteration[450/620], entropy: 0.2870, loss: 2.3644, lr: 2.87e-04
     Epoch[7] Iteration[460/620], entropy: 0.3625, loss: 2.4831, lr: 8.64e-04
     Epoch[7] Iteration[470/620], entropy: 0.3856, loss: 2.5025, lr: 9.38e-04
     Epoch[7] Iteration[480/620], entropy: 0.3049, loss: 2.4179, lr: 4.06e-04
     Epoch[7] Iteration[490/620], entropy: 0.4083, loss: 2.5314, lr: 3.94e-06
     Epoch[7] Iteration[500/620], entropy: 0.2567, loss: 2.4109, lr: 2.87e-04
     Epoch[7] Iteration[510/620], entropy: 0.3112, loss: 2.3558, lr: 8.64e-04
     Epoch[7] Iteration[520/620], entropy: 0.3532, loss: 2.4599, lr: 9.38e-04
     Epoch[7] Iteration[530/620], entropy: 0.2505, loss: 2.3303, lr: 4.06e-04
     Epoch[7] Iteration[540/620], entropy: 0.3446, loss: 2.4764, lr: 3.94e-06
     Epoch[7] Iteration[550/620], entropy: 0.3184, loss: 2.3988, lr: 2.87e-04
     Epoch[7] Iteration[560/620], entropy: 0.3270, loss: 2.4771, lr: 8.64e-04
     Epoch[7] Iteration[570/620], entropy: 0.3206, loss: 2.4033, lr: 9.38e-04
     Epoch[7] Iteration[580/620], entropy: 0.2624, loss: 2.3706, lr: 4.06e-04
     Epoch[7] Iteration[590/620], entropy: 0.3175, loss: 2.3980, lr: 3.94e-06
     Epoch[7] Iteration[600/620], entropy: 0.3767, loss: 2.5106, lr: 2.87e-04
     Epoch[7] Iteration[610/620], entropy: 0.3284, loss: 2.4985, lr: 8.64e-04
     Epoch[7] Iteration[620/620], entropy: 0.3388, loss: 2.4544, lr: 9.38e-04
     Averaged stats: entropy: 0.3388, loss: 2.4544, lr: 9.38e-04
     itm tta time 0:02:02
### TTA Eval Score: 
+-------+--------+--------+--------+--------+-------+
| epoch |   R1   |   R5   |  R10   |  mAP   |  mINP |
+-------+--------+--------+--------+--------+-------+
|  -999 | 37.304 | 55.557 | 63.548 | 20.140 | 2.213 |
|   0   | 38.362 | 56.298 | 64.470 | 20.141 | 2.049 |
|   1   | 39.011 | 56.766 | 65.039 | 20.592 | 2.141 |
|   2   | 38.986 | 56.676 | 65.014 | 20.583 | 2.147 |
|   3   | 38.926 | 56.504 | 64.969 | 20.521 | 2.145 |
|   4   | 38.991 | 56.892 | 65.311 | 20.661 | 2.180 |
|   5   | 39.228 | 56.787 | 65.140 | 20.840 | 2.253 |
|   6   | 39.279 | 56.897 | 65.483 | 20.706 | 2.153 |
|   7   | 39.304 | 57.018 | 65.523 | 20.865 | 2.206 |
+-------+--------+--------+--------+--------+-------+
     logs:  {'epo': 7, 'R1': np.float32(39.304), 'R5': np.float32(57.018), 'R10': np.float32(65.523), 'mAP': np.float32(20.865), 'mINP': np.float32(2.206), 'entropy': 0.3221683780993185, 'loss': 2.436486978684702, 'lr': 0.0005129457686085922}
     Epoch[8] Iteration[10/620], entropy: 0.4845, loss: 2.6126, lr: 4.06e-04
     Epoch[8] Iteration[20/620], entropy: 0.3310, loss: 2.4339, lr: 3.94e-06
     Epoch[8] Iteration[30/620], entropy: 0.2752, loss: 2.4471, lr: 2.87e-04
     Epoch[8] Iteration[40/620], entropy: 0.2837, loss: 2.4364, lr: 8.64e-04
     Epoch[8] Iteration[50/620], entropy: 0.3094, loss: 2.4760, lr: 9.38e-04
     Epoch[8] Iteration[60/620], entropy: 0.2708, loss: 2.4591, lr: 4.06e-04
     Epoch[8] Iteration[70/620], entropy: 0.2747, loss: 2.3834, lr: 3.94e-06
     Epoch[8] Iteration[80/620], entropy: 0.3249, loss: 2.3978, lr: 2.87e-04
     Epoch[8] Iteration[90/620], entropy: 0.5049, loss: 2.5807, lr: 8.64e-04
     Epoch[8] Iteration[100/620], entropy: 0.2606, loss: 2.3225, lr: 9.38e-04
     Epoch[8] Iteration[110/620], entropy: 0.4007, loss: 2.5073, lr: 4.06e-04
     Epoch[8] Iteration[120/620], entropy: 0.3472, loss: 2.5103, lr: 3.94e-06
     Epoch[8] Iteration[130/620], entropy: 0.3062, loss: 2.4102, lr: 2.87e-04
     Epoch[8] Iteration[140/620], entropy: 0.3776, loss: 2.4448, lr: 8.64e-04
     Epoch[8] Iteration[150/620], entropy: 0.2521, loss: 2.3995, lr: 9.38e-04
     Epoch[8] Iteration[160/620], entropy: 0.2210, loss: 2.3140, lr: 4.06e-04
     Epoch[8] Iteration[170/620], entropy: 0.3333, loss: 2.4321, lr: 3.94e-06
     Epoch[8] Iteration[180/620], entropy: 0.3737, loss: 2.5132, lr: 2.87e-04
     Epoch[8] Iteration[190/620], entropy: 0.4046, loss: 2.5059, lr: 8.64e-04
     Epoch[8] Iteration[200/620], entropy: 0.2720, loss: 2.4322, lr: 9.38e-04
     Epoch[8] Iteration[210/620], entropy: 0.3552, loss: 2.4194, lr: 4.06e-04
     Epoch[8] Iteration[220/620], entropy: 0.3672, loss: 2.5842, lr: 3.94e-06
     Epoch[8] Iteration[230/620], entropy: 0.3115, loss: 2.4479, lr: 2.87e-04
     Epoch[8] Iteration[240/620], entropy: 0.3448, loss: 2.4781, lr: 8.64e-04
     Epoch[8] Iteration[250/620], entropy: 0.4048, loss: 2.5048, lr: 9.38e-04
     Epoch[8] Iteration[260/620], entropy: 0.3662, loss: 2.4733, lr: 4.06e-04
     Epoch[8] Iteration[270/620], entropy: 0.2990, loss: 2.4513, lr: 3.94e-06
     Epoch[8] Iteration[280/620], entropy: 0.2868, loss: 2.3744, lr: 2.87e-04
     Epoch[8] Iteration[290/620], entropy: 0.2554, loss: 2.3672, lr: 8.64e-04
     Epoch[8] Iteration[300/620], entropy: 0.2447, loss: 2.3778, lr: 9.38e-04
     Epoch[8] Iteration[310/620], entropy: 0.3957, loss: 2.5453, lr: 4.06e-04
     Epoch[8] Iteration[320/620], entropy: 0.2748, loss: 2.3718, lr: 3.94e-06
     Epoch[8] Iteration[330/620], entropy: 0.4057, loss: 2.5119, lr: 2.87e-04
     Epoch[8] Iteration[340/620], entropy: 0.3586, loss: 2.3712, lr: 8.64e-04
     Epoch[8] Iteration[350/620], entropy: 0.2581, loss: 2.4340, lr: 9.38e-04
     Epoch[8] Iteration[360/620], entropy: 0.3299, loss: 2.4421, lr: 4.06e-04
     Epoch[8] Iteration[370/620], entropy: 0.3716, loss: 2.4466, lr: 3.94e-06
     Epoch[8] Iteration[380/620], entropy: 0.3474, loss: 2.4855, lr: 2.87e-04
     Epoch[8] Iteration[390/620], entropy: 0.3184, loss: 2.3887, lr: 8.64e-04
     Epoch[8] Iteration[400/620], entropy: 0.3091, loss: 2.4630, lr: 9.38e-04
     Epoch[8] Iteration[410/620], entropy: 0.3675, loss: 2.4291, lr: 4.06e-04
     Epoch[8] Iteration[420/620], entropy: 0.3050, loss: 2.3947, lr: 3.94e-06
     Epoch[8] Iteration[430/620], entropy: 0.2875, loss: 2.3539, lr: 2.87e-04
     Epoch[8] Iteration[440/620], entropy: 0.3662, loss: 2.5475, lr: 8.64e-04
     Epoch[8] Iteration[450/620], entropy: 0.2559, loss: 2.3618, lr: 9.38e-04
     Epoch[8] Iteration[460/620], entropy: 0.3345, loss: 2.4014, lr: 4.06e-04
     Epoch[8] Iteration[470/620], entropy: 0.3846, loss: 2.4498, lr: 3.94e-06
     Epoch[8] Iteration[480/620], entropy: 0.3509, loss: 2.4611, lr: 2.87e-04
     Epoch[8] Iteration[490/620], entropy: 0.3377, loss: 2.4342, lr: 8.64e-04
     Epoch[8] Iteration[500/620], entropy: 0.3158, loss: 2.4351, lr: 9.38e-04
     Epoch[8] Iteration[510/620], entropy: 0.2978, loss: 2.4657, lr: 4.06e-04
     Epoch[8] Iteration[520/620], entropy: 0.3363, loss: 2.4579, lr: 3.94e-06
     Epoch[8] Iteration[530/620], entropy: 0.2637, loss: 2.3395, lr: 2.87e-04
     Epoch[8] Iteration[540/620], entropy: 0.3047, loss: 2.4941, lr: 8.64e-04
     Epoch[8] Iteration[550/620], entropy: 0.3089, loss: 2.4929, lr: 9.38e-04
     Epoch[8] Iteration[560/620], entropy: 0.3259, loss: 2.4606, lr: 4.06e-04
     Epoch[8] Iteration[570/620], entropy: 0.3150, loss: 2.4597, lr: 3.94e-06
     Epoch[8] Iteration[580/620], entropy: 0.2531, loss: 2.4291, lr: 2.87e-04
     Epoch[8] Iteration[590/620], entropy: 0.3166, loss: 2.4899, lr: 8.64e-04
     Epoch[8] Iteration[600/620], entropy: 0.4122, loss: 2.4901, lr: 9.38e-04
     Epoch[8] Iteration[610/620], entropy: 0.3172, loss: 2.4259, lr: 4.06e-04
     Epoch[8] Iteration[620/620], entropy: 0.3410, loss: 2.4415, lr: 3.94e-06
     Averaged stats: entropy: 0.3410, loss: 2.4415, lr: 3.94e-06
     itm tta time 0:02:02
### TTA Eval Score: 
+-------+--------+--------+--------+--------+-------+
| epoch |   R1   |   R5   |  R10   |  mAP   |  mINP |
+-------+--------+--------+--------+--------+-------+
|  -999 | 37.304 | 55.557 | 63.548 | 20.140 | 2.213 |
|   0   | 38.362 | 56.298 | 64.470 | 20.141 | 2.049 |
|   1   | 39.011 | 56.766 | 65.039 | 20.592 | 2.141 |
|   2   | 38.986 | 56.676 | 65.014 | 20.583 | 2.147 |
|   3   | 38.926 | 56.504 | 64.969 | 20.521 | 2.145 |
|   4   | 38.991 | 56.892 | 65.311 | 20.661 | 2.180 |
|   5   | 39.228 | 56.787 | 65.140 | 20.840 | 2.253 |
|   6   | 39.279 | 56.897 | 65.483 | 20.706 | 2.153 |
|   7   | 39.304 | 57.018 | 65.523 | 20.865 | 2.206 |
|   8   | 39.415 | 57.205 | 65.447 | 20.846 | 2.170 |
+-------+--------+--------+--------+--------+-------+
     logs:  {'epo': 8, 'R1': np.float32(39.415), 'R5': np.float32(57.205), 'R10': np.float32(65.447), 'mAP': np.float32(20.846), 'mINP': np.float32(2.17), 'entropy': 0.32759466887481753, 'loss': 2.4463411069685415, 'lr': 0.0004904879353556455}
     Epoch[9] Iteration[10/620], entropy: 0.2510, loss: 2.3248, lr: 2.87e-04
     Epoch[9] Iteration[20/620], entropy: 0.3811, loss: 2.4923, lr: 8.64e-04
     Epoch[9] Iteration[30/620], entropy: 0.2733, loss: 2.3678, lr: 9.38e-04
     Epoch[9] Iteration[40/620], entropy: 0.4077, loss: 2.5127, lr: 4.06e-04
     Epoch[9] Iteration[50/620], entropy: 0.3627, loss: 2.5587, lr: 3.94e-06
     Epoch[9] Iteration[60/620], entropy: 0.3661, loss: 2.4673, lr: 2.87e-04
     Epoch[9] Iteration[70/620], entropy: 0.3857, loss: 2.5050, lr: 8.64e-04
     Epoch[9] Iteration[80/620], entropy: 0.3231, loss: 2.4665, lr: 9.38e-04
     Epoch[9] Iteration[90/620], entropy: 0.3187, loss: 2.4504, lr: 4.06e-04
     Epoch[9] Iteration[100/620], entropy: 0.3838, loss: 2.5458, lr: 3.94e-06
     Epoch[9] Iteration[110/620], entropy: 0.3017, loss: 2.4143, lr: 2.87e-04
     Epoch[9] Iteration[120/620], entropy: 0.3608, loss: 2.4751, lr: 8.64e-04
     Epoch[9] Iteration[130/620], entropy: 0.2614, loss: 2.3666, lr: 9.38e-04
     Epoch[9] Iteration[140/620], entropy: 0.4126, loss: 2.5643, lr: 4.06e-04
     Epoch[9] Iteration[150/620], entropy: 0.3658, loss: 2.5308, lr: 3.94e-06
     Epoch[9] Iteration[160/620], entropy: 0.2829, loss: 2.4111, lr: 2.87e-04
     Epoch[9] Iteration[170/620], entropy: 0.3235, loss: 2.4748, lr: 8.64e-04
     Epoch[9] Iteration[180/620], entropy: 0.3904, loss: 2.4224, lr: 9.38e-04
     Epoch[9] Iteration[190/620], entropy: 0.2858, loss: 2.4435, lr: 4.06e-04
     Epoch[9] Iteration[200/620], entropy: 0.3695, loss: 2.4561, lr: 3.94e-06
     Epoch[9] Iteration[210/620], entropy: 0.3741, loss: 2.5464, lr: 2.87e-04
     Epoch[9] Iteration[220/620], entropy: 0.2261, loss: 2.3509, lr: 8.64e-04
     Epoch[9] Iteration[230/620], entropy: 0.2813, loss: 2.4366, lr: 9.38e-04
     Epoch[9] Iteration[240/620], entropy: 0.3255, loss: 2.5149, lr: 4.06e-04
     Epoch[9] Iteration[250/620], entropy: 0.3248, loss: 2.4184, lr: 3.94e-06
     Epoch[9] Iteration[260/620], entropy: 0.3985, loss: 2.5219, lr: 2.87e-04
     Epoch[9] Iteration[270/620], entropy: 0.4014, loss: 2.4787, lr: 8.64e-04
     Epoch[9] Iteration[280/620], entropy: 0.3723, loss: 2.4550, lr: 9.38e-04
     Epoch[9] Iteration[290/620], entropy: 0.2352, loss: 2.4018, lr: 4.06e-04
     Epoch[9] Iteration[300/620], entropy: 0.2895, loss: 2.4240, lr: 3.94e-06
     Epoch[9] Iteration[310/620], entropy: 0.3743, loss: 2.5249, lr: 2.87e-04
     Epoch[9] Iteration[320/620], entropy: 0.3396, loss: 2.4282, lr: 8.64e-04
     Epoch[9] Iteration[330/620], entropy: 0.3111, loss: 2.4454, lr: 9.38e-04
     Epoch[9] Iteration[340/620], entropy: 0.3233, loss: 2.4550, lr: 4.06e-04
     Epoch[9] Iteration[350/620], entropy: 0.3271, loss: 2.4610, lr: 3.94e-06
     Epoch[9] Iteration[360/620], entropy: 0.3119, loss: 2.4868, lr: 2.87e-04
     Epoch[9] Iteration[370/620], entropy: 0.3062, loss: 2.3707, lr: 8.64e-04
     Epoch[9] Iteration[380/620], entropy: 0.4056, loss: 2.4936, lr: 9.38e-04
     Epoch[9] Iteration[390/620], entropy: 0.2895, loss: 2.3772, lr: 4.06e-04
     Epoch[9] Iteration[400/620], entropy: 0.3111, loss: 2.4364, lr: 3.94e-06
     Epoch[9] Iteration[410/620], entropy: 0.3174, loss: 2.4294, lr: 2.87e-04
     Epoch[9] Iteration[420/620], entropy: 0.3820, loss: 2.5075, lr: 8.64e-04
     Epoch[9] Iteration[430/620], entropy: 0.2632, loss: 2.3155, lr: 9.65e-04
     Epoch[9] Iteration[440/620], entropy: 0.2491, loss: 2.3246, lr: 4.69e-04
     Epoch[9] Iteration[450/620], entropy: 0.2823, loss: 2.3860, lr: 1.57e-05
     Epoch[9] Iteration[460/620], entropy: 0.4244, loss: 2.4820, lr: 2.32e-04
     Epoch[9] Iteration[470/620], entropy: 0.3092, loss: 2.4109, lr: 8.19e-04
     Epoch[9] Iteration[480/620], entropy: 0.3240, loss: 2.4164, lr: 9.65e-04
     Epoch[9] Iteration[490/620], entropy: 0.3928, loss: 2.5440, lr: 4.69e-04
     Epoch[9] Iteration[500/620], entropy: 0.2710, loss: 2.4055, lr: 1.57e-05
     Epoch[9] Iteration[510/620], entropy: 0.2973, loss: 2.4215, lr: 2.32e-04
     Epoch[9] Iteration[520/620], entropy: 0.3254, loss: 2.4402, lr: 8.19e-04
     Epoch[9] Iteration[530/620], entropy: 0.2807, loss: 2.4370, lr: 9.65e-04
     Epoch[9] Iteration[540/620], entropy: 0.3360, loss: 2.4305, lr: 4.69e-04
     Epoch[9] Iteration[550/620], entropy: 0.2697, loss: 2.3758, lr: 1.57e-05
     Epoch[9] Iteration[560/620], entropy: 0.3210, loss: 2.3649, lr: 2.32e-04
     Epoch[9] Iteration[570/620], entropy: 0.3519, loss: 2.4641, lr: 8.19e-04
     Epoch[9] Iteration[580/620], entropy: 0.3697, loss: 2.4839, lr: 9.65e-04
     Epoch[9] Iteration[590/620], entropy: 0.2918, loss: 2.4703, lr: 4.69e-04
     Epoch[9] Iteration[600/620], entropy: 0.4182, loss: 2.5260, lr: 1.57e-05
     Epoch[9] Iteration[610/620], entropy: 0.2783, loss: 2.3884, lr: 2.32e-04
     Epoch[9] Iteration[620/620], entropy: 0.3926, loss: 2.5092, lr: 8.19e-04
     Averaged stats: entropy: 0.3926, loss: 2.5092, lr: 8.19e-04
     itm tta time 0:02:02
### TTA Eval Score: 
+-------+--------+--------+--------+--------+-------+
| epoch |   R1   |   R5   |  R10   |  mAP   |  mINP |
+-------+--------+--------+--------+--------+-------+
|  -999 | 37.304 | 55.557 | 63.548 | 20.140 | 2.213 |
|   0   | 38.362 | 56.298 | 64.470 | 20.141 | 2.049 |
|   1   | 39.011 | 56.766 | 65.039 | 20.592 | 2.141 |
|   2   | 38.986 | 56.676 | 65.014 | 20.583 | 2.147 |
|   3   | 38.926 | 56.504 | 64.969 | 20.521 | 2.145 |
|   4   | 38.991 | 56.892 | 65.311 | 20.661 | 2.180 |
|   5   | 39.228 | 56.787 | 65.140 | 20.840 | 2.253 |
|   6   | 39.279 | 56.897 | 65.483 | 20.706 | 2.153 |
|   7   | 39.304 | 57.018 | 65.523 | 20.865 | 2.206 |
|   8   | 39.415 | 57.205 | 65.447 | 20.846 | 2.170 |
|   9   | 39.233 | 56.953 | 65.447 | 20.818 | 2.191 |
+-------+--------+--------+--------+--------+-------+
     logs:  {'epo': 9, 'R1': np.float32(39.233), 'R5': np.float32(56.953), 'R10': np.float32(65.447), 'mAP': np.float32(20.818), 'mINP': np.float32(2.191), 'entropy': 0.3303799405694008, 'loss': 2.448568517161954, 'lr': 0.0005024450752891628}
     Epoch[10] Iteration[10/620], entropy: 0.3440, loss: 2.3811, lr: 9.65e-04
     Epoch[10] Iteration[20/620], entropy: 0.3560, loss: 2.4105, lr: 4.69e-04
     Epoch[10] Iteration[30/620], entropy: 0.3676, loss: 2.4624, lr: 1.57e-05
     Epoch[10] Iteration[40/620], entropy: 0.4491, loss: 2.5355, lr: 2.32e-04
     Epoch[10] Iteration[50/620], entropy: 0.3821, loss: 2.5494, lr: 8.19e-04
     Epoch[10] Iteration[60/620], entropy: 0.3490, loss: 2.4697, lr: 9.65e-04
     Epoch[10] Iteration[70/620], entropy: 0.3154, loss: 2.4035, lr: 4.69e-04
     Epoch[10] Iteration[80/620], entropy: 0.3536, loss: 2.5003, lr: 1.57e-05
     Epoch[10] Iteration[90/620], entropy: 0.3084, loss: 2.4441, lr: 2.32e-04
     Epoch[10] Iteration[100/620], entropy: 0.3371, loss: 2.4297, lr: 8.19e-04
     Epoch[10] Iteration[110/620], entropy: 0.3681, loss: 2.5340, lr: 9.65e-04
     Epoch[10] Iteration[120/620], entropy: 0.3388, loss: 2.4273, lr: 4.69e-04
     Epoch[10] Iteration[130/620], entropy: 0.3297, loss: 2.4661, lr: 1.57e-05
     Epoch[10] Iteration[140/620], entropy: 0.3639, loss: 2.4498, lr: 2.32e-04
     Epoch[10] Iteration[150/620], entropy: 0.2609, loss: 2.3215, lr: 8.19e-04
     Epoch[10] Iteration[160/620], entropy: 0.3142, loss: 2.3743, lr: 9.65e-04
     Epoch[10] Iteration[170/620], entropy: 0.3354, loss: 2.4901, lr: 4.69e-04
     Epoch[10] Iteration[180/620], entropy: 0.4618, loss: 2.5618, lr: 1.57e-05
     Epoch[10] Iteration[190/620], entropy: 0.3482, loss: 2.4321, lr: 2.32e-04
     Epoch[10] Iteration[200/620], entropy: 0.3213, loss: 2.4695, lr: 8.19e-04
     Epoch[10] Iteration[210/620], entropy: 0.3817, loss: 2.5235, lr: 9.65e-04
     Epoch[10] Iteration[220/620], entropy: 0.3289, loss: 2.5209, lr: 4.69e-04
     Epoch[10] Iteration[230/620], entropy: 0.4413, loss: 2.5630, lr: 1.57e-05
     Epoch[10] Iteration[240/620], entropy: 0.3785, loss: 2.5157, lr: 2.32e-04
     Epoch[10] Iteration[250/620], entropy: 0.3055, loss: 2.4071, lr: 8.19e-04
     Epoch[10] Iteration[260/620], entropy: 0.3208, loss: 2.5049, lr: 9.65e-04
     Epoch[10] Iteration[270/620], entropy: 0.1997, loss: 2.3529, lr: 4.69e-04
     Epoch[10] Iteration[280/620], entropy: 0.3219, loss: 2.4360, lr: 1.57e-05
     Epoch[10] Iteration[290/620], entropy: 0.3550, loss: 2.4561, lr: 2.32e-04
     Epoch[10] Iteration[300/620], entropy: 0.3184, loss: 2.4928, lr: 8.19e-04
     Epoch[10] Iteration[310/620], entropy: 0.3220, loss: 2.4496, lr: 9.65e-04
     Epoch[10] Iteration[320/620], entropy: 0.2518, loss: 2.3317, lr: 4.69e-04
     Epoch[10] Iteration[330/620], entropy: 0.2910, loss: 2.4309, lr: 1.57e-05
     Epoch[10] Iteration[340/620], entropy: 0.3380, loss: 2.4729, lr: 2.32e-04
     Epoch[10] Iteration[350/620], entropy: 0.3597, loss: 2.4612, lr: 8.19e-04
     Epoch[10] Iteration[360/620], entropy: 0.3927, loss: 2.5064, lr: 9.65e-04
     Epoch[10] Iteration[370/620], entropy: 0.3094, loss: 2.4343, lr: 4.69e-04
     Epoch[10] Iteration[380/620], entropy: 0.3678, loss: 2.4672, lr: 1.57e-05
     Epoch[10] Iteration[390/620], entropy: 0.3116, loss: 2.3934, lr: 2.32e-04
     Epoch[10] Iteration[400/620], entropy: 0.3142, loss: 2.4028, lr: 8.19e-04
     Epoch[10] Iteration[410/620], entropy: 0.2824, loss: 2.4298, lr: 9.65e-04
     Epoch[10] Iteration[420/620], entropy: 0.4666, loss: 2.5354, lr: 4.69e-04
     Epoch[10] Iteration[430/620], entropy: 0.4780, loss: 2.5750, lr: 1.57e-05
     Epoch[10] Iteration[440/620], entropy: 0.2317, loss: 2.3578, lr: 2.32e-04
     Epoch[10] Iteration[450/620], entropy: 0.2957, loss: 2.4225, lr: 8.19e-04
     Epoch[10] Iteration[460/620], entropy: 0.2761, loss: 2.3910, lr: 9.65e-04
     Epoch[10] Iteration[470/620], entropy: 0.3919, loss: 2.5008, lr: 4.69e-04
     Epoch[10] Iteration[480/620], entropy: 0.2710, loss: 2.4426, lr: 1.57e-05
     Epoch[10] Iteration[490/620], entropy: 0.3576, loss: 2.4202, lr: 2.32e-04
     Epoch[10] Iteration[500/620], entropy: 0.3526, loss: 2.4880, lr: 8.19e-04
     Epoch[10] Iteration[510/620], entropy: 0.3350, loss: 2.4765, lr: 9.65e-04
     Epoch[10] Iteration[520/620], entropy: 0.2950, loss: 2.4772, lr: 4.69e-04
     Epoch[10] Iteration[530/620], entropy: 0.2682, loss: 2.4381, lr: 1.57e-05
     Epoch[10] Iteration[540/620], entropy: 0.2251, loss: 2.4177, lr: 2.32e-04
     Epoch[10] Iteration[550/620], entropy: 0.3907, loss: 2.5403, lr: 8.19e-04
     Epoch[10] Iteration[560/620], entropy: 0.3545, loss: 2.3843, lr: 9.65e-04
     Epoch[10] Iteration[570/620], entropy: 0.2825, loss: 2.4572, lr: 4.69e-04
     Epoch[10] Iteration[580/620], entropy: 0.3277, loss: 2.5189, lr: 1.57e-05
     Epoch[10] Iteration[590/620], entropy: 0.3897, loss: 2.4956, lr: 2.32e-04
     Epoch[10] Iteration[600/620], entropy: 0.4004, loss: 2.5009, lr: 8.19e-04
     Epoch[10] Iteration[610/620], entropy: 0.2744, loss: 2.4721, lr: 9.65e-04
     Epoch[10] Iteration[620/620], entropy: 0.3863, loss: 2.5134, lr: 4.69e-04
     Averaged stats: entropy: 0.3863, loss: 2.5134, lr: 4.69e-04
     itm tta time 0:02:04
### TTA Eval Score: 
+-------+--------+--------+--------+--------+-------+
| epoch |   R1   |   R5   |  R10   |  mAP   |  mINP |
+-------+--------+--------+--------+--------+-------+
|  -999 | 37.304 | 55.557 | 63.548 | 20.140 | 2.213 |
|   0   | 38.362 | 56.298 | 64.470 | 20.141 | 2.049 |
|   1   | 39.011 | 56.766 | 65.039 | 20.592 | 2.141 |
|   2   | 38.986 | 56.676 | 65.014 | 20.583 | 2.147 |
|   3   | 38.926 | 56.504 | 64.969 | 20.521 | 2.145 |
|   4   | 38.991 | 56.892 | 65.311 | 20.661 | 2.180 |
|   5   | 39.228 | 56.787 | 65.140 | 20.840 | 2.253 |
|   6   | 39.279 | 56.897 | 65.483 | 20.706 | 2.153 |
|   7   | 39.304 | 57.018 | 65.523 | 20.865 | 2.206 |
|   8   | 39.415 | 57.205 | 65.447 | 20.846 | 2.170 |
|   9   | 39.233 | 56.953 | 65.447 | 20.818 | 2.191 |
|   10  | 39.112 | 56.676 | 65.145 | 20.623 | 2.172 |
+-------+--------+--------+--------+--------+-------+
     logs:  {'epo': 10, 'R1': np.float32(39.112), 'R5': np.float32(56.676), 'R10': np.float32(65.145), 'mAP': np.float32(20.623), 'mINP': np.float32(2.172), 'entropy': 0.33787128641720743, 'loss': 2.4595333799239127, 'lr': 0.0005069918223093514}
     Epoch[11] Iteration[10/620], entropy: 0.3153, loss: 2.4373, lr: 1.57e-05
     Epoch[11] Iteration[20/620], entropy: 0.2974, loss: 2.4363, lr: 2.32e-04
     Epoch[11] Iteration[30/620], entropy: 0.2205, loss: 2.3341, lr: 8.19e-04
     Epoch[11] Iteration[40/620], entropy: 0.2475, loss: 2.3214, lr: 9.65e-04
     Epoch[11] Iteration[50/620], entropy: 0.2751, loss: 2.4346, lr: 4.69e-04
     Epoch[11] Iteration[60/620], entropy: 0.2643, loss: 2.3887, lr: 1.57e-05
     Epoch[11] Iteration[70/620], entropy: 0.3103, loss: 2.4640, lr: 2.32e-04
     Epoch[11] Iteration[80/620], entropy: 0.3308, loss: 2.4816, lr: 8.19e-04
     Epoch[11] Iteration[90/620], entropy: 0.3261, loss: 2.4486, lr: 9.65e-04
     Epoch[11] Iteration[100/620], entropy: 0.3777, loss: 2.5025, lr: 4.69e-04
     Epoch[11] Iteration[110/620], entropy: 0.3637, loss: 2.4070, lr: 1.57e-05
     Epoch[11] Iteration[120/620], entropy: 0.3374, loss: 2.4277, lr: 2.32e-04
     Epoch[11] Iteration[130/620], entropy: 0.3356, loss: 2.4621, lr: 8.19e-04
     Epoch[11] Iteration[140/620], entropy: 0.2986, loss: 2.4034, lr: 9.65e-04
     Epoch[11] Iteration[150/620], entropy: 0.2650, loss: 2.3872, lr: 4.69e-04
     Epoch[11] Iteration[160/620], entropy: 0.4129, loss: 2.5357, lr: 1.57e-05
     Epoch[11] Iteration[170/620], entropy: 0.3010, loss: 2.4636, lr: 2.32e-04
     Epoch[11] Iteration[180/620], entropy: 0.2808, loss: 2.4120, lr: 8.19e-04
     Epoch[11] Iteration[190/620], entropy: 0.3586, loss: 2.5293, lr: 9.65e-04
     Epoch[11] Iteration[200/620], entropy: 0.3006, loss: 2.4208, lr: 4.69e-04
     Epoch[11] Iteration[210/620], entropy: 0.2778, loss: 2.3700, lr: 1.57e-05
     Epoch[11] Iteration[220/620], entropy: 0.2416, loss: 2.3507, lr: 2.32e-04
     Epoch[11] Iteration[230/620], entropy: 0.4223, loss: 2.5330, lr: 8.19e-04
     Epoch[11] Iteration[240/620], entropy: 0.3289, loss: 2.3794, lr: 9.65e-04
     Epoch[11] Iteration[250/620], entropy: 0.3727, loss: 2.5184, lr: 4.69e-04
     Epoch[11] Iteration[260/620], entropy: 0.3935, loss: 2.5503, lr: 1.57e-05
     Epoch[11] Iteration[270/620], entropy: 0.3892, loss: 2.4357, lr: 2.32e-04
     Epoch[11] Iteration[280/620], entropy: 0.2902, loss: 2.4329, lr: 8.19e-04
     Epoch[11] Iteration[290/620], entropy: 0.3587, loss: 2.4947, lr: 9.65e-04
     Epoch[11] Iteration[300/620], entropy: 0.3191, loss: 2.4130, lr: 4.69e-04
     Epoch[11] Iteration[310/620], entropy: 0.3294, loss: 2.4765, lr: 1.57e-05
     Epoch[11] Iteration[320/620], entropy: 0.3890, loss: 2.5311, lr: 2.32e-04
     Epoch[11] Iteration[330/620], entropy: 0.3034, loss: 2.4505, lr: 8.19e-04
     Epoch[11] Iteration[340/620], entropy: 0.2821, loss: 2.4138, lr: 9.65e-04
     Epoch[11] Iteration[350/620], entropy: 0.3595, loss: 2.5084, lr: 4.69e-04
     Epoch[11] Iteration[360/620], entropy: 0.3174, loss: 2.4638, lr: 1.57e-05
     Epoch[11] Iteration[370/620], entropy: 0.3328, loss: 2.3924, lr: 2.32e-04
     Epoch[11] Iteration[380/620], entropy: 0.3565, loss: 2.4840, lr: 8.19e-04
     Epoch[11] Iteration[390/620], entropy: 0.4045, loss: 2.4461, lr: 9.65e-04
     Epoch[11] Iteration[400/620], entropy: 0.3980, loss: 2.4957, lr: 4.69e-04
     Epoch[11] Iteration[410/620], entropy: 0.3259, loss: 2.4420, lr: 1.57e-05
     Epoch[11] Iteration[420/620], entropy: 0.2399, loss: 2.3996, lr: 2.32e-04
     Epoch[11] Iteration[430/620], entropy: 0.3254, loss: 2.4900, lr: 8.19e-04
     Epoch[11] Iteration[440/620], entropy: 0.2937, loss: 2.4133, lr: 9.65e-04
     Epoch[11] Iteration[450/620], entropy: 0.2553, loss: 2.3504, lr: 4.69e-04
     Epoch[11] Iteration[460/620], entropy: 0.3515, loss: 2.4260, lr: 1.57e-05
     Epoch[11] Iteration[470/620], entropy: 0.4353, loss: 2.5340, lr: 2.32e-04
     Epoch[11] Iteration[480/620], entropy: 0.2565, loss: 2.3605, lr: 8.19e-04
     Epoch[11] Iteration[490/620], entropy: 0.3009, loss: 2.3704, lr: 9.65e-04
     Epoch[11] Iteration[500/620], entropy: 0.3046, loss: 2.4996, lr: 4.69e-04
     Epoch[11] Iteration[510/620], entropy: 0.4620, loss: 2.6084, lr: 1.57e-05
     Epoch[11] Iteration[520/620], entropy: 0.3549, loss: 2.4991, lr: 2.32e-04
     Epoch[11] Iteration[530/620], entropy: 0.3821, loss: 2.5148, lr: 8.19e-04
     Epoch[11] Iteration[540/620], entropy: 0.3163, loss: 2.4696, lr: 9.65e-04
     Epoch[11] Iteration[550/620], entropy: 0.3513, loss: 2.5120, lr: 4.69e-04
     Epoch[11] Iteration[560/620], entropy: 0.3839, loss: 2.4009, lr: 1.57e-05
     Epoch[11] Iteration[570/620], entropy: 0.3999, loss: 2.5123, lr: 2.32e-04
     Epoch[11] Iteration[580/620], entropy: 0.3162, loss: 2.4434, lr: 8.19e-04
     Epoch[11] Iteration[590/620], entropy: 0.3342, loss: 2.4459, lr: 9.65e-04
     Epoch[11] Iteration[600/620], entropy: 0.3595, loss: 2.4250, lr: 4.69e-04
     Epoch[11] Iteration[610/620], entropy: 0.2592, loss: 2.3772, lr: 1.57e-05
     Epoch[11] Iteration[620/620], entropy: 0.3224, loss: 2.4516, lr: 2.32e-04
     Averaged stats: entropy: 0.3224, loss: 2.4516, lr: 2.32e-04
     itm tta time 0:02:00
### TTA Eval Score: 
+-------+--------+--------+--------+--------+-------+
| epoch |   R1   |   R5   |  R10   |  mAP   |  mINP |
+-------+--------+--------+--------+--------+-------+
|  -999 | 37.304 | 55.557 | 63.548 | 20.140 | 2.213 |
|   0   | 38.362 | 56.298 | 64.470 | 20.141 | 2.049 |
|   1   | 39.011 | 56.766 | 65.039 | 20.592 | 2.141 |
|   2   | 38.986 | 56.676 | 65.014 | 20.583 | 2.147 |
|   3   | 38.926 | 56.504 | 64.969 | 20.521 | 2.145 |
|   4   | 38.991 | 56.892 | 65.311 | 20.661 | 2.180 |
|   5   | 39.228 | 56.787 | 65.140 | 20.840 | 2.253 |
|   6   | 39.279 | 56.897 | 65.483 | 20.706 | 2.153 |
|   7   | 39.304 | 57.018 | 65.523 | 20.865 | 2.206 |
|   8   | 39.415 | 57.205 | 65.447 | 20.846 | 2.170 |
|   9   | 39.233 | 56.953 | 65.447 | 20.818 | 2.191 |
|   10  | 39.112 | 56.676 | 65.145 | 20.623 | 2.172 |
|   11  | 38.976 | 56.610 | 65.085 | 20.612 | 2.181 |
+-------+--------+--------+--------+--------+-------+
     logs:  {'epo': 11, 'R1': np.float32(38.976), 'R5': np.float32(56.61), 'R10': np.float32(65.085), 'mAP': np.float32(20.612), 'mINP': np.float32(2.181), 'entropy': 0.32929933792160404, 'loss': 2.4481391637556014, 'lr': 0.00048786766164430104}
     Epoch[12] Iteration[10/620], entropy: 0.2980, loss: 2.4292, lr: 8.19e-04
     Epoch[12] Iteration[20/620], entropy: 0.2626, loss: 2.3454, lr: 9.65e-04
     Epoch[12] Iteration[30/620], entropy: 0.3954, loss: 2.4683, lr: 4.69e-04
     Epoch[12] Iteration[40/620], entropy: 0.2367, loss: 2.3255, lr: 1.57e-05
     Epoch[12] Iteration[50/620], entropy: 0.2928, loss: 2.4159, lr: 2.32e-04
     Epoch[12] Iteration[60/620], entropy: 0.3120, loss: 2.4324, lr: 8.19e-04
     Epoch[12] Iteration[70/620], entropy: 0.2763, loss: 2.4203, lr: 9.65e-04
     Epoch[12] Iteration[80/620], entropy: 0.2758, loss: 2.4560, lr: 4.69e-04
     Epoch[12] Iteration[90/620], entropy: 0.3122, loss: 2.4303, lr: 1.57e-05
     Epoch[12] Iteration[100/620], entropy: 0.2820, loss: 2.4026, lr: 2.32e-04
     Epoch[12] Iteration[110/620], entropy: 0.4025, loss: 2.5071, lr: 8.19e-04
     Epoch[12] Iteration[120/620], entropy: 0.3687, loss: 2.4615, lr: 9.65e-04
     Epoch[12] Iteration[130/620], entropy: 0.3333, loss: 2.4417, lr: 4.69e-04
     Epoch[12] Iteration[140/620], entropy: 0.3202, loss: 2.3940, lr: 1.57e-05
     Epoch[12] Iteration[150/620], entropy: 0.2536, loss: 2.4007, lr: 2.32e-04
     Epoch[12] Iteration[160/620], entropy: 0.3021, loss: 2.4083, lr: 8.19e-04
     Epoch[12] Iteration[170/620], entropy: 0.3185, loss: 2.4845, lr: 9.65e-04
     Epoch[12] Iteration[180/620], entropy: 0.3242, loss: 2.4175, lr: 4.69e-04
     Epoch[12] Iteration[190/620], entropy: 0.4621, loss: 2.5754, lr: 1.57e-05
     Epoch[12] Iteration[200/620], entropy: 0.4245, loss: 2.5652, lr: 2.32e-04
     Epoch[12] Iteration[210/620], entropy: 0.2783, loss: 2.4633, lr: 8.19e-04
     Epoch[12] Iteration[220/620], entropy: 0.4077, loss: 2.5195, lr: 9.65e-04
     Epoch[12] Iteration[230/620], entropy: 0.3117, loss: 2.3806, lr: 4.69e-04
     Epoch[12] Iteration[240/620], entropy: 0.2572, loss: 2.3581, lr: 1.57e-05
     Epoch[12] Iteration[250/620], entropy: 0.3950, loss: 2.4926, lr: 2.32e-04
     Epoch[12] Iteration[260/620], entropy: 0.2509, loss: 2.4048, lr: 8.19e-04
     Epoch[12] Iteration[270/620], entropy: 0.3144, loss: 2.4872, lr: 9.65e-04
     Epoch[12] Iteration[280/620], entropy: 0.2703, loss: 2.4107, lr: 4.69e-04
     Epoch[12] Iteration[290/620], entropy: 0.3775, loss: 2.5078, lr: 1.57e-05
     Epoch[12] Iteration[300/620], entropy: 0.4045, loss: 2.4174, lr: 2.32e-04
     Epoch[12] Iteration[310/620], entropy: 0.3761, loss: 2.5214, lr: 8.19e-04
     Epoch[12] Iteration[320/620], entropy: 0.2746, loss: 2.3866, lr: 9.65e-04
     Epoch[12] Iteration[330/620], entropy: 0.3966, loss: 2.5282, lr: 4.69e-04
     Epoch[12] Iteration[340/620], entropy: 0.2651, loss: 2.3870, lr: 1.57e-05
     Epoch[12] Iteration[350/620], entropy: 0.3811, loss: 2.4355, lr: 2.32e-04
     Epoch[12] Iteration[360/620], entropy: 0.4205, loss: 2.5291, lr: 8.19e-04
     Epoch[12] Iteration[370/620], entropy: 0.3404, loss: 2.4946, lr: 9.65e-04
     Epoch[12] Iteration[380/620], entropy: 0.3526, loss: 2.4741, lr: 4.69e-04
     Epoch[12] Iteration[390/620], entropy: 0.3070, loss: 2.3886, lr: 1.57e-05
     Epoch[12] Iteration[400/620], entropy: 0.2671, loss: 2.3630, lr: 2.32e-04
     Epoch[12] Iteration[410/620], entropy: 0.3030, loss: 2.3935, lr: 8.19e-04
     Epoch[12] Iteration[420/620], entropy: 0.2516, loss: 2.3436, lr: 9.65e-04
     Epoch[12] Iteration[430/620], entropy: 0.3457, loss: 2.4289, lr: 4.69e-04
     Epoch[12] Iteration[440/620], entropy: 0.4021, loss: 2.5093, lr: 1.57e-05
     Epoch[12] Iteration[450/620], entropy: 0.4050, loss: 2.5449, lr: 2.32e-04
     Epoch[12] Iteration[460/620], entropy: 0.2763, loss: 2.3292, lr: 8.19e-04
     Epoch[12] Iteration[470/620], entropy: 0.3229, loss: 2.5122, lr: 9.65e-04
     Epoch[12] Iteration[480/620], entropy: 0.2588, loss: 2.3463, lr: 4.69e-04
     Epoch[12] Iteration[490/620], entropy: 0.2911, loss: 2.4661, lr: 1.57e-05
     Epoch[12] Iteration[500/620], entropy: 0.3728, loss: 2.4782, lr: 2.32e-04
     Epoch[12] Iteration[510/620], entropy: 0.2571, loss: 2.4327, lr: 8.19e-04
     Epoch[12] Iteration[520/620], entropy: 0.3803, loss: 2.5033, lr: 9.65e-04
     Epoch[12] Iteration[530/620], entropy: 0.3352, loss: 2.4481, lr: 4.69e-04
     Epoch[12] Iteration[540/620], entropy: 0.2747, loss: 2.4065, lr: 1.57e-05
     Epoch[12] Iteration[550/620], entropy: 0.4357, loss: 2.5631, lr: 2.32e-04
     Epoch[12] Iteration[560/620], entropy: 0.4198, loss: 2.4627, lr: 8.19e-04
     Epoch[12] Iteration[570/620], entropy: 0.3554, loss: 2.4417, lr: 9.84e-04
     Epoch[12] Iteration[580/620], entropy: 0.2236, loss: 2.4039, lr: 5.31e-04
     Epoch[12] Iteration[590/620], entropy: 0.4099, loss: 2.4883, lr: 3.51e-05
     Epoch[12] Iteration[600/620], entropy: 0.2738, loss: 2.3840, lr: 1.81e-04
     Epoch[12] Iteration[610/620], entropy: 0.3610, loss: 2.4667, lr: 7.68e-04
     Epoch[12] Iteration[620/620], entropy: 0.3255, loss: 2.4504, lr: 9.84e-04
     Averaged stats: entropy: 0.3255, loss: 2.4504, lr: 9.84e-04
     itm tta time 0:02:00
### TTA Eval Score: 
+-------+--------+--------+--------+--------+-------+
| epoch |   R1   |   R5   |  R10   |  mAP   |  mINP |
+-------+--------+--------+--------+--------+-------+
|  -999 | 37.304 | 55.557 | 63.548 | 20.140 | 2.213 |
|   0   | 38.362 | 56.298 | 64.470 | 20.141 | 2.049 |
|   1   | 39.011 | 56.766 | 65.039 | 20.592 | 2.141 |
|   2   | 38.986 | 56.676 | 65.014 | 20.583 | 2.147 |
|   3   | 38.926 | 56.504 | 64.969 | 20.521 | 2.145 |
|   4   | 38.991 | 56.892 | 65.311 | 20.661 | 2.180 |
|   5   | 39.228 | 56.787 | 65.140 | 20.840 | 2.253 |
|   6   | 39.279 | 56.897 | 65.483 | 20.706 | 2.153 |
|   7   | 39.304 | 57.018 | 65.523 | 20.865 | 2.206 |
|   8   | 39.415 | 57.205 | 65.447 | 20.846 | 2.170 |
|   9   | 39.233 | 56.953 | 65.447 | 20.818 | 2.191 |
|   10  | 39.112 | 56.676 | 65.145 | 20.623 | 2.172 |
|   11  | 38.976 | 56.610 | 65.085 | 20.612 | 2.181 |
|   12  | 39.314 | 56.923 | 65.321 | 20.721 | 2.155 |
+-------+--------+--------+--------+--------+-------+
     logs:  {'epo': 12, 'R1': np.float32(39.314), 'R5': np.float32(56.923), 'R10': np.float32(65.321), 'mAP': np.float32(20.721), 'mINP': np.float32(2.155), 'entropy': 0.32877064279971585, 'loss': 2.4441215915064656, 'lr': 0.0005129516705715986}
     Epoch[13] Iteration[10/620], entropy: 0.3571, loss: 2.4695, lr: 5.31e-04
     Epoch[13] Iteration[20/620], entropy: 0.3213, loss: 2.3952, lr: 3.51e-05
     Epoch[13] Iteration[30/620], entropy: 0.3182, loss: 2.4317, lr: 1.81e-04
     Epoch[13] Iteration[40/620], entropy: 0.3701, loss: 2.5020, lr: 7.68e-04
     Epoch[13] Iteration[50/620], entropy: 0.3880, loss: 2.5551, lr: 9.84e-04
     Epoch[13] Iteration[60/620], entropy: 0.4403, loss: 2.5322, lr: 5.31e-04
     Epoch[13] Iteration[70/620], entropy: 0.2124, loss: 2.3444, lr: 3.51e-05
     Epoch[13] Iteration[80/620], entropy: 0.2585, loss: 2.3848, lr: 1.81e-04
     Epoch[13] Iteration[90/620], entropy: 0.4230, loss: 2.5097, lr: 7.68e-04
     Epoch[13] Iteration[100/620], entropy: 0.2359, loss: 2.4338, lr: 9.84e-04
     Epoch[13] Iteration[110/620], entropy: 0.2928, loss: 2.3689, lr: 5.31e-04
     Epoch[13] Iteration[120/620], entropy: 0.3713, loss: 2.5106, lr: 3.51e-05
     Epoch[13] Iteration[130/620], entropy: 0.3865, loss: 2.4885, lr: 1.81e-04
     Epoch[13] Iteration[140/620], entropy: 0.3275, loss: 2.4871, lr: 7.68e-04
     Epoch[13] Iteration[150/620], entropy: 0.2481, loss: 2.3834, lr: 9.84e-04
     Epoch[13] Iteration[160/620], entropy: 0.4140, loss: 2.5426, lr: 5.31e-04
     Epoch[13] Iteration[170/620], entropy: 0.2824, loss: 2.4044, lr: 3.51e-05
     Epoch[13] Iteration[180/620], entropy: 0.3871, loss: 2.5344, lr: 1.81e-04
     Epoch[13] Iteration[190/620], entropy: 0.2249, loss: 2.3626, lr: 7.68e-04
     Epoch[13] Iteration[200/620], entropy: 0.4328, loss: 2.5909, lr: 9.84e-04
     Epoch[13] Iteration[210/620], entropy: 0.2548, loss: 2.3987, lr: 5.31e-04
     Epoch[13] Iteration[220/620], entropy: 0.4370, loss: 2.5416, lr: 3.51e-05
     Epoch[13] Iteration[230/620], entropy: 0.3593, loss: 2.4146, lr: 1.81e-04
     Epoch[13] Iteration[240/620], entropy: 0.3374, loss: 2.4649, lr: 7.68e-04
     Epoch[13] Iteration[250/620], entropy: 0.2780, loss: 2.3975, lr: 9.84e-04
     Epoch[13] Iteration[260/620], entropy: 0.3677, loss: 2.4586, lr: 5.31e-04
     Epoch[13] Iteration[270/620], entropy: 0.2619, loss: 2.3449, lr: 3.51e-05
     Epoch[13] Iteration[280/620], entropy: 0.3031, loss: 2.4655, lr: 1.81e-04
     Epoch[13] Iteration[290/620], entropy: 0.3123, loss: 2.4016, lr: 7.68e-04
     Epoch[13] Iteration[300/620], entropy: 0.2377, loss: 2.3201, lr: 9.84e-04
     Epoch[13] Iteration[310/620], entropy: 0.3661, loss: 2.4642, lr: 5.31e-04
     Epoch[13] Iteration[320/620], entropy: 0.2307, loss: 2.3761, lr: 3.51e-05
     Epoch[13] Iteration[330/620], entropy: 0.2357, loss: 2.3790, lr: 1.81e-04
     Epoch[13] Iteration[340/620], entropy: 0.2781, loss: 2.3361, lr: 7.68e-04
     Epoch[13] Iteration[350/620], entropy: 0.2408, loss: 2.3297, lr: 9.84e-04
     Epoch[13] Iteration[360/620], entropy: 0.2815, loss: 2.3490, lr: 5.31e-04
     Epoch[13] Iteration[370/620], entropy: 0.3805, loss: 2.5092, lr: 3.51e-05
     Epoch[13] Iteration[380/620], entropy: 0.3050, loss: 2.3949, lr: 1.81e-04
     Epoch[13] Iteration[390/620], entropy: 0.3045, loss: 2.4382, lr: 7.68e-04
     Epoch[13] Iteration[400/620], entropy: 0.3767, loss: 2.4787, lr: 9.84e-04
     Epoch[13] Iteration[410/620], entropy: 0.2477, loss: 2.3423, lr: 5.31e-04
     Epoch[13] Iteration[420/620], entropy: 0.3604, loss: 2.4572, lr: 3.51e-05
     Epoch[13] Iteration[430/620], entropy: 0.3263, loss: 2.4262, lr: 1.81e-04
     Epoch[13] Iteration[440/620], entropy: 0.3249, loss: 2.4304, lr: 7.68e-04
     Epoch[13] Iteration[450/620], entropy: 0.3516, loss: 2.4579, lr: 9.84e-04
     Epoch[13] Iteration[460/620], entropy: 0.2830, loss: 2.4061, lr: 5.31e-04
     Epoch[13] Iteration[470/620], entropy: 0.3419, loss: 2.4614, lr: 3.51e-05
     Epoch[13] Iteration[480/620], entropy: 0.3726, loss: 2.4895, lr: 1.81e-04
     Epoch[13] Iteration[490/620], entropy: 0.3457, loss: 2.4299, lr: 7.68e-04
     Epoch[13] Iteration[500/620], entropy: 0.3569, loss: 2.4304, lr: 9.84e-04
     Epoch[13] Iteration[510/620], entropy: 0.3602, loss: 2.4522, lr: 5.31e-04
     Epoch[13] Iteration[520/620], entropy: 0.2997, loss: 2.4111, lr: 3.51e-05
     Epoch[13] Iteration[530/620], entropy: 0.3514, loss: 2.4648, lr: 1.81e-04
     Epoch[13] Iteration[540/620], entropy: 0.3378, loss: 2.4792, lr: 7.68e-04
     Epoch[13] Iteration[550/620], entropy: 0.2768, loss: 2.4427, lr: 9.84e-04
     Epoch[13] Iteration[560/620], entropy: 0.3656, loss: 2.4719, lr: 5.31e-04
     Epoch[13] Iteration[570/620], entropy: 0.3452, loss: 2.4770, lr: 3.51e-05
     Epoch[13] Iteration[580/620], entropy: 0.3479, loss: 2.4443, lr: 1.81e-04
     Epoch[13] Iteration[590/620], entropy: 0.3422, loss: 2.4462, lr: 7.68e-04
     Epoch[13] Iteration[600/620], entropy: 0.3467, loss: 2.4317, lr: 9.84e-04
     Epoch[13] Iteration[610/620], entropy: 0.3062, loss: 2.3883, lr: 5.31e-04
     Epoch[13] Iteration[620/620], entropy: 0.3669, loss: 2.5009, lr: 3.51e-05
     Averaged stats: entropy: 0.3669, loss: 2.5009, lr: 3.51e-05
     itm tta time 0:02:03
### TTA Eval Score: 
+-------+--------+--------+--------+--------+-------+
| epoch |   R1   |   R5   |  R10   |  mAP   |  mINP |
+-------+--------+--------+--------+--------+-------+
|  -999 | 37.304 | 55.557 | 63.548 | 20.140 | 2.213 |
|   0   | 38.362 | 56.298 | 64.470 | 20.141 | 2.049 |
|   1   | 39.011 | 56.766 | 65.039 | 20.592 | 2.141 |
|   2   | 38.986 | 56.676 | 65.014 | 20.583 | 2.147 |
|   3   | 38.926 | 56.504 | 64.969 | 20.521 | 2.145 |
|   4   | 38.991 | 56.892 | 65.311 | 20.661 | 2.180 |
|   5   | 39.228 | 56.787 | 65.140 | 20.840 | 2.253 |
|   6   | 39.279 | 56.897 | 65.483 | 20.706 | 2.153 |
|   7   | 39.304 | 57.018 | 65.523 | 20.865 | 2.206 |
|   8   | 39.415 | 57.205 | 65.447 | 20.846 | 2.170 |
|   9   | 39.233 | 56.953 | 65.447 | 20.818 | 2.191 |
|   10  | 39.112 | 56.676 | 65.145 | 20.623 | 2.172 |
|   11  | 38.976 | 56.610 | 65.085 | 20.612 | 2.181 |
|   12  | 39.314 | 56.923 | 65.321 | 20.721 | 2.155 |
|   13  | 39.445 | 57.139 | 65.664 | 20.875 | 2.192 |
+-------+--------+--------+--------+--------+-------+
     logs:  {'epo': 13, 'R1': np.float32(39.445), 'R5': np.float32(57.139), 'R10': np.float32(65.664), 'mAP': np.float32(20.875), 'mINP': np.float32(2.192), 'entropy': 0.3257783177879549, 'loss': 2.439301598456598, 'lr': 0.0004930081776906457}
     Epoch[14] Iteration[10/620], entropy: 0.3073, loss: 2.3629, lr: 1.81e-04
     Epoch[14] Iteration[20/620], entropy: 0.3077, loss: 2.4394, lr: 7.68e-04
     Epoch[14] Iteration[30/620], entropy: 0.3327, loss: 2.4654, lr: 9.84e-04
     Epoch[14] Iteration[40/620], entropy: 0.2695, loss: 2.4211, lr: 5.31e-04
     Epoch[14] Iteration[50/620], entropy: 0.3215, loss: 2.4935, lr: 3.51e-05
     Epoch[14] Iteration[60/620], entropy: 0.2618, loss: 2.3588, lr: 1.81e-04
     Epoch[14] Iteration[70/620], entropy: 0.3223, loss: 2.4158, lr: 7.68e-04
     Epoch[14] Iteration[80/620], entropy: 0.3315, loss: 2.4665, lr: 9.84e-04
     Epoch[14] Iteration[90/620], entropy: 0.3362, loss: 2.4495, lr: 5.31e-04
     Epoch[14] Iteration[100/620], entropy: 0.3824, loss: 2.5244, lr: 3.51e-05
     Epoch[14] Iteration[110/620], entropy: 0.3271, loss: 2.3962, lr: 1.81e-04
     Epoch[14] Iteration[120/620], entropy: 0.3399, loss: 2.4190, lr: 7.68e-04
     Epoch[14] Iteration[130/620], entropy: 0.3743, loss: 2.5070, lr: 9.84e-04
     Epoch[14] Iteration[140/620], entropy: 0.3337, loss: 2.5074, lr: 5.31e-04
     Epoch[14] Iteration[150/620], entropy: 0.3324, loss: 2.4417, lr: 3.51e-05
     Epoch[14] Iteration[160/620], entropy: 0.3495, loss: 2.4501, lr: 1.81e-04
     Epoch[14] Iteration[170/620], entropy: 0.2648, loss: 2.4301, lr: 7.68e-04
     Epoch[14] Iteration[180/620], entropy: 0.2662, loss: 2.3988, lr: 9.84e-04
     Epoch[14] Iteration[190/620], entropy: 0.3169, loss: 2.4586, lr: 5.31e-04
     Epoch[14] Iteration[200/620], entropy: 0.2299, loss: 2.3827, lr: 3.51e-05
     Epoch[14] Iteration[210/620], entropy: 0.4577, loss: 2.6014, lr: 1.81e-04
     Epoch[14] Iteration[220/620], entropy: 0.3025, loss: 2.4369, lr: 7.68e-04
     Epoch[14] Iteration[230/620], entropy: 0.3895, loss: 2.4860, lr: 9.84e-04
     Epoch[14] Iteration[240/620], entropy: 0.2444, loss: 2.3840, lr: 5.31e-04
     Epoch[14] Iteration[250/620], entropy: 0.3564, loss: 2.4374, lr: 3.51e-05
     Epoch[14] Iteration[260/620], entropy: 0.3234, loss: 2.4414, lr: 1.81e-04
     Epoch[14] Iteration[270/620], entropy: 0.4429, loss: 2.5744, lr: 7.68e-04
     Epoch[14] Iteration[280/620], entropy: 0.2825, loss: 2.4180, lr: 9.84e-04
     Epoch[14] Iteration[290/620], entropy: 0.2706, loss: 2.4018, lr: 5.31e-04
     Epoch[14] Iteration[300/620], entropy: 0.3425, loss: 2.5071, lr: 3.51e-05
     Epoch[14] Iteration[310/620], entropy: 0.3541, loss: 2.5032, lr: 1.81e-04
     Epoch[14] Iteration[320/620], entropy: 0.2923, loss: 2.3959, lr: 7.68e-04
     Epoch[14] Iteration[330/620], entropy: 0.2599, loss: 2.3969, lr: 9.84e-04
     Epoch[14] Iteration[340/620], entropy: 0.3582, loss: 2.4534, lr: 5.31e-04
     Epoch[14] Iteration[350/620], entropy: 0.3673, loss: 2.5337, lr: 3.51e-05
     Epoch[14] Iteration[360/620], entropy: 0.3056, loss: 2.4169, lr: 1.81e-04
     Epoch[14] Iteration[370/620], entropy: 0.3664, loss: 2.4652, lr: 7.68e-04
     Epoch[14] Iteration[380/620], entropy: 0.3603, loss: 2.4099, lr: 9.84e-04
     Epoch[14] Iteration[390/620], entropy: 0.3101, loss: 2.3967, lr: 5.31e-04
     Epoch[14] Iteration[400/620], entropy: 0.2800, loss: 2.4252, lr: 3.51e-05
     Epoch[14] Iteration[410/620], entropy: 0.2995, loss: 2.4085, lr: 1.81e-04
     Epoch[14] Iteration[420/620], entropy: 0.2854, loss: 2.3739, lr: 7.68e-04
     Epoch[14] Iteration[430/620], entropy: 0.4709, loss: 2.5798, lr: 9.84e-04
     Epoch[14] Iteration[440/620], entropy: 0.3238, loss: 2.5041, lr: 5.31e-04
     Epoch[14] Iteration[450/620], entropy: 0.3108, loss: 2.4309, lr: 3.51e-05
     Epoch[14] Iteration[460/620], entropy: 0.3739, loss: 2.4890, lr: 1.81e-04
     Epoch[14] Iteration[470/620], entropy: 0.3293, loss: 2.4944, lr: 7.68e-04
     Epoch[14] Iteration[480/620], entropy: 0.2394, loss: 2.3769, lr: 9.84e-04
     Epoch[14] Iteration[490/620], entropy: 0.3747, loss: 2.4906, lr: 5.31e-04
     Epoch[14] Iteration[500/620], entropy: 0.3314, loss: 2.4565, lr: 3.51e-05
     Epoch[14] Iteration[510/620], entropy: 0.3690, loss: 2.4864, lr: 1.81e-04
     Epoch[14] Iteration[520/620], entropy: 0.2322, loss: 2.4106, lr: 7.68e-04
     Epoch[14] Iteration[530/620], entropy: 0.2990, loss: 2.4076, lr: 9.84e-04
     Epoch[14] Iteration[540/620], entropy: 0.3299, loss: 2.3908, lr: 5.31e-04
     Epoch[14] Iteration[550/620], entropy: 0.2963, loss: 2.4583, lr: 3.51e-05
     Epoch[14] Iteration[560/620], entropy: 0.3430, loss: 2.5080, lr: 1.81e-04
     Epoch[14] Iteration[570/620], entropy: 0.3093, loss: 2.3762, lr: 7.68e-04
     Epoch[14] Iteration[580/620], entropy: 0.2449, loss: 2.3886, lr: 9.84e-04
     Epoch[14] Iteration[590/620], entropy: 0.3120, loss: 2.4956, lr: 5.31e-04
     Epoch[14] Iteration[600/620], entropy: 0.4030, loss: 2.5425, lr: 3.51e-05
     Epoch[14] Iteration[610/620], entropy: 0.2982, loss: 2.4505, lr: 1.81e-04
     Epoch[14] Iteration[620/620], entropy: 0.2955, loss: 2.4779, lr: 7.68e-04
     Averaged stats: entropy: 0.2955, loss: 2.4779, lr: 7.68e-04
     itm tta time 0:02:03
### TTA Eval Score: 
+-------+--------+--------+--------+--------+-------+
| epoch |   R1   |   R5   |  R10   |  mAP   |  mINP |
+-------+--------+--------+--------+--------+-------+
|  -999 | 37.304 | 55.557 | 63.548 | 20.140 | 2.213 |
|   0   | 38.362 | 56.298 | 64.470 | 20.141 | 2.049 |
|   1   | 39.011 | 56.766 | 65.039 | 20.592 | 2.141 |
|   2   | 38.986 | 56.676 | 65.014 | 20.583 | 2.147 |
|   3   | 38.926 | 56.504 | 64.969 | 20.521 | 2.145 |
|   4   | 38.991 | 56.892 | 65.311 | 20.661 | 2.180 |
|   5   | 39.228 | 56.787 | 65.140 | 20.840 | 2.253 |
|   6   | 39.279 | 56.897 | 65.483 | 20.706 | 2.153 |
|   7   | 39.304 | 57.018 | 65.523 | 20.865 | 2.206 |
|   8   | 39.415 | 57.205 | 65.447 | 20.846 | 2.170 |
|   9   | 39.233 | 56.953 | 65.447 | 20.818 | 2.191 |
|   10  | 39.112 | 56.676 | 65.145 | 20.623 | 2.172 |
|   11  | 38.976 | 56.610 | 65.085 | 20.612 | 2.181 |
|   12  | 39.314 | 56.923 | 65.321 | 20.721 | 2.155 |
|   13  | 39.445 | 57.139 | 65.664 | 20.875 | 2.192 |
|   14  | 39.022 | 56.928 | 65.387 | 20.633 | 2.160 |
+-------+--------+--------+--------+--------+-------+
     logs:  {'epo': 14, 'R1': np.float32(39.022), 'R5': np.float32(56.928), 'R10': np.float32(65.387), 'mAP': np.float32(20.633), 'mINP': np.float32(2.16), 'entropy': 0.32331150289504756, 'loss': 2.449549678833254, 'lr': 0.0004991806677841068}
     Epoch[15] Iteration[10/620], entropy: 0.3658, loss: 2.5131, lr: 9.84e-04
     Epoch[15] Iteration[20/620], entropy: 0.2927, loss: 2.4198, lr: 5.31e-04
     Epoch[15] Iteration[30/620], entropy: 0.3669, loss: 2.4737, lr: 3.51e-05
     Epoch[15] Iteration[40/620], entropy: 0.3197, loss: 2.5111, lr: 1.81e-04
     Epoch[15] Iteration[50/620], entropy: 0.4160, loss: 2.5598, lr: 7.68e-04
     Epoch[15] Iteration[60/620], entropy: 0.3824, loss: 2.5008, lr: 9.84e-04
     Epoch[15] Iteration[70/620], entropy: 0.3323, loss: 2.4811, lr: 5.31e-04
     Epoch[15] Iteration[80/620], entropy: 0.3468, loss: 2.5538, lr: 3.51e-05
     Epoch[15] Iteration[90/620], entropy: 0.3367, loss: 2.4017, lr: 1.81e-04
     Epoch[15] Iteration[100/620], entropy: 0.3735, loss: 2.5154, lr: 7.68e-04
     Epoch[15] Iteration[110/620], entropy: 0.2305, loss: 2.4032, lr: 9.84e-04
     Epoch[15] Iteration[120/620], entropy: 0.3230, loss: 2.4434, lr: 5.31e-04
     Epoch[15] Iteration[130/620], entropy: 0.3102, loss: 2.4172, lr: 3.51e-05
     Epoch[15] Iteration[140/620], entropy: 0.3875, loss: 2.4806, lr: 1.81e-04
     Epoch[15] Iteration[150/620], entropy: 0.3497, loss: 2.4130, lr: 7.68e-04
     Epoch[15] Iteration[160/620], entropy: 0.3714, loss: 2.3949, lr: 9.84e-04
     Epoch[15] Iteration[170/620], entropy: 0.2885, loss: 2.3811, lr: 5.31e-04
     Epoch[15] Iteration[180/620], entropy: 0.3743, loss: 2.5092, lr: 3.51e-05
     Epoch[15] Iteration[190/620], entropy: 0.2842, loss: 2.3419, lr: 1.81e-04
     Epoch[15] Iteration[200/620], entropy: 0.4495, loss: 2.5817, lr: 7.68e-04
     Epoch[15] Iteration[210/620], entropy: 0.2779, loss: 2.3866, lr: 9.84e-04
     Epoch[15] Iteration[220/620], entropy: 0.2354, loss: 2.4092, lr: 5.31e-04
     Epoch[15] Iteration[230/620], entropy: 0.3590, loss: 2.4915, lr: 3.51e-05
     Epoch[15] Iteration[240/620], entropy: 0.3286, loss: 2.3798, lr: 1.81e-04
     Epoch[15] Iteration[250/620], entropy: 0.3570, loss: 2.4822, lr: 7.68e-04
     Epoch[15] Iteration[260/620], entropy: 0.2785, loss: 2.4252, lr: 9.84e-04
     Epoch[15] Iteration[270/620], entropy: 0.3599, loss: 2.5202, lr: 5.31e-04
     Epoch[15] Iteration[280/620], entropy: 0.4253, loss: 2.4664, lr: 3.51e-05
     Epoch[15] Iteration[290/620], entropy: 0.2895, loss: 2.4276, lr: 1.81e-04
     Epoch[15] Iteration[300/620], entropy: 0.4444, loss: 2.5950, lr: 7.68e-04
     Epoch[15] Iteration[310/620], entropy: 0.2776, loss: 2.4224, lr: 9.84e-04
     Epoch[15] Iteration[320/620], entropy: 0.3183, loss: 2.4687, lr: 5.31e-04
     Epoch[15] Iteration[330/620], entropy: 0.2364, loss: 2.4011, lr: 3.51e-05
     Epoch[15] Iteration[340/620], entropy: 0.3759, loss: 2.5332, lr: 1.81e-04
     Epoch[15] Iteration[350/620], entropy: 0.2602, loss: 2.4030, lr: 7.68e-04
     Epoch[15] Iteration[360/620], entropy: 0.3383, loss: 2.4610, lr: 9.84e-04
     Epoch[15] Iteration[370/620], entropy: 0.2127, loss: 2.3373, lr: 5.31e-04
     Epoch[15] Iteration[380/620], entropy: 0.3374, loss: 2.4628, lr: 3.51e-05
     Epoch[15] Iteration[390/620], entropy: 0.3321, loss: 2.4704, lr: 1.81e-04
     Epoch[15] Iteration[400/620], entropy: 0.3010, loss: 2.4019, lr: 7.68e-04
     Epoch[15] Iteration[410/620], entropy: 0.2633, loss: 2.3930, lr: 9.84e-04
     Epoch[15] Iteration[420/620], entropy: 0.2961, loss: 2.3827, lr: 5.31e-04
     Epoch[15] Iteration[430/620], entropy: 0.4046, loss: 2.4961, lr: 3.51e-05
     Epoch[15] Iteration[440/620], entropy: 0.3420, loss: 2.3438, lr: 1.81e-04
     Epoch[15] Iteration[450/620], entropy: 0.3791, loss: 2.4183, lr: 7.68e-04
     Epoch[15] Iteration[460/620], entropy: 0.2862, loss: 2.3452, lr: 9.84e-04
     Epoch[15] Iteration[470/620], entropy: 0.2793, loss: 2.4206, lr: 5.31e-04
     Epoch[15] Iteration[480/620], entropy: 0.3979, loss: 2.5143, lr: 3.51e-05
     Epoch[15] Iteration[490/620], entropy: 0.2897, loss: 2.3996, lr: 1.81e-04
     Epoch[15] Iteration[500/620], entropy: 0.3737, loss: 2.5245, lr: 7.68e-04
     Epoch[15] Iteration[510/620], entropy: 0.3590, loss: 2.4194, lr: 9.84e-04
     Epoch[15] Iteration[520/620], entropy: 0.4072, loss: 2.5182, lr: 5.31e-04
     Epoch[15] Iteration[530/620], entropy: 0.3267, loss: 2.4780, lr: 3.51e-05
     Epoch[15] Iteration[540/620], entropy: 0.3344, loss: 2.4583, lr: 1.81e-04
     Epoch[15] Iteration[550/620], entropy: 0.3442, loss: 2.4919, lr: 7.68e-04
     Epoch[15] Iteration[560/620], entropy: 0.3982, loss: 2.4652, lr: 9.84e-04
     Epoch[15] Iteration[570/620], entropy: 0.2056, loss: 2.3866, lr: 5.31e-04
     Epoch[15] Iteration[580/620], entropy: 0.2761, loss: 2.3705, lr: 3.51e-05
     Epoch[15] Iteration[590/620], entropy: 0.3994, loss: 2.4976, lr: 1.81e-04
     Epoch[15] Iteration[600/620], entropy: 0.3917, loss: 2.5159, lr: 7.68e-04
     Epoch[15] Iteration[610/620], entropy: 0.5019, loss: 2.6281, lr: 9.84e-04
     Epoch[15] Iteration[620/620], entropy: 0.3254, loss: 2.4498, lr: 5.31e-04
     Averaged stats: entropy: 0.3254, loss: 2.4498, lr: 5.31e-04
     itm tta time 0:02:01
### TTA Eval Score: 
+-------+--------+--------+--------+--------+-------+
| epoch |   R1   |   R5   |  R10   |  mAP   |  mINP |
+-------+--------+--------+--------+--------+-------+
|  -999 | 37.304 | 55.557 | 63.548 | 20.140 | 2.213 |
|   0   | 38.362 | 56.298 | 64.470 | 20.141 | 2.049 |
|   1   | 39.011 | 56.766 | 65.039 | 20.592 | 2.141 |
|   2   | 38.986 | 56.676 | 65.014 | 20.583 | 2.147 |
|   3   | 38.926 | 56.504 | 64.969 | 20.521 | 2.145 |
|   4   | 38.991 | 56.892 | 65.311 | 20.661 | 2.180 |
|   5   | 39.228 | 56.787 | 65.140 | 20.840 | 2.253 |
|   6   | 39.279 | 56.897 | 65.483 | 20.706 | 2.153 |
|   7   | 39.304 | 57.018 | 65.523 | 20.865 | 2.206 |
|   8   | 39.415 | 57.205 | 65.447 | 20.846 | 2.170 |
|   9   | 39.233 | 56.953 | 65.447 | 20.818 | 2.191 |
|   10  | 39.112 | 56.676 | 65.145 | 20.623 | 2.172 |
|   11  | 38.976 | 56.610 | 65.085 | 20.612 | 2.181 |
|   12  | 39.314 | 56.923 | 65.321 | 20.721 | 2.155 |
|   13  | 39.445 | 57.139 | 65.664 | 20.875 | 2.192 |
|   14  | 39.022 | 56.928 | 65.387 | 20.633 | 2.160 |
|   15  | 39.163 | 56.817 | 65.271 | 20.747 | 2.164 |
+-------+--------+--------+--------+--------+-------+
     logs:  {'epo': 15, 'R1': np.float32(39.163), 'R5': np.float32(56.817), 'R10': np.float32(65.271), 'mAP': np.float32(20.747), 'mINP': np.float32(2.164), 'entropy': 0.3359544553583668, 'loss': 2.454180040667134, 'lr': 0.000508317529682719}
     Epoch[16] Iteration[10/620], entropy: 0.2908, loss: 2.4059, lr: 3.51e-05
     Epoch[16] Iteration[20/620], entropy: 0.2707, loss: 2.2895, lr: 1.81e-04
     Epoch[16] Iteration[30/620], entropy: 0.3096, loss: 2.4722, lr: 7.68e-04
     Epoch[16] Iteration[40/620], entropy: 0.3313, loss: 2.3763, lr: 9.84e-04
     Epoch[16] Iteration[50/620], entropy: 0.2710, loss: 2.4158, lr: 5.31e-04
     Epoch[16] Iteration[60/620], entropy: 0.3273, loss: 2.4519, lr: 3.51e-05
     Epoch[16] Iteration[70/620], entropy: 0.3767, loss: 2.5667, lr: 1.81e-04
     Epoch[16] Iteration[80/620], entropy: 0.3623, loss: 2.4912, lr: 7.68e-04
     Epoch[16] Iteration[90/620], entropy: 0.3044, loss: 2.4270, lr: 9.84e-04
     Epoch[16] Iteration[100/620], entropy: 0.2702, loss: 2.4605, lr: 5.94e-04
     Epoch[16] Iteration[110/620], entropy: 0.2766, loss: 2.3754, lr: 6.18e-05
     Epoch[16] Iteration[120/620], entropy: 0.2983, loss: 2.4196, lr: 1.36e-04
     Epoch[16] Iteration[130/620], entropy: 0.3555, loss: 2.4404, lr: 7.13e-04
     Epoch[16] Iteration[140/620], entropy: 0.2888, loss: 2.3874, lr: 9.96e-04
     Epoch[16] Iteration[150/620], entropy: 0.3926, loss: 2.5247, lr: 5.94e-04
     Epoch[16] Iteration[160/620], entropy: 0.3686, loss: 2.4938, lr: 6.18e-05
     Epoch[16] Iteration[170/620], entropy: 0.2615, loss: 2.3532, lr: 1.36e-04
     Epoch[16] Iteration[180/620], entropy: 0.3127, loss: 2.3932, lr: 7.13e-04
     Epoch[16] Iteration[190/620], entropy: 0.2637, loss: 2.3822, lr: 9.96e-04
     Epoch[16] Iteration[200/620], entropy: 0.2705, loss: 2.4303, lr: 5.94e-04
     Epoch[16] Iteration[210/620], entropy: 0.3547, loss: 2.4665, lr: 6.18e-05
     Epoch[16] Iteration[220/620], entropy: 0.3567, loss: 2.4690, lr: 1.36e-04
     Epoch[16] Iteration[230/620], entropy: 0.3976, loss: 2.5705, lr: 7.13e-04
     Epoch[16] Iteration[240/620], entropy: 0.2919, loss: 2.4503, lr: 9.96e-04
     Epoch[16] Iteration[250/620], entropy: 0.2333, loss: 2.4244, lr: 5.94e-04
     Epoch[16] Iteration[260/620], entropy: 0.2947, loss: 2.4140, lr: 6.18e-05
     Epoch[16] Iteration[270/620], entropy: 0.3249, loss: 2.4620, lr: 1.36e-04
     Epoch[16] Iteration[280/620], entropy: 0.3359, loss: 2.4741, lr: 7.13e-04
     Epoch[16] Iteration[290/620], entropy: 0.3102, loss: 2.4015, lr: 9.96e-04
     Epoch[16] Iteration[300/620], entropy: 0.3143, loss: 2.3484, lr: 5.94e-04
     Epoch[16] Iteration[310/620], entropy: 0.3226, loss: 2.4319, lr: 6.18e-05
     Epoch[16] Iteration[320/620], entropy: 0.3492, loss: 2.4355, lr: 1.36e-04
     Epoch[16] Iteration[330/620], entropy: 0.3552, loss: 2.4604, lr: 7.13e-04
     Epoch[16] Iteration[340/620], entropy: 0.2717, loss: 2.2979, lr: 9.96e-04
     Epoch[16] Iteration[350/620], entropy: 0.4206, loss: 2.5011, lr: 5.94e-04
     Epoch[16] Iteration[360/620], entropy: 0.2550, loss: 2.3757, lr: 6.18e-05
     Epoch[16] Iteration[370/620], entropy: 0.2656, loss: 2.3769, lr: 1.36e-04
     Epoch[16] Iteration[380/620], entropy: 0.3570, loss: 2.4952, lr: 7.13e-04
     Epoch[16] Iteration[390/620], entropy: 0.2964, loss: 2.4011, lr: 9.96e-04
     Epoch[16] Iteration[400/620], entropy: 0.4199, loss: 2.5329, lr: 5.94e-04
     Epoch[16] Iteration[410/620], entropy: 0.3778, loss: 2.4456, lr: 6.18e-05
     Epoch[16] Iteration[420/620], entropy: 0.4235, loss: 2.5438, lr: 1.36e-04
     Epoch[16] Iteration[430/620], entropy: 0.3249, loss: 2.4785, lr: 7.13e-04
     Epoch[16] Iteration[440/620], entropy: 0.3739, loss: 2.5181, lr: 9.96e-04
     Epoch[16] Iteration[450/620], entropy: 0.3102, loss: 2.4446, lr: 5.94e-04
     Epoch[16] Iteration[460/620], entropy: 0.2975, loss: 2.3713, lr: 6.18e-05
     Epoch[16] Iteration[470/620], entropy: 0.3611, loss: 2.5132, lr: 1.36e-04
     Epoch[16] Iteration[480/620], entropy: 0.3052, loss: 2.4913, lr: 7.13e-04
     Epoch[16] Iteration[490/620], entropy: 0.3624, loss: 2.4953, lr: 9.96e-04
     Epoch[16] Iteration[500/620], entropy: 0.4427, loss: 2.5889, lr: 5.94e-04
     Epoch[16] Iteration[510/620], entropy: 0.4110, loss: 2.5034, lr: 6.18e-05
     Epoch[16] Iteration[520/620], entropy: 0.2380, loss: 2.3732, lr: 1.36e-04
     Epoch[16] Iteration[530/620], entropy: 0.4704, loss: 2.5720, lr: 7.13e-04
     Epoch[16] Iteration[540/620], entropy: 0.2670, loss: 2.4055, lr: 9.96e-04
     Epoch[16] Iteration[550/620], entropy: 0.3679, loss: 2.4961, lr: 5.94e-04
     Epoch[16] Iteration[560/620], entropy: 0.3362, loss: 2.4950, lr: 6.18e-05
     Epoch[16] Iteration[570/620], entropy: 0.3901, loss: 2.5616, lr: 1.36e-04
     Epoch[16] Iteration[580/620], entropy: 0.2386, loss: 2.3136, lr: 7.13e-04
     Epoch[16] Iteration[590/620], entropy: 0.4229, loss: 2.5023, lr: 9.96e-04
     Epoch[16] Iteration[600/620], entropy: 0.3642, loss: 2.4597, lr: 5.94e-04
     Epoch[16] Iteration[610/620], entropy: 0.3823, loss: 2.4644, lr: 6.18e-05
     Epoch[16] Iteration[620/620], entropy: 0.2927, loss: 2.4237, lr: 1.36e-04
     Averaged stats: entropy: 0.2927, loss: 2.4237, lr: 1.36e-04
     itm tta time 0:02:01
### TTA Eval Score: 
+-------+--------+--------+--------+--------+-------+
| epoch |   R1   |   R5   |  R10   |  mAP   |  mINP |
+-------+--------+--------+--------+--------+-------+
|  -999 | 37.304 | 55.557 | 63.548 | 20.140 | 2.213 |
|   0   | 38.362 | 56.298 | 64.470 | 20.141 | 2.049 |
|   1   | 39.011 | 56.766 | 65.039 | 20.592 | 2.141 |
|   2   | 38.986 | 56.676 | 65.014 | 20.583 | 2.147 |
|   3   | 38.926 | 56.504 | 64.969 | 20.521 | 2.145 |
|   4   | 38.991 | 56.892 | 65.311 | 20.661 | 2.180 |
|   5   | 39.228 | 56.787 | 65.140 | 20.840 | 2.253 |
|   6   | 39.279 | 56.897 | 65.483 | 20.706 | 2.153 |
|   7   | 39.304 | 57.018 | 65.523 | 20.865 | 2.206 |
|   8   | 39.415 | 57.205 | 65.447 | 20.846 | 2.170 |
|   9   | 39.233 | 56.953 | 65.447 | 20.818 | 2.191 |
|   10  | 39.112 | 56.676 | 65.145 | 20.623 | 2.172 |
|   11  | 38.976 | 56.610 | 65.085 | 20.612 | 2.181 |
|   12  | 39.314 | 56.923 | 65.321 | 20.721 | 2.155 |
|   13  | 39.445 | 57.139 | 65.664 | 20.875 | 2.192 |
|   14  | 39.022 | 56.928 | 65.387 | 20.633 | 2.160 |
|   15  | 39.163 | 56.817 | 65.271 | 20.747 | 2.164 |
|   16  | 39.203 | 56.953 | 65.291 | 20.679 | 2.147 |
+-------+--------+--------+--------+--------+-------+
     logs:  {'epo': 16, 'R1': np.float32(39.203), 'R5': np.float32(56.953), 'R10': np.float32(65.291), 'mAP': np.float32(20.679), 'mINP': np.float32(2.147), 'entropy': 0.3305025074270464, 'loss': 2.44850968545483, 'lr': 0.0004880589958676707}
     Epoch[17] Iteration[10/620], entropy: 0.3559, loss: 2.5412, lr: 7.13e-04
     Epoch[17] Iteration[20/620], entropy: 0.3211, loss: 2.4101, lr: 9.96e-04
     Epoch[17] Iteration[30/620], entropy: 0.3051, loss: 2.3490, lr: 5.94e-04
     Epoch[17] Iteration[40/620], entropy: 0.3873, loss: 2.4656, lr: 6.18e-05
     Epoch[17] Iteration[50/620], entropy: 0.2100, loss: 2.2675, lr: 1.36e-04
     Epoch[17] Iteration[60/620], entropy: 0.3213, loss: 2.4619, lr: 7.13e-04
     Epoch[17] Iteration[70/620], entropy: 0.3205, loss: 2.5251, lr: 9.96e-04
     Epoch[17] Iteration[80/620], entropy: 0.2986, loss: 2.4156, lr: 5.94e-04
     Epoch[17] Iteration[90/620], entropy: 0.3604, loss: 2.4715, lr: 6.18e-05
     Epoch[17] Iteration[100/620], entropy: 0.1858, loss: 2.2790, lr: 1.36e-04
     Epoch[17] Iteration[110/620], entropy: 0.3390, loss: 2.4986, lr: 7.13e-04
     Epoch[17] Iteration[120/620], entropy: 0.2852, loss: 2.3570, lr: 9.96e-04
     Epoch[17] Iteration[130/620], entropy: 0.3319, loss: 2.4695, lr: 5.94e-04
     Epoch[17] Iteration[140/620], entropy: 0.4242, loss: 2.5176, lr: 6.18e-05
     Epoch[17] Iteration[150/620], entropy: 0.3594, loss: 2.4995, lr: 1.36e-04
     Epoch[17] Iteration[160/620], entropy: 0.3550, loss: 2.5090, lr: 7.13e-04
     Epoch[17] Iteration[170/620], entropy: 0.3383, loss: 2.4413, lr: 9.96e-04
     Epoch[17] Iteration[180/620], entropy: 0.3511, loss: 2.4734, lr: 5.94e-04
     Epoch[17] Iteration[190/620], entropy: 0.3509, loss: 2.4669, lr: 6.18e-05
     Epoch[17] Iteration[200/620], entropy: 0.4012, loss: 2.5386, lr: 1.36e-04
     Epoch[17] Iteration[210/620], entropy: 0.3856, loss: 2.5391, lr: 7.13e-04
     Epoch[17] Iteration[220/620], entropy: 0.2887, loss: 2.4432, lr: 9.96e-04
     Epoch[17] Iteration[230/620], entropy: 0.3534, loss: 2.4466, lr: 5.94e-04
     Epoch[17] Iteration[240/620], entropy: 0.3487, loss: 2.4857, lr: 6.18e-05
     Epoch[17] Iteration[250/620], entropy: 0.3524, loss: 2.4614, lr: 1.36e-04
     Epoch[17] Iteration[260/620], entropy: 0.3142, loss: 2.4223, lr: 7.13e-04
     Epoch[17] Iteration[270/620], entropy: 0.3754, loss: 2.4681, lr: 9.96e-04
     Epoch[17] Iteration[280/620], entropy: 0.2380, loss: 2.3686, lr: 5.94e-04
     Epoch[17] Iteration[290/620], entropy: 0.2468, loss: 2.4094, lr: 6.18e-05
     Epoch[17] Iteration[300/620], entropy: 0.3290, loss: 2.4907, lr: 1.36e-04
     Epoch[17] Iteration[310/620], entropy: 0.2990, loss: 2.4009, lr: 7.13e-04
     Epoch[17] Iteration[320/620], entropy: 0.3330, loss: 2.3496, lr: 9.96e-04
     Epoch[17] Iteration[330/620], entropy: 0.2289, loss: 2.3698, lr: 5.94e-04
     Epoch[17] Iteration[340/620], entropy: 0.2397, loss: 2.3820, lr: 6.18e-05
     Epoch[17] Iteration[350/620], entropy: 0.3935, loss: 2.4575, lr: 1.36e-04
     Epoch[17] Iteration[360/620], entropy: 0.2622, loss: 2.3185, lr: 7.13e-04
     Epoch[17] Iteration[370/620], entropy: 0.3635, loss: 2.4375, lr: 9.96e-04
     Epoch[17] Iteration[380/620], entropy: 0.2698, loss: 2.3411, lr: 5.94e-04
     Epoch[17] Iteration[390/620], entropy: 0.2670, loss: 2.4324, lr: 6.18e-05
     Epoch[17] Iteration[400/620], entropy: 0.3438, loss: 2.4398, lr: 1.36e-04
     Epoch[17] Iteration[410/620], entropy: 0.3861, loss: 2.4987, lr: 7.13e-04
     Epoch[17] Iteration[420/620], entropy: 0.3950, loss: 2.5303, lr: 9.96e-04
     Epoch[17] Iteration[430/620], entropy: 0.2555, loss: 2.4215, lr: 5.94e-04
     Epoch[17] Iteration[440/620], entropy: 0.3159, loss: 2.4084, lr: 6.18e-05
     Epoch[17] Iteration[450/620], entropy: 0.2387, loss: 2.3340, lr: 1.36e-04
     Epoch[17] Iteration[460/620], entropy: 0.2874, loss: 2.4227, lr: 7.13e-04
     Epoch[17] Iteration[470/620], entropy: 0.3853, loss: 2.4728, lr: 9.96e-04
     Epoch[17] Iteration[480/620], entropy: 0.3945, loss: 2.4619, lr: 5.94e-04
     Epoch[17] Iteration[490/620], entropy: 0.4065, loss: 2.5085, lr: 6.18e-05
     Epoch[17] Iteration[500/620], entropy: 0.3141, loss: 2.4409, lr: 1.36e-04
     Epoch[17] Iteration[510/620], entropy: 0.3035, loss: 2.4200, lr: 7.13e-04
     Epoch[17] Iteration[520/620], entropy: 0.4032, loss: 2.4748, lr: 9.96e-04
     Epoch[17] Iteration[530/620], entropy: 0.4356, loss: 2.5003, lr: 5.94e-04
     Epoch[17] Iteration[540/620], entropy: 0.3305, loss: 2.4356, lr: 6.18e-05
     Epoch[17] Iteration[550/620], entropy: 0.2844, loss: 2.4589, lr: 1.36e-04
     Epoch[17] Iteration[560/620], entropy: 0.3798, loss: 2.4730, lr: 7.13e-04
     Epoch[17] Iteration[570/620], entropy: 0.4091, loss: 2.5703, lr: 9.96e-04
     Epoch[17] Iteration[580/620], entropy: 0.5259, loss: 2.5943, lr: 5.94e-04
     Epoch[17] Iteration[590/620], entropy: 0.2860, loss: 2.4108, lr: 6.18e-05
     Epoch[17] Iteration[600/620], entropy: 0.3543, loss: 2.5130, lr: 1.36e-04
     Epoch[17] Iteration[610/620], entropy: 0.2571, loss: 2.4178, lr: 7.13e-04
     Epoch[17] Iteration[620/620], entropy: 0.3405, loss: 2.4705, lr: 9.96e-04
     Averaged stats: entropy: 0.3405, loss: 2.4705, lr: 9.96e-04
     itm tta time 0:01:59
### TTA Eval Score: 
+-------+--------+--------+--------+--------+-------+
| epoch |   R1   |   R5   |  R10   |  mAP   |  mINP |
+-------+--------+--------+--------+--------+-------+
|  -999 | 37.304 | 55.557 | 63.548 | 20.140 | 2.213 |
|   0   | 38.362 | 56.298 | 64.470 | 20.141 | 2.049 |
|   1   | 39.011 | 56.766 | 65.039 | 20.592 | 2.141 |
|   2   | 38.986 | 56.676 | 65.014 | 20.583 | 2.147 |
|   3   | 38.926 | 56.504 | 64.969 | 20.521 | 2.145 |
|   4   | 38.991 | 56.892 | 65.311 | 20.661 | 2.180 |
|   5   | 39.228 | 56.787 | 65.140 | 20.840 | 2.253 |
|   6   | 39.279 | 56.897 | 65.483 | 20.706 | 2.153 |
|   7   | 39.304 | 57.018 | 65.523 | 20.865 | 2.206 |
|   8   | 39.415 | 57.205 | 65.447 | 20.846 | 2.170 |
|   9   | 39.233 | 56.953 | 65.447 | 20.818 | 2.191 |
|   10  | 39.112 | 56.676 | 65.145 | 20.623 | 2.172 |
|   11  | 38.976 | 56.610 | 65.085 | 20.612 | 2.181 |
|   12  | 39.314 | 56.923 | 65.321 | 20.721 | 2.155 |
|   13  | 39.445 | 57.139 | 65.664 | 20.875 | 2.192 |
|   14  | 39.022 | 56.928 | 65.387 | 20.633 | 2.160 |
|   15  | 39.163 | 56.817 | 65.271 | 20.747 | 2.164 |
|   16  | 39.203 | 56.953 | 65.291 | 20.679 | 2.147 |
|   17  | 39.183 | 56.918 | 65.311 | 20.653 | 2.136 |
+-------+--------+--------+--------+--------+-------+
     logs:  {'epo': 17, 'R1': np.float32(39.183), 'R5': np.float32(56.918), 'R10': np.float32(65.311), 'mAP': np.float32(20.653), 'mINP': np.float32(2.136), 'entropy': 0.33102684852577025, 'loss': 2.446148803157191, 'lr': 0.0005114346289748396}
     Epoch[18] Iteration[10/620], entropy: 0.2774, loss: 2.4081, lr: 5.94e-04
     Epoch[18] Iteration[20/620], entropy: 0.3223, loss: 2.5070, lr: 6.18e-05
     Epoch[18] Iteration[30/620], entropy: 0.3252, loss: 2.4661, lr: 1.36e-04
     Epoch[18] Iteration[40/620], entropy: 0.3616, loss: 2.5328, lr: 7.13e-04
     Epoch[18] Iteration[50/620], entropy: 0.4064, loss: 2.5133, lr: 9.96e-04
     Epoch[18] Iteration[60/620], entropy: 0.2648, loss: 2.3850, lr: 5.94e-04
     Epoch[18] Iteration[70/620], entropy: 0.3051, loss: 2.4463, lr: 6.18e-05
     Epoch[18] Iteration[80/620], entropy: 0.3120, loss: 2.4786, lr: 1.36e-04
     Epoch[18] Iteration[90/620], entropy: 0.3625, loss: 2.4459, lr: 7.13e-04
     Epoch[18] Iteration[100/620], entropy: 0.3461, loss: 2.4560, lr: 9.96e-04
     Epoch[18] Iteration[110/620], entropy: 0.3088, loss: 2.4784, lr: 5.94e-04
     Epoch[18] Iteration[120/620], entropy: 0.3025, loss: 2.4092, lr: 6.18e-05
     Epoch[18] Iteration[130/620], entropy: 0.3086, loss: 2.4281, lr: 1.36e-04
     Epoch[18] Iteration[140/620], entropy: 0.3363, loss: 2.4971, lr: 7.13e-04
     Epoch[18] Iteration[150/620], entropy: 0.2391, loss: 2.3893, lr: 9.96e-04
     Epoch[18] Iteration[160/620], entropy: 0.3015, loss: 2.3700, lr: 5.94e-04
     Epoch[18] Iteration[170/620], entropy: 0.3082, loss: 2.4552, lr: 6.18e-05
     Epoch[18] Iteration[180/620], entropy: 0.3096, loss: 2.3700, lr: 1.36e-04
     Epoch[18] Iteration[190/620], entropy: 0.2674, loss: 2.3978, lr: 7.13e-04
     Epoch[18] Iteration[200/620], entropy: 0.2794, loss: 2.3576, lr: 9.96e-04
     Epoch[18] Iteration[210/620], entropy: 0.1825, loss: 2.2845, lr: 5.94e-04
     Epoch[18] Iteration[220/620], entropy: 0.2852, loss: 2.4928, lr: 6.18e-05
     Epoch[18] Iteration[230/620], entropy: 0.3418, loss: 2.4749, lr: 1.36e-04
     Epoch[18] Iteration[240/620], entropy: 0.3616, loss: 2.4626, lr: 7.13e-04
     Epoch[18] Iteration[250/620], entropy: 0.3176, loss: 2.4820, lr: 9.96e-04
     Epoch[18] Iteration[260/620], entropy: 0.2553, loss: 2.4078, lr: 5.94e-04
     Epoch[18] Iteration[270/620], entropy: 0.2597, loss: 2.4395, lr: 6.18e-05
     Epoch[18] Iteration[280/620], entropy: 0.2556, loss: 2.4268, lr: 1.36e-04
     Epoch[18] Iteration[290/620], entropy: 0.2653, loss: 2.4055, lr: 7.13e-04
     Epoch[18] Iteration[300/620], entropy: 0.3246, loss: 2.4936, lr: 9.96e-04
     Epoch[18] Iteration[310/620], entropy: 0.3258, loss: 2.5113, lr: 5.94e-04
     Epoch[18] Iteration[320/620], entropy: 0.3921, loss: 2.4763, lr: 6.18e-05
     Epoch[18] Iteration[330/620], entropy: 0.3376, loss: 2.4175, lr: 1.36e-04
     Epoch[18] Iteration[340/620], entropy: 0.2702, loss: 2.3787, lr: 7.13e-04
     Epoch[18] Iteration[350/620], entropy: 0.4347, loss: 2.5706, lr: 9.96e-04
     Epoch[18] Iteration[360/620], entropy: 0.3825, loss: 2.4967, lr: 5.94e-04
     Epoch[18] Iteration[370/620], entropy: 0.3111, loss: 2.3944, lr: 6.18e-05
     Epoch[18] Iteration[380/620], entropy: 0.3413, loss: 2.4462, lr: 1.36e-04
     Epoch[18] Iteration[390/620], entropy: 0.3147, loss: 2.3948, lr: 7.13e-04
     Epoch[18] Iteration[400/620], entropy: 0.3281, loss: 2.4780, lr: 9.96e-04
     Epoch[18] Iteration[410/620], entropy: 0.3201, loss: 2.4884, lr: 5.94e-04
     Epoch[18] Iteration[420/620], entropy: 0.3311, loss: 2.5309, lr: 6.18e-05
     Epoch[18] Iteration[430/620], entropy: 0.3392, loss: 2.5081, lr: 1.36e-04
     Epoch[18] Iteration[440/620], entropy: 0.3523, loss: 2.4600, lr: 7.13e-04
     Epoch[18] Iteration[450/620], entropy: 0.3686, loss: 2.4542, lr: 9.96e-04
     Epoch[18] Iteration[460/620], entropy: 0.2861, loss: 2.4305, lr: 5.94e-04
     Epoch[18] Iteration[470/620], entropy: 0.3172, loss: 2.4266, lr: 6.18e-05
     Epoch[18] Iteration[480/620], entropy: 0.3261, loss: 2.4798, lr: 1.36e-04
     Epoch[18] Iteration[490/620], entropy: 0.2761, loss: 2.3824, lr: 7.13e-04
     Epoch[18] Iteration[500/620], entropy: 0.3335, loss: 2.4764, lr: 9.96e-04
     Epoch[18] Iteration[510/620], entropy: 0.2450, loss: 2.3266, lr: 5.94e-04
     Epoch[18] Iteration[520/620], entropy: 0.2953, loss: 2.4480, lr: 6.18e-05
     Epoch[18] Iteration[530/620], entropy: 0.2695, loss: 2.3427, lr: 1.36e-04
     Epoch[18] Iteration[540/620], entropy: 0.2549, loss: 2.3516, lr: 7.13e-04
     Epoch[18] Iteration[550/620], entropy: 0.3224, loss: 2.4097, lr: 9.96e-04
     Epoch[18] Iteration[560/620], entropy: 0.4632, loss: 2.5568, lr: 5.94e-04
     Epoch[18] Iteration[570/620], entropy: 0.3658, loss: 2.4810, lr: 6.18e-05
     Epoch[18] Iteration[580/620], entropy: 0.3224, loss: 2.4146, lr: 1.36e-04
     Epoch[18] Iteration[590/620], entropy: 0.3037, loss: 2.4691, lr: 7.13e-04
     Epoch[18] Iteration[600/620], entropy: 0.3799, loss: 2.4909, lr: 9.96e-04
     Epoch[18] Iteration[610/620], entropy: 0.4165, loss: 2.5126, lr: 5.94e-04
     Epoch[18] Iteration[620/620], entropy: 0.2744, loss: 2.4089, lr: 6.18e-05
     Averaged stats: entropy: 0.2744, loss: 2.4089, lr: 6.18e-05
     itm tta time 0:02:01
### TTA Eval Score: 
+-------+--------+--------+--------+--------+-------+
| epoch |   R1   |   R5   |  R10   |  mAP   |  mINP |
+-------+--------+--------+--------+--------+-------+
|  -999 | 37.304 | 55.557 | 63.548 | 20.140 | 2.213 |
|   0   | 38.362 | 56.298 | 64.470 | 20.141 | 2.049 |
|   1   | 39.011 | 56.766 | 65.039 | 20.592 | 2.141 |
|   2   | 38.986 | 56.676 | 65.014 | 20.583 | 2.147 |
|   3   | 38.926 | 56.504 | 64.969 | 20.521 | 2.145 |
|   4   | 38.991 | 56.892 | 65.311 | 20.661 | 2.180 |
|   5   | 39.228 | 56.787 | 65.140 | 20.840 | 2.253 |
|   6   | 39.279 | 56.897 | 65.483 | 20.706 | 2.153 |
|   7   | 39.304 | 57.018 | 65.523 | 20.865 | 2.206 |
|   8   | 39.415 | 57.205 | 65.447 | 20.846 | 2.170 |
|   9   | 39.233 | 56.953 | 65.447 | 20.818 | 2.191 |
|   10  | 39.112 | 56.676 | 65.145 | 20.623 | 2.172 |
|   11  | 38.976 | 56.610 | 65.085 | 20.612 | 2.181 |
|   12  | 39.314 | 56.923 | 65.321 | 20.721 | 2.155 |
|   13  | 39.445 | 57.139 | 65.664 | 20.875 | 2.192 |
|   14  | 39.022 | 56.928 | 65.387 | 20.633 | 2.160 |
|   15  | 39.163 | 56.817 | 65.271 | 20.747 | 2.164 |
|   16  | 39.203 | 56.953 | 65.291 | 20.679 | 2.147 |
|   17  | 39.183 | 56.918 | 65.311 | 20.653 | 2.136 |
|   18  | 38.865 | 56.640 | 64.888 | 20.494 | 2.131 |
+-------+--------+--------+--------+--------+-------+
     logs:  {'epo': 18, 'R1': np.float32(38.865), 'R5': np.float32(56.64), 'R10': np.float32(64.888), 'mAP': np.float32(20.494), 'mINP': np.float32(2.131), 'entropy': 0.317666947601303, 'loss': 2.4447778732545915, 'lr': 0.0004944441502785667}
     Epoch[19] Iteration[10/620], entropy: 0.2909, loss: 2.4067, lr: 1.36e-04
     Epoch[19] Iteration[20/620], entropy: 0.3402, loss: 2.3960, lr: 7.13e-04
     Epoch[19] Iteration[30/620], entropy: 0.4117, loss: 2.5090, lr: 9.96e-04
     Epoch[19] Iteration[40/620], entropy: 0.2046, loss: 2.2781, lr: 5.94e-04
     Epoch[19] Iteration[50/620], entropy: 0.3546, loss: 2.4427, lr: 6.18e-05
     Epoch[19] Iteration[60/620], entropy: 0.3194, loss: 2.5076, lr: 1.36e-04
     Epoch[19] Iteration[70/620], entropy: 0.3432, loss: 2.4557, lr: 7.13e-04
     Epoch[19] Iteration[80/620], entropy: 0.4864, loss: 2.6214, lr: 9.96e-04
     Epoch[19] Iteration[90/620], entropy: 0.4113, loss: 2.5361, lr: 5.94e-04
     Epoch[19] Iteration[100/620], entropy: 0.4146, loss: 2.5651, lr: 6.18e-05
     Epoch[19] Iteration[110/620], entropy: 0.4615, loss: 2.5589, lr: 1.36e-04
     Epoch[19] Iteration[120/620], entropy: 0.2950, loss: 2.4442, lr: 7.13e-04
     Epoch[19] Iteration[130/620], entropy: 0.2414, loss: 2.3261, lr: 9.96e-04
     Epoch[19] Iteration[140/620], entropy: 0.3219, loss: 2.4060, lr: 5.94e-04
     Epoch[19] Iteration[150/620], entropy: 0.3227, loss: 2.3903, lr: 6.18e-05
     Epoch[19] Iteration[160/620], entropy: 0.3824, loss: 2.5437, lr: 1.36e-04
     Epoch[19] Iteration[170/620], entropy: 0.3036, loss: 2.4393, lr: 7.13e-04
     Epoch[19] Iteration[180/620], entropy: 0.2629, loss: 2.3962, lr: 9.96e-04
     Epoch[19] Iteration[190/620], entropy: 0.3183, loss: 2.4919, lr: 5.94e-04
     Epoch[19] Iteration[200/620], entropy: 0.3090, loss: 2.3660, lr: 6.18e-05
     Epoch[19] Iteration[210/620], entropy: 0.3140, loss: 2.4584, lr: 1.36e-04
     Epoch[19] Iteration[220/620], entropy: 0.2883, loss: 2.4138, lr: 7.13e-04
     Epoch[19] Iteration[230/620], entropy: 0.3328, loss: 2.5002, lr: 9.96e-04
     Epoch[19] Iteration[240/620], entropy: 0.3305, loss: 2.4391, lr: 5.94e-04
     Epoch[19] Iteration[250/620], entropy: 0.3521, loss: 2.4439, lr: 9.55e-05
     Epoch[19] Iteration[260/620], entropy: 0.3414, loss: 2.4977, lr: 9.55e-05
     Epoch[19] Iteration[270/620], entropy: 0.3203, loss: 2.4302, lr: 6.55e-04
     Epoch[19] Iteration[280/620], entropy: 0.3183, loss: 2.4754, lr: 1.00e-03
     Epoch[19] Iteration[290/620], entropy: 0.2771, loss: 2.4370, lr: 6.55e-04
     Epoch[19] Iteration[300/620], entropy: 0.3346, loss: 2.3993, lr: 9.55e-05
     Epoch[19] Iteration[310/620], entropy: 0.3571, loss: 2.4493, lr: 9.55e-05
     Epoch[19] Iteration[320/620], entropy: 0.2728, loss: 2.4124, lr: 6.55e-04
     Epoch[19] Iteration[330/620], entropy: 0.3695, loss: 2.4603, lr: 1.00e-03
     Epoch[19] Iteration[340/620], entropy: 0.2825, loss: 2.3616, lr: 6.55e-04
     Epoch[19] Iteration[350/620], entropy: 0.2954, loss: 2.3815, lr: 9.55e-05
     Epoch[19] Iteration[360/620], entropy: 0.4112, loss: 2.4584, lr: 9.55e-05
     Epoch[19] Iteration[370/620], entropy: 0.3400, loss: 2.4187, lr: 6.55e-04
     Epoch[19] Iteration[380/620], entropy: 0.4125, loss: 2.5252, lr: 1.00e-03
     Epoch[19] Iteration[390/620], entropy: 0.2686, loss: 2.4365, lr: 6.55e-04
     Epoch[19] Iteration[400/620], entropy: 0.3678, loss: 2.5419, lr: 9.55e-05
     Epoch[19] Iteration[410/620], entropy: 0.3200, loss: 2.5248, lr: 9.55e-05
     Epoch[19] Iteration[420/620], entropy: 0.4240, loss: 2.5407, lr: 6.55e-04
     Epoch[19] Iteration[430/620], entropy: 0.2633, loss: 2.3757, lr: 1.00e-03
     Epoch[19] Iteration[440/620], entropy: 0.2386, loss: 2.4129, lr: 6.55e-04
     Epoch[19] Iteration[450/620], entropy: 0.2796, loss: 2.3327, lr: 9.55e-05
     Epoch[19] Iteration[460/620], entropy: 0.2399, loss: 2.3654, lr: 9.55e-05
     Epoch[19] Iteration[470/620], entropy: 0.3756, loss: 2.4762, lr: 6.55e-04
     Epoch[19] Iteration[480/620], entropy: 0.3436, loss: 2.5054, lr: 1.00e-03
     Epoch[19] Iteration[490/620], entropy: 0.3186, loss: 2.4403, lr: 6.55e-04
     Epoch[19] Iteration[500/620], entropy: 0.3033, loss: 2.4449, lr: 9.55e-05
     Epoch[19] Iteration[510/620], entropy: 0.4356, loss: 2.4950, lr: 9.55e-05
     Epoch[19] Iteration[520/620], entropy: 0.2803, loss: 2.3444, lr: 6.55e-04
     Epoch[19] Iteration[530/620], entropy: 0.3286, loss: 2.4539, lr: 1.00e-03
     Epoch[19] Iteration[540/620], entropy: 0.2708, loss: 2.3759, lr: 6.55e-04
     Epoch[19] Iteration[550/620], entropy: 0.2540, loss: 2.3583, lr: 9.55e-05
     Epoch[19] Iteration[560/620], entropy: 0.2367, loss: 2.3070, lr: 9.55e-05
     Epoch[19] Iteration[570/620], entropy: 0.4966, loss: 2.5794, lr: 6.55e-04
     Epoch[19] Iteration[580/620], entropy: 0.3284, loss: 2.3905, lr: 1.00e-03
     Epoch[19] Iteration[590/620], entropy: 0.3214, loss: 2.4730, lr: 6.55e-04
     Epoch[19] Iteration[600/620], entropy: 0.2862, loss: 2.3598, lr: 9.55e-05
     Epoch[19] Iteration[610/620], entropy: 0.3359, loss: 2.4219, lr: 9.55e-05
     Epoch[19] Iteration[620/620], entropy: 0.3578, loss: 2.4837, lr: 6.55e-04
     Averaged stats: entropy: 0.3578, loss: 2.4837, lr: 6.55e-04
     itm tta time 0:01:58
### TTA Eval Score: 
+-------+--------+--------+--------+--------+-------+
| epoch |   R1   |   R5   |  R10   |  mAP   |  mINP |
+-------+--------+--------+--------+--------+-------+
|  -999 | 37.304 | 55.557 | 63.548 | 20.140 | 2.213 |
|   0   | 38.362 | 56.298 | 64.470 | 20.141 | 2.049 |
|   1   | 39.011 | 56.766 | 65.039 | 20.592 | 2.141 |
|   2   | 38.986 | 56.676 | 65.014 | 20.583 | 2.147 |
|   3   | 38.926 | 56.504 | 64.969 | 20.521 | 2.145 |
|   4   | 38.991 | 56.892 | 65.311 | 20.661 | 2.180 |
|   5   | 39.228 | 56.787 | 65.140 | 20.840 | 2.253 |
|   6   | 39.279 | 56.897 | 65.483 | 20.706 | 2.153 |
|   7   | 39.304 | 57.018 | 65.523 | 20.865 | 2.206 |
|   8   | 39.415 | 57.205 | 65.447 | 20.846 | 2.170 |
|   9   | 39.233 | 56.953 | 65.447 | 20.818 | 2.191 |
|   10  | 39.112 | 56.676 | 65.145 | 20.623 | 2.172 |
|   11  | 38.976 | 56.610 | 65.085 | 20.612 | 2.181 |
|   12  | 39.314 | 56.923 | 65.321 | 20.721 | 2.155 |
|   13  | 39.445 | 57.139 | 65.664 | 20.875 | 2.192 |
|   14  | 39.022 | 56.928 | 65.387 | 20.633 | 2.160 |
|   15  | 39.163 | 56.817 | 65.271 | 20.747 | 2.164 |
|   16  | 39.203 | 56.953 | 65.291 | 20.679 | 2.147 |
|   17  | 39.183 | 56.918 | 65.311 | 20.653 | 2.136 |
|   18  | 38.865 | 56.640 | 64.888 | 20.494 | 2.131 |
|   19  | 39.158 | 56.857 | 65.256 | 20.715 | 2.187 |
+-------+--------+--------+--------+--------+-------+
     logs:  {'epo': 19, 'R1': np.float32(39.158), 'R5': np.float32(56.857), 'R10': np.float32(65.256), 'mAP': np.float32(20.715), 'mINP': np.float32(2.187), 'entropy': 0.32936933684733605, 'loss': 2.4432865650423112, 'lr': 0.0004965104006908763}
     Epoch[20] Iteration[10/620], entropy: 0.3931, loss: 2.4901, lr: 1.00e-03
     Epoch[20] Iteration[20/620], entropy: 0.3307, loss: 2.3920, lr: 6.55e-04
     Epoch[20] Iteration[30/620], entropy: 0.3616, loss: 2.4406, lr: 9.55e-05
     Epoch[20] Iteration[40/620], entropy: 0.3321, loss: 2.5059, lr: 9.55e-05
     Epoch[20] Iteration[50/620], entropy: 0.2307, loss: 2.3549, lr: 6.55e-04
     Epoch[20] Iteration[60/620], entropy: 0.2840, loss: 2.3963, lr: 1.00e-03
     Epoch[20] Iteration[70/620], entropy: 0.3185, loss: 2.4303, lr: 6.55e-04
     Epoch[20] Iteration[80/620], entropy: 0.2858, loss: 2.4350, lr: 9.55e-05
     Epoch[20] Iteration[90/620], entropy: 0.2799, loss: 2.4294, lr: 9.55e-05
     Epoch[20] Iteration[100/620], entropy: 0.3229, loss: 2.3796, lr: 6.55e-04
     Epoch[20] Iteration[110/620], entropy: 0.2872, loss: 2.3906, lr: 1.00e-03
     Epoch[20] Iteration[120/620], entropy: 0.2577, loss: 2.4309, lr: 6.55e-04
     Epoch[20] Iteration[130/620], entropy: 0.3130, loss: 2.4493, lr: 9.55e-05
     Epoch[20] Iteration[140/620], entropy: 0.3327, loss: 2.4181, lr: 9.55e-05
     Epoch[20] Iteration[150/620], entropy: 0.3732, loss: 2.4783, lr: 6.55e-04
     Epoch[20] Iteration[160/620], entropy: 0.3100, loss: 2.4373, lr: 1.00e-03
     Epoch[20] Iteration[170/620], entropy: 0.2682, loss: 2.4252, lr: 6.55e-04
     Epoch[20] Iteration[180/620], entropy: 0.2419, loss: 2.3693, lr: 9.55e-05
     Epoch[20] Iteration[190/620], entropy: 0.3615, loss: 2.4980, lr: 9.55e-05
     Epoch[20] Iteration[200/620], entropy: 0.3205, loss: 2.4820, lr: 6.55e-04
     Epoch[20] Iteration[210/620], entropy: 0.3306, loss: 2.4712, lr: 1.00e-03
     Epoch[20] Iteration[220/620], entropy: 0.3048, loss: 2.3981, lr: 6.55e-04
     Epoch[20] Iteration[230/620], entropy: 0.3282, loss: 2.3343, lr: 9.55e-05
     Epoch[20] Iteration[240/620], entropy: 0.3416, loss: 2.4486, lr: 9.55e-05
     Epoch[20] Iteration[250/620], entropy: 0.3509, loss: 2.4790, lr: 6.55e-04
     Epoch[20] Iteration[260/620], entropy: 0.2694, loss: 2.4228, lr: 1.00e-03
     Epoch[20] Iteration[270/620], entropy: 0.3094, loss: 2.4970, lr: 6.55e-04
     Epoch[20] Iteration[280/620], entropy: 0.2710, loss: 2.2997, lr: 9.55e-05
     Epoch[20] Iteration[290/620], entropy: 0.2419, loss: 2.3768, lr: 9.55e-05
     Epoch[20] Iteration[300/620], entropy: 0.3835, loss: 2.4792, lr: 6.55e-04
     Epoch[20] Iteration[310/620], entropy: 0.2686, loss: 2.4088, lr: 1.00e-03
     Epoch[20] Iteration[320/620], entropy: 0.2469, loss: 2.3583, lr: 6.55e-04
     Epoch[20] Iteration[330/620], entropy: 0.3484, loss: 2.4142, lr: 9.55e-05
     Epoch[20] Iteration[340/620], entropy: 0.2983, loss: 2.4344, lr: 9.55e-05
     Epoch[20] Iteration[350/620], entropy: 0.3300, loss: 2.5081, lr: 6.55e-04
     Epoch[20] Iteration[360/620], entropy: 0.2779, loss: 2.4643, lr: 1.00e-03
     Epoch[20] Iteration[370/620], entropy: 0.4025, loss: 2.5522, lr: 6.55e-04
     Epoch[20] Iteration[380/620], entropy: 0.2904, loss: 2.4983, lr: 9.55e-05
     Epoch[20] Iteration[390/620], entropy: 0.3823, loss: 2.5126, lr: 9.55e-05
     Epoch[20] Iteration[400/620], entropy: 0.3373, loss: 2.3959, lr: 6.55e-04
     Epoch[20] Iteration[410/620], entropy: 0.2614, loss: 2.3892, lr: 1.00e-03
     Epoch[20] Iteration[420/620], entropy: 0.2629, loss: 2.3724, lr: 6.55e-04
     Epoch[20] Iteration[430/620], entropy: 0.3129, loss: 2.4562, lr: 9.55e-05
     Epoch[20] Iteration[440/620], entropy: 0.3357, loss: 2.5094, lr: 9.55e-05
     Epoch[20] Iteration[450/620], entropy: 0.2659, loss: 2.3560, lr: 6.55e-04
     Epoch[20] Iteration[460/620], entropy: 0.2835, loss: 2.4512, lr: 1.00e-03
     Epoch[20] Iteration[470/620], entropy: 0.4040, loss: 2.5274, lr: 6.55e-04
     Epoch[20] Iteration[480/620], entropy: 0.4251, loss: 2.5735, lr: 9.55e-05
     Epoch[20] Iteration[490/620], entropy: 0.4335, loss: 2.5406, lr: 9.55e-05
     Epoch[20] Iteration[500/620], entropy: 0.4444, loss: 2.5619, lr: 6.55e-04
     Epoch[20] Iteration[510/620], entropy: 0.2996, loss: 2.4314, lr: 1.00e-03
     Epoch[20] Iteration[520/620], entropy: 0.2733, loss: 2.3579, lr: 6.55e-04
     Epoch[20] Iteration[530/620], entropy: 0.3122, loss: 2.4340, lr: 9.55e-05
     Epoch[20] Iteration[540/620], entropy: 0.2690, loss: 2.3734, lr: 9.55e-05
     Epoch[20] Iteration[550/620], entropy: 0.3416, loss: 2.3945, lr: 6.55e-04
     Epoch[20] Iteration[560/620], entropy: 0.3101, loss: 2.4319, lr: 1.00e-03
     Epoch[20] Iteration[570/620], entropy: 0.3419, loss: 2.3891, lr: 6.55e-04
     Epoch[20] Iteration[580/620], entropy: 0.3224, loss: 2.4816, lr: 9.55e-05
     Epoch[20] Iteration[590/620], entropy: 0.3377, loss: 2.4594, lr: 9.55e-05
     Epoch[20] Iteration[600/620], entropy: 0.2406, loss: 2.3948, lr: 6.55e-04
     Epoch[20] Iteration[610/620], entropy: 0.3551, loss: 2.5244, lr: 1.00e-03
     Epoch[20] Iteration[620/620], entropy: 0.3939, loss: 2.4527, lr: 6.55e-04
     Averaged stats: entropy: 0.3939, loss: 2.4527, lr: 6.55e-04
     itm tta time 0:01:59
### TTA Eval Score: 
+-------+--------+--------+--------+--------+-------+
| epoch |   R1   |   R5   |  R10   |  mAP   |  mINP |
+-------+--------+--------+--------+--------+-------+
|  -999 | 37.304 | 55.557 | 63.548 | 20.140 | 2.213 |
|   0   | 38.362 | 56.298 | 64.470 | 20.141 | 2.049 |
|   1   | 39.011 | 56.766 | 65.039 | 20.592 | 2.141 |
|   2   | 38.986 | 56.676 | 65.014 | 20.583 | 2.147 |
|   3   | 38.926 | 56.504 | 64.969 | 20.521 | 2.145 |
|   4   | 38.991 | 56.892 | 65.311 | 20.661 | 2.180 |
|   5   | 39.228 | 56.787 | 65.140 | 20.840 | 2.253 |
|   6   | 39.279 | 56.897 | 65.483 | 20.706 | 2.153 |
|   7   | 39.304 | 57.018 | 65.523 | 20.865 | 2.206 |
|   8   | 39.415 | 57.205 | 65.447 | 20.846 | 2.170 |
|   9   | 39.233 | 56.953 | 65.447 | 20.818 | 2.191 |
|   10  | 39.112 | 56.676 | 65.145 | 20.623 | 2.172 |
|   11  | 38.976 | 56.610 | 65.085 | 20.612 | 2.181 |
|   12  | 39.314 | 56.923 | 65.321 | 20.721 | 2.155 |
|   13  | 39.445 | 57.139 | 65.664 | 20.875 | 2.192 |
|   14  | 39.022 | 56.928 | 65.387 | 20.633 | 2.160 |
|   15  | 39.163 | 56.817 | 65.271 | 20.747 | 2.164 |
|   16  | 39.203 | 56.953 | 65.291 | 20.679 | 2.147 |
|   17  | 39.183 | 56.918 | 65.311 | 20.653 | 2.136 |
|   18  | 38.865 | 56.640 | 64.888 | 20.494 | 2.131 |
|   19  | 39.158 | 56.857 | 65.256 | 20.715 | 2.187 |
|   20  | 39.017 | 56.928 | 65.175 | 20.611 | 2.167 |
+-------+--------+--------+--------+--------+-------+
     logs:  {'epo': 20, 'R1': np.float32(39.017), 'R5': np.float32(56.928), 'R10': np.float32(65.175), 'mAP': np.float32(20.611), 'mINP': np.float32(2.167), 'entropy': 0.3184804137675993, 'loss': 2.4395201706117198, 'lr': 0.0005105565886643295}
     Epoch[21] Iteration[10/620], entropy: 0.3448, loss: 2.4471, lr: 9.55e-05
     Epoch[21] Iteration[20/620], entropy: 0.2898, loss: 2.4424, lr: 9.55e-05
     Epoch[21] Iteration[30/620], entropy: 0.3556, loss: 2.5355, lr: 6.55e-04
     Epoch[21] Iteration[40/620], entropy: 0.3542, loss: 2.4959, lr: 1.00e-03
     Epoch[21] Iteration[50/620], entropy: 0.5213, loss: 2.5805, lr: 6.55e-04
     Epoch[21] Iteration[60/620], entropy: 0.4474, loss: 2.5258, lr: 9.55e-05
     Epoch[21] Iteration[70/620], entropy: 0.3264, loss: 2.4640, lr: 9.55e-05
     Epoch[21] Iteration[80/620], entropy: 0.3598, loss: 2.4676, lr: 6.55e-04
     Epoch[21] Iteration[90/620], entropy: 0.3877, loss: 2.5646, lr: 1.00e-03
     Epoch[21] Iteration[100/620], entropy: 0.1946, loss: 2.3744, lr: 6.55e-04
     Epoch[21] Iteration[110/620], entropy: 0.3694, loss: 2.4189, lr: 9.55e-05
     Epoch[21] Iteration[120/620], entropy: 0.4039, loss: 2.5482, lr: 9.55e-05
     Epoch[21] Iteration[130/620], entropy: 0.2816, loss: 2.3317, lr: 6.55e-04
     Epoch[21] Iteration[140/620], entropy: 0.3170, loss: 2.4139, lr: 1.00e-03
     Epoch[21] Iteration[150/620], entropy: 0.4851, loss: 2.5243, lr: 6.55e-04
     Epoch[21] Iteration[160/620], entropy: 0.2827, loss: 2.4324, lr: 9.55e-05
     Epoch[21] Iteration[170/620], entropy: 0.2914, loss: 2.4322, lr: 9.55e-05
     Epoch[21] Iteration[180/620], entropy: 0.2373, loss: 2.3438, lr: 6.55e-04
     Epoch[21] Iteration[190/620], entropy: 0.3308, loss: 2.4635, lr: 1.00e-03
     Epoch[21] Iteration[200/620], entropy: 0.3581, loss: 2.4738, lr: 6.55e-04
     Epoch[21] Iteration[210/620], entropy: 0.3030, loss: 2.4179, lr: 9.55e-05
     Epoch[21] Iteration[220/620], entropy: 0.3328, loss: 2.4615, lr: 9.55e-05
     Epoch[21] Iteration[230/620], entropy: 0.2768, loss: 2.3774, lr: 6.55e-04
     Epoch[21] Iteration[240/620], entropy: 0.3678, loss: 2.4979, lr: 1.00e-03
     Epoch[21] Iteration[250/620], entropy: 0.4169, loss: 2.5283, lr: 6.55e-04
     Epoch[21] Iteration[260/620], entropy: 0.2943, loss: 2.4261, lr: 9.55e-05
     Epoch[21] Iteration[270/620], entropy: 0.4229, loss: 2.5230, lr: 9.55e-05
     Epoch[21] Iteration[280/620], entropy: 0.3443, loss: 2.4096, lr: 6.55e-04
     Epoch[21] Iteration[290/620], entropy: 0.3335, loss: 2.4375, lr: 1.00e-03
     Epoch[21] Iteration[300/620], entropy: 0.2519, loss: 2.4883, lr: 6.55e-04
     Epoch[21] Iteration[310/620], entropy: 0.2903, loss: 2.3841, lr: 9.55e-05
     Epoch[21] Iteration[320/620], entropy: 0.2698, loss: 2.3913, lr: 9.55e-05
     Epoch[21] Iteration[330/620], entropy: 0.3031, loss: 2.4796, lr: 6.55e-04
     Epoch[21] Iteration[340/620], entropy: 0.3259, loss: 2.4388, lr: 1.00e-03
     Epoch[21] Iteration[350/620], entropy: 0.3531, loss: 2.4376, lr: 6.55e-04
     Epoch[21] Iteration[360/620], entropy: 0.3131, loss: 2.4595, lr: 9.55e-05
     Epoch[21] Iteration[370/620], entropy: 0.3190, loss: 2.4965, lr: 9.55e-05
     Epoch[21] Iteration[380/620], entropy: 0.2681, loss: 2.4191, lr: 6.55e-04
     Epoch[21] Iteration[390/620], entropy: 0.3269, loss: 2.4699, lr: 1.00e-03
     Epoch[21] Iteration[400/620], entropy: 0.4172, loss: 2.4827, lr: 6.55e-04
     Epoch[21] Iteration[410/620], entropy: 0.3954, loss: 2.4940, lr: 9.55e-05
     Epoch[21] Iteration[420/620], entropy: 0.2788, loss: 2.3878, lr: 9.55e-05
     Epoch[21] Iteration[430/620], entropy: 0.3587, loss: 2.5196, lr: 6.55e-04
     Epoch[21] Iteration[440/620], entropy: 0.3571, loss: 2.4552, lr: 1.00e-03
     Epoch[21] Iteration[450/620], entropy: 0.3917, loss: 2.4712, lr: 6.55e-04
     Epoch[21] Iteration[460/620], entropy: 0.3244, loss: 2.4752, lr: 9.55e-05
     Epoch[21] Iteration[470/620], entropy: 0.4723, loss: 2.6099, lr: 9.55e-05
     Epoch[21] Iteration[480/620], entropy: 0.3176, loss: 2.4388, lr: 6.55e-04
     Epoch[21] Iteration[490/620], entropy: 0.3247, loss: 2.4819, lr: 1.00e-03
     Epoch[21] Iteration[500/620], entropy: 0.3732, loss: 2.5030, lr: 6.55e-04
     Epoch[21] Iteration[510/620], entropy: 0.3506, loss: 2.4471, lr: 9.55e-05
     Epoch[21] Iteration[520/620], entropy: 0.4356, loss: 2.4869, lr: 9.55e-05
     Epoch[21] Iteration[530/620], entropy: 0.3219, loss: 2.4443, lr: 6.55e-04
     Epoch[21] Iteration[540/620], entropy: 0.3111, loss: 2.4050, lr: 1.00e-03
     Epoch[21] Iteration[550/620], entropy: 0.2729, loss: 2.3593, lr: 6.55e-04
     Epoch[21] Iteration[560/620], entropy: 0.3564, loss: 2.5441, lr: 9.55e-05
     Epoch[21] Iteration[570/620], entropy: 0.2967, loss: 2.3945, lr: 9.55e-05
     Epoch[21] Iteration[580/620], entropy: 0.3224, loss: 2.4489, lr: 6.55e-04
     Epoch[21] Iteration[590/620], entropy: 0.3341, loss: 2.4607, lr: 1.00e-03
     Epoch[21] Iteration[600/620], entropy: 0.2476, loss: 2.4390, lr: 6.55e-04
     Epoch[21] Iteration[610/620], entropy: 0.3674, loss: 2.5312, lr: 9.55e-05
     Epoch[21] Iteration[620/620], entropy: 0.2676, loss: 2.2641, lr: 9.55e-05
     Averaged stats: entropy: 0.2676, loss: 2.2641, lr: 9.55e-05
     itm tta time 0:01:59
### TTA Eval Score: 
+-------+--------+--------+--------+--------+-------+
| epoch |   R1   |   R5   |  R10   |  mAP   |  mINP |
+-------+--------+--------+--------+--------+-------+
|  -999 | 37.304 | 55.557 | 63.548 | 20.140 | 2.213 |
|   0   | 38.362 | 56.298 | 64.470 | 20.141 | 2.049 |
|   1   | 39.011 | 56.766 | 65.039 | 20.592 | 2.141 |
|   2   | 38.986 | 56.676 | 65.014 | 20.583 | 2.147 |
|   3   | 38.926 | 56.504 | 64.969 | 20.521 | 2.145 |
|   4   | 38.991 | 56.892 | 65.311 | 20.661 | 2.180 |
|   5   | 39.228 | 56.787 | 65.140 | 20.840 | 2.253 |
|   6   | 39.279 | 56.897 | 65.483 | 20.706 | 2.153 |
|   7   | 39.304 | 57.018 | 65.523 | 20.865 | 2.206 |
|   8   | 39.415 | 57.205 | 65.447 | 20.846 | 2.170 |
|   9   | 39.233 | 56.953 | 65.447 | 20.818 | 2.191 |
|   10  | 39.112 | 56.676 | 65.145 | 20.623 | 2.172 |
|   11  | 38.976 | 56.610 | 65.085 | 20.612 | 2.181 |
|   12  | 39.314 | 56.923 | 65.321 | 20.721 | 2.155 |
|   13  | 39.445 | 57.139 | 65.664 | 20.875 | 2.192 |
|   14  | 39.022 | 56.928 | 65.387 | 20.633 | 2.160 |
|   15  | 39.163 | 56.817 | 65.271 | 20.747 | 2.164 |
|   16  | 39.203 | 56.953 | 65.291 | 20.679 | 2.147 |
|   17  | 39.183 | 56.918 | 65.311 | 20.653 | 2.136 |
|   18  | 38.865 | 56.640 | 64.888 | 20.494 | 2.131 |
|   19  | 39.158 | 56.857 | 65.256 | 20.715 | 2.187 |
|   20  | 39.017 | 56.928 | 65.175 | 20.611 | 2.167 |
|   21  | 39.535 | 57.094 | 65.281 | 20.770 | 2.142 |
+-------+--------+--------+--------+--------+-------+
     logs:  {'epo': 21, 'R1': np.float32(39.535), 'R5': np.float32(57.094), 'R10': np.float32(65.281), 'mAP': np.float32(20.77), 'mINP': np.float32(2.142), 'entropy': 0.33786414539621723, 'loss': 2.4575591433432793, 'lr': 0.00048695133880043975}
     Epoch[22] Iteration[10/620], entropy: 0.2721, loss: 2.3738, lr: 6.55e-04
     Epoch[22] Iteration[20/620], entropy: 0.2910, loss: 2.4105, lr: 1.00e-03
     Epoch[22] Iteration[30/620], entropy: 0.3446, loss: 2.4084, lr: 6.55e-04
     Epoch[22] Iteration[40/620], entropy: 0.3248, loss: 2.4568, lr: 9.55e-05
     Epoch[22] Iteration[50/620], entropy: 0.3504, loss: 2.4715, lr: 9.55e-05
     Epoch[22] Iteration[60/620], entropy: 0.2368, loss: 2.3949, lr: 6.55e-04
     Epoch[22] Iteration[70/620], entropy: 0.3042, loss: 2.4429, lr: 1.00e-03
     Epoch[22] Iteration[80/620], entropy: 0.3381, loss: 2.4017, lr: 6.55e-04
     Epoch[22] Iteration[90/620], entropy: 0.4296, loss: 2.5201, lr: 9.55e-05
     Epoch[22] Iteration[100/620], entropy: 0.4018, loss: 2.4894, lr: 9.55e-05
     Epoch[22] Iteration[110/620], entropy: 0.4783, loss: 2.5398, lr: 6.55e-04
     Epoch[22] Iteration[120/620], entropy: 0.3427, loss: 2.4802, lr: 1.00e-03
     Epoch[22] Iteration[130/620], entropy: 0.3549, loss: 2.5305, lr: 6.55e-04
     Epoch[22] Iteration[140/620], entropy: 0.3026, loss: 2.4624, lr: 9.55e-05
     Epoch[22] Iteration[150/620], entropy: 0.3412, loss: 2.4141, lr: 9.55e-05
     Epoch[22] Iteration[160/620], entropy: 0.2914, loss: 2.4198, lr: 6.55e-04
     Epoch[22] Iteration[170/620], entropy: 0.3749, loss: 2.4827, lr: 1.00e-03
     Epoch[22] Iteration[180/620], entropy: 0.3369, loss: 2.4681, lr: 6.55e-04
     Epoch[22] Iteration[190/620], entropy: 0.3580, loss: 2.4587, lr: 9.55e-05
     Epoch[22] Iteration[200/620], entropy: 0.4078, loss: 2.5133, lr: 9.55e-05
     Epoch[22] Iteration[210/620], entropy: 0.2906, loss: 2.4138, lr: 6.55e-04
     Epoch[22] Iteration[220/620], entropy: 0.2991, loss: 2.4377, lr: 1.00e-03
     Epoch[22] Iteration[230/620], entropy: 0.2833, loss: 2.3466, lr: 6.55e-04
     Epoch[22] Iteration[240/620], entropy: 0.2595, loss: 2.4063, lr: 9.55e-05
     Epoch[22] Iteration[250/620], entropy: 0.3084, loss: 2.3865, lr: 9.55e-05
     Epoch[22] Iteration[260/620], entropy: 0.3804, loss: 2.5430, lr: 6.55e-04
     Epoch[22] Iteration[270/620], entropy: 0.3889, loss: 2.5263, lr: 1.00e-03
     Epoch[22] Iteration[280/620], entropy: 0.3828, loss: 2.4752, lr: 6.55e-04
     Epoch[22] Iteration[290/620], entropy: 0.3412, loss: 2.4639, lr: 9.55e-05
     Epoch[22] Iteration[300/620], entropy: 0.3799, loss: 2.4547, lr: 9.55e-05
     Epoch[22] Iteration[310/620], entropy: 0.3453, loss: 2.4508, lr: 6.55e-04
     Epoch[22] Iteration[320/620], entropy: 0.3565, loss: 2.4909, lr: 1.00e-03
     Epoch[22] Iteration[330/620], entropy: 0.3789, loss: 2.4910, lr: 6.55e-04
     Epoch[22] Iteration[340/620], entropy: 0.4625, loss: 2.5358, lr: 9.55e-05
     Epoch[22] Iteration[350/620], entropy: 0.3262, loss: 2.4666, lr: 9.55e-05
     Epoch[22] Iteration[360/620], entropy: 0.3348, loss: 2.4648, lr: 6.55e-04
     Epoch[22] Iteration[370/620], entropy: 0.4040, loss: 2.5486, lr: 1.00e-03
     Epoch[22] Iteration[380/620], entropy: 0.2532, loss: 2.3797, lr: 6.55e-04
     Epoch[22] Iteration[390/620], entropy: 0.3517, loss: 2.4858, lr: 1.36e-04
     Epoch[22] Iteration[400/620], entropy: 0.2362, loss: 2.4023, lr: 6.18e-05
     Epoch[22] Iteration[410/620], entropy: 0.2396, loss: 2.4361, lr: 5.94e-04
     Epoch[22] Iteration[420/620], entropy: 0.3635, loss: 2.5101, lr: 9.96e-04
     Epoch[22] Iteration[430/620], entropy: 0.2746, loss: 2.3470, lr: 7.13e-04
     Epoch[22] Iteration[440/620], entropy: 0.3731, loss: 2.5599, lr: 1.36e-04
     Epoch[22] Iteration[450/620], entropy: 0.3056, loss: 2.4205, lr: 6.18e-05
     Epoch[22] Iteration[460/620], entropy: 0.3668, loss: 2.4872, lr: 5.94e-04
     Epoch[22] Iteration[470/620], entropy: 0.3418, loss: 2.4416, lr: 9.96e-04
     Epoch[22] Iteration[480/620], entropy: 0.2441, loss: 2.3727, lr: 7.13e-04
     Epoch[22] Iteration[490/620], entropy: 0.2822, loss: 2.4095, lr: 1.36e-04
     Epoch[22] Iteration[500/620], entropy: 0.3728, loss: 2.4882, lr: 6.18e-05
     Epoch[22] Iteration[510/620], entropy: 0.3649, loss: 2.5351, lr: 5.94e-04
     Epoch[22] Iteration[520/620], entropy: 0.3597, loss: 2.4350, lr: 9.96e-04
     Epoch[22] Iteration[530/620], entropy: 0.2406, loss: 2.3598, lr: 7.13e-04
     Epoch[22] Iteration[540/620], entropy: 0.2777, loss: 2.3920, lr: 1.36e-04
     Epoch[22] Iteration[550/620], entropy: 0.4190, loss: 2.5042, lr: 6.18e-05
     Epoch[22] Iteration[560/620], entropy: 0.3743, loss: 2.4826, lr: 5.94e-04
     Epoch[22] Iteration[570/620], entropy: 0.3106, loss: 2.4524, lr: 9.96e-04
     Epoch[22] Iteration[580/620], entropy: 0.2579, loss: 2.3354, lr: 7.13e-04
     Epoch[22] Iteration[590/620], entropy: 0.3858, loss: 2.5030, lr: 1.36e-04
     Epoch[22] Iteration[600/620], entropy: 0.3076, loss: 2.4413, lr: 6.18e-05
     Epoch[22] Iteration[610/620], entropy: 0.3047, loss: 2.4132, lr: 5.94e-04
     Epoch[22] Iteration[620/620], entropy: 0.3217, loss: 2.4609, lr: 9.96e-04
     Averaged stats: entropy: 0.3217, loss: 2.4609, lr: 9.96e-04
     itm tta time 0:01:59
### TTA Eval Score: 
+-------+--------+--------+--------+--------+-------+
| epoch |   R1   |   R5   |  R10   |  mAP   |  mINP |
+-------+--------+--------+--------+--------+-------+
|  -999 | 37.304 | 55.557 | 63.548 | 20.140 | 2.213 |
|   0   | 38.362 | 56.298 | 64.470 | 20.141 | 2.049 |
|   1   | 39.011 | 56.766 | 65.039 | 20.592 | 2.141 |
|   2   | 38.986 | 56.676 | 65.014 | 20.583 | 2.147 |
|   3   | 38.926 | 56.504 | 64.969 | 20.521 | 2.145 |
|   4   | 38.991 | 56.892 | 65.311 | 20.661 | 2.180 |
|   5   | 39.228 | 56.787 | 65.140 | 20.840 | 2.253 |
|   6   | 39.279 | 56.897 | 65.483 | 20.706 | 2.153 |
|   7   | 39.304 | 57.018 | 65.523 | 20.865 | 2.206 |
|   8   | 39.415 | 57.205 | 65.447 | 20.846 | 2.170 |
|   9   | 39.233 | 56.953 | 65.447 | 20.818 | 2.191 |
|   10  | 39.112 | 56.676 | 65.145 | 20.623 | 2.172 |
|   11  | 38.976 | 56.610 | 65.085 | 20.612 | 2.181 |
|   12  | 39.314 | 56.923 | 65.321 | 20.721 | 2.155 |
|   13  | 39.445 | 57.139 | 65.664 | 20.875 | 2.192 |
|   14  | 39.022 | 56.928 | 65.387 | 20.633 | 2.160 |
|   15  | 39.163 | 56.817 | 65.271 | 20.747 | 2.164 |
|   16  | 39.203 | 56.953 | 65.291 | 20.679 | 2.147 |
|   17  | 39.183 | 56.918 | 65.311 | 20.653 | 2.136 |
|   18  | 38.865 | 56.640 | 64.888 | 20.494 | 2.131 |
|   19  | 39.158 | 56.857 | 65.256 | 20.715 | 2.187 |
|   20  | 39.017 | 56.928 | 65.175 | 20.611 | 2.167 |
|   21  | 39.535 | 57.094 | 65.281 | 20.770 | 2.142 |
|   22  | 39.440 | 56.923 | 65.180 | 20.630 | 2.108 |
+-------+--------+--------+--------+--------+-------+
     logs:  {'epo': 22, 'R1': np.float32(39.44), 'R5': np.float32(56.923), 'R10': np.float32(65.18), 'mAP': np.float32(20.63), 'mINP': np.float32(2.108), 'entropy': 0.3344178764570144, 'loss': 2.453181870522038, 'lr': 0.0005096149572353646}
     Epoch[23] Iteration[10/620], entropy: 0.3973, loss: 2.5035, lr: 7.13e-04
     Epoch[23] Iteration[20/620], entropy: 0.3429, loss: 2.4114, lr: 1.36e-04
     Epoch[23] Iteration[30/620], entropy: 0.3802, loss: 2.4948, lr: 6.18e-05
     Epoch[23] Iteration[40/620], entropy: 0.3379, loss: 2.4611, lr: 5.94e-04
     Epoch[23] Iteration[50/620], entropy: 0.3498, loss: 2.4658, lr: 9.96e-04
     Epoch[23] Iteration[60/620], entropy: 0.3478, loss: 2.4650, lr: 7.13e-04
     Epoch[23] Iteration[70/620], entropy: 0.2630, loss: 2.3882, lr: 1.36e-04
     Epoch[23] Iteration[80/620], entropy: 0.2500, loss: 2.3582, lr: 6.18e-05
     Epoch[23] Iteration[90/620], entropy: 0.4100, loss: 2.5958, lr: 5.94e-04
     Epoch[23] Iteration[100/620], entropy: 0.3221, loss: 2.5279, lr: 9.96e-04
     Epoch[23] Iteration[110/620], entropy: 0.3045, loss: 2.3988, lr: 7.13e-04
     Epoch[23] Iteration[120/620], entropy: 0.3915, loss: 2.4897, lr: 1.36e-04
     Epoch[23] Iteration[130/620], entropy: 0.4003, loss: 2.5423, lr: 6.18e-05
     Epoch[23] Iteration[140/620], entropy: 0.3624, loss: 2.4870, lr: 5.94e-04
     Epoch[23] Iteration[150/620], entropy: 0.2190, loss: 2.3007, lr: 9.96e-04
     Epoch[23] Iteration[160/620], entropy: 0.2951, loss: 2.4646, lr: 7.13e-04
     Epoch[23] Iteration[170/620], entropy: 0.3826, loss: 2.5467, lr: 1.36e-04
     Epoch[23] Iteration[180/620], entropy: 0.2691, loss: 2.4259, lr: 6.18e-05
     Epoch[23] Iteration[190/620], entropy: 0.3635, loss: 2.5474, lr: 5.94e-04
     Epoch[23] Iteration[200/620], entropy: 0.3258, loss: 2.4323, lr: 9.96e-04
     Epoch[23] Iteration[210/620], entropy: 0.2913, loss: 2.3812, lr: 7.13e-04
     Epoch[23] Iteration[220/620], entropy: 0.3359, loss: 2.5048, lr: 1.36e-04
     Epoch[23] Iteration[230/620], entropy: 0.2651, loss: 2.3661, lr: 6.18e-05
     Epoch[23] Iteration[240/620], entropy: 0.3183, loss: 2.4451, lr: 5.94e-04
     Epoch[23] Iteration[250/620], entropy: 0.2542, loss: 2.3932, lr: 9.96e-04
     Epoch[23] Iteration[260/620], entropy: 0.4187, loss: 2.5621, lr: 7.13e-04
     Epoch[23] Iteration[270/620], entropy: 0.4338, loss: 2.5459, lr: 1.36e-04
     Epoch[23] Iteration[280/620], entropy: 0.4321, loss: 2.5577, lr: 6.18e-05
     Epoch[23] Iteration[290/620], entropy: 0.3117, loss: 2.5019, lr: 5.94e-04
     Epoch[23] Iteration[300/620], entropy: 0.3447, loss: 2.4243, lr: 9.96e-04
     Epoch[23] Iteration[310/620], entropy: 0.2194, loss: 2.3227, lr: 7.13e-04
     Epoch[23] Iteration[320/620], entropy: 0.4008, loss: 2.5310, lr: 1.36e-04
     Epoch[23] Iteration[330/620], entropy: 0.3527, loss: 2.4611, lr: 6.18e-05
     Epoch[23] Iteration[340/620], entropy: 0.4193, loss: 2.5135, lr: 5.94e-04
     Epoch[23] Iteration[350/620], entropy: 0.2435, loss: 2.3421, lr: 9.96e-04
     Epoch[23] Iteration[360/620], entropy: 0.3733, loss: 2.4969, lr: 7.13e-04
     Epoch[23] Iteration[370/620], entropy: 0.2770, loss: 2.4483, lr: 1.36e-04
     Epoch[23] Iteration[380/620], entropy: 0.3625, loss: 2.5246, lr: 6.18e-05
     Epoch[23] Iteration[390/620], entropy: 0.3287, loss: 2.4321, lr: 5.94e-04
     Epoch[23] Iteration[400/620], entropy: 0.2629, loss: 2.3717, lr: 9.96e-04
     Epoch[23] Iteration[410/620], entropy: 0.2741, loss: 2.3544, lr: 7.13e-04
     Epoch[23] Iteration[420/620], entropy: 0.3334, loss: 2.4943, lr: 1.36e-04
     Epoch[23] Iteration[430/620], entropy: 0.2500, loss: 2.3963, lr: 6.18e-05
     Epoch[23] Iteration[440/620], entropy: 0.2363, loss: 2.3642, lr: 5.94e-04
     Epoch[23] Iteration[450/620], entropy: 0.4208, loss: 2.5197, lr: 9.96e-04
     Epoch[23] Iteration[460/620], entropy: 0.3381, loss: 2.4235, lr: 7.13e-04
     Epoch[23] Iteration[470/620], entropy: 0.1993, loss: 2.3620, lr: 1.36e-04
     Epoch[23] Iteration[480/620], entropy: 0.2698, loss: 2.3921, lr: 6.18e-05
     Epoch[23] Iteration[490/620], entropy: 0.2618, loss: 2.3590, lr: 5.94e-04
     Epoch[23] Iteration[500/620], entropy: 0.2781, loss: 2.3778, lr: 9.96e-04
     Epoch[23] Iteration[510/620], entropy: 0.2996, loss: 2.3744, lr: 7.13e-04
     Epoch[23] Iteration[520/620], entropy: 0.2560, loss: 2.3921, lr: 1.36e-04
     Epoch[23] Iteration[530/620], entropy: 0.2960, loss: 2.4178, lr: 6.18e-05
     Epoch[23] Iteration[540/620], entropy: 0.3920, loss: 2.4693, lr: 5.94e-04
     Epoch[23] Iteration[550/620], entropy: 0.4378, loss: 2.5705, lr: 9.96e-04
     Epoch[23] Iteration[560/620], entropy: 0.2036, loss: 2.3529, lr: 7.13e-04
     Epoch[23] Iteration[570/620], entropy: 0.2281, loss: 2.3721, lr: 1.36e-04
     Epoch[23] Iteration[580/620], entropy: 0.2740, loss: 2.4200, lr: 6.18e-05
     Epoch[23] Iteration[590/620], entropy: 0.4242, loss: 2.4643, lr: 5.94e-04
     Epoch[23] Iteration[600/620], entropy: 0.4070, loss: 2.5661, lr: 9.96e-04
     Epoch[23] Iteration[610/620], entropy: 0.3592, loss: 2.4911, lr: 7.13e-04
     Epoch[23] Iteration[620/620], entropy: 0.4427, loss: 2.5532, lr: 1.36e-04
     Averaged stats: entropy: 0.4427, loss: 2.5532, lr: 1.36e-04
     itm tta time 0:01:59
### TTA Eval Score: 
+-------+--------+--------+--------+--------+-------+
| epoch |   R1   |   R5   |  R10   |  mAP   |  mINP |
+-------+--------+--------+--------+--------+-------+
|  -999 | 37.304 | 55.557 | 63.548 | 20.140 | 2.213 |
|   0   | 38.362 | 56.298 | 64.470 | 20.141 | 2.049 |
|   1   | 39.011 | 56.766 | 65.039 | 20.592 | 2.141 |
|   2   | 38.986 | 56.676 | 65.014 | 20.583 | 2.147 |
|   3   | 38.926 | 56.504 | 64.969 | 20.521 | 2.145 |
|   4   | 38.991 | 56.892 | 65.311 | 20.661 | 2.180 |
|   5   | 39.228 | 56.787 | 65.140 | 20.840 | 2.253 |
|   6   | 39.279 | 56.897 | 65.483 | 20.706 | 2.153 |
|   7   | 39.304 | 57.018 | 65.523 | 20.865 | 2.206 |
|   8   | 39.415 | 57.205 | 65.447 | 20.846 | 2.170 |
|   9   | 39.233 | 56.953 | 65.447 | 20.818 | 2.191 |
|   10  | 39.112 | 56.676 | 65.145 | 20.623 | 2.172 |
|   11  | 38.976 | 56.610 | 65.085 | 20.612 | 2.181 |
|   12  | 39.314 | 56.923 | 65.321 | 20.721 | 2.155 |
|   13  | 39.445 | 57.139 | 65.664 | 20.875 | 2.192 |
|   14  | 39.022 | 56.928 | 65.387 | 20.633 | 2.160 |
|   15  | 39.163 | 56.817 | 65.271 | 20.747 | 2.164 |
|   16  | 39.203 | 56.953 | 65.291 | 20.679 | 2.147 |
|   17  | 39.183 | 56.918 | 65.311 | 20.653 | 2.136 |
|   18  | 38.865 | 56.640 | 64.888 | 20.494 | 2.131 |
|   19  | 39.158 | 56.857 | 65.256 | 20.715 | 2.187 |
|   20  | 39.017 | 56.928 | 65.175 | 20.611 | 2.167 |
|   21  | 39.535 | 57.094 | 65.281 | 20.770 | 2.142 |
|   22  | 39.440 | 56.923 | 65.180 | 20.630 | 2.108 |
|   23  | 39.344 | 56.988 | 65.241 | 20.587 | 2.111 |
+-------+--------+--------+--------+--------+-------+
     logs:  {'epo': 23, 'R1': np.float32(39.344), 'R5': np.float32(56.988), 'R10': np.float32(65.241), 'mAP': np.float32(20.587), 'mINP': np.float32(2.111), 'entropy': 0.32649124942479596, 'loss': 2.4503271656651653, 'lr': 0.0004975549247108162}
     Epoch[24] Iteration[10/620], entropy: 0.2956, loss: 2.4994, lr: 6.18e-05
     Epoch[24] Iteration[20/620], entropy: 0.2859, loss: 2.3862, lr: 5.94e-04
     Epoch[24] Iteration[30/620], entropy: 0.3007, loss: 2.4364, lr: 9.96e-04
     Epoch[24] Iteration[40/620], entropy: 0.2630, loss: 2.3468, lr: 7.13e-04
     Epoch[24] Iteration[50/620], entropy: 0.3326, loss: 2.4559, lr: 1.36e-04
     Epoch[24] Iteration[60/620], entropy: 0.3246, loss: 2.4147, lr: 6.18e-05
     Epoch[24] Iteration[70/620], entropy: 0.2630, loss: 2.4543, lr: 5.94e-04
     Epoch[24] Iteration[80/620], entropy: 0.3183, loss: 2.4710, lr: 9.96e-04
     Epoch[24] Iteration[90/620], entropy: 0.2949, loss: 2.4246, lr: 7.13e-04
     Epoch[24] Iteration[100/620], entropy: 0.3502, loss: 2.4675, lr: 1.36e-04
     Epoch[24] Iteration[110/620], entropy: 0.3058, loss: 2.4314, lr: 6.18e-05
     Epoch[24] Iteration[120/620], entropy: 0.3487, loss: 2.4314, lr: 5.94e-04
     Epoch[24] Iteration[130/620], entropy: 0.3933, loss: 2.5374, lr: 9.96e-04
     Epoch[24] Iteration[140/620], entropy: 0.2699, loss: 2.4232, lr: 7.13e-04
     Epoch[24] Iteration[150/620], entropy: 0.3105, loss: 2.5025, lr: 1.36e-04
     Epoch[24] Iteration[160/620], entropy: 0.3324, loss: 2.5374, lr: 6.18e-05
     Epoch[24] Iteration[170/620], entropy: 0.2857, loss: 2.3396, lr: 5.94e-04
     Epoch[24] Iteration[180/620], entropy: 0.3223, loss: 2.3661, lr: 9.96e-04
     Epoch[24] Iteration[190/620], entropy: 0.3636, loss: 2.4511, lr: 7.13e-04
     Epoch[24] Iteration[200/620], entropy: 0.2656, loss: 2.4155, lr: 1.36e-04
     Epoch[24] Iteration[210/620], entropy: 0.3116, loss: 2.4165, lr: 6.18e-05
     Epoch[24] Iteration[220/620], entropy: 0.2917, loss: 2.3748, lr: 5.94e-04
     Epoch[24] Iteration[230/620], entropy: 0.3061, loss: 2.4250, lr: 9.96e-04
     Epoch[24] Iteration[240/620], entropy: 0.3646, loss: 2.4444, lr: 7.13e-04
     Epoch[24] Iteration[250/620], entropy: 0.3563, loss: 2.4997, lr: 1.36e-04
     Epoch[24] Iteration[260/620], entropy: 0.2515, loss: 2.3016, lr: 6.18e-05
     Epoch[24] Iteration[270/620], entropy: 0.3438, loss: 2.4725, lr: 5.94e-04
     Epoch[24] Iteration[280/620], entropy: 0.2388, loss: 2.4231, lr: 9.96e-04
     Epoch[24] Iteration[290/620], entropy: 0.3916, loss: 2.5592, lr: 7.13e-04
     Epoch[24] Iteration[300/620], entropy: 0.3013, loss: 2.4307, lr: 1.36e-04
     Epoch[24] Iteration[310/620], entropy: 0.3371, loss: 2.5147, lr: 6.18e-05
     Epoch[24] Iteration[320/620], entropy: 0.2448, loss: 2.3718, lr: 5.94e-04
     Epoch[24] Iteration[330/620], entropy: 0.3330, loss: 2.3919, lr: 9.96e-04
     Epoch[24] Iteration[340/620], entropy: 0.3829, loss: 2.5557, lr: 7.13e-04
     Epoch[24] Iteration[350/620], entropy: 0.2851, loss: 2.4723, lr: 1.36e-04
     Epoch[24] Iteration[360/620], entropy: 0.3537, loss: 2.5323, lr: 6.18e-05
     Epoch[24] Iteration[370/620], entropy: 0.3866, loss: 2.4970, lr: 5.94e-04
     Epoch[24] Iteration[380/620], entropy: 0.3426, loss: 2.4875, lr: 9.96e-04
     Epoch[24] Iteration[390/620], entropy: 0.2053, loss: 2.3648, lr: 7.13e-04
     Epoch[24] Iteration[400/620], entropy: 0.3914, loss: 2.5658, lr: 1.36e-04
     Epoch[24] Iteration[410/620], entropy: 0.2691, loss: 2.3891, lr: 6.18e-05
     Epoch[24] Iteration[420/620], entropy: 0.2315, loss: 2.3357, lr: 5.94e-04
     Epoch[24] Iteration[430/620], entropy: 0.3616, loss: 2.5165, lr: 9.96e-04
     Epoch[24] Iteration[440/620], entropy: 0.3639, loss: 2.4591, lr: 7.13e-04
     Epoch[24] Iteration[450/620], entropy: 0.3601, loss: 2.4823, lr: 1.36e-04
     Epoch[24] Iteration[460/620], entropy: 0.2950, loss: 2.4391, lr: 6.18e-05
     Epoch[24] Iteration[470/620], entropy: 0.3719, loss: 2.4735, lr: 5.94e-04
     Epoch[24] Iteration[480/620], entropy: 0.3031, loss: 2.3961, lr: 9.96e-04
     Epoch[24] Iteration[490/620], entropy: 0.4304, loss: 2.5606, lr: 7.13e-04
     Epoch[24] Iteration[500/620], entropy: 0.1477, loss: 2.1651, lr: 1.36e-04
     Epoch[24] Iteration[510/620], entropy: 0.3355, loss: 2.4620, lr: 6.18e-05
     Epoch[24] Iteration[520/620], entropy: 0.1946, loss: 2.2876, lr: 5.94e-04
     Epoch[24] Iteration[530/620], entropy: 0.4110, loss: 2.5075, lr: 9.96e-04
     Epoch[24] Iteration[540/620], entropy: 0.3449, loss: 2.4529, lr: 7.13e-04
     Epoch[24] Iteration[550/620], entropy: 0.2819, loss: 2.4308, lr: 1.36e-04
     Epoch[24] Iteration[560/620], entropy: 0.2984, loss: 2.5207, lr: 6.18e-05
     Epoch[24] Iteration[570/620], entropy: 0.3835, loss: 2.5151, lr: 5.94e-04
     Epoch[24] Iteration[580/620], entropy: 0.2467, loss: 2.3820, lr: 9.96e-04
     Epoch[24] Iteration[590/620], entropy: 0.3170, loss: 2.4423, lr: 7.13e-04
     Epoch[24] Iteration[600/620], entropy: 0.3461, loss: 2.4527, lr: 1.36e-04
     Epoch[24] Iteration[610/620], entropy: 0.4401, loss: 2.4903, lr: 6.18e-05
     Epoch[24] Iteration[620/620], entropy: 0.3413, loss: 2.4526, lr: 5.94e-04
     Averaged stats: entropy: 0.3413, loss: 2.4526, lr: 5.94e-04
     itm tta time 0:02:02
### TTA Eval Score: 
+-------+--------+--------+--------+--------+-------+
| epoch |   R1   |   R5   |  R10   |  mAP   |  mINP |
+-------+--------+--------+--------+--------+-------+
|  -999 | 37.304 | 55.557 | 63.548 | 20.140 | 2.213 |
|   0   | 38.362 | 56.298 | 64.470 | 20.141 | 2.049 |
|   1   | 39.011 | 56.766 | 65.039 | 20.592 | 2.141 |
|   2   | 38.986 | 56.676 | 65.014 | 20.583 | 2.147 |
|   3   | 38.926 | 56.504 | 64.969 | 20.521 | 2.145 |
|   4   | 38.991 | 56.892 | 65.311 | 20.661 | 2.180 |
|   5   | 39.228 | 56.787 | 65.140 | 20.840 | 2.253 |
|   6   | 39.279 | 56.897 | 65.483 | 20.706 | 2.153 |
|   7   | 39.304 | 57.018 | 65.523 | 20.865 | 2.206 |
|   8   | 39.415 | 57.205 | 65.447 | 20.846 | 2.170 |
|   9   | 39.233 | 56.953 | 65.447 | 20.818 | 2.191 |
|   10  | 39.112 | 56.676 | 65.145 | 20.623 | 2.172 |
|   11  | 38.976 | 56.610 | 65.085 | 20.612 | 2.181 |
|   12  | 39.314 | 56.923 | 65.321 | 20.721 | 2.155 |
|   13  | 39.445 | 57.139 | 65.664 | 20.875 | 2.192 |
|   14  | 39.022 | 56.928 | 65.387 | 20.633 | 2.160 |
|   15  | 39.163 | 56.817 | 65.271 | 20.747 | 2.164 |
|   16  | 39.203 | 56.953 | 65.291 | 20.679 | 2.147 |
|   17  | 39.183 | 56.918 | 65.311 | 20.653 | 2.136 |
|   18  | 38.865 | 56.640 | 64.888 | 20.494 | 2.131 |
|   19  | 39.158 | 56.857 | 65.256 | 20.715 | 2.187 |
|   20  | 39.017 | 56.928 | 65.175 | 20.611 | 2.167 |
|   21  | 39.535 | 57.094 | 65.281 | 20.770 | 2.142 |
|   22  | 39.440 | 56.923 | 65.180 | 20.630 | 2.108 |
|   23  | 39.344 | 56.988 | 65.241 | 20.587 | 2.111 |
|   24  | 39.450 | 57.124 | 65.311 | 20.616 | 2.094 |
+-------+--------+--------+--------+--------+-------+
     logs:  {'epo': 24, 'R1': np.float32(39.45), 'R5': np.float32(57.124), 'R10': np.float32(65.311), 'mAP': np.float32(20.616), 'mINP': np.float32(2.094), 'entropy': 0.31809316912005026, 'loss': 2.4436684693059614, 'lr': 0.0004944441502785408}
     Epoch[25] Iteration[10/620], entropy: 0.3692, loss: 2.3864, lr: 9.96e-04
     Epoch[25] Iteration[20/620], entropy: 0.3080, loss: 2.4408, lr: 7.13e-04
     Epoch[25] Iteration[30/620], entropy: 0.2450, loss: 2.4276, lr: 1.36e-04
     Epoch[25] Iteration[40/620], entropy: 0.3542, loss: 2.4420, lr: 6.18e-05
     Epoch[25] Iteration[50/620], entropy: 0.3135, loss: 2.4365, lr: 5.94e-04
     Epoch[25] Iteration[60/620], entropy: 0.3586, loss: 2.4987, lr: 9.96e-04
     Epoch[25] Iteration[70/620], entropy: 0.3292, loss: 2.4355, lr: 7.13e-04
     Epoch[25] Iteration[80/620], entropy: 0.4097, loss: 2.5554, lr: 1.36e-04
     Epoch[25] Iteration[90/620], entropy: 0.3983, loss: 2.5375, lr: 6.18e-05
     Epoch[25] Iteration[100/620], entropy: 0.2689, loss: 2.4035, lr: 5.94e-04
     Epoch[25] Iteration[110/620], entropy: 0.3009, loss: 2.4787, lr: 9.96e-04
     Epoch[25] Iteration[120/620], entropy: 0.4206, loss: 2.5531, lr: 7.13e-04
     Epoch[25] Iteration[130/620], entropy: 0.3862, loss: 2.5526, lr: 1.36e-04
     Epoch[25] Iteration[140/620], entropy: 0.4093, loss: 2.5530, lr: 6.18e-05
     Epoch[25] Iteration[150/620], entropy: 0.3267, loss: 2.5007, lr: 5.94e-04
     Epoch[25] Iteration[160/620], entropy: 0.4829, loss: 2.5556, lr: 9.96e-04
     Epoch[25] Iteration[170/620], entropy: 0.2369, loss: 2.4192, lr: 7.13e-04
     Epoch[25] Iteration[180/620], entropy: 0.2796, loss: 2.4371, lr: 1.36e-04
     Epoch[25] Iteration[190/620], entropy: 0.2972, loss: 2.3965, lr: 6.18e-05
     Epoch[25] Iteration[200/620], entropy: 0.3446, loss: 2.3800, lr: 5.94e-04
     Epoch[25] Iteration[210/620], entropy: 0.3902, loss: 2.4871, lr: 9.96e-04
     Epoch[25] Iteration[220/620], entropy: 0.3978, loss: 2.4889, lr: 7.13e-04
     Epoch[25] Iteration[230/620], entropy: 0.2567, loss: 2.4095, lr: 1.36e-04
     Epoch[25] Iteration[240/620], entropy: 0.4461, loss: 2.5682, lr: 6.18e-05
     Epoch[25] Iteration[250/620], entropy: 0.4351, loss: 2.5613, lr: 5.94e-04
     Epoch[25] Iteration[260/620], entropy: 0.3223, loss: 2.4240, lr: 9.96e-04
     Epoch[25] Iteration[270/620], entropy: 0.2243, loss: 2.3690, lr: 7.13e-04
     Epoch[25] Iteration[280/620], entropy: 0.2986, loss: 2.4604, lr: 1.36e-04
     Epoch[25] Iteration[290/620], entropy: 0.4889, loss: 2.5673, lr: 6.18e-05
     Epoch[25] Iteration[300/620], entropy: 0.3313, loss: 2.4122, lr: 5.94e-04
     Epoch[25] Iteration[310/620], entropy: 0.3541, loss: 2.5675, lr: 9.96e-04
     Epoch[25] Iteration[320/620], entropy: 0.3811, loss: 2.4617, lr: 7.13e-04
     Epoch[25] Iteration[330/620], entropy: 0.2520, loss: 2.4434, lr: 1.36e-04
     Epoch[25] Iteration[340/620], entropy: 0.3384, loss: 2.4810, lr: 6.18e-05
     Epoch[25] Iteration[350/620], entropy: 0.2831, loss: 2.4582, lr: 5.94e-04
     Epoch[25] Iteration[360/620], entropy: 0.3281, loss: 2.4826, lr: 9.96e-04
     Epoch[25] Iteration[370/620], entropy: 0.3112, loss: 2.4691, lr: 7.13e-04
     Epoch[25] Iteration[380/620], entropy: 0.2653, loss: 2.4127, lr: 1.36e-04
     Epoch[25] Iteration[390/620], entropy: 0.3452, loss: 2.4518, lr: 6.18e-05
     Epoch[25] Iteration[400/620], entropy: 0.2628, loss: 2.4343, lr: 5.94e-04
     Epoch[25] Iteration[410/620], entropy: 0.2861, loss: 2.4468, lr: 9.96e-04
     Epoch[25] Iteration[420/620], entropy: 0.3262, loss: 2.4679, lr: 7.13e-04
     Epoch[25] Iteration[430/620], entropy: 0.3254, loss: 2.3534, lr: 1.36e-04
     Epoch[25] Iteration[440/620], entropy: 0.3067, loss: 2.4756, lr: 6.18e-05
     Epoch[25] Iteration[450/620], entropy: 0.2983, loss: 2.4594, lr: 5.94e-04
     Epoch[25] Iteration[460/620], entropy: 0.3688, loss: 2.5168, lr: 9.96e-04
     Epoch[25] Iteration[470/620], entropy: 0.3784, loss: 2.4474, lr: 7.13e-04
     Epoch[25] Iteration[480/620], entropy: 0.2106, loss: 2.3700, lr: 1.36e-04
     Epoch[25] Iteration[490/620], entropy: 0.2751, loss: 2.4257, lr: 6.18e-05
     Epoch[25] Iteration[500/620], entropy: 0.3725, loss: 2.4727, lr: 5.94e-04
     Epoch[25] Iteration[510/620], entropy: 0.2977, loss: 2.4331, lr: 9.96e-04
     Epoch[25] Iteration[520/620], entropy: 0.2963, loss: 2.4428, lr: 7.13e-04
     Epoch[25] Iteration[530/620], entropy: 0.3037, loss: 2.3874, lr: 1.81e-04
     Epoch[25] Iteration[540/620], entropy: 0.4861, loss: 2.5696, lr: 3.51e-05
     Epoch[25] Iteration[550/620], entropy: 0.3185, loss: 2.4270, lr: 5.31e-04
     Epoch[25] Iteration[560/620], entropy: 0.4252, loss: 2.5689, lr: 9.84e-04
     Epoch[25] Iteration[570/620], entropy: 0.3333, loss: 2.5046, lr: 7.68e-04
     Epoch[25] Iteration[580/620], entropy: 0.2150, loss: 2.3595, lr: 1.81e-04
     Epoch[25] Iteration[590/620], entropy: 0.3432, loss: 2.4244, lr: 3.51e-05
     Epoch[25] Iteration[600/620], entropy: 0.3898, loss: 2.5315, lr: 5.31e-04
     Epoch[25] Iteration[610/620], entropy: 0.2752, loss: 2.4832, lr: 9.84e-04
     Epoch[25] Iteration[620/620], entropy: 0.3505, loss: 2.4660, lr: 7.68e-04
     Averaged stats: entropy: 0.3505, loss: 2.4660, lr: 7.68e-04
     itm tta time 0:02:06
### TTA Eval Score: 
+-------+--------+--------+--------+--------+-------+
| epoch |   R1   |   R5   |  R10   |  mAP   |  mINP |
+-------+--------+--------+--------+--------+-------+
|  -999 | 37.304 | 55.557 | 63.548 | 20.140 | 2.213 |
|   0   | 38.362 | 56.298 | 64.470 | 20.141 | 2.049 |
|   1   | 39.011 | 56.766 | 65.039 | 20.592 | 2.141 |
|   2   | 38.986 | 56.676 | 65.014 | 20.583 | 2.147 |
|   3   | 38.926 | 56.504 | 64.969 | 20.521 | 2.145 |
|   4   | 38.991 | 56.892 | 65.311 | 20.661 | 2.180 |
|   5   | 39.228 | 56.787 | 65.140 | 20.840 | 2.253 |
|   6   | 39.279 | 56.897 | 65.483 | 20.706 | 2.153 |
|   7   | 39.304 | 57.018 | 65.523 | 20.865 | 2.206 |
|   8   | 39.415 | 57.205 | 65.447 | 20.846 | 2.170 |
|   9   | 39.233 | 56.953 | 65.447 | 20.818 | 2.191 |
|   10  | 39.112 | 56.676 | 65.145 | 20.623 | 2.172 |
|   11  | 38.976 | 56.610 | 65.085 | 20.612 | 2.181 |
|   12  | 39.314 | 56.923 | 65.321 | 20.721 | 2.155 |
|   13  | 39.445 | 57.139 | 65.664 | 20.875 | 2.192 |
|   14  | 39.022 | 56.928 | 65.387 | 20.633 | 2.160 |
|   15  | 39.163 | 56.817 | 65.271 | 20.747 | 2.164 |
|   16  | 39.203 | 56.953 | 65.291 | 20.679 | 2.147 |
|   17  | 39.183 | 56.918 | 65.311 | 20.653 | 2.136 |
|   18  | 38.865 | 56.640 | 64.888 | 20.494 | 2.131 |
|   19  | 39.158 | 56.857 | 65.256 | 20.715 | 2.187 |
|   20  | 39.017 | 56.928 | 65.175 | 20.611 | 2.167 |
|   21  | 39.535 | 57.094 | 65.281 | 20.770 | 2.142 |
|   22  | 39.440 | 56.923 | 65.180 | 20.630 | 2.108 |
|   23  | 39.344 | 56.988 | 65.241 | 20.587 | 2.111 |
|   24  | 39.450 | 57.124 | 65.311 | 20.616 | 2.094 |
|   25  | 39.163 | 56.867 | 65.286 | 20.578 | 2.119 |
+-------+--------+--------+--------+--------+-------+
     logs:  {'epo': 25, 'R1': np.float32(39.163), 'R5': np.float32(56.867), 'R10': np.float32(65.286), 'mAP': np.float32(20.578), 'mINP': np.float32(2.119), 'entropy': 0.3344262934500171, 'loss': 2.4650737777833016, 'lr': 0.0005114346289748114}
     Epoch[26] Iteration[10/620], entropy: 0.3103, loss: 2.4387, lr: 1.81e-04
     Epoch[26] Iteration[20/620], entropy: 0.2925, loss: 2.4130, lr: 3.51e-05
     Epoch[26] Iteration[30/620], entropy: 0.2008, loss: 2.3269, lr: 5.31e-04
     Epoch[26] Iteration[40/620], entropy: 0.3330, loss: 2.4571, lr: 9.84e-04
     Epoch[26] Iteration[50/620], entropy: 0.3174, loss: 2.3972, lr: 7.68e-04
     Epoch[26] Iteration[60/620], entropy: 0.2442, loss: 2.3872, lr: 1.81e-04
     Epoch[26] Iteration[70/620], entropy: 0.2648, loss: 2.4450, lr: 3.51e-05
     Epoch[26] Iteration[80/620], entropy: 0.3078, loss: 2.4442, lr: 5.31e-04
     Epoch[26] Iteration[90/620], entropy: 0.3034, loss: 2.4760, lr: 9.84e-04
     Epoch[26] Iteration[100/620], entropy: 0.3352, loss: 2.4473, lr: 7.68e-04
     Epoch[26] Iteration[110/620], entropy: 0.3489, loss: 2.4793, lr: 1.81e-04
     Epoch[26] Iteration[120/620], entropy: 0.3250, loss: 2.4149, lr: 3.51e-05
     Epoch[26] Iteration[130/620], entropy: 0.2605, loss: 2.4005, lr: 5.31e-04
     Epoch[26] Iteration[140/620], entropy: 0.2929, loss: 2.3998, lr: 9.84e-04
     Epoch[26] Iteration[150/620], entropy: 0.3541, loss: 2.4253, lr: 7.68e-04
     Epoch[26] Iteration[160/620], entropy: 0.3954, loss: 2.4445, lr: 1.81e-04
     Epoch[26] Iteration[170/620], entropy: 0.3411, loss: 2.4836, lr: 3.51e-05
     Epoch[26] Iteration[180/620], entropy: 0.2666, loss: 2.4166, lr: 5.31e-04
     Epoch[26] Iteration[190/620], entropy: 0.2926, loss: 2.4156, lr: 9.84e-04
     Epoch[26] Iteration[200/620], entropy: 0.3698, loss: 2.4902, lr: 7.68e-04
     Epoch[26] Iteration[210/620], entropy: 0.4107, loss: 2.4594, lr: 1.81e-04
     Epoch[26] Iteration[220/620], entropy: 0.4367, loss: 2.5528, lr: 3.51e-05
     Epoch[26] Iteration[230/620], entropy: 0.2912, loss: 2.4560, lr: 5.31e-04
     Epoch[26] Iteration[240/620], entropy: 0.3583, loss: 2.4577, lr: 9.84e-04
     Epoch[26] Iteration[250/620], entropy: 0.4756, loss: 2.5715, lr: 7.68e-04
     Epoch[26] Iteration[260/620], entropy: 0.3753, loss: 2.5488, lr: 1.81e-04
     Epoch[26] Iteration[270/620], entropy: 0.4131, loss: 2.5242, lr: 3.51e-05
     Epoch[26] Iteration[280/620], entropy: 0.3644, loss: 2.5015, lr: 5.31e-04
     Epoch[26] Iteration[290/620], entropy: 0.3741, loss: 2.5407, lr: 9.84e-04
     Epoch[26] Iteration[300/620], entropy: 0.3623, loss: 2.4812, lr: 7.68e-04
     Epoch[26] Iteration[310/620], entropy: 0.2301, loss: 2.4049, lr: 1.81e-04
     Epoch[26] Iteration[320/620], entropy: 0.3975, loss: 2.5102, lr: 3.51e-05
     Epoch[26] Iteration[330/620], entropy: 0.3967, loss: 2.4807, lr: 5.31e-04
     Epoch[26] Iteration[340/620], entropy: 0.2673, loss: 2.4364, lr: 9.84e-04
     Epoch[26] Iteration[350/620], entropy: 0.2292, loss: 2.3859, lr: 7.68e-04
     Epoch[26] Iteration[360/620], entropy: 0.2896, loss: 2.4061, lr: 1.81e-04
     Epoch[26] Iteration[370/620], entropy: 0.2704, loss: 2.3074, lr: 3.51e-05
     Epoch[26] Iteration[380/620], entropy: 0.3279, loss: 2.4530, lr: 5.31e-04
     Epoch[26] Iteration[390/620], entropy: 0.2483, loss: 2.3625, lr: 9.84e-04
     Epoch[26] Iteration[400/620], entropy: 0.3397, loss: 2.4849, lr: 7.68e-04
     Epoch[26] Iteration[410/620], entropy: 0.2982, loss: 2.4447, lr: 1.81e-04
     Epoch[26] Iteration[420/620], entropy: 0.3191, loss: 2.3870, lr: 3.51e-05
     Epoch[26] Iteration[430/620], entropy: 0.3624, loss: 2.4191, lr: 5.31e-04
     Epoch[26] Iteration[440/620], entropy: 0.3639, loss: 2.4721, lr: 9.84e-04
     Epoch[26] Iteration[450/620], entropy: 0.3530, loss: 2.4194, lr: 7.68e-04
     Epoch[26] Iteration[460/620], entropy: 0.2680, loss: 2.4283, lr: 1.81e-04
     Epoch[26] Iteration[470/620], entropy: 0.3110, loss: 2.3639, lr: 3.51e-05
     Epoch[26] Iteration[480/620], entropy: 0.3352, loss: 2.4920, lr: 5.31e-04
     Epoch[26] Iteration[490/620], entropy: 0.3161, loss: 2.4489, lr: 9.84e-04
     Epoch[26] Iteration[500/620], entropy: 0.3208, loss: 2.4476, lr: 7.68e-04
     Epoch[26] Iteration[510/620], entropy: 0.3783, loss: 2.4728, lr: 1.81e-04
     Epoch[26] Iteration[520/620], entropy: 0.3852, loss: 2.5443, lr: 3.51e-05
     Epoch[26] Iteration[530/620], entropy: 0.3769, loss: 2.5112, lr: 5.31e-04
     Epoch[26] Iteration[540/620], entropy: 0.3039, loss: 2.4274, lr: 9.84e-04
     Epoch[26] Iteration[550/620], entropy: 0.3598, loss: 2.5341, lr: 7.68e-04
     Epoch[26] Iteration[560/620], entropy: 0.2760, loss: 2.4199, lr: 1.81e-04
     Epoch[26] Iteration[570/620], entropy: 0.3026, loss: 2.4436, lr: 3.51e-05
     Epoch[26] Iteration[580/620], entropy: 0.3246, loss: 2.4481, lr: 5.31e-04
     Epoch[26] Iteration[590/620], entropy: 0.2208, loss: 2.3049, lr: 9.84e-04
     Epoch[26] Iteration[600/620], entropy: 0.2068, loss: 2.3793, lr: 7.68e-04
     Epoch[26] Iteration[610/620], entropy: 0.4549, loss: 2.5463, lr: 1.81e-04
     Epoch[26] Iteration[620/620], entropy: 0.3427, loss: 2.5388, lr: 3.51e-05
     Averaged stats: entropy: 0.3427, loss: 2.5388, lr: 3.51e-05
     itm tta time 0:02:02
### TTA Eval Score: 
+-------+--------+--------+--------+--------+-------+
| epoch |   R1   |   R5   |  R10   |  mAP   |  mINP |
+-------+--------+--------+--------+--------+-------+
|  -999 | 37.304 | 55.557 | 63.548 | 20.140 | 2.213 |
|   0   | 38.362 | 56.298 | 64.470 | 20.141 | 2.049 |
|   1   | 39.011 | 56.766 | 65.039 | 20.592 | 2.141 |
|   2   | 38.986 | 56.676 | 65.014 | 20.583 | 2.147 |
|   3   | 38.926 | 56.504 | 64.969 | 20.521 | 2.145 |
|   4   | 38.991 | 56.892 | 65.311 | 20.661 | 2.180 |
|   5   | 39.228 | 56.787 | 65.140 | 20.840 | 2.253 |
|   6   | 39.279 | 56.897 | 65.483 | 20.706 | 2.153 |
|   7   | 39.304 | 57.018 | 65.523 | 20.865 | 2.206 |
|   8   | 39.415 | 57.205 | 65.447 | 20.846 | 2.170 |
|   9   | 39.233 | 56.953 | 65.447 | 20.818 | 2.191 |
|   10  | 39.112 | 56.676 | 65.145 | 20.623 | 2.172 |
|   11  | 38.976 | 56.610 | 65.085 | 20.612 | 2.181 |
|   12  | 39.314 | 56.923 | 65.321 | 20.721 | 2.155 |
|   13  | 39.445 | 57.139 | 65.664 | 20.875 | 2.192 |
|   14  | 39.022 | 56.928 | 65.387 | 20.633 | 2.160 |
|   15  | 39.163 | 56.817 | 65.271 | 20.747 | 2.164 |
|   16  | 39.203 | 56.953 | 65.291 | 20.679 | 2.147 |
|   17  | 39.183 | 56.918 | 65.311 | 20.653 | 2.136 |
|   18  | 38.865 | 56.640 | 64.888 | 20.494 | 2.131 |
|   19  | 39.158 | 56.857 | 65.256 | 20.715 | 2.187 |
|   20  | 39.017 | 56.928 | 65.175 | 20.611 | 2.167 |
|   21  | 39.535 | 57.094 | 65.281 | 20.770 | 2.142 |
|   22  | 39.440 | 56.923 | 65.180 | 20.630 | 2.108 |
|   23  | 39.344 | 56.988 | 65.241 | 20.587 | 2.111 |
|   24  | 39.450 | 57.124 | 65.311 | 20.616 | 2.094 |
|   25  | 39.163 | 56.867 | 65.286 | 20.578 | 2.119 |
|   26  | 39.425 | 57.225 | 65.150 | 20.587 | 2.085 |
+-------+--------+--------+--------+--------+-------+
     logs:  {'epo': 26, 'R1': np.float32(39.425), 'R5': np.float32(57.225), 'R10': np.float32(65.15), 'mAP': np.float32(20.587), 'mINP': np.float32(2.085), 'entropy': 0.3257211158352514, 'loss': 2.448754145253089, 'lr': 0.00048736128648676645}
     Epoch[27] Iteration[10/620], entropy: 0.2742, loss: 2.4491, lr: 5.31e-04
     Epoch[27] Iteration[20/620], entropy: 0.3846, loss: 2.5051, lr: 9.84e-04
     Epoch[27] Iteration[30/620], entropy: 0.3688, loss: 2.4593, lr: 7.68e-04
     Epoch[27] Iteration[40/620], entropy: 0.3136, loss: 2.4225, lr: 1.81e-04
     Epoch[27] Iteration[50/620], entropy: 0.3326, loss: 2.5027, lr: 3.51e-05
     Epoch[27] Iteration[60/620], entropy: 0.3487, loss: 2.4824, lr: 5.31e-04
     Epoch[27] Iteration[70/620], entropy: 0.3709, loss: 2.4909, lr: 9.84e-04
     Epoch[27] Iteration[80/620], entropy: 0.3472, loss: 2.4666, lr: 7.68e-04
     Epoch[27] Iteration[90/620], entropy: 0.2423, loss: 2.3972, lr: 1.81e-04
     Epoch[27] Iteration[100/620], entropy: 0.4224, loss: 2.4826, lr: 3.51e-05
     Epoch[27] Iteration[110/620], entropy: 0.2459, loss: 2.3510, lr: 5.31e-04
     Epoch[27] Iteration[120/620], entropy: 0.2374, loss: 2.4300, lr: 9.84e-04
     Epoch[27] Iteration[130/620], entropy: 0.3069, loss: 2.4135, lr: 7.68e-04
     Epoch[27] Iteration[140/620], entropy: 0.3104, loss: 2.4001, lr: 1.81e-04
     Epoch[27] Iteration[150/620], entropy: 0.2799, loss: 2.3480, lr: 3.51e-05
     Epoch[27] Iteration[160/620], entropy: 0.3139, loss: 2.4238, lr: 5.31e-04
     Epoch[27] Iteration[170/620], entropy: 0.4996, loss: 2.5927, lr: 9.84e-04
     Epoch[27] Iteration[180/620], entropy: 0.2907, loss: 2.4444, lr: 7.68e-04
     Epoch[27] Iteration[190/620], entropy: 0.2551, loss: 2.4048, lr: 1.81e-04
     Epoch[27] Iteration[200/620], entropy: 0.4796, loss: 2.5992, lr: 3.51e-05
     Epoch[27] Iteration[210/620], entropy: 0.2621, loss: 2.3893, lr: 5.31e-04
     Epoch[27] Iteration[220/620], entropy: 0.3402, loss: 2.5149, lr: 9.84e-04
     Epoch[27] Iteration[230/620], entropy: 0.2962, loss: 2.4104, lr: 7.68e-04
     Epoch[27] Iteration[240/620], entropy: 0.3614, loss: 2.4492, lr: 1.81e-04
     Epoch[27] Iteration[250/620], entropy: 0.2729, loss: 2.3913, lr: 3.51e-05
     Epoch[27] Iteration[260/620], entropy: 0.3773, loss: 2.5412, lr: 5.31e-04
     Epoch[27] Iteration[270/620], entropy: 0.2512, loss: 2.3951, lr: 9.84e-04
     Epoch[27] Iteration[280/620], entropy: 0.3235, loss: 2.4141, lr: 7.68e-04
     Epoch[27] Iteration[290/620], entropy: 0.2958, loss: 2.4590, lr: 1.81e-04
     Epoch[27] Iteration[300/620], entropy: 0.3993, loss: 2.5057, lr: 3.51e-05
     Epoch[27] Iteration[310/620], entropy: 0.3565, loss: 2.4888, lr: 5.31e-04
     Epoch[27] Iteration[320/620], entropy: 0.3193, loss: 2.4651, lr: 9.84e-04
     Epoch[27] Iteration[330/620], entropy: 0.2843, loss: 2.4207, lr: 7.68e-04
     Epoch[27] Iteration[340/620], entropy: 0.3790, loss: 2.4072, lr: 1.81e-04
     Epoch[27] Iteration[350/620], entropy: 0.3816, loss: 2.4969, lr: 3.51e-05
     Epoch[27] Iteration[360/620], entropy: 0.3563, loss: 2.5112, lr: 5.31e-04
     Epoch[27] Iteration[370/620], entropy: 0.4265, loss: 2.6125, lr: 9.84e-04
     Epoch[27] Iteration[380/620], entropy: 0.3694, loss: 2.4797, lr: 7.68e-04
     Epoch[27] Iteration[390/620], entropy: 0.3245, loss: 2.3744, lr: 1.81e-04
     Epoch[27] Iteration[400/620], entropy: 0.2917, loss: 2.4495, lr: 3.51e-05
     Epoch[27] Iteration[410/620], entropy: 0.5044, loss: 2.5975, lr: 5.31e-04
     Epoch[27] Iteration[420/620], entropy: 0.3945, loss: 2.5473, lr: 9.84e-04
     Epoch[27] Iteration[430/620], entropy: 0.4014, loss: 2.4595, lr: 7.68e-04
     Epoch[27] Iteration[440/620], entropy: 0.3300, loss: 2.4441, lr: 1.81e-04
     Epoch[27] Iteration[450/620], entropy: 0.3105, loss: 2.4470, lr: 3.51e-05
     Epoch[27] Iteration[460/620], entropy: 0.3850, loss: 2.5137, lr: 5.31e-04
     Epoch[27] Iteration[470/620], entropy: 0.3771, loss: 2.4526, lr: 9.84e-04
     Epoch[27] Iteration[480/620], entropy: 0.3360, loss: 2.4065, lr: 7.68e-04
     Epoch[27] Iteration[490/620], entropy: 0.4186, loss: 2.4766, lr: 1.81e-04
     Epoch[27] Iteration[500/620], entropy: 0.2890, loss: 2.3622, lr: 3.51e-05
     Epoch[27] Iteration[510/620], entropy: 0.3586, loss: 2.4527, lr: 5.31e-04
     Epoch[27] Iteration[520/620], entropy: 0.3997, loss: 2.5797, lr: 9.84e-04
     Epoch[27] Iteration[530/620], entropy: 0.3391, loss: 2.4308, lr: 7.68e-04
     Epoch[27] Iteration[540/620], entropy: 0.3185, loss: 2.4530, lr: 1.81e-04
     Epoch[27] Iteration[550/620], entropy: 0.3725, loss: 2.4816, lr: 3.51e-05
     Epoch[27] Iteration[560/620], entropy: 0.2567, loss: 2.3334, lr: 5.31e-04
     Epoch[27] Iteration[570/620], entropy: 0.3442, loss: 2.5007, lr: 9.84e-04
     Epoch[27] Iteration[580/620], entropy: 0.3141, loss: 2.4529, lr: 7.68e-04
     Epoch[27] Iteration[590/620], entropy: 0.3548, loss: 2.4737, lr: 1.81e-04
     Epoch[27] Iteration[600/620], entropy: 0.3369, loss: 2.3413, lr: 3.51e-05
     Epoch[27] Iteration[610/620], entropy: 0.3190, loss: 2.4492, lr: 5.31e-04
     Epoch[27] Iteration[620/620], entropy: 0.3510, loss: 2.3890, lr: 9.84e-04
     Averaged stats: entropy: 0.3510, loss: 2.3890, lr: 9.84e-04
     itm tta time 0:02:02
### TTA Eval Score: 
+-------+--------+--------+--------+--------+-------+
| epoch |   R1   |   R5   |  R10   |  mAP   |  mINP |
+-------+--------+--------+--------+--------+-------+
|  -999 | 37.304 | 55.557 | 63.548 | 20.140 | 2.213 |
|   0   | 38.362 | 56.298 | 64.470 | 20.141 | 2.049 |
|   1   | 39.011 | 56.766 | 65.039 | 20.592 | 2.141 |
|   2   | 38.986 | 56.676 | 65.014 | 20.583 | 2.147 |
|   3   | 38.926 | 56.504 | 64.969 | 20.521 | 2.145 |
|   4   | 38.991 | 56.892 | 65.311 | 20.661 | 2.180 |
|   5   | 39.228 | 56.787 | 65.140 | 20.840 | 2.253 |
|   6   | 39.279 | 56.897 | 65.483 | 20.706 | 2.153 |
|   7   | 39.304 | 57.018 | 65.523 | 20.865 | 2.206 |
|   8   | 39.415 | 57.205 | 65.447 | 20.846 | 2.170 |
|   9   | 39.233 | 56.953 | 65.447 | 20.818 | 2.191 |
|   10  | 39.112 | 56.676 | 65.145 | 20.623 | 2.172 |
|   11  | 38.976 | 56.610 | 65.085 | 20.612 | 2.181 |
|   12  | 39.314 | 56.923 | 65.321 | 20.721 | 2.155 |
|   13  | 39.445 | 57.139 | 65.664 | 20.875 | 2.192 |
|   14  | 39.022 | 56.928 | 65.387 | 20.633 | 2.160 |
|   15  | 39.163 | 56.817 | 65.271 | 20.747 | 2.164 |
|   16  | 39.203 | 56.953 | 65.291 | 20.679 | 2.147 |
|   17  | 39.183 | 56.918 | 65.311 | 20.653 | 2.136 |
|   18  | 38.865 | 56.640 | 64.888 | 20.494 | 2.131 |
|   19  | 39.158 | 56.857 | 65.256 | 20.715 | 2.187 |
|   20  | 39.017 | 56.928 | 65.175 | 20.611 | 2.167 |
|   21  | 39.535 | 57.094 | 65.281 | 20.770 | 2.142 |
|   22  | 39.440 | 56.923 | 65.180 | 20.630 | 2.108 |
|   23  | 39.344 | 56.988 | 65.241 | 20.587 | 2.111 |
|   24  | 39.450 | 57.124 | 65.311 | 20.616 | 2.094 |
|   25  | 39.163 | 56.867 | 65.286 | 20.578 | 2.119 |
|   26  | 39.425 | 57.225 | 65.150 | 20.587 | 2.085 |
|   27  | 39.233 | 57.044 | 65.090 | 20.434 | 2.070 |
+-------+--------+--------+--------+--------+-------+
     logs:  {'epo': 27, 'R1': np.float32(39.233), 'R5': np.float32(57.044), 'R10': np.float32(65.09), 'mAP': np.float32(20.434), 'mINP': np.float32(2.07), 'entropy': 0.3404134771516246, 'loss': 2.4562379890872585, 'lr': 0.0005083175296826983}
     Epoch[28] Iteration[10/620], entropy: 0.4011, loss: 2.5631, lr: 7.68e-04
     Epoch[28] Iteration[20/620], entropy: 0.2989, loss: 2.4176, lr: 1.81e-04
     Epoch[28] Iteration[30/620], entropy: 0.4435, loss: 2.6147, lr: 3.51e-05
     Epoch[28] Iteration[40/620], entropy: 0.2511, loss: 2.3475, lr: 5.31e-04
     Epoch[28] Iteration[50/620], entropy: 0.3942, loss: 2.4620, lr: 9.84e-04
     Epoch[28] Iteration[60/620], entropy: 0.3722, loss: 2.4396, lr: 7.68e-04
     Epoch[28] Iteration[70/620], entropy: 0.3031, loss: 2.4475, lr: 1.81e-04
     Epoch[28] Iteration[80/620], entropy: 0.2488, loss: 2.4128, lr: 3.51e-05
     Epoch[28] Iteration[90/620], entropy: 0.4300, loss: 2.5374, lr: 5.31e-04
     Epoch[28] Iteration[100/620], entropy: 0.2769, loss: 2.4324, lr: 9.84e-04
     Epoch[28] Iteration[110/620], entropy: 0.3268, loss: 2.4725, lr: 7.68e-04
     Epoch[28] Iteration[120/620], entropy: 0.2150, loss: 2.3415, lr: 1.81e-04
     Epoch[28] Iteration[130/620], entropy: 0.3780, loss: 2.4662, lr: 3.51e-05
     Epoch[28] Iteration[140/620], entropy: 0.3245, loss: 2.4611, lr: 5.31e-04
     Epoch[28] Iteration[150/620], entropy: 0.3396, loss: 2.4220, lr: 9.84e-04
     Epoch[28] Iteration[160/620], entropy: 0.3192, loss: 2.4328, lr: 7.68e-04
     Epoch[28] Iteration[170/620], entropy: 0.3638, loss: 2.4863, lr: 1.81e-04
     Epoch[28] Iteration[180/620], entropy: 0.2849, loss: 2.4050, lr: 3.51e-05
     Epoch[28] Iteration[190/620], entropy: 0.2566, loss: 2.3345, lr: 5.31e-04
     Epoch[28] Iteration[200/620], entropy: 0.3582, loss: 2.4761, lr: 9.84e-04
     Epoch[28] Iteration[210/620], entropy: 0.3677, loss: 2.5060, lr: 7.68e-04
     Epoch[28] Iteration[220/620], entropy: 0.3223, loss: 2.4144, lr: 1.81e-04
     Epoch[28] Iteration[230/620], entropy: 0.3404, loss: 2.4665, lr: 3.51e-05
     Epoch[28] Iteration[240/620], entropy: 0.3179, loss: 2.4372, lr: 5.31e-04
     Epoch[28] Iteration[250/620], entropy: 0.3351, loss: 2.4040, lr: 9.84e-04
     Epoch[28] Iteration[260/620], entropy: 0.3866, loss: 2.4153, lr: 7.68e-04
     Epoch[28] Iteration[270/620], entropy: 0.3127, loss: 2.4954, lr: 1.81e-04
     Epoch[28] Iteration[280/620], entropy: 0.2790, loss: 2.3879, lr: 3.51e-05
     Epoch[28] Iteration[290/620], entropy: 0.3374, loss: 2.4266, lr: 5.31e-04
     Epoch[28] Iteration[300/620], entropy: 0.3922, loss: 2.5184, lr: 9.84e-04
     Epoch[28] Iteration[310/620], entropy: 0.3215, loss: 2.4240, lr: 7.68e-04
     Epoch[28] Iteration[320/620], entropy: 0.3192, loss: 2.4192, lr: 1.81e-04
     Epoch[28] Iteration[330/620], entropy: 0.4320, loss: 2.5239, lr: 3.51e-05
     Epoch[28] Iteration[340/620], entropy: 0.3501, loss: 2.4884, lr: 5.31e-04
     Epoch[28] Iteration[350/620], entropy: 0.3464, loss: 2.5176, lr: 9.84e-04
     Epoch[28] Iteration[360/620], entropy: 0.3169, loss: 2.4282, lr: 7.68e-04
     Epoch[28] Iteration[370/620], entropy: 0.3173, loss: 2.4364, lr: 1.81e-04
     Epoch[28] Iteration[380/620], entropy: 0.3436, loss: 2.5326, lr: 3.51e-05
     Epoch[28] Iteration[390/620], entropy: 0.3917, loss: 2.5075, lr: 5.31e-04
     Epoch[28] Iteration[400/620], entropy: 0.4957, loss: 2.5795, lr: 9.84e-04
     Epoch[28] Iteration[410/620], entropy: 0.3329, loss: 2.4517, lr: 7.68e-04
     Epoch[28] Iteration[420/620], entropy: 0.3010, loss: 2.3518, lr: 1.81e-04
     Epoch[28] Iteration[430/620], entropy: 0.3761, loss: 2.5242, lr: 3.51e-05
     Epoch[28] Iteration[440/620], entropy: 0.4714, loss: 2.5711, lr: 5.31e-04
     Epoch[28] Iteration[450/620], entropy: 0.3468, loss: 2.4465, lr: 9.84e-04
     Epoch[28] Iteration[460/620], entropy: 0.3854, loss: 2.4852, lr: 7.68e-04
     Epoch[28] Iteration[470/620], entropy: 0.2774, loss: 2.3822, lr: 1.81e-04
     Epoch[28] Iteration[480/620], entropy: 0.3463, loss: 2.4609, lr: 3.51e-05
     Epoch[28] Iteration[490/620], entropy: 0.3638, loss: 2.4446, lr: 5.31e-04
     Epoch[28] Iteration[500/620], entropy: 0.2838, loss: 2.5250, lr: 9.84e-04
     Epoch[28] Iteration[510/620], entropy: 0.2509, loss: 2.3831, lr: 7.68e-04
     Epoch[28] Iteration[520/620], entropy: 0.3453, loss: 2.5125, lr: 1.81e-04
     Epoch[28] Iteration[530/620], entropy: 0.3980, loss: 2.5233, lr: 3.51e-05
     Epoch[28] Iteration[540/620], entropy: 0.3284, loss: 2.4164, lr: 5.31e-04
     Epoch[28] Iteration[550/620], entropy: 0.2717, loss: 2.3320, lr: 9.84e-04
     Epoch[28] Iteration[560/620], entropy: 0.3250, loss: 2.3370, lr: 7.68e-04
     Epoch[28] Iteration[570/620], entropy: 0.3076, loss: 2.4161, lr: 1.81e-04
     Epoch[28] Iteration[580/620], entropy: 0.2862, loss: 2.3749, lr: 3.51e-05
     Epoch[28] Iteration[590/620], entropy: 0.2856, loss: 2.4269, lr: 5.31e-04
     Epoch[28] Iteration[600/620], entropy: 0.2277, loss: 2.3134, lr: 9.84e-04
     Epoch[28] Iteration[610/620], entropy: 0.2516, loss: 2.4212, lr: 7.68e-04
     Epoch[28] Iteration[620/620], entropy: 0.2100, loss: 2.3232, lr: 1.81e-04
     Averaged stats: entropy: 0.2100, loss: 2.3232, lr: 1.81e-04
     itm tta time 0:02:02
### TTA Eval Score: 
+-------+--------+--------+--------+--------+-------+
| epoch |   R1   |   R5   |  R10   |  mAP   |  mINP |
+-------+--------+--------+--------+--------+-------+
|  -999 | 37.304 | 55.557 | 63.548 | 20.140 | 2.213 |
|   0   | 38.362 | 56.298 | 64.470 | 20.141 | 2.049 |
|   1   | 39.011 | 56.766 | 65.039 | 20.592 | 2.141 |
|   2   | 38.986 | 56.676 | 65.014 | 20.583 | 2.147 |
|   3   | 38.926 | 56.504 | 64.969 | 20.521 | 2.145 |
|   4   | 38.991 | 56.892 | 65.311 | 20.661 | 2.180 |
|   5   | 39.228 | 56.787 | 65.140 | 20.840 | 2.253 |
|   6   | 39.279 | 56.897 | 65.483 | 20.706 | 2.153 |
|   7   | 39.304 | 57.018 | 65.523 | 20.865 | 2.206 |
|   8   | 39.415 | 57.205 | 65.447 | 20.846 | 2.170 |
|   9   | 39.233 | 56.953 | 65.447 | 20.818 | 2.191 |
|   10  | 39.112 | 56.676 | 65.145 | 20.623 | 2.172 |
|   11  | 38.976 | 56.610 | 65.085 | 20.612 | 2.181 |
|   12  | 39.314 | 56.923 | 65.321 | 20.721 | 2.155 |
|   13  | 39.445 | 57.139 | 65.664 | 20.875 | 2.192 |
|   14  | 39.022 | 56.928 | 65.387 | 20.633 | 2.160 |
|   15  | 39.163 | 56.817 | 65.271 | 20.747 | 2.164 |
|   16  | 39.203 | 56.953 | 65.291 | 20.679 | 2.147 |
|   17  | 39.183 | 56.918 | 65.311 | 20.653 | 2.136 |
|   18  | 38.865 | 56.640 | 64.888 | 20.494 | 2.131 |
|   19  | 39.158 | 56.857 | 65.256 | 20.715 | 2.187 |
|   20  | 39.017 | 56.928 | 65.175 | 20.611 | 2.167 |
|   21  | 39.535 | 57.094 | 65.281 | 20.770 | 2.142 |
|   22  | 39.440 | 56.923 | 65.180 | 20.630 | 2.108 |
|   23  | 39.344 | 56.988 | 65.241 | 20.587 | 2.111 |
|   24  | 39.450 | 57.124 | 65.311 | 20.616 | 2.094 |
|   25  | 39.163 | 56.867 | 65.286 | 20.578 | 2.119 |
|   26  | 39.425 | 57.225 | 65.150 | 20.587 | 2.085 |
|   27  | 39.233 | 57.044 | 65.090 | 20.434 | 2.070 |
|   28  | 39.072 | 57.049 | 65.095 | 20.618 | 2.156 |
+-------+--------+--------+--------+--------+-------+
     logs:  {'epo': 28, 'R1': np.float32(39.072), 'R5': np.float32(57.049), 'R10': np.float32(65.095), 'mAP': np.float32(20.618), 'mINP': np.float32(2.156), 'entropy': 0.3320181607719391, 'loss': 2.447177590862397, 'lr': 0.0004991806677840854}
     Epoch[29] Iteration[10/620], entropy: 0.2358, loss: 2.3920, lr: 3.51e-05
     Epoch[29] Iteration[20/620], entropy: 0.4574, loss: 2.5129, lr: 5.31e-04
     Epoch[29] Iteration[30/620], entropy: 0.2690, loss: 2.3494, lr: 9.84e-04
     Epoch[29] Iteration[40/620], entropy: 0.3044, loss: 2.3497, lr: 7.68e-04
     Epoch[29] Iteration[50/620], entropy: 0.3635, loss: 2.5257, lr: 1.81e-04
     Epoch[29] Iteration[60/620], entropy: 0.2770, loss: 2.3759, lr: 1.57e-05
     Epoch[29] Iteration[70/620], entropy: 0.3007, loss: 2.4524, lr: 4.69e-04
     Epoch[29] Iteration[80/620], entropy: 0.3873, loss: 2.5306, lr: 9.65e-04
     Epoch[29] Iteration[90/620], entropy: 0.3081, loss: 2.4778, lr: 8.19e-04
     Epoch[29] Iteration[100/620], entropy: 0.2746, loss: 2.3691, lr: 2.32e-04
     Epoch[29] Iteration[110/620], entropy: 0.2795, loss: 2.3919, lr: 1.57e-05
     Epoch[29] Iteration[120/620], entropy: 0.1835, loss: 2.3459, lr: 4.69e-04
     Epoch[29] Iteration[130/620], entropy: 0.3694, loss: 2.4995, lr: 9.65e-04
     Epoch[29] Iteration[140/620], entropy: 0.3011, loss: 2.4334, lr: 8.19e-04
     Epoch[29] Iteration[150/620], entropy: 0.3506, loss: 2.4072, lr: 2.32e-04
     Epoch[29] Iteration[160/620], entropy: 0.3508, loss: 2.4193, lr: 1.57e-05
     Epoch[29] Iteration[170/620], entropy: 0.3596, loss: 2.4674, lr: 4.69e-04
     Epoch[29] Iteration[180/620], entropy: 0.3273, loss: 2.4357, lr: 9.65e-04
     Epoch[29] Iteration[190/620], entropy: 0.2258, loss: 2.3952, lr: 8.19e-04
     Epoch[29] Iteration[200/620], entropy: 0.2576, loss: 2.4326, lr: 2.32e-04
     Epoch[29] Iteration[210/620], entropy: 0.3225, loss: 2.4041, lr: 1.57e-05
     Epoch[29] Iteration[220/620], entropy: 0.3326, loss: 2.5311, lr: 4.69e-04
     Epoch[29] Iteration[230/620], entropy: 0.3633, loss: 2.5053, lr: 9.65e-04
     Epoch[29] Iteration[240/620], entropy: 0.3454, loss: 2.4597, lr: 8.19e-04
     Epoch[29] Iteration[250/620], entropy: 0.3637, loss: 2.4634, lr: 2.32e-04
     Epoch[29] Iteration[260/620], entropy: 0.3460, loss: 2.5212, lr: 1.57e-05
     Epoch[29] Iteration[270/620], entropy: 0.4556, loss: 2.5170, lr: 4.69e-04
     Epoch[29] Iteration[280/620], entropy: 0.2945, loss: 2.3953, lr: 9.65e-04
     Epoch[29] Iteration[290/620], entropy: 0.3969, loss: 2.5472, lr: 8.19e-04
     Epoch[29] Iteration[300/620], entropy: 0.3006, loss: 2.4062, lr: 2.32e-04
     Epoch[29] Iteration[310/620], entropy: 0.3346, loss: 2.4606, lr: 1.57e-05
     Epoch[29] Iteration[320/620], entropy: 0.2716, loss: 2.3796, lr: 4.69e-04
     Epoch[29] Iteration[330/620], entropy: 0.3713, loss: 2.5702, lr: 9.65e-04
     Epoch[29] Iteration[340/620], entropy: 0.3832, loss: 2.4499, lr: 8.19e-04
     Epoch[29] Iteration[350/620], entropy: 0.3380, loss: 2.4307, lr: 2.32e-04
     Epoch[29] Iteration[360/620], entropy: 0.3076, loss: 2.4185, lr: 1.57e-05
     Epoch[29] Iteration[370/620], entropy: 0.3069, loss: 2.4550, lr: 4.69e-04
     Epoch[29] Iteration[380/620], entropy: 0.2955, loss: 2.3972, lr: 9.65e-04
     Epoch[29] Iteration[390/620], entropy: 0.3408, loss: 2.4330, lr: 8.19e-04
     Epoch[29] Iteration[400/620], entropy: 0.2823, loss: 2.3230, lr: 2.32e-04
     Epoch[29] Iteration[410/620], entropy: 0.2554, loss: 2.3326, lr: 1.57e-05
     Epoch[29] Iteration[420/620], entropy: 0.4483, loss: 2.5170, lr: 4.69e-04
     Epoch[29] Iteration[430/620], entropy: 0.3907, loss: 2.4756, lr: 9.65e-04
     Epoch[29] Iteration[440/620], entropy: 0.4046, loss: 2.4617, lr: 8.19e-04
     Epoch[29] Iteration[450/620], entropy: 0.3419, loss: 2.4166, lr: 2.32e-04
     Epoch[29] Iteration[460/620], entropy: 0.2918, loss: 2.3934, lr: 1.57e-05
     Epoch[29] Iteration[470/620], entropy: 0.3493, loss: 2.4409, lr: 4.69e-04
     Epoch[29] Iteration[480/620], entropy: 0.3595, loss: 2.4156, lr: 9.65e-04
     Epoch[29] Iteration[490/620], entropy: 0.1614, loss: 2.2504, lr: 8.19e-04
     Epoch[29] Iteration[500/620], entropy: 0.3334, loss: 2.4829, lr: 2.32e-04
     Epoch[29] Iteration[510/620], entropy: 0.2861, loss: 2.3955, lr: 1.57e-05
     Epoch[29] Iteration[520/620], entropy: 0.2945, loss: 2.3429, lr: 4.69e-04
     Epoch[29] Iteration[530/620], entropy: 0.3091, loss: 2.4085, lr: 9.65e-04
     Epoch[29] Iteration[540/620], entropy: 0.2995, loss: 2.5238, lr: 8.19e-04
     Epoch[29] Iteration[550/620], entropy: 0.3680, loss: 2.4847, lr: 2.32e-04
     Epoch[29] Iteration[560/620], entropy: 0.2978, loss: 2.4282, lr: 1.57e-05
     Epoch[29] Iteration[570/620], entropy: 0.3313, loss: 2.3723, lr: 4.69e-04
     Epoch[29] Iteration[580/620], entropy: 0.3320, loss: 2.4321, lr: 9.65e-04
     Epoch[29] Iteration[590/620], entropy: 0.3846, loss: 2.5119, lr: 8.19e-04
     Epoch[29] Iteration[600/620], entropy: 0.3002, loss: 2.4415, lr: 2.32e-04
     Epoch[29] Iteration[610/620], entropy: 0.3441, loss: 2.4900, lr: 1.57e-05
     Epoch[29] Iteration[620/620], entropy: 0.2893, loss: 2.3351, lr: 4.69e-04
     Averaged stats: entropy: 0.2893, loss: 2.3351, lr: 4.69e-04
     itm tta time 0:02:03
### TTA Eval Score: 
+-------+--------+--------+--------+--------+-------+
| epoch |   R1   |   R5   |  R10   |  mAP   |  mINP |
+-------+--------+--------+--------+--------+-------+
|  -999 | 37.304 | 55.557 | 63.548 | 20.140 | 2.213 |
|   0   | 38.362 | 56.298 | 64.470 | 20.141 | 2.049 |
|   1   | 39.011 | 56.766 | 65.039 | 20.592 | 2.141 |
|   2   | 38.986 | 56.676 | 65.014 | 20.583 | 2.147 |
|   3   | 38.926 | 56.504 | 64.969 | 20.521 | 2.145 |
|   4   | 38.991 | 56.892 | 65.311 | 20.661 | 2.180 |
|   5   | 39.228 | 56.787 | 65.140 | 20.840 | 2.253 |
|   6   | 39.279 | 56.897 | 65.483 | 20.706 | 2.153 |
|   7   | 39.304 | 57.018 | 65.523 | 20.865 | 2.206 |
|   8   | 39.415 | 57.205 | 65.447 | 20.846 | 2.170 |
|   9   | 39.233 | 56.953 | 65.447 | 20.818 | 2.191 |
|   10  | 39.112 | 56.676 | 65.145 | 20.623 | 2.172 |
|   11  | 38.976 | 56.610 | 65.085 | 20.612 | 2.181 |
|   12  | 39.314 | 56.923 | 65.321 | 20.721 | 2.155 |
|   13  | 39.445 | 57.139 | 65.664 | 20.875 | 2.192 |
|   14  | 39.022 | 56.928 | 65.387 | 20.633 | 2.160 |
|   15  | 39.163 | 56.817 | 65.271 | 20.747 | 2.164 |
|   16  | 39.203 | 56.953 | 65.291 | 20.679 | 2.147 |
|   17  | 39.183 | 56.918 | 65.311 | 20.653 | 2.136 |
|   18  | 38.865 | 56.640 | 64.888 | 20.494 | 2.131 |
|   19  | 39.158 | 56.857 | 65.256 | 20.715 | 2.187 |
|   20  | 39.017 | 56.928 | 65.175 | 20.611 | 2.167 |
|   21  | 39.535 | 57.094 | 65.281 | 20.770 | 2.142 |
|   22  | 39.440 | 56.923 | 65.180 | 20.630 | 2.108 |
|   23  | 39.344 | 56.988 | 65.241 | 20.587 | 2.111 |
|   24  | 39.450 | 57.124 | 65.311 | 20.616 | 2.094 |
|   25  | 39.163 | 56.867 | 65.286 | 20.578 | 2.119 |
|   26  | 39.425 | 57.225 | 65.150 | 20.587 | 2.085 |
|   27  | 39.233 | 57.044 | 65.090 | 20.434 | 2.070 |
|   28  | 39.072 | 57.049 | 65.095 | 20.618 | 2.156 |
|   29  | 38.462 | 56.268 | 64.359 | 20.116 | 2.071 |
+-------+--------+--------+--------+--------+-------+
     logs:  {'epo': 29, 'R1': np.float32(38.462), 'R5': np.float32(56.268), 'R10': np.float32(64.359), 'mAP': np.float32(20.116), 'mINP': np.float32(2.071), 'entropy': 0.32433111052359304, 'loss': 2.4352439526588685, 'lr': 0.000491682470317297}
### best epoch 21 : {'epo': '21', 'R1': '39.535', 'R5': '57.094', 'R10': '65.281', 'mAP': '20.77', 'mINP': '2.142', 'entropy': '0.33786414539621723', 'loss': '2.4575591433432793', 'lr': '0.00048695133880043975'}
### Time 1:34:17
