/home/jiahao/miniconda3/envs/irra/lib/python3.9/site-packages/torch/nn/functional.py:3609: UserWarning: Default upsampling behavior when mode=bilinear is changed to align_corners=False since 0.4.0. Please specify align_corners=True if the old behavior is desired. See the documentation of nn.Upsample for details.
  warnings.warn(
Not using distributed mode
### Hyper-parameters:
     output_dir: output_rerun2/ham_icfg_tta/exp11/exp11/2025092000175
     seed: 42
     device: cuda
     batch_size_tta: 16
     epochs: 10
     lr: 1e-05
### Creating test dataset
     test_txt_set: 19848    test_img_set: 19848
     test_txt_loader: 39    test_img_loader: 39
### Creating model
Training Model with ['sdm', 'id', 'mlm'] tasks
Resized position embedding from size:torch.Size([1, 197, 768]) to size: torch.Size([1, 193, 768]) with height:24 width: 8
     Total Params Sum:  190482206
### Zero-Shot Score: 
+-------+--------+--------+--------+--------+-------+
| epoch |   R1   |   R5   |  R10   |  mAP   |  mINP |
+-------+--------+--------+--------+--------+-------+
|  -999 | 60.641 | 77.509 | 83.268 | 35.542 | 6.004 |
+-------+--------+--------+--------+--------+-------+
### TTA:
### Compute Cos Similarity Uncertainty
     preprocess_tta_coefficients  start
     sample selection ...
     number of sample after sample_selection: 15901
     uncertainty ...
     pos/neg sampling ...
      number of sample after pos/neg sampling: torch.Size([19848, 8])
     preprocess_tta_coefficients  end
### Creating TTA dataset
     tta_dataset: 15901
### Creating tta dataloader
### be careful: func create_loader returns a list length of 1
     tta_loader: 993
### Configure adapted weights
     TTA Dropout Modules: 
 []
     TTA Require Gradient Params: 
 [('base_model.transformer.resblocks.1.ln_1.weight', torch.Size([512])), ('base_model.transformer.resblocks.1.ln_1.bias', torch.Size([512])), ('base_model.transformer.resblocks.1.ln_2.weight', torch.Size([512])), ('base_model.transformer.resblocks.1.ln_2.bias', torch.Size([512])), ('base_model.transformer.resblocks.2.ln_1.weight', torch.Size([512])), ('base_model.transformer.resblocks.2.ln_1.bias', torch.Size([512])), ('base_model.transformer.resblocks.2.ln_2.weight', torch.Size([512])), ('base_model.transformer.resblocks.2.ln_2.bias', torch.Size([512])), ('base_model.transformer.resblocks.3.ln_1.weight', torch.Size([512])), ('base_model.transformer.resblocks.3.ln_1.bias', torch.Size([512])), ('base_model.transformer.resblocks.3.ln_2.weight', torch.Size([512])), ('base_model.transformer.resblocks.3.ln_2.bias', torch.Size([512])), ('base_model.transformer.resblocks.4.ln_1.weight', torch.Size([512])), ('base_model.transformer.resblocks.4.ln_1.bias', torch.Size([512])), ('base_model.transformer.resblocks.4.ln_2.weight', torch.Size([512])), ('base_model.transformer.resblocks.4.ln_2.bias', torch.Size([512])), ('base_model.transformer.resblocks.5.ln_1.weight', torch.Size([512])), ('base_model.transformer.resblocks.5.ln_1.bias', torch.Size([512])), ('base_model.transformer.resblocks.5.ln_2.weight', torch.Size([512])), ('base_model.transformer.resblocks.5.ln_2.bias', torch.Size([512])), ('base_model.transformer.resblocks.7.ln_1.weight', torch.Size([512])), ('base_model.transformer.resblocks.7.ln_1.bias', torch.Size([512])), ('base_model.transformer.resblocks.7.ln_2.weight', torch.Size([512])), ('base_model.transformer.resblocks.7.ln_2.bias', torch.Size([512])), ('base_model.transformer.resblocks.8.ln_1.weight', torch.Size([512])), ('base_model.transformer.resblocks.8.ln_1.bias', torch.Size([512])), ('base_model.transformer.resblocks.8.ln_2.weight', torch.Size([512])), ('base_model.transformer.resblocks.8.ln_2.bias', torch.Size([512])), ('base_model.transformer.resblocks.9.ln_1.weight', torch.Size([512])), ('base_model.transformer.resblocks.9.ln_1.bias', torch.Size([512])), ('base_model.transformer.resblocks.9.ln_2.weight', torch.Size([512])), ('base_model.transformer.resblocks.9.ln_2.bias', torch.Size([512])), ('base_model.transformer.resblocks.10.ln_1.weight', torch.Size([512])), ('base_model.transformer.resblocks.10.ln_1.bias', torch.Size([512])), ('base_model.transformer.resblocks.10.ln_2.weight', torch.Size([512])), ('base_model.transformer.resblocks.10.ln_2.bias', torch.Size([512])), ('base_model.transformer.resblocks.11.ln_1.weight', torch.Size([512])), ('base_model.transformer.resblocks.11.ln_1.bias', torch.Size([512])), ('base_model.transformer.resblocks.11.ln_2.weight', torch.Size([512])), ('base_model.transformer.resblocks.11.ln_2.bias', torch.Size([512])), ('base_model.ln_final.weight', torch.Size([512])), ('base_model.ln_final.bias', torch.Size([512]))]
     TTA Dropout Modules Number: 
 0
     TTA Require Gradient Params Sum: 
 21504
Using 5.0 times learning rate for random init module 
### Start Test Time Adaptation : num_epoch = 10
     Epoch[0] Iteration[10/993], entropy: 0.5995, uncertainty: 2.7760, uncertainty_coeffi: 0.0100, loss: 0.3070, lr: 9.55e-07
     Epoch[0] Iteration[20/993], entropy: 0.3850, uncertainty: 2.1025, uncertainty_coeffi: 0.0100, loss: 0.2330, lr: 9.55e-07
     Epoch[0] Iteration[30/993], entropy: 0.5050, uncertainty: 2.8452, uncertainty_coeffi: 0.0100, loss: 0.2358, lr: 9.55e-07
     Epoch[0] Iteration[40/993], entropy: 0.5207, uncertainty: 2.0240, uncertainty_coeffi: 0.0100, loss: 0.3239, lr: 9.55e-07
     Epoch[0] Iteration[50/993], entropy: 0.5463, uncertainty: 2.1833, uncertainty_coeffi: 0.0100, loss: 0.2945, lr: 9.55e-07
     Epoch[0] Iteration[60/993], entropy: 0.5548, uncertainty: 2.6249, uncertainty_coeffi: 0.0100, loss: 0.2733, lr: 9.55e-07
     Epoch[0] Iteration[70/993], entropy: 0.4547, uncertainty: 2.5937, uncertainty_coeffi: 0.0100, loss: 0.2280, lr: 9.55e-07
     Epoch[0] Iteration[80/993], entropy: 0.5865, uncertainty: 2.2620, uncertainty_coeffi: 0.0100, loss: 0.3611, lr: 9.55e-07
     Epoch[0] Iteration[90/993], entropy: 0.4569, uncertainty: 2.4661, uncertainty_coeffi: 0.0100, loss: 0.2441, lr: 9.55e-07
     Epoch[0] Iteration[100/993], entropy: 0.6781, uncertainty: 2.3439, uncertainty_coeffi: 0.0100, loss: 0.3380, lr: 9.55e-07
     Epoch[0] Iteration[110/993], entropy: 0.5736, uncertainty: 1.5936, uncertainty_coeffi: 0.0100, loss: 0.3966, lr: 9.55e-07
     Epoch[0] Iteration[120/993], entropy: 0.6633, uncertainty: 2.4259, uncertainty_coeffi: 0.0100, loss: 0.3485, lr: 9.55e-07
     Epoch[0] Iteration[130/993], entropy: 0.6568, uncertainty: 2.0269, uncertainty_coeffi: 0.0100, loss: 0.4064, lr: 9.55e-07
     Epoch[0] Iteration[140/993], entropy: 0.6961, uncertainty: 2.2756, uncertainty_coeffi: 0.0100, loss: 0.3792, lr: 9.55e-07
     Epoch[0] Iteration[150/993], entropy: 0.4226, uncertainty: 2.0822, uncertainty_coeffi: 0.0100, loss: 0.2714, lr: 9.55e-07
     Epoch[0] Iteration[160/993], entropy: 0.4619, uncertainty: 2.2634, uncertainty_coeffi: 0.0100, loss: 0.2174, lr: 9.55e-07
     Epoch[0] Iteration[170/993], entropy: 0.7337, uncertainty: 2.2730, uncertainty_coeffi: 0.0100, loss: 0.3467, lr: 9.55e-07
     Epoch[0] Iteration[180/993], entropy: 0.6735, uncertainty: 2.3070, uncertainty_coeffi: 0.0100, loss: 0.3848, lr: 9.55e-07
     Epoch[0] Iteration[190/993], entropy: 0.6099, uncertainty: 2.1926, uncertainty_coeffi: 0.0100, loss: 0.4104, lr: 9.55e-07
     Epoch[0] Iteration[200/993], entropy: 0.5721, uncertainty: 2.1592, uncertainty_coeffi: 0.0100, loss: 0.3222, lr: 9.55e-07
     Epoch[0] Iteration[210/993], entropy: 0.6491, uncertainty: 2.4906, uncertainty_coeffi: 0.0100, loss: 0.3415, lr: 9.55e-07
     Epoch[0] Iteration[220/993], entropy: 0.4293, uncertainty: 2.0707, uncertainty_coeffi: 0.0100, loss: 0.2153, lr: 9.55e-07
     Epoch[0] Iteration[230/993], entropy: 0.5065, uncertainty: 2.4101, uncertainty_coeffi: 0.0100, loss: 0.2461, lr: 9.55e-07
     Epoch[0] Iteration[240/993], entropy: 0.6491, uncertainty: 1.9597, uncertainty_coeffi: 0.0100, loss: 0.3547, lr: 9.55e-07
     Epoch[0] Iteration[250/993], entropy: 0.4072, uncertainty: 2.6538, uncertainty_coeffi: 0.0100, loss: 0.2032, lr: 9.55e-07
     Epoch[0] Iteration[260/993], entropy: 0.7097, uncertainty: 1.8958, uncertainty_coeffi: 0.0100, loss: 0.4469, lr: 9.55e-07
     Epoch[0] Iteration[270/993], entropy: 0.4508, uncertainty: 1.8490, uncertainty_coeffi: 0.0100, loss: 0.2856, lr: 9.55e-07
     Epoch[0] Iteration[280/993], entropy: 0.5403, uncertainty: 2.2883, uncertainty_coeffi: 0.0100, loss: 0.2875, lr: 9.55e-07
     Epoch[0] Iteration[290/993], entropy: 0.4241, uncertainty: 2.2431, uncertainty_coeffi: 0.0100, loss: 0.2653, lr: 9.55e-07
     Epoch[0] Iteration[300/993], entropy: 0.5554, uncertainty: 2.5348, uncertainty_coeffi: 0.0100, loss: 0.2904, lr: 9.55e-07
     Epoch[0] Iteration[310/993], entropy: 0.6424, uncertainty: 1.9062, uncertainty_coeffi: 0.0100, loss: 0.3755, lr: 9.55e-07
     Epoch[0] Iteration[320/993], entropy: 0.4468, uncertainty: 2.5516, uncertainty_coeffi: 0.0100, loss: 0.2463, lr: 9.55e-07
     Epoch[0] Iteration[330/993], entropy: 0.7716, uncertainty: 2.1568, uncertainty_coeffi: 0.0100, loss: 0.4768, lr: 9.55e-07
     Epoch[0] Iteration[340/993], entropy: 0.6169, uncertainty: 2.1214, uncertainty_coeffi: 0.0100, loss: 0.3930, lr: 9.55e-07
     Epoch[0] Iteration[350/993], entropy: 0.5934, uncertainty: 2.1083, uncertainty_coeffi: 0.0100, loss: 0.3454, lr: 9.55e-07
     Epoch[0] Iteration[360/993], entropy: 0.4966, uncertainty: 2.7724, uncertainty_coeffi: 0.0100, loss: 0.3052, lr: 9.55e-07
     Epoch[0] Iteration[370/993], entropy: 0.4801, uncertainty: 2.3444, uncertainty_coeffi: 0.0100, loss: 0.2890, lr: 9.55e-07
     Epoch[0] Iteration[380/993], entropy: 0.6965, uncertainty: 2.2998, uncertainty_coeffi: 0.0100, loss: 0.4762, lr: 9.55e-07
     Epoch[0] Iteration[390/993], entropy: 0.7694, uncertainty: 2.3160, uncertainty_coeffi: 0.0100, loss: 0.5024, lr: 9.55e-07
     Epoch[0] Iteration[400/993], entropy: 0.4783, uncertainty: 2.3452, uncertainty_coeffi: 0.0100, loss: 0.2690, lr: 9.55e-07
     Epoch[0] Iteration[410/993], entropy: 0.4272, uncertainty: 2.1129, uncertainty_coeffi: 0.0100, loss: 0.2543, lr: 9.55e-07
     Epoch[0] Iteration[420/993], entropy: 0.3318, uncertainty: 2.4466, uncertainty_coeffi: 0.0100, loss: 0.2116, lr: 9.55e-07
     Epoch[0] Iteration[430/993], entropy: 0.5353, uncertainty: 2.1190, uncertainty_coeffi: 0.0100, loss: 0.3297, lr: 9.55e-07
     Epoch[0] Iteration[440/993], entropy: 0.7172, uncertainty: 2.2247, uncertainty_coeffi: 0.0100, loss: 0.3711, lr: 9.55e-07
     Epoch[0] Iteration[450/993], entropy: 0.3228, uncertainty: 2.3028, uncertainty_coeffi: 0.0100, loss: 0.2053, lr: 9.55e-07
     Epoch[0] Iteration[460/993], entropy: 0.5440, uncertainty: 2.0881, uncertainty_coeffi: 0.0100, loss: 0.3290, lr: 9.55e-07
     Epoch[0] Iteration[470/993], entropy: 0.5868, uncertainty: 2.2306, uncertainty_coeffi: 0.0100, loss: 0.3770, lr: 9.55e-07
     Epoch[0] Iteration[480/993], entropy: 0.2589, uncertainty: 2.0306, uncertainty_coeffi: 0.0100, loss: 0.1526, lr: 9.55e-07
     Epoch[0] Iteration[490/993], entropy: 0.5495, uncertainty: 2.4325, uncertainty_coeffi: 0.0100, loss: 0.3173, lr: 9.55e-07
     Epoch[0] Iteration[500/993], entropy: 0.5224, uncertainty: 2.4620, uncertainty_coeffi: 0.0100, loss: 0.2721, lr: 9.55e-07
     Epoch[0] Iteration[510/993], entropy: 0.4443, uncertainty: 2.2995, uncertainty_coeffi: 0.0100, loss: 0.2563, lr: 9.55e-07
     Epoch[0] Iteration[520/993], entropy: 0.5604, uncertainty: 2.4001, uncertainty_coeffi: 0.0100, loss: 0.3624, lr: 9.55e-07
     Epoch[0] Iteration[530/993], entropy: 0.4619, uncertainty: 2.5324, uncertainty_coeffi: 0.0100, loss: 0.2317, lr: 9.55e-07
     Epoch[0] Iteration[540/993], entropy: 0.3297, uncertainty: 2.1667, uncertainty_coeffi: 0.0100, loss: 0.1949, lr: 9.55e-07
     Epoch[0] Iteration[550/993], entropy: 0.7477, uncertainty: 1.9911, uncertainty_coeffi: 0.0100, loss: 0.4628, lr: 9.55e-07
     Epoch[0] Iteration[560/993], entropy: 0.5813, uncertainty: 2.8031, uncertainty_coeffi: 0.0100, loss: 0.3447, lr: 9.55e-07
     Epoch[0] Iteration[570/993], entropy: 0.5904, uncertainty: 2.7677, uncertainty_coeffi: 0.0100, loss: 0.2958, lr: 9.55e-07
     Epoch[0] Iteration[580/993], entropy: 0.4483, uncertainty: 2.4095, uncertainty_coeffi: 0.0100, loss: 0.2662, lr: 9.55e-07
     Epoch[0] Iteration[590/993], entropy: 0.5001, uncertainty: 2.3926, uncertainty_coeffi: 0.0100, loss: 0.2465, lr: 9.55e-07
     Epoch[0] Iteration[600/993], entropy: 0.8139, uncertainty: 2.6465, uncertainty_coeffi: 0.0100, loss: 0.3754, lr: 9.55e-07
     Epoch[0] Iteration[610/993], entropy: 0.3410, uncertainty: 2.4231, uncertainty_coeffi: 0.0100, loss: 0.2014, lr: 9.55e-07
     Epoch[0] Iteration[620/993], entropy: 0.5352, uncertainty: 2.0783, uncertainty_coeffi: 0.0100, loss: 0.3506, lr: 9.55e-07
     Epoch[0] Iteration[630/993], entropy: 0.4068, uncertainty: 1.9660, uncertainty_coeffi: 0.0100, loss: 0.2816, lr: 9.55e-07
     Epoch[0] Iteration[640/993], entropy: 0.4861, uncertainty: 2.4129, uncertainty_coeffi: 0.0100, loss: 0.3024, lr: 9.55e-07
     Epoch[0] Iteration[650/993], entropy: 0.4340, uncertainty: 2.0163, uncertainty_coeffi: 0.0100, loss: 0.2752, lr: 9.55e-07
     Epoch[0] Iteration[660/993], entropy: 0.3761, uncertainty: 2.6185, uncertainty_coeffi: 0.0100, loss: 0.2023, lr: 9.55e-07
     Epoch[0] Iteration[670/993], entropy: 0.3429, uncertainty: 2.4942, uncertainty_coeffi: 0.0100, loss: 0.1942, lr: 9.55e-07
     Epoch[0] Iteration[680/993], entropy: 0.4064, uncertainty: 1.6770, uncertainty_coeffi: 0.0100, loss: 0.2996, lr: 9.55e-07
     Epoch[0] Iteration[690/993], entropy: 0.4846, uncertainty: 2.0459, uncertainty_coeffi: 0.0100, loss: 0.2570, lr: 9.55e-07
     Epoch[0] Iteration[700/993], entropy: 0.5335, uncertainty: 2.7690, uncertainty_coeffi: 0.0100, loss: 0.2929, lr: 9.55e-07
     Epoch[0] Iteration[710/993], entropy: 0.6047, uncertainty: 1.8367, uncertainty_coeffi: 0.0100, loss: 0.3886, lr: 9.55e-07
     Epoch[0] Iteration[720/993], entropy: 0.7375, uncertainty: 2.2231, uncertainty_coeffi: 0.0100, loss: 0.4745, lr: 9.55e-07
     Epoch[0] Iteration[730/993], entropy: 0.6144, uncertainty: 2.0317, uncertainty_coeffi: 0.0100, loss: 0.4013, lr: 9.55e-07
     Epoch[0] Iteration[740/993], entropy: 0.5258, uncertainty: 3.2586, uncertainty_coeffi: 0.0100, loss: 0.1874, lr: 9.55e-07
     Epoch[0] Iteration[750/993], entropy: 0.5556, uncertainty: 2.2306, uncertainty_coeffi: 0.0100, loss: 0.3442, lr: 9.55e-07
     Epoch[0] Iteration[760/993], entropy: 0.6529, uncertainty: 2.6963, uncertainty_coeffi: 0.0100, loss: 0.3746, lr: 9.55e-07
     Epoch[0] Iteration[770/993], entropy: 0.6267, uncertainty: 2.6499, uncertainty_coeffi: 0.0100, loss: 0.3265, lr: 9.55e-07
     Epoch[0] Iteration[780/993], entropy: 0.5093, uncertainty: 2.0422, uncertainty_coeffi: 0.0100, loss: 0.2996, lr: 9.55e-07
     Epoch[0] Iteration[790/993], entropy: 0.5951, uncertainty: 2.0207, uncertainty_coeffi: 0.0100, loss: 0.3879, lr: 9.55e-07
     Epoch[0] Iteration[800/993], entropy: 0.5567, uncertainty: 2.5685, uncertainty_coeffi: 0.0100, loss: 0.2881, lr: 9.55e-07
     Epoch[0] Iteration[810/993], entropy: 0.3825, uncertainty: 2.0372, uncertainty_coeffi: 0.0100, loss: 0.2415, lr: 9.55e-07
     Epoch[0] Iteration[820/993], entropy: 0.6358, uncertainty: 2.1272, uncertainty_coeffi: 0.0100, loss: 0.3902, lr: 9.55e-07
     Epoch[0] Iteration[830/993], entropy: 0.4472, uncertainty: 2.4713, uncertainty_coeffi: 0.0100, loss: 0.2758, lr: 9.55e-07
     Epoch[0] Iteration[840/993], entropy: 0.5633, uncertainty: 2.2338, uncertainty_coeffi: 0.0100, loss: 0.3709, lr: 9.55e-07
     Epoch[0] Iteration[850/993], entropy: 0.3737, uncertainty: 2.1000, uncertainty_coeffi: 0.0100, loss: 0.2526, lr: 9.55e-07
     Epoch[0] Iteration[860/993], entropy: 0.4160, uncertainty: 2.8788, uncertainty_coeffi: 0.0100, loss: 0.1939, lr: 9.55e-07
     Epoch[0] Iteration[870/993], entropy: 0.2895, uncertainty: 2.7109, uncertainty_coeffi: 0.0100, loss: 0.1406, lr: 9.55e-07
     Epoch[0] Iteration[880/993], entropy: 0.6696, uncertainty: 2.2292, uncertainty_coeffi: 0.0100, loss: 0.3724, lr: 9.55e-07
     Epoch[0] Iteration[890/993], entropy: 0.7055, uncertainty: 2.9783, uncertainty_coeffi: 0.0100, loss: 0.3170, lr: 9.55e-07
     Epoch[0] Iteration[900/993], entropy: 0.8367, uncertainty: 3.0387, uncertainty_coeffi: 0.0100, loss: 0.3635, lr: 9.55e-07
     Epoch[0] Iteration[910/993], entropy: 0.5494, uncertainty: 2.4273, uncertainty_coeffi: 0.0100, loss: 0.3337, lr: 9.55e-07
     Epoch[0] Iteration[920/993], entropy: 0.4850, uncertainty: 1.8725, uncertainty_coeffi: 0.0100, loss: 0.2677, lr: 9.55e-07
     Epoch[0] Iteration[930/993], entropy: 0.5489, uncertainty: 2.0327, uncertainty_coeffi: 0.0100, loss: 0.3053, lr: 9.55e-07
     Epoch[0] Iteration[940/993], entropy: 0.5468, uncertainty: 3.6619, uncertainty_coeffi: 0.0100, loss: 0.1854, lr: 9.55e-07
     Epoch[0] Iteration[950/993], entropy: 0.2230, uncertainty: 1.7839, uncertainty_coeffi: 0.0100, loss: 0.1425, lr: 9.55e-07
     Epoch[0] Iteration[960/993], entropy: 0.4084, uncertainty: 2.5117, uncertainty_coeffi: 0.0100, loss: 0.2449, lr: 9.55e-07
     Epoch[0] Iteration[970/993], entropy: 0.5527, uncertainty: 1.9047, uncertainty_coeffi: 0.0100, loss: 0.3667, lr: 9.55e-07
     Epoch[0] Iteration[980/993], entropy: 0.3775, uncertainty: 1.9109, uncertainty_coeffi: 0.0100, loss: 0.2233, lr: 9.55e-07
     Epoch[0] Iteration[990/993], entropy: 0.3543, uncertainty: 2.6769, uncertainty_coeffi: 0.0100, loss: 0.1827, lr: 9.55e-07
     Averaged stats: entropy_avg: 0.5316, uncertainty_avg: 2.3196, uncertainty_coeffi_avg: 0.0100, loss_avg: 0.3040, lr_avg: 9.55e-07
     itm tta time 0:02:56
### TTA Eval Score: 
+-------+--------+--------+--------+--------+-------+
| epoch |   R1   |   R5   |  R10   |  mAP   |  mINP |
+-------+--------+--------+--------+--------+-------+
|  -999 | 60.641 | 77.509 | 83.268 | 35.542 | 6.004 |
|   0   | 60.978 | 77.559 | 83.233 | 35.740 | 6.015 |
+-------+--------+--------+--------+--------+-------+
     logs:  {'epo': 0, 'R1': 60.978, 'R5': 77.559, 'R10': 83.233, 'mAP': 35.74, 'mINP': 6.015, 'entropy': 0.5316071362808498, 'uncertainty': 2.319648930520722, 'uncertainty_coeffi': 0.009999999776482582, 'loss': 0.30398493493446194, 'lr': 9.549150281252722e-07}
     Epoch[1] Iteration[10/993], entropy: 0.7165, uncertainty: 2.3532, uncertainty_coeffi: 0.0100, loss: 0.4348, lr: 3.45e-06
     Epoch[1] Iteration[20/993], entropy: 0.6463, uncertainty: 2.4815, uncertainty_coeffi: 0.0100, loss: 0.3314, lr: 3.45e-06
     Epoch[1] Iteration[30/993], entropy: 0.6226, uncertainty: 1.9855, uncertainty_coeffi: 0.0100, loss: 0.4572, lr: 3.45e-06
     Epoch[1] Iteration[40/993], entropy: 0.6034, uncertainty: 2.3059, uncertainty_coeffi: 0.0100, loss: 0.3830, lr: 3.45e-06
     Epoch[1] Iteration[50/993], entropy: 0.4599, uncertainty: 2.6421, uncertainty_coeffi: 0.0100, loss: 0.2436, lr: 3.45e-06
     Epoch[1] Iteration[60/993], entropy: 0.2716, uncertainty: 1.9610, uncertainty_coeffi: 0.0100, loss: 0.1689, lr: 3.45e-06
     Epoch[1] Iteration[70/993], entropy: 0.5341, uncertainty: 1.7467, uncertainty_coeffi: 0.0100, loss: 0.3102, lr: 3.45e-06
     Epoch[1] Iteration[80/993], entropy: 0.5026, uncertainty: 2.3898, uncertainty_coeffi: 0.0100, loss: 0.2889, lr: 3.45e-06
     Epoch[1] Iteration[90/993], entropy: 0.6623, uncertainty: 2.0679, uncertainty_coeffi: 0.0100, loss: 0.3946, lr: 3.45e-06
     Epoch[1] Iteration[100/993], entropy: 0.6486, uncertainty: 2.1416, uncertainty_coeffi: 0.0100, loss: 0.4217, lr: 3.45e-06
     Epoch[1] Iteration[110/993], entropy: 0.5229, uncertainty: 2.2381, uncertainty_coeffi: 0.0100, loss: 0.3050, lr: 3.45e-06
     Epoch[1] Iteration[120/993], entropy: 0.4837, uncertainty: 2.3550, uncertainty_coeffi: 0.0100, loss: 0.2314, lr: 3.45e-06
     Epoch[1] Iteration[130/993], entropy: 0.4316, uncertainty: 2.3008, uncertainty_coeffi: 0.0100, loss: 0.2393, lr: 3.45e-06
     Epoch[1] Iteration[140/993], entropy: 0.3880, uncertainty: 2.2274, uncertainty_coeffi: 0.0100, loss: 0.2834, lr: 3.45e-06
     Epoch[1] Iteration[150/993], entropy: 0.3503, uncertainty: 1.9805, uncertainty_coeffi: 0.0100, loss: 0.2380, lr: 3.45e-06
     Epoch[1] Iteration[160/993], entropy: 0.5243, uncertainty: 2.2957, uncertainty_coeffi: 0.0100, loss: 0.3090, lr: 3.45e-06
     Epoch[1] Iteration[170/993], entropy: 0.5173, uncertainty: 2.0146, uncertainty_coeffi: 0.0100, loss: 0.2893, lr: 3.45e-06
     Epoch[1] Iteration[180/993], entropy: 0.5254, uncertainty: 1.9808, uncertainty_coeffi: 0.0100, loss: 0.3891, lr: 3.45e-06
     Epoch[1] Iteration[190/993], entropy: 0.4938, uncertainty: 2.8948, uncertainty_coeffi: 0.0100, loss: 0.2191, lr: 3.45e-06
     Epoch[1] Iteration[200/993], entropy: 0.7680, uncertainty: 1.9310, uncertainty_coeffi: 0.0100, loss: 0.4972, lr: 3.45e-06
     Epoch[1] Iteration[210/993], entropy: 0.6001, uncertainty: 2.5544, uncertainty_coeffi: 0.0100, loss: 0.3468, lr: 3.45e-06
     Epoch[1] Iteration[220/993], entropy: 0.5204, uncertainty: 2.1797, uncertainty_coeffi: 0.0100, loss: 0.3600, lr: 3.45e-06
     Epoch[1] Iteration[230/993], entropy: 0.4579, uncertainty: 2.4132, uncertainty_coeffi: 0.0100, loss: 0.2701, lr: 3.45e-06
     Epoch[1] Iteration[240/993], entropy: 0.2933, uncertainty: 2.2506, uncertainty_coeffi: 0.0100, loss: 0.1867, lr: 3.45e-06
     Epoch[1] Iteration[250/993], entropy: 0.5008, uncertainty: 2.4220, uncertainty_coeffi: 0.0100, loss: 0.2134, lr: 3.45e-06
     Epoch[1] Iteration[260/993], entropy: 0.5596, uncertainty: 2.2362, uncertainty_coeffi: 0.0100, loss: 0.3370, lr: 3.45e-06
     Epoch[1] Iteration[270/993], entropy: 0.4346, uncertainty: 2.2979, uncertainty_coeffi: 0.0100, loss: 0.3037, lr: 3.45e-06
     Epoch[1] Iteration[280/993], entropy: 0.6588, uncertainty: 2.4438, uncertainty_coeffi: 0.0100, loss: 0.3713, lr: 3.45e-06
     Epoch[1] Iteration[290/993], entropy: 0.3975, uncertainty: 2.1308, uncertainty_coeffi: 0.0100, loss: 0.2143, lr: 3.45e-06
     Epoch[1] Iteration[300/993], entropy: 0.8680, uncertainty: 2.5760, uncertainty_coeffi: 0.0100, loss: 0.5152, lr: 3.45e-06
     Epoch[1] Iteration[310/993], entropy: 0.4016, uncertainty: 2.4062, uncertainty_coeffi: 0.0100, loss: 0.2271, lr: 3.45e-06
     Epoch[1] Iteration[320/993], entropy: 0.3624, uncertainty: 1.9841, uncertainty_coeffi: 0.0100, loss: 0.2588, lr: 3.45e-06
     Epoch[1] Iteration[330/993], entropy: 0.5136, uncertainty: 3.1319, uncertainty_coeffi: 0.0100, loss: 0.2519, lr: 3.45e-06
     Epoch[1] Iteration[340/993], entropy: 0.3708, uncertainty: 2.4885, uncertainty_coeffi: 0.0100, loss: 0.2199, lr: 3.45e-06
     Epoch[1] Iteration[350/993], entropy: 0.6358, uncertainty: 3.0691, uncertainty_coeffi: 0.0100, loss: 0.3329, lr: 3.45e-06
     Epoch[1] Iteration[360/993], entropy: 0.5829, uncertainty: 2.7212, uncertainty_coeffi: 0.0100, loss: 0.2637, lr: 3.45e-06
     Epoch[1] Iteration[370/993], entropy: 0.8613, uncertainty: 2.3421, uncertainty_coeffi: 0.0100, loss: 0.5451, lr: 3.45e-06
     Epoch[1] Iteration[380/993], entropy: 0.4671, uncertainty: 2.5522, uncertainty_coeffi: 0.0100, loss: 0.2505, lr: 3.45e-06
     Epoch[1] Iteration[390/993], entropy: 0.5935, uncertainty: 2.1814, uncertainty_coeffi: 0.0100, loss: 0.3957, lr: 3.45e-06
     Epoch[1] Iteration[400/993], entropy: 0.3189, uncertainty: 2.0247, uncertainty_coeffi: 0.0100, loss: 0.2131, lr: 3.45e-06
     Epoch[1] Iteration[410/993], entropy: 0.4416, uncertainty: 2.8795, uncertainty_coeffi: 0.0100, loss: 0.2451, lr: 3.45e-06
     Epoch[1] Iteration[420/993], entropy: 0.3003, uncertainty: 2.0966, uncertainty_coeffi: 0.0100, loss: 0.2072, lr: 3.45e-06
     Epoch[1] Iteration[430/993], entropy: 0.6291, uncertainty: 2.2784, uncertainty_coeffi: 0.0100, loss: 0.3846, lr: 3.45e-06
     Epoch[1] Iteration[440/993], entropy: 0.8538, uncertainty: 2.3688, uncertainty_coeffi: 0.0100, loss: 0.4278, lr: 3.45e-06
     Epoch[1] Iteration[450/993], entropy: 0.3475, uncertainty: 2.7515, uncertainty_coeffi: 0.0100, loss: 0.2025, lr: 3.45e-06
     Epoch[1] Iteration[460/993], entropy: 0.4615, uncertainty: 3.0519, uncertainty_coeffi: 0.0100, loss: 0.2258, lr: 3.45e-06
     Epoch[1] Iteration[470/993], entropy: 0.5986, uncertainty: 2.2922, uncertainty_coeffi: 0.0100, loss: 0.3970, lr: 3.45e-06
     Epoch[1] Iteration[480/993], entropy: 0.5538, uncertainty: 2.2939, uncertainty_coeffi: 0.0100, loss: 0.2665, lr: 3.45e-06
     Epoch[1] Iteration[490/993], entropy: 0.6307, uncertainty: 2.6128, uncertainty_coeffi: 0.0100, loss: 0.3416, lr: 3.45e-06
     Epoch[1] Iteration[500/993], entropy: 0.5040, uncertainty: 2.2774, uncertainty_coeffi: 0.0100, loss: 0.2670, lr: 3.45e-06
     Epoch[1] Iteration[510/993], entropy: 0.3600, uncertainty: 1.9513, uncertainty_coeffi: 0.0100, loss: 0.2367, lr: 3.45e-06
     Epoch[1] Iteration[520/993], entropy: 0.3431, uncertainty: 1.7928, uncertainty_coeffi: 0.0100, loss: 0.2588, lr: 3.45e-06
     Epoch[1] Iteration[530/993], entropy: 0.6450, uncertainty: 2.5925, uncertainty_coeffi: 0.0100, loss: 0.3554, lr: 3.45e-06
     Epoch[1] Iteration[540/993], entropy: 0.3243, uncertainty: 2.2727, uncertainty_coeffi: 0.0100, loss: 0.1781, lr: 3.45e-06
     Epoch[1] Iteration[550/993], entropy: 0.4383, uncertainty: 2.1179, uncertainty_coeffi: 0.0100, loss: 0.2783, lr: 3.45e-06
     Epoch[1] Iteration[560/993], entropy: 0.5801, uncertainty: 2.1145, uncertainty_coeffi: 0.0100, loss: 0.3274, lr: 3.45e-06
     Epoch[1] Iteration[570/993], entropy: 0.5289, uncertainty: 2.2532, uncertainty_coeffi: 0.0100, loss: 0.2592, lr: 3.45e-06
     Epoch[1] Iteration[580/993], entropy: 0.5668, uncertainty: 2.2449, uncertainty_coeffi: 0.0100, loss: 0.3710, lr: 3.45e-06
     Epoch[1] Iteration[590/993], entropy: 0.4768, uncertainty: 2.6294, uncertainty_coeffi: 0.0100, loss: 0.2382, lr: 3.45e-06
     Epoch[1] Iteration[600/993], entropy: 0.5838, uncertainty: 1.8456, uncertainty_coeffi: 0.0100, loss: 0.3251, lr: 3.45e-06
     Epoch[1] Iteration[610/993], entropy: 0.5605, uncertainty: 2.4085, uncertainty_coeffi: 0.0100, loss: 0.2979, lr: 3.45e-06
     Epoch[1] Iteration[620/993], entropy: 0.6685, uncertainty: 2.9775, uncertainty_coeffi: 0.0100, loss: 0.4024, lr: 3.45e-06
     Epoch[1] Iteration[630/993], entropy: 0.7665, uncertainty: 1.9355, uncertainty_coeffi: 0.0100, loss: 0.5353, lr: 3.45e-06
     Epoch[1] Iteration[640/993], entropy: 0.4472, uncertainty: 2.4307, uncertainty_coeffi: 0.0100, loss: 0.2357, lr: 3.45e-06
     Epoch[1] Iteration[650/993], entropy: 0.4857, uncertainty: 2.4121, uncertainty_coeffi: 0.0100, loss: 0.3113, lr: 3.45e-06
     Epoch[1] Iteration[660/993], entropy: 0.2715, uncertainty: 1.8370, uncertainty_coeffi: 0.0100, loss: 0.1635, lr: 3.45e-06
     Epoch[1] Iteration[670/993], entropy: 0.4127, uncertainty: 2.6269, uncertainty_coeffi: 0.0100, loss: 0.2085, lr: 3.45e-06
     Epoch[1] Iteration[680/993], entropy: 0.5469, uncertainty: 1.9105, uncertainty_coeffi: 0.0100, loss: 0.3734, lr: 3.45e-06
     Epoch[1] Iteration[690/993], entropy: 0.5629, uncertainty: 1.9360, uncertainty_coeffi: 0.0100, loss: 0.3753, lr: 3.45e-06
     Epoch[1] Iteration[700/993], entropy: 0.5680, uncertainty: 2.3885, uncertainty_coeffi: 0.0100, loss: 0.3290, lr: 3.45e-06
     Epoch[1] Iteration[710/993], entropy: 0.3155, uncertainty: 2.2903, uncertainty_coeffi: 0.0100, loss: 0.1740, lr: 3.45e-06
     Epoch[1] Iteration[720/993], entropy: 0.5157, uncertainty: 2.0720, uncertainty_coeffi: 0.0100, loss: 0.2607, lr: 3.45e-06
     Epoch[1] Iteration[730/993], entropy: 0.4750, uncertainty: 2.7090, uncertainty_coeffi: 0.0100, loss: 0.2773, lr: 3.45e-06
     Epoch[1] Iteration[740/993], entropy: 0.4742, uncertainty: 2.5417, uncertainty_coeffi: 0.0100, loss: 0.2339, lr: 3.45e-06
     Epoch[1] Iteration[750/993], entropy: 0.7112, uncertainty: 2.0302, uncertainty_coeffi: 0.0100, loss: 0.4009, lr: 3.45e-06
     Epoch[1] Iteration[760/993], entropy: 0.4541, uncertainty: 2.5470, uncertainty_coeffi: 0.0100, loss: 0.2631, lr: 3.45e-06
     Epoch[1] Iteration[770/993], entropy: 0.6135, uncertainty: 2.1255, uncertainty_coeffi: 0.0100, loss: 0.2943, lr: 3.45e-06
     Epoch[1] Iteration[780/993], entropy: 0.7836, uncertainty: 2.1546, uncertainty_coeffi: 0.0100, loss: 0.4038, lr: 3.45e-06
     Epoch[1] Iteration[790/993], entropy: 0.4690, uncertainty: 2.4495, uncertainty_coeffi: 0.0100, loss: 0.2618, lr: 3.45e-06
     Epoch[1] Iteration[800/993], entropy: 0.2628, uncertainty: 2.2902, uncertainty_coeffi: 0.0100, loss: 0.1682, lr: 3.45e-06
     Epoch[1] Iteration[810/993], entropy: 0.6249, uncertainty: 2.9832, uncertainty_coeffi: 0.0100, loss: 0.3540, lr: 3.45e-06
     Epoch[1] Iteration[820/993], entropy: 0.4695, uncertainty: 1.9996, uncertainty_coeffi: 0.0100, loss: 0.2977, lr: 3.45e-06
     Epoch[1] Iteration[830/993], entropy: 0.3103, uncertainty: 2.7767, uncertainty_coeffi: 0.0100, loss: 0.1494, lr: 3.45e-06
     Epoch[1] Iteration[840/993], entropy: 0.3240, uncertainty: 2.6522, uncertainty_coeffi: 0.0100, loss: 0.1535, lr: 3.45e-06
     Epoch[1] Iteration[850/993], entropy: 0.7203, uncertainty: 2.9856, uncertainty_coeffi: 0.0100, loss: 0.2959, lr: 3.45e-06
     Epoch[1] Iteration[860/993], entropy: 0.3163, uncertainty: 1.9257, uncertainty_coeffi: 0.0100, loss: 0.1799, lr: 3.45e-06
     Epoch[1] Iteration[870/993], entropy: 0.4749, uncertainty: 2.3997, uncertainty_coeffi: 0.0100, loss: 0.2643, lr: 3.45e-06
     Epoch[1] Iteration[880/993], entropy: 0.5165, uncertainty: 1.9630, uncertainty_coeffi: 0.0100, loss: 0.2859, lr: 3.45e-06
     Epoch[1] Iteration[890/993], entropy: 0.5369, uncertainty: 2.4757, uncertainty_coeffi: 0.0100, loss: 0.2922, lr: 3.45e-06
     Epoch[1] Iteration[900/993], entropy: 0.3888, uncertainty: 2.2223, uncertainty_coeffi: 0.0100, loss: 0.1814, lr: 3.45e-06
     Epoch[1] Iteration[910/993], entropy: 0.4353, uncertainty: 2.4469, uncertainty_coeffi: 0.0100, loss: 0.2606, lr: 3.45e-06
     Epoch[1] Iteration[920/993], entropy: 0.3976, uncertainty: 1.6645, uncertainty_coeffi: 0.0100, loss: 0.3066, lr: 3.45e-06
     Epoch[1] Iteration[930/993], entropy: 0.3882, uncertainty: 2.5285, uncertainty_coeffi: 0.0100, loss: 0.1997, lr: 3.45e-06
     Epoch[1] Iteration[940/993], entropy: 0.2383, uncertainty: 2.5430, uncertainty_coeffi: 0.0100, loss: 0.1380, lr: 3.45e-06
     Epoch[1] Iteration[950/993], entropy: 0.7218, uncertainty: 2.1250, uncertainty_coeffi: 0.0100, loss: 0.3627, lr: 3.45e-06
     Epoch[1] Iteration[960/993], entropy: 0.5426, uncertainty: 2.3605, uncertainty_coeffi: 0.0100, loss: 0.3217, lr: 3.45e-06
     Epoch[1] Iteration[970/993], entropy: 0.6097, uncertainty: 2.5749, uncertainty_coeffi: 0.0100, loss: 0.3303, lr: 3.45e-06
     Epoch[1] Iteration[980/993], entropy: 0.5861, uncertainty: 2.6970, uncertainty_coeffi: 0.0100, loss: 0.2371, lr: 3.45e-06
     Epoch[1] Iteration[990/993], entropy: 0.7675, uncertainty: 2.5115, uncertainty_coeffi: 0.0100, loss: 0.4475, lr: 3.45e-06
     Averaged stats: entropy_avg: 0.5149, uncertainty_avg: 2.3366, uncertainty_coeffi_avg: 0.0100, loss_avg: 0.2963, lr_avg: 3.45e-06
     itm tta time 0:02:58
### TTA Eval Score: 
+-------+--------+--------+--------+--------+-------+
| epoch |   R1   |   R5   |  R10   |  mAP   |  mINP |
+-------+--------+--------+--------+--------+-------+
|  -999 | 60.641 | 77.509 | 83.268 | 35.542 | 6.004 |
|   0   | 60.978 | 77.559 | 83.233 | 35.740 | 6.015 |
|   1   | 61.185 | 77.529 | 83.328 | 35.865 | 6.024 |
+-------+--------+--------+--------+--------+-------+
     logs:  {'epo': 1, 'R1': 61.185, 'R5': 77.529, 'R10': 83.328, 'mAP': 35.865, 'mINP': 6.024, 'entropy': 0.5148984619764366, 'uncertainty': 2.3366355787624014, 'uncertainty_coeffi': 0.009999999776482582, 'loss': 0.2963093642634575, 'lr': 3.454915028124883e-06}
     Epoch[2] Iteration[10/993], entropy: 0.5699, uncertainty: 2.3494, uncertainty_coeffi: 0.0100, loss: 0.3014, lr: 1.00e-05
     Epoch[2] Iteration[20/993], entropy: 0.4811, uncertainty: 2.5750, uncertainty_coeffi: 0.0100, loss: 0.2903, lr: 9.05e-06
     Epoch[2] Iteration[30/993], entropy: 0.3491, uncertainty: 2.8542, uncertainty_coeffi: 0.0100, loss: 0.1947, lr: 9.05e-06
     Epoch[2] Iteration[40/993], entropy: 0.6625, uncertainty: 2.0539, uncertainty_coeffi: 0.0100, loss: 0.3767, lr: 9.05e-06
     Epoch[2] Iteration[50/993], entropy: 0.4637, uncertainty: 2.5746, uncertainty_coeffi: 0.0100, loss: 0.2501, lr: 9.05e-06
     Epoch[2] Iteration[60/993], entropy: 0.6634, uncertainty: 2.6446, uncertainty_coeffi: 0.0100, loss: 0.4070, lr: 9.05e-06
     Epoch[2] Iteration[70/993], entropy: 0.5408, uncertainty: 3.0417, uncertainty_coeffi: 0.0100, loss: 0.2544, lr: 9.05e-06
     Epoch[2] Iteration[80/993], entropy: 0.4842, uncertainty: 1.9394, uncertainty_coeffi: 0.0100, loss: 0.3228, lr: 9.05e-06
     Epoch[2] Iteration[90/993], entropy: 0.5468, uncertainty: 2.5427, uncertainty_coeffi: 0.0100, loss: 0.2907, lr: 9.05e-06
     Epoch[2] Iteration[100/993], entropy: 0.4552, uncertainty: 2.3922, uncertainty_coeffi: 0.0100, loss: 0.2784, lr: 9.05e-06
     Epoch[2] Iteration[110/993], entropy: 0.5741, uncertainty: 2.6072, uncertainty_coeffi: 0.0100, loss: 0.3011, lr: 9.05e-06
     Epoch[2] Iteration[120/993], entropy: 0.4880, uncertainty: 2.6177, uncertainty_coeffi: 0.0100, loss: 0.2621, lr: 9.05e-06
     Epoch[2] Iteration[130/993], entropy: 0.3933, uncertainty: 2.5278, uncertainty_coeffi: 0.0100, loss: 0.1915, lr: 9.05e-06
     Epoch[2] Iteration[140/993], entropy: 0.5422, uncertainty: 2.0358, uncertainty_coeffi: 0.0100, loss: 0.3526, lr: 9.05e-06
     Epoch[2] Iteration[150/993], entropy: 0.4337, uncertainty: 2.5295, uncertainty_coeffi: 0.0100, loss: 0.2720, lr: 9.05e-06
     Epoch[2] Iteration[160/993], entropy: 0.4746, uncertainty: 2.6251, uncertainty_coeffi: 0.0100, loss: 0.1910, lr: 9.05e-06
     Epoch[2] Iteration[170/993], entropy: 0.5060, uncertainty: 2.3512, uncertainty_coeffi: 0.0100, loss: 0.2396, lr: 9.05e-06
     Epoch[2] Iteration[180/993], entropy: 0.4679, uncertainty: 2.5705, uncertainty_coeffi: 0.0100, loss: 0.2298, lr: 9.05e-06
     Epoch[2] Iteration[190/993], entropy: 0.5978, uncertainty: 2.2888, uncertainty_coeffi: 0.0100, loss: 0.2796, lr: 9.05e-06
     Epoch[2] Iteration[200/993], entropy: 0.6963, uncertainty: 2.1142, uncertainty_coeffi: 0.0100, loss: 0.3446, lr: 9.05e-06
     Epoch[2] Iteration[210/993], entropy: 0.5853, uncertainty: 2.1651, uncertainty_coeffi: 0.0100, loss: 0.4047, lr: 9.05e-06
     Epoch[2] Iteration[220/993], entropy: 0.3735, uncertainty: 2.4289, uncertainty_coeffi: 0.0100, loss: 0.2324, lr: 9.05e-06
     Epoch[2] Iteration[230/993], entropy: 0.3762, uncertainty: 2.1427, uncertainty_coeffi: 0.0100, loss: 0.1962, lr: 9.05e-06
     Epoch[2] Iteration[240/993], entropy: 0.4624, uncertainty: 2.0109, uncertainty_coeffi: 0.0100, loss: 0.2639, lr: 9.05e-06
     Epoch[2] Iteration[250/993], entropy: 0.6088, uncertainty: 2.3376, uncertainty_coeffi: 0.0100, loss: 0.3557, lr: 9.05e-06
     Epoch[2] Iteration[260/993], entropy: 0.5272, uncertainty: 2.5148, uncertainty_coeffi: 0.0100, loss: 0.2826, lr: 9.05e-06
     Epoch[2] Iteration[270/993], entropy: 0.5656, uncertainty: 2.6209, uncertainty_coeffi: 0.0100, loss: 0.3389, lr: 9.05e-06
     Epoch[2] Iteration[280/993], entropy: 0.6793, uncertainty: 2.7554, uncertainty_coeffi: 0.0100, loss: 0.3247, lr: 9.05e-06
     Epoch[2] Iteration[290/993], entropy: 0.5501, uncertainty: 2.3857, uncertainty_coeffi: 0.0100, loss: 0.2572, lr: 9.05e-06
     Epoch[2] Iteration[300/993], entropy: 0.3842, uncertainty: 2.6364, uncertainty_coeffi: 0.0100, loss: 0.1908, lr: 9.05e-06
     Epoch[2] Iteration[310/993], entropy: 0.5396, uncertainty: 3.2200, uncertainty_coeffi: 0.0100, loss: 0.2153, lr: 9.05e-06
     Epoch[2] Iteration[320/993], entropy: 0.4431, uncertainty: 2.3799, uncertainty_coeffi: 0.0100, loss: 0.2225, lr: 9.05e-06
     Epoch[2] Iteration[330/993], entropy: 0.3925, uncertainty: 2.1533, uncertainty_coeffi: 0.0100, loss: 0.2374, lr: 9.05e-06
     Epoch[2] Iteration[340/993], entropy: 0.4423, uncertainty: 2.0532, uncertainty_coeffi: 0.0100, loss: 0.3245, lr: 9.05e-06
     Epoch[2] Iteration[350/993], entropy: 0.4139, uncertainty: 2.8041, uncertainty_coeffi: 0.0100, loss: 0.2046, lr: 9.05e-06
     Epoch[2] Iteration[360/993], entropy: 0.6385, uncertainty: 2.7761, uncertainty_coeffi: 0.0100, loss: 0.3484, lr: 9.05e-06
     Epoch[2] Iteration[370/993], entropy: 0.2957, uncertainty: 2.3270, uncertainty_coeffi: 0.0100, loss: 0.1769, lr: 9.05e-06
     Epoch[2] Iteration[380/993], entropy: 0.5392, uncertainty: 2.1833, uncertainty_coeffi: 0.0100, loss: 0.3913, lr: 9.05e-06
     Epoch[2] Iteration[390/993], entropy: 0.5851, uncertainty: 2.2652, uncertainty_coeffi: 0.0100, loss: 0.3826, lr: 9.05e-06
     Epoch[2] Iteration[400/993], entropy: 0.3595, uncertainty: 1.9720, uncertainty_coeffi: 0.0100, loss: 0.2054, lr: 9.05e-06
     Epoch[2] Iteration[410/993], entropy: 0.5420, uncertainty: 2.3055, uncertainty_coeffi: 0.0100, loss: 0.2623, lr: 9.05e-06
     Epoch[2] Iteration[420/993], entropy: 0.5655, uncertainty: 2.3923, uncertainty_coeffi: 0.0100, loss: 0.3096, lr: 9.05e-06
     Epoch[2] Iteration[430/993], entropy: 0.4894, uncertainty: 1.9946, uncertainty_coeffi: 0.0100, loss: 0.2788, lr: 9.05e-06
     Epoch[2] Iteration[440/993], entropy: 0.4044, uncertainty: 2.2429, uncertainty_coeffi: 0.0100, loss: 0.2229, lr: 9.05e-06
     Epoch[2] Iteration[450/993], entropy: 0.4096, uncertainty: 2.0881, uncertainty_coeffi: 0.0100, loss: 0.2369, lr: 9.05e-06
     Epoch[2] Iteration[460/993], entropy: 0.6959, uncertainty: 2.4107, uncertainty_coeffi: 0.0100, loss: 0.3425, lr: 9.05e-06
     Epoch[2] Iteration[470/993], entropy: 0.4678, uncertainty: 2.7847, uncertainty_coeffi: 0.0100, loss: 0.2131, lr: 9.05e-06
     Epoch[2] Iteration[480/993], entropy: 0.6082, uncertainty: 2.3345, uncertainty_coeffi: 0.0100, loss: 0.3434, lr: 9.05e-06
     Epoch[2] Iteration[490/993], entropy: 0.5544, uncertainty: 2.1133, uncertainty_coeffi: 0.0100, loss: 0.3053, lr: 9.05e-06
     Epoch[2] Iteration[500/993], entropy: 0.4286, uncertainty: 2.5129, uncertainty_coeffi: 0.0100, loss: 0.2350, lr: 9.05e-06
     Epoch[2] Iteration[510/993], entropy: 0.5191, uncertainty: 2.6040, uncertainty_coeffi: 0.0100, loss: 0.2668, lr: 9.05e-06
     Epoch[2] Iteration[520/993], entropy: 0.3522, uncertainty: 2.2637, uncertainty_coeffi: 0.0100, loss: 0.2261, lr: 9.05e-06
     Epoch[2] Iteration[530/993], entropy: 0.4792, uncertainty: 1.9650, uncertainty_coeffi: 0.0100, loss: 0.3321, lr: 9.05e-06
     Epoch[2] Iteration[540/993], entropy: 0.6026, uncertainty: 2.2319, uncertainty_coeffi: 0.0100, loss: 0.4148, lr: 9.05e-06
     Epoch[2] Iteration[550/993], entropy: 0.4134, uncertainty: 2.3191, uncertainty_coeffi: 0.0100, loss: 0.2118, lr: 9.05e-06
     Epoch[2] Iteration[560/993], entropy: 0.4147, uncertainty: 2.2913, uncertainty_coeffi: 0.0100, loss: 0.2840, lr: 9.05e-06
     Epoch[2] Iteration[570/993], entropy: 0.4071, uncertainty: 1.8853, uncertainty_coeffi: 0.0100, loss: 0.2442, lr: 9.05e-06
     Epoch[2] Iteration[580/993], entropy: 0.6329, uncertainty: 2.0761, uncertainty_coeffi: 0.0100, loss: 0.4663, lr: 9.05e-06
     Epoch[2] Iteration[590/993], entropy: 0.4947, uncertainty: 2.4300, uncertainty_coeffi: 0.0100, loss: 0.2223, lr: 9.05e-06
     Epoch[2] Iteration[600/993], entropy: 0.4417, uncertainty: 2.0937, uncertainty_coeffi: 0.0100, loss: 0.2570, lr: 9.05e-06
     Epoch[2] Iteration[610/993], entropy: 0.5265, uncertainty: 2.3443, uncertainty_coeffi: 0.0100, loss: 0.3189, lr: 9.05e-06
     Epoch[2] Iteration[620/993], entropy: 0.5268, uncertainty: 2.7082, uncertainty_coeffi: 0.0100, loss: 0.2818, lr: 9.05e-06
     Epoch[2] Iteration[630/993], entropy: 0.2998, uncertainty: 2.4945, uncertainty_coeffi: 0.0100, loss: 0.1865, lr: 9.05e-06
     Epoch[2] Iteration[640/993], entropy: 0.4192, uncertainty: 2.0454, uncertainty_coeffi: 0.0100, loss: 0.2703, lr: 9.05e-06
     Epoch[2] Iteration[650/993], entropy: 0.6746, uncertainty: 2.1357, uncertainty_coeffi: 0.0100, loss: 0.4201, lr: 9.05e-06
     Epoch[2] Iteration[660/993], entropy: 0.4731, uncertainty: 1.8876, uncertainty_coeffi: 0.0100, loss: 0.3193, lr: 9.05e-06
     Epoch[2] Iteration[670/993], entropy: 0.5452, uncertainty: 1.9461, uncertainty_coeffi: 0.0100, loss: 0.3778, lr: 9.05e-06
     Epoch[2] Iteration[680/993], entropy: 0.2778, uncertainty: 2.1424, uncertainty_coeffi: 0.0100, loss: 0.1685, lr: 9.05e-06
     Epoch[2] Iteration[690/993], entropy: 0.5353, uncertainty: 2.0515, uncertainty_coeffi: 0.0100, loss: 0.3099, lr: 9.05e-06
     Epoch[2] Iteration[700/993], entropy: 0.3479, uncertainty: 2.4213, uncertainty_coeffi: 0.0100, loss: 0.2154, lr: 9.05e-06
     Epoch[2] Iteration[710/993], entropy: 0.5422, uncertainty: 2.0286, uncertainty_coeffi: 0.0100, loss: 0.3184, lr: 9.05e-06
     Epoch[2] Iteration[720/993], entropy: 0.4207, uncertainty: 1.8630, uncertainty_coeffi: 0.0100, loss: 0.2856, lr: 9.05e-06
     Epoch[2] Iteration[730/993], entropy: 0.6854, uncertainty: 2.4552, uncertainty_coeffi: 0.0100, loss: 0.3922, lr: 9.05e-06
     Epoch[2] Iteration[740/993], entropy: 0.6763, uncertainty: 2.2608, uncertainty_coeffi: 0.0100, loss: 0.4216, lr: 9.05e-06
     Epoch[2] Iteration[750/993], entropy: 0.3306, uncertainty: 2.7339, uncertainty_coeffi: 0.0100, loss: 0.1475, lr: 9.05e-06
     Epoch[2] Iteration[760/993], entropy: 0.5261, uncertainty: 2.3517, uncertainty_coeffi: 0.0100, loss: 0.2372, lr: 9.05e-06
     Epoch[2] Iteration[770/993], entropy: 0.6055, uncertainty: 2.2099, uncertainty_coeffi: 0.0100, loss: 0.4093, lr: 9.05e-06
     Epoch[2] Iteration[780/993], entropy: 0.3520, uncertainty: 2.4397, uncertainty_coeffi: 0.0100, loss: 0.2310, lr: 9.05e-06
     Epoch[2] Iteration[790/993], entropy: 0.4656, uncertainty: 2.2403, uncertainty_coeffi: 0.0100, loss: 0.2927, lr: 9.05e-06
     Epoch[2] Iteration[800/993], entropy: 0.2508, uncertainty: 1.9982, uncertainty_coeffi: 0.0100, loss: 0.1755, lr: 9.05e-06
     Epoch[2] Iteration[810/993], entropy: 0.5197, uncertainty: 2.5859, uncertainty_coeffi: 0.0100, loss: 0.2686, lr: 9.05e-06
     Epoch[2] Iteration[820/993], entropy: 0.3309, uncertainty: 1.9965, uncertainty_coeffi: 0.0100, loss: 0.2456, lr: 9.05e-06
     Epoch[2] Iteration[830/993], entropy: 0.4639, uncertainty: 2.2200, uncertainty_coeffi: 0.0100, loss: 0.2281, lr: 9.05e-06
     Epoch[2] Iteration[840/993], entropy: 0.3877, uncertainty: 2.4481, uncertainty_coeffi: 0.0100, loss: 0.2279, lr: 9.05e-06
     Epoch[2] Iteration[850/993], entropy: 0.6250, uncertainty: 1.9818, uncertainty_coeffi: 0.0100, loss: 0.3831, lr: 9.05e-06
     Epoch[2] Iteration[860/993], entropy: 0.4634, uncertainty: 2.6049, uncertainty_coeffi: 0.0100, loss: 0.2243, lr: 9.05e-06
     Epoch[2] Iteration[870/993], entropy: 0.4267, uncertainty: 1.9469, uncertainty_coeffi: 0.0100, loss: 0.2468, lr: 9.05e-06
     Epoch[2] Iteration[880/993], entropy: 0.3514, uncertainty: 2.9686, uncertainty_coeffi: 0.0100, loss: 0.1416, lr: 9.05e-06
     Epoch[2] Iteration[890/993], entropy: 0.7603, uncertainty: 1.9777, uncertainty_coeffi: 0.0100, loss: 0.4683, lr: 9.05e-06
     Epoch[2] Iteration[900/993], entropy: 0.3706, uncertainty: 2.4853, uncertainty_coeffi: 0.0100, loss: 0.2378, lr: 9.05e-06
     Epoch[2] Iteration[910/993], entropy: 0.4695, uncertainty: 2.7686, uncertainty_coeffi: 0.0100, loss: 0.2109, lr: 9.05e-06
     Epoch[2] Iteration[920/993], entropy: 0.5371, uncertainty: 2.1325, uncertainty_coeffi: 0.0100, loss: 0.3072, lr: 9.05e-06
     Epoch[2] Iteration[930/993], entropy: 0.5521, uncertainty: 2.6366, uncertainty_coeffi: 0.0100, loss: 0.2772, lr: 9.05e-06
     Epoch[2] Iteration[940/993], entropy: 0.7075, uncertainty: 2.7261, uncertainty_coeffi: 0.0100, loss: 0.3309, lr: 9.05e-06
     Epoch[2] Iteration[950/993], entropy: 0.6459, uncertainty: 2.4113, uncertainty_coeffi: 0.0100, loss: 0.4168, lr: 9.05e-06
     Epoch[2] Iteration[960/993], entropy: 0.4222, uncertainty: 2.1535, uncertainty_coeffi: 0.0100, loss: 0.2546, lr: 9.05e-06
     Epoch[2] Iteration[970/993], entropy: 0.2753, uncertainty: 2.5409, uncertainty_coeffi: 0.0100, loss: 0.1957, lr: 9.05e-06
     Epoch[2] Iteration[980/993], entropy: 0.2797, uncertainty: 2.2205, uncertainty_coeffi: 0.0100, loss: 0.1508, lr: 9.05e-06
     Epoch[2] Iteration[990/993], entropy: 0.4397, uncertainty: 2.3253, uncertainty_coeffi: 0.0100, loss: 0.2518, lr: 9.05e-06
     Averaged stats: entropy_avg: 0.4908, uncertainty_avg: 2.3495, uncertainty_coeffi_avg: 0.0100, loss_avg: 0.2799, lr_avg: 9.05e-06
     itm tta time 0:03:00
### TTA Eval Score: 
+-------+--------+--------+--------+--------+-------+
| epoch |   R1   |   R5   |  R10   |  mAP   |  mINP |
+-------+--------+--------+--------+--------+-------+
|  -999 | 60.641 | 77.509 | 83.268 | 35.542 | 6.004 |
|   0   | 60.978 | 77.559 | 83.233 | 35.740 | 6.015 |
|   1   | 61.185 | 77.529 | 83.328 | 35.865 | 6.024 |
|   2   | 61.301 | 77.575 | 83.338 | 35.954 | 6.031 |
+-------+--------+--------+--------+--------+-------+
     logs:  {'epo': 2, 'R1': 61.301, 'R5': 77.575, 'R10': 83.338, 'mAP': 35.954, 'mINP': 6.031, 'entropy': 0.49076229996151394, 'uncertainty': 2.349469684591197, 'uncertainty_coeffi': 0.009999999776482582, 'loss': 0.27988904458705827, 'lr': 9.05473057821915e-06}
     Epoch[3] Iteration[10/993], entropy: 0.6560, uncertainty: 2.2853, uncertainty_coeffi: 0.0100, loss: 0.3849, lr: 6.55e-06
     Epoch[3] Iteration[20/993], entropy: 0.5883, uncertainty: 2.2110, uncertainty_coeffi: 0.0100, loss: 0.3428, lr: 6.55e-06
     Epoch[3] Iteration[30/993], entropy: 0.5876, uncertainty: 1.9606, uncertainty_coeffi: 0.0100, loss: 0.3479, lr: 6.55e-06
     Epoch[3] Iteration[40/993], entropy: 0.5969, uncertainty: 2.3639, uncertainty_coeffi: 0.0100, loss: 0.4273, lr: 6.55e-06
     Epoch[3] Iteration[50/993], entropy: 0.3164, uncertainty: 2.1962, uncertainty_coeffi: 0.0100, loss: 0.1606, lr: 6.55e-06
     Epoch[3] Iteration[60/993], entropy: 0.5574, uncertainty: 2.2252, uncertainty_coeffi: 0.0100, loss: 0.3215, lr: 6.55e-06
     Epoch[3] Iteration[70/993], entropy: 0.6627, uncertainty: 2.0419, uncertainty_coeffi: 0.0100, loss: 0.3397, lr: 6.55e-06
     Epoch[3] Iteration[80/993], entropy: 0.3090, uncertainty: 2.1475, uncertainty_coeffi: 0.0100, loss: 0.2178, lr: 6.55e-06
     Epoch[3] Iteration[90/993], entropy: 0.2465, uncertainty: 1.8863, uncertainty_coeffi: 0.0100, loss: 0.1429, lr: 6.55e-06
     Epoch[3] Iteration[100/993], entropy: 0.5055, uncertainty: 2.3978, uncertainty_coeffi: 0.0100, loss: 0.2486, lr: 6.55e-06
     Epoch[3] Iteration[110/993], entropy: 0.4418, uncertainty: 1.8847, uncertainty_coeffi: 0.0100, loss: 0.2731, lr: 6.55e-06
     Epoch[3] Iteration[120/993], entropy: 0.5011, uncertainty: 2.4029, uncertainty_coeffi: 0.0100, loss: 0.3164, lr: 6.55e-06
     Epoch[3] Iteration[130/993], entropy: 0.6754, uncertainty: 1.9444, uncertainty_coeffi: 0.0100, loss: 0.3736, lr: 6.55e-06
     Epoch[3] Iteration[140/993], entropy: 0.3640, uncertainty: 1.9233, uncertainty_coeffi: 0.0100, loss: 0.2159, lr: 6.55e-06
     Epoch[3] Iteration[150/993], entropy: 0.7462, uncertainty: 2.1785, uncertainty_coeffi: 0.0100, loss: 0.4928, lr: 6.55e-06
     Epoch[3] Iteration[160/993], entropy: 0.4005, uncertainty: 2.3691, uncertainty_coeffi: 0.0100, loss: 0.2412, lr: 6.55e-06
     Epoch[3] Iteration[170/993], entropy: 0.5505, uncertainty: 2.3652, uncertainty_coeffi: 0.0100, loss: 0.3078, lr: 6.55e-06
     Epoch[3] Iteration[180/993], entropy: 0.3689, uncertainty: 2.1919, uncertainty_coeffi: 0.0100, loss: 0.1982, lr: 6.55e-06
     Epoch[3] Iteration[190/993], entropy: 0.6567, uncertainty: 2.7859, uncertainty_coeffi: 0.0100, loss: 0.3653, lr: 6.55e-06
     Epoch[3] Iteration[200/993], entropy: 0.3802, uncertainty: 2.2028, uncertainty_coeffi: 0.0100, loss: 0.2503, lr: 6.55e-06
     Epoch[3] Iteration[210/993], entropy: 0.2644, uncertainty: 2.1980, uncertainty_coeffi: 0.0100, loss: 0.1722, lr: 6.55e-06
     Epoch[3] Iteration[220/993], entropy: 0.3534, uncertainty: 2.8767, uncertainty_coeffi: 0.0100, loss: 0.2037, lr: 6.55e-06
     Epoch[3] Iteration[230/993], entropy: 0.5406, uncertainty: 2.2983, uncertainty_coeffi: 0.0100, loss: 0.3770, lr: 6.55e-06
     Epoch[3] Iteration[240/993], entropy: 0.3205, uncertainty: 1.9416, uncertainty_coeffi: 0.0100, loss: 0.2393, lr: 6.55e-06
     Epoch[3] Iteration[250/993], entropy: 0.3606, uncertainty: 1.6547, uncertainty_coeffi: 0.0100, loss: 0.2492, lr: 6.55e-06
     Epoch[3] Iteration[260/993], entropy: 0.5919, uncertainty: 2.3544, uncertainty_coeffi: 0.0100, loss: 0.3628, lr: 6.55e-06
     Epoch[3] Iteration[270/993], entropy: 0.4552, uncertainty: 1.8912, uncertainty_coeffi: 0.0100, loss: 0.3369, lr: 6.55e-06
     Epoch[3] Iteration[280/993], entropy: 0.4740, uncertainty: 2.8193, uncertainty_coeffi: 0.0100, loss: 0.2946, lr: 6.55e-06
     Epoch[3] Iteration[290/993], entropy: 0.4629, uncertainty: 2.3185, uncertainty_coeffi: 0.0100, loss: 0.2469, lr: 6.55e-06
     Epoch[3] Iteration[300/993], entropy: 0.7688, uncertainty: 2.5311, uncertainty_coeffi: 0.0100, loss: 0.3530, lr: 6.55e-06
     Epoch[3] Iteration[310/993], entropy: 0.5210, uncertainty: 2.2452, uncertainty_coeffi: 0.0100, loss: 0.3115, lr: 6.55e-06
     Epoch[3] Iteration[320/993], entropy: 0.4806, uncertainty: 1.9209, uncertainty_coeffi: 0.0100, loss: 0.3317, lr: 6.55e-06
     Epoch[3] Iteration[330/993], entropy: 0.6266, uncertainty: 2.4634, uncertainty_coeffi: 0.0100, loss: 0.3441, lr: 6.55e-06
     Epoch[3] Iteration[340/993], entropy: 0.5456, uncertainty: 2.0788, uncertainty_coeffi: 0.0100, loss: 0.3327, lr: 6.55e-06
     Epoch[3] Iteration[350/993], entropy: 0.4385, uncertainty: 2.6656, uncertainty_coeffi: 0.0100, loss: 0.2176, lr: 6.55e-06
     Epoch[3] Iteration[360/993], entropy: 0.3913, uncertainty: 1.8252, uncertainty_coeffi: 0.0100, loss: 0.2371, lr: 6.55e-06
     Epoch[3] Iteration[370/993], entropy: 0.5861, uncertainty: 2.7676, uncertainty_coeffi: 0.0100, loss: 0.2667, lr: 6.55e-06
     Epoch[3] Iteration[380/993], entropy: 0.4556, uncertainty: 2.9118, uncertainty_coeffi: 0.0100, loss: 0.1997, lr: 6.55e-06
     Epoch[3] Iteration[390/993], entropy: 0.4989, uncertainty: 2.7143, uncertainty_coeffi: 0.0100, loss: 0.2437, lr: 6.55e-06
     Epoch[3] Iteration[400/993], entropy: 0.4506, uncertainty: 2.1839, uncertainty_coeffi: 0.0100, loss: 0.3023, lr: 6.55e-06
     Epoch[3] Iteration[410/993], entropy: 0.3592, uncertainty: 2.3076, uncertainty_coeffi: 0.0100, loss: 0.2340, lr: 6.55e-06
     Epoch[3] Iteration[420/993], entropy: 0.5286, uncertainty: 2.6795, uncertainty_coeffi: 0.0100, loss: 0.2381, lr: 6.55e-06
     Epoch[3] Iteration[430/993], entropy: 0.5904, uncertainty: 2.1415, uncertainty_coeffi: 0.0100, loss: 0.3599, lr: 6.55e-06
     Epoch[3] Iteration[440/993], entropy: 0.4505, uncertainty: 2.5413, uncertainty_coeffi: 0.0100, loss: 0.2454, lr: 6.55e-06
     Epoch[3] Iteration[450/993], entropy: 0.5661, uncertainty: 2.3277, uncertainty_coeffi: 0.0100, loss: 0.2953, lr: 6.55e-06
     Epoch[3] Iteration[460/993], entropy: 0.5185, uncertainty: 2.2086, uncertainty_coeffi: 0.0100, loss: 0.3349, lr: 6.55e-06
     Epoch[3] Iteration[470/993], entropy: 0.4784, uncertainty: 2.3544, uncertainty_coeffi: 0.0100, loss: 0.2286, lr: 6.55e-06
     Epoch[3] Iteration[480/993], entropy: 0.8299, uncertainty: 2.5167, uncertainty_coeffi: 0.0100, loss: 0.4249, lr: 6.55e-06
     Epoch[3] Iteration[490/993], entropy: 0.6358, uncertainty: 2.1391, uncertainty_coeffi: 0.0100, loss: 0.3469, lr: 6.55e-06
     Epoch[3] Iteration[500/993], entropy: 0.8203, uncertainty: 1.8926, uncertainty_coeffi: 0.0100, loss: 0.4882, lr: 6.55e-06
     Epoch[3] Iteration[510/993], entropy: 0.5331, uncertainty: 2.6271, uncertainty_coeffi: 0.0100, loss: 0.3698, lr: 6.55e-06
     Epoch[3] Iteration[520/993], entropy: 0.5257, uncertainty: 2.4678, uncertainty_coeffi: 0.0100, loss: 0.2735, lr: 6.55e-06
     Epoch[3] Iteration[530/993], entropy: 0.6591, uncertainty: 2.1965, uncertainty_coeffi: 0.0100, loss: 0.3833, lr: 6.55e-06
     Epoch[3] Iteration[540/993], entropy: 0.4843, uncertainty: 2.4902, uncertainty_coeffi: 0.0100, loss: 0.2811, lr: 6.55e-06
     Epoch[3] Iteration[550/993], entropy: 0.4009, uncertainty: 2.4774, uncertainty_coeffi: 0.0100, loss: 0.2716, lr: 6.55e-06
     Epoch[3] Iteration[560/993], entropy: 0.4044, uncertainty: 2.4080, uncertainty_coeffi: 0.0100, loss: 0.2336, lr: 6.55e-06
     Epoch[3] Iteration[570/993], entropy: 0.6369, uncertainty: 2.0666, uncertainty_coeffi: 0.0100, loss: 0.3872, lr: 6.55e-06
     Epoch[3] Iteration[580/993], entropy: 0.2392, uncertainty: 3.0654, uncertainty_coeffi: 0.0100, loss: 0.1311, lr: 6.55e-06
     Epoch[3] Iteration[590/993], entropy: 0.4491, uncertainty: 2.0533, uncertainty_coeffi: 0.0100, loss: 0.2519, lr: 6.55e-06
     Epoch[3] Iteration[600/993], entropy: 0.4687, uncertainty: 1.6647, uncertainty_coeffi: 0.0100, loss: 0.3147, lr: 6.55e-06
     Epoch[3] Iteration[610/993], entropy: 0.6474, uncertainty: 2.2610, uncertainty_coeffi: 0.0100, loss: 0.3750, lr: 6.55e-06
     Epoch[3] Iteration[620/993], entropy: 0.5368, uncertainty: 2.9529, uncertainty_coeffi: 0.0100, loss: 0.2321, lr: 6.55e-06
     Epoch[3] Iteration[630/993], entropy: 0.7175, uncertainty: 2.5794, uncertainty_coeffi: 0.0100, loss: 0.4122, lr: 6.55e-06
     Epoch[3] Iteration[640/993], entropy: 0.4934, uncertainty: 2.4150, uncertainty_coeffi: 0.0100, loss: 0.2390, lr: 6.55e-06
     Epoch[3] Iteration[650/993], entropy: 0.5522, uncertainty: 2.2171, uncertainty_coeffi: 0.0100, loss: 0.3006, lr: 6.55e-06
     Epoch[3] Iteration[660/993], entropy: 0.3259, uncertainty: 2.3771, uncertainty_coeffi: 0.0100, loss: 0.1795, lr: 6.55e-06
     Epoch[3] Iteration[670/993], entropy: 0.5172, uncertainty: 2.1688, uncertainty_coeffi: 0.0100, loss: 0.2727, lr: 6.55e-06
     Epoch[3] Iteration[680/993], entropy: 0.7370, uncertainty: 1.8136, uncertainty_coeffi: 0.0100, loss: 0.4314, lr: 6.55e-06
     Epoch[3] Iteration[690/993], entropy: 0.3095, uncertainty: 2.0580, uncertainty_coeffi: 0.0100, loss: 0.1789, lr: 6.55e-06
     Epoch[3] Iteration[700/993], entropy: 0.6247, uncertainty: 2.9080, uncertainty_coeffi: 0.0100, loss: 0.3499, lr: 6.55e-06
     Epoch[3] Iteration[710/993], entropy: 0.4845, uncertainty: 2.6966, uncertainty_coeffi: 0.0100, loss: 0.2531, lr: 6.55e-06
     Epoch[3] Iteration[720/993], entropy: 0.5827, uncertainty: 2.5378, uncertainty_coeffi: 0.0100, loss: 0.2988, lr: 6.55e-06
     Epoch[3] Iteration[730/993], entropy: 0.6131, uncertainty: 2.1468, uncertainty_coeffi: 0.0100, loss: 0.3660, lr: 6.55e-06
     Epoch[3] Iteration[740/993], entropy: 0.3414, uncertainty: 2.2412, uncertainty_coeffi: 0.0100, loss: 0.2460, lr: 6.55e-06
     Epoch[3] Iteration[750/993], entropy: 0.3713, uncertainty: 2.5889, uncertainty_coeffi: 0.0100, loss: 0.2121, lr: 6.55e-06
     Epoch[3] Iteration[760/993], entropy: 0.4144, uncertainty: 2.2135, uncertainty_coeffi: 0.0100, loss: 0.2540, lr: 6.55e-06
     Epoch[3] Iteration[770/993], entropy: 0.4793, uncertainty: 2.2574, uncertainty_coeffi: 0.0100, loss: 0.2774, lr: 6.55e-06
     Epoch[3] Iteration[780/993], entropy: 0.4747, uncertainty: 2.3839, uncertainty_coeffi: 0.0100, loss: 0.2904, lr: 6.55e-06
     Epoch[3] Iteration[790/993], entropy: 0.4320, uncertainty: 2.3888, uncertainty_coeffi: 0.0100, loss: 0.2385, lr: 6.55e-06
     Epoch[3] Iteration[800/993], entropy: 0.4124, uncertainty: 1.7767, uncertainty_coeffi: 0.0100, loss: 0.3032, lr: 6.55e-06
     Epoch[3] Iteration[810/993], entropy: 0.5005, uncertainty: 2.3493, uncertainty_coeffi: 0.0100, loss: 0.2806, lr: 6.55e-06
     Epoch[3] Iteration[820/993], entropy: 0.4994, uncertainty: 2.2541, uncertainty_coeffi: 0.0100, loss: 0.3154, lr: 6.55e-06
     Epoch[3] Iteration[830/993], entropy: 0.3465, uncertainty: 1.9094, uncertainty_coeffi: 0.0100, loss: 0.2009, lr: 6.55e-06
     Epoch[3] Iteration[840/993], entropy: 0.3721, uncertainty: 1.8417, uncertainty_coeffi: 0.0100, loss: 0.2351, lr: 6.55e-06
     Epoch[3] Iteration[850/993], entropy: 0.6135, uncertainty: 2.7169, uncertainty_coeffi: 0.0100, loss: 0.2590, lr: 6.55e-06
     Epoch[3] Iteration[860/993], entropy: 0.5925, uncertainty: 2.1258, uncertainty_coeffi: 0.0100, loss: 0.3696, lr: 6.55e-06
     Epoch[3] Iteration[870/993], entropy: 0.7423, uncertainty: 2.0613, uncertainty_coeffi: 0.0100, loss: 0.4235, lr: 6.55e-06
     Epoch[3] Iteration[880/993], entropy: 0.4922, uncertainty: 2.3534, uncertainty_coeffi: 0.0100, loss: 0.2918, lr: 6.55e-06
     Epoch[3] Iteration[890/993], entropy: 0.4735, uncertainty: 1.9377, uncertainty_coeffi: 0.0100, loss: 0.3401, lr: 6.55e-06
     Epoch[3] Iteration[900/993], entropy: 0.6629, uncertainty: 2.9269, uncertainty_coeffi: 0.0100, loss: 0.2780, lr: 6.55e-06
     Epoch[3] Iteration[910/993], entropy: 0.5355, uncertainty: 2.7559, uncertainty_coeffi: 0.0100, loss: 0.2451, lr: 6.55e-06
     Epoch[3] Iteration[920/993], entropy: 0.5433, uncertainty: 2.6688, uncertainty_coeffi: 0.0100, loss: 0.3551, lr: 6.55e-06
     Epoch[3] Iteration[930/993], entropy: 0.3240, uncertainty: 2.5287, uncertainty_coeffi: 0.0100, loss: 0.2101, lr: 6.55e-06
     Epoch[3] Iteration[940/993], entropy: 0.5419, uncertainty: 2.8531, uncertainty_coeffi: 0.0100, loss: 0.2915, lr: 6.55e-06
     Epoch[3] Iteration[950/993], entropy: 0.3677, uncertainty: 2.1133, uncertainty_coeffi: 0.0100, loss: 0.2490, lr: 6.55e-06
     Epoch[3] Iteration[960/993], entropy: 0.6139, uncertainty: 2.5864, uncertainty_coeffi: 0.0100, loss: 0.3563, lr: 6.55e-06
     Epoch[3] Iteration[970/993], entropy: 0.7131, uncertainty: 1.9950, uncertainty_coeffi: 0.0100, loss: 0.4212, lr: 6.55e-06
     Epoch[3] Iteration[980/993], entropy: 0.4930, uncertainty: 2.4329, uncertainty_coeffi: 0.0100, loss: 0.2668, lr: 6.55e-06
     Epoch[3] Iteration[990/993], entropy: 0.6223, uncertainty: 2.3130, uncertainty_coeffi: 0.0100, loss: 0.3431, lr: 6.55e-06
     Averaged stats: entropy_avg: 0.5090, uncertainty_avg: 2.3127, uncertainty_coeffi_avg: 0.0100, loss_avg: 0.2942, lr_avg: 6.55e-06
     itm tta time 0:02:58
     Epoch[4] Iteration[10/993], entropy: 0.3965, uncertainty: 2.0645, uncertainty_coeffi: 0.0100, loss: 0.2359, lr: 0.00e+00
     Epoch[4] Iteration[20/993], entropy: 0.6767, uncertainty: 2.5735, uncertainty_coeffi: 0.0100, loss: 0.4030, lr: 0.00e+00
     Epoch[4] Iteration[30/993], entropy: 0.4134, uncertainty: 2.1618, uncertainty_coeffi: 0.0100, loss: 0.2490, lr: 0.00e+00
     Epoch[4] Iteration[40/993], entropy: 0.6457, uncertainty: 2.2064, uncertainty_coeffi: 0.0100, loss: 0.3594, lr: 9.55e-07
     Epoch[4] Iteration[50/993], entropy: 0.6869, uncertainty: 2.4878, uncertainty_coeffi: 0.0100, loss: 0.3526, lr: 9.55e-07
     Epoch[4] Iteration[60/993], entropy: 0.7959, uncertainty: 2.4479, uncertainty_coeffi: 0.0100, loss: 0.4743, lr: 9.55e-07
     Epoch[4] Iteration[70/993], entropy: 0.6318, uncertainty: 2.9284, uncertainty_coeffi: 0.0100, loss: 0.3227, lr: 9.55e-07
     Epoch[4] Iteration[80/993], entropy: 0.4883, uncertainty: 1.7955, uncertainty_coeffi: 0.0100, loss: 0.3636, lr: 9.55e-07
     Epoch[4] Iteration[90/993], entropy: 0.3775, uncertainty: 1.9414, uncertainty_coeffi: 0.0100, loss: 0.2496, lr: 9.55e-07
     Epoch[4] Iteration[100/993], entropy: 0.5028, uncertainty: 2.0073, uncertainty_coeffi: 0.0100, loss: 0.2709, lr: 9.55e-07
     Epoch[4] Iteration[110/993], entropy: 0.5108, uncertainty: 2.7937, uncertainty_coeffi: 0.0100, loss: 0.2421, lr: 9.55e-07
     Epoch[4] Iteration[120/993], entropy: 0.3771, uncertainty: 2.3467, uncertainty_coeffi: 0.0100, loss: 0.1958, lr: 9.55e-07
     Epoch[4] Iteration[130/993], entropy: 0.5448, uncertainty: 2.3694, uncertainty_coeffi: 0.0100, loss: 0.2563, lr: 9.55e-07
     Epoch[4] Iteration[140/993], entropy: 0.3373, uncertainty: 1.8143, uncertainty_coeffi: 0.0100, loss: 0.2716, lr: 9.55e-07
     Epoch[4] Iteration[150/993], entropy: 0.5868, uncertainty: 2.6374, uncertainty_coeffi: 0.0100, loss: 0.2936, lr: 9.55e-07
     Epoch[4] Iteration[160/993], entropy: 0.5334, uncertainty: 2.1271, uncertainty_coeffi: 0.0100, loss: 0.3066, lr: 9.55e-07
     Epoch[4] Iteration[170/993], entropy: 0.3560, uncertainty: 2.1102, uncertainty_coeffi: 0.0100, loss: 0.1888, lr: 9.55e-07
     Epoch[4] Iteration[180/993], entropy: 0.4922, uncertainty: 2.5353, uncertainty_coeffi: 0.0100, loss: 0.2744, lr: 9.55e-07
     Epoch[4] Iteration[190/993], entropy: 0.7094, uncertainty: 2.1228, uncertainty_coeffi: 0.0100, loss: 0.4346, lr: 9.55e-07
     Epoch[4] Iteration[200/993], entropy: 0.4540, uncertainty: 2.5328, uncertainty_coeffi: 0.0100, loss: 0.2886, lr: 9.55e-07
     Epoch[4] Iteration[210/993], entropy: 0.4401, uncertainty: 2.0586, uncertainty_coeffi: 0.0100, loss: 0.3385, lr: 9.55e-07
     Epoch[4] Iteration[220/993], entropy: 0.3226, uncertainty: 2.5840, uncertainty_coeffi: 0.0100, loss: 0.1812, lr: 9.55e-07
     Epoch[4] Iteration[230/993], entropy: 0.5266, uncertainty: 1.9606, uncertainty_coeffi: 0.0100, loss: 0.2890, lr: 9.55e-07
     Epoch[4] Iteration[240/993], entropy: 0.4235, uncertainty: 2.8550, uncertainty_coeffi: 0.0100, loss: 0.1870, lr: 9.55e-07
     Epoch[4] Iteration[250/993], entropy: 0.5743, uncertainty: 2.4775, uncertainty_coeffi: 0.0100, loss: 0.2851, lr: 9.55e-07
     Epoch[4] Iteration[260/993], entropy: 0.5668, uncertainty: 2.1670, uncertainty_coeffi: 0.0100, loss: 0.3852, lr: 9.55e-07
     Epoch[4] Iteration[270/993], entropy: 0.3520, uncertainty: 2.3585, uncertainty_coeffi: 0.0100, loss: 0.2560, lr: 9.55e-07
     Epoch[4] Iteration[280/993], entropy: 0.5544, uncertainty: 2.6686, uncertainty_coeffi: 0.0100, loss: 0.2385, lr: 9.55e-07
     Epoch[4] Iteration[290/993], entropy: 0.1455, uncertainty: 2.6015, uncertainty_coeffi: 0.0100, loss: 0.0861, lr: 9.55e-07
     Epoch[4] Iteration[300/993], entropy: 0.5826, uncertainty: 2.1876, uncertainty_coeffi: 0.0100, loss: 0.3110, lr: 9.55e-07
     Epoch[4] Iteration[310/993], entropy: 0.7053, uncertainty: 2.6721, uncertainty_coeffi: 0.0100, loss: 0.3705, lr: 9.55e-07
     Epoch[4] Iteration[320/993], entropy: 0.7552, uncertainty: 2.4419, uncertainty_coeffi: 0.0100, loss: 0.4033, lr: 9.55e-07
     Epoch[4] Iteration[330/993], entropy: 0.4602, uncertainty: 1.9202, uncertainty_coeffi: 0.0100, loss: 0.3185, lr: 9.55e-07
     Epoch[4] Iteration[340/993], entropy: 0.4736, uncertainty: 3.1628, uncertainty_coeffi: 0.0100, loss: 0.1904, lr: 9.55e-07
     Epoch[4] Iteration[350/993], entropy: 0.6289, uncertainty: 2.3705, uncertainty_coeffi: 0.0100, loss: 0.3559, lr: 9.55e-07
     Epoch[4] Iteration[360/993], entropy: 0.4935, uncertainty: 2.2307, uncertainty_coeffi: 0.0100, loss: 0.2948, lr: 9.55e-07
     Epoch[4] Iteration[370/993], entropy: 0.5681, uncertainty: 1.9652, uncertainty_coeffi: 0.0100, loss: 0.4006, lr: 9.55e-07
     Epoch[4] Iteration[380/993], entropy: 0.4850, uncertainty: 1.9112, uncertainty_coeffi: 0.0100, loss: 0.2998, lr: 9.55e-07
     Epoch[4] Iteration[390/993], entropy: 0.6693, uncertainty: 2.2903, uncertainty_coeffi: 0.0100, loss: 0.3748, lr: 9.55e-07
     Epoch[4] Iteration[400/993], entropy: 0.4313, uncertainty: 2.2333, uncertainty_coeffi: 0.0100, loss: 0.2550, lr: 9.55e-07
     Epoch[4] Iteration[410/993], entropy: 0.3507, uncertainty: 2.3103, uncertainty_coeffi: 0.0100, loss: 0.2135, lr: 9.55e-07
     Epoch[4] Iteration[420/993], entropy: 0.4147, uncertainty: 2.2395, uncertainty_coeffi: 0.0100, loss: 0.2170, lr: 9.55e-07
     Epoch[4] Iteration[430/993], entropy: 0.2181, uncertainty: 2.0623, uncertainty_coeffi: 0.0100, loss: 0.1572, lr: 9.55e-07
     Epoch[4] Iteration[440/993], entropy: 0.7087, uncertainty: 2.4391, uncertainty_coeffi: 0.0100, loss: 0.4268, lr: 9.55e-07
     Epoch[4] Iteration[450/993], entropy: 0.4103, uncertainty: 2.3779, uncertainty_coeffi: 0.0100, loss: 0.2452, lr: 9.55e-07
     Epoch[4] Iteration[460/993], entropy: 0.5744, uncertainty: 1.8608, uncertainty_coeffi: 0.0100, loss: 0.3704, lr: 9.55e-07
     Epoch[4] Iteration[470/993], entropy: 0.4176, uncertainty: 2.6239, uncertainty_coeffi: 0.0100, loss: 0.1984, lr: 9.55e-07
     Epoch[4] Iteration[480/993], entropy: 0.3711, uncertainty: 2.3300, uncertainty_coeffi: 0.0100, loss: 0.2193, lr: 9.55e-07
     Epoch[4] Iteration[490/993], entropy: 0.4697, uncertainty: 2.5422, uncertainty_coeffi: 0.0100, loss: 0.2131, lr: 9.55e-07
     Epoch[4] Iteration[500/993], entropy: 0.5515, uncertainty: 1.8041, uncertainty_coeffi: 0.0100, loss: 0.3902, lr: 9.55e-07
     Epoch[4] Iteration[510/993], entropy: 0.7349, uncertainty: 2.3873, uncertainty_coeffi: 0.0100, loss: 0.4534, lr: 9.55e-07
     Epoch[4] Iteration[520/993], entropy: 0.6675, uncertainty: 2.2835, uncertainty_coeffi: 0.0100, loss: 0.3793, lr: 9.55e-07
     Epoch[4] Iteration[530/993], entropy: 0.4064, uncertainty: 2.0826, uncertainty_coeffi: 0.0100, loss: 0.2333, lr: 9.55e-07
     Epoch[4] Iteration[540/993], entropy: 0.4841, uncertainty: 2.3510, uncertainty_coeffi: 0.0100, loss: 0.3134, lr: 9.55e-07
     Epoch[4] Iteration[550/993], entropy: 0.3483, uncertainty: 2.8005, uncertainty_coeffi: 0.0100, loss: 0.1818, lr: 9.55e-07
     Epoch[4] Iteration[560/993], entropy: 0.7096, uncertainty: 2.0645, uncertainty_coeffi: 0.0100, loss: 0.5022, lr: 9.55e-07
     Epoch[4] Iteration[570/993], entropy: 0.3436, uncertainty: 1.9787, uncertainty_coeffi: 0.0100, loss: 0.2246, lr: 9.55e-07
     Epoch[4] Iteration[580/993], entropy: 0.5023, uncertainty: 2.5696, uncertainty_coeffi: 0.0100, loss: 0.2868, lr: 9.55e-07
     Epoch[4] Iteration[590/993], entropy: 0.6574, uncertainty: 2.2102, uncertainty_coeffi: 0.0100, loss: 0.3870, lr: 9.55e-07
     Epoch[4] Iteration[600/993], entropy: 0.4872, uncertainty: 2.7792, uncertainty_coeffi: 0.0100, loss: 0.2313, lr: 9.55e-07
     Epoch[4] Iteration[610/993], entropy: 0.3348, uncertainty: 2.8274, uncertainty_coeffi: 0.0100, loss: 0.1619, lr: 9.55e-07
     Epoch[4] Iteration[620/993], entropy: 0.4400, uncertainty: 2.4190, uncertainty_coeffi: 0.0100, loss: 0.2324, lr: 9.55e-07
     Epoch[4] Iteration[630/993], entropy: 0.5085, uncertainty: 3.0233, uncertainty_coeffi: 0.0100, loss: 0.2444, lr: 9.55e-07
     Epoch[4] Iteration[640/993], entropy: 0.2526, uncertainty: 1.7127, uncertainty_coeffi: 0.0100, loss: 0.1934, lr: 9.55e-07
     Epoch[4] Iteration[650/993], entropy: 0.5240, uncertainty: 3.1360, uncertainty_coeffi: 0.0100, loss: 0.2124, lr: 9.55e-07
     Epoch[4] Iteration[660/993], entropy: 0.3168, uncertainty: 2.9203, uncertainty_coeffi: 0.0100, loss: 0.1514, lr: 9.55e-07
     Epoch[4] Iteration[670/993], entropy: 0.6714, uncertainty: 2.2803, uncertainty_coeffi: 0.0100, loss: 0.4203, lr: 9.55e-07
     Epoch[4] Iteration[680/993], entropy: 0.4249, uncertainty: 2.2374, uncertainty_coeffi: 0.0100, loss: 0.2931, lr: 9.55e-07
     Epoch[4] Iteration[690/993], entropy: 0.4993, uncertainty: 3.1634, uncertainty_coeffi: 0.0100, loss: 0.2049, lr: 9.55e-07
     Epoch[4] Iteration[700/993], entropy: 0.5398, uncertainty: 2.5545, uncertainty_coeffi: 0.0100, loss: 0.3101, lr: 9.55e-07
     Epoch[4] Iteration[710/993], entropy: 0.6071, uncertainty: 1.8992, uncertainty_coeffi: 0.0100, loss: 0.4323, lr: 9.55e-07
     Epoch[4] Iteration[720/993], entropy: 0.3390, uncertainty: 2.3469, uncertainty_coeffi: 0.0100, loss: 0.2225, lr: 9.55e-07
     Epoch[4] Iteration[730/993], entropy: 0.4754, uncertainty: 1.9893, uncertainty_coeffi: 0.0100, loss: 0.3360, lr: 9.55e-07
     Epoch[4] Iteration[740/993], entropy: 0.3464, uncertainty: 2.2577, uncertainty_coeffi: 0.0100, loss: 0.1890, lr: 9.55e-07
     Epoch[4] Iteration[750/993], entropy: 0.5150, uncertainty: 2.3349, uncertainty_coeffi: 0.0100, loss: 0.2738, lr: 9.55e-07
     Epoch[4] Iteration[760/993], entropy: 0.5663, uncertainty: 2.9164, uncertainty_coeffi: 0.0100, loss: 0.3298, lr: 9.55e-07
     Epoch[4] Iteration[770/993], entropy: 0.6269, uncertainty: 2.3860, uncertainty_coeffi: 0.0100, loss: 0.3471, lr: 9.55e-07
     Epoch[4] Iteration[780/993], entropy: 0.2681, uncertainty: 2.1092, uncertainty_coeffi: 0.0100, loss: 0.1513, lr: 9.55e-07
     Epoch[4] Iteration[790/993], entropy: 0.5927, uncertainty: 2.1500, uncertainty_coeffi: 0.0100, loss: 0.3968, lr: 9.55e-07
     Epoch[4] Iteration[800/993], entropy: 0.3956, uncertainty: 2.0834, uncertainty_coeffi: 0.0100, loss: 0.2292, lr: 9.55e-07
     Epoch[4] Iteration[810/993], entropy: 0.6940, uncertainty: 2.4109, uncertainty_coeffi: 0.0100, loss: 0.4044, lr: 9.55e-07
     Epoch[4] Iteration[820/993], entropy: 0.6379, uncertainty: 2.1576, uncertainty_coeffi: 0.0100, loss: 0.4004, lr: 9.55e-07
     Epoch[4] Iteration[830/993], entropy: 0.5467, uncertainty: 2.3625, uncertainty_coeffi: 0.0100, loss: 0.2529, lr: 9.55e-07
     Epoch[4] Iteration[840/993], entropy: 0.4078, uncertainty: 2.4951, uncertainty_coeffi: 0.0100, loss: 0.2435, lr: 9.55e-07
     Epoch[4] Iteration[850/993], entropy: 0.4225, uncertainty: 2.2167, uncertainty_coeffi: 0.0100, loss: 0.2583, lr: 9.55e-07
     Epoch[4] Iteration[860/993], entropy: 0.5850, uncertainty: 2.1241, uncertainty_coeffi: 0.0100, loss: 0.3197, lr: 9.55e-07
     Epoch[4] Iteration[870/993], entropy: 0.2628, uncertainty: 1.9071, uncertainty_coeffi: 0.0100, loss: 0.1900, lr: 9.55e-07
     Epoch[4] Iteration[880/993], entropy: 0.7019, uncertainty: 2.3051, uncertainty_coeffi: 0.0100, loss: 0.3895, lr: 9.55e-07
     Epoch[4] Iteration[890/993], entropy: 0.3917, uncertainty: 2.1051, uncertainty_coeffi: 0.0100, loss: 0.2522, lr: 9.55e-07
     Epoch[4] Iteration[900/993], entropy: 0.4031, uncertainty: 2.2446, uncertainty_coeffi: 0.0100, loss: 0.2556, lr: 9.55e-07
     Epoch[4] Iteration[910/993], entropy: 0.5545, uncertainty: 2.4666, uncertainty_coeffi: 0.0100, loss: 0.3012, lr: 9.55e-07
     Epoch[4] Iteration[920/993], entropy: 0.5227, uncertainty: 2.0005, uncertainty_coeffi: 0.0100, loss: 0.3335, lr: 9.55e-07
     Epoch[4] Iteration[930/993], entropy: 0.1943, uncertainty: 2.3141, uncertainty_coeffi: 0.0100, loss: 0.1264, lr: 9.55e-07
     Epoch[4] Iteration[940/993], entropy: 0.2535, uncertainty: 2.7541, uncertainty_coeffi: 0.0100, loss: 0.1588, lr: 9.55e-07
     Epoch[4] Iteration[950/993], entropy: 0.6669, uncertainty: 2.9042, uncertainty_coeffi: 0.0100, loss: 0.3569, lr: 9.55e-07
     Epoch[4] Iteration[960/993], entropy: 0.5350, uncertainty: 2.1802, uncertainty_coeffi: 0.0100, loss: 0.3020, lr: 9.55e-07
     Epoch[4] Iteration[970/993], entropy: 0.3468, uncertainty: 2.3181, uncertainty_coeffi: 0.0100, loss: 0.2051, lr: 9.55e-07
     Epoch[4] Iteration[980/993], entropy: 0.2603, uncertainty: 2.0876, uncertainty_coeffi: 0.0100, loss: 0.1937, lr: 9.55e-07
     Epoch[4] Iteration[990/993], entropy: 0.4973, uncertainty: 2.1896, uncertainty_coeffi: 0.0100, loss: 0.2913, lr: 9.55e-07
     Averaged stats: entropy_avg: 0.4912, uncertainty_avg: 2.3385, uncertainty_coeffi_avg: 0.0100, loss_avg: 0.2855, lr_avg: 9.26e-07
     itm tta time 0:02:59
### TTA Eval Score: 
+-------+--------+--------+--------+--------+-------+
| epoch |   R1   |   R5   |  R10   |  mAP   |  mINP |
+-------+--------+--------+--------+--------+-------+
|  -999 | 60.641 | 77.509 | 83.268 | 35.542 | 6.004 |
|   0   | 60.978 | 77.559 | 83.233 | 35.740 | 6.015 |
|   1   | 61.185 | 77.529 | 83.328 | 35.865 | 6.024 |
|   2   | 61.301 | 77.575 | 83.338 | 35.954 | 6.031 |
|   4   | 61.533 | 77.564 | 83.313 | 36.052 | 6.040 |
+-------+--------+--------+--------+--------+-------+
     logs:  {'epo': 4, 'R1': 61.533, 'R5': 77.564, 'R10': 83.313, 'mAP': 36.052, 'mINP': 6.04, 'entropy': 0.49124720677582906, 'uncertainty': 2.33847720574851, 'uncertainty_coeffi': 0.009999999776482582, 'loss': 0.28551696918227454, 'lr': 9.259782090918919e-07}
     Epoch[5] Iteration[10/993], entropy: 0.3192, uncertainty: 2.5718, uncertainty_coeffi: 0.0100, loss: 0.1753, lr: 3.45e-06
     Epoch[5] Iteration[20/993], entropy: 0.6095, uncertainty: 1.7995, uncertainty_coeffi: 0.0100, loss: 0.3942, lr: 3.45e-06
     Epoch[5] Iteration[30/993], entropy: 0.5402, uncertainty: 2.7752, uncertainty_coeffi: 0.0100, loss: 0.2778, lr: 3.45e-06
     Epoch[5] Iteration[40/993], entropy: 0.5200, uncertainty: 2.2938, uncertainty_coeffi: 0.0100, loss: 0.2766, lr: 3.45e-06
     Epoch[5] Iteration[50/993], entropy: 0.5018, uncertainty: 2.0540, uncertainty_coeffi: 0.0100, loss: 0.3297, lr: 3.45e-06
     Epoch[5] Iteration[60/993], entropy: 0.3999, uncertainty: 2.1898, uncertainty_coeffi: 0.0100, loss: 0.1897, lr: 3.45e-06
     Epoch[5] Iteration[70/993], entropy: 0.4999, uncertainty: 1.9578, uncertainty_coeffi: 0.0100, loss: 0.3402, lr: 3.45e-06
     Epoch[5] Iteration[80/993], entropy: 0.4209, uncertainty: 2.8278, uncertainty_coeffi: 0.0100, loss: 0.2606, lr: 3.45e-06
     Epoch[5] Iteration[90/993], entropy: 0.5042, uncertainty: 2.4929, uncertainty_coeffi: 0.0100, loss: 0.2893, lr: 3.45e-06
     Epoch[5] Iteration[100/993], entropy: 0.3829, uncertainty: 2.3078, uncertainty_coeffi: 0.0100, loss: 0.2128, lr: 3.45e-06
     Epoch[5] Iteration[110/993], entropy: 0.5180, uncertainty: 2.7432, uncertainty_coeffi: 0.0100, loss: 0.2370, lr: 3.45e-06
     Epoch[5] Iteration[120/993], entropy: 0.5990, uncertainty: 2.0360, uncertainty_coeffi: 0.0100, loss: 0.3577, lr: 3.45e-06
     Epoch[5] Iteration[130/993], entropy: 0.6517, uncertainty: 2.0208, uncertainty_coeffi: 0.0100, loss: 0.3182, lr: 3.45e-06
     Epoch[5] Iteration[140/993], entropy: 0.6034, uncertainty: 2.7034, uncertainty_coeffi: 0.0100, loss: 0.3268, lr: 3.45e-06
     Epoch[5] Iteration[150/993], entropy: 0.4264, uncertainty: 2.1289, uncertainty_coeffi: 0.0100, loss: 0.2599, lr: 3.45e-06
     Epoch[5] Iteration[160/993], entropy: 0.4096, uncertainty: 2.0518, uncertainty_coeffi: 0.0100, loss: 0.3015, lr: 3.45e-06
     Epoch[5] Iteration[170/993], entropy: 0.4779, uncertainty: 2.3078, uncertainty_coeffi: 0.0100, loss: 0.2467, lr: 3.45e-06
     Epoch[5] Iteration[180/993], entropy: 0.4812, uncertainty: 2.5123, uncertainty_coeffi: 0.0100, loss: 0.2581, lr: 3.45e-06
     Epoch[5] Iteration[190/993], entropy: 0.3946, uncertainty: 2.2594, uncertainty_coeffi: 0.0100, loss: 0.2479, lr: 3.45e-06
     Epoch[5] Iteration[200/993], entropy: 0.4383, uncertainty: 2.3880, uncertainty_coeffi: 0.0100, loss: 0.1823, lr: 3.45e-06
     Epoch[5] Iteration[210/993], entropy: 0.7286, uncertainty: 2.1653, uncertainty_coeffi: 0.0100, loss: 0.4319, lr: 3.45e-06
     Epoch[5] Iteration[220/993], entropy: 0.5354, uncertainty: 1.9018, uncertainty_coeffi: 0.0100, loss: 0.3184, lr: 3.45e-06
     Epoch[5] Iteration[230/993], entropy: 0.6111, uncertainty: 2.6694, uncertainty_coeffi: 0.0100, loss: 0.3210, lr: 3.45e-06
     Epoch[5] Iteration[240/993], entropy: 0.3490, uncertainty: 2.5692, uncertainty_coeffi: 0.0100, loss: 0.1601, lr: 3.45e-06
     Epoch[5] Iteration[250/993], entropy: 0.4477, uncertainty: 2.4833, uncertainty_coeffi: 0.0100, loss: 0.2389, lr: 3.45e-06
     Epoch[5] Iteration[260/993], entropy: 0.5548, uncertainty: 2.6718, uncertainty_coeffi: 0.0100, loss: 0.3040, lr: 3.45e-06
     Epoch[5] Iteration[270/993], entropy: 0.5102, uncertainty: 2.1838, uncertainty_coeffi: 0.0100, loss: 0.3239, lr: 3.45e-06
     Epoch[5] Iteration[280/993], entropy: 0.3432, uncertainty: 2.3321, uncertainty_coeffi: 0.0100, loss: 0.2377, lr: 3.45e-06
     Epoch[5] Iteration[290/993], entropy: 0.6772, uncertainty: 2.3517, uncertainty_coeffi: 0.0100, loss: 0.3720, lr: 3.45e-06
     Epoch[5] Iteration[300/993], entropy: 0.5038, uncertainty: 2.9585, uncertainty_coeffi: 0.0100, loss: 0.2242, lr: 3.45e-06
     Epoch[5] Iteration[310/993], entropy: 0.6959, uncertainty: 2.0889, uncertainty_coeffi: 0.0100, loss: 0.4210, lr: 3.45e-06
     Epoch[5] Iteration[320/993], entropy: 0.6080, uncertainty: 1.8137, uncertainty_coeffi: 0.0100, loss: 0.4457, lr: 3.45e-06
     Epoch[5] Iteration[330/993], entropy: 0.5768, uncertainty: 1.7749, uncertainty_coeffi: 0.0100, loss: 0.4039, lr: 3.45e-06
     Epoch[5] Iteration[340/993], entropy: 0.4171, uncertainty: 1.5616, uncertainty_coeffi: 0.0100, loss: 0.3202, lr: 3.45e-06
     Epoch[5] Iteration[350/993], entropy: 0.3796, uncertainty: 2.4430, uncertainty_coeffi: 0.0100, loss: 0.2247, lr: 3.45e-06
     Epoch[5] Iteration[360/993], entropy: 0.3366, uncertainty: 2.2306, uncertainty_coeffi: 0.0100, loss: 0.1733, lr: 3.45e-06
     Epoch[5] Iteration[370/993], entropy: 0.5904, uncertainty: 2.4315, uncertainty_coeffi: 0.0100, loss: 0.2639, lr: 3.45e-06
     Epoch[5] Iteration[380/993], entropy: 0.2118, uncertainty: 2.1444, uncertainty_coeffi: 0.0100, loss: 0.1342, lr: 3.45e-06
     Epoch[5] Iteration[390/993], entropy: 0.3366, uncertainty: 2.0244, uncertainty_coeffi: 0.0100, loss: 0.2190, lr: 3.45e-06
     Epoch[5] Iteration[400/993], entropy: 0.5160, uncertainty: 2.8242, uncertainty_coeffi: 0.0100, loss: 0.2702, lr: 3.45e-06
     Epoch[5] Iteration[410/993], entropy: 0.1663, uncertainty: 1.9088, uncertainty_coeffi: 0.0100, loss: 0.1228, lr: 3.45e-06
     Epoch[5] Iteration[420/993], entropy: 0.6458, uncertainty: 2.7621, uncertainty_coeffi: 0.0100, loss: 0.3106, lr: 3.45e-06
     Epoch[5] Iteration[430/993], entropy: 0.6933, uncertainty: 2.6138, uncertainty_coeffi: 0.0100, loss: 0.2867, lr: 3.45e-06
     Epoch[5] Iteration[440/993], entropy: 0.6763, uncertainty: 1.9815, uncertainty_coeffi: 0.0100, loss: 0.4071, lr: 3.45e-06
     Epoch[5] Iteration[450/993], entropy: 0.2976, uncertainty: 2.3860, uncertainty_coeffi: 0.0100, loss: 0.1782, lr: 3.45e-06
     Epoch[5] Iteration[460/993], entropy: 0.4636, uncertainty: 2.1519, uncertainty_coeffi: 0.0100, loss: 0.2676, lr: 3.45e-06
     Epoch[5] Iteration[470/993], entropy: 0.5577, uncertainty: 2.2738, uncertainty_coeffi: 0.0100, loss: 0.3067, lr: 3.45e-06
     Epoch[5] Iteration[480/993], entropy: 0.4708, uncertainty: 2.2244, uncertainty_coeffi: 0.0100, loss: 0.2730, lr: 3.45e-06
     Epoch[5] Iteration[490/993], entropy: 0.6370, uncertainty: 1.6869, uncertainty_coeffi: 0.0100, loss: 0.4232, lr: 3.45e-06
     Epoch[5] Iteration[500/993], entropy: 0.5819, uncertainty: 2.3577, uncertainty_coeffi: 0.0100, loss: 0.3266, lr: 3.45e-06
     Epoch[5] Iteration[510/993], entropy: 0.5766, uncertainty: 2.1872, uncertainty_coeffi: 0.0100, loss: 0.3258, lr: 3.45e-06
     Epoch[5] Iteration[520/993], entropy: 0.3900, uncertainty: 2.7619, uncertainty_coeffi: 0.0100, loss: 0.2507, lr: 3.45e-06
     Epoch[5] Iteration[530/993], entropy: 0.3487, uncertainty: 1.7483, uncertainty_coeffi: 0.0100, loss: 0.2406, lr: 3.45e-06
     Epoch[5] Iteration[540/993], entropy: 0.3513, uncertainty: 2.3664, uncertainty_coeffi: 0.0100, loss: 0.2247, lr: 3.45e-06
     Epoch[5] Iteration[550/993], entropy: 0.5791, uncertainty: 2.7526, uncertainty_coeffi: 0.0100, loss: 0.3229, lr: 3.45e-06
     Epoch[5] Iteration[560/993], entropy: 0.3988, uncertainty: 2.4240, uncertainty_coeffi: 0.0100, loss: 0.2119, lr: 3.45e-06
     Epoch[5] Iteration[570/993], entropy: 0.4279, uncertainty: 2.6326, uncertainty_coeffi: 0.0100, loss: 0.2493, lr: 3.45e-06
     Epoch[5] Iteration[580/993], entropy: 0.6714, uncertainty: 3.1743, uncertainty_coeffi: 0.0100, loss: 0.3372, lr: 3.45e-06
     Epoch[5] Iteration[590/993], entropy: 0.3994, uncertainty: 2.2140, uncertainty_coeffi: 0.0100, loss: 0.2345, lr: 3.45e-06
     Epoch[5] Iteration[600/993], entropy: 0.4375, uncertainty: 3.3467, uncertainty_coeffi: 0.0100, loss: 0.1519, lr: 3.45e-06
     Epoch[5] Iteration[610/993], entropy: 0.3009, uncertainty: 2.1567, uncertainty_coeffi: 0.0100, loss: 0.1968, lr: 3.45e-06
     Epoch[5] Iteration[620/993], entropy: 0.5344, uncertainty: 2.3378, uncertainty_coeffi: 0.0100, loss: 0.3402, lr: 3.45e-06
     Epoch[5] Iteration[630/993], entropy: 0.5875, uncertainty: 2.0021, uncertainty_coeffi: 0.0100, loss: 0.3502, lr: 3.45e-06
     Epoch[5] Iteration[640/993], entropy: 0.4135, uncertainty: 2.2223, uncertainty_coeffi: 0.0100, loss: 0.2591, lr: 3.45e-06
     Epoch[5] Iteration[650/993], entropy: 0.7148, uncertainty: 2.1933, uncertainty_coeffi: 0.0100, loss: 0.4322, lr: 3.45e-06
     Epoch[5] Iteration[660/993], entropy: 0.4416, uncertainty: 2.0933, uncertainty_coeffi: 0.0100, loss: 0.2825, lr: 3.45e-06
     Epoch[5] Iteration[670/993], entropy: 0.6220, uncertainty: 2.7497, uncertainty_coeffi: 0.0100, loss: 0.3167, lr: 3.45e-06
     Epoch[5] Iteration[680/993], entropy: 0.4781, uncertainty: 2.2073, uncertainty_coeffi: 0.0100, loss: 0.2840, lr: 3.45e-06
     Epoch[5] Iteration[690/993], entropy: 0.3352, uncertainty: 2.2583, uncertainty_coeffi: 0.0100, loss: 0.1837, lr: 3.45e-06
     Epoch[5] Iteration[700/993], entropy: 0.6347, uncertainty: 2.7820, uncertainty_coeffi: 0.0100, loss: 0.3621, lr: 3.45e-06
     Epoch[5] Iteration[710/993], entropy: 0.4321, uncertainty: 2.2301, uncertainty_coeffi: 0.0100, loss: 0.2749, lr: 3.45e-06
     Epoch[5] Iteration[720/993], entropy: 0.4881, uncertainty: 1.9764, uncertainty_coeffi: 0.0100, loss: 0.2982, lr: 3.45e-06
     Epoch[5] Iteration[730/993], entropy: 0.2381, uncertainty: 2.4607, uncertainty_coeffi: 0.0100, loss: 0.1257, lr: 3.45e-06
     Epoch[5] Iteration[740/993], entropy: 0.3586, uncertainty: 2.7370, uncertainty_coeffi: 0.0100, loss: 0.1861, lr: 3.45e-06
     Epoch[5] Iteration[750/993], entropy: 0.3979, uncertainty: 2.5776, uncertainty_coeffi: 0.0100, loss: 0.2220, lr: 3.45e-06
     Epoch[5] Iteration[760/993], entropy: 0.6812, uncertainty: 2.2203, uncertainty_coeffi: 0.0100, loss: 0.3567, lr: 3.45e-06
     Epoch[5] Iteration[770/993], entropy: 0.5880, uncertainty: 1.8891, uncertainty_coeffi: 0.0100, loss: 0.3437, lr: 3.45e-06
     Epoch[5] Iteration[780/993], entropy: 0.3887, uncertainty: 2.5806, uncertainty_coeffi: 0.0100, loss: 0.2128, lr: 3.45e-06
     Epoch[5] Iteration[790/993], entropy: 0.6051, uncertainty: 2.6177, uncertainty_coeffi: 0.0100, loss: 0.3632, lr: 3.45e-06
     Epoch[5] Iteration[800/993], entropy: 0.3808, uncertainty: 1.7745, uncertainty_coeffi: 0.0100, loss: 0.2867, lr: 3.45e-06
     Epoch[5] Iteration[810/993], entropy: 0.5835, uncertainty: 2.0120, uncertainty_coeffi: 0.0100, loss: 0.3790, lr: 3.45e-06
     Epoch[5] Iteration[820/993], entropy: 0.7874, uncertainty: 2.2468, uncertainty_coeffi: 0.0100, loss: 0.4950, lr: 3.45e-06
     Epoch[5] Iteration[830/993], entropy: 0.6851, uncertainty: 2.3400, uncertainty_coeffi: 0.0100, loss: 0.3340, lr: 3.45e-06
     Epoch[5] Iteration[840/993], entropy: 0.5880, uncertainty: 2.5939, uncertainty_coeffi: 0.0100, loss: 0.3351, lr: 3.45e-06
     Epoch[5] Iteration[850/993], entropy: 0.6875, uncertainty: 2.4968, uncertainty_coeffi: 0.0100, loss: 0.3897, lr: 3.45e-06
     Epoch[5] Iteration[860/993], entropy: 0.2763, uncertainty: 2.3406, uncertainty_coeffi: 0.0100, loss: 0.1699, lr: 3.45e-06
     Epoch[5] Iteration[870/993], entropy: 0.5675, uncertainty: 2.4920, uncertainty_coeffi: 0.0100, loss: 0.3136, lr: 3.45e-06
     Epoch[5] Iteration[880/993], entropy: 0.6972, uncertainty: 2.5168, uncertainty_coeffi: 0.0100, loss: 0.3161, lr: 3.45e-06
     Epoch[5] Iteration[890/993], entropy: 0.5571, uncertainty: 2.9285, uncertainty_coeffi: 0.0100, loss: 0.2521, lr: 3.45e-06
     Epoch[5] Iteration[900/993], entropy: 0.4327, uncertainty: 2.1448, uncertainty_coeffi: 0.0100, loss: 0.2592, lr: 3.45e-06
     Epoch[5] Iteration[910/993], entropy: 0.7489, uncertainty: 2.5436, uncertainty_coeffi: 0.0100, loss: 0.5034, lr: 3.45e-06
     Epoch[5] Iteration[920/993], entropy: 0.5402, uncertainty: 2.4335, uncertainty_coeffi: 0.0100, loss: 0.2676, lr: 3.45e-06
     Epoch[5] Iteration[930/993], entropy: 0.2649, uncertainty: 1.9042, uncertainty_coeffi: 0.0100, loss: 0.1794, lr: 3.45e-06
     Epoch[5] Iteration[940/993], entropy: 0.5637, uncertainty: 1.8831, uncertainty_coeffi: 0.0100, loss: 0.3090, lr: 3.45e-06
     Epoch[5] Iteration[950/993], entropy: 0.5159, uncertainty: 2.2261, uncertainty_coeffi: 0.0100, loss: 0.2726, lr: 3.45e-06
     Epoch[5] Iteration[960/993], entropy: 0.4148, uncertainty: 2.0858, uncertainty_coeffi: 0.0100, loss: 0.3169, lr: 3.45e-06
     Epoch[5] Iteration[970/993], entropy: 0.4493, uncertainty: 2.4330, uncertainty_coeffi: 0.0100, loss: 0.2287, lr: 3.45e-06
     Epoch[5] Iteration[980/993], entropy: 0.3126, uncertainty: 2.5055, uncertainty_coeffi: 0.0100, loss: 0.1544, lr: 3.45e-06
     Epoch[5] Iteration[990/993], entropy: 0.5496, uncertainty: 2.8521, uncertainty_coeffi: 0.0100, loss: 0.3330, lr: 3.45e-06
     Averaged stats: entropy_avg: 0.4974, uncertainty_avg: 2.3338, uncertainty_coeffi_avg: 0.0100, loss_avg: 0.2851, lr_avg: 3.45e-06
     itm tta time 0:02:58
     Epoch[6] Iteration[10/993], entropy: 0.2379, uncertainty: 2.5116, uncertainty_coeffi: 0.0100, loss: 0.1365, lr: 1.00e-05
     Epoch[6] Iteration[20/993], entropy: 0.6180, uncertainty: 2.5230, uncertainty_coeffi: 0.0100, loss: 0.3383, lr: 1.00e-05
     Epoch[6] Iteration[30/993], entropy: 0.6805, uncertainty: 2.2148, uncertainty_coeffi: 0.0100, loss: 0.3779, lr: 1.00e-05
     Epoch[6] Iteration[40/993], entropy: 0.3812, uncertainty: 2.2040, uncertainty_coeffi: 0.0100, loss: 0.2372, lr: 1.00e-05
     Epoch[6] Iteration[50/993], entropy: 0.5169, uncertainty: 2.6518, uncertainty_coeffi: 0.0100, loss: 0.2857, lr: 9.05e-06
     Epoch[6] Iteration[60/993], entropy: 0.5014, uncertainty: 2.2515, uncertainty_coeffi: 0.0100, loss: 0.2947, lr: 9.05e-06
     Epoch[6] Iteration[70/993], entropy: 0.3809, uncertainty: 2.6170, uncertainty_coeffi: 0.0100, loss: 0.1995, lr: 9.05e-06
     Epoch[6] Iteration[80/993], entropy: 0.4589, uncertainty: 2.0322, uncertainty_coeffi: 0.0100, loss: 0.3223, lr: 9.05e-06
     Epoch[6] Iteration[90/993], entropy: 0.7382, uncertainty: 2.0721, uncertainty_coeffi: 0.0100, loss: 0.3843, lr: 9.05e-06
     Epoch[6] Iteration[100/993], entropy: 0.6448, uncertainty: 2.2081, uncertainty_coeffi: 0.0100, loss: 0.3843, lr: 9.05e-06
     Epoch[6] Iteration[110/993], entropy: 0.5729, uncertainty: 2.2722, uncertainty_coeffi: 0.0100, loss: 0.3481, lr: 9.05e-06
     Epoch[6] Iteration[120/993], entropy: 0.4176, uncertainty: 2.4156, uncertainty_coeffi: 0.0100, loss: 0.2446, lr: 9.05e-06
     Epoch[6] Iteration[130/993], entropy: 0.4574, uncertainty: 2.1538, uncertainty_coeffi: 0.0100, loss: 0.2580, lr: 9.05e-06
     Epoch[6] Iteration[140/993], entropy: 0.3797, uncertainty: 2.5047, uncertainty_coeffi: 0.0100, loss: 0.2392, lr: 9.05e-06
     Epoch[6] Iteration[150/993], entropy: 0.3870, uncertainty: 2.6991, uncertainty_coeffi: 0.0100, loss: 0.2077, lr: 9.05e-06
     Epoch[6] Iteration[160/993], entropy: 0.3688, uncertainty: 2.0999, uncertainty_coeffi: 0.0100, loss: 0.2339, lr: 9.05e-06
     Epoch[6] Iteration[170/993], entropy: 0.5154, uncertainty: 2.6150, uncertainty_coeffi: 0.0100, loss: 0.3058, lr: 9.05e-06
     Epoch[6] Iteration[180/993], entropy: 0.3706, uncertainty: 2.4621, uncertainty_coeffi: 0.0100, loss: 0.2009, lr: 9.05e-06
     Epoch[6] Iteration[190/993], entropy: 0.4157, uncertainty: 2.6284, uncertainty_coeffi: 0.0100, loss: 0.2332, lr: 9.05e-06
     Epoch[6] Iteration[200/993], entropy: 0.6174, uncertainty: 2.1634, uncertainty_coeffi: 0.0100, loss: 0.4157, lr: 9.05e-06
     Epoch[6] Iteration[210/993], entropy: 0.5223, uncertainty: 2.2870, uncertainty_coeffi: 0.0100, loss: 0.2614, lr: 9.05e-06
     Epoch[6] Iteration[220/993], entropy: 0.3086, uncertainty: 2.5205, uncertainty_coeffi: 0.0100, loss: 0.1539, lr: 9.05e-06
     Epoch[6] Iteration[230/993], entropy: 0.5168, uncertainty: 2.0372, uncertainty_coeffi: 0.0100, loss: 0.3599, lr: 9.05e-06
     Epoch[6] Iteration[240/993], entropy: 0.3700, uncertainty: 2.4723, uncertainty_coeffi: 0.0100, loss: 0.1682, lr: 9.05e-06
     Epoch[6] Iteration[250/993], entropy: 0.5704, uncertainty: 2.2917, uncertainty_coeffi: 0.0100, loss: 0.3064, lr: 9.05e-06
     Epoch[6] Iteration[260/993], entropy: 0.5236, uncertainty: 2.2318, uncertainty_coeffi: 0.0100, loss: 0.3171, lr: 9.05e-06
     Epoch[6] Iteration[270/993], entropy: 0.1747, uncertainty: 2.3853, uncertainty_coeffi: 0.0100, loss: 0.1230, lr: 9.05e-06
     Epoch[6] Iteration[280/993], entropy: 0.6220, uncertainty: 2.5625, uncertainty_coeffi: 0.0100, loss: 0.3151, lr: 9.05e-06
     Epoch[6] Iteration[290/993], entropy: 0.3651, uncertainty: 1.8304, uncertainty_coeffi: 0.0100, loss: 0.2825, lr: 9.05e-06
     Epoch[6] Iteration[300/993], entropy: 0.6442, uncertainty: 2.2786, uncertainty_coeffi: 0.0100, loss: 0.3149, lr: 9.05e-06
     Epoch[6] Iteration[310/993], entropy: 0.4850, uncertainty: 2.0686, uncertainty_coeffi: 0.0100, loss: 0.2638, lr: 9.05e-06
     Epoch[6] Iteration[320/993], entropy: 0.6042, uncertainty: 2.7625, uncertainty_coeffi: 0.0100, loss: 0.3267, lr: 9.05e-06
     Epoch[6] Iteration[330/993], entropy: 0.4656, uncertainty: 2.3564, uncertainty_coeffi: 0.0100, loss: 0.2182, lr: 9.05e-06
     Epoch[6] Iteration[340/993], entropy: 0.4860, uncertainty: 2.5619, uncertainty_coeffi: 0.0100, loss: 0.2167, lr: 9.05e-06
     Epoch[6] Iteration[350/993], entropy: 0.4368, uncertainty: 2.2473, uncertainty_coeffi: 0.0100, loss: 0.2392, lr: 9.05e-06
     Epoch[6] Iteration[360/993], entropy: 0.4940, uncertainty: 2.6323, uncertainty_coeffi: 0.0100, loss: 0.3203, lr: 9.05e-06
     Epoch[6] Iteration[370/993], entropy: 0.8331, uncertainty: 1.8140, uncertainty_coeffi: 0.0100, loss: 0.5080, lr: 9.05e-06
     Epoch[6] Iteration[380/993], entropy: 0.5157, uncertainty: 2.2246, uncertainty_coeffi: 0.0100, loss: 0.2994, lr: 9.05e-06
     Epoch[6] Iteration[390/993], entropy: 0.6240, uncertainty: 2.1701, uncertainty_coeffi: 0.0100, loss: 0.3411, lr: 9.05e-06
     Epoch[6] Iteration[400/993], entropy: 0.5585, uncertainty: 2.1727, uncertainty_coeffi: 0.0100, loss: 0.3093, lr: 9.05e-06
     Epoch[6] Iteration[410/993], entropy: 0.4195, uncertainty: 2.4876, uncertainty_coeffi: 0.0100, loss: 0.2170, lr: 9.05e-06
     Epoch[6] Iteration[420/993], entropy: 0.6993, uncertainty: 2.8335, uncertainty_coeffi: 0.0100, loss: 0.3439, lr: 9.05e-06
     Epoch[6] Iteration[430/993], entropy: 0.2421, uncertainty: 2.6166, uncertainty_coeffi: 0.0100, loss: 0.1896, lr: 9.05e-06
     Epoch[6] Iteration[440/993], entropy: 0.3823, uncertainty: 2.2017, uncertainty_coeffi: 0.0100, loss: 0.2131, lr: 9.05e-06
     Epoch[6] Iteration[450/993], entropy: 0.5929, uncertainty: 2.8487, uncertainty_coeffi: 0.0100, loss: 0.3337, lr: 9.05e-06
     Epoch[6] Iteration[460/993], entropy: 0.3572, uncertainty: 2.2287, uncertainty_coeffi: 0.0100, loss: 0.2393, lr: 9.05e-06
     Epoch[6] Iteration[470/993], entropy: 0.6209, uncertainty: 2.4944, uncertainty_coeffi: 0.0100, loss: 0.3162, lr: 9.05e-06
     Epoch[6] Iteration[480/993], entropy: 0.4084, uncertainty: 1.8450, uncertainty_coeffi: 0.0100, loss: 0.2558, lr: 9.05e-06
     Epoch[6] Iteration[490/993], entropy: 0.4458, uncertainty: 2.2992, uncertainty_coeffi: 0.0100, loss: 0.2324, lr: 9.05e-06
     Epoch[6] Iteration[500/993], entropy: 0.5953, uncertainty: 2.2046, uncertainty_coeffi: 0.0100, loss: 0.3262, lr: 9.05e-06
     Epoch[6] Iteration[510/993], entropy: 0.3740, uncertainty: 2.4231, uncertainty_coeffi: 0.0100, loss: 0.2222, lr: 9.05e-06
     Epoch[6] Iteration[520/993], entropy: 0.5411, uncertainty: 2.0054, uncertainty_coeffi: 0.0100, loss: 0.4157, lr: 9.05e-06
     Epoch[6] Iteration[530/993], entropy: 0.2517, uncertainty: 2.3714, uncertainty_coeffi: 0.0100, loss: 0.1288, lr: 9.05e-06
     Epoch[6] Iteration[540/993], entropy: 0.6115, uncertainty: 2.9176, uncertainty_coeffi: 0.0100, loss: 0.3041, lr: 9.05e-06
     Epoch[6] Iteration[550/993], entropy: 0.4114, uncertainty: 2.5541, uncertainty_coeffi: 0.0100, loss: 0.2297, lr: 9.05e-06
     Epoch[6] Iteration[560/993], entropy: 0.5040, uncertainty: 2.6502, uncertainty_coeffi: 0.0100, loss: 0.2134, lr: 9.05e-06
     Epoch[6] Iteration[570/993], entropy: 0.4579, uncertainty: 2.2294, uncertainty_coeffi: 0.0100, loss: 0.3190, lr: 9.05e-06
     Epoch[6] Iteration[580/993], entropy: 0.5034, uncertainty: 2.1950, uncertainty_coeffi: 0.0100, loss: 0.3657, lr: 9.05e-06
     Epoch[6] Iteration[590/993], entropy: 0.7116, uncertainty: 2.0249, uncertainty_coeffi: 0.0100, loss: 0.4708, lr: 9.05e-06
     Epoch[6] Iteration[600/993], entropy: 0.5415, uncertainty: 2.4600, uncertainty_coeffi: 0.0100, loss: 0.3129, lr: 9.05e-06
     Epoch[6] Iteration[610/993], entropy: 0.5844, uncertainty: 1.8935, uncertainty_coeffi: 0.0100, loss: 0.4366, lr: 9.05e-06
     Epoch[6] Iteration[620/993], entropy: 0.2583, uncertainty: 2.2981, uncertainty_coeffi: 0.0100, loss: 0.1402, lr: 9.05e-06
     Epoch[6] Iteration[630/993], entropy: 0.4746, uncertainty: 2.2866, uncertainty_coeffi: 0.0100, loss: 0.2786, lr: 9.05e-06
     Epoch[6] Iteration[640/993], entropy: 0.5613, uncertainty: 2.0263, uncertainty_coeffi: 0.0100, loss: 0.3243, lr: 9.05e-06
     Epoch[6] Iteration[650/993], entropy: 0.3953, uncertainty: 2.2359, uncertainty_coeffi: 0.0100, loss: 0.2196, lr: 9.05e-06
     Epoch[6] Iteration[660/993], entropy: 0.2752, uncertainty: 2.7513, uncertainty_coeffi: 0.0100, loss: 0.1297, lr: 9.05e-06
     Epoch[6] Iteration[670/993], entropy: 0.4518, uncertainty: 2.4049, uncertainty_coeffi: 0.0100, loss: 0.2345, lr: 9.05e-06
     Epoch[6] Iteration[680/993], entropy: 0.3918, uncertainty: 2.2167, uncertainty_coeffi: 0.0100, loss: 0.2475, lr: 9.05e-06
     Epoch[6] Iteration[690/993], entropy: 0.6217, uncertainty: 2.3685, uncertainty_coeffi: 0.0100, loss: 0.3620, lr: 9.05e-06
     Epoch[6] Iteration[700/993], entropy: 0.4916, uncertainty: 2.2879, uncertainty_coeffi: 0.0100, loss: 0.2435, lr: 9.05e-06
     Epoch[6] Iteration[710/993], entropy: 0.4485, uncertainty: 2.3000, uncertainty_coeffi: 0.0100, loss: 0.2222, lr: 9.05e-06
     Epoch[6] Iteration[720/993], entropy: 0.3533, uncertainty: 1.9637, uncertainty_coeffi: 0.0100, loss: 0.2172, lr: 9.05e-06
     Epoch[6] Iteration[730/993], entropy: 0.6022, uncertainty: 2.6185, uncertainty_coeffi: 0.0100, loss: 0.3077, lr: 9.05e-06
     Epoch[6] Iteration[740/993], entropy: 0.3843, uncertainty: 2.1333, uncertainty_coeffi: 0.0100, loss: 0.2642, lr: 9.05e-06
     Epoch[6] Iteration[750/993], entropy: 0.4177, uncertainty: 2.4825, uncertainty_coeffi: 0.0100, loss: 0.1969, lr: 9.05e-06
     Epoch[6] Iteration[760/993], entropy: 0.5521, uncertainty: 2.1164, uncertainty_coeffi: 0.0100, loss: 0.3769, lr: 9.05e-06
     Epoch[6] Iteration[770/993], entropy: 0.5815, uncertainty: 1.6403, uncertainty_coeffi: 0.0100, loss: 0.3979, lr: 9.05e-06
     Epoch[6] Iteration[780/993], entropy: 0.2769, uncertainty: 2.6900, uncertainty_coeffi: 0.0100, loss: 0.1644, lr: 9.05e-06
     Epoch[6] Iteration[790/993], entropy: 0.4317, uncertainty: 1.6884, uncertainty_coeffi: 0.0100, loss: 0.3058, lr: 9.05e-06
     Epoch[6] Iteration[800/993], entropy: 0.6890, uncertainty: 2.0251, uncertainty_coeffi: 0.0100, loss: 0.4599, lr: 9.05e-06
     Epoch[6] Iteration[810/993], entropy: 0.3525, uncertainty: 2.2482, uncertainty_coeffi: 0.0100, loss: 0.2195, lr: 9.05e-06
     Epoch[6] Iteration[820/993], entropy: 0.2229, uncertainty: 2.4163, uncertainty_coeffi: 0.0100, loss: 0.1558, lr: 9.05e-06
     Epoch[6] Iteration[830/993], entropy: 0.4107, uncertainty: 2.7452, uncertainty_coeffi: 0.0100, loss: 0.2385, lr: 9.05e-06
     Epoch[6] Iteration[840/993], entropy: 0.5143, uncertainty: 2.6106, uncertainty_coeffi: 0.0100, loss: 0.2941, lr: 9.05e-06
     Epoch[6] Iteration[850/993], entropy: 0.6320, uncertainty: 2.7202, uncertainty_coeffi: 0.0100, loss: 0.3006, lr: 9.05e-06
     Epoch[6] Iteration[860/993], entropy: 0.3084, uncertainty: 2.4874, uncertainty_coeffi: 0.0100, loss: 0.1956, lr: 9.05e-06
     Epoch[6] Iteration[870/993], entropy: 0.2913, uncertainty: 3.1958, uncertainty_coeffi: 0.0100, loss: 0.1277, lr: 9.05e-06
     Epoch[6] Iteration[880/993], entropy: 0.4153, uncertainty: 2.2912, uncertainty_coeffi: 0.0100, loss: 0.2765, lr: 9.05e-06
     Epoch[6] Iteration[890/993], entropy: 0.3891, uncertainty: 2.5074, uncertainty_coeffi: 0.0100, loss: 0.1909, lr: 9.05e-06
     Epoch[6] Iteration[900/993], entropy: 0.4721, uncertainty: 2.5693, uncertainty_coeffi: 0.0100, loss: 0.2437, lr: 9.05e-06
     Epoch[6] Iteration[910/993], entropy: 0.6142, uncertainty: 3.2638, uncertainty_coeffi: 0.0100, loss: 0.2680, lr: 9.05e-06
     Epoch[6] Iteration[920/993], entropy: 0.4516, uncertainty: 2.2373, uncertainty_coeffi: 0.0100, loss: 0.3078, lr: 9.05e-06
     Epoch[6] Iteration[930/993], entropy: 0.4686, uncertainty: 2.5418, uncertainty_coeffi: 0.0100, loss: 0.2285, lr: 9.05e-06
     Epoch[6] Iteration[940/993], entropy: 0.4462, uncertainty: 2.3909, uncertainty_coeffi: 0.0100, loss: 0.2376, lr: 9.05e-06
     Epoch[6] Iteration[950/993], entropy: 0.7048, uncertainty: 2.1288, uncertainty_coeffi: 0.0100, loss: 0.3891, lr: 9.05e-06
     Epoch[6] Iteration[960/993], entropy: 0.8563, uncertainty: 2.5721, uncertainty_coeffi: 0.0100, loss: 0.3966, lr: 9.05e-06
     Epoch[6] Iteration[970/993], entropy: 0.5370, uncertainty: 2.4784, uncertainty_coeffi: 0.0100, loss: 0.2696, lr: 9.05e-06
     Epoch[6] Iteration[980/993], entropy: 0.4999, uncertainty: 2.1383, uncertainty_coeffi: 0.0100, loss: 0.3146, lr: 9.05e-06
     Epoch[6] Iteration[990/993], entropy: 0.5605, uncertainty: 2.6494, uncertainty_coeffi: 0.0100, loss: 0.2860, lr: 9.05e-06
     Averaged stats: entropy_avg: 0.4833, uncertainty_avg: 2.3608, uncertainty_coeffi_avg: 0.0100, loss_avg: 0.2769, lr_avg: 9.08e-06
     itm tta time 0:02:59
     Epoch[7] Iteration[10/993], entropy: 0.4730, uncertainty: 2.2149, uncertainty_coeffi: 0.0100, loss: 0.2644, lr: 6.55e-06
     Epoch[7] Iteration[20/993], entropy: 0.5950, uncertainty: 2.3742, uncertainty_coeffi: 0.0100, loss: 0.3410, lr: 6.55e-06
     Epoch[7] Iteration[30/993], entropy: 0.3611, uncertainty: 2.9811, uncertainty_coeffi: 0.0100, loss: 0.1702, lr: 6.55e-06
     Epoch[7] Iteration[40/993], entropy: 0.5560, uncertainty: 2.5091, uncertainty_coeffi: 0.0100, loss: 0.3239, lr: 6.55e-06
     Epoch[7] Iteration[50/993], entropy: 0.6037, uncertainty: 2.5029, uncertainty_coeffi: 0.0100, loss: 0.3431, lr: 6.55e-06
     Epoch[7] Iteration[60/993], entropy: 0.3471, uncertainty: 2.0320, uncertainty_coeffi: 0.0100, loss: 0.1986, lr: 6.55e-06
     Epoch[7] Iteration[70/993], entropy: 0.3711, uncertainty: 2.4254, uncertainty_coeffi: 0.0100, loss: 0.1830, lr: 6.55e-06
     Epoch[7] Iteration[80/993], entropy: 0.3679, uncertainty: 2.6533, uncertainty_coeffi: 0.0100, loss: 0.1921, lr: 6.55e-06
     Epoch[7] Iteration[90/993], entropy: 0.6378, uncertainty: 2.0790, uncertainty_coeffi: 0.0100, loss: 0.3976, lr: 6.55e-06
     Epoch[7] Iteration[100/993], entropy: 0.5250, uncertainty: 2.4863, uncertainty_coeffi: 0.0100, loss: 0.3116, lr: 6.55e-06
     Epoch[7] Iteration[110/993], entropy: 0.3388, uncertainty: 1.8509, uncertainty_coeffi: 0.0100, loss: 0.2391, lr: 6.55e-06
     Epoch[7] Iteration[120/993], entropy: 0.3158, uncertainty: 2.3930, uncertainty_coeffi: 0.0100, loss: 0.1979, lr: 6.55e-06
     Epoch[7] Iteration[130/993], entropy: 0.4509, uncertainty: 2.6339, uncertainty_coeffi: 0.0100, loss: 0.2391, lr: 6.55e-06
     Epoch[7] Iteration[140/993], entropy: 0.3408, uncertainty: 2.4744, uncertainty_coeffi: 0.0100, loss: 0.2191, lr: 6.55e-06
     Epoch[7] Iteration[150/993], entropy: 0.6837, uncertainty: 2.2592, uncertainty_coeffi: 0.0100, loss: 0.3793, lr: 6.55e-06
     Epoch[7] Iteration[160/993], entropy: 0.8835, uncertainty: 2.2708, uncertainty_coeffi: 0.0100, loss: 0.5038, lr: 6.55e-06
     Epoch[7] Iteration[170/993], entropy: 0.7988, uncertainty: 2.9982, uncertainty_coeffi: 0.0100, loss: 0.4449, lr: 6.55e-06
     Epoch[7] Iteration[180/993], entropy: 0.5248, uncertainty: 2.1178, uncertainty_coeffi: 0.0100, loss: 0.3826, lr: 6.55e-06
     Epoch[7] Iteration[190/993], entropy: 0.5431, uncertainty: 2.3570, uncertainty_coeffi: 0.0100, loss: 0.3119, lr: 6.55e-06
     Epoch[7] Iteration[200/993], entropy: 0.3050, uncertainty: 1.8836, uncertainty_coeffi: 0.0100, loss: 0.1945, lr: 6.55e-06
     Epoch[7] Iteration[210/993], entropy: 0.6661, uncertainty: 2.0237, uncertainty_coeffi: 0.0100, loss: 0.3953, lr: 6.55e-06
     Epoch[7] Iteration[220/993], entropy: 0.3458, uncertainty: 2.2903, uncertainty_coeffi: 0.0100, loss: 0.2187, lr: 6.55e-06
     Epoch[7] Iteration[230/993], entropy: 0.4127, uncertainty: 2.3438, uncertainty_coeffi: 0.0100, loss: 0.2443, lr: 6.55e-06
     Epoch[7] Iteration[240/993], entropy: 0.4760, uncertainty: 2.3047, uncertainty_coeffi: 0.0100, loss: 0.2989, lr: 6.55e-06
     Epoch[7] Iteration[250/993], entropy: 0.5839, uncertainty: 2.3121, uncertainty_coeffi: 0.0100, loss: 0.2963, lr: 6.55e-06
     Epoch[7] Iteration[260/993], entropy: 0.3671, uncertainty: 2.6788, uncertainty_coeffi: 0.0100, loss: 0.2425, lr: 6.55e-06
     Epoch[7] Iteration[270/993], entropy: 0.3834, uncertainty: 2.6297, uncertainty_coeffi: 0.0100, loss: 0.2349, lr: 6.55e-06
     Epoch[7] Iteration[280/993], entropy: 0.5886, uncertainty: 2.6163, uncertainty_coeffi: 0.0100, loss: 0.3365, lr: 6.55e-06
     Epoch[7] Iteration[290/993], entropy: 0.4479, uncertainty: 2.2000, uncertainty_coeffi: 0.0100, loss: 0.2757, lr: 6.55e-06
     Epoch[7] Iteration[300/993], entropy: 0.5677, uncertainty: 2.2616, uncertainty_coeffi: 0.0100, loss: 0.3409, lr: 6.55e-06
     Epoch[7] Iteration[310/993], entropy: 0.6842, uncertainty: 1.9772, uncertainty_coeffi: 0.0100, loss: 0.4187, lr: 6.55e-06
     Epoch[7] Iteration[320/993], entropy: 0.4852, uncertainty: 1.7590, uncertainty_coeffi: 0.0100, loss: 0.3558, lr: 6.55e-06
     Epoch[7] Iteration[330/993], entropy: 0.5176, uncertainty: 2.9010, uncertainty_coeffi: 0.0100, loss: 0.2801, lr: 6.55e-06
     Epoch[7] Iteration[340/993], entropy: 0.3770, uncertainty: 2.0938, uncertainty_coeffi: 0.0100, loss: 0.2293, lr: 6.55e-06
     Epoch[7] Iteration[350/993], entropy: 0.5137, uncertainty: 1.9162, uncertainty_coeffi: 0.0100, loss: 0.3509, lr: 6.55e-06
     Epoch[7] Iteration[360/993], entropy: 0.4262, uncertainty: 2.0045, uncertainty_coeffi: 0.0100, loss: 0.2658, lr: 6.55e-06
     Epoch[7] Iteration[370/993], entropy: 0.3870, uncertainty: 2.2456, uncertainty_coeffi: 0.0100, loss: 0.2111, lr: 6.55e-06
     Epoch[7] Iteration[380/993], entropy: 0.5471, uncertainty: 2.3504, uncertainty_coeffi: 0.0100, loss: 0.3452, lr: 6.55e-06
     Epoch[7] Iteration[390/993], entropy: 0.5178, uncertainty: 2.2876, uncertainty_coeffi: 0.0100, loss: 0.2788, lr: 6.55e-06
     Epoch[7] Iteration[400/993], entropy: 0.5134, uncertainty: 2.2777, uncertainty_coeffi: 0.0100, loss: 0.3653, lr: 6.55e-06
     Epoch[7] Iteration[410/993], entropy: 0.4426, uncertainty: 2.0752, uncertainty_coeffi: 0.0100, loss: 0.2552, lr: 6.55e-06
     Epoch[7] Iteration[420/993], entropy: 0.3052, uncertainty: 1.8429, uncertainty_coeffi: 0.0100, loss: 0.1976, lr: 6.55e-06
     Epoch[7] Iteration[430/993], entropy: 0.6309, uncertainty: 2.6165, uncertainty_coeffi: 0.0100, loss: 0.3545, lr: 6.55e-06
     Epoch[7] Iteration[440/993], entropy: 0.4251, uncertainty: 2.3010, uncertainty_coeffi: 0.0100, loss: 0.2098, lr: 6.55e-06
     Epoch[7] Iteration[450/993], entropy: 0.4383, uncertainty: 3.1816, uncertainty_coeffi: 0.0100, loss: 0.1882, lr: 6.55e-06
     Epoch[7] Iteration[460/993], entropy: 0.7371, uncertainty: 1.9261, uncertainty_coeffi: 0.0100, loss: 0.5203, lr: 6.55e-06
     Epoch[7] Iteration[470/993], entropy: 0.7053, uncertainty: 2.4426, uncertainty_coeffi: 0.0100, loss: 0.3751, lr: 6.55e-06
     Epoch[7] Iteration[480/993], entropy: 0.5534, uncertainty: 1.8364, uncertainty_coeffi: 0.0100, loss: 0.3588, lr: 6.55e-06
     Epoch[7] Iteration[490/993], entropy: 0.6552, uncertainty: 2.8153, uncertainty_coeffi: 0.0100, loss: 0.3470, lr: 6.55e-06
     Epoch[7] Iteration[500/993], entropy: 0.4147, uncertainty: 2.7165, uncertainty_coeffi: 0.0100, loss: 0.1780, lr: 6.55e-06
     Epoch[7] Iteration[510/993], entropy: 0.4368, uncertainty: 2.5496, uncertainty_coeffi: 0.0100, loss: 0.2663, lr: 6.55e-06
     Epoch[7] Iteration[520/993], entropy: 0.6182, uncertainty: 2.4266, uncertainty_coeffi: 0.0100, loss: 0.3096, lr: 6.55e-06
     Epoch[7] Iteration[530/993], entropy: 0.2585, uncertainty: 2.1031, uncertainty_coeffi: 0.0100, loss: 0.1733, lr: 6.55e-06
     Epoch[7] Iteration[540/993], entropy: 0.5340, uncertainty: 2.4141, uncertainty_coeffi: 0.0100, loss: 0.3546, lr: 6.55e-06
     Epoch[7] Iteration[550/993], entropy: 0.2903, uncertainty: 2.2864, uncertainty_coeffi: 0.0100, loss: 0.1753, lr: 6.55e-06
     Epoch[7] Iteration[560/993], entropy: 0.5392, uncertainty: 2.8107, uncertainty_coeffi: 0.0100, loss: 0.2312, lr: 6.55e-06
     Epoch[7] Iteration[570/993], entropy: 0.6018, uncertainty: 2.5292, uncertainty_coeffi: 0.0100, loss: 0.3640, lr: 6.55e-06
     Epoch[7] Iteration[580/993], entropy: 0.6805, uncertainty: 2.0894, uncertainty_coeffi: 0.0100, loss: 0.4250, lr: 6.55e-06
     Epoch[7] Iteration[590/993], entropy: 0.4718, uncertainty: 2.5609, uncertainty_coeffi: 0.0100, loss: 0.2517, lr: 6.55e-06
     Epoch[7] Iteration[600/993], entropy: 0.4442, uncertainty: 2.2509, uncertainty_coeffi: 0.0100, loss: 0.2194, lr: 6.55e-06
     Epoch[7] Iteration[610/993], entropy: 0.3851, uncertainty: 2.5326, uncertainty_coeffi: 0.0100, loss: 0.2175, lr: 6.55e-06
     Epoch[7] Iteration[620/993], entropy: 0.5783, uncertainty: 2.5178, uncertainty_coeffi: 0.0100, loss: 0.3876, lr: 6.55e-06
     Epoch[7] Iteration[630/993], entropy: 0.5958, uncertainty: 2.3143, uncertainty_coeffi: 0.0100, loss: 0.2898, lr: 6.55e-06
     Epoch[7] Iteration[640/993], entropy: 0.4203, uncertainty: 2.0816, uncertainty_coeffi: 0.0100, loss: 0.2265, lr: 6.55e-06
     Epoch[7] Iteration[650/993], entropy: 0.4058, uncertainty: 2.1648, uncertainty_coeffi: 0.0100, loss: 0.2235, lr: 6.55e-06
     Epoch[7] Iteration[660/993], entropy: 0.4058, uncertainty: 1.8430, uncertainty_coeffi: 0.0100, loss: 0.2414, lr: 6.55e-06
     Epoch[7] Iteration[670/993], entropy: 0.3446, uncertainty: 2.5270, uncertainty_coeffi: 0.0100, loss: 0.1989, lr: 6.55e-06
     Epoch[7] Iteration[680/993], entropy: 0.2900, uncertainty: 2.8001, uncertainty_coeffi: 0.0100, loss: 0.1351, lr: 6.55e-06
     Epoch[7] Iteration[690/993], entropy: 0.5250, uncertainty: 2.3873, uncertainty_coeffi: 0.0100, loss: 0.3264, lr: 6.55e-06
     Epoch[7] Iteration[700/993], entropy: 0.6712, uncertainty: 1.6607, uncertainty_coeffi: 0.0100, loss: 0.4439, lr: 6.55e-06
     Epoch[7] Iteration[710/993], entropy: 0.5279, uncertainty: 2.1516, uncertainty_coeffi: 0.0100, loss: 0.3072, lr: 6.55e-06
     Epoch[7] Iteration[720/993], entropy: 0.4607, uncertainty: 2.0184, uncertainty_coeffi: 0.0100, loss: 0.3148, lr: 6.55e-06
     Epoch[7] Iteration[730/993], entropy: 0.6161, uncertainty: 2.7501, uncertainty_coeffi: 0.0100, loss: 0.2860, lr: 6.55e-06
     Epoch[7] Iteration[740/993], entropy: 0.5942, uncertainty: 2.4645, uncertainty_coeffi: 0.0100, loss: 0.2731, lr: 6.55e-06
     Epoch[7] Iteration[750/993], entropy: 0.4394, uncertainty: 1.8328, uncertainty_coeffi: 0.0100, loss: 0.2993, lr: 6.55e-06
     Epoch[7] Iteration[760/993], entropy: 0.4180, uncertainty: 3.1232, uncertainty_coeffi: 0.0100, loss: 0.2036, lr: 6.55e-06
     Epoch[7] Iteration[770/993], entropy: 0.4698, uncertainty: 2.2198, uncertainty_coeffi: 0.0100, loss: 0.2550, lr: 6.55e-06
     Epoch[7] Iteration[780/993], entropy: 0.6726, uncertainty: 2.0647, uncertainty_coeffi: 0.0100, loss: 0.3845, lr: 6.55e-06
     Epoch[7] Iteration[790/993], entropy: 0.5160, uncertainty: 2.2301, uncertainty_coeffi: 0.0100, loss: 0.3800, lr: 6.55e-06
     Epoch[7] Iteration[800/993], entropy: 0.3873, uncertainty: 2.6059, uncertainty_coeffi: 0.0100, loss: 0.1982, lr: 6.55e-06
     Epoch[7] Iteration[810/993], entropy: 0.2841, uncertainty: 2.1347, uncertainty_coeffi: 0.0100, loss: 0.1825, lr: 6.55e-06
     Epoch[7] Iteration[820/993], entropy: 0.3381, uncertainty: 2.4692, uncertainty_coeffi: 0.0100, loss: 0.2190, lr: 6.55e-06
     Epoch[7] Iteration[830/993], entropy: 0.2532, uncertainty: 3.0983, uncertainty_coeffi: 0.0100, loss: 0.1542, lr: 6.55e-06
     Epoch[7] Iteration[840/993], entropy: 0.4113, uncertainty: 2.0873, uncertainty_coeffi: 0.0100, loss: 0.2711, lr: 6.55e-06
     Epoch[7] Iteration[850/993], entropy: 0.4281, uncertainty: 2.4607, uncertainty_coeffi: 0.0100, loss: 0.2595, lr: 6.55e-06
     Epoch[7] Iteration[860/993], entropy: 0.3818, uncertainty: 1.9088, uncertainty_coeffi: 0.0100, loss: 0.2442, lr: 6.55e-06
     Epoch[7] Iteration[870/993], entropy: 0.3629, uncertainty: 2.4420, uncertainty_coeffi: 0.0100, loss: 0.1926, lr: 6.55e-06
     Epoch[7] Iteration[880/993], entropy: 0.5877, uncertainty: 1.9919, uncertainty_coeffi: 0.0100, loss: 0.3430, lr: 6.55e-06
     Epoch[7] Iteration[890/993], entropy: 0.6786, uncertainty: 3.0956, uncertainty_coeffi: 0.0100, loss: 0.2737, lr: 6.55e-06
     Epoch[7] Iteration[900/993], entropy: 0.3248, uncertainty: 2.8184, uncertainty_coeffi: 0.0100, loss: 0.1970, lr: 6.55e-06
     Epoch[7] Iteration[910/993], entropy: 0.4569, uncertainty: 2.3323, uncertainty_coeffi: 0.0100, loss: 0.2752, lr: 6.55e-06
     Epoch[7] Iteration[920/993], entropy: 0.4299, uncertainty: 1.8792, uncertainty_coeffi: 0.0100, loss: 0.2705, lr: 6.55e-06
     Epoch[7] Iteration[930/993], entropy: 0.4517, uncertainty: 2.0979, uncertainty_coeffi: 0.0100, loss: 0.2448, lr: 6.55e-06
     Epoch[7] Iteration[940/993], entropy: 0.5360, uncertainty: 2.6263, uncertainty_coeffi: 0.0100, loss: 0.2738, lr: 6.55e-06
     Epoch[7] Iteration[950/993], entropy: 0.4855, uncertainty: 2.1869, uncertainty_coeffi: 0.0100, loss: 0.3139, lr: 6.55e-06
     Epoch[7] Iteration[960/993], entropy: 0.6557, uncertainty: 2.3375, uncertainty_coeffi: 0.0100, loss: 0.4044, lr: 6.55e-06
     Epoch[7] Iteration[970/993], entropy: 0.5417, uncertainty: 2.9751, uncertainty_coeffi: 0.0100, loss: 0.2885, lr: 6.55e-06
     Epoch[7] Iteration[980/993], entropy: 0.5495, uncertainty: 2.4075, uncertainty_coeffi: 0.0100, loss: 0.3061, lr: 6.55e-06
     Epoch[7] Iteration[990/993], entropy: 0.4337, uncertainty: 2.1966, uncertainty_coeffi: 0.0100, loss: 0.2816, lr: 6.55e-06
     Averaged stats: entropy_avg: 0.4882, uncertainty_avg: 2.3493, uncertainty_coeffi_avg: 0.0100, loss_avg: 0.2845, lr_avg: 6.55e-06
     itm tta time 0:02:59
     Epoch[8] Iteration[10/993], entropy: 0.4058, uncertainty: 3.0416, uncertainty_coeffi: 0.0100, loss: 0.1876, lr: 0.00e+00
     Epoch[8] Iteration[20/993], entropy: 0.5915, uncertainty: 2.3237, uncertainty_coeffi: 0.0100, loss: 0.2961, lr: 0.00e+00
     Epoch[8] Iteration[30/993], entropy: 0.3248, uncertainty: 2.2826, uncertainty_coeffi: 0.0100, loss: 0.1736, lr: 0.00e+00
     Epoch[8] Iteration[40/993], entropy: 0.2306, uncertainty: 1.9963, uncertainty_coeffi: 0.0100, loss: 0.1485, lr: 0.00e+00
     Epoch[8] Iteration[50/993], entropy: 0.3006, uncertainty: 2.8914, uncertainty_coeffi: 0.0100, loss: 0.1705, lr: 0.00e+00
     Epoch[8] Iteration[60/993], entropy: 0.4404, uncertainty: 2.8565, uncertainty_coeffi: 0.0100, loss: 0.2169, lr: 0.00e+00
     Epoch[8] Iteration[70/993], entropy: 0.5856, uncertainty: 2.4892, uncertainty_coeffi: 0.0100, loss: 0.3135, lr: 9.55e-07
     Epoch[8] Iteration[80/993], entropy: 0.4379, uncertainty: 2.8089, uncertainty_coeffi: 0.0100, loss: 0.2411, lr: 9.55e-07
     Epoch[8] Iteration[90/993], entropy: 0.4681, uncertainty: 2.3431, uncertainty_coeffi: 0.0100, loss: 0.2867, lr: 9.55e-07
     Epoch[8] Iteration[100/993], entropy: 0.3334, uncertainty: 2.1964, uncertainty_coeffi: 0.0100, loss: 0.1849, lr: 9.55e-07
     Epoch[8] Iteration[110/993], entropy: 0.7225, uncertainty: 1.9156, uncertainty_coeffi: 0.0100, loss: 0.4884, lr: 9.55e-07
     Epoch[8] Iteration[120/993], entropy: 0.8074, uncertainty: 2.1403, uncertainty_coeffi: 0.0100, loss: 0.4696, lr: 9.55e-07
     Epoch[8] Iteration[130/993], entropy: 0.5785, uncertainty: 2.2511, uncertainty_coeffi: 0.0100, loss: 0.3748, lr: 9.55e-07
     Epoch[8] Iteration[140/993], entropy: 0.5967, uncertainty: 2.3783, uncertainty_coeffi: 0.0100, loss: 0.3277, lr: 9.55e-07
     Epoch[8] Iteration[150/993], entropy: 0.3267, uncertainty: 2.7672, uncertainty_coeffi: 0.0100, loss: 0.1704, lr: 9.55e-07
     Epoch[8] Iteration[160/993], entropy: 0.4556, uncertainty: 2.2229, uncertainty_coeffi: 0.0100, loss: 0.2652, lr: 9.55e-07
     Epoch[8] Iteration[170/993], entropy: 0.5689, uncertainty: 2.1385, uncertainty_coeffi: 0.0100, loss: 0.4082, lr: 9.55e-07
     Epoch[8] Iteration[180/993], entropy: 0.6212, uncertainty: 1.8067, uncertainty_coeffi: 0.0100, loss: 0.3926, lr: 9.55e-07
     Epoch[8] Iteration[190/993], entropy: 0.4295, uncertainty: 2.2722, uncertainty_coeffi: 0.0100, loss: 0.2674, lr: 9.55e-07
     Epoch[8] Iteration[200/993], entropy: 0.5354, uncertainty: 2.2027, uncertainty_coeffi: 0.0100, loss: 0.3522, lr: 9.55e-07
     Epoch[8] Iteration[210/993], entropy: 0.5934, uncertainty: 2.3975, uncertainty_coeffi: 0.0100, loss: 0.3548, lr: 9.55e-07
     Epoch[8] Iteration[220/993], entropy: 0.7435, uncertainty: 2.7591, uncertainty_coeffi: 0.0100, loss: 0.3622, lr: 9.55e-07
     Epoch[8] Iteration[230/993], entropy: 0.5827, uncertainty: 2.2501, uncertainty_coeffi: 0.0100, loss: 0.3339, lr: 9.55e-07
     Epoch[8] Iteration[240/993], entropy: 0.5372, uncertainty: 2.2932, uncertainty_coeffi: 0.0100, loss: 0.2829, lr: 9.55e-07
     Epoch[8] Iteration[250/993], entropy: 0.5735, uncertainty: 2.0692, uncertainty_coeffi: 0.0100, loss: 0.4196, lr: 9.55e-07
     Epoch[8] Iteration[260/993], entropy: 0.4646, uncertainty: 2.1757, uncertainty_coeffi: 0.0100, loss: 0.2755, lr: 9.55e-07
     Epoch[8] Iteration[270/993], entropy: 0.5085, uncertainty: 2.0914, uncertainty_coeffi: 0.0100, loss: 0.3650, lr: 9.55e-07
     Epoch[8] Iteration[280/993], entropy: 0.4496, uncertainty: 1.9032, uncertainty_coeffi: 0.0100, loss: 0.3072, lr: 9.55e-07
     Epoch[8] Iteration[290/993], entropy: 0.6190, uncertainty: 2.2001, uncertainty_coeffi: 0.0100, loss: 0.3067, lr: 9.55e-07
     Epoch[8] Iteration[300/993], entropy: 0.5569, uncertainty: 2.2250, uncertainty_coeffi: 0.0100, loss: 0.3436, lr: 9.55e-07
     Epoch[8] Iteration[310/993], entropy: 0.3476, uncertainty: 1.5794, uncertainty_coeffi: 0.0100, loss: 0.2669, lr: 9.55e-07
     Epoch[8] Iteration[320/993], entropy: 0.4007, uncertainty: 2.5213, uncertainty_coeffi: 0.0100, loss: 0.2355, lr: 9.55e-07
     Epoch[8] Iteration[330/993], entropy: 0.3828, uncertainty: 2.0291, uncertainty_coeffi: 0.0100, loss: 0.2505, lr: 9.55e-07
     Epoch[8] Iteration[340/993], entropy: 0.3382, uncertainty: 2.5829, uncertainty_coeffi: 0.0100, loss: 0.1860, lr: 9.55e-07
     Epoch[8] Iteration[350/993], entropy: 0.4999, uncertainty: 2.0389, uncertainty_coeffi: 0.0100, loss: 0.3249, lr: 9.55e-07
     Epoch[8] Iteration[360/993], entropy: 0.5575, uncertainty: 2.3198, uncertainty_coeffi: 0.0100, loss: 0.2986, lr: 9.55e-07
     Epoch[8] Iteration[370/993], entropy: 0.6686, uncertainty: 2.0293, uncertainty_coeffi: 0.0100, loss: 0.3713, lr: 9.55e-07
     Epoch[8] Iteration[380/993], entropy: 0.3739, uncertainty: 1.9941, uncertainty_coeffi: 0.0100, loss: 0.2430, lr: 9.55e-07
     Epoch[8] Iteration[390/993], entropy: 0.5888, uncertainty: 2.2893, uncertainty_coeffi: 0.0100, loss: 0.3618, lr: 9.55e-07
     Epoch[8] Iteration[400/993], entropy: 0.4702, uncertainty: 2.9772, uncertainty_coeffi: 0.0100, loss: 0.2843, lr: 9.55e-07
     Epoch[8] Iteration[410/993], entropy: 0.5080, uncertainty: 2.2502, uncertainty_coeffi: 0.0100, loss: 0.3195, lr: 9.55e-07
     Epoch[8] Iteration[420/993], entropy: 0.1860, uncertainty: 1.9821, uncertainty_coeffi: 0.0100, loss: 0.1226, lr: 9.55e-07
     Epoch[8] Iteration[430/993], entropy: 0.4313, uncertainty: 2.0539, uncertainty_coeffi: 0.0100, loss: 0.2608, lr: 9.55e-07
     Epoch[8] Iteration[440/993], entropy: 0.5206, uncertainty: 2.2447, uncertainty_coeffi: 0.0100, loss: 0.3741, lr: 9.55e-07
     Epoch[8] Iteration[450/993], entropy: 0.3308, uncertainty: 2.0461, uncertainty_coeffi: 0.0100, loss: 0.2237, lr: 9.55e-07
     Epoch[8] Iteration[460/993], entropy: 0.4908, uncertainty: 2.3096, uncertainty_coeffi: 0.0100, loss: 0.2803, lr: 9.55e-07
     Epoch[8] Iteration[470/993], entropy: 0.4315, uncertainty: 2.3156, uncertainty_coeffi: 0.0100, loss: 0.2516, lr: 9.55e-07
     Epoch[8] Iteration[480/993], entropy: 0.3530, uncertainty: 2.0212, uncertainty_coeffi: 0.0100, loss: 0.2215, lr: 9.55e-07
     Epoch[8] Iteration[490/993], entropy: 0.6195, uncertainty: 2.3359, uncertainty_coeffi: 0.0100, loss: 0.3394, lr: 9.55e-07
     Epoch[8] Iteration[500/993], entropy: 0.5241, uncertainty: 2.3086, uncertainty_coeffi: 0.0100, loss: 0.3033, lr: 9.55e-07
     Epoch[8] Iteration[510/993], entropy: 0.5582, uncertainty: 2.8253, uncertainty_coeffi: 0.0100, loss: 0.3566, lr: 9.55e-07
     Epoch[8] Iteration[520/993], entropy: 0.4690, uncertainty: 2.3578, uncertainty_coeffi: 0.0100, loss: 0.2835, lr: 9.55e-07
     Epoch[8] Iteration[530/993], entropy: 0.5700, uncertainty: 1.8386, uncertainty_coeffi: 0.0100, loss: 0.4103, lr: 9.55e-07
     Epoch[8] Iteration[540/993], entropy: 0.4000, uncertainty: 1.8442, uncertainty_coeffi: 0.0100, loss: 0.2255, lr: 9.55e-07
     Epoch[8] Iteration[550/993], entropy: 0.3795, uncertainty: 2.3526, uncertainty_coeffi: 0.0100, loss: 0.1953, lr: 9.55e-07
     Epoch[8] Iteration[560/993], entropy: 0.3497, uncertainty: 1.9021, uncertainty_coeffi: 0.0100, loss: 0.2269, lr: 9.55e-07
     Epoch[8] Iteration[570/993], entropy: 0.3931, uncertainty: 2.0603, uncertainty_coeffi: 0.0100, loss: 0.2670, lr: 9.55e-07
     Epoch[8] Iteration[580/993], entropy: 0.5568, uncertainty: 2.2486, uncertainty_coeffi: 0.0100, loss: 0.3624, lr: 9.55e-07
     Epoch[8] Iteration[590/993], entropy: 0.5747, uncertainty: 1.9103, uncertainty_coeffi: 0.0100, loss: 0.3850, lr: 9.55e-07
     Epoch[8] Iteration[600/993], entropy: 0.3820, uncertainty: 1.7846, uncertainty_coeffi: 0.0100, loss: 0.2275, lr: 9.55e-07
     Epoch[8] Iteration[610/993], entropy: 0.3997, uncertainty: 2.1328, uncertainty_coeffi: 0.0100, loss: 0.2759, lr: 9.55e-07
     Epoch[8] Iteration[620/993], entropy: 0.4309, uncertainty: 2.2361, uncertainty_coeffi: 0.0100, loss: 0.3038, lr: 9.55e-07
     Epoch[8] Iteration[630/993], entropy: 0.5225, uncertainty: 2.4335, uncertainty_coeffi: 0.0100, loss: 0.2760, lr: 9.55e-07
     Epoch[8] Iteration[640/993], entropy: 0.4926, uncertainty: 2.8577, uncertainty_coeffi: 0.0100, loss: 0.2856, lr: 9.55e-07
     Epoch[8] Iteration[650/993], entropy: 0.2544, uncertainty: 1.8277, uncertainty_coeffi: 0.0100, loss: 0.1966, lr: 9.55e-07
     Epoch[8] Iteration[660/993], entropy: 0.3953, uncertainty: 2.8162, uncertainty_coeffi: 0.0100, loss: 0.2084, lr: 9.55e-07
     Epoch[8] Iteration[670/993], entropy: 0.5628, uncertainty: 2.0497, uncertainty_coeffi: 0.0100, loss: 0.3463, lr: 9.55e-07
     Epoch[8] Iteration[680/993], entropy: 0.4827, uncertainty: 1.9328, uncertainty_coeffi: 0.0100, loss: 0.3180, lr: 9.55e-07
     Epoch[8] Iteration[690/993], entropy: 0.3894, uncertainty: 2.1413, uncertainty_coeffi: 0.0100, loss: 0.2359, lr: 9.55e-07
     Epoch[8] Iteration[700/993], entropy: 0.4538, uncertainty: 2.0892, uncertainty_coeffi: 0.0100, loss: 0.3086, lr: 9.55e-07
     Epoch[8] Iteration[710/993], entropy: 0.4342, uncertainty: 2.2872, uncertainty_coeffi: 0.0100, loss: 0.2383, lr: 9.55e-07
     Epoch[8] Iteration[720/993], entropy: 0.3353, uncertainty: 2.1775, uncertainty_coeffi: 0.0100, loss: 0.2236, lr: 9.55e-07
     Epoch[8] Iteration[730/993], entropy: 0.3254, uncertainty: 2.3409, uncertainty_coeffi: 0.0100, loss: 0.1949, lr: 9.55e-07
     Epoch[8] Iteration[740/993], entropy: 0.6183, uncertainty: 2.5919, uncertainty_coeffi: 0.0100, loss: 0.3625, lr: 9.55e-07
     Epoch[8] Iteration[750/993], entropy: 0.3481, uncertainty: 2.2736, uncertainty_coeffi: 0.0100, loss: 0.2300, lr: 9.55e-07
     Epoch[8] Iteration[760/993], entropy: 0.8672, uncertainty: 2.7836, uncertainty_coeffi: 0.0100, loss: 0.5647, lr: 9.55e-07
     Epoch[8] Iteration[770/993], entropy: 0.3142, uncertainty: 2.1512, uncertainty_coeffi: 0.0100, loss: 0.2131, lr: 9.55e-07
     Epoch[8] Iteration[780/993], entropy: 0.2181, uncertainty: 2.0101, uncertainty_coeffi: 0.0100, loss: 0.1540, lr: 9.55e-07
     Epoch[8] Iteration[790/993], entropy: 0.4855, uncertainty: 2.0776, uncertainty_coeffi: 0.0100, loss: 0.3434, lr: 9.55e-07
     Epoch[8] Iteration[800/993], entropy: 0.4160, uncertainty: 2.3823, uncertainty_coeffi: 0.0100, loss: 0.2705, lr: 9.55e-07
     Epoch[8] Iteration[810/993], entropy: 0.4848, uncertainty: 2.3037, uncertainty_coeffi: 0.0100, loss: 0.2879, lr: 9.55e-07
     Epoch[8] Iteration[820/993], entropy: 0.4653, uncertainty: 1.9851, uncertainty_coeffi: 0.0100, loss: 0.2936, lr: 9.55e-07
     Epoch[8] Iteration[830/993], entropy: 0.2473, uncertainty: 1.8287, uncertainty_coeffi: 0.0100, loss: 0.1741, lr: 9.55e-07
     Epoch[8] Iteration[840/993], entropy: 0.5784, uncertainty: 2.0951, uncertainty_coeffi: 0.0100, loss: 0.3386, lr: 9.55e-07
     Epoch[8] Iteration[850/993], entropy: 0.5532, uncertainty: 2.3845, uncertainty_coeffi: 0.0100, loss: 0.2869, lr: 9.55e-07
     Epoch[8] Iteration[860/993], entropy: 0.3862, uncertainty: 2.1817, uncertainty_coeffi: 0.0100, loss: 0.2298, lr: 9.55e-07
     Epoch[8] Iteration[870/993], entropy: 0.4750, uncertainty: 2.6076, uncertainty_coeffi: 0.0100, loss: 0.2655, lr: 9.55e-07
     Epoch[8] Iteration[880/993], entropy: 0.3566, uncertainty: 2.9982, uncertainty_coeffi: 0.0100, loss: 0.1514, lr: 9.55e-07
     Epoch[8] Iteration[890/993], entropy: 0.5313, uncertainty: 2.3532, uncertainty_coeffi: 0.0100, loss: 0.3095, lr: 9.55e-07
     Epoch[8] Iteration[900/993], entropy: 0.4854, uncertainty: 2.3309, uncertainty_coeffi: 0.0100, loss: 0.2436, lr: 9.55e-07
     Epoch[8] Iteration[910/993], entropy: 0.6175, uncertainty: 2.3384, uncertainty_coeffi: 0.0100, loss: 0.3327, lr: 9.55e-07
     Epoch[8] Iteration[920/993], entropy: 0.5375, uncertainty: 2.7547, uncertainty_coeffi: 0.0100, loss: 0.3045, lr: 9.55e-07
     Epoch[8] Iteration[930/993], entropy: 0.5165, uncertainty: 2.3699, uncertainty_coeffi: 0.0100, loss: 0.2957, lr: 9.55e-07
     Epoch[8] Iteration[940/993], entropy: 0.3636, uncertainty: 2.7845, uncertainty_coeffi: 0.0100, loss: 0.1806, lr: 9.55e-07
     Epoch[8] Iteration[950/993], entropy: 0.4569, uncertainty: 2.0506, uncertainty_coeffi: 0.0100, loss: 0.2996, lr: 9.55e-07
     Epoch[8] Iteration[960/993], entropy: 0.4513, uncertainty: 2.2122, uncertainty_coeffi: 0.0100, loss: 0.2487, lr: 9.55e-07
     Epoch[8] Iteration[970/993], entropy: 0.2902, uncertainty: 2.7189, uncertainty_coeffi: 0.0100, loss: 0.1468, lr: 9.55e-07
     Epoch[8] Iteration[980/993], entropy: 0.2685, uncertainty: 1.8324, uncertainty_coeffi: 0.0100, loss: 0.2062, lr: 9.55e-07
     Epoch[8] Iteration[990/993], entropy: 0.5119, uncertainty: 2.1105, uncertainty_coeffi: 0.0100, loss: 0.3024, lr: 9.55e-07
     Averaged stats: entropy_avg: 0.4684, uncertainty_avg: 2.2715, uncertainty_coeffi_avg: 0.0100, loss_avg: 0.2828, lr_avg: 8.97e-07
     itm tta time 0:02:57
     Epoch[9] Iteration[10/993], entropy: 0.3405, uncertainty: 2.4632, uncertainty_coeffi: 0.0100, loss: 0.2574, lr: 3.45e-06
     Epoch[9] Iteration[20/993], entropy: 0.5784, uncertainty: 2.3429, uncertainty_coeffi: 0.0100, loss: 0.3916, lr: 3.45e-06
     Epoch[9] Iteration[30/993], entropy: 0.6461, uncertainty: 2.5901, uncertainty_coeffi: 0.0100, loss: 0.3392, lr: 3.45e-06
     Epoch[9] Iteration[40/993], entropy: 0.5097, uncertainty: 2.4158, uncertainty_coeffi: 0.0100, loss: 0.2700, lr: 3.45e-06
     Epoch[9] Iteration[50/993], entropy: 0.3654, uncertainty: 1.7808, uncertainty_coeffi: 0.0100, loss: 0.2553, lr: 3.45e-06
     Epoch[9] Iteration[60/993], entropy: 0.3620, uncertainty: 2.5056, uncertainty_coeffi: 0.0100, loss: 0.2182, lr: 3.45e-06
     Epoch[9] Iteration[70/993], entropy: 0.4716, uncertainty: 2.6329, uncertainty_coeffi: 0.0100, loss: 0.2846, lr: 3.45e-06
     Epoch[9] Iteration[80/993], entropy: 0.3849, uncertainty: 2.3376, uncertainty_coeffi: 0.0100, loss: 0.2644, lr: 3.45e-06
     Epoch[9] Iteration[90/993], entropy: 0.4159, uncertainty: 1.8179, uncertainty_coeffi: 0.0100, loss: 0.2851, lr: 3.45e-06
     Epoch[9] Iteration[100/993], entropy: 0.6559, uncertainty: 2.4573, uncertainty_coeffi: 0.0100, loss: 0.3533, lr: 3.45e-06
     Epoch[9] Iteration[110/993], entropy: 0.4980, uncertainty: 2.3566, uncertainty_coeffi: 0.0100, loss: 0.2465, lr: 3.45e-06
     Epoch[9] Iteration[120/993], entropy: 0.2688, uncertainty: 2.4325, uncertainty_coeffi: 0.0100, loss: 0.1740, lr: 3.45e-06
     Epoch[9] Iteration[130/993], entropy: 0.4537, uncertainty: 3.0039, uncertainty_coeffi: 0.0100, loss: 0.2168, lr: 3.45e-06
     Epoch[9] Iteration[140/993], entropy: 0.4062, uncertainty: 2.5461, uncertainty_coeffi: 0.0100, loss: 0.1915, lr: 3.45e-06
     Epoch[9] Iteration[150/993], entropy: 0.3732, uncertainty: 1.9989, uncertainty_coeffi: 0.0100, loss: 0.2285, lr: 3.45e-06
     Epoch[9] Iteration[160/993], entropy: 0.4881, uncertainty: 2.5155, uncertainty_coeffi: 0.0100, loss: 0.2454, lr: 3.45e-06
     Epoch[9] Iteration[170/993], entropy: 0.1861, uncertainty: 2.4186, uncertainty_coeffi: 0.0100, loss: 0.1184, lr: 3.45e-06
     Epoch[9] Iteration[180/993], entropy: 0.5039, uncertainty: 2.2322, uncertainty_coeffi: 0.0100, loss: 0.3276, lr: 3.45e-06
     Epoch[9] Iteration[190/993], entropy: 0.4316, uncertainty: 2.0929, uncertainty_coeffi: 0.0100, loss: 0.2623, lr: 3.45e-06
     Epoch[9] Iteration[200/993], entropy: 0.5378, uncertainty: 2.3778, uncertainty_coeffi: 0.0100, loss: 0.2693, lr: 3.45e-06
     Epoch[9] Iteration[210/993], entropy: 0.4654, uncertainty: 2.2751, uncertainty_coeffi: 0.0100, loss: 0.2223, lr: 3.45e-06
     Epoch[9] Iteration[220/993], entropy: 0.3518, uncertainty: 1.8757, uncertainty_coeffi: 0.0100, loss: 0.2308, lr: 3.45e-06
     Epoch[9] Iteration[230/993], entropy: 0.5610, uncertainty: 1.9944, uncertainty_coeffi: 0.0100, loss: 0.3570, lr: 3.45e-06
     Epoch[9] Iteration[240/993], entropy: 0.4421, uncertainty: 2.4663, uncertainty_coeffi: 0.0100, loss: 0.2534, lr: 3.45e-06
     Epoch[9] Iteration[250/993], entropy: 0.3990, uncertainty: 2.6563, uncertainty_coeffi: 0.0100, loss: 0.2306, lr: 3.45e-06
     Epoch[9] Iteration[260/993], entropy: 0.3389, uncertainty: 2.7425, uncertainty_coeffi: 0.0100, loss: 0.1716, lr: 3.45e-06
     Epoch[9] Iteration[270/993], entropy: 0.4293, uncertainty: 2.3341, uncertainty_coeffi: 0.0100, loss: 0.2253, lr: 3.45e-06
     Epoch[9] Iteration[280/993], entropy: 0.4450, uncertainty: 2.0251, uncertainty_coeffi: 0.0100, loss: 0.2773, lr: 3.45e-06
     Epoch[9] Iteration[290/993], entropy: 0.6824, uncertainty: 1.7289, uncertainty_coeffi: 0.0100, loss: 0.4415, lr: 3.45e-06
     Epoch[9] Iteration[300/993], entropy: 0.4257, uncertainty: 2.2616, uncertainty_coeffi: 0.0100, loss: 0.2374, lr: 3.45e-06
     Epoch[9] Iteration[310/993], entropy: 0.3594, uncertainty: 2.2263, uncertainty_coeffi: 0.0100, loss: 0.2223, lr: 3.45e-06
     Epoch[9] Iteration[320/993], entropy: 0.5560, uncertainty: 2.6056, uncertainty_coeffi: 0.0100, loss: 0.3119, lr: 3.45e-06
     Epoch[9] Iteration[330/993], entropy: 0.4703, uncertainty: 2.1279, uncertainty_coeffi: 0.0100, loss: 0.3081, lr: 3.45e-06
     Epoch[9] Iteration[340/993], entropy: 0.5064, uncertainty: 1.9151, uncertainty_coeffi: 0.0100, loss: 0.3208, lr: 3.45e-06
     Epoch[9] Iteration[350/993], entropy: 0.6824, uncertainty: 2.7154, uncertainty_coeffi: 0.0100, loss: 0.3216, lr: 3.45e-06
     Epoch[9] Iteration[360/993], entropy: 0.4624, uncertainty: 2.2010, uncertainty_coeffi: 0.0100, loss: 0.2855, lr: 3.45e-06
     Epoch[9] Iteration[370/993], entropy: 0.5048, uncertainty: 2.7004, uncertainty_coeffi: 0.0100, loss: 0.2884, lr: 3.45e-06
     Epoch[9] Iteration[380/993], entropy: 0.5263, uncertainty: 1.9063, uncertainty_coeffi: 0.0100, loss: 0.3287, lr: 3.45e-06
     Epoch[9] Iteration[390/993], entropy: 0.4972, uncertainty: 2.7967, uncertainty_coeffi: 0.0100, loss: 0.2012, lr: 3.45e-06
     Epoch[9] Iteration[400/993], entropy: 0.4790, uncertainty: 2.2773, uncertainty_coeffi: 0.0100, loss: 0.3056, lr: 3.45e-06
     Epoch[9] Iteration[410/993], entropy: 0.5333, uncertainty: 2.3445, uncertainty_coeffi: 0.0100, loss: 0.3241, lr: 3.45e-06
     Epoch[9] Iteration[420/993], entropy: 0.7504, uncertainty: 2.5738, uncertainty_coeffi: 0.0100, loss: 0.3713, lr: 3.45e-06
     Epoch[9] Iteration[430/993], entropy: 0.5171, uncertainty: 2.5162, uncertainty_coeffi: 0.0100, loss: 0.2989, lr: 3.45e-06
     Epoch[9] Iteration[440/993], entropy: 0.5119, uncertainty: 2.7118, uncertainty_coeffi: 0.0100, loss: 0.3027, lr: 3.45e-06
     Epoch[9] Iteration[450/993], entropy: 0.4717, uncertainty: 2.2953, uncertainty_coeffi: 0.0100, loss: 0.2703, lr: 3.45e-06
     Epoch[9] Iteration[460/993], entropy: 0.4441, uncertainty: 2.3431, uncertainty_coeffi: 0.0100, loss: 0.2263, lr: 3.45e-06
     Epoch[9] Iteration[470/993], entropy: 0.6070, uncertainty: 2.7256, uncertainty_coeffi: 0.0100, loss: 0.3207, lr: 3.45e-06
     Epoch[9] Iteration[480/993], entropy: 0.5550, uncertainty: 2.4490, uncertainty_coeffi: 0.0100, loss: 0.3060, lr: 3.45e-06
     Epoch[9] Iteration[490/993], entropy: 0.5038, uncertainty: 2.3083, uncertainty_coeffi: 0.0100, loss: 0.2883, lr: 3.45e-06
     Epoch[9] Iteration[500/993], entropy: 0.4492, uncertainty: 2.1818, uncertainty_coeffi: 0.0100, loss: 0.2317, lr: 3.45e-06
     Epoch[9] Iteration[510/993], entropy: 0.5819, uncertainty: 2.5373, uncertainty_coeffi: 0.0100, loss: 0.2852, lr: 3.45e-06
     Epoch[9] Iteration[520/993], entropy: 0.4468, uncertainty: 2.7900, uncertainty_coeffi: 0.0100, loss: 0.1973, lr: 3.45e-06
     Epoch[9] Iteration[530/993], entropy: 0.4680, uncertainty: 2.8068, uncertainty_coeffi: 0.0100, loss: 0.2376, lr: 3.45e-06
     Epoch[9] Iteration[540/993], entropy: 0.3127, uncertainty: 2.8575, uncertainty_coeffi: 0.0100, loss: 0.1444, lr: 3.45e-06
     Epoch[9] Iteration[550/993], entropy: 0.4525, uncertainty: 2.3110, uncertainty_coeffi: 0.0100, loss: 0.2761, lr: 3.45e-06
     Epoch[9] Iteration[560/993], entropy: 0.4787, uncertainty: 2.5057, uncertainty_coeffi: 0.0100, loss: 0.2373, lr: 3.45e-06
     Epoch[9] Iteration[570/993], entropy: 0.1731, uncertainty: 2.2599, uncertainty_coeffi: 0.0100, loss: 0.1099, lr: 3.45e-06
     Epoch[9] Iteration[580/993], entropy: 0.4947, uncertainty: 2.0720, uncertainty_coeffi: 0.0100, loss: 0.3572, lr: 3.45e-06
     Epoch[9] Iteration[590/993], entropy: 0.6561, uncertainty: 2.1562, uncertainty_coeffi: 0.0100, loss: 0.3892, lr: 3.45e-06
     Epoch[9] Iteration[600/993], entropy: 0.6443, uncertainty: 2.4910, uncertainty_coeffi: 0.0100, loss: 0.3278, lr: 3.45e-06
     Epoch[9] Iteration[610/993], entropy: 0.3742, uncertainty: 2.4273, uncertainty_coeffi: 0.0100, loss: 0.1822, lr: 3.45e-06
     Epoch[9] Iteration[620/993], entropy: 0.4842, uncertainty: 2.0980, uncertainty_coeffi: 0.0100, loss: 0.2503, lr: 3.45e-06
     Epoch[9] Iteration[630/993], entropy: 0.4124, uncertainty: 2.3588, uncertainty_coeffi: 0.0100, loss: 0.2577, lr: 3.45e-06
     Epoch[9] Iteration[640/993], entropy: 0.4749, uncertainty: 2.2690, uncertainty_coeffi: 0.0100, loss: 0.3243, lr: 3.45e-06
     Epoch[9] Iteration[650/993], entropy: 0.6979, uncertainty: 2.3352, uncertainty_coeffi: 0.0100, loss: 0.3792, lr: 3.45e-06
     Epoch[9] Iteration[660/993], entropy: 0.2797, uncertainty: 2.5044, uncertainty_coeffi: 0.0100, loss: 0.1550, lr: 3.45e-06
     Epoch[9] Iteration[670/993], entropy: 0.5147, uncertainty: 2.5159, uncertainty_coeffi: 0.0100, loss: 0.2964, lr: 3.45e-06
     Epoch[9] Iteration[680/993], entropy: 0.3536, uncertainty: 1.8042, uncertainty_coeffi: 0.0100, loss: 0.2749, lr: 3.45e-06
     Epoch[9] Iteration[690/993], entropy: 0.6695, uncertainty: 2.6768, uncertainty_coeffi: 0.0100, loss: 0.3492, lr: 3.45e-06
     Epoch[9] Iteration[700/993], entropy: 0.4450, uncertainty: 1.9820, uncertainty_coeffi: 0.0100, loss: 0.2934, lr: 3.45e-06
     Epoch[9] Iteration[710/993], entropy: 0.4973, uncertainty: 2.1923, uncertainty_coeffi: 0.0100, loss: 0.2693, lr: 3.45e-06
     Epoch[9] Iteration[720/993], entropy: 0.5306, uncertainty: 2.0836, uncertainty_coeffi: 0.0100, loss: 0.3019, lr: 3.45e-06
     Epoch[9] Iteration[730/993], entropy: 0.1618, uncertainty: 2.0944, uncertainty_coeffi: 0.0100, loss: 0.0950, lr: 3.45e-06
     Epoch[9] Iteration[740/993], entropy: 0.3288, uncertainty: 2.2608, uncertainty_coeffi: 0.0100, loss: 0.2160, lr: 3.45e-06
     Epoch[9] Iteration[750/993], entropy: 0.2673, uncertainty: 1.7608, uncertainty_coeffi: 0.0100, loss: 0.1632, lr: 3.45e-06
     Epoch[9] Iteration[760/993], entropy: 0.5353, uncertainty: 2.1218, uncertainty_coeffi: 0.0100, loss: 0.3546, lr: 3.45e-06
     Epoch[9] Iteration[770/993], entropy: 0.3695, uncertainty: 2.1082, uncertainty_coeffi: 0.0100, loss: 0.2017, lr: 3.45e-06
     Epoch[9] Iteration[780/993], entropy: 0.6091, uncertainty: 2.3570, uncertainty_coeffi: 0.0100, loss: 0.3596, lr: 3.45e-06
     Epoch[9] Iteration[790/993], entropy: 0.3811, uncertainty: 2.2544, uncertainty_coeffi: 0.0100, loss: 0.2354, lr: 3.45e-06
     Epoch[9] Iteration[800/993], entropy: 0.4999, uncertainty: 2.4424, uncertainty_coeffi: 0.0100, loss: 0.3040, lr: 3.45e-06
     Epoch[9] Iteration[810/993], entropy: 0.6567, uncertainty: 2.0985, uncertainty_coeffi: 0.0100, loss: 0.3611, lr: 3.45e-06
     Epoch[9] Iteration[820/993], entropy: 0.4678, uncertainty: 2.2110, uncertainty_coeffi: 0.0100, loss: 0.3004, lr: 3.45e-06
     Epoch[9] Iteration[830/993], entropy: 0.4804, uncertainty: 2.3217, uncertainty_coeffi: 0.0100, loss: 0.2522, lr: 3.45e-06
     Epoch[9] Iteration[840/993], entropy: 0.6724, uncertainty: 2.1268, uncertainty_coeffi: 0.0100, loss: 0.4480, lr: 3.45e-06
     Epoch[9] Iteration[850/993], entropy: 0.3897, uncertainty: 2.8640, uncertainty_coeffi: 0.0100, loss: 0.2192, lr: 3.45e-06
     Epoch[9] Iteration[860/993], entropy: 0.4248, uncertainty: 2.1464, uncertainty_coeffi: 0.0100, loss: 0.2634, lr: 3.45e-06
     Epoch[9] Iteration[870/993], entropy: 0.5836, uncertainty: 2.8910, uncertainty_coeffi: 0.0100, loss: 0.2473, lr: 3.45e-06
     Epoch[9] Iteration[880/993], entropy: 0.4434, uncertainty: 1.9355, uncertainty_coeffi: 0.0100, loss: 0.2736, lr: 3.45e-06
     Epoch[9] Iteration[890/993], entropy: 0.5353, uncertainty: 2.1747, uncertainty_coeffi: 0.0100, loss: 0.2942, lr: 3.45e-06
     Epoch[9] Iteration[900/993], entropy: 0.4924, uncertainty: 2.3837, uncertainty_coeffi: 0.0100, loss: 0.2444, lr: 3.45e-06
     Epoch[9] Iteration[910/993], entropy: 0.3828, uncertainty: 2.7423, uncertainty_coeffi: 0.0100, loss: 0.2238, lr: 3.45e-06
     Epoch[9] Iteration[920/993], entropy: 0.4482, uncertainty: 3.2519, uncertainty_coeffi: 0.0100, loss: 0.2483, lr: 3.45e-06
     Epoch[9] Iteration[930/993], entropy: 0.2725, uncertainty: 2.4219, uncertainty_coeffi: 0.0100, loss: 0.1774, lr: 3.45e-06
     Epoch[9] Iteration[940/993], entropy: 0.2741, uncertainty: 2.2761, uncertainty_coeffi: 0.0100, loss: 0.2074, lr: 3.45e-06
     Epoch[9] Iteration[950/993], entropy: 0.4945, uncertainty: 2.7546, uncertainty_coeffi: 0.0100, loss: 0.2877, lr: 3.45e-06
     Epoch[9] Iteration[960/993], entropy: 0.5171, uncertainty: 2.1782, uncertainty_coeffi: 0.0100, loss: 0.2828, lr: 3.45e-06
     Epoch[9] Iteration[970/993], entropy: 0.3147, uncertainty: 2.7452, uncertainty_coeffi: 0.0100, loss: 0.1471, lr: 3.45e-06
     Epoch[9] Iteration[980/993], entropy: 0.4287, uncertainty: 2.2319, uncertainty_coeffi: 0.0100, loss: 0.2887, lr: 3.45e-06
     Epoch[9] Iteration[990/993], entropy: 0.3992, uncertainty: 2.3091, uncertainty_coeffi: 0.0100, loss: 0.2471, lr: 3.45e-06
     Averaged stats: entropy_avg: 0.4655, uncertainty_avg: 2.3545, uncertainty_coeffi_avg: 0.0100, loss_avg: 0.2679, lr_avg: 3.45e-06
     itm tta time 0:02:58
### TTA Eval Score: 
+-------+--------+--------+--------+--------+-------+
| epoch |   R1   |   R5   |  R10   |  mAP   |  mINP |
+-------+--------+--------+--------+--------+-------+
|  -999 | 60.641 | 77.509 | 83.268 | 35.542 | 6.004 |
|   0   | 60.978 | 77.559 | 83.233 | 35.740 | 6.015 |
|   1   | 61.185 | 77.529 | 83.328 | 35.865 | 6.024 |
|   2   | 61.301 | 77.575 | 83.338 | 35.954 | 6.031 |
|   4   | 61.533 | 77.564 | 83.313 | 36.052 | 6.040 |
|   9   | 61.769 | 77.489 | 83.097 | 36.131 | 6.052 |
+-------+--------+--------+--------+--------+-------+
     logs:  {'epo': 9, 'R1': 61.769, 'R5': 77.489, 'R10': 83.097, 'mAP': 36.131, 'mINP': 6.052, 'entropy': 0.4654585231434215, 'uncertainty': 2.3545405611847388, 'uncertainty_coeffi': 0.009999999776482582, 'loss': 0.2678852865491251, 'lr': 3.45491502812549e-06}
### best epoch 9 : {'epo': '9', 'R1': '61.769', 'R5': '77.489', 'R10': '83.097', 'mAP': '36.131', 'mINP': '6.052', 'entropy': '0.4654585231434215', 'uncertainty': '2.3545405611847388', 'uncertainty_coeffi': '0.009999999776482582', 'loss': '0.2678852865491251', 'lr': '3.45491502812549e-06'}
### Time 0:34:59
