/home/user/yc57963/miniconda3/envs/irra/lib/python3.9/site-packages/torch/utils/data/dataloader.py:627: UserWarning: This DataLoader will create 8 worker processes in total. Our suggested max number of worker in current system is 2, which is smaller than what this DataLoader is going to create. Please be aware that excessive worker creation might get DataLoader running slow or even freeze, lower the worker number to avoid potential slowness/freeze if necessary.
  warnings.warn(
Not using distributed mode
### Hyper-parameters:
     output_dir: output_rerun2/ham_icfg_tta/exp9/exp9.0.3/2025091817451
     seed: 42
     device: cuda
     batch_size_tta: 16
     epochs: 10
     lr: 0.0005
### Creating test dataset
     test_txt_set: 19848    test_img_set: 19848
     test_txt_loader: 39    test_img_loader: 39
### Creating model
Training Model with ['sdm', 'id', 'mlm'] tasks
Resized position embedding from size:torch.Size([1, 197, 768]) to size: torch.Size([1, 193, 768]) with height:24 width: 8
     Total Params Sum:  190482206
### Zero-Shot Score: 
/home/user/yc57963/miniconda3/envs/irra/lib/python3.9/site-packages/torch/utils/data/dataloader.py:627: UserWarning: This DataLoader will create 4 worker processes in total. Our suggested max number of worker in current system is 2, which is smaller than what this DataLoader is going to create. Please be aware that excessive worker creation might get DataLoader running slow or even freeze, lower the worker number to avoid potential slowness/freeze if necessary.
  warnings.warn(
/home/user/yc57963/task/IRRA/tta.py:284: FutureWarning: `torch.cuda.amp.GradScaler(args...)` is deprecated. Please use `torch.amp.GradScaler('cuda', args...)` instead.
  scaler = GradScaler()  # bf16
+-------+--------+--------+--------+--------+-------+
| epoch |   R1   |   R5   |  R10   |  mAP   |  mINP |
+-------+--------+--------+--------+--------+-------+
|  -999 | 60.656 | 77.499 | 83.268 | 35.543 | 6.006 |
+-------+--------+--------+--------+--------+-------+
### TTA:
### Compute Cos Similarity Uncertainty
     preprocess_tta_coefficients  start
     sample selection ...
     number of sample after sample_selection: 15908
     uncertainty ...
     pos/neg sampling ...
      number of sample after pos/neg sampling: torch.Size([19848, 8])
     preprocess_tta_coefficients  end
### Creating TTA dataset
     tta_dataset: 15908
### Creating tta dataloader
### be careful: func create_loader returns a list length of 1
     tta_loader: 994
### Configure adapted weights
     TTA Dropout Modules: 
 []
     TTA Require Gradient Params: 
 [('base_model.transformer.resblocks.1.ln_1.weight', torch.Size([512])), ('base_model.transformer.resblocks.1.ln_1.bias', torch.Size([512])), ('base_model.transformer.resblocks.1.ln_2.weight', torch.Size([512])), ('base_model.transformer.resblocks.1.ln_2.bias', torch.Size([512])), ('base_model.transformer.resblocks.2.ln_1.weight', torch.Size([512])), ('base_model.transformer.resblocks.2.ln_1.bias', torch.Size([512])), ('base_model.transformer.resblocks.2.ln_2.weight', torch.Size([512])), ('base_model.transformer.resblocks.2.ln_2.bias', torch.Size([512])), ('base_model.transformer.resblocks.3.ln_1.weight', torch.Size([512])), ('base_model.transformer.resblocks.3.ln_1.bias', torch.Size([512])), ('base_model.transformer.resblocks.3.ln_2.weight', torch.Size([512])), ('base_model.transformer.resblocks.3.ln_2.bias', torch.Size([512])), ('base_model.transformer.resblocks.4.ln_1.weight', torch.Size([512])), ('base_model.transformer.resblocks.4.ln_1.bias', torch.Size([512])), ('base_model.transformer.resblocks.4.ln_2.weight', torch.Size([512])), ('base_model.transformer.resblocks.4.ln_2.bias', torch.Size([512])), ('base_model.transformer.resblocks.5.ln_1.weight', torch.Size([512])), ('base_model.transformer.resblocks.5.ln_1.bias', torch.Size([512])), ('base_model.transformer.resblocks.5.ln_2.weight', torch.Size([512])), ('base_model.transformer.resblocks.5.ln_2.bias', torch.Size([512])), ('base_model.transformer.resblocks.7.ln_1.weight', torch.Size([512])), ('base_model.transformer.resblocks.7.ln_1.bias', torch.Size([512])), ('base_model.transformer.resblocks.7.ln_2.weight', torch.Size([512])), ('base_model.transformer.resblocks.7.ln_2.bias', torch.Size([512])), ('base_model.transformer.resblocks.8.ln_1.weight', torch.Size([512])), ('base_model.transformer.resblocks.8.ln_1.bias', torch.Size([512])), ('base_model.transformer.resblocks.8.ln_2.weight', torch.Size([512])), ('base_model.transformer.resblocks.8.ln_2.bias', torch.Size([512])), ('base_model.transformer.resblocks.9.ln_1.weight', torch.Size([512])), ('base_model.transformer.resblocks.9.ln_1.bias', torch.Size([512])), ('base_model.transformer.resblocks.9.ln_2.weight', torch.Size([512])), ('base_model.transformer.resblocks.9.ln_2.bias', torch.Size([512])), ('base_model.transformer.resblocks.10.ln_1.weight', torch.Size([512])), ('base_model.transformer.resblocks.10.ln_1.bias', torch.Size([512])), ('base_model.transformer.resblocks.10.ln_2.weight', torch.Size([512])), ('base_model.transformer.resblocks.10.ln_2.bias', torch.Size([512])), ('base_model.transformer.resblocks.11.ln_1.weight', torch.Size([512])), ('base_model.transformer.resblocks.11.ln_1.bias', torch.Size([512])), ('base_model.transformer.resblocks.11.ln_2.weight', torch.Size([512])), ('base_model.transformer.resblocks.11.ln_2.bias', torch.Size([512])), ('base_model.ln_final.weight', torch.Size([512])), ('base_model.ln_final.bias', torch.Size([512]))]
     TTA Dropout Modules Number: 
 0
     TTA Require Gradient Params Sum: 
 21504
Using 5.0 times learning rate for random init module 
### Start Test Time Adaptation : num_epoch = 10
/home/user/yc57963/task/IRRA/tta.py:67: FutureWarning: `torch.cuda.amp.autocast(args...)` is deprecated. Please use `torch.amp.autocast('cuda', args...)` instead.
  with torch.cuda.amp.autocast(enabled=True):
     Epoch[0] Iteration[10/994], entropy: 0.7351, uncertainty: 2.1677, uncertainty_coeffi: 0.0100, loss: 0.4065, lr: 4.77e-05
     Epoch[0] Iteration[20/994], entropy: 0.7568, uncertainty: 2.4602, uncertainty_coeffi: 0.0100, loss: 0.3540, lr: 4.77e-05
     Epoch[0] Iteration[30/994], entropy: 0.4198, uncertainty: 1.8348, uncertainty_coeffi: 0.0100, loss: 0.2640, lr: 4.77e-05
     Epoch[0] Iteration[40/994], entropy: 0.5228, uncertainty: 2.5390, uncertainty_coeffi: 0.0100, loss: 0.2930, lr: 4.77e-05
     Epoch[0] Iteration[50/994], entropy: 0.3641, uncertainty: 2.5315, uncertainty_coeffi: 0.0100, loss: 0.1959, lr: 4.77e-05
     Epoch[0] Iteration[60/994], entropy: 0.3126, uncertainty: 2.9906, uncertainty_coeffi: 0.0100, loss: 0.1375, lr: 4.77e-05
     Epoch[0] Iteration[70/994], entropy: 0.6388, uncertainty: 2.8764, uncertainty_coeffi: 0.0100, loss: 0.2488, lr: 4.77e-05
     Epoch[0] Iteration[80/994], entropy: 0.4624, uncertainty: 3.0618, uncertainty_coeffi: 0.0100, loss: 0.2081, lr: 4.77e-05
     Epoch[0] Iteration[90/994], entropy: 0.4759, uncertainty: 2.6039, uncertainty_coeffi: 0.0100, loss: 0.2390, lr: 4.77e-05
     Epoch[0] Iteration[100/994], entropy: 0.4359, uncertainty: 3.3962, uncertainty_coeffi: 0.0100, loss: 0.1876, lr: 4.77e-05
     Epoch[0] Iteration[110/994], entropy: 0.4578, uncertainty: 2.4106, uncertainty_coeffi: 0.0100, loss: 0.2202, lr: 4.77e-05
     Epoch[0] Iteration[120/994], entropy: 0.3655, uncertainty: 2.2688, uncertainty_coeffi: 0.0100, loss: 0.1861, lr: 4.77e-05
     Epoch[0] Iteration[130/994], entropy: 0.3546, uncertainty: 3.2547, uncertainty_coeffi: 0.0100, loss: 0.1977, lr: 4.77e-05
     Epoch[0] Iteration[140/994], entropy: 0.4494, uncertainty: 2.2468, uncertainty_coeffi: 0.0100, loss: 0.2731, lr: 4.77e-05
     Epoch[0] Iteration[150/994], entropy: 0.6738, uncertainty: 2.2181, uncertainty_coeffi: 0.0100, loss: 0.3924, lr: 4.77e-05
     Epoch[0] Iteration[160/994], entropy: 0.5353, uncertainty: 2.5449, uncertainty_coeffi: 0.0100, loss: 0.3015, lr: 4.77e-05
     Epoch[0] Iteration[170/994], entropy: 0.6044, uncertainty: 2.8599, uncertainty_coeffi: 0.0100, loss: 0.3099, lr: 4.77e-05
     Epoch[0] Iteration[180/994], entropy: 0.4000, uncertainty: 3.2459, uncertainty_coeffi: 0.0100, loss: 0.1448, lr: 4.77e-05
     Epoch[0] Iteration[190/994], entropy: 0.4175, uncertainty: 3.1516, uncertainty_coeffi: 0.0100, loss: 0.1742, lr: 4.77e-05
     Epoch[0] Iteration[200/994], entropy: 0.6875, uncertainty: 2.7975, uncertainty_coeffi: 0.0100, loss: 0.2843, lr: 4.77e-05
     Epoch[0] Iteration[210/994], entropy: 0.5418, uncertainty: 2.6067, uncertainty_coeffi: 0.0100, loss: 0.3034, lr: 4.77e-05
     Epoch[0] Iteration[220/994], entropy: 0.3941, uncertainty: 2.1241, uncertainty_coeffi: 0.0100, loss: 0.2179, lr: 4.77e-05
     Epoch[0] Iteration[230/994], entropy: 0.3844, uncertainty: 2.4033, uncertainty_coeffi: 0.0100, loss: 0.2402, lr: 4.77e-05
     Epoch[0] Iteration[240/994], entropy: 0.4436, uncertainty: 2.8504, uncertainty_coeffi: 0.0100, loss: 0.2231, lr: 4.77e-05
     Epoch[0] Iteration[250/994], entropy: 0.4364, uncertainty: 2.5904, uncertainty_coeffi: 0.0100, loss: 0.2186, lr: 4.77e-05
     Epoch[0] Iteration[260/994], entropy: 0.5712, uncertainty: 2.3660, uncertainty_coeffi: 0.0100, loss: 0.3212, lr: 4.77e-05
     Epoch[0] Iteration[270/994], entropy: 0.2988, uncertainty: 2.0773, uncertainty_coeffi: 0.0100, loss: 0.2083, lr: 4.77e-05
     Epoch[0] Iteration[280/994], entropy: 0.3613, uncertainty: 2.7511, uncertainty_coeffi: 0.0100, loss: 0.2031, lr: 4.77e-05
     Epoch[0] Iteration[290/994], entropy: 0.4753, uncertainty: 2.0234, uncertainty_coeffi: 0.0100, loss: 0.3292, lr: 4.77e-05
     Epoch[0] Iteration[300/994], entropy: 0.4869, uncertainty: 3.1102, uncertainty_coeffi: 0.0100, loss: 0.2168, lr: 4.77e-05
     Epoch[0] Iteration[310/994], entropy: 0.6342, uncertainty: 2.3396, uncertainty_coeffi: 0.0100, loss: 0.3286, lr: 4.77e-05
     Epoch[0] Iteration[320/994], entropy: 0.5083, uncertainty: 3.4025, uncertainty_coeffi: 0.0100, loss: 0.2247, lr: 4.77e-05
     Epoch[0] Iteration[330/994], entropy: 0.3129, uncertainty: 2.8574, uncertainty_coeffi: 0.0100, loss: 0.1617, lr: 4.77e-05
     Epoch[0] Iteration[340/994], entropy: 0.6411, uncertainty: 3.3043, uncertainty_coeffi: 0.0100, loss: 0.2831, lr: 4.77e-05
     Epoch[0] Iteration[350/994], entropy: 0.5312, uncertainty: 2.7092, uncertainty_coeffi: 0.0100, loss: 0.2124, lr: 4.77e-05
     Epoch[0] Iteration[360/994], entropy: 0.7222, uncertainty: 2.4655, uncertainty_coeffi: 0.0100, loss: 0.2961, lr: 4.77e-05
     Epoch[0] Iteration[370/994], entropy: 0.5626, uncertainty: 3.2999, uncertainty_coeffi: 0.0100, loss: 0.1928, lr: 4.77e-05
     Epoch[0] Iteration[380/994], entropy: 0.6962, uncertainty: 2.3802, uncertainty_coeffi: 0.0100, loss: 0.3516, lr: 4.77e-05
     Epoch[0] Iteration[390/994], entropy: 0.6235, uncertainty: 2.5292, uncertainty_coeffi: 0.0100, loss: 0.2930, lr: 4.77e-05
     Epoch[0] Iteration[400/994], entropy: 0.3663, uncertainty: 2.3962, uncertainty_coeffi: 0.0100, loss: 0.1952, lr: 4.77e-05
     Epoch[0] Iteration[410/994], entropy: 0.5255, uncertainty: 2.6314, uncertainty_coeffi: 0.0100, loss: 0.2503, lr: 4.77e-05
     Epoch[0] Iteration[420/994], entropy: 0.5381, uncertainty: 2.8849, uncertainty_coeffi: 0.0100, loss: 0.2564, lr: 4.77e-05
     Epoch[0] Iteration[430/994], entropy: 0.4813, uncertainty: 2.3672, uncertainty_coeffi: 0.0100, loss: 0.2870, lr: 4.77e-05
     Epoch[0] Iteration[440/994], entropy: 0.3277, uncertainty: 2.5035, uncertainty_coeffi: 0.0100, loss: 0.2017, lr: 4.77e-05
     Epoch[0] Iteration[450/994], entropy: 0.3285, uncertainty: 2.9874, uncertainty_coeffi: 0.0100, loss: 0.1596, lr: 4.77e-05
     Epoch[0] Iteration[460/994], entropy: 0.4409, uncertainty: 2.6686, uncertainty_coeffi: 0.0100, loss: 0.2273, lr: 4.77e-05
     Epoch[0] Iteration[470/994], entropy: 0.2200, uncertainty: 2.0600, uncertainty_coeffi: 0.0100, loss: 0.1633, lr: 4.77e-05
     Epoch[0] Iteration[480/994], entropy: 0.5211, uncertainty: 2.9123, uncertainty_coeffi: 0.0100, loss: 0.2848, lr: 4.77e-05
     Epoch[0] Iteration[490/994], entropy: 0.3146, uncertainty: 2.1730, uncertainty_coeffi: 0.0100, loss: 0.1692, lr: 4.77e-05
     Epoch[0] Iteration[500/994], entropy: 0.4323, uncertainty: 2.5057, uncertainty_coeffi: 0.0100, loss: 0.2018, lr: 4.77e-05
     Epoch[0] Iteration[510/994], entropy: 0.5545, uncertainty: 2.8680, uncertainty_coeffi: 0.0100, loss: 0.2817, lr: 4.77e-05
     Epoch[0] Iteration[520/994], entropy: 0.4000, uncertainty: 2.4115, uncertainty_coeffi: 0.0100, loss: 0.1935, lr: 4.77e-05
     Epoch[0] Iteration[530/994], entropy: 0.5494, uncertainty: 2.9242, uncertainty_coeffi: 0.0100, loss: 0.2372, lr: 4.77e-05
     Epoch[0] Iteration[540/994], entropy: 0.5271, uncertainty: 2.4962, uncertainty_coeffi: 0.0100, loss: 0.2399, lr: 4.77e-05
     Epoch[0] Iteration[550/994], entropy: 0.3227, uncertainty: 2.6159, uncertainty_coeffi: 0.0100, loss: 0.1708, lr: 4.77e-05
     Epoch[0] Iteration[560/994], entropy: 0.4783, uncertainty: 2.4932, uncertainty_coeffi: 0.0100, loss: 0.2799, lr: 4.77e-05
     Epoch[0] Iteration[570/994], entropy: 0.4351, uncertainty: 2.8836, uncertainty_coeffi: 0.0100, loss: 0.2839, lr: 4.77e-05
     Epoch[0] Iteration[580/994], entropy: 0.6275, uncertainty: 3.2863, uncertainty_coeffi: 0.0100, loss: 0.2975, lr: 4.77e-05
     Epoch[0] Iteration[590/994], entropy: 0.6341, uncertainty: 2.0295, uncertainty_coeffi: 0.0100, loss: 0.3722, lr: 4.77e-05
     Epoch[0] Iteration[600/994], entropy: 0.4297, uncertainty: 2.6280, uncertainty_coeffi: 0.0100, loss: 0.1979, lr: 4.77e-05
     Epoch[0] Iteration[610/994], entropy: 0.5052, uncertainty: 2.5008, uncertainty_coeffi: 0.0100, loss: 0.2409, lr: 4.77e-05
     Epoch[0] Iteration[620/994], entropy: 0.6206, uncertainty: 3.6327, uncertainty_coeffi: 0.0100, loss: 0.3396, lr: 4.77e-05
     Epoch[0] Iteration[630/994], entropy: 0.6807, uncertainty: 2.5978, uncertainty_coeffi: 0.0100, loss: 0.3276, lr: 4.77e-05
     Epoch[0] Iteration[640/994], entropy: 0.3937, uncertainty: 2.5433, uncertainty_coeffi: 0.0100, loss: 0.1975, lr: 4.77e-05
     Epoch[0] Iteration[650/994], entropy: 0.4372, uncertainty: 2.5250, uncertainty_coeffi: 0.0100, loss: 0.2642, lr: 4.77e-05
     Epoch[0] Iteration[660/994], entropy: 0.4860, uncertainty: 3.0115, uncertainty_coeffi: 0.0100, loss: 0.2244, lr: 4.77e-05
     Epoch[0] Iteration[670/994], entropy: 0.3042, uncertainty: 1.9968, uncertainty_coeffi: 0.0100, loss: 0.2094, lr: 4.77e-05
     Epoch[0] Iteration[680/994], entropy: 0.2567, uncertainty: 2.6436, uncertainty_coeffi: 0.0100, loss: 0.1353, lr: 4.77e-05
     Epoch[0] Iteration[690/994], entropy: 0.4433, uncertainty: 2.6451, uncertainty_coeffi: 0.0100, loss: 0.2593, lr: 4.77e-05
     Epoch[0] Iteration[700/994], entropy: 0.2633, uncertainty: 2.8755, uncertainty_coeffi: 0.0100, loss: 0.1651, lr: 4.77e-05
     Epoch[0] Iteration[710/994], entropy: 0.5226, uncertainty: 2.9891, uncertainty_coeffi: 0.0100, loss: 0.2136, lr: 4.77e-05
     Epoch[0] Iteration[720/994], entropy: 0.3486, uncertainty: 2.8748, uncertainty_coeffi: 0.0100, loss: 0.1762, lr: 4.77e-05
     Epoch[0] Iteration[730/994], entropy: 0.5625, uncertainty: 3.1053, uncertainty_coeffi: 0.0100, loss: 0.2266, lr: 4.77e-05
     Epoch[0] Iteration[740/994], entropy: 0.5826, uncertainty: 3.4071, uncertainty_coeffi: 0.0100, loss: 0.2977, lr: 4.77e-05
     Epoch[0] Iteration[750/994], entropy: 0.3437, uncertainty: 2.8622, uncertainty_coeffi: 0.0100, loss: 0.1758, lr: 4.77e-05
     Epoch[0] Iteration[760/994], entropy: 0.2065, uncertainty: 1.7563, uncertainty_coeffi: 0.0100, loss: 0.1680, lr: 4.77e-05
     Epoch[0] Iteration[770/994], entropy: 0.2315, uncertainty: 2.7253, uncertainty_coeffi: 0.0100, loss: 0.1593, lr: 4.77e-05
     Epoch[0] Iteration[780/994], entropy: 0.3269, uncertainty: 2.4705, uncertainty_coeffi: 0.0100, loss: 0.1814, lr: 4.77e-05
     Epoch[0] Iteration[790/994], entropy: 0.4057, uncertainty: 2.8740, uncertainty_coeffi: 0.0100, loss: 0.2246, lr: 4.77e-05
     Epoch[0] Iteration[800/994], entropy: 0.3503, uncertainty: 2.9488, uncertainty_coeffi: 0.0100, loss: 0.1889, lr: 4.77e-05
     Epoch[0] Iteration[810/994], entropy: 0.4778, uncertainty: 3.2266, uncertainty_coeffi: 0.0100, loss: 0.1917, lr: 4.77e-05
     Epoch[0] Iteration[820/994], entropy: 0.4424, uncertainty: 2.5820, uncertainty_coeffi: 0.0100, loss: 0.2801, lr: 4.77e-05
     Epoch[0] Iteration[830/994], entropy: 0.5115, uncertainty: 2.7934, uncertainty_coeffi: 0.0100, loss: 0.2797, lr: 4.77e-05
     Epoch[0] Iteration[840/994], entropy: 0.5077, uncertainty: 3.7394, uncertainty_coeffi: 0.0100, loss: 0.1631, lr: 4.77e-05
     Epoch[0] Iteration[850/994], entropy: 0.4823, uncertainty: 3.1388, uncertainty_coeffi: 0.0100, loss: 0.2075, lr: 4.77e-05
     Epoch[0] Iteration[860/994], entropy: 0.4951, uncertainty: 3.2579, uncertainty_coeffi: 0.0100, loss: 0.2140, lr: 4.77e-05
     Epoch[0] Iteration[870/994], entropy: 0.4209, uncertainty: 3.2583, uncertainty_coeffi: 0.0100, loss: 0.2063, lr: 4.77e-05
     Epoch[0] Iteration[880/994], entropy: 0.2508, uncertainty: 1.9073, uncertainty_coeffi: 0.0100, loss: 0.1589, lr: 4.77e-05
     Epoch[0] Iteration[890/994], entropy: 0.3677, uncertainty: 2.5146, uncertainty_coeffi: 0.0100, loss: 0.1742, lr: 4.77e-05
     Epoch[0] Iteration[900/994], entropy: 0.7373, uncertainty: 2.9936, uncertainty_coeffi: 0.0100, loss: 0.3939, lr: 4.77e-05
     Epoch[0] Iteration[910/994], entropy: 0.5292, uncertainty: 2.2055, uncertainty_coeffi: 0.0100, loss: 0.2436, lr: 4.77e-05
     Epoch[0] Iteration[920/994], entropy: 0.4474, uncertainty: 2.5402, uncertainty_coeffi: 0.0100, loss: 0.2537, lr: 4.77e-05
     Epoch[0] Iteration[930/994], entropy: 0.4829, uncertainty: 2.8302, uncertainty_coeffi: 0.0100, loss: 0.2380, lr: 4.77e-05
     Epoch[0] Iteration[940/994], entropy: 0.6363, uncertainty: 2.1746, uncertainty_coeffi: 0.0100, loss: 0.3350, lr: 4.77e-05
     Epoch[0] Iteration[950/994], entropy: 0.4077, uncertainty: 3.2567, uncertainty_coeffi: 0.0100, loss: 0.1899, lr: 4.77e-05
     Epoch[0] Iteration[960/994], entropy: 0.3582, uncertainty: 3.3164, uncertainty_coeffi: 0.0100, loss: 0.1699, lr: 4.77e-05
     Epoch[0] Iteration[970/994], entropy: 0.2845, uncertainty: 3.1335, uncertainty_coeffi: 0.0100, loss: 0.1294, lr: 4.77e-05
     Epoch[0] Iteration[980/994], entropy: 0.5015, uncertainty: 2.4281, uncertainty_coeffi: 0.0100, loss: 0.2458, lr: 4.77e-05
     Epoch[0] Iteration[990/994], entropy: 0.5657, uncertainty: 2.7891, uncertainty_coeffi: 0.0100, loss: 0.2637, lr: 4.77e-05
     Averaged stats: entropy_avg: 0.4680, uncertainty_avg: 2.7015, uncertainty_coeffi_avg: 0.0100, loss_avg: 0.2375, lr_avg: 4.77e-05
     itm tta time 0:02:57
### TTA Eval Score: 
+-------+--------+--------+--------+--------+-------+
| epoch |   R1   |   R5   |  R10   |  mAP   |  mINP |
+-------+--------+--------+--------+--------+-------+
|  -999 | 60.656 | 77.499 | 83.268 | 35.543 | 6.006 |
|   0   | 61.785 | 77.489 | 83.001 | 36.042 | 6.000 |
+-------+--------+--------+--------+--------+-------+
     logs:  {'epo': 0, 'R1': np.float32(61.785), 'R5': np.float32(77.489), 'R10': np.float32(83.001), 'mAP': np.float32(36.042), 'mINP': np.float32(6.0), 'entropy': 0.46797508302361074, 'uncertainty': 2.7015154458055592, 'uncertainty_coeffi': 0.009999999776482582, 'loss': 0.2374679044340596, 'lr': 4.774575140626362e-05}
     Epoch[1] Iteration[10/994], entropy: 0.1574, uncertainty: 3.1458, uncertainty_coeffi: 0.0100, loss: 0.0944, lr: 3.27e-04
     Epoch[1] Iteration[20/994], entropy: 0.3952, uncertainty: 3.3731, uncertainty_coeffi: 0.0100, loss: 0.1785, lr: 3.27e-04
     Epoch[1] Iteration[30/994], entropy: 0.4255, uncertainty: 2.6031, uncertainty_coeffi: 0.0100, loss: 0.2231, lr: 3.27e-04
     Epoch[1] Iteration[40/994], entropy: 0.5294, uncertainty: 2.8244, uncertainty_coeffi: 0.0100, loss: 0.2028, lr: 3.27e-04
     Epoch[1] Iteration[50/994], entropy: 0.3587, uncertainty: 2.4866, uncertainty_coeffi: 0.0100, loss: 0.1653, lr: 3.27e-04
     Epoch[1] Iteration[60/994], entropy: 0.4206, uncertainty: 2.6366, uncertainty_coeffi: 0.0100, loss: 0.1917, lr: 3.27e-04
     Epoch[1] Iteration[70/994], entropy: 0.3926, uncertainty: 3.2947, uncertainty_coeffi: 0.0100, loss: 0.1650, lr: 3.27e-04
     Epoch[1] Iteration[80/994], entropy: 0.3184, uncertainty: 2.0942, uncertainty_coeffi: 0.0100, loss: 0.2166, lr: 3.27e-04
     Epoch[1] Iteration[90/994], entropy: 0.6874, uncertainty: 3.4742, uncertainty_coeffi: 0.0100, loss: 0.2858, lr: 3.27e-04
     Epoch[1] Iteration[100/994], entropy: 0.3274, uncertainty: 2.8069, uncertainty_coeffi: 0.0100, loss: 0.1642, lr: 3.27e-04
     Epoch[1] Iteration[110/994], entropy: 0.5369, uncertainty: 3.2904, uncertainty_coeffi: 0.0100, loss: 0.2617, lr: 3.27e-04
     Epoch[1] Iteration[120/994], entropy: 0.5183, uncertainty: 2.9005, uncertainty_coeffi: 0.0100, loss: 0.3166, lr: 3.27e-04
     Epoch[1] Iteration[130/994], entropy: 0.3355, uncertainty: 3.0757, uncertainty_coeffi: 0.0100, loss: 0.1653, lr: 3.27e-04
     Epoch[1] Iteration[140/994], entropy: 0.3357, uncertainty: 2.6262, uncertainty_coeffi: 0.0100, loss: 0.2187, lr: 3.27e-04
     Epoch[1] Iteration[150/994], entropy: 0.3007, uncertainty: 3.2218, uncertainty_coeffi: 0.0100, loss: 0.1748, lr: 3.27e-04
     Epoch[1] Iteration[160/994], entropy: 0.3317, uncertainty: 2.4492, uncertainty_coeffi: 0.0100, loss: 0.2074, lr: 3.27e-04
     Epoch[1] Iteration[170/994], entropy: 0.5211, uncertainty: 3.1967, uncertainty_coeffi: 0.0100, loss: 0.2374, lr: 3.27e-04
     Epoch[1] Iteration[180/994], entropy: 0.4251, uncertainty: 2.5667, uncertainty_coeffi: 0.0100, loss: 0.2693, lr: 3.27e-04
     Epoch[1] Iteration[190/994], entropy: 0.6241, uncertainty: 2.6299, uncertainty_coeffi: 0.0100, loss: 0.3073, lr: 3.27e-04
     Epoch[1] Iteration[200/994], entropy: 0.4556, uncertainty: 2.7675, uncertainty_coeffi: 0.0100, loss: 0.2434, lr: 3.27e-04
     Epoch[1] Iteration[210/994], entropy: 0.3082, uncertainty: 3.2804, uncertainty_coeffi: 0.0100, loss: 0.1508, lr: 3.27e-04
     Epoch[1] Iteration[220/994], entropy: 0.3543, uncertainty: 2.6427, uncertainty_coeffi: 0.0100, loss: 0.2212, lr: 3.27e-04
     Epoch[1] Iteration[230/994], entropy: 0.5159, uncertainty: 3.1395, uncertainty_coeffi: 0.0100, loss: 0.2742, lr: 3.27e-04
     Epoch[1] Iteration[240/994], entropy: 0.3638, uncertainty: 2.7991, uncertainty_coeffi: 0.0100, loss: 0.1820, lr: 3.27e-04
     Epoch[1] Iteration[250/994], entropy: 0.5268, uncertainty: 2.4034, uncertainty_coeffi: 0.0100, loss: 0.3180, lr: 3.27e-04
     Epoch[1] Iteration[260/994], entropy: 0.4554, uncertainty: 3.0745, uncertainty_coeffi: 0.0100, loss: 0.1929, lr: 3.27e-04
     Epoch[1] Iteration[270/994], entropy: 0.2692, uncertainty: 2.2074, uncertainty_coeffi: 0.0100, loss: 0.1428, lr: 3.27e-04
     Epoch[1] Iteration[280/994], entropy: 0.5051, uncertainty: 2.7415, uncertainty_coeffi: 0.0100, loss: 0.3215, lr: 3.27e-04
     Epoch[1] Iteration[290/994], entropy: 0.3556, uncertainty: 2.7193, uncertainty_coeffi: 0.0100, loss: 0.1970, lr: 3.27e-04
     Epoch[1] Iteration[300/994], entropy: 0.3349, uncertainty: 2.7644, uncertainty_coeffi: 0.0100, loss: 0.1994, lr: 3.27e-04
     Epoch[1] Iteration[310/994], entropy: 0.3717, uncertainty: 2.2740, uncertainty_coeffi: 0.0100, loss: 0.1909, lr: 3.27e-04
     Epoch[1] Iteration[320/994], entropy: 0.3740, uncertainty: 3.1360, uncertainty_coeffi: 0.0100, loss: 0.1549, lr: 3.27e-04
     Epoch[1] Iteration[330/994], entropy: 0.4074, uncertainty: 3.7646, uncertainty_coeffi: 0.0100, loss: 0.1972, lr: 3.27e-04
     Epoch[1] Iteration[340/994], entropy: 0.4258, uncertainty: 3.0467, uncertainty_coeffi: 0.0100, loss: 0.2217, lr: 3.27e-04
     Epoch[1] Iteration[350/994], entropy: 0.3586, uncertainty: 2.3986, uncertainty_coeffi: 0.0100, loss: 0.2225, lr: 3.27e-04
     Epoch[1] Iteration[360/994], entropy: 0.5139, uncertainty: 3.1472, uncertainty_coeffi: 0.0100, loss: 0.2607, lr: 3.27e-04
     Epoch[1] Iteration[370/994], entropy: 0.3003, uncertainty: 2.5037, uncertainty_coeffi: 0.0100, loss: 0.1793, lr: 3.27e-04
     Epoch[1] Iteration[380/994], entropy: 0.6456, uncertainty: 2.3102, uncertainty_coeffi: 0.0100, loss: 0.3104, lr: 3.27e-04
     Epoch[1] Iteration[390/994], entropy: 0.4373, uncertainty: 3.2188, uncertainty_coeffi: 0.0100, loss: 0.1729, lr: 3.27e-04
     Epoch[1] Iteration[400/994], entropy: 0.6984, uncertainty: 2.5951, uncertainty_coeffi: 0.0100, loss: 0.4123, lr: 3.27e-04
     Epoch[1] Iteration[410/994], entropy: 0.1705, uncertainty: 2.2324, uncertainty_coeffi: 0.0100, loss: 0.1508, lr: 3.27e-04
     Epoch[1] Iteration[420/994], entropy: 0.3754, uncertainty: 2.2347, uncertainty_coeffi: 0.0100, loss: 0.2774, lr: 3.27e-04
     Epoch[1] Iteration[430/994], entropy: 0.3245, uncertainty: 2.5459, uncertainty_coeffi: 0.0100, loss: 0.1616, lr: 3.27e-04
     Epoch[1] Iteration[440/994], entropy: 0.3886, uncertainty: 2.9781, uncertainty_coeffi: 0.0100, loss: 0.2051, lr: 3.27e-04
     Epoch[1] Iteration[450/994], entropy: 0.5462, uncertainty: 2.3399, uncertainty_coeffi: 0.0100, loss: 0.2970, lr: 3.27e-04
     Epoch[1] Iteration[460/994], entropy: 0.5577, uncertainty: 2.9665, uncertainty_coeffi: 0.0100, loss: 0.2615, lr: 3.27e-04
     Epoch[1] Iteration[470/994], entropy: 0.4647, uncertainty: 2.9247, uncertainty_coeffi: 0.0100, loss: 0.2316, lr: 3.27e-04
     Epoch[1] Iteration[480/994], entropy: 0.4657, uncertainty: 3.1217, uncertainty_coeffi: 0.0100, loss: 0.2686, lr: 3.27e-04
     Epoch[1] Iteration[490/994], entropy: 0.3767, uncertainty: 2.6923, uncertainty_coeffi: 0.0100, loss: 0.1944, lr: 3.27e-04
     Epoch[1] Iteration[500/994], entropy: 0.2756, uncertainty: 3.4584, uncertainty_coeffi: 0.0100, loss: 0.1080, lr: 3.27e-04
     Epoch[1] Iteration[510/994], entropy: 0.4851, uncertainty: 2.7881, uncertainty_coeffi: 0.0100, loss: 0.3101, lr: 3.27e-04
     Epoch[1] Iteration[520/994], entropy: 0.2831, uncertainty: 2.5376, uncertainty_coeffi: 0.0100, loss: 0.1617, lr: 3.27e-04
     Epoch[1] Iteration[530/994], entropy: 0.3507, uncertainty: 2.8992, uncertainty_coeffi: 0.0100, loss: 0.2136, lr: 3.27e-04
     Epoch[1] Iteration[540/994], entropy: 0.3705, uncertainty: 3.1223, uncertainty_coeffi: 0.0100, loss: 0.1964, lr: 3.27e-04
     Epoch[1] Iteration[550/994], entropy: 0.3512, uncertainty: 2.7488, uncertainty_coeffi: 0.0100, loss: 0.1341, lr: 3.27e-04
     Epoch[1] Iteration[560/994], entropy: 0.2522, uncertainty: 2.6422, uncertainty_coeffi: 0.0100, loss: 0.1622, lr: 3.27e-04
     Epoch[1] Iteration[570/994], entropy: 0.4534, uncertainty: 3.4740, uncertainty_coeffi: 0.0100, loss: 0.2032, lr: 3.27e-04
     Epoch[1] Iteration[580/994], entropy: 0.4183, uncertainty: 2.7527, uncertainty_coeffi: 0.0100, loss: 0.2125, lr: 3.27e-04
     Epoch[1] Iteration[590/994], entropy: 0.3402, uncertainty: 1.8648, uncertainty_coeffi: 0.0100, loss: 0.2367, lr: 3.27e-04
     Epoch[1] Iteration[600/994], entropy: 0.4898, uncertainty: 3.2792, uncertainty_coeffi: 0.0100, loss: 0.2511, lr: 3.27e-04
     Epoch[1] Iteration[610/994], entropy: 0.5041, uncertainty: 2.0043, uncertainty_coeffi: 0.0100, loss: 0.3052, lr: 3.27e-04
     Epoch[1] Iteration[620/994], entropy: 0.3941, uncertainty: 2.4707, uncertainty_coeffi: 0.0100, loss: 0.2240, lr: 3.27e-04
     Epoch[1] Iteration[630/994], entropy: 0.3101, uncertainty: 2.6530, uncertainty_coeffi: 0.0100, loss: 0.1969, lr: 3.27e-04
     Epoch[1] Iteration[640/994], entropy: 0.5258, uncertainty: 2.7796, uncertainty_coeffi: 0.0100, loss: 0.2716, lr: 3.27e-04
     Epoch[1] Iteration[650/994], entropy: 0.5308, uncertainty: 2.3597, uncertainty_coeffi: 0.0100, loss: 0.2753, lr: 3.27e-04
     Epoch[1] Iteration[660/994], entropy: 0.4346, uncertainty: 2.8704, uncertainty_coeffi: 0.0100, loss: 0.1859, lr: 3.27e-04
     Epoch[1] Iteration[670/994], entropy: 0.4382, uncertainty: 2.7779, uncertainty_coeffi: 0.0100, loss: 0.2036, lr: 3.27e-04
     Epoch[1] Iteration[680/994], entropy: 0.2917, uncertainty: 2.8074, uncertainty_coeffi: 0.0100, loss: 0.1839, lr: 3.27e-04
     Epoch[1] Iteration[690/994], entropy: 0.4045, uncertainty: 2.4245, uncertainty_coeffi: 0.0100, loss: 0.2181, lr: 3.27e-04
     Epoch[1] Iteration[700/994], entropy: 0.5321, uncertainty: 2.7810, uncertainty_coeffi: 0.0100, loss: 0.2782, lr: 3.27e-04
     Epoch[1] Iteration[710/994], entropy: 0.4466, uncertainty: 2.6123, uncertainty_coeffi: 0.0100, loss: 0.2791, lr: 3.27e-04
     Epoch[1] Iteration[720/994], entropy: 0.6130, uncertainty: 2.8355, uncertainty_coeffi: 0.0100, loss: 0.2790, lr: 3.27e-04
     Epoch[1] Iteration[730/994], entropy: 0.4920, uncertainty: 2.3765, uncertainty_coeffi: 0.0100, loss: 0.2547, lr: 3.27e-04
     Epoch[1] Iteration[740/994], entropy: 0.3428, uncertainty: 3.1625, uncertainty_coeffi: 0.0100, loss: 0.1344, lr: 3.27e-04
     Epoch[1] Iteration[750/994], entropy: 0.5181, uncertainty: 2.2080, uncertainty_coeffi: 0.0100, loss: 0.3435, lr: 3.27e-04
     Epoch[1] Iteration[760/994], entropy: 0.5109, uncertainty: 3.3526, uncertainty_coeffi: 0.0100, loss: 0.2207, lr: 3.27e-04
     Epoch[1] Iteration[770/994], entropy: 0.3504, uncertainty: 2.9265, uncertainty_coeffi: 0.0100, loss: 0.1912, lr: 3.27e-04
     Epoch[1] Iteration[780/994], entropy: 0.4262, uncertainty: 2.6773, uncertainty_coeffi: 0.0100, loss: 0.2904, lr: 3.27e-04
     Epoch[1] Iteration[790/994], entropy: 0.3383, uncertainty: 3.0559, uncertainty_coeffi: 0.0100, loss: 0.2028, lr: 3.27e-04
     Epoch[1] Iteration[800/994], entropy: 0.5137, uncertainty: 3.0896, uncertainty_coeffi: 0.0100, loss: 0.2100, lr: 3.27e-04
     Epoch[1] Iteration[810/994], entropy: 0.3052, uncertainty: 2.5196, uncertainty_coeffi: 0.0100, loss: 0.1844, lr: 3.27e-04
     Epoch[1] Iteration[820/994], entropy: 0.4402, uncertainty: 2.3652, uncertainty_coeffi: 0.0100, loss: 0.2751, lr: 3.27e-04
     Epoch[1] Iteration[830/994], entropy: 0.4125, uncertainty: 2.0835, uncertainty_coeffi: 0.0100, loss: 0.2751, lr: 3.27e-04
     Epoch[1] Iteration[840/994], entropy: 0.2860, uncertainty: 3.0248, uncertainty_coeffi: 0.0100, loss: 0.1510, lr: 3.27e-04
     Epoch[1] Iteration[850/994], entropy: 0.4422, uncertainty: 2.5958, uncertainty_coeffi: 0.0100, loss: 0.2416, lr: 3.27e-04
     Epoch[1] Iteration[860/994], entropy: 0.5258, uncertainty: 2.8224, uncertainty_coeffi: 0.0100, loss: 0.2560, lr: 3.27e-04
     Epoch[1] Iteration[870/994], entropy: 0.2627, uncertainty: 2.6476, uncertainty_coeffi: 0.0100, loss: 0.1571, lr: 3.27e-04
     Epoch[1] Iteration[880/994], entropy: 0.4917, uncertainty: 2.8934, uncertainty_coeffi: 0.0100, loss: 0.2686, lr: 3.27e-04
     Epoch[1] Iteration[890/994], entropy: 0.2528, uncertainty: 2.5921, uncertainty_coeffi: 0.0100, loss: 0.1217, lr: 3.27e-04
     Epoch[1] Iteration[900/994], entropy: 0.3165, uncertainty: 3.1176, uncertainty_coeffi: 0.0100, loss: 0.1783, lr: 3.27e-04
     Epoch[1] Iteration[910/994], entropy: 0.2485, uncertainty: 3.1353, uncertainty_coeffi: 0.0100, loss: 0.1563, lr: 3.27e-04
     Epoch[1] Iteration[920/994], entropy: 0.2910, uncertainty: 2.4088, uncertainty_coeffi: 0.0100, loss: 0.1476, lr: 3.27e-04
     Epoch[1] Iteration[930/994], entropy: 0.4255, uncertainty: 2.6739, uncertainty_coeffi: 0.0100, loss: 0.2023, lr: 3.27e-04
     Epoch[1] Iteration[940/994], entropy: 0.3470, uncertainty: 2.9333, uncertainty_coeffi: 0.0100, loss: 0.1985, lr: 3.27e-04
     Epoch[1] Iteration[950/994], entropy: 0.6192, uncertainty: 2.8199, uncertainty_coeffi: 0.0100, loss: 0.2542, lr: 3.27e-04
     Epoch[1] Iteration[960/994], entropy: 0.3892, uncertainty: 2.5436, uncertainty_coeffi: 0.0100, loss: 0.2522, lr: 3.27e-04
     Epoch[1] Iteration[970/994], entropy: 0.4588, uncertainty: 2.6450, uncertainty_coeffi: 0.0100, loss: 0.2388, lr: 3.27e-04
     Epoch[1] Iteration[980/994], entropy: 0.5278, uncertainty: 2.6457, uncertainty_coeffi: 0.0100, loss: 0.2779, lr: 3.27e-04
     Epoch[1] Iteration[990/994], entropy: 0.4898, uncertainty: 2.8606, uncertainty_coeffi: 0.0100, loss: 0.2357, lr: 3.27e-04
     Averaged stats: entropy_avg: 0.4153, uncertainty_avg: 2.7756, uncertainty_coeffi_avg: 0.0100, loss_avg: 0.2209, lr_avg: 3.27e-04
     itm tta time 0:03:00
### TTA Eval Score: 
+-------+--------+--------+--------+--------+-------+
| epoch |   R1   |   R5   |  R10   |  mAP   |  mINP |
+-------+--------+--------+--------+--------+-------+
|  -999 | 60.656 | 77.499 | 83.268 | 35.543 | 6.006 |
|   0   | 61.785 | 77.489 | 83.001 | 36.042 | 6.000 |
|   1   | 61.981 | 77.328 | 82.910 | 36.032 | 5.962 |
+-------+--------+--------+--------+--------+-------+
     logs:  {'epo': 1, 'R1': np.float32(61.981), 'R5': np.float32(77.328), 'R10': np.float32(82.91), 'mAP': np.float32(36.032), 'mINP': np.float32(5.962), 'entropy': 0.4152536640564601, 'uncertainty': 2.775637053480052, 'uncertainty_coeffi': 0.009999999776482582, 'loss': 0.22091447832909497, 'lr': 0.0003272542485937395}
     Epoch[2] Iteration[10/994], entropy: 0.2552, uncertainty: 2.6066, uncertainty_coeffi: 0.0100, loss: 0.1242, lr: 3.27e-04
     Epoch[2] Iteration[20/994], entropy: 0.3712, uncertainty: 2.7162, uncertainty_coeffi: 0.0100, loss: 0.1758, lr: 4.52e-04
     Epoch[2] Iteration[30/994], entropy: 0.5676, uncertainty: 3.3080, uncertainty_coeffi: 0.0100, loss: 0.2486, lr: 4.52e-04
     Epoch[2] Iteration[40/994], entropy: 0.7477, uncertainty: 2.3386, uncertainty_coeffi: 0.0100, loss: 0.3700, lr: 4.52e-04
     Epoch[2] Iteration[50/994], entropy: 0.2993, uncertainty: 2.8329, uncertainty_coeffi: 0.0100, loss: 0.1363, lr: 4.52e-04
     Epoch[2] Iteration[60/994], entropy: 0.4919, uncertainty: 1.9707, uncertainty_coeffi: 0.0100, loss: 0.2958, lr: 4.52e-04
     Epoch[2] Iteration[70/994], entropy: 0.4114, uncertainty: 3.0190, uncertainty_coeffi: 0.0100, loss: 0.2166, lr: 4.52e-04
     Epoch[2] Iteration[80/994], entropy: 0.4371, uncertainty: 2.7696, uncertainty_coeffi: 0.0100, loss: 0.2362, lr: 4.52e-04
     Epoch[2] Iteration[90/994], entropy: 0.2774, uncertainty: 2.5286, uncertainty_coeffi: 0.0100, loss: 0.1475, lr: 4.52e-04
     Epoch[2] Iteration[100/994], entropy: 0.2180, uncertainty: 2.6775, uncertainty_coeffi: 0.0100, loss: 0.1084, lr: 4.52e-04
     Epoch[2] Iteration[110/994], entropy: 0.3981, uncertainty: 2.9823, uncertainty_coeffi: 0.0100, loss: 0.1769, lr: 4.52e-04
     Epoch[2] Iteration[120/994], entropy: 0.3551, uncertainty: 2.5214, uncertainty_coeffi: 0.0100, loss: 0.2388, lr: 4.52e-04
     Epoch[2] Iteration[130/994], entropy: 0.5585, uncertainty: 3.6915, uncertainty_coeffi: 0.0100, loss: 0.1710, lr: 4.52e-04
     Epoch[2] Iteration[140/994], entropy: 0.5253, uncertainty: 2.9333, uncertainty_coeffi: 0.0100, loss: 0.1941, lr: 4.52e-04
     Epoch[2] Iteration[150/994], entropy: 0.3604, uncertainty: 2.8051, uncertainty_coeffi: 0.0100, loss: 0.1767, lr: 4.52e-04
     Epoch[2] Iteration[160/994], entropy: 0.2691, uncertainty: 3.1362, uncertainty_coeffi: 0.0100, loss: 0.1284, lr: 4.52e-04
     Epoch[2] Iteration[170/994], entropy: 0.4858, uncertainty: 3.2231, uncertainty_coeffi: 0.0100, loss: 0.1686, lr: 4.52e-04
     Epoch[2] Iteration[180/994], entropy: 0.1317, uncertainty: 2.7168, uncertainty_coeffi: 0.0100, loss: 0.0762, lr: 4.52e-04
     Epoch[2] Iteration[190/994], entropy: 0.5528, uncertainty: 2.8888, uncertainty_coeffi: 0.0100, loss: 0.3009, lr: 4.52e-04
     Epoch[2] Iteration[200/994], entropy: 0.3438, uncertainty: 2.0846, uncertainty_coeffi: 0.0100, loss: 0.2051, lr: 4.52e-04
     Epoch[2] Iteration[210/994], entropy: 0.4084, uncertainty: 2.0893, uncertainty_coeffi: 0.0100, loss: 0.2348, lr: 4.52e-04
     Epoch[2] Iteration[220/994], entropy: 0.4089, uncertainty: 2.6927, uncertainty_coeffi: 0.0100, loss: 0.2010, lr: 4.52e-04
     Epoch[2] Iteration[230/994], entropy: 0.2165, uncertainty: 2.6795, uncertainty_coeffi: 0.0100, loss: 0.1322, lr: 4.52e-04
     Epoch[2] Iteration[240/994], entropy: 0.3180, uncertainty: 2.5144, uncertainty_coeffi: 0.0100, loss: 0.1401, lr: 4.52e-04
     Epoch[2] Iteration[250/994], entropy: 0.3123, uncertainty: 3.1596, uncertainty_coeffi: 0.0100, loss: 0.1630, lr: 4.52e-04
     Epoch[2] Iteration[260/994], entropy: 0.4209, uncertainty: 2.0944, uncertainty_coeffi: 0.0100, loss: 0.2627, lr: 4.52e-04
     Epoch[2] Iteration[270/994], entropy: 0.2758, uncertainty: 2.4503, uncertainty_coeffi: 0.0100, loss: 0.1835, lr: 4.52e-04
     Epoch[2] Iteration[280/994], entropy: 0.2461, uncertainty: 3.2355, uncertainty_coeffi: 0.0100, loss: 0.1218, lr: 4.52e-04
     Epoch[2] Iteration[290/994], entropy: 0.5758, uncertainty: 3.3261, uncertainty_coeffi: 0.0100, loss: 0.3014, lr: 4.52e-04
     Epoch[2] Iteration[300/994], entropy: 0.5866, uncertainty: 2.3004, uncertainty_coeffi: 0.0100, loss: 0.3658, lr: 4.52e-04
     Epoch[2] Iteration[310/994], entropy: 0.4345, uncertainty: 2.6313, uncertainty_coeffi: 0.0100, loss: 0.2084, lr: 4.52e-04
     Epoch[2] Iteration[320/994], entropy: 0.3207, uncertainty: 3.4525, uncertainty_coeffi: 0.0100, loss: 0.1452, lr: 4.52e-04
     Epoch[2] Iteration[330/994], entropy: 0.2439, uncertainty: 2.3420, uncertainty_coeffi: 0.0100, loss: 0.1311, lr: 4.52e-04
     Epoch[2] Iteration[340/994], entropy: 0.3782, uncertainty: 2.5784, uncertainty_coeffi: 0.0100, loss: 0.2071, lr: 4.52e-04
     Epoch[2] Iteration[350/994], entropy: 0.2289, uncertainty: 2.5172, uncertainty_coeffi: 0.0100, loss: 0.1275, lr: 4.52e-04
     Epoch[2] Iteration[360/994], entropy: 0.4706, uncertainty: 2.5015, uncertainty_coeffi: 0.0100, loss: 0.2288, lr: 4.52e-04
     Epoch[2] Iteration[370/994], entropy: 0.4674, uncertainty: 3.0054, uncertainty_coeffi: 0.0100, loss: 0.2025, lr: 4.52e-04
     Epoch[2] Iteration[380/994], entropy: 0.1977, uncertainty: 2.1948, uncertainty_coeffi: 0.0100, loss: 0.1305, lr: 4.52e-04
     Epoch[2] Iteration[390/994], entropy: 0.5320, uncertainty: 2.4910, uncertainty_coeffi: 0.0100, loss: 0.2839, lr: 4.52e-04
     Epoch[2] Iteration[400/994], entropy: 0.2384, uncertainty: 2.1318, uncertainty_coeffi: 0.0100, loss: 0.1400, lr: 4.52e-04
     Epoch[2] Iteration[410/994], entropy: 0.3287, uncertainty: 2.3749, uncertainty_coeffi: 0.0100, loss: 0.2454, lr: 4.52e-04
     Epoch[2] Iteration[420/994], entropy: 0.4398, uncertainty: 2.9067, uncertainty_coeffi: 0.0100, loss: 0.1869, lr: 4.52e-04
     Epoch[2] Iteration[430/994], entropy: 0.2216, uncertainty: 2.9431, uncertainty_coeffi: 0.0100, loss: 0.1216, lr: 4.52e-04
     Epoch[2] Iteration[440/994], entropy: 0.3927, uncertainty: 3.4140, uncertainty_coeffi: 0.0100, loss: 0.1303, lr: 4.52e-04
     Epoch[2] Iteration[450/994], entropy: 0.3546, uncertainty: 2.9954, uncertainty_coeffi: 0.0100, loss: 0.1634, lr: 4.52e-04
     Epoch[2] Iteration[460/994], entropy: 0.4405, uncertainty: 3.0310, uncertainty_coeffi: 0.0100, loss: 0.1719, lr: 4.52e-04
     Epoch[2] Iteration[470/994], entropy: 0.5889, uncertainty: 3.4699, uncertainty_coeffi: 0.0100, loss: 0.2130, lr: 4.52e-04
     Epoch[2] Iteration[480/994], entropy: 0.4323, uncertainty: 2.0671, uncertainty_coeffi: 0.0100, loss: 0.2180, lr: 4.52e-04
     Epoch[2] Iteration[490/994], entropy: 0.3611, uncertainty: 2.3387, uncertainty_coeffi: 0.0100, loss: 0.2180, lr: 4.52e-04
     Epoch[2] Iteration[500/994], entropy: 0.3740, uncertainty: 2.9038, uncertainty_coeffi: 0.0100, loss: 0.1948, lr: 4.52e-04
     Epoch[2] Iteration[510/994], entropy: 0.3394, uncertainty: 2.9670, uncertainty_coeffi: 0.0100, loss: 0.1778, lr: 4.52e-04
     Epoch[2] Iteration[520/994], entropy: 0.2031, uncertainty: 2.4422, uncertainty_coeffi: 0.0100, loss: 0.1070, lr: 4.52e-04
     Epoch[2] Iteration[530/994], entropy: 0.3571, uncertainty: 3.5575, uncertainty_coeffi: 0.0100, loss: 0.1335, lr: 4.52e-04
     Epoch[2] Iteration[540/994], entropy: 0.5374, uncertainty: 2.7091, uncertainty_coeffi: 0.0100, loss: 0.2930, lr: 4.52e-04
     Epoch[2] Iteration[550/994], entropy: 0.4358, uncertainty: 2.9397, uncertainty_coeffi: 0.0100, loss: 0.2288, lr: 4.52e-04
     Epoch[2] Iteration[560/994], entropy: 0.2968, uncertainty: 2.5743, uncertainty_coeffi: 0.0100, loss: 0.1669, lr: 4.52e-04
     Epoch[2] Iteration[570/994], entropy: 0.3859, uncertainty: 3.1349, uncertainty_coeffi: 0.0100, loss: 0.1923, lr: 4.52e-04
     Epoch[2] Iteration[580/994], entropy: 0.3138, uncertainty: 1.9954, uncertainty_coeffi: 0.0100, loss: 0.1954, lr: 4.52e-04
     Epoch[2] Iteration[590/994], entropy: 0.2894, uncertainty: 2.1413, uncertainty_coeffi: 0.0100, loss: 0.2585, lr: 4.52e-04
     Epoch[2] Iteration[600/994], entropy: 0.4891, uncertainty: 3.1482, uncertainty_coeffi: 0.0100, loss: 0.3204, lr: 4.52e-04
     Epoch[2] Iteration[610/994], entropy: 0.4735, uncertainty: 2.0719, uncertainty_coeffi: 0.0100, loss: 0.2778, lr: 4.52e-04
     Epoch[2] Iteration[620/994], entropy: 0.3821, uncertainty: 2.8595, uncertainty_coeffi: 0.0100, loss: 0.1698, lr: 4.52e-04
     Epoch[2] Iteration[630/994], entropy: 0.4406, uncertainty: 2.8274, uncertainty_coeffi: 0.0100, loss: 0.2657, lr: 4.52e-04
     Epoch[2] Iteration[640/994], entropy: 0.3268, uncertainty: 2.3492, uncertainty_coeffi: 0.0100, loss: 0.2068, lr: 4.52e-04
     Epoch[2] Iteration[650/994], entropy: 0.5776, uncertainty: 3.0956, uncertainty_coeffi: 0.0100, loss: 0.3344, lr: 4.52e-04
     Epoch[2] Iteration[660/994], entropy: 0.4005, uncertainty: 2.3997, uncertainty_coeffi: 0.0100, loss: 0.2213, lr: 4.52e-04
     Epoch[2] Iteration[670/994], entropy: 0.4020, uncertainty: 2.4170, uncertainty_coeffi: 0.0100, loss: 0.1974, lr: 4.52e-04
     Epoch[2] Iteration[680/994], entropy: 0.3438, uncertainty: 2.2091, uncertainty_coeffi: 0.0100, loss: 0.2342, lr: 4.52e-04
     Epoch[2] Iteration[690/994], entropy: 0.4285, uncertainty: 2.6477, uncertainty_coeffi: 0.0100, loss: 0.2394, lr: 4.52e-04
     Epoch[2] Iteration[700/994], entropy: 0.5432, uncertainty: 3.1954, uncertainty_coeffi: 0.0100, loss: 0.2635, lr: 4.52e-04
     Epoch[2] Iteration[710/994], entropy: 0.6776, uncertainty: 2.7935, uncertainty_coeffi: 0.0100, loss: 0.3350, lr: 4.52e-04
     Epoch[2] Iteration[720/994], entropy: 0.6073, uncertainty: 2.8157, uncertainty_coeffi: 0.0100, loss: 0.2590, lr: 4.52e-04
     Epoch[2] Iteration[730/994], entropy: 0.5110, uncertainty: 2.6250, uncertainty_coeffi: 0.0100, loss: 0.2978, lr: 4.52e-04
     Epoch[2] Iteration[740/994], entropy: 0.4355, uncertainty: 2.7460, uncertainty_coeffi: 0.0100, loss: 0.2210, lr: 4.52e-04
     Epoch[2] Iteration[750/994], entropy: 0.4224, uncertainty: 2.6825, uncertainty_coeffi: 0.0100, loss: 0.2501, lr: 4.52e-04
     Epoch[2] Iteration[760/994], entropy: 0.4193, uncertainty: 2.3453, uncertainty_coeffi: 0.0100, loss: 0.2294, lr: 4.52e-04
     Epoch[2] Iteration[770/994], entropy: 0.3117, uncertainty: 2.0638, uncertainty_coeffi: 0.0100, loss: 0.1481, lr: 4.52e-04
     Epoch[2] Iteration[780/994], entropy: 0.4264, uncertainty: 3.0422, uncertainty_coeffi: 0.0100, loss: 0.2071, lr: 4.52e-04
     Epoch[2] Iteration[790/994], entropy: 0.5057, uncertainty: 2.4600, uncertainty_coeffi: 0.0100, loss: 0.2379, lr: 4.52e-04
     Epoch[2] Iteration[800/994], entropy: 0.4381, uncertainty: 3.0003, uncertainty_coeffi: 0.0100, loss: 0.1883, lr: 4.52e-04
     Epoch[2] Iteration[810/994], entropy: 0.4953, uncertainty: 2.8217, uncertainty_coeffi: 0.0100, loss: 0.2845, lr: 4.52e-04
     Epoch[2] Iteration[820/994], entropy: 0.4284, uncertainty: 2.9290, uncertainty_coeffi: 0.0100, loss: 0.2476, lr: 4.52e-04
     Epoch[2] Iteration[830/994], entropy: 0.4543, uncertainty: 3.3215, uncertainty_coeffi: 0.0100, loss: 0.2176, lr: 4.52e-04
     Epoch[2] Iteration[840/994], entropy: 0.2937, uncertainty: 1.7937, uncertainty_coeffi: 0.0100, loss: 0.1765, lr: 4.52e-04
     Epoch[2] Iteration[850/994], entropy: 0.2448, uncertainty: 2.6953, uncertainty_coeffi: 0.0100, loss: 0.1143, lr: 4.52e-04
     Epoch[2] Iteration[860/994], entropy: 0.3606, uncertainty: 2.4828, uncertainty_coeffi: 0.0100, loss: 0.2064, lr: 4.52e-04
     Epoch[2] Iteration[870/994], entropy: 0.3396, uncertainty: 2.4999, uncertainty_coeffi: 0.0100, loss: 0.1901, lr: 4.52e-04
     Epoch[2] Iteration[880/994], entropy: 0.3441, uncertainty: 2.8347, uncertainty_coeffi: 0.0100, loss: 0.1360, lr: 4.52e-04
     Epoch[2] Iteration[890/994], entropy: 0.1859, uncertainty: 2.9045, uncertainty_coeffi: 0.0100, loss: 0.1065, lr: 4.52e-04
     Epoch[2] Iteration[900/994], entropy: 0.3314, uncertainty: 2.5712, uncertainty_coeffi: 0.0100, loss: 0.1962, lr: 4.52e-04
     Epoch[2] Iteration[910/994], entropy: 0.3631, uncertainty: 3.1759, uncertainty_coeffi: 0.0100, loss: 0.1606, lr: 4.52e-04
     Epoch[2] Iteration[920/994], entropy: 0.4082, uncertainty: 3.8545, uncertainty_coeffi: 0.0100, loss: 0.1910, lr: 4.52e-04
     Epoch[2] Iteration[930/994], entropy: 0.4703, uncertainty: 3.4435, uncertainty_coeffi: 0.0100, loss: 0.2154, lr: 4.52e-04
     Epoch[2] Iteration[940/994], entropy: 0.3757, uncertainty: 3.4095, uncertainty_coeffi: 0.0100, loss: 0.1570, lr: 4.52e-04
     Epoch[2] Iteration[950/994], entropy: 0.5784, uncertainty: 2.8137, uncertainty_coeffi: 0.0100, loss: 0.3148, lr: 4.52e-04
     Epoch[2] Iteration[960/994], entropy: 0.4378, uncertainty: 2.5157, uncertainty_coeffi: 0.0100, loss: 0.2406, lr: 4.52e-04
     Epoch[2] Iteration[970/994], entropy: 0.3172, uncertainty: 3.0337, uncertainty_coeffi: 0.0100, loss: 0.1859, lr: 4.52e-04
     Epoch[2] Iteration[980/994], entropy: 0.3341, uncertainty: 3.2850, uncertainty_coeffi: 0.0100, loss: 0.1843, lr: 4.52e-04
     Epoch[2] Iteration[990/994], entropy: 0.1399, uncertainty: 3.0300, uncertainty_coeffi: 0.0100, loss: 0.0843, lr: 4.52e-04
     Averaged stats: entropy_avg: 0.3929, uncertainty_avg: 2.7501, uncertainty_coeffi_avg: 0.0100, loss_avg: 0.2034, lr_avg: 4.51e-04
     itm tta time 0:02:58
### TTA Eval Score: 
+-------+--------+--------+--------+--------+-------+
| epoch |   R1   |   R5   |  R10   |  mAP   |  mINP |
+-------+--------+--------+--------+--------+-------+
|  -999 | 60.656 | 77.499 | 83.268 | 35.543 | 6.006 |
|   0   | 61.785 | 77.489 | 83.001 | 36.042 | 6.000 |
|   1   | 61.981 | 77.328 | 82.910 | 36.032 | 5.962 |
|   2   | 62.102 | 77.267 | 82.945 | 36.068 | 5.947 |
+-------+--------+--------+--------+--------+-------+
     logs:  {'epo': 2, 'R1': np.float32(62.102), 'R5': np.float32(77.267), 'R10': np.float32(82.945), 'mAP': np.float32(36.068), 'mINP': np.float32(5.947), 'entropy': 0.39290178363973444, 'uncertainty': 2.7500539416014544, 'uncertainty_coeffi': 0.009999999776482582, 'loss': 0.20341543514620175, 'lr': 0.00045099162233111376}
     Epoch[3] Iteration[10/994], entropy: 0.1504, uncertainty: 3.9871, uncertainty_coeffi: 0.0100, loss: 0.0784, lr: 0.00e+00
     Epoch[3] Iteration[20/994], entropy: 0.3806, uncertainty: 2.9120, uncertainty_coeffi: 0.0100, loss: 0.2244, lr: 0.00e+00
     Epoch[3] Iteration[30/994], entropy: 0.4570, uncertainty: 3.1038, uncertainty_coeffi: 0.0100, loss: 0.2414, lr: 0.00e+00
     Epoch[3] Iteration[40/994], entropy: 0.4246, uncertainty: 2.8092, uncertainty_coeffi: 0.0100, loss: 0.1990, lr: 0.00e+00
     Epoch[3] Iteration[50/994], entropy: 0.5886, uncertainty: 2.5656, uncertainty_coeffi: 0.0100, loss: 0.3588, lr: 0.00e+00
     Epoch[3] Iteration[60/994], entropy: 0.2891, uncertainty: 3.0679, uncertainty_coeffi: 0.0100, loss: 0.1226, lr: 0.00e+00
     Epoch[3] Iteration[70/994], entropy: 0.4356, uncertainty: 3.4611, uncertainty_coeffi: 0.0100, loss: 0.1636, lr: 0.00e+00
     Epoch[3] Iteration[80/994], entropy: 0.3243, uncertainty: 2.4666, uncertainty_coeffi: 0.0100, loss: 0.1778, lr: 0.00e+00
     Epoch[3] Iteration[90/994], entropy: 0.4948, uncertainty: 2.4521, uncertainty_coeffi: 0.0100, loss: 0.3184, lr: 0.00e+00
     Epoch[3] Iteration[100/994], entropy: 0.2742, uncertainty: 3.7219, uncertainty_coeffi: 0.0100, loss: 0.1269, lr: 0.00e+00
     Epoch[3] Iteration[110/994], entropy: 0.5840, uncertainty: 2.3502, uncertainty_coeffi: 0.0100, loss: 0.3186, lr: 0.00e+00
     Epoch[3] Iteration[120/994], entropy: 0.5344, uncertainty: 2.7191, uncertainty_coeffi: 0.0100, loss: 0.3418, lr: 0.00e+00
     Epoch[3] Iteration[130/994], entropy: 0.3789, uncertainty: 2.8380, uncertainty_coeffi: 0.0100, loss: 0.1827, lr: 0.00e+00
     Epoch[3] Iteration[140/994], entropy: 0.3965, uncertainty: 3.3886, uncertainty_coeffi: 0.0100, loss: 0.1663, lr: 0.00e+00
     Epoch[3] Iteration[150/994], entropy: 0.4199, uncertainty: 2.4494, uncertainty_coeffi: 0.0100, loss: 0.2705, lr: 0.00e+00
     Epoch[3] Iteration[160/994], entropy: 0.3729, uncertainty: 2.9805, uncertainty_coeffi: 0.0100, loss: 0.1891, lr: 0.00e+00
     Epoch[3] Iteration[170/994], entropy: 0.3314, uncertainty: 2.8025, uncertainty_coeffi: 0.0100, loss: 0.1723, lr: 0.00e+00
     Epoch[3] Iteration[180/994], entropy: 0.5048, uncertainty: 3.1645, uncertainty_coeffi: 0.0100, loss: 0.2358, lr: 0.00e+00
     Epoch[3] Iteration[190/994], entropy: 0.4359, uncertainty: 3.2934, uncertainty_coeffi: 0.0100, loss: 0.1901, lr: 0.00e+00
     Epoch[3] Iteration[200/994], entropy: 0.2989, uncertainty: 2.5018, uncertainty_coeffi: 0.0100, loss: 0.1795, lr: 0.00e+00
     Epoch[3] Iteration[210/994], entropy: 0.4162, uncertainty: 2.1673, uncertainty_coeffi: 0.0100, loss: 0.2403, lr: 0.00e+00
     Epoch[3] Iteration[220/994], entropy: 0.4615, uncertainty: 2.4690, uncertainty_coeffi: 0.0100, loss: 0.1848, lr: 0.00e+00
     Epoch[3] Iteration[230/994], entropy: 0.3988, uncertainty: 1.8819, uncertainty_coeffi: 0.0100, loss: 0.2360, lr: 0.00e+00
     Epoch[3] Iteration[240/994], entropy: 0.3368, uncertainty: 2.3647, uncertainty_coeffi: 0.0100, loss: 0.1741, lr: 0.00e+00
     Epoch[3] Iteration[250/994], entropy: 0.3326, uncertainty: 2.1399, uncertainty_coeffi: 0.0100, loss: 0.2598, lr: 0.00e+00
     Epoch[3] Iteration[260/994], entropy: 0.5044, uncertainty: 3.5761, uncertainty_coeffi: 0.0100, loss: 0.1704, lr: 0.00e+00
     Epoch[3] Iteration[270/994], entropy: 0.3309, uncertainty: 2.3985, uncertainty_coeffi: 0.0100, loss: 0.2053, lr: 0.00e+00
     Epoch[3] Iteration[280/994], entropy: 0.4391, uncertainty: 3.6439, uncertainty_coeffi: 0.0100, loss: 0.2416, lr: 0.00e+00
     Epoch[3] Iteration[290/994], entropy: 0.4541, uncertainty: 3.2448, uncertainty_coeffi: 0.0100, loss: 0.2686, lr: 0.00e+00
     Epoch[3] Iteration[300/994], entropy: 0.6912, uncertainty: 3.5056, uncertainty_coeffi: 0.0100, loss: 0.2716, lr: 0.00e+00
     Epoch[3] Iteration[310/994], entropy: 0.3486, uncertainty: 2.5003, uncertainty_coeffi: 0.0100, loss: 0.2147, lr: 0.00e+00
     Epoch[3] Iteration[320/994], entropy: 0.3004, uncertainty: 2.7556, uncertainty_coeffi: 0.0100, loss: 0.1888, lr: 0.00e+00
     Epoch[3] Iteration[330/994], entropy: 0.3689, uncertainty: 2.9909, uncertainty_coeffi: 0.0100, loss: 0.2081, lr: 0.00e+00
     Epoch[3] Iteration[340/994], entropy: 0.1846, uncertainty: 2.5956, uncertainty_coeffi: 0.0100, loss: 0.0991, lr: 0.00e+00
     Epoch[3] Iteration[350/994], entropy: 0.2699, uncertainty: 2.8997, uncertainty_coeffi: 0.0100, loss: 0.1568, lr: 0.00e+00
     Epoch[3] Iteration[360/994], entropy: 0.2965, uncertainty: 2.0885, uncertainty_coeffi: 0.0100, loss: 0.1734, lr: 0.00e+00
     Epoch[3] Iteration[370/994], entropy: 0.3301, uncertainty: 2.6355, uncertainty_coeffi: 0.0100, loss: 0.1861, lr: 0.00e+00
     Epoch[3] Iteration[380/994], entropy: 0.2558, uncertainty: 2.5514, uncertainty_coeffi: 0.0100, loss: 0.1417, lr: 0.00e+00
     Epoch[3] Iteration[390/994], entropy: 0.4168, uncertainty: 2.6310, uncertainty_coeffi: 0.0100, loss: 0.1869, lr: 0.00e+00
     Epoch[3] Iteration[400/994], entropy: 0.3665, uncertainty: 2.6207, uncertainty_coeffi: 0.0100, loss: 0.2172, lr: 0.00e+00
     Epoch[3] Iteration[410/994], entropy: 0.3412, uncertainty: 2.1924, uncertainty_coeffi: 0.0100, loss: 0.2198, lr: 0.00e+00
     Epoch[3] Iteration[420/994], entropy: 0.3325, uncertainty: 1.9895, uncertainty_coeffi: 0.0100, loss: 0.2752, lr: 0.00e+00
     Epoch[3] Iteration[430/994], entropy: 0.5415, uncertainty: 2.8935, uncertainty_coeffi: 0.0100, loss: 0.2027, lr: 0.00e+00
     Epoch[3] Iteration[440/994], entropy: 0.4872, uncertainty: 2.8873, uncertainty_coeffi: 0.0100, loss: 0.1904, lr: 0.00e+00
     Epoch[3] Iteration[450/994], entropy: 0.3864, uncertainty: 2.7554, uncertainty_coeffi: 0.0100, loss: 0.2078, lr: 0.00e+00
     Epoch[3] Iteration[460/994], entropy: 0.2650, uncertainty: 3.0559, uncertainty_coeffi: 0.0100, loss: 0.1718, lr: 0.00e+00
     Epoch[3] Iteration[470/994], entropy: 0.3128, uncertainty: 2.4793, uncertainty_coeffi: 0.0100, loss: 0.1243, lr: 0.00e+00
     Epoch[3] Iteration[480/994], entropy: 0.3448, uncertainty: 2.5046, uncertainty_coeffi: 0.0100, loss: 0.2154, lr: 0.00e+00
     Epoch[3] Iteration[490/994], entropy: 0.2881, uncertainty: 2.8537, uncertainty_coeffi: 0.0100, loss: 0.1345, lr: 0.00e+00
     Epoch[3] Iteration[500/994], entropy: 0.3716, uncertainty: 2.5387, uncertainty_coeffi: 0.0100, loss: 0.1813, lr: 0.00e+00
     Epoch[3] Iteration[510/994], entropy: 0.7385, uncertainty: 2.3164, uncertainty_coeffi: 0.0100, loss: 0.3807, lr: 0.00e+00
     Epoch[3] Iteration[520/994], entropy: 0.2259, uncertainty: 2.7489, uncertainty_coeffi: 0.0100, loss: 0.1112, lr: 0.00e+00
     Epoch[3] Iteration[530/994], entropy: 0.2697, uncertainty: 3.2941, uncertainty_coeffi: 0.0100, loss: 0.1520, lr: 0.00e+00
     Epoch[3] Iteration[540/994], entropy: 0.4347, uncertainty: 2.7338, uncertainty_coeffi: 0.0100, loss: 0.2661, lr: 0.00e+00
     Epoch[3] Iteration[550/994], entropy: 0.4234, uncertainty: 3.3409, uncertainty_coeffi: 0.0100, loss: 0.1734, lr: 0.00e+00
     Epoch[3] Iteration[560/994], entropy: 0.5943, uncertainty: 3.3372, uncertainty_coeffi: 0.0100, loss: 0.2989, lr: 0.00e+00
     Epoch[3] Iteration[570/994], entropy: 0.5684, uncertainty: 2.9537, uncertainty_coeffi: 0.0100, loss: 0.2875, lr: 0.00e+00
     Epoch[3] Iteration[580/994], entropy: 0.5135, uncertainty: 2.7502, uncertainty_coeffi: 0.0100, loss: 0.2474, lr: 0.00e+00
     Epoch[3] Iteration[590/994], entropy: 0.2184, uncertainty: 2.3557, uncertainty_coeffi: 0.0100, loss: 0.1461, lr: 0.00e+00
     Epoch[3] Iteration[600/994], entropy: 0.3826, uncertainty: 3.1699, uncertainty_coeffi: 0.0100, loss: 0.1921, lr: 0.00e+00
     Epoch[3] Iteration[610/994], entropy: 0.3662, uncertainty: 1.8839, uncertainty_coeffi: 0.0100, loss: 0.2325, lr: 0.00e+00
     Epoch[3] Iteration[620/994], entropy: 0.2217, uncertainty: 2.2835, uncertainty_coeffi: 0.0100, loss: 0.1106, lr: 0.00e+00
     Epoch[3] Iteration[630/994], entropy: 0.4475, uncertainty: 2.6945, uncertainty_coeffi: 0.0100, loss: 0.2420, lr: 0.00e+00
     Epoch[3] Iteration[640/994], entropy: 0.3892, uncertainty: 2.2011, uncertainty_coeffi: 0.0100, loss: 0.2284, lr: 0.00e+00
     Epoch[3] Iteration[650/994], entropy: 0.1453, uncertainty: 1.9754, uncertainty_coeffi: 0.0100, loss: 0.1026, lr: 0.00e+00
     Epoch[3] Iteration[660/994], entropy: 0.5470, uncertainty: 2.3261, uncertainty_coeffi: 0.0100, loss: 0.3039, lr: 0.00e+00
     Epoch[3] Iteration[670/994], entropy: 0.5433, uncertainty: 2.6513, uncertainty_coeffi: 0.0100, loss: 0.2871, lr: 0.00e+00
     Epoch[3] Iteration[680/994], entropy: 0.3672, uncertainty: 2.5313, uncertainty_coeffi: 0.0100, loss: 0.2133, lr: 0.00e+00
     Epoch[3] Iteration[690/994], entropy: 0.5789, uncertainty: 3.2229, uncertainty_coeffi: 0.0100, loss: 0.3066, lr: 0.00e+00
     Epoch[3] Iteration[700/994], entropy: 0.3095, uncertainty: 2.5085, uncertainty_coeffi: 0.0100, loss: 0.1400, lr: 0.00e+00
     Epoch[3] Iteration[710/994], entropy: 0.6862, uncertainty: 2.7767, uncertainty_coeffi: 0.0100, loss: 0.3075, lr: 0.00e+00
     Epoch[3] Iteration[720/994], entropy: 0.6417, uncertainty: 2.6447, uncertainty_coeffi: 0.0100, loss: 0.3320, lr: 0.00e+00
     Epoch[3] Iteration[730/994], entropy: 0.3654, uncertainty: 2.8806, uncertainty_coeffi: 0.0100, loss: 0.1906, lr: 0.00e+00
     Epoch[3] Iteration[740/994], entropy: 0.2932, uncertainty: 2.9333, uncertainty_coeffi: 0.0100, loss: 0.1443, lr: 0.00e+00
     Epoch[3] Iteration[750/994], entropy: 0.5750, uncertainty: 3.1056, uncertainty_coeffi: 0.0100, loss: 0.2933, lr: 0.00e+00
     Epoch[3] Iteration[760/994], entropy: 0.4293, uncertainty: 2.7130, uncertainty_coeffi: 0.0100, loss: 0.1914, lr: 0.00e+00
     Epoch[3] Iteration[770/994], entropy: 0.2349, uncertainty: 2.4861, uncertainty_coeffi: 0.0100, loss: 0.1611, lr: 0.00e+00
     Epoch[3] Iteration[780/994], entropy: 0.6328, uncertainty: 2.0815, uncertainty_coeffi: 0.0100, loss: 0.3998, lr: 0.00e+00
     Epoch[3] Iteration[790/994], entropy: 0.2456, uncertainty: 2.4976, uncertainty_coeffi: 0.0100, loss: 0.1237, lr: 0.00e+00
     Epoch[3] Iteration[800/994], entropy: 0.2854, uncertainty: 3.0667, uncertainty_coeffi: 0.0100, loss: 0.1576, lr: 0.00e+00
     Epoch[3] Iteration[810/994], entropy: 0.3239, uncertainty: 3.1696, uncertainty_coeffi: 0.0100, loss: 0.1714, lr: 0.00e+00
     Epoch[3] Iteration[820/994], entropy: 0.3857, uncertainty: 2.9086, uncertainty_coeffi: 0.0100, loss: 0.1866, lr: 0.00e+00
     Epoch[3] Iteration[830/994], entropy: 0.3184, uncertainty: 2.9129, uncertainty_coeffi: 0.0100, loss: 0.1515, lr: 0.00e+00
     Epoch[3] Iteration[840/994], entropy: 0.5957, uncertainty: 2.6563, uncertainty_coeffi: 0.0100, loss: 0.2806, lr: 0.00e+00
     Epoch[3] Iteration[850/994], entropy: 0.2412, uncertainty: 2.6974, uncertainty_coeffi: 0.0100, loss: 0.1194, lr: 0.00e+00
     Epoch[3] Iteration[860/994], entropy: 0.2919, uncertainty: 2.9022, uncertainty_coeffi: 0.0100, loss: 0.1381, lr: 0.00e+00
     Epoch[3] Iteration[870/994], entropy: 0.3508, uncertainty: 2.5017, uncertainty_coeffi: 0.0100, loss: 0.2004, lr: 0.00e+00
     Epoch[3] Iteration[880/994], entropy: 0.3776, uncertainty: 2.8866, uncertainty_coeffi: 0.0100, loss: 0.1833, lr: 0.00e+00
     Epoch[3] Iteration[890/994], entropy: 0.2782, uncertainty: 2.5884, uncertainty_coeffi: 0.0100, loss: 0.1576, lr: 0.00e+00
     Epoch[3] Iteration[900/994], entropy: 0.3963, uncertainty: 2.9737, uncertainty_coeffi: 0.0100, loss: 0.2076, lr: 0.00e+00
     Epoch[3] Iteration[910/994], entropy: 0.4572, uncertainty: 2.8310, uncertainty_coeffi: 0.0100, loss: 0.2027, lr: 0.00e+00
     Epoch[3] Iteration[920/994], entropy: 0.3822, uncertainty: 2.6958, uncertainty_coeffi: 0.0100, loss: 0.1861, lr: 0.00e+00
     Epoch[3] Iteration[930/994], entropy: 0.4680, uncertainty: 3.0419, uncertainty_coeffi: 0.0100, loss: 0.2407, lr: 0.00e+00
     Epoch[3] Iteration[940/994], entropy: 0.5248, uncertainty: 2.6957, uncertainty_coeffi: 0.0100, loss: 0.2132, lr: 0.00e+00
     Epoch[3] Iteration[950/994], entropy: 0.4441, uncertainty: 3.0122, uncertainty_coeffi: 0.0100, loss: 0.1858, lr: 0.00e+00
     Epoch[3] Iteration[960/994], entropy: 0.3915, uncertainty: 3.0497, uncertainty_coeffi: 0.0100, loss: 0.2172, lr: 0.00e+00
     Epoch[3] Iteration[970/994], entropy: 0.3862, uncertainty: 2.2178, uncertainty_coeffi: 0.0100, loss: 0.2205, lr: 0.00e+00
     Epoch[3] Iteration[980/994], entropy: 0.2586, uncertainty: 2.9321, uncertainty_coeffi: 0.0100, loss: 0.1538, lr: 0.00e+00
     Epoch[3] Iteration[990/994], entropy: 0.2847, uncertainty: 2.5625, uncertainty_coeffi: 0.0100, loss: 0.1588, lr: 0.00e+00
     Averaged stats: entropy_avg: 0.3948, uncertainty_avg: 2.7530, uncertainty_coeffi_avg: 0.0100, loss_avg: 0.2071, lr_avg: 0.00e+00
     itm tta time 0:03:00
     Epoch[4] Iteration[10/994], entropy: 0.4844, uncertainty: 2.9568, uncertainty_coeffi: 0.0100, loss: 0.2512, lr: 4.52e-04
     Epoch[4] Iteration[20/994], entropy: 0.5628, uncertainty: 3.0296, uncertainty_coeffi: 0.0100, loss: 0.2762, lr: 4.52e-04
     Epoch[4] Iteration[30/994], entropy: 0.4424, uncertainty: 2.4675, uncertainty_coeffi: 0.0100, loss: 0.2396, lr: 3.27e-04
     Epoch[4] Iteration[40/994], entropy: 0.4200, uncertainty: 2.1595, uncertainty_coeffi: 0.0100, loss: 0.2483, lr: 3.27e-04
     Epoch[4] Iteration[50/994], entropy: 0.2291, uncertainty: 2.7154, uncertainty_coeffi: 0.0100, loss: 0.1372, lr: 3.27e-04
     Epoch[4] Iteration[60/994], entropy: 0.2611, uncertainty: 2.3112, uncertainty_coeffi: 0.0100, loss: 0.1423, lr: 3.27e-04
     Epoch[4] Iteration[70/994], entropy: 0.4391, uncertainty: 2.3197, uncertainty_coeffi: 0.0100, loss: 0.2117, lr: 3.27e-04
     Epoch[4] Iteration[80/994], entropy: 0.3532, uncertainty: 3.4369, uncertainty_coeffi: 0.0100, loss: 0.1623, lr: 3.27e-04
     Epoch[4] Iteration[90/994], entropy: 0.5167, uncertainty: 2.7713, uncertainty_coeffi: 0.0100, loss: 0.2270, lr: 3.27e-04
     Epoch[4] Iteration[100/994], entropy: 0.3075, uncertainty: 2.9382, uncertainty_coeffi: 0.0100, loss: 0.1358, lr: 3.27e-04
     Epoch[4] Iteration[110/994], entropy: 0.2974, uncertainty: 2.8626, uncertainty_coeffi: 0.0100, loss: 0.1754, lr: 3.27e-04
     Epoch[4] Iteration[120/994], entropy: 0.4745, uncertainty: 3.4959, uncertainty_coeffi: 0.0100, loss: 0.2099, lr: 3.27e-04
     Epoch[4] Iteration[130/994], entropy: 0.3364, uncertainty: 3.2722, uncertainty_coeffi: 0.0100, loss: 0.1860, lr: 3.27e-04
     Epoch[4] Iteration[140/994], entropy: 0.2420, uncertainty: 2.5905, uncertainty_coeffi: 0.0100, loss: 0.1509, lr: 3.27e-04
     Epoch[4] Iteration[150/994], entropy: 0.4791, uncertainty: 2.5969, uncertainty_coeffi: 0.0100, loss: 0.2146, lr: 3.27e-04
     Epoch[4] Iteration[160/994], entropy: 0.4237, uncertainty: 3.5175, uncertainty_coeffi: 0.0100, loss: 0.2011, lr: 3.27e-04
     Epoch[4] Iteration[170/994], entropy: 0.5455, uncertainty: 2.7876, uncertainty_coeffi: 0.0100, loss: 0.2861, lr: 3.27e-04
     Epoch[4] Iteration[180/994], entropy: 0.3506, uncertainty: 2.4141, uncertainty_coeffi: 0.0100, loss: 0.1988, lr: 3.27e-04
     Epoch[4] Iteration[190/994], entropy: 0.3119, uncertainty: 2.8349, uncertainty_coeffi: 0.0100, loss: 0.1469, lr: 3.27e-04
     Epoch[4] Iteration[200/994], entropy: 0.4119, uncertainty: 3.4171, uncertainty_coeffi: 0.0100, loss: 0.1542, lr: 3.27e-04
     Epoch[4] Iteration[210/994], entropy: 0.3776, uncertainty: 3.3624, uncertainty_coeffi: 0.0100, loss: 0.1807, lr: 3.27e-04
     Epoch[4] Iteration[220/994], entropy: 0.2782, uncertainty: 1.9123, uncertainty_coeffi: 0.0100, loss: 0.1805, lr: 3.27e-04
     Epoch[4] Iteration[230/994], entropy: 0.3239, uncertainty: 2.2175, uncertainty_coeffi: 0.0100, loss: 0.2214, lr: 3.27e-04
     Epoch[4] Iteration[240/994], entropy: 0.3079, uncertainty: 3.6047, uncertainty_coeffi: 0.0100, loss: 0.1500, lr: 3.27e-04
     Epoch[4] Iteration[250/994], entropy: 0.2495, uncertainty: 2.8455, uncertainty_coeffi: 0.0100, loss: 0.1349, lr: 3.27e-04
     Epoch[4] Iteration[260/994], entropy: 0.5501, uncertainty: 3.0553, uncertainty_coeffi: 0.0100, loss: 0.2786, lr: 3.27e-04
     Epoch[4] Iteration[270/994], entropy: 0.2753, uncertainty: 2.1965, uncertainty_coeffi: 0.0100, loss: 0.1590, lr: 3.27e-04
     Epoch[4] Iteration[280/994], entropy: 0.3160, uncertainty: 2.4843, uncertainty_coeffi: 0.0100, loss: 0.1482, lr: 3.27e-04
     Epoch[4] Iteration[290/994], entropy: 0.3418, uncertainty: 2.2313, uncertainty_coeffi: 0.0100, loss: 0.2119, lr: 3.27e-04
     Epoch[4] Iteration[300/994], entropy: 0.4298, uncertainty: 2.3996, uncertainty_coeffi: 0.0100, loss: 0.2733, lr: 3.27e-04
     Epoch[4] Iteration[310/994], entropy: 0.4363, uncertainty: 2.7704, uncertainty_coeffi: 0.0100, loss: 0.1858, lr: 3.27e-04
     Epoch[4] Iteration[320/994], entropy: 0.2065, uncertainty: 1.8645, uncertainty_coeffi: 0.0100, loss: 0.1497, lr: 3.27e-04
     Epoch[4] Iteration[330/994], entropy: 0.2824, uncertainty: 2.3179, uncertainty_coeffi: 0.0100, loss: 0.1744, lr: 3.27e-04
     Epoch[4] Iteration[340/994], entropy: 0.4680, uncertainty: 2.7017, uncertainty_coeffi: 0.0100, loss: 0.2781, lr: 3.27e-04
     Epoch[4] Iteration[350/994], entropy: 0.3285, uncertainty: 2.2776, uncertainty_coeffi: 0.0100, loss: 0.2116, lr: 3.27e-04
     Epoch[4] Iteration[360/994], entropy: 0.4793, uncertainty: 3.2810, uncertainty_coeffi: 0.0100, loss: 0.2266, lr: 3.27e-04
     Epoch[4] Iteration[370/994], entropy: 0.2980, uncertainty: 2.3234, uncertainty_coeffi: 0.0100, loss: 0.1762, lr: 3.27e-04
     Epoch[4] Iteration[380/994], entropy: 0.1617, uncertainty: 1.9137, uncertainty_coeffi: 0.0100, loss: 0.1022, lr: 3.27e-04
     Epoch[4] Iteration[390/994], entropy: 0.2373, uncertainty: 3.0766, uncertainty_coeffi: 0.0100, loss: 0.1306, lr: 3.27e-04
     Epoch[4] Iteration[400/994], entropy: 0.3259, uncertainty: 2.6665, uncertainty_coeffi: 0.0100, loss: 0.1706, lr: 3.27e-04
     Epoch[4] Iteration[410/994], entropy: 0.2288, uncertainty: 3.0399, uncertainty_coeffi: 0.0100, loss: 0.1483, lr: 3.27e-04
     Epoch[4] Iteration[420/994], entropy: 0.2177, uncertainty: 2.7448, uncertainty_coeffi: 0.0100, loss: 0.1127, lr: 3.27e-04
     Epoch[4] Iteration[430/994], entropy: 0.2951, uncertainty: 2.3949, uncertainty_coeffi: 0.0100, loss: 0.1543, lr: 3.27e-04
     Epoch[4] Iteration[440/994], entropy: 0.4728, uncertainty: 3.0309, uncertainty_coeffi: 0.0100, loss: 0.2010, lr: 3.27e-04
     Epoch[4] Iteration[450/994], entropy: 0.2027, uncertainty: 2.7900, uncertainty_coeffi: 0.0100, loss: 0.1185, lr: 3.27e-04
     Epoch[4] Iteration[460/994], entropy: 0.2270, uncertainty: 2.1927, uncertainty_coeffi: 0.0100, loss: 0.1594, lr: 3.27e-04
     Epoch[4] Iteration[470/994], entropy: 0.3685, uncertainty: 2.3602, uncertainty_coeffi: 0.0100, loss: 0.2191, lr: 3.27e-04
     Epoch[4] Iteration[480/994], entropy: 0.3163, uncertainty: 3.4512, uncertainty_coeffi: 0.0100, loss: 0.1566, lr: 3.27e-04
     Epoch[4] Iteration[490/994], entropy: 0.5556, uncertainty: 3.1006, uncertainty_coeffi: 0.0100, loss: 0.2355, lr: 3.27e-04
     Epoch[4] Iteration[500/994], entropy: 0.4528, uncertainty: 3.1810, uncertainty_coeffi: 0.0100, loss: 0.2397, lr: 3.27e-04
     Epoch[4] Iteration[510/994], entropy: 0.2153, uncertainty: 2.2676, uncertainty_coeffi: 0.0100, loss: 0.1180, lr: 3.27e-04
     Epoch[4] Iteration[520/994], entropy: 0.5114, uncertainty: 2.7022, uncertainty_coeffi: 0.0100, loss: 0.2468, lr: 3.27e-04
     Epoch[4] Iteration[530/994], entropy: 0.4171, uncertainty: 2.6690, uncertainty_coeffi: 0.0100, loss: 0.2637, lr: 3.27e-04
     Epoch[4] Iteration[540/994], entropy: 0.4641, uncertainty: 2.5885, uncertainty_coeffi: 0.0100, loss: 0.2584, lr: 3.27e-04
     Epoch[4] Iteration[550/994], entropy: 0.1755, uncertainty: 2.1190, uncertainty_coeffi: 0.0100, loss: 0.0927, lr: 3.27e-04
     Epoch[4] Iteration[560/994], entropy: 0.5452, uncertainty: 2.6563, uncertainty_coeffi: 0.0100, loss: 0.2761, lr: 3.27e-04
     Epoch[4] Iteration[570/994], entropy: 0.3566, uncertainty: 3.2337, uncertainty_coeffi: 0.0100, loss: 0.1220, lr: 3.27e-04
     Epoch[4] Iteration[580/994], entropy: 0.2843, uncertainty: 3.1787, uncertainty_coeffi: 0.0100, loss: 0.1336, lr: 3.27e-04
     Epoch[4] Iteration[590/994], entropy: 0.3268, uncertainty: 2.1426, uncertainty_coeffi: 0.0100, loss: 0.2431, lr: 3.27e-04
     Epoch[4] Iteration[600/994], entropy: 0.3264, uncertainty: 2.3412, uncertainty_coeffi: 0.0100, loss: 0.2067, lr: 3.27e-04
     Epoch[4] Iteration[610/994], entropy: 0.5926, uncertainty: 3.1110, uncertainty_coeffi: 0.0100, loss: 0.2922, lr: 3.27e-04
     Epoch[4] Iteration[620/994], entropy: 0.3172, uncertainty: 2.5982, uncertainty_coeffi: 0.0100, loss: 0.1996, lr: 3.27e-04
     Epoch[4] Iteration[630/994], entropy: 0.3959, uncertainty: 2.1373, uncertainty_coeffi: 0.0100, loss: 0.2065, lr: 3.27e-04
     Epoch[4] Iteration[640/994], entropy: 0.3959, uncertainty: 3.2503, uncertainty_coeffi: 0.0100, loss: 0.1898, lr: 3.27e-04
     Epoch[4] Iteration[650/994], entropy: 0.3781, uncertainty: 2.5494, uncertainty_coeffi: 0.0100, loss: 0.2552, lr: 3.27e-04
     Epoch[4] Iteration[660/994], entropy: 0.2562, uncertainty: 2.0394, uncertainty_coeffi: 0.0100, loss: 0.1442, lr: 3.27e-04
     Epoch[4] Iteration[670/994], entropy: 0.5036, uncertainty: 3.0005, uncertainty_coeffi: 0.0100, loss: 0.2582, lr: 3.27e-04
     Epoch[4] Iteration[680/994], entropy: 0.2602, uncertainty: 1.8717, uncertainty_coeffi: 0.0100, loss: 0.2082, lr: 3.27e-04
     Epoch[4] Iteration[690/994], entropy: 0.3389, uncertainty: 2.5875, uncertainty_coeffi: 0.0100, loss: 0.1487, lr: 3.27e-04
     Epoch[4] Iteration[700/994], entropy: 0.4303, uncertainty: 3.0340, uncertainty_coeffi: 0.0100, loss: 0.2502, lr: 3.27e-04
     Epoch[4] Iteration[710/994], entropy: 0.4410, uncertainty: 2.6591, uncertainty_coeffi: 0.0100, loss: 0.2216, lr: 3.27e-04
     Epoch[4] Iteration[720/994], entropy: 0.3117, uncertainty: 2.4985, uncertainty_coeffi: 0.0100, loss: 0.1802, lr: 3.27e-04
     Epoch[4] Iteration[730/994], entropy: 0.3014, uncertainty: 2.7912, uncertainty_coeffi: 0.0100, loss: 0.1977, lr: 3.27e-04
     Epoch[4] Iteration[740/994], entropy: 0.4985, uncertainty: 3.0841, uncertainty_coeffi: 0.0100, loss: 0.2509, lr: 3.27e-04
     Epoch[4] Iteration[750/994], entropy: 0.3995, uncertainty: 3.0296, uncertainty_coeffi: 0.0100, loss: 0.1919, lr: 3.27e-04
     Epoch[4] Iteration[760/994], entropy: 0.2754, uncertainty: 2.3545, uncertainty_coeffi: 0.0100, loss: 0.1437, lr: 3.27e-04
     Epoch[4] Iteration[770/994], entropy: 0.4967, uncertainty: 3.1511, uncertainty_coeffi: 0.0100, loss: 0.2383, lr: 3.27e-04
     Epoch[4] Iteration[780/994], entropy: 0.4588, uncertainty: 2.7099, uncertainty_coeffi: 0.0100, loss: 0.2315, lr: 3.27e-04
     Epoch[4] Iteration[790/994], entropy: 0.4035, uncertainty: 2.8636, uncertainty_coeffi: 0.0100, loss: 0.1848, lr: 3.27e-04
     Epoch[4] Iteration[800/994], entropy: 0.2989, uncertainty: 2.4542, uncertainty_coeffi: 0.0100, loss: 0.1883, lr: 3.27e-04
     Epoch[4] Iteration[810/994], entropy: 0.3513, uncertainty: 2.7823, uncertainty_coeffi: 0.0100, loss: 0.1787, lr: 3.27e-04
     Epoch[4] Iteration[820/994], entropy: 0.3010, uncertainty: 2.7154, uncertainty_coeffi: 0.0100, loss: 0.1191, lr: 3.27e-04
     Epoch[4] Iteration[830/994], entropy: 0.4067, uncertainty: 2.9210, uncertainty_coeffi: 0.0100, loss: 0.2044, lr: 3.27e-04
     Epoch[4] Iteration[840/994], entropy: 0.2976, uncertainty: 2.3339, uncertainty_coeffi: 0.0100, loss: 0.1692, lr: 3.27e-04
     Epoch[4] Iteration[850/994], entropy: 0.1723, uncertainty: 2.4183, uncertainty_coeffi: 0.0100, loss: 0.1237, lr: 3.27e-04
     Epoch[4] Iteration[860/994], entropy: 0.5324, uncertainty: 3.1422, uncertainty_coeffi: 0.0100, loss: 0.2666, lr: 3.27e-04
     Epoch[4] Iteration[870/994], entropy: 0.5887, uncertainty: 3.3699, uncertainty_coeffi: 0.0100, loss: 0.2279, lr: 3.27e-04
     Epoch[4] Iteration[880/994], entropy: 0.3746, uncertainty: 2.9194, uncertainty_coeffi: 0.0100, loss: 0.1841, lr: 3.27e-04
     Epoch[4] Iteration[890/994], entropy: 0.5366, uncertainty: 3.0487, uncertainty_coeffi: 0.0100, loss: 0.2243, lr: 3.27e-04
     Epoch[4] Iteration[900/994], entropy: 0.2426, uncertainty: 2.3614, uncertainty_coeffi: 0.0100, loss: 0.1273, lr: 3.27e-04
     Epoch[4] Iteration[910/994], entropy: 0.4391, uncertainty: 2.7918, uncertainty_coeffi: 0.0100, loss: 0.2558, lr: 3.27e-04
     Epoch[4] Iteration[920/994], entropy: 0.5676, uncertainty: 3.0008, uncertainty_coeffi: 0.0100, loss: 0.3248, lr: 3.27e-04
     Epoch[4] Iteration[930/994], entropy: 0.3481, uncertainty: 2.0589, uncertainty_coeffi: 0.0100, loss: 0.2052, lr: 3.27e-04
     Epoch[4] Iteration[940/994], entropy: 0.4880, uncertainty: 3.2848, uncertainty_coeffi: 0.0100, loss: 0.2052, lr: 3.27e-04
     Epoch[4] Iteration[950/994], entropy: 0.5519, uncertainty: 2.2616, uncertainty_coeffi: 0.0100, loss: 0.3113, lr: 3.27e-04
     Epoch[4] Iteration[960/994], entropy: 0.3843, uncertainty: 2.4722, uncertainty_coeffi: 0.0100, loss: 0.2254, lr: 3.27e-04
     Epoch[4] Iteration[970/994], entropy: 0.4831, uncertainty: 2.7966, uncertainty_coeffi: 0.0100, loss: 0.2534, lr: 3.27e-04
     Epoch[4] Iteration[980/994], entropy: 0.1667, uncertainty: 2.3400, uncertainty_coeffi: 0.0100, loss: 0.1188, lr: 3.27e-04
     Epoch[4] Iteration[990/994], entropy: 0.3952, uncertainty: 2.7157, uncertainty_coeffi: 0.0100, loss: 0.1870, lr: 3.27e-04
     Averaged stats: entropy_avg: 0.3728, uncertainty_avg: 2.7080, uncertainty_coeffi_avg: 0.0100, loss_avg: 0.1970, lr_avg: 3.30e-04
     itm tta time 0:03:00
### TTA Eval Score: 
+-------+--------+--------+--------+--------+-------+
| epoch |   R1   |   R5   |  R10   |  mAP   |  mINP |
+-------+--------+--------+--------+--------+-------+
|  -999 | 60.656 | 77.499 | 83.268 | 35.543 | 6.006 |
|   0   | 61.785 | 77.489 | 83.001 | 36.042 | 6.000 |
|   1   | 61.981 | 77.328 | 82.910 | 36.032 | 5.962 |
|   2   | 62.102 | 77.267 | 82.945 | 36.068 | 5.947 |
|   4   | 62.137 | 77.252 | 82.945 | 36.036 | 5.844 |
+-------+--------+--------+--------+--------+-------+
     logs:  {'epo': 4, 'R1': np.float32(62.137), 'R5': np.float32(77.252), 'R10': np.float32(82.945), 'mAP': np.float32(36.036), 'mINP': np.float32(5.844), 'entropy': 0.3727823030768019, 'uncertainty': 2.708006643285655, 'uncertainty_coeffi': 0.009999999776482582, 'loss': 0.19696812843433534, 'lr': 0.00032977950111898}
     Epoch[5] Iteration[10/994], entropy: 0.5869, uncertainty: 2.0210, uncertainty_coeffi: 0.0100, loss: 0.3818, lr: 3.27e-04
     Epoch[5] Iteration[20/994], entropy: 0.3377, uncertainty: 2.7829, uncertainty_coeffi: 0.0100, loss: 0.1535, lr: 3.27e-04
     Epoch[5] Iteration[30/994], entropy: 0.5573, uncertainty: 2.9944, uncertainty_coeffi: 0.0100, loss: 0.2717, lr: 3.27e-04
     Epoch[5] Iteration[40/994], entropy: 0.3752, uncertainty: 2.7004, uncertainty_coeffi: 0.0100, loss: 0.2093, lr: 3.27e-04
     Epoch[5] Iteration[50/994], entropy: 0.3152, uncertainty: 3.2757, uncertainty_coeffi: 0.0100, loss: 0.1421, lr: 3.27e-04
     Epoch[5] Iteration[60/994], entropy: 0.3536, uncertainty: 2.1601, uncertainty_coeffi: 0.0100, loss: 0.1988, lr: 3.27e-04
     Epoch[5] Iteration[70/994], entropy: 0.3539, uncertainty: 2.4431, uncertainty_coeffi: 0.0100, loss: 0.2219, lr: 3.27e-04
     Epoch[5] Iteration[80/994], entropy: 0.4748, uncertainty: 2.7385, uncertainty_coeffi: 0.0100, loss: 0.2344, lr: 3.27e-04
     Epoch[5] Iteration[90/994], entropy: 0.2525, uncertainty: 2.0885, uncertainty_coeffi: 0.0100, loss: 0.1359, lr: 3.27e-04
     Epoch[5] Iteration[100/994], entropy: 0.3940, uncertainty: 2.9447, uncertainty_coeffi: 0.0100, loss: 0.2172, lr: 3.27e-04
     Epoch[5] Iteration[110/994], entropy: 0.2455, uncertainty: 2.0003, uncertainty_coeffi: 0.0100, loss: 0.1750, lr: 3.27e-04
     Epoch[5] Iteration[120/994], entropy: 0.3358, uncertainty: 2.8432, uncertainty_coeffi: 0.0100, loss: 0.2068, lr: 3.27e-04
     Epoch[5] Iteration[130/994], entropy: 0.2406, uncertainty: 2.7372, uncertainty_coeffi: 0.0100, loss: 0.1501, lr: 3.27e-04
     Epoch[5] Iteration[140/994], entropy: 0.5959, uncertainty: 2.7678, uncertainty_coeffi: 0.0100, loss: 0.2659, lr: 3.27e-04
     Epoch[5] Iteration[150/994], entropy: 0.2778, uncertainty: 2.4832, uncertainty_coeffi: 0.0100, loss: 0.1618, lr: 3.27e-04
     Epoch[5] Iteration[160/994], entropy: 0.4821, uncertainty: 2.6191, uncertainty_coeffi: 0.0100, loss: 0.2593, lr: 3.27e-04
     Epoch[5] Iteration[170/994], entropy: 0.4424, uncertainty: 2.9324, uncertainty_coeffi: 0.0100, loss: 0.2085, lr: 3.27e-04
     Epoch[5] Iteration[180/994], entropy: 0.3591, uncertainty: 2.5445, uncertainty_coeffi: 0.0100, loss: 0.1722, lr: 3.27e-04
     Epoch[5] Iteration[190/994], entropy: 0.4260, uncertainty: 2.8813, uncertainty_coeffi: 0.0100, loss: 0.2341, lr: 3.27e-04
     Epoch[5] Iteration[200/994], entropy: 0.3681, uncertainty: 2.7175, uncertainty_coeffi: 0.0100, loss: 0.2195, lr: 3.27e-04
     Epoch[5] Iteration[210/994], entropy: 0.5833, uncertainty: 3.1794, uncertainty_coeffi: 0.0100, loss: 0.2723, lr: 3.27e-04
     Epoch[5] Iteration[220/994], entropy: 0.2004, uncertainty: 2.3095, uncertainty_coeffi: 0.0100, loss: 0.1271, lr: 3.27e-04
     Epoch[5] Iteration[230/994], entropy: 0.3890, uncertainty: 2.7825, uncertainty_coeffi: 0.0100, loss: 0.1837, lr: 3.27e-04
     Epoch[5] Iteration[240/994], entropy: 0.5295, uncertainty: 2.6192, uncertainty_coeffi: 0.0100, loss: 0.2850, lr: 3.27e-04
     Epoch[5] Iteration[250/994], entropy: 0.2517, uncertainty: 2.2776, uncertainty_coeffi: 0.0100, loss: 0.1371, lr: 3.27e-04
     Epoch[5] Iteration[260/994], entropy: 0.2848, uncertainty: 2.0167, uncertainty_coeffi: 0.0100, loss: 0.1653, lr: 3.27e-04
     Epoch[5] Iteration[270/994], entropy: 0.5420, uncertainty: 2.9727, uncertainty_coeffi: 0.0100, loss: 0.2583, lr: 3.27e-04
     Epoch[5] Iteration[280/994], entropy: 0.3395, uncertainty: 2.7157, uncertainty_coeffi: 0.0100, loss: 0.2209, lr: 3.27e-04
     Epoch[5] Iteration[290/994], entropy: 0.3370, uncertainty: 2.7131, uncertainty_coeffi: 0.0100, loss: 0.2468, lr: 3.27e-04
     Epoch[5] Iteration[300/994], entropy: 0.3543, uncertainty: 2.5397, uncertainty_coeffi: 0.0100, loss: 0.1958, lr: 3.27e-04
     Epoch[5] Iteration[310/994], entropy: 0.4176, uncertainty: 3.2418, uncertainty_coeffi: 0.0100, loss: 0.2128, lr: 3.27e-04
     Epoch[5] Iteration[320/994], entropy: 0.1954, uncertainty: 2.4316, uncertainty_coeffi: 0.0100, loss: 0.1200, lr: 3.27e-04
     Epoch[5] Iteration[330/994], entropy: 0.3889, uncertainty: 2.8623, uncertainty_coeffi: 0.0100, loss: 0.1656, lr: 3.27e-04
     Epoch[5] Iteration[340/994], entropy: 0.2962, uncertainty: 2.5436, uncertainty_coeffi: 0.0100, loss: 0.1709, lr: 3.27e-04
     Epoch[5] Iteration[350/994], entropy: 0.7117, uncertainty: 2.6767, uncertainty_coeffi: 0.0100, loss: 0.3748, lr: 3.27e-04
     Epoch[5] Iteration[360/994], entropy: 0.2822, uncertainty: 2.9005, uncertainty_coeffi: 0.0100, loss: 0.1183, lr: 3.27e-04
     Epoch[5] Iteration[370/994], entropy: 0.1403, uncertainty: 2.0769, uncertainty_coeffi: 0.0100, loss: 0.0933, lr: 3.27e-04
     Epoch[5] Iteration[380/994], entropy: 0.4774, uncertainty: 3.2263, uncertainty_coeffi: 0.0100, loss: 0.1833, lr: 3.27e-04
     Epoch[5] Iteration[390/994], entropy: 0.2916, uncertainty: 2.9820, uncertainty_coeffi: 0.0100, loss: 0.1051, lr: 3.27e-04
     Epoch[5] Iteration[400/994], entropy: 0.5851, uncertainty: 2.6945, uncertainty_coeffi: 0.0100, loss: 0.3295, lr: 3.27e-04
     Epoch[5] Iteration[410/994], entropy: 0.4650, uncertainty: 2.1911, uncertainty_coeffi: 0.0100, loss: 0.2567, lr: 3.27e-04
     Epoch[5] Iteration[420/994], entropy: 0.2808, uncertainty: 2.8379, uncertainty_coeffi: 0.0100, loss: 0.1234, lr: 3.27e-04
     Epoch[5] Iteration[430/994], entropy: 0.4166, uncertainty: 2.5617, uncertainty_coeffi: 0.0100, loss: 0.2597, lr: 3.27e-04
     Epoch[5] Iteration[440/994], entropy: 0.5325, uncertainty: 2.3267, uncertainty_coeffi: 0.0100, loss: 0.3110, lr: 3.27e-04
     Epoch[5] Iteration[450/994], entropy: 0.3482, uncertainty: 2.4878, uncertainty_coeffi: 0.0100, loss: 0.1570, lr: 3.27e-04
     Epoch[5] Iteration[460/994], entropy: 0.3749, uncertainty: 2.8420, uncertainty_coeffi: 0.0100, loss: 0.2201, lr: 3.27e-04
     Epoch[5] Iteration[470/994], entropy: 0.3632, uncertainty: 1.9717, uncertainty_coeffi: 0.0100, loss: 0.2111, lr: 3.27e-04
     Epoch[5] Iteration[480/994], entropy: 0.4335, uncertainty: 2.9231, uncertainty_coeffi: 0.0100, loss: 0.1804, lr: 3.27e-04
     Epoch[5] Iteration[490/994], entropy: 0.2435, uncertainty: 3.2046, uncertainty_coeffi: 0.0100, loss: 0.1137, lr: 3.27e-04
     Epoch[5] Iteration[500/994], entropy: 0.2650, uncertainty: 2.9350, uncertainty_coeffi: 0.0100, loss: 0.1129, lr: 3.27e-04
     Epoch[5] Iteration[510/994], entropy: 0.5082, uncertainty: 2.8436, uncertainty_coeffi: 0.0100, loss: 0.2756, lr: 3.27e-04
     Epoch[5] Iteration[520/994], entropy: 0.2564, uncertainty: 2.7813, uncertainty_coeffi: 0.0100, loss: 0.1627, lr: 3.27e-04
     Epoch[5] Iteration[530/994], entropy: 0.4472, uncertainty: 2.9184, uncertainty_coeffi: 0.0100, loss: 0.2368, lr: 3.27e-04
     Epoch[5] Iteration[540/994], entropy: 0.3697, uncertainty: 2.6109, uncertainty_coeffi: 0.0100, loss: 0.2373, lr: 3.27e-04
     Epoch[5] Iteration[550/994], entropy: 0.2265, uncertainty: 3.4801, uncertainty_coeffi: 0.0100, loss: 0.1111, lr: 3.27e-04
     Epoch[5] Iteration[560/994], entropy: 0.2942, uncertainty: 2.2907, uncertainty_coeffi: 0.0100, loss: 0.1684, lr: 3.27e-04
     Epoch[5] Iteration[570/994], entropy: 0.5270, uncertainty: 2.5351, uncertainty_coeffi: 0.0100, loss: 0.2590, lr: 3.27e-04
     Epoch[5] Iteration[580/994], entropy: 0.4165, uncertainty: 2.8197, uncertainty_coeffi: 0.0100, loss: 0.1940, lr: 3.27e-04
     Epoch[5] Iteration[590/994], entropy: 0.4942, uncertainty: 2.7494, uncertainty_coeffi: 0.0100, loss: 0.2499, lr: 3.27e-04
     Epoch[5] Iteration[600/994], entropy: 0.3553, uncertainty: 2.7868, uncertainty_coeffi: 0.0100, loss: 0.1755, lr: 3.27e-04
     Epoch[5] Iteration[610/994], entropy: 0.1735, uncertainty: 2.8500, uncertainty_coeffi: 0.0100, loss: 0.1096, lr: 3.27e-04
     Epoch[5] Iteration[620/994], entropy: 0.4783, uncertainty: 3.3156, uncertainty_coeffi: 0.0100, loss: 0.1964, lr: 3.27e-04
     Epoch[5] Iteration[630/994], entropy: 0.3530, uncertainty: 2.4473, uncertainty_coeffi: 0.0100, loss: 0.1847, lr: 3.27e-04
     Epoch[5] Iteration[640/994], entropy: 0.5408, uncertainty: 2.4869, uncertainty_coeffi: 0.0100, loss: 0.2782, lr: 3.27e-04
     Epoch[5] Iteration[650/994], entropy: 0.6113, uncertainty: 2.4680, uncertainty_coeffi: 0.0100, loss: 0.3635, lr: 3.27e-04
     Epoch[5] Iteration[660/994], entropy: 0.4111, uncertainty: 2.6715, uncertainty_coeffi: 0.0100, loss: 0.2177, lr: 3.27e-04
     Epoch[5] Iteration[670/994], entropy: 0.2452, uncertainty: 3.8135, uncertainty_coeffi: 0.0100, loss: 0.0966, lr: 3.27e-04
     Epoch[5] Iteration[680/994], entropy: 0.2889, uncertainty: 2.5628, uncertainty_coeffi: 0.0100, loss: 0.1395, lr: 3.27e-04
     Epoch[5] Iteration[690/994], entropy: 0.4230, uncertainty: 2.3047, uncertainty_coeffi: 0.0100, loss: 0.2615, lr: 3.27e-04
     Epoch[5] Iteration[700/994], entropy: 0.3303, uncertainty: 2.4426, uncertainty_coeffi: 0.0100, loss: 0.1695, lr: 3.27e-04
     Epoch[5] Iteration[710/994], entropy: 0.4638, uncertainty: 2.8743, uncertainty_coeffi: 0.0100, loss: 0.2237, lr: 3.27e-04
     Epoch[5] Iteration[720/994], entropy: 0.5879, uncertainty: 2.4774, uncertainty_coeffi: 0.0100, loss: 0.3167, lr: 3.27e-04
     Epoch[5] Iteration[730/994], entropy: 0.4761, uncertainty: 3.1680, uncertainty_coeffi: 0.0100, loss: 0.1898, lr: 3.27e-04
     Epoch[5] Iteration[740/994], entropy: 0.1427, uncertainty: 2.9655, uncertainty_coeffi: 0.0100, loss: 0.0804, lr: 3.27e-04
     Epoch[5] Iteration[750/994], entropy: 0.4109, uncertainty: 2.4902, uncertainty_coeffi: 0.0100, loss: 0.2064, lr: 3.27e-04
     Epoch[5] Iteration[760/994], entropy: 0.2578, uncertainty: 2.6308, uncertainty_coeffi: 0.0100, loss: 0.1597, lr: 3.27e-04
     Epoch[5] Iteration[770/994], entropy: 0.2380, uncertainty: 2.5934, uncertainty_coeffi: 0.0100, loss: 0.0991, lr: 3.27e-04
     Epoch[5] Iteration[780/994], entropy: 0.5928, uncertainty: 2.6800, uncertainty_coeffi: 0.0100, loss: 0.3128, lr: 3.27e-04
     Epoch[5] Iteration[790/994], entropy: 0.6275, uncertainty: 3.4847, uncertainty_coeffi: 0.0100, loss: 0.3507, lr: 3.27e-04
     Epoch[5] Iteration[800/994], entropy: 0.2586, uncertainty: 2.1187, uncertainty_coeffi: 0.0100, loss: 0.1570, lr: 3.27e-04
     Epoch[5] Iteration[810/994], entropy: 0.2532, uncertainty: 2.9761, uncertainty_coeffi: 0.0100, loss: 0.1666, lr: 3.27e-04
     Epoch[5] Iteration[820/994], entropy: 0.5138, uncertainty: 3.1203, uncertainty_coeffi: 0.0100, loss: 0.2307, lr: 3.27e-04
     Epoch[5] Iteration[830/994], entropy: 0.3995, uncertainty: 3.2377, uncertainty_coeffi: 0.0100, loss: 0.2079, lr: 3.27e-04
     Epoch[5] Iteration[840/994], entropy: 0.4102, uncertainty: 2.6679, uncertainty_coeffi: 0.0100, loss: 0.2486, lr: 3.27e-04
     Epoch[5] Iteration[850/994], entropy: 0.4071, uncertainty: 3.0649, uncertainty_coeffi: 0.0100, loss: 0.1908, lr: 3.27e-04
     Epoch[5] Iteration[860/994], entropy: 0.3244, uncertainty: 2.4894, uncertainty_coeffi: 0.0100, loss: 0.1490, lr: 3.27e-04
     Epoch[5] Iteration[870/994], entropy: 0.2921, uncertainty: 2.4947, uncertainty_coeffi: 0.0100, loss: 0.1450, lr: 3.27e-04
     Epoch[5] Iteration[880/994], entropy: 0.3665, uncertainty: 2.3806, uncertainty_coeffi: 0.0100, loss: 0.2136, lr: 3.27e-04
     Epoch[5] Iteration[890/994], entropy: 0.2718, uncertainty: 2.0450, uncertainty_coeffi: 0.0100, loss: 0.1340, lr: 3.27e-04
     Epoch[5] Iteration[900/994], entropy: 0.4436, uncertainty: 2.5146, uncertainty_coeffi: 0.0100, loss: 0.2104, lr: 3.27e-04
     Epoch[5] Iteration[910/994], entropy: 0.4650, uncertainty: 2.5378, uncertainty_coeffi: 0.0100, loss: 0.2515, lr: 3.27e-04
     Epoch[5] Iteration[920/994], entropy: 0.3527, uncertainty: 2.5821, uncertainty_coeffi: 0.0100, loss: 0.2251, lr: 3.27e-04
     Epoch[5] Iteration[930/994], entropy: 0.2584, uncertainty: 2.3550, uncertainty_coeffi: 0.0100, loss: 0.1414, lr: 3.27e-04
     Epoch[5] Iteration[940/994], entropy: 0.7189, uncertainty: 3.2804, uncertainty_coeffi: 0.0100, loss: 0.3702, lr: 3.27e-04
     Epoch[5] Iteration[950/994], entropy: 0.5513, uncertainty: 2.5651, uncertainty_coeffi: 0.0100, loss: 0.2958, lr: 3.27e-04
     Epoch[5] Iteration[960/994], entropy: 0.2966, uncertainty: 2.2942, uncertainty_coeffi: 0.0100, loss: 0.1704, lr: 3.27e-04
     Epoch[5] Iteration[970/994], entropy: 0.4109, uncertainty: 2.5774, uncertainty_coeffi: 0.0100, loss: 0.2361, lr: 3.27e-04
     Epoch[5] Iteration[980/994], entropy: 0.4561, uncertainty: 3.1824, uncertainty_coeffi: 0.0100, loss: 0.2016, lr: 3.27e-04
     Epoch[5] Iteration[990/994], entropy: 0.3035, uncertainty: 1.9287, uncertainty_coeffi: 0.0100, loss: 0.1886, lr: 3.27e-04
     Averaged stats: entropy_avg: 0.3879, uncertainty_avg: 2.6836, uncertainty_coeffi_avg: 0.0100, loss_avg: 0.2050, lr_avg: 3.27e-04
     itm tta time 0:02:58
     Epoch[6] Iteration[10/994], entropy: 0.4243, uncertainty: 2.7162, uncertainty_coeffi: 0.0100, loss: 0.2575, lr: 4.77e-05
     Epoch[6] Iteration[20/994], entropy: 0.3694, uncertainty: 2.4890, uncertainty_coeffi: 0.0100, loss: 0.1884, lr: 4.77e-05
     Epoch[6] Iteration[30/994], entropy: 0.2953, uncertainty: 3.3495, uncertainty_coeffi: 0.0100, loss: 0.1405, lr: 4.77e-05
     Epoch[6] Iteration[40/994], entropy: 0.4723, uncertainty: 2.6443, uncertainty_coeffi: 0.0100, loss: 0.2396, lr: 4.77e-05
     Epoch[6] Iteration[50/994], entropy: 0.5081, uncertainty: 2.5114, uncertainty_coeffi: 0.0100, loss: 0.2319, lr: 0.00e+00
     Epoch[6] Iteration[60/994], entropy: 0.2618, uncertainty: 2.2857, uncertainty_coeffi: 0.0100, loss: 0.1755, lr: 0.00e+00
     Epoch[6] Iteration[70/994], entropy: 0.2559, uncertainty: 2.1748, uncertainty_coeffi: 0.0100, loss: 0.1405, lr: 0.00e+00
     Epoch[6] Iteration[80/994], entropy: 0.2526, uncertainty: 2.4202, uncertainty_coeffi: 0.0100, loss: 0.1556, lr: 0.00e+00
     Epoch[6] Iteration[90/994], entropy: 0.4331, uncertainty: 2.9530, uncertainty_coeffi: 0.0100, loss: 0.2510, lr: 0.00e+00
     Epoch[6] Iteration[100/994], entropy: 0.4612, uncertainty: 3.0966, uncertainty_coeffi: 0.0100, loss: 0.2165, lr: 0.00e+00
     Epoch[6] Iteration[110/994], entropy: 0.2423, uncertainty: 2.6783, uncertainty_coeffi: 0.0100, loss: 0.1453, lr: 0.00e+00
     Epoch[6] Iteration[120/994], entropy: 0.3812, uncertainty: 3.0252, uncertainty_coeffi: 0.0100, loss: 0.1793, lr: 0.00e+00
     Epoch[6] Iteration[130/994], entropy: 0.4951, uncertainty: 3.0717, uncertainty_coeffi: 0.0100, loss: 0.2622, lr: 0.00e+00
     Epoch[6] Iteration[140/994], entropy: 0.5414, uncertainty: 3.1656, uncertainty_coeffi: 0.0100, loss: 0.2806, lr: 0.00e+00
     Epoch[6] Iteration[150/994], entropy: 0.2209, uncertainty: 2.9199, uncertainty_coeffi: 0.0100, loss: 0.1629, lr: 0.00e+00
     Epoch[6] Iteration[160/994], entropy: 0.3499, uncertainty: 2.9110, uncertainty_coeffi: 0.0100, loss: 0.1319, lr: 0.00e+00
     Epoch[6] Iteration[170/994], entropy: 0.4384, uncertainty: 2.7944, uncertainty_coeffi: 0.0100, loss: 0.1933, lr: 0.00e+00
     Epoch[6] Iteration[180/994], entropy: 0.4789, uncertainty: 2.9652, uncertainty_coeffi: 0.0100, loss: 0.2069, lr: 0.00e+00
     Epoch[6] Iteration[190/994], entropy: 0.6207, uncertainty: 2.6648, uncertainty_coeffi: 0.0100, loss: 0.3049, lr: 0.00e+00
     Epoch[6] Iteration[200/994], entropy: 0.3799, uncertainty: 2.4958, uncertainty_coeffi: 0.0100, loss: 0.1882, lr: 0.00e+00
     Epoch[6] Iteration[210/994], entropy: 0.3979, uncertainty: 2.5601, uncertainty_coeffi: 0.0100, loss: 0.2872, lr: 0.00e+00
     Epoch[6] Iteration[220/994], entropy: 0.2765, uncertainty: 2.4920, uncertainty_coeffi: 0.0100, loss: 0.1251, lr: 0.00e+00
     Epoch[6] Iteration[230/994], entropy: 0.2127, uncertainty: 2.3632, uncertainty_coeffi: 0.0100, loss: 0.1211, lr: 0.00e+00
     Epoch[6] Iteration[240/994], entropy: 0.3879, uncertainty: 2.6006, uncertainty_coeffi: 0.0100, loss: 0.2201, lr: 0.00e+00
     Epoch[6] Iteration[250/994], entropy: 0.5400, uncertainty: 2.5098, uncertainty_coeffi: 0.0100, loss: 0.2563, lr: 0.00e+00
     Epoch[6] Iteration[260/994], entropy: 0.2521, uncertainty: 3.0507, uncertainty_coeffi: 0.0100, loss: 0.1110, lr: 0.00e+00
     Epoch[6] Iteration[270/994], entropy: 0.3918, uncertainty: 3.0151, uncertainty_coeffi: 0.0100, loss: 0.1882, lr: 0.00e+00
     Epoch[6] Iteration[280/994], entropy: 0.4386, uncertainty: 2.2083, uncertainty_coeffi: 0.0100, loss: 0.2613, lr: 0.00e+00
     Epoch[6] Iteration[290/994], entropy: 0.4579, uncertainty: 1.8735, uncertainty_coeffi: 0.0100, loss: 0.2952, lr: 0.00e+00
     Epoch[6] Iteration[300/994], entropy: 0.1994, uncertainty: 2.4192, uncertainty_coeffi: 0.0100, loss: 0.1689, lr: 0.00e+00
     Epoch[6] Iteration[310/994], entropy: 0.2649, uncertainty: 2.7532, uncertainty_coeffi: 0.0100, loss: 0.1236, lr: 0.00e+00
     Epoch[6] Iteration[320/994], entropy: 0.4183, uncertainty: 2.4535, uncertainty_coeffi: 0.0100, loss: 0.2155, lr: 0.00e+00
     Epoch[6] Iteration[330/994], entropy: 0.2685, uncertainty: 3.1844, uncertainty_coeffi: 0.0100, loss: 0.1256, lr: 0.00e+00
     Epoch[6] Iteration[340/994], entropy: 0.5127, uncertainty: 2.4507, uncertainty_coeffi: 0.0100, loss: 0.2630, lr: 0.00e+00
     Epoch[6] Iteration[350/994], entropy: 0.4986, uncertainty: 3.1928, uncertainty_coeffi: 0.0100, loss: 0.2834, lr: 0.00e+00
     Epoch[6] Iteration[360/994], entropy: 0.4843, uncertainty: 1.9745, uncertainty_coeffi: 0.0100, loss: 0.3012, lr: 0.00e+00
     Epoch[6] Iteration[370/994], entropy: 0.3007, uncertainty: 2.8477, uncertainty_coeffi: 0.0100, loss: 0.1784, lr: 0.00e+00
     Epoch[6] Iteration[380/994], entropy: 0.2429, uncertainty: 2.5402, uncertainty_coeffi: 0.0100, loss: 0.1192, lr: 0.00e+00
     Epoch[6] Iteration[390/994], entropy: 0.3889, uncertainty: 2.6918, uncertainty_coeffi: 0.0100, loss: 0.1644, lr: 0.00e+00
     Epoch[6] Iteration[400/994], entropy: 0.3393, uncertainty: 2.6121, uncertainty_coeffi: 0.0100, loss: 0.1948, lr: 0.00e+00
     Epoch[6] Iteration[410/994], entropy: 0.5337, uncertainty: 3.0444, uncertainty_coeffi: 0.0100, loss: 0.2954, lr: 0.00e+00
     Epoch[6] Iteration[420/994], entropy: 0.3818, uncertainty: 2.6111, uncertainty_coeffi: 0.0100, loss: 0.2278, lr: 0.00e+00
     Epoch[6] Iteration[430/994], entropy: 0.3610, uncertainty: 1.8872, uncertainty_coeffi: 0.0100, loss: 0.2217, lr: 0.00e+00
     Epoch[6] Iteration[440/994], entropy: 0.4575, uncertainty: 2.9647, uncertainty_coeffi: 0.0100, loss: 0.2008, lr: 0.00e+00
     Epoch[6] Iteration[450/994], entropy: 0.4373, uncertainty: 3.3530, uncertainty_coeffi: 0.0100, loss: 0.1621, lr: 0.00e+00
     Epoch[6] Iteration[460/994], entropy: 0.4785, uncertainty: 3.2488, uncertainty_coeffi: 0.0100, loss: 0.2315, lr: 0.00e+00
     Epoch[6] Iteration[470/994], entropy: 0.4236, uncertainty: 2.2556, uncertainty_coeffi: 0.0100, loss: 0.2270, lr: 0.00e+00
     Epoch[6] Iteration[480/994], entropy: 0.4290, uncertainty: 2.7798, uncertainty_coeffi: 0.0100, loss: 0.2675, lr: 0.00e+00
     Epoch[6] Iteration[490/994], entropy: 0.3053, uncertainty: 2.3829, uncertainty_coeffi: 0.0100, loss: 0.1946, lr: 0.00e+00
     Epoch[6] Iteration[500/994], entropy: 0.4308, uncertainty: 3.1074, uncertainty_coeffi: 0.0100, loss: 0.2093, lr: 0.00e+00
     Epoch[6] Iteration[510/994], entropy: 0.3224, uncertainty: 2.7799, uncertainty_coeffi: 0.0100, loss: 0.1660, lr: 0.00e+00
     Epoch[6] Iteration[520/994], entropy: 0.4929, uncertainty: 2.6519, uncertainty_coeffi: 0.0100, loss: 0.3241, lr: 0.00e+00
     Epoch[6] Iteration[530/994], entropy: 0.2198, uncertainty: 2.3752, uncertainty_coeffi: 0.0100, loss: 0.1413, lr: 0.00e+00
     Epoch[6] Iteration[540/994], entropy: 0.4728, uncertainty: 2.4232, uncertainty_coeffi: 0.0100, loss: 0.2625, lr: 0.00e+00
     Epoch[6] Iteration[550/994], entropy: 0.3262, uncertainty: 3.0282, uncertainty_coeffi: 0.0100, loss: 0.1904, lr: 0.00e+00
     Epoch[6] Iteration[560/994], entropy: 0.4902, uncertainty: 2.8680, uncertainty_coeffi: 0.0100, loss: 0.2254, lr: 0.00e+00
     Epoch[6] Iteration[570/994], entropy: 0.3290, uncertainty: 2.7041, uncertainty_coeffi: 0.0100, loss: 0.1639, lr: 0.00e+00
     Epoch[6] Iteration[580/994], entropy: 0.3211, uncertainty: 3.1233, uncertainty_coeffi: 0.0100, loss: 0.1553, lr: 0.00e+00
     Epoch[6] Iteration[590/994], entropy: 0.4728, uncertainty: 2.0257, uncertainty_coeffi: 0.0100, loss: 0.3050, lr: 0.00e+00
     Epoch[6] Iteration[600/994], entropy: 0.4617, uncertainty: 3.1937, uncertainty_coeffi: 0.0100, loss: 0.2420, lr: 0.00e+00
     Epoch[6] Iteration[610/994], entropy: 0.2499, uncertainty: 2.6745, uncertainty_coeffi: 0.0100, loss: 0.1407, lr: 0.00e+00
     Epoch[6] Iteration[620/994], entropy: 0.4683, uncertainty: 3.5788, uncertainty_coeffi: 0.0100, loss: 0.2362, lr: 0.00e+00
     Epoch[6] Iteration[630/994], entropy: 0.3662, uncertainty: 2.5152, uncertainty_coeffi: 0.0100, loss: 0.1821, lr: 0.00e+00
     Epoch[6] Iteration[640/994], entropy: 0.3385, uncertainty: 2.3752, uncertainty_coeffi: 0.0100, loss: 0.1860, lr: 0.00e+00
     Epoch[6] Iteration[650/994], entropy: 0.3832, uncertainty: 2.2371, uncertainty_coeffi: 0.0100, loss: 0.2131, lr: 0.00e+00
     Epoch[6] Iteration[660/994], entropy: 0.3115, uncertainty: 2.4602, uncertainty_coeffi: 0.0100, loss: 0.1750, lr: 0.00e+00
     Epoch[6] Iteration[670/994], entropy: 0.2343, uncertainty: 2.0451, uncertainty_coeffi: 0.0100, loss: 0.1379, lr: 0.00e+00
     Epoch[6] Iteration[680/994], entropy: 0.4663, uncertainty: 2.8828, uncertainty_coeffi: 0.0100, loss: 0.2466, lr: 0.00e+00
     Epoch[6] Iteration[690/994], entropy: 0.3442, uncertainty: 2.2636, uncertainty_coeffi: 0.0100, loss: 0.1958, lr: 0.00e+00
     Epoch[6] Iteration[700/994], entropy: 0.3958, uncertainty: 2.4377, uncertainty_coeffi: 0.0100, loss: 0.1931, lr: 0.00e+00
     Epoch[6] Iteration[710/994], entropy: 0.3019, uncertainty: 3.1843, uncertainty_coeffi: 0.0100, loss: 0.1550, lr: 0.00e+00
     Epoch[6] Iteration[720/994], entropy: 0.2890, uncertainty: 2.1078, uncertainty_coeffi: 0.0100, loss: 0.1869, lr: 0.00e+00
     Epoch[6] Iteration[730/994], entropy: 0.3989, uncertainty: 3.3873, uncertainty_coeffi: 0.0100, loss: 0.1387, lr: 0.00e+00
     Epoch[6] Iteration[740/994], entropy: 0.3768, uncertainty: 2.7408, uncertainty_coeffi: 0.0100, loss: 0.1980, lr: 0.00e+00
     Epoch[6] Iteration[750/994], entropy: 0.3200, uncertainty: 2.9635, uncertainty_coeffi: 0.0100, loss: 0.1338, lr: 0.00e+00
     Epoch[6] Iteration[760/994], entropy: 0.2685, uncertainty: 3.0990, uncertainty_coeffi: 0.0100, loss: 0.1425, lr: 0.00e+00
     Epoch[6] Iteration[770/994], entropy: 0.3526, uncertainty: 2.8659, uncertainty_coeffi: 0.0100, loss: 0.2320, lr: 0.00e+00
     Epoch[6] Iteration[780/994], entropy: 0.4677, uncertainty: 2.9746, uncertainty_coeffi: 0.0100, loss: 0.2297, lr: 0.00e+00
     Epoch[6] Iteration[790/994], entropy: 0.4335, uncertainty: 2.7417, uncertainty_coeffi: 0.0100, loss: 0.2120, lr: 0.00e+00
     Epoch[6] Iteration[800/994], entropy: 0.4367, uncertainty: 2.5184, uncertainty_coeffi: 0.0100, loss: 0.1953, lr: 0.00e+00
     Epoch[6] Iteration[810/994], entropy: 0.4931, uncertainty: 2.7784, uncertainty_coeffi: 0.0100, loss: 0.1712, lr: 0.00e+00
     Epoch[6] Iteration[820/994], entropy: 0.3705, uncertainty: 3.4061, uncertainty_coeffi: 0.0100, loss: 0.1852, lr: 0.00e+00
     Epoch[6] Iteration[830/994], entropy: 0.3085, uncertainty: 3.2340, uncertainty_coeffi: 0.0100, loss: 0.1482, lr: 0.00e+00
     Epoch[6] Iteration[840/994], entropy: 0.3814, uncertainty: 2.2441, uncertainty_coeffi: 0.0100, loss: 0.1621, lr: 0.00e+00
     Epoch[6] Iteration[850/994], entropy: 0.3264, uncertainty: 3.1287, uncertainty_coeffi: 0.0100, loss: 0.1333, lr: 0.00e+00
     Epoch[6] Iteration[860/994], entropy: 0.3100, uncertainty: 2.4428, uncertainty_coeffi: 0.0100, loss: 0.1559, lr: 0.00e+00
     Epoch[6] Iteration[870/994], entropy: 0.2891, uncertainty: 2.9663, uncertainty_coeffi: 0.0100, loss: 0.1697, lr: 0.00e+00
     Epoch[6] Iteration[880/994], entropy: 0.3829, uncertainty: 2.6093, uncertainty_coeffi: 0.0100, loss: 0.2091, lr: 0.00e+00
     Epoch[6] Iteration[890/994], entropy: 0.4657, uncertainty: 2.3519, uncertainty_coeffi: 0.0100, loss: 0.3113, lr: 0.00e+00
     Epoch[6] Iteration[900/994], entropy: 0.2906, uncertainty: 1.9820, uncertainty_coeffi: 0.0100, loss: 0.1834, lr: 0.00e+00
     Epoch[6] Iteration[910/994], entropy: 0.3676, uncertainty: 2.3841, uncertainty_coeffi: 0.0100, loss: 0.2269, lr: 0.00e+00
     Epoch[6] Iteration[920/994], entropy: 0.2928, uncertainty: 2.5483, uncertainty_coeffi: 0.0100, loss: 0.1482, lr: 0.00e+00
     Epoch[6] Iteration[930/994], entropy: 0.1751, uncertainty: 2.5396, uncertainty_coeffi: 0.0100, loss: 0.1251, lr: 0.00e+00
     Epoch[6] Iteration[940/994], entropy: 0.5447, uncertainty: 2.9984, uncertainty_coeffi: 0.0100, loss: 0.2524, lr: 0.00e+00
     Epoch[6] Iteration[950/994], entropy: 0.4751, uncertainty: 3.1748, uncertainty_coeffi: 0.0100, loss: 0.1748, lr: 0.00e+00
     Epoch[6] Iteration[960/994], entropy: 0.3358, uncertainty: 2.2241, uncertainty_coeffi: 0.0100, loss: 0.1843, lr: 0.00e+00
     Epoch[6] Iteration[970/994], entropy: 0.5018, uncertainty: 2.2133, uncertainty_coeffi: 0.0100, loss: 0.2604, lr: 0.00e+00
     Epoch[6] Iteration[980/994], entropy: 0.4208, uncertainty: 3.2041, uncertainty_coeffi: 0.0100, loss: 0.2062, lr: 0.00e+00
     Epoch[6] Iteration[990/994], entropy: 0.2498, uncertainty: 1.8950, uncertainty_coeffi: 0.0100, loss: 0.1655, lr: 0.00e+00
     Averaged stats: entropy_avg: 0.3787, uncertainty_avg: 2.6900, uncertainty_coeffi_avg: 0.0100, loss_avg: 0.1997, lr_avg: 1.93e-06
     itm tta time 0:02:58
     Epoch[7] Iteration[10/994], entropy: 0.2827, uncertainty: 2.4369, uncertainty_coeffi: 0.0100, loss: 0.1411, lr: 4.52e-04
     Epoch[7] Iteration[20/994], entropy: 0.5486, uncertainty: 2.3557, uncertainty_coeffi: 0.0100, loss: 0.3094, lr: 4.52e-04
     Epoch[7] Iteration[30/994], entropy: 0.4984, uncertainty: 3.2745, uncertainty_coeffi: 0.0100, loss: 0.2277, lr: 4.52e-04
     Epoch[7] Iteration[40/994], entropy: 0.3663, uncertainty: 2.9269, uncertainty_coeffi: 0.0100, loss: 0.2081, lr: 4.52e-04
     Epoch[7] Iteration[50/994], entropy: 0.5202, uncertainty: 2.7586, uncertainty_coeffi: 0.0100, loss: 0.2560, lr: 4.52e-04
     Epoch[7] Iteration[60/994], entropy: 0.4304, uncertainty: 3.1120, uncertainty_coeffi: 0.0100, loss: 0.2423, lr: 4.52e-04
     Epoch[7] Iteration[70/994], entropy: 0.3198, uncertainty: 3.1112, uncertainty_coeffi: 0.0100, loss: 0.1650, lr: 4.52e-04
     Epoch[7] Iteration[80/994], entropy: 0.3991, uncertainty: 2.7983, uncertainty_coeffi: 0.0100, loss: 0.1691, lr: 4.52e-04
     Epoch[7] Iteration[90/994], entropy: 0.4611, uncertainty: 2.8608, uncertainty_coeffi: 0.0100, loss: 0.2680, lr: 4.52e-04
     Epoch[7] Iteration[100/994], entropy: 0.3758, uncertainty: 2.1905, uncertainty_coeffi: 0.0100, loss: 0.2062, lr: 4.52e-04
     Epoch[7] Iteration[110/994], entropy: 0.5053, uncertainty: 2.1032, uncertainty_coeffi: 0.0100, loss: 0.3156, lr: 4.52e-04
     Epoch[7] Iteration[120/994], entropy: 0.4056, uncertainty: 2.3933, uncertainty_coeffi: 0.0100, loss: 0.1918, lr: 4.52e-04
     Epoch[7] Iteration[130/994], entropy: 0.2790, uncertainty: 2.4091, uncertainty_coeffi: 0.0100, loss: 0.1591, lr: 4.52e-04
     Epoch[7] Iteration[140/994], entropy: 0.4604, uncertainty: 3.3052, uncertainty_coeffi: 0.0100, loss: 0.1572, lr: 4.52e-04
     Epoch[7] Iteration[150/994], entropy: 0.4024, uncertainty: 2.5011, uncertainty_coeffi: 0.0100, loss: 0.2777, lr: 4.52e-04
     Epoch[7] Iteration[160/994], entropy: 0.4123, uncertainty: 2.8077, uncertainty_coeffi: 0.0100, loss: 0.1840, lr: 4.52e-04
     Epoch[7] Iteration[170/994], entropy: 0.2376, uncertainty: 3.0584, uncertainty_coeffi: 0.0100, loss: 0.1239, lr: 4.52e-04
     Epoch[7] Iteration[180/994], entropy: 0.4567, uncertainty: 2.6787, uncertainty_coeffi: 0.0100, loss: 0.2723, lr: 4.52e-04
     Epoch[7] Iteration[190/994], entropy: 0.3324, uncertainty: 2.2534, uncertainty_coeffi: 0.0100, loss: 0.1984, lr: 4.52e-04
     Epoch[7] Iteration[200/994], entropy: 0.4640, uncertainty: 2.1740, uncertainty_coeffi: 0.0100, loss: 0.3017, lr: 4.52e-04
     Epoch[7] Iteration[210/994], entropy: 0.4022, uncertainty: 2.7321, uncertainty_coeffi: 0.0100, loss: 0.2545, lr: 4.52e-04
     Epoch[7] Iteration[220/994], entropy: 0.4258, uncertainty: 3.0069, uncertainty_coeffi: 0.0100, loss: 0.2319, lr: 4.52e-04
     Epoch[7] Iteration[230/994], entropy: 0.4152, uncertainty: 3.6553, uncertainty_coeffi: 0.0100, loss: 0.1848, lr: 4.52e-04
     Epoch[7] Iteration[240/994], entropy: 0.5124, uncertainty: 2.6638, uncertainty_coeffi: 0.0100, loss: 0.2902, lr: 4.52e-04
     Epoch[7] Iteration[250/994], entropy: 0.1867, uncertainty: 2.5360, uncertainty_coeffi: 0.0100, loss: 0.1186, lr: 4.52e-04
     Epoch[7] Iteration[260/994], entropy: 0.5360, uncertainty: 2.7458, uncertainty_coeffi: 0.0100, loss: 0.2775, lr: 4.52e-04
     Epoch[7] Iteration[270/994], entropy: 0.3116, uncertainty: 2.7228, uncertainty_coeffi: 0.0100, loss: 0.1598, lr: 4.52e-04
     Epoch[7] Iteration[280/994], entropy: 0.3679, uncertainty: 2.8891, uncertainty_coeffi: 0.0100, loss: 0.1668, lr: 4.52e-04
     Epoch[7] Iteration[290/994], entropy: 0.3594, uncertainty: 3.2546, uncertainty_coeffi: 0.0100, loss: 0.1663, lr: 4.52e-04
     Epoch[7] Iteration[300/994], entropy: 0.3569, uncertainty: 2.5711, uncertainty_coeffi: 0.0100, loss: 0.1805, lr: 4.52e-04
     Epoch[7] Iteration[310/994], entropy: 0.3617, uncertainty: 3.4895, uncertainty_coeffi: 0.0100, loss: 0.1663, lr: 4.52e-04
     Epoch[7] Iteration[320/994], entropy: 0.4657, uncertainty: 2.7346, uncertainty_coeffi: 0.0100, loss: 0.2372, lr: 4.52e-04
     Epoch[7] Iteration[330/994], entropy: 0.5686, uncertainty: 2.6433, uncertainty_coeffi: 0.0100, loss: 0.2521, lr: 4.52e-04
     Epoch[7] Iteration[340/994], entropy: 0.1475, uncertainty: 2.7737, uncertainty_coeffi: 0.0100, loss: 0.0844, lr: 4.52e-04
     Epoch[7] Iteration[350/994], entropy: 0.2100, uncertainty: 2.4265, uncertainty_coeffi: 0.0100, loss: 0.1752, lr: 4.52e-04
     Epoch[7] Iteration[360/994], entropy: 0.3249, uncertainty: 3.1141, uncertainty_coeffi: 0.0100, loss: 0.1874, lr: 4.52e-04
     Epoch[7] Iteration[370/994], entropy: 0.3370, uncertainty: 2.7515, uncertainty_coeffi: 0.0100, loss: 0.1520, lr: 4.52e-04
     Epoch[7] Iteration[380/994], entropy: 0.3673, uncertainty: 2.4199, uncertainty_coeffi: 0.0100, loss: 0.2127, lr: 4.52e-04
     Epoch[7] Iteration[390/994], entropy: 0.2213, uncertainty: 2.1885, uncertainty_coeffi: 0.0100, loss: 0.1170, lr: 4.52e-04
     Epoch[7] Iteration[400/994], entropy: 0.2809, uncertainty: 2.7129, uncertainty_coeffi: 0.0100, loss: 0.1619, lr: 4.52e-04
     Epoch[7] Iteration[410/994], entropy: 0.2957, uncertainty: 2.3326, uncertainty_coeffi: 0.0100, loss: 0.1572, lr: 4.52e-04
     Epoch[7] Iteration[420/994], entropy: 0.2443, uncertainty: 2.5110, uncertainty_coeffi: 0.0100, loss: 0.1515, lr: 4.52e-04
     Epoch[7] Iteration[430/994], entropy: 0.3682, uncertainty: 3.1572, uncertainty_coeffi: 0.0100, loss: 0.1728, lr: 4.52e-04
     Epoch[7] Iteration[440/994], entropy: 0.2165, uncertainty: 2.0765, uncertainty_coeffi: 0.0100, loss: 0.1094, lr: 4.52e-04
     Epoch[7] Iteration[450/994], entropy: 0.1918, uncertainty: 2.8565, uncertainty_coeffi: 0.0100, loss: 0.0872, lr: 4.52e-04
     Epoch[7] Iteration[460/994], entropy: 0.3103, uncertainty: 3.4723, uncertainty_coeffi: 0.0100, loss: 0.1387, lr: 4.52e-04
     Epoch[7] Iteration[470/994], entropy: 0.4604, uncertainty: 3.0096, uncertainty_coeffi: 0.0100, loss: 0.1972, lr: 4.52e-04
     Epoch[7] Iteration[480/994], entropy: 0.3235, uncertainty: 2.4258, uncertainty_coeffi: 0.0100, loss: 0.1580, lr: 4.52e-04
     Epoch[7] Iteration[490/994], entropy: 0.4688, uncertainty: 3.0028, uncertainty_coeffi: 0.0100, loss: 0.2040, lr: 4.52e-04
     Epoch[7] Iteration[500/994], entropy: 0.4296, uncertainty: 2.9517, uncertainty_coeffi: 0.0100, loss: 0.1860, lr: 4.52e-04
     Epoch[7] Iteration[510/994], entropy: 0.3166, uncertainty: 2.7058, uncertainty_coeffi: 0.0100, loss: 0.1846, lr: 4.52e-04
     Epoch[7] Iteration[520/994], entropy: 0.2329, uncertainty: 2.4495, uncertainty_coeffi: 0.0100, loss: 0.1533, lr: 4.52e-04
     Epoch[7] Iteration[530/994], entropy: 0.1740, uncertainty: 2.7470, uncertainty_coeffi: 0.0100, loss: 0.1102, lr: 4.52e-04
     Epoch[7] Iteration[540/994], entropy: 0.4176, uncertainty: 2.9383, uncertainty_coeffi: 0.0100, loss: 0.1796, lr: 4.52e-04
     Epoch[7] Iteration[550/994], entropy: 0.3263, uncertainty: 2.1368, uncertainty_coeffi: 0.0100, loss: 0.1721, lr: 4.52e-04
     Epoch[7] Iteration[560/994], entropy: 0.3509, uncertainty: 2.0845, uncertainty_coeffi: 0.0100, loss: 0.2760, lr: 4.52e-04
     Epoch[7] Iteration[570/994], entropy: 0.3230, uncertainty: 3.3544, uncertainty_coeffi: 0.0100, loss: 0.1708, lr: 4.52e-04
     Epoch[7] Iteration[580/994], entropy: 0.3688, uncertainty: 2.3524, uncertainty_coeffi: 0.0100, loss: 0.2011, lr: 4.52e-04
     Epoch[7] Iteration[590/994], entropy: 0.5909, uncertainty: 3.1834, uncertainty_coeffi: 0.0100, loss: 0.2453, lr: 4.52e-04
     Epoch[7] Iteration[600/994], entropy: 0.3911, uncertainty: 2.3843, uncertainty_coeffi: 0.0100, loss: 0.2733, lr: 4.52e-04
     Epoch[7] Iteration[610/994], entropy: 0.4329, uncertainty: 2.7999, uncertainty_coeffi: 0.0100, loss: 0.2094, lr: 4.52e-04
     Epoch[7] Iteration[620/994], entropy: 0.2975, uncertainty: 2.4629, uncertainty_coeffi: 0.0100, loss: 0.1730, lr: 4.52e-04
     Epoch[7] Iteration[630/994], entropy: 0.4721, uncertainty: 2.9864, uncertainty_coeffi: 0.0100, loss: 0.2284, lr: 4.52e-04
     Epoch[7] Iteration[640/994], entropy: 0.1760, uncertainty: 3.2007, uncertainty_coeffi: 0.0100, loss: 0.0863, lr: 4.52e-04
     Epoch[7] Iteration[650/994], entropy: 0.3375, uncertainty: 2.5869, uncertainty_coeffi: 0.0100, loss: 0.1831, lr: 4.52e-04
     Epoch[7] Iteration[660/994], entropy: 0.4102, uncertainty: 2.5908, uncertainty_coeffi: 0.0100, loss: 0.2399, lr: 4.52e-04
     Epoch[7] Iteration[670/994], entropy: 0.3855, uncertainty: 3.3470, uncertainty_coeffi: 0.0100, loss: 0.1381, lr: 4.52e-04
     Epoch[7] Iteration[680/994], entropy: 0.1902, uncertainty: 2.0919, uncertainty_coeffi: 0.0100, loss: 0.1315, lr: 4.52e-04
     Epoch[7] Iteration[690/994], entropy: 0.3435, uncertainty: 2.5545, uncertainty_coeffi: 0.0100, loss: 0.2365, lr: 4.52e-04
     Epoch[7] Iteration[700/994], entropy: 0.1737, uncertainty: 2.4776, uncertainty_coeffi: 0.0100, loss: 0.0983, lr: 4.52e-04
     Epoch[7] Iteration[710/994], entropy: 0.1954, uncertainty: 2.5542, uncertainty_coeffi: 0.0100, loss: 0.1201, lr: 4.52e-04
     Epoch[7] Iteration[720/994], entropy: 0.4024, uncertainty: 2.9009, uncertainty_coeffi: 0.0100, loss: 0.1796, lr: 4.52e-04
     Epoch[7] Iteration[730/994], entropy: 0.3034, uncertainty: 2.3374, uncertainty_coeffi: 0.0100, loss: 0.1660, lr: 4.52e-04
     Epoch[7] Iteration[740/994], entropy: 0.3608, uncertainty: 2.2077, uncertainty_coeffi: 0.0100, loss: 0.1834, lr: 4.52e-04
     Epoch[7] Iteration[750/994], entropy: 0.3300, uncertainty: 2.4015, uncertainty_coeffi: 0.0100, loss: 0.2008, lr: 4.52e-04
     Epoch[7] Iteration[760/994], entropy: 0.4584, uncertainty: 2.4722, uncertainty_coeffi: 0.0100, loss: 0.2607, lr: 4.52e-04
     Epoch[7] Iteration[770/994], entropy: 0.4538, uncertainty: 2.5818, uncertainty_coeffi: 0.0100, loss: 0.2160, lr: 4.52e-04
     Epoch[7] Iteration[780/994], entropy: 0.1366, uncertainty: 3.0120, uncertainty_coeffi: 0.0100, loss: 0.0750, lr: 4.52e-04
     Epoch[7] Iteration[790/994], entropy: 0.4311, uncertainty: 1.8724, uncertainty_coeffi: 0.0100, loss: 0.3179, lr: 4.52e-04
     Epoch[7] Iteration[800/994], entropy: 0.3460, uncertainty: 2.0828, uncertainty_coeffi: 0.0100, loss: 0.1683, lr: 4.52e-04
     Epoch[7] Iteration[810/994], entropy: 0.2640, uncertainty: 2.9736, uncertainty_coeffi: 0.0100, loss: 0.1752, lr: 4.52e-04
     Epoch[7] Iteration[820/994], entropy: 0.4062, uncertainty: 3.0210, uncertainty_coeffi: 0.0100, loss: 0.1974, lr: 4.52e-04
     Epoch[7] Iteration[830/994], entropy: 0.3040, uncertainty: 1.9048, uncertainty_coeffi: 0.0100, loss: 0.2198, lr: 4.52e-04
     Epoch[7] Iteration[840/994], entropy: 0.3216, uncertainty: 2.7040, uncertainty_coeffi: 0.0100, loss: 0.1303, lr: 4.52e-04
     Epoch[7] Iteration[850/994], entropy: 0.4601, uncertainty: 3.0338, uncertainty_coeffi: 0.0100, loss: 0.2283, lr: 4.52e-04
     Epoch[7] Iteration[860/994], entropy: 0.5986, uncertainty: 3.0718, uncertainty_coeffi: 0.0100, loss: 0.2407, lr: 4.52e-04
     Epoch[7] Iteration[870/994], entropy: 0.2724, uncertainty: 2.7050, uncertainty_coeffi: 0.0100, loss: 0.1165, lr: 4.52e-04
     Epoch[7] Iteration[880/994], entropy: 0.3964, uncertainty: 2.2361, uncertainty_coeffi: 0.0100, loss: 0.2326, lr: 4.52e-04
     Epoch[7] Iteration[890/994], entropy: 0.2106, uncertainty: 2.4221, uncertainty_coeffi: 0.0100, loss: 0.0986, lr: 4.52e-04
     Epoch[7] Iteration[900/994], entropy: 0.3988, uncertainty: 2.4667, uncertainty_coeffi: 0.0100, loss: 0.2700, lr: 4.52e-04
     Epoch[7] Iteration[910/994], entropy: 0.2669, uncertainty: 3.0933, uncertainty_coeffi: 0.0100, loss: 0.1465, lr: 4.52e-04
     Epoch[7] Iteration[920/994], entropy: 0.3367, uncertainty: 2.6340, uncertainty_coeffi: 0.0100, loss: 0.1606, lr: 4.52e-04
     Epoch[7] Iteration[930/994], entropy: 0.4723, uncertainty: 2.9416, uncertainty_coeffi: 0.0100, loss: 0.2150, lr: 4.52e-04
     Epoch[7] Iteration[940/994], entropy: 0.4684, uncertainty: 2.8908, uncertainty_coeffi: 0.0100, loss: 0.2610, lr: 4.52e-04
     Epoch[7] Iteration[950/994], entropy: 0.4349, uncertainty: 2.7173, uncertainty_coeffi: 0.0100, loss: 0.2172, lr: 4.52e-04
     Epoch[7] Iteration[960/994], entropy: 0.2687, uncertainty: 2.8341, uncertainty_coeffi: 0.0100, loss: 0.1603, lr: 4.52e-04
     Epoch[7] Iteration[970/994], entropy: 0.1336, uncertainty: 2.2556, uncertainty_coeffi: 0.0100, loss: 0.0843, lr: 4.52e-04
     Epoch[7] Iteration[980/994], entropy: 0.2875, uncertainty: 2.4146, uncertainty_coeffi: 0.0100, loss: 0.1467, lr: 4.52e-04
     Epoch[7] Iteration[990/994], entropy: 0.2752, uncertainty: 2.7924, uncertainty_coeffi: 0.0100, loss: 0.1328, lr: 4.52e-04
     Averaged stats: entropy_avg: 0.3569, uncertainty_avg: 2.6900, uncertainty_coeffi_avg: 0.0100, loss_avg: 0.1892, lr_avg: 4.52e-04
     itm tta time 0:02:58
     Epoch[8] Iteration[10/994], entropy: 0.5180, uncertainty: 2.3389, uncertainty_coeffi: 0.0100, loss: 0.2979, lr: 1.73e-04
     Epoch[8] Iteration[20/994], entropy: 0.1896, uncertainty: 2.6110, uncertainty_coeffi: 0.0100, loss: 0.1161, lr: 1.73e-04
     Epoch[8] Iteration[30/994], entropy: 0.2427, uncertainty: 3.1778, uncertainty_coeffi: 0.0100, loss: 0.1095, lr: 1.73e-04
     Epoch[8] Iteration[40/994], entropy: 0.3670, uncertainty: 2.6614, uncertainty_coeffi: 0.0100, loss: 0.1845, lr: 1.73e-04
     Epoch[8] Iteration[50/994], entropy: 0.3692, uncertainty: 3.0187, uncertainty_coeffi: 0.0100, loss: 0.1986, lr: 1.73e-04
     Epoch[8] Iteration[60/994], entropy: 0.3403, uncertainty: 1.5938, uncertainty_coeffi: 0.0100, loss: 0.2197, lr: 3.27e-04
     Epoch[8] Iteration[70/994], entropy: 0.4817, uncertainty: 3.2196, uncertainty_coeffi: 0.0100, loss: 0.2509, lr: 3.27e-04
     Epoch[8] Iteration[80/994], entropy: 0.3310, uncertainty: 3.1128, uncertainty_coeffi: 0.0100, loss: 0.1769, lr: 3.27e-04
     Epoch[8] Iteration[90/994], entropy: 0.5215, uncertainty: 2.5702, uncertainty_coeffi: 0.0100, loss: 0.2499, lr: 3.27e-04
     Epoch[8] Iteration[100/994], entropy: 0.1458, uncertainty: 2.2354, uncertainty_coeffi: 0.0100, loss: 0.0979, lr: 3.27e-04
     Epoch[8] Iteration[110/994], entropy: 0.3601, uncertainty: 2.8450, uncertainty_coeffi: 0.0100, loss: 0.2279, lr: 3.27e-04
     Epoch[8] Iteration[120/994], entropy: 0.2653, uncertainty: 2.4872, uncertainty_coeffi: 0.0100, loss: 0.1593, lr: 3.27e-04
     Epoch[8] Iteration[130/994], entropy: 0.3055, uncertainty: 2.4365, uncertainty_coeffi: 0.0100, loss: 0.1584, lr: 3.27e-04
     Epoch[8] Iteration[140/994], entropy: 0.2375, uncertainty: 2.7538, uncertainty_coeffi: 0.0100, loss: 0.1502, lr: 3.27e-04
     Epoch[8] Iteration[150/994], entropy: 0.2363, uncertainty: 2.2064, uncertainty_coeffi: 0.0100, loss: 0.1503, lr: 3.27e-04
     Epoch[8] Iteration[160/994], entropy: 0.5675, uncertainty: 2.6437, uncertainty_coeffi: 0.0100, loss: 0.2863, lr: 3.27e-04
     Epoch[8] Iteration[170/994], entropy: 0.5564, uncertainty: 2.7556, uncertainty_coeffi: 0.0100, loss: 0.2888, lr: 3.27e-04
     Epoch[8] Iteration[180/994], entropy: 0.2777, uncertainty: 3.3438, uncertainty_coeffi: 0.0100, loss: 0.1331, lr: 3.27e-04
     Epoch[8] Iteration[190/994], entropy: 0.4663, uncertainty: 2.6971, uncertainty_coeffi: 0.0100, loss: 0.2042, lr: 3.27e-04
     Epoch[8] Iteration[200/994], entropy: 0.2282, uncertainty: 1.9413, uncertainty_coeffi: 0.0100, loss: 0.1344, lr: 3.27e-04
     Epoch[8] Iteration[210/994], entropy: 0.4053, uncertainty: 2.6993, uncertainty_coeffi: 0.0100, loss: 0.1716, lr: 3.27e-04
     Epoch[8] Iteration[220/994], entropy: 0.3360, uncertainty: 1.9998, uncertainty_coeffi: 0.0100, loss: 0.2468, lr: 3.27e-04
     Epoch[8] Iteration[230/994], entropy: 0.1596, uncertainty: 2.6609, uncertainty_coeffi: 0.0100, loss: 0.0979, lr: 3.27e-04
     Epoch[8] Iteration[240/994], entropy: 0.3445, uncertainty: 3.1687, uncertainty_coeffi: 0.0100, loss: 0.1844, lr: 3.27e-04
     Epoch[8] Iteration[250/994], entropy: 0.3506, uncertainty: 2.5708, uncertainty_coeffi: 0.0100, loss: 0.1750, lr: 3.27e-04
     Epoch[8] Iteration[260/994], entropy: 0.4538, uncertainty: 3.2814, uncertainty_coeffi: 0.0100, loss: 0.1656, lr: 3.27e-04
     Epoch[8] Iteration[270/994], entropy: 0.3203, uncertainty: 2.7781, uncertainty_coeffi: 0.0100, loss: 0.1818, lr: 3.27e-04
     Epoch[8] Iteration[280/994], entropy: 0.4055, uncertainty: 3.0067, uncertainty_coeffi: 0.0100, loss: 0.2471, lr: 3.27e-04
     Epoch[8] Iteration[290/994], entropy: 0.3740, uncertainty: 3.1355, uncertainty_coeffi: 0.0100, loss: 0.1979, lr: 3.27e-04
     Epoch[8] Iteration[300/994], entropy: 0.4901, uncertainty: 2.9314, uncertainty_coeffi: 0.0100, loss: 0.2624, lr: 3.27e-04
     Epoch[8] Iteration[310/994], entropy: 0.4765, uncertainty: 2.7764, uncertainty_coeffi: 0.0100, loss: 0.2556, lr: 3.27e-04
     Epoch[8] Iteration[320/994], entropy: 0.3388, uncertainty: 2.8071, uncertainty_coeffi: 0.0100, loss: 0.1521, lr: 3.27e-04
     Epoch[8] Iteration[330/994], entropy: 0.3810, uncertainty: 2.5719, uncertainty_coeffi: 0.0100, loss: 0.2408, lr: 3.27e-04
     Epoch[8] Iteration[340/994], entropy: 0.3502, uncertainty: 2.5175, uncertainty_coeffi: 0.0100, loss: 0.2167, lr: 3.27e-04
     Epoch[8] Iteration[350/994], entropy: 0.3619, uncertainty: 2.5790, uncertainty_coeffi: 0.0100, loss: 0.1662, lr: 3.27e-04
     Epoch[8] Iteration[360/994], entropy: 0.3052, uncertainty: 2.7546, uncertainty_coeffi: 0.0100, loss: 0.1547, lr: 3.27e-04
     Epoch[8] Iteration[370/994], entropy: 0.3141, uncertainty: 2.6911, uncertainty_coeffi: 0.0100, loss: 0.1784, lr: 3.27e-04
     Epoch[8] Iteration[380/994], entropy: 0.3092, uncertainty: 2.6128, uncertainty_coeffi: 0.0100, loss: 0.1483, lr: 3.27e-04
     Epoch[8] Iteration[390/994], entropy: 0.2935, uncertainty: 3.0751, uncertainty_coeffi: 0.0100, loss: 0.1286, lr: 3.27e-04
     Epoch[8] Iteration[400/994], entropy: 0.4158, uncertainty: 3.1050, uncertainty_coeffi: 0.0100, loss: 0.1856, lr: 3.27e-04
     Epoch[8] Iteration[410/994], entropy: 0.3848, uncertainty: 2.6353, uncertainty_coeffi: 0.0100, loss: 0.2806, lr: 3.27e-04
     Epoch[8] Iteration[420/994], entropy: 0.2721, uncertainty: 2.7710, uncertainty_coeffi: 0.0100, loss: 0.1462, lr: 3.27e-04
     Epoch[8] Iteration[430/994], entropy: 0.1618, uncertainty: 2.5006, uncertainty_coeffi: 0.0100, loss: 0.1386, lr: 3.27e-04
     Epoch[8] Iteration[440/994], entropy: 0.4528, uncertainty: 2.7469, uncertainty_coeffi: 0.0100, loss: 0.2423, lr: 3.27e-04
     Epoch[8] Iteration[450/994], entropy: 0.6030, uncertainty: 3.3294, uncertainty_coeffi: 0.0100, loss: 0.1967, lr: 3.27e-04
     Epoch[8] Iteration[460/994], entropy: 0.3192, uncertainty: 2.2701, uncertainty_coeffi: 0.0100, loss: 0.1940, lr: 3.27e-04
     Epoch[8] Iteration[470/994], entropy: 0.2668, uncertainty: 2.7420, uncertainty_coeffi: 0.0100, loss: 0.1299, lr: 3.27e-04
     Epoch[8] Iteration[480/994], entropy: 0.3350, uncertainty: 2.0722, uncertainty_coeffi: 0.0100, loss: 0.2044, lr: 3.27e-04
     Epoch[8] Iteration[490/994], entropy: 0.2369, uncertainty: 2.6354, uncertainty_coeffi: 0.0100, loss: 0.1136, lr: 3.27e-04
     Epoch[8] Iteration[500/994], entropy: 0.2629, uncertainty: 2.7515, uncertainty_coeffi: 0.0100, loss: 0.1207, lr: 3.27e-04
     Epoch[8] Iteration[510/994], entropy: 0.2805, uncertainty: 2.9616, uncertainty_coeffi: 0.0100, loss: 0.1755, lr: 3.27e-04
     Epoch[8] Iteration[520/994], entropy: 0.3772, uncertainty: 1.8195, uncertainty_coeffi: 0.0100, loss: 0.2582, lr: 3.27e-04
     Epoch[8] Iteration[530/994], entropy: 0.3753, uncertainty: 2.2966, uncertainty_coeffi: 0.0100, loss: 0.2218, lr: 3.27e-04
     Epoch[8] Iteration[540/994], entropy: 0.4601, uncertainty: 3.0806, uncertainty_coeffi: 0.0100, loss: 0.2045, lr: 3.27e-04
     Epoch[8] Iteration[550/994], entropy: 0.5363, uncertainty: 2.2902, uncertainty_coeffi: 0.0100, loss: 0.2853, lr: 3.27e-04
     Epoch[8] Iteration[560/994], entropy: 0.5848, uncertainty: 2.5801, uncertainty_coeffi: 0.0100, loss: 0.2976, lr: 3.27e-04
     Epoch[8] Iteration[570/994], entropy: 0.5396, uncertainty: 2.3775, uncertainty_coeffi: 0.0100, loss: 0.3412, lr: 3.27e-04
     Epoch[8] Iteration[580/994], entropy: 0.4200, uncertainty: 3.4709, uncertainty_coeffi: 0.0100, loss: 0.2193, lr: 3.27e-04
     Epoch[8] Iteration[590/994], entropy: 0.4542, uncertainty: 3.6113, uncertainty_coeffi: 0.0100, loss: 0.2385, lr: 3.27e-04
     Epoch[8] Iteration[600/994], entropy: 0.4686, uncertainty: 3.2792, uncertainty_coeffi: 0.0100, loss: 0.1941, lr: 3.27e-04
     Epoch[8] Iteration[610/994], entropy: 0.3212, uncertainty: 2.5633, uncertainty_coeffi: 0.0100, loss: 0.1899, lr: 3.27e-04
     Epoch[8] Iteration[620/994], entropy: 0.2078, uncertainty: 3.2682, uncertainty_coeffi: 0.0100, loss: 0.1232, lr: 3.27e-04
     Epoch[8] Iteration[630/994], entropy: 0.4349, uncertainty: 2.8324, uncertainty_coeffi: 0.0100, loss: 0.2109, lr: 3.27e-04
     Epoch[8] Iteration[640/994], entropy: 0.4056, uncertainty: 3.1804, uncertainty_coeffi: 0.0100, loss: 0.1970, lr: 3.27e-04
     Epoch[8] Iteration[650/994], entropy: 0.4409, uncertainty: 2.0597, uncertainty_coeffi: 0.0100, loss: 0.2584, lr: 3.27e-04
     Epoch[8] Iteration[660/994], entropy: 0.2620, uncertainty: 2.9388, uncertainty_coeffi: 0.0100, loss: 0.1685, lr: 3.27e-04
     Epoch[8] Iteration[670/994], entropy: 0.4060, uncertainty: 2.3610, uncertainty_coeffi: 0.0100, loss: 0.1954, lr: 3.27e-04
     Epoch[8] Iteration[680/994], entropy: 0.3073, uncertainty: 2.8634, uncertainty_coeffi: 0.0100, loss: 0.1700, lr: 3.27e-04
     Epoch[8] Iteration[690/994], entropy: 0.2459, uncertainty: 2.5363, uncertainty_coeffi: 0.0100, loss: 0.1307, lr: 3.27e-04
     Epoch[8] Iteration[700/994], entropy: 0.3598, uncertainty: 3.1064, uncertainty_coeffi: 0.0100, loss: 0.1635, lr: 3.27e-04
     Epoch[8] Iteration[710/994], entropy: 0.4770, uncertainty: 2.2444, uncertainty_coeffi: 0.0100, loss: 0.2528, lr: 3.27e-04
     Epoch[8] Iteration[720/994], entropy: 0.0894, uncertainty: 3.1854, uncertainty_coeffi: 0.0100, loss: 0.0670, lr: 3.27e-04
     Epoch[8] Iteration[730/994], entropy: 0.5616, uncertainty: 2.7784, uncertainty_coeffi: 0.0100, loss: 0.2867, lr: 3.27e-04
     Epoch[8] Iteration[740/994], entropy: 0.4188, uncertainty: 2.3350, uncertainty_coeffi: 0.0100, loss: 0.2535, lr: 3.27e-04
     Epoch[8] Iteration[750/994], entropy: 0.3892, uncertainty: 2.2885, uncertainty_coeffi: 0.0100, loss: 0.2310, lr: 3.27e-04
     Epoch[8] Iteration[760/994], entropy: 0.4502, uncertainty: 2.6694, uncertainty_coeffi: 0.0100, loss: 0.2352, lr: 3.27e-04
     Epoch[8] Iteration[770/994], entropy: 0.5477, uncertainty: 3.0575, uncertainty_coeffi: 0.0100, loss: 0.2104, lr: 3.27e-04
     Epoch[8] Iteration[780/994], entropy: 0.3403, uncertainty: 2.9061, uncertainty_coeffi: 0.0100, loss: 0.1289, lr: 3.27e-04
     Epoch[8] Iteration[790/994], entropy: 0.3759, uncertainty: 2.4123, uncertainty_coeffi: 0.0100, loss: 0.2627, lr: 3.27e-04
     Epoch[8] Iteration[800/994], entropy: 0.2198, uncertainty: 2.6633, uncertainty_coeffi: 0.0100, loss: 0.1360, lr: 3.27e-04
     Epoch[8] Iteration[810/994], entropy: 0.3326, uncertainty: 3.0533, uncertainty_coeffi: 0.0100, loss: 0.1654, lr: 3.27e-04
     Epoch[8] Iteration[820/994], entropy: 0.4979, uncertainty: 3.9290, uncertainty_coeffi: 0.0100, loss: 0.2233, lr: 3.27e-04
     Epoch[8] Iteration[830/994], entropy: 0.3278, uncertainty: 2.8005, uncertainty_coeffi: 0.0100, loss: 0.2427, lr: 3.27e-04
     Epoch[8] Iteration[840/994], entropy: 0.3508, uncertainty: 2.8336, uncertainty_coeffi: 0.0100, loss: 0.2439, lr: 3.27e-04
     Epoch[8] Iteration[850/994], entropy: 0.3305, uncertainty: 2.1185, uncertainty_coeffi: 0.0100, loss: 0.2156, lr: 3.27e-04
     Epoch[8] Iteration[860/994], entropy: 0.2952, uncertainty: 2.8906, uncertainty_coeffi: 0.0100, loss: 0.1697, lr: 3.27e-04
     Epoch[8] Iteration[870/994], entropy: 0.4463, uncertainty: 2.7112, uncertainty_coeffi: 0.0100, loss: 0.1829, lr: 3.27e-04
     Epoch[8] Iteration[880/994], entropy: 0.2239, uncertainty: 2.7379, uncertainty_coeffi: 0.0100, loss: 0.1060, lr: 3.27e-04
     Epoch[8] Iteration[890/994], entropy: 0.3923, uncertainty: 2.7540, uncertainty_coeffi: 0.0100, loss: 0.1779, lr: 3.27e-04
     Epoch[8] Iteration[900/994], entropy: 0.3261, uncertainty: 2.3928, uncertainty_coeffi: 0.0100, loss: 0.1696, lr: 3.27e-04
     Epoch[8] Iteration[910/994], entropy: 0.3553, uncertainty: 2.7617, uncertainty_coeffi: 0.0100, loss: 0.1706, lr: 3.27e-04
     Epoch[8] Iteration[920/994], entropy: 0.1721, uncertainty: 2.2077, uncertainty_coeffi: 0.0100, loss: 0.0838, lr: 3.27e-04
     Epoch[8] Iteration[930/994], entropy: 0.4996, uncertainty: 2.6163, uncertainty_coeffi: 0.0100, loss: 0.2692, lr: 3.27e-04
     Epoch[8] Iteration[940/994], entropy: 0.3112, uncertainty: 2.7036, uncertainty_coeffi: 0.0100, loss: 0.1732, lr: 3.27e-04
     Epoch[8] Iteration[950/994], entropy: 0.5593, uncertainty: 2.3952, uncertainty_coeffi: 0.0100, loss: 0.3366, lr: 3.27e-04
     Epoch[8] Iteration[960/994], entropy: 0.7389, uncertainty: 2.9858, uncertainty_coeffi: 0.0100, loss: 0.3678, lr: 3.27e-04
     Epoch[8] Iteration[970/994], entropy: 0.1469, uncertainty: 1.7323, uncertainty_coeffi: 0.0100, loss: 0.1021, lr: 3.27e-04
     Epoch[8] Iteration[980/994], entropy: 0.3028, uncertainty: 2.9409, uncertainty_coeffi: 0.0100, loss: 0.1426, lr: 3.27e-04
     Epoch[8] Iteration[990/994], entropy: 0.3988, uncertainty: 2.5308, uncertainty_coeffi: 0.0100, loss: 0.2144, lr: 3.27e-04
     Averaged stats: entropy_avg: 0.3662, uncertainty_avg: 2.7065, uncertainty_coeffi_avg: 0.0100, loss_avg: 0.1958, lr_avg: 3.19e-04
     itm tta time 0:02:58
     Epoch[9] Iteration[10/994], entropy: 0.3310, uncertainty: 3.1399, uncertainty_coeffi: 0.0100, loss: 0.1438, lr: 4.77e-05
     Epoch[9] Iteration[20/994], entropy: 0.3499, uncertainty: 2.6070, uncertainty_coeffi: 0.0100, loss: 0.2171, lr: 4.77e-05
     Epoch[9] Iteration[30/994], entropy: 0.2657, uncertainty: 3.2170, uncertainty_coeffi: 0.0100, loss: 0.1222, lr: 4.77e-05
     Epoch[9] Iteration[40/994], entropy: 0.2764, uncertainty: 2.6588, uncertainty_coeffi: 0.0100, loss: 0.1354, lr: 4.77e-05
     Epoch[9] Iteration[50/994], entropy: 0.5187, uncertainty: 2.9281, uncertainty_coeffi: 0.0100, loss: 0.2105, lr: 4.77e-05
     Epoch[9] Iteration[60/994], entropy: 0.3742, uncertainty: 3.6574, uncertainty_coeffi: 0.0100, loss: 0.1388, lr: 4.77e-05
     Epoch[9] Iteration[70/994], entropy: 0.4452, uncertainty: 2.5360, uncertainty_coeffi: 0.0100, loss: 0.2476, lr: 4.77e-05
     Epoch[9] Iteration[80/994], entropy: 0.4203, uncertainty: 2.3735, uncertainty_coeffi: 0.0100, loss: 0.1976, lr: 4.77e-05
     Epoch[9] Iteration[90/994], entropy: 0.4652, uncertainty: 2.4415, uncertainty_coeffi: 0.0100, loss: 0.2457, lr: 4.77e-05
     Epoch[9] Iteration[100/994], entropy: 0.4934, uncertainty: 2.3548, uncertainty_coeffi: 0.0100, loss: 0.3131, lr: 4.77e-05
     Epoch[9] Iteration[110/994], entropy: 0.1289, uncertainty: 3.3916, uncertainty_coeffi: 0.0100, loss: 0.0731, lr: 4.77e-05
     Epoch[9] Iteration[120/994], entropy: 0.1179, uncertainty: 2.2369, uncertainty_coeffi: 0.0100, loss: 0.0736, lr: 4.77e-05
     Epoch[9] Iteration[130/994], entropy: 0.3654, uncertainty: 2.1927, uncertainty_coeffi: 0.0100, loss: 0.2471, lr: 4.77e-05
     Epoch[9] Iteration[140/994], entropy: 0.4923, uncertainty: 2.9268, uncertainty_coeffi: 0.0100, loss: 0.2721, lr: 4.77e-05
     Epoch[9] Iteration[150/994], entropy: 0.2771, uncertainty: 2.2267, uncertainty_coeffi: 0.0100, loss: 0.1828, lr: 4.77e-05
     Epoch[9] Iteration[160/994], entropy: 0.2601, uncertainty: 2.5510, uncertainty_coeffi: 0.0100, loss: 0.0999, lr: 4.77e-05
     Epoch[9] Iteration[170/994], entropy: 0.4409, uncertainty: 2.5582, uncertainty_coeffi: 0.0100, loss: 0.2276, lr: 4.77e-05
     Epoch[9] Iteration[180/994], entropy: 0.4436, uncertainty: 3.4645, uncertainty_coeffi: 0.0100, loss: 0.1514, lr: 4.77e-05
     Epoch[9] Iteration[190/994], entropy: 0.4975, uncertainty: 2.1502, uncertainty_coeffi: 0.0100, loss: 0.2371, lr: 4.77e-05
     Epoch[9] Iteration[200/994], entropy: 0.2803, uncertainty: 2.8922, uncertainty_coeffi: 0.0100, loss: 0.1344, lr: 4.77e-05
     Epoch[9] Iteration[210/994], entropy: 0.4710, uncertainty: 2.6669, uncertainty_coeffi: 0.0100, loss: 0.2102, lr: 4.77e-05
     Epoch[9] Iteration[220/994], entropy: 0.3721, uncertainty: 2.5083, uncertainty_coeffi: 0.0100, loss: 0.1999, lr: 4.77e-05
     Epoch[9] Iteration[230/994], entropy: 0.5292, uncertainty: 2.4943, uncertainty_coeffi: 0.0100, loss: 0.3324, lr: 4.77e-05
     Epoch[9] Iteration[240/994], entropy: 0.1654, uncertainty: 2.3955, uncertainty_coeffi: 0.0100, loss: 0.1204, lr: 4.77e-05
     Epoch[9] Iteration[250/994], entropy: 0.4255, uncertainty: 2.3638, uncertainty_coeffi: 0.0100, loss: 0.2357, lr: 4.77e-05
     Epoch[9] Iteration[260/994], entropy: 0.2011, uncertainty: 2.7885, uncertainty_coeffi: 0.0100, loss: 0.1095, lr: 4.77e-05
     Epoch[9] Iteration[270/994], entropy: 0.1969, uncertainty: 3.0679, uncertainty_coeffi: 0.0100, loss: 0.0870, lr: 4.77e-05
     Epoch[9] Iteration[280/994], entropy: 0.5852, uncertainty: 2.8815, uncertainty_coeffi: 0.0100, loss: 0.2829, lr: 4.77e-05
     Epoch[9] Iteration[290/994], entropy: 0.3753, uncertainty: 3.0829, uncertainty_coeffi: 0.0100, loss: 0.2175, lr: 4.77e-05
     Epoch[9] Iteration[300/994], entropy: 0.4665, uncertainty: 3.4629, uncertainty_coeffi: 0.0100, loss: 0.2270, lr: 4.77e-05
     Epoch[9] Iteration[310/994], entropy: 0.3797, uncertainty: 3.5915, uncertainty_coeffi: 0.0100, loss: 0.1629, lr: 4.77e-05
     Epoch[9] Iteration[320/994], entropy: 0.3101, uncertainty: 2.7278, uncertainty_coeffi: 0.0100, loss: 0.1694, lr: 4.77e-05
     Epoch[9] Iteration[330/994], entropy: 0.3529, uncertainty: 2.5561, uncertainty_coeffi: 0.0100, loss: 0.2367, lr: 4.77e-05
     Epoch[9] Iteration[340/994], entropy: 0.3410, uncertainty: 2.1915, uncertainty_coeffi: 0.0100, loss: 0.2036, lr: 4.77e-05
     Epoch[9] Iteration[350/994], entropy: 0.3277, uncertainty: 2.6491, uncertainty_coeffi: 0.0100, loss: 0.1564, lr: 4.77e-05
     Epoch[9] Iteration[360/994], entropy: 0.1723, uncertainty: 2.9567, uncertainty_coeffi: 0.0100, loss: 0.0882, lr: 4.77e-05
     Epoch[9] Iteration[370/994], entropy: 0.4675, uncertainty: 2.6793, uncertainty_coeffi: 0.0100, loss: 0.2382, lr: 4.77e-05
     Epoch[9] Iteration[380/994], entropy: 0.3959, uncertainty: 2.5402, uncertainty_coeffi: 0.0100, loss: 0.2022, lr: 4.77e-05
     Epoch[9] Iteration[390/994], entropy: 0.4747, uncertainty: 2.3006, uncertainty_coeffi: 0.0100, loss: 0.2757, lr: 4.77e-05
     Epoch[9] Iteration[400/994], entropy: 0.4768, uncertainty: 2.9701, uncertainty_coeffi: 0.0100, loss: 0.2499, lr: 4.77e-05
     Epoch[9] Iteration[410/994], entropy: 0.3831, uncertainty: 2.7687, uncertainty_coeffi: 0.0100, loss: 0.2221, lr: 4.77e-05
     Epoch[9] Iteration[420/994], entropy: 0.5115, uncertainty: 2.3609, uncertainty_coeffi: 0.0100, loss: 0.3438, lr: 4.77e-05
     Epoch[9] Iteration[430/994], entropy: 0.4339, uncertainty: 2.1607, uncertainty_coeffi: 0.0100, loss: 0.2393, lr: 4.77e-05
     Epoch[9] Iteration[440/994], entropy: 0.2347, uncertainty: 2.8468, uncertainty_coeffi: 0.0100, loss: 0.1204, lr: 4.77e-05
     Epoch[9] Iteration[450/994], entropy: 0.3508, uncertainty: 2.9047, uncertainty_coeffi: 0.0100, loss: 0.1915, lr: 4.77e-05
     Epoch[9] Iteration[460/994], entropy: 0.2910, uncertainty: 2.5194, uncertainty_coeffi: 0.0100, loss: 0.1530, lr: 4.77e-05
     Epoch[9] Iteration[470/994], entropy: 0.5472, uncertainty: 2.7293, uncertainty_coeffi: 0.0100, loss: 0.2887, lr: 4.77e-05
     Epoch[9] Iteration[480/994], entropy: 0.3455, uncertainty: 2.5319, uncertainty_coeffi: 0.0100, loss: 0.2072, lr: 4.77e-05
     Epoch[9] Iteration[490/994], entropy: 0.2632, uncertainty: 2.6421, uncertainty_coeffi: 0.0100, loss: 0.1823, lr: 4.77e-05
     Epoch[9] Iteration[500/994], entropy: 0.5292, uncertainty: 2.7957, uncertainty_coeffi: 0.0100, loss: 0.3108, lr: 4.77e-05
     Epoch[9] Iteration[510/994], entropy: 0.2630, uncertainty: 3.0569, uncertainty_coeffi: 0.0100, loss: 0.1121, lr: 4.77e-05
     Epoch[9] Iteration[520/994], entropy: 0.2318, uncertainty: 2.2402, uncertainty_coeffi: 0.0100, loss: 0.1347, lr: 4.77e-05
     Epoch[9] Iteration[530/994], entropy: 0.4869, uncertainty: 2.9674, uncertainty_coeffi: 0.0100, loss: 0.2073, lr: 4.77e-05
     Epoch[9] Iteration[540/994], entropy: 0.3520, uncertainty: 2.4826, uncertainty_coeffi: 0.0100, loss: 0.2148, lr: 4.77e-05
     Epoch[9] Iteration[550/994], entropy: 0.4407, uncertainty: 2.4639, uncertainty_coeffi: 0.0100, loss: 0.2712, lr: 4.77e-05
     Epoch[9] Iteration[560/994], entropy: 0.2138, uncertainty: 2.4780, uncertainty_coeffi: 0.0100, loss: 0.1344, lr: 4.77e-05
     Epoch[9] Iteration[570/994], entropy: 0.3478, uncertainty: 2.8743, uncertainty_coeffi: 0.0100, loss: 0.1582, lr: 4.77e-05
     Epoch[9] Iteration[580/994], entropy: 0.6201, uncertainty: 2.5425, uncertainty_coeffi: 0.0100, loss: 0.3583, lr: 4.77e-05
     Epoch[9] Iteration[590/994], entropy: 0.4217, uncertainty: 2.5027, uncertainty_coeffi: 0.0100, loss: 0.2242, lr: 4.77e-05
     Epoch[9] Iteration[600/994], entropy: 0.3101, uncertainty: 2.4663, uncertainty_coeffi: 0.0100, loss: 0.1400, lr: 4.77e-05
     Epoch[9] Iteration[610/994], entropy: 0.4856, uncertainty: 3.1770, uncertainty_coeffi: 0.0100, loss: 0.1800, lr: 4.77e-05
     Epoch[9] Iteration[620/994], entropy: 0.2941, uncertainty: 3.0277, uncertainty_coeffi: 0.0100, loss: 0.1617, lr: 4.77e-05
     Epoch[9] Iteration[630/994], entropy: 0.5539, uncertainty: 2.7557, uncertainty_coeffi: 0.0100, loss: 0.2485, lr: 4.77e-05
     Epoch[9] Iteration[640/994], entropy: 0.2151, uncertainty: 2.5277, uncertainty_coeffi: 0.0100, loss: 0.1251, lr: 4.77e-05
     Epoch[9] Iteration[650/994], entropy: 0.3391, uncertainty: 2.3872, uncertainty_coeffi: 0.0100, loss: 0.2167, lr: 4.77e-05
     Epoch[9] Iteration[660/994], entropy: 0.4749, uncertainty: 2.6482, uncertainty_coeffi: 0.0100, loss: 0.2826, lr: 4.77e-05
     Epoch[9] Iteration[670/994], entropy: 0.3967, uncertainty: 2.3440, uncertainty_coeffi: 0.0100, loss: 0.2465, lr: 4.77e-05
     Epoch[9] Iteration[680/994], entropy: 0.2468, uncertainty: 1.9624, uncertainty_coeffi: 0.0100, loss: 0.1789, lr: 4.77e-05
     Epoch[9] Iteration[690/994], entropy: 0.3228, uncertainty: 3.0215, uncertainty_coeffi: 0.0100, loss: 0.1945, lr: 4.77e-05
     Epoch[9] Iteration[700/994], entropy: 0.3836, uncertainty: 2.6057, uncertainty_coeffi: 0.0100, loss: 0.1666, lr: 4.77e-05
     Epoch[9] Iteration[710/994], entropy: 0.3496, uncertainty: 3.2402, uncertainty_coeffi: 0.0100, loss: 0.1589, lr: 4.77e-05
     Epoch[9] Iteration[720/994], entropy: 0.4741, uncertainty: 2.5027, uncertainty_coeffi: 0.0100, loss: 0.2475, lr: 4.77e-05
     Epoch[9] Iteration[730/994], entropy: 0.4342, uncertainty: 2.5036, uncertainty_coeffi: 0.0100, loss: 0.1932, lr: 4.77e-05
     Epoch[9] Iteration[740/994], entropy: 0.2519, uncertainty: 2.9305, uncertainty_coeffi: 0.0100, loss: 0.1512, lr: 4.77e-05
     Epoch[9] Iteration[750/994], entropy: 0.5345, uncertainty: 2.2759, uncertainty_coeffi: 0.0100, loss: 0.2638, lr: 4.77e-05
     Epoch[9] Iteration[760/994], entropy: 0.3922, uncertainty: 3.0615, uncertainty_coeffi: 0.0100, loss: 0.2188, lr: 4.77e-05
     Epoch[9] Iteration[770/994], entropy: 0.3924, uncertainty: 2.3834, uncertainty_coeffi: 0.0100, loss: 0.1819, lr: 4.77e-05
     Epoch[9] Iteration[780/994], entropy: 0.3920, uncertainty: 2.2002, uncertainty_coeffi: 0.0100, loss: 0.2312, lr: 4.77e-05
     Epoch[9] Iteration[790/994], entropy: 0.3349, uncertainty: 3.0242, uncertainty_coeffi: 0.0100, loss: 0.1346, lr: 4.77e-05
     Epoch[9] Iteration[800/994], entropy: 0.3187, uncertainty: 2.7035, uncertainty_coeffi: 0.0100, loss: 0.1875, lr: 4.77e-05
     Epoch[9] Iteration[810/994], entropy: 0.3460, uncertainty: 2.8561, uncertainty_coeffi: 0.0100, loss: 0.1536, lr: 4.77e-05
     Epoch[9] Iteration[820/994], entropy: 0.3254, uncertainty: 2.7479, uncertainty_coeffi: 0.0100, loss: 0.1813, lr: 4.77e-05
     Epoch[9] Iteration[830/994], entropy: 0.5490, uncertainty: 2.1647, uncertainty_coeffi: 0.0100, loss: 0.3528, lr: 4.77e-05
     Epoch[9] Iteration[840/994], entropy: 0.3290, uncertainty: 2.6254, uncertainty_coeffi: 0.0100, loss: 0.2012, lr: 4.77e-05
     Epoch[9] Iteration[850/994], entropy: 0.5202, uncertainty: 2.4645, uncertainty_coeffi: 0.0100, loss: 0.2629, lr: 4.77e-05
     Epoch[9] Iteration[860/994], entropy: 0.4289, uncertainty: 2.2113, uncertainty_coeffi: 0.0100, loss: 0.1864, lr: 4.77e-05
     Epoch[9] Iteration[870/994], entropy: 0.4561, uncertainty: 2.5595, uncertainty_coeffi: 0.0100, loss: 0.2599, lr: 4.77e-05
     Epoch[9] Iteration[880/994], entropy: 0.3188, uncertainty: 2.7750, uncertainty_coeffi: 0.0100, loss: 0.1923, lr: 4.77e-05
     Epoch[9] Iteration[890/994], entropy: 0.3475, uncertainty: 2.7052, uncertainty_coeffi: 0.0100, loss: 0.1916, lr: 4.77e-05
     Epoch[9] Iteration[900/994], entropy: 0.3731, uncertainty: 2.2732, uncertainty_coeffi: 0.0100, loss: 0.2077, lr: 4.77e-05
     Epoch[9] Iteration[910/994], entropy: 0.2058, uncertainty: 2.3211, uncertainty_coeffi: 0.0100, loss: 0.1394, lr: 4.77e-05
     Epoch[9] Iteration[920/994], entropy: 0.3539, uncertainty: 2.3244, uncertainty_coeffi: 0.0100, loss: 0.1633, lr: 4.77e-05
     Epoch[9] Iteration[930/994], entropy: 0.4724, uncertainty: 1.8054, uncertainty_coeffi: 0.0100, loss: 0.3120, lr: 4.77e-05
     Epoch[9] Iteration[940/994], entropy: 0.2429, uncertainty: 2.7892, uncertainty_coeffi: 0.0100, loss: 0.1759, lr: 4.77e-05
     Epoch[9] Iteration[950/994], entropy: 0.3411, uncertainty: 2.4973, uncertainty_coeffi: 0.0100, loss: 0.2059, lr: 4.77e-05
     Epoch[9] Iteration[960/994], entropy: 0.5239, uncertainty: 3.5106, uncertainty_coeffi: 0.0100, loss: 0.2328, lr: 4.77e-05
     Epoch[9] Iteration[970/994], entropy: 0.2859, uncertainty: 2.6163, uncertainty_coeffi: 0.0100, loss: 0.2005, lr: 4.77e-05
     Epoch[9] Iteration[980/994], entropy: 0.3900, uncertainty: 3.0890, uncertainty_coeffi: 0.0100, loss: 0.1501, lr: 4.77e-05
     Epoch[9] Iteration[990/994], entropy: 0.3793, uncertainty: 3.5866, uncertainty_coeffi: 0.0100, loss: 0.1654, lr: 4.77e-05
     Averaged stats: entropy_avg: 0.3746, uncertainty_avg: 2.6760, uncertainty_coeffi_avg: 0.0100, loss_avg: 0.2000, lr_avg: 4.77e-05
     itm tta time 0:02:58
### TTA Eval Score: 
+-------+--------+--------+--------+--------+-------+
| epoch |   R1   |   R5   |  R10   |  mAP   |  mINP |
+-------+--------+--------+--------+--------+-------+
|  -999 | 60.656 | 77.499 | 83.268 | 35.543 | 6.006 |
|   0   | 61.785 | 77.489 | 83.001 | 36.042 | 6.000 |
|   1   | 61.981 | 77.328 | 82.910 | 36.032 | 5.962 |
|   2   | 62.102 | 77.267 | 82.945 | 36.068 | 5.947 |
|   4   | 62.137 | 77.252 | 82.945 | 36.036 | 5.844 |
|   9   | 61.931 | 77.252 | 82.819 | 36.004 | 5.919 |
+-------+--------+--------+--------+--------+-------+
     logs:  {'epo': 9, 'R1': np.float32(61.931), 'R5': np.float32(77.252), 'R10': np.float32(82.819), 'mAP': np.float32(36.004), 'mINP': np.float32(5.919), 'entropy': 0.37459882047742304, 'uncertainty': 2.6759703147290934, 'uncertainty_coeffi': 0.009999999776482582, 'loss': 0.19996078199509418, 'lr': 4.774575140625139e-05}
### best epoch 4 : {'epo': '4', 'R1': '62.137', 'R5': '77.252', 'R10': '82.945', 'mAP': '36.036', 'mINP': '5.844', 'entropy': '0.3727823030768019', 'uncertainty': '2.708006643285655', 'uncertainty_coeffi': '0.009999999776482582', 'loss': '0.19696812843433534', 'lr': '0.00032977950111898'}
### Time 0:38:20
