Not using distributed mode
### Hyper-parameters:
     output_dir: output/ham_cuhk_tta_finetuned/exp3.0.0/2025090203510
     seed: 42
     device: cuda
     batch_size_tta: 16
     epochs: 30
     lr: 5e-06
### Creating test dataset
     test_txt_set: 6156    test_img_set: 3074
     test_txt_loader: 13    test_img_loader: 7
### Creating model
Training Model with ['sdm', 'id', 'mlm'] tasks
Resized position embedding from size:torch.Size([1, 197, 768]) to size: torch.Size([1, 193, 768]) with height:24 width: 8
     Total Params Sum:  194535419
### Zero-Shot Score: 
/data2/jiahao/task/IRRA/tta.py:261: FutureWarning: `torch.cuda.amp.GradScaler(args...)` is deprecated. Please use `torch.amp.GradScaler('cuda', args...)` instead.
  scaler = GradScaler()  # bf16
+-------+--------+--------+--------+--------+--------+
| epoch |   R1   |   R5   |  R10   |  mAP   |  mINP  |
+-------+--------+--------+--------+--------+--------+
|  -999 | 77.680 | 91.407 | 94.883 | 69.300 | 53.366 |
+-------+--------+--------+--------+--------+--------+
### TTA:
### Compute Cos Similarity Uncertainty
     preprocess_tta_coefficients  start
     sample selection ...
     number of sample after sample_selection: 6156
     uncertainty ...
     preprocess_tta_coefficients  end
### Creating TTA dataset
     tta_dataset: 6156
### Creating tta dataloader
### be careful: func create_loader returns a list length of 1
     tta_loader: 384
### Configure adapted weights
     TTA Dropout Modules: 
 []
     TTA Require Gradient Params: 
 [('base_model.transformer.resblocks.0.ln_1.weight', torch.Size([512])), ('base_model.transformer.resblocks.0.ln_1.bias', torch.Size([512])), ('base_model.transformer.resblocks.0.ln_2.weight', torch.Size([512])), ('base_model.transformer.resblocks.0.ln_2.bias', torch.Size([512])), ('base_model.transformer.resblocks.1.ln_1.weight', torch.Size([512])), ('base_model.transformer.resblocks.1.ln_1.bias', torch.Size([512])), ('base_model.transformer.resblocks.1.ln_2.weight', torch.Size([512])), ('base_model.transformer.resblocks.1.ln_2.bias', torch.Size([512])), ('base_model.transformer.resblocks.2.ln_1.weight', torch.Size([512])), ('base_model.transformer.resblocks.2.ln_1.bias', torch.Size([512])), ('base_model.transformer.resblocks.2.ln_2.weight', torch.Size([512])), ('base_model.transformer.resblocks.2.ln_2.bias', torch.Size([512])), ('base_model.transformer.resblocks.3.ln_1.weight', torch.Size([512])), ('base_model.transformer.resblocks.3.ln_1.bias', torch.Size([512])), ('base_model.transformer.resblocks.3.ln_2.weight', torch.Size([512])), ('base_model.transformer.resblocks.3.ln_2.bias', torch.Size([512])), ('base_model.transformer.resblocks.4.ln_1.weight', torch.Size([512])), ('base_model.transformer.resblocks.4.ln_1.bias', torch.Size([512])), ('base_model.transformer.resblocks.4.ln_2.weight', torch.Size([512])), ('base_model.transformer.resblocks.4.ln_2.bias', torch.Size([512])), ('base_model.transformer.resblocks.5.ln_1.weight', torch.Size([512])), ('base_model.transformer.resblocks.5.ln_1.bias', torch.Size([512])), ('base_model.transformer.resblocks.5.ln_2.weight', torch.Size([512])), ('base_model.transformer.resblocks.5.ln_2.bias', torch.Size([512])), ('base_model.transformer.resblocks.6.ln_1.weight', torch.Size([512])), ('base_model.transformer.resblocks.6.ln_1.bias', torch.Size([512])), ('base_model.transformer.resblocks.6.ln_2.weight', torch.Size([512])), ('base_model.transformer.resblocks.6.ln_2.bias', torch.Size([512])), ('base_model.transformer.resblocks.7.ln_1.weight', torch.Size([512])), ('base_model.transformer.resblocks.7.ln_1.bias', torch.Size([512])), ('base_model.transformer.resblocks.7.ln_2.weight', torch.Size([512])), ('base_model.transformer.resblocks.7.ln_2.bias', torch.Size([512])), ('base_model.transformer.resblocks.8.ln_1.weight', torch.Size([512])), ('base_model.transformer.resblocks.8.ln_1.bias', torch.Size([512])), ('base_model.transformer.resblocks.8.ln_2.weight', torch.Size([512])), ('base_model.transformer.resblocks.8.ln_2.bias', torch.Size([512])), ('base_model.transformer.resblocks.9.ln_1.weight', torch.Size([512])), ('base_model.transformer.resblocks.9.ln_1.bias', torch.Size([512])), ('base_model.transformer.resblocks.9.ln_2.weight', torch.Size([512])), ('base_model.transformer.resblocks.9.ln_2.bias', torch.Size([512])), ('base_model.transformer.resblocks.10.ln_1.weight', torch.Size([512])), ('base_model.transformer.resblocks.10.ln_1.bias', torch.Size([512])), ('base_model.transformer.resblocks.10.ln_2.weight', torch.Size([512])), ('base_model.transformer.resblocks.10.ln_2.bias', torch.Size([512])), ('base_model.transformer.resblocks.11.ln_1.weight', torch.Size([512])), ('base_model.transformer.resblocks.11.ln_1.bias', torch.Size([512])), ('base_model.transformer.resblocks.11.ln_2.weight', torch.Size([512])), ('base_model.transformer.resblocks.11.ln_2.bias', torch.Size([512])), ('base_model.ln_final.weight', torch.Size([512])), ('base_model.ln_final.bias', torch.Size([512]))]
     TTA Dropout Modules Number: 
 0
     TTA Require Gradient Params Sum: 
 25600
Using 5.0 times learning rate for random init module 
### Start Test Time Adaptation
/data2/jiahao/task/IRRA/tta.py:65: FutureWarning: `torch.cuda.amp.autocast(args...)` is deprecated. Please use `torch.amp.autocast('cuda', args...)` instead.
  with torch.cuda.amp.autocast(enabled=True):
     Epoch[0] Iteration[10/384], entropy: 1.0701, loss: 2.4264, lr: 4.69e-06
     Epoch[0] Iteration[20/384], entropy: 0.9324, loss: 2.3197, lr: 2.03e-06
     Epoch[0] Iteration[30/384], entropy: 0.6853, loss: 2.0262, lr: 1.97e-08
     Epoch[0] Iteration[40/384], entropy: 0.9355, loss: 2.2550, lr: 1.44e-06
     Epoch[0] Iteration[50/384], entropy: 0.8769, loss: 2.2838, lr: 4.32e-06
     Epoch[0] Iteration[60/384], entropy: 1.0721, loss: 2.4726, lr: 4.69e-06
     Epoch[0] Iteration[70/384], entropy: 0.9139, loss: 2.2955, lr: 2.03e-06
     Epoch[0] Iteration[80/384], entropy: 0.9738, loss: 2.2922, lr: 1.97e-08
     Epoch[0] Iteration[90/384], entropy: 0.8992, loss: 2.2472, lr: 1.44e-06
     Epoch[0] Iteration[100/384], entropy: 0.9184, loss: 2.2624, lr: 4.32e-06
     Epoch[0] Iteration[110/384], entropy: 0.9959, loss: 2.3700, lr: 4.69e-06
     Epoch[0] Iteration[120/384], entropy: 1.1024, loss: 2.3827, lr: 2.03e-06
     Epoch[0] Iteration[130/384], entropy: 0.6869, loss: 1.9907, lr: 1.97e-08
     Epoch[0] Iteration[140/384], entropy: 0.9156, loss: 2.3434, lr: 1.44e-06
     Epoch[0] Iteration[150/384], entropy: 0.7071, loss: 2.0116, lr: 4.32e-06
     Epoch[0] Iteration[160/384], entropy: 0.7622, loss: 2.0431, lr: 4.69e-06
     Epoch[0] Iteration[170/384], entropy: 0.8162, loss: 2.1220, lr: 2.03e-06
     Epoch[0] Iteration[180/384], entropy: 0.7234, loss: 2.0911, lr: 1.97e-08
     Epoch[0] Iteration[190/384], entropy: 0.8734, loss: 2.1753, lr: 1.44e-06
     Epoch[0] Iteration[200/384], entropy: 0.8359, loss: 2.1751, lr: 4.32e-06
     Epoch[0] Iteration[210/384], entropy: 0.7733, loss: 2.1459, lr: 4.69e-06
     Epoch[0] Iteration[220/384], entropy: 0.8990, loss: 2.2183, lr: 2.03e-06
     Epoch[0] Iteration[230/384], entropy: 1.0263, loss: 2.4057, lr: 1.97e-08
     Epoch[0] Iteration[240/384], entropy: 0.9732, loss: 2.3502, lr: 1.44e-06
     Epoch[0] Iteration[250/384], entropy: 0.9819, loss: 2.3283, lr: 4.32e-06
     Epoch[0] Iteration[260/384], entropy: 1.0304, loss: 2.3856, lr: 4.69e-06
     Epoch[0] Iteration[270/384], entropy: 1.0411, loss: 2.4086, lr: 2.03e-06
     Epoch[0] Iteration[280/384], entropy: 0.8519, loss: 2.1845, lr: 1.97e-08
     Epoch[0] Iteration[290/384], entropy: 0.9358, loss: 2.2392, lr: 1.44e-06
     Epoch[0] Iteration[300/384], entropy: 0.9248, loss: 2.2469, lr: 4.32e-06
     Epoch[0] Iteration[310/384], entropy: 0.8025, loss: 2.1357, lr: 4.69e-06
     Epoch[0] Iteration[320/384], entropy: 0.8398, loss: 2.1759, lr: 2.03e-06
     Epoch[0] Iteration[330/384], entropy: 0.8155, loss: 2.2267, lr: 1.97e-08
     Epoch[0] Iteration[340/384], entropy: 0.8494, loss: 2.2152, lr: 1.44e-06
     Epoch[0] Iteration[350/384], entropy: 1.0257, loss: 2.3405, lr: 4.32e-06
     Epoch[0] Iteration[360/384], entropy: 0.7900, loss: 2.1353, lr: 4.69e-06
     Epoch[0] Iteration[370/384], entropy: 0.7501, loss: 2.1460, lr: 2.03e-06
     Epoch[0] Iteration[380/384], entropy: 0.8157, loss: 2.1326, lr: 1.97e-08
     Averaged stats: entropy: 0.8295, loss: 2.2313, lr: 1.76e-07
     itm tta time 0:00:40
### TTA Eval Score: 
+-------+--------+--------+--------+--------+--------+
| epoch |   R1   |   R5   |  R10   |  mAP   |  mINP  |
+-------+--------+--------+--------+--------+--------+
|  -999 | 77.680 | 91.407 | 94.883 | 69.300 | 53.366 |
|   0   | 77.729 | 91.423 | 94.867 | 69.308 | 53.363 |
+-------+--------+--------+--------+--------+--------+
     logs:  {'epo': 0, 'R1': 77.729, 'R5': 91.423, 'R10': 94.867, 'mAP': 69.308, 'mINP': 53.363, 'entropy': 0.8900779093566694, 'loss': 2.2370346439512154, 'lr': 2.480053333167345e-06}
     Epoch[1] Iteration[10/384], entropy: 0.8890, loss: 2.2584, lr: 2.66e-06
     Epoch[1] Iteration[20/384], entropy: 0.9556, loss: 2.3441, lr: 4.92e-06
     Epoch[1] Iteration[30/384], entropy: 1.0505, loss: 2.3811, lr: 3.84e-06
     Epoch[1] Iteration[40/384], entropy: 0.6862, loss: 2.0111, lr: 9.06e-07
     Epoch[1] Iteration[50/384], entropy: 0.7932, loss: 2.1205, lr: 1.76e-07
     Epoch[1] Iteration[60/384], entropy: 0.9980, loss: 2.3813, lr: 2.66e-06
     Epoch[1] Iteration[70/384], entropy: 0.8381, loss: 2.2184, lr: 4.92e-06
     Epoch[1] Iteration[80/384], entropy: 0.9965, loss: 2.3010, lr: 3.84e-06
     Epoch[1] Iteration[90/384], entropy: 0.6995, loss: 2.0800, lr: 9.06e-07
     Epoch[1] Iteration[100/384], entropy: 0.8753, loss: 2.2569, lr: 1.76e-07
     Epoch[1] Iteration[110/384], entropy: 0.6112, loss: 1.9556, lr: 2.66e-06
     Epoch[1] Iteration[120/384], entropy: 0.8470, loss: 2.1880, lr: 4.92e-06
     Epoch[1] Iteration[130/384], entropy: 0.7107, loss: 2.0472, lr: 3.84e-06
     Epoch[1] Iteration[140/384], entropy: 1.0143, loss: 2.3786, lr: 9.06e-07
     Epoch[1] Iteration[150/384], entropy: 1.1716, loss: 2.5150, lr: 1.76e-07
     Epoch[1] Iteration[160/384], entropy: 0.9173, loss: 2.2800, lr: 2.66e-06
     Epoch[1] Iteration[170/384], entropy: 1.0852, loss: 2.4018, lr: 4.92e-06
     Epoch[1] Iteration[180/384], entropy: 0.7866, loss: 2.1241, lr: 3.84e-06
     Epoch[1] Iteration[190/384], entropy: 0.7856, loss: 2.1881, lr: 9.06e-07
     Epoch[1] Iteration[200/384], entropy: 0.8551, loss: 2.1882, lr: 1.76e-07
     Epoch[1] Iteration[210/384], entropy: 0.8319, loss: 2.2380, lr: 2.66e-06
     Epoch[1] Iteration[220/384], entropy: 0.6766, loss: 2.0227, lr: 4.92e-06
     Epoch[1] Iteration[230/384], entropy: 0.6857, loss: 1.9788, lr: 3.84e-06
     Epoch[1] Iteration[240/384], entropy: 0.6769, loss: 2.0813, lr: 9.06e-07
     Epoch[1] Iteration[250/384], entropy: 0.9871, loss: 2.3291, lr: 1.76e-07
     Epoch[1] Iteration[260/384], entropy: 0.8839, loss: 2.2518, lr: 2.66e-06
     Epoch[1] Iteration[270/384], entropy: 0.6451, loss: 1.9289, lr: 4.92e-06
     Epoch[1] Iteration[280/384], entropy: 0.8353, loss: 2.1081, lr: 3.84e-06
     Epoch[1] Iteration[290/384], entropy: 1.0115, loss: 2.4233, lr: 9.06e-07
     Epoch[1] Iteration[300/384], entropy: 0.8502, loss: 2.1581, lr: 1.76e-07
     Epoch[1] Iteration[310/384], entropy: 1.0753, loss: 2.3412, lr: 2.66e-06
     Epoch[1] Iteration[320/384], entropy: 0.9872, loss: 2.2957, lr: 4.92e-06
     Epoch[1] Iteration[330/384], entropy: 0.8809, loss: 2.2677, lr: 3.84e-06
     Epoch[1] Iteration[340/384], entropy: 0.8342, loss: 2.1991, lr: 9.06e-07
     Epoch[1] Iteration[350/384], entropy: 1.2374, loss: 2.5737, lr: 1.76e-07
     Epoch[1] Iteration[360/384], entropy: 0.9771, loss: 2.3638, lr: 2.66e-06
     Epoch[1] Iteration[370/384], entropy: 0.9567, loss: 2.2682, lr: 4.92e-06
     Epoch[1] Iteration[380/384], entropy: 0.9006, loss: 2.2436, lr: 3.84e-06
     Averaged stats: entropy: 0.8726, loss: 2.2512, lr: 2.66e-06
     itm tta time 0:00:38
### TTA Eval Score: 
+-------+--------+--------+--------+--------+--------+
| epoch |   R1   |   R5   |  R10   |  mAP   |  mINP  |
+-------+--------+--------+--------+--------+--------+
|  -999 | 77.680 | 91.407 | 94.883 | 69.300 | 53.366 |
|   0   | 77.729 | 91.423 | 94.867 | 69.308 | 53.363 |
|   1   | 77.729 | 91.423 | 94.851 | 69.298 | 53.354 |
+-------+--------+--------+--------+--------+--------+
     logs:  {'epo': 1, 'R1': 77.729, 'R5': 91.423, 'R10': 94.851, 'mAP': 69.298, 'mINP': 53.354, 'entropy': 0.881574925623442, 'loss': 2.2287515778290596, 'lr': 2.6031052944498012e-06}
     Epoch[2] Iteration[10/384], entropy: 0.7557, loss: 2.1899, lr: 1.76e-07
     Epoch[2] Iteration[20/384], entropy: 0.6995, loss: 2.0703, lr: 9.06e-07
     Epoch[2] Iteration[30/384], entropy: 0.7947, loss: 2.1663, lr: 3.84e-06
     Epoch[2] Iteration[40/384], entropy: 0.7881, loss: 2.1803, lr: 4.92e-06
     Epoch[2] Iteration[50/384], entropy: 0.9298, loss: 2.2739, lr: 2.66e-06
     Epoch[2] Iteration[60/384], entropy: 0.6410, loss: 1.8991, lr: 1.76e-07
     Epoch[2] Iteration[70/384], entropy: 0.8030, loss: 2.1266, lr: 9.06e-07
     Epoch[2] Iteration[80/384], entropy: 0.6086, loss: 2.0346, lr: 3.84e-06
     Epoch[2] Iteration[90/384], entropy: 1.1535, loss: 2.5326, lr: 4.92e-06
     Epoch[2] Iteration[100/384], entropy: 0.6083, loss: 1.8972, lr: 2.66e-06
     Epoch[2] Iteration[110/384], entropy: 0.7346, loss: 2.0658, lr: 1.76e-07
     Epoch[2] Iteration[120/384], entropy: 0.7049, loss: 2.0342, lr: 9.06e-07
     Epoch[2] Iteration[130/384], entropy: 0.7935, loss: 2.1244, lr: 3.84e-06
     Epoch[2] Iteration[140/384], entropy: 0.6716, loss: 1.9650, lr: 4.92e-06
     Epoch[2] Iteration[150/384], entropy: 0.7461, loss: 2.1194, lr: 2.66e-06
     Epoch[2] Iteration[160/384], entropy: 0.8422, loss: 2.1762, lr: 1.76e-07
     Epoch[2] Iteration[170/384], entropy: 0.6912, loss: 2.0513, lr: 9.06e-07
     Epoch[2] Iteration[180/384], entropy: 1.0240, loss: 2.4183, lr: 3.84e-06
     Epoch[2] Iteration[190/384], entropy: 0.7727, loss: 2.0587, lr: 4.92e-06
     Epoch[2] Iteration[200/384], entropy: 0.8602, loss: 2.1853, lr: 2.66e-06
     Epoch[2] Iteration[210/384], entropy: 0.7727, loss: 2.1424, lr: 1.76e-07
     Epoch[2] Iteration[220/384], entropy: 0.8108, loss: 2.1856, lr: 9.06e-07
     Epoch[2] Iteration[230/384], entropy: 0.9295, loss: 2.1320, lr: 3.84e-06
     Epoch[2] Iteration[240/384], entropy: 0.8979, loss: 2.1915, lr: 4.92e-06
     Epoch[2] Iteration[250/384], entropy: 0.9071, loss: 2.2134, lr: 2.66e-06
     Epoch[2] Iteration[260/384], entropy: 0.9603, loss: 2.2866, lr: 1.76e-07
     Epoch[2] Iteration[270/384], entropy: 0.9092, loss: 2.2755, lr: 9.06e-07
     Epoch[2] Iteration[280/384], entropy: 0.8694, loss: 2.2541, lr: 3.84e-06
     Epoch[2] Iteration[290/384], entropy: 1.0827, loss: 2.4465, lr: 4.92e-06
     Epoch[2] Iteration[300/384], entropy: 1.1168, loss: 2.4458, lr: 2.66e-06
     Epoch[2] Iteration[310/384], entropy: 0.7242, loss: 2.0551, lr: 1.76e-07
     Epoch[2] Iteration[320/384], entropy: 0.8564, loss: 2.1994, lr: 9.06e-07
     Epoch[2] Iteration[330/384], entropy: 0.7898, loss: 2.1262, lr: 3.84e-06
     Epoch[2] Iteration[340/384], entropy: 0.7855, loss: 2.1649, lr: 4.92e-06
     Epoch[2] Iteration[350/384], entropy: 1.0067, loss: 2.4441, lr: 2.66e-06
     Epoch[2] Iteration[360/384], entropy: 0.8748, loss: 2.2172, lr: 1.76e-07
     Epoch[2] Iteration[370/384], entropy: 0.9936, loss: 2.3629, lr: 9.06e-07
     Epoch[2] Iteration[380/384], entropy: 0.9829, loss: 2.3249, lr: 3.84e-06
     Averaged stats: entropy: 0.8614, loss: 2.2272, lr: 4.69e-06
     itm tta time 0:00:39
### TTA Eval Score: 
+-------+--------+--------+--------+--------+--------+
| epoch |   R1   |   R5   |  R10   |  mAP   |  mINP  |
+-------+--------+--------+--------+--------+--------+
|  -999 | 77.680 | 91.407 | 94.883 | 69.300 | 53.366 |
|   0   | 77.729 | 91.423 | 94.867 | 69.308 | 53.363 |
|   1   | 77.729 | 91.423 | 94.851 | 69.298 | 53.354 |
|   2   | 77.729 | 91.423 | 94.851 | 69.296 | 53.358 |
+-------+--------+--------+--------+--------+--------+
     logs:  {'epo': 2, 'R1': 77.729, 'R5': 91.423, 'R10': 94.851, 'mAP': 69.296, 'mINP': 53.358, 'entropy': 0.8393055090778753, 'loss': 2.1852015005914787, 'lr': 2.432146468377773e-06}
     Epoch[3] Iteration[10/384], entropy: 0.8419, loss: 2.2302, lr: 4.32e-06
     Epoch[3] Iteration[20/384], entropy: 0.8613, loss: 2.2478, lr: 1.44e-06
     Epoch[3] Iteration[30/384], entropy: 0.9339, loss: 2.2959, lr: 1.97e-08
     Epoch[3] Iteration[40/384], entropy: 1.0111, loss: 2.3198, lr: 2.03e-06
     Epoch[3] Iteration[50/384], entropy: 0.7719, loss: 2.1433, lr: 4.69e-06
     Epoch[3] Iteration[60/384], entropy: 1.2432, loss: 2.6123, lr: 4.32e-06
     Epoch[3] Iteration[70/384], entropy: 0.5830, loss: 1.9456, lr: 1.44e-06
     Epoch[3] Iteration[80/384], entropy: 0.9514, loss: 2.2764, lr: 1.97e-08
     Epoch[3] Iteration[90/384], entropy: 0.6830, loss: 2.0170, lr: 2.03e-06
     Epoch[3] Iteration[100/384], entropy: 0.7557, loss: 2.1259, lr: 4.69e-06
     Epoch[3] Iteration[110/384], entropy: 0.5634, loss: 1.8538, lr: 4.32e-06
     Epoch[3] Iteration[120/384], entropy: 0.9561, loss: 2.2452, lr: 1.44e-06
     Epoch[3] Iteration[130/384], entropy: 1.0324, loss: 2.3966, lr: 1.97e-08
     Epoch[3] Iteration[140/384], entropy: 0.9264, loss: 2.2479, lr: 2.03e-06
     Epoch[3] Iteration[150/384], entropy: 0.8426, loss: 2.2025, lr: 4.69e-06
     Epoch[3] Iteration[160/384], entropy: 0.8850, loss: 2.3188, lr: 4.32e-06
     Epoch[3] Iteration[170/384], entropy: 0.9104, loss: 2.2626, lr: 1.44e-06
     Epoch[3] Iteration[180/384], entropy: 0.7645, loss: 2.1180, lr: 1.97e-08
     Epoch[3] Iteration[190/384], entropy: 0.6557, loss: 2.0119, lr: 2.03e-06
     Epoch[3] Iteration[200/384], entropy: 0.9516, loss: 2.2770, lr: 4.69e-06
     Epoch[3] Iteration[210/384], entropy: 0.8137, loss: 2.1315, lr: 4.32e-06
     Epoch[3] Iteration[220/384], entropy: 0.8716, loss: 2.2183, lr: 1.44e-06
     Epoch[3] Iteration[230/384], entropy: 0.6512, loss: 2.0050, lr: 1.97e-08
     Epoch[3] Iteration[240/384], entropy: 0.6509, loss: 2.0372, lr: 2.03e-06
     Epoch[3] Iteration[250/384], entropy: 0.7429, loss: 2.1118, lr: 4.69e-06
     Epoch[3] Iteration[260/384], entropy: 1.0795, loss: 2.4842, lr: 4.32e-06
     Epoch[3] Iteration[270/384], entropy: 0.6807, loss: 2.0239, lr: 1.44e-06
     Epoch[3] Iteration[280/384], entropy: 0.9482, loss: 2.3078, lr: 1.97e-08
     Epoch[3] Iteration[290/384], entropy: 0.7916, loss: 2.1866, lr: 2.03e-06
     Epoch[3] Iteration[300/384], entropy: 0.8805, loss: 2.2859, lr: 4.69e-06
     Epoch[3] Iteration[310/384], entropy: 0.9254, loss: 2.2197, lr: 4.32e-06
     Epoch[3] Iteration[320/384], entropy: 0.8516, loss: 2.1532, lr: 1.44e-06
     Epoch[3] Iteration[330/384], entropy: 0.9673, loss: 2.3222, lr: 1.97e-08
     Epoch[3] Iteration[340/384], entropy: 0.8975, loss: 2.2901, lr: 2.03e-06
     Epoch[3] Iteration[350/384], entropy: 1.0432, loss: 2.4211, lr: 4.69e-06
     Epoch[3] Iteration[360/384], entropy: 0.7913, loss: 2.1531, lr: 4.32e-06
     Epoch[3] Iteration[370/384], entropy: 0.8667, loss: 2.2635, lr: 1.44e-06
     Epoch[3] Iteration[380/384], entropy: 0.7522, loss: 2.0447, lr: 1.97e-08
     Averaged stats: entropy: 0.8740, loss: 2.2272, lr: 4.77e-07
     itm tta time 0:00:38
### TTA Eval Score: 
+-------+--------+--------+--------+--------+--------+
| epoch |   R1   |   R5   |  R10   |  mAP   |  mINP  |
+-------+--------+--------+--------+--------+--------+
|  -999 | 77.680 | 91.407 | 94.883 | 69.300 | 53.366 |
|   0   | 77.729 | 91.423 | 94.867 | 69.308 | 53.363 |
|   1   | 77.729 | 91.423 | 94.851 | 69.298 | 53.354 |
|   2   | 77.729 | 91.423 | 94.851 | 69.296 | 53.358 |
|   3   | 77.680 | 91.407 | 94.818 | 69.296 | 53.372 |
+-------+--------+--------+--------+--------+--------+
     logs:  {'epo': 3, 'R1': 77.68, 'R5': 91.407, 'R10': 94.818, 'mAP': 69.296, 'mINP': 53.372, 'entropy': 0.8508013079040929, 'loss': 2.2054889390343115, 'lr': 2.4546759627988052e-06}
     Epoch[4] Iteration[10/384], entropy: 0.9736, loss: 2.2867, lr: 3.27e-06
     Epoch[4] Iteration[20/384], entropy: 0.9359, loss: 2.2245, lr: 5.00e-06
     Epoch[4] Iteration[30/384], entropy: 0.9032, loss: 2.3113, lr: 3.27e-06
     Epoch[4] Iteration[40/384], entropy: 0.9892, loss: 2.3494, lr: 4.77e-07
     Epoch[4] Iteration[50/384], entropy: 0.8970, loss: 2.1876, lr: 4.77e-07
     Epoch[4] Iteration[60/384], entropy: 1.0544, loss: 2.4553, lr: 3.27e-06
     Epoch[4] Iteration[70/384], entropy: 0.7902, loss: 2.1463, lr: 5.00e-06
     Epoch[4] Iteration[80/384], entropy: 0.9352, loss: 2.2647, lr: 3.27e-06
     Epoch[4] Iteration[90/384], entropy: 0.9939, loss: 2.3951, lr: 4.77e-07
     Epoch[4] Iteration[100/384], entropy: 0.9670, loss: 2.3238, lr: 4.77e-07
     Epoch[4] Iteration[110/384], entropy: 0.9071, loss: 2.1818, lr: 3.27e-06
     Epoch[4] Iteration[120/384], entropy: 0.9059, loss: 2.1902, lr: 5.00e-06
     Epoch[4] Iteration[130/384], entropy: 1.1468, loss: 2.4412, lr: 3.27e-06
     Epoch[4] Iteration[140/384], entropy: 0.7780, loss: 2.1266, lr: 4.77e-07
     Epoch[4] Iteration[150/384], entropy: 1.0656, loss: 2.4625, lr: 4.77e-07
     Epoch[4] Iteration[160/384], entropy: 0.9921, loss: 2.3222, lr: 3.27e-06
     Epoch[4] Iteration[170/384], entropy: 0.7984, loss: 2.1441, lr: 5.00e-06
     Epoch[4] Iteration[180/384], entropy: 0.5691, loss: 1.9470, lr: 3.27e-06
     Epoch[4] Iteration[190/384], entropy: 0.9237, loss: 2.2933, lr: 4.77e-07
     Epoch[4] Iteration[200/384], entropy: 1.0147, loss: 2.3009, lr: 4.77e-07
     Epoch[4] Iteration[210/384], entropy: 1.0484, loss: 2.4528, lr: 3.27e-06
     Epoch[4] Iteration[220/384], entropy: 1.0951, loss: 2.3940, lr: 5.00e-06
     Epoch[4] Iteration[230/384], entropy: 0.9809, loss: 2.2619, lr: 3.27e-06
     Epoch[4] Iteration[240/384], entropy: 0.6631, loss: 2.0074, lr: 4.77e-07
     Epoch[4] Iteration[250/384], entropy: 0.7211, loss: 2.0687, lr: 4.77e-07
     Epoch[4] Iteration[260/384], entropy: 0.7387, loss: 2.1133, lr: 3.27e-06
     Epoch[4] Iteration[270/384], entropy: 0.7315, loss: 2.1585, lr: 5.00e-06
     Epoch[4] Iteration[280/384], entropy: 0.7950, loss: 2.1599, lr: 3.27e-06
     Epoch[4] Iteration[290/384], entropy: 0.7112, loss: 2.0027, lr: 4.77e-07
     Epoch[4] Iteration[300/384], entropy: 0.8560, loss: 2.1349, lr: 4.77e-07
     Epoch[4] Iteration[310/384], entropy: 0.7404, loss: 2.0351, lr: 3.27e-06
     Epoch[4] Iteration[320/384], entropy: 0.6101, loss: 1.9896, lr: 5.00e-06
     Epoch[4] Iteration[330/384], entropy: 0.9924, loss: 2.3404, lr: 3.27e-06
     Epoch[4] Iteration[340/384], entropy: 0.8386, loss: 2.1605, lr: 4.77e-07
     Epoch[4] Iteration[350/384], entropy: 0.9005, loss: 2.2314, lr: 4.77e-07
     Epoch[4] Iteration[360/384], entropy: 0.8460, loss: 2.2512, lr: 3.27e-06
     Epoch[4] Iteration[370/384], entropy: 0.7173, loss: 1.9924, lr: 5.00e-06
     Epoch[4] Iteration[380/384], entropy: 0.8132, loss: 2.1751, lr: 3.27e-06
     Averaged stats: entropy: 1.1136, loss: 2.5122, lr: 2.03e-06
     itm tta time 0:00:38
### TTA Eval Score: 
+-------+--------+--------+--------+--------+--------+
| epoch |   R1   |   R5   |  R10   |  mAP   |  mINP  |
+-------+--------+--------+--------+--------+--------+
|  -999 | 77.680 | 91.407 | 94.883 | 69.300 | 53.366 |
|   0   | 77.729 | 91.423 | 94.867 | 69.308 | 53.363 |
|   1   | 77.729 | 91.423 | 94.851 | 69.298 | 53.354 |
|   2   | 77.729 | 91.423 | 94.851 | 69.296 | 53.358 |
|   3   | 77.680 | 91.407 | 94.818 | 69.296 | 53.372 |
|   4   | 77.680 | 91.407 | 94.802 | 69.292 | 53.367 |
+-------+--------+--------+--------+--------+--------+
     logs:  {'epo': 4, 'R1': 77.68, 'R5': 91.407, 'R10': 94.802, 'mAP': 69.292, 'mINP': 53.367, 'entropy': 0.8773703684932307, 'loss': 2.218004988996606, 'lr': 2.606449604523012e-06}
     Epoch[5] Iteration[10/384], entropy: 1.0155, loss: 2.3608, lr: 1.97e-08
     Epoch[5] Iteration[20/384], entropy: 0.8441, loss: 2.1601, lr: 1.44e-06
     Epoch[5] Iteration[30/384], entropy: 0.7489, loss: 2.1946, lr: 4.32e-06
     Epoch[5] Iteration[40/384], entropy: 0.7039, loss: 2.0670, lr: 4.69e-06
     Epoch[5] Iteration[50/384], entropy: 0.7985, loss: 2.1201, lr: 2.03e-06
     Epoch[5] Iteration[60/384], entropy: 0.8605, loss: 2.2921, lr: 1.97e-08
     Epoch[5] Iteration[70/384], entropy: 0.8539, loss: 2.2196, lr: 1.44e-06
     Epoch[5] Iteration[80/384], entropy: 0.7771, loss: 2.0623, lr: 4.32e-06
     Epoch[5] Iteration[90/384], entropy: 0.9726, loss: 2.3123, lr: 4.69e-06
     Epoch[5] Iteration[100/384], entropy: 1.0212, loss: 2.4239, lr: 2.34e-06
     Epoch[5] Iteration[110/384], entropy: 1.0376, loss: 2.4976, lr: 7.85e-08
     Epoch[5] Iteration[120/384], entropy: 0.7540, loss: 2.0216, lr: 1.16e-06
     Epoch[5] Iteration[130/384], entropy: 0.7588, loss: 2.1202, lr: 4.09e-06
     Epoch[5] Iteration[140/384], entropy: 0.8996, loss: 2.2391, lr: 4.82e-06
     Epoch[5] Iteration[150/384], entropy: 0.8689, loss: 2.1837, lr: 2.34e-06
     Epoch[5] Iteration[160/384], entropy: 0.9878, loss: 2.3350, lr: 7.85e-08
     Epoch[5] Iteration[170/384], entropy: 0.7913, loss: 2.1259, lr: 1.16e-06
     Epoch[5] Iteration[180/384], entropy: 0.8012, loss: 2.1907, lr: 4.09e-06
     Epoch[5] Iteration[190/384], entropy: 1.0843, loss: 2.3883, lr: 4.82e-06
     Epoch[5] Iteration[200/384], entropy: 0.5417, loss: 1.7970, lr: 2.34e-06
     Epoch[5] Iteration[210/384], entropy: 0.6360, loss: 2.0255, lr: 7.85e-08
     Epoch[5] Iteration[220/384], entropy: 0.8686, loss: 2.1832, lr: 1.16e-06
     Epoch[5] Iteration[230/384], entropy: 0.9031, loss: 2.1767, lr: 4.09e-06
     Epoch[5] Iteration[240/384], entropy: 0.8733, loss: 2.2875, lr: 4.82e-06
     Epoch[5] Iteration[250/384], entropy: 0.9297, loss: 2.2922, lr: 2.34e-06
     Epoch[5] Iteration[260/384], entropy: 0.8806, loss: 2.1577, lr: 7.85e-08
     Epoch[5] Iteration[270/384], entropy: 0.7078, loss: 2.0171, lr: 1.16e-06
     Epoch[5] Iteration[280/384], entropy: 0.9486, loss: 2.2966, lr: 4.09e-06
     Epoch[5] Iteration[290/384], entropy: 1.0464, loss: 2.4156, lr: 4.82e-06
     Epoch[5] Iteration[300/384], entropy: 0.7487, loss: 2.0958, lr: 2.34e-06
     Epoch[5] Iteration[310/384], entropy: 0.6903, loss: 1.9605, lr: 7.85e-08
     Epoch[5] Iteration[320/384], entropy: 0.8929, loss: 2.2232, lr: 1.16e-06
     Epoch[5] Iteration[330/384], entropy: 0.9532, loss: 2.3441, lr: 4.09e-06
     Epoch[5] Iteration[340/384], entropy: 0.7153, loss: 2.1356, lr: 4.82e-06
     Epoch[5] Iteration[350/384], entropy: 0.9321, loss: 2.3232, lr: 2.34e-06
     Epoch[5] Iteration[360/384], entropy: 0.8030, loss: 2.1358, lr: 7.85e-08
     Epoch[5] Iteration[370/384], entropy: 0.5361, loss: 1.8163, lr: 1.16e-06
     Epoch[5] Iteration[380/384], entropy: 0.7466, loss: 2.1284, lr: 4.09e-06
     Averaged stats: entropy: 0.8167, loss: 2.1331, lr: 4.82e-06
     itm tta time 0:00:39
### TTA Eval Score: 
+-------+--------+--------+--------+--------+--------+
| epoch |   R1   |   R5   |  R10   |  mAP   |  mINP  |
+-------+--------+--------+--------+--------+--------+
|  -999 | 77.680 | 91.407 | 94.883 | 69.300 | 53.366 |
|   0   | 77.729 | 91.423 | 94.867 | 69.308 | 53.363 |
|   1   | 77.729 | 91.423 | 94.851 | 69.298 | 53.354 |
|   2   | 77.729 | 91.423 | 94.851 | 69.296 | 53.358 |
|   3   | 77.680 | 91.407 | 94.818 | 69.296 | 53.372 |
|   4   | 77.680 | 91.407 | 94.802 | 69.292 | 53.367 |
|   5   | 77.664 | 91.423 | 94.834 | 69.303 | 53.375 |
+-------+--------+--------+--------+--------+--------+
     logs:  {'epo': 5, 'R1': 77.664, 'R5': 91.423, 'R10': 94.834, 'mAP': 69.303, 'mINP': 53.375, 'entropy': 0.8403600360217848, 'loss': 2.1875494655809904, 'lr': 2.4511582124143037e-06}
     Epoch[6] Iteration[10/384], entropy: 0.9883, loss: 2.3309, lr: 4.09e-06
     Epoch[6] Iteration[20/384], entropy: 0.7857, loss: 2.0698, lr: 1.16e-06
     Epoch[6] Iteration[30/384], entropy: 0.7874, loss: 2.1214, lr: 7.85e-08
     Epoch[6] Iteration[40/384], entropy: 0.8380, loss: 2.1758, lr: 2.34e-06
     Epoch[6] Iteration[50/384], entropy: 0.6435, loss: 1.9394, lr: 4.82e-06
     Epoch[6] Iteration[60/384], entropy: 0.8929, loss: 2.2203, lr: 4.09e-06
     Epoch[6] Iteration[70/384], entropy: 0.6089, loss: 1.9851, lr: 1.16e-06
     Epoch[6] Iteration[80/384], entropy: 0.9265, loss: 2.3305, lr: 7.85e-08
     Epoch[6] Iteration[90/384], entropy: 0.7722, loss: 2.1176, lr: 2.34e-06
     Epoch[6] Iteration[100/384], entropy: 0.8067, loss: 2.1324, lr: 4.82e-06
     Epoch[6] Iteration[110/384], entropy: 1.0328, loss: 2.4339, lr: 4.09e-06
     Epoch[6] Iteration[120/384], entropy: 0.7810, loss: 2.0611, lr: 1.16e-06
     Epoch[6] Iteration[130/384], entropy: 0.8647, loss: 2.1131, lr: 7.85e-08
     Epoch[6] Iteration[140/384], entropy: 0.9038, loss: 2.2748, lr: 2.34e-06
     Epoch[6] Iteration[150/384], entropy: 0.9935, loss: 2.4163, lr: 4.82e-06
     Epoch[6] Iteration[160/384], entropy: 0.5399, loss: 1.8855, lr: 4.09e-06
     Epoch[6] Iteration[170/384], entropy: 0.9194, loss: 2.2639, lr: 1.16e-06
     Epoch[6] Iteration[180/384], entropy: 0.6683, loss: 1.9603, lr: 7.85e-08
     Epoch[6] Iteration[190/384], entropy: 0.8970, loss: 2.2028, lr: 2.34e-06
     Epoch[6] Iteration[200/384], entropy: 0.8696, loss: 2.1921, lr: 4.82e-06
     Epoch[6] Iteration[210/384], entropy: 0.5353, loss: 1.7983, lr: 4.09e-06
     Epoch[6] Iteration[220/384], entropy: 0.8248, loss: 2.1829, lr: 1.16e-06
     Epoch[6] Iteration[230/384], entropy: 1.1230, loss: 2.4979, lr: 7.85e-08
     Epoch[6] Iteration[240/384], entropy: 0.8189, loss: 2.1484, lr: 2.34e-06
     Epoch[6] Iteration[250/384], entropy: 0.9164, loss: 2.2114, lr: 4.82e-06
     Epoch[6] Iteration[260/384], entropy: 1.0431, loss: 2.3637, lr: 4.09e-06
     Epoch[6] Iteration[270/384], entropy: 1.0073, loss: 2.3614, lr: 1.16e-06
     Epoch[6] Iteration[280/384], entropy: 0.8920, loss: 2.2813, lr: 7.85e-08
     Epoch[6] Iteration[290/384], entropy: 0.6507, loss: 1.9358, lr: 2.34e-06
     Epoch[6] Iteration[300/384], entropy: 0.8466, loss: 2.1380, lr: 4.82e-06
     Epoch[6] Iteration[310/384], entropy: 0.7660, loss: 2.1090, lr: 4.09e-06
     Epoch[6] Iteration[320/384], entropy: 0.8470, loss: 2.2069, lr: 1.16e-06
     Epoch[6] Iteration[330/384], entropy: 0.8116, loss: 2.1869, lr: 7.85e-08
     Epoch[6] Iteration[340/384], entropy: 1.0056, loss: 2.3326, lr: 2.34e-06
     Epoch[6] Iteration[350/384], entropy: 0.9496, loss: 2.3703, lr: 4.82e-06
     Epoch[6] Iteration[360/384], entropy: 0.9786, loss: 2.4166, lr: 4.09e-06
     Epoch[6] Iteration[370/384], entropy: 0.7924, loss: 2.1337, lr: 1.16e-06
     Epoch[6] Iteration[380/384], entropy: 0.8205, loss: 2.1865, lr: 7.85e-08
     Averaged stats: entropy: 0.9838, loss: 2.3502, lr: 6.78e-07
     itm tta time 0:00:38
### TTA Eval Score: 
+-------+--------+--------+--------+--------+--------+
| epoch |   R1   |   R5   |  R10   |  mAP   |  mINP  |
+-------+--------+--------+--------+--------+--------+
|  -999 | 77.680 | 91.407 | 94.883 | 69.300 | 53.366 |
|   0   | 77.729 | 91.423 | 94.867 | 69.308 | 53.363 |
|   1   | 77.729 | 91.423 | 94.851 | 69.298 | 53.354 |
|   2   | 77.729 | 91.423 | 94.851 | 69.296 | 53.358 |
|   3   | 77.680 | 91.407 | 94.818 | 69.296 | 53.372 |
|   4   | 77.680 | 91.407 | 94.802 | 69.292 | 53.367 |
|   5   | 77.664 | 91.423 | 94.834 | 69.303 | 53.375 |
|   6   | 77.648 | 91.439 | 94.851 | 69.293 | 53.371 |
+-------+--------+--------+--------+--------+--------+
     logs:  {'epo': 6, 'R1': 77.648, 'R5': 91.439, 'R10': 94.851, 'mAP': 69.293, 'mINP': 53.371, 'entropy': 0.8460336688317751, 'loss': 2.1865450081072355, 'lr': 2.4429614495816414e-06}
     Epoch[7] Iteration[10/384], entropy: 0.9250, loss: 2.1992, lr: 3.56e-06
     Epoch[7] Iteration[20/384], entropy: 0.5604, loss: 1.9467, lr: 4.98e-06
     Epoch[7] Iteration[30/384], entropy: 0.8551, loss: 2.1820, lr: 2.97e-06
     Epoch[7] Iteration[40/384], entropy: 0.8352, loss: 2.1212, lr: 3.09e-07
     Epoch[7] Iteration[50/384], entropy: 0.9976, loss: 2.3263, lr: 6.78e-07
     Epoch[7] Iteration[60/384], entropy: 0.6786, loss: 2.0259, lr: 3.56e-06
     Epoch[7] Iteration[70/384], entropy: 1.0046, loss: 2.3775, lr: 4.98e-06
     Epoch[7] Iteration[80/384], entropy: 0.6736, loss: 2.0207, lr: 2.97e-06
     Epoch[7] Iteration[90/384], entropy: 0.7213, loss: 2.1015, lr: 3.09e-07
     Epoch[7] Iteration[100/384], entropy: 0.7434, loss: 2.0691, lr: 6.78e-07
     Epoch[7] Iteration[110/384], entropy: 0.9674, loss: 2.3613, lr: 3.56e-06
     Epoch[7] Iteration[120/384], entropy: 0.7844, loss: 2.1902, lr: 4.98e-06
     Epoch[7] Iteration[130/384], entropy: 0.8285, loss: 2.1131, lr: 2.97e-06
     Epoch[7] Iteration[140/384], entropy: 0.7567, loss: 2.1365, lr: 3.09e-07
     Epoch[7] Iteration[150/384], entropy: 0.9909, loss: 2.3967, lr: 6.78e-07
     Epoch[7] Iteration[160/384], entropy: 0.8585, loss: 2.2340, lr: 3.56e-06
     Epoch[7] Iteration[170/384], entropy: 0.8212, loss: 2.2336, lr: 4.98e-06
     Epoch[7] Iteration[180/384], entropy: 1.1084, loss: 2.4805, lr: 2.97e-06
     Epoch[7] Iteration[190/384], entropy: 0.9757, loss: 2.3500, lr: 3.09e-07
     Epoch[7] Iteration[200/384], entropy: 0.6450, loss: 1.9805, lr: 6.78e-07
     Epoch[7] Iteration[210/384], entropy: 0.6403, loss: 1.9600, lr: 3.56e-06
     Epoch[7] Iteration[220/384], entropy: 0.8420, loss: 2.2090, lr: 4.98e-06
     Epoch[7] Iteration[230/384], entropy: 1.0226, loss: 2.4358, lr: 2.97e-06
     Epoch[7] Iteration[240/384], entropy: 0.8473, loss: 2.1688, lr: 3.09e-07
     Epoch[7] Iteration[250/384], entropy: 0.7692, loss: 2.1261, lr: 6.78e-07
     Epoch[7] Iteration[260/384], entropy: 1.0097, loss: 2.3094, lr: 3.56e-06
     Epoch[7] Iteration[270/384], entropy: 0.8689, loss: 2.2446, lr: 4.98e-06
     Epoch[7] Iteration[280/384], entropy: 0.8937, loss: 2.2470, lr: 2.97e-06
     Epoch[7] Iteration[290/384], entropy: 0.9562, loss: 2.3030, lr: 3.09e-07
     Epoch[7] Iteration[300/384], entropy: 1.0614, loss: 2.4380, lr: 6.78e-07
     Epoch[7] Iteration[310/384], entropy: 1.0008, loss: 2.3743, lr: 3.56e-06
     Epoch[7] Iteration[320/384], entropy: 0.7802, loss: 2.2054, lr: 4.98e-06
     Epoch[7] Iteration[330/384], entropy: 0.8314, loss: 2.1448, lr: 2.97e-06
     Epoch[7] Iteration[340/384], entropy: 0.9082, loss: 2.2995, lr: 3.09e-07
     Epoch[7] Iteration[350/384], entropy: 0.9001, loss: 2.3151, lr: 6.78e-07
     Epoch[7] Iteration[360/384], entropy: 0.8388, loss: 2.1882, lr: 3.56e-06
     Epoch[7] Iteration[370/384], entropy: 0.9545, loss: 2.3818, lr: 4.98e-06
     Epoch[7] Iteration[380/384], entropy: 0.9278, loss: 2.3006, lr: 2.97e-06
     Averaged stats: entropy: 0.7180, loss: 2.0885, lr: 1.73e-06
     itm tta time 0:00:39
### TTA Eval Score: 
+-------+--------+--------+--------+--------+--------+
| epoch |   R1   |   R5   |  R10   |  mAP   |  mINP  |
+-------+--------+--------+--------+--------+--------+
|  -999 | 77.680 | 91.407 | 94.883 | 69.300 | 53.366 |
|   0   | 77.729 | 91.423 | 94.867 | 69.308 | 53.363 |
|   1   | 77.729 | 91.423 | 94.851 | 69.298 | 53.354 |
|   2   | 77.729 | 91.423 | 94.851 | 69.296 | 53.358 |
|   3   | 77.680 | 91.407 | 94.818 | 69.296 | 53.372 |
|   4   | 77.680 | 91.407 | 94.802 | 69.292 | 53.367 |
|   5   | 77.664 | 91.423 | 94.834 | 69.303 | 53.375 |
|   6   | 77.648 | 91.439 | 94.851 | 69.293 | 53.371 |
|   7   | 77.632 | 91.439 | 94.834 | 69.298 | 53.378 |
+-------+--------+--------+--------+--------+--------+
     logs:  {'epo': 7, 'R1': 77.632, 'R5': 91.439, 'R10': 94.834, 'mAP': 69.298, 'mINP': 53.378, 'entropy': 0.8627488409218035, 'loss': 2.2236272284859107, 'lr': 2.605610217596395e-06}
     Epoch[8] Iteration[10/384], entropy: 0.7262, loss: 2.1065, lr: 0.00e+00
     Epoch[8] Iteration[20/384], entropy: 0.9558, loss: 2.3339, lr: 1.73e-06
     Epoch[8] Iteration[30/384], entropy: 0.7232, loss: 2.0049, lr: 4.52e-06
     Epoch[8] Iteration[40/384], entropy: 0.9355, loss: 2.3176, lr: 4.52e-06
     Epoch[8] Iteration[50/384], entropy: 1.1736, loss: 2.5690, lr: 1.73e-06
     Epoch[8] Iteration[60/384], entropy: 0.8025, loss: 2.1315, lr: 0.00e+00
     Epoch[8] Iteration[70/384], entropy: 0.8861, loss: 2.2285, lr: 1.73e-06
     Epoch[8] Iteration[80/384], entropy: 0.8090, loss: 2.1718, lr: 4.52e-06
     Epoch[8] Iteration[90/384], entropy: 0.8424, loss: 2.2271, lr: 4.52e-06
     Epoch[8] Iteration[100/384], entropy: 0.7665, loss: 2.1426, lr: 1.73e-06
     Epoch[8] Iteration[110/384], entropy: 0.7482, loss: 2.1303, lr: 0.00e+00
     Epoch[8] Iteration[120/384], entropy: 0.9391, loss: 2.2126, lr: 1.73e-06
     Epoch[8] Iteration[130/384], entropy: 0.9843, loss: 2.3190, lr: 4.52e-06
     Epoch[8] Iteration[140/384], entropy: 0.7509, loss: 2.1952, lr: 4.52e-06
     Epoch[8] Iteration[150/384], entropy: 0.8977, loss: 2.3125, lr: 1.73e-06
     Epoch[8] Iteration[160/384], entropy: 1.0616, loss: 2.4257, lr: 0.00e+00
     Epoch[8] Iteration[170/384], entropy: 0.8408, loss: 2.2828, lr: 1.73e-06
     Epoch[8] Iteration[180/384], entropy: 0.8718, loss: 2.2355, lr: 4.52e-06
     Epoch[8] Iteration[190/384], entropy: 0.8839, loss: 2.2254, lr: 4.52e-06
     Epoch[8] Iteration[200/384], entropy: 0.8196, loss: 2.1469, lr: 1.73e-06
     Epoch[8] Iteration[210/384], entropy: 1.0396, loss: 2.4750, lr: 0.00e+00
     Epoch[8] Iteration[220/384], entropy: 0.9751, loss: 2.3121, lr: 1.73e-06
     Epoch[8] Iteration[230/384], entropy: 0.7122, loss: 2.0847, lr: 4.52e-06
     Epoch[8] Iteration[240/384], entropy: 1.0157, loss: 2.3939, lr: 4.52e-06
     Epoch[8] Iteration[250/384], entropy: 0.8615, loss: 2.2883, lr: 1.73e-06
     Epoch[8] Iteration[260/384], entropy: 1.0203, loss: 2.3192, lr: 0.00e+00
     Epoch[8] Iteration[270/384], entropy: 0.6836, loss: 1.9567, lr: 1.73e-06
     Epoch[8] Iteration[280/384], entropy: 0.9464, loss: 2.2417, lr: 4.52e-06
     Epoch[8] Iteration[290/384], entropy: 1.0600, loss: 2.4449, lr: 4.52e-06
     Epoch[8] Iteration[300/384], entropy: 0.8371, loss: 2.1574, lr: 1.73e-06
     Epoch[8] Iteration[310/384], entropy: 0.8304, loss: 2.1844, lr: 0.00e+00
     Epoch[8] Iteration[320/384], entropy: 0.8623, loss: 2.2339, lr: 1.73e-06
     Epoch[8] Iteration[330/384], entropy: 0.7294, loss: 2.0499, lr: 4.52e-06
     Epoch[8] Iteration[340/384], entropy: 0.9781, loss: 2.2691, lr: 4.52e-06
     Epoch[8] Iteration[350/384], entropy: 0.4935, loss: 1.7837, lr: 1.73e-06
     Epoch[8] Iteration[360/384], entropy: 0.6801, loss: 2.0128, lr: 0.00e+00
     Epoch[8] Iteration[370/384], entropy: 0.8546, loss: 2.1929, lr: 1.73e-06
     Epoch[8] Iteration[380/384], entropy: 1.0885, loss: 2.4175, lr: 4.52e-06
     Averaged stats: entropy: 0.8389, loss: 2.1768, lr: 4.98e-06
     itm tta time 0:00:39
### TTA Eval Score: 
+-------+--------+--------+--------+--------+--------+
| epoch |   R1   |   R5   |  R10   |  mAP   |  mINP  |
+-------+--------+--------+--------+--------+--------+
|  -999 | 77.680 | 91.407 | 94.883 | 69.300 | 53.366 |
|   0   | 77.729 | 91.423 | 94.867 | 69.308 | 53.363 |
|   1   | 77.729 | 91.423 | 94.851 | 69.298 | 53.354 |
|   2   | 77.729 | 91.423 | 94.851 | 69.296 | 53.358 |
|   3   | 77.680 | 91.407 | 94.818 | 69.296 | 53.372 |
|   4   | 77.680 | 91.407 | 94.802 | 69.292 | 53.367 |
|   5   | 77.664 | 91.423 | 94.834 | 69.303 | 53.375 |
|   6   | 77.648 | 91.439 | 94.851 | 69.293 | 53.371 |
|   7   | 77.632 | 91.439 | 94.834 | 69.298 | 53.378 |
|   8   | 77.648 | 91.472 | 94.851 | 69.287 | 53.366 |
+-------+--------+--------+--------+--------+--------+
     logs:  {'epo': 8, 'R1': 77.648, 'R5': 91.472, 'R10': 94.851, 'mAP': 69.287, 'mINP': 53.366, 'entropy': 0.8707143946697837, 'loss': 2.224676649821432, 'lr': 2.4671052631579265e-06}
     Epoch[9] Iteration[10/384], entropy: 0.9252, loss: 2.2466, lr: 3.56e-06
     Epoch[9] Iteration[20/384], entropy: 0.6983, loss: 1.9873, lr: 6.78e-07
     Epoch[9] Iteration[30/384], entropy: 0.8610, loss: 2.1931, lr: 3.09e-07
     Epoch[9] Iteration[40/384], entropy: 0.8448, loss: 2.2206, lr: 2.97e-06
     Epoch[9] Iteration[50/384], entropy: 0.9078, loss: 2.2601, lr: 4.98e-06
     Epoch[9] Iteration[60/384], entropy: 0.8018, loss: 2.1928, lr: 3.56e-06
     Epoch[9] Iteration[70/384], entropy: 0.6038, loss: 1.9355, lr: 6.78e-07
     Epoch[9] Iteration[80/384], entropy: 1.1330, loss: 2.4955, lr: 3.09e-07
     Epoch[9] Iteration[90/384], entropy: 0.9904, loss: 2.3013, lr: 2.97e-06
     Epoch[9] Iteration[100/384], entropy: 1.0742, loss: 2.4240, lr: 4.98e-06
     Epoch[9] Iteration[110/384], entropy: 0.7625, loss: 2.0617, lr: 3.56e-06
     Epoch[9] Iteration[120/384], entropy: 0.9944, loss: 2.2245, lr: 6.78e-07
     Epoch[9] Iteration[130/384], entropy: 0.7525, loss: 2.0411, lr: 3.09e-07
     Epoch[9] Iteration[140/384], entropy: 1.0074, loss: 2.3908, lr: 2.97e-06
     Epoch[9] Iteration[150/384], entropy: 0.8253, loss: 2.1903, lr: 4.98e-06
     Epoch[9] Iteration[160/384], entropy: 0.9193, loss: 2.2512, lr: 3.56e-06
     Epoch[9] Iteration[170/384], entropy: 0.8476, loss: 2.2611, lr: 6.78e-07
     Epoch[9] Iteration[180/384], entropy: 0.9399, loss: 2.3081, lr: 3.09e-07
     Epoch[9] Iteration[190/384], entropy: 0.9833, loss: 2.4059, lr: 2.97e-06
     Epoch[9] Iteration[200/384], entropy: 0.8052, loss: 2.2224, lr: 4.98e-06
     Epoch[9] Iteration[210/384], entropy: 0.6292, loss: 1.9551, lr: 3.56e-06
     Epoch[9] Iteration[220/384], entropy: 0.9553, loss: 2.2672, lr: 6.78e-07
     Epoch[9] Iteration[230/384], entropy: 0.9220, loss: 2.1907, lr: 3.09e-07
     Epoch[9] Iteration[240/384], entropy: 0.8036, loss: 2.1525, lr: 2.97e-06
     Epoch[9] Iteration[250/384], entropy: 0.9311, loss: 2.2818, lr: 4.98e-06
     Epoch[9] Iteration[260/384], entropy: 0.8191, loss: 2.1876, lr: 3.56e-06
     Epoch[9] Iteration[270/384], entropy: 0.9754, loss: 2.3332, lr: 6.78e-07
     Epoch[9] Iteration[280/384], entropy: 0.9725, loss: 2.3464, lr: 3.09e-07
     Epoch[9] Iteration[290/384], entropy: 0.7982, loss: 2.0655, lr: 2.97e-06
     Epoch[9] Iteration[300/384], entropy: 0.9345, loss: 2.3746, lr: 4.98e-06
     Epoch[9] Iteration[310/384], entropy: 0.8847, loss: 2.1978, lr: 3.56e-06
     Epoch[9] Iteration[320/384], entropy: 0.9945, loss: 2.2965, lr: 6.78e-07
     Epoch[9] Iteration[330/384], entropy: 0.8830, loss: 2.2780, lr: 3.09e-07
     Epoch[9] Iteration[340/384], entropy: 0.9571, loss: 2.2955, lr: 2.97e-06
     Epoch[9] Iteration[350/384], entropy: 0.9644, loss: 2.3975, lr: 4.98e-06
     Epoch[9] Iteration[360/384], entropy: 0.9057, loss: 2.2373, lr: 3.56e-06
     Epoch[9] Iteration[370/384], entropy: 0.8292, loss: 2.1760, lr: 6.78e-07
     Epoch[9] Iteration[380/384], entropy: 0.6496, loss: 1.9640, lr: 3.09e-07
     Averaged stats: entropy: 0.9651, loss: 2.3661, lr: 1.16e-06
     itm tta time 0:00:41
### TTA Eval Score: 
+-------+--------+--------+--------+--------+--------+
| epoch |   R1   |   R5   |  R10   |  mAP   |  mINP  |
+-------+--------+--------+--------+--------+--------+
|  -999 | 77.680 | 91.407 | 94.883 | 69.300 | 53.366 |
|   0   | 77.729 | 91.423 | 94.867 | 69.308 | 53.363 |
|   1   | 77.729 | 91.423 | 94.851 | 69.298 | 53.354 |
|   2   | 77.729 | 91.423 | 94.851 | 69.296 | 53.358 |
|   3   | 77.680 | 91.407 | 94.818 | 69.296 | 53.372 |
|   4   | 77.680 | 91.407 | 94.802 | 69.292 | 53.367 |
|   5   | 77.664 | 91.423 | 94.834 | 69.303 | 53.375 |
|   6   | 77.648 | 91.439 | 94.851 | 69.293 | 53.371 |
|   7   | 77.632 | 91.439 | 94.834 | 69.298 | 53.378 |
|   8   | 77.648 | 91.472 | 94.851 | 69.287 | 53.366 |
|   9   | 77.664 | 91.455 | 94.818 | 69.283 | 53.338 |
+-------+--------+--------+--------+--------+--------+
     logs:  {'epo': 9, 'R1': 77.664, 'R5': 91.455, 'R10': 94.818, 'mAP': 69.283, 'mINP': 53.338, 'entropy': 0.881232771434282, 'loss': 2.226606663904692, 'lr': 2.4224015779012973e-06}
     Epoch[10] Iteration[10/384], entropy: 0.6409, loss: 1.9575, lr: 4.09e-06
     Epoch[10] Iteration[20/384], entropy: 1.1453, loss: 2.4937, lr: 4.82e-06
     Epoch[10] Iteration[30/384], entropy: 0.9697, loss: 2.3401, lr: 2.34e-06
     Epoch[10] Iteration[40/384], entropy: 0.8491, loss: 2.2800, lr: 7.85e-08
     Epoch[10] Iteration[50/384], entropy: 0.9783, loss: 2.3631, lr: 1.16e-06
     Epoch[10] Iteration[60/384], entropy: 0.6912, loss: 1.9765, lr: 4.09e-06
     Epoch[10] Iteration[70/384], entropy: 0.5400, loss: 1.8977, lr: 4.82e-06
     Epoch[10] Iteration[80/384], entropy: 0.8287, loss: 2.1816, lr: 2.34e-06
     Epoch[10] Iteration[90/384], entropy: 0.8106, loss: 2.1691, lr: 7.85e-08
     Epoch[10] Iteration[100/384], entropy: 0.7039, loss: 2.0139, lr: 1.16e-06
     Epoch[10] Iteration[110/384], entropy: 1.1216, loss: 2.5327, lr: 4.09e-06
     Epoch[10] Iteration[120/384], entropy: 0.6164, loss: 2.0164, lr: 4.82e-06
     Epoch[10] Iteration[130/384], entropy: 1.1123, loss: 2.4787, lr: 2.34e-06
     Epoch[10] Iteration[140/384], entropy: 0.7349, loss: 2.0782, lr: 7.85e-08
     Epoch[10] Iteration[150/384], entropy: 1.1000, loss: 2.5030, lr: 1.16e-06
     Epoch[10] Iteration[160/384], entropy: 1.0169, loss: 2.3701, lr: 4.09e-06
     Epoch[10] Iteration[170/384], entropy: 0.6987, loss: 1.9974, lr: 4.82e-06
     Epoch[10] Iteration[180/384], entropy: 0.8964, loss: 2.2391, lr: 2.66e-06
     Epoch[10] Iteration[190/384], entropy: 1.0534, loss: 2.3751, lr: 1.76e-07
     Epoch[10] Iteration[200/384], entropy: 0.7457, loss: 2.1497, lr: 9.06e-07
     Epoch[10] Iteration[210/384], entropy: 0.7882, loss: 2.1909, lr: 3.84e-06
     Epoch[10] Iteration[220/384], entropy: 0.7290, loss: 2.1243, lr: 4.92e-06
     Epoch[10] Iteration[230/384], entropy: 1.0037, loss: 2.3903, lr: 2.66e-06
     Epoch[10] Iteration[240/384], entropy: 0.8118, loss: 2.1584, lr: 1.76e-07
     Epoch[10] Iteration[250/384], entropy: 0.7144, loss: 2.0929, lr: 9.06e-07
     Epoch[10] Iteration[260/384], entropy: 0.6867, loss: 2.0678, lr: 3.84e-06
     Epoch[10] Iteration[270/384], entropy: 1.0099, loss: 2.3783, lr: 4.92e-06
     Epoch[10] Iteration[280/384], entropy: 1.0375, loss: 2.4391, lr: 2.66e-06
     Epoch[10] Iteration[290/384], entropy: 0.7831, loss: 2.1285, lr: 1.76e-07
     Epoch[10] Iteration[300/384], entropy: 0.7908, loss: 2.1484, lr: 9.06e-07
     Epoch[10] Iteration[310/384], entropy: 1.0492, loss: 2.3176, lr: 3.84e-06
     Epoch[10] Iteration[320/384], entropy: 0.7426, loss: 2.0839, lr: 4.92e-06
     Epoch[10] Iteration[330/384], entropy: 1.1657, loss: 2.5135, lr: 2.66e-06
     Epoch[10] Iteration[340/384], entropy: 0.7816, loss: 2.1106, lr: 1.76e-07
     Epoch[10] Iteration[350/384], entropy: 0.9532, loss: 2.2810, lr: 9.06e-07
     Epoch[10] Iteration[360/384], entropy: 0.6971, loss: 2.0080, lr: 3.84e-06
     Epoch[10] Iteration[370/384], entropy: 0.8061, loss: 2.1314, lr: 4.92e-06
     Epoch[10] Iteration[380/384], entropy: 0.7806, loss: 2.1013, lr: 2.66e-06
     Averaged stats: entropy: 1.0841, loss: 2.4623, lr: 1.44e-06
     itm tta time 0:00:40
### TTA Eval Score: 
+-------+--------+--------+--------+--------+--------+
| epoch |   R1   |   R5   |  R10   |  mAP   |  mINP  |
+-------+--------+--------+--------+--------+--------+
|  -999 | 77.680 | 91.407 | 94.883 | 69.300 | 53.366 |
|   0   | 77.729 | 91.423 | 94.867 | 69.308 | 53.363 |
|   1   | 77.729 | 91.423 | 94.851 | 69.298 | 53.354 |
|   2   | 77.729 | 91.423 | 94.851 | 69.296 | 53.358 |
|   3   | 77.680 | 91.407 | 94.818 | 69.296 | 53.372 |
|   4   | 77.680 | 91.407 | 94.802 | 69.292 | 53.367 |
|   5   | 77.664 | 91.423 | 94.834 | 69.303 | 53.375 |
|   6   | 77.648 | 91.439 | 94.851 | 69.293 | 53.371 |
|   7   | 77.632 | 91.439 | 94.834 | 69.298 | 53.378 |
|   8   | 77.648 | 91.472 | 94.851 | 69.287 | 53.366 |
|   9   | 77.664 | 91.455 | 94.818 | 69.283 | 53.338 |
|   10  | 77.664 | 91.455 | 94.818 | 69.287 | 53.344 |
+-------+--------+--------+--------+--------+--------+
     logs:  {'epo': 10, 'R1': 77.664, 'R5': 91.455, 'R10': 94.818, 'mAP': 69.287, 'mINP': 53.344, 'entropy': 0.8575110310002377, 'loss': 2.2126242769391915, 'lr': 2.607236249681995e-06}
     Epoch[11] Iteration[10/384], entropy: 1.0354, loss: 2.3678, lr: 1.97e-08
     Epoch[11] Iteration[20/384], entropy: 0.8710, loss: 2.2528, lr: 2.03e-06
     Epoch[11] Iteration[30/384], entropy: 1.0992, loss: 2.4727, lr: 4.69e-06
     Epoch[11] Iteration[40/384], entropy: 1.1096, loss: 2.5532, lr: 4.32e-06
     Epoch[11] Iteration[50/384], entropy: 0.8527, loss: 2.2445, lr: 1.44e-06
     Epoch[11] Iteration[60/384], entropy: 0.7397, loss: 2.1158, lr: 1.97e-08
     Epoch[11] Iteration[70/384], entropy: 0.7276, loss: 2.0779, lr: 2.03e-06
     Epoch[11] Iteration[80/384], entropy: 0.8497, loss: 2.2367, lr: 4.69e-06
     Epoch[11] Iteration[90/384], entropy: 0.9880, loss: 2.3210, lr: 4.32e-06
     Epoch[11] Iteration[100/384], entropy: 1.0089, loss: 2.3380, lr: 1.44e-06
     Epoch[11] Iteration[110/384], entropy: 0.9894, loss: 2.3472, lr: 1.97e-08
     Epoch[11] Iteration[120/384], entropy: 0.8016, loss: 2.1080, lr: 2.03e-06
     Epoch[11] Iteration[130/384], entropy: 0.9517, loss: 2.2953, lr: 4.69e-06
     Epoch[11] Iteration[140/384], entropy: 0.7837, loss: 2.1938, lr: 4.32e-06
     Epoch[11] Iteration[150/384], entropy: 0.8960, loss: 2.2475, lr: 1.44e-06
     Epoch[11] Iteration[160/384], entropy: 0.8200, loss: 2.1481, lr: 1.97e-08
     Epoch[11] Iteration[170/384], entropy: 1.0797, loss: 2.4387, lr: 2.03e-06
     Epoch[11] Iteration[180/384], entropy: 0.9688, loss: 2.3927, lr: 4.69e-06
     Epoch[11] Iteration[190/384], entropy: 0.7706, loss: 2.0689, lr: 4.32e-06
     Epoch[11] Iteration[200/384], entropy: 0.8548, loss: 2.1738, lr: 1.44e-06
     Epoch[11] Iteration[210/384], entropy: 0.7241, loss: 2.0083, lr: 1.97e-08
     Epoch[11] Iteration[220/384], entropy: 0.7205, loss: 2.1329, lr: 2.03e-06
     Epoch[11] Iteration[230/384], entropy: 1.0669, loss: 2.4046, lr: 4.69e-06
     Epoch[11] Iteration[240/384], entropy: 1.1373, loss: 2.4605, lr: 4.32e-06
     Epoch[11] Iteration[250/384], entropy: 0.9321, loss: 2.3162, lr: 1.44e-06
     Epoch[11] Iteration[260/384], entropy: 0.6455, loss: 2.0512, lr: 1.97e-08
     Epoch[11] Iteration[270/384], entropy: 0.7518, loss: 2.0356, lr: 2.03e-06
     Epoch[11] Iteration[280/384], entropy: 1.0329, loss: 2.3109, lr: 4.69e-06
     Epoch[11] Iteration[290/384], entropy: 1.0181, loss: 2.3796, lr: 4.32e-06
     Epoch[11] Iteration[300/384], entropy: 0.7717, loss: 2.1274, lr: 1.44e-06
     Epoch[11] Iteration[310/384], entropy: 0.8921, loss: 2.3204, lr: 1.97e-08
     Epoch[11] Iteration[320/384], entropy: 0.7368, loss: 2.0782, lr: 2.03e-06
     Epoch[11] Iteration[330/384], entropy: 1.0129, loss: 2.3753, lr: 4.69e-06
     Epoch[11] Iteration[340/384], entropy: 1.0333, loss: 2.3995, lr: 4.32e-06
     Epoch[11] Iteration[350/384], entropy: 0.8644, loss: 2.1937, lr: 1.44e-06
     Epoch[11] Iteration[360/384], entropy: 0.7533, loss: 2.0400, lr: 1.97e-08
     Epoch[11] Iteration[370/384], entropy: 0.7024, loss: 2.0848, lr: 2.03e-06
     Epoch[11] Iteration[380/384], entropy: 0.9419, loss: 2.2848, lr: 4.69e-06
     Averaged stats: entropy: 1.2390, loss: 2.5915, lr: 5.00e-06
     itm tta time 0:00:41
### TTA Eval Score: 
+-------+--------+--------+--------+--------+--------+
| epoch |   R1   |   R5   |  R10   |  mAP   |  mINP  |
+-------+--------+--------+--------+--------+--------+
|  -999 | 77.680 | 91.407 | 94.883 | 69.300 | 53.366 |
|   0   | 77.729 | 91.423 | 94.867 | 69.308 | 53.363 |
|   1   | 77.729 | 91.423 | 94.851 | 69.298 | 53.354 |
|   2   | 77.729 | 91.423 | 94.851 | 69.296 | 53.358 |
|   3   | 77.680 | 91.407 | 94.818 | 69.296 | 53.372 |
|   4   | 77.680 | 91.407 | 94.802 | 69.292 | 53.367 |
|   5   | 77.664 | 91.423 | 94.834 | 69.303 | 53.375 |
|   6   | 77.648 | 91.439 | 94.851 | 69.293 | 53.371 |
|   7   | 77.632 | 91.439 | 94.834 | 69.298 | 53.378 |
|   8   | 77.648 | 91.472 | 94.851 | 69.287 | 53.366 |
|   9   | 77.664 | 91.455 | 94.818 | 69.283 | 53.338 |
|   10  | 77.664 | 91.455 | 94.818 | 69.287 | 53.344 |
|   11  | 77.745 | 91.455 | 94.802 | 69.294 | 53.334 |
+-------+--------+--------+--------+--------+--------+
     logs:  {'epo': 11, 'R1': 77.745, 'R5': 91.455, 'R10': 94.802, 'mAP': 69.294, 'mINP': 53.334, 'entropy': 0.8930619908006567, 'loss': 2.247321367263794, 'lr': 2.480053333167348e-06}
     Epoch[12] Iteration[10/384], entropy: 0.6360, loss: 2.0248, lr: 3.27e-06
     Epoch[12] Iteration[20/384], entropy: 0.9589, loss: 2.2615, lr: 4.77e-07
     Epoch[12] Iteration[30/384], entropy: 0.9596, loss: 2.3517, lr: 4.77e-07
     Epoch[12] Iteration[40/384], entropy: 0.5914, loss: 1.9587, lr: 3.27e-06
     Epoch[12] Iteration[50/384], entropy: 0.8114, loss: 2.2022, lr: 5.00e-06
     Epoch[12] Iteration[60/384], entropy: 0.8024, loss: 2.1701, lr: 3.27e-06
     Epoch[12] Iteration[70/384], entropy: 0.8772, loss: 2.2476, lr: 4.77e-07
     Epoch[12] Iteration[80/384], entropy: 1.0046, loss: 2.3776, lr: 4.77e-07
     Epoch[12] Iteration[90/384], entropy: 0.8710, loss: 2.2492, lr: 3.27e-06
     Epoch[12] Iteration[100/384], entropy: 0.9273, loss: 2.2540, lr: 5.00e-06
     Epoch[12] Iteration[110/384], entropy: 0.7830, loss: 2.1008, lr: 3.27e-06
     Epoch[12] Iteration[120/384], entropy: 0.9684, loss: 2.4079, lr: 4.77e-07
     Epoch[12] Iteration[130/384], entropy: 1.0260, loss: 2.3489, lr: 4.77e-07
     Epoch[12] Iteration[140/384], entropy: 1.0382, loss: 2.4313, lr: 3.27e-06
     Epoch[12] Iteration[150/384], entropy: 0.8688, loss: 2.2069, lr: 5.00e-06
     Epoch[12] Iteration[160/384], entropy: 0.8210, loss: 2.1992, lr: 3.27e-06
     Epoch[12] Iteration[170/384], entropy: 0.6953, loss: 2.0560, lr: 4.77e-07
     Epoch[12] Iteration[180/384], entropy: 1.0782, loss: 2.4143, lr: 4.77e-07
     Epoch[12] Iteration[190/384], entropy: 0.8380, loss: 2.2479, lr: 3.27e-06
     Epoch[12] Iteration[200/384], entropy: 0.8057, loss: 2.1865, lr: 5.00e-06
     Epoch[12] Iteration[210/384], entropy: 0.8412, loss: 2.1377, lr: 3.27e-06
     Epoch[12] Iteration[220/384], entropy: 0.9189, loss: 2.2674, lr: 4.77e-07
     Epoch[12] Iteration[230/384], entropy: 0.8858, loss: 2.2449, lr: 4.77e-07
     Epoch[12] Iteration[240/384], entropy: 1.0377, loss: 2.4408, lr: 3.27e-06
     Epoch[12] Iteration[250/384], entropy: 0.7419, loss: 2.0342, lr: 5.00e-06
     Epoch[12] Iteration[260/384], entropy: 1.1003, loss: 2.4312, lr: 3.27e-06
     Epoch[12] Iteration[270/384], entropy: 0.7864, loss: 2.1719, lr: 4.77e-07
     Epoch[12] Iteration[280/384], entropy: 0.7834, loss: 2.1442, lr: 4.77e-07
     Epoch[12] Iteration[290/384], entropy: 0.7513, loss: 2.0633, lr: 3.27e-06
     Epoch[12] Iteration[300/384], entropy: 0.8528, loss: 2.1872, lr: 5.00e-06
     Epoch[12] Iteration[310/384], entropy: 0.8928, loss: 2.2020, lr: 3.27e-06
     Epoch[12] Iteration[320/384], entropy: 0.8666, loss: 2.2868, lr: 4.77e-07
     Epoch[12] Iteration[330/384], entropy: 0.7993, loss: 2.1251, lr: 4.77e-07
     Epoch[12] Iteration[340/384], entropy: 0.9236, loss: 2.3211, lr: 3.27e-06
     Epoch[12] Iteration[350/384], entropy: 0.8357, loss: 2.1394, lr: 5.00e-06
     Epoch[12] Iteration[360/384], entropy: 0.9243, loss: 2.2958, lr: 3.27e-06
     Epoch[12] Iteration[370/384], entropy: 0.8783, loss: 2.1974, lr: 4.77e-07
     Epoch[12] Iteration[380/384], entropy: 0.8459, loss: 2.2182, lr: 4.77e-07
     Averaged stats: entropy: 1.0183, loss: 2.4261, lr: 1.44e-06
     itm tta time 0:00:40
### TTA Eval Score: 
+-------+--------+--------+--------+--------+--------+
| epoch |   R1   |   R5   |  R10   |  mAP   |  mINP  |
+-------+--------+--------+--------+--------+--------+
|  -999 | 77.680 | 91.407 | 94.883 | 69.300 | 53.366 |
|   0   | 77.729 | 91.423 | 94.867 | 69.308 | 53.363 |
|   1   | 77.729 | 91.423 | 94.851 | 69.298 | 53.354 |
|   2   | 77.729 | 91.423 | 94.851 | 69.296 | 53.358 |
|   3   | 77.680 | 91.407 | 94.818 | 69.296 | 53.372 |
|   4   | 77.680 | 91.407 | 94.802 | 69.292 | 53.367 |
|   5   | 77.664 | 91.423 | 94.834 | 69.303 | 53.375 |
|   6   | 77.648 | 91.439 | 94.851 | 69.293 | 53.371 |
|   7   | 77.632 | 91.439 | 94.834 | 69.298 | 53.378 |
|   8   | 77.648 | 91.472 | 94.851 | 69.287 | 53.366 |
|   9   | 77.664 | 91.455 | 94.818 | 69.283 | 53.338 |
|   10  | 77.664 | 91.455 | 94.818 | 69.287 | 53.344 |
|   11  | 77.745 | 91.455 | 94.802 | 69.294 | 53.334 |
|   12  | 77.729 | 91.423 | 94.818 | 69.292 | 53.330 |
+-------+--------+--------+--------+--------+--------+
     logs:  {'epo': 12, 'R1': 77.729, 'R5': 91.423, 'R10': 94.818, 'mAP': 69.292, 'mINP': 53.33, 'entropy': 0.8691679427498266, 'loss': 2.2264716625213623, 'lr': 2.4138804608963474e-06}
     Epoch[13] Iteration[10/384], entropy: 0.7046, loss: 1.9691, lr: 4.32e-06
     Epoch[13] Iteration[20/384], entropy: 1.0616, loss: 2.4526, lr: 4.69e-06
     Epoch[13] Iteration[30/384], entropy: 0.7179, loss: 2.0817, lr: 2.03e-06
     Epoch[13] Iteration[40/384], entropy: 0.6928, loss: 1.9417, lr: 1.97e-08
     Epoch[13] Iteration[50/384], entropy: 1.0186, loss: 2.4558, lr: 1.44e-06
     Epoch[13] Iteration[60/384], entropy: 0.9845, loss: 2.3390, lr: 4.32e-06
     Epoch[13] Iteration[70/384], entropy: 0.9554, loss: 2.3266, lr: 4.69e-06
     Epoch[13] Iteration[80/384], entropy: 0.7792, loss: 2.1814, lr: 2.03e-06
     Epoch[13] Iteration[90/384], entropy: 0.9699, loss: 2.3226, lr: 1.97e-08
     Epoch[13] Iteration[100/384], entropy: 0.7074, loss: 2.0973, lr: 1.44e-06
     Epoch[13] Iteration[110/384], entropy: 0.9240, loss: 2.3027, lr: 4.32e-06
     Epoch[13] Iteration[120/384], entropy: 0.9004, loss: 2.2682, lr: 4.69e-06
     Epoch[13] Iteration[130/384], entropy: 0.8452, loss: 2.1500, lr: 2.03e-06
     Epoch[13] Iteration[140/384], entropy: 0.6825, loss: 2.0639, lr: 1.97e-08
     Epoch[13] Iteration[150/384], entropy: 0.7233, loss: 2.0754, lr: 1.44e-06
     Epoch[13] Iteration[160/384], entropy: 0.7516, loss: 2.1034, lr: 4.32e-06
     Epoch[13] Iteration[170/384], entropy: 1.0203, loss: 2.4150, lr: 4.69e-06
     Epoch[13] Iteration[180/384], entropy: 0.9093, loss: 2.2069, lr: 2.03e-06
     Epoch[13] Iteration[190/384], entropy: 0.7844, loss: 2.1539, lr: 1.97e-08
     Epoch[13] Iteration[200/384], entropy: 0.6823, loss: 2.0962, lr: 1.44e-06
     Epoch[13] Iteration[210/384], entropy: 0.6651, loss: 2.0776, lr: 4.32e-06
     Epoch[13] Iteration[220/384], entropy: 0.6484, loss: 2.0267, lr: 4.69e-06
     Epoch[13] Iteration[230/384], entropy: 0.8859, loss: 2.2280, lr: 2.03e-06
     Epoch[13] Iteration[240/384], entropy: 0.5925, loss: 1.9995, lr: 1.97e-08
     Epoch[13] Iteration[250/384], entropy: 0.9840, loss: 2.3478, lr: 1.44e-06
     Epoch[13] Iteration[260/384], entropy: 0.9388, loss: 2.2768, lr: 4.32e-06
     Epoch[13] Iteration[270/384], entropy: 0.6915, loss: 2.1346, lr: 4.69e-06
     Epoch[13] Iteration[280/384], entropy: 0.9171, loss: 2.2771, lr: 2.03e-06
     Epoch[13] Iteration[290/384], entropy: 0.9109, loss: 2.2753, lr: 1.97e-08
     Epoch[13] Iteration[300/384], entropy: 0.8086, loss: 2.0851, lr: 1.44e-06
     Epoch[13] Iteration[310/384], entropy: 1.0332, loss: 2.4502, lr: 4.32e-06
     Epoch[13] Iteration[320/384], entropy: 0.8701, loss: 2.2568, lr: 4.69e-06
     Epoch[13] Iteration[330/384], entropy: 0.8301, loss: 2.1552, lr: 2.03e-06
     Epoch[13] Iteration[340/384], entropy: 0.7947, loss: 2.1839, lr: 1.97e-08
     Epoch[13] Iteration[350/384], entropy: 0.8001, loss: 2.1112, lr: 1.44e-06
     Epoch[13] Iteration[360/384], entropy: 1.0328, loss: 2.3514, lr: 4.32e-06
     Epoch[13] Iteration[370/384], entropy: 0.7875, loss: 2.1120, lr: 4.69e-06
     Epoch[13] Iteration[380/384], entropy: 0.7399, loss: 2.0913, lr: 2.03e-06
     Averaged stats: entropy: 0.7897, loss: 2.1739, lr: 9.06e-07
     itm tta time 0:00:39
### TTA Eval Score: 
+-------+--------+--------+--------+--------+--------+
| epoch |   R1   |   R5   |  R10   |  mAP   |  mINP  |
+-------+--------+--------+--------+--------+--------+
|  -999 | 77.680 | 91.407 | 94.883 | 69.300 | 53.366 |
|   0   | 77.729 | 91.423 | 94.867 | 69.308 | 53.363 |
|   1   | 77.729 | 91.423 | 94.851 | 69.298 | 53.354 |
|   2   | 77.729 | 91.423 | 94.851 | 69.296 | 53.358 |
|   3   | 77.680 | 91.407 | 94.818 | 69.296 | 53.372 |
|   4   | 77.680 | 91.407 | 94.802 | 69.292 | 53.367 |
|   5   | 77.664 | 91.423 | 94.834 | 69.303 | 53.375 |
|   6   | 77.648 | 91.439 | 94.851 | 69.293 | 53.371 |
|   7   | 77.632 | 91.439 | 94.834 | 69.298 | 53.378 |
|   8   | 77.648 | 91.472 | 94.851 | 69.287 | 53.366 |
|   9   | 77.664 | 91.455 | 94.818 | 69.283 | 53.338 |
|   10  | 77.664 | 91.455 | 94.818 | 69.287 | 53.344 |
|   11  | 77.745 | 91.455 | 94.802 | 69.294 | 53.334 |
|   12  | 77.729 | 91.423 | 94.818 | 69.292 | 53.330 |
|   13  | 77.713 | 91.439 | 94.818 | 69.287 | 53.331 |
+-------+--------+--------+--------+--------+--------+
     logs:  {'epo': 13, 'R1': 77.713, 'R5': 91.439, 'R10': 94.818, 'mAP': 69.287, 'mINP': 53.331, 'entropy': 0.8354387675461016, 'loss': 2.195891295608721, 'lr': 2.593282499531555e-06}
     Epoch[14] Iteration[10/384], entropy: 0.7769, loss: 2.0828, lr: 1.76e-07
     Epoch[14] Iteration[20/384], entropy: 0.6066, loss: 2.0063, lr: 2.66e-06
     Epoch[14] Iteration[30/384], entropy: 0.8264, loss: 2.1339, lr: 4.92e-06
     Epoch[14] Iteration[40/384], entropy: 1.0376, loss: 2.3927, lr: 3.84e-06
     Epoch[14] Iteration[50/384], entropy: 0.9382, loss: 2.3216, lr: 9.06e-07
     Epoch[14] Iteration[60/384], entropy: 0.8754, loss: 2.2871, lr: 1.76e-07
     Epoch[14] Iteration[70/384], entropy: 1.0891, loss: 2.5174, lr: 2.66e-06
     Epoch[14] Iteration[80/384], entropy: 0.7459, loss: 2.1250, lr: 4.92e-06
     Epoch[14] Iteration[90/384], entropy: 0.9196, loss: 2.1703, lr: 3.84e-06
     Epoch[14] Iteration[100/384], entropy: 0.9298, loss: 2.3163, lr: 9.06e-07
     Epoch[14] Iteration[110/384], entropy: 0.8011, loss: 2.1288, lr: 1.76e-07
     Epoch[14] Iteration[120/384], entropy: 0.9199, loss: 2.3186, lr: 2.66e-06
     Epoch[14] Iteration[130/384], entropy: 0.9207, loss: 2.3349, lr: 4.92e-06
     Epoch[14] Iteration[140/384], entropy: 0.7388, loss: 2.0778, lr: 3.84e-06
     Epoch[14] Iteration[150/384], entropy: 0.9542, loss: 2.3816, lr: 9.06e-07
     Epoch[14] Iteration[160/384], entropy: 0.8137, loss: 2.1667, lr: 1.76e-07
     Epoch[14] Iteration[170/384], entropy: 0.9187, loss: 2.2113, lr: 2.66e-06
     Epoch[14] Iteration[180/384], entropy: 0.8789, loss: 2.3121, lr: 4.92e-06
     Epoch[14] Iteration[190/384], entropy: 0.6640, loss: 1.9930, lr: 3.84e-06
     Epoch[14] Iteration[200/384], entropy: 0.9216, loss: 2.2441, lr: 9.06e-07
     Epoch[14] Iteration[210/384], entropy: 0.8146, loss: 2.1608, lr: 1.76e-07
     Epoch[14] Iteration[220/384], entropy: 0.9588, loss: 2.2324, lr: 2.66e-06
     Epoch[14] Iteration[230/384], entropy: 1.0483, loss: 2.4684, lr: 4.92e-06
     Epoch[14] Iteration[240/384], entropy: 0.6692, loss: 2.1337, lr: 3.84e-06
     Epoch[14] Iteration[250/384], entropy: 0.7409, loss: 2.0965, lr: 9.06e-07
     Epoch[14] Iteration[260/384], entropy: 0.7348, loss: 2.0351, lr: 1.76e-07
     Epoch[14] Iteration[270/384], entropy: 0.6905, loss: 2.0955, lr: 2.66e-06
     Epoch[14] Iteration[280/384], entropy: 0.9597, loss: 2.3429, lr: 4.92e-06
     Epoch[14] Iteration[290/384], entropy: 0.8481, loss: 2.2269, lr: 3.84e-06
     Epoch[14] Iteration[300/384], entropy: 0.6371, loss: 1.9010, lr: 9.06e-07
     Epoch[14] Iteration[310/384], entropy: 1.0130, loss: 2.3726, lr: 1.76e-07
     Epoch[14] Iteration[320/384], entropy: 0.9819, loss: 2.3477, lr: 2.66e-06
     Epoch[14] Iteration[330/384], entropy: 0.9511, loss: 2.2876, lr: 4.92e-06
     Epoch[14] Iteration[340/384], entropy: 1.0008, loss: 2.2909, lr: 3.84e-06
     Epoch[14] Iteration[350/384], entropy: 0.9259, loss: 2.2930, lr: 9.06e-07
     Epoch[14] Iteration[360/384], entropy: 0.8044, loss: 2.1959, lr: 1.76e-07
     Epoch[14] Iteration[370/384], entropy: 1.0291, loss: 2.3948, lr: 2.66e-06
     Epoch[14] Iteration[380/384], entropy: 0.9489, loss: 2.3138, lr: 4.92e-06
     Averaged stats: entropy: 1.1706, loss: 2.5737, lr: 4.92e-06
     itm tta time 0:00:40
### TTA Eval Score: 
+-------+--------+--------+--------+--------+--------+
| epoch |   R1   |   R5   |  R10   |  mAP   |  mINP  |
+-------+--------+--------+--------+--------+--------+
|  -999 | 77.680 | 91.407 | 94.883 | 69.300 | 53.366 |
|   0   | 77.729 | 91.423 | 94.867 | 69.308 | 53.363 |
|   1   | 77.729 | 91.423 | 94.851 | 69.298 | 53.354 |
|   2   | 77.729 | 91.423 | 94.851 | 69.296 | 53.358 |
|   3   | 77.680 | 91.407 | 94.818 | 69.296 | 53.372 |
|   4   | 77.680 | 91.407 | 94.802 | 69.292 | 53.367 |
|   5   | 77.664 | 91.423 | 94.834 | 69.303 | 53.375 |
|   6   | 77.648 | 91.439 | 94.851 | 69.293 | 53.371 |
|   7   | 77.632 | 91.439 | 94.834 | 69.298 | 53.378 |
|   8   | 77.648 | 91.472 | 94.851 | 69.287 | 53.366 |
|   9   | 77.664 | 91.455 | 94.818 | 69.283 | 53.338 |
|   10  | 77.664 | 91.455 | 94.818 | 69.287 | 53.344 |
|   11  | 77.745 | 91.455 | 94.802 | 69.294 | 53.334 |
|   12  | 77.729 | 91.423 | 94.818 | 69.292 | 53.330 |
|   13  | 77.713 | 91.439 | 94.818 | 69.287 | 53.331 |
|   14  | 77.713 | 91.455 | 94.834 | 69.287 | 53.333 |
+-------+--------+--------+--------+--------+--------+
     logs:  {'epo': 14, 'R1': 77.713, 'R5': 91.455, 'R10': 94.834, 'mAP': 69.287, 'mINP': 53.333, 'entropy': 0.869322027030744, 'loss': 2.229259977215215, 'lr': 2.5066840259717107e-06}
     Epoch[15] Iteration[10/384], entropy: 0.8612, loss: 2.2490, lr: 2.66e-06
     Epoch[15] Iteration[20/384], entropy: 0.9905, loss: 2.3858, lr: 1.76e-07
     Epoch[15] Iteration[30/384], entropy: 0.5796, loss: 1.8799, lr: 9.06e-07
     Epoch[15] Iteration[40/384], entropy: 0.8279, loss: 2.1724, lr: 3.84e-06
     Epoch[15] Iteration[50/384], entropy: 1.1244, loss: 2.4939, lr: 4.92e-06
     Epoch[15] Iteration[60/384], entropy: 0.8190, loss: 2.1785, lr: 2.66e-06
     Epoch[15] Iteration[70/384], entropy: 0.5782, loss: 1.8561, lr: 1.76e-07
     Epoch[15] Iteration[80/384], entropy: 0.8801, loss: 2.2577, lr: 9.06e-07
     Epoch[15] Iteration[90/384], entropy: 0.6407, loss: 2.0602, lr: 3.84e-06
     Epoch[15] Iteration[100/384], entropy: 1.0647, loss: 2.4552, lr: 4.92e-06
     Epoch[15] Iteration[110/384], entropy: 0.7262, loss: 2.1035, lr: 2.66e-06
     Epoch[15] Iteration[120/384], entropy: 0.7500, loss: 2.1390, lr: 1.76e-07
     Epoch[15] Iteration[130/384], entropy: 1.0036, loss: 2.3935, lr: 9.06e-07
     Epoch[15] Iteration[140/384], entropy: 0.9223, loss: 2.2914, lr: 3.84e-06
     Epoch[15] Iteration[150/384], entropy: 0.7980, loss: 2.1545, lr: 4.92e-06
     Epoch[15] Iteration[160/384], entropy: 0.7909, loss: 2.0943, lr: 2.66e-06
     Epoch[15] Iteration[170/384], entropy: 1.0512, loss: 2.3914, lr: 1.76e-07
     Epoch[15] Iteration[180/384], entropy: 0.6924, loss: 2.0446, lr: 9.06e-07
     Epoch[15] Iteration[190/384], entropy: 1.1535, loss: 2.5375, lr: 3.84e-06
     Epoch[15] Iteration[200/384], entropy: 0.8565, loss: 2.1928, lr: 4.92e-06
     Epoch[15] Iteration[210/384], entropy: 1.0447, loss: 2.4229, lr: 2.66e-06
     Epoch[15] Iteration[220/384], entropy: 0.6631, loss: 1.9272, lr: 1.76e-07
     Epoch[15] Iteration[230/384], entropy: 0.7742, loss: 2.1259, lr: 9.06e-07
     Epoch[15] Iteration[240/384], entropy: 0.9204, loss: 2.2568, lr: 3.84e-06
     Epoch[15] Iteration[250/384], entropy: 0.7572, loss: 2.0851, lr: 4.92e-06
     Epoch[15] Iteration[260/384], entropy: 0.7369, loss: 2.0924, lr: 2.66e-06
     Epoch[15] Iteration[270/384], entropy: 0.8266, loss: 2.1679, lr: 3.09e-07
     Epoch[15] Iteration[280/384], entropy: 0.9975, loss: 2.3829, lr: 6.78e-07
     Epoch[15] Iteration[290/384], entropy: 0.8949, loss: 2.2199, lr: 3.56e-06
     Epoch[15] Iteration[300/384], entropy: 1.0317, loss: 2.3568, lr: 4.98e-06
     Epoch[15] Iteration[310/384], entropy: 0.7587, loss: 2.1447, lr: 2.97e-06
     Epoch[15] Iteration[320/384], entropy: 0.3739, loss: 1.6533, lr: 3.09e-07
     Epoch[15] Iteration[330/384], entropy: 1.0608, loss: 2.3757, lr: 6.78e-07
     Epoch[15] Iteration[340/384], entropy: 0.8671, loss: 2.2202, lr: 3.56e-06
     Epoch[15] Iteration[350/384], entropy: 0.6450, loss: 2.0000, lr: 4.98e-06
     Epoch[15] Iteration[360/384], entropy: 0.8108, loss: 2.1305, lr: 2.97e-06
     Epoch[15] Iteration[370/384], entropy: 0.7964, loss: 2.2204, lr: 3.09e-07
     Epoch[15] Iteration[380/384], entropy: 0.6753, loss: 2.0675, lr: 6.78e-07
     Averaged stats: entropy: 0.9672, loss: 2.3221, lr: 1.73e-06
     itm tta time 0:00:40
### TTA Eval Score: 
+-------+--------+--------+--------+--------+--------+
| epoch |   R1   |   R5   |  R10   |  mAP   |  mINP  |
+-------+--------+--------+--------+--------+--------+
|  -999 | 77.680 | 91.407 | 94.883 | 69.300 | 53.366 |
|   0   | 77.729 | 91.423 | 94.867 | 69.308 | 53.363 |
|   1   | 77.729 | 91.423 | 94.851 | 69.298 | 53.354 |
|   2   | 77.729 | 91.423 | 94.851 | 69.296 | 53.358 |
|   3   | 77.680 | 91.407 | 94.818 | 69.296 | 53.372 |
|   4   | 77.680 | 91.407 | 94.802 | 69.292 | 53.367 |
|   5   | 77.664 | 91.423 | 94.834 | 69.303 | 53.375 |
|   6   | 77.648 | 91.439 | 94.851 | 69.293 | 53.371 |
|   7   | 77.632 | 91.439 | 94.834 | 69.298 | 53.378 |
|   8   | 77.648 | 91.472 | 94.851 | 69.287 | 53.366 |
|   9   | 77.664 | 91.455 | 94.818 | 69.283 | 53.338 |
|   10  | 77.664 | 91.455 | 94.818 | 69.287 | 53.344 |
|   11  | 77.745 | 91.455 | 94.802 | 69.294 | 53.334 |
|   12  | 77.729 | 91.423 | 94.818 | 69.292 | 53.330 |
|   13  | 77.713 | 91.439 | 94.818 | 69.287 | 53.331 |
|   14  | 77.713 | 91.455 | 94.834 | 69.287 | 53.333 |
|   15  | 77.729 | 91.439 | 94.851 | 69.295 | 53.339 |
+-------+--------+--------+--------+--------+--------+
     logs:  {'epo': 15, 'R1': 77.729, 'R5': 91.439, 'R10': 94.851, 'mAP': 69.295, 'mINP': 53.339, 'entropy': 0.8354200618831735, 'loss': 2.188973859736794, 'lr': 2.3985207376358093e-06}
     Epoch[16] Iteration[10/384], entropy: 1.2841, loss: 2.6131, lr: 4.52e-06
     Epoch[16] Iteration[20/384], entropy: 0.7666, loss: 2.1737, lr: 4.52e-06
     Epoch[16] Iteration[30/384], entropy: 0.8353, loss: 2.2210, lr: 1.73e-06
     Epoch[16] Iteration[40/384], entropy: 0.7923, loss: 2.1167, lr: 0.00e+00
     Epoch[16] Iteration[50/384], entropy: 0.8737, loss: 2.2118, lr: 1.73e-06
     Epoch[16] Iteration[60/384], entropy: 0.9491, loss: 2.3387, lr: 4.52e-06
     Epoch[16] Iteration[70/384], entropy: 0.9523, loss: 2.4049, lr: 4.52e-06
     Epoch[16] Iteration[80/384], entropy: 0.8860, loss: 2.2105, lr: 1.73e-06
     Epoch[16] Iteration[90/384], entropy: 0.8295, loss: 2.1144, lr: 0.00e+00
     Epoch[16] Iteration[100/384], entropy: 0.7906, loss: 2.1711, lr: 1.73e-06
     Epoch[16] Iteration[110/384], entropy: 0.8304, loss: 2.2769, lr: 4.52e-06
     Epoch[16] Iteration[120/384], entropy: 1.1256, loss: 2.5651, lr: 4.52e-06
     Epoch[16] Iteration[130/384], entropy: 0.7001, loss: 2.0376, lr: 1.73e-06
     Epoch[16] Iteration[140/384], entropy: 0.8214, loss: 2.2291, lr: 0.00e+00
     Epoch[16] Iteration[150/384], entropy: 1.0329, loss: 2.3196, lr: 1.73e-06
     Epoch[16] Iteration[160/384], entropy: 0.8676, loss: 2.0927, lr: 4.52e-06
     Epoch[16] Iteration[170/384], entropy: 0.5670, loss: 1.8572, lr: 4.52e-06
     Epoch[16] Iteration[180/384], entropy: 0.7844, loss: 2.2144, lr: 1.73e-06
     Epoch[16] Iteration[190/384], entropy: 0.9843, loss: 2.3746, lr: 0.00e+00
     Epoch[16] Iteration[200/384], entropy: 0.8293, loss: 2.2094, lr: 1.73e-06
     Epoch[16] Iteration[210/384], entropy: 0.8011, loss: 2.2114, lr: 4.52e-06
     Epoch[16] Iteration[220/384], entropy: 1.1588, loss: 2.5448, lr: 4.52e-06
     Epoch[16] Iteration[230/384], entropy: 0.9064, loss: 2.2676, lr: 1.73e-06
     Epoch[16] Iteration[240/384], entropy: 0.7638, loss: 2.1248, lr: 0.00e+00
     Epoch[16] Iteration[250/384], entropy: 0.9084, loss: 2.3025, lr: 1.73e-06
     Epoch[16] Iteration[260/384], entropy: 1.0184, loss: 2.4060, lr: 4.52e-06
     Epoch[16] Iteration[270/384], entropy: 0.8285, loss: 2.1315, lr: 4.52e-06
     Epoch[16] Iteration[280/384], entropy: 0.9013, loss: 2.2752, lr: 1.73e-06
     Epoch[16] Iteration[290/384], entropy: 0.8360, loss: 2.1586, lr: 0.00e+00
     Epoch[16] Iteration[300/384], entropy: 0.8467, loss: 2.2174, lr: 1.73e-06
     Epoch[16] Iteration[310/384], entropy: 0.8800, loss: 2.3021, lr: 4.52e-06
     Epoch[16] Iteration[320/384], entropy: 0.9207, loss: 2.3041, lr: 4.52e-06
     Epoch[16] Iteration[330/384], entropy: 0.7489, loss: 2.0781, lr: 1.73e-06
     Epoch[16] Iteration[340/384], entropy: 1.2266, loss: 2.5521, lr: 0.00e+00
     Epoch[16] Iteration[350/384], entropy: 1.1211, loss: 2.4257, lr: 1.73e-06
     Epoch[16] Iteration[360/384], entropy: 1.0058, loss: 2.3075, lr: 4.52e-06
     Epoch[16] Iteration[370/384], entropy: 0.8713, loss: 2.2252, lr: 4.52e-06
     Epoch[16] Iteration[380/384], entropy: 0.8998, loss: 2.1302, lr: 1.73e-06
     Averaged stats: entropy: 0.9224, loss: 2.2615, lr: 6.78e-07
     itm tta time 0:00:39
### TTA Eval Score: 
+-------+--------+--------+--------+--------+--------+
| epoch |   R1   |   R5   |  R10   |  mAP   |  mINP  |
+-------+--------+--------+--------+--------+--------+
|  -999 | 77.680 | 91.407 | 94.883 | 69.300 | 53.366 |
|   0   | 77.729 | 91.423 | 94.867 | 69.308 | 53.363 |
|   1   | 77.729 | 91.423 | 94.851 | 69.298 | 53.354 |
|   2   | 77.729 | 91.423 | 94.851 | 69.296 | 53.358 |
|   3   | 77.680 | 91.407 | 94.818 | 69.296 | 53.372 |
|   4   | 77.680 | 91.407 | 94.802 | 69.292 | 53.367 |
|   5   | 77.664 | 91.423 | 94.834 | 69.303 | 53.375 |
|   6   | 77.648 | 91.439 | 94.851 | 69.293 | 53.371 |
|   7   | 77.632 | 91.439 | 94.834 | 69.298 | 53.378 |
|   8   | 77.648 | 91.472 | 94.851 | 69.287 | 53.366 |
|   9   | 77.664 | 91.455 | 94.818 | 69.283 | 53.338 |
|   10  | 77.664 | 91.455 | 94.818 | 69.287 | 53.344 |
|   11  | 77.745 | 91.455 | 94.802 | 69.294 | 53.334 |
|   12  | 77.729 | 91.423 | 94.818 | 69.292 | 53.330 |
|   13  | 77.713 | 91.439 | 94.818 | 69.287 | 53.331 |
|   14  | 77.713 | 91.455 | 94.834 | 69.287 | 53.333 |
|   15  | 77.729 | 91.439 | 94.851 | 69.295 | 53.339 |
|   16  | 77.729 | 91.455 | 94.867 | 69.293 | 53.340 |
+-------+--------+--------+--------+--------+--------+
     logs:  {'epo': 16, 'R1': 77.729, 'R5': 91.455, 'R10': 94.867, 'mAP': 69.293, 'mINP': 53.34, 'entropy': 0.898575163201282, 'loss': 2.2557158156445154, 'lr': 2.5861195391036293e-06}
     Epoch[17] Iteration[10/384], entropy: 0.9368, loss: 2.2808, lr: 3.09e-07
     Epoch[17] Iteration[20/384], entropy: 0.9427, loss: 2.2972, lr: 2.97e-06
     Epoch[17] Iteration[30/384], entropy: 0.8908, loss: 2.3216, lr: 4.98e-06
     Epoch[17] Iteration[40/384], entropy: 0.9226, loss: 2.2728, lr: 3.56e-06
     Epoch[17] Iteration[50/384], entropy: 0.7211, loss: 2.1548, lr: 6.78e-07
     Epoch[17] Iteration[60/384], entropy: 0.9844, loss: 2.3895, lr: 3.09e-07
     Epoch[17] Iteration[70/384], entropy: 0.9511, loss: 2.3188, lr: 2.97e-06
     Epoch[17] Iteration[80/384], entropy: 1.0680, loss: 2.4286, lr: 4.98e-06
     Epoch[17] Iteration[90/384], entropy: 0.7892, loss: 2.0959, lr: 3.56e-06
     Epoch[17] Iteration[100/384], entropy: 1.0122, loss: 2.4088, lr: 6.78e-07
     Epoch[17] Iteration[110/384], entropy: 0.8774, loss: 2.2805, lr: 3.09e-07
     Epoch[17] Iteration[120/384], entropy: 0.8953, loss: 2.3094, lr: 2.97e-06
     Epoch[17] Iteration[130/384], entropy: 1.0717, loss: 2.4093, lr: 4.98e-06
     Epoch[17] Iteration[140/384], entropy: 1.0435, loss: 2.3500, lr: 3.56e-06
     Epoch[17] Iteration[150/384], entropy: 0.6592, loss: 2.0161, lr: 6.78e-07
     Epoch[17] Iteration[160/384], entropy: 0.8458, loss: 2.2412, lr: 3.09e-07
     Epoch[17] Iteration[170/384], entropy: 0.9438, loss: 2.3537, lr: 2.97e-06
     Epoch[17] Iteration[180/384], entropy: 0.8269, loss: 2.2354, lr: 4.98e-06
     Epoch[17] Iteration[190/384], entropy: 0.7912, loss: 2.1621, lr: 3.56e-06
     Epoch[17] Iteration[200/384], entropy: 0.7839, loss: 2.1454, lr: 6.78e-07
     Epoch[17] Iteration[210/384], entropy: 0.8071, loss: 2.1638, lr: 3.09e-07
     Epoch[17] Iteration[220/384], entropy: 0.9781, loss: 2.3212, lr: 2.97e-06
     Epoch[17] Iteration[230/384], entropy: 1.0343, loss: 2.4228, lr: 4.98e-06
     Epoch[17] Iteration[240/384], entropy: 0.7774, loss: 2.1553, lr: 3.56e-06
     Epoch[17] Iteration[250/384], entropy: 0.8339, loss: 2.1876, lr: 6.78e-07
     Epoch[17] Iteration[260/384], entropy: 0.7428, loss: 2.1217, lr: 3.09e-07
     Epoch[17] Iteration[270/384], entropy: 1.0617, loss: 2.4238, lr: 2.97e-06
     Epoch[17] Iteration[280/384], entropy: 0.8693, loss: 2.2642, lr: 4.98e-06
     Epoch[17] Iteration[290/384], entropy: 0.7413, loss: 2.0974, lr: 3.56e-06
     Epoch[17] Iteration[300/384], entropy: 0.7054, loss: 2.0323, lr: 6.78e-07
     Epoch[17] Iteration[310/384], entropy: 0.8370, loss: 2.1982, lr: 3.09e-07
     Epoch[17] Iteration[320/384], entropy: 0.9560, loss: 2.3350, lr: 2.97e-06
     Epoch[17] Iteration[330/384], entropy: 0.8389, loss: 2.2159, lr: 4.98e-06
     Epoch[17] Iteration[340/384], entropy: 0.6175, loss: 1.9141, lr: 3.56e-06
     Epoch[17] Iteration[350/384], entropy: 0.8447, loss: 2.1123, lr: 6.78e-07
     Epoch[17] Iteration[360/384], entropy: 0.8455, loss: 2.1593, lr: 3.09e-07
     Epoch[17] Iteration[370/384], entropy: 0.8839, loss: 2.2341, lr: 2.97e-06
     Epoch[17] Iteration[380/384], entropy: 0.9084, loss: 2.2391, lr: 4.98e-06
     Averaged stats: entropy: 0.9967, loss: 2.4113, lr: 4.82e-06
     itm tta time 0:00:39
### TTA Eval Score: 
+-------+--------+--------+--------+--------+--------+
| epoch |   R1   |   R5   |  R10   |  mAP   |  mINP  |
+-------+--------+--------+--------+--------+--------+
|  -999 | 77.680 | 91.407 | 94.883 | 69.300 | 53.366 |
|   0   | 77.729 | 91.423 | 94.867 | 69.308 | 53.363 |
|   1   | 77.729 | 91.423 | 94.851 | 69.298 | 53.354 |
|   2   | 77.729 | 91.423 | 94.851 | 69.296 | 53.358 |
|   3   | 77.680 | 91.407 | 94.818 | 69.296 | 53.372 |
|   4   | 77.680 | 91.407 | 94.802 | 69.292 | 53.367 |
|   5   | 77.664 | 91.423 | 94.834 | 69.303 | 53.375 |
|   6   | 77.648 | 91.439 | 94.851 | 69.293 | 53.371 |
|   7   | 77.632 | 91.439 | 94.834 | 69.298 | 53.378 |
|   8   | 77.648 | 91.472 | 94.851 | 69.287 | 53.366 |
|   9   | 77.664 | 91.455 | 94.818 | 69.283 | 53.338 |
|   10  | 77.664 | 91.455 | 94.818 | 69.287 | 53.344 |
|   11  | 77.745 | 91.455 | 94.802 | 69.294 | 53.334 |
|   12  | 77.729 | 91.423 | 94.818 | 69.292 | 53.330 |
|   13  | 77.713 | 91.439 | 94.818 | 69.287 | 53.331 |
|   14  | 77.713 | 91.455 | 94.834 | 69.287 | 53.333 |
|   15  | 77.729 | 91.439 | 94.851 | 69.295 | 53.339 |
|   16  | 77.729 | 91.455 | 94.867 | 69.293 | 53.340 |
|   17  | 77.778 | 91.439 | 94.899 | 69.307 | 53.344 |
+-------+--------+--------+--------+--------+--------+
     logs:  {'epo': 17, 'R1': 77.778, 'R5': 91.439, 'R10': 94.899, 'mAP': 69.307, 'mINP': 53.344, 'entropy': 0.8747669615243611, 'loss': 2.23868507460544, 'lr': 2.5199466668326612e-06}
     Epoch[18] Iteration[10/384], entropy: 0.7658, loss: 2.0585, lr: 2.34e-06
     Epoch[18] Iteration[20/384], entropy: 0.8424, loss: 2.1725, lr: 7.85e-08
     Epoch[18] Iteration[30/384], entropy: 0.5900, loss: 1.9519, lr: 1.16e-06
     Epoch[18] Iteration[40/384], entropy: 0.7775, loss: 2.1915, lr: 4.09e-06
     Epoch[18] Iteration[50/384], entropy: 0.8738, loss: 2.3017, lr: 4.82e-06
     Epoch[18] Iteration[60/384], entropy: 0.6093, loss: 1.8410, lr: 2.34e-06
     Epoch[18] Iteration[70/384], entropy: 0.8994, loss: 2.3020, lr: 7.85e-08
     Epoch[18] Iteration[80/384], entropy: 0.9129, loss: 2.3453, lr: 1.16e-06
     Epoch[18] Iteration[90/384], entropy: 0.6228, loss: 1.9891, lr: 4.09e-06
     Epoch[18] Iteration[100/384], entropy: 0.7678, loss: 2.2134, lr: 4.82e-06
     Epoch[18] Iteration[110/384], entropy: 0.9891, loss: 2.3269, lr: 2.34e-06
     Epoch[18] Iteration[120/384], entropy: 0.8814, loss: 2.2028, lr: 7.85e-08
     Epoch[18] Iteration[130/384], entropy: 0.9327, loss: 2.2843, lr: 1.16e-06
     Epoch[18] Iteration[140/384], entropy: 0.7322, loss: 2.1542, lr: 4.09e-06
     Epoch[18] Iteration[150/384], entropy: 0.7750, loss: 2.1022, lr: 4.82e-06
     Epoch[18] Iteration[160/384], entropy: 0.7634, loss: 2.0868, lr: 2.34e-06
     Epoch[18] Iteration[170/384], entropy: 1.0725, loss: 2.4675, lr: 7.85e-08
     Epoch[18] Iteration[180/384], entropy: 0.8509, loss: 2.1373, lr: 1.16e-06
     Epoch[18] Iteration[190/384], entropy: 0.7962, loss: 2.1519, lr: 4.09e-06
     Epoch[18] Iteration[200/384], entropy: 0.7881, loss: 2.1885, lr: 4.82e-06
     Epoch[18] Iteration[210/384], entropy: 1.0617, loss: 2.4170, lr: 2.34e-06
     Epoch[18] Iteration[220/384], entropy: 0.9490, loss: 2.2653, lr: 7.85e-08
     Epoch[18] Iteration[230/384], entropy: 1.0060, loss: 2.4058, lr: 1.16e-06
     Epoch[18] Iteration[240/384], entropy: 1.0148, loss: 2.3657, lr: 4.09e-06
     Epoch[18] Iteration[250/384], entropy: 0.8130, loss: 2.1719, lr: 4.82e-06
     Epoch[18] Iteration[260/384], entropy: 0.8201, loss: 2.1326, lr: 2.34e-06
     Epoch[18] Iteration[270/384], entropy: 1.1031, loss: 2.4623, lr: 7.85e-08
     Epoch[18] Iteration[280/384], entropy: 0.9562, loss: 2.3360, lr: 1.16e-06
     Epoch[18] Iteration[290/384], entropy: 0.8537, loss: 2.1741, lr: 4.09e-06
     Epoch[18] Iteration[300/384], entropy: 0.8408, loss: 2.2111, lr: 4.82e-06
     Epoch[18] Iteration[310/384], entropy: 1.0059, loss: 2.3530, lr: 2.34e-06
     Epoch[18] Iteration[320/384], entropy: 0.7893, loss: 2.1170, lr: 7.85e-08
     Epoch[18] Iteration[330/384], entropy: 1.0170, loss: 2.3922, lr: 1.16e-06
     Epoch[18] Iteration[340/384], entropy: 0.9212, loss: 2.2469, lr: 4.09e-06
     Epoch[18] Iteration[350/384], entropy: 0.9714, loss: 2.3434, lr: 4.82e-06
     Epoch[18] Iteration[360/384], entropy: 0.7854, loss: 2.2090, lr: 2.34e-06
     Epoch[18] Iteration[370/384], entropy: 0.8264, loss: 2.1999, lr: 7.85e-08
     Epoch[18] Iteration[380/384], entropy: 1.0720, loss: 2.4368, lr: 1.16e-06
     Averaged stats: entropy: 0.8304, loss: 2.2355, lr: 2.34e-06
     itm tta time 0:00:41
### TTA Eval Score: 
+-------+--------+--------+--------+--------+--------+
| epoch |   R1   |   R5   |  R10   |  mAP   |  mINP  |
+-------+--------+--------+--------+--------+--------+
|  -999 | 77.680 | 91.407 | 94.883 | 69.300 | 53.366 |
|   0   | 77.729 | 91.423 | 94.867 | 69.308 | 53.363 |
|   1   | 77.729 | 91.423 | 94.851 | 69.298 | 53.354 |
|   2   | 77.729 | 91.423 | 94.851 | 69.296 | 53.358 |
|   3   | 77.680 | 91.407 | 94.818 | 69.296 | 53.372 |
|   4   | 77.680 | 91.407 | 94.802 | 69.292 | 53.367 |
|   5   | 77.664 | 91.423 | 94.834 | 69.303 | 53.375 |
|   6   | 77.648 | 91.439 | 94.851 | 69.293 | 53.371 |
|   7   | 77.632 | 91.439 | 94.834 | 69.298 | 53.378 |
|   8   | 77.648 | 91.472 | 94.851 | 69.287 | 53.366 |
|   9   | 77.664 | 91.455 | 94.818 | 69.283 | 53.338 |
|   10  | 77.664 | 91.455 | 94.818 | 69.287 | 53.344 |
|   11  | 77.745 | 91.455 | 94.802 | 69.294 | 53.334 |
|   12  | 77.729 | 91.423 | 94.818 | 69.292 | 53.330 |
|   13  | 77.713 | 91.439 | 94.818 | 69.287 | 53.331 |
|   14  | 77.713 | 91.455 | 94.834 | 69.287 | 53.333 |
|   15  | 77.729 | 91.439 | 94.851 | 69.295 | 53.339 |
|   16  | 77.729 | 91.455 | 94.867 | 69.293 | 53.340 |
|   17  | 77.778 | 91.439 | 94.899 | 69.307 | 53.344 |
|   18  | 77.794 | 91.439 | 94.899 | 69.307 | 53.332 |
+-------+--------+--------+--------+--------+--------+
     logs:  {'epo': 18, 'R1': 77.794, 'R5': 91.439, 'R10': 94.899, 'mAP': 69.307, 'mINP': 53.332, 'entropy': 0.8697471853933836, 'loss': 2.22918564081192, 'lr': 2.3968947055502466e-06}
     Epoch[19] Iteration[10/384], entropy: 0.9310, loss: 2.2742, lr: 4.82e-06
     Epoch[19] Iteration[20/384], entropy: 0.8807, loss: 2.1862, lr: 4.09e-06
     Epoch[19] Iteration[30/384], entropy: 0.7498, loss: 2.0711, lr: 1.16e-06
     Epoch[19] Iteration[40/384], entropy: 0.7573, loss: 2.1451, lr: 7.85e-08
     Epoch[19] Iteration[50/384], entropy: 0.8215, loss: 2.1958, lr: 2.34e-06
     Epoch[19] Iteration[60/384], entropy: 0.8756, loss: 2.1722, lr: 4.82e-06
     Epoch[19] Iteration[70/384], entropy: 0.9519, loss: 2.3266, lr: 4.09e-06
     Epoch[19] Iteration[80/384], entropy: 0.7816, loss: 2.1792, lr: 1.16e-06
     Epoch[19] Iteration[90/384], entropy: 0.8718, loss: 2.3160, lr: 7.85e-08
     Epoch[19] Iteration[100/384], entropy: 0.9357, loss: 2.2895, lr: 2.34e-06
     Epoch[19] Iteration[110/384], entropy: 0.8061, loss: 2.1459, lr: 4.82e-06
     Epoch[19] Iteration[120/384], entropy: 0.8456, loss: 2.2065, lr: 4.09e-06
     Epoch[19] Iteration[130/384], entropy: 0.6790, loss: 2.0534, lr: 1.16e-06
     Epoch[19] Iteration[140/384], entropy: 0.7584, loss: 2.1212, lr: 7.85e-08
     Epoch[19] Iteration[150/384], entropy: 0.8825, loss: 2.1954, lr: 2.34e-06
     Epoch[19] Iteration[160/384], entropy: 0.9660, loss: 2.3681, lr: 4.82e-06
     Epoch[19] Iteration[170/384], entropy: 0.8969, loss: 2.2920, lr: 4.09e-06
     Epoch[19] Iteration[180/384], entropy: 0.6976, loss: 2.1361, lr: 1.16e-06
     Epoch[19] Iteration[190/384], entropy: 0.9573, loss: 2.3091, lr: 7.85e-08
     Epoch[19] Iteration[200/384], entropy: 1.0362, loss: 2.3711, lr: 2.34e-06
     Epoch[19] Iteration[210/384], entropy: 0.7292, loss: 2.0360, lr: 4.82e-06
     Epoch[19] Iteration[220/384], entropy: 0.9196, loss: 2.3081, lr: 4.09e-06
     Epoch[19] Iteration[230/384], entropy: 0.9119, loss: 2.2484, lr: 1.16e-06
     Epoch[19] Iteration[240/384], entropy: 0.7523, loss: 2.0772, lr: 7.85e-08
     Epoch[19] Iteration[250/384], entropy: 0.9632, loss: 2.3591, lr: 2.34e-06
     Epoch[19] Iteration[260/384], entropy: 0.9000, loss: 2.2434, lr: 4.82e-06
     Epoch[19] Iteration[270/384], entropy: 0.8324, loss: 2.1710, lr: 4.09e-06
     Epoch[19] Iteration[280/384], entropy: 0.4869, loss: 1.8583, lr: 1.16e-06
     Epoch[19] Iteration[290/384], entropy: 0.7203, loss: 2.0582, lr: 7.85e-08
     Epoch[19] Iteration[300/384], entropy: 0.8075, loss: 2.2032, lr: 2.34e-06
     Epoch[19] Iteration[310/384], entropy: 0.8783, loss: 2.2092, lr: 4.82e-06
     Epoch[19] Iteration[320/384], entropy: 0.9221, loss: 2.2401, lr: 4.09e-06
     Epoch[19] Iteration[330/384], entropy: 0.9568, loss: 2.3124, lr: 1.16e-06
     Epoch[19] Iteration[340/384], entropy: 0.9950, loss: 2.4507, lr: 7.85e-08
     Epoch[19] Iteration[350/384], entropy: 0.8170, loss: 2.2192, lr: 2.34e-06
     Epoch[19] Iteration[360/384], entropy: 0.8024, loss: 2.2069, lr: 4.82e-06
     Epoch[19] Iteration[370/384], entropy: 1.0575, loss: 2.3616, lr: 4.09e-06
     Epoch[19] Iteration[380/384], entropy: 0.7082, loss: 2.0243, lr: 1.16e-06
     Averaged stats: entropy: 0.9806, loss: 2.2791, lr: 3.09e-07
     itm tta time 0:00:42
### TTA Eval Score: 
+-------+--------+--------+--------+--------+--------+
| epoch |   R1   |   R5   |  R10   |  mAP   |  mINP  |
+-------+--------+--------+--------+--------+--------+
|  -999 | 77.680 | 91.407 | 94.883 | 69.300 | 53.366 |
|   0   | 77.729 | 91.423 | 94.867 | 69.308 | 53.363 |
|   1   | 77.729 | 91.423 | 94.851 | 69.298 | 53.354 |
|   2   | 77.729 | 91.423 | 94.851 | 69.296 | 53.358 |
|   3   | 77.680 | 91.407 | 94.818 | 69.296 | 53.372 |
|   4   | 77.680 | 91.407 | 94.802 | 69.292 | 53.367 |
|   5   | 77.664 | 91.423 | 94.834 | 69.303 | 53.375 |
|   6   | 77.648 | 91.439 | 94.851 | 69.293 | 53.371 |
|   7   | 77.632 | 91.439 | 94.834 | 69.298 | 53.378 |
|   8   | 77.648 | 91.472 | 94.851 | 69.287 | 53.366 |
|   9   | 77.664 | 91.455 | 94.818 | 69.283 | 53.338 |
|   10  | 77.664 | 91.455 | 94.818 | 69.287 | 53.344 |
|   11  | 77.745 | 91.455 | 94.802 | 69.294 | 53.334 |
|   12  | 77.729 | 91.423 | 94.818 | 69.292 | 53.330 |
|   13  | 77.713 | 91.439 | 94.818 | 69.287 | 53.331 |
|   14  | 77.713 | 91.455 | 94.834 | 69.287 | 53.333 |
|   15  | 77.729 | 91.439 | 94.851 | 69.295 | 53.339 |
|   16  | 77.729 | 91.455 | 94.867 | 69.293 | 53.340 |
|   17  | 77.778 | 91.439 | 94.899 | 69.307 | 53.344 |
|   18  | 77.794 | 91.439 | 94.899 | 69.307 | 53.332 |
|   19  | 77.794 | 91.439 | 94.899 | 69.301 | 53.338 |
+-------+--------+--------+--------+--------+--------+
     logs:  {'epo': 19, 'R1': 77.794, 'R5': 91.439, 'R10': 94.899, 'mAP': 69.301, 'mINP': 53.338, 'entropy': 0.8485052303264016, 'loss': 2.2089959947686446, 'lr': 2.567853531622277e-06}
     Epoch[20] Iteration[10/384], entropy: 0.9677, loss: 2.3076, lr: 6.78e-07
     Epoch[20] Iteration[20/384], entropy: 0.9989, loss: 2.3151, lr: 3.56e-06
     Epoch[20] Iteration[30/384], entropy: 0.8806, loss: 2.2506, lr: 4.98e-06
     Epoch[20] Iteration[40/384], entropy: 0.8970, loss: 2.2306, lr: 2.97e-06
     Epoch[20] Iteration[50/384], entropy: 0.7369, loss: 2.1029, lr: 3.09e-07
     Epoch[20] Iteration[60/384], entropy: 0.7156, loss: 2.0155, lr: 6.78e-07
     Epoch[20] Iteration[70/384], entropy: 0.6830, loss: 2.0500, lr: 3.56e-06
     Epoch[20] Iteration[80/384], entropy: 0.5513, loss: 1.7984, lr: 4.98e-06
     Epoch[20] Iteration[90/384], entropy: 0.9126, loss: 2.2005, lr: 2.97e-06
     Epoch[20] Iteration[100/384], entropy: 0.7602, loss: 2.1746, lr: 3.09e-07
     Epoch[20] Iteration[110/384], entropy: 0.8670, loss: 2.2066, lr: 6.78e-07
     Epoch[20] Iteration[120/384], entropy: 0.8055, loss: 2.2182, lr: 3.56e-06
     Epoch[20] Iteration[130/384], entropy: 0.6846, loss: 2.0395, lr: 4.98e-06
     Epoch[20] Iteration[140/384], entropy: 0.9469, loss: 2.3006, lr: 2.97e-06
     Epoch[20] Iteration[150/384], entropy: 0.7391, loss: 2.0654, lr: 3.09e-07
     Epoch[20] Iteration[160/384], entropy: 1.0698, loss: 2.4616, lr: 6.78e-07
     Epoch[20] Iteration[170/384], entropy: 0.9934, loss: 2.3896, lr: 3.56e-06
     Epoch[20] Iteration[180/384], entropy: 1.0596, loss: 2.3622, lr: 4.98e-06
     Epoch[20] Iteration[190/384], entropy: 0.8336, loss: 2.1251, lr: 2.97e-06
     Epoch[20] Iteration[200/384], entropy: 0.7487, loss: 2.2041, lr: 3.09e-07
     Epoch[20] Iteration[210/384], entropy: 0.8576, loss: 2.2140, lr: 6.78e-07
     Epoch[20] Iteration[220/384], entropy: 0.7013, loss: 2.0571, lr: 3.56e-06
     Epoch[20] Iteration[230/384], entropy: 0.7664, loss: 2.1349, lr: 4.98e-06
     Epoch[20] Iteration[240/384], entropy: 0.8895, loss: 2.3184, lr: 2.97e-06
     Epoch[20] Iteration[250/384], entropy: 0.6816, loss: 1.9638, lr: 3.09e-07
     Epoch[20] Iteration[260/384], entropy: 0.8510, loss: 2.2142, lr: 6.78e-07
     Epoch[20] Iteration[270/384], entropy: 0.7626, loss: 2.1137, lr: 3.56e-06
     Epoch[20] Iteration[280/384], entropy: 0.7092, loss: 2.1026, lr: 4.98e-06
     Epoch[20] Iteration[290/384], entropy: 0.9480, loss: 2.3085, lr: 2.97e-06
     Epoch[20] Iteration[300/384], entropy: 0.7638, loss: 2.1745, lr: 3.09e-07
     Epoch[20] Iteration[310/384], entropy: 0.8201, loss: 2.1070, lr: 6.78e-07
     Epoch[20] Iteration[320/384], entropy: 0.8172, loss: 2.1723, lr: 3.56e-06
     Epoch[20] Iteration[330/384], entropy: 0.7109, loss: 2.0729, lr: 4.98e-06
     Epoch[20] Iteration[340/384], entropy: 0.6828, loss: 1.9980, lr: 2.97e-06
     Epoch[20] Iteration[350/384], entropy: 0.7592, loss: 2.0332, lr: 3.09e-07
     Epoch[20] Iteration[360/384], entropy: 0.9770, loss: 2.3096, lr: 6.78e-07
     Epoch[20] Iteration[370/384], entropy: 0.8819, loss: 2.2188, lr: 3.56e-06
     Epoch[20] Iteration[380/384], entropy: 0.8620, loss: 2.2601, lr: 5.00e-06
     Averaged stats: entropy: 0.8694, loss: 2.2043, lr: 4.69e-06
     itm tta time 0:00:40
### TTA Eval Score: 
+-------+--------+--------+--------+--------+--------+
| epoch |   R1   |   R5   |  R10   |  mAP   |  mINP  |
+-------+--------+--------+--------+--------+--------+
|  -999 | 77.680 | 91.407 | 94.883 | 69.300 | 53.366 |
|   0   | 77.729 | 91.423 | 94.867 | 69.308 | 53.363 |
|   1   | 77.729 | 91.423 | 94.851 | 69.298 | 53.354 |
|   2   | 77.729 | 91.423 | 94.851 | 69.296 | 53.358 |
|   3   | 77.680 | 91.407 | 94.818 | 69.296 | 53.372 |
|   4   | 77.680 | 91.407 | 94.802 | 69.292 | 53.367 |
|   5   | 77.664 | 91.423 | 94.834 | 69.303 | 53.375 |
|   6   | 77.648 | 91.439 | 94.851 | 69.293 | 53.371 |
|   7   | 77.632 | 91.439 | 94.834 | 69.298 | 53.378 |
|   8   | 77.648 | 91.472 | 94.851 | 69.287 | 53.366 |
|   9   | 77.664 | 91.455 | 94.818 | 69.283 | 53.338 |
|   10  | 77.664 | 91.455 | 94.818 | 69.287 | 53.344 |
|   11  | 77.745 | 91.455 | 94.802 | 69.294 | 53.334 |
|   12  | 77.729 | 91.423 | 94.818 | 69.292 | 53.330 |
|   13  | 77.713 | 91.439 | 94.818 | 69.287 | 53.331 |
|   14  | 77.713 | 91.455 | 94.834 | 69.287 | 53.333 |
|   15  | 77.729 | 91.439 | 94.851 | 69.295 | 53.339 |
|   16  | 77.729 | 91.455 | 94.867 | 69.293 | 53.340 |
|   17  | 77.778 | 91.439 | 94.899 | 69.307 | 53.344 |
|   18  | 77.794 | 91.439 | 94.899 | 69.307 | 53.332 |
|   19  | 77.794 | 91.439 | 94.899 | 69.301 | 53.338 |
|   20  | 77.794 | 91.439 | 94.916 | 69.309 | 53.357 |
+-------+--------+--------+--------+--------+--------+
     logs:  {'epo': 20, 'R1': 77.794, 'R5': 91.439, 'R10': 94.916, 'mAP': 69.309, 'mINP': 53.357, 'entropy': 0.8235260844230652, 'loss': 2.173481357725043, 'lr': 2.5458428068515623e-06}
     Epoch[21] Iteration[10/384], entropy: 0.8568, loss: 2.2235, lr: 2.03e-06
     Epoch[21] Iteration[20/384], entropy: 0.7473, loss: 2.0885, lr: 1.97e-08
     Epoch[21] Iteration[30/384], entropy: 0.9447, loss: 2.3083, lr: 1.44e-06
     Epoch[21] Iteration[40/384], entropy: 0.6572, loss: 1.9880, lr: 4.32e-06
     Epoch[21] Iteration[50/384], entropy: 0.6168, loss: 2.0174, lr: 4.69e-06
     Epoch[21] Iteration[60/384], entropy: 0.6691, loss: 1.9882, lr: 2.03e-06
     Epoch[21] Iteration[70/384], entropy: 0.9294, loss: 2.3108, lr: 1.97e-08
     Epoch[21] Iteration[80/384], entropy: 0.9086, loss: 2.2841, lr: 1.44e-06
     Epoch[21] Iteration[90/384], entropy: 0.9952, loss: 2.3711, lr: 4.32e-06
     Epoch[21] Iteration[100/384], entropy: 0.7800, loss: 2.0248, lr: 4.69e-06
     Epoch[21] Iteration[110/384], entropy: 0.8444, loss: 2.2208, lr: 2.03e-06
     Epoch[21] Iteration[120/384], entropy: 0.7411, loss: 2.0151, lr: 1.97e-08
     Epoch[21] Iteration[130/384], entropy: 0.8817, loss: 2.2198, lr: 1.44e-06
     Epoch[21] Iteration[140/384], entropy: 1.0042, loss: 2.3889, lr: 4.32e-06
     Epoch[21] Iteration[150/384], entropy: 1.0588, loss: 2.4404, lr: 4.69e-06
     Epoch[21] Iteration[160/384], entropy: 0.9272, loss: 2.2631, lr: 2.03e-06
     Epoch[21] Iteration[170/384], entropy: 1.0256, loss: 2.4452, lr: 1.97e-08
     Epoch[21] Iteration[180/384], entropy: 1.1647, loss: 2.5245, lr: 1.44e-06
     Epoch[21] Iteration[190/384], entropy: 0.8026, loss: 2.1801, lr: 4.32e-06
     Epoch[21] Iteration[200/384], entropy: 0.6608, loss: 1.9728, lr: 4.69e-06
     Epoch[21] Iteration[210/384], entropy: 0.9335, loss: 2.2720, lr: 2.03e-06
     Epoch[21] Iteration[220/384], entropy: 0.9581, loss: 2.3324, lr: 1.97e-08
     Epoch[21] Iteration[230/384], entropy: 0.5777, loss: 1.8039, lr: 1.44e-06
     Epoch[21] Iteration[240/384], entropy: 0.9427, loss: 2.3020, lr: 4.32e-06
     Epoch[21] Iteration[250/384], entropy: 0.8954, loss: 2.2111, lr: 4.69e-06
     Epoch[21] Iteration[260/384], entropy: 0.8416, loss: 2.2298, lr: 2.03e-06
     Epoch[21] Iteration[270/384], entropy: 0.7689, loss: 2.1385, lr: 1.97e-08
     Epoch[21] Iteration[280/384], entropy: 1.1201, loss: 2.4950, lr: 1.44e-06
     Epoch[21] Iteration[290/384], entropy: 0.9575, loss: 2.2777, lr: 4.32e-06
     Epoch[21] Iteration[300/384], entropy: 0.8526, loss: 2.2171, lr: 4.69e-06
     Epoch[21] Iteration[310/384], entropy: 0.8586, loss: 2.2187, lr: 2.03e-06
     Epoch[21] Iteration[320/384], entropy: 0.9455, loss: 2.3008, lr: 1.97e-08
     Epoch[21] Iteration[330/384], entropy: 1.0105, loss: 2.3874, lr: 1.44e-06
     Epoch[21] Iteration[340/384], entropy: 0.8593, loss: 2.2416, lr: 4.32e-06
     Epoch[21] Iteration[350/384], entropy: 1.0924, loss: 2.4734, lr: 4.69e-06
     Epoch[21] Iteration[360/384], entropy: 0.9478, loss: 2.3082, lr: 2.03e-06
     Epoch[21] Iteration[370/384], entropy: 0.7045, loss: 2.0435, lr: 1.97e-08
     Epoch[21] Iteration[380/384], entropy: 0.8867, loss: 2.2606, lr: 1.44e-06
     Averaged stats: entropy: 0.9831, loss: 2.2844, lr: 2.66e-06
     itm tta time 0:00:40
### TTA Eval Score: 
+-------+--------+--------+--------+--------+--------+
| epoch |   R1   |   R5   |  R10   |  mAP   |  mINP  |
+-------+--------+--------+--------+--------+--------+
|  -999 | 77.680 | 91.407 | 94.883 | 69.300 | 53.366 |
|   0   | 77.729 | 91.423 | 94.867 | 69.308 | 53.363 |
|   1   | 77.729 | 91.423 | 94.851 | 69.298 | 53.354 |
|   2   | 77.729 | 91.423 | 94.851 | 69.296 | 53.358 |
|   3   | 77.680 | 91.407 | 94.818 | 69.296 | 53.372 |
|   4   | 77.680 | 91.407 | 94.802 | 69.292 | 53.367 |
|   5   | 77.664 | 91.423 | 94.834 | 69.303 | 53.375 |
|   6   | 77.648 | 91.439 | 94.851 | 69.293 | 53.371 |
|   7   | 77.632 | 91.439 | 94.834 | 69.298 | 53.378 |
|   8   | 77.648 | 91.472 | 94.851 | 69.287 | 53.366 |
|   9   | 77.664 | 91.455 | 94.818 | 69.283 | 53.338 |
|   10  | 77.664 | 91.455 | 94.818 | 69.287 | 53.344 |
|   11  | 77.745 | 91.455 | 94.802 | 69.294 | 53.334 |
|   12  | 77.729 | 91.423 | 94.818 | 69.292 | 53.330 |
|   13  | 77.713 | 91.439 | 94.818 | 69.287 | 53.331 |
|   14  | 77.713 | 91.455 | 94.834 | 69.287 | 53.333 |
|   15  | 77.729 | 91.439 | 94.851 | 69.295 | 53.339 |
|   16  | 77.729 | 91.455 | 94.867 | 69.293 | 53.340 |
|   17  | 77.778 | 91.439 | 94.899 | 69.307 | 53.344 |
|   18  | 77.794 | 91.439 | 94.899 | 69.307 | 53.332 |
|   19  | 77.794 | 91.439 | 94.899 | 69.301 | 53.338 |
|   20  | 77.794 | 91.439 | 94.916 | 69.309 | 53.357 |
|   21  | 77.794 | 91.439 | 94.916 | 69.300 | 53.349 |
+-------+--------+--------+--------+--------+--------+
     logs:  {'epo': 21, 'R1': 77.794, 'R5': 91.439, 'R10': 94.916, 'mAP': 69.3, 'mINP': 53.349, 'entropy': 0.8781486451625824, 'loss': 2.2312903592461035, 'lr': 2.394389782403546e-06}
     Epoch[22] Iteration[10/384], entropy: 0.9618, loss: 2.2929, lr: 4.92e-06
     Epoch[22] Iteration[20/384], entropy: 0.9794, loss: 2.3343, lr: 3.84e-06
     Epoch[22] Iteration[30/384], entropy: 0.7029, loss: 2.0686, lr: 9.06e-07
     Epoch[22] Iteration[40/384], entropy: 0.7896, loss: 2.0799, lr: 1.76e-07
     Epoch[22] Iteration[50/384], entropy: 1.1276, loss: 2.4843, lr: 2.66e-06
     Epoch[22] Iteration[60/384], entropy: 0.8847, loss: 2.2221, lr: 4.92e-06
     Epoch[22] Iteration[70/384], entropy: 1.0092, loss: 2.3995, lr: 3.84e-06
     Epoch[22] Iteration[80/384], entropy: 0.7275, loss: 2.1536, lr: 9.06e-07
     Epoch[22] Iteration[90/384], entropy: 0.8913, loss: 2.2856, lr: 1.76e-07
     Epoch[22] Iteration[100/384], entropy: 1.0404, loss: 2.4382, lr: 2.66e-06
     Epoch[22] Iteration[110/384], entropy: 0.7432, loss: 2.1199, lr: 4.92e-06
     Epoch[22] Iteration[120/384], entropy: 0.8758, loss: 2.2542, lr: 3.84e-06
     Epoch[22] Iteration[130/384], entropy: 1.0455, loss: 2.3473, lr: 9.06e-07
     Epoch[22] Iteration[140/384], entropy: 0.9182, loss: 2.3717, lr: 1.76e-07
     Epoch[22] Iteration[150/384], entropy: 0.7146, loss: 2.0612, lr: 2.66e-06
     Epoch[22] Iteration[160/384], entropy: 1.0250, loss: 2.4713, lr: 4.92e-06
     Epoch[22] Iteration[170/384], entropy: 0.9087, loss: 2.2955, lr: 3.84e-06
     Epoch[22] Iteration[180/384], entropy: 0.8970, loss: 2.2245, lr: 9.06e-07
     Epoch[22] Iteration[190/384], entropy: 0.8740, loss: 2.2159, lr: 1.76e-07
     Epoch[22] Iteration[200/384], entropy: 0.8286, loss: 2.2504, lr: 2.66e-06
     Epoch[22] Iteration[210/384], entropy: 0.7258, loss: 2.1148, lr: 4.92e-06
     Epoch[22] Iteration[220/384], entropy: 0.8397, loss: 2.1035, lr: 3.84e-06
     Epoch[22] Iteration[230/384], entropy: 0.8771, loss: 2.1564, lr: 9.06e-07
     Epoch[22] Iteration[240/384], entropy: 0.8186, loss: 2.1966, lr: 1.76e-07
     Epoch[22] Iteration[250/384], entropy: 0.9492, loss: 2.3037, lr: 2.66e-06
     Epoch[22] Iteration[260/384], entropy: 1.0116, loss: 2.2974, lr: 4.92e-06
     Epoch[22] Iteration[270/384], entropy: 0.7395, loss: 2.0991, lr: 3.84e-06
     Epoch[22] Iteration[280/384], entropy: 0.6454, loss: 1.9071, lr: 9.06e-07
     Epoch[22] Iteration[290/384], entropy: 0.7924, loss: 2.1763, lr: 1.76e-07
     Epoch[22] Iteration[300/384], entropy: 1.0718, loss: 2.3984, lr: 2.66e-06
     Epoch[22] Iteration[310/384], entropy: 0.8124, loss: 2.1651, lr: 4.92e-06
     Epoch[22] Iteration[320/384], entropy: 0.8439, loss: 2.2674, lr: 3.84e-06
     Epoch[22] Iteration[330/384], entropy: 1.0221, loss: 2.4562, lr: 9.06e-07
     Epoch[22] Iteration[340/384], entropy: 0.9999, loss: 2.3128, lr: 1.76e-07
     Epoch[22] Iteration[350/384], entropy: 0.9281, loss: 2.2595, lr: 2.66e-06
     Epoch[22] Iteration[360/384], entropy: 0.8173, loss: 2.1267, lr: 4.92e-06
     Epoch[22] Iteration[370/384], entropy: 0.7709, loss: 2.1380, lr: 3.84e-06
     Epoch[22] Iteration[380/384], entropy: 0.9094, loss: 2.2654, lr: 9.06e-07
     Averaged stats: entropy: 0.7865, loss: 2.1976, lr: 1.76e-07
     itm tta time 0:00:39
### TTA Eval Score: 
+-------+--------+--------+--------+--------+--------+
| epoch |   R1   |   R5   |  R10   |  mAP   |  mINP  |
+-------+--------+--------+--------+--------+--------+
|  -999 | 77.680 | 91.407 | 94.883 | 69.300 | 53.366 |
|   0   | 77.729 | 91.423 | 94.867 | 69.308 | 53.363 |
|   1   | 77.729 | 91.423 | 94.851 | 69.298 | 53.354 |
|   2   | 77.729 | 91.423 | 94.851 | 69.296 | 53.358 |
|   3   | 77.680 | 91.407 | 94.818 | 69.296 | 53.372 |
|   4   | 77.680 | 91.407 | 94.802 | 69.292 | 53.367 |
|   5   | 77.664 | 91.423 | 94.834 | 69.303 | 53.375 |
|   6   | 77.648 | 91.439 | 94.851 | 69.293 | 53.371 |
|   7   | 77.632 | 91.439 | 94.834 | 69.298 | 53.378 |
|   8   | 77.648 | 91.472 | 94.851 | 69.287 | 53.366 |
|   9   | 77.664 | 91.455 | 94.818 | 69.283 | 53.338 |
|   10  | 77.664 | 91.455 | 94.818 | 69.287 | 53.344 |
|   11  | 77.745 | 91.455 | 94.802 | 69.294 | 53.334 |
|   12  | 77.729 | 91.423 | 94.818 | 69.292 | 53.330 |
|   13  | 77.713 | 91.439 | 94.818 | 69.287 | 53.331 |
|   14  | 77.713 | 91.455 | 94.834 | 69.287 | 53.333 |
|   15  | 77.729 | 91.439 | 94.851 | 69.295 | 53.339 |
|   16  | 77.729 | 91.455 | 94.867 | 69.293 | 53.340 |
|   17  | 77.778 | 91.439 | 94.899 | 69.307 | 53.344 |
|   18  | 77.794 | 91.439 | 94.899 | 69.307 | 53.332 |
|   19  | 77.794 | 91.439 | 94.899 | 69.301 | 53.338 |
|   20  | 77.794 | 91.439 | 94.916 | 69.309 | 53.357 |
|   21  | 77.794 | 91.439 | 94.916 | 69.300 | 53.349 |
|   22  | 77.859 | 91.439 | 94.932 | 69.304 | 53.348 |
+-------+--------+--------+--------+--------+--------+
     logs:  {'epo': 22, 'R1': 77.859, 'R5': 91.439, 'R10': 94.932, 'mAP': 69.304, 'mINP': 53.348, 'entropy': 0.8821041301677102, 'loss': 2.2398859074241235, 'lr': 2.557038550418282e-06}
     Epoch[23] Iteration[10/384], entropy: 0.8235, loss: 2.1724, lr: 9.06e-07
     Epoch[23] Iteration[20/384], entropy: 0.7217, loss: 2.0967, lr: 3.84e-06
     Epoch[23] Iteration[30/384], entropy: 0.8470, loss: 2.2471, lr: 4.92e-06
     Epoch[23] Iteration[40/384], entropy: 0.9531, loss: 2.4088, lr: 2.66e-06
     Epoch[23] Iteration[50/384], entropy: 0.9053, loss: 2.3223, lr: 1.76e-07
     Epoch[23] Iteration[60/384], entropy: 0.8145, loss: 2.1065, lr: 9.06e-07
     Epoch[23] Iteration[70/384], entropy: 0.9352, loss: 2.2379, lr: 3.84e-06
     Epoch[23] Iteration[80/384], entropy: 0.7561, loss: 2.1869, lr: 4.92e-06
     Epoch[23] Iteration[90/384], entropy: 0.7755, loss: 2.2221, lr: 2.66e-06
     Epoch[23] Iteration[100/384], entropy: 1.0079, loss: 2.4180, lr: 1.76e-07
     Epoch[23] Iteration[110/384], entropy: 0.9500, loss: 2.3180, lr: 9.06e-07
     Epoch[23] Iteration[120/384], entropy: 1.0157, loss: 2.3451, lr: 3.84e-06
     Epoch[23] Iteration[130/384], entropy: 1.0024, loss: 2.3639, lr: 4.92e-06
     Epoch[23] Iteration[140/384], entropy: 0.6147, loss: 1.9516, lr: 2.66e-06
     Epoch[23] Iteration[150/384], entropy: 0.9828, loss: 2.4087, lr: 1.76e-07
     Epoch[23] Iteration[160/384], entropy: 0.6700, loss: 2.0689, lr: 9.06e-07
     Epoch[23] Iteration[170/384], entropy: 0.7491, loss: 2.0997, lr: 3.84e-06
     Epoch[23] Iteration[180/384], entropy: 1.0344, loss: 2.4025, lr: 4.92e-06
     Epoch[23] Iteration[190/384], entropy: 1.0127, loss: 2.4169, lr: 2.66e-06
     Epoch[23] Iteration[200/384], entropy: 0.8746, loss: 2.2767, lr: 1.76e-07
     Epoch[23] Iteration[210/384], entropy: 0.8238, loss: 2.1815, lr: 9.06e-07
     Epoch[23] Iteration[220/384], entropy: 0.9591, loss: 2.3201, lr: 3.84e-06
     Epoch[23] Iteration[230/384], entropy: 1.1292, loss: 2.5570, lr: 4.92e-06
     Epoch[23] Iteration[240/384], entropy: 0.8751, loss: 2.2568, lr: 2.66e-06
     Epoch[23] Iteration[250/384], entropy: 0.7669, loss: 2.1781, lr: 1.76e-07
     Epoch[23] Iteration[260/384], entropy: 0.8085, loss: 2.2221, lr: 9.06e-07
     Epoch[23] Iteration[270/384], entropy: 1.0806, loss: 2.3868, lr: 3.84e-06
     Epoch[23] Iteration[280/384], entropy: 0.7952, loss: 2.1671, lr: 4.92e-06
     Epoch[23] Iteration[290/384], entropy: 0.8418, loss: 2.1958, lr: 2.66e-06
     Epoch[23] Iteration[300/384], entropy: 1.1580, loss: 2.5525, lr: 1.76e-07
     Epoch[23] Iteration[310/384], entropy: 0.5404, loss: 1.8587, lr: 9.06e-07
     Epoch[23] Iteration[320/384], entropy: 0.6969, loss: 2.0403, lr: 3.84e-06
     Epoch[23] Iteration[330/384], entropy: 0.9051, loss: 2.2344, lr: 4.92e-06
     Epoch[23] Iteration[340/384], entropy: 0.8907, loss: 2.2771, lr: 2.66e-06
     Epoch[23] Iteration[350/384], entropy: 1.0231, loss: 2.3430, lr: 1.76e-07
     Epoch[23] Iteration[360/384], entropy: 0.7680, loss: 2.0950, lr: 9.06e-07
     Epoch[23] Iteration[370/384], entropy: 1.0267, loss: 2.4270, lr: 3.84e-06
     Epoch[23] Iteration[380/384], entropy: 0.6262, loss: 2.0487, lr: 4.92e-06
     Averaged stats: entropy: 1.0605, loss: 2.4056, lr: 4.32e-06
     itm tta time 0:00:39
### TTA Eval Score: 
+-------+--------+--------+--------+--------+--------+
| epoch |   R1   |   R5   |  R10   |  mAP   |  mINP  |
+-------+--------+--------+--------+--------+--------+
|  -999 | 77.680 | 91.407 | 94.883 | 69.300 | 53.366 |
|   0   | 77.729 | 91.423 | 94.867 | 69.308 | 53.363 |
|   1   | 77.729 | 91.423 | 94.851 | 69.298 | 53.354 |
|   2   | 77.729 | 91.423 | 94.851 | 69.296 | 53.358 |
|   3   | 77.680 | 91.407 | 94.818 | 69.296 | 53.372 |
|   4   | 77.680 | 91.407 | 94.802 | 69.292 | 53.367 |
|   5   | 77.664 | 91.423 | 94.834 | 69.303 | 53.375 |
|   6   | 77.648 | 91.439 | 94.851 | 69.293 | 53.371 |
|   7   | 77.632 | 91.439 | 94.834 | 69.298 | 53.378 |
|   8   | 77.648 | 91.472 | 94.851 | 69.287 | 53.366 |
|   9   | 77.664 | 91.455 | 94.818 | 69.283 | 53.338 |
|   10  | 77.664 | 91.455 | 94.818 | 69.287 | 53.344 |
|   11  | 77.745 | 91.455 | 94.802 | 69.294 | 53.334 |
|   12  | 77.729 | 91.423 | 94.818 | 69.292 | 53.330 |
|   13  | 77.713 | 91.439 | 94.818 | 69.287 | 53.331 |
|   14  | 77.713 | 91.455 | 94.834 | 69.287 | 53.333 |
|   15  | 77.729 | 91.439 | 94.851 | 69.295 | 53.339 |
|   16  | 77.729 | 91.455 | 94.867 | 69.293 | 53.340 |
|   17  | 77.778 | 91.439 | 94.899 | 69.307 | 53.344 |
|   18  | 77.794 | 91.439 | 94.899 | 69.307 | 53.332 |
|   19  | 77.794 | 91.439 | 94.899 | 69.301 | 53.338 |
|   20  | 77.794 | 91.439 | 94.916 | 69.309 | 53.357 |
|   21  | 77.794 | 91.439 | 94.916 | 69.300 | 53.349 |
|   22  | 77.859 | 91.439 | 94.932 | 69.304 | 53.348 |
|   23  | 77.843 | 91.439 | 94.916 | 69.302 | 53.352 |
+-------+--------+--------+--------+--------+--------+
     logs:  {'epo': 23, 'R1': 77.843, 'R5': 91.439, 'R10': 94.916, 'mAP': 69.302, 'mINP': 53.352, 'entropy': 0.8726649472587987, 'loss': 2.2477056321344877, 'lr': 2.5570385504182756e-06}
     Epoch[24] Iteration[10/384], entropy: 0.9345, loss: 2.3183, lr: 1.44e-06
     Epoch[24] Iteration[20/384], entropy: 0.7610, loss: 2.1228, lr: 1.97e-08
     Epoch[24] Iteration[30/384], entropy: 0.7380, loss: 2.0582, lr: 2.03e-06
     Epoch[24] Iteration[40/384], entropy: 0.7404, loss: 2.0985, lr: 4.69e-06
     Epoch[24] Iteration[50/384], entropy: 0.8168, loss: 2.2796, lr: 4.32e-06
     Epoch[24] Iteration[60/384], entropy: 1.0053, loss: 2.3158, lr: 1.44e-06
     Epoch[24] Iteration[70/384], entropy: 1.0023, loss: 2.2902, lr: 1.97e-08
     Epoch[24] Iteration[80/384], entropy: 0.7879, loss: 2.1328, lr: 2.03e-06
     Epoch[24] Iteration[90/384], entropy: 0.9366, loss: 2.3630, lr: 4.69e-06
     Epoch[24] Iteration[100/384], entropy: 1.0290, loss: 2.4106, lr: 4.32e-06
     Epoch[24] Iteration[110/384], entropy: 0.9020, loss: 2.2392, lr: 1.44e-06
     Epoch[24] Iteration[120/384], entropy: 0.6865, loss: 2.0561, lr: 1.97e-08
     Epoch[24] Iteration[130/384], entropy: 0.9548, loss: 2.3934, lr: 2.03e-06
     Epoch[24] Iteration[140/384], entropy: 0.9625, loss: 2.3496, lr: 4.69e-06
     Epoch[24] Iteration[150/384], entropy: 1.0097, loss: 2.4181, lr: 4.32e-06
     Epoch[24] Iteration[160/384], entropy: 0.7802, loss: 2.1661, lr: 1.44e-06
     Epoch[24] Iteration[170/384], entropy: 0.6745, loss: 2.0349, lr: 1.97e-08
     Epoch[24] Iteration[180/384], entropy: 0.8920, loss: 2.2715, lr: 2.03e-06
     Epoch[24] Iteration[190/384], entropy: 1.0424, loss: 2.4271, lr: 4.69e-06
     Epoch[24] Iteration[200/384], entropy: 1.1176, loss: 2.5018, lr: 4.32e-06
     Epoch[24] Iteration[210/384], entropy: 0.7038, loss: 2.1375, lr: 1.44e-06
     Epoch[24] Iteration[220/384], entropy: 0.9106, loss: 2.2488, lr: 1.97e-08
     Epoch[24] Iteration[230/384], entropy: 0.8755, loss: 2.3115, lr: 2.03e-06
     Epoch[24] Iteration[240/384], entropy: 0.8849, loss: 2.2507, lr: 4.69e-06
     Epoch[24] Iteration[250/384], entropy: 0.9805, loss: 2.3561, lr: 4.32e-06
     Epoch[24] Iteration[260/384], entropy: 1.1289, loss: 2.5528, lr: 1.44e-06
     Epoch[24] Iteration[270/384], entropy: 0.8907, loss: 2.2893, lr: 1.97e-08
     Epoch[24] Iteration[280/384], entropy: 0.6564, loss: 1.9529, lr: 2.03e-06
     Epoch[24] Iteration[290/384], entropy: 0.8326, loss: 2.1485, lr: 4.69e-06
     Epoch[24] Iteration[300/384], entropy: 0.8286, loss: 2.0901, lr: 4.32e-06
     Epoch[24] Iteration[310/384], entropy: 0.8397, loss: 2.1638, lr: 1.44e-06
     Epoch[24] Iteration[320/384], entropy: 0.8652, loss: 2.2997, lr: 1.97e-08
     Epoch[24] Iteration[330/384], entropy: 0.9134, loss: 2.2943, lr: 2.03e-06
     Epoch[24] Iteration[340/384], entropy: 0.8924, loss: 2.1685, lr: 4.69e-06
     Epoch[24] Iteration[350/384], entropy: 0.9490, loss: 2.3447, lr: 4.32e-06
     Epoch[24] Iteration[360/384], entropy: 0.6950, loss: 2.0202, lr: 1.44e-06
     Epoch[24] Iteration[370/384], entropy: 0.8971, loss: 2.2013, lr: 1.97e-08
     Epoch[24] Iteration[380/384], entropy: 1.0125, loss: 2.3689, lr: 2.03e-06
     Averaged stats: entropy: 1.0033, loss: 2.4011, lr: 3.27e-06
     itm tta time 0:00:39
### TTA Eval Score: 
+-------+--------+--------+--------+--------+--------+
| epoch |   R1   |   R5   |  R10   |  mAP   |  mINP  |
+-------+--------+--------+--------+--------+--------+
|  -999 | 77.680 | 91.407 | 94.883 | 69.300 | 53.366 |
|   0   | 77.729 | 91.423 | 94.867 | 69.308 | 53.363 |
|   1   | 77.729 | 91.423 | 94.851 | 69.298 | 53.354 |
|   2   | 77.729 | 91.423 | 94.851 | 69.296 | 53.358 |
|   3   | 77.680 | 91.407 | 94.818 | 69.296 | 53.372 |
|   4   | 77.680 | 91.407 | 94.802 | 69.292 | 53.367 |
|   5   | 77.664 | 91.423 | 94.834 | 69.303 | 53.375 |
|   6   | 77.648 | 91.439 | 94.851 | 69.293 | 53.371 |
|   7   | 77.632 | 91.439 | 94.834 | 69.298 | 53.378 |
|   8   | 77.648 | 91.472 | 94.851 | 69.287 | 53.366 |
|   9   | 77.664 | 91.455 | 94.818 | 69.283 | 53.338 |
|   10  | 77.664 | 91.455 | 94.818 | 69.287 | 53.344 |
|   11  | 77.745 | 91.455 | 94.802 | 69.294 | 53.334 |
|   12  | 77.729 | 91.423 | 94.818 | 69.292 | 53.330 |
|   13  | 77.713 | 91.439 | 94.818 | 69.287 | 53.331 |
|   14  | 77.713 | 91.455 | 94.834 | 69.287 | 53.333 |
|   15  | 77.729 | 91.439 | 94.851 | 69.295 | 53.339 |
|   16  | 77.729 | 91.455 | 94.867 | 69.293 | 53.340 |
|   17  | 77.778 | 91.439 | 94.899 | 69.307 | 53.344 |
|   18  | 77.794 | 91.439 | 94.899 | 69.307 | 53.332 |
|   19  | 77.794 | 91.439 | 94.899 | 69.301 | 53.338 |
|   20  | 77.794 | 91.439 | 94.916 | 69.309 | 53.357 |
|   21  | 77.794 | 91.439 | 94.916 | 69.300 | 53.349 |
|   22  | 77.859 | 91.439 | 94.932 | 69.304 | 53.348 |
|   23  | 77.843 | 91.439 | 94.916 | 69.302 | 53.352 |
|   24  | 77.843 | 91.439 | 94.932 | 69.304 | 53.351 |
+-------+--------+--------+--------+--------+--------+
     logs:  {'epo': 24, 'R1': 77.843, 'R5': 91.439, 'R10': 94.932, 'mAP': 69.304, 'mINP': 53.351, 'entropy': 0.882387073416459, 'loss': 2.2486134579307153, 'lr': 2.394389782403584e-06}
     Epoch[25] Iteration[10/384], entropy: 0.5697, loss: 1.9381, lr: 5.00e-06
     Epoch[25] Iteration[20/384], entropy: 0.8492, loss: 2.2408, lr: 3.27e-06
     Epoch[25] Iteration[30/384], entropy: 1.0438, loss: 2.3991, lr: 4.77e-07
     Epoch[25] Iteration[40/384], entropy: 0.9129, loss: 2.3046, lr: 4.77e-07
     Epoch[25] Iteration[50/384], entropy: 0.6697, loss: 2.0113, lr: 3.27e-06
     Epoch[25] Iteration[60/384], entropy: 0.6943, loss: 2.0621, lr: 5.00e-06
     Epoch[25] Iteration[70/384], entropy: 0.8139, loss: 2.1019, lr: 3.27e-06
     Epoch[25] Iteration[80/384], entropy: 0.6217, loss: 1.9558, lr: 4.77e-07
     Epoch[25] Iteration[90/384], entropy: 0.7672, loss: 2.1349, lr: 4.77e-07
     Epoch[25] Iteration[100/384], entropy: 0.8506, loss: 2.2624, lr: 3.27e-06
     Epoch[25] Iteration[110/384], entropy: 0.6019, loss: 1.9137, lr: 5.00e-06
     Epoch[25] Iteration[120/384], entropy: 0.7673, loss: 2.1384, lr: 3.27e-06
     Epoch[25] Iteration[130/384], entropy: 0.9186, loss: 2.2888, lr: 4.77e-07
     Epoch[25] Iteration[140/384], entropy: 0.7636, loss: 2.0731, lr: 4.77e-07
     Epoch[25] Iteration[150/384], entropy: 0.8808, loss: 2.2727, lr: 3.27e-06
     Epoch[25] Iteration[160/384], entropy: 0.7247, loss: 2.0846, lr: 5.00e-06
     Epoch[25] Iteration[170/384], entropy: 0.7863, loss: 2.1652, lr: 3.27e-06
     Epoch[25] Iteration[180/384], entropy: 0.9746, loss: 2.3106, lr: 4.77e-07
     Epoch[25] Iteration[190/384], entropy: 0.7007, loss: 2.0786, lr: 4.77e-07
     Epoch[25] Iteration[200/384], entropy: 0.9680, loss: 2.3326, lr: 3.27e-06
     Epoch[25] Iteration[210/384], entropy: 0.7308, loss: 2.1161, lr: 5.00e-06
     Epoch[25] Iteration[220/384], entropy: 0.9387, loss: 2.3175, lr: 3.27e-06
     Epoch[25] Iteration[230/384], entropy: 0.9150, loss: 2.3068, lr: 4.77e-07
     Epoch[25] Iteration[240/384], entropy: 0.8726, loss: 2.2344, lr: 4.77e-07
     Epoch[25] Iteration[250/384], entropy: 0.6543, loss: 2.0051, lr: 3.27e-06
     Epoch[25] Iteration[260/384], entropy: 0.7033, loss: 2.0335, lr: 5.00e-06
     Epoch[25] Iteration[270/384], entropy: 0.8038, loss: 2.1467, lr: 3.27e-06
     Epoch[25] Iteration[280/384], entropy: 0.6923, loss: 2.0539, lr: 4.77e-07
     Epoch[25] Iteration[290/384], entropy: 0.7847, loss: 2.1719, lr: 4.77e-07
     Epoch[25] Iteration[300/384], entropy: 0.6467, loss: 1.9589, lr: 3.27e-06
     Epoch[25] Iteration[310/384], entropy: 1.1017, loss: 2.3317, lr: 5.00e-06
     Epoch[25] Iteration[320/384], entropy: 0.8248, loss: 2.1732, lr: 3.27e-06
     Epoch[25] Iteration[330/384], entropy: 0.7996, loss: 2.1861, lr: 4.77e-07
     Epoch[25] Iteration[340/384], entropy: 0.9084, loss: 2.2748, lr: 4.77e-07
     Epoch[25] Iteration[350/384], entropy: 0.8219, loss: 2.1854, lr: 3.27e-06
     Epoch[25] Iteration[360/384], entropy: 0.7588, loss: 2.1011, lr: 5.00e-06
     Epoch[25] Iteration[370/384], entropy: 0.6619, loss: 2.0152, lr: 3.27e-06
     Epoch[25] Iteration[380/384], entropy: 0.8640, loss: 2.1705, lr: 4.77e-07
     Averaged stats: entropy: 0.8384, loss: 2.1835, lr: 1.97e-08
     itm tta time 0:00:40
### TTA Eval Score: 
+-------+--------+--------+--------+--------+--------+
| epoch |   R1   |   R5   |  R10   |  mAP   |  mINP  |
+-------+--------+--------+--------+--------+--------+
|  -999 | 77.680 | 91.407 | 94.883 | 69.300 | 53.366 |
|   0   | 77.729 | 91.423 | 94.867 | 69.308 | 53.363 |
|   1   | 77.729 | 91.423 | 94.851 | 69.298 | 53.354 |
|   2   | 77.729 | 91.423 | 94.851 | 69.296 | 53.358 |
|   3   | 77.680 | 91.407 | 94.818 | 69.296 | 53.372 |
|   4   | 77.680 | 91.407 | 94.802 | 69.292 | 53.367 |
|   5   | 77.664 | 91.423 | 94.834 | 69.303 | 53.375 |
|   6   | 77.648 | 91.439 | 94.851 | 69.293 | 53.371 |
|   7   | 77.632 | 91.439 | 94.834 | 69.298 | 53.378 |
|   8   | 77.648 | 91.472 | 94.851 | 69.287 | 53.366 |
|   9   | 77.664 | 91.455 | 94.818 | 69.283 | 53.338 |
|   10  | 77.664 | 91.455 | 94.818 | 69.287 | 53.344 |
|   11  | 77.745 | 91.455 | 94.802 | 69.294 | 53.334 |
|   12  | 77.729 | 91.423 | 94.818 | 69.292 | 53.330 |
|   13  | 77.713 | 91.439 | 94.818 | 69.287 | 53.331 |
|   14  | 77.713 | 91.455 | 94.834 | 69.287 | 53.333 |
|   15  | 77.729 | 91.439 | 94.851 | 69.295 | 53.339 |
|   16  | 77.729 | 91.455 | 94.867 | 69.293 | 53.340 |
|   17  | 77.778 | 91.439 | 94.899 | 69.307 | 53.344 |
|   18  | 77.794 | 91.439 | 94.899 | 69.307 | 53.332 |
|   19  | 77.794 | 91.439 | 94.899 | 69.301 | 53.338 |
|   20  | 77.794 | 91.439 | 94.916 | 69.309 | 53.357 |
|   21  | 77.794 | 91.439 | 94.916 | 69.300 | 53.349 |
|   22  | 77.859 | 91.439 | 94.932 | 69.304 | 53.348 |
|   23  | 77.843 | 91.439 | 94.916 | 69.302 | 53.352 |
|   24  | 77.843 | 91.439 | 94.932 | 69.304 | 53.351 |
|   25  | 77.859 | 91.391 | 94.948 | 69.302 | 53.340 |
+-------+--------+--------+--------+--------+--------+
     logs:  {'epo': 25, 'R1': 77.859, 'R5': 91.391, 'R10': 94.948, 'mAP': 69.302, 'mINP': 53.34, 'entropy': 0.7990157604217529, 'loss': 2.154000693245938, 'lr': 2.532894736842164e-06}
     Epoch[26] Iteration[10/384], entropy: 0.7551, loss: 2.1103, lr: 1.44e-06
     Epoch[26] Iteration[20/384], entropy: 0.7722, loss: 2.2275, lr: 4.32e-06
     Epoch[26] Iteration[30/384], entropy: 0.8079, loss: 2.1450, lr: 4.69e-06
     Epoch[26] Iteration[40/384], entropy: 1.0501, loss: 2.4095, lr: 2.03e-06
     Epoch[26] Iteration[50/384], entropy: 0.7550, loss: 2.1695, lr: 1.97e-08
     Epoch[26] Iteration[60/384], entropy: 0.9853, loss: 2.3742, lr: 1.44e-06
     Epoch[26] Iteration[70/384], entropy: 0.8802, loss: 2.2052, lr: 4.32e-06
     Epoch[26] Iteration[80/384], entropy: 0.8403, loss: 2.2438, lr: 4.69e-06
     Epoch[26] Iteration[90/384], entropy: 0.7011, loss: 2.1355, lr: 2.34e-06
     Epoch[26] Iteration[100/384], entropy: 0.7631, loss: 2.0691, lr: 7.85e-08
     Epoch[26] Iteration[110/384], entropy: 0.8799, loss: 2.2386, lr: 1.16e-06
     Epoch[26] Iteration[120/384], entropy: 0.7710, loss: 2.0860, lr: 4.09e-06
     Epoch[26] Iteration[130/384], entropy: 0.8529, loss: 2.1714, lr: 4.82e-06
     Epoch[26] Iteration[140/384], entropy: 0.7075, loss: 2.0591, lr: 2.34e-06
     Epoch[26] Iteration[150/384], entropy: 0.9073, loss: 2.2573, lr: 7.85e-08
     Epoch[26] Iteration[160/384], entropy: 0.9045, loss: 2.2359, lr: 1.16e-06
     Epoch[26] Iteration[170/384], entropy: 1.0909, loss: 2.4518, lr: 4.09e-06
     Epoch[26] Iteration[180/384], entropy: 1.0057, loss: 2.3054, lr: 4.82e-06
     Epoch[26] Iteration[190/384], entropy: 0.8978, loss: 2.1999, lr: 2.34e-06
     Epoch[26] Iteration[200/384], entropy: 0.7653, loss: 2.1871, lr: 7.85e-08
     Epoch[26] Iteration[210/384], entropy: 0.7815, loss: 1.9955, lr: 1.16e-06
     Epoch[26] Iteration[220/384], entropy: 0.9604, loss: 2.2995, lr: 4.09e-06
     Epoch[26] Iteration[230/384], entropy: 0.8859, loss: 2.2311, lr: 4.82e-06
     Epoch[26] Iteration[240/384], entropy: 0.7942, loss: 2.1004, lr: 2.34e-06
     Epoch[26] Iteration[250/384], entropy: 0.8619, loss: 2.2488, lr: 7.85e-08
     Epoch[26] Iteration[260/384], entropy: 0.7716, loss: 2.1622, lr: 1.16e-06
     Epoch[26] Iteration[270/384], entropy: 0.8703, loss: 2.2197, lr: 4.09e-06
     Epoch[26] Iteration[280/384], entropy: 0.9175, loss: 2.3366, lr: 4.82e-06
     Epoch[26] Iteration[290/384], entropy: 1.0232, loss: 2.4428, lr: 2.34e-06
     Epoch[26] Iteration[300/384], entropy: 0.7879, loss: 2.1069, lr: 7.85e-08
     Epoch[26] Iteration[310/384], entropy: 0.7520, loss: 2.1208, lr: 1.16e-06
     Epoch[26] Iteration[320/384], entropy: 0.9421, loss: 2.2942, lr: 4.09e-06
     Epoch[26] Iteration[330/384], entropy: 0.8780, loss: 2.2921, lr: 4.82e-06
     Epoch[26] Iteration[340/384], entropy: 0.8252, loss: 2.2239, lr: 2.34e-06
     Epoch[26] Iteration[350/384], entropy: 0.6702, loss: 2.0933, lr: 7.85e-08
     Epoch[26] Iteration[360/384], entropy: 0.8994, loss: 2.1629, lr: 1.16e-06
     Epoch[26] Iteration[370/384], entropy: 0.7430, loss: 2.0414, lr: 4.09e-06
     Epoch[26] Iteration[380/384], entropy: 0.5791, loss: 1.9072, lr: 4.82e-06
     Averaged stats: entropy: 0.6246, loss: 1.9363, lr: 4.09e-06
     itm tta time 0:00:40
### TTA Eval Score: 
+-------+--------+--------+--------+--------+--------+
| epoch |   R1   |   R5   |  R10   |  mAP   |  mINP  |
+-------+--------+--------+--------+--------+--------+
|  -999 | 77.680 | 91.407 | 94.883 | 69.300 | 53.366 |
|   0   | 77.729 | 91.423 | 94.867 | 69.308 | 53.363 |
|   1   | 77.729 | 91.423 | 94.851 | 69.298 | 53.354 |
|   2   | 77.729 | 91.423 | 94.851 | 69.296 | 53.358 |
|   3   | 77.680 | 91.407 | 94.818 | 69.296 | 53.372 |
|   4   | 77.680 | 91.407 | 94.802 | 69.292 | 53.367 |
|   5   | 77.664 | 91.423 | 94.834 | 69.303 | 53.375 |
|   6   | 77.648 | 91.439 | 94.851 | 69.293 | 53.371 |
|   7   | 77.632 | 91.439 | 94.834 | 69.298 | 53.378 |
|   8   | 77.648 | 91.472 | 94.851 | 69.287 | 53.366 |
|   9   | 77.664 | 91.455 | 94.818 | 69.283 | 53.338 |
|   10  | 77.664 | 91.455 | 94.818 | 69.287 | 53.344 |
|   11  | 77.745 | 91.455 | 94.802 | 69.294 | 53.334 |
|   12  | 77.729 | 91.423 | 94.818 | 69.292 | 53.330 |
|   13  | 77.713 | 91.439 | 94.818 | 69.287 | 53.331 |
|   14  | 77.713 | 91.455 | 94.834 | 69.287 | 53.333 |
|   15  | 77.729 | 91.439 | 94.851 | 69.295 | 53.339 |
|   16  | 77.729 | 91.455 | 94.867 | 69.293 | 53.340 |
|   17  | 77.778 | 91.439 | 94.899 | 69.307 | 53.344 |
|   18  | 77.794 | 91.439 | 94.899 | 69.307 | 53.332 |
|   19  | 77.794 | 91.439 | 94.899 | 69.301 | 53.338 |
|   20  | 77.794 | 91.439 | 94.916 | 69.309 | 53.357 |
|   21  | 77.794 | 91.439 | 94.916 | 69.300 | 53.349 |
|   22  | 77.859 | 91.439 | 94.932 | 69.304 | 53.348 |
|   23  | 77.843 | 91.439 | 94.916 | 69.302 | 53.352 |
|   24  | 77.843 | 91.439 | 94.932 | 69.304 | 53.351 |
|   25  | 77.859 | 91.391 | 94.948 | 69.302 | 53.340 |
|   26  | 77.859 | 91.407 | 94.948 | 69.306 | 53.346 |
+-------+--------+--------+--------+--------+--------+
     logs:  {'epo': 26, 'R1': 77.859, 'R5': 91.407, 'R10': 94.948, 'mAP': 69.306, 'mINP': 53.346, 'entropy': 0.8430689777198591, 'loss': 2.1989841178843847, 'lr': 2.5775984220986832e-06}
     Epoch[27] Iteration[10/384], entropy: 1.0331, loss: 2.3744, lr: 1.16e-06
     Epoch[27] Iteration[20/384], entropy: 0.7784, loss: 2.1642, lr: 7.85e-08
     Epoch[27] Iteration[30/384], entropy: 0.8062, loss: 2.2003, lr: 2.34e-06
     Epoch[27] Iteration[40/384], entropy: 0.9541, loss: 2.3194, lr: 4.82e-06
     Epoch[27] Iteration[50/384], entropy: 0.7979, loss: 2.1305, lr: 4.09e-06
     Epoch[27] Iteration[60/384], entropy: 1.0353, loss: 2.4529, lr: 1.16e-06
     Epoch[27] Iteration[70/384], entropy: 0.9785, loss: 2.3509, lr: 7.85e-08
     Epoch[27] Iteration[80/384], entropy: 0.8807, loss: 2.2580, lr: 2.34e-06
     Epoch[27] Iteration[90/384], entropy: 0.7194, loss: 2.0942, lr: 4.82e-06
     Epoch[27] Iteration[100/384], entropy: 0.8737, loss: 2.1119, lr: 4.09e-06
     Epoch[27] Iteration[110/384], entropy: 1.0687, loss: 2.4415, lr: 1.16e-06
     Epoch[27] Iteration[120/384], entropy: 0.9467, loss: 2.3645, lr: 7.85e-08
     Epoch[27] Iteration[130/384], entropy: 0.9825, loss: 2.4076, lr: 2.34e-06
     Epoch[27] Iteration[140/384], entropy: 0.8244, loss: 2.2056, lr: 4.82e-06
     Epoch[27] Iteration[150/384], entropy: 0.8837, loss: 2.2108, lr: 4.09e-06
     Epoch[27] Iteration[160/384], entropy: 0.8067, loss: 2.1840, lr: 1.16e-06
     Epoch[27] Iteration[170/384], entropy: 0.7170, loss: 2.0390, lr: 7.85e-08
     Epoch[27] Iteration[180/384], entropy: 1.0466, loss: 2.3434, lr: 2.34e-06
     Epoch[27] Iteration[190/384], entropy: 0.7509, loss: 2.0673, lr: 4.82e-06
     Epoch[27] Iteration[200/384], entropy: 0.7687, loss: 2.0279, lr: 4.09e-06
     Epoch[27] Iteration[210/384], entropy: 0.8367, loss: 2.2170, lr: 1.16e-06
     Epoch[27] Iteration[220/384], entropy: 0.9520, loss: 2.2936, lr: 7.85e-08
     Epoch[27] Iteration[230/384], entropy: 0.9337, loss: 2.2443, lr: 2.34e-06
     Epoch[27] Iteration[240/384], entropy: 0.9206, loss: 2.2397, lr: 4.82e-06
     Epoch[27] Iteration[250/384], entropy: 0.7826, loss: 2.1630, lr: 4.09e-06
     Epoch[27] Iteration[260/384], entropy: 1.0546, loss: 2.4297, lr: 1.16e-06
     Epoch[27] Iteration[270/384], entropy: 0.7775, loss: 2.1058, lr: 7.85e-08
     Epoch[27] Iteration[280/384], entropy: 0.8141, loss: 2.1693, lr: 2.34e-06
     Epoch[27] Iteration[290/384], entropy: 0.9520, loss: 2.3005, lr: 4.82e-06
     Epoch[27] Iteration[300/384], entropy: 0.6421, loss: 1.9494, lr: 4.09e-06
     Epoch[27] Iteration[310/384], entropy: 0.5862, loss: 1.9181, lr: 1.16e-06
     Epoch[27] Iteration[320/384], entropy: 0.9203, loss: 2.3156, lr: 7.85e-08
     Epoch[27] Iteration[330/384], entropy: 0.6580, loss: 1.9714, lr: 2.34e-06
     Epoch[27] Iteration[340/384], entropy: 0.7996, loss: 2.0575, lr: 4.82e-06
     Epoch[27] Iteration[350/384], entropy: 1.0124, loss: 2.4338, lr: 4.09e-06
     Epoch[27] Iteration[360/384], entropy: 0.6802, loss: 2.0783, lr: 1.16e-06
     Epoch[27] Iteration[370/384], entropy: 0.9659, loss: 2.3674, lr: 7.85e-08
     Epoch[27] Iteration[380/384], entropy: 1.0338, loss: 2.4907, lr: 2.34e-06
     Averaged stats: entropy: 0.7198, loss: 2.0788, lr: 3.56e-06
     itm tta time 0:00:40
### TTA Eval Score: 
+-------+--------+--------+--------+--------+--------+
| epoch |   R1   |   R5   |  R10   |  mAP   |  mINP  |
+-------+--------+--------+--------+--------+--------+
|  -999 | 77.680 | 91.407 | 94.883 | 69.300 | 53.366 |
|   0   | 77.729 | 91.423 | 94.867 | 69.308 | 53.363 |
|   1   | 77.729 | 91.423 | 94.851 | 69.298 | 53.354 |
|   2   | 77.729 | 91.423 | 94.851 | 69.296 | 53.358 |
|   3   | 77.680 | 91.407 | 94.818 | 69.296 | 53.372 |
|   4   | 77.680 | 91.407 | 94.802 | 69.292 | 53.367 |
|   5   | 77.664 | 91.423 | 94.834 | 69.303 | 53.375 |
|   6   | 77.648 | 91.439 | 94.851 | 69.293 | 53.371 |
|   7   | 77.632 | 91.439 | 94.834 | 69.298 | 53.378 |
|   8   | 77.648 | 91.472 | 94.851 | 69.287 | 53.366 |
|   9   | 77.664 | 91.455 | 94.818 | 69.283 | 53.338 |
|   10  | 77.664 | 91.455 | 94.818 | 69.287 | 53.344 |
|   11  | 77.745 | 91.455 | 94.802 | 69.294 | 53.334 |
|   12  | 77.729 | 91.423 | 94.818 | 69.292 | 53.330 |
|   13  | 77.713 | 91.439 | 94.818 | 69.287 | 53.331 |
|   14  | 77.713 | 91.455 | 94.834 | 69.287 | 53.333 |
|   15  | 77.729 | 91.439 | 94.851 | 69.295 | 53.339 |
|   16  | 77.729 | 91.455 | 94.867 | 69.293 | 53.340 |
|   17  | 77.778 | 91.439 | 94.899 | 69.307 | 53.344 |
|   18  | 77.794 | 91.439 | 94.899 | 69.307 | 53.332 |
|   19  | 77.794 | 91.439 | 94.899 | 69.301 | 53.338 |
|   20  | 77.794 | 91.439 | 94.916 | 69.309 | 53.357 |
|   21  | 77.794 | 91.439 | 94.916 | 69.300 | 53.349 |
|   22  | 77.859 | 91.439 | 94.932 | 69.304 | 53.348 |
|   23  | 77.843 | 91.439 | 94.916 | 69.302 | 53.352 |
|   24  | 77.843 | 91.439 | 94.932 | 69.304 | 53.351 |
|   25  | 77.859 | 91.391 | 94.948 | 69.302 | 53.340 |
|   26  | 77.859 | 91.407 | 94.948 | 69.306 | 53.346 |
|   27  | 77.875 | 91.407 | 94.948 | 69.303 | 53.338 |
+-------+--------+--------+--------+--------+--------+
     logs:  {'epo': 27, 'R1': 77.875, 'R5': 91.407, 'R10': 94.948, 'mAP': 69.303, 'mINP': 53.338, 'entropy': 0.8677713651406137, 'loss': 2.2235139294674524, 'lr': 2.3968947055502254e-06}
     Epoch[28] Iteration[10/384], entropy: 0.8185, loss: 2.1570, lr: 4.98e-06
     Epoch[28] Iteration[20/384], entropy: 0.9920, loss: 2.3305, lr: 2.97e-06
     Epoch[28] Iteration[30/384], entropy: 0.8329, loss: 2.2863, lr: 3.09e-07
     Epoch[28] Iteration[40/384], entropy: 0.9033, loss: 2.2629, lr: 6.78e-07
     Epoch[28] Iteration[50/384], entropy: 0.9789, loss: 2.3507, lr: 3.56e-06
     Epoch[28] Iteration[60/384], entropy: 0.9116, loss: 2.2350, lr: 4.98e-06
     Epoch[28] Iteration[70/384], entropy: 0.7283, loss: 2.1034, lr: 2.97e-06
     Epoch[28] Iteration[80/384], entropy: 0.9562, loss: 2.3566, lr: 3.09e-07
     Epoch[28] Iteration[90/384], entropy: 0.9173, loss: 2.2594, lr: 6.78e-07
     Epoch[28] Iteration[100/384], entropy: 0.9683, loss: 2.2446, lr: 3.56e-06
     Epoch[28] Iteration[110/384], entropy: 0.9046, loss: 2.2695, lr: 4.98e-06
     Epoch[28] Iteration[120/384], entropy: 0.9629, loss: 2.2958, lr: 2.97e-06
     Epoch[28] Iteration[130/384], entropy: 0.6875, loss: 1.9402, lr: 3.09e-07
     Epoch[28] Iteration[140/384], entropy: 0.7872, loss: 2.2268, lr: 6.78e-07
     Epoch[28] Iteration[150/384], entropy: 0.7675, loss: 2.1310, lr: 3.56e-06
     Epoch[28] Iteration[160/384], entropy: 0.5429, loss: 1.9146, lr: 4.98e-06
     Epoch[28] Iteration[170/384], entropy: 0.9793, loss: 2.3458, lr: 2.97e-06
     Epoch[28] Iteration[180/384], entropy: 0.8076, loss: 2.1493, lr: 3.09e-07
     Epoch[28] Iteration[190/384], entropy: 0.9115, loss: 2.2704, lr: 6.78e-07
     Epoch[28] Iteration[200/384], entropy: 1.2874, loss: 2.6725, lr: 3.56e-06
     Epoch[28] Iteration[210/384], entropy: 0.5893, loss: 1.9573, lr: 4.98e-06
     Epoch[28] Iteration[220/384], entropy: 0.6219, loss: 1.8978, lr: 2.97e-06
     Epoch[28] Iteration[230/384], entropy: 0.8147, loss: 2.2283, lr: 3.09e-07
     Epoch[28] Iteration[240/384], entropy: 1.0212, loss: 2.3410, lr: 6.78e-07
     Epoch[28] Iteration[250/384], entropy: 1.0483, loss: 2.3787, lr: 3.56e-06
     Epoch[28] Iteration[260/384], entropy: 0.7000, loss: 2.0139, lr: 4.98e-06
     Epoch[28] Iteration[270/384], entropy: 0.7497, loss: 2.1377, lr: 2.97e-06
     Epoch[28] Iteration[280/384], entropy: 0.6132, loss: 1.9049, lr: 3.09e-07
     Epoch[28] Iteration[290/384], entropy: 0.7027, loss: 2.0694, lr: 6.78e-07
     Epoch[28] Iteration[300/384], entropy: 0.7541, loss: 2.1396, lr: 3.56e-06
     Epoch[28] Iteration[310/384], entropy: 0.9172, loss: 2.2928, lr: 4.98e-06
     Epoch[28] Iteration[320/384], entropy: 0.6272, loss: 1.9312, lr: 2.97e-06
     Epoch[28] Iteration[330/384], entropy: 1.0336, loss: 2.4324, lr: 3.09e-07
     Epoch[28] Iteration[340/384], entropy: 0.8191, loss: 2.1912, lr: 6.78e-07
     Epoch[28] Iteration[350/384], entropy: 1.1689, loss: 2.5687, lr: 3.56e-06
     Epoch[28] Iteration[360/384], entropy: 0.8345, loss: 2.2228, lr: 4.98e-06
     Epoch[28] Iteration[370/384], entropy: 0.9209, loss: 2.3541, lr: 2.97e-06
     Epoch[28] Iteration[380/384], entropy: 0.6727, loss: 2.0691, lr: 3.09e-07
     Averaged stats: entropy: 0.7658, loss: 2.1205, lr: 0.00e+00
     itm tta time 0:00:40
### TTA Eval Score: 
+-------+--------+--------+--------+--------+--------+
| epoch |   R1   |   R5   |  R10   |  mAP   |  mINP  |
+-------+--------+--------+--------+--------+--------+
|  -999 | 77.680 | 91.407 | 94.883 | 69.300 | 53.366 |
|   0   | 77.729 | 91.423 | 94.867 | 69.308 | 53.363 |
|   1   | 77.729 | 91.423 | 94.851 | 69.298 | 53.354 |
|   2   | 77.729 | 91.423 | 94.851 | 69.296 | 53.358 |
|   3   | 77.680 | 91.407 | 94.818 | 69.296 | 53.372 |
|   4   | 77.680 | 91.407 | 94.802 | 69.292 | 53.367 |
|   5   | 77.664 | 91.423 | 94.834 | 69.303 | 53.375 |
|   6   | 77.648 | 91.439 | 94.851 | 69.293 | 53.371 |
|   7   | 77.632 | 91.439 | 94.834 | 69.298 | 53.378 |
|   8   | 77.648 | 91.472 | 94.851 | 69.287 | 53.366 |
|   9   | 77.664 | 91.455 | 94.818 | 69.283 | 53.338 |
|   10  | 77.664 | 91.455 | 94.818 | 69.287 | 53.344 |
|   11  | 77.745 | 91.455 | 94.802 | 69.294 | 53.334 |
|   12  | 77.729 | 91.423 | 94.818 | 69.292 | 53.330 |
|   13  | 77.713 | 91.439 | 94.818 | 69.287 | 53.331 |
|   14  | 77.713 | 91.455 | 94.834 | 69.287 | 53.333 |
|   15  | 77.729 | 91.439 | 94.851 | 69.295 | 53.339 |
|   16  | 77.729 | 91.455 | 94.867 | 69.293 | 53.340 |
|   17  | 77.778 | 91.439 | 94.899 | 69.307 | 53.344 |
|   18  | 77.794 | 91.439 | 94.899 | 69.307 | 53.332 |
|   19  | 77.794 | 91.439 | 94.899 | 69.301 | 53.338 |
|   20  | 77.794 | 91.439 | 94.916 | 69.309 | 53.357 |
|   21  | 77.794 | 91.439 | 94.916 | 69.300 | 53.349 |
|   22  | 77.859 | 91.439 | 94.932 | 69.304 | 53.348 |
|   23  | 77.843 | 91.439 | 94.916 | 69.302 | 53.352 |
|   24  | 77.843 | 91.439 | 94.932 | 69.304 | 53.351 |
|   25  | 77.859 | 91.391 | 94.948 | 69.302 | 53.340 |
|   26  | 77.859 | 91.407 | 94.948 | 69.306 | 53.346 |
|   27  | 77.875 | 91.407 | 94.948 | 69.303 | 53.338 |
|   28  | 77.875 | 91.423 | 94.964 | 69.292 | 53.321 |
+-------+--------+--------+--------+--------+--------+
     logs:  {'epo': 28, 'R1': 77.875, 'R5': 91.423, 'R10': 94.964, 'mAP': 69.292, 'mINP': 53.321, 'entropy': 0.848814889004356, 'loss': 2.2087641828938533, 'lr': 2.519946666832647e-06}
     Epoch[29] Iteration[10/384], entropy: 0.8209, loss: 2.1853, lr: 1.73e-06
     Epoch[29] Iteration[20/384], entropy: 0.9530, loss: 2.3029, lr: 4.52e-06
     Epoch[29] Iteration[30/384], entropy: 0.7251, loss: 2.0173, lr: 4.52e-06
     Epoch[29] Iteration[40/384], entropy: 0.8212, loss: 2.2221, lr: 1.73e-06
     Epoch[29] Iteration[50/384], entropy: 0.8127, loss: 2.1528, lr: 0.00e+00
     Epoch[29] Iteration[60/384], entropy: 0.8218, loss: 2.1635, lr: 1.73e-06
     Epoch[29] Iteration[70/384], entropy: 0.8695, loss: 2.2367, lr: 4.52e-06
     Epoch[29] Iteration[80/384], entropy: 0.7755, loss: 2.1114, lr: 4.52e-06
     Epoch[29] Iteration[90/384], entropy: 0.7979, loss: 2.1624, lr: 1.73e-06
     Epoch[29] Iteration[100/384], entropy: 0.5516, loss: 1.9154, lr: 0.00e+00
     Epoch[29] Iteration[110/384], entropy: 0.9548, loss: 2.3277, lr: 1.73e-06
     Epoch[29] Iteration[120/384], entropy: 0.9666, loss: 2.3608, lr: 4.52e-06
     Epoch[29] Iteration[130/384], entropy: 0.7623, loss: 2.1090, lr: 4.52e-06
     Epoch[29] Iteration[140/384], entropy: 0.9741, loss: 2.3738, lr: 1.73e-06
     Epoch[29] Iteration[150/384], entropy: 0.8472, loss: 2.2294, lr: 0.00e+00
     Epoch[29] Iteration[160/384], entropy: 1.0583, loss: 2.4175, lr: 1.73e-06
     Epoch[29] Iteration[170/384], entropy: 0.9108, loss: 2.2955, lr: 4.52e-06
     Epoch[29] Iteration[180/384], entropy: 0.6949, loss: 2.0801, lr: 4.52e-06
     Epoch[29] Iteration[190/384], entropy: 0.8726, loss: 2.3047, lr: 1.73e-06
     Epoch[29] Iteration[200/384], entropy: 0.8779, loss: 2.1777, lr: 0.00e+00
     Epoch[29] Iteration[210/384], entropy: 0.8410, loss: 2.2665, lr: 1.73e-06
     Epoch[29] Iteration[220/384], entropy: 0.7267, loss: 2.1034, lr: 4.52e-06
     Epoch[29] Iteration[230/384], entropy: 0.9201, loss: 2.2776, lr: 4.52e-06
     Epoch[29] Iteration[240/384], entropy: 1.1223, loss: 2.4893, lr: 1.73e-06
     Epoch[29] Iteration[250/384], entropy: 0.8875, loss: 2.2406, lr: 0.00e+00
     Epoch[29] Iteration[260/384], entropy: 0.8959, loss: 2.3200, lr: 1.73e-06
     Epoch[29] Iteration[270/384], entropy: 0.7629, loss: 2.0772, lr: 4.52e-06
     Epoch[29] Iteration[280/384], entropy: 0.7512, loss: 2.0119, lr: 4.52e-06
     Epoch[29] Iteration[290/384], entropy: 1.0646, loss: 2.3938, lr: 1.73e-06
     Epoch[29] Iteration[300/384], entropy: 0.8242, loss: 2.1781, lr: 0.00e+00
     Epoch[29] Iteration[310/384], entropy: 0.7923, loss: 2.1543, lr: 1.73e-06
     Epoch[29] Iteration[320/384], entropy: 0.7684, loss: 2.0645, lr: 4.52e-06
     Epoch[29] Iteration[330/384], entropy: 0.7925, loss: 2.2150, lr: 4.52e-06
     Epoch[29] Iteration[340/384], entropy: 0.8650, loss: 2.1896, lr: 1.73e-06
     Epoch[29] Iteration[350/384], entropy: 0.9571, loss: 2.3213, lr: 0.00e+00
     Epoch[29] Iteration[360/384], entropy: 0.5969, loss: 1.9912, lr: 1.73e-06
     Epoch[29] Iteration[370/384], entropy: 0.6963, loss: 2.0093, lr: 4.52e-06
     Epoch[29] Iteration[380/384], entropy: 0.6869, loss: 1.9587, lr: 4.52e-06
     Averaged stats: entropy: 0.9698, loss: 2.3182, lr: 3.56e-06
     itm tta time 0:00:39
### TTA Eval Score: 
+-------+--------+--------+--------+--------+--------+
| epoch |   R1   |   R5   |  R10   |  mAP   |  mINP  |
+-------+--------+--------+--------+--------+--------+
|  -999 | 77.680 | 91.407 | 94.883 | 69.300 | 53.366 |
|   0   | 77.729 | 91.423 | 94.867 | 69.308 | 53.363 |
|   1   | 77.729 | 91.423 | 94.851 | 69.298 | 53.354 |
|   2   | 77.729 | 91.423 | 94.851 | 69.296 | 53.358 |
|   3   | 77.680 | 91.407 | 94.818 | 69.296 | 53.372 |
|   4   | 77.680 | 91.407 | 94.802 | 69.292 | 53.367 |
|   5   | 77.664 | 91.423 | 94.834 | 69.303 | 53.375 |
|   6   | 77.648 | 91.439 | 94.851 | 69.293 | 53.371 |
|   7   | 77.632 | 91.439 | 94.834 | 69.298 | 53.378 |
|   8   | 77.648 | 91.472 | 94.851 | 69.287 | 53.366 |
|   9   | 77.664 | 91.455 | 94.818 | 69.283 | 53.338 |
|   10  | 77.664 | 91.455 | 94.818 | 69.287 | 53.344 |
|   11  | 77.745 | 91.455 | 94.802 | 69.294 | 53.334 |
|   12  | 77.729 | 91.423 | 94.818 | 69.292 | 53.330 |
|   13  | 77.713 | 91.439 | 94.818 | 69.287 | 53.331 |
|   14  | 77.713 | 91.455 | 94.834 | 69.287 | 53.333 |
|   15  | 77.729 | 91.439 | 94.851 | 69.295 | 53.339 |
|   16  | 77.729 | 91.455 | 94.867 | 69.293 | 53.340 |
|   17  | 77.778 | 91.439 | 94.899 | 69.307 | 53.344 |
|   18  | 77.794 | 91.439 | 94.899 | 69.307 | 53.332 |
|   19  | 77.794 | 91.439 | 94.899 | 69.301 | 53.338 |
|   20  | 77.794 | 91.439 | 94.916 | 69.309 | 53.357 |
|   21  | 77.794 | 91.439 | 94.916 | 69.300 | 53.349 |
|   22  | 77.859 | 91.439 | 94.932 | 69.304 | 53.348 |
|   23  | 77.843 | 91.439 | 94.916 | 69.302 | 53.352 |
|   24  | 77.843 | 91.439 | 94.932 | 69.304 | 53.351 |
|   25  | 77.859 | 91.391 | 94.948 | 69.302 | 53.340 |
|   26  | 77.859 | 91.407 | 94.948 | 69.306 | 53.346 |
|   27  | 77.875 | 91.407 | 94.948 | 69.303 | 53.338 |
|   28  | 77.875 | 91.423 | 94.964 | 69.292 | 53.321 |
|   29  | 77.891 | 91.407 | 94.948 | 69.292 | 53.311 |
+-------+--------+--------+--------+--------+--------+
     logs:  {'epo': 29, 'R1': 77.891, 'R5': 91.407, 'R10': 94.948, 'mAP': 69.292, 'mINP': 53.311, 'entropy': 0.8373885625287106, 'loss': 2.194951217425497, 'lr': 2.5861195391035556e-06}
### best epoch 29 : {'epo': '29', 'R1': '77.891', 'R5': '91.407', 'R10': '94.948', 'mAP': '69.292', 'mINP': '53.311', 'entropy': '0.8373885625287106', 'loss': '2.194951217425497', 'lr': '2.5861195391035556e-06'}
### Time 0:25:04
