Not using distributed mode
### Hyper-parameters:
     output_dir: output_rerun2/ham_cuhk_tta/exp10/exp10.0.4/2025091808390
     seed: 42
     device: cuda
     batch_size_tta: 16
     epochs: 20
     lr: 0.001
### Creating test dataset
     test_txt_set: 6156    test_img_set: 3074
     test_txt_loader: 13    test_img_loader: 7
### Creating model
Training Model with ['sdm', 'id', 'mlm'] tasks
Resized position embedding from size:torch.Size([1, 197, 768]) to size: torch.Size([1, 193, 768]) with height:24 width: 8
     Total Params Sum:  194535419
### Zero-Shot Score: 
/home/jiahao/task/IRRA/tta.py:284: FutureWarning: `torch.cuda.amp.GradScaler(args...)` is deprecated. Please use `torch.amp.GradScaler('cuda', args...)` instead.
  scaler = GradScaler()  # bf16
+-------+--------+--------+--------+--------+--------+
| epoch |   R1   |   R5   |  R10   |  mAP   |  mINP  |
+-------+--------+--------+--------+--------+--------+
|  -999 | 70.647 | 86.940 | 91.797 | 63.400 | 47.058 |
+-------+--------+--------+--------+--------+--------+
### TTA:
### Compute Cos Similarity Uncertainty
     preprocess_tta_coefficients  start
     sample selection ...
     number of sample after sample_selection: 6156
     uncertainty ...
     pos/neg sampling ...
      number of sample after pos/neg sampling: torch.Size([6156, 8])
     preprocess_tta_coefficients  end
### Creating TTA dataset
     tta_dataset: 6156
### Creating tta dataloader
### be careful: func create_loader returns a list length of 1
     tta_loader: 384
### Configure adapted weights
     TTA Dropout Modules: 
 []
     TTA Require Gradient Params: 
 [('base_model.transformer.resblocks.1.ln_1.weight', torch.Size([512])), ('base_model.transformer.resblocks.1.ln_1.bias', torch.Size([512])), ('base_model.transformer.resblocks.1.ln_2.weight', torch.Size([512])), ('base_model.transformer.resblocks.1.ln_2.bias', torch.Size([512])), ('base_model.transformer.resblocks.2.ln_1.weight', torch.Size([512])), ('base_model.transformer.resblocks.2.ln_1.bias', torch.Size([512])), ('base_model.transformer.resblocks.2.ln_2.weight', torch.Size([512])), ('base_model.transformer.resblocks.2.ln_2.bias', torch.Size([512])), ('base_model.transformer.resblocks.3.ln_1.weight', torch.Size([512])), ('base_model.transformer.resblocks.3.ln_1.bias', torch.Size([512])), ('base_model.transformer.resblocks.3.ln_2.weight', torch.Size([512])), ('base_model.transformer.resblocks.3.ln_2.bias', torch.Size([512])), ('base_model.transformer.resblocks.4.ln_1.weight', torch.Size([512])), ('base_model.transformer.resblocks.4.ln_1.bias', torch.Size([512])), ('base_model.transformer.resblocks.4.ln_2.weight', torch.Size([512])), ('base_model.transformer.resblocks.4.ln_2.bias', torch.Size([512])), ('base_model.transformer.resblocks.5.ln_1.weight', torch.Size([512])), ('base_model.transformer.resblocks.5.ln_1.bias', torch.Size([512])), ('base_model.transformer.resblocks.5.ln_2.weight', torch.Size([512])), ('base_model.transformer.resblocks.5.ln_2.bias', torch.Size([512])), ('base_model.transformer.resblocks.7.ln_1.weight', torch.Size([512])), ('base_model.transformer.resblocks.7.ln_1.bias', torch.Size([512])), ('base_model.transformer.resblocks.7.ln_2.weight', torch.Size([512])), ('base_model.transformer.resblocks.7.ln_2.bias', torch.Size([512])), ('base_model.transformer.resblocks.8.ln_1.weight', torch.Size([512])), ('base_model.transformer.resblocks.8.ln_1.bias', torch.Size([512])), ('base_model.transformer.resblocks.8.ln_2.weight', torch.Size([512])), ('base_model.transformer.resblocks.8.ln_2.bias', torch.Size([512])), ('base_model.transformer.resblocks.9.ln_1.weight', torch.Size([512])), ('base_model.transformer.resblocks.9.ln_1.bias', torch.Size([512])), ('base_model.transformer.resblocks.9.ln_2.weight', torch.Size([512])), ('base_model.transformer.resblocks.9.ln_2.bias', torch.Size([512])), ('base_model.transformer.resblocks.10.ln_1.weight', torch.Size([512])), ('base_model.transformer.resblocks.10.ln_1.bias', torch.Size([512])), ('base_model.transformer.resblocks.10.ln_2.weight', torch.Size([512])), ('base_model.transformer.resblocks.10.ln_2.bias', torch.Size([512])), ('base_model.transformer.resblocks.11.ln_1.weight', torch.Size([512])), ('base_model.transformer.resblocks.11.ln_1.bias', torch.Size([512])), ('base_model.transformer.resblocks.11.ln_2.weight', torch.Size([512])), ('base_model.transformer.resblocks.11.ln_2.bias', torch.Size([512])), ('base_model.ln_final.weight', torch.Size([512])), ('base_model.ln_final.bias', torch.Size([512]))]
     TTA Dropout Modules Number: 
 0
     TTA Require Gradient Params Sum: 
 21504
Using 5.0 times learning rate for random init module 
### Start Test Time Adaptation : num_epoch = 20
/home/jiahao/task/IRRA/tta.py:67: FutureWarning: `torch.cuda.amp.autocast(args...)` is deprecated. Please use `torch.amp.autocast('cuda', args...)` instead.
  with torch.cuda.amp.autocast(enabled=True):
     Epoch[0] Iteration[10/384], entropy: 0.4239, uncertainty: 3.7470, uncertainty_coeffi: 0.0100, loss: 0.1355, lr: 8.35e-04
     Epoch[0] Iteration[20/384], entropy: 0.3408, uncertainty: 3.1797, uncertainty_coeffi: 0.0100, loss: 0.1477, lr: 1.09e-05
     Epoch[0] Iteration[30/384], entropy: 0.3767, uncertainty: 3.2074, uncertainty_coeffi: 0.0100, loss: 0.1035, lr: 6.55e-04
     Epoch[0] Iteration[40/384], entropy: 0.3145, uncertainty: 3.8989, uncertainty_coeffi: 0.0100, loss: 0.1053, lr: 8.35e-04
     Epoch[0] Iteration[50/384], entropy: 0.5018, uncertainty: 3.8951, uncertainty_coeffi: 0.0100, loss: 0.1758, lr: 1.09e-05
     Epoch[0] Iteration[60/384], entropy: 0.2432, uncertainty: 2.9756, uncertainty_coeffi: 0.0100, loss: 0.1214, lr: 6.55e-04
     Epoch[0] Iteration[70/384], entropy: 0.3499, uncertainty: 4.0853, uncertainty_coeffi: 0.0100, loss: 0.1315, lr: 8.35e-04
     Epoch[0] Iteration[80/384], entropy: 0.6148, uncertainty: 3.6662, uncertainty_coeffi: 0.0100, loss: 0.2524, lr: 1.09e-05
     Epoch[0] Iteration[90/384], entropy: 0.4317, uncertainty: 4.2041, uncertainty_coeffi: 0.0100, loss: 0.1549, lr: 6.55e-04
     Epoch[0] Iteration[100/384], entropy: 0.4712, uncertainty: 3.7246, uncertainty_coeffi: 0.0100, loss: 0.2354, lr: 8.35e-04
     Epoch[0] Iteration[110/384], entropy: 0.2584, uncertainty: 3.2343, uncertainty_coeffi: 0.0100, loss: 0.1446, lr: 1.09e-05
     Epoch[0] Iteration[120/384], entropy: 0.3157, uncertainty: 3.1823, uncertainty_coeffi: 0.0100, loss: 0.1133, lr: 6.55e-04
     Epoch[0] Iteration[130/384], entropy: 0.5340, uncertainty: 4.6784, uncertainty_coeffi: 0.0100, loss: 0.1551, lr: 8.35e-04
     Epoch[0] Iteration[140/384], entropy: 0.3173, uncertainty: 2.3111, uncertainty_coeffi: 0.0100, loss: 0.1985, lr: 1.09e-05
     Epoch[0] Iteration[150/384], entropy: 0.3551, uncertainty: 3.4455, uncertainty_coeffi: 0.0100, loss: 0.1333, lr: 6.55e-04
     Epoch[0] Iteration[160/384], entropy: 0.3675, uncertainty: 3.4038, uncertainty_coeffi: 0.0100, loss: 0.1305, lr: 8.35e-04
     Epoch[0] Iteration[170/384], entropy: 0.3758, uncertainty: 3.7473, uncertainty_coeffi: 0.0100, loss: 0.1497, lr: 1.09e-05
     Epoch[0] Iteration[180/384], entropy: 0.4396, uncertainty: 3.3518, uncertainty_coeffi: 0.0100, loss: 0.1209, lr: 6.55e-04
     Epoch[0] Iteration[190/384], entropy: 0.5213, uncertainty: 4.1558, uncertainty_coeffi: 0.0100, loss: 0.1661, lr: 8.35e-04
     Epoch[0] Iteration[200/384], entropy: 0.3609, uncertainty: 3.5875, uncertainty_coeffi: 0.0100, loss: 0.1407, lr: 1.09e-05
     Epoch[0] Iteration[210/384], entropy: 0.2581, uncertainty: 3.6655, uncertainty_coeffi: 0.0100, loss: 0.0951, lr: 6.55e-04
     Epoch[0] Iteration[220/384], entropy: 0.2239, uncertainty: 3.7495, uncertainty_coeffi: 0.0100, loss: 0.0873, lr: 8.35e-04
     Epoch[0] Iteration[230/384], entropy: 0.2819, uncertainty: 4.0906, uncertainty_coeffi: 0.0100, loss: 0.1273, lr: 1.09e-05
     Epoch[0] Iteration[240/384], entropy: 0.2258, uncertainty: 4.0138, uncertainty_coeffi: 0.0100, loss: 0.1064, lr: 6.55e-04
     Epoch[0] Iteration[250/384], entropy: 0.4129, uncertainty: 3.7129, uncertainty_coeffi: 0.0100, loss: 0.1388, lr: 8.35e-04
     Epoch[0] Iteration[260/384], entropy: 0.3646, uncertainty: 3.8955, uncertainty_coeffi: 0.0100, loss: 0.1508, lr: 1.09e-05
     Epoch[0] Iteration[270/384], entropy: 0.2984, uncertainty: 4.2058, uncertainty_coeffi: 0.0100, loss: 0.1176, lr: 6.55e-04
     Epoch[0] Iteration[280/384], entropy: 0.4794, uncertainty: 3.4527, uncertainty_coeffi: 0.0100, loss: 0.1960, lr: 8.35e-04
     Epoch[0] Iteration[290/384], entropy: 0.6364, uncertainty: 3.7293, uncertainty_coeffi: 0.0100, loss: 0.2005, lr: 1.09e-05
     Epoch[0] Iteration[300/384], entropy: 0.0752, uncertainty: 3.0773, uncertainty_coeffi: 0.0100, loss: 0.0589, lr: 6.55e-04
     Epoch[0] Iteration[310/384], entropy: 0.4644, uncertainty: 3.7665, uncertainty_coeffi: 0.0100, loss: 0.1985, lr: 8.35e-04
     Epoch[0] Iteration[320/384], entropy: 0.3812, uncertainty: 4.2179, uncertainty_coeffi: 0.0100, loss: 0.1490, lr: 1.09e-05
     Epoch[0] Iteration[330/384], entropy: 0.3494, uncertainty: 2.5600, uncertainty_coeffi: 0.0100, loss: 0.1926, lr: 6.55e-04
     Epoch[0] Iteration[340/384], entropy: 0.3625, uncertainty: 3.8876, uncertainty_coeffi: 0.0100, loss: 0.1090, lr: 8.35e-04
     Epoch[0] Iteration[350/384], entropy: 0.3423, uncertainty: 3.0879, uncertainty_coeffi: 0.0100, loss: 0.1329, lr: 1.09e-05
     Epoch[0] Iteration[360/384], entropy: 0.3347, uncertainty: 3.6936, uncertainty_coeffi: 0.0100, loss: 0.1304, lr: 6.55e-04
     Epoch[0] Iteration[370/384], entropy: 0.5100, uncertainty: 3.6932, uncertainty_coeffi: 0.0100, loss: 0.1755, lr: 8.35e-04
     Epoch[0] Iteration[380/384], entropy: 0.7483, uncertainty: 3.7137, uncertainty_coeffi: 0.0100, loss: 0.2499, lr: 1.09e-05
     Averaged stats: entropy_avg: 0.3859, uncertainty_avg: 3.6288, uncertainty_coeffi_avg: 0.0100, loss_avg: 0.1482, lr_avg: 4.96e-04
     itm tta time 0:01:11
### TTA Eval Score: 
+-------+--------+--------+--------+--------+--------+
| epoch |   R1   |   R5   |  R10   |  mAP   |  mINP  |
+-------+--------+--------+--------+--------+--------+
|  -999 | 70.647 | 86.940 | 91.797 | 63.400 | 47.058 |
|   0   | 70.679 | 86.728 | 91.797 | 63.456 | 47.221 |
+-------+--------+--------+--------+--------+--------+
     logs:  {'epo': 0, 'R1': np.float32(70.679), 'R5': np.float32(86.728), 'R10': np.float32(91.797), 'mAP': np.float32(63.456), 'mINP': np.float32(47.221), 'entropy': 0.3858823921335371, 'uncertainty': 3.628816711275201, 'uncertainty_coeffi': 0.009999999776482582, 'loss': 0.14822654455508055, 'lr': 0.0004959339869161195}
     Epoch[1] Iteration[10/384], entropy: 0.2656, uncertainty: 3.7183, uncertainty_coeffi: 0.0100, loss: 0.1143, lr: 9.57e-04
     Epoch[1] Iteration[20/384], entropy: 0.2728, uncertainty: 2.4713, uncertainty_coeffi: 0.0100, loss: 0.1077, lr: 4.48e-04
     Epoch[1] Iteration[30/384], entropy: 0.3458, uncertainty: 2.8867, uncertainty_coeffi: 0.0100, loss: 0.1559, lr: 9.55e-05
     Epoch[1] Iteration[40/384], entropy: 0.3064, uncertainty: 3.5098, uncertainty_coeffi: 0.0100, loss: 0.1360, lr: 9.57e-04
     Epoch[1] Iteration[50/384], entropy: 0.3626, uncertainty: 3.1651, uncertainty_coeffi: 0.0100, loss: 0.1580, lr: 4.48e-04
     Epoch[1] Iteration[60/384], entropy: 0.2205, uncertainty: 3.3918, uncertainty_coeffi: 0.0100, loss: 0.1311, lr: 9.55e-05
     Epoch[1] Iteration[70/384], entropy: 0.1401, uncertainty: 2.9797, uncertainty_coeffi: 0.0100, loss: 0.0849, lr: 9.57e-04
     Epoch[1] Iteration[80/384], entropy: 0.4366, uncertainty: 3.0941, uncertainty_coeffi: 0.0100, loss: 0.1666, lr: 4.48e-04
     Epoch[1] Iteration[90/384], entropy: 0.1501, uncertainty: 2.6372, uncertainty_coeffi: 0.0100, loss: 0.0764, lr: 9.55e-05
     Epoch[1] Iteration[100/384], entropy: 0.4173, uncertainty: 3.9544, uncertainty_coeffi: 0.0100, loss: 0.1655, lr: 9.57e-04
     Epoch[1] Iteration[110/384], entropy: 0.4432, uncertainty: 3.3122, uncertainty_coeffi: 0.0100, loss: 0.2240, lr: 4.48e-04
     Epoch[1] Iteration[120/384], entropy: 0.2693, uncertainty: 3.0003, uncertainty_coeffi: 0.0100, loss: 0.1185, lr: 9.55e-05
     Epoch[1] Iteration[130/384], entropy: 0.4058, uncertainty: 3.9001, uncertainty_coeffi: 0.0100, loss: 0.1420, lr: 9.57e-04
     Epoch[1] Iteration[140/384], entropy: 0.4022, uncertainty: 3.5833, uncertainty_coeffi: 0.0100, loss: 0.1422, lr: 4.48e-04
     Epoch[1] Iteration[150/384], entropy: 0.1904, uncertainty: 2.8970, uncertainty_coeffi: 0.0100, loss: 0.0846, lr: 9.55e-05
     Epoch[1] Iteration[160/384], entropy: 0.4752, uncertainty: 4.1261, uncertainty_coeffi: 0.0100, loss: 0.1639, lr: 9.57e-04
     Epoch[1] Iteration[170/384], entropy: 0.3068, uncertainty: 2.9794, uncertainty_coeffi: 0.0100, loss: 0.1363, lr: 4.48e-04
     Epoch[1] Iteration[180/384], entropy: 0.2322, uncertainty: 3.9402, uncertainty_coeffi: 0.0100, loss: 0.0910, lr: 9.55e-05
     Epoch[1] Iteration[190/384], entropy: 0.3042, uncertainty: 3.6563, uncertainty_coeffi: 0.0100, loss: 0.1011, lr: 9.57e-04
     Epoch[1] Iteration[200/384], entropy: 0.2035, uncertainty: 3.2324, uncertainty_coeffi: 0.0100, loss: 0.0892, lr: 4.48e-04
     Epoch[1] Iteration[210/384], entropy: 0.3411, uncertainty: 3.4862, uncertainty_coeffi: 0.0100, loss: 0.1603, lr: 9.55e-05
     Epoch[1] Iteration[220/384], entropy: 0.3640, uncertainty: 3.8571, uncertainty_coeffi: 0.0100, loss: 0.1702, lr: 9.57e-04
     Epoch[1] Iteration[230/384], entropy: 0.4489, uncertainty: 2.6672, uncertainty_coeffi: 0.0100, loss: 0.1916, lr: 4.48e-04
     Epoch[1] Iteration[240/384], entropy: 0.4062, uncertainty: 3.0018, uncertainty_coeffi: 0.0100, loss: 0.1441, lr: 9.55e-05
     Epoch[1] Iteration[250/384], entropy: 0.3124, uncertainty: 3.4853, uncertainty_coeffi: 0.0100, loss: 0.1004, lr: 9.57e-04
     Epoch[1] Iteration[260/384], entropy: 0.4753, uncertainty: 2.7132, uncertainty_coeffi: 0.0100, loss: 0.2034, lr: 4.48e-04
     Epoch[1] Iteration[270/384], entropy: 0.2521, uncertainty: 3.3230, uncertainty_coeffi: 0.0100, loss: 0.0885, lr: 9.55e-05
     Epoch[1] Iteration[280/384], entropy: 0.2539, uncertainty: 4.3732, uncertainty_coeffi: 0.0100, loss: 0.0881, lr: 9.57e-04
     Epoch[1] Iteration[290/384], entropy: 0.2502, uncertainty: 3.2747, uncertainty_coeffi: 0.0100, loss: 0.1128, lr: 4.48e-04
     Epoch[1] Iteration[300/384], entropy: 0.3188, uncertainty: 3.8532, uncertainty_coeffi: 0.0100, loss: 0.0959, lr: 9.55e-05
     Epoch[1] Iteration[310/384], entropy: 0.3911, uncertainty: 5.3274, uncertainty_coeffi: 0.0100, loss: 0.1238, lr: 9.57e-04
     Epoch[1] Iteration[320/384], entropy: 0.3748, uncertainty: 3.9330, uncertainty_coeffi: 0.0100, loss: 0.1108, lr: 4.48e-04
     Epoch[1] Iteration[330/384], entropy: 0.4552, uncertainty: 3.5478, uncertainty_coeffi: 0.0100, loss: 0.1402, lr: 9.55e-05
     Epoch[1] Iteration[340/384], entropy: 0.3330, uncertainty: 2.9743, uncertainty_coeffi: 0.0100, loss: 0.1536, lr: 9.57e-04
     Epoch[1] Iteration[350/384], entropy: 0.3547, uncertainty: 3.6546, uncertainty_coeffi: 0.0100, loss: 0.1369, lr: 4.48e-04
     Epoch[1] Iteration[360/384], entropy: 0.2913, uncertainty: 4.1223, uncertainty_coeffi: 0.0100, loss: 0.0957, lr: 9.55e-05
     Epoch[1] Iteration[370/384], entropy: 0.4812, uncertainty: 3.6076, uncertainty_coeffi: 0.0100, loss: 0.2128, lr: 9.57e-04
     Epoch[1] Iteration[380/384], entropy: 0.3744, uncertainty: 3.2566, uncertainty_coeffi: 0.0100, loss: 0.1818, lr: 4.48e-04
     Averaged stats: entropy_avg: 0.3324, uncertainty_avg: 3.4446, uncertainty_coeffi_avg: 0.0100, loss_avg: 0.1342, lr_avg: 5.11e-04
     itm tta time 0:01:11
### TTA Eval Score: 
+-------+--------+--------+--------+--------+--------+
| epoch |   R1   |   R5   |  R10   |  mAP   |  mINP  |
+-------+--------+--------+--------+--------+--------+
|  -999 | 70.647 | 86.940 | 91.797 | 63.400 | 47.058 |
|   0   | 70.679 | 86.728 | 91.797 | 63.456 | 47.221 |
|   1   | 70.500 | 86.598 | 91.699 | 63.441 | 47.182 |
+-------+--------+--------+--------+--------+--------+
     logs:  {'epo': 1, 'R1': np.float32(70.5), 'R5': np.float32(86.598), 'R10': np.float32(91.699), 'mAP': np.float32(63.441), 'mINP': np.float32(47.182), 'entropy': 0.3323508763783856, 'uncertainty': 3.4445910830246773, 'uncertainty_coeffi': 0.009999999776482582, 'loss': 0.13421190314387021, 'lr': 0.0005106449604523037}
     Epoch[2] Iteration[10/384], entropy: 0.3983, uncertainty: 3.3092, uncertainty_coeffi: 0.0100, loss: 0.2128, lr: 4.48e-04
     Epoch[2] Iteration[20/384], entropy: 0.4966, uncertainty: 4.0594, uncertainty_coeffi: 0.0100, loss: 0.1534, lr: 9.57e-04
     Epoch[2] Iteration[30/384], entropy: 0.6151, uncertainty: 3.3272, uncertainty_coeffi: 0.0100, loss: 0.1896, lr: 9.55e-05
     Epoch[2] Iteration[40/384], entropy: 0.2212, uncertainty: 3.1161, uncertainty_coeffi: 0.0100, loss: 0.1006, lr: 4.48e-04
     Epoch[2] Iteration[50/384], entropy: 0.1576, uncertainty: 3.4906, uncertainty_coeffi: 0.0100, loss: 0.0907, lr: 9.57e-04
     Epoch[2] Iteration[60/384], entropy: 0.2066, uncertainty: 3.6372, uncertainty_coeffi: 0.0100, loss: 0.0811, lr: 9.55e-05
     Epoch[2] Iteration[70/384], entropy: 0.3609, uncertainty: 4.2618, uncertainty_coeffi: 0.0100, loss: 0.1443, lr: 4.48e-04
     Epoch[2] Iteration[80/384], entropy: 0.2724, uncertainty: 2.9679, uncertainty_coeffi: 0.0100, loss: 0.1357, lr: 9.57e-04
     Epoch[2] Iteration[90/384], entropy: 0.3900, uncertainty: 3.5922, uncertainty_coeffi: 0.0100, loss: 0.1728, lr: 9.55e-05
     Epoch[2] Iteration[100/384], entropy: 0.6134, uncertainty: 4.2652, uncertainty_coeffi: 0.0100, loss: 0.2087, lr: 4.48e-04
     Epoch[2] Iteration[110/384], entropy: 0.3009, uncertainty: 4.1454, uncertainty_coeffi: 0.0100, loss: 0.1134, lr: 9.57e-04
     Epoch[2] Iteration[120/384], entropy: 0.5084, uncertainty: 4.2946, uncertainty_coeffi: 0.0100, loss: 0.1766, lr: 9.55e-05
     Epoch[2] Iteration[130/384], entropy: 0.1941, uncertainty: 3.0493, uncertainty_coeffi: 0.0100, loss: 0.0959, lr: 4.48e-04
     Epoch[2] Iteration[140/384], entropy: 0.3084, uncertainty: 3.7885, uncertainty_coeffi: 0.0100, loss: 0.1262, lr: 9.57e-04
     Epoch[2] Iteration[150/384], entropy: 0.4016, uncertainty: 2.6915, uncertainty_coeffi: 0.0100, loss: 0.1820, lr: 9.55e-05
     Epoch[2] Iteration[160/384], entropy: 0.6699, uncertainty: 4.3465, uncertainty_coeffi: 0.0100, loss: 0.1838, lr: 4.48e-04
     Epoch[2] Iteration[170/384], entropy: 0.3984, uncertainty: 3.2430, uncertainty_coeffi: 0.0100, loss: 0.1439, lr: 9.57e-04
     Epoch[2] Iteration[180/384], entropy: 0.5286, uncertainty: 4.1512, uncertainty_coeffi: 0.0100, loss: 0.1685, lr: 9.55e-05
     Epoch[2] Iteration[190/384], entropy: 0.1872, uncertainty: 3.6665, uncertainty_coeffi: 0.0100, loss: 0.1006, lr: 4.48e-04
     Epoch[2] Iteration[200/384], entropy: 0.5792, uncertainty: 3.1243, uncertainty_coeffi: 0.0100, loss: 0.2180, lr: 9.57e-04
     Epoch[2] Iteration[210/384], entropy: 0.3944, uncertainty: 2.3439, uncertainty_coeffi: 0.0100, loss: 0.2127, lr: 9.55e-05
     Epoch[2] Iteration[220/384], entropy: 0.2895, uncertainty: 3.5900, uncertainty_coeffi: 0.0100, loss: 0.1098, lr: 4.48e-04
     Epoch[2] Iteration[230/384], entropy: 0.4683, uncertainty: 3.8141, uncertainty_coeffi: 0.0100, loss: 0.1640, lr: 9.57e-04
     Epoch[2] Iteration[240/384], entropy: 0.2342, uncertainty: 3.1331, uncertainty_coeffi: 0.0100, loss: 0.1015, lr: 9.55e-05
     Epoch[2] Iteration[250/384], entropy: 0.2824, uncertainty: 4.4583, uncertainty_coeffi: 0.0100, loss: 0.1199, lr: 4.48e-04
     Epoch[2] Iteration[260/384], entropy: 0.2690, uncertainty: 3.5085, uncertainty_coeffi: 0.0100, loss: 0.0903, lr: 9.57e-04
     Epoch[2] Iteration[270/384], entropy: 0.3011, uncertainty: 4.0364, uncertainty_coeffi: 0.0100, loss: 0.0993, lr: 9.55e-05
     Epoch[2] Iteration[280/384], entropy: 0.3594, uncertainty: 3.6701, uncertainty_coeffi: 0.0100, loss: 0.1246, lr: 4.48e-04
     Epoch[2] Iteration[290/384], entropy: 0.5499, uncertainty: 3.4477, uncertainty_coeffi: 0.0100, loss: 0.2032, lr: 9.57e-04
     Epoch[2] Iteration[300/384], entropy: 0.3578, uncertainty: 3.5634, uncertainty_coeffi: 0.0100, loss: 0.1493, lr: 9.55e-05
     Epoch[2] Iteration[310/384], entropy: 0.1236, uncertainty: 3.2881, uncertainty_coeffi: 0.0100, loss: 0.0761, lr: 4.48e-04
     Epoch[2] Iteration[320/384], entropy: 0.2592, uncertainty: 2.4876, uncertainty_coeffi: 0.0100, loss: 0.1435, lr: 9.57e-04
     Epoch[2] Iteration[330/384], entropy: 0.2496, uncertainty: 3.7614, uncertainty_coeffi: 0.0100, loss: 0.0886, lr: 9.55e-05
     Epoch[2] Iteration[340/384], entropy: 0.1925, uncertainty: 2.6635, uncertainty_coeffi: 0.0100, loss: 0.0883, lr: 4.48e-04
     Epoch[2] Iteration[350/384], entropy: 0.4173, uncertainty: 3.4045, uncertainty_coeffi: 0.0100, loss: 0.1962, lr: 9.57e-04
     Epoch[2] Iteration[360/384], entropy: 0.5109, uncertainty: 4.3929, uncertainty_coeffi: 0.0100, loss: 0.1502, lr: 9.55e-05
     Epoch[2] Iteration[370/384], entropy: 0.2136, uncertainty: 3.2054, uncertainty_coeffi: 0.0100, loss: 0.1018, lr: 4.48e-04
     Epoch[2] Iteration[380/384], entropy: 0.2997, uncertainty: 4.0624, uncertainty_coeffi: 0.0100, loss: 0.1189, lr: 9.57e-04
     Averaged stats: entropy_avg: 0.3574, uncertainty_avg: 3.5621, uncertainty_coeffi_avg: 0.0100, loss_avg: 0.1404, lr_avg: 5.11e-04
     itm tta time 0:01:11
### TTA Eval Score: 
+-------+--------+--------+--------+--------+--------+
| epoch |   R1   |   R5   |  R10   |  mAP   |  mINP  |
+-------+--------+--------+--------+--------+--------+
|  -999 | 70.647 | 86.940 | 91.797 | 63.400 | 47.058 |
|   0   | 70.679 | 86.728 | 91.797 | 63.456 | 47.221 |
|   1   | 70.500 | 86.598 | 91.699 | 63.441 | 47.182 |
|   2   | 70.614 | 86.566 | 91.797 | 63.482 | 47.210 |
+-------+--------+--------+--------+--------+--------+
     logs:  {'epo': 2, 'R1': np.float32(70.614), 'R5': np.float32(86.566), 'R10': np.float32(91.797), 'mAP': np.float32(63.482), 'mINP': np.float32(47.21), 'entropy': 0.3573940129656541, 'uncertainty': 3.5620819267473722, 'uncertainty_coeffi': 0.009999999776482582, 'loss': 0.1404456541334328, 'lr': 0.0005106449604523036}
     Epoch[3] Iteration[10/384], entropy: 0.3198, uncertainty: 3.5613, uncertainty_coeffi: 0.0100, loss: 0.1024, lr: 1.09e-05
     Epoch[3] Iteration[20/384], entropy: 0.2351, uncertainty: 2.8108, uncertainty_coeffi: 0.0100, loss: 0.1148, lr: 8.35e-04
     Epoch[3] Iteration[30/384], entropy: 0.3562, uncertainty: 4.4077, uncertainty_coeffi: 0.0100, loss: 0.1469, lr: 6.55e-04
     Epoch[3] Iteration[40/384], entropy: 0.6096, uncertainty: 4.9903, uncertainty_coeffi: 0.0100, loss: 0.1681, lr: 1.09e-05
     Epoch[3] Iteration[50/384], entropy: 0.3141, uncertainty: 3.9203, uncertainty_coeffi: 0.0100, loss: 0.1073, lr: 8.35e-04
     Epoch[3] Iteration[60/384], entropy: 0.4996, uncertainty: 3.5158, uncertainty_coeffi: 0.0100, loss: 0.1980, lr: 6.55e-04
     Epoch[3] Iteration[70/384], entropy: 0.4440, uncertainty: 3.7227, uncertainty_coeffi: 0.0100, loss: 0.1191, lr: 1.09e-05
     Epoch[3] Iteration[80/384], entropy: 0.5652, uncertainty: 3.4779, uncertainty_coeffi: 0.0100, loss: 0.1566, lr: 8.35e-04
     Epoch[3] Iteration[90/384], entropy: 0.1704, uncertainty: 3.5978, uncertainty_coeffi: 0.0100, loss: 0.0811, lr: 6.55e-04
     Epoch[3] Iteration[100/384], entropy: 0.3712, uncertainty: 3.7266, uncertainty_coeffi: 0.0100, loss: 0.1575, lr: 1.09e-05
     Epoch[3] Iteration[110/384], entropy: 0.6498, uncertainty: 3.1899, uncertainty_coeffi: 0.0100, loss: 0.1869, lr: 8.35e-04
     Epoch[3] Iteration[120/384], entropy: 0.5553, uncertainty: 4.4784, uncertainty_coeffi: 0.0100, loss: 0.1525, lr: 6.55e-04
     Epoch[3] Iteration[130/384], entropy: 0.4138, uncertainty: 3.4412, uncertainty_coeffi: 0.0100, loss: 0.2061, lr: 1.09e-05
     Epoch[3] Iteration[140/384], entropy: 0.2526, uncertainty: 3.5942, uncertainty_coeffi: 0.0100, loss: 0.1043, lr: 8.35e-04
     Epoch[3] Iteration[150/384], entropy: 0.2315, uncertainty: 3.2002, uncertainty_coeffi: 0.0100, loss: 0.1037, lr: 6.55e-04
     Epoch[3] Iteration[160/384], entropy: 0.2847, uncertainty: 4.5312, uncertainty_coeffi: 0.0100, loss: 0.1088, lr: 1.09e-05
     Epoch[3] Iteration[170/384], entropy: 0.3702, uncertainty: 3.0764, uncertainty_coeffi: 0.0100, loss: 0.1587, lr: 8.35e-04
     Epoch[3] Iteration[180/384], entropy: 0.4606, uncertainty: 3.6436, uncertainty_coeffi: 0.0100, loss: 0.1579, lr: 6.55e-04
     Epoch[3] Iteration[190/384], entropy: 0.3292, uncertainty: 3.9049, uncertainty_coeffi: 0.0100, loss: 0.1074, lr: 1.09e-05
     Epoch[3] Iteration[200/384], entropy: 0.3493, uncertainty: 3.3412, uncertainty_coeffi: 0.0100, loss: 0.1513, lr: 8.35e-04
     Epoch[3] Iteration[210/384], entropy: 0.5212, uncertainty: 4.1635, uncertainty_coeffi: 0.0100, loss: 0.1392, lr: 6.55e-04
     Epoch[3] Iteration[220/384], entropy: 0.5203, uncertainty: 5.0149, uncertainty_coeffi: 0.0100, loss: 0.1327, lr: 1.09e-05
     Epoch[3] Iteration[230/384], entropy: 0.3174, uncertainty: 3.5439, uncertainty_coeffi: 0.0100, loss: 0.1114, lr: 8.35e-04
     Epoch[3] Iteration[240/384], entropy: 0.3804, uncertainty: 2.8960, uncertainty_coeffi: 0.0100, loss: 0.1526, lr: 6.55e-04
     Epoch[3] Iteration[250/384], entropy: 0.3842, uncertainty: 4.3828, uncertainty_coeffi: 0.0100, loss: 0.1170, lr: 1.09e-05
     Epoch[3] Iteration[260/384], entropy: 0.1157, uncertainty: 2.6518, uncertainty_coeffi: 0.0100, loss: 0.0850, lr: 8.35e-04
     Epoch[3] Iteration[270/384], entropy: 0.3099, uncertainty: 3.1508, uncertainty_coeffi: 0.0100, loss: 0.1431, lr: 6.55e-04
     Epoch[3] Iteration[280/384], entropy: 0.2870, uncertainty: 3.7031, uncertainty_coeffi: 0.0100, loss: 0.1086, lr: 1.09e-05
     Epoch[3] Iteration[290/384], entropy: 0.5211, uncertainty: 4.4255, uncertainty_coeffi: 0.0100, loss: 0.1493, lr: 8.35e-04
     Epoch[3] Iteration[300/384], entropy: 0.3459, uncertainty: 3.7671, uncertainty_coeffi: 0.0100, loss: 0.1407, lr: 6.55e-04
     Epoch[3] Iteration[310/384], entropy: 0.4552, uncertainty: 3.7585, uncertainty_coeffi: 0.0100, loss: 0.1698, lr: 1.09e-05
     Epoch[3] Iteration[320/384], entropy: 0.6444, uncertainty: 4.4455, uncertainty_coeffi: 0.0100, loss: 0.1712, lr: 8.35e-04
     Epoch[3] Iteration[330/384], entropy: 0.2759, uncertainty: 3.3375, uncertainty_coeffi: 0.0100, loss: 0.0902, lr: 6.55e-04
     Epoch[3] Iteration[340/384], entropy: 0.4355, uncertainty: 3.7204, uncertainty_coeffi: 0.0100, loss: 0.1817, lr: 1.09e-05
     Epoch[3] Iteration[350/384], entropy: 0.3143, uncertainty: 2.6261, uncertainty_coeffi: 0.0100, loss: 0.1910, lr: 8.35e-04
     Epoch[3] Iteration[360/384], entropy: 0.3352, uncertainty: 2.8957, uncertainty_coeffi: 0.0100, loss: 0.1139, lr: 6.55e-04
     Epoch[3] Iteration[370/384], entropy: 0.2720, uncertainty: 4.4686, uncertainty_coeffi: 0.0100, loss: 0.1036, lr: 1.09e-05
     Epoch[3] Iteration[380/384], entropy: 0.2009, uncertainty: 4.0871, uncertainty_coeffi: 0.0100, loss: 0.1125, lr: 8.35e-04
     Averaged stats: entropy_avg: 0.3794, uncertainty_avg: 3.7150, uncertainty_coeffi_avg: 0.0100, loss_avg: 0.1369, lr_avg: 4.96e-04
     itm tta time 0:01:12
     Epoch[4] Iteration[10/384], entropy: 0.3170, uncertainty: 3.8772, uncertainty_coeffi: 0.0100, loss: 0.0959, lr: 2.50e-04
     Epoch[4] Iteration[20/384], entropy: 0.2442, uncertainty: 3.2239, uncertainty_coeffi: 0.0100, loss: 0.1263, lr: 2.50e-04
     Epoch[4] Iteration[30/384], entropy: 0.3310, uncertainty: 2.9357, uncertainty_coeffi: 0.0100, loss: 0.1268, lr: 1.00e-03
     Epoch[4] Iteration[40/384], entropy: 0.4060, uncertainty: 4.6951, uncertainty_coeffi: 0.0100, loss: 0.1351, lr: 2.50e-04
     Epoch[4] Iteration[50/384], entropy: 0.1260, uncertainty: 3.2890, uncertainty_coeffi: 0.0100, loss: 0.0746, lr: 2.50e-04
     Epoch[4] Iteration[60/384], entropy: 0.2884, uncertainty: 4.2329, uncertainty_coeffi: 0.0100, loss: 0.1862, lr: 1.00e-03
     Epoch[4] Iteration[70/384], entropy: 0.1498, uncertainty: 3.8277, uncertainty_coeffi: 0.0100, loss: 0.0671, lr: 2.50e-04
     Epoch[4] Iteration[80/384], entropy: 0.5648, uncertainty: 4.1612, uncertainty_coeffi: 0.0100, loss: 0.2408, lr: 2.50e-04
     Epoch[4] Iteration[90/384], entropy: 0.4057, uncertainty: 4.2731, uncertainty_coeffi: 0.0100, loss: 0.1332, lr: 1.00e-03
     Epoch[4] Iteration[100/384], entropy: 0.2106, uncertainty: 2.9695, uncertainty_coeffi: 0.0100, loss: 0.0765, lr: 2.50e-04
     Epoch[4] Iteration[110/384], entropy: 0.1345, uncertainty: 2.7960, uncertainty_coeffi: 0.0100, loss: 0.0957, lr: 2.50e-04
     Epoch[4] Iteration[120/384], entropy: 0.4851, uncertainty: 4.5245, uncertainty_coeffi: 0.0100, loss: 0.1976, lr: 1.00e-03
     Epoch[4] Iteration[130/384], entropy: 0.3891, uncertainty: 3.7893, uncertainty_coeffi: 0.0100, loss: 0.1442, lr: 2.50e-04
     Epoch[4] Iteration[140/384], entropy: 0.3308, uncertainty: 3.9473, uncertainty_coeffi: 0.0100, loss: 0.1137, lr: 2.50e-04
     Epoch[4] Iteration[150/384], entropy: 0.4356, uncertainty: 3.5864, uncertainty_coeffi: 0.0100, loss: 0.1701, lr: 1.00e-03
     Epoch[4] Iteration[160/384], entropy: 0.3988, uncertainty: 3.7247, uncertainty_coeffi: 0.0100, loss: 0.1631, lr: 2.50e-04
     Epoch[4] Iteration[170/384], entropy: 0.2556, uncertainty: 3.2667, uncertainty_coeffi: 0.0100, loss: 0.0913, lr: 2.50e-04
     Epoch[4] Iteration[180/384], entropy: 0.4032, uncertainty: 3.9838, uncertainty_coeffi: 0.0100, loss: 0.1528, lr: 1.00e-03
     Epoch[4] Iteration[190/384], entropy: 0.3682, uncertainty: 3.6087, uncertainty_coeffi: 0.0100, loss: 0.1113, lr: 2.50e-04
     Epoch[4] Iteration[200/384], entropy: 0.3394, uncertainty: 3.8484, uncertainty_coeffi: 0.0100, loss: 0.1084, lr: 2.50e-04
     Epoch[4] Iteration[210/384], entropy: 0.1668, uncertainty: 2.5091, uncertainty_coeffi: 0.0100, loss: 0.0817, lr: 1.00e-03
     Epoch[4] Iteration[220/384], entropy: 0.5234, uncertainty: 4.4007, uncertainty_coeffi: 0.0100, loss: 0.1844, lr: 2.50e-04
     Epoch[4] Iteration[230/384], entropy: 0.3483, uncertainty: 3.6299, uncertainty_coeffi: 0.0100, loss: 0.1322, lr: 2.50e-04
     Epoch[4] Iteration[240/384], entropy: 0.2091, uncertainty: 3.0389, uncertainty_coeffi: 0.0100, loss: 0.0784, lr: 1.00e-03
     Epoch[4] Iteration[250/384], entropy: 0.7038, uncertainty: 4.2985, uncertainty_coeffi: 0.0100, loss: 0.2536, lr: 2.50e-04
     Epoch[4] Iteration[260/384], entropy: 0.4715, uncertainty: 3.1785, uncertainty_coeffi: 0.0100, loss: 0.1918, lr: 2.50e-04
     Epoch[4] Iteration[270/384], entropy: 0.4208, uncertainty: 3.8206, uncertainty_coeffi: 0.0100, loss: 0.1543, lr: 1.00e-03
     Epoch[4] Iteration[280/384], entropy: 0.5488, uncertainty: 3.5225, uncertainty_coeffi: 0.0100, loss: 0.1653, lr: 2.50e-04
     Epoch[4] Iteration[290/384], entropy: 0.3702, uncertainty: 3.8573, uncertainty_coeffi: 0.0100, loss: 0.1829, lr: 2.50e-04
     Epoch[4] Iteration[300/384], entropy: 0.5573, uncertainty: 3.9906, uncertainty_coeffi: 0.0100, loss: 0.1466, lr: 1.00e-03
     Epoch[4] Iteration[310/384], entropy: 0.4608, uncertainty: 4.8680, uncertainty_coeffi: 0.0100, loss: 0.1409, lr: 2.50e-04
     Epoch[4] Iteration[320/384], entropy: 0.2892, uncertainty: 2.9484, uncertainty_coeffi: 0.0100, loss: 0.1321, lr: 2.50e-04
     Epoch[4] Iteration[330/384], entropy: 0.3746, uncertainty: 3.7553, uncertainty_coeffi: 0.0100, loss: 0.0992, lr: 1.00e-03
     Epoch[4] Iteration[340/384], entropy: 0.4695, uncertainty: 3.4077, uncertainty_coeffi: 0.0100, loss: 0.1594, lr: 2.50e-04
     Epoch[4] Iteration[350/384], entropy: 0.2405, uncertainty: 3.6357, uncertainty_coeffi: 0.0100, loss: 0.0879, lr: 2.50e-04
     Epoch[4] Iteration[360/384], entropy: 0.3400, uncertainty: 3.8551, uncertainty_coeffi: 0.0100, loss: 0.1114, lr: 1.00e-03
     Epoch[4] Iteration[370/384], entropy: 0.5160, uncertainty: 4.1386, uncertainty_coeffi: 0.0100, loss: 0.1914, lr: 2.50e-04
     Epoch[4] Iteration[380/384], entropy: 0.5620, uncertainty: 4.1525, uncertainty_coeffi: 0.0100, loss: 0.1441, lr: 2.50e-04
     Averaged stats: entropy_avg: 0.3725, uncertainty_avg: 3.7255, uncertainty_coeffi_avg: 0.0100, loss_avg: 0.1381, lr_avg: 4.87e-04
     itm tta time 0:01:12
### TTA Eval Score: 
+-------+--------+--------+--------+--------+--------+
| epoch |   R1   |   R5   |  R10   |  mAP   |  mINP  |
+-------+--------+--------+--------+--------+--------+
|  -999 | 70.647 | 86.940 | 91.797 | 63.400 | 47.058 |
|   0   | 70.679 | 86.728 | 91.797 | 63.456 | 47.221 |
|   1   | 70.500 | 86.598 | 91.699 | 63.441 | 47.182 |
|   2   | 70.614 | 86.566 | 91.797 | 63.482 | 47.210 |
|   4   | 70.484 | 86.680 | 91.699 | 63.337 | 47.058 |
+-------+--------+--------+--------+--------+--------+
     logs:  {'epo': 4, 'R1': np.float32(70.484), 'R5': np.float32(86.68), 'R10': np.float32(91.699), 'mAP': np.float32(63.337), 'mINP': np.float32(47.058), 'entropy': 0.3725406437327987, 'uncertainty': 3.7255015624196908, 'uncertainty_coeffi': 0.009999999776482582, 'loss': 0.13811131194233894, 'lr': 0.0004868421052631532}
     Epoch[5] Iteration[10/384], entropy: 0.1725, uncertainty: 3.0060, uncertainty_coeffi: 0.0100, loss: 0.0668, lr: 8.35e-04
     Epoch[5] Iteration[20/384], entropy: 0.5313, uncertainty: 3.4707, uncertainty_coeffi: 0.0100, loss: 0.2057, lr: 1.09e-05
     Epoch[5] Iteration[30/384], entropy: 0.3804, uncertainty: 2.7232, uncertainty_coeffi: 0.0100, loss: 0.1910, lr: 6.55e-04
     Epoch[5] Iteration[40/384], entropy: 0.4785, uncertainty: 3.7115, uncertainty_coeffi: 0.0100, loss: 0.1550, lr: 8.35e-04
     Epoch[5] Iteration[50/384], entropy: 0.2591, uncertainty: 3.5208, uncertainty_coeffi: 0.0100, loss: 0.1177, lr: 1.09e-05
     Epoch[5] Iteration[60/384], entropy: 0.5814, uncertainty: 4.5324, uncertainty_coeffi: 0.0100, loss: 0.1527, lr: 6.55e-04
     Epoch[5] Iteration[70/384], entropy: 0.4820, uncertainty: 4.0934, uncertainty_coeffi: 0.0100, loss: 0.1467, lr: 8.35e-04
     Epoch[5] Iteration[80/384], entropy: 0.3812, uncertainty: 4.2665, uncertainty_coeffi: 0.0100, loss: 0.1097, lr: 1.09e-05
     Epoch[5] Iteration[90/384], entropy: 0.3541, uncertainty: 3.7724, uncertainty_coeffi: 0.0100, loss: 0.1169, lr: 5.52e-04
     Epoch[5] Iteration[100/384], entropy: 0.3895, uncertainty: 3.3550, uncertainty_coeffi: 0.0100, loss: 0.1312, lr: 9.05e-04
     Epoch[5] Iteration[110/384], entropy: 0.2162, uncertainty: 3.4472, uncertainty_coeffi: 0.0100, loss: 0.1026, lr: 4.32e-05
     Epoch[5] Iteration[120/384], entropy: 0.2213, uncertainty: 3.2653, uncertainty_coeffi: 0.0100, loss: 0.0898, lr: 5.52e-04
     Epoch[5] Iteration[130/384], entropy: 0.2296, uncertainty: 3.3212, uncertainty_coeffi: 0.0100, loss: 0.0713, lr: 9.05e-04
     Epoch[5] Iteration[140/384], entropy: 0.2728, uncertainty: 4.5044, uncertainty_coeffi: 0.0100, loss: 0.0975, lr: 4.32e-05
     Epoch[5] Iteration[150/384], entropy: 0.3612, uncertainty: 3.4410, uncertainty_coeffi: 0.0100, loss: 0.1731, lr: 5.52e-04
     Epoch[5] Iteration[160/384], entropy: 0.1547, uncertainty: 3.7327, uncertainty_coeffi: 0.0100, loss: 0.0634, lr: 9.05e-04
     Epoch[5] Iteration[170/384], entropy: 0.3503, uncertainty: 3.4193, uncertainty_coeffi: 0.0100, loss: 0.1197, lr: 4.32e-05
     Epoch[5] Iteration[180/384], entropy: 0.3084, uncertainty: 3.0652, uncertainty_coeffi: 0.0100, loss: 0.1303, lr: 5.52e-04
     Epoch[5] Iteration[190/384], entropy: 0.3928, uncertainty: 4.1466, uncertainty_coeffi: 0.0100, loss: 0.1490, lr: 9.05e-04
     Epoch[5] Iteration[200/384], entropy: 0.1796, uncertainty: 2.4386, uncertainty_coeffi: 0.0100, loss: 0.1166, lr: 4.32e-05
     Epoch[5] Iteration[210/384], entropy: 0.3890, uncertainty: 4.1716, uncertainty_coeffi: 0.0100, loss: 0.1109, lr: 5.52e-04
     Epoch[5] Iteration[220/384], entropy: 0.3671, uncertainty: 3.9091, uncertainty_coeffi: 0.0100, loss: 0.1115, lr: 9.05e-04
     Epoch[5] Iteration[230/384], entropy: 0.5870, uncertainty: 4.0542, uncertainty_coeffi: 0.0100, loss: 0.2551, lr: 4.32e-05
     Epoch[5] Iteration[240/384], entropy: 0.3674, uncertainty: 4.3396, uncertainty_coeffi: 0.0100, loss: 0.1164, lr: 5.52e-04
     Epoch[5] Iteration[250/384], entropy: 0.3000, uncertainty: 3.4513, uncertainty_coeffi: 0.0100, loss: 0.1265, lr: 9.05e-04
     Epoch[5] Iteration[260/384], entropy: 0.2951, uncertainty: 3.8411, uncertainty_coeffi: 0.0100, loss: 0.1211, lr: 4.32e-05
     Epoch[5] Iteration[270/384], entropy: 0.4625, uncertainty: 3.8183, uncertainty_coeffi: 0.0100, loss: 0.1334, lr: 5.52e-04
     Epoch[5] Iteration[280/384], entropy: 0.4384, uncertainty: 3.3520, uncertainty_coeffi: 0.0100, loss: 0.1847, lr: 9.05e-04
     Epoch[5] Iteration[290/384], entropy: 0.1893, uncertainty: 3.4715, uncertainty_coeffi: 0.0100, loss: 0.0893, lr: 4.32e-05
     Epoch[5] Iteration[300/384], entropy: 0.6774, uncertainty: 3.7191, uncertainty_coeffi: 0.0100, loss: 0.2330, lr: 5.52e-04
     Epoch[5] Iteration[310/384], entropy: 0.3035, uncertainty: 3.9519, uncertainty_coeffi: 0.0100, loss: 0.1067, lr: 9.05e-04
     Epoch[5] Iteration[320/384], entropy: 0.2705, uncertainty: 3.0491, uncertainty_coeffi: 0.0100, loss: 0.0936, lr: 4.32e-05
     Epoch[5] Iteration[330/384], entropy: 0.2529, uncertainty: 3.0936, uncertainty_coeffi: 0.0100, loss: 0.1197, lr: 5.52e-04
     Epoch[5] Iteration[340/384], entropy: 0.5582, uncertainty: 3.4477, uncertainty_coeffi: 0.0100, loss: 0.2098, lr: 9.05e-04
     Epoch[5] Iteration[350/384], entropy: 0.2023, uncertainty: 2.7795, uncertainty_coeffi: 0.0100, loss: 0.1132, lr: 4.32e-05
     Epoch[5] Iteration[360/384], entropy: 0.5119, uncertainty: 3.5205, uncertainty_coeffi: 0.0100, loss: 0.2394, lr: 5.52e-04
     Epoch[5] Iteration[370/384], entropy: 0.4063, uncertainty: 3.2553, uncertainty_coeffi: 0.0100, loss: 0.2358, lr: 9.05e-04
     Epoch[5] Iteration[380/384], entropy: 0.3075, uncertainty: 3.0164, uncertainty_coeffi: 0.0100, loss: 0.1209, lr: 4.32e-05
     Averaged stats: entropy_avg: 0.3575, uncertainty_avg: 3.5651, uncertainty_coeffi_avg: 0.0100, loss_avg: 0.1376, lr_avg: 4.96e-04
     itm tta time 0:01:15
     Epoch[6] Iteration[10/384], entropy: 0.0968, uncertainty: 3.3110, uncertainty_coeffi: 0.0100, loss: 0.0607, lr: 9.05e-04
     Epoch[6] Iteration[20/384], entropy: 0.4045, uncertainty: 3.7252, uncertainty_coeffi: 0.0100, loss: 0.1255, lr: 5.52e-04
     Epoch[6] Iteration[30/384], entropy: 0.4018, uncertainty: 2.9060, uncertainty_coeffi: 0.0100, loss: 0.1537, lr: 4.32e-05
     Epoch[6] Iteration[40/384], entropy: 0.6307, uncertainty: 4.6949, uncertainty_coeffi: 0.0100, loss: 0.2000, lr: 9.05e-04
     Epoch[6] Iteration[50/384], entropy: 0.4363, uncertainty: 4.2154, uncertainty_coeffi: 0.0100, loss: 0.1461, lr: 5.52e-04
     Epoch[6] Iteration[60/384], entropy: 0.2060, uncertainty: 3.2192, uncertainty_coeffi: 0.0100, loss: 0.1163, lr: 4.32e-05
     Epoch[6] Iteration[70/384], entropy: 0.4578, uncertainty: 3.7762, uncertainty_coeffi: 0.0100, loss: 0.1437, lr: 9.05e-04
     Epoch[6] Iteration[80/384], entropy: 0.3149, uncertainty: 3.1218, uncertainty_coeffi: 0.0100, loss: 0.1232, lr: 5.52e-04
     Epoch[6] Iteration[90/384], entropy: 0.3323, uncertainty: 3.9115, uncertainty_coeffi: 0.0100, loss: 0.1296, lr: 4.32e-05
     Epoch[6] Iteration[100/384], entropy: 0.3823, uncertainty: 3.7758, uncertainty_coeffi: 0.0100, loss: 0.1184, lr: 9.05e-04
     Epoch[6] Iteration[110/384], entropy: 0.2673, uncertainty: 3.5768, uncertainty_coeffi: 0.0100, loss: 0.0989, lr: 5.52e-04
     Epoch[6] Iteration[120/384], entropy: 0.1813, uncertainty: 3.6530, uncertainty_coeffi: 0.0100, loss: 0.0739, lr: 4.32e-05
     Epoch[6] Iteration[130/384], entropy: 0.4298, uncertainty: 3.2379, uncertainty_coeffi: 0.0100, loss: 0.1494, lr: 9.05e-04
     Epoch[6] Iteration[140/384], entropy: 0.3142, uncertainty: 2.7102, uncertainty_coeffi: 0.0100, loss: 0.1501, lr: 5.52e-04
     Epoch[6] Iteration[150/384], entropy: 0.5088, uncertainty: 2.8606, uncertainty_coeffi: 0.0100, loss: 0.2269, lr: 4.32e-05
     Epoch[6] Iteration[160/384], entropy: 0.2149, uncertainty: 3.7185, uncertainty_coeffi: 0.0100, loss: 0.1217, lr: 9.05e-04
     Epoch[6] Iteration[170/384], entropy: 0.3718, uncertainty: 3.7623, uncertainty_coeffi: 0.0100, loss: 0.1599, lr: 5.52e-04
     Epoch[6] Iteration[180/384], entropy: 0.3009, uncertainty: 3.6471, uncertainty_coeffi: 0.0100, loss: 0.1659, lr: 4.32e-05
     Epoch[6] Iteration[190/384], entropy: 0.1913, uncertainty: 3.0624, uncertainty_coeffi: 0.0100, loss: 0.0918, lr: 9.05e-04
     Epoch[6] Iteration[200/384], entropy: 0.3105, uncertainty: 3.0835, uncertainty_coeffi: 0.0100, loss: 0.1128, lr: 5.52e-04
     Epoch[6] Iteration[210/384], entropy: 0.1923, uncertainty: 4.1906, uncertainty_coeffi: 0.0100, loss: 0.0923, lr: 4.32e-05
     Epoch[6] Iteration[220/384], entropy: 0.2864, uncertainty: 3.0014, uncertainty_coeffi: 0.0100, loss: 0.1332, lr: 9.05e-04
     Epoch[6] Iteration[230/384], entropy: 0.4237, uncertainty: 3.2711, uncertainty_coeffi: 0.0100, loss: 0.1825, lr: 5.52e-04
     Epoch[6] Iteration[240/384], entropy: 0.2692, uncertainty: 3.5312, uncertainty_coeffi: 0.0100, loss: 0.1029, lr: 4.32e-05
     Epoch[6] Iteration[250/384], entropy: 0.4283, uncertainty: 3.6962, uncertainty_coeffi: 0.0100, loss: 0.1359, lr: 9.05e-04
     Epoch[6] Iteration[260/384], entropy: 0.3168, uncertainty: 3.3564, uncertainty_coeffi: 0.0100, loss: 0.1194, lr: 5.52e-04
     Epoch[6] Iteration[270/384], entropy: 0.2453, uncertainty: 3.1331, uncertainty_coeffi: 0.0100, loss: 0.1336, lr: 4.32e-05
     Epoch[6] Iteration[280/384], entropy: 0.1556, uncertainty: 2.8230, uncertainty_coeffi: 0.0100, loss: 0.0773, lr: 9.05e-04
     Epoch[6] Iteration[290/384], entropy: 0.3913, uncertainty: 3.5947, uncertainty_coeffi: 0.0100, loss: 0.1001, lr: 5.52e-04
     Epoch[6] Iteration[300/384], entropy: 0.4323, uncertainty: 4.3026, uncertainty_coeffi: 0.0100, loss: 0.1538, lr: 4.32e-05
     Epoch[6] Iteration[310/384], entropy: 0.1839, uncertainty: 3.0057, uncertainty_coeffi: 0.0100, loss: 0.0742, lr: 9.05e-04
     Epoch[6] Iteration[320/384], entropy: 0.1382, uncertainty: 3.2183, uncertainty_coeffi: 0.0100, loss: 0.0736, lr: 5.52e-04
     Epoch[6] Iteration[330/384], entropy: 0.1499, uncertainty: 3.1978, uncertainty_coeffi: 0.0100, loss: 0.0732, lr: 4.32e-05
     Epoch[6] Iteration[340/384], entropy: 0.3560, uncertainty: 3.9720, uncertainty_coeffi: 0.0100, loss: 0.1513, lr: 9.05e-04
     Epoch[6] Iteration[350/384], entropy: 0.2664, uncertainty: 4.2522, uncertainty_coeffi: 0.0100, loss: 0.0941, lr: 5.52e-04
     Epoch[6] Iteration[360/384], entropy: 0.4236, uncertainty: 4.3874, uncertainty_coeffi: 0.0100, loss: 0.1554, lr: 4.32e-05
     Epoch[6] Iteration[370/384], entropy: 0.2097, uncertainty: 3.4145, uncertainty_coeffi: 0.0100, loss: 0.0785, lr: 9.05e-04
     Epoch[6] Iteration[380/384], entropy: 0.4064, uncertainty: 3.5549, uncertainty_coeffi: 0.0100, loss: 0.2152, lr: 5.52e-04
     Averaged stats: entropy_avg: 0.3166, uncertainty_avg: 3.5230, uncertainty_coeffi_avg: 0.0100, loss_avg: 0.1267, lr_avg: 5.12e-04
     itm tta time 0:01:10
     Epoch[7] Iteration[10/384], entropy: 0.6291, uncertainty: 4.4989, uncertainty_coeffi: 0.0100, loss: 0.2302, lr: 3.45e-04
     Epoch[7] Iteration[20/384], entropy: 0.2017, uncertainty: 3.5882, uncertainty_coeffi: 0.0100, loss: 0.0837, lr: 9.89e-04
     Epoch[7] Iteration[30/384], entropy: 0.3837, uncertainty: 3.9289, uncertainty_coeffi: 0.0100, loss: 0.1129, lr: 1.65e-04
     Epoch[7] Iteration[40/384], entropy: 0.1708, uncertainty: 3.8284, uncertainty_coeffi: 0.0100, loss: 0.0875, lr: 3.45e-04
     Epoch[7] Iteration[50/384], entropy: 0.1946, uncertainty: 3.5555, uncertainty_coeffi: 0.0100, loss: 0.1235, lr: 9.89e-04
     Epoch[7] Iteration[60/384], entropy: 0.4106, uncertainty: 3.0056, uncertainty_coeffi: 0.0100, loss: 0.2048, lr: 1.65e-04
     Epoch[7] Iteration[70/384], entropy: 0.3554, uncertainty: 2.9320, uncertainty_coeffi: 0.0100, loss: 0.1790, lr: 3.45e-04
     Epoch[7] Iteration[80/384], entropy: 0.1794, uncertainty: 2.9377, uncertainty_coeffi: 0.0100, loss: 0.1067, lr: 9.89e-04
     Epoch[7] Iteration[90/384], entropy: 0.1770, uncertainty: 2.1295, uncertainty_coeffi: 0.0100, loss: 0.1433, lr: 1.65e-04
     Epoch[7] Iteration[100/384], entropy: 0.1505, uncertainty: 2.7351, uncertainty_coeffi: 0.0100, loss: 0.1158, lr: 3.45e-04
     Epoch[7] Iteration[110/384], entropy: 0.2910, uncertainty: 3.4981, uncertainty_coeffi: 0.0100, loss: 0.1594, lr: 9.89e-04
     Epoch[7] Iteration[120/384], entropy: 0.3437, uncertainty: 3.8344, uncertainty_coeffi: 0.0100, loss: 0.1359, lr: 1.65e-04
     Epoch[7] Iteration[130/384], entropy: 0.5420, uncertainty: 4.1999, uncertainty_coeffi: 0.0100, loss: 0.1539, lr: 3.45e-04
     Epoch[7] Iteration[140/384], entropy: 0.2227, uncertainty: 2.9506, uncertainty_coeffi: 0.0100, loss: 0.1076, lr: 9.89e-04
     Epoch[7] Iteration[150/384], entropy: 0.2742, uncertainty: 4.0074, uncertainty_coeffi: 0.0100, loss: 0.0901, lr: 1.65e-04
     Epoch[7] Iteration[160/384], entropy: 0.3302, uncertainty: 2.9889, uncertainty_coeffi: 0.0100, loss: 0.1349, lr: 3.45e-04
     Epoch[7] Iteration[170/384], entropy: 0.5193, uncertainty: 3.7661, uncertainty_coeffi: 0.0100, loss: 0.1901, lr: 9.89e-04
     Epoch[7] Iteration[180/384], entropy: 0.2406, uncertainty: 3.9449, uncertainty_coeffi: 0.0100, loss: 0.0931, lr: 1.65e-04
     Epoch[7] Iteration[190/384], entropy: 0.5662, uncertainty: 4.9084, uncertainty_coeffi: 0.0100, loss: 0.1408, lr: 3.45e-04
     Epoch[7] Iteration[200/384], entropy: 0.2722, uncertainty: 3.6692, uncertainty_coeffi: 0.0100, loss: 0.0977, lr: 9.89e-04
     Epoch[7] Iteration[210/384], entropy: 0.4297, uncertainty: 5.0691, uncertainty_coeffi: 0.0100, loss: 0.1419, lr: 1.65e-04
     Epoch[7] Iteration[220/384], entropy: 0.4181, uncertainty: 3.7557, uncertainty_coeffi: 0.0100, loss: 0.1523, lr: 3.45e-04
     Epoch[7] Iteration[230/384], entropy: 0.4054, uncertainty: 3.4006, uncertainty_coeffi: 0.0100, loss: 0.1358, lr: 9.89e-04
     Epoch[7] Iteration[240/384], entropy: 0.4711, uncertainty: 3.4758, uncertainty_coeffi: 0.0100, loss: 0.1635, lr: 1.65e-04
     Epoch[7] Iteration[250/384], entropy: 0.2584, uncertainty: 4.9420, uncertainty_coeffi: 0.0100, loss: 0.1550, lr: 3.45e-04
     Epoch[7] Iteration[260/384], entropy: 0.1934, uncertainty: 2.8061, uncertainty_coeffi: 0.0100, loss: 0.1080, lr: 9.89e-04
     Epoch[7] Iteration[270/384], entropy: 0.3482, uncertainty: 2.8875, uncertainty_coeffi: 0.0100, loss: 0.1509, lr: 1.65e-04
     Epoch[7] Iteration[280/384], entropy: 0.2259, uncertainty: 3.9742, uncertainty_coeffi: 0.0100, loss: 0.1280, lr: 3.45e-04
     Epoch[7] Iteration[290/384], entropy: 0.3499, uncertainty: 3.4699, uncertainty_coeffi: 0.0100, loss: 0.1408, lr: 9.89e-04
     Epoch[7] Iteration[300/384], entropy: 0.3026, uncertainty: 2.9823, uncertainty_coeffi: 0.0100, loss: 0.1177, lr: 1.65e-04
     Epoch[7] Iteration[310/384], entropy: 0.3986, uncertainty: 3.1430, uncertainty_coeffi: 0.0100, loss: 0.1384, lr: 3.45e-04
     Epoch[7] Iteration[320/384], entropy: 0.5434, uncertainty: 3.1626, uncertainty_coeffi: 0.0100, loss: 0.2940, lr: 9.89e-04
     Epoch[7] Iteration[330/384], entropy: 0.4608, uncertainty: 3.7568, uncertainty_coeffi: 0.0100, loss: 0.1450, lr: 1.65e-04
     Epoch[7] Iteration[340/384], entropy: 0.3079, uncertainty: 3.4755, uncertainty_coeffi: 0.0100, loss: 0.1482, lr: 3.45e-04
     Epoch[7] Iteration[350/384], entropy: 0.4102, uncertainty: 3.6656, uncertainty_coeffi: 0.0100, loss: 0.1607, lr: 9.89e-04
     Epoch[7] Iteration[360/384], entropy: 0.3151, uncertainty: 3.4262, uncertainty_coeffi: 0.0100, loss: 0.1210, lr: 1.65e-04
     Epoch[7] Iteration[370/384], entropy: 0.4139, uncertainty: 3.6114, uncertainty_coeffi: 0.0100, loss: 0.1421, lr: 3.45e-04
     Epoch[7] Iteration[380/384], entropy: 0.2664, uncertainty: 2.6583, uncertainty_coeffi: 0.0100, loss: 0.1192, lr: 9.89e-04
     Averaged stats: entropy_avg: 0.3414, uncertainty_avg: 3.5413, uncertainty_coeffi_avg: 0.0100, loss_avg: 0.1409, lr_avg: 5.09e-04
     itm tta time 0:01:11
     Epoch[8] Iteration[10/384], entropy: 0.2218, uncertainty: 3.7318, uncertainty_coeffi: 0.0100, loss: 0.1204, lr: 0.00e+00
     Epoch[8] Iteration[20/384], entropy: 0.2759, uncertainty: 3.7060, uncertainty_coeffi: 0.0100, loss: 0.1025, lr: 7.50e-04
     Epoch[8] Iteration[30/384], entropy: 0.4550, uncertainty: 3.2027, uncertainty_coeffi: 0.0100, loss: 0.1660, lr: 7.50e-04
     Epoch[8] Iteration[40/384], entropy: 0.4348, uncertainty: 2.8676, uncertainty_coeffi: 0.0100, loss: 0.1644, lr: 0.00e+00
     Epoch[8] Iteration[50/384], entropy: 0.5011, uncertainty: 4.0459, uncertainty_coeffi: 0.0100, loss: 0.1375, lr: 7.50e-04
     Epoch[8] Iteration[60/384], entropy: 0.4084, uncertainty: 3.8514, uncertainty_coeffi: 0.0100, loss: 0.1233, lr: 7.50e-04
     Epoch[8] Iteration[70/384], entropy: 0.4112, uncertainty: 4.0604, uncertainty_coeffi: 0.0100, loss: 0.1590, lr: 0.00e+00
     Epoch[8] Iteration[80/384], entropy: 0.1750, uncertainty: 3.3556, uncertainty_coeffi: 0.0100, loss: 0.0990, lr: 7.50e-04
     Epoch[8] Iteration[90/384], entropy: 0.3776, uncertainty: 3.2179, uncertainty_coeffi: 0.0100, loss: 0.1751, lr: 7.50e-04
     Epoch[8] Iteration[100/384], entropy: 0.3498, uncertainty: 4.1238, uncertainty_coeffi: 0.0100, loss: 0.0968, lr: 0.00e+00
     Epoch[8] Iteration[110/384], entropy: 0.2461, uncertainty: 3.7375, uncertainty_coeffi: 0.0100, loss: 0.0976, lr: 7.50e-04
     Epoch[8] Iteration[120/384], entropy: 0.4097, uncertainty: 3.7885, uncertainty_coeffi: 0.0100, loss: 0.1485, lr: 7.50e-04
     Epoch[8] Iteration[130/384], entropy: 0.1181, uncertainty: 3.0274, uncertainty_coeffi: 0.0100, loss: 0.0622, lr: 0.00e+00
     Epoch[8] Iteration[140/384], entropy: 0.4122, uncertainty: 3.2722, uncertainty_coeffi: 0.0100, loss: 0.1350, lr: 7.50e-04
     Epoch[8] Iteration[150/384], entropy: 0.4145, uncertainty: 4.2823, uncertainty_coeffi: 0.0100, loss: 0.1767, lr: 7.50e-04
     Epoch[8] Iteration[160/384], entropy: 0.2373, uncertainty: 3.5990, uncertainty_coeffi: 0.0100, loss: 0.1539, lr: 0.00e+00
     Epoch[8] Iteration[170/384], entropy: 0.2250, uncertainty: 3.4526, uncertainty_coeffi: 0.0100, loss: 0.1146, lr: 7.50e-04
     Epoch[8] Iteration[180/384], entropy: 0.1322, uncertainty: 3.1989, uncertainty_coeffi: 0.0100, loss: 0.0618, lr: 7.50e-04
     Epoch[8] Iteration[190/384], entropy: 0.1080, uncertainty: 2.9025, uncertainty_coeffi: 0.0100, loss: 0.0585, lr: 0.00e+00
     Epoch[8] Iteration[200/384], entropy: 0.2501, uncertainty: 3.9845, uncertainty_coeffi: 0.0100, loss: 0.0997, lr: 7.50e-04
     Epoch[8] Iteration[210/384], entropy: 0.1902, uncertainty: 3.5898, uncertainty_coeffi: 0.0100, loss: 0.0992, lr: 7.50e-04
     Epoch[8] Iteration[220/384], entropy: 0.2606, uncertainty: 3.4059, uncertainty_coeffi: 0.0100, loss: 0.1251, lr: 0.00e+00
     Epoch[8] Iteration[230/384], entropy: 0.2559, uncertainty: 3.5257, uncertainty_coeffi: 0.0100, loss: 0.0977, lr: 7.50e-04
     Epoch[8] Iteration[240/384], entropy: 0.2167, uncertainty: 3.1003, uncertainty_coeffi: 0.0100, loss: 0.1081, lr: 7.50e-04
     Epoch[8] Iteration[250/384], entropy: 0.3955, uncertainty: 3.9870, uncertainty_coeffi: 0.0100, loss: 0.1851, lr: 0.00e+00
     Epoch[8] Iteration[260/384], entropy: 0.2277, uncertainty: 3.5387, uncertainty_coeffi: 0.0100, loss: 0.0974, lr: 7.50e-04
     Epoch[8] Iteration[270/384], entropy: 0.3117, uncertainty: 3.5328, uncertainty_coeffi: 0.0100, loss: 0.1151, lr: 7.50e-04
     Epoch[8] Iteration[280/384], entropy: 0.2687, uncertainty: 4.0670, uncertainty_coeffi: 0.0100, loss: 0.0959, lr: 0.00e+00
     Epoch[8] Iteration[290/384], entropy: 0.4806, uncertainty: 3.9661, uncertainty_coeffi: 0.0100, loss: 0.1738, lr: 7.50e-04
     Epoch[8] Iteration[300/384], entropy: 0.4438, uncertainty: 4.2095, uncertainty_coeffi: 0.0100, loss: 0.1402, lr: 7.50e-04
     Epoch[8] Iteration[310/384], entropy: 0.4059, uncertainty: 3.9764, uncertainty_coeffi: 0.0100, loss: 0.1273, lr: 0.00e+00
     Epoch[8] Iteration[320/384], entropy: 0.6129, uncertainty: 3.3158, uncertainty_coeffi: 0.0100, loss: 0.2149, lr: 7.50e-04
     Epoch[8] Iteration[330/384], entropy: 0.1954, uncertainty: 3.8008, uncertainty_coeffi: 0.0100, loss: 0.0914, lr: 7.50e-04
     Epoch[8] Iteration[340/384], entropy: 0.4281, uncertainty: 4.8403, uncertainty_coeffi: 0.0100, loss: 0.1192, lr: 0.00e+00
     Epoch[8] Iteration[350/384], entropy: 0.3030, uncertainty: 3.4714, uncertainty_coeffi: 0.0100, loss: 0.1085, lr: 7.50e-04
     Epoch[8] Iteration[360/384], entropy: 0.2610, uncertainty: 3.4524, uncertainty_coeffi: 0.0100, loss: 0.1195, lr: 7.50e-04
     Epoch[8] Iteration[370/384], entropy: 0.4383, uncertainty: 3.5410, uncertainty_coeffi: 0.0100, loss: 0.1644, lr: 0.00e+00
     Epoch[8] Iteration[380/384], entropy: 0.2899, uncertainty: 3.3419, uncertainty_coeffi: 0.0100, loss: 0.1019, lr: 7.50e-04
     Averaged stats: entropy_avg: 0.3197, uncertainty_avg: 3.6334, uncertainty_coeffi_avg: 0.0100, loss_avg: 0.1247, lr_avg: 4.93e-04
     itm tta time 0:01:12
     Epoch[9] Iteration[10/384], entropy: 0.2167, uncertainty: 4.0977, uncertainty_coeffi: 0.0100, loss: 0.0852, lr: 3.45e-04
     Epoch[9] Iteration[20/384], entropy: 0.4319, uncertainty: 4.4020, uncertainty_coeffi: 0.0100, loss: 0.1600, lr: 1.65e-04
     Epoch[9] Iteration[30/384], entropy: 0.3707, uncertainty: 3.8259, uncertainty_coeffi: 0.0100, loss: 0.1154, lr: 9.89e-04
     Epoch[9] Iteration[40/384], entropy: 0.3792, uncertainty: 3.6354, uncertainty_coeffi: 0.0100, loss: 0.1832, lr: 3.45e-04
     Epoch[9] Iteration[50/384], entropy: 0.3449, uncertainty: 3.8090, uncertainty_coeffi: 0.0100, loss: 0.1223, lr: 1.65e-04
     Epoch[9] Iteration[60/384], entropy: 0.2926, uncertainty: 4.7695, uncertainty_coeffi: 0.0100, loss: 0.1090, lr: 9.89e-04
     Epoch[9] Iteration[70/384], entropy: 0.3992, uncertainty: 3.1423, uncertainty_coeffi: 0.0100, loss: 0.1776, lr: 3.45e-04
     Epoch[9] Iteration[80/384], entropy: 0.4843, uncertainty: 3.4419, uncertainty_coeffi: 0.0100, loss: 0.1911, lr: 1.65e-04
     Epoch[9] Iteration[90/384], entropy: 0.1214, uncertainty: 2.8194, uncertainty_coeffi: 0.0100, loss: 0.0876, lr: 9.89e-04
     Epoch[9] Iteration[100/384], entropy: 0.4954, uncertainty: 4.2271, uncertainty_coeffi: 0.0100, loss: 0.1823, lr: 3.45e-04
     Epoch[9] Iteration[110/384], entropy: 0.2628, uncertainty: 3.7074, uncertainty_coeffi: 0.0100, loss: 0.1057, lr: 1.65e-04
     Epoch[9] Iteration[120/384], entropy: 0.4092, uncertainty: 4.2978, uncertainty_coeffi: 0.0100, loss: 0.1731, lr: 9.89e-04
     Epoch[9] Iteration[130/384], entropy: 0.3762, uncertainty: 4.0648, uncertainty_coeffi: 0.0100, loss: 0.1175, lr: 3.45e-04
     Epoch[9] Iteration[140/384], entropy: 0.3964, uncertainty: 3.7205, uncertainty_coeffi: 0.0100, loss: 0.1159, lr: 1.65e-04
     Epoch[9] Iteration[150/384], entropy: 0.4214, uncertainty: 3.2714, uncertainty_coeffi: 0.0100, loss: 0.1797, lr: 9.89e-04
     Epoch[9] Iteration[160/384], entropy: 0.2597, uncertainty: 3.4652, uncertainty_coeffi: 0.0100, loss: 0.0820, lr: 3.45e-04
     Epoch[9] Iteration[170/384], entropy: 0.3800, uncertainty: 4.0498, uncertainty_coeffi: 0.0100, loss: 0.1230, lr: 1.65e-04
     Epoch[9] Iteration[180/384], entropy: 0.4235, uncertainty: 4.1633, uncertainty_coeffi: 0.0100, loss: 0.1581, lr: 9.89e-04
     Epoch[9] Iteration[190/384], entropy: 0.1691, uncertainty: 2.4710, uncertainty_coeffi: 0.0100, loss: 0.0793, lr: 3.45e-04
     Epoch[9] Iteration[200/384], entropy: 0.3780, uncertainty: 3.5623, uncertainty_coeffi: 0.0100, loss: 0.2748, lr: 1.65e-04
     Epoch[9] Iteration[210/384], entropy: 0.3387, uncertainty: 3.2126, uncertainty_coeffi: 0.0100, loss: 0.1029, lr: 9.89e-04
     Epoch[9] Iteration[220/384], entropy: 0.2884, uncertainty: 3.0348, uncertainty_coeffi: 0.0100, loss: 0.1376, lr: 3.45e-04
     Epoch[9] Iteration[230/384], entropy: 0.2986, uncertainty: 4.5042, uncertainty_coeffi: 0.0100, loss: 0.1012, lr: 1.65e-04
     Epoch[9] Iteration[240/384], entropy: 0.3760, uncertainty: 3.1284, uncertainty_coeffi: 0.0100, loss: 0.1447, lr: 9.89e-04
     Epoch[9] Iteration[250/384], entropy: 0.2244, uncertainty: 3.4601, uncertainty_coeffi: 0.0100, loss: 0.0948, lr: 3.45e-04
     Epoch[9] Iteration[260/384], entropy: 0.2791, uncertainty: 3.2647, uncertainty_coeffi: 0.0100, loss: 0.0925, lr: 1.65e-04
     Epoch[9] Iteration[270/384], entropy: 0.3914, uncertainty: 4.0555, uncertainty_coeffi: 0.0100, loss: 0.1264, lr: 9.89e-04
     Epoch[9] Iteration[280/384], entropy: 0.4246, uncertainty: 3.6446, uncertainty_coeffi: 0.0100, loss: 0.1487, lr: 3.45e-04
     Epoch[9] Iteration[290/384], entropy: 0.3038, uncertainty: 4.6899, uncertainty_coeffi: 0.0100, loss: 0.0962, lr: 1.65e-04
     Epoch[9] Iteration[300/384], entropy: 0.3069, uncertainty: 4.0844, uncertainty_coeffi: 0.0100, loss: 0.1341, lr: 9.89e-04
     Epoch[9] Iteration[310/384], entropy: 0.2864, uncertainty: 4.0954, uncertainty_coeffi: 0.0100, loss: 0.1302, lr: 3.45e-04
     Epoch[9] Iteration[320/384], entropy: 0.3016, uncertainty: 2.8641, uncertainty_coeffi: 0.0100, loss: 0.1256, lr: 1.65e-04
     Epoch[9] Iteration[330/384], entropy: 0.2957, uncertainty: 3.4683, uncertainty_coeffi: 0.0100, loss: 0.1025, lr: 9.89e-04
     Epoch[9] Iteration[340/384], entropy: 0.3340, uncertainty: 3.7330, uncertainty_coeffi: 0.0100, loss: 0.0936, lr: 3.45e-04
     Epoch[9] Iteration[350/384], entropy: 0.1136, uncertainty: 2.9068, uncertainty_coeffi: 0.0100, loss: 0.0682, lr: 1.65e-04
     Epoch[9] Iteration[360/384], entropy: 0.3551, uncertainty: 3.4745, uncertainty_coeffi: 0.0100, loss: 0.1446, lr: 9.89e-04
     Epoch[9] Iteration[370/384], entropy: 0.1932, uncertainty: 3.5475, uncertainty_coeffi: 0.0100, loss: 0.0769, lr: 3.45e-04
     Epoch[9] Iteration[380/384], entropy: 0.2053, uncertainty: 2.9347, uncertainty_coeffi: 0.0100, loss: 0.0984, lr: 1.65e-04
     Averaged stats: entropy_avg: 0.3245, uncertainty_avg: 3.6591, uncertainty_coeffi_avg: 0.0100, loss_avg: 0.1274, lr_avg: 4.87e-04
     itm tta time 0:01:13
### TTA Eval Score: 
+-------+--------+--------+--------+--------+--------+
| epoch |   R1   |   R5   |  R10   |  mAP   |  mINP  |
+-------+--------+--------+--------+--------+--------+
|  -999 | 70.647 | 86.940 | 91.797 | 63.400 | 47.058 |
|   0   | 70.679 | 86.728 | 91.797 | 63.456 | 47.221 |
|   1   | 70.500 | 86.598 | 91.699 | 63.441 | 47.182 |
|   2   | 70.614 | 86.566 | 91.797 | 63.482 | 47.210 |
|   4   | 70.484 | 86.680 | 91.699 | 63.337 | 47.058 |
|   9   | 70.663 | 86.631 | 91.732 | 63.336 | 46.968 |
+-------+--------+--------+--------+--------+--------+
     logs:  {'epo': 9, 'R1': np.float32(70.663), 'R5': np.float32(86.631), 'R10': np.float32(91.732), 'mAP': np.float32(63.336), 'mINP': np.float32(46.968), 'entropy': 0.3244621473315515, 'uncertainty': 3.6591404927404305, 'uncertainty_coeffi': 0.009999999776482582, 'loss': 0.1274215820196428, 'lr': 0.00048712963683245845}
     Epoch[10] Iteration[10/384], entropy: 0.4378, uncertainty: 4.5626, uncertainty_coeffi: 0.0100, loss: 0.1468, lr: 9.05e-04
     Epoch[10] Iteration[20/384], entropy: 0.2559, uncertainty: 3.1211, uncertainty_coeffi: 0.0100, loss: 0.1359, lr: 4.32e-05
     Epoch[10] Iteration[30/384], entropy: 0.5650, uncertainty: 4.3869, uncertainty_coeffi: 0.0100, loss: 0.1525, lr: 5.52e-04
     Epoch[10] Iteration[40/384], entropy: 0.4134, uncertainty: 3.9053, uncertainty_coeffi: 0.0100, loss: 0.1416, lr: 9.05e-04
     Epoch[10] Iteration[50/384], entropy: 0.3882, uncertainty: 4.7715, uncertainty_coeffi: 0.0100, loss: 0.1425, lr: 4.32e-05
     Epoch[10] Iteration[60/384], entropy: 0.2217, uncertainty: 4.3894, uncertainty_coeffi: 0.0100, loss: 0.0976, lr: 5.52e-04
     Epoch[10] Iteration[70/384], entropy: 0.4011, uncertainty: 3.3698, uncertainty_coeffi: 0.0100, loss: 0.1197, lr: 9.05e-04
     Epoch[10] Iteration[80/384], entropy: 0.4400, uncertainty: 4.1283, uncertainty_coeffi: 0.0100, loss: 0.1453, lr: 4.32e-05
     Epoch[10] Iteration[90/384], entropy: 0.2564, uncertainty: 4.4286, uncertainty_coeffi: 0.0100, loss: 0.0983, lr: 5.52e-04
     Epoch[10] Iteration[100/384], entropy: 0.4900, uncertainty: 3.5967, uncertainty_coeffi: 0.0100, loss: 0.1482, lr: 9.05e-04
     Epoch[10] Iteration[110/384], entropy: 0.3849, uncertainty: 3.3744, uncertainty_coeffi: 0.0100, loss: 0.1278, lr: 4.32e-05
     Epoch[10] Iteration[120/384], entropy: 0.1901, uncertainty: 3.7219, uncertainty_coeffi: 0.0100, loss: 0.0766, lr: 5.52e-04
     Epoch[10] Iteration[130/384], entropy: 0.2890, uncertainty: 3.0985, uncertainty_coeffi: 0.0100, loss: 0.1210, lr: 9.05e-04
     Epoch[10] Iteration[140/384], entropy: 0.3841, uncertainty: 3.7662, uncertainty_coeffi: 0.0100, loss: 0.1311, lr: 4.32e-05
     Epoch[10] Iteration[150/384], entropy: 0.3053, uncertainty: 4.8093, uncertainty_coeffi: 0.0100, loss: 0.1004, lr: 5.52e-04
     Epoch[10] Iteration[160/384], entropy: 0.2802, uncertainty: 4.1064, uncertainty_coeffi: 0.0100, loss: 0.1344, lr: 9.05e-04
     Epoch[10] Iteration[170/384], entropy: 0.1723, uncertainty: 3.3381, uncertainty_coeffi: 0.0100, loss: 0.0908, lr: 4.32e-05
     Epoch[10] Iteration[180/384], entropy: 0.3149, uncertainty: 3.1181, uncertainty_coeffi: 0.0100, loss: 0.0895, lr: 4.48e-04
     Epoch[10] Iteration[190/384], entropy: 0.5716, uncertainty: 3.8666, uncertainty_coeffi: 0.0100, loss: 0.1881, lr: 9.57e-04
     Epoch[10] Iteration[200/384], entropy: 0.4282, uncertainty: 3.9508, uncertainty_coeffi: 0.0100, loss: 0.1482, lr: 9.55e-05
     Epoch[10] Iteration[210/384], entropy: 0.5558, uncertainty: 4.1701, uncertainty_coeffi: 0.0100, loss: 0.1705, lr: 4.48e-04
     Epoch[10] Iteration[220/384], entropy: 0.3211, uncertainty: 3.7755, uncertainty_coeffi: 0.0100, loss: 0.1229, lr: 9.57e-04
     Epoch[10] Iteration[230/384], entropy: 0.3555, uncertainty: 3.5559, uncertainty_coeffi: 0.0100, loss: 0.1222, lr: 9.55e-05
     Epoch[10] Iteration[240/384], entropy: 0.2426, uncertainty: 2.6721, uncertainty_coeffi: 0.0100, loss: 0.1202, lr: 4.48e-04
     Epoch[10] Iteration[250/384], entropy: 0.2851, uncertainty: 4.1719, uncertainty_coeffi: 0.0100, loss: 0.1299, lr: 9.57e-04
     Epoch[10] Iteration[260/384], entropy: 0.4186, uncertainty: 4.8552, uncertainty_coeffi: 0.0100, loss: 0.1133, lr: 9.55e-05
     Epoch[10] Iteration[270/384], entropy: 0.1817, uncertainty: 2.6771, uncertainty_coeffi: 0.0100, loss: 0.1386, lr: 4.48e-04
     Epoch[10] Iteration[280/384], entropy: 0.4371, uncertainty: 3.3086, uncertainty_coeffi: 0.0100, loss: 0.1346, lr: 9.57e-04
     Epoch[10] Iteration[290/384], entropy: 0.1889, uncertainty: 3.4367, uncertainty_coeffi: 0.0100, loss: 0.1002, lr: 9.55e-05
     Epoch[10] Iteration[300/384], entropy: 0.3154, uncertainty: 3.7640, uncertainty_coeffi: 0.0100, loss: 0.0920, lr: 4.48e-04
     Epoch[10] Iteration[310/384], entropy: 0.3437, uncertainty: 3.8350, uncertainty_coeffi: 0.0100, loss: 0.0996, lr: 9.57e-04
     Epoch[10] Iteration[320/384], entropy: 0.2072, uncertainty: 3.6956, uncertainty_coeffi: 0.0100, loss: 0.0992, lr: 9.55e-05
     Epoch[10] Iteration[330/384], entropy: 0.3186, uncertainty: 3.8070, uncertainty_coeffi: 0.0100, loss: 0.1238, lr: 4.48e-04
     Epoch[10] Iteration[340/384], entropy: 0.1907, uncertainty: 3.2232, uncertainty_coeffi: 0.0100, loss: 0.0857, lr: 9.57e-04
     Epoch[10] Iteration[350/384], entropy: 0.5045, uncertainty: 3.9135, uncertainty_coeffi: 0.0100, loss: 0.1709, lr: 9.55e-05
     Epoch[10] Iteration[360/384], entropy: 0.3603, uncertainty: 3.1686, uncertainty_coeffi: 0.0100, loss: 0.1573, lr: 4.48e-04
     Epoch[10] Iteration[370/384], entropy: 0.1943, uncertainty: 3.2354, uncertainty_coeffi: 0.0100, loss: 0.0976, lr: 9.57e-04
     Epoch[10] Iteration[380/384], entropy: 0.4326, uncertainty: 4.2655, uncertainty_coeffi: 0.0100, loss: 0.1220, lr: 9.55e-05
     Averaged stats: entropy_avg: 0.3433, uncertainty_avg: 3.7721, uncertainty_coeffi_avg: 0.0100, loss_avg: 0.1247, lr_avg: 4.99e-04
     itm tta time 0:01:10
     Epoch[11] Iteration[10/384], entropy: 0.3617, uncertainty: 3.3566, uncertainty_coeffi: 0.0100, loss: 0.1594, lr: 8.35e-04
     Epoch[11] Iteration[20/384], entropy: 0.1649, uncertainty: 3.0557, uncertainty_coeffi: 0.0100, loss: 0.0777, lr: 6.55e-04
     Epoch[11] Iteration[30/384], entropy: 0.1927, uncertainty: 3.2846, uncertainty_coeffi: 0.0100, loss: 0.0831, lr: 1.09e-05
     Epoch[11] Iteration[40/384], entropy: 0.4338, uncertainty: 3.9014, uncertainty_coeffi: 0.0100, loss: 0.1483, lr: 8.35e-04
     Epoch[11] Iteration[50/384], entropy: 0.4909, uncertainty: 4.7505, uncertainty_coeffi: 0.0100, loss: 0.1651, lr: 6.55e-04
     Epoch[11] Iteration[60/384], entropy: 0.3112, uncertainty: 2.9722, uncertainty_coeffi: 0.0100, loss: 0.1291, lr: 1.09e-05
     Epoch[11] Iteration[70/384], entropy: 0.1427, uncertainty: 2.3915, uncertainty_coeffi: 0.0100, loss: 0.0809, lr: 8.35e-04
     Epoch[11] Iteration[80/384], entropy: 0.1747, uncertainty: 3.3431, uncertainty_coeffi: 0.0100, loss: 0.0821, lr: 6.55e-04
     Epoch[11] Iteration[90/384], entropy: 0.2817, uncertainty: 2.7947, uncertainty_coeffi: 0.0100, loss: 0.1247, lr: 1.09e-05
     Epoch[11] Iteration[100/384], entropy: 0.4778, uncertainty: 3.0560, uncertainty_coeffi: 0.0100, loss: 0.2092, lr: 8.35e-04
     Epoch[11] Iteration[110/384], entropy: 0.5783, uncertainty: 3.5396, uncertainty_coeffi: 0.0100, loss: 0.2176, lr: 6.55e-04
     Epoch[11] Iteration[120/384], entropy: 0.2474, uncertainty: 3.4785, uncertainty_coeffi: 0.0100, loss: 0.0793, lr: 1.09e-05
     Epoch[11] Iteration[130/384], entropy: 0.3733, uncertainty: 3.4559, uncertainty_coeffi: 0.0100, loss: 0.1266, lr: 8.35e-04
     Epoch[11] Iteration[140/384], entropy: 0.3609, uncertainty: 3.1665, uncertainty_coeffi: 0.0100, loss: 0.1426, lr: 6.55e-04
     Epoch[11] Iteration[150/384], entropy: 0.3955, uncertainty: 3.8003, uncertainty_coeffi: 0.0100, loss: 0.1391, lr: 1.09e-05
     Epoch[11] Iteration[160/384], entropy: 0.3665, uncertainty: 4.1254, uncertainty_coeffi: 0.0100, loss: 0.1201, lr: 8.35e-04
     Epoch[11] Iteration[170/384], entropy: 0.1625, uncertainty: 3.8294, uncertainty_coeffi: 0.0100, loss: 0.0809, lr: 6.55e-04
     Epoch[11] Iteration[180/384], entropy: 0.3414, uncertainty: 3.4096, uncertainty_coeffi: 0.0100, loss: 0.1020, lr: 1.09e-05
     Epoch[11] Iteration[190/384], entropy: 0.2203, uncertainty: 2.7311, uncertainty_coeffi: 0.0100, loss: 0.0882, lr: 8.35e-04
     Epoch[11] Iteration[200/384], entropy: 0.1979, uncertainty: 2.9857, uncertainty_coeffi: 0.0100, loss: 0.0906, lr: 6.55e-04
     Epoch[11] Iteration[210/384], entropy: 0.5713, uncertainty: 4.7873, uncertainty_coeffi: 0.0100, loss: 0.1626, lr: 1.09e-05
     Epoch[11] Iteration[220/384], entropy: 0.2647, uncertainty: 3.7960, uncertainty_coeffi: 0.0100, loss: 0.0857, lr: 8.35e-04
     Epoch[11] Iteration[230/384], entropy: 0.2889, uncertainty: 4.2401, uncertainty_coeffi: 0.0100, loss: 0.0908, lr: 6.55e-04
     Epoch[11] Iteration[240/384], entropy: 0.4070, uncertainty: 3.4397, uncertainty_coeffi: 0.0100, loss: 0.2211, lr: 1.09e-05
     Epoch[11] Iteration[250/384], entropy: 0.2902, uncertainty: 3.3666, uncertainty_coeffi: 0.0100, loss: 0.1275, lr: 8.35e-04
     Epoch[11] Iteration[260/384], entropy: 0.3102, uncertainty: 3.8134, uncertainty_coeffi: 0.0100, loss: 0.1209, lr: 6.55e-04
     Epoch[11] Iteration[270/384], entropy: 0.2579, uncertainty: 4.2339, uncertainty_coeffi: 0.0100, loss: 0.0981, lr: 1.09e-05
     Epoch[11] Iteration[280/384], entropy: 0.4917, uncertainty: 3.2561, uncertainty_coeffi: 0.0100, loss: 0.2095, lr: 8.35e-04
     Epoch[11] Iteration[290/384], entropy: 0.2446, uncertainty: 3.2725, uncertainty_coeffi: 0.0100, loss: 0.0932, lr: 6.55e-04
     Epoch[11] Iteration[300/384], entropy: 0.2759, uncertainty: 3.8905, uncertainty_coeffi: 0.0100, loss: 0.0992, lr: 1.09e-05
     Epoch[11] Iteration[310/384], entropy: 0.6292, uncertainty: 4.7206, uncertainty_coeffi: 0.0100, loss: 0.1774, lr: 8.35e-04
     Epoch[11] Iteration[320/384], entropy: 0.2342, uncertainty: 2.8075, uncertainty_coeffi: 0.0100, loss: 0.1044, lr: 6.55e-04
     Epoch[11] Iteration[330/384], entropy: 0.2539, uncertainty: 3.7331, uncertainty_coeffi: 0.0100, loss: 0.1344, lr: 1.09e-05
     Epoch[11] Iteration[340/384], entropy: 0.3670, uncertainty: 3.8531, uncertainty_coeffi: 0.0100, loss: 0.1293, lr: 8.35e-04
     Epoch[11] Iteration[350/384], entropy: 0.3716, uncertainty: 4.1729, uncertainty_coeffi: 0.0100, loss: 0.1448, lr: 6.55e-04
     Epoch[11] Iteration[360/384], entropy: 0.2885, uncertainty: 4.1689, uncertainty_coeffi: 0.0100, loss: 0.1133, lr: 1.09e-05
     Epoch[11] Iteration[370/384], entropy: 0.3629, uncertainty: 3.2188, uncertainty_coeffi: 0.0100, loss: 0.1312, lr: 8.35e-04
     Epoch[11] Iteration[380/384], entropy: 0.3032, uncertainty: 4.9138, uncertainty_coeffi: 0.0100, loss: 0.0998, lr: 6.55e-04
     Averaged stats: entropy_avg: 0.3287, uncertainty_avg: 3.6082, uncertainty_coeffi_avg: 0.0100, loss_avg: 0.1261, lr_avg: 5.13e-04
     itm tta time 0:01:10
     Epoch[12] Iteration[10/384], entropy: 0.3970, uncertainty: 3.8217, uncertainty_coeffi: 0.0100, loss: 0.1493, lr: 2.50e-04
     Epoch[12] Iteration[20/384], entropy: 0.3649, uncertainty: 3.4858, uncertainty_coeffi: 0.0100, loss: 0.1757, lr: 1.00e-03
     Epoch[12] Iteration[30/384], entropy: 0.1752, uncertainty: 2.8982, uncertainty_coeffi: 0.0100, loss: 0.0804, lr: 2.50e-04
     Epoch[12] Iteration[40/384], entropy: 0.3795, uncertainty: 4.1289, uncertainty_coeffi: 0.0100, loss: 0.1149, lr: 2.50e-04
     Epoch[12] Iteration[50/384], entropy: 0.1972, uncertainty: 2.9515, uncertainty_coeffi: 0.0100, loss: 0.1155, lr: 1.00e-03
     Epoch[12] Iteration[60/384], entropy: 0.3564, uncertainty: 3.4445, uncertainty_coeffi: 0.0100, loss: 0.1853, lr: 2.50e-04
     Epoch[12] Iteration[70/384], entropy: 0.2880, uncertainty: 4.0877, uncertainty_coeffi: 0.0100, loss: 0.1315, lr: 2.50e-04
     Epoch[12] Iteration[80/384], entropy: 0.2430, uncertainty: 4.5759, uncertainty_coeffi: 0.0100, loss: 0.0947, lr: 1.00e-03
     Epoch[12] Iteration[90/384], entropy: 0.2433, uncertainty: 3.1019, uncertainty_coeffi: 0.0100, loss: 0.1251, lr: 2.50e-04
     Epoch[12] Iteration[100/384], entropy: 0.1170, uncertainty: 3.0195, uncertainty_coeffi: 0.0100, loss: 0.0675, lr: 2.50e-04
     Epoch[12] Iteration[110/384], entropy: 0.3731, uncertainty: 3.1987, uncertainty_coeffi: 0.0100, loss: 0.1120, lr: 1.00e-03
     Epoch[12] Iteration[120/384], entropy: 0.4068, uncertainty: 4.0643, uncertainty_coeffi: 0.0100, loss: 0.1182, lr: 2.50e-04
     Epoch[12] Iteration[130/384], entropy: 0.2352, uncertainty: 3.5109, uncertainty_coeffi: 0.0100, loss: 0.0905, lr: 2.50e-04
     Epoch[12] Iteration[140/384], entropy: 0.3100, uncertainty: 4.1065, uncertainty_coeffi: 0.0100, loss: 0.1154, lr: 1.00e-03
     Epoch[12] Iteration[150/384], entropy: 0.4316, uncertainty: 3.9007, uncertainty_coeffi: 0.0100, loss: 0.1329, lr: 2.50e-04
     Epoch[12] Iteration[160/384], entropy: 0.2216, uncertainty: 4.2421, uncertainty_coeffi: 0.0100, loss: 0.0851, lr: 2.50e-04
     Epoch[12] Iteration[170/384], entropy: 0.3113, uncertainty: 3.7373, uncertainty_coeffi: 0.0100, loss: 0.1414, lr: 1.00e-03
     Epoch[12] Iteration[180/384], entropy: 0.6845, uncertainty: 3.7475, uncertainty_coeffi: 0.0100, loss: 0.2853, lr: 2.50e-04
     Epoch[12] Iteration[190/384], entropy: 0.4650, uncertainty: 3.9107, uncertainty_coeffi: 0.0100, loss: 0.1220, lr: 2.50e-04
     Epoch[12] Iteration[200/384], entropy: 0.1609, uncertainty: 3.6734, uncertainty_coeffi: 0.0100, loss: 0.0799, lr: 1.00e-03
     Epoch[12] Iteration[210/384], entropy: 0.1838, uncertainty: 3.2319, uncertainty_coeffi: 0.0100, loss: 0.0962, lr: 2.50e-04
     Epoch[12] Iteration[220/384], entropy: 0.2821, uncertainty: 3.7398, uncertainty_coeffi: 0.0100, loss: 0.0838, lr: 2.50e-04
     Epoch[12] Iteration[230/384], entropy: 0.2197, uncertainty: 3.9998, uncertainty_coeffi: 0.0100, loss: 0.0799, lr: 1.00e-03
     Epoch[12] Iteration[240/384], entropy: 0.0887, uncertainty: 2.2773, uncertainty_coeffi: 0.0100, loss: 0.0444, lr: 2.50e-04
     Epoch[12] Iteration[250/384], entropy: 0.2387, uncertainty: 3.6371, uncertainty_coeffi: 0.0100, loss: 0.0973, lr: 2.50e-04
     Epoch[12] Iteration[260/384], entropy: 0.2900, uncertainty: 2.5449, uncertainty_coeffi: 0.0100, loss: 0.1343, lr: 1.00e-03
     Epoch[12] Iteration[270/384], entropy: 0.1440, uncertainty: 2.7984, uncertainty_coeffi: 0.0100, loss: 0.0856, lr: 2.50e-04
     Epoch[12] Iteration[280/384], entropy: 0.4088, uncertainty: 3.5039, uncertainty_coeffi: 0.0100, loss: 0.1477, lr: 2.50e-04
     Epoch[12] Iteration[290/384], entropy: 0.1635, uncertainty: 3.7961, uncertainty_coeffi: 0.0100, loss: 0.0811, lr: 1.00e-03
     Epoch[12] Iteration[300/384], entropy: 0.1199, uncertainty: 2.8552, uncertainty_coeffi: 0.0100, loss: 0.0622, lr: 2.50e-04
     Epoch[12] Iteration[310/384], entropy: 0.4938, uncertainty: 4.3406, uncertainty_coeffi: 0.0100, loss: 0.1351, lr: 2.50e-04
     Epoch[12] Iteration[320/384], entropy: 0.4524, uncertainty: 3.5278, uncertainty_coeffi: 0.0100, loss: 0.1753, lr: 1.00e-03
     Epoch[12] Iteration[330/384], entropy: 0.4936, uncertainty: 4.1857, uncertainty_coeffi: 0.0100, loss: 0.1394, lr: 2.50e-04
     Epoch[12] Iteration[340/384], entropy: 0.3840, uncertainty: 3.7741, uncertainty_coeffi: 0.0100, loss: 0.1454, lr: 2.50e-04
     Epoch[12] Iteration[350/384], entropy: 0.2448, uncertainty: 3.5000, uncertainty_coeffi: 0.0100, loss: 0.1119, lr: 1.00e-03
     Epoch[12] Iteration[360/384], entropy: 0.5546, uncertainty: 3.5720, uncertainty_coeffi: 0.0100, loss: 0.2074, lr: 2.50e-04
     Epoch[12] Iteration[370/384], entropy: 0.5003, uncertainty: 3.5178, uncertainty_coeffi: 0.0100, loss: 0.1647, lr: 2.50e-04
     Epoch[12] Iteration[380/384], entropy: 0.3494, uncertainty: 3.9448, uncertainty_coeffi: 0.0100, loss: 0.1802, lr: 1.00e-03
     Averaged stats: entropy_avg: 0.3151, uncertainty_avg: 3.5883, uncertainty_coeffi_avg: 0.0100, loss_avg: 0.1235, lr_avg: 5.07e-04
     itm tta time 0:01:10
     Epoch[13] Iteration[10/384], entropy: 0.1136, uncertainty: 3.2456, uncertainty_coeffi: 0.0100, loss: 0.0708, lr: 1.09e-05
     Epoch[13] Iteration[20/384], entropy: 0.2858, uncertainty: 3.6232, uncertainty_coeffi: 0.0100, loss: 0.1477, lr: 6.55e-04
     Epoch[13] Iteration[30/384], entropy: 0.3369, uncertainty: 3.2827, uncertainty_coeffi: 0.0100, loss: 0.1378, lr: 8.35e-04
     Epoch[13] Iteration[40/384], entropy: 0.3583, uncertainty: 3.2542, uncertainty_coeffi: 0.0100, loss: 0.1780, lr: 1.09e-05
     Epoch[13] Iteration[50/384], entropy: 0.3389, uncertainty: 3.1368, uncertainty_coeffi: 0.0100, loss: 0.1384, lr: 6.55e-04
     Epoch[13] Iteration[60/384], entropy: 0.2687, uncertainty: 3.4577, uncertainty_coeffi: 0.0100, loss: 0.1059, lr: 8.35e-04
     Epoch[13] Iteration[70/384], entropy: 0.3530, uncertainty: 3.7369, uncertainty_coeffi: 0.0100, loss: 0.1293, lr: 1.09e-05
     Epoch[13] Iteration[80/384], entropy: 0.5142, uncertainty: 3.8361, uncertainty_coeffi: 0.0100, loss: 0.1593, lr: 6.55e-04
     Epoch[13] Iteration[90/384], entropy: 0.2985, uncertainty: 3.7624, uncertainty_coeffi: 0.0100, loss: 0.1101, lr: 8.35e-04
     Epoch[13] Iteration[100/384], entropy: 0.2672, uncertainty: 3.4422, uncertainty_coeffi: 0.0100, loss: 0.1049, lr: 1.09e-05
     Epoch[13] Iteration[110/384], entropy: 0.2957, uncertainty: 3.9074, uncertainty_coeffi: 0.0100, loss: 0.1099, lr: 6.55e-04
     Epoch[13] Iteration[120/384], entropy: 0.5111, uncertainty: 4.2442, uncertainty_coeffi: 0.0100, loss: 0.1513, lr: 8.35e-04
     Epoch[13] Iteration[130/384], entropy: 0.1810, uncertainty: 3.4977, uncertainty_coeffi: 0.0100, loss: 0.0848, lr: 1.09e-05
     Epoch[13] Iteration[140/384], entropy: 0.5370, uncertainty: 4.4894, uncertainty_coeffi: 0.0100, loss: 0.1528, lr: 6.55e-04
     Epoch[13] Iteration[150/384], entropy: 0.4205, uncertainty: 3.4706, uncertainty_coeffi: 0.0100, loss: 0.1330, lr: 8.35e-04
     Epoch[13] Iteration[160/384], entropy: 0.3230, uncertainty: 3.2906, uncertainty_coeffi: 0.0100, loss: 0.1018, lr: 1.09e-05
     Epoch[13] Iteration[170/384], entropy: 0.7206, uncertainty: 4.1087, uncertainty_coeffi: 0.0100, loss: 0.2650, lr: 6.55e-04
     Epoch[13] Iteration[180/384], entropy: 0.2554, uncertainty: 4.4080, uncertainty_coeffi: 0.0100, loss: 0.1077, lr: 8.35e-04
     Epoch[13] Iteration[190/384], entropy: 0.2626, uncertainty: 3.9285, uncertainty_coeffi: 0.0100, loss: 0.0960, lr: 1.09e-05
     Epoch[13] Iteration[200/384], entropy: 0.1562, uncertainty: 3.1843, uncertainty_coeffi: 0.0100, loss: 0.0833, lr: 6.55e-04
     Epoch[13] Iteration[210/384], entropy: 0.2531, uncertainty: 3.8963, uncertainty_coeffi: 0.0100, loss: 0.1103, lr: 8.35e-04
     Epoch[13] Iteration[220/384], entropy: 0.2634, uncertainty: 3.8728, uncertainty_coeffi: 0.0100, loss: 0.0907, lr: 1.09e-05
     Epoch[13] Iteration[230/384], entropy: 0.4273, uncertainty: 3.4545, uncertainty_coeffi: 0.0100, loss: 0.1858, lr: 6.55e-04
     Epoch[13] Iteration[240/384], entropy: 0.2689, uncertainty: 4.5015, uncertainty_coeffi: 0.0100, loss: 0.1198, lr: 8.35e-04
     Epoch[13] Iteration[250/384], entropy: 0.5067, uncertainty: 4.2204, uncertainty_coeffi: 0.0100, loss: 0.1458, lr: 1.09e-05
     Epoch[13] Iteration[260/384], entropy: 0.3938, uncertainty: 4.8452, uncertainty_coeffi: 0.0100, loss: 0.1187, lr: 6.55e-04
     Epoch[13] Iteration[270/384], entropy: 0.4206, uncertainty: 4.1629, uncertainty_coeffi: 0.0100, loss: 0.1208, lr: 8.35e-04
     Epoch[13] Iteration[280/384], entropy: 0.5140, uncertainty: 4.8341, uncertainty_coeffi: 0.0100, loss: 0.1599, lr: 1.09e-05
     Epoch[13] Iteration[290/384], entropy: 0.2864, uncertainty: 3.0386, uncertainty_coeffi: 0.0100, loss: 0.1323, lr: 6.55e-04
     Epoch[13] Iteration[300/384], entropy: 0.1249, uncertainty: 3.4272, uncertainty_coeffi: 0.0100, loss: 0.0706, lr: 8.35e-04
     Epoch[13] Iteration[310/384], entropy: 0.3857, uncertainty: 3.6407, uncertainty_coeffi: 0.0100, loss: 0.1335, lr: 1.09e-05
     Epoch[13] Iteration[320/384], entropy: 0.0624, uncertainty: 3.3803, uncertainty_coeffi: 0.0100, loss: 0.0513, lr: 6.55e-04
     Epoch[13] Iteration[330/384], entropy: 0.1528, uncertainty: 2.8398, uncertainty_coeffi: 0.0100, loss: 0.1012, lr: 8.35e-04
     Epoch[13] Iteration[340/384], entropy: 0.1552, uncertainty: 4.1717, uncertainty_coeffi: 0.0100, loss: 0.0744, lr: 1.09e-05
     Epoch[13] Iteration[350/384], entropy: 0.6013, uncertainty: 4.2597, uncertainty_coeffi: 0.0100, loss: 0.2515, lr: 6.55e-04
     Epoch[13] Iteration[360/384], entropy: 0.1286, uncertainty: 2.9960, uncertainty_coeffi: 0.0100, loss: 0.0605, lr: 8.35e-04
     Epoch[13] Iteration[370/384], entropy: 0.3799, uncertainty: 3.8266, uncertainty_coeffi: 0.0100, loss: 0.1292, lr: 1.09e-05
     Epoch[13] Iteration[380/384], entropy: 0.3462, uncertainty: 3.7447, uncertainty_coeffi: 0.0100, loss: 0.1371, lr: 6.55e-04
     Averaged stats: entropy_avg: 0.3281, uncertainty_avg: 3.7479, uncertainty_coeffi_avg: 0.0100, loss_avg: 0.1253, lr_avg: 4.91e-04
     itm tta time 0:01:11
     Epoch[14] Iteration[10/384], entropy: 0.3385, uncertainty: 3.7595, uncertainty_coeffi: 0.0100, loss: 0.1266, lr: 4.48e-04
     Epoch[14] Iteration[20/384], entropy: 0.2316, uncertainty: 3.6774, uncertainty_coeffi: 0.0100, loss: 0.0963, lr: 9.55e-05
     Epoch[14] Iteration[30/384], entropy: 0.2540, uncertainty: 3.2775, uncertainty_coeffi: 0.0100, loss: 0.0845, lr: 9.57e-04
     Epoch[14] Iteration[40/384], entropy: 0.1962, uncertainty: 2.9432, uncertainty_coeffi: 0.0100, loss: 0.1192, lr: 4.48e-04
     Epoch[14] Iteration[50/384], entropy: 0.3175, uncertainty: 4.0183, uncertainty_coeffi: 0.0100, loss: 0.1165, lr: 9.55e-05
     Epoch[14] Iteration[60/384], entropy: 0.2429, uncertainty: 3.2322, uncertainty_coeffi: 0.0100, loss: 0.1391, lr: 9.57e-04
     Epoch[14] Iteration[70/384], entropy: 0.2299, uncertainty: 3.7213, uncertainty_coeffi: 0.0100, loss: 0.1067, lr: 4.48e-04
     Epoch[14] Iteration[80/384], entropy: 0.3646, uncertainty: 2.9195, uncertainty_coeffi: 0.0100, loss: 0.1528, lr: 9.55e-05
     Epoch[14] Iteration[90/384], entropy: 0.3150, uncertainty: 4.2374, uncertainty_coeffi: 0.0100, loss: 0.1137, lr: 9.57e-04
     Epoch[14] Iteration[100/384], entropy: 0.4514, uncertainty: 3.7216, uncertainty_coeffi: 0.0100, loss: 0.1844, lr: 4.48e-04
     Epoch[14] Iteration[110/384], entropy: 0.2554, uncertainty: 3.7485, uncertainty_coeffi: 0.0100, loss: 0.1089, lr: 9.55e-05
     Epoch[14] Iteration[120/384], entropy: 0.2753, uncertainty: 3.2345, uncertainty_coeffi: 0.0100, loss: 0.1339, lr: 9.57e-04
     Epoch[14] Iteration[130/384], entropy: 0.4878, uncertainty: 4.7556, uncertainty_coeffi: 0.0100, loss: 0.1301, lr: 4.48e-04
     Epoch[14] Iteration[140/384], entropy: 0.5272, uncertainty: 3.4938, uncertainty_coeffi: 0.0100, loss: 0.1816, lr: 9.55e-05
     Epoch[14] Iteration[150/384], entropy: 0.4284, uncertainty: 3.5862, uncertainty_coeffi: 0.0100, loss: 0.1451, lr: 9.57e-04
     Epoch[14] Iteration[160/384], entropy: 0.2796, uncertainty: 3.4181, uncertainty_coeffi: 0.0100, loss: 0.1394, lr: 4.48e-04
     Epoch[14] Iteration[170/384], entropy: 0.4818, uncertainty: 4.0640, uncertainty_coeffi: 0.0100, loss: 0.1540, lr: 9.55e-05
     Epoch[14] Iteration[180/384], entropy: 0.2085, uncertainty: 3.7041, uncertainty_coeffi: 0.0100, loss: 0.1239, lr: 9.57e-04
     Epoch[14] Iteration[190/384], entropy: 0.3117, uncertainty: 2.8177, uncertainty_coeffi: 0.0100, loss: 0.1429, lr: 4.48e-04
     Epoch[14] Iteration[200/384], entropy: 0.3348, uncertainty: 4.1502, uncertainty_coeffi: 0.0100, loss: 0.1358, lr: 9.55e-05
     Epoch[14] Iteration[210/384], entropy: 0.2921, uncertainty: 2.9555, uncertainty_coeffi: 0.0100, loss: 0.1194, lr: 9.57e-04
     Epoch[14] Iteration[220/384], entropy: 0.2278, uncertainty: 4.2596, uncertainty_coeffi: 0.0100, loss: 0.0919, lr: 4.48e-04
     Epoch[14] Iteration[230/384], entropy: 0.1864, uncertainty: 4.2565, uncertainty_coeffi: 0.0100, loss: 0.0820, lr: 9.55e-05
     Epoch[14] Iteration[240/384], entropy: 0.4001, uncertainty: 3.8324, uncertainty_coeffi: 0.0100, loss: 0.1407, lr: 9.57e-04
     Epoch[14] Iteration[250/384], entropy: 0.4713, uncertainty: 4.0261, uncertainty_coeffi: 0.0100, loss: 0.1261, lr: 4.48e-04
     Epoch[14] Iteration[260/384], entropy: 0.2898, uncertainty: 4.3122, uncertainty_coeffi: 0.0100, loss: 0.1069, lr: 9.55e-05
     Epoch[14] Iteration[270/384], entropy: 0.2182, uncertainty: 2.5567, uncertainty_coeffi: 0.0100, loss: 0.1115, lr: 9.57e-04
     Epoch[14] Iteration[280/384], entropy: 0.4065, uncertainty: 3.7044, uncertainty_coeffi: 0.0100, loss: 0.1398, lr: 4.48e-04
     Epoch[14] Iteration[290/384], entropy: 0.2333, uncertainty: 2.9711, uncertainty_coeffi: 0.0100, loss: 0.0901, lr: 9.55e-05
     Epoch[14] Iteration[300/384], entropy: 0.3536, uncertainty: 3.4876, uncertainty_coeffi: 0.0100, loss: 0.1172, lr: 9.57e-04
     Epoch[14] Iteration[310/384], entropy: 0.3352, uncertainty: 3.6236, uncertainty_coeffi: 0.0100, loss: 0.1257, lr: 4.48e-04
     Epoch[14] Iteration[320/384], entropy: 0.4043, uncertainty: 3.5881, uncertainty_coeffi: 0.0100, loss: 0.1566, lr: 9.55e-05
     Epoch[14] Iteration[330/384], entropy: 0.3485, uncertainty: 3.6070, uncertainty_coeffi: 0.0100, loss: 0.1416, lr: 9.57e-04
     Epoch[14] Iteration[340/384], entropy: 0.2198, uncertainty: 3.2300, uncertainty_coeffi: 0.0100, loss: 0.0970, lr: 4.48e-04
     Epoch[14] Iteration[350/384], entropy: 0.2207, uncertainty: 3.4287, uncertainty_coeffi: 0.0100, loss: 0.0881, lr: 9.55e-05
     Epoch[14] Iteration[360/384], entropy: 0.4936, uncertainty: 3.8877, uncertainty_coeffi: 0.0100, loss: 0.1818, lr: 9.57e-04
     Epoch[14] Iteration[370/384], entropy: 0.2220, uncertainty: 3.4214, uncertainty_coeffi: 0.0100, loss: 0.1175, lr: 4.48e-04
     Epoch[14] Iteration[380/384], entropy: 0.2041, uncertainty: 3.1256, uncertainty_coeffi: 0.0100, loss: 0.0955, lr: 9.55e-05
     Averaged stats: entropy_avg: 0.3174, uncertainty_avg: 3.5988, uncertainty_coeffi_avg: 0.0100, loss_avg: 0.1254, lr_avg: 4.88e-04
     itm tta time 0:01:11
### TTA Eval Score: 
+-------+--------+--------+--------+--------+--------+
| epoch |   R1   |   R5   |  R10   |  mAP   |  mINP  |
+-------+--------+--------+--------+--------+--------+
|  -999 | 70.647 | 86.940 | 91.797 | 63.400 | 47.058 |
|   0   | 70.679 | 86.728 | 91.797 | 63.456 | 47.221 |
|   1   | 70.500 | 86.598 | 91.699 | 63.441 | 47.182 |
|   2   | 70.614 | 86.566 | 91.797 | 63.482 | 47.210 |
|   4   | 70.484 | 86.680 | 91.699 | 63.337 | 47.058 |
|   9   | 70.663 | 86.631 | 91.732 | 63.336 | 46.968 |
|   14  | 70.403 | 86.696 | 91.715 | 63.238 | 46.862 |
+-------+--------+--------+--------+--------+--------+
     logs:  {'epo': 14, 'R1': np.float32(70.403), 'R5': np.float32(86.696), 'R10': np.float32(91.715), 'mAP': np.float32(63.238), 'mINP': np.float32(46.862), 'entropy': 0.317350920093687, 'uncertainty': 3.5988113566448816, 'uncertainty_coeffi': 0.009999999776482582, 'loss': 0.12539096176624298, 'lr': 0.0004879796650310027}
     Epoch[15] Iteration[10/384], entropy: 0.3134, uncertainty: 4.2973, uncertainty_coeffi: 0.0100, loss: 0.1043, lr: 9.57e-04
     Epoch[15] Iteration[20/384], entropy: 0.5217, uncertainty: 2.9930, uncertainty_coeffi: 0.0100, loss: 0.2460, lr: 9.55e-05
     Epoch[15] Iteration[30/384], entropy: 0.3139, uncertainty: 3.4091, uncertainty_coeffi: 0.0100, loss: 0.1440, lr: 4.48e-04
     Epoch[15] Iteration[40/384], entropy: 0.2023, uncertainty: 3.0736, uncertainty_coeffi: 0.0100, loss: 0.0941, lr: 9.57e-04
     Epoch[15] Iteration[50/384], entropy: 0.4506, uncertainty: 3.3808, uncertainty_coeffi: 0.0100, loss: 0.1530, lr: 9.55e-05
     Epoch[15] Iteration[60/384], entropy: 0.1724, uncertainty: 3.5733, uncertainty_coeffi: 0.0100, loss: 0.0756, lr: 4.48e-04
     Epoch[15] Iteration[70/384], entropy: 0.2761, uncertainty: 3.8405, uncertainty_coeffi: 0.0100, loss: 0.0887, lr: 9.57e-04
     Epoch[15] Iteration[80/384], entropy: 0.4871, uncertainty: 3.9710, uncertainty_coeffi: 0.0100, loss: 0.1708, lr: 9.55e-05
     Epoch[15] Iteration[90/384], entropy: 0.2763, uncertainty: 3.9515, uncertainty_coeffi: 0.0100, loss: 0.1207, lr: 4.48e-04
     Epoch[15] Iteration[100/384], entropy: 0.3606, uncertainty: 3.8564, uncertainty_coeffi: 0.0100, loss: 0.1043, lr: 9.57e-04
     Epoch[15] Iteration[110/384], entropy: 0.4300, uncertainty: 4.2820, uncertainty_coeffi: 0.0100, loss: 0.1228, lr: 9.55e-05
     Epoch[15] Iteration[120/384], entropy: 0.3359, uncertainty: 3.5573, uncertainty_coeffi: 0.0100, loss: 0.1251, lr: 4.48e-04
     Epoch[15] Iteration[130/384], entropy: 0.4971, uncertainty: 4.9378, uncertainty_coeffi: 0.0100, loss: 0.1418, lr: 9.57e-04
     Epoch[15] Iteration[140/384], entropy: 0.4146, uncertainty: 3.6417, uncertainty_coeffi: 0.0100, loss: 0.1711, lr: 9.55e-05
     Epoch[15] Iteration[150/384], entropy: 0.3830, uncertainty: 4.0861, uncertainty_coeffi: 0.0100, loss: 0.1162, lr: 4.48e-04
     Epoch[15] Iteration[160/384], entropy: 0.2536, uncertainty: 2.8705, uncertainty_coeffi: 0.0100, loss: 0.0947, lr: 9.57e-04
     Epoch[15] Iteration[170/384], entropy: 0.2658, uncertainty: 3.9107, uncertainty_coeffi: 0.0100, loss: 0.1108, lr: 9.55e-05
     Epoch[15] Iteration[180/384], entropy: 0.2895, uncertainty: 4.1710, uncertainty_coeffi: 0.0100, loss: 0.1289, lr: 4.48e-04
     Epoch[15] Iteration[190/384], entropy: 0.7387, uncertainty: 5.5523, uncertainty_coeffi: 0.0100, loss: 0.2090, lr: 9.57e-04
     Epoch[15] Iteration[200/384], entropy: 0.3556, uncertainty: 3.4281, uncertainty_coeffi: 0.0100, loss: 0.2028, lr: 9.55e-05
     Epoch[15] Iteration[210/384], entropy: 0.3068, uncertainty: 3.6526, uncertainty_coeffi: 0.0100, loss: 0.1106, lr: 4.48e-04
     Epoch[15] Iteration[220/384], entropy: 0.4341, uncertainty: 4.1062, uncertainty_coeffi: 0.0100, loss: 0.1607, lr: 9.57e-04
     Epoch[15] Iteration[230/384], entropy: 0.1366, uncertainty: 3.3265, uncertainty_coeffi: 0.0100, loss: 0.0639, lr: 9.55e-05
     Epoch[15] Iteration[240/384], entropy: 0.2337, uncertainty: 4.2123, uncertainty_coeffi: 0.0100, loss: 0.0997, lr: 4.48e-04
     Epoch[15] Iteration[250/384], entropy: 0.4532, uncertainty: 4.1155, uncertainty_coeffi: 0.0100, loss: 0.1451, lr: 9.57e-04
     Epoch[15] Iteration[260/384], entropy: 0.3961, uncertainty: 4.1847, uncertainty_coeffi: 0.0100, loss: 0.1147, lr: 9.55e-05
     Epoch[15] Iteration[270/384], entropy: 0.4522, uncertainty: 3.9233, uncertainty_coeffi: 0.0100, loss: 0.1476, lr: 3.45e-04
     Epoch[15] Iteration[280/384], entropy: 0.2346, uncertainty: 3.5178, uncertainty_coeffi: 0.0100, loss: 0.0897, lr: 9.89e-04
     Epoch[15] Iteration[290/384], entropy: 0.3531, uncertainty: 3.8307, uncertainty_coeffi: 0.0100, loss: 0.1132, lr: 1.65e-04
     Epoch[15] Iteration[300/384], entropy: 0.1617, uncertainty: 3.0236, uncertainty_coeffi: 0.0100, loss: 0.0713, lr: 3.45e-04
     Epoch[15] Iteration[310/384], entropy: 0.5877, uncertainty: 4.4608, uncertainty_coeffi: 0.0100, loss: 0.1619, lr: 9.89e-04
     Epoch[15] Iteration[320/384], entropy: 0.3154, uncertainty: 3.6948, uncertainty_coeffi: 0.0100, loss: 0.1113, lr: 1.65e-04
     Epoch[15] Iteration[330/384], entropy: 0.3460, uncertainty: 3.7004, uncertainty_coeffi: 0.0100, loss: 0.1156, lr: 3.45e-04
     Epoch[15] Iteration[340/384], entropy: 0.5264, uncertainty: 3.3976, uncertainty_coeffi: 0.0100, loss: 0.1747, lr: 9.89e-04
     Epoch[15] Iteration[350/384], entropy: 0.2251, uncertainty: 2.7114, uncertainty_coeffi: 0.0100, loss: 0.1103, lr: 1.65e-04
     Epoch[15] Iteration[360/384], entropy: 0.3646, uncertainty: 4.2736, uncertainty_coeffi: 0.0100, loss: 0.1088, lr: 3.45e-04
     Epoch[15] Iteration[370/384], entropy: 0.2644, uncertainty: 4.5798, uncertainty_coeffi: 0.0100, loss: 0.0926, lr: 9.89e-04
     Epoch[15] Iteration[380/384], entropy: 0.5292, uncertainty: 3.1549, uncertainty_coeffi: 0.0100, loss: 0.2225, lr: 1.65e-04
     Averaged stats: entropy_avg: 0.3595, uncertainty_avg: 3.8066, uncertainty_coeffi_avg: 0.0100, loss_avg: 0.1300, lr_avg: 5.01e-04
     itm tta time 0:01:12
     Epoch[16] Iteration[10/384], entropy: 0.3566, uncertainty: 3.7164, uncertainty_coeffi: 0.0100, loss: 0.1476, lr: 7.50e-04
     Epoch[16] Iteration[20/384], entropy: 0.3210, uncertainty: 3.8524, uncertainty_coeffi: 0.0100, loss: 0.1487, lr: 7.50e-04
     Epoch[16] Iteration[30/384], entropy: 0.1644, uncertainty: 2.7859, uncertainty_coeffi: 0.0100, loss: 0.0670, lr: 0.00e+00
     Epoch[16] Iteration[40/384], entropy: 0.3399, uncertainty: 3.5020, uncertainty_coeffi: 0.0100, loss: 0.1351, lr: 7.50e-04
     Epoch[16] Iteration[50/384], entropy: 0.3616, uncertainty: 3.5605, uncertainty_coeffi: 0.0100, loss: 0.1260, lr: 7.50e-04
     Epoch[16] Iteration[60/384], entropy: 0.3794, uncertainty: 3.9273, uncertainty_coeffi: 0.0100, loss: 0.1436, lr: 0.00e+00
     Epoch[16] Iteration[70/384], entropy: 0.2782, uncertainty: 3.0730, uncertainty_coeffi: 0.0100, loss: 0.1167, lr: 7.50e-04
     Epoch[16] Iteration[80/384], entropy: 0.4769, uncertainty: 3.1468, uncertainty_coeffi: 0.0100, loss: 0.1734, lr: 7.50e-04
     Epoch[16] Iteration[90/384], entropy: 0.2461, uncertainty: 3.3392, uncertainty_coeffi: 0.0100, loss: 0.0876, lr: 0.00e+00
     Epoch[16] Iteration[100/384], entropy: 0.3854, uncertainty: 4.1574, uncertainty_coeffi: 0.0100, loss: 0.1431, lr: 7.50e-04
     Epoch[16] Iteration[110/384], entropy: 0.1203, uncertainty: 2.7846, uncertainty_coeffi: 0.0100, loss: 0.0656, lr: 7.50e-04
     Epoch[16] Iteration[120/384], entropy: 0.4518, uncertainty: 3.8539, uncertainty_coeffi: 0.0100, loss: 0.1136, lr: 0.00e+00
     Epoch[16] Iteration[130/384], entropy: 0.2527, uncertainty: 3.7013, uncertainty_coeffi: 0.0100, loss: 0.1156, lr: 7.50e-04
     Epoch[16] Iteration[140/384], entropy: 0.4431, uncertainty: 4.1813, uncertainty_coeffi: 0.0100, loss: 0.1786, lr: 7.50e-04
     Epoch[16] Iteration[150/384], entropy: 0.1990, uncertainty: 2.6954, uncertainty_coeffi: 0.0100, loss: 0.0838, lr: 0.00e+00
     Epoch[16] Iteration[160/384], entropy: 0.6029, uncertainty: 3.8798, uncertainty_coeffi: 0.0100, loss: 0.2107, lr: 7.50e-04
     Epoch[16] Iteration[170/384], entropy: 0.3238, uncertainty: 3.2428, uncertainty_coeffi: 0.0100, loss: 0.1208, lr: 7.50e-04
     Epoch[16] Iteration[180/384], entropy: 0.4354, uncertainty: 4.6225, uncertainty_coeffi: 0.0100, loss: 0.1267, lr: 0.00e+00
     Epoch[16] Iteration[190/384], entropy: 0.3752, uncertainty: 3.7312, uncertainty_coeffi: 0.0100, loss: 0.1662, lr: 7.50e-04
     Epoch[16] Iteration[200/384], entropy: 0.2510, uncertainty: 3.5791, uncertainty_coeffi: 0.0100, loss: 0.0905, lr: 7.50e-04
     Epoch[16] Iteration[210/384], entropy: 0.2174, uncertainty: 4.5881, uncertainty_coeffi: 0.0100, loss: 0.1210, lr: 0.00e+00
     Epoch[16] Iteration[220/384], entropy: 0.1997, uncertainty: 3.3246, uncertainty_coeffi: 0.0100, loss: 0.1115, lr: 7.50e-04
     Epoch[16] Iteration[230/384], entropy: 0.1466, uncertainty: 2.8923, uncertainty_coeffi: 0.0100, loss: 0.0777, lr: 7.50e-04
     Epoch[16] Iteration[240/384], entropy: 0.2907, uncertainty: 4.2496, uncertainty_coeffi: 0.0100, loss: 0.1082, lr: 0.00e+00
     Epoch[16] Iteration[250/384], entropy: 0.3393, uncertainty: 3.8226, uncertainty_coeffi: 0.0100, loss: 0.1699, lr: 7.50e-04
     Epoch[16] Iteration[260/384], entropy: 0.2050, uncertainty: 2.9484, uncertainty_coeffi: 0.0100, loss: 0.1297, lr: 7.50e-04
     Epoch[16] Iteration[270/384], entropy: 0.2054, uncertainty: 3.7368, uncertainty_coeffi: 0.0100, loss: 0.0958, lr: 0.00e+00
     Epoch[16] Iteration[280/384], entropy: 0.2630, uncertainty: 2.7862, uncertainty_coeffi: 0.0100, loss: 0.1493, lr: 7.50e-04
     Epoch[16] Iteration[290/384], entropy: 0.2833, uncertainty: 3.5779, uncertainty_coeffi: 0.0100, loss: 0.1273, lr: 7.50e-04
     Epoch[16] Iteration[300/384], entropy: 0.1884, uncertainty: 2.7914, uncertainty_coeffi: 0.0100, loss: 0.0845, lr: 0.00e+00
     Epoch[16] Iteration[310/384], entropy: 0.4710, uncertainty: 4.2099, uncertainty_coeffi: 0.0100, loss: 0.1260, lr: 7.50e-04
     Epoch[16] Iteration[320/384], entropy: 0.3091, uncertainty: 3.7294, uncertainty_coeffi: 0.0100, loss: 0.1073, lr: 7.50e-04
     Epoch[16] Iteration[330/384], entropy: 0.2376, uncertainty: 3.0957, uncertainty_coeffi: 0.0100, loss: 0.1006, lr: 0.00e+00
     Epoch[16] Iteration[340/384], entropy: 0.3530, uncertainty: 3.9390, uncertainty_coeffi: 0.0100, loss: 0.1231, lr: 7.50e-04
     Epoch[16] Iteration[350/384], entropy: 0.2838, uncertainty: 4.1708, uncertainty_coeffi: 0.0100, loss: 0.1074, lr: 7.50e-04
     Epoch[16] Iteration[360/384], entropy: 0.3251, uncertainty: 3.4651, uncertainty_coeffi: 0.0100, loss: 0.1380, lr: 0.00e+00
     Epoch[16] Iteration[370/384], entropy: 0.2938, uncertainty: 4.1482, uncertainty_coeffi: 0.0100, loss: 0.1042, lr: 7.50e-04
     Epoch[16] Iteration[380/384], entropy: 0.2768, uncertainty: 4.1290, uncertainty_coeffi: 0.0100, loss: 0.0879, lr: 7.50e-04
     Averaged stats: entropy_avg: 0.3067, uncertainty_avg: 3.6036, uncertainty_coeffi_avg: 0.0100, loss_avg: 0.1218, lr_avg: 5.13e-04
     itm tta time 0:01:12
     Epoch[17] Iteration[10/384], entropy: 0.1012, uncertainty: 2.9551, uncertainty_coeffi: 0.0100, loss: 0.0593, lr: 1.65e-04
     Epoch[17] Iteration[20/384], entropy: 0.3207, uncertainty: 3.6710, uncertainty_coeffi: 0.0100, loss: 0.1201, lr: 9.89e-04
     Epoch[17] Iteration[30/384], entropy: 0.5193, uncertainty: 4.1503, uncertainty_coeffi: 0.0100, loss: 0.1432, lr: 3.45e-04
     Epoch[17] Iteration[40/384], entropy: 0.3154, uncertainty: 2.9989, uncertainty_coeffi: 0.0100, loss: 0.1264, lr: 1.65e-04
     Epoch[17] Iteration[50/384], entropy: 0.3349, uncertainty: 4.2338, uncertainty_coeffi: 0.0100, loss: 0.1296, lr: 9.89e-04
     Epoch[17] Iteration[60/384], entropy: 0.3343, uncertainty: 3.0681, uncertainty_coeffi: 0.0100, loss: 0.1341, lr: 3.45e-04
     Epoch[17] Iteration[70/384], entropy: 0.1510, uncertainty: 3.1297, uncertainty_coeffi: 0.0100, loss: 0.0926, lr: 1.65e-04
     Epoch[17] Iteration[80/384], entropy: 0.3095, uncertainty: 3.7494, uncertainty_coeffi: 0.0100, loss: 0.1046, lr: 9.89e-04
     Epoch[17] Iteration[90/384], entropy: 0.3334, uncertainty: 3.9655, uncertainty_coeffi: 0.0100, loss: 0.1085, lr: 3.45e-04
     Epoch[17] Iteration[100/384], entropy: 0.3523, uncertainty: 3.6715, uncertainty_coeffi: 0.0100, loss: 0.1218, lr: 1.65e-04
     Epoch[17] Iteration[110/384], entropy: 0.2908, uncertainty: 2.8647, uncertainty_coeffi: 0.0100, loss: 0.1438, lr: 9.89e-04
     Epoch[17] Iteration[120/384], entropy: 0.4624, uncertainty: 3.7544, uncertainty_coeffi: 0.0100, loss: 0.1453, lr: 3.45e-04
     Epoch[17] Iteration[130/384], entropy: 0.5026, uncertainty: 4.3217, uncertainty_coeffi: 0.0100, loss: 0.1629, lr: 1.65e-04
     Epoch[17] Iteration[140/384], entropy: 0.1067, uncertainty: 3.0312, uncertainty_coeffi: 0.0100, loss: 0.0761, lr: 9.89e-04
     Epoch[17] Iteration[150/384], entropy: 0.2436, uncertainty: 3.8326, uncertainty_coeffi: 0.0100, loss: 0.1176, lr: 3.45e-04
     Epoch[17] Iteration[160/384], entropy: 0.3277, uncertainty: 3.2363, uncertainty_coeffi: 0.0100, loss: 0.0991, lr: 1.65e-04
     Epoch[17] Iteration[170/384], entropy: 0.3688, uncertainty: 3.2628, uncertainty_coeffi: 0.0100, loss: 0.1232, lr: 9.89e-04
     Epoch[17] Iteration[180/384], entropy: 0.2365, uncertainty: 3.2337, uncertainty_coeffi: 0.0100, loss: 0.1038, lr: 3.45e-04
     Epoch[17] Iteration[190/384], entropy: 0.3524, uncertainty: 3.9886, uncertainty_coeffi: 0.0100, loss: 0.1148, lr: 1.65e-04
     Epoch[17] Iteration[200/384], entropy: 0.2412, uncertainty: 3.3830, uncertainty_coeffi: 0.0100, loss: 0.0923, lr: 9.89e-04
     Epoch[17] Iteration[210/384], entropy: 0.3924, uncertainty: 4.2095, uncertainty_coeffi: 0.0100, loss: 0.1249, lr: 3.45e-04
     Epoch[17] Iteration[220/384], entropy: 0.3634, uncertainty: 2.7949, uncertainty_coeffi: 0.0100, loss: 0.1564, lr: 1.65e-04
     Epoch[17] Iteration[230/384], entropy: 0.3275, uncertainty: 3.9261, uncertainty_coeffi: 0.0100, loss: 0.0975, lr: 9.89e-04
     Epoch[17] Iteration[240/384], entropy: 0.2251, uncertainty: 4.0103, uncertainty_coeffi: 0.0100, loss: 0.0967, lr: 3.45e-04
     Epoch[17] Iteration[250/384], entropy: 0.2303, uncertainty: 3.9380, uncertainty_coeffi: 0.0100, loss: 0.0932, lr: 1.65e-04
     Epoch[17] Iteration[260/384], entropy: 0.3426, uncertainty: 2.8087, uncertainty_coeffi: 0.0100, loss: 0.1199, lr: 9.89e-04
     Epoch[17] Iteration[270/384], entropy: 0.2466, uncertainty: 3.1549, uncertainty_coeffi: 0.0100, loss: 0.0816, lr: 3.45e-04
     Epoch[17] Iteration[280/384], entropy: 0.2971, uncertainty: 3.8644, uncertainty_coeffi: 0.0100, loss: 0.1153, lr: 1.65e-04
     Epoch[17] Iteration[290/384], entropy: 0.6339, uncertainty: 4.2997, uncertainty_coeffi: 0.0100, loss: 0.1817, lr: 9.89e-04
     Epoch[17] Iteration[300/384], entropy: 0.3523, uncertainty: 3.6248, uncertainty_coeffi: 0.0100, loss: 0.1133, lr: 3.45e-04
     Epoch[17] Iteration[310/384], entropy: 0.4391, uncertainty: 4.4151, uncertainty_coeffi: 0.0100, loss: 0.1415, lr: 1.65e-04
     Epoch[17] Iteration[320/384], entropy: 0.3022, uncertainty: 3.7285, uncertainty_coeffi: 0.0100, loss: 0.1244, lr: 9.89e-04
     Epoch[17] Iteration[330/384], entropy: 0.2352, uncertainty: 3.7934, uncertainty_coeffi: 0.0100, loss: 0.0811, lr: 3.45e-04
     Epoch[17] Iteration[340/384], entropy: 0.4969, uncertainty: 3.8215, uncertainty_coeffi: 0.0100, loss: 0.1490, lr: 1.65e-04
     Epoch[17] Iteration[350/384], entropy: 0.4115, uncertainty: 3.8944, uncertainty_coeffi: 0.0100, loss: 0.1532, lr: 9.89e-04
     Epoch[17] Iteration[360/384], entropy: 0.4357, uncertainty: 4.1644, uncertainty_coeffi: 0.0100, loss: 0.1476, lr: 3.45e-04
     Epoch[17] Iteration[370/384], entropy: 0.5858, uncertainty: 4.0942, uncertainty_coeffi: 0.0100, loss: 0.1631, lr: 1.65e-04
     Epoch[17] Iteration[380/384], entropy: 0.2023, uncertainty: 3.1253, uncertainty_coeffi: 0.0100, loss: 0.0994, lr: 9.89e-04
     Averaged stats: entropy_avg: 0.3349, uncertainty_avg: 3.6361, uncertainty_coeffi_avg: 0.0100, loss_avg: 0.1200, lr_avg: 5.04e-04
     itm tta time 0:01:12
     Epoch[18] Iteration[10/384], entropy: 0.3237, uncertainty: 4.0251, uncertainty_coeffi: 0.0100, loss: 0.1363, lr: 4.32e-05
     Epoch[18] Iteration[20/384], entropy: 0.4228, uncertainty: 3.9383, uncertainty_coeffi: 0.0100, loss: 0.2293, lr: 5.52e-04
     Epoch[18] Iteration[30/384], entropy: 0.2486, uncertainty: 3.5700, uncertainty_coeffi: 0.0100, loss: 0.1139, lr: 9.05e-04
     Epoch[18] Iteration[40/384], entropy: 0.1181, uncertainty: 2.2212, uncertainty_coeffi: 0.0100, loss: 0.0630, lr: 4.32e-05
     Epoch[18] Iteration[50/384], entropy: 0.5091, uncertainty: 4.3329, uncertainty_coeffi: 0.0100, loss: 0.1449, lr: 5.52e-04
     Epoch[18] Iteration[60/384], entropy: 0.1478, uncertainty: 2.8553, uncertainty_coeffi: 0.0100, loss: 0.0972, lr: 9.05e-04
     Epoch[18] Iteration[70/384], entropy: 0.4699, uncertainty: 4.3806, uncertainty_coeffi: 0.0100, loss: 0.1428, lr: 4.32e-05
     Epoch[18] Iteration[80/384], entropy: 0.4264, uncertainty: 3.5001, uncertainty_coeffi: 0.0100, loss: 0.1615, lr: 5.52e-04
     Epoch[18] Iteration[90/384], entropy: 0.5047, uncertainty: 3.7613, uncertainty_coeffi: 0.0100, loss: 0.1728, lr: 9.05e-04
     Epoch[18] Iteration[100/384], entropy: 0.2071, uncertainty: 3.2855, uncertainty_coeffi: 0.0100, loss: 0.1013, lr: 4.32e-05
     Epoch[18] Iteration[110/384], entropy: 0.1873, uncertainty: 3.3326, uncertainty_coeffi: 0.0100, loss: 0.0986, lr: 5.52e-04
     Epoch[18] Iteration[120/384], entropy: 0.3419, uncertainty: 3.6611, uncertainty_coeffi: 0.0100, loss: 0.1232, lr: 9.05e-04
     Epoch[18] Iteration[130/384], entropy: 0.3189, uncertainty: 3.5176, uncertainty_coeffi: 0.0100, loss: 0.1078, lr: 4.32e-05
     Epoch[18] Iteration[140/384], entropy: 0.3741, uncertainty: 3.5695, uncertainty_coeffi: 0.0100, loss: 0.1671, lr: 5.52e-04
     Epoch[18] Iteration[150/384], entropy: 0.3747, uncertainty: 3.9397, uncertainty_coeffi: 0.0100, loss: 0.1635, lr: 9.05e-04
     Epoch[18] Iteration[160/384], entropy: 0.3265, uncertainty: 4.3482, uncertainty_coeffi: 0.0100, loss: 0.1156, lr: 4.32e-05
     Epoch[18] Iteration[170/384], entropy: 0.5127, uncertainty: 3.2414, uncertainty_coeffi: 0.0100, loss: 0.1620, lr: 5.52e-04
     Epoch[18] Iteration[180/384], entropy: 0.1315, uncertainty: 3.0385, uncertainty_coeffi: 0.0100, loss: 0.0799, lr: 9.05e-04
     Epoch[18] Iteration[190/384], entropy: 0.3438, uncertainty: 3.9490, uncertainty_coeffi: 0.0100, loss: 0.1176, lr: 4.32e-05
     Epoch[18] Iteration[200/384], entropy: 0.1869, uncertainty: 2.9653, uncertainty_coeffi: 0.0100, loss: 0.0934, lr: 5.52e-04
     Epoch[18] Iteration[210/384], entropy: 0.4412, uncertainty: 3.2080, uncertainty_coeffi: 0.0100, loss: 0.1627, lr: 9.05e-04
     Epoch[18] Iteration[220/384], entropy: 0.2470, uncertainty: 2.7956, uncertainty_coeffi: 0.0100, loss: 0.1525, lr: 4.32e-05
     Epoch[18] Iteration[230/384], entropy: 0.1446, uncertainty: 2.9720, uncertainty_coeffi: 0.0100, loss: 0.0662, lr: 5.52e-04
     Epoch[18] Iteration[240/384], entropy: 0.3037, uncertainty: 3.8668, uncertainty_coeffi: 0.0100, loss: 0.0929, lr: 9.05e-04
     Epoch[18] Iteration[250/384], entropy: 0.5408, uncertainty: 3.2357, uncertainty_coeffi: 0.0100, loss: 0.1701, lr: 4.32e-05
     Epoch[18] Iteration[260/384], entropy: 0.2465, uncertainty: 2.9829, uncertainty_coeffi: 0.0100, loss: 0.1221, lr: 5.52e-04
     Epoch[18] Iteration[270/384], entropy: 0.3443, uncertainty: 4.2170, uncertainty_coeffi: 0.0100, loss: 0.1292, lr: 9.05e-04
     Epoch[18] Iteration[280/384], entropy: 0.3285, uncertainty: 3.8752, uncertainty_coeffi: 0.0100, loss: 0.1216, lr: 4.32e-05
     Epoch[18] Iteration[290/384], entropy: 0.1629, uncertainty: 3.9188, uncertainty_coeffi: 0.0100, loss: 0.0964, lr: 5.52e-04
     Epoch[18] Iteration[300/384], entropy: 0.1959, uncertainty: 2.8989, uncertainty_coeffi: 0.0100, loss: 0.0896, lr: 9.05e-04
     Epoch[18] Iteration[310/384], entropy: 0.2130, uncertainty: 3.2835, uncertainty_coeffi: 0.0100, loss: 0.0808, lr: 4.32e-05
     Epoch[18] Iteration[320/384], entropy: 0.2520, uncertainty: 2.9213, uncertainty_coeffi: 0.0100, loss: 0.1158, lr: 5.52e-04
     Epoch[18] Iteration[330/384], entropy: 0.2556, uncertainty: 3.4899, uncertainty_coeffi: 0.0100, loss: 0.0891, lr: 9.05e-04
     Epoch[18] Iteration[340/384], entropy: 0.2678, uncertainty: 3.0616, uncertainty_coeffi: 0.0100, loss: 0.1437, lr: 4.32e-05
     Epoch[18] Iteration[350/384], entropy: 0.3354, uncertainty: 3.6408, uncertainty_coeffi: 0.0100, loss: 0.1250, lr: 5.52e-04
     Epoch[18] Iteration[360/384], entropy: 0.2322, uncertainty: 3.0900, uncertainty_coeffi: 0.0100, loss: 0.0937, lr: 9.05e-04
     Epoch[18] Iteration[370/384], entropy: 0.4176, uncertainty: 3.6793, uncertainty_coeffi: 0.0100, loss: 0.1752, lr: 4.32e-05
     Epoch[18] Iteration[380/384], entropy: 0.2851, uncertainty: 3.3288, uncertainty_coeffi: 0.0100, loss: 0.1223, lr: 5.52e-04
     Averaged stats: entropy_avg: 0.3076, uncertainty_avg: 3.4710, uncertainty_coeffi_avg: 0.0100, loss_avg: 0.1248, lr_avg: 4.89e-04
     itm tta time 0:01:16
     Epoch[19] Iteration[10/384], entropy: 0.4370, uncertainty: 3.4284, uncertainty_coeffi: 0.0100, loss: 0.1621, lr: 5.52e-04
     Epoch[19] Iteration[20/384], entropy: 0.3578, uncertainty: 4.7212, uncertainty_coeffi: 0.0100, loss: 0.1244, lr: 4.32e-05
     Epoch[19] Iteration[30/384], entropy: 0.3033, uncertainty: 3.1964, uncertainty_coeffi: 0.0100, loss: 0.1529, lr: 9.05e-04
     Epoch[19] Iteration[40/384], entropy: 0.3649, uncertainty: 3.7411, uncertainty_coeffi: 0.0100, loss: 0.1587, lr: 5.52e-04
     Epoch[19] Iteration[50/384], entropy: 0.2595, uncertainty: 3.3879, uncertainty_coeffi: 0.0100, loss: 0.0895, lr: 4.32e-05
     Epoch[19] Iteration[60/384], entropy: 0.4063, uncertainty: 3.6317, uncertainty_coeffi: 0.0100, loss: 0.1122, lr: 9.05e-04
     Epoch[19] Iteration[70/384], entropy: 0.1283, uncertainty: 3.9276, uncertainty_coeffi: 0.0100, loss: 0.0694, lr: 5.52e-04
     Epoch[19] Iteration[80/384], entropy: 0.3072, uncertainty: 3.4134, uncertainty_coeffi: 0.0100, loss: 0.1124, lr: 4.32e-05
     Epoch[19] Iteration[90/384], entropy: 0.5578, uncertainty: 4.2782, uncertainty_coeffi: 0.0100, loss: 0.1622, lr: 9.05e-04
     Epoch[19] Iteration[100/384], entropy: 0.3223, uncertainty: 3.7975, uncertainty_coeffi: 0.0100, loss: 0.1174, lr: 5.52e-04
     Epoch[19] Iteration[110/384], entropy: 0.2551, uncertainty: 3.4156, uncertainty_coeffi: 0.0100, loss: 0.1212, lr: 4.32e-05
     Epoch[19] Iteration[120/384], entropy: 0.1767, uncertainty: 2.6392, uncertainty_coeffi: 0.0100, loss: 0.1046, lr: 9.05e-04
     Epoch[19] Iteration[130/384], entropy: 0.2493, uncertainty: 3.2151, uncertainty_coeffi: 0.0100, loss: 0.1068, lr: 5.52e-04
     Epoch[19] Iteration[140/384], entropy: 0.1243, uncertainty: 2.6925, uncertainty_coeffi: 0.0100, loss: 0.0783, lr: 4.32e-05
     Epoch[19] Iteration[150/384], entropy: 0.3613, uncertainty: 3.7731, uncertainty_coeffi: 0.0100, loss: 0.1327, lr: 9.05e-04
     Epoch[19] Iteration[160/384], entropy: 0.2514, uncertainty: 2.9139, uncertainty_coeffi: 0.0100, loss: 0.1079, lr: 5.52e-04
     Epoch[19] Iteration[170/384], entropy: 0.1663, uncertainty: 3.6449, uncertainty_coeffi: 0.0100, loss: 0.0912, lr: 4.32e-05
     Epoch[19] Iteration[180/384], entropy: 0.5244, uncertainty: 4.3622, uncertainty_coeffi: 0.0100, loss: 0.1646, lr: 9.05e-04
     Epoch[19] Iteration[190/384], entropy: 0.3239, uncertainty: 3.5025, uncertainty_coeffi: 0.0100, loss: 0.1076, lr: 5.52e-04
     Epoch[19] Iteration[200/384], entropy: 0.3473, uncertainty: 3.5849, uncertainty_coeffi: 0.0100, loss: 0.1422, lr: 4.32e-05
     Epoch[19] Iteration[210/384], entropy: 0.3511, uncertainty: 4.2405, uncertainty_coeffi: 0.0100, loss: 0.1183, lr: 9.05e-04
     Epoch[19] Iteration[220/384], entropy: 0.2585, uncertainty: 2.5834, uncertainty_coeffi: 0.0100, loss: 0.1179, lr: 5.52e-04
     Epoch[19] Iteration[230/384], entropy: 0.3420, uncertainty: 4.4832, uncertainty_coeffi: 0.0100, loss: 0.1173, lr: 4.32e-05
     Epoch[19] Iteration[240/384], entropy: 0.3825, uncertainty: 4.2783, uncertainty_coeffi: 0.0100, loss: 0.1221, lr: 9.05e-04
     Epoch[19] Iteration[250/384], entropy: 0.2409, uncertainty: 3.3338, uncertainty_coeffi: 0.0100, loss: 0.1043, lr: 5.52e-04
     Epoch[19] Iteration[260/384], entropy: 0.3986, uncertainty: 3.4462, uncertainty_coeffi: 0.0100, loss: 0.1567, lr: 4.32e-05
     Epoch[19] Iteration[270/384], entropy: 0.4621, uncertainty: 3.2558, uncertainty_coeffi: 0.0100, loss: 0.1808, lr: 9.05e-04
     Epoch[19] Iteration[280/384], entropy: 0.4609, uncertainty: 4.3538, uncertainty_coeffi: 0.0100, loss: 0.1447, lr: 5.52e-04
     Epoch[19] Iteration[290/384], entropy: 0.3197, uncertainty: 2.8891, uncertainty_coeffi: 0.0100, loss: 0.1289, lr: 4.32e-05
     Epoch[19] Iteration[300/384], entropy: 0.2964, uncertainty: 3.8722, uncertainty_coeffi: 0.0100, loss: 0.1109, lr: 9.05e-04
     Epoch[19] Iteration[310/384], entropy: 0.3200, uncertainty: 4.5832, uncertainty_coeffi: 0.0100, loss: 0.1016, lr: 5.52e-04
     Epoch[19] Iteration[320/384], entropy: 0.3945, uncertainty: 4.1718, uncertainty_coeffi: 0.0100, loss: 0.1227, lr: 4.32e-05
     Epoch[19] Iteration[330/384], entropy: 0.1069, uncertainty: 2.7884, uncertainty_coeffi: 0.0100, loss: 0.0821, lr: 9.05e-04
     Epoch[19] Iteration[340/384], entropy: 0.2071, uncertainty: 2.6140, uncertainty_coeffi: 0.0100, loss: 0.1290, lr: 5.52e-04
     Epoch[19] Iteration[350/384], entropy: 0.3668, uncertainty: 4.0048, uncertainty_coeffi: 0.0100, loss: 0.1328, lr: 4.32e-05
     Epoch[19] Iteration[360/384], entropy: 0.2324, uncertainty: 3.3438, uncertainty_coeffi: 0.0100, loss: 0.0965, lr: 9.05e-04
     Epoch[19] Iteration[370/384], entropy: 0.2843, uncertainty: 3.8628, uncertainty_coeffi: 0.0100, loss: 0.1080, lr: 5.52e-04
     Epoch[19] Iteration[380/384], entropy: 0.2603, uncertainty: 4.9670, uncertainty_coeffi: 0.0100, loss: 0.1175, lr: 4.32e-05
     Averaged stats: entropy_avg: 0.3134, uncertainty_avg: 3.6405, uncertainty_coeffi_avg: 0.0100, loss_avg: 0.1213, lr_avg: 4.89e-04
     itm tta time 0:01:13
### TTA Eval Score: 
+-------+--------+--------+--------+--------+--------+
| epoch |   R1   |   R5   |  R10   |  mAP   |  mINP  |
+-------+--------+--------+--------+--------+--------+
|  -999 | 70.647 | 86.940 | 91.797 | 63.400 | 47.058 |
|   0   | 70.679 | 86.728 | 91.797 | 63.456 | 47.221 |
|   1   | 70.500 | 86.598 | 91.699 | 63.441 | 47.182 |
|   2   | 70.614 | 86.566 | 91.797 | 63.482 | 47.210 |
|   4   | 70.484 | 86.680 | 91.699 | 63.337 | 47.058 |
|   9   | 70.663 | 86.631 | 91.732 | 63.336 | 46.968 |
|   14  | 70.403 | 86.696 | 91.715 | 63.238 | 46.862 |
|   19  | 70.565 | 86.858 | 91.797 | 63.235 | 46.805 |
+-------+--------+--------+--------+--------+--------+
     logs:  {'epo': 19, 'R1': np.float32(70.565), 'R5': np.float32(86.858), 'R10': np.float32(91.797), 'mAP': np.float32(63.235), 'mINP': np.float32(46.805), 'entropy': 0.31340679251833964, 'uncertainty': 3.6405182951375057, 'uncertainty_coeffi': 0.009999999776482582, 'loss': 0.12132596616682254, 'lr': 0.0004893550395477152}
### best epoch 0 : {'epo': '0', 'R1': '70.679', 'R5': '86.728', 'R10': '91.797', 'mAP': '63.456', 'mINP': '47.221', 'entropy': '0.3858823921335371', 'uncertainty': '3.628816711275201', 'uncertainty_coeffi': '0.009999999776482582', 'loss': '0.14822654455508055', 'lr': '0.0004959339869161195'}
### Time 0:25:13
