/home/jiahao/miniconda3/envs/irra/lib/python3.9/site-packages/torch/nn/functional.py:3609: UserWarning: Default upsampling behavior when mode=bilinear is changed to align_corners=False since 0.4.0. Please specify align_corners=True if the old behavior is desired. See the documentation of nn.Upsample for details.
  warnings.warn(
Not using distributed mode
### Hyper-parameters:
     output_dir: output_rerun2/ham_cuhk_tta/exp2/exp2.1.4/2025091418451
     seed: 42
     device: cuda
     batch_size_tta: 16
     epochs: 20
     lr: 0.001
### Creating test dataset
     test_txt_set: 6156    test_img_set: 3074
     test_txt_loader: 13    test_img_loader: 7
### Creating model
Training Model with ['sdm', 'id', 'mlm'] tasks
Resized position embedding from size:torch.Size([1, 197, 768]) to size: torch.Size([1, 193, 768]) with height:24 width: 8
     Total Params Sum:  194535419
### Zero-Shot Score: 
+-------+--------+--------+--------+--------+--------+
| epoch |   R1   |   R5   |  R10   |  mAP   |  mINP  |
+-------+--------+--------+--------+--------+--------+
|  -999 | 70.598 | 86.891 | 91.780 | 63.391 | 47.063 |
+-------+--------+--------+--------+--------+--------+
### TTA:
### Compute Cos Similarity Uncertainty
     preprocess_tta_coefficients  start
     sample selection ...
     number of sample after sample_selection: 6156
     uncertainty ...
     pos/neg sampling ...
      number of sample after pos/neg sampling: torch.Size([6156, 8])
     preprocess_tta_coefficients  end
### Creating TTA dataset
     tta_dataset: 6156
### Creating tta dataloader
### be careful: func create_loader returns a list length of 1
     tta_loader: 384
### Configure adapted weights
     TTA Dropout Modules: 
 []
     TTA Require Gradient Params: 
 [('base_model.transformer.resblocks.1.ln_1.weight', torch.Size([512])), ('base_model.transformer.resblocks.1.ln_1.bias', torch.Size([512])), ('base_model.transformer.resblocks.1.ln_2.weight', torch.Size([512])), ('base_model.transformer.resblocks.1.ln_2.bias', torch.Size([512])), ('base_model.transformer.resblocks.2.ln_1.weight', torch.Size([512])), ('base_model.transformer.resblocks.2.ln_1.bias', torch.Size([512])), ('base_model.transformer.resblocks.2.ln_2.weight', torch.Size([512])), ('base_model.transformer.resblocks.2.ln_2.bias', torch.Size([512])), ('base_model.transformer.resblocks.3.ln_1.weight', torch.Size([512])), ('base_model.transformer.resblocks.3.ln_1.bias', torch.Size([512])), ('base_model.transformer.resblocks.3.ln_2.weight', torch.Size([512])), ('base_model.transformer.resblocks.3.ln_2.bias', torch.Size([512])), ('base_model.transformer.resblocks.4.ln_1.weight', torch.Size([512])), ('base_model.transformer.resblocks.4.ln_1.bias', torch.Size([512])), ('base_model.transformer.resblocks.4.ln_2.weight', torch.Size([512])), ('base_model.transformer.resblocks.4.ln_2.bias', torch.Size([512])), ('base_model.transformer.resblocks.5.ln_1.weight', torch.Size([512])), ('base_model.transformer.resblocks.5.ln_1.bias', torch.Size([512])), ('base_model.transformer.resblocks.5.ln_2.weight', torch.Size([512])), ('base_model.transformer.resblocks.5.ln_2.bias', torch.Size([512])), ('base_model.transformer.resblocks.7.ln_1.weight', torch.Size([512])), ('base_model.transformer.resblocks.7.ln_1.bias', torch.Size([512])), ('base_model.transformer.resblocks.7.ln_2.weight', torch.Size([512])), ('base_model.transformer.resblocks.7.ln_2.bias', torch.Size([512])), ('base_model.transformer.resblocks.8.ln_1.weight', torch.Size([512])), ('base_model.transformer.resblocks.8.ln_1.bias', torch.Size([512])), ('base_model.transformer.resblocks.8.ln_2.weight', torch.Size([512])), ('base_model.transformer.resblocks.8.ln_2.bias', torch.Size([512])), ('base_model.transformer.resblocks.9.ln_1.weight', torch.Size([512])), ('base_model.transformer.resblocks.9.ln_1.bias', torch.Size([512])), ('base_model.transformer.resblocks.9.ln_2.weight', torch.Size([512])), ('base_model.transformer.resblocks.9.ln_2.bias', torch.Size([512])), ('base_model.transformer.resblocks.10.ln_1.weight', torch.Size([512])), ('base_model.transformer.resblocks.10.ln_1.bias', torch.Size([512])), ('base_model.transformer.resblocks.10.ln_2.weight', torch.Size([512])), ('base_model.transformer.resblocks.10.ln_2.bias', torch.Size([512])), ('base_model.transformer.resblocks.11.ln_1.weight', torch.Size([512])), ('base_model.transformer.resblocks.11.ln_1.bias', torch.Size([512])), ('base_model.transformer.resblocks.11.ln_2.weight', torch.Size([512])), ('base_model.transformer.resblocks.11.ln_2.bias', torch.Size([512])), ('base_model.ln_final.weight', torch.Size([512])), ('base_model.ln_final.bias', torch.Size([512]))]
     TTA Dropout Modules Number: 
 0
     TTA Require Gradient Params Sum: 
 21504
Using 5.0 times learning rate for random init module 
### Start Test Time Adaptation : num_epoch = 20
     Epoch[0] Iteration[10/384], entropy: 0.4212, uncertainty: 1.6264, uncertainty_coeffi: 0.0010, loss: 0.2238, lr: 1.00e-03
     Epoch[0] Iteration[20/384], entropy: 0.3329, uncertainty: 1.5051, uncertainty_coeffi: 0.0010, loss: 0.2344, lr: 2.50e-04
     Epoch[0] Iteration[30/384], entropy: 0.3778, uncertainty: 1.3224, uncertainty_coeffi: 0.0010, loss: 0.1886, lr: 1.65e-04
     Epoch[0] Iteration[40/384], entropy: 0.3152, uncertainty: 1.8920, uncertainty_coeffi: 0.0010, loss: 0.1443, lr: 9.89e-04
     Epoch[0] Iteration[50/384], entropy: 0.4930, uncertainty: 1.8651, uncertainty_coeffi: 0.0010, loss: 0.3011, lr: 3.45e-04
     Epoch[0] Iteration[60/384], entropy: 0.2426, uncertainty: 1.6378, uncertainty_coeffi: 0.0010, loss: 0.2028, lr: 1.65e-04
     Epoch[0] Iteration[70/384], entropy: 0.3317, uncertainty: 1.7776, uncertainty_coeffi: 0.0010, loss: 0.2620, lr: 9.89e-04
     Epoch[0] Iteration[80/384], entropy: 0.6126, uncertainty: 1.8096, uncertainty_coeffi: 0.0010, loss: 0.4034, lr: 4.48e-04
     Epoch[0] Iteration[90/384], entropy: 0.4368, uncertainty: 2.0422, uncertainty_coeffi: 0.0010, loss: 6.0282, lr: 4.32e-05
     Epoch[0] Iteration[100/384], entropy: 0.4822, uncertainty: 1.6515, uncertainty_coeffi: 0.0010, loss: 0.4668, lr: 9.05e-04
     Epoch[0] Iteration[110/384], entropy: 0.2481, uncertainty: 1.4849, uncertainty_coeffi: 0.0010, loss: 0.1679, lr: 5.52e-04
     Epoch[0] Iteration[120/384], entropy: 0.3284, uncertainty: 1.4116, uncertainty_coeffi: 0.0010, loss: 0.2335, lr: 4.32e-05
     Epoch[0] Iteration[130/384], entropy: 0.5965, uncertainty: 2.1530, uncertainty_coeffi: 0.0010, loss: 0.4442, lr: 9.05e-04
     Epoch[0] Iteration[140/384], entropy: 0.3037, uncertainty: 1.2283, uncertainty_coeffi: 0.0010, loss: 0.4463, lr: 5.52e-04
     Epoch[0] Iteration[150/384], entropy: 0.3486, uncertainty: 1.6184, uncertainty_coeffi: 0.0010, loss: 0.3626, lr: 4.32e-05
     Epoch[0] Iteration[160/384], entropy: 0.3674, uncertainty: 1.5985, uncertainty_coeffi: 0.0010, loss: 0.3700, lr: 9.05e-04
     Epoch[0] Iteration[170/384], entropy: 0.4028, uncertainty: 1.7963, uncertainty_coeffi: 0.0010, loss: 0.2748, lr: 5.52e-04
     Epoch[0] Iteration[180/384], entropy: 0.4072, uncertainty: 1.5623, uncertainty_coeffi: 0.0010, loss: 0.1779, lr: 4.32e-05
     Epoch[0] Iteration[190/384], entropy: 0.5738, uncertainty: 1.9377, uncertainty_coeffi: 0.0010, loss: 0.4900, lr: 9.05e-04
     Epoch[0] Iteration[200/384], entropy: 0.3672, uncertainty: 1.9202, uncertainty_coeffi: 0.0010, loss: 0.1923, lr: 5.52e-04
     Epoch[0] Iteration[210/384], entropy: 0.3369, uncertainty: 1.9556, uncertainty_coeffi: 0.0010, loss: 0.1539, lr: 4.32e-05
     Epoch[0] Iteration[220/384], entropy: 0.2637, uncertainty: 1.9465, uncertainty_coeffi: 0.0010, loss: 0.1404, lr: 9.05e-04
     Epoch[0] Iteration[230/384], entropy: 0.2884, uncertainty: 2.0207, uncertainty_coeffi: 0.0010, loss: 0.1741, lr: 5.52e-04
     Epoch[0] Iteration[240/384], entropy: 0.3043, uncertainty: 2.0352, uncertainty_coeffi: 0.0010, loss: 0.3994, lr: 1.09e-05
     Epoch[0] Iteration[250/384], entropy: 0.4117, uncertainty: 1.7164, uncertainty_coeffi: 0.0010, loss: 0.2226, lr: 8.35e-04
     Epoch[0] Iteration[260/384], entropy: 0.4101, uncertainty: 1.8759, uncertainty_coeffi: 0.0010, loss: 0.5784, lr: 6.55e-04
     Epoch[0] Iteration[270/384], entropy: 0.3384, uncertainty: 2.1263, uncertainty_coeffi: 0.0010, loss: 0.1809, lr: 1.09e-05
     Epoch[0] Iteration[280/384], entropy: 0.5201, uncertainty: 1.5623, uncertainty_coeffi: 0.0010, loss: 0.4493, lr: 8.35e-04
     Epoch[0] Iteration[290/384], entropy: 0.6702, uncertainty: 1.8097, uncertainty_coeffi: 0.0010, loss: 0.4539, lr: 6.55e-04
     Epoch[0] Iteration[300/384], entropy: 0.0796, uncertainty: 1.2742, uncertainty_coeffi: 0.0010, loss: 0.2525, lr: 1.09e-05
     Epoch[0] Iteration[310/384], entropy: 0.4844, uncertainty: 1.7780, uncertainty_coeffi: 0.0010, loss: 0.4597, lr: 8.35e-04
     Epoch[0] Iteration[320/384], entropy: 0.4276, uncertainty: 2.0825, uncertainty_coeffi: 0.0010, loss: 0.4534, lr: 6.55e-04
     Epoch[0] Iteration[330/384], entropy: 0.3748, uncertainty: 1.2209, uncertainty_coeffi: 0.0010, loss: 0.4509, lr: 1.09e-05
     Epoch[0] Iteration[340/384], entropy: 0.4098, uncertainty: 1.8834, uncertainty_coeffi: 0.0010, loss: 0.1774, lr: 7.50e-04
     Epoch[0] Iteration[350/384], entropy: 0.2926, uncertainty: 1.3872, uncertainty_coeffi: 0.0010, loss: 0.2623, lr: 7.50e-04
     Epoch[0] Iteration[360/384], entropy: 0.3887, uncertainty: 1.5823, uncertainty_coeffi: 0.0010, loss: 0.5751, lr: 0.00e+00
     Epoch[0] Iteration[370/384], entropy: 0.5399, uncertainty: 1.7795, uncertainty_coeffi: 0.0010, loss: 0.5473, lr: 7.50e-04
     Epoch[0] Iteration[380/384], entropy: 0.7698, uncertainty: 1.8104, uncertainty_coeffi: 0.0010, loss: 0.4288, lr: 7.50e-04
     Averaged stats: entropy_avg: 0.4026, uncertainty_avg: 1.7286, uncertainty_coeffi_avg: 0.0010, loss_avg: 0.4730, lr_avg: 5.10e-04
     itm tta time 0:01:08
### TTA Eval Score: 
+-------+--------+--------+--------+--------+--------+
| epoch |   R1   |   R5   |  R10   |  mAP   |  mINP  |
+-------+--------+--------+--------+--------+--------+
|  -999 | 70.598 | 86.891 | 91.780 | 63.391 | 47.063 |
|   0   | 70.078 | 86.436 | 91.261 | 62.978 | 46.840 |
+-------+--------+--------+--------+--------+--------+
     logs:  {'epo': 0, 'R1': 70.078, 'R5': 86.436, 'R10': 91.261, 'mAP': 62.978, 'mINP': 46.84, 'entropy': 0.4026443754371844, 'uncertainty': 1.7286313050671627, 'uncertainty_coeffi': 0.0010000000474974513, 'loss': 0.47302433103322983, 'lr': 0.0005095571175049148}
     Epoch[1] Iteration[10/384], entropy: 0.3205, uncertainty: 1.7204, uncertainty_coeffi: 0.0010, loss: 0.2368, lr: 1.65e-04
     Epoch[1] Iteration[20/384], entropy: 0.2624, uncertainty: 1.0822, uncertainty_coeffi: 0.0010, loss: 1.2095, lr: 9.89e-04
     Epoch[1] Iteration[30/384], entropy: 0.3870, uncertainty: 1.1583, uncertainty_coeffi: 0.0010, loss: 0.5629, lr: 3.45e-04
     Epoch[1] Iteration[40/384], entropy: 0.2990, uncertainty: 1.7110, uncertainty_coeffi: 0.0010, loss: 5.4612, lr: 1.65e-04
     Epoch[1] Iteration[50/384], entropy: 0.3396, uncertainty: 1.5862, uncertainty_coeffi: 0.0010, loss: 0.4135, lr: 9.89e-04
     Epoch[1] Iteration[60/384], entropy: 0.2438, uncertainty: 1.7458, uncertainty_coeffi: 0.0010, loss: 0.1772, lr: 3.45e-04
     Epoch[1] Iteration[70/384], entropy: 0.1586, uncertainty: 1.4694, uncertainty_coeffi: 0.0010, loss: 0.1036, lr: 1.65e-04
     Epoch[1] Iteration[80/384], entropy: 0.4747, uncertainty: 1.3173, uncertainty_coeffi: 0.0010, loss: 0.8357, lr: 9.89e-04
     Epoch[1] Iteration[90/384], entropy: 0.1765, uncertainty: 1.2263, uncertainty_coeffi: 0.0010, loss: 0.2577, lr: 3.45e-04
     Epoch[1] Iteration[100/384], entropy: 0.4535, uncertainty: 1.7110, uncertainty_coeffi: 0.0010, loss: 0.4913, lr: 1.65e-04
     Epoch[1] Iteration[110/384], entropy: 0.4871, uncertainty: 1.5370, uncertainty_coeffi: 0.0010, loss: 0.4694, lr: 9.89e-04
     Epoch[1] Iteration[120/384], entropy: 0.3009, uncertainty: 1.5039, uncertainty_coeffi: 0.0010, loss: 0.5763, lr: 3.45e-04
     Epoch[1] Iteration[130/384], entropy: 0.4320, uncertainty: 1.9373, uncertainty_coeffi: 0.0010, loss: 0.2530, lr: 1.65e-04
     Epoch[1] Iteration[140/384], entropy: 0.3816, uncertainty: 1.6968, uncertainty_coeffi: 0.0010, loss: 0.2129, lr: 9.89e-04
     Epoch[1] Iteration[150/384], entropy: 0.1956, uncertainty: 1.5605, uncertainty_coeffi: 0.0010, loss: 0.1327, lr: 3.45e-04
     Epoch[1] Iteration[160/384], entropy: 0.5181, uncertainty: 1.8188, uncertainty_coeffi: 0.0010, loss: 0.4187, lr: 1.65e-04
     Epoch[1] Iteration[170/384], entropy: 0.3712, uncertainty: 1.5138, uncertainty_coeffi: 0.0010, loss: 0.2562, lr: 9.89e-04
     Epoch[1] Iteration[180/384], entropy: 0.2462, uncertainty: 2.0086, uncertainty_coeffi: 0.0010, loss: 0.2338, lr: 3.45e-04
     Epoch[1] Iteration[190/384], entropy: 0.3253, uncertainty: 1.8503, uncertainty_coeffi: 0.0010, loss: 0.1655, lr: 1.65e-04
     Epoch[1] Iteration[200/384], entropy: 0.2138, uncertainty: 1.5718, uncertainty_coeffi: 0.0010, loss: 0.6812, lr: 9.89e-04
     Epoch[1] Iteration[210/384], entropy: 0.3039, uncertainty: 1.4524, uncertainty_coeffi: 0.0010, loss: 0.4351, lr: 3.45e-04
     Epoch[1] Iteration[220/384], entropy: 0.3980, uncertainty: 1.9405, uncertainty_coeffi: 0.0010, loss: 0.2906, lr: 1.65e-04
     Epoch[1] Iteration[230/384], entropy: 0.4401, uncertainty: 1.3178, uncertainty_coeffi: 0.0010, loss: 0.3433, lr: 9.89e-04
     Epoch[1] Iteration[240/384], entropy: 0.3917, uncertainty: 1.4142, uncertainty_coeffi: 0.0010, loss: 0.2581, lr: 3.45e-04
     Epoch[1] Iteration[250/384], entropy: 0.3431, uncertainty: 1.6053, uncertainty_coeffi: 0.0010, loss: 0.2077, lr: 1.65e-04
     Epoch[1] Iteration[260/384], entropy: 0.4502, uncertainty: 1.0963, uncertainty_coeffi: 0.0010, loss: 2.5107, lr: 9.89e-04
     Epoch[1] Iteration[270/384], entropy: 0.2352, uncertainty: 1.4539, uncertainty_coeffi: 0.0010, loss: 0.1209, lr: 3.45e-04
     Epoch[1] Iteration[280/384], entropy: 0.3457, uncertainty: 2.2547, uncertainty_coeffi: 0.0010, loss: 0.1246, lr: 1.65e-04
     Epoch[1] Iteration[290/384], entropy: 0.2695, uncertainty: 1.5667, uncertainty_coeffi: 0.0010, loss: 0.1533, lr: 9.89e-04
     Epoch[1] Iteration[300/384], entropy: 0.3724, uncertainty: 1.8476, uncertainty_coeffi: 0.0010, loss: 0.1547, lr: 3.45e-04
     Epoch[1] Iteration[310/384], entropy: 0.4484, uncertainty: 2.7679, uncertainty_coeffi: 0.0010, loss: 0.1621, lr: 1.65e-04
     Epoch[1] Iteration[320/384], entropy: 0.4168, uncertainty: 1.8105, uncertainty_coeffi: 0.0010, loss: 0.1811, lr: 9.89e-04
     Epoch[1] Iteration[330/384], entropy: 0.4631, uncertainty: 1.5542, uncertainty_coeffi: 0.0010, loss: 0.5582, lr: 3.45e-04
     Epoch[1] Iteration[340/384], entropy: 0.2974, uncertainty: 1.3879, uncertainty_coeffi: 0.0010, loss: 0.2181, lr: 1.65e-04
     Epoch[1] Iteration[350/384], entropy: 0.4228, uncertainty: 1.7589, uncertainty_coeffi: 0.0010, loss: 1.3487, lr: 9.89e-04
     Epoch[1] Iteration[360/384], entropy: 0.2978, uncertainty: 1.9908, uncertainty_coeffi: 0.0010, loss: 0.3824, lr: 3.45e-04
     Epoch[1] Iteration[370/384], entropy: 0.5077, uncertainty: 1.6940, uncertainty_coeffi: 0.0010, loss: 0.6571, lr: 1.65e-04
     Epoch[1] Iteration[380/384], entropy: 0.4153, uncertainty: 1.4398, uncertainty_coeffi: 0.0010, loss: 0.4214, lr: 9.89e-04
     Averaged stats: entropy_avg: 0.3528, uncertainty_avg: 1.6337, uncertainty_coeffi_avg: 0.0010, loss_avg: 0.5705, lr_avg: 5.04e-04
     itm tta time 0:01:08
### TTA Eval Score: 
+-------+--------+--------+--------+--------+--------+
| epoch |   R1   |   R5   |  R10   |  mAP   |  mINP  |
+-------+--------+--------+--------+--------+--------+
|  -999 | 70.598 | 86.891 | 91.780 | 63.391 | 47.063 |
|   0   | 70.078 | 86.436 | 91.261 | 62.978 | 46.840 |
|   1   | 69.331 | 85.851 | 90.838 | 62.436 | 46.265 |
+-------+--------+--------+--------+--------+--------+
     logs:  {'epo': 1, 'R1': 69.331, 'R5': 85.851, 'R10': 90.838, 'mAP': 62.436, 'mINP': 46.265, 'entropy': 0.3527969619945476, 'uncertainty': 1.6336833395456012, 'uncertainty_coeffi': 0.0010000000474974513, 'loss': 0.5704569163683214, 'lr': 0.0005040660130838792}
     Epoch[2] Iteration[10/384], entropy: 0.3680, uncertainty: 1.7039, uncertainty_coeffi: 0.0010, loss: 0.2939, lr: 4.32e-05
     Epoch[2] Iteration[20/384], entropy: 0.5371, uncertainty: 2.0741, uncertainty_coeffi: 0.0010, loss: 0.2859, lr: 5.52e-04
     Epoch[2] Iteration[30/384], entropy: 0.6736, uncertainty: 1.4781, uncertainty_coeffi: 0.0010, loss: 0.4082, lr: 9.05e-04
     Epoch[2] Iteration[40/384], entropy: 0.2414, uncertainty: 1.3875, uncertainty_coeffi: 0.0010, loss: 0.2605, lr: 4.32e-05
     Epoch[2] Iteration[50/384], entropy: 0.1526, uncertainty: 1.7331, uncertainty_coeffi: 0.0010, loss: 0.1384, lr: 5.52e-04
     Epoch[2] Iteration[60/384], entropy: 0.2628, uncertainty: 1.7934, uncertainty_coeffi: 0.0010, loss: 0.1787, lr: 9.05e-04
     Epoch[2] Iteration[70/384], entropy: 0.3674, uncertainty: 2.0094, uncertainty_coeffi: 0.0010, loss: 0.6070, lr: 4.32e-05
     Epoch[2] Iteration[80/384], entropy: 0.3606, uncertainty: 1.3347, uncertainty_coeffi: 0.0010, loss: 0.2442, lr: 5.52e-04
     Epoch[2] Iteration[90/384], entropy: 0.4382, uncertainty: 1.5770, uncertainty_coeffi: 0.0010, loss: 0.3336, lr: 9.05e-04
     Epoch[2] Iteration[100/384], entropy: 0.7746, uncertainty: 2.0116, uncertainty_coeffi: 0.0010, loss: 0.4311, lr: 4.32e-05
     Epoch[2] Iteration[110/384], entropy: 0.3712, uncertainty: 2.0622, uncertainty_coeffi: 0.0010, loss: 0.1809, lr: 5.52e-04
     Epoch[2] Iteration[120/384], entropy: 0.5274, uncertainty: 2.0826, uncertainty_coeffi: 0.0010, loss: 0.2683, lr: 9.05e-04
     Epoch[2] Iteration[130/384], entropy: 0.2305, uncertainty: 1.5131, uncertainty_coeffi: 0.0010, loss: 0.5942, lr: 4.32e-05
     Epoch[2] Iteration[140/384], entropy: 0.3592, uncertainty: 1.8876, uncertainty_coeffi: 0.0010, loss: 0.4093, lr: 5.52e-04
     Epoch[2] Iteration[150/384], entropy: 0.4556, uncertainty: 1.3690, uncertainty_coeffi: 0.0010, loss: 0.5205, lr: 9.05e-04
     Epoch[2] Iteration[160/384], entropy: 0.6553, uncertainty: 1.9382, uncertainty_coeffi: 0.0010, loss: 0.2978, lr: 4.32e-05
     Epoch[2] Iteration[170/384], entropy: 0.3913, uncertainty: 1.4159, uncertainty_coeffi: 0.0010, loss: 0.2782, lr: 5.52e-04
     Epoch[2] Iteration[180/384], entropy: 0.5515, uncertainty: 2.0936, uncertainty_coeffi: 0.0010, loss: 0.2463, lr: 9.05e-04
     Epoch[2] Iteration[190/384], entropy: 0.1951, uncertainty: 1.8598, uncertainty_coeffi: 0.0010, loss: 0.1629, lr: 4.32e-05
     Epoch[2] Iteration[200/384], entropy: 0.6448, uncertainty: 1.5604, uncertainty_coeffi: 0.0010, loss: 0.4285, lr: 5.52e-04
     Epoch[2] Iteration[210/384], entropy: 0.4408, uncertainty: 1.1357, uncertainty_coeffi: 0.0010, loss: 0.6346, lr: 9.05e-04
     Epoch[2] Iteration[220/384], entropy: 0.2724, uncertainty: 1.5734, uncertainty_coeffi: 0.0010, loss: 0.2660, lr: 4.32e-05
     Epoch[2] Iteration[230/384], entropy: 0.5238, uncertainty: 2.0070, uncertainty_coeffi: 0.0010, loss: 0.3492, lr: 5.52e-04
     Epoch[2] Iteration[240/384], entropy: 0.2758, uncertainty: 1.2955, uncertainty_coeffi: 0.0010, loss: 0.3091, lr: 9.05e-04
     Epoch[2] Iteration[250/384], entropy: 0.3205, uncertainty: 2.1903, uncertainty_coeffi: 0.0010, loss: 0.1663, lr: 4.32e-05
     Epoch[2] Iteration[260/384], entropy: 0.2367, uncertainty: 1.4730, uncertainty_coeffi: 0.0010, loss: 0.1156, lr: 5.52e-04
     Epoch[2] Iteration[270/384], entropy: 0.3021, uncertainty: 1.8492, uncertainty_coeffi: 0.0010, loss: 0.1682, lr: 9.05e-04
     Epoch[2] Iteration[280/384], entropy: 0.4154, uncertainty: 1.6841, uncertainty_coeffi: 0.0010, loss: 0.2638, lr: 4.32e-05
     Epoch[2] Iteration[290/384], entropy: 0.6060, uncertainty: 1.6418, uncertainty_coeffi: 0.0010, loss: 0.5208, lr: 5.52e-04
     Epoch[2] Iteration[300/384], entropy: 0.4047, uncertainty: 1.7883, uncertainty_coeffi: 0.0010, loss: 0.2568, lr: 9.05e-04
     Epoch[2] Iteration[310/384], entropy: 0.1622, uncertainty: 1.3394, uncertainty_coeffi: 0.0010, loss: 0.6904, lr: 4.32e-05
     Epoch[2] Iteration[320/384], entropy: 0.3462, uncertainty: 1.1011, uncertainty_coeffi: 0.0010, loss: 0.4235, lr: 5.52e-04
     Epoch[2] Iteration[330/384], entropy: 0.2682, uncertainty: 1.6630, uncertainty_coeffi: 0.0010, loss: 0.1463, lr: 9.05e-04
     Epoch[2] Iteration[340/384], entropy: 0.1891, uncertainty: 1.5656, uncertainty_coeffi: 0.0010, loss: 0.1039, lr: 4.32e-05
     Epoch[2] Iteration[350/384], entropy: 0.4228, uncertainty: 1.6943, uncertainty_coeffi: 0.0010, loss: 0.3549, lr: 5.52e-04
     Epoch[2] Iteration[360/384], entropy: 0.5243, uncertainty: 2.2953, uncertainty_coeffi: 0.0010, loss: 0.2159, lr: 9.05e-04
     Epoch[2] Iteration[370/384], entropy: 0.2260, uncertainty: 1.5842, uncertainty_coeffi: 0.0010, loss: 0.1487, lr: 4.32e-05
     Epoch[2] Iteration[380/384], entropy: 0.3658, uncertainty: 2.0136, uncertainty_coeffi: 0.0010, loss: 0.1810, lr: 5.52e-04
     Averaged stats: entropy_avg: 0.3911, uncertainty_avg: 1.7047, uncertainty_coeffi_avg: 0.0010, loss_avg: 0.3127, lr_avg: 4.89e-04
     itm tta time 0:01:09
### TTA Eval Score: 
+-------+--------+--------+--------+--------+--------+
| epoch |   R1   |   R5   |  R10   |  mAP   |  mINP  |
+-------+--------+--------+--------+--------+--------+
|  -999 | 70.598 | 86.891 | 91.780 | 63.391 | 47.063 |
|   0   | 70.078 | 86.436 | 91.261 | 62.978 | 46.840 |
|   1   | 69.331 | 85.851 | 90.838 | 62.436 | 46.265 |
|   2   | 69.786 | 86.355 | 91.228 | 62.750 | 46.549 |
+-------+--------+--------+--------+--------+--------+
     logs:  {'epo': 2, 'R1': 69.786, 'R5': 86.355, 'R10': 91.228, 'mAP': 62.75, 'mINP': 46.549, 'entropy': 0.391088852364766, 'uncertainty': 1.7047300746566372, 'uncertainty_coeffi': 0.0010000000474974513, 'loss': 0.31271971095549433, 'lr': 0.0004893550395476973}
     Epoch[3] Iteration[10/384], entropy: 0.3457, uncertainty: 1.5641, uncertainty_coeffi: 0.0010, loss: 0.1654, lr: 5.52e-04
     Epoch[3] Iteration[20/384], entropy: 0.2607, uncertainty: 1.2237, uncertainty_coeffi: 0.0010, loss: 0.1582, lr: 4.32e-05
     Epoch[3] Iteration[30/384], entropy: 0.2852, uncertainty: 2.0138, uncertainty_coeffi: 0.0010, loss: 0.1955, lr: 9.05e-04
     Epoch[3] Iteration[40/384], entropy: 0.6333, uncertainty: 2.3453, uncertainty_coeffi: 0.0010, loss: 0.5136, lr: 5.52e-04
     Epoch[3] Iteration[50/384], entropy: 0.3387, uncertainty: 1.7987, uncertainty_coeffi: 0.0010, loss: 0.2580, lr: 4.32e-05
     Epoch[3] Iteration[60/384], entropy: 0.5558, uncertainty: 1.6557, uncertainty_coeffi: 0.0010, loss: 0.3241, lr: 9.05e-04
     Epoch[3] Iteration[70/384], entropy: 0.4398, uncertainty: 1.7574, uncertainty_coeffi: 0.0010, loss: 0.1964, lr: 5.52e-04
     Epoch[3] Iteration[80/384], entropy: 0.5629, uncertainty: 1.6289, uncertainty_coeffi: 0.0010, loss: 0.2880, lr: 4.32e-05
     Epoch[3] Iteration[90/384], entropy: 0.1865, uncertainty: 1.8275, uncertainty_coeffi: 0.0010, loss: 0.1464, lr: 9.05e-04
     Epoch[3] Iteration[100/384], entropy: 0.4235, uncertainty: 1.7794, uncertainty_coeffi: 0.0010, loss: 0.2634, lr: 5.52e-04
     Epoch[3] Iteration[110/384], entropy: 0.6699, uncertainty: 1.5084, uncertainty_coeffi: 0.0010, loss: 0.3213, lr: 4.32e-05
     Epoch[3] Iteration[120/384], entropy: 0.6102, uncertainty: 2.0733, uncertainty_coeffi: 0.0010, loss: 0.5006, lr: 9.05e-04
     Epoch[3] Iteration[130/384], entropy: 0.5024, uncertainty: 1.6419, uncertainty_coeffi: 0.0010, loss: 0.4066, lr: 5.52e-04
     Epoch[3] Iteration[140/384], entropy: 0.3773, uncertainty: 1.7000, uncertainty_coeffi: 0.0010, loss: 0.2873, lr: 4.32e-05
     Epoch[3] Iteration[150/384], entropy: 0.2499, uncertainty: 1.5376, uncertainty_coeffi: 0.0010, loss: 0.1820, lr: 9.05e-04
     Epoch[3] Iteration[160/384], entropy: 0.3228, uncertainty: 2.2696, uncertainty_coeffi: 0.0010, loss: 0.1643, lr: 5.52e-04
     Epoch[3] Iteration[170/384], entropy: 0.3986, uncertainty: 1.3575, uncertainty_coeffi: 0.0010, loss: 0.3371, lr: 4.32e-05
     Epoch[3] Iteration[180/384], entropy: 0.4915, uncertainty: 1.7583, uncertainty_coeffi: 0.0010, loss: 0.4086, lr: 9.05e-04
     Epoch[3] Iteration[190/384], entropy: 0.3495, uncertainty: 1.8640, uncertainty_coeffi: 0.0010, loss: 0.1755, lr: 5.52e-04
     Epoch[3] Iteration[200/384], entropy: 0.3375, uncertainty: 1.5538, uncertainty_coeffi: 0.0010, loss: 0.2779, lr: 4.32e-05
     Epoch[3] Iteration[210/384], entropy: 0.5664, uncertainty: 1.9676, uncertainty_coeffi: 0.0010, loss: 0.3756, lr: 9.05e-04
     Epoch[3] Iteration[220/384], entropy: 0.5788, uncertainty: 2.2656, uncertainty_coeffi: 0.0010, loss: 0.2146, lr: 5.52e-04
     Epoch[3] Iteration[230/384], entropy: 0.3080, uncertainty: 1.6266, uncertainty_coeffi: 0.0010, loss: 0.1808, lr: 4.32e-05
     Epoch[3] Iteration[240/384], entropy: 0.4213, uncertainty: 1.0978, uncertainty_coeffi: 0.0010, loss: 0.5362, lr: 9.05e-04
     Epoch[3] Iteration[250/384], entropy: 0.3651, uncertainty: 2.0141, uncertainty_coeffi: 0.0010, loss: 0.1757, lr: 5.52e-04
     Epoch[3] Iteration[260/384], entropy: 0.1100, uncertainty: 1.3833, uncertainty_coeffi: 0.0010, loss: 0.1015, lr: 4.32e-05
     Epoch[3] Iteration[270/384], entropy: 0.3138, uncertainty: 1.5511, uncertainty_coeffi: 0.0010, loss: 0.2113, lr: 9.05e-04
     Epoch[3] Iteration[280/384], entropy: 0.3149, uncertainty: 1.7982, uncertainty_coeffi: 0.0010, loss: 0.1992, lr: 5.52e-04
     Epoch[3] Iteration[290/384], entropy: 0.5642, uncertainty: 2.0231, uncertainty_coeffi: 0.0010, loss: 0.2439, lr: 4.32e-05
     Epoch[3] Iteration[300/384], entropy: 0.4499, uncertainty: 1.8555, uncertainty_coeffi: 0.0010, loss: 0.2308, lr: 9.05e-04
     Epoch[3] Iteration[310/384], entropy: 0.4278, uncertainty: 1.7239, uncertainty_coeffi: 0.0010, loss: 0.2461, lr: 5.52e-04
     Epoch[3] Iteration[320/384], entropy: 0.6634, uncertainty: 1.8425, uncertainty_coeffi: 0.0010, loss: 0.3530, lr: 4.32e-05
     Epoch[3] Iteration[330/384], entropy: 0.2659, uncertainty: 1.4781, uncertainty_coeffi: 0.0010, loss: 0.1242, lr: 9.05e-04
     Epoch[3] Iteration[340/384], entropy: 0.4804, uncertainty: 1.8619, uncertainty_coeffi: 0.0010, loss: 0.3437, lr: 5.52e-04
     Epoch[3] Iteration[350/384], entropy: 0.4002, uncertainty: 1.1901, uncertainty_coeffi: 0.0010, loss: 0.6326, lr: 4.32e-05
     Epoch[3] Iteration[360/384], entropy: 0.3499, uncertainty: 1.4387, uncertainty_coeffi: 0.0010, loss: 0.3513, lr: 9.05e-04
     Epoch[3] Iteration[370/384], entropy: 0.3230, uncertainty: 2.1408, uncertainty_coeffi: 0.0010, loss: 0.2308, lr: 5.52e-04
     Epoch[3] Iteration[380/384], entropy: 0.1710, uncertainty: 1.9314, uncertainty_coeffi: 0.0010, loss: 1.1583, lr: 4.32e-05
     Averaged stats: entropy_avg: 0.4057, uncertainty_avg: 1.7381, uncertainty_coeffi_avg: 0.0010, loss_avg: 0.3021, lr_avg: 4.89e-04
     itm tta time 0:01:09
     Epoch[4] Iteration[10/384], entropy: 0.3109, uncertainty: 1.7709, uncertainty_coeffi: 0.0010, loss: 0.1752, lr: 9.89e-04
     Epoch[4] Iteration[20/384], entropy: 0.2232, uncertainty: 1.4397, uncertainty_coeffi: 0.0010, loss: 0.3129, lr: 1.65e-04
     Epoch[4] Iteration[30/384], entropy: 0.3688, uncertainty: 1.4764, uncertainty_coeffi: 0.0010, loss: 0.1900, lr: 3.45e-04
     Epoch[4] Iteration[40/384], entropy: 0.5082, uncertainty: 2.3932, uncertainty_coeffi: 0.0010, loss: 0.2196, lr: 9.89e-04
     Epoch[4] Iteration[50/384], entropy: 0.1520, uncertainty: 1.7081, uncertainty_coeffi: 0.0010, loss: 0.1010, lr: 1.65e-04
     Epoch[4] Iteration[60/384], entropy: 0.3525, uncertainty: 2.0536, uncertainty_coeffi: 0.0010, loss: 0.5726, lr: 3.45e-04
     Epoch[4] Iteration[70/384], entropy: 0.1737, uncertainty: 1.8954, uncertainty_coeffi: 0.0010, loss: 0.0755, lr: 9.89e-04
     Epoch[4] Iteration[80/384], entropy: 0.5666, uncertainty: 2.0254, uncertainty_coeffi: 0.0010, loss: 0.3552, lr: 1.65e-04
     Epoch[4] Iteration[90/384], entropy: 0.5100, uncertainty: 2.2082, uncertainty_coeffi: 0.0010, loss: 0.2372, lr: 3.45e-04
     Epoch[4] Iteration[100/384], entropy: 0.2241, uncertainty: 1.2572, uncertainty_coeffi: 0.0010, loss: 0.4534, lr: 9.89e-04
     Epoch[4] Iteration[110/384], entropy: 0.1513, uncertainty: 1.2792, uncertainty_coeffi: 0.0010, loss: 0.1761, lr: 1.65e-04
     Epoch[4] Iteration[120/384], entropy: 0.5054, uncertainty: 2.2934, uncertainty_coeffi: 0.0010, loss: 0.2900, lr: 3.45e-04
     Epoch[4] Iteration[130/384], entropy: 0.4689, uncertainty: 1.8878, uncertainty_coeffi: 0.0010, loss: 0.2384, lr: 9.89e-04
     Epoch[4] Iteration[140/384], entropy: 0.3873, uncertainty: 2.0012, uncertainty_coeffi: 0.0010, loss: 0.4362, lr: 1.65e-04
     Epoch[4] Iteration[150/384], entropy: 0.5387, uncertainty: 1.7459, uncertainty_coeffi: 0.0010, loss: 0.3131, lr: 3.45e-04
     Epoch[4] Iteration[160/384], entropy: 0.4829, uncertainty: 1.6118, uncertainty_coeffi: 0.0010, loss: 0.3055, lr: 9.89e-04
     Epoch[4] Iteration[170/384], entropy: 0.2771, uncertainty: 1.4077, uncertainty_coeffi: 0.0010, loss: 0.5193, lr: 1.65e-04
     Epoch[4] Iteration[180/384], entropy: 0.4797, uncertainty: 1.8046, uncertainty_coeffi: 0.0010, loss: 0.3284, lr: 3.45e-04
     Epoch[4] Iteration[190/384], entropy: 0.4038, uncertainty: 1.5640, uncertainty_coeffi: 0.0010, loss: 0.2072, lr: 9.89e-04
     Epoch[4] Iteration[200/384], entropy: 0.4423, uncertainty: 2.0279, uncertainty_coeffi: 0.0010, loss: 0.1813, lr: 1.65e-04
     Epoch[4] Iteration[210/384], entropy: 0.2385, uncertainty: 1.1658, uncertainty_coeffi: 0.0010, loss: 0.4637, lr: 3.45e-04
     Epoch[4] Iteration[220/384], entropy: 0.5376, uncertainty: 2.3076, uncertainty_coeffi: 0.0010, loss: 0.2539, lr: 9.89e-04
     Epoch[4] Iteration[230/384], entropy: 0.3666, uncertainty: 1.7456, uncertainty_coeffi: 0.0010, loss: 0.6037, lr: 1.65e-04
     Epoch[4] Iteration[240/384], entropy: 0.1782, uncertainty: 1.3099, uncertainty_coeffi: 0.0010, loss: 0.1444, lr: 3.45e-04
     Epoch[4] Iteration[250/384], entropy: 0.7562, uncertainty: 1.8847, uncertainty_coeffi: 0.0010, loss: 0.6276, lr: 9.89e-04
     Epoch[4] Iteration[260/384], entropy: 0.4996, uncertainty: 1.4466, uncertainty_coeffi: 0.0010, loss: 0.3704, lr: 1.65e-04
     Epoch[4] Iteration[270/384], entropy: 0.4467, uncertainty: 1.8220, uncertainty_coeffi: 0.0010, loss: 0.2370, lr: 3.45e-04
     Epoch[4] Iteration[280/384], entropy: 0.5804, uncertainty: 1.6004, uncertainty_coeffi: 0.0010, loss: 0.7305, lr: 9.89e-04
     Epoch[4] Iteration[290/384], entropy: 0.4700, uncertainty: 2.0233, uncertainty_coeffi: 0.0010, loss: 0.3718, lr: 1.65e-04
     Epoch[4] Iteration[300/384], entropy: 0.5118, uncertainty: 1.9427, uncertainty_coeffi: 0.0010, loss: 0.2268, lr: 3.45e-04
     Epoch[4] Iteration[310/384], entropy: 0.4720, uncertainty: 2.4469, uncertainty_coeffi: 0.0010, loss: 0.2032, lr: 9.89e-04
     Epoch[4] Iteration[320/384], entropy: 0.3063, uncertainty: 1.3626, uncertainty_coeffi: 0.0010, loss: 0.2793, lr: 1.65e-04
     Epoch[4] Iteration[330/384], entropy: 0.4254, uncertainty: 1.7873, uncertainty_coeffi: 0.0010, loss: 0.1799, lr: 3.45e-04
     Epoch[4] Iteration[340/384], entropy: 0.5099, uncertainty: 1.3218, uncertainty_coeffi: 0.0010, loss: 0.3632, lr: 9.89e-04
     Epoch[4] Iteration[350/384], entropy: 0.2973, uncertainty: 1.6414, uncertainty_coeffi: 0.0010, loss: 0.1826, lr: 1.65e-04
     Epoch[4] Iteration[360/384], entropy: 0.3541, uncertainty: 1.7567, uncertainty_coeffi: 0.0010, loss: 0.1654, lr: 3.45e-04
     Epoch[4] Iteration[370/384], entropy: 0.5334, uncertainty: 2.0220, uncertainty_coeffi: 0.0010, loss: 0.4346, lr: 9.89e-04
     Epoch[4] Iteration[380/384], entropy: 0.6349, uncertainty: 1.6907, uncertainty_coeffi: 0.0010, loss: 0.4414, lr: 1.65e-04
     Averaged stats: entropy_avg: 0.4117, uncertainty_avg: 1.7666, uncertainty_coeffi_avg: 0.0010, loss_avg: 0.3149, lr_avg: 5.04e-04
     itm tta time 0:01:09
### TTA Eval Score: 
+-------+--------+--------+--------+--------+--------+
| epoch |   R1   |   R5   |  R10   |  mAP   |  mINP  |
+-------+--------+--------+--------+--------+--------+
|  -999 | 70.598 | 86.891 | 91.780 | 63.391 | 47.063 |
|   0   | 70.078 | 86.436 | 91.261 | 62.978 | 46.840 |
|   1   | 69.331 | 85.851 | 90.838 | 62.436 | 46.265 |
|   2   | 69.786 | 86.355 | 91.228 | 62.750 | 46.549 |
|   4   | 69.883 | 86.371 | 91.439 | 62.877 | 46.643 |
+-------+--------+--------+--------+--------+--------+
     logs:  {'epo': 4, 'R1': 69.883, 'R5': 86.371, 'R10': 91.439, 'mAP': 62.877, 'mINP': 46.643, 'entropy': 0.41174739560014323, 'uncertainty': 1.7665729177625555, 'uncertainty_coeffi': 0.0010000000474974513, 'loss': 0.3149394561585627, 'lr': 0.0005040660130838846}
     Epoch[5] Iteration[10/384], entropy: 0.2001, uncertainty: 1.4418, uncertainty_coeffi: 0.0010, loss: 0.1605, lr: 7.50e-04
     Epoch[5] Iteration[20/384], entropy: 0.4546, uncertainty: 1.5665, uncertainty_coeffi: 0.0010, loss: 0.4019, lr: 7.50e-04
     Epoch[5] Iteration[30/384], entropy: 0.3653, uncertainty: 1.4680, uncertainty_coeffi: 0.0010, loss: 0.2507, lr: 0.00e+00
     Epoch[5] Iteration[40/384], entropy: 0.5201, uncertainty: 1.8187, uncertainty_coeffi: 0.0010, loss: 0.2456, lr: 7.50e-04
     Epoch[5] Iteration[50/384], entropy: 0.2782, uncertainty: 1.7583, uncertainty_coeffi: 0.0010, loss: 0.1990, lr: 7.50e-04
     Epoch[5] Iteration[60/384], entropy: 0.5733, uncertainty: 2.2036, uncertainty_coeffi: 0.0010, loss: 0.2244, lr: 0.00e+00
     Epoch[5] Iteration[70/384], entropy: 0.5233, uncertainty: 1.9991, uncertainty_coeffi: 0.0010, loss: 0.2487, lr: 7.50e-04
     Epoch[5] Iteration[80/384], entropy: 0.4155, uncertainty: 2.1318, uncertainty_coeffi: 0.0010, loss: 0.1599, lr: 7.50e-04
     Epoch[5] Iteration[90/384], entropy: 0.3110, uncertainty: 1.6698, uncertainty_coeffi: 0.0010, loss: 0.4634, lr: 0.00e+00
     Epoch[5] Iteration[100/384], entropy: 0.4000, uncertainty: 1.6405, uncertainty_coeffi: 0.0010, loss: 0.3873, lr: 7.50e-04
     Epoch[5] Iteration[110/384], entropy: 0.1963, uncertainty: 1.7293, uncertainty_coeffi: 0.0010, loss: 0.6510, lr: 7.50e-04
     Epoch[5] Iteration[120/384], entropy: 0.3054, uncertainty: 1.5761, uncertainty_coeffi: 0.0010, loss: 0.2896, lr: 0.00e+00
     Epoch[5] Iteration[130/384], entropy: 0.1840, uncertainty: 1.2719, uncertainty_coeffi: 0.0010, loss: 0.0731, lr: 7.50e-04
     Epoch[5] Iteration[140/384], entropy: 0.3382, uncertainty: 2.2121, uncertainty_coeffi: 0.0010, loss: 0.1393, lr: 7.50e-04
     Epoch[5] Iteration[150/384], entropy: 0.3723, uncertainty: 1.6153, uncertainty_coeffi: 0.0010, loss: 0.4245, lr: 0.00e+00
     Epoch[5] Iteration[160/384], entropy: 0.1812, uncertainty: 1.8562, uncertainty_coeffi: 0.0010, loss: 0.0656, lr: 7.50e-04
     Epoch[5] Iteration[170/384], entropy: 0.3880, uncertainty: 1.5893, uncertainty_coeffi: 0.0010, loss: 0.1857, lr: 7.50e-04
     Epoch[5] Iteration[180/384], entropy: 0.3445, uncertainty: 1.4333, uncertainty_coeffi: 0.0010, loss: 0.3532, lr: 0.00e+00
     Epoch[5] Iteration[190/384], entropy: 0.4836, uncertainty: 1.9693, uncertainty_coeffi: 0.0010, loss: 0.2671, lr: 7.50e-04
     Epoch[5] Iteration[200/384], entropy: 0.2330, uncertainty: 1.1461, uncertainty_coeffi: 0.0010, loss: 0.3536, lr: 7.50e-04
     Epoch[5] Iteration[210/384], entropy: 0.4334, uncertainty: 1.8950, uncertainty_coeffi: 0.0010, loss: 0.1836, lr: 0.00e+00
     Epoch[5] Iteration[220/384], entropy: 0.3898, uncertainty: 1.8842, uncertainty_coeffi: 0.0010, loss: 0.1557, lr: 7.50e-04
     Epoch[5] Iteration[230/384], entropy: 0.6960, uncertainty: 1.9713, uncertainty_coeffi: 0.0010, loss: 0.4514, lr: 7.50e-04
     Epoch[5] Iteration[240/384], entropy: 0.4335, uncertainty: 2.1156, uncertainty_coeffi: 0.0010, loss: 0.2244, lr: 0.00e+00
     Epoch[5] Iteration[250/384], entropy: 0.4235, uncertainty: 1.7149, uncertainty_coeffi: 0.0010, loss: 0.2378, lr: 7.50e-04
     Epoch[5] Iteration[260/384], entropy: 0.3702, uncertainty: 1.8747, uncertainty_coeffi: 0.0010, loss: 0.5263, lr: 7.50e-04
     Epoch[5] Iteration[270/384], entropy: 0.4990, uncertainty: 1.6447, uncertainty_coeffi: 0.0010, loss: 0.2574, lr: 0.00e+00
     Epoch[5] Iteration[280/384], entropy: 0.4627, uncertainty: 1.6133, uncertainty_coeffi: 0.0010, loss: 0.2990, lr: 7.50e-04
     Epoch[5] Iteration[290/384], entropy: 0.2281, uncertainty: 1.7325, uncertainty_coeffi: 0.0010, loss: 0.1303, lr: 7.50e-04
     Epoch[5] Iteration[300/384], entropy: 0.6208, uncertainty: 1.7680, uncertainty_coeffi: 0.0010, loss: 0.4059, lr: 0.00e+00
     Epoch[5] Iteration[310/384], entropy: 0.3261, uncertainty: 1.8530, uncertainty_coeffi: 0.0010, loss: 0.2784, lr: 7.50e-04
     Epoch[5] Iteration[320/384], entropy: 0.2770, uncertainty: 1.4197, uncertainty_coeffi: 0.0010, loss: 0.1428, lr: 7.50e-04
     Epoch[5] Iteration[330/384], entropy: 0.3091, uncertainty: 1.6707, uncertainty_coeffi: 0.0010, loss: 0.2055, lr: 0.00e+00
     Epoch[5] Iteration[340/384], entropy: 0.5812, uncertainty: 1.7712, uncertainty_coeffi: 0.0010, loss: 0.3662, lr: 7.50e-04
     Epoch[5] Iteration[350/384], entropy: 0.2123, uncertainty: 1.4164, uncertainty_coeffi: 0.0010, loss: 0.1693, lr: 7.50e-04
     Epoch[5] Iteration[360/384], entropy: 0.5701, uncertainty: 1.7247, uncertainty_coeffi: 0.0010, loss: 0.4508, lr: 0.00e+00
     Epoch[5] Iteration[370/384], entropy: 0.4988, uncertainty: 1.6523, uncertainty_coeffi: 0.0010, loss: 0.4907, lr: 7.50e-04
     Epoch[5] Iteration[380/384], entropy: 0.3124, uncertainty: 1.2462, uncertainty_coeffi: 0.0010, loss: 0.2064, lr: 7.50e-04
     Averaged stats: entropy_avg: 0.3872, uncertainty_avg: 1.7123, uncertainty_coeffi_avg: 0.0010, loss_avg: 0.2823, lr_avg: 5.13e-04
     itm tta time 0:01:09
     Epoch[6] Iteration[10/384], entropy: 0.1499, uncertainty: 1.4738, uncertainty_coeffi: 0.0010, loss: 0.2234, lr: 1.65e-04
     Epoch[6] Iteration[20/384], entropy: 0.3969, uncertainty: 1.7225, uncertainty_coeffi: 0.0010, loss: 0.2439, lr: 9.89e-04
     Epoch[6] Iteration[30/384], entropy: 0.4061, uncertainty: 1.2589, uncertainty_coeffi: 0.0010, loss: 0.2593, lr: 3.45e-04
     Epoch[6] Iteration[40/384], entropy: 0.6952, uncertainty: 2.2276, uncertainty_coeffi: 0.0010, loss: 0.3276, lr: 1.65e-04
     Epoch[6] Iteration[50/384], entropy: 0.4913, uncertainty: 1.9496, uncertainty_coeffi: 0.0010, loss: 0.2976, lr: 9.89e-04
     Epoch[6] Iteration[60/384], entropy: 0.2293, uncertainty: 1.4994, uncertainty_coeffi: 0.0010, loss: 0.1875, lr: 3.45e-04
     Epoch[6] Iteration[70/384], entropy: 0.4162, uncertainty: 1.6476, uncertainty_coeffi: 0.0010, loss: 0.3395, lr: 1.65e-04
     Epoch[6] Iteration[80/384], entropy: 0.2949, uncertainty: 1.4802, uncertainty_coeffi: 0.0010, loss: 0.3423, lr: 9.89e-04
     Epoch[6] Iteration[90/384], entropy: 0.4309, uncertainty: 2.0682, uncertainty_coeffi: 0.0010, loss: 0.1983, lr: 3.45e-04
     Epoch[6] Iteration[100/384], entropy: 0.3682, uncertainty: 1.9122, uncertainty_coeffi: 0.0010, loss: 0.1608, lr: 1.65e-04
     Epoch[6] Iteration[110/384], entropy: 0.1963, uncertainty: 1.5807, uncertainty_coeffi: 0.0010, loss: 0.4546, lr: 9.89e-04
     Epoch[6] Iteration[120/384], entropy: 0.2276, uncertainty: 1.8965, uncertainty_coeffi: 0.0010, loss: 0.1229, lr: 3.45e-04
     Epoch[6] Iteration[130/384], entropy: 0.4502, uncertainty: 1.5873, uncertainty_coeffi: 0.0010, loss: 0.2334, lr: 1.65e-04
     Epoch[6] Iteration[140/384], entropy: 0.3193, uncertainty: 1.1210, uncertainty_coeffi: 0.0010, loss: 0.4947, lr: 9.89e-04
     Epoch[6] Iteration[150/384], entropy: 0.4711, uncertainty: 1.2862, uncertainty_coeffi: 0.0010, loss: 0.3906, lr: 3.45e-04
     Epoch[6] Iteration[160/384], entropy: 0.2536, uncertainty: 1.9199, uncertainty_coeffi: 0.0010, loss: 0.3155, lr: 1.65e-04
     Epoch[6] Iteration[170/384], entropy: 0.3951, uncertainty: 1.6027, uncertainty_coeffi: 0.0010, loss: 1.4576, lr: 9.89e-04
     Epoch[6] Iteration[180/384], entropy: 0.3146, uncertainty: 1.8768, uncertainty_coeffi: 0.0010, loss: 0.3877, lr: 3.45e-04
     Epoch[6] Iteration[190/384], entropy: 0.2476, uncertainty: 1.2277, uncertainty_coeffi: 0.0010, loss: 0.3037, lr: 1.65e-04
     Epoch[6] Iteration[200/384], entropy: 0.3465, uncertainty: 1.3619, uncertainty_coeffi: 0.0010, loss: 0.2911, lr: 9.89e-04
     Epoch[6] Iteration[210/384], entropy: 0.2091, uncertainty: 2.1939, uncertainty_coeffi: 0.0010, loss: 0.1381, lr: 3.45e-04
     Epoch[6] Iteration[220/384], entropy: 0.3137, uncertainty: 1.2747, uncertainty_coeffi: 0.0010, loss: 1.0160, lr: 1.65e-04
     Epoch[6] Iteration[230/384], entropy: 0.3805, uncertainty: 1.5292, uncertainty_coeffi: 0.0010, loss: 0.2687, lr: 9.89e-04
     Epoch[6] Iteration[240/384], entropy: 0.2542, uncertainty: 1.5513, uncertainty_coeffi: 0.0010, loss: 0.2394, lr: 3.45e-04
     Epoch[6] Iteration[250/384], entropy: 0.4877, uncertainty: 1.7983, uncertainty_coeffi: 0.0010, loss: 0.3415, lr: 1.65e-04
     Epoch[6] Iteration[260/384], entropy: 0.3732, uncertainty: 1.5010, uncertainty_coeffi: 0.0010, loss: 0.2033, lr: 9.89e-04
     Epoch[6] Iteration[270/384], entropy: 0.2851, uncertainty: 1.4555, uncertainty_coeffi: 0.0010, loss: 0.3087, lr: 3.45e-04
     Epoch[6] Iteration[280/384], entropy: 0.2128, uncertainty: 1.1388, uncertainty_coeffi: 0.0010, loss: 0.1876, lr: 1.65e-04
     Epoch[6] Iteration[290/384], entropy: 0.4136, uncertainty: 1.5165, uncertainty_coeffi: 0.0010, loss: 0.1701, lr: 9.89e-04
     Epoch[6] Iteration[300/384], entropy: 0.4919, uncertainty: 2.2376, uncertainty_coeffi: 0.0010, loss: 0.2343, lr: 3.45e-04
     Epoch[6] Iteration[310/384], entropy: 0.1670, uncertainty: 1.3290, uncertainty_coeffi: 0.0010, loss: 0.0864, lr: 1.65e-04
     Epoch[6] Iteration[320/384], entropy: 0.1405, uncertainty: 1.4767, uncertainty_coeffi: 0.0010, loss: 0.1718, lr: 9.89e-04
     Epoch[6] Iteration[330/384], entropy: 0.1713, uncertainty: 1.4606, uncertainty_coeffi: 0.0010, loss: 0.1692, lr: 3.45e-04
     Epoch[6] Iteration[340/384], entropy: 0.4195, uncertainty: 1.8890, uncertainty_coeffi: 0.0010, loss: 0.3508, lr: 1.65e-04
     Epoch[6] Iteration[350/384], entropy: 0.3243, uncertainty: 2.0933, uncertainty_coeffi: 0.0010, loss: 0.1485, lr: 9.89e-04
     Epoch[6] Iteration[360/384], entropy: 0.4821, uncertainty: 2.1133, uncertainty_coeffi: 0.0010, loss: 0.2469, lr: 3.45e-04
     Epoch[6] Iteration[370/384], entropy: 0.2186, uncertainty: 1.3849, uncertainty_coeffi: 0.0010, loss: 0.1303, lr: 1.65e-04
     Epoch[6] Iteration[380/384], entropy: 0.4417, uncertainty: 1.6924, uncertainty_coeffi: 0.0010, loss: 0.4875, lr: 9.89e-04
     Averaged stats: entropy_avg: 0.3391, uncertainty_avg: 1.6404, uncertainty_coeffi_avg: 0.0010, loss_avg: 0.3140, lr_avg: 5.04e-04
     itm tta time 0:01:09
     Epoch[7] Iteration[10/384], entropy: 0.6371, uncertainty: 2.2716, uncertainty_coeffi: 0.0010, loss: 0.3311, lr: 4.32e-05
     Epoch[7] Iteration[20/384], entropy: 0.2518, uncertainty: 1.5074, uncertainty_coeffi: 0.0010, loss: 0.1513, lr: 5.52e-04
     Epoch[7] Iteration[30/384], entropy: 0.4265, uncertainty: 1.6777, uncertainty_coeffi: 0.0010, loss: 0.4280, lr: 9.05e-04
     Epoch[7] Iteration[40/384], entropy: 0.2221, uncertainty: 1.6596, uncertainty_coeffi: 0.0010, loss: 0.5339, lr: 4.32e-05
     Epoch[7] Iteration[50/384], entropy: 0.2690, uncertainty: 1.6030, uncertainty_coeffi: 0.0010, loss: 0.4129, lr: 5.52e-04
     Epoch[7] Iteration[60/384], entropy: 0.4798, uncertainty: 1.3931, uncertainty_coeffi: 0.0010, loss: 0.5164, lr: 9.05e-04
     Epoch[7] Iteration[70/384], entropy: 0.4360, uncertainty: 1.3997, uncertainty_coeffi: 0.0010, loss: 0.3784, lr: 4.32e-05
     Epoch[7] Iteration[80/384], entropy: 0.2317, uncertainty: 1.3712, uncertainty_coeffi: 0.0010, loss: 0.2438, lr: 5.52e-04
     Epoch[7] Iteration[90/384], entropy: 0.2302, uncertainty: 1.0138, uncertainty_coeffi: 0.0010, loss: 0.4172, lr: 9.05e-04
     Epoch[7] Iteration[100/384], entropy: 0.1528, uncertainty: 1.1422, uncertainty_coeffi: 0.0010, loss: 0.3643, lr: 4.32e-05
     Epoch[7] Iteration[110/384], entropy: 0.3308, uncertainty: 1.5448, uncertainty_coeffi: 0.0010, loss: 0.3227, lr: 5.52e-04
     Epoch[7] Iteration[120/384], entropy: 0.4030, uncertainty: 1.9599, uncertainty_coeffi: 0.0010, loss: 0.2621, lr: 9.05e-04
     Epoch[7] Iteration[130/384], entropy: 0.6214, uncertainty: 2.0894, uncertainty_coeffi: 0.0010, loss: 0.2746, lr: 4.32e-05
     Epoch[7] Iteration[140/384], entropy: 0.2386, uncertainty: 1.4963, uncertainty_coeffi: 0.0010, loss: 0.4297, lr: 5.52e-04
     Epoch[7] Iteration[150/384], entropy: 0.2867, uncertainty: 1.7014, uncertainty_coeffi: 0.0010, loss: 0.1622, lr: 9.05e-04
     Epoch[7] Iteration[160/384], entropy: 0.3430, uncertainty: 1.3864, uncertainty_coeffi: 0.0010, loss: 0.2372, lr: 4.32e-05
     Epoch[7] Iteration[170/384], entropy: 0.4569, uncertainty: 1.7542, uncertainty_coeffi: 0.0010, loss: 0.7591, lr: 5.52e-04
     Epoch[7] Iteration[180/384], entropy: 0.2492, uncertainty: 1.9282, uncertainty_coeffi: 0.0010, loss: 0.1121, lr: 9.05e-04
     Epoch[7] Iteration[190/384], entropy: 0.6486, uncertainty: 2.3440, uncertainty_coeffi: 0.0010, loss: 0.2900, lr: 4.32e-05
     Epoch[7] Iteration[200/384], entropy: 0.2767, uncertainty: 1.7378, uncertainty_coeffi: 0.0010, loss: 0.1151, lr: 5.52e-04
     Epoch[7] Iteration[210/384], entropy: 0.4522, uncertainty: 2.6365, uncertainty_coeffi: 0.0010, loss: 0.2017, lr: 9.05e-04
     Epoch[7] Iteration[220/384], entropy: 0.4340, uncertainty: 1.7769, uncertainty_coeffi: 0.0010, loss: 1.6694, lr: 4.32e-05
     Epoch[7] Iteration[230/384], entropy: 0.3924, uncertainty: 1.5262, uncertainty_coeffi: 0.0010, loss: 1.0376, lr: 5.52e-04
     Epoch[7] Iteration[240/384], entropy: 0.5004, uncertainty: 1.5154, uncertainty_coeffi: 0.0010, loss: 0.3193, lr: 9.05e-04
     Epoch[7] Iteration[250/384], entropy: 0.2487, uncertainty: 2.5957, uncertainty_coeffi: 0.0010, loss: 0.2225, lr: 4.32e-05
     Epoch[7] Iteration[260/384], entropy: 0.1954, uncertainty: 1.4791, uncertainty_coeffi: 0.0010, loss: 0.1406, lr: 5.52e-04
     Epoch[7] Iteration[270/384], entropy: 0.3604, uncertainty: 1.2779, uncertainty_coeffi: 0.0010, loss: 0.2592, lr: 9.05e-04
     Epoch[7] Iteration[280/384], entropy: 0.2142, uncertainty: 2.1738, uncertainty_coeffi: 0.0010, loss: 0.1449, lr: 4.32e-05
     Epoch[7] Iteration[290/384], entropy: 0.3735, uncertainty: 1.6888, uncertainty_coeffi: 0.0010, loss: 0.2274, lr: 5.52e-04
     Epoch[7] Iteration[300/384], entropy: 0.3967, uncertainty: 1.5544, uncertainty_coeffi: 0.0010, loss: 0.2172, lr: 9.05e-04
     Epoch[7] Iteration[310/384], entropy: 0.4016, uncertainty: 1.5647, uncertainty_coeffi: 0.0010, loss: 0.2269, lr: 4.32e-05
     Epoch[7] Iteration[320/384], entropy: 0.4968, uncertainty: 1.5830, uncertainty_coeffi: 0.0010, loss: 0.4029, lr: 5.52e-04
     Epoch[7] Iteration[330/384], entropy: 0.5170, uncertainty: 1.6576, uncertainty_coeffi: 0.0010, loss: 0.4243, lr: 9.05e-04
     Epoch[7] Iteration[340/384], entropy: 0.3721, uncertainty: 1.7428, uncertainty_coeffi: 0.0010, loss: 0.3855, lr: 4.32e-05
     Epoch[7] Iteration[350/384], entropy: 0.4803, uncertainty: 1.8375, uncertainty_coeffi: 0.0010, loss: 0.3006, lr: 5.52e-04
     Epoch[7] Iteration[360/384], entropy: 0.4119, uncertainty: 1.6837, uncertainty_coeffi: 0.0010, loss: 0.4376, lr: 9.05e-04
     Epoch[7] Iteration[370/384], entropy: 0.5430, uncertainty: 1.6934, uncertainty_coeffi: 0.0010, loss: 0.5219, lr: 4.32e-05
     Epoch[7] Iteration[380/384], entropy: 0.2848, uncertainty: 1.2149, uncertainty_coeffi: 0.0010, loss: 0.8838, lr: 5.52e-04
     Averaged stats: entropy_avg: 0.3755, uncertainty_avg: 1.6891, uncertainty_coeffi_avg: 0.0010, loss_avg: 0.3886, lr_avg: 4.89e-04
     itm tta time 0:01:09
     Epoch[8] Iteration[10/384], entropy: 0.2535, uncertainty: 1.8541, uncertainty_coeffi: 0.0010, loss: 0.1875, lr: 5.52e-04
     Epoch[8] Iteration[20/384], entropy: 0.2885, uncertainty: 1.7751, uncertainty_coeffi: 0.0010, loss: 0.1828, lr: 4.32e-05
     Epoch[8] Iteration[30/384], entropy: 0.4855, uncertainty: 1.5501, uncertainty_coeffi: 0.0010, loss: 0.4533, lr: 9.05e-04
     Epoch[8] Iteration[40/384], entropy: 0.5007, uncertainty: 1.3852, uncertainty_coeffi: 0.0010, loss: 0.2597, lr: 5.52e-04
     Epoch[8] Iteration[50/384], entropy: 0.5701, uncertainty: 1.8477, uncertainty_coeffi: 0.0010, loss: 0.2893, lr: 4.32e-05
     Epoch[8] Iteration[60/384], entropy: 0.4915, uncertainty: 1.7490, uncertainty_coeffi: 0.0010, loss: 0.2427, lr: 9.05e-04
     Epoch[8] Iteration[70/384], entropy: 0.5064, uncertainty: 1.8048, uncertainty_coeffi: 0.0010, loss: 0.7301, lr: 5.52e-04
     Epoch[8] Iteration[80/384], entropy: 0.2119, uncertainty: 1.6083, uncertainty_coeffi: 0.0010, loss: 0.1755, lr: 4.32e-05
     Epoch[8] Iteration[90/384], entropy: 0.3430, uncertainty: 1.5439, uncertainty_coeffi: 0.0010, loss: 1.5864, lr: 9.05e-04
     Epoch[8] Iteration[100/384], entropy: 0.4146, uncertainty: 1.7102, uncertainty_coeffi: 0.0010, loss: 0.2222, lr: 5.52e-04
     Epoch[8] Iteration[110/384], entropy: 0.2719, uncertainty: 2.0531, uncertainty_coeffi: 0.0010, loss: 0.2271, lr: 4.32e-05
     Epoch[8] Iteration[120/384], entropy: 0.4472, uncertainty: 1.7169, uncertainty_coeffi: 0.0010, loss: 0.3151, lr: 9.05e-04
     Epoch[8] Iteration[130/384], entropy: 0.1346, uncertainty: 1.3690, uncertainty_coeffi: 0.0010, loss: 0.1040, lr: 5.52e-04
     Epoch[8] Iteration[140/384], entropy: 0.5096, uncertainty: 1.5798, uncertainty_coeffi: 0.0010, loss: 0.2431, lr: 4.32e-05
     Epoch[8] Iteration[150/384], entropy: 0.4265, uncertainty: 2.0839, uncertainty_coeffi: 0.0010, loss: 0.6979, lr: 9.05e-04
     Epoch[8] Iteration[160/384], entropy: 0.2664, uncertainty: 1.7457, uncertainty_coeffi: 0.0010, loss: 0.3731, lr: 5.52e-04
     Epoch[8] Iteration[170/384], entropy: 0.2043, uncertainty: 1.8096, uncertainty_coeffi: 0.0010, loss: 1.4316, lr: 4.32e-05
     Epoch[8] Iteration[180/384], entropy: 0.1306, uncertainty: 1.4643, uncertainty_coeffi: 0.0010, loss: 0.0682, lr: 9.05e-04
     Epoch[8] Iteration[190/384], entropy: 0.0876, uncertainty: 1.4202, uncertainty_coeffi: 0.0010, loss: 0.1336, lr: 5.52e-04
     Epoch[8] Iteration[200/384], entropy: 0.3501, uncertainty: 1.9063, uncertainty_coeffi: 0.0010, loss: 0.1690, lr: 4.32e-05
     Epoch[8] Iteration[210/384], entropy: 0.2451, uncertainty: 1.7687, uncertainty_coeffi: 0.0010, loss: 0.1788, lr: 9.05e-04
     Epoch[8] Iteration[220/384], entropy: 0.3523, uncertainty: 1.6146, uncertainty_coeffi: 0.0010, loss: 0.2289, lr: 5.52e-04
     Epoch[8] Iteration[230/384], entropy: 0.2870, uncertainty: 1.8124, uncertainty_coeffi: 0.0010, loss: 0.1489, lr: 4.32e-05
     Epoch[8] Iteration[240/384], entropy: 0.1996, uncertainty: 1.5445, uncertainty_coeffi: 0.0010, loss: 0.4633, lr: 9.05e-04
     Epoch[8] Iteration[250/384], entropy: 0.4119, uncertainty: 2.1183, uncertainty_coeffi: 0.0010, loss: 0.2633, lr: 5.52e-04
     Epoch[8] Iteration[260/384], entropy: 0.2498, uncertainty: 1.5933, uncertainty_coeffi: 0.0010, loss: 0.1806, lr: 4.32e-05
     Epoch[8] Iteration[270/384], entropy: 0.4084, uncertainty: 1.6750, uncertainty_coeffi: 0.0010, loss: 0.2620, lr: 9.05e-04
     Epoch[8] Iteration[280/384], entropy: 0.2504, uncertainty: 1.8748, uncertainty_coeffi: 0.0010, loss: 0.2579, lr: 5.52e-04
     Epoch[8] Iteration[290/384], entropy: 0.5263, uncertainty: 2.0981, uncertainty_coeffi: 0.0010, loss: 0.2738, lr: 4.32e-05
     Epoch[8] Iteration[300/384], entropy: 0.5070, uncertainty: 1.9154, uncertainty_coeffi: 0.0010, loss: 0.2326, lr: 9.05e-04
     Epoch[8] Iteration[310/384], entropy: 0.4041, uncertainty: 2.0546, uncertainty_coeffi: 0.0010, loss: 0.1727, lr: 5.52e-04
     Epoch[8] Iteration[320/384], entropy: 0.6269, uncertainty: 1.4887, uncertainty_coeffi: 0.0010, loss: 0.7307, lr: 4.32e-05
     Epoch[8] Iteration[330/384], entropy: 0.1837, uncertainty: 1.8495, uncertainty_coeffi: 0.0010, loss: 0.3316, lr: 9.05e-04
     Epoch[8] Iteration[340/384], entropy: 0.5084, uncertainty: 2.2968, uncertainty_coeffi: 0.0010, loss: 0.2039, lr: 5.52e-04
     Epoch[8] Iteration[350/384], entropy: 0.3251, uncertainty: 1.6131, uncertainty_coeffi: 0.0010, loss: 0.2778, lr: 4.32e-05
     Epoch[8] Iteration[360/384], entropy: 0.3443, uncertainty: 1.7780, uncertainty_coeffi: 0.0010, loss: 0.1937, lr: 9.05e-04
     Epoch[8] Iteration[370/384], entropy: 0.4471, uncertainty: 1.7425, uncertainty_coeffi: 0.0010, loss: 0.3340, lr: 5.52e-04
     Epoch[8] Iteration[380/384], entropy: 0.2627, uncertainty: 1.5782, uncertainty_coeffi: 0.0010, loss: 0.2351, lr: 4.32e-05
     Averaged stats: entropy_avg: 0.3535, uncertainty_avg: 1.7472, uncertainty_coeffi_avg: 0.0010, loss_avg: 0.3437, lr_avg: 4.89e-04
     itm tta time 0:01:09
     Epoch[9] Iteration[10/384], entropy: 0.2245, uncertainty: 2.0015, uncertainty_coeffi: 0.0010, loss: 0.1139, lr: 9.89e-04
     Epoch[9] Iteration[20/384], entropy: 0.5035, uncertainty: 2.0710, uncertainty_coeffi: 0.0010, loss: 0.2554, lr: 1.65e-04
     Epoch[9] Iteration[30/384], entropy: 0.4376, uncertainty: 1.8459, uncertainty_coeffi: 0.0010, loss: 0.2256, lr: 3.45e-04
     Epoch[9] Iteration[40/384], entropy: 0.3591, uncertainty: 1.7917, uncertainty_coeffi: 0.0010, loss: 1.1818, lr: 9.89e-04
     Epoch[9] Iteration[50/384], entropy: 0.3589, uncertainty: 1.8300, uncertainty_coeffi: 0.0010, loss: 0.2019, lr: 1.65e-04
     Epoch[9] Iteration[60/384], entropy: 0.3722, uncertainty: 2.4198, uncertainty_coeffi: 0.0010, loss: 0.3984, lr: 3.45e-04
     Epoch[9] Iteration[70/384], entropy: 0.4887, uncertainty: 1.4645, uncertainty_coeffi: 0.0010, loss: 0.3515, lr: 9.89e-04
     Epoch[9] Iteration[80/384], entropy: 0.5038, uncertainty: 1.5258, uncertainty_coeffi: 0.0010, loss: 0.3068, lr: 1.65e-04
     Epoch[9] Iteration[90/384], entropy: 0.1237, uncertainty: 1.2427, uncertainty_coeffi: 0.0010, loss: 0.2957, lr: 3.45e-04
     Epoch[9] Iteration[100/384], entropy: 0.5700, uncertainty: 1.9711, uncertainty_coeffi: 0.0010, loss: 0.3240, lr: 9.89e-04
     Epoch[9] Iteration[110/384], entropy: 0.2936, uncertainty: 1.5091, uncertainty_coeffi: 0.0010, loss: 0.3114, lr: 1.65e-04
     Epoch[9] Iteration[120/384], entropy: 0.4078, uncertainty: 2.2119, uncertainty_coeffi: 0.0010, loss: 0.2738, lr: 3.45e-04
     Epoch[9] Iteration[130/384], entropy: 0.3966, uncertainty: 1.8617, uncertainty_coeffi: 0.0010, loss: 0.2068, lr: 9.89e-04
     Epoch[9] Iteration[140/384], entropy: 0.4842, uncertainty: 1.6577, uncertainty_coeffi: 0.0010, loss: 0.2968, lr: 1.65e-04
     Epoch[9] Iteration[150/384], entropy: 0.4499, uncertainty: 1.5504, uncertainty_coeffi: 0.0010, loss: 0.2958, lr: 3.45e-04
     Epoch[9] Iteration[160/384], entropy: 0.3065, uncertainty: 1.6305, uncertainty_coeffi: 0.0010, loss: 0.2523, lr: 9.89e-04
     Epoch[9] Iteration[170/384], entropy: 0.4284, uncertainty: 2.0513, uncertainty_coeffi: 0.0010, loss: 0.1827, lr: 1.65e-04
     Epoch[9] Iteration[180/384], entropy: 0.4626, uncertainty: 2.0004, uncertainty_coeffi: 0.0010, loss: 0.5675, lr: 3.45e-04
     Epoch[9] Iteration[190/384], entropy: 0.1600, uncertainty: 1.2673, uncertainty_coeffi: 0.0010, loss: 0.1234, lr: 9.89e-04
     Epoch[9] Iteration[200/384], entropy: 0.4031, uncertainty: 1.9763, uncertainty_coeffi: 0.0010, loss: 0.5753, lr: 1.65e-04
     Epoch[9] Iteration[210/384], entropy: 0.3647, uncertainty: 1.5927, uncertainty_coeffi: 0.0010, loss: 0.2096, lr: 3.45e-04
     Epoch[9] Iteration[220/384], entropy: 0.3373, uncertainty: 1.7334, uncertainty_coeffi: 0.0010, loss: 0.2126, lr: 9.89e-04
     Epoch[9] Iteration[230/384], entropy: 0.3640, uncertainty: 2.3090, uncertainty_coeffi: 0.0010, loss: 0.1673, lr: 1.65e-04
     Epoch[9] Iteration[240/384], entropy: 0.3858, uncertainty: 1.4627, uncertainty_coeffi: 0.0010, loss: 1.0466, lr: 3.45e-04
     Epoch[9] Iteration[250/384], entropy: 0.2666, uncertainty: 1.6183, uncertainty_coeffi: 0.0010, loss: 0.1454, lr: 9.89e-04
     Epoch[9] Iteration[260/384], entropy: 0.3600, uncertainty: 1.5023, uncertainty_coeffi: 0.0010, loss: 0.1859, lr: 1.65e-04
     Epoch[9] Iteration[270/384], entropy: 0.4452, uncertainty: 2.0054, uncertainty_coeffi: 0.0010, loss: 0.2154, lr: 3.45e-04
     Epoch[9] Iteration[280/384], entropy: 0.4663, uncertainty: 1.4590, uncertainty_coeffi: 0.0010, loss: 0.3244, lr: 9.89e-04
     Epoch[9] Iteration[290/384], entropy: 0.3346, uncertainty: 2.2080, uncertainty_coeffi: 0.0010, loss: 0.2106, lr: 1.65e-04
     Epoch[9] Iteration[300/384], entropy: 0.3331, uncertainty: 2.0799, uncertainty_coeffi: 0.0010, loss: 0.2314, lr: 3.45e-04
     Epoch[9] Iteration[310/384], entropy: 0.3148, uncertainty: 2.0778, uncertainty_coeffi: 0.0010, loss: 0.3376, lr: 9.89e-04
     Epoch[9] Iteration[320/384], entropy: 0.3214, uncertainty: 1.2386, uncertainty_coeffi: 0.0010, loss: 0.3058, lr: 1.65e-04
     Epoch[9] Iteration[330/384], entropy: 0.3141, uncertainty: 1.5863, uncertainty_coeffi: 0.0010, loss: 0.1962, lr: 3.45e-04
     Epoch[9] Iteration[340/384], entropy: 0.3391, uncertainty: 1.7756, uncertainty_coeffi: 0.0010, loss: 0.1278, lr: 9.89e-04
     Epoch[9] Iteration[350/384], entropy: 0.1221, uncertainty: 1.2507, uncertainty_coeffi: 0.0010, loss: 0.0948, lr: 1.65e-04
     Epoch[9] Iteration[360/384], entropy: 0.3714, uncertainty: 1.6241, uncertainty_coeffi: 0.0010, loss: 0.8158, lr: 3.45e-04
     Epoch[9] Iteration[370/384], entropy: 0.2312, uncertainty: 1.8353, uncertainty_coeffi: 0.0010, loss: 0.0923, lr: 9.89e-04
     Epoch[9] Iteration[380/384], entropy: 0.1850, uncertainty: 1.2505, uncertainty_coeffi: 0.0010, loss: 0.8828, lr: 1.65e-04
     Averaged stats: entropy_avg: 0.3577, uncertainty_avg: 1.7497, uncertainty_coeffi_avg: 0.0010, loss_avg: 0.3301, lr_avg: 5.04e-04
     itm tta time 0:01:09
### TTA Eval Score: 
+-------+--------+--------+--------+--------+--------+
| epoch |   R1   |   R5   |  R10   |  mAP   |  mINP  |
+-------+--------+--------+--------+--------+--------+
|  -999 | 70.598 | 86.891 | 91.780 | 63.391 | 47.063 |
|   0   | 70.078 | 86.436 | 91.261 | 62.978 | 46.840 |
|   1   | 69.331 | 85.851 | 90.838 | 62.436 | 46.265 |
|   2   | 69.786 | 86.355 | 91.228 | 62.750 | 46.549 |
|   4   | 69.883 | 86.371 | 91.439 | 62.877 | 46.643 |
|   9   | 70.062 | 86.241 | 91.650 | 63.027 | 46.693 |
+-------+--------+--------+--------+--------+--------+
     logs:  {'epo': 9, 'R1': 70.062, 'R5': 86.241, 'R10': 91.65, 'mAP': 63.027, 'mINP': 46.693, 'entropy': 0.35767048440481486, 'uncertainty': 1.7497424326444928, 'uncertainty_coeffi': 0.0010000000474974513, 'loss': 0.3300877189949939, 'lr': 0.0005040660130838891}
     Epoch[10] Iteration[10/384], entropy: 0.4390, uncertainty: 2.2425, uncertainty_coeffi: 0.0010, loss: 0.1924, lr: 7.50e-04
     Epoch[10] Iteration[20/384], entropy: 0.3516, uncertainty: 1.4496, uncertainty_coeffi: 0.0010, loss: 0.3628, lr: 7.50e-04
     Epoch[10] Iteration[30/384], entropy: 0.5747, uncertainty: 1.9113, uncertainty_coeffi: 0.0010, loss: 0.3979, lr: 0.00e+00
     Epoch[10] Iteration[40/384], entropy: 0.4558, uncertainty: 1.8173, uncertainty_coeffi: 0.0010, loss: 0.3497, lr: 7.50e-04
     Epoch[10] Iteration[50/384], entropy: 0.3791, uncertainty: 2.5319, uncertainty_coeffi: 0.0010, loss: 0.1813, lr: 7.50e-04
     Epoch[10] Iteration[60/384], entropy: 0.3049, uncertainty: 2.1091, uncertainty_coeffi: 0.0010, loss: 0.1332, lr: 0.00e+00
     Epoch[10] Iteration[70/384], entropy: 0.4291, uncertainty: 1.4958, uncertainty_coeffi: 0.0010, loss: 0.3226, lr: 7.50e-04
     Epoch[10] Iteration[80/384], entropy: 0.4993, uncertainty: 2.1357, uncertainty_coeffi: 0.0010, loss: 0.2732, lr: 7.50e-04
     Epoch[10] Iteration[90/384], entropy: 0.2997, uncertainty: 2.2135, uncertainty_coeffi: 0.0010, loss: 0.1365, lr: 0.00e+00
     Epoch[10] Iteration[100/384], entropy: 0.5174, uncertainty: 1.8142, uncertainty_coeffi: 0.0010, loss: 0.2420, lr: 7.50e-04
     Epoch[10] Iteration[110/384], entropy: 0.3991, uncertainty: 1.5417, uncertainty_coeffi: 0.0010, loss: 0.5129, lr: 7.50e-04
     Epoch[10] Iteration[120/384], entropy: 0.2129, uncertainty: 1.9678, uncertainty_coeffi: 0.0010, loss: 0.1177, lr: 0.00e+00
     Epoch[10] Iteration[130/384], entropy: 0.3670, uncertainty: 1.4259, uncertainty_coeffi: 0.0010, loss: 0.2606, lr: 7.50e-04
     Epoch[10] Iteration[140/384], entropy: 0.3897, uncertainty: 1.7429, uncertainty_coeffi: 0.0010, loss: 0.1921, lr: 7.50e-04
     Epoch[10] Iteration[150/384], entropy: 0.3538, uncertainty: 2.3724, uncertainty_coeffi: 0.0010, loss: 0.1383, lr: 0.00e+00
     Epoch[10] Iteration[160/384], entropy: 0.3383, uncertainty: 2.1849, uncertainty_coeffi: 0.0010, loss: 0.4359, lr: 7.50e-04
     Epoch[10] Iteration[170/384], entropy: 0.1983, uncertainty: 1.4197, uncertainty_coeffi: 0.0010, loss: 0.1412, lr: 7.50e-04
     Epoch[10] Iteration[180/384], entropy: 0.3597, uncertainty: 1.3628, uncertainty_coeffi: 0.0010, loss: 0.1677, lr: 0.00e+00
     Epoch[10] Iteration[190/384], entropy: 0.6772, uncertainty: 1.8549, uncertainty_coeffi: 0.0010, loss: 0.5608, lr: 7.50e-04
     Epoch[10] Iteration[200/384], entropy: 0.4066, uncertainty: 1.9779, uncertainty_coeffi: 0.0010, loss: 0.2205, lr: 7.50e-04
     Epoch[10] Iteration[210/384], entropy: 0.5944, uncertainty: 2.1012, uncertainty_coeffi: 0.0010, loss: 0.2807, lr: 0.00e+00
     Epoch[10] Iteration[220/384], entropy: 0.3378, uncertainty: 1.8879, uncertainty_coeffi: 0.0010, loss: 0.1744, lr: 7.50e-04
     Epoch[10] Iteration[230/384], entropy: 0.4186, uncertainty: 1.7031, uncertainty_coeffi: 0.0010, loss: 0.2602, lr: 7.50e-04
     Epoch[10] Iteration[240/384], entropy: 0.2807, uncertainty: 1.4275, uncertainty_coeffi: 0.0010, loss: 0.1487, lr: 0.00e+00
     Epoch[10] Iteration[250/384], entropy: 0.3925, uncertainty: 2.1857, uncertainty_coeffi: 0.0010, loss: 0.2489, lr: 7.50e-04
     Epoch[10] Iteration[260/384], entropy: 0.4378, uncertainty: 2.3274, uncertainty_coeffi: 0.0010, loss: 0.1742, lr: 7.50e-04
     Epoch[10] Iteration[270/384], entropy: 0.2476, uncertainty: 1.4485, uncertainty_coeffi: 0.0010, loss: 0.2871, lr: 0.00e+00
     Epoch[10] Iteration[280/384], entropy: 0.4775, uncertainty: 1.6490, uncertainty_coeffi: 0.0010, loss: 0.4472, lr: 7.50e-04
     Epoch[10] Iteration[290/384], entropy: 0.1331, uncertainty: 1.4158, uncertainty_coeffi: 0.0010, loss: 0.7240, lr: 7.50e-04
     Epoch[10] Iteration[300/384], entropy: 0.3795, uncertainty: 1.6371, uncertainty_coeffi: 0.0010, loss: 0.3103, lr: 0.00e+00
     Epoch[10] Iteration[310/384], entropy: 0.3577, uncertainty: 1.8496, uncertainty_coeffi: 0.0010, loss: 0.1582, lr: 7.50e-04
     Epoch[10] Iteration[320/384], entropy: 0.2140, uncertainty: 1.7199, uncertainty_coeffi: 0.0010, loss: 0.2507, lr: 7.50e-04
     Epoch[10] Iteration[330/384], entropy: 0.3215, uncertainty: 1.6889, uncertainty_coeffi: 0.0010, loss: 0.3034, lr: 0.00e+00
     Epoch[10] Iteration[340/384], entropy: 0.2042, uncertainty: 1.5743, uncertainty_coeffi: 0.0010, loss: 0.1176, lr: 7.50e-04
     Epoch[10] Iteration[350/384], entropy: 0.5540, uncertainty: 1.8263, uncertainty_coeffi: 0.0010, loss: 0.3935, lr: 7.50e-04
     Epoch[10] Iteration[360/384], entropy: 0.3653, uncertainty: 1.5143, uncertainty_coeffi: 0.0010, loss: 0.2598, lr: 0.00e+00
     Epoch[10] Iteration[370/384], entropy: 0.1838, uncertainty: 1.4716, uncertainty_coeffi: 0.0010, loss: 0.1518, lr: 7.50e-04
     Epoch[10] Iteration[380/384], entropy: 0.4047, uncertainty: 1.9891, uncertainty_coeffi: 0.0010, loss: 0.3366, lr: 7.50e-04
     Averaged stats: entropy_avg: 0.3752, uncertainty_avg: 1.8155, uncertainty_coeffi_avg: 0.0010, loss_avg: 0.2728, lr_avg: 5.13e-04
     itm tta time 0:01:09
     Epoch[11] Iteration[10/384], entropy: 0.4327, uncertainty: 1.6191, uncertainty_coeffi: 0.0010, loss: 0.3465, lr: 1.65e-04
     Epoch[11] Iteration[20/384], entropy: 0.2131, uncertainty: 1.3075, uncertainty_coeffi: 0.0010, loss: 0.1730, lr: 9.89e-04
     Epoch[11] Iteration[30/384], entropy: 0.1886, uncertainty: 1.4695, uncertainty_coeffi: 0.0010, loss: 0.1043, lr: 3.45e-04
     Epoch[11] Iteration[40/384], entropy: 0.3832, uncertainty: 1.9515, uncertainty_coeffi: 0.0010, loss: 0.2186, lr: 1.65e-04
     Epoch[11] Iteration[50/384], entropy: 0.5380, uncertainty: 2.2607, uncertainty_coeffi: 0.0010, loss: 0.6612, lr: 9.89e-04
     Epoch[11] Iteration[60/384], entropy: 0.3725, uncertainty: 1.4986, uncertainty_coeffi: 0.0010, loss: 0.2687, lr: 3.45e-04
     Epoch[11] Iteration[70/384], entropy: 0.1320, uncertainty: 0.8111, uncertainty_coeffi: 0.0010, loss: 0.2791, lr: 1.65e-04
     Epoch[11] Iteration[80/384], entropy: 0.2124, uncertainty: 1.6563, uncertainty_coeffi: 0.0010, loss: 0.1247, lr: 9.89e-04
     Epoch[11] Iteration[90/384], entropy: 0.3245, uncertainty: 1.2525, uncertainty_coeffi: 0.0010, loss: 0.4116, lr: 3.45e-04
     Epoch[11] Iteration[100/384], entropy: 0.5073, uncertainty: 1.3735, uncertainty_coeffi: 0.0010, loss: 0.4694, lr: 1.65e-04
     Epoch[11] Iteration[110/384], entropy: 0.5500, uncertainty: 1.5682, uncertainty_coeffi: 0.0010, loss: 0.9317, lr: 9.89e-04
     Epoch[11] Iteration[120/384], entropy: 0.2606, uncertainty: 1.6341, uncertainty_coeffi: 0.0010, loss: 0.1769, lr: 3.45e-04
     Epoch[11] Iteration[130/384], entropy: 0.4193, uncertainty: 1.6200, uncertainty_coeffi: 0.0010, loss: 0.3220, lr: 1.65e-04
     Epoch[11] Iteration[140/384], entropy: 0.2982, uncertainty: 1.4944, uncertainty_coeffi: 0.0010, loss: 0.6863, lr: 9.89e-04
     Epoch[11] Iteration[150/384], entropy: 0.3405, uncertainty: 1.5940, uncertainty_coeffi: 0.0010, loss: 0.5687, lr: 3.45e-04
     Epoch[11] Iteration[160/384], entropy: 0.4649, uncertainty: 2.0994, uncertainty_coeffi: 0.0010, loss: 0.1959, lr: 1.65e-04
     Epoch[11] Iteration[170/384], entropy: 0.1501, uncertainty: 1.9271, uncertainty_coeffi: 0.0010, loss: 0.0973, lr: 9.89e-04
     Epoch[11] Iteration[180/384], entropy: 0.2776, uncertainty: 1.3738, uncertainty_coeffi: 0.0010, loss: 0.1569, lr: 3.45e-04
     Epoch[11] Iteration[190/384], entropy: 0.1915, uncertainty: 1.3423, uncertainty_coeffi: 0.0010, loss: 0.1231, lr: 1.65e-04
     Epoch[11] Iteration[200/384], entropy: 0.2104, uncertainty: 1.2085, uncertainty_coeffi: 0.0010, loss: 0.3573, lr: 9.89e-04
     Epoch[11] Iteration[210/384], entropy: 0.6716, uncertainty: 2.3334, uncertainty_coeffi: 0.0010, loss: 0.2841, lr: 3.45e-04
     Epoch[11] Iteration[220/384], entropy: 0.2869, uncertainty: 1.8831, uncertainty_coeffi: 0.0010, loss: 0.1096, lr: 1.65e-04
     Epoch[11] Iteration[230/384], entropy: 0.2861, uncertainty: 1.9212, uncertainty_coeffi: 0.0010, loss: 0.1508, lr: 9.89e-04
     Epoch[11] Iteration[240/384], entropy: 0.4518, uncertainty: 1.6044, uncertainty_coeffi: 0.0010, loss: 0.4841, lr: 3.45e-04
     Epoch[11] Iteration[250/384], entropy: 0.3284, uncertainty: 1.4248, uncertainty_coeffi: 0.0010, loss: 0.5005, lr: 1.65e-04
     Epoch[11] Iteration[260/384], entropy: 0.3754, uncertainty: 1.7597, uncertainty_coeffi: 0.0010, loss: 0.4474, lr: 9.89e-04
     Epoch[11] Iteration[270/384], entropy: 0.2858, uncertainty: 2.0784, uncertainty_coeffi: 0.0010, loss: 0.2212, lr: 3.45e-04
     Epoch[11] Iteration[280/384], entropy: 0.4976, uncertainty: 1.5977, uncertainty_coeffi: 0.0010, loss: 0.4843, lr: 1.65e-04
     Epoch[11] Iteration[290/384], entropy: 0.2146, uncertainty: 1.6628, uncertainty_coeffi: 0.0010, loss: 0.1495, lr: 9.89e-04
     Epoch[11] Iteration[300/384], entropy: 0.3241, uncertainty: 2.0641, uncertainty_coeffi: 0.0010, loss: 0.1426, lr: 3.45e-04
     Epoch[11] Iteration[310/384], entropy: 0.6469, uncertainty: 2.0395, uncertainty_coeffi: 0.0010, loss: 0.3808, lr: 1.65e-04
     Epoch[11] Iteration[320/384], entropy: 0.2453, uncertainty: 1.0855, uncertainty_coeffi: 0.0010, loss: 0.2040, lr: 9.89e-04
     Epoch[11] Iteration[330/384], entropy: 0.2503, uncertainty: 1.8776, uncertainty_coeffi: 0.0010, loss: 0.2173, lr: 3.45e-04
     Epoch[11] Iteration[340/384], entropy: 0.3711, uncertainty: 1.8295, uncertainty_coeffi: 0.0010, loss: 0.2263, lr: 1.65e-04
     Epoch[11] Iteration[350/384], entropy: 0.3105, uncertainty: 2.0690, uncertainty_coeffi: 0.0010, loss: 0.7411, lr: 9.89e-04
     Epoch[11] Iteration[360/384], entropy: 0.3223, uncertainty: 2.0439, uncertainty_coeffi: 0.0010, loss: 0.1615, lr: 3.45e-04
     Epoch[11] Iteration[370/384], entropy: 0.3349, uncertainty: 1.6142, uncertainty_coeffi: 0.0010, loss: 0.2461, lr: 1.65e-04
     Epoch[11] Iteration[380/384], entropy: 0.3568, uncertainty: 2.5057, uncertainty_coeffi: 0.0010, loss: 0.1257, lr: 9.89e-04
     Averaged stats: entropy_avg: 0.3428, uncertainty_avg: 1.6962, uncertainty_coeffi_avg: 0.0010, loss_avg: 0.3145, lr_avg: 5.04e-04
     itm tta time 0:01:09
     Epoch[12] Iteration[10/384], entropy: 0.3951, uncertainty: 1.7142, uncertainty_coeffi: 0.0010, loss: 0.2477, lr: 4.32e-05
     Epoch[12] Iteration[20/384], entropy: 0.4165, uncertainty: 1.6270, uncertainty_coeffi: 0.0010, loss: 0.3344, lr: 5.52e-04
     Epoch[12] Iteration[30/384], entropy: 0.2190, uncertainty: 1.2588, uncertainty_coeffi: 0.0010, loss: 0.1817, lr: 9.05e-04
     Epoch[12] Iteration[40/384], entropy: 0.4468, uncertainty: 1.8693, uncertainty_coeffi: 0.0010, loss: 0.2257, lr: 4.32e-05
     Epoch[12] Iteration[50/384], entropy: 0.2657, uncertainty: 1.5375, uncertainty_coeffi: 0.0010, loss: 0.2561, lr: 5.52e-04
     Epoch[12] Iteration[60/384], entropy: 0.4029, uncertainty: 1.9141, uncertainty_coeffi: 0.0010, loss: 0.2537, lr: 9.05e-04
     Epoch[12] Iteration[70/384], entropy: 0.3108, uncertainty: 1.9916, uncertainty_coeffi: 0.0010, loss: 0.2068, lr: 4.32e-05
     Epoch[12] Iteration[80/384], entropy: 0.2540, uncertainty: 2.2428, uncertainty_coeffi: 0.0010, loss: 0.1624, lr: 5.52e-04
     Epoch[12] Iteration[90/384], entropy: 0.3192, uncertainty: 1.3674, uncertainty_coeffi: 0.0010, loss: 0.6980, lr: 9.05e-04
     Epoch[12] Iteration[100/384], entropy: 0.0976, uncertainty: 1.4249, uncertainty_coeffi: 0.0010, loss: 0.1011, lr: 4.32e-05
     Epoch[12] Iteration[110/384], entropy: 0.3907, uncertainty: 1.5492, uncertainty_coeffi: 0.0010, loss: 0.2961, lr: 5.52e-04
     Epoch[12] Iteration[120/384], entropy: 0.4739, uncertainty: 2.0591, uncertainty_coeffi: 0.0010, loss: 0.2031, lr: 9.05e-04
     Epoch[12] Iteration[130/384], entropy: 0.2485, uncertainty: 1.5127, uncertainty_coeffi: 0.0010, loss: 0.1247, lr: 4.32e-05
     Epoch[12] Iteration[140/384], entropy: 0.3017, uncertainty: 1.9605, uncertainty_coeffi: 0.0010, loss: 0.3105, lr: 5.52e-04
     Epoch[12] Iteration[150/384], entropy: 0.4585, uncertainty: 1.7182, uncertainty_coeffi: 0.0010, loss: 0.2781, lr: 9.05e-04
     Epoch[12] Iteration[160/384], entropy: 0.2285, uncertainty: 2.0933, uncertainty_coeffi: 0.0010, loss: 0.1019, lr: 4.32e-05
     Epoch[12] Iteration[170/384], entropy: 0.2106, uncertainty: 1.7794, uncertainty_coeffi: 0.0010, loss: 1.6109, lr: 5.52e-04
     Epoch[12] Iteration[180/384], entropy: 0.8212, uncertainty: 1.7267, uncertainty_coeffi: 0.0010, loss: 0.6053, lr: 9.05e-04
     Epoch[12] Iteration[190/384], entropy: 0.4928, uncertainty: 1.7508, uncertainty_coeffi: 0.0010, loss: 0.2120, lr: 4.32e-05
     Epoch[12] Iteration[200/384], entropy: 0.1766, uncertainty: 1.8890, uncertainty_coeffi: 0.0010, loss: 0.1534, lr: 5.52e-04
     Epoch[12] Iteration[210/384], entropy: 0.1863, uncertainty: 1.4372, uncertainty_coeffi: 0.0010, loss: 0.1454, lr: 9.05e-04
     Epoch[12] Iteration[220/384], entropy: 0.3019, uncertainty: 1.6178, uncertainty_coeffi: 0.0010, loss: 0.1872, lr: 4.32e-05
     Epoch[12] Iteration[230/384], entropy: 0.2173, uncertainty: 1.7893, uncertainty_coeffi: 0.0010, loss: 0.0831, lr: 5.52e-04
     Epoch[12] Iteration[240/384], entropy: 0.1269, uncertainty: 1.0846, uncertainty_coeffi: 0.0010, loss: 0.0627, lr: 9.05e-04
     Epoch[12] Iteration[250/384], entropy: 0.2695, uncertainty: 1.6729, uncertainty_coeffi: 0.0010, loss: 0.1712, lr: 4.32e-05
     Epoch[12] Iteration[260/384], entropy: 0.4337, uncertainty: 1.2649, uncertainty_coeffi: 0.0010, loss: 0.2963, lr: 5.52e-04
     Epoch[12] Iteration[270/384], entropy: 0.2051, uncertainty: 1.4189, uncertainty_coeffi: 0.0010, loss: 0.1643, lr: 9.05e-04
     Epoch[12] Iteration[280/384], entropy: 0.3852, uncertainty: 1.5066, uncertainty_coeffi: 0.0010, loss: 0.2823, lr: 4.32e-05
     Epoch[12] Iteration[290/384], entropy: 0.1703, uncertainty: 1.6709, uncertainty_coeffi: 0.0010, loss: 0.0794, lr: 5.52e-04
     Epoch[12] Iteration[300/384], entropy: 0.1269, uncertainty: 1.3355, uncertainty_coeffi: 0.0010, loss: 0.0754, lr: 9.05e-04
     Epoch[12] Iteration[310/384], entropy: 0.5397, uncertainty: 1.9920, uncertainty_coeffi: 0.0010, loss: 0.2956, lr: 4.32e-05
     Epoch[12] Iteration[320/384], entropy: 0.4890, uncertainty: 1.6815, uncertainty_coeffi: 0.0010, loss: 0.2816, lr: 5.52e-04
     Epoch[12] Iteration[330/384], entropy: 0.4635, uncertainty: 1.8254, uncertainty_coeffi: 0.0010, loss: 0.2081, lr: 9.05e-04
     Epoch[12] Iteration[340/384], entropy: 0.3789, uncertainty: 1.7682, uncertainty_coeffi: 0.0010, loss: 0.4324, lr: 4.32e-05
     Epoch[12] Iteration[350/384], entropy: 0.2761, uncertainty: 1.5681, uncertainty_coeffi: 0.0010, loss: 0.2719, lr: 5.52e-04
     Epoch[12] Iteration[360/384], entropy: 0.5743, uncertainty: 1.6413, uncertainty_coeffi: 0.0010, loss: 0.4321, lr: 9.05e-04
     Epoch[12] Iteration[370/384], entropy: 0.5783, uncertainty: 1.6853, uncertainty_coeffi: 0.0010, loss: 0.3661, lr: 4.32e-05
     Epoch[12] Iteration[380/384], entropy: 0.3896, uncertainty: 1.9463, uncertainty_coeffi: 0.0010, loss: 0.5559, lr: 5.52e-04
     Averaged stats: entropy_avg: 0.3432, uncertainty_avg: 1.6814, uncertainty_coeffi_avg: 0.0010, loss_avg: 0.2883, lr_avg: 4.89e-04
     itm tta time 0:01:09
     Epoch[13] Iteration[10/384], entropy: 0.1373, uncertainty: 1.5753, uncertainty_coeffi: 0.0010, loss: 0.1665, lr: 5.52e-04
     Epoch[13] Iteration[20/384], entropy: 0.2984, uncertainty: 1.8050, uncertainty_coeffi: 0.0010, loss: 0.3316, lr: 4.32e-05
     Epoch[13] Iteration[30/384], entropy: 0.3854, uncertainty: 1.4784, uncertainty_coeffi: 0.0010, loss: 0.2118, lr: 9.05e-04
     Epoch[13] Iteration[40/384], entropy: 0.3833, uncertainty: 1.6364, uncertainty_coeffi: 0.0010, loss: 0.3292, lr: 5.52e-04
     Epoch[13] Iteration[50/384], entropy: 0.3733, uncertainty: 1.5430, uncertainty_coeffi: 0.0010, loss: 0.2421, lr: 4.32e-05
     Epoch[13] Iteration[60/384], entropy: 0.2983, uncertainty: 1.6898, uncertainty_coeffi: 0.0010, loss: 0.1769, lr: 9.05e-04
     Epoch[13] Iteration[70/384], entropy: 0.4021, uncertainty: 1.8518, uncertainty_coeffi: 0.0010, loss: 0.2116, lr: 5.52e-04
     Epoch[13] Iteration[80/384], entropy: 0.5747, uncertainty: 1.8538, uncertainty_coeffi: 0.0010, loss: 0.3624, lr: 4.32e-05
     Epoch[13] Iteration[90/384], entropy: 0.3039, uncertainty: 1.4381, uncertainty_coeffi: 0.0010, loss: 0.2105, lr: 9.05e-04
     Epoch[13] Iteration[100/384], entropy: 0.2984, uncertainty: 1.5155, uncertainty_coeffi: 0.0010, loss: 0.1896, lr: 5.52e-04
     Epoch[13] Iteration[110/384], entropy: 0.2918, uncertainty: 1.6571, uncertainty_coeffi: 0.0010, loss: 0.5476, lr: 4.32e-05
     Epoch[13] Iteration[120/384], entropy: 0.5327, uncertainty: 2.0827, uncertainty_coeffi: 0.0010, loss: 0.2462, lr: 9.05e-04
     Epoch[13] Iteration[130/384], entropy: 0.1677, uncertainty: 1.6699, uncertainty_coeffi: 0.0010, loss: 0.0965, lr: 5.52e-04
     Epoch[13] Iteration[140/384], entropy: 0.5599, uncertainty: 2.1662, uncertainty_coeffi: 0.0010, loss: 0.4728, lr: 4.32e-05
     Epoch[13] Iteration[150/384], entropy: 0.4627, uncertainty: 1.5742, uncertainty_coeffi: 0.0010, loss: 0.2928, lr: 9.05e-04
     Epoch[13] Iteration[160/384], entropy: 0.4340, uncertainty: 1.4173, uncertainty_coeffi: 0.0010, loss: 0.1943, lr: 5.52e-04
     Epoch[13] Iteration[170/384], entropy: 0.7125, uncertainty: 1.9261, uncertainty_coeffi: 0.0010, loss: 0.4567, lr: 4.32e-05
     Epoch[13] Iteration[180/384], entropy: 0.2886, uncertainty: 1.9962, uncertainty_coeffi: 0.0010, loss: 0.1389, lr: 9.05e-04
     Epoch[13] Iteration[190/384], entropy: 0.3123, uncertainty: 1.9565, uncertainty_coeffi: 0.0010, loss: 0.1522, lr: 5.52e-04
     Epoch[13] Iteration[200/384], entropy: 0.1756, uncertainty: 1.5407, uncertainty_coeffi: 0.0010, loss: 0.1365, lr: 4.32e-05
     Epoch[13] Iteration[210/384], entropy: 0.2608, uncertainty: 1.8880, uncertainty_coeffi: 0.0010, loss: 0.1851, lr: 9.05e-04
     Epoch[13] Iteration[220/384], entropy: 0.3256, uncertainty: 1.6843, uncertainty_coeffi: 0.0010, loss: 0.2349, lr: 5.52e-04
     Epoch[13] Iteration[230/384], entropy: 0.4669, uncertainty: 1.5551, uncertainty_coeffi: 0.0010, loss: 0.7918, lr: 4.32e-05
     Epoch[13] Iteration[240/384], entropy: 0.2080, uncertainty: 2.2021, uncertainty_coeffi: 0.0010, loss: 0.1259, lr: 9.05e-04
     Epoch[13] Iteration[250/384], entropy: 0.5157, uncertainty: 1.8985, uncertainty_coeffi: 0.0010, loss: 0.2391, lr: 5.52e-04
     Epoch[13] Iteration[260/384], entropy: 0.4302, uncertainty: 2.3925, uncertainty_coeffi: 0.0010, loss: 0.1745, lr: 4.32e-05
     Epoch[13] Iteration[270/384], entropy: 0.4440, uncertainty: 1.8273, uncertainty_coeffi: 0.0010, loss: 0.3105, lr: 9.05e-04
     Epoch[13] Iteration[280/384], entropy: 0.5623, uncertainty: 2.4136, uncertainty_coeffi: 0.0010, loss: 0.2247, lr: 5.52e-04
     Epoch[13] Iteration[290/384], entropy: 0.3138, uncertainty: 1.7506, uncertainty_coeffi: 0.0010, loss: 0.2085, lr: 4.32e-05
     Epoch[13] Iteration[300/384], entropy: 0.1435, uncertainty: 1.5648, uncertainty_coeffi: 0.0010, loss: 0.2275, lr: 9.05e-04
     Epoch[13] Iteration[310/384], entropy: 0.3932, uncertainty: 1.8225, uncertainty_coeffi: 0.0010, loss: 0.4569, lr: 5.52e-04
     Epoch[13] Iteration[320/384], entropy: 0.0733, uncertainty: 1.5070, uncertainty_coeffi: 0.0010, loss: 0.0589, lr: 4.32e-05
     Epoch[13] Iteration[330/384], entropy: 0.1704, uncertainty: 1.5324, uncertainty_coeffi: 0.0010, loss: 0.1556, lr: 9.05e-04
     Epoch[13] Iteration[340/384], entropy: 0.1726, uncertainty: 2.0176, uncertainty_coeffi: 0.0010, loss: 0.1170, lr: 5.52e-04
     Epoch[13] Iteration[350/384], entropy: 0.5451, uncertainty: 2.1459, uncertainty_coeffi: 0.0010, loss: 0.3455, lr: 4.32e-05
     Epoch[13] Iteration[360/384], entropy: 0.1282, uncertainty: 1.1107, uncertainty_coeffi: 0.0010, loss: 0.1477, lr: 9.05e-04
     Epoch[13] Iteration[370/384], entropy: 0.4236, uncertainty: 1.8487, uncertainty_coeffi: 0.0010, loss: 0.2097, lr: 5.52e-04
     Epoch[13] Iteration[380/384], entropy: 0.4216, uncertainty: 1.8317, uncertainty_coeffi: 0.0010, loss: 0.3770, lr: 4.32e-05
     Averaged stats: entropy_avg: 0.3524, uncertainty_avg: 1.7728, uncertainty_coeffi_avg: 0.0010, loss_avg: 0.2568, lr_avg: 4.89e-04
     itm tta time 0:01:09
     Epoch[14] Iteration[10/384], entropy: 0.3978, uncertainty: 1.6498, uncertainty_coeffi: 0.0010, loss: 0.2476, lr: 9.89e-04
     Epoch[14] Iteration[20/384], entropy: 0.2767, uncertainty: 1.5538, uncertainty_coeffi: 0.0010, loss: 0.2287, lr: 1.65e-04
     Epoch[14] Iteration[30/384], entropy: 0.2559, uncertainty: 1.4239, uncertainty_coeffi: 0.0010, loss: 0.1386, lr: 3.45e-04
     Epoch[14] Iteration[40/384], entropy: 0.2276, uncertainty: 1.4444, uncertainty_coeffi: 0.0010, loss: 0.3559, lr: 9.89e-04
     Epoch[14] Iteration[50/384], entropy: 0.3700, uncertainty: 1.9047, uncertainty_coeffi: 0.0010, loss: 0.1647, lr: 1.65e-04
     Epoch[14] Iteration[60/384], entropy: 0.2811, uncertainty: 1.6963, uncertainty_coeffi: 0.0010, loss: 0.3595, lr: 3.45e-04
     Epoch[14] Iteration[70/384], entropy: 0.2655, uncertainty: 1.8085, uncertainty_coeffi: 0.0010, loss: 0.1990, lr: 9.89e-04
     Epoch[14] Iteration[80/384], entropy: 0.3891, uncertainty: 1.3493, uncertainty_coeffi: 0.0010, loss: 0.6629, lr: 1.65e-04
     Epoch[14] Iteration[90/384], entropy: 0.3137, uncertainty: 2.0444, uncertainty_coeffi: 0.0010, loss: 0.1605, lr: 3.45e-04
     Epoch[14] Iteration[100/384], entropy: 0.5064, uncertainty: 1.7254, uncertainty_coeffi: 0.0010, loss: 0.6098, lr: 9.89e-04
     Epoch[14] Iteration[110/384], entropy: 0.3034, uncertainty: 1.8066, uncertainty_coeffi: 0.0010, loss: 0.1527, lr: 1.65e-04
     Epoch[14] Iteration[120/384], entropy: 0.3073, uncertainty: 1.5086, uncertainty_coeffi: 0.0010, loss: 0.2500, lr: 3.45e-04
     Epoch[14] Iteration[130/384], entropy: 0.4474, uncertainty: 2.2188, uncertainty_coeffi: 0.0010, loss: 0.1596, lr: 9.89e-04
     Epoch[14] Iteration[140/384], entropy: 0.5548, uncertainty: 1.6177, uncertainty_coeffi: 0.0010, loss: 0.3742, lr: 1.65e-04
     Epoch[14] Iteration[150/384], entropy: 0.4732, uncertainty: 1.6896, uncertainty_coeffi: 0.0010, loss: 0.3586, lr: 3.45e-04
     Epoch[14] Iteration[160/384], entropy: 0.2684, uncertainty: 1.6447, uncertainty_coeffi: 0.0010, loss: 0.4947, lr: 9.89e-04
     Epoch[14] Iteration[170/384], entropy: 0.4964, uncertainty: 1.9666, uncertainty_coeffi: 0.0010, loss: 0.2919, lr: 1.65e-04
     Epoch[14] Iteration[180/384], entropy: 0.2105, uncertainty: 1.9752, uncertainty_coeffi: 0.0010, loss: 0.2109, lr: 3.45e-04
     Epoch[14] Iteration[190/384], entropy: 0.3533, uncertainty: 1.0206, uncertainty_coeffi: 0.0010, loss: 0.5477, lr: 9.89e-04
     Epoch[14] Iteration[200/384], entropy: 0.4376, uncertainty: 2.0049, uncertainty_coeffi: 0.0010, loss: 0.2264, lr: 1.65e-04
     Epoch[14] Iteration[210/384], entropy: 0.3133, uncertainty: 1.5646, uncertainty_coeffi: 0.0010, loss: 0.2466, lr: 3.45e-04
     Epoch[14] Iteration[220/384], entropy: 0.1906, uncertainty: 1.9108, uncertainty_coeffi: 0.0010, loss: 0.2885, lr: 9.89e-04
     Epoch[14] Iteration[230/384], entropy: 0.1559, uncertainty: 2.2700, uncertainty_coeffi: 0.0010, loss: 0.0721, lr: 1.65e-04
     Epoch[14] Iteration[240/384], entropy: 0.4252, uncertainty: 1.8416, uncertainty_coeffi: 0.0010, loss: 0.5620, lr: 3.45e-04
     Epoch[14] Iteration[250/384], entropy: 0.5814, uncertainty: 1.8025, uncertainty_coeffi: 0.0010, loss: 0.2677, lr: 9.89e-04
     Epoch[14] Iteration[260/384], entropy: 0.2934, uncertainty: 1.9783, uncertainty_coeffi: 0.0010, loss: 0.3586, lr: 1.65e-04
     Epoch[14] Iteration[270/384], entropy: 0.2245, uncertainty: 1.0083, uncertainty_coeffi: 0.0010, loss: 0.2318, lr: 3.45e-04
     Epoch[14] Iteration[280/384], entropy: 0.4603, uncertainty: 1.7687, uncertainty_coeffi: 0.0010, loss: 0.3914, lr: 9.89e-04
     Epoch[14] Iteration[290/384], entropy: 0.2409, uncertainty: 1.2687, uncertainty_coeffi: 0.0010, loss: 0.1807, lr: 1.65e-04
     Epoch[14] Iteration[300/384], entropy: 0.3434, uncertainty: 1.5048, uncertainty_coeffi: 0.0010, loss: 0.1741, lr: 3.45e-04
     Epoch[14] Iteration[310/384], entropy: 0.3475, uncertainty: 1.6206, uncertainty_coeffi: 0.0010, loss: 0.1938, lr: 9.89e-04
     Epoch[14] Iteration[320/384], entropy: 0.4421, uncertainty: 1.6386, uncertainty_coeffi: 0.0010, loss: 0.2771, lr: 1.65e-04
     Epoch[14] Iteration[330/384], entropy: 0.3679, uncertainty: 1.6995, uncertainty_coeffi: 0.0010, loss: 0.3656, lr: 3.45e-04
     Epoch[14] Iteration[340/384], entropy: 0.2294, uncertainty: 1.4056, uncertainty_coeffi: 0.0010, loss: 0.2012, lr: 9.89e-04
     Epoch[14] Iteration[350/384], entropy: 0.2426, uncertainty: 1.6896, uncertainty_coeffi: 0.0010, loss: 0.2226, lr: 1.65e-04
     Epoch[14] Iteration[360/384], entropy: 0.4616, uncertainty: 1.9481, uncertainty_coeffi: 0.0010, loss: 0.2722, lr: 3.45e-04
     Epoch[14] Iteration[370/384], entropy: 0.2365, uncertainty: 1.7091, uncertainty_coeffi: 0.0010, loss: 0.1865, lr: 9.89e-04
     Epoch[14] Iteration[380/384], entropy: 0.1749, uncertainty: 1.6067, uncertainty_coeffi: 0.0010, loss: 0.1222, lr: 1.65e-04
     Averaged stats: entropy_avg: 0.3386, uncertainty_avg: 1.6918, uncertainty_coeffi_avg: 0.0010, loss_avg: 0.2844, lr_avg: 5.04e-04
     itm tta time 0:01:09
### TTA Eval Score: 
+-------+--------+--------+--------+--------+--------+
| epoch |   R1   |   R5   |  R10   |  mAP   |  mINP  |
+-------+--------+--------+--------+--------+--------+
|  -999 | 70.598 | 86.891 | 91.780 | 63.391 | 47.063 |
|   0   | 70.078 | 86.436 | 91.261 | 62.978 | 46.840 |
|   1   | 69.331 | 85.851 | 90.838 | 62.436 | 46.265 |
|   2   | 69.786 | 86.355 | 91.228 | 62.750 | 46.549 |
|   4   | 69.883 | 86.371 | 91.439 | 62.877 | 46.643 |
|   9   | 70.062 | 86.241 | 91.650 | 63.027 | 46.693 |
|   14  | 70.143 | 86.339 | 91.407 | 62.917 | 46.558 |
+-------+--------+--------+--------+--------+--------+
     logs:  {'epo': 14, 'R1': 70.143, 'R5': 86.339, 'R10': 91.407, 'mAP': 62.917, 'mINP': 46.558, 'entropy': 0.3386233076453209, 'uncertainty': 1.6918369123810215, 'uncertainty_coeffi': 0.0010000000474974513, 'loss': 0.2844253615721276, 'lr': 0.0005040660130838657}
     Epoch[15] Iteration[10/384], entropy: 0.2996, uncertainty: 2.1121, uncertainty_coeffi: 0.0010, loss: 0.1440, lr: 7.50e-04
     Epoch[15] Iteration[20/384], entropy: 0.5142, uncertainty: 1.0790, uncertainty_coeffi: 0.0010, loss: 0.8779, lr: 7.50e-04
     Epoch[15] Iteration[30/384], entropy: 0.3502, uncertainty: 1.5451, uncertainty_coeffi: 0.0010, loss: 0.4795, lr: 0.00e+00
     Epoch[15] Iteration[40/384], entropy: 0.1815, uncertainty: 1.3645, uncertainty_coeffi: 0.0010, loss: 0.4461, lr: 7.50e-04
     Epoch[15] Iteration[50/384], entropy: 0.4812, uncertainty: 1.6482, uncertainty_coeffi: 0.0010, loss: 0.3226, lr: 7.50e-04
     Epoch[15] Iteration[60/384], entropy: 0.2235, uncertainty: 1.7249, uncertainty_coeffi: 0.0010, loss: 0.1355, lr: 0.00e+00
     Epoch[15] Iteration[70/384], entropy: 0.2733, uncertainty: 1.9912, uncertainty_coeffi: 0.0010, loss: 0.1148, lr: 7.50e-04
     Epoch[15] Iteration[80/384], entropy: 0.5997, uncertainty: 1.8250, uncertainty_coeffi: 0.0010, loss: 0.3007, lr: 7.50e-04
     Epoch[15] Iteration[90/384], entropy: 0.3499, uncertainty: 1.9273, uncertainty_coeffi: 0.0010, loss: 0.2008, lr: 0.00e+00
     Epoch[15] Iteration[100/384], entropy: 0.4084, uncertainty: 1.5790, uncertainty_coeffi: 0.0010, loss: 0.2251, lr: 7.50e-04
     Epoch[15] Iteration[110/384], entropy: 0.4410, uncertainty: 2.0296, uncertainty_coeffi: 0.0010, loss: 0.1934, lr: 7.50e-04
     Epoch[15] Iteration[120/384], entropy: 0.3520, uncertainty: 1.6893, uncertainty_coeffi: 0.0010, loss: 0.2880, lr: 0.00e+00
     Epoch[15] Iteration[130/384], entropy: 0.6091, uncertainty: 2.3560, uncertainty_coeffi: 0.0010, loss: 0.2555, lr: 7.50e-04
     Epoch[15] Iteration[140/384], entropy: 0.4374, uncertainty: 1.7225, uncertainty_coeffi: 0.0010, loss: 0.2678, lr: 7.50e-04
     Epoch[15] Iteration[150/384], entropy: 0.4334, uncertainty: 1.9236, uncertainty_coeffi: 0.0010, loss: 0.2761, lr: 0.00e+00
     Epoch[15] Iteration[160/384], entropy: 0.3061, uncertainty: 1.3668, uncertainty_coeffi: 0.0010, loss: 0.2441, lr: 7.50e-04
     Epoch[15] Iteration[170/384], entropy: 0.3652, uncertainty: 1.9656, uncertainty_coeffi: 0.0010, loss: 0.1861, lr: 7.50e-04
     Epoch[15] Iteration[180/384], entropy: 0.2943, uncertainty: 1.9184, uncertainty_coeffi: 0.0010, loss: 0.1741, lr: 0.00e+00
     Epoch[15] Iteration[190/384], entropy: 0.7710, uncertainty: 2.6920, uncertainty_coeffi: 0.0010, loss: 0.3727, lr: 7.50e-04
     Epoch[15] Iteration[200/384], entropy: 0.3643, uncertainty: 1.6928, uncertainty_coeffi: 0.0010, loss: 0.2624, lr: 7.50e-04
     Epoch[15] Iteration[210/384], entropy: 0.3490, uncertainty: 1.5579, uncertainty_coeffi: 0.0010, loss: 0.3058, lr: 0.00e+00
     Epoch[15] Iteration[220/384], entropy: 0.4813, uncertainty: 1.9641, uncertainty_coeffi: 0.0010, loss: 0.2557, lr: 7.50e-04
     Epoch[15] Iteration[230/384], entropy: 0.1174, uncertainty: 1.4566, uncertainty_coeffi: 0.0010, loss: 0.0868, lr: 7.50e-04
     Epoch[15] Iteration[240/384], entropy: 0.3540, uncertainty: 2.1859, uncertainty_coeffi: 0.0010, loss: 0.1592, lr: 0.00e+00
     Epoch[15] Iteration[250/384], entropy: 0.4234, uncertainty: 1.8308, uncertainty_coeffi: 0.0010, loss: 0.9212, lr: 7.50e-04
     Epoch[15] Iteration[260/384], entropy: 0.3741, uncertainty: 1.8254, uncertainty_coeffi: 0.0010, loss: 0.2502, lr: 7.50e-04
     Epoch[15] Iteration[270/384], entropy: 0.4184, uncertainty: 1.7144, uncertainty_coeffi: 0.0010, loss: 0.2229, lr: 0.00e+00
     Epoch[15] Iteration[280/384], entropy: 0.2885, uncertainty: 1.7565, uncertainty_coeffi: 0.0010, loss: 0.1311, lr: 7.50e-04
     Epoch[15] Iteration[290/384], entropy: 0.3536, uncertainty: 2.0045, uncertainty_coeffi: 0.0010, loss: 0.1451, lr: 7.50e-04
     Epoch[15] Iteration[300/384], entropy: 0.2030, uncertainty: 1.5392, uncertainty_coeffi: 0.0010, loss: 0.1194, lr: 0.00e+00
     Epoch[15] Iteration[310/384], entropy: 0.5737, uncertainty: 2.0194, uncertainty_coeffi: 0.0010, loss: 0.2508, lr: 7.50e-04
     Epoch[15] Iteration[320/384], entropy: 0.3595, uncertainty: 1.8326, uncertainty_coeffi: 0.0010, loss: 0.1780, lr: 7.50e-04
     Epoch[15] Iteration[330/384], entropy: 0.3996, uncertainty: 1.6390, uncertainty_coeffi: 0.0010, loss: 0.2574, lr: 0.00e+00
     Epoch[15] Iteration[340/384], entropy: 0.5779, uncertainty: 1.6803, uncertainty_coeffi: 0.0010, loss: 0.2939, lr: 7.50e-04
     Epoch[15] Iteration[350/384], entropy: 0.2439, uncertainty: 1.3955, uncertainty_coeffi: 0.0010, loss: 0.1933, lr: 7.50e-04
     Epoch[15] Iteration[360/384], entropy: 0.4216, uncertainty: 2.0024, uncertainty_coeffi: 0.0010, loss: 0.2218, lr: 0.00e+00
     Epoch[15] Iteration[370/384], entropy: 0.3836, uncertainty: 2.1383, uncertainty_coeffi: 0.0010, loss: 0.1512, lr: 7.50e-04
     Epoch[15] Iteration[380/384], entropy: 0.4825, uncertainty: 1.5750, uncertainty_coeffi: 0.0010, loss: 0.6695, lr: 7.50e-04
     Averaged stats: entropy_avg: 0.3911, uncertainty_avg: 1.7966, uncertainty_coeffi_avg: 0.0010, loss_avg: 0.2784, lr_avg: 5.13e-04
     itm tta time 0:01:09
     Epoch[16] Iteration[10/384], entropy: 0.3645, uncertainty: 1.8273, uncertainty_coeffi: 0.0010, loss: 0.2281, lr: 1.65e-04
     Epoch[16] Iteration[20/384], entropy: 0.3572, uncertainty: 1.9631, uncertainty_coeffi: 0.0010, loss: 0.3831, lr: 9.89e-04
     Epoch[16] Iteration[30/384], entropy: 0.2089, uncertainty: 1.4722, uncertainty_coeffi: 0.0010, loss: 0.1077, lr: 3.45e-04
     Epoch[16] Iteration[40/384], entropy: 0.4410, uncertainty: 1.7828, uncertainty_coeffi: 0.0010, loss: 0.2776, lr: 1.65e-04
     Epoch[16] Iteration[50/384], entropy: 0.4165, uncertainty: 1.6977, uncertainty_coeffi: 0.0010, loss: 0.2803, lr: 9.89e-04
     Epoch[16] Iteration[60/384], entropy: 0.4359, uncertainty: 1.8701, uncertainty_coeffi: 0.0010, loss: 0.2667, lr: 3.45e-04
     Epoch[16] Iteration[70/384], entropy: 0.3443, uncertainty: 1.5425, uncertainty_coeffi: 0.0010, loss: 0.2173, lr: 1.65e-04
     Epoch[16] Iteration[80/384], entropy: 0.5335, uncertainty: 1.5872, uncertainty_coeffi: 0.0010, loss: 0.4209, lr: 9.89e-04
     Epoch[16] Iteration[90/384], entropy: 0.2634, uncertainty: 1.4972, uncertainty_coeffi: 0.0010, loss: 0.1593, lr: 3.45e-04
     Epoch[16] Iteration[100/384], entropy: 0.3898, uncertainty: 2.1999, uncertainty_coeffi: 0.0010, loss: 0.2417, lr: 1.65e-04
     Epoch[16] Iteration[110/384], entropy: 0.1275, uncertainty: 1.4617, uncertainty_coeffi: 0.0010, loss: 0.0777, lr: 9.89e-04
     Epoch[16] Iteration[120/384], entropy: 0.4816, uncertainty: 1.6772, uncertainty_coeffi: 0.0010, loss: 0.2094, lr: 3.45e-04
     Epoch[16] Iteration[130/384], entropy: 0.3062, uncertainty: 1.7177, uncertainty_coeffi: 0.0010, loss: 0.1887, lr: 1.65e-04
     Epoch[16] Iteration[140/384], entropy: 0.4413, uncertainty: 2.0296, uncertainty_coeffi: 0.0010, loss: 0.2665, lr: 9.89e-04
     Epoch[16] Iteration[150/384], entropy: 0.2176, uncertainty: 1.4006, uncertainty_coeffi: 0.0010, loss: 0.1399, lr: 3.45e-04
     Epoch[16] Iteration[160/384], entropy: 0.6121, uncertainty: 1.7552, uncertainty_coeffi: 0.0010, loss: 0.4867, lr: 1.65e-04
     Epoch[16] Iteration[170/384], entropy: 0.3422, uncertainty: 1.3520, uncertainty_coeffi: 0.0010, loss: 0.4540, lr: 9.89e-04
     Epoch[16] Iteration[180/384], entropy: 0.4899, uncertainty: 2.1855, uncertainty_coeffi: 0.0010, loss: 0.1934, lr: 3.45e-04
     Epoch[16] Iteration[190/384], entropy: 0.4633, uncertainty: 1.8746, uncertainty_coeffi: 0.0010, loss: 0.3840, lr: 1.65e-04
     Epoch[16] Iteration[200/384], entropy: 0.2624, uncertainty: 1.6266, uncertainty_coeffi: 0.0010, loss: 0.1922, lr: 9.89e-04
     Epoch[16] Iteration[210/384], entropy: 0.1989, uncertainty: 2.2077, uncertainty_coeffi: 0.0010, loss: 0.2517, lr: 3.45e-04
     Epoch[16] Iteration[220/384], entropy: 0.1892, uncertainty: 1.4749, uncertainty_coeffi: 0.0010, loss: 0.3266, lr: 1.65e-04
     Epoch[16] Iteration[230/384], entropy: 0.1884, uncertainty: 1.3902, uncertainty_coeffi: 0.0010, loss: 0.1443, lr: 9.89e-04
     Epoch[16] Iteration[240/384], entropy: 0.3527, uncertainty: 2.0493, uncertainty_coeffi: 0.0010, loss: 0.1626, lr: 3.45e-04
     Epoch[16] Iteration[250/384], entropy: 0.3648, uncertainty: 1.7969, uncertainty_coeffi: 0.0010, loss: 0.2992, lr: 1.65e-04
     Epoch[16] Iteration[260/384], entropy: 0.2337, uncertainty: 1.3451, uncertainty_coeffi: 0.0010, loss: 0.1855, lr: 9.89e-04
     Epoch[16] Iteration[270/384], entropy: 0.2026, uncertainty: 1.9478, uncertainty_coeffi: 0.0010, loss: 0.1310, lr: 3.45e-04
     Epoch[16] Iteration[280/384], entropy: 0.3052, uncertainty: 1.4007, uncertainty_coeffi: 0.0010, loss: 0.3160, lr: 1.65e-04
     Epoch[16] Iteration[290/384], entropy: 0.2991, uncertainty: 1.5279, uncertainty_coeffi: 0.0010, loss: 0.2660, lr: 9.89e-04
     Epoch[16] Iteration[300/384], entropy: 0.1516, uncertainty: 1.2510, uncertainty_coeffi: 0.0010, loss: 0.3248, lr: 3.45e-04
     Epoch[16] Iteration[310/384], entropy: 0.4530, uncertainty: 1.9003, uncertainty_coeffi: 0.0010, loss: 0.1894, lr: 1.65e-04
     Epoch[16] Iteration[320/384], entropy: 0.3929, uncertainty: 1.6706, uncertainty_coeffi: 0.0010, loss: 0.2065, lr: 9.89e-04
     Epoch[16] Iteration[330/384], entropy: 0.2776, uncertainty: 1.4998, uncertainty_coeffi: 0.0010, loss: 0.1730, lr: 3.45e-04
     Epoch[16] Iteration[340/384], entropy: 0.3636, uncertainty: 1.9237, uncertainty_coeffi: 0.0010, loss: 0.1773, lr: 1.65e-04
     Epoch[16] Iteration[350/384], entropy: 0.3570, uncertainty: 2.1084, uncertainty_coeffi: 0.0010, loss: 0.1657, lr: 9.89e-04
     Epoch[16] Iteration[360/384], entropy: 0.4440, uncertainty: 1.6972, uncertainty_coeffi: 0.0010, loss: 0.3060, lr: 3.45e-04
     Epoch[16] Iteration[370/384], entropy: 0.2768, uncertainty: 1.9703, uncertainty_coeffi: 0.0010, loss: 0.2718, lr: 1.65e-04
     Epoch[16] Iteration[380/384], entropy: 0.3194, uncertainty: 1.7919, uncertainty_coeffi: 0.0010, loss: 0.1317, lr: 9.89e-04
     Averaged stats: entropy_avg: 0.3387, uncertainty_avg: 1.7230, uncertainty_coeffi_avg: 0.0010, loss_avg: 0.2422, lr_avg: 5.04e-04
     itm tta time 0:01:09
     Epoch[17] Iteration[10/384], entropy: 0.1170, uncertainty: 1.3152, uncertainty_coeffi: 0.0010, loss: 0.1307, lr: 4.32e-05
     Epoch[17] Iteration[20/384], entropy: 0.3662, uncertainty: 1.7146, uncertainty_coeffi: 0.0010, loss: 0.1811, lr: 5.52e-04
     Epoch[17] Iteration[30/384], entropy: 0.5907, uncertainty: 1.9648, uncertainty_coeffi: 0.0010, loss: 0.2870, lr: 9.05e-04
     Epoch[17] Iteration[40/384], entropy: 0.3344, uncertainty: 1.1761, uncertainty_coeffi: 0.0010, loss: 0.4020, lr: 4.32e-05
     Epoch[17] Iteration[50/384], entropy: 0.3457, uncertainty: 2.0897, uncertainty_coeffi: 0.0010, loss: 0.1763, lr: 5.52e-04
     Epoch[17] Iteration[60/384], entropy: 0.3117, uncertainty: 1.3194, uncertainty_coeffi: 0.0010, loss: 0.3343, lr: 9.05e-04
     Epoch[17] Iteration[70/384], entropy: 0.2092, uncertainty: 1.5458, uncertainty_coeffi: 0.0010, loss: 0.2138, lr: 4.32e-05
     Epoch[17] Iteration[80/384], entropy: 0.3722, uncertainty: 1.8008, uncertainty_coeffi: 0.0010, loss: 0.1841, lr: 5.52e-04
     Epoch[17] Iteration[90/384], entropy: 0.3584, uncertainty: 1.8678, uncertainty_coeffi: 0.0010, loss: 0.3667, lr: 9.05e-04
     Epoch[17] Iteration[100/384], entropy: 0.4418, uncertainty: 1.7499, uncertainty_coeffi: 0.0010, loss: 0.3792, lr: 4.32e-05
     Epoch[17] Iteration[110/384], entropy: 0.3351, uncertainty: 1.4632, uncertainty_coeffi: 0.0010, loss: 0.2178, lr: 5.52e-04
     Epoch[17] Iteration[120/384], entropy: 0.4347, uncertainty: 1.8495, uncertainty_coeffi: 0.0010, loss: 0.2378, lr: 9.05e-04
     Epoch[17] Iteration[130/384], entropy: 0.5397, uncertainty: 2.0999, uncertainty_coeffi: 0.0010, loss: 0.5047, lr: 4.32e-05
     Epoch[17] Iteration[140/384], entropy: 0.1726, uncertainty: 1.4027, uncertainty_coeffi: 0.0010, loss: 0.1467, lr: 5.52e-04
     Epoch[17] Iteration[150/384], entropy: 0.3084, uncertainty: 1.7109, uncertainty_coeffi: 0.0010, loss: 0.3135, lr: 9.05e-04
     Epoch[17] Iteration[160/384], entropy: 0.3158, uncertainty: 1.4024, uncertainty_coeffi: 0.0010, loss: 0.1748, lr: 4.32e-05
     Epoch[17] Iteration[170/384], entropy: 0.4065, uncertainty: 1.5107, uncertainty_coeffi: 0.0010, loss: 0.2538, lr: 5.52e-04
     Epoch[17] Iteration[180/384], entropy: 0.2038, uncertainty: 1.4686, uncertainty_coeffi: 0.0010, loss: 0.2084, lr: 9.05e-04
     Epoch[17] Iteration[190/384], entropy: 0.2966, uncertainty: 1.9694, uncertainty_coeffi: 0.0010, loss: 0.1345, lr: 4.32e-05
     Epoch[17] Iteration[200/384], entropy: 0.2700, uncertainty: 1.3720, uncertainty_coeffi: 0.0010, loss: 0.1369, lr: 5.52e-04
     Epoch[17] Iteration[210/384], entropy: 0.4119, uncertainty: 1.9771, uncertainty_coeffi: 0.0010, loss: 0.1911, lr: 9.05e-04
     Epoch[17] Iteration[220/384], entropy: 0.3666, uncertainty: 1.1899, uncertainty_coeffi: 0.0010, loss: 0.2929, lr: 4.32e-05
     Epoch[17] Iteration[230/384], entropy: 0.3424, uncertainty: 1.8166, uncertainty_coeffi: 0.0010, loss: 0.1761, lr: 5.52e-04
     Epoch[17] Iteration[240/384], entropy: 0.3031, uncertainty: 1.8375, uncertainty_coeffi: 0.0010, loss: 0.1387, lr: 9.05e-04
     Epoch[17] Iteration[250/384], entropy: 0.2455, uncertainty: 1.9457, uncertainty_coeffi: 0.0010, loss: 0.1039, lr: 4.32e-05
     Epoch[17] Iteration[260/384], entropy: 0.3435, uncertainty: 1.1110, uncertainty_coeffi: 0.0010, loss: 0.2128, lr: 5.52e-04
     Epoch[17] Iteration[270/384], entropy: 0.2730, uncertainty: 1.5574, uncertainty_coeffi: 0.0010, loss: 0.1247, lr: 9.05e-04
     Epoch[17] Iteration[280/384], entropy: 0.3242, uncertainty: 1.8527, uncertainty_coeffi: 0.0010, loss: 0.2045, lr: 4.32e-05
     Epoch[17] Iteration[290/384], entropy: 0.6097, uncertainty: 1.9286, uncertainty_coeffi: 0.0010, loss: 0.4804, lr: 5.52e-04
     Epoch[17] Iteration[300/384], entropy: 0.3745, uncertainty: 1.3914, uncertainty_coeffi: 0.0010, loss: 0.1910, lr: 9.05e-04
     Epoch[17] Iteration[310/384], entropy: 0.4456, uncertainty: 2.0924, uncertainty_coeffi: 0.0010, loss: 0.2415, lr: 4.32e-05
     Epoch[17] Iteration[320/384], entropy: 0.3424, uncertainty: 1.9221, uncertainty_coeffi: 0.0010, loss: 0.2113, lr: 5.52e-04
     Epoch[17] Iteration[330/384], entropy: 0.2822, uncertainty: 1.7203, uncertainty_coeffi: 0.0010, loss: 0.1202, lr: 9.05e-04
     Epoch[17] Iteration[340/384], entropy: 0.6309, uncertainty: 2.0081, uncertainty_coeffi: 0.0010, loss: 0.3487, lr: 4.32e-05
     Epoch[17] Iteration[350/384], entropy: 0.4003, uncertainty: 1.8322, uncertainty_coeffi: 0.0010, loss: 0.2694, lr: 5.52e-04
     Epoch[17] Iteration[360/384], entropy: 0.5245, uncertainty: 1.9188, uncertainty_coeffi: 0.0010, loss: 0.3093, lr: 9.05e-04
     Epoch[17] Iteration[370/384], entropy: 0.7070, uncertainty: 2.0270, uncertainty_coeffi: 0.0010, loss: 0.3824, lr: 4.32e-05
     Epoch[17] Iteration[380/384], entropy: 0.1384, uncertainty: 1.4097, uncertainty_coeffi: 0.0010, loss: 0.9630, lr: 5.52e-04
     Averaged stats: entropy_avg: 0.3631, uncertainty_avg: 1.6930, uncertainty_coeffi_avg: 0.0010, loss_avg: 0.2617, lr_avg: 4.89e-04
     itm tta time 0:01:09
     Epoch[18] Iteration[10/384], entropy: 0.2785, uncertainty: 1.7008, uncertainty_coeffi: 0.0010, loss: 0.3369, lr: 5.52e-04
     Epoch[18] Iteration[20/384], entropy: 0.4603, uncertainty: 1.8009, uncertainty_coeffi: 0.0010, loss: 0.3791, lr: 4.32e-05
     Epoch[18] Iteration[30/384], entropy: 0.2533, uncertainty: 1.6930, uncertainty_coeffi: 0.0010, loss: 0.2172, lr: 9.05e-04
     Epoch[18] Iteration[40/384], entropy: 0.1291, uncertainty: 1.1046, uncertainty_coeffi: 0.0010, loss: 0.1979, lr: 5.52e-04
     Epoch[18] Iteration[50/384], entropy: 0.5000, uncertainty: 2.1164, uncertainty_coeffi: 0.0010, loss: 0.2115, lr: 4.32e-05
     Epoch[18] Iteration[60/384], entropy: 0.1106, uncertainty: 1.3719, uncertainty_coeffi: 0.0010, loss: 0.2718, lr: 9.05e-04
     Epoch[18] Iteration[70/384], entropy: 0.4842, uncertainty: 2.3575, uncertainty_coeffi: 0.0010, loss: 0.2047, lr: 5.52e-04
     Epoch[18] Iteration[80/384], entropy: 0.4725, uncertainty: 1.8047, uncertainty_coeffi: 0.0010, loss: 1.4556, lr: 4.32e-05
     Epoch[18] Iteration[90/384], entropy: 0.5290, uncertainty: 1.7504, uncertainty_coeffi: 0.0010, loss: 0.3470, lr: 9.05e-04
     Epoch[18] Iteration[100/384], entropy: 0.2339, uncertainty: 1.5656, uncertainty_coeffi: 0.0010, loss: 0.4829, lr: 5.52e-04
     Epoch[18] Iteration[110/384], entropy: 0.2388, uncertainty: 1.5483, uncertainty_coeffi: 0.0010, loss: 0.2977, lr: 4.32e-05
     Epoch[18] Iteration[120/384], entropy: 0.3698, uncertainty: 1.9118, uncertainty_coeffi: 0.0010, loss: 0.2103, lr: 9.05e-04
     Epoch[18] Iteration[130/384], entropy: 0.3044, uncertainty: 1.5942, uncertainty_coeffi: 0.0010, loss: 0.1571, lr: 5.52e-04
     Epoch[18] Iteration[140/384], entropy: 0.4654, uncertainty: 1.7007, uncertainty_coeffi: 0.0010, loss: 0.3138, lr: 4.32e-05
     Epoch[18] Iteration[150/384], entropy: 0.4055, uncertainty: 1.9627, uncertainty_coeffi: 0.0010, loss: 0.3681, lr: 9.05e-04
     Epoch[18] Iteration[160/384], entropy: 0.3538, uncertainty: 2.2111, uncertainty_coeffi: 0.0010, loss: 0.1541, lr: 5.52e-04
     Epoch[18] Iteration[170/384], entropy: 0.4970, uncertainty: 1.3716, uncertainty_coeffi: 0.0010, loss: 0.3068, lr: 4.32e-05
     Epoch[18] Iteration[180/384], entropy: 0.1464, uncertainty: 1.4944, uncertainty_coeffi: 0.0010, loss: 0.1012, lr: 9.05e-04
     Epoch[18] Iteration[190/384], entropy: 0.3703, uncertainty: 1.9439, uncertainty_coeffi: 0.0010, loss: 0.1626, lr: 5.52e-04
     Epoch[18] Iteration[200/384], entropy: 0.2047, uncertainty: 1.1171, uncertainty_coeffi: 0.0010, loss: 0.1389, lr: 4.32e-05
     Epoch[18] Iteration[210/384], entropy: 0.4696, uncertainty: 1.3662, uncertainty_coeffi: 0.0010, loss: 0.4044, lr: 9.05e-04
     Epoch[18] Iteration[220/384], entropy: 0.2854, uncertainty: 1.2926, uncertainty_coeffi: 0.0010, loss: 0.4103, lr: 5.52e-04
     Epoch[18] Iteration[230/384], entropy: 0.1385, uncertainty: 1.2840, uncertainty_coeffi: 0.0010, loss: 0.0789, lr: 4.32e-05
     Epoch[18] Iteration[240/384], entropy: 0.3235, uncertainty: 1.8573, uncertainty_coeffi: 0.0010, loss: 0.1545, lr: 9.05e-04
     Epoch[18] Iteration[250/384], entropy: 0.6863, uncertainty: 1.2430, uncertainty_coeffi: 0.0010, loss: 0.4627, lr: 5.52e-04
     Epoch[18] Iteration[260/384], entropy: 0.2731, uncertainty: 1.6447, uncertainty_coeffi: 0.0010, loss: 0.1533, lr: 4.32e-05
     Epoch[18] Iteration[270/384], entropy: 0.3416, uncertainty: 2.0023, uncertainty_coeffi: 0.0010, loss: 0.3179, lr: 9.05e-04
     Epoch[18] Iteration[280/384], entropy: 0.3472, uncertainty: 1.9072, uncertainty_coeffi: 0.0010, loss: 0.1673, lr: 5.52e-04
     Epoch[18] Iteration[290/384], entropy: 0.2138, uncertainty: 1.8663, uncertainty_coeffi: 0.0010, loss: 0.1315, lr: 4.32e-05
     Epoch[18] Iteration[300/384], entropy: 0.1931, uncertainty: 1.3037, uncertainty_coeffi: 0.0010, loss: 0.1337, lr: 9.05e-04
     Epoch[18] Iteration[310/384], entropy: 0.2136, uncertainty: 1.4382, uncertainty_coeffi: 0.0010, loss: 0.1051, lr: 5.52e-04
     Epoch[18] Iteration[320/384], entropy: 0.3277, uncertainty: 1.4887, uncertainty_coeffi: 0.0010, loss: 0.1996, lr: 4.32e-05
     Epoch[18] Iteration[330/384], entropy: 0.2773, uncertainty: 1.6884, uncertainty_coeffi: 0.0010, loss: 0.1572, lr: 9.05e-04
     Epoch[18] Iteration[340/384], entropy: 0.3091, uncertainty: 1.5948, uncertainty_coeffi: 0.0010, loss: 0.3308, lr: 5.52e-04
     Epoch[18] Iteration[350/384], entropy: 0.4166, uncertainty: 1.6909, uncertainty_coeffi: 0.0010, loss: 0.2280, lr: 4.32e-05
     Epoch[18] Iteration[360/384], entropy: 0.2229, uncertainty: 1.4643, uncertainty_coeffi: 0.0010, loss: 0.1595, lr: 9.05e-04
     Epoch[18] Iteration[370/384], entropy: 0.4503, uncertainty: 1.8826, uncertainty_coeffi: 0.0010, loss: 0.2683, lr: 5.52e-04
     Epoch[18] Iteration[380/384], entropy: 0.2348, uncertainty: 1.5407, uncertainty_coeffi: 0.0010, loss: 0.1392, lr: 4.32e-05
     Averaged stats: entropy_avg: 0.3298, uncertainty_avg: 1.6494, uncertainty_coeffi_avg: 0.0010, loss_avg: 0.2715, lr_avg: 4.89e-04
     itm tta time 0:01:09
     Epoch[19] Iteration[10/384], entropy: 0.4921, uncertainty: 1.5642, uncertainty_coeffi: 0.0010, loss: 0.3190, lr: 9.89e-04
     Epoch[19] Iteration[20/384], entropy: 0.3804, uncertainty: 2.2313, uncertainty_coeffi: 0.0010, loss: 0.2090, lr: 1.65e-04
     Epoch[19] Iteration[30/384], entropy: 0.2765, uncertainty: 1.1912, uncertainty_coeffi: 0.0010, loss: 0.4181, lr: 3.45e-04
     Epoch[19] Iteration[40/384], entropy: 0.4190, uncertainty: 1.8414, uncertainty_coeffi: 0.0010, loss: 0.3775, lr: 9.89e-04
     Epoch[19] Iteration[50/384], entropy: 0.2336, uncertainty: 1.5060, uncertainty_coeffi: 0.0010, loss: 0.1317, lr: 1.65e-04
     Epoch[19] Iteration[60/384], entropy: 0.3639, uncertainty: 1.5280, uncertainty_coeffi: 0.0010, loss: 0.2100, lr: 3.45e-04
     Epoch[19] Iteration[70/384], entropy: 0.1360, uncertainty: 1.8150, uncertainty_coeffi: 0.0010, loss: 0.1768, lr: 9.89e-04
     Epoch[19] Iteration[80/384], entropy: 0.2839, uncertainty: 1.6396, uncertainty_coeffi: 0.0010, loss: 0.1361, lr: 1.65e-04
     Epoch[19] Iteration[90/384], entropy: 0.4613, uncertainty: 2.0080, uncertainty_coeffi: 0.0010, loss: 0.4115, lr: 3.45e-04
     Epoch[19] Iteration[100/384], entropy: 0.3811, uncertainty: 1.7774, uncertainty_coeffi: 0.0010, loss: 0.2260, lr: 9.89e-04
     Epoch[19] Iteration[110/384], entropy: 0.2533, uncertainty: 1.6820, uncertainty_coeffi: 0.0010, loss: 0.1684, lr: 1.65e-04
     Epoch[19] Iteration[120/384], entropy: 0.2316, uncertainty: 1.3837, uncertainty_coeffi: 0.0010, loss: 0.2098, lr: 3.45e-04
     Epoch[19] Iteration[130/384], entropy: 0.2901, uncertainty: 1.4634, uncertainty_coeffi: 0.0010, loss: 0.1887, lr: 9.89e-04
     Epoch[19] Iteration[140/384], entropy: 0.1371, uncertainty: 1.4093, uncertainty_coeffi: 0.0010, loss: 0.1217, lr: 1.65e-04
     Epoch[19] Iteration[150/384], entropy: 0.3617, uncertainty: 1.8512, uncertainty_coeffi: 0.0010, loss: 0.2241, lr: 3.45e-04
     Epoch[19] Iteration[160/384], entropy: 0.2629, uncertainty: 1.4096, uncertainty_coeffi: 0.0010, loss: 0.1888, lr: 9.89e-04
     Epoch[19] Iteration[170/384], entropy: 0.2145, uncertainty: 1.7349, uncertainty_coeffi: 0.0010, loss: 0.2222, lr: 1.65e-04
     Epoch[19] Iteration[180/384], entropy: 0.5690, uncertainty: 2.1001, uncertainty_coeffi: 0.0010, loss: 0.2678, lr: 3.45e-04
     Epoch[19] Iteration[190/384], entropy: 0.3182, uncertainty: 1.4905, uncertainty_coeffi: 0.0010, loss: 0.1714, lr: 9.89e-04
     Epoch[19] Iteration[200/384], entropy: 0.2787, uncertainty: 1.6359, uncertainty_coeffi: 0.0010, loss: 0.9792, lr: 1.65e-04
     Epoch[19] Iteration[210/384], entropy: 0.3766, uncertainty: 2.0679, uncertainty_coeffi: 0.0010, loss: 0.1538, lr: 3.45e-04
     Epoch[19] Iteration[220/384], entropy: 0.2448, uncertainty: 1.0417, uncertainty_coeffi: 0.0010, loss: 0.1887, lr: 9.89e-04
     Epoch[19] Iteration[230/384], entropy: 0.3394, uncertainty: 2.2854, uncertainty_coeffi: 0.0010, loss: 0.1500, lr: 1.65e-04
     Epoch[19] Iteration[240/384], entropy: 0.4108, uncertainty: 2.1063, uncertainty_coeffi: 0.0010, loss: 0.2460, lr: 3.45e-04
     Epoch[19] Iteration[250/384], entropy: 0.2739, uncertainty: 1.6071, uncertainty_coeffi: 0.0010, loss: 0.1470, lr: 9.89e-04
     Epoch[19] Iteration[260/384], entropy: 0.4450, uncertainty: 1.6861, uncertainty_coeffi: 0.0010, loss: 0.3621, lr: 1.65e-04
     Epoch[19] Iteration[270/384], entropy: 0.4155, uncertainty: 1.5239, uncertainty_coeffi: 0.0010, loss: 0.3725, lr: 3.45e-04
     Epoch[19] Iteration[280/384], entropy: 0.4156, uncertainty: 2.1644, uncertainty_coeffi: 0.0010, loss: 0.2255, lr: 9.89e-04
     Epoch[19] Iteration[290/384], entropy: 0.4106, uncertainty: 1.4248, uncertainty_coeffi: 0.0010, loss: 0.2580, lr: 1.65e-04
     Epoch[19] Iteration[300/384], entropy: 0.2841, uncertainty: 2.0133, uncertainty_coeffi: 0.0010, loss: 0.1345, lr: 3.45e-04
     Epoch[19] Iteration[310/384], entropy: 0.3675, uncertainty: 2.3149, uncertainty_coeffi: 0.0010, loss: 0.1521, lr: 9.89e-04
     Epoch[19] Iteration[320/384], entropy: 0.3881, uncertainty: 2.0921, uncertainty_coeffi: 0.0010, loss: 0.2810, lr: 1.65e-04
     Epoch[19] Iteration[330/384], entropy: 0.1278, uncertainty: 1.3238, uncertainty_coeffi: 0.0010, loss: 0.1747, lr: 3.45e-04
     Epoch[19] Iteration[340/384], entropy: 0.2036, uncertainty: 0.9736, uncertainty_coeffi: 0.0010, loss: 0.2269, lr: 9.89e-04
     Epoch[19] Iteration[350/384], entropy: 0.3257, uncertainty: 2.0613, uncertainty_coeffi: 0.0010, loss: 0.3001, lr: 1.65e-04
     Epoch[19] Iteration[360/384], entropy: 0.2380, uncertainty: 1.4655, uncertainty_coeffi: 0.0010, loss: 0.2785, lr: 3.45e-04
     Epoch[19] Iteration[370/384], entropy: 0.3118, uncertainty: 1.9047, uncertainty_coeffi: 0.0010, loss: 0.3348, lr: 9.89e-04
     Epoch[19] Iteration[380/384], entropy: 0.2815, uncertainty: 2.5735, uncertainty_coeffi: 0.0010, loss: 0.1480, lr: 1.65e-04
     Averaged stats: entropy_avg: 0.3212, uncertainty_avg: 1.7340, uncertainty_coeffi_avg: 0.0010, loss_avg: 0.2498, lr_avg: 5.04e-04
     itm tta time 0:01:09
### TTA Eval Score: 
+-------+--------+--------+--------+--------+--------+
| epoch |   R1   |   R5   |  R10   |  mAP   |  mINP  |
+-------+--------+--------+--------+--------+--------+
|  -999 | 70.598 | 86.891 | 91.780 | 63.391 | 47.063 |
|   0   | 70.078 | 86.436 | 91.261 | 62.978 | 46.840 |
|   1   | 69.331 | 85.851 | 90.838 | 62.436 | 46.265 |
|   2   | 69.786 | 86.355 | 91.228 | 62.750 | 46.549 |
|   4   | 69.883 | 86.371 | 91.439 | 62.877 | 46.643 |
|   9   | 70.062 | 86.241 | 91.650 | 63.027 | 46.693 |
|   14  | 70.143 | 86.339 | 91.407 | 62.917 | 46.558 |
|   19  | 70.094 | 86.127 | 91.537 | 62.981 | 46.576 |
+-------+--------+--------+--------+--------+--------+
     logs:  {'epo': 19, 'R1': 70.094, 'R5': 86.127, 'R10': 91.537, 'mAP': 62.981, 'mINP': 46.576, 'entropy': 0.32117950602581624, 'uncertainty': 1.7340256211004759, 'uncertainty_coeffi': 0.0010000000474974513, 'loss': 0.2497815903472273, 'lr': 0.0005040660130838659}
### best epoch 14 : {'epo': '14', 'R1': '70.143', 'R5': '86.339', 'R10': '91.407', 'mAP': '62.917', 'mINP': '46.558', 'entropy': '0.3386233076453209', 'uncertainty': '1.6918369123810215', 'uncertainty_coeffi': '0.0010000000474974513', 'loss': '0.2844253615721276', 'lr': '0.0005040660130838657'}
### Time 0:24:12
