Not using distributed mode
### Hyper-parameters:
     output_dir: output/ham_cuhk_tta_best1/exp3.0.1/2025090205021
     seed: 42
     device: cuda
     batch_size_tta: 16
     epochs: 30
     lr: 5e-05
### Creating test dataset
     test_txt_set: 6156    test_img_set: 3074
     test_txt_loader: 13    test_img_loader: 7
### Creating model
Training Model with ['sdm', 'id', 'mlm'] tasks
Resized position embedding from size:torch.Size([1, 197, 768]) to size: torch.Size([1, 193, 768]) with height:24 width: 8
     Total Params Sum:  194535419
### Zero-Shot Score: 
/data2/jiahao/task/IRRA/tta.py:261: FutureWarning: `torch.cuda.amp.GradScaler(args...)` is deprecated. Please use `torch.amp.GradScaler('cuda', args...)` instead.
  scaler = GradScaler()  # bf16
+-------+--------+--------+--------+--------+--------+
| epoch |   R1   |   R5   |  R10   |  mAP   |  mINP  |
+-------+--------+--------+--------+--------+--------+
|  -999 | 69.087 | 86.160 | 91.066 | 62.263 | 46.200 |
+-------+--------+--------+--------+--------+--------+
### TTA:
### Compute Cos Similarity Uncertainty
     preprocess_tta_coefficients  start
     sample selection ...
     number of sample after sample_selection: 6156
     uncertainty ...
     preprocess_tta_coefficients  end
### Creating TTA dataset
     tta_dataset: 6156
### Creating tta dataloader
### be careful: func create_loader returns a list length of 1
     tta_loader: 384
### Configure adapted weights
     TTA Dropout Modules: 
 []
     TTA Require Gradient Params: 
 [('base_model.transformer.resblocks.0.ln_1.weight', torch.Size([512])), ('base_model.transformer.resblocks.0.ln_1.bias', torch.Size([512])), ('base_model.transformer.resblocks.0.ln_2.weight', torch.Size([512])), ('base_model.transformer.resblocks.0.ln_2.bias', torch.Size([512])), ('base_model.transformer.resblocks.1.ln_1.weight', torch.Size([512])), ('base_model.transformer.resblocks.1.ln_1.bias', torch.Size([512])), ('base_model.transformer.resblocks.1.ln_2.weight', torch.Size([512])), ('base_model.transformer.resblocks.1.ln_2.bias', torch.Size([512])), ('base_model.transformer.resblocks.2.ln_1.weight', torch.Size([512])), ('base_model.transformer.resblocks.2.ln_1.bias', torch.Size([512])), ('base_model.transformer.resblocks.2.ln_2.weight', torch.Size([512])), ('base_model.transformer.resblocks.2.ln_2.bias', torch.Size([512])), ('base_model.transformer.resblocks.3.ln_1.weight', torch.Size([512])), ('base_model.transformer.resblocks.3.ln_1.bias', torch.Size([512])), ('base_model.transformer.resblocks.3.ln_2.weight', torch.Size([512])), ('base_model.transformer.resblocks.3.ln_2.bias', torch.Size([512])), ('base_model.transformer.resblocks.4.ln_1.weight', torch.Size([512])), ('base_model.transformer.resblocks.4.ln_1.bias', torch.Size([512])), ('base_model.transformer.resblocks.4.ln_2.weight', torch.Size([512])), ('base_model.transformer.resblocks.4.ln_2.bias', torch.Size([512])), ('base_model.transformer.resblocks.5.ln_1.weight', torch.Size([512])), ('base_model.transformer.resblocks.5.ln_1.bias', torch.Size([512])), ('base_model.transformer.resblocks.5.ln_2.weight', torch.Size([512])), ('base_model.transformer.resblocks.5.ln_2.bias', torch.Size([512])), ('base_model.transformer.resblocks.6.ln_1.weight', torch.Size([512])), ('base_model.transformer.resblocks.6.ln_1.bias', torch.Size([512])), ('base_model.transformer.resblocks.6.ln_2.weight', torch.Size([512])), ('base_model.transformer.resblocks.6.ln_2.bias', torch.Size([512])), ('base_model.transformer.resblocks.7.ln_1.weight', torch.Size([512])), ('base_model.transformer.resblocks.7.ln_1.bias', torch.Size([512])), ('base_model.transformer.resblocks.7.ln_2.weight', torch.Size([512])), ('base_model.transformer.resblocks.7.ln_2.bias', torch.Size([512])), ('base_model.transformer.resblocks.8.ln_1.weight', torch.Size([512])), ('base_model.transformer.resblocks.8.ln_1.bias', torch.Size([512])), ('base_model.transformer.resblocks.8.ln_2.weight', torch.Size([512])), ('base_model.transformer.resblocks.8.ln_2.bias', torch.Size([512])), ('base_model.transformer.resblocks.9.ln_1.weight', torch.Size([512])), ('base_model.transformer.resblocks.9.ln_1.bias', torch.Size([512])), ('base_model.transformer.resblocks.9.ln_2.weight', torch.Size([512])), ('base_model.transformer.resblocks.9.ln_2.bias', torch.Size([512])), ('base_model.transformer.resblocks.10.ln_1.weight', torch.Size([512])), ('base_model.transformer.resblocks.10.ln_1.bias', torch.Size([512])), ('base_model.transformer.resblocks.10.ln_2.weight', torch.Size([512])), ('base_model.transformer.resblocks.10.ln_2.bias', torch.Size([512])), ('base_model.transformer.resblocks.11.ln_1.weight', torch.Size([512])), ('base_model.transformer.resblocks.11.ln_1.bias', torch.Size([512])), ('base_model.transformer.resblocks.11.ln_2.weight', torch.Size([512])), ('base_model.transformer.resblocks.11.ln_2.bias', torch.Size([512])), ('base_model.ln_final.weight', torch.Size([512])), ('base_model.ln_final.bias', torch.Size([512]))]
     TTA Dropout Modules Number: 
 0
     TTA Require Gradient Params Sum: 
 25600
Using 5.0 times learning rate for random init module 
### Start Test Time Adaptation
/data2/jiahao/task/IRRA/tta.py:65: FutureWarning: `torch.cuda.amp.autocast(args...)` is deprecated. Please use `torch.amp.autocast('cuda', args...)` instead.
  with torch.cuda.amp.autocast(enabled=True):
     Epoch[0] Iteration[10/384], entropy: 1.2528, loss: 2.6716, lr: 4.52e-05
     Epoch[0] Iteration[20/384], entropy: 0.9531, loss: 2.4034, lr: 1.73e-05
     Epoch[0] Iteration[30/384], entropy: 0.8344, loss: 2.2670, lr: 0.00e+00
     Epoch[0] Iteration[40/384], entropy: 0.8978, loss: 2.3661, lr: 1.44e-05
     Epoch[0] Iteration[50/384], entropy: 1.0557, loss: 2.4718, lr: 4.32e-05
     Epoch[0] Iteration[60/384], entropy: 1.1333, loss: 2.6197, lr: 4.69e-05
     Epoch[0] Iteration[70/384], entropy: 1.1923, loss: 2.5901, lr: 2.03e-05
     Epoch[0] Iteration[80/384], entropy: 0.9769, loss: 2.3904, lr: 1.97e-07
     Epoch[0] Iteration[90/384], entropy: 1.0580, loss: 2.4557, lr: 1.44e-05
     Epoch[0] Iteration[100/384], entropy: 0.8921, loss: 2.3511, lr: 4.32e-05
     Epoch[0] Iteration[110/384], entropy: 1.1945, loss: 2.6783, lr: 4.69e-05
     Epoch[0] Iteration[120/384], entropy: 1.0608, loss: 2.3811, lr: 2.03e-05
     Epoch[0] Iteration[130/384], entropy: 0.8446, loss: 2.2606, lr: 1.97e-07
     Epoch[0] Iteration[140/384], entropy: 0.8556, loss: 2.3254, lr: 1.44e-05
     Epoch[0] Iteration[150/384], entropy: 0.7673, loss: 2.1811, lr: 4.32e-05
     Epoch[0] Iteration[160/384], entropy: 0.9006, loss: 2.3095, lr: 4.69e-05
     Epoch[0] Iteration[170/384], entropy: 0.9978, loss: 2.3880, lr: 2.03e-05
     Epoch[0] Iteration[180/384], entropy: 1.0077, loss: 2.4126, lr: 1.97e-07
     Epoch[0] Iteration[190/384], entropy: 0.9397, loss: 2.2979, lr: 1.44e-05
     Epoch[0] Iteration[200/384], entropy: 0.8830, loss: 2.3148, lr: 4.32e-05
     Epoch[0] Iteration[210/384], entropy: 0.9569, loss: 2.4036, lr: 4.69e-05
     Epoch[0] Iteration[220/384], entropy: 0.9122, loss: 2.3707, lr: 2.03e-05
     Epoch[0] Iteration[230/384], entropy: 0.8497, loss: 2.3537, lr: 1.97e-07
     Epoch[0] Iteration[240/384], entropy: 0.9658, loss: 2.3876, lr: 1.44e-05
     Epoch[0] Iteration[250/384], entropy: 0.9199, loss: 2.3705, lr: 4.32e-05
     Epoch[0] Iteration[260/384], entropy: 1.0668, loss: 2.5067, lr: 4.69e-05
     Epoch[0] Iteration[270/384], entropy: 1.1159, loss: 2.5197, lr: 2.03e-05
     Epoch[0] Iteration[280/384], entropy: 0.8823, loss: 2.2813, lr: 1.97e-07
     Epoch[0] Iteration[290/384], entropy: 0.9175, loss: 2.2986, lr: 1.44e-05
     Epoch[0] Iteration[300/384], entropy: 1.0143, loss: 2.4314, lr: 4.32e-05
     Epoch[0] Iteration[310/384], entropy: 0.8138, loss: 2.3443, lr: 4.69e-05
     Epoch[0] Iteration[320/384], entropy: 0.8309, loss: 2.2093, lr: 2.03e-05
     Epoch[0] Iteration[330/384], entropy: 0.9910, loss: 2.4060, lr: 1.97e-07
     Epoch[0] Iteration[340/384], entropy: 1.0030, loss: 2.4341, lr: 1.44e-05
     Epoch[0] Iteration[350/384], entropy: 1.2432, loss: 2.6757, lr: 4.32e-05
     Epoch[0] Iteration[360/384], entropy: 0.8714, loss: 2.3059, lr: 4.69e-05
     Epoch[0] Iteration[370/384], entropy: 0.8494, loss: 2.2721, lr: 2.03e-05
     Epoch[0] Iteration[380/384], entropy: 0.8562, loss: 2.3115, lr: 1.97e-07
     Averaged stats: entropy: 0.9077, loss: 2.3928, lr: 1.76e-06
     itm tta time 0:00:42
### TTA Eval Score: 
+-------+--------+--------+--------+--------+--------+
| epoch |   R1   |   R5   |  R10   |  mAP   |  mINP  |
+-------+--------+--------+--------+--------+--------+
|  -999 | 69.087 | 86.160 | 91.066 | 62.263 | 46.200 |
|   0   | 69.266 | 86.127 | 91.163 | 62.412 | 46.350 |
+-------+--------+--------+--------+--------+--------+
     logs:  {'epo': 0, 'R1': 69.266, 'R5': 86.127, 'R10': 91.163, 'mAP': 62.412, 'mINP': 46.35, 'entropy': 0.9673169678763339, 'loss': 2.3952335558439555, 'lr': 2.4671052631578933e-05}
     Epoch[1] Iteration[10/384], entropy: 1.0335, loss: 2.4741, lr: 2.66e-05
     Epoch[1] Iteration[20/384], entropy: 0.8803, loss: 2.3517, lr: 4.92e-05
     Epoch[1] Iteration[30/384], entropy: 0.9892, loss: 2.3946, lr: 3.84e-05
     Epoch[1] Iteration[40/384], entropy: 0.8277, loss: 2.2518, lr: 9.06e-06
     Epoch[1] Iteration[50/384], entropy: 0.7884, loss: 2.2115, lr: 1.76e-06
     Epoch[1] Iteration[60/384], entropy: 1.1834, loss: 2.6110, lr: 2.66e-05
     Epoch[1] Iteration[70/384], entropy: 0.8271, loss: 2.2181, lr: 4.92e-05
     Epoch[1] Iteration[80/384], entropy: 0.8814, loss: 2.3052, lr: 3.84e-05
     Epoch[1] Iteration[90/384], entropy: 0.7863, loss: 2.2356, lr: 9.06e-06
     Epoch[1] Iteration[100/384], entropy: 0.6461, loss: 2.0783, lr: 1.76e-06
     Epoch[1] Iteration[110/384], entropy: 0.6580, loss: 2.1025, lr: 2.66e-05
     Epoch[1] Iteration[120/384], entropy: 0.6455, loss: 2.1067, lr: 4.92e-05
     Epoch[1] Iteration[130/384], entropy: 0.8997, loss: 2.2453, lr: 3.84e-05
     Epoch[1] Iteration[140/384], entropy: 0.8554, loss: 2.3261, lr: 9.06e-06
     Epoch[1] Iteration[150/384], entropy: 0.9500, loss: 2.4522, lr: 1.76e-06
     Epoch[1] Iteration[160/384], entropy: 1.0414, loss: 2.4342, lr: 2.66e-05
     Epoch[1] Iteration[170/384], entropy: 1.0841, loss: 2.5376, lr: 4.92e-05
     Epoch[1] Iteration[180/384], entropy: 0.9369, loss: 2.3188, lr: 3.84e-05
     Epoch[1] Iteration[190/384], entropy: 0.8181, loss: 2.3709, lr: 9.06e-06
     Epoch[1] Iteration[200/384], entropy: 1.2208, loss: 2.5752, lr: 1.76e-06
     Epoch[1] Iteration[210/384], entropy: 0.7463, loss: 2.2082, lr: 2.66e-05
     Epoch[1] Iteration[220/384], entropy: 0.7759, loss: 2.2324, lr: 4.92e-05
     Epoch[1] Iteration[230/384], entropy: 0.7650, loss: 2.1387, lr: 3.84e-05
     Epoch[1] Iteration[240/384], entropy: 0.8523, loss: 2.3556, lr: 9.06e-06
     Epoch[1] Iteration[250/384], entropy: 1.0551, loss: 2.4133, lr: 1.76e-06
     Epoch[1] Iteration[260/384], entropy: 0.8028, loss: 2.2224, lr: 2.66e-05
     Epoch[1] Iteration[270/384], entropy: 0.7665, loss: 2.1711, lr: 4.92e-05
     Epoch[1] Iteration[280/384], entropy: 0.8652, loss: 2.2583, lr: 3.84e-05
     Epoch[1] Iteration[290/384], entropy: 1.0889, loss: 2.5218, lr: 9.06e-06
     Epoch[1] Iteration[300/384], entropy: 0.8789, loss: 2.2776, lr: 1.76e-06
     Epoch[1] Iteration[310/384], entropy: 1.0392, loss: 2.4483, lr: 2.66e-05
     Epoch[1] Iteration[320/384], entropy: 1.1773, loss: 2.6533, lr: 4.92e-05
     Epoch[1] Iteration[330/384], entropy: 0.9591, loss: 2.4629, lr: 3.84e-05
     Epoch[1] Iteration[340/384], entropy: 0.8591, loss: 2.2989, lr: 9.06e-06
     Epoch[1] Iteration[350/384], entropy: 1.1647, loss: 2.5874, lr: 1.76e-06
     Epoch[1] Iteration[360/384], entropy: 1.0286, loss: 2.5088, lr: 2.66e-05
     Epoch[1] Iteration[370/384], entropy: 1.0192, loss: 2.3825, lr: 4.92e-05
     Epoch[1] Iteration[380/384], entropy: 0.9009, loss: 2.3778, lr: 3.84e-05
     Averaged stats: entropy: 0.9221, loss: 2.4502, lr: 2.66e-05
     itm tta time 0:00:41
### TTA Eval Score: 
+-------+--------+--------+--------+--------+--------+
| epoch |   R1   |   R5   |  R10   |  mAP   |  mINP  |
+-------+--------+--------+--------+--------+--------+
|  -999 | 69.087 | 86.160 | 91.066 | 62.263 | 46.200 |
|   0   | 69.266 | 86.127 | 91.163 | 62.412 | 46.350 |
|   1   | 69.493 | 86.387 | 91.147 | 62.494 | 46.411 |
+-------+--------+--------+--------+--------+--------+
     logs:  {'epo': 1, 'R1': 69.493, 'R5': 86.387, 'R10': 91.147, 'mAP': 62.494, 'mINP': 46.411, 'entropy': 0.9131174824739757, 'loss': 2.3452790599120292, 'lr': 2.6031052944498007e-05}
     Epoch[2] Iteration[10/384], entropy: 0.8938, loss: 2.3855, lr: 1.76e-06
     Epoch[2] Iteration[20/384], entropy: 0.8788, loss: 2.2607, lr: 9.06e-06
     Epoch[2] Iteration[30/384], entropy: 1.0806, loss: 2.5503, lr: 3.84e-05
     Epoch[2] Iteration[40/384], entropy: 0.9374, loss: 2.4001, lr: 4.92e-05
     Epoch[2] Iteration[50/384], entropy: 0.9499, loss: 2.3562, lr: 2.66e-05
     Epoch[2] Iteration[60/384], entropy: 0.7226, loss: 2.0768, lr: 1.76e-06
     Epoch[2] Iteration[70/384], entropy: 0.8880, loss: 2.2978, lr: 9.06e-06
     Epoch[2] Iteration[80/384], entropy: 0.9018, loss: 2.4749, lr: 3.84e-05
     Epoch[2] Iteration[90/384], entropy: 1.1348, loss: 2.6481, lr: 4.92e-05
     Epoch[2] Iteration[100/384], entropy: 0.5924, loss: 1.9882, lr: 2.66e-05
     Epoch[2] Iteration[110/384], entropy: 0.8047, loss: 2.2246, lr: 1.76e-06
     Epoch[2] Iteration[120/384], entropy: 0.6088, loss: 2.0864, lr: 9.06e-06
     Epoch[2] Iteration[130/384], entropy: 1.0484, loss: 2.4573, lr: 3.84e-05
     Epoch[2] Iteration[140/384], entropy: 0.7490, loss: 2.1362, lr: 4.92e-05
     Epoch[2] Iteration[150/384], entropy: 0.7834, loss: 2.2416, lr: 2.66e-05
     Epoch[2] Iteration[160/384], entropy: 1.0133, loss: 2.4659, lr: 1.76e-06
     Epoch[2] Iteration[170/384], entropy: 0.8320, loss: 2.2988, lr: 9.06e-06
     Epoch[2] Iteration[180/384], entropy: 0.9786, loss: 2.4592, lr: 3.84e-05
     Epoch[2] Iteration[190/384], entropy: 1.0580, loss: 2.4645, lr: 4.92e-05
     Epoch[2] Iteration[200/384], entropy: 0.8054, loss: 2.2899, lr: 2.66e-05
     Epoch[2] Iteration[210/384], entropy: 0.8586, loss: 2.2493, lr: 1.76e-06
     Epoch[2] Iteration[220/384], entropy: 0.7624, loss: 2.2701, lr: 9.06e-06
     Epoch[2] Iteration[230/384], entropy: 0.9780, loss: 2.3644, lr: 3.84e-05
     Epoch[2] Iteration[240/384], entropy: 0.8148, loss: 2.3685, lr: 4.92e-05
     Epoch[2] Iteration[250/384], entropy: 0.7301, loss: 2.1135, lr: 2.66e-05
     Epoch[2] Iteration[260/384], entropy: 0.9192, loss: 2.3534, lr: 1.76e-06
     Epoch[2] Iteration[270/384], entropy: 0.9476, loss: 2.4254, lr: 9.06e-06
     Epoch[2] Iteration[280/384], entropy: 0.9750, loss: 2.3963, lr: 3.84e-05
     Epoch[2] Iteration[290/384], entropy: 1.0413, loss: 2.4875, lr: 4.92e-05
     Epoch[2] Iteration[300/384], entropy: 1.0182, loss: 2.4412, lr: 2.66e-05
     Epoch[2] Iteration[310/384], entropy: 1.0007, loss: 2.4281, lr: 1.76e-06
     Epoch[2] Iteration[320/384], entropy: 0.8039, loss: 2.2210, lr: 9.06e-06
     Epoch[2] Iteration[330/384], entropy: 0.9974, loss: 2.3626, lr: 3.84e-05
     Epoch[2] Iteration[340/384], entropy: 1.0451, loss: 2.4376, lr: 4.92e-05
     Epoch[2] Iteration[350/384], entropy: 1.0463, loss: 2.5905, lr: 2.66e-05
     Epoch[2] Iteration[360/384], entropy: 0.9465, loss: 2.3468, lr: 1.76e-06
     Epoch[2] Iteration[370/384], entropy: 0.9051, loss: 2.3905, lr: 9.06e-06
     Epoch[2] Iteration[380/384], entropy: 0.9581, loss: 2.3861, lr: 3.84e-05
     Averaged stats: entropy: 0.8604, loss: 2.3203, lr: 4.69e-05
     itm tta time 0:00:44
### TTA Eval Score: 
+-------+--------+--------+--------+--------+--------+
| epoch |   R1   |   R5   |  R10   |  mAP   |  mINP  |
+-------+--------+--------+--------+--------+--------+
|  -999 | 69.087 | 86.160 | 91.066 | 62.263 | 46.200 |
|   0   | 69.266 | 86.127 | 91.163 | 62.412 | 46.350 |
|   1   | 69.493 | 86.387 | 91.147 | 62.494 | 46.411 |
|   2   | 69.591 | 86.371 | 91.196 | 62.558 | 46.477 |
+-------+--------+--------+--------+--------+--------+
     logs:  {'epo': 2, 'R1': 69.591, 'R5': 86.371, 'R10': 91.196, 'mAP': 62.558, 'mINP': 46.477, 'entropy': 0.9055277469911074, 'loss': 2.347255223675778, 'lr': 2.432146468377773e-05}
     Epoch[3] Iteration[10/384], entropy: 0.6408, loss: 2.1698, lr: 4.32e-05
     Epoch[3] Iteration[20/384], entropy: 0.7392, loss: 2.1718, lr: 1.44e-05
     Epoch[3] Iteration[30/384], entropy: 0.8863, loss: 2.2795, lr: 1.97e-07
     Epoch[3] Iteration[40/384], entropy: 1.0427, loss: 2.3925, lr: 2.03e-05
     Epoch[3] Iteration[50/384], entropy: 0.9533, loss: 2.3764, lr: 4.69e-05
     Epoch[3] Iteration[60/384], entropy: 1.2502, loss: 2.7165, lr: 4.32e-05
     Epoch[3] Iteration[70/384], entropy: 0.8498, loss: 2.2642, lr: 1.44e-05
     Epoch[3] Iteration[80/384], entropy: 1.1178, loss: 2.5358, lr: 1.97e-07
     Epoch[3] Iteration[90/384], entropy: 0.9544, loss: 2.4025, lr: 2.03e-05
     Epoch[3] Iteration[100/384], entropy: 0.8503, loss: 2.2859, lr: 4.69e-05
     Epoch[3] Iteration[110/384], entropy: 0.8983, loss: 2.2369, lr: 4.32e-05
     Epoch[3] Iteration[120/384], entropy: 0.8671, loss: 2.2965, lr: 1.44e-05
     Epoch[3] Iteration[130/384], entropy: 0.9548, loss: 2.3991, lr: 1.97e-07
     Epoch[3] Iteration[140/384], entropy: 0.9828, loss: 2.4563, lr: 2.03e-05
     Epoch[3] Iteration[150/384], entropy: 0.9960, loss: 2.5164, lr: 4.69e-05
     Epoch[3] Iteration[160/384], entropy: 0.9665, loss: 2.4661, lr: 4.32e-05
     Epoch[3] Iteration[170/384], entropy: 1.0926, loss: 2.5120, lr: 1.44e-05
     Epoch[3] Iteration[180/384], entropy: 1.0357, loss: 2.5073, lr: 1.97e-07
     Epoch[3] Iteration[190/384], entropy: 0.7562, loss: 2.1950, lr: 2.03e-05
     Epoch[3] Iteration[200/384], entropy: 1.0419, loss: 2.4149, lr: 4.69e-05
     Epoch[3] Iteration[210/384], entropy: 0.8023, loss: 2.0958, lr: 4.32e-05
     Epoch[3] Iteration[220/384], entropy: 1.0171, loss: 2.5405, lr: 1.44e-05
     Epoch[3] Iteration[230/384], entropy: 0.8513, loss: 2.2553, lr: 1.97e-07
     Epoch[3] Iteration[240/384], entropy: 0.7694, loss: 2.2086, lr: 2.03e-05
     Epoch[3] Iteration[250/384], entropy: 0.7242, loss: 2.1694, lr: 4.69e-05
     Epoch[3] Iteration[260/384], entropy: 1.0756, loss: 2.5006, lr: 4.32e-05
     Epoch[3] Iteration[270/384], entropy: 0.9286, loss: 2.4287, lr: 1.44e-05
     Epoch[3] Iteration[280/384], entropy: 0.9863, loss: 2.3968, lr: 1.97e-07
     Epoch[3] Iteration[290/384], entropy: 0.8767, loss: 2.3064, lr: 2.03e-05
     Epoch[3] Iteration[300/384], entropy: 1.0089, loss: 2.4709, lr: 4.69e-05
     Epoch[3] Iteration[310/384], entropy: 0.9044, loss: 2.3411, lr: 4.32e-05
     Epoch[3] Iteration[320/384], entropy: 0.7003, loss: 2.1929, lr: 1.44e-05
     Epoch[3] Iteration[330/384], entropy: 0.8464, loss: 2.2295, lr: 1.97e-07
     Epoch[3] Iteration[340/384], entropy: 0.7812, loss: 2.2230, lr: 2.03e-05
     Epoch[3] Iteration[350/384], entropy: 0.9625, loss: 2.4609, lr: 4.69e-05
     Epoch[3] Iteration[360/384], entropy: 0.7293, loss: 2.2352, lr: 4.32e-05
     Epoch[3] Iteration[370/384], entropy: 0.7555, loss: 2.2493, lr: 1.44e-05
     Epoch[3] Iteration[380/384], entropy: 0.7749, loss: 2.1686, lr: 1.97e-07
     Averaged stats: entropy: 1.0156, loss: 2.4729, lr: 4.77e-06
     itm tta time 0:00:43
### TTA Eval Score: 
+-------+--------+--------+--------+--------+--------+
| epoch |   R1   |   R5   |  R10   |  mAP   |  mINP  |
+-------+--------+--------+--------+--------+--------+
|  -999 | 69.087 | 86.160 | 91.066 | 62.263 | 46.200 |
|   0   | 69.266 | 86.127 | 91.163 | 62.412 | 46.350 |
|   1   | 69.493 | 86.387 | 91.147 | 62.494 | 46.411 |
|   2   | 69.591 | 86.371 | 91.196 | 62.558 | 46.477 |
|   3   | 69.526 | 86.192 | 91.147 | 62.514 | 46.429 |
+-------+--------+--------+--------+--------+--------+
     logs:  {'epo': 3, 'R1': 69.526, 'R5': 86.192, 'R10': 91.147, 'mAP': 62.514, 'mINP': 46.429, 'entropy': 0.9045143676431555, 'loss': 2.3439204065423263, 'lr': 2.4546759627988047e-05}
     Epoch[4] Iteration[10/384], entropy: 0.9505, loss: 2.3470, lr: 3.27e-05
     Epoch[4] Iteration[20/384], entropy: 0.8870, loss: 2.2711, lr: 5.00e-05
     Epoch[4] Iteration[30/384], entropy: 0.9511, loss: 2.4169, lr: 3.27e-05
     Epoch[4] Iteration[40/384], entropy: 1.0355, loss: 2.4422, lr: 4.77e-06
     Epoch[4] Iteration[50/384], entropy: 0.7368, loss: 2.2164, lr: 4.77e-06
     Epoch[4] Iteration[60/384], entropy: 1.0960, loss: 2.6082, lr: 3.27e-05
     Epoch[4] Iteration[70/384], entropy: 0.9863, loss: 2.3913, lr: 5.00e-05
     Epoch[4] Iteration[80/384], entropy: 1.0284, loss: 2.4898, lr: 3.27e-05
     Epoch[4] Iteration[90/384], entropy: 1.1687, loss: 2.6132, lr: 4.77e-06
     Epoch[4] Iteration[100/384], entropy: 0.9303, loss: 2.3771, lr: 4.77e-06
     Epoch[4] Iteration[110/384], entropy: 0.8873, loss: 2.2974, lr: 3.27e-05
     Epoch[4] Iteration[120/384], entropy: 0.9563, loss: 2.4234, lr: 5.00e-05
     Epoch[4] Iteration[130/384], entropy: 0.8439, loss: 2.2176, lr: 3.27e-05
     Epoch[4] Iteration[140/384], entropy: 1.0668, loss: 2.4642, lr: 4.77e-06
     Epoch[4] Iteration[150/384], entropy: 1.1100, loss: 2.6271, lr: 4.77e-06
     Epoch[4] Iteration[160/384], entropy: 0.8750, loss: 2.3791, lr: 3.27e-05
     Epoch[4] Iteration[170/384], entropy: 0.6906, loss: 2.1563, lr: 5.00e-05
     Epoch[4] Iteration[180/384], entropy: 0.6490, loss: 2.1071, lr: 3.27e-05
     Epoch[4] Iteration[190/384], entropy: 0.9342, loss: 2.3503, lr: 4.77e-06
     Epoch[4] Iteration[200/384], entropy: 1.0618, loss: 2.5094, lr: 4.77e-06
     Epoch[4] Iteration[210/384], entropy: 1.0416, loss: 2.5285, lr: 3.27e-05
     Epoch[4] Iteration[220/384], entropy: 1.0932, loss: 2.5012, lr: 5.00e-05
     Epoch[4] Iteration[230/384], entropy: 0.8274, loss: 2.2147, lr: 3.27e-05
     Epoch[4] Iteration[240/384], entropy: 0.8463, loss: 2.2917, lr: 4.77e-06
     Epoch[4] Iteration[250/384], entropy: 0.7592, loss: 2.2498, lr: 4.77e-06
     Epoch[4] Iteration[260/384], entropy: 0.7568, loss: 2.2207, lr: 3.27e-05
     Epoch[4] Iteration[270/384], entropy: 0.8296, loss: 2.2827, lr: 5.00e-05
     Epoch[4] Iteration[280/384], entropy: 0.8664, loss: 2.3253, lr: 3.27e-05
     Epoch[4] Iteration[290/384], entropy: 0.6815, loss: 2.1371, lr: 4.77e-06
     Epoch[4] Iteration[300/384], entropy: 0.7414, loss: 2.2637, lr: 4.77e-06
     Epoch[4] Iteration[310/384], entropy: 0.8221, loss: 2.2199, lr: 3.27e-05
     Epoch[4] Iteration[320/384], entropy: 0.7152, loss: 2.1204, lr: 5.00e-05
     Epoch[4] Iteration[330/384], entropy: 0.7852, loss: 2.2874, lr: 3.27e-05
     Epoch[4] Iteration[340/384], entropy: 0.8346, loss: 2.3314, lr: 4.77e-06
     Epoch[4] Iteration[350/384], entropy: 0.7488, loss: 2.2000, lr: 4.77e-06
     Epoch[4] Iteration[360/384], entropy: 0.9763, loss: 2.4710, lr: 3.27e-05
     Epoch[4] Iteration[370/384], entropy: 0.8032, loss: 2.2110, lr: 5.00e-05
     Epoch[4] Iteration[380/384], entropy: 0.9103, loss: 2.3349, lr: 3.27e-05
     Averaged stats: entropy: 1.2283, loss: 2.6693, lr: 2.03e-05
     itm tta time 0:00:41
### TTA Eval Score: 
+-------+--------+--------+--------+--------+--------+
| epoch |   R1   |   R5   |  R10   |  mAP   |  mINP  |
+-------+--------+--------+--------+--------+--------+
|  -999 | 69.087 | 86.160 | 91.066 | 62.263 | 46.200 |
|   0   | 69.266 | 86.127 | 91.163 | 62.412 | 46.350 |
|   1   | 69.493 | 86.387 | 91.147 | 62.494 | 46.411 |
|   2   | 69.591 | 86.371 | 91.196 | 62.558 | 46.477 |
|   3   | 69.526 | 86.192 | 91.147 | 62.514 | 46.429 |
|   4   | 69.266 | 86.225 | 91.309 | 62.417 | 46.360 |
+-------+--------+--------+--------+--------+--------+
     logs:  {'epo': 4, 'R1': 69.266, 'R5': 86.225, 'R10': 91.309, 'mAP': 62.417, 'mINP': 46.36, 'entropy': 0.8917027758924585, 'loss': 2.3393740340283045, 'lr': 2.6064496045230113e-05}
     Epoch[5] Iteration[10/384], entropy: 1.0170, loss: 2.4764, lr: 1.97e-07
     Epoch[5] Iteration[20/384], entropy: 0.9835, loss: 2.3785, lr: 1.44e-05
     Epoch[5] Iteration[30/384], entropy: 0.9332, loss: 2.3978, lr: 4.32e-05
     Epoch[5] Iteration[40/384], entropy: 0.7502, loss: 2.2104, lr: 4.69e-05
     Epoch[5] Iteration[50/384], entropy: 0.9392, loss: 2.3842, lr: 2.03e-05
     Epoch[5] Iteration[60/384], entropy: 0.7479, loss: 2.2362, lr: 1.97e-07
     Epoch[5] Iteration[70/384], entropy: 0.8862, loss: 2.3769, lr: 1.44e-05
     Epoch[5] Iteration[80/384], entropy: 0.8084, loss: 2.2244, lr: 4.32e-05
     Epoch[5] Iteration[90/384], entropy: 1.0013, loss: 2.4776, lr: 4.69e-05
     Epoch[5] Iteration[100/384], entropy: 0.9303, loss: 2.4616, lr: 2.03e-05
     Epoch[5] Iteration[110/384], entropy: 1.1514, loss: 2.5842, lr: 1.97e-07
     Epoch[5] Iteration[120/384], entropy: 0.7427, loss: 2.1939, lr: 1.16e-05
     Epoch[5] Iteration[130/384], entropy: 0.9818, loss: 2.3386, lr: 4.09e-05
     Epoch[5] Iteration[140/384], entropy: 0.9606, loss: 2.5288, lr: 4.82e-05
     Epoch[5] Iteration[150/384], entropy: 0.9214, loss: 2.3896, lr: 2.34e-05
     Epoch[5] Iteration[160/384], entropy: 1.0250, loss: 2.4418, lr: 7.85e-07
     Epoch[5] Iteration[170/384], entropy: 0.7942, loss: 2.2459, lr: 1.16e-05
     Epoch[5] Iteration[180/384], entropy: 0.6014, loss: 2.1007, lr: 4.09e-05
     Epoch[5] Iteration[190/384], entropy: 0.9970, loss: 2.4327, lr: 4.82e-05
     Epoch[5] Iteration[200/384], entropy: 0.6837, loss: 2.1269, lr: 2.34e-05
     Epoch[5] Iteration[210/384], entropy: 0.6424, loss: 2.1424, lr: 7.85e-07
     Epoch[5] Iteration[220/384], entropy: 0.9203, loss: 2.3336, lr: 1.16e-05
     Epoch[5] Iteration[230/384], entropy: 0.8397, loss: 2.2281, lr: 4.09e-05
     Epoch[5] Iteration[240/384], entropy: 0.9183, loss: 2.4346, lr: 4.82e-05
     Epoch[5] Iteration[250/384], entropy: 0.8130, loss: 2.3444, lr: 2.34e-05
     Epoch[5] Iteration[260/384], entropy: 0.8967, loss: 2.3706, lr: 7.85e-07
     Epoch[5] Iteration[270/384], entropy: 0.9150, loss: 2.3869, lr: 1.16e-05
     Epoch[5] Iteration[280/384], entropy: 1.2123, loss: 2.5942, lr: 4.09e-05
     Epoch[5] Iteration[290/384], entropy: 0.8629, loss: 2.3373, lr: 4.82e-05
     Epoch[5] Iteration[300/384], entropy: 0.8929, loss: 2.3947, lr: 2.34e-05
     Epoch[5] Iteration[310/384], entropy: 0.7205, loss: 2.1737, lr: 7.85e-07
     Epoch[5] Iteration[320/384], entropy: 0.9997, loss: 2.3535, lr: 1.16e-05
     Epoch[5] Iteration[330/384], entropy: 1.1051, loss: 2.5098, lr: 4.09e-05
     Epoch[5] Iteration[340/384], entropy: 0.8401, loss: 2.3342, lr: 4.82e-05
     Epoch[5] Iteration[350/384], entropy: 0.7953, loss: 2.3005, lr: 2.34e-05
     Epoch[5] Iteration[360/384], entropy: 0.8178, loss: 2.3294, lr: 7.85e-07
     Epoch[5] Iteration[370/384], entropy: 0.8570, loss: 2.2584, lr: 1.16e-05
     Epoch[5] Iteration[380/384], entropy: 0.7549, loss: 2.3153, lr: 4.09e-05
     Averaged stats: entropy: 0.9938, loss: 2.3545, lr: 4.82e-05
     itm tta time 0:00:40
### TTA Eval Score: 
+-------+--------+--------+--------+--------+--------+
| epoch |   R1   |   R5   |  R10   |  mAP   |  mINP  |
+-------+--------+--------+--------+--------+--------+
|  -999 | 69.087 | 86.160 | 91.066 | 62.263 | 46.200 |
|   0   | 69.266 | 86.127 | 91.163 | 62.412 | 46.350 |
|   1   | 69.493 | 86.387 | 91.147 | 62.494 | 46.411 |
|   2   | 69.591 | 86.371 | 91.196 | 62.558 | 46.477 |
|   3   | 69.526 | 86.192 | 91.147 | 62.514 | 46.429 |
|   4   | 69.266 | 86.225 | 91.309 | 62.417 | 46.360 |
|   5   | 69.379 | 86.144 | 91.326 | 62.303 | 46.215 |
+-------+--------+--------+--------+--------+--------+
     logs:  {'epo': 5, 'R1': 69.379, 'R5': 86.144, 'R10': 91.326, 'mAP': 62.303, 'mINP': 46.215, 'entropy': 0.8857974206146441, 'loss': 2.3460158925307426, 'lr': 2.4414133219378397e-05}
     Epoch[6] Iteration[10/384], entropy: 0.9703, loss: 2.4753, lr: 4.09e-05
     Epoch[6] Iteration[20/384], entropy: 0.9924, loss: 2.3941, lr: 1.16e-05
     Epoch[6] Iteration[30/384], entropy: 0.7050, loss: 2.1839, lr: 7.85e-07
     Epoch[6] Iteration[40/384], entropy: 0.6730, loss: 2.0839, lr: 2.34e-05
     Epoch[6] Iteration[50/384], entropy: 0.6921, loss: 2.0853, lr: 4.82e-05
     Epoch[6] Iteration[60/384], entropy: 0.8760, loss: 2.3758, lr: 4.09e-05
     Epoch[6] Iteration[70/384], entropy: 0.7226, loss: 2.2318, lr: 1.16e-05
     Epoch[6] Iteration[80/384], entropy: 0.9581, loss: 2.4254, lr: 7.85e-07
     Epoch[6] Iteration[90/384], entropy: 0.7889, loss: 2.1747, lr: 2.34e-05
     Epoch[6] Iteration[100/384], entropy: 0.7494, loss: 2.1857, lr: 4.82e-05
     Epoch[6] Iteration[110/384], entropy: 0.8726, loss: 2.3323, lr: 4.09e-05
     Epoch[6] Iteration[120/384], entropy: 0.9397, loss: 2.4362, lr: 1.16e-05
     Epoch[6] Iteration[130/384], entropy: 0.8609, loss: 2.2013, lr: 7.85e-07
     Epoch[6] Iteration[140/384], entropy: 0.8974, loss: 2.3206, lr: 2.34e-05
     Epoch[6] Iteration[150/384], entropy: 0.8637, loss: 2.3818, lr: 4.82e-05
     Epoch[6] Iteration[160/384], entropy: 0.6363, loss: 2.1250, lr: 4.09e-05
     Epoch[6] Iteration[170/384], entropy: 1.0515, loss: 2.4939, lr: 1.16e-05
     Epoch[6] Iteration[180/384], entropy: 0.8684, loss: 2.3097, lr: 7.85e-07
     Epoch[6] Iteration[190/384], entropy: 0.9574, loss: 2.4389, lr: 2.34e-05
     Epoch[6] Iteration[200/384], entropy: 0.8918, loss: 2.3271, lr: 4.82e-05
     Epoch[6] Iteration[210/384], entropy: 0.4818, loss: 1.7632, lr: 4.09e-05
     Epoch[6] Iteration[220/384], entropy: 1.0578, loss: 2.4912, lr: 1.16e-05
     Epoch[6] Iteration[230/384], entropy: 1.0076, loss: 2.5406, lr: 7.85e-07
     Epoch[6] Iteration[240/384], entropy: 0.8378, loss: 2.2926, lr: 2.34e-05
     Epoch[6] Iteration[250/384], entropy: 0.7754, loss: 2.1746, lr: 4.82e-05
     Epoch[6] Iteration[260/384], entropy: 0.9366, loss: 2.3974, lr: 4.09e-05
     Epoch[6] Iteration[270/384], entropy: 0.9000, loss: 2.3790, lr: 1.16e-05
     Epoch[6] Iteration[280/384], entropy: 0.8870, loss: 2.3442, lr: 7.85e-07
     Epoch[6] Iteration[290/384], entropy: 0.5445, loss: 1.9419, lr: 2.34e-05
     Epoch[6] Iteration[300/384], entropy: 0.9282, loss: 2.3614, lr: 4.82e-05
     Epoch[6] Iteration[310/384], entropy: 0.6568, loss: 2.1904, lr: 4.09e-05
     Epoch[6] Iteration[320/384], entropy: 0.8622, loss: 2.3116, lr: 1.16e-05
     Epoch[6] Iteration[330/384], entropy: 0.8699, loss: 2.4190, lr: 7.85e-07
     Epoch[6] Iteration[340/384], entropy: 1.0410, loss: 2.4955, lr: 2.34e-05
     Epoch[6] Iteration[350/384], entropy: 0.9096, loss: 2.4890, lr: 4.82e-05
     Epoch[6] Iteration[360/384], entropy: 0.9566, loss: 2.5593, lr: 4.09e-05
     Epoch[6] Iteration[370/384], entropy: 0.7512, loss: 2.2205, lr: 1.16e-05
     Epoch[6] Iteration[380/384], entropy: 0.8217, loss: 2.3186, lr: 7.85e-07
     Averaged stats: entropy: 0.9266, loss: 2.3860, lr: 6.78e-06
     itm tta time 0:00:40
### TTA Eval Score: 
+-------+--------+--------+--------+--------+--------+
| epoch |   R1   |   R5   |  R10   |  mAP   |  mINP  |
+-------+--------+--------+--------+--------+--------+
|  -999 | 69.087 | 86.160 | 91.066 | 62.263 | 46.200 |
|   0   | 69.266 | 86.127 | 91.163 | 62.412 | 46.350 |
|   1   | 69.493 | 86.387 | 91.147 | 62.494 | 46.411 |
|   2   | 69.591 | 86.371 | 91.196 | 62.558 | 46.477 |
|   3   | 69.526 | 86.192 | 91.147 | 62.514 | 46.429 |
|   4   | 69.266 | 86.225 | 91.309 | 62.417 | 46.360 |
|   5   | 69.379 | 86.144 | 91.326 | 62.303 | 46.215 |
|   6   | 69.055 | 86.062 | 91.196 | 62.108 | 46.073 |
+-------+--------+--------+--------+--------+--------+
     logs:  {'epo': 6, 'R1': 69.055, 'R5': 86.062, 'R10': 91.196, 'mAP': 62.108, 'mINP': 46.073, 'entropy': 0.8471880468883013, 'loss': 2.3071820265368412, 'lr': 2.4429614495816413e-05}
     Epoch[7] Iteration[10/384], entropy: 0.9060, loss: 2.3319, lr: 3.56e-05
     Epoch[7] Iteration[20/384], entropy: 0.7816, loss: 2.2606, lr: 4.98e-05
     Epoch[7] Iteration[30/384], entropy: 0.8479, loss: 2.2420, lr: 2.97e-05
     Epoch[7] Iteration[40/384], entropy: 0.7458, loss: 2.1372, lr: 3.09e-06
     Epoch[7] Iteration[50/384], entropy: 1.0043, loss: 2.5299, lr: 6.78e-06
     Epoch[7] Iteration[60/384], entropy: 0.7212, loss: 2.1789, lr: 3.56e-05
     Epoch[7] Iteration[70/384], entropy: 1.0171, loss: 2.5068, lr: 4.98e-05
     Epoch[7] Iteration[80/384], entropy: 0.6949, loss: 2.2117, lr: 2.97e-05
     Epoch[7] Iteration[90/384], entropy: 0.7409, loss: 2.2078, lr: 3.09e-06
     Epoch[7] Iteration[100/384], entropy: 0.8458, loss: 2.3528, lr: 6.78e-06
     Epoch[7] Iteration[110/384], entropy: 0.8678, loss: 2.3297, lr: 3.56e-05
     Epoch[7] Iteration[120/384], entropy: 0.8558, loss: 2.3421, lr: 4.98e-05
     Epoch[7] Iteration[130/384], entropy: 0.8140, loss: 2.1764, lr: 2.97e-05
     Epoch[7] Iteration[140/384], entropy: 0.8939, loss: 2.2801, lr: 3.09e-06
     Epoch[7] Iteration[150/384], entropy: 0.8161, loss: 2.3195, lr: 6.78e-06
     Epoch[7] Iteration[160/384], entropy: 0.8791, loss: 2.3720, lr: 3.56e-05
     Epoch[7] Iteration[170/384], entropy: 0.9146, loss: 2.3951, lr: 4.98e-05
     Epoch[7] Iteration[180/384], entropy: 1.1351, loss: 2.6228, lr: 2.97e-05
     Epoch[7] Iteration[190/384], entropy: 0.8990, loss: 2.3526, lr: 3.09e-06
     Epoch[7] Iteration[200/384], entropy: 0.8090, loss: 2.1864, lr: 6.78e-06
     Epoch[7] Iteration[210/384], entropy: 0.9205, loss: 2.2745, lr: 3.56e-05
     Epoch[7] Iteration[220/384], entropy: 0.7864, loss: 2.2913, lr: 4.98e-05
     Epoch[7] Iteration[230/384], entropy: 0.9042, loss: 2.4445, lr: 2.97e-05
     Epoch[7] Iteration[240/384], entropy: 0.8808, loss: 2.3054, lr: 3.09e-06
     Epoch[7] Iteration[250/384], entropy: 0.6994, loss: 2.2399, lr: 6.78e-06
     Epoch[7] Iteration[260/384], entropy: 1.0168, loss: 2.3936, lr: 3.56e-05
     Epoch[7] Iteration[270/384], entropy: 0.9280, loss: 2.3412, lr: 4.98e-05
     Epoch[7] Iteration[280/384], entropy: 0.8642, loss: 2.2945, lr: 2.97e-05
     Epoch[7] Iteration[290/384], entropy: 0.7906, loss: 2.2879, lr: 3.09e-06
     Epoch[7] Iteration[300/384], entropy: 1.0443, loss: 2.5617, lr: 6.78e-06
     Epoch[7] Iteration[310/384], entropy: 0.9647, loss: 2.4106, lr: 3.56e-05
     Epoch[7] Iteration[320/384], entropy: 0.8037, loss: 2.3161, lr: 4.98e-05
     Epoch[7] Iteration[330/384], entropy: 0.8840, loss: 2.2126, lr: 2.97e-05
     Epoch[7] Iteration[340/384], entropy: 0.7282, loss: 2.2504, lr: 3.09e-06
     Epoch[7] Iteration[350/384], entropy: 0.9751, loss: 2.5180, lr: 6.78e-06
     Epoch[7] Iteration[360/384], entropy: 0.8342, loss: 2.3372, lr: 3.56e-05
     Epoch[7] Iteration[370/384], entropy: 1.0505, loss: 2.6019, lr: 4.98e-05
     Epoch[7] Iteration[380/384], entropy: 0.9152, loss: 2.3432, lr: 2.97e-05
     Averaged stats: entropy: 0.7215, loss: 2.2085, lr: 1.73e-05
     itm tta time 0:00:40
### TTA Eval Score: 
+-------+--------+--------+--------+--------+--------+
| epoch |   R1   |   R5   |  R10   |  mAP   |  mINP  |
+-------+--------+--------+--------+--------+--------+
|  -999 | 69.087 | 86.160 | 91.066 | 62.263 | 46.200 |
|   0   | 69.266 | 86.127 | 91.163 | 62.412 | 46.350 |
|   1   | 69.493 | 86.387 | 91.147 | 62.494 | 46.411 |
|   2   | 69.591 | 86.371 | 91.196 | 62.558 | 46.477 |
|   3   | 69.526 | 86.192 | 91.147 | 62.514 | 46.429 |
|   4   | 69.266 | 86.225 | 91.309 | 62.417 | 46.360 |
|   5   | 69.379 | 86.144 | 91.326 | 62.303 | 46.215 |
|   6   | 69.055 | 86.062 | 91.196 | 62.108 | 46.073 |
|   7   | 68.746 | 85.949 | 91.098 | 61.824 | 45.738 |
+-------+--------+--------+--------+--------+--------+
     logs:  {'epo': 7, 'R1': 68.746, 'R5': 85.949, 'R10': 91.098, 'mAP': 61.824, 'mINP': 45.738, 'entropy': 0.8731589505546972, 'loss': 2.335815561445136, 'lr': 2.605610217596395e-05}
     Epoch[8] Iteration[10/384], entropy: 0.7953, loss: 2.2478, lr: 0.00e+00
     Epoch[8] Iteration[20/384], entropy: 0.9815, loss: 2.5199, lr: 1.73e-05
     Epoch[8] Iteration[30/384], entropy: 0.9501, loss: 2.2382, lr: 4.52e-05
     Epoch[8] Iteration[40/384], entropy: 0.9893, loss: 2.4720, lr: 4.52e-05
     Epoch[8] Iteration[50/384], entropy: 1.1470, loss: 2.5930, lr: 1.73e-05
     Epoch[8] Iteration[60/384], entropy: 1.0059, loss: 2.5101, lr: 0.00e+00
     Epoch[8] Iteration[70/384], entropy: 1.0013, loss: 2.5042, lr: 1.73e-05
     Epoch[8] Iteration[80/384], entropy: 0.8505, loss: 2.3408, lr: 4.52e-05
     Epoch[8] Iteration[90/384], entropy: 0.9713, loss: 2.4472, lr: 4.52e-05
     Epoch[8] Iteration[100/384], entropy: 0.8519, loss: 2.4074, lr: 1.73e-05
     Epoch[8] Iteration[110/384], entropy: 0.7440, loss: 2.2613, lr: 0.00e+00
     Epoch[8] Iteration[120/384], entropy: 0.8139, loss: 2.2934, lr: 1.73e-05
     Epoch[8] Iteration[130/384], entropy: 1.1680, loss: 2.5530, lr: 4.52e-05
     Epoch[8] Iteration[140/384], entropy: 0.8333, loss: 2.3673, lr: 4.52e-05
     Epoch[8] Iteration[150/384], entropy: 0.8245, loss: 2.2702, lr: 1.73e-05
     Epoch[8] Iteration[160/384], entropy: 0.9060, loss: 2.3992, lr: 0.00e+00
     Epoch[8] Iteration[170/384], entropy: 1.1493, loss: 2.7213, lr: 1.73e-05
     Epoch[8] Iteration[180/384], entropy: 0.9515, loss: 2.4730, lr: 4.52e-05
     Epoch[8] Iteration[190/384], entropy: 0.7665, loss: 2.2268, lr: 4.52e-05
     Epoch[8] Iteration[200/384], entropy: 0.7955, loss: 2.2266, lr: 1.73e-05
     Epoch[8] Iteration[210/384], entropy: 0.9840, loss: 2.5200, lr: 0.00e+00
     Epoch[8] Iteration[220/384], entropy: 0.7544, loss: 2.2317, lr: 1.73e-05
     Epoch[8] Iteration[230/384], entropy: 0.7867, loss: 2.2190, lr: 4.52e-05
     Epoch[8] Iteration[240/384], entropy: 0.9895, loss: 2.4698, lr: 4.52e-05
     Epoch[8] Iteration[250/384], entropy: 0.9142, loss: 2.4665, lr: 1.73e-05
     Epoch[8] Iteration[260/384], entropy: 0.8678, loss: 2.2863, lr: 0.00e+00
     Epoch[8] Iteration[270/384], entropy: 0.7071, loss: 2.1580, lr: 1.73e-05
     Epoch[8] Iteration[280/384], entropy: 0.7481, loss: 2.2672, lr: 4.52e-05
     Epoch[8] Iteration[290/384], entropy: 1.0693, loss: 2.4787, lr: 4.52e-05
     Epoch[8] Iteration[300/384], entropy: 0.8657, loss: 2.2923, lr: 1.73e-05
     Epoch[8] Iteration[310/384], entropy: 0.8441, loss: 2.3401, lr: 0.00e+00
     Epoch[8] Iteration[320/384], entropy: 0.9140, loss: 2.3842, lr: 1.73e-05
     Epoch[8] Iteration[330/384], entropy: 0.9092, loss: 2.2994, lr: 4.52e-05
     Epoch[8] Iteration[340/384], entropy: 0.9161, loss: 2.4012, lr: 4.52e-05
     Epoch[8] Iteration[350/384], entropy: 0.7234, loss: 2.0865, lr: 1.73e-05
     Epoch[8] Iteration[360/384], entropy: 0.8146, loss: 2.2535, lr: 0.00e+00
     Epoch[8] Iteration[370/384], entropy: 0.7831, loss: 2.2982, lr: 1.73e-05
     Epoch[8] Iteration[380/384], entropy: 1.0616, loss: 2.4708, lr: 4.52e-05
     Averaged stats: entropy: 0.8911, loss: 2.3771, lr: 4.98e-05
     itm tta time 0:00:41
### TTA Eval Score: 
+-------+--------+--------+--------+--------+--------+
| epoch |   R1   |   R5   |  R10   |  mAP   |  mINP  |
+-------+--------+--------+--------+--------+--------+
|  -999 | 69.087 | 86.160 | 91.066 | 62.263 | 46.200 |
|   0   | 69.266 | 86.127 | 91.163 | 62.412 | 46.350 |
|   1   | 69.493 | 86.387 | 91.147 | 62.494 | 46.411 |
|   2   | 69.591 | 86.371 | 91.196 | 62.558 | 46.477 |
|   3   | 69.526 | 86.192 | 91.147 | 62.514 | 46.429 |
|   4   | 69.266 | 86.225 | 91.309 | 62.417 | 46.360 |
|   5   | 69.379 | 86.144 | 91.326 | 62.303 | 46.215 |
|   6   | 69.055 | 86.062 | 91.196 | 62.108 | 46.073 |
|   7   | 68.746 | 85.949 | 91.098 | 61.824 | 45.738 |
|   8   | 68.470 | 86.046 | 90.936 | 61.567 | 45.453 |
+-------+--------+--------+--------+--------+--------+
     logs:  {'epo': 8, 'R1': 68.47, 'R5': 86.046, 'R10': 90.936, 'mAP': 61.567, 'mINP': 45.453, 'entropy': 0.898664824272457, 'loss': 2.3683099495737174, 'lr': 2.4671052631579262e-05}
     Epoch[9] Iteration[10/384], entropy: 0.7825, loss: 2.1876, lr: 3.56e-05
     Epoch[9] Iteration[20/384], entropy: 0.5397, loss: 2.0217, lr: 6.78e-06
     Epoch[9] Iteration[30/384], entropy: 0.8046, loss: 2.2509, lr: 3.09e-06
     Epoch[9] Iteration[40/384], entropy: 0.7980, loss: 2.2670, lr: 2.97e-05
     Epoch[9] Iteration[50/384], entropy: 0.8196, loss: 2.2857, lr: 4.98e-05
     Epoch[9] Iteration[60/384], entropy: 0.8101, loss: 2.3512, lr: 3.56e-05
     Epoch[9] Iteration[70/384], entropy: 0.6574, loss: 2.1145, lr: 6.78e-06
     Epoch[9] Iteration[80/384], entropy: 1.0012, loss: 2.4630, lr: 3.09e-06
     Epoch[9] Iteration[90/384], entropy: 0.8354, loss: 2.2870, lr: 2.97e-05
     Epoch[9] Iteration[100/384], entropy: 1.0011, loss: 2.4844, lr: 4.98e-05
     Epoch[9] Iteration[110/384], entropy: 0.8295, loss: 2.2082, lr: 3.56e-05
     Epoch[9] Iteration[120/384], entropy: 0.8734, loss: 2.3116, lr: 6.78e-06
     Epoch[9] Iteration[130/384], entropy: 0.7987, loss: 2.1545, lr: 3.09e-06
     Epoch[9] Iteration[140/384], entropy: 0.8238, loss: 2.3289, lr: 2.97e-05
     Epoch[9] Iteration[150/384], entropy: 0.7743, loss: 2.2543, lr: 4.98e-05
     Epoch[9] Iteration[160/384], entropy: 0.8296, loss: 2.3574, lr: 3.56e-05
     Epoch[9] Iteration[170/384], entropy: 0.8565, loss: 2.3174, lr: 6.78e-06
     Epoch[9] Iteration[180/384], entropy: 0.9041, loss: 2.4454, lr: 3.09e-06
     Epoch[9] Iteration[190/384], entropy: 0.8510, loss: 2.3998, lr: 2.97e-05
     Epoch[9] Iteration[200/384], entropy: 0.8232, loss: 2.3385, lr: 4.98e-05
     Epoch[9] Iteration[210/384], entropy: 0.6853, loss: 2.1904, lr: 3.56e-05
     Epoch[9] Iteration[220/384], entropy: 1.0421, loss: 2.4600, lr: 6.78e-06
     Epoch[9] Iteration[230/384], entropy: 0.8705, loss: 2.3148, lr: 3.09e-06
     Epoch[9] Iteration[240/384], entropy: 0.7262, loss: 2.1909, lr: 2.97e-05
     Epoch[9] Iteration[250/384], entropy: 0.6427, loss: 2.2141, lr: 4.98e-05
     Epoch[9] Iteration[260/384], entropy: 0.9196, loss: 2.3946, lr: 3.56e-05
     Epoch[9] Iteration[270/384], entropy: 0.9412, loss: 2.4929, lr: 6.78e-06
     Epoch[9] Iteration[280/384], entropy: 1.0689, loss: 2.5144, lr: 3.09e-06
     Epoch[9] Iteration[290/384], entropy: 0.7564, loss: 2.1766, lr: 2.97e-05
     Epoch[9] Iteration[300/384], entropy: 0.9991, loss: 2.5250, lr: 4.98e-05
     Epoch[9] Iteration[310/384], entropy: 0.9955, loss: 2.3969, lr: 3.56e-05
     Epoch[9] Iteration[320/384], entropy: 0.9543, loss: 2.3690, lr: 6.78e-06
     Epoch[9] Iteration[330/384], entropy: 0.7625, loss: 2.3934, lr: 3.09e-06
     Epoch[9] Iteration[340/384], entropy: 0.8795, loss: 2.4262, lr: 2.97e-05
     Epoch[9] Iteration[350/384], entropy: 1.0182, loss: 2.4003, lr: 4.98e-05
     Epoch[9] Iteration[360/384], entropy: 0.8060, loss: 2.2788, lr: 3.56e-05
     Epoch[9] Iteration[370/384], entropy: 0.6972, loss: 2.2222, lr: 6.78e-06
     Epoch[9] Iteration[380/384], entropy: 0.9372, loss: 2.3320, lr: 3.09e-06
     Averaged stats: entropy: 1.0093, loss: 2.5467, lr: 1.16e-05
     itm tta time 0:00:39
### TTA Eval Score: 
+-------+--------+--------+--------+--------+--------+
| epoch |   R1   |   R5   |  R10   |  mAP   |  mINP  |
+-------+--------+--------+--------+--------+--------+
|  -999 | 69.087 | 86.160 | 91.066 | 62.263 | 46.200 |
|   0   | 69.266 | 86.127 | 91.163 | 62.412 | 46.350 |
|   1   | 69.493 | 86.387 | 91.147 | 62.494 | 46.411 |
|   2   | 69.591 | 86.371 | 91.196 | 62.558 | 46.477 |
|   3   | 69.526 | 86.192 | 91.147 | 62.514 | 46.429 |
|   4   | 69.266 | 86.225 | 91.309 | 62.417 | 46.360 |
|   5   | 69.379 | 86.144 | 91.326 | 62.303 | 46.215 |
|   6   | 69.055 | 86.062 | 91.196 | 62.108 | 46.073 |
|   7   | 68.746 | 85.949 | 91.098 | 61.824 | 45.738 |
|   8   | 68.470 | 86.046 | 90.936 | 61.567 | 45.453 |
|   9   | 67.917 | 85.721 | 90.676 | 61.208 | 45.104 |
+-------+--------+--------+--------+--------+--------+
     logs:  {'epo': 9, 'R1': 67.917, 'R5': 85.721, 'R10': 90.676, 'mAP': 61.208, 'mINP': 45.104, 'entropy': 0.8451638802101737, 'loss': 2.318983510920876, 'lr': 2.4224015779012978e-05}
     Epoch[10] Iteration[10/384], entropy: 0.7822, loss: 2.1766, lr: 4.09e-05
     Epoch[10] Iteration[20/384], entropy: 0.8707, loss: 2.4576, lr: 4.82e-05
     Epoch[10] Iteration[30/384], entropy: 1.0254, loss: 2.5580, lr: 2.34e-05
     Epoch[10] Iteration[40/384], entropy: 0.6133, loss: 2.1140, lr: 7.85e-07
     Epoch[10] Iteration[50/384], entropy: 0.8915, loss: 2.4021, lr: 1.16e-05
     Epoch[10] Iteration[60/384], entropy: 0.5955, loss: 2.0730, lr: 4.09e-05
     Epoch[10] Iteration[70/384], entropy: 0.7142, loss: 2.2084, lr: 4.82e-05
     Epoch[10] Iteration[80/384], entropy: 0.8560, loss: 2.3945, lr: 2.34e-05
     Epoch[10] Iteration[90/384], entropy: 0.7646, loss: 2.2429, lr: 7.85e-07
     Epoch[10] Iteration[100/384], entropy: 0.6716, loss: 2.0412, lr: 1.16e-05
     Epoch[10] Iteration[110/384], entropy: 1.0344, loss: 2.5535, lr: 4.09e-05
     Epoch[10] Iteration[120/384], entropy: 0.7836, loss: 2.2526, lr: 4.82e-05
     Epoch[10] Iteration[130/384], entropy: 1.0372, loss: 2.5693, lr: 2.34e-05
     Epoch[10] Iteration[140/384], entropy: 0.7941, loss: 2.2382, lr: 7.85e-07
     Epoch[10] Iteration[150/384], entropy: 0.9272, loss: 2.5357, lr: 1.16e-05
     Epoch[10] Iteration[160/384], entropy: 0.9080, loss: 2.3750, lr: 4.09e-05
     Epoch[10] Iteration[170/384], entropy: 0.5354, loss: 2.0015, lr: 4.82e-05
     Epoch[10] Iteration[180/384], entropy: 0.8556, loss: 2.4000, lr: 2.34e-05
     Epoch[10] Iteration[190/384], entropy: 0.7656, loss: 2.3065, lr: 7.85e-07
     Epoch[10] Iteration[200/384], entropy: 0.7706, loss: 2.3185, lr: 1.16e-05
     Epoch[10] Iteration[210/384], entropy: 0.9016, loss: 2.3602, lr: 4.09e-05
     Epoch[10] Iteration[220/384], entropy: 0.9645, loss: 2.4880, lr: 4.82e-05
     Epoch[10] Iteration[230/384], entropy: 1.0141, loss: 2.5586, lr: 2.34e-05
     Epoch[10] Iteration[240/384], entropy: 0.8943, loss: 2.3744, lr: 7.85e-07
     Epoch[10] Iteration[250/384], entropy: 0.7490, loss: 2.1997, lr: 9.06e-06
     Epoch[10] Iteration[260/384], entropy: 0.6392, loss: 2.1278, lr: 3.84e-05
     Epoch[10] Iteration[270/384], entropy: 0.8740, loss: 2.3545, lr: 4.92e-05
     Epoch[10] Iteration[280/384], entropy: 0.7731, loss: 2.3163, lr: 2.66e-05
     Epoch[10] Iteration[290/384], entropy: 0.7254, loss: 2.1479, lr: 1.76e-06
     Epoch[10] Iteration[300/384], entropy: 0.9043, loss: 2.3219, lr: 9.06e-06
     Epoch[10] Iteration[310/384], entropy: 0.9215, loss: 2.2805, lr: 3.84e-05
     Epoch[10] Iteration[320/384], entropy: 0.7483, loss: 2.2726, lr: 4.92e-05
     Epoch[10] Iteration[330/384], entropy: 0.9680, loss: 2.5251, lr: 2.66e-05
     Epoch[10] Iteration[340/384], entropy: 0.9093, loss: 2.2825, lr: 1.76e-06
     Epoch[10] Iteration[350/384], entropy: 0.8164, loss: 2.3204, lr: 9.06e-06
     Epoch[10] Iteration[360/384], entropy: 0.7418, loss: 2.1877, lr: 3.84e-05
     Epoch[10] Iteration[370/384], entropy: 0.8680, loss: 2.2881, lr: 4.92e-05
     Epoch[10] Iteration[380/384], entropy: 0.6420, loss: 2.1652, lr: 2.66e-05
     Averaged stats: entropy: 1.0347, loss: 2.4759, lr: 1.44e-05
     itm tta time 0:00:40
### TTA Eval Score: 
+-------+--------+--------+--------+--------+--------+
| epoch |   R1   |   R5   |  R10   |  mAP   |  mINP  |
+-------+--------+--------+--------+--------+--------+
|  -999 | 69.087 | 86.160 | 91.066 | 62.263 | 46.200 |
|   0   | 69.266 | 86.127 | 91.163 | 62.412 | 46.350 |
|   1   | 69.493 | 86.387 | 91.147 | 62.494 | 46.411 |
|   2   | 69.591 | 86.371 | 91.196 | 62.558 | 46.477 |
|   3   | 69.526 | 86.192 | 91.147 | 62.514 | 46.429 |
|   4   | 69.266 | 86.225 | 91.309 | 62.417 | 46.360 |
|   5   | 69.379 | 86.144 | 91.326 | 62.303 | 46.215 |
|   6   | 69.055 | 86.062 | 91.196 | 62.108 | 46.073 |
|   7   | 68.746 | 85.949 | 91.098 | 61.824 | 45.738 |
|   8   | 68.470 | 86.046 | 90.936 | 61.567 | 45.453 |
|   9   | 67.917 | 85.721 | 90.676 | 61.208 | 45.104 |
|   10  | 67.609 | 85.299 | 90.497 | 60.804 | 44.684 |
+-------+--------+--------+--------+--------+--------+
     logs:  {'epo': 10, 'R1': 67.609, 'R5': 85.299, 'R10': 90.497, 'mAP': 60.804, 'mINP': 44.684, 'entropy': 0.8224090400495028, 'loss': 2.3102764957829525, 'lr': 2.596421268478103e-05}
     Epoch[11] Iteration[10/384], entropy: 0.9659, loss: 2.3712, lr: 1.97e-07
     Epoch[11] Iteration[20/384], entropy: 0.7838, loss: 2.3065, lr: 2.03e-05
     Epoch[11] Iteration[30/384], entropy: 0.9630, loss: 2.4514, lr: 4.69e-05
     Epoch[11] Iteration[40/384], entropy: 0.9446, loss: 2.5202, lr: 4.32e-05
     Epoch[11] Iteration[50/384], entropy: 0.8327, loss: 2.3628, lr: 1.44e-05
     Epoch[11] Iteration[60/384], entropy: 0.9179, loss: 2.3690, lr: 1.97e-07
     Epoch[11] Iteration[70/384], entropy: 0.8233, loss: 2.2569, lr: 2.03e-05
     Epoch[11] Iteration[80/384], entropy: 0.7991, loss: 2.2912, lr: 4.69e-05
     Epoch[11] Iteration[90/384], entropy: 1.0105, loss: 2.4340, lr: 4.32e-05
     Epoch[11] Iteration[100/384], entropy: 0.7736, loss: 2.2735, lr: 1.44e-05
     Epoch[11] Iteration[110/384], entropy: 0.8455, loss: 2.4640, lr: 1.97e-07
     Epoch[11] Iteration[120/384], entropy: 0.7310, loss: 2.2075, lr: 2.03e-05
     Epoch[11] Iteration[130/384], entropy: 0.8815, loss: 2.3782, lr: 4.69e-05
     Epoch[11] Iteration[140/384], entropy: 0.8300, loss: 2.3323, lr: 4.32e-05
     Epoch[11] Iteration[150/384], entropy: 0.8668, loss: 2.3785, lr: 1.44e-05
     Epoch[11] Iteration[160/384], entropy: 0.7222, loss: 2.1651, lr: 1.97e-07
     Epoch[11] Iteration[170/384], entropy: 0.9704, loss: 2.5161, lr: 2.03e-05
     Epoch[11] Iteration[180/384], entropy: 1.0599, loss: 2.5890, lr: 4.69e-05
     Epoch[11] Iteration[190/384], entropy: 0.6561, loss: 2.0006, lr: 4.32e-05
     Epoch[11] Iteration[200/384], entropy: 0.8246, loss: 2.2497, lr: 1.44e-05
     Epoch[11] Iteration[210/384], entropy: 0.6966, loss: 2.1279, lr: 1.97e-07
     Epoch[11] Iteration[220/384], entropy: 0.8174, loss: 2.2966, lr: 2.03e-05
     Epoch[11] Iteration[230/384], entropy: 0.9201, loss: 2.3780, lr: 4.69e-05
     Epoch[11] Iteration[240/384], entropy: 0.9584, loss: 2.4926, lr: 4.32e-05
     Epoch[11] Iteration[250/384], entropy: 0.7859, loss: 2.4648, lr: 1.44e-05
     Epoch[11] Iteration[260/384], entropy: 0.6617, loss: 2.0766, lr: 1.97e-07
     Epoch[11] Iteration[270/384], entropy: 0.9648, loss: 2.3787, lr: 2.03e-05
     Epoch[11] Iteration[280/384], entropy: 0.7650, loss: 2.2528, lr: 4.69e-05
     Epoch[11] Iteration[290/384], entropy: 0.8065, loss: 2.3500, lr: 4.32e-05
     Epoch[11] Iteration[300/384], entropy: 0.6291, loss: 2.0977, lr: 1.44e-05
     Epoch[11] Iteration[310/384], entropy: 0.8750, loss: 2.4315, lr: 1.97e-07
     Epoch[11] Iteration[320/384], entropy: 0.9093, loss: 2.2850, lr: 2.03e-05
     Epoch[11] Iteration[330/384], entropy: 0.8548, loss: 2.3769, lr: 4.69e-05
     Epoch[11] Iteration[340/384], entropy: 0.8712, loss: 2.4295, lr: 4.32e-05
     Epoch[11] Iteration[350/384], entropy: 0.8611, loss: 2.2588, lr: 1.44e-05
     Epoch[11] Iteration[360/384], entropy: 0.6985, loss: 2.1725, lr: 1.97e-07
     Epoch[11] Iteration[370/384], entropy: 0.7753, loss: 2.2603, lr: 2.03e-05
     Epoch[11] Iteration[380/384], entropy: 0.8108, loss: 2.3285, lr: 4.69e-05
     Averaged stats: entropy: 0.9281, loss: 2.4386, lr: 5.00e-05
     itm tta time 0:00:43
### TTA Eval Score: 
+-------+--------+--------+--------+--------+--------+
| epoch |   R1   |   R5   |  R10   |  mAP   |  mINP  |
+-------+--------+--------+--------+--------+--------+
|  -999 | 69.087 | 86.160 | 91.066 | 62.263 | 46.200 |
|   0   | 69.266 | 86.127 | 91.163 | 62.412 | 46.350 |
|   1   | 69.493 | 86.387 | 91.147 | 62.494 | 46.411 |
|   2   | 69.591 | 86.371 | 91.196 | 62.558 | 46.477 |
|   3   | 69.526 | 86.192 | 91.147 | 62.514 | 46.429 |
|   4   | 69.266 | 86.225 | 91.309 | 62.417 | 46.360 |
|   5   | 69.379 | 86.144 | 91.326 | 62.303 | 46.215 |
|   6   | 69.055 | 86.062 | 91.196 | 62.108 | 46.073 |
|   7   | 68.746 | 85.949 | 91.098 | 61.824 | 45.738 |
|   8   | 68.470 | 86.046 | 90.936 | 61.567 | 45.453 |
|   9   | 67.917 | 85.721 | 90.676 | 61.208 | 45.104 |
|   10  | 67.609 | 85.299 | 90.497 | 60.804 | 44.684 |
|   11  | 66.959 | 84.860 | 90.335 | 60.247 | 44.130 |
+-------+--------+--------+--------+--------+--------+
     logs:  {'epo': 11, 'R1': 66.959, 'R5': 84.86, 'R10': 90.335, 'mAP': 60.247, 'mINP': 44.13, 'entropy': 0.8385160534005416, 'loss': 2.32569682598114, 'lr': 2.480053333167348e-05}
     Epoch[12] Iteration[10/384], entropy: 0.8697, loss: 2.2950, lr: 3.27e-05
     Epoch[12] Iteration[20/384], entropy: 0.6094, loss: 2.2470, lr: 4.77e-06
     Epoch[12] Iteration[30/384], entropy: 0.9052, loss: 2.3537, lr: 4.77e-06
     Epoch[12] Iteration[40/384], entropy: 0.6806, loss: 2.2162, lr: 3.27e-05
     Epoch[12] Iteration[50/384], entropy: 0.8791, loss: 2.3703, lr: 5.00e-05
     Epoch[12] Iteration[60/384], entropy: 0.8902, loss: 2.4296, lr: 3.27e-05
     Epoch[12] Iteration[70/384], entropy: 0.9026, loss: 2.2968, lr: 4.77e-06
     Epoch[12] Iteration[80/384], entropy: 1.0427, loss: 2.4590, lr: 4.77e-06
     Epoch[12] Iteration[90/384], entropy: 0.8604, loss: 2.2959, lr: 3.27e-05
     Epoch[12] Iteration[100/384], entropy: 0.9301, loss: 2.4103, lr: 5.00e-05
     Epoch[12] Iteration[110/384], entropy: 0.7922, loss: 2.1210, lr: 3.27e-05
     Epoch[12] Iteration[120/384], entropy: 0.8746, loss: 2.4026, lr: 4.77e-06
     Epoch[12] Iteration[130/384], entropy: 0.7568, loss: 2.3604, lr: 4.77e-06
     Epoch[12] Iteration[140/384], entropy: 0.8326, loss: 2.3461, lr: 3.27e-05
     Epoch[12] Iteration[150/384], entropy: 0.9786, loss: 2.3716, lr: 5.00e-05
     Epoch[12] Iteration[160/384], entropy: 0.7260, loss: 2.4012, lr: 3.27e-05
     Epoch[12] Iteration[170/384], entropy: 0.7577, loss: 2.3233, lr: 4.77e-06
     Epoch[12] Iteration[180/384], entropy: 1.1088, loss: 2.5999, lr: 4.77e-06
     Epoch[12] Iteration[190/384], entropy: 0.9015, loss: 2.3630, lr: 3.27e-05
     Epoch[12] Iteration[200/384], entropy: 0.7954, loss: 2.3958, lr: 5.00e-05
     Epoch[12] Iteration[210/384], entropy: 0.7396, loss: 2.1899, lr: 3.27e-05
     Epoch[12] Iteration[220/384], entropy: 0.5718, loss: 2.1273, lr: 4.77e-06
     Epoch[12] Iteration[230/384], entropy: 0.6985, loss: 2.2484, lr: 4.77e-06
     Epoch[12] Iteration[240/384], entropy: 0.9577, loss: 2.4923, lr: 3.27e-05
     Epoch[12] Iteration[250/384], entropy: 0.5481, loss: 2.0036, lr: 5.00e-05
     Epoch[12] Iteration[260/384], entropy: 0.9709, loss: 2.4074, lr: 3.27e-05
     Epoch[12] Iteration[270/384], entropy: 0.4885, loss: 1.9236, lr: 4.77e-06
     Epoch[12] Iteration[280/384], entropy: 0.6869, loss: 2.2837, lr: 4.77e-06
     Epoch[12] Iteration[290/384], entropy: 0.7181, loss: 2.2753, lr: 3.27e-05
     Epoch[12] Iteration[300/384], entropy: 0.6685, loss: 2.1472, lr: 5.00e-05
     Epoch[12] Iteration[310/384], entropy: 0.7779, loss: 2.2597, lr: 3.27e-05
     Epoch[12] Iteration[320/384], entropy: 0.6817, loss: 2.2878, lr: 4.77e-06
     Epoch[12] Iteration[330/384], entropy: 0.8532, loss: 2.3319, lr: 4.77e-06
     Epoch[12] Iteration[340/384], entropy: 0.8520, loss: 2.3663, lr: 3.27e-05
     Epoch[12] Iteration[350/384], entropy: 0.8039, loss: 2.2550, lr: 5.00e-05
     Epoch[12] Iteration[360/384], entropy: 1.0178, loss: 2.5452, lr: 3.27e-05
     Epoch[12] Iteration[370/384], entropy: 0.6256, loss: 2.1114, lr: 4.77e-06
     Epoch[12] Iteration[380/384], entropy: 0.9098, loss: 2.4040, lr: 4.77e-06
     Averaged stats: entropy: 0.8326, loss: 2.3768, lr: 1.44e-05
     itm tta time 0:00:40
### TTA Eval Score: 
+-------+--------+--------+--------+--------+--------+
| epoch |   R1   |   R5   |  R10   |  mAP   |  mINP  |
+-------+--------+--------+--------+--------+--------+
|  -999 | 69.087 | 86.160 | 91.066 | 62.263 | 46.200 |
|   0   | 69.266 | 86.127 | 91.163 | 62.412 | 46.350 |
|   1   | 69.493 | 86.387 | 91.147 | 62.494 | 46.411 |
|   2   | 69.591 | 86.371 | 91.196 | 62.558 | 46.477 |
|   3   | 69.526 | 86.192 | 91.147 | 62.514 | 46.429 |
|   4   | 69.266 | 86.225 | 91.309 | 62.417 | 46.360 |
|   5   | 69.379 | 86.144 | 91.326 | 62.303 | 46.215 |
|   6   | 69.055 | 86.062 | 91.196 | 62.108 | 46.073 |
|   7   | 68.746 | 85.949 | 91.098 | 61.824 | 45.738 |
|   8   | 68.470 | 86.046 | 90.936 | 61.567 | 45.453 |
|   9   | 67.917 | 85.721 | 90.676 | 61.208 | 45.104 |
|   10  | 67.609 | 85.299 | 90.497 | 60.804 | 44.684 |
|   11  | 66.959 | 84.860 | 90.335 | 60.247 | 44.130 |
|   12  | 66.488 | 84.422 | 89.961 | 59.754 | 43.662 |
+-------+--------+--------+--------+--------+--------+
     logs:  {'epo': 12, 'R1': 66.488, 'R5': 84.422, 'R10': 89.961, 'mAP': 59.754, 'mINP': 43.662, 'entropy': 0.8069640327441064, 'loss': 2.308387361074749, 'lr': 2.413880460896347e-05}
     Epoch[13] Iteration[10/384], entropy: 0.8039, loss: 2.2088, lr: 4.32e-05
     Epoch[13] Iteration[20/384], entropy: 0.8461, loss: 2.4308, lr: 4.69e-05
     Epoch[13] Iteration[30/384], entropy: 0.6009, loss: 2.2805, lr: 2.03e-05
     Epoch[13] Iteration[40/384], entropy: 0.7520, loss: 2.1201, lr: 1.97e-07
     Epoch[13] Iteration[50/384], entropy: 0.7688, loss: 2.4648, lr: 1.44e-05
     Epoch[13] Iteration[60/384], entropy: 0.7230, loss: 2.3291, lr: 4.32e-05
     Epoch[13] Iteration[70/384], entropy: 0.9599, loss: 2.4720, lr: 4.69e-05
     Epoch[13] Iteration[80/384], entropy: 0.9719, loss: 2.4487, lr: 2.03e-05
     Epoch[13] Iteration[90/384], entropy: 0.8385, loss: 2.3704, lr: 1.97e-07
     Epoch[13] Iteration[100/384], entropy: 0.7924, loss: 2.2883, lr: 1.44e-05
     Epoch[13] Iteration[110/384], entropy: 0.6744, loss: 2.2372, lr: 4.32e-05
     Epoch[13] Iteration[120/384], entropy: 0.7321, loss: 2.2505, lr: 4.69e-05
     Epoch[13] Iteration[130/384], entropy: 0.6577, loss: 2.1560, lr: 2.03e-05
     Epoch[13] Iteration[140/384], entropy: 0.5824, loss: 2.0924, lr: 1.97e-07
     Epoch[13] Iteration[150/384], entropy: 0.6404, loss: 2.1706, lr: 1.44e-05
     Epoch[13] Iteration[160/384], entropy: 0.8643, loss: 2.3486, lr: 4.32e-05
     Epoch[13] Iteration[170/384], entropy: 0.8249, loss: 2.4131, lr: 4.69e-05
     Epoch[13] Iteration[180/384], entropy: 0.8465, loss: 2.4789, lr: 2.03e-05
     Epoch[13] Iteration[190/384], entropy: 0.8630, loss: 2.3871, lr: 1.97e-07
     Epoch[13] Iteration[200/384], entropy: 0.6747, loss: 2.2570, lr: 1.44e-05
     Epoch[13] Iteration[210/384], entropy: 1.0259, loss: 2.5729, lr: 4.32e-05
     Epoch[13] Iteration[220/384], entropy: 0.7204, loss: 2.1539, lr: 4.69e-05
     Epoch[13] Iteration[230/384], entropy: 0.8358, loss: 2.2887, lr: 2.03e-05
     Epoch[13] Iteration[240/384], entropy: 0.6058, loss: 2.1218, lr: 1.97e-07
     Epoch[13] Iteration[250/384], entropy: 0.8687, loss: 2.4137, lr: 1.44e-05
     Epoch[13] Iteration[260/384], entropy: 0.8617, loss: 2.4302, lr: 4.32e-05
     Epoch[13] Iteration[270/384], entropy: 0.7686, loss: 2.2899, lr: 4.69e-05
     Epoch[13] Iteration[280/384], entropy: 0.8020, loss: 2.3190, lr: 2.03e-05
     Epoch[13] Iteration[290/384], entropy: 0.8211, loss: 2.2530, lr: 1.97e-07
     Epoch[13] Iteration[300/384], entropy: 0.8104, loss: 2.2990, lr: 1.44e-05
     Epoch[13] Iteration[310/384], entropy: 0.8437, loss: 2.3614, lr: 4.32e-05
     Epoch[13] Iteration[320/384], entropy: 0.6235, loss: 2.2165, lr: 4.69e-05
     Epoch[13] Iteration[330/384], entropy: 0.9064, loss: 2.4989, lr: 2.03e-05
     Epoch[13] Iteration[340/384], entropy: 0.7720, loss: 2.1551, lr: 1.97e-07
     Epoch[13] Iteration[350/384], entropy: 0.8882, loss: 2.3485, lr: 1.44e-05
     Epoch[13] Iteration[360/384], entropy: 0.9413, loss: 2.5131, lr: 4.32e-05
     Epoch[13] Iteration[370/384], entropy: 0.7917, loss: 2.3916, lr: 4.69e-05
     Epoch[13] Iteration[380/384], entropy: 0.7593, loss: 2.3794, lr: 2.03e-05
     Averaged stats: entropy: 0.8057, loss: 2.3111, lr: 9.06e-06
     itm tta time 0:00:40
### TTA Eval Score: 
+-------+--------+--------+--------+--------+--------+
| epoch |   R1   |   R5   |  R10   |  mAP   |  mINP  |
+-------+--------+--------+--------+--------+--------+
|  -999 | 69.087 | 86.160 | 91.066 | 62.263 | 46.200 |
|   0   | 69.266 | 86.127 | 91.163 | 62.412 | 46.350 |
|   1   | 69.493 | 86.387 | 91.147 | 62.494 | 46.411 |
|   2   | 69.591 | 86.371 | 91.196 | 62.558 | 46.477 |
|   3   | 69.526 | 86.192 | 91.147 | 62.514 | 46.429 |
|   4   | 69.266 | 86.225 | 91.309 | 62.417 | 46.360 |
|   5   | 69.379 | 86.144 | 91.326 | 62.303 | 46.215 |
|   6   | 69.055 | 86.062 | 91.196 | 62.108 | 46.073 |
|   7   | 68.746 | 85.949 | 91.098 | 61.824 | 45.738 |
|   8   | 68.470 | 86.046 | 90.936 | 61.567 | 45.453 |
|   9   | 67.917 | 85.721 | 90.676 | 61.208 | 45.104 |
|   10  | 67.609 | 85.299 | 90.497 | 60.804 | 44.684 |
|   11  | 66.959 | 84.860 | 90.335 | 60.247 | 44.130 |
|   12  | 66.488 | 84.422 | 89.961 | 59.754 | 43.662 |
|   13  | 65.919 | 84.129 | 89.717 | 59.208 | 43.146 |
+-------+--------+--------+--------+--------+--------+
     logs:  {'epo': 13, 'R1': 65.919, 'R5': 84.129, 'R10': 89.717, 'mAP': 59.208, 'mINP': 43.146, 'entropy': 0.7911656247942072, 'loss': 2.3213580658561304, 'lr': 2.5932824995315547e-05}
     Epoch[14] Iteration[10/384], entropy: 0.6724, loss: 2.0755, lr: 1.76e-06
     Epoch[14] Iteration[20/384], entropy: 0.6534, loss: 2.2057, lr: 2.66e-05
     Epoch[14] Iteration[30/384], entropy: 0.9355, loss: 2.4137, lr: 4.92e-05
     Epoch[14] Iteration[40/384], entropy: 1.0644, loss: 2.6472, lr: 3.84e-05
     Epoch[14] Iteration[50/384], entropy: 0.6677, loss: 2.1585, lr: 9.06e-06
     Epoch[14] Iteration[60/384], entropy: 0.8643, loss: 2.3322, lr: 1.76e-06
     Epoch[14] Iteration[70/384], entropy: 0.9568, loss: 2.6337, lr: 2.66e-05
     Epoch[14] Iteration[80/384], entropy: 0.6419, loss: 2.1691, lr: 4.92e-05
     Epoch[14] Iteration[90/384], entropy: 0.8743, loss: 2.2828, lr: 3.84e-05
     Epoch[14] Iteration[100/384], entropy: 0.7055, loss: 2.2553, lr: 9.06e-06
     Epoch[14] Iteration[110/384], entropy: 0.8314, loss: 2.2968, lr: 1.76e-06
     Epoch[14] Iteration[120/384], entropy: 0.7901, loss: 2.4035, lr: 2.66e-05
     Epoch[14] Iteration[130/384], entropy: 0.9147, loss: 2.4707, lr: 4.92e-05
     Epoch[14] Iteration[140/384], entropy: 0.6677, loss: 2.1053, lr: 3.84e-05
     Epoch[14] Iteration[150/384], entropy: 0.8827, loss: 2.3483, lr: 9.06e-06
     Epoch[14] Iteration[160/384], entropy: 0.6950, loss: 2.1754, lr: 1.76e-06
     Epoch[14] Iteration[170/384], entropy: 0.6541, loss: 2.0951, lr: 2.66e-05
     Epoch[14] Iteration[180/384], entropy: 0.8186, loss: 2.4286, lr: 4.92e-05
     Epoch[14] Iteration[190/384], entropy: 0.5590, loss: 2.0460, lr: 3.84e-05
     Epoch[14] Iteration[200/384], entropy: 0.7311, loss: 2.2672, lr: 9.06e-06
     Epoch[14] Iteration[210/384], entropy: 0.9924, loss: 2.4173, lr: 1.76e-06
     Epoch[14] Iteration[220/384], entropy: 0.8663, loss: 2.3683, lr: 2.66e-05
     Epoch[14] Iteration[230/384], entropy: 0.8148, loss: 2.3956, lr: 4.92e-05
     Epoch[14] Iteration[240/384], entropy: 0.7665, loss: 2.2031, lr: 3.84e-05
     Epoch[14] Iteration[250/384], entropy: 0.6037, loss: 2.0955, lr: 9.06e-06
     Epoch[14] Iteration[260/384], entropy: 0.6610, loss: 2.1285, lr: 1.76e-06
     Epoch[14] Iteration[270/384], entropy: 0.6654, loss: 2.1209, lr: 2.66e-05
     Epoch[14] Iteration[280/384], entropy: 0.7726, loss: 2.2742, lr: 4.92e-05
     Epoch[14] Iteration[290/384], entropy: 0.6182, loss: 2.1716, lr: 3.84e-05
     Epoch[14] Iteration[300/384], entropy: 0.6413, loss: 2.1286, lr: 9.06e-06
     Epoch[14] Iteration[310/384], entropy: 0.7814, loss: 2.3561, lr: 1.76e-06
     Epoch[14] Iteration[320/384], entropy: 0.6476, loss: 2.2236, lr: 2.66e-05
     Epoch[14] Iteration[330/384], entropy: 0.7468, loss: 2.2543, lr: 4.92e-05
     Epoch[14] Iteration[340/384], entropy: 0.8899, loss: 2.3319, lr: 3.84e-05
     Epoch[14] Iteration[350/384], entropy: 0.8396, loss: 2.3197, lr: 9.06e-06
     Epoch[14] Iteration[360/384], entropy: 0.7242, loss: 2.3137, lr: 1.76e-06
     Epoch[14] Iteration[370/384], entropy: 0.8526, loss: 2.3264, lr: 2.66e-05
     Epoch[14] Iteration[380/384], entropy: 0.8559, loss: 2.2944, lr: 4.92e-05
     Averaged stats: entropy: 0.8746, loss: 2.5106, lr: 4.92e-05
     itm tta time 0:00:40
### TTA Eval Score: 
+-------+--------+--------+--------+--------+--------+
| epoch |   R1   |   R5   |  R10   |  mAP   |  mINP  |
+-------+--------+--------+--------+--------+--------+
|  -999 | 69.087 | 86.160 | 91.066 | 62.263 | 46.200 |
|   0   | 69.266 | 86.127 | 91.163 | 62.412 | 46.350 |
|   1   | 69.493 | 86.387 | 91.147 | 62.494 | 46.411 |
|   2   | 69.591 | 86.371 | 91.196 | 62.558 | 46.477 |
|   3   | 69.526 | 86.192 | 91.147 | 62.514 | 46.429 |
|   4   | 69.266 | 86.225 | 91.309 | 62.417 | 46.360 |
|   5   | 69.379 | 86.144 | 91.326 | 62.303 | 46.215 |
|   6   | 69.055 | 86.062 | 91.196 | 62.108 | 46.073 |
|   7   | 68.746 | 85.949 | 91.098 | 61.824 | 45.738 |
|   8   | 68.470 | 86.046 | 90.936 | 61.567 | 45.453 |
|   9   | 67.917 | 85.721 | 90.676 | 61.208 | 45.104 |
|   10  | 67.609 | 85.299 | 90.497 | 60.804 | 44.684 |
|   11  | 66.959 | 84.860 | 90.335 | 60.247 | 44.130 |
|   12  | 66.488 | 84.422 | 89.961 | 59.754 | 43.662 |
|   13  | 65.919 | 84.129 | 89.717 | 59.208 | 43.146 |
|   14  | 65.010 | 83.512 | 89.376 | 58.573 | 42.568 |
+-------+--------+--------+--------+--------+--------+
     logs:  {'epo': 14, 'R1': 65.01, 'R5': 83.512, 'R10': 89.376, 'mAP': 58.573, 'mINP': 42.568, 'entropy': 0.7715991280580822, 'loss': 2.277216164689315, 'lr': 2.506684025971711e-05}
     Epoch[15] Iteration[10/384], entropy: 0.7339, loss: 2.2532, lr: 2.66e-05
     Epoch[15] Iteration[20/384], entropy: 0.8444, loss: 2.4295, lr: 1.76e-06
     Epoch[15] Iteration[30/384], entropy: 0.7519, loss: 2.1742, lr: 9.06e-06
     Epoch[15] Iteration[40/384], entropy: 0.8044, loss: 2.2862, lr: 3.84e-05
     Epoch[15] Iteration[50/384], entropy: 0.7558, loss: 2.4595, lr: 4.92e-05
     Epoch[15] Iteration[60/384], entropy: 0.6832, loss: 2.1300, lr: 2.66e-05
     Epoch[15] Iteration[70/384], entropy: 0.5464, loss: 1.9769, lr: 1.76e-06
     Epoch[15] Iteration[80/384], entropy: 0.8510, loss: 2.2523, lr: 9.06e-06
     Epoch[15] Iteration[90/384], entropy: 0.8692, loss: 2.4144, lr: 3.84e-05
     Epoch[15] Iteration[100/384], entropy: 0.7812, loss: 2.4351, lr: 4.92e-05
     Epoch[15] Iteration[110/384], entropy: 0.6830, loss: 2.2355, lr: 2.66e-05
     Epoch[15] Iteration[120/384], entropy: 0.8697, loss: 2.3847, lr: 1.76e-06
     Epoch[15] Iteration[130/384], entropy: 0.7525, loss: 2.2802, lr: 9.06e-06
     Epoch[15] Iteration[140/384], entropy: 0.7778, loss: 2.3828, lr: 3.84e-05
     Epoch[15] Iteration[150/384], entropy: 0.7803, loss: 2.3065, lr: 4.92e-05
     Epoch[15] Iteration[160/384], entropy: 0.6523, loss: 2.2744, lr: 2.66e-05
     Epoch[15] Iteration[170/384], entropy: 0.9081, loss: 2.4547, lr: 1.76e-06
     Epoch[15] Iteration[180/384], entropy: 0.6680, loss: 2.1326, lr: 9.06e-06
     Epoch[15] Iteration[190/384], entropy: 0.8955, loss: 2.4641, lr: 3.84e-05
     Epoch[15] Iteration[200/384], entropy: 0.9002, loss: 2.3822, lr: 4.92e-05
     Epoch[15] Iteration[210/384], entropy: 0.6815, loss: 2.2889, lr: 2.66e-05
     Epoch[15] Iteration[220/384], entropy: 0.6986, loss: 2.1261, lr: 1.76e-06
     Epoch[15] Iteration[230/384], entropy: 0.6778, loss: 2.2334, lr: 9.06e-06
     Epoch[15] Iteration[240/384], entropy: 0.7259, loss: 2.3683, lr: 3.84e-05
     Epoch[15] Iteration[250/384], entropy: 0.7357, loss: 2.1926, lr: 4.92e-05
     Epoch[15] Iteration[260/384], entropy: 0.7566, loss: 2.2574, lr: 2.66e-05
     Epoch[15] Iteration[270/384], entropy: 0.8394, loss: 2.3345, lr: 1.76e-06
     Epoch[15] Iteration[280/384], entropy: 0.8120, loss: 2.3643, lr: 9.06e-06
     Epoch[15] Iteration[290/384], entropy: 0.6475, loss: 2.2169, lr: 3.84e-05
     Epoch[15] Iteration[300/384], entropy: 0.9131, loss: 2.5180, lr: 4.92e-05
     Epoch[15] Iteration[310/384], entropy: 0.8445, loss: 2.2498, lr: 2.66e-05
     Epoch[15] Iteration[320/384], entropy: 0.4431, loss: 1.8555, lr: 1.76e-06
     Epoch[15] Iteration[330/384], entropy: 1.0400, loss: 2.6134, lr: 9.06e-06
     Epoch[15] Iteration[340/384], entropy: 0.9562, loss: 2.3847, lr: 3.56e-05
     Epoch[15] Iteration[350/384], entropy: 0.7315, loss: 2.1959, lr: 4.98e-05
     Epoch[15] Iteration[360/384], entropy: 0.6318, loss: 2.1993, lr: 2.97e-05
     Epoch[15] Iteration[370/384], entropy: 0.7804, loss: 2.3543, lr: 3.09e-06
     Epoch[15] Iteration[380/384], entropy: 0.7334, loss: 2.2042, lr: 6.78e-06
     Averaged stats: entropy: 0.7997, loss: 2.3781, lr: 1.73e-05
     itm tta time 0:00:41
### TTA Eval Score: 
+-------+--------+--------+--------+--------+--------+
| epoch |   R1   |   R5   |  R10   |  mAP   |  mINP  |
+-------+--------+--------+--------+--------+--------+
|  -999 | 69.087 | 86.160 | 91.066 | 62.263 | 46.200 |
|   0   | 69.266 | 86.127 | 91.163 | 62.412 | 46.350 |
|   1   | 69.493 | 86.387 | 91.147 | 62.494 | 46.411 |
|   2   | 69.591 | 86.371 | 91.196 | 62.558 | 46.477 |
|   3   | 69.526 | 86.192 | 91.147 | 62.514 | 46.429 |
|   4   | 69.266 | 86.225 | 91.309 | 62.417 | 46.360 |
|   5   | 69.379 | 86.144 | 91.326 | 62.303 | 46.215 |
|   6   | 69.055 | 86.062 | 91.196 | 62.108 | 46.073 |
|   7   | 68.746 | 85.949 | 91.098 | 61.824 | 45.738 |
|   8   | 68.470 | 86.046 | 90.936 | 61.567 | 45.453 |
|   9   | 67.917 | 85.721 | 90.676 | 61.208 | 45.104 |
|   10  | 67.609 | 85.299 | 90.497 | 60.804 | 44.684 |
|   11  | 66.959 | 84.860 | 90.335 | 60.247 | 44.130 |
|   12  | 66.488 | 84.422 | 89.961 | 59.754 | 43.662 |
|   13  | 65.919 | 84.129 | 89.717 | 59.208 | 43.146 |
|   14  | 65.010 | 83.512 | 89.376 | 58.573 | 42.568 |
|   15  | 64.246 | 82.960 | 88.970 | 57.966 | 41.944 |
+-------+--------+--------+--------+--------+--------+
     logs:  {'epo': 15, 'R1': 64.246, 'R5': 82.96, 'R10': 88.97, 'mAP': 57.966, 'mINP': 41.944, 'entropy': 0.7673138866299077, 'loss': 2.2912247369163916, 'lr': 2.401025660782414e-05}
     Epoch[16] Iteration[10/384], entropy: 0.8385, loss: 2.4906, lr: 4.52e-05
     Epoch[16] Iteration[20/384], entropy: 0.7514, loss: 2.3533, lr: 4.52e-05
     Epoch[16] Iteration[30/384], entropy: 0.6038, loss: 2.2098, lr: 1.73e-05
     Epoch[16] Iteration[40/384], entropy: 0.7290, loss: 2.2609, lr: 0.00e+00
     Epoch[16] Iteration[50/384], entropy: 0.8594, loss: 2.3731, lr: 1.73e-05
     Epoch[16] Iteration[60/384], entropy: 0.8764, loss: 2.3934, lr: 4.52e-05
     Epoch[16] Iteration[70/384], entropy: 1.0557, loss: 2.5854, lr: 4.52e-05
     Epoch[16] Iteration[80/384], entropy: 0.8553, loss: 2.2644, lr: 1.73e-05
     Epoch[16] Iteration[90/384], entropy: 0.7291, loss: 2.1666, lr: 0.00e+00
     Epoch[16] Iteration[100/384], entropy: 0.6031, loss: 2.3104, lr: 1.73e-05
     Epoch[16] Iteration[110/384], entropy: 0.8106, loss: 2.4381, lr: 4.52e-05
     Epoch[16] Iteration[120/384], entropy: 0.8609, loss: 2.4225, lr: 4.52e-05
     Epoch[16] Iteration[130/384], entropy: 0.8978, loss: 2.3803, lr: 1.73e-05
     Epoch[16] Iteration[140/384], entropy: 0.7583, loss: 2.3149, lr: 0.00e+00
     Epoch[16] Iteration[150/384], entropy: 0.9291, loss: 2.3062, lr: 1.73e-05
     Epoch[16] Iteration[160/384], entropy: 0.7644, loss: 2.1677, lr: 4.52e-05
     Epoch[16] Iteration[170/384], entropy: 0.8252, loss: 2.2303, lr: 4.52e-05
     Epoch[16] Iteration[180/384], entropy: 0.6631, loss: 2.1689, lr: 1.73e-05
     Epoch[16] Iteration[190/384], entropy: 0.8183, loss: 2.2605, lr: 0.00e+00
     Epoch[16] Iteration[200/384], entropy: 0.8044, loss: 2.3406, lr: 1.73e-05
     Epoch[16] Iteration[210/384], entropy: 0.8115, loss: 2.3700, lr: 4.52e-05
     Epoch[16] Iteration[220/384], entropy: 0.8136, loss: 2.4301, lr: 4.52e-05
     Epoch[16] Iteration[230/384], entropy: 0.9182, loss: 2.3547, lr: 1.73e-05
     Epoch[16] Iteration[240/384], entropy: 0.5385, loss: 2.1160, lr: 0.00e+00
     Epoch[16] Iteration[250/384], entropy: 0.6749, loss: 2.2066, lr: 1.73e-05
     Epoch[16] Iteration[260/384], entropy: 0.6046, loss: 2.3847, lr: 4.52e-05
     Epoch[16] Iteration[270/384], entropy: 0.7002, loss: 2.1944, lr: 4.52e-05
     Epoch[16] Iteration[280/384], entropy: 0.9601, loss: 2.4687, lr: 1.73e-05
     Epoch[16] Iteration[290/384], entropy: 0.7836, loss: 2.1762, lr: 0.00e+00
     Epoch[16] Iteration[300/384], entropy: 0.6362, loss: 2.1305, lr: 1.73e-05
     Epoch[16] Iteration[310/384], entropy: 1.0156, loss: 2.6295, lr: 4.52e-05
     Epoch[16] Iteration[320/384], entropy: 0.7936, loss: 2.3833, lr: 4.52e-05
     Epoch[16] Iteration[330/384], entropy: 0.6919, loss: 2.1922, lr: 1.73e-05
     Epoch[16] Iteration[340/384], entropy: 0.9117, loss: 2.4574, lr: 0.00e+00
     Epoch[16] Iteration[350/384], entropy: 0.9421, loss: 2.4244, lr: 1.73e-05
     Epoch[16] Iteration[360/384], entropy: 0.7322, loss: 2.2458, lr: 4.52e-05
     Epoch[16] Iteration[370/384], entropy: 0.8091, loss: 2.3346, lr: 4.52e-05
     Epoch[16] Iteration[380/384], entropy: 0.6717, loss: 2.1481, lr: 1.73e-05
     Averaged stats: entropy: 0.7705, loss: 2.3216, lr: 6.78e-06
     itm tta time 0:00:41
### TTA Eval Score: 
+-------+--------+--------+--------+--------+--------+
| epoch |   R1   |   R5   |  R10   |  mAP   |  mINP  |
+-------+--------+--------+--------+--------+--------+
|  -999 | 69.087 | 86.160 | 91.066 | 62.263 | 46.200 |
|   0   | 69.266 | 86.127 | 91.163 | 62.412 | 46.350 |
|   1   | 69.493 | 86.387 | 91.147 | 62.494 | 46.411 |
|   2   | 69.591 | 86.371 | 91.196 | 62.558 | 46.477 |
|   3   | 69.526 | 86.192 | 91.147 | 62.514 | 46.429 |
|   4   | 69.266 | 86.225 | 91.309 | 62.417 | 46.360 |
|   5   | 69.379 | 86.144 | 91.326 | 62.303 | 46.215 |
|   6   | 69.055 | 86.062 | 91.196 | 62.108 | 46.073 |
|   7   | 68.746 | 85.949 | 91.098 | 61.824 | 45.738 |
|   8   | 68.470 | 86.046 | 90.936 | 61.567 | 45.453 |
|   9   | 67.917 | 85.721 | 90.676 | 61.208 | 45.104 |
|   10  | 67.609 | 85.299 | 90.497 | 60.804 | 44.684 |
|   11  | 66.959 | 84.860 | 90.335 | 60.247 | 44.130 |
|   12  | 66.488 | 84.422 | 89.961 | 59.754 | 43.662 |
|   13  | 65.919 | 84.129 | 89.717 | 59.208 | 43.146 |
|   14  | 65.010 | 83.512 | 89.376 | 58.573 | 42.568 |
|   15  | 64.246 | 82.960 | 88.970 | 57.966 | 41.944 |
|   16  | 63.775 | 82.359 | 88.483 | 57.281 | 41.276 |
+-------+--------+--------+--------+--------+--------+
     logs:  {'epo': 16, 'R1': 63.775, 'R5': 82.359, 'R10': 88.483, 'mAP': 57.281, 'mINP': 41.276, 'entropy': 0.7906063042188946, 'loss': 2.318023970252589, 'lr': 2.5861195391036293e-05}
     Epoch[17] Iteration[10/384], entropy: 0.7660, loss: 2.2268, lr: 3.09e-06
     Epoch[17] Iteration[20/384], entropy: 1.0469, loss: 2.5260, lr: 2.97e-05
     Epoch[17] Iteration[30/384], entropy: 0.9524, loss: 2.3660, lr: 4.98e-05
     Epoch[17] Iteration[40/384], entropy: 0.9860, loss: 2.4553, lr: 3.56e-05
     Epoch[17] Iteration[50/384], entropy: 0.7132, loss: 2.2952, lr: 6.78e-06
     Epoch[17] Iteration[60/384], entropy: 0.8055, loss: 2.3851, lr: 3.09e-06
     Epoch[17] Iteration[70/384], entropy: 0.7498, loss: 2.3005, lr: 2.97e-05
     Epoch[17] Iteration[80/384], entropy: 0.7208, loss: 2.3613, lr: 4.98e-05
     Epoch[17] Iteration[90/384], entropy: 0.8467, loss: 2.2997, lr: 3.56e-05
     Epoch[17] Iteration[100/384], entropy: 0.6880, loss: 2.3356, lr: 6.78e-06
     Epoch[17] Iteration[110/384], entropy: 0.6144, loss: 2.1693, lr: 3.09e-06
     Epoch[17] Iteration[120/384], entropy: 0.9296, loss: 2.4615, lr: 2.97e-05
     Epoch[17] Iteration[130/384], entropy: 0.8999, loss: 2.4997, lr: 4.98e-05
     Epoch[17] Iteration[140/384], entropy: 0.6753, loss: 2.2527, lr: 3.56e-05
     Epoch[17] Iteration[150/384], entropy: 0.6856, loss: 2.1913, lr: 6.78e-06
     Epoch[17] Iteration[160/384], entropy: 0.6273, loss: 2.2665, lr: 3.09e-06
     Epoch[17] Iteration[170/384], entropy: 0.9163, loss: 2.4720, lr: 2.97e-05
     Epoch[17] Iteration[180/384], entropy: 0.8269, loss: 2.4831, lr: 4.98e-05
     Epoch[17] Iteration[190/384], entropy: 0.7070, loss: 2.1642, lr: 3.56e-05
     Epoch[17] Iteration[200/384], entropy: 0.7077, loss: 2.1452, lr: 6.78e-06
     Epoch[17] Iteration[210/384], entropy: 0.6055, loss: 2.1932, lr: 3.09e-06
     Epoch[17] Iteration[220/384], entropy: 0.8117, loss: 2.4215, lr: 2.97e-05
     Epoch[17] Iteration[230/384], entropy: 0.8002, loss: 2.3954, lr: 4.98e-05
     Epoch[17] Iteration[240/384], entropy: 0.8784, loss: 2.2690, lr: 3.56e-05
     Epoch[17] Iteration[250/384], entropy: 0.5288, loss: 2.0367, lr: 6.78e-06
     Epoch[17] Iteration[260/384], entropy: 0.6411, loss: 2.1383, lr: 3.09e-06
     Epoch[17] Iteration[270/384], entropy: 0.6879, loss: 2.2835, lr: 2.97e-05
     Epoch[17] Iteration[280/384], entropy: 0.7085, loss: 2.3850, lr: 4.98e-05
     Epoch[17] Iteration[290/384], entropy: 0.6485, loss: 2.1209, lr: 3.56e-05
     Epoch[17] Iteration[300/384], entropy: 0.7544, loss: 2.2598, lr: 6.78e-06
     Epoch[17] Iteration[310/384], entropy: 0.8144, loss: 2.2652, lr: 3.09e-06
     Epoch[17] Iteration[320/384], entropy: 0.8403, loss: 2.5499, lr: 2.97e-05
     Epoch[17] Iteration[330/384], entropy: 0.7786, loss: 2.2360, lr: 4.98e-05
     Epoch[17] Iteration[340/384], entropy: 0.4063, loss: 1.8134, lr: 3.56e-05
     Epoch[17] Iteration[350/384], entropy: 0.7212, loss: 2.2302, lr: 6.78e-06
     Epoch[17] Iteration[360/384], entropy: 0.8108, loss: 2.2921, lr: 3.09e-06
     Epoch[17] Iteration[370/384], entropy: 0.7299, loss: 2.2800, lr: 2.97e-05
     Epoch[17] Iteration[380/384], entropy: 0.8518, loss: 2.4010, lr: 4.98e-05
     Averaged stats: entropy: 0.9343, loss: 2.4945, lr: 4.82e-05
     itm tta time 0:00:41
### TTA Eval Score: 
+-------+--------+--------+--------+--------+--------+
| epoch |   R1   |   R5   |  R10   |  mAP   |  mINP  |
+-------+--------+--------+--------+--------+--------+
|  -999 | 69.087 | 86.160 | 91.066 | 62.263 | 46.200 |
|   0   | 69.266 | 86.127 | 91.163 | 62.412 | 46.350 |
|   1   | 69.493 | 86.387 | 91.147 | 62.494 | 46.411 |
|   2   | 69.591 | 86.371 | 91.196 | 62.558 | 46.477 |
|   3   | 69.526 | 86.192 | 91.147 | 62.514 | 46.429 |
|   4   | 69.266 | 86.225 | 91.309 | 62.417 | 46.360 |
|   5   | 69.379 | 86.144 | 91.326 | 62.303 | 46.215 |
|   6   | 69.055 | 86.062 | 91.196 | 62.108 | 46.073 |
|   7   | 68.746 | 85.949 | 91.098 | 61.824 | 45.738 |
|   8   | 68.470 | 86.046 | 90.936 | 61.567 | 45.453 |
|   9   | 67.917 | 85.721 | 90.676 | 61.208 | 45.104 |
|   10  | 67.609 | 85.299 | 90.497 | 60.804 | 44.684 |
|   11  | 66.959 | 84.860 | 90.335 | 60.247 | 44.130 |
|   12  | 66.488 | 84.422 | 89.961 | 59.754 | 43.662 |
|   13  | 65.919 | 84.129 | 89.717 | 59.208 | 43.146 |
|   14  | 65.010 | 83.512 | 89.376 | 58.573 | 42.568 |
|   15  | 64.246 | 82.960 | 88.970 | 57.966 | 41.944 |
|   16  | 63.775 | 82.359 | 88.483 | 57.281 | 41.276 |
|   17  | 62.930 | 81.709 | 88.077 | 56.619 | 40.675 |
+-------+--------+--------+--------+--------+--------+
     logs:  {'epo': 17, 'R1': 62.93, 'R5': 81.709, 'R10': 88.077, 'mAP': 56.619, 'mINP': 40.675, 'entropy': 0.7601002439072257, 'loss': 2.2954826041271814, 'lr': 2.519946666832661e-05}
     Epoch[18] Iteration[10/384], entropy: 0.6100, loss: 2.0092, lr: 2.34e-05
     Epoch[18] Iteration[20/384], entropy: 0.6878, loss: 2.1046, lr: 7.85e-07
     Epoch[18] Iteration[30/384], entropy: 0.6923, loss: 2.1401, lr: 1.16e-05
     Epoch[18] Iteration[40/384], entropy: 0.6333, loss: 2.1935, lr: 4.09e-05
     Epoch[18] Iteration[50/384], entropy: 0.7557, loss: 2.3274, lr: 4.82e-05
     Epoch[18] Iteration[60/384], entropy: 0.5479, loss: 2.0318, lr: 2.34e-05
     Epoch[18] Iteration[70/384], entropy: 0.7944, loss: 2.2804, lr: 7.85e-07
     Epoch[18] Iteration[80/384], entropy: 0.7685, loss: 2.3006, lr: 1.16e-05
     Epoch[18] Iteration[90/384], entropy: 0.7647, loss: 2.1936, lr: 4.09e-05
     Epoch[18] Iteration[100/384], entropy: 0.7313, loss: 2.3524, lr: 4.82e-05
     Epoch[18] Iteration[110/384], entropy: 0.6019, loss: 2.2097, lr: 2.34e-05
     Epoch[18] Iteration[120/384], entropy: 0.8201, loss: 2.3268, lr: 7.85e-07
     Epoch[18] Iteration[130/384], entropy: 0.6493, loss: 2.3217, lr: 1.16e-05
     Epoch[18] Iteration[140/384], entropy: 0.5908, loss: 2.1081, lr: 4.09e-05
     Epoch[18] Iteration[150/384], entropy: 0.7549, loss: 2.3220, lr: 4.82e-05
     Epoch[18] Iteration[160/384], entropy: 0.3832, loss: 2.0118, lr: 2.34e-05
     Epoch[18] Iteration[170/384], entropy: 0.7034, loss: 2.4091, lr: 7.85e-07
     Epoch[18] Iteration[180/384], entropy: 0.7317, loss: 2.2791, lr: 1.16e-05
     Epoch[18] Iteration[190/384], entropy: 0.8280, loss: 2.2712, lr: 4.09e-05
     Epoch[18] Iteration[200/384], entropy: 0.6670, loss: 2.1989, lr: 4.82e-05
     Epoch[18] Iteration[210/384], entropy: 0.8445, loss: 2.4266, lr: 2.34e-05
     Epoch[18] Iteration[220/384], entropy: 0.7890, loss: 2.2528, lr: 7.85e-07
     Epoch[18] Iteration[230/384], entropy: 0.7207, loss: 2.3656, lr: 1.16e-05
     Epoch[18] Iteration[240/384], entropy: 0.7703, loss: 2.2278, lr: 4.09e-05
     Epoch[18] Iteration[250/384], entropy: 0.6698, loss: 2.2775, lr: 4.82e-05
     Epoch[18] Iteration[260/384], entropy: 0.8230, loss: 2.2211, lr: 2.34e-05
     Epoch[18] Iteration[270/384], entropy: 0.9141, loss: 2.4452, lr: 7.85e-07
     Epoch[18] Iteration[280/384], entropy: 0.8882, loss: 2.4011, lr: 1.16e-05
     Epoch[18] Iteration[290/384], entropy: 0.8453, loss: 2.3130, lr: 4.09e-05
     Epoch[18] Iteration[300/384], entropy: 0.8600, loss: 2.3287, lr: 4.82e-05
     Epoch[18] Iteration[310/384], entropy: 0.8363, loss: 2.3515, lr: 2.34e-05
     Epoch[18] Iteration[320/384], entropy: 0.5245, loss: 2.0384, lr: 7.85e-07
     Epoch[18] Iteration[330/384], entropy: 0.6871, loss: 2.2296, lr: 1.16e-05
     Epoch[18] Iteration[340/384], entropy: 0.7871, loss: 2.3550, lr: 4.09e-05
     Epoch[18] Iteration[350/384], entropy: 0.7842, loss: 2.4554, lr: 4.82e-05
     Epoch[18] Iteration[360/384], entropy: 0.7454, loss: 2.2809, lr: 2.34e-05
     Epoch[18] Iteration[370/384], entropy: 0.8027, loss: 2.3357, lr: 7.85e-07
     Epoch[18] Iteration[380/384], entropy: 0.9726, loss: 2.5639, lr: 1.16e-05
     Averaged stats: entropy: 0.9330, loss: 2.4887, lr: 2.34e-05
     itm tta time 0:00:40
### TTA Eval Score: 
+-------+--------+--------+--------+--------+--------+
| epoch |   R1   |   R5   |  R10   |  mAP   |  mINP  |
+-------+--------+--------+--------+--------+--------+
|  -999 | 69.087 | 86.160 | 91.066 | 62.263 | 46.200 |
|   0   | 69.266 | 86.127 | 91.163 | 62.412 | 46.350 |
|   1   | 69.493 | 86.387 | 91.147 | 62.494 | 46.411 |
|   2   | 69.591 | 86.371 | 91.196 | 62.558 | 46.477 |
|   3   | 69.526 | 86.192 | 91.147 | 62.514 | 46.429 |
|   4   | 69.266 | 86.225 | 91.309 | 62.417 | 46.360 |
|   5   | 69.379 | 86.144 | 91.326 | 62.303 | 46.215 |
|   6   | 69.055 | 86.062 | 91.196 | 62.108 | 46.073 |
|   7   | 68.746 | 85.949 | 91.098 | 61.824 | 45.738 |
|   8   | 68.470 | 86.046 | 90.936 | 61.567 | 45.453 |
|   9   | 67.917 | 85.721 | 90.676 | 61.208 | 45.104 |
|   10  | 67.609 | 85.299 | 90.497 | 60.804 | 44.684 |
|   11  | 66.959 | 84.860 | 90.335 | 60.247 | 44.130 |
|   12  | 66.488 | 84.422 | 89.961 | 59.754 | 43.662 |
|   13  | 65.919 | 84.129 | 89.717 | 59.208 | 43.146 |
|   14  | 65.010 | 83.512 | 89.376 | 58.573 | 42.568 |
|   15  | 64.246 | 82.960 | 88.970 | 57.966 | 41.944 |
|   16  | 63.775 | 82.359 | 88.483 | 57.281 | 41.276 |
|   17  | 62.930 | 81.709 | 88.077 | 56.619 | 40.675 |
|   18  | 62.297 | 81.157 | 87.638 | 55.997 | 40.136 |
+-------+--------+--------+--------+--------+--------+
     logs:  {'epo': 18, 'R1': 62.297, 'R5': 81.157, 'R10': 87.638, 'mAP': 55.997, 'mINP': 40.136, 'entropy': 0.7363401306302924, 'loss': 2.270046265501725, 'lr': 2.3968947055502456e-05}
     Epoch[19] Iteration[10/384], entropy: 0.7716, loss: 2.4295, lr: 4.82e-05
     Epoch[19] Iteration[20/384], entropy: 0.5774, loss: 2.1752, lr: 4.09e-05
     Epoch[19] Iteration[30/384], entropy: 0.6637, loss: 2.1274, lr: 1.16e-05
     Epoch[19] Iteration[40/384], entropy: 0.8638, loss: 2.4386, lr: 7.85e-07
     Epoch[19] Iteration[50/384], entropy: 0.8433, loss: 2.2647, lr: 2.34e-05
     Epoch[19] Iteration[60/384], entropy: 0.6074, loss: 2.2254, lr: 4.82e-05
     Epoch[19] Iteration[70/384], entropy: 1.0699, loss: 2.4991, lr: 4.09e-05
     Epoch[19] Iteration[80/384], entropy: 0.6522, loss: 2.2376, lr: 1.16e-05
     Epoch[19] Iteration[90/384], entropy: 0.8227, loss: 2.4335, lr: 7.85e-07
     Epoch[19] Iteration[100/384], entropy: 0.9164, loss: 2.4021, lr: 2.34e-05
     Epoch[19] Iteration[110/384], entropy: 0.7135, loss: 2.3125, lr: 4.82e-05
     Epoch[19] Iteration[120/384], entropy: 0.9004, loss: 2.3552, lr: 4.09e-05
     Epoch[19] Iteration[130/384], entropy: 0.7895, loss: 2.2116, lr: 1.16e-05
     Epoch[19] Iteration[140/384], entropy: 0.9177, loss: 2.4556, lr: 7.85e-07
     Epoch[19] Iteration[150/384], entropy: 0.9351, loss: 2.3690, lr: 2.34e-05
     Epoch[19] Iteration[160/384], entropy: 1.0270, loss: 2.4461, lr: 4.82e-05
     Epoch[19] Iteration[170/384], entropy: 0.8455, loss: 2.2978, lr: 4.09e-05
     Epoch[19] Iteration[180/384], entropy: 0.7540, loss: 2.3069, lr: 1.16e-05
     Epoch[19] Iteration[190/384], entropy: 0.7995, loss: 2.3134, lr: 7.85e-07
     Epoch[19] Iteration[200/384], entropy: 0.7951, loss: 2.3802, lr: 2.34e-05
     Epoch[19] Iteration[210/384], entropy: 0.8025, loss: 2.2356, lr: 4.82e-05
     Epoch[19] Iteration[220/384], entropy: 0.8162, loss: 2.4474, lr: 4.09e-05
     Epoch[19] Iteration[230/384], entropy: 0.4115, loss: 1.9784, lr: 1.16e-05
     Epoch[19] Iteration[240/384], entropy: 0.6606, loss: 2.0817, lr: 7.85e-07
     Epoch[19] Iteration[250/384], entropy: 0.7339, loss: 2.3776, lr: 2.34e-05
     Epoch[19] Iteration[260/384], entropy: 1.0916, loss: 2.5516, lr: 4.82e-05
     Epoch[19] Iteration[270/384], entropy: 0.6578, loss: 2.0523, lr: 4.09e-05
     Epoch[19] Iteration[280/384], entropy: 0.7820, loss: 2.2554, lr: 1.16e-05
     Epoch[19] Iteration[290/384], entropy: 0.7437, loss: 2.2748, lr: 7.85e-07
     Epoch[19] Iteration[300/384], entropy: 0.7494, loss: 2.2576, lr: 2.34e-05
     Epoch[19] Iteration[310/384], entropy: 0.5943, loss: 2.2011, lr: 4.82e-05
     Epoch[19] Iteration[320/384], entropy: 0.7501, loss: 2.3330, lr: 4.09e-05
     Epoch[19] Iteration[330/384], entropy: 0.8154, loss: 2.3453, lr: 1.16e-05
     Epoch[19] Iteration[340/384], entropy: 0.8337, loss: 2.5047, lr: 7.85e-07
     Epoch[19] Iteration[350/384], entropy: 0.8214, loss: 2.4095, lr: 2.34e-05
     Epoch[19] Iteration[360/384], entropy: 0.7697, loss: 2.3240, lr: 4.82e-05
     Epoch[19] Iteration[370/384], entropy: 0.8453, loss: 2.3794, lr: 4.09e-05
     Epoch[19] Iteration[380/384], entropy: 0.8204, loss: 2.2926, lr: 1.16e-05
     Averaged stats: entropy: 0.9241, loss: 2.2704, lr: 3.09e-06
     itm tta time 0:00:43
### TTA Eval Score: 
+-------+--------+--------+--------+--------+--------+
| epoch |   R1   |   R5   |  R10   |  mAP   |  mINP  |
+-------+--------+--------+--------+--------+--------+
|  -999 | 69.087 | 86.160 | 91.066 | 62.263 | 46.200 |
|   0   | 69.266 | 86.127 | 91.163 | 62.412 | 46.350 |
|   1   | 69.493 | 86.387 | 91.147 | 62.494 | 46.411 |
|   2   | 69.591 | 86.371 | 91.196 | 62.558 | 46.477 |
|   3   | 69.526 | 86.192 | 91.147 | 62.514 | 46.429 |
|   4   | 69.266 | 86.225 | 91.309 | 62.417 | 46.360 |
|   5   | 69.379 | 86.144 | 91.326 | 62.303 | 46.215 |
|   6   | 69.055 | 86.062 | 91.196 | 62.108 | 46.073 |
|   7   | 68.746 | 85.949 | 91.098 | 61.824 | 45.738 |
|   8   | 68.470 | 86.046 | 90.936 | 61.567 | 45.453 |
|   9   | 67.917 | 85.721 | 90.676 | 61.208 | 45.104 |
|   10  | 67.609 | 85.299 | 90.497 | 60.804 | 44.684 |
|   11  | 66.959 | 84.860 | 90.335 | 60.247 | 44.130 |
|   12  | 66.488 | 84.422 | 89.961 | 59.754 | 43.662 |
|   13  | 65.919 | 84.129 | 89.717 | 59.208 | 43.146 |
|   14  | 65.010 | 83.512 | 89.376 | 58.573 | 42.568 |
|   15  | 64.246 | 82.960 | 88.970 | 57.966 | 41.944 |
|   16  | 63.775 | 82.359 | 88.483 | 57.281 | 41.276 |
|   17  | 62.930 | 81.709 | 88.077 | 56.619 | 40.675 |
|   18  | 62.297 | 81.157 | 87.638 | 55.997 | 40.136 |
|   19  | 61.533 | 80.686 | 87.167 | 55.305 | 39.415 |
+-------+--------+--------+--------+--------+--------+
     logs:  {'epo': 19, 'R1': 61.533, 'R5': 80.686, 'R10': 87.167, 'mAP': 55.305, 'mINP': 39.415, 'entropy': 0.7885572918151554, 'loss': 2.3153589022786996, 'lr': 2.567853531622277e-05}
     Epoch[20] Iteration[10/384], entropy: 0.8009, loss: 2.2924, lr: 6.78e-06
     Epoch[20] Iteration[20/384], entropy: 1.0124, loss: 2.4414, lr: 3.56e-05
     Epoch[20] Iteration[30/384], entropy: 0.6805, loss: 2.2325, lr: 4.98e-05
     Epoch[20] Iteration[40/384], entropy: 0.7361, loss: 2.2174, lr: 2.97e-05
     Epoch[20] Iteration[50/384], entropy: 0.8492, loss: 2.3443, lr: 3.09e-06
     Epoch[20] Iteration[60/384], entropy: 0.7782, loss: 2.2223, lr: 6.78e-06
     Epoch[20] Iteration[70/384], entropy: 0.6064, loss: 2.0333, lr: 3.56e-05
     Epoch[20] Iteration[80/384], entropy: 0.5317, loss: 1.9774, lr: 4.98e-05
     Epoch[20] Iteration[90/384], entropy: 0.9035, loss: 2.3910, lr: 2.97e-05
     Epoch[20] Iteration[100/384], entropy: 0.8339, loss: 2.2655, lr: 3.09e-06
     Epoch[20] Iteration[110/384], entropy: 0.7028, loss: 2.2468, lr: 6.78e-06
     Epoch[20] Iteration[120/384], entropy: 0.5755, loss: 2.2149, lr: 3.56e-05
     Epoch[20] Iteration[130/384], entropy: 0.5751, loss: 2.0989, lr: 4.98e-05
     Epoch[20] Iteration[140/384], entropy: 1.0146, loss: 2.5056, lr: 2.97e-05
     Epoch[20] Iteration[150/384], entropy: 0.7591, loss: 2.1719, lr: 3.09e-06
     Epoch[20] Iteration[160/384], entropy: 0.8917, loss: 2.4702, lr: 6.78e-06
     Epoch[20] Iteration[170/384], entropy: 0.7423, loss: 2.3594, lr: 3.56e-05
     Epoch[20] Iteration[180/384], entropy: 0.7198, loss: 2.3699, lr: 4.98e-05
     Epoch[20] Iteration[190/384], entropy: 0.7262, loss: 2.1769, lr: 2.97e-05
     Epoch[20] Iteration[200/384], entropy: 0.7299, loss: 2.3162, lr: 3.09e-06
     Epoch[20] Iteration[210/384], entropy: 0.7305, loss: 2.2503, lr: 6.78e-06
     Epoch[20] Iteration[220/384], entropy: 0.6842, loss: 2.2385, lr: 3.56e-05
     Epoch[20] Iteration[230/384], entropy: 0.5897, loss: 2.1983, lr: 4.98e-05
     Epoch[20] Iteration[240/384], entropy: 0.8955, loss: 2.3524, lr: 2.97e-05
     Epoch[20] Iteration[250/384], entropy: 0.5567, loss: 2.0467, lr: 3.09e-06
     Epoch[20] Iteration[260/384], entropy: 0.5892, loss: 2.1811, lr: 6.78e-06
     Epoch[20] Iteration[270/384], entropy: 0.7585, loss: 2.1958, lr: 3.56e-05
     Epoch[20] Iteration[280/384], entropy: 0.6695, loss: 2.2734, lr: 4.98e-05
     Epoch[20] Iteration[290/384], entropy: 0.6917, loss: 2.2838, lr: 2.97e-05
     Epoch[20] Iteration[300/384], entropy: 0.8484, loss: 2.3241, lr: 3.09e-06
     Epoch[20] Iteration[310/384], entropy: 0.7001, loss: 2.2012, lr: 6.78e-06
     Epoch[20] Iteration[320/384], entropy: 0.7173, loss: 2.2306, lr: 3.56e-05
     Epoch[20] Iteration[330/384], entropy: 0.6056, loss: 2.0794, lr: 4.98e-05
     Epoch[20] Iteration[340/384], entropy: 0.6247, loss: 2.1032, lr: 2.97e-05
     Epoch[20] Iteration[350/384], entropy: 0.6567, loss: 2.1155, lr: 3.09e-06
     Epoch[20] Iteration[360/384], entropy: 0.7241, loss: 2.2409, lr: 6.78e-06
     Epoch[20] Iteration[370/384], entropy: 0.6699, loss: 2.2586, lr: 3.56e-05
     Epoch[20] Iteration[380/384], entropy: 0.7820, loss: 2.3548, lr: 4.98e-05
     Averaged stats: entropy: 0.7489, loss: 2.3141, lr: 4.52e-05
     itm tta time 0:00:40
### TTA Eval Score: 
+-------+--------+--------+--------+--------+--------+
| epoch |   R1   |   R5   |  R10   |  mAP   |  mINP  |
+-------+--------+--------+--------+--------+--------+
|  -999 | 69.087 | 86.160 | 91.066 | 62.263 | 46.200 |
|   0   | 69.266 | 86.127 | 91.163 | 62.412 | 46.350 |
|   1   | 69.493 | 86.387 | 91.147 | 62.494 | 46.411 |
|   2   | 69.591 | 86.371 | 91.196 | 62.558 | 46.477 |
|   3   | 69.526 | 86.192 | 91.147 | 62.514 | 46.429 |
|   4   | 69.266 | 86.225 | 91.309 | 62.417 | 46.360 |
|   5   | 69.379 | 86.144 | 91.326 | 62.303 | 46.215 |
|   6   | 69.055 | 86.062 | 91.196 | 62.108 | 46.073 |
|   7   | 68.746 | 85.949 | 91.098 | 61.824 | 45.738 |
|   8   | 68.470 | 86.046 | 90.936 | 61.567 | 45.453 |
|   9   | 67.917 | 85.721 | 90.676 | 61.208 | 45.104 |
|   10  | 67.609 | 85.299 | 90.497 | 60.804 | 44.684 |
|   11  | 66.959 | 84.860 | 90.335 | 60.247 | 44.130 |
|   12  | 66.488 | 84.422 | 89.961 | 59.754 | 43.662 |
|   13  | 65.919 | 84.129 | 89.717 | 59.208 | 43.146 |
|   14  | 65.010 | 83.512 | 89.376 | 58.573 | 42.568 |
|   15  | 64.246 | 82.960 | 88.970 | 57.966 | 41.944 |
|   16  | 63.775 | 82.359 | 88.483 | 57.281 | 41.276 |
|   17  | 62.930 | 81.709 | 88.077 | 56.619 | 40.675 |
|   18  | 62.297 | 81.157 | 87.638 | 55.997 | 40.136 |
|   19  | 61.533 | 80.686 | 87.167 | 55.305 | 39.415 |
|   20  | 60.559 | 79.987 | 86.712 | 54.494 | 38.587 |
+-------+--------+--------+--------+--------+--------+
     logs:  {'epo': 20, 'R1': 60.559, 'R5': 79.987, 'R10': 86.712, 'mAP': 54.494, 'mINP': 38.587, 'entropy': 0.7280086874961853, 'loss': 2.2441254665977075, 'lr': 2.5453240372011986e-05}
     Epoch[21] Iteration[10/384], entropy: 0.6647, loss: 2.3998, lr: 1.73e-05
     Epoch[21] Iteration[20/384], entropy: 0.5844, loss: 2.1714, lr: 0.00e+00
     Epoch[21] Iteration[30/384], entropy: 0.7386, loss: 2.1748, lr: 1.73e-05
     Epoch[21] Iteration[40/384], entropy: 0.6109, loss: 2.0249, lr: 4.32e-05
     Epoch[21] Iteration[50/384], entropy: 0.6100, loss: 2.1493, lr: 4.69e-05
     Epoch[21] Iteration[60/384], entropy: 0.8718, loss: 2.3538, lr: 2.03e-05
     Epoch[21] Iteration[70/384], entropy: 0.6766, loss: 2.2242, lr: 1.97e-07
     Epoch[21] Iteration[80/384], entropy: 0.8002, loss: 2.4250, lr: 1.44e-05
     Epoch[21] Iteration[90/384], entropy: 0.7635, loss: 2.3969, lr: 4.32e-05
     Epoch[21] Iteration[100/384], entropy: 0.8394, loss: 2.3091, lr: 4.69e-05
     Epoch[21] Iteration[110/384], entropy: 0.8539, loss: 2.3516, lr: 2.03e-05
     Epoch[21] Iteration[120/384], entropy: 0.6756, loss: 2.1214, lr: 1.97e-07
     Epoch[21] Iteration[130/384], entropy: 0.7605, loss: 2.2424, lr: 1.44e-05
     Epoch[21] Iteration[140/384], entropy: 0.9559, loss: 2.5277, lr: 4.32e-05
     Epoch[21] Iteration[150/384], entropy: 0.9254, loss: 2.5793, lr: 4.69e-05
     Epoch[21] Iteration[160/384], entropy: 0.6890, loss: 2.2448, lr: 2.03e-05
     Epoch[21] Iteration[170/384], entropy: 0.8590, loss: 2.4012, lr: 1.97e-07
     Epoch[21] Iteration[180/384], entropy: 0.9499, loss: 2.5315, lr: 1.44e-05
     Epoch[21] Iteration[190/384], entropy: 0.6569, loss: 2.1972, lr: 4.32e-05
     Epoch[21] Iteration[200/384], entropy: 0.8564, loss: 2.4076, lr: 4.69e-05
     Epoch[21] Iteration[210/384], entropy: 0.7656, loss: 2.3749, lr: 2.03e-05
     Epoch[21] Iteration[220/384], entropy: 0.7072, loss: 2.3476, lr: 1.97e-07
     Epoch[21] Iteration[230/384], entropy: 0.6170, loss: 2.0882, lr: 1.44e-05
     Epoch[21] Iteration[240/384], entropy: 0.9001, loss: 2.3451, lr: 4.32e-05
     Epoch[21] Iteration[250/384], entropy: 0.7690, loss: 2.2497, lr: 4.69e-05
     Epoch[21] Iteration[260/384], entropy: 0.5742, loss: 2.2468, lr: 2.03e-05
     Epoch[21] Iteration[270/384], entropy: 0.7129, loss: 2.2136, lr: 1.97e-07
     Epoch[21] Iteration[280/384], entropy: 0.8876, loss: 2.5162, lr: 1.44e-05
     Epoch[21] Iteration[290/384], entropy: 0.6821, loss: 2.3861, lr: 4.32e-05
     Epoch[21] Iteration[300/384], entropy: 0.7140, loss: 2.2625, lr: 4.69e-05
     Epoch[21] Iteration[310/384], entropy: 0.6206, loss: 2.2675, lr: 2.03e-05
     Epoch[21] Iteration[320/384], entropy: 0.6469, loss: 2.1458, lr: 1.97e-07
     Epoch[21] Iteration[330/384], entropy: 0.7519, loss: 2.3279, lr: 1.44e-05
     Epoch[21] Iteration[340/384], entropy: 0.8285, loss: 2.3416, lr: 4.32e-05
     Epoch[21] Iteration[350/384], entropy: 0.7181, loss: 2.3865, lr: 4.69e-05
     Epoch[21] Iteration[360/384], entropy: 0.6826, loss: 2.3427, lr: 2.03e-05
     Epoch[21] Iteration[370/384], entropy: 0.8420, loss: 2.2147, lr: 1.97e-07
     Epoch[21] Iteration[380/384], entropy: 0.8590, loss: 2.4624, lr: 1.44e-05
     Averaged stats: entropy: 0.9539, loss: 2.5591, lr: 2.66e-05
     itm tta time 0:00:41
### TTA Eval Score: 
+-------+--------+--------+--------+--------+--------+
| epoch |   R1   |   R5   |  R10   |  mAP   |  mINP  |
+-------+--------+--------+--------+--------+--------+
|  -999 | 69.087 | 86.160 | 91.066 | 62.263 | 46.200 |
|   0   | 69.266 | 86.127 | 91.163 | 62.412 | 46.350 |
|   1   | 69.493 | 86.387 | 91.147 | 62.494 | 46.411 |
|   2   | 69.591 | 86.371 | 91.196 | 62.558 | 46.477 |
|   3   | 69.526 | 86.192 | 91.147 | 62.514 | 46.429 |
|   4   | 69.266 | 86.225 | 91.309 | 62.417 | 46.360 |
|   5   | 69.379 | 86.144 | 91.326 | 62.303 | 46.215 |
|   6   | 69.055 | 86.062 | 91.196 | 62.108 | 46.073 |
|   7   | 68.746 | 85.949 | 91.098 | 61.824 | 45.738 |
|   8   | 68.470 | 86.046 | 90.936 | 61.567 | 45.453 |
|   9   | 67.917 | 85.721 | 90.676 | 61.208 | 45.104 |
|   10  | 67.609 | 85.299 | 90.497 | 60.804 | 44.684 |
|   11  | 66.959 | 84.860 | 90.335 | 60.247 | 44.130 |
|   12  | 66.488 | 84.422 | 89.961 | 59.754 | 43.662 |
|   13  | 65.919 | 84.129 | 89.717 | 59.208 | 43.146 |
|   14  | 65.010 | 83.512 | 89.376 | 58.573 | 42.568 |
|   15  | 64.246 | 82.960 | 88.970 | 57.966 | 41.944 |
|   16  | 63.775 | 82.359 | 88.483 | 57.281 | 41.276 |
|   17  | 62.930 | 81.709 | 88.077 | 56.619 | 40.675 |
|   18  | 62.297 | 81.157 | 87.638 | 55.997 | 40.136 |
|   19  | 61.533 | 80.686 | 87.167 | 55.305 | 39.415 |
|   20  | 60.559 | 79.987 | 86.712 | 54.494 | 38.587 |
|   21  | 59.779 | 79.548 | 86.387 | 53.821 | 37.961 |
+-------+--------+--------+--------+--------+--------+
     logs:  {'epo': 21, 'R1': 59.779, 'R5': 79.548, 'R10': 86.387, 'mAP': 53.821, 'mINP': 37.961, 'entropy': 0.7532097069840682, 'loss': 2.309303929931239, 'lr': 2.3935503954769107e-05}
     Epoch[22] Iteration[10/384], entropy: 0.8435, loss: 2.2710, lr: 4.92e-05
     Epoch[22] Iteration[20/384], entropy: 0.8497, loss: 2.3847, lr: 3.84e-05
     Epoch[22] Iteration[30/384], entropy: 0.7621, loss: 2.2319, lr: 9.06e-06
     Epoch[22] Iteration[40/384], entropy: 0.7877, loss: 2.2321, lr: 1.76e-06
     Epoch[22] Iteration[50/384], entropy: 1.0296, loss: 2.5549, lr: 2.66e-05
     Epoch[22] Iteration[60/384], entropy: 0.7966, loss: 2.2880, lr: 4.92e-05
     Epoch[22] Iteration[70/384], entropy: 0.7662, loss: 2.3651, lr: 3.84e-05
     Epoch[22] Iteration[80/384], entropy: 0.6104, loss: 2.0762, lr: 9.06e-06
     Epoch[22] Iteration[90/384], entropy: 0.8093, loss: 2.3715, lr: 1.76e-06
     Epoch[22] Iteration[100/384], entropy: 0.6381, loss: 2.2461, lr: 2.66e-05
     Epoch[22] Iteration[110/384], entropy: 0.5613, loss: 2.1753, lr: 4.92e-05
     Epoch[22] Iteration[120/384], entropy: 0.7973, loss: 2.4068, lr: 3.84e-05
     Epoch[22] Iteration[130/384], entropy: 0.7395, loss: 2.2250, lr: 9.06e-06
     Epoch[22] Iteration[140/384], entropy: 0.9125, loss: 2.3724, lr: 1.76e-06
     Epoch[22] Iteration[150/384], entropy: 0.8087, loss: 2.3378, lr: 2.66e-05
     Epoch[22] Iteration[160/384], entropy: 0.8474, loss: 2.4450, lr: 4.92e-05
     Epoch[22] Iteration[170/384], entropy: 0.9251, loss: 2.3861, lr: 3.84e-05
     Epoch[22] Iteration[180/384], entropy: 0.8381, loss: 2.2475, lr: 9.06e-06
     Epoch[22] Iteration[190/384], entropy: 0.7766, loss: 2.2993, lr: 1.76e-06
     Epoch[22] Iteration[200/384], entropy: 0.7101, loss: 2.3929, lr: 2.66e-05
     Epoch[22] Iteration[210/384], entropy: 0.7554, loss: 2.2968, lr: 4.92e-05
     Epoch[22] Iteration[220/384], entropy: 0.5633, loss: 2.0746, lr: 3.84e-05
     Epoch[22] Iteration[230/384], entropy: 0.5614, loss: 2.1429, lr: 9.06e-06
     Epoch[22] Iteration[240/384], entropy: 0.6402, loss: 2.3556, lr: 1.76e-06
     Epoch[22] Iteration[250/384], entropy: 0.6676, loss: 2.3553, lr: 2.66e-05
     Epoch[22] Iteration[260/384], entropy: 0.4964, loss: 2.0956, lr: 4.92e-05
     Epoch[22] Iteration[270/384], entropy: 0.6551, loss: 2.2880, lr: 3.84e-05
     Epoch[22] Iteration[280/384], entropy: 0.5584, loss: 2.0031, lr: 9.06e-06
     Epoch[22] Iteration[290/384], entropy: 0.6585, loss: 2.2381, lr: 1.76e-06
     Epoch[22] Iteration[300/384], entropy: 0.7443, loss: 2.4133, lr: 2.66e-05
     Epoch[22] Iteration[310/384], entropy: 0.7976, loss: 2.4024, lr: 4.92e-05
     Epoch[22] Iteration[320/384], entropy: 0.6180, loss: 2.2083, lr: 3.84e-05
     Epoch[22] Iteration[330/384], entropy: 0.5929, loss: 2.3187, lr: 9.06e-06
     Epoch[22] Iteration[340/384], entropy: 0.8742, loss: 2.2648, lr: 1.76e-06
     Epoch[22] Iteration[350/384], entropy: 0.7651, loss: 2.2285, lr: 2.66e-05
     Epoch[22] Iteration[360/384], entropy: 0.6731, loss: 2.2408, lr: 4.92e-05
     Epoch[22] Iteration[370/384], entropy: 0.7846, loss: 2.2694, lr: 3.84e-05
     Epoch[22] Iteration[380/384], entropy: 0.6198, loss: 2.1949, lr: 9.06e-06
     Averaged stats: entropy: 0.7126, loss: 2.3576, lr: 1.76e-06
     itm tta time 0:00:41
### TTA Eval Score: 
+-------+--------+--------+--------+--------+--------+
| epoch |   R1   |   R5   |  R10   |  mAP   |  mINP  |
+-------+--------+--------+--------+--------+--------+
|  -999 | 69.087 | 86.160 | 91.066 | 62.263 | 46.200 |
|   0   | 69.266 | 86.127 | 91.163 | 62.412 | 46.350 |
|   1   | 69.493 | 86.387 | 91.147 | 62.494 | 46.411 |
|   2   | 69.591 | 86.371 | 91.196 | 62.558 | 46.477 |
|   3   | 69.526 | 86.192 | 91.147 | 62.514 | 46.429 |
|   4   | 69.266 | 86.225 | 91.309 | 62.417 | 46.360 |
|   5   | 69.379 | 86.144 | 91.326 | 62.303 | 46.215 |
|   6   | 69.055 | 86.062 | 91.196 | 62.108 | 46.073 |
|   7   | 68.746 | 85.949 | 91.098 | 61.824 | 45.738 |
|   8   | 68.470 | 86.046 | 90.936 | 61.567 | 45.453 |
|   9   | 67.917 | 85.721 | 90.676 | 61.208 | 45.104 |
|   10  | 67.609 | 85.299 | 90.497 | 60.804 | 44.684 |
|   11  | 66.959 | 84.860 | 90.335 | 60.247 | 44.130 |
|   12  | 66.488 | 84.422 | 89.961 | 59.754 | 43.662 |
|   13  | 65.919 | 84.129 | 89.717 | 59.208 | 43.146 |
|   14  | 65.010 | 83.512 | 89.376 | 58.573 | 42.568 |
|   15  | 64.246 | 82.960 | 88.970 | 57.966 | 41.944 |
|   16  | 63.775 | 82.359 | 88.483 | 57.281 | 41.276 |
|   17  | 62.930 | 81.709 | 88.077 | 56.619 | 40.675 |
|   18  | 62.297 | 81.157 | 87.638 | 55.997 | 40.136 |
|   19  | 61.533 | 80.686 | 87.167 | 55.305 | 39.415 |
|   20  | 60.559 | 79.987 | 86.712 | 54.494 | 38.587 |
|   21  | 59.779 | 79.548 | 86.387 | 53.821 | 37.961 |
|   22  | 59.016 | 78.899 | 85.900 | 53.159 | 37.363 |
+-------+--------+--------+--------+--------+--------+
     logs:  {'epo': 22, 'R1': 59.016, 'R5': 78.899, 'R10': 85.9, 'mAP': 53.159, 'mINP': 37.363, 'entropy': 0.7325155962454645, 'loss': 2.2816008768583598, 'lr': 2.5570385504182817e-05}
     Epoch[23] Iteration[10/384], entropy: 0.7239, loss: 2.2248, lr: 9.06e-06
     Epoch[23] Iteration[20/384], entropy: 0.8959, loss: 2.4295, lr: 3.84e-05
     Epoch[23] Iteration[30/384], entropy: 0.7589, loss: 2.3462, lr: 4.92e-05
     Epoch[23] Iteration[40/384], entropy: 0.6013, loss: 2.4072, lr: 2.66e-05
     Epoch[23] Iteration[50/384], entropy: 0.6066, loss: 2.2640, lr: 1.76e-06
     Epoch[23] Iteration[60/384], entropy: 0.7243, loss: 2.1803, lr: 9.06e-06
     Epoch[23] Iteration[70/384], entropy: 0.8269, loss: 2.3721, lr: 3.84e-05
     Epoch[23] Iteration[80/384], entropy: 0.7340, loss: 2.3307, lr: 4.92e-05
     Epoch[23] Iteration[90/384], entropy: 0.8384, loss: 2.4120, lr: 2.66e-05
     Epoch[23] Iteration[100/384], entropy: 0.7728, loss: 2.3567, lr: 1.76e-06
     Epoch[23] Iteration[110/384], entropy: 0.6092, loss: 2.1321, lr: 9.06e-06
     Epoch[23] Iteration[120/384], entropy: 0.8191, loss: 2.3471, lr: 3.84e-05
     Epoch[23] Iteration[130/384], entropy: 0.7512, loss: 2.4318, lr: 4.92e-05
     Epoch[23] Iteration[140/384], entropy: 0.7407, loss: 2.2949, lr: 2.66e-05
     Epoch[23] Iteration[150/384], entropy: 0.6706, loss: 2.3145, lr: 1.76e-06
     Epoch[23] Iteration[160/384], entropy: 0.6968, loss: 2.3275, lr: 9.06e-06
     Epoch[23] Iteration[170/384], entropy: 0.7218, loss: 2.1760, lr: 3.84e-05
     Epoch[23] Iteration[180/384], entropy: 0.8572, loss: 2.4764, lr: 4.92e-05
     Epoch[23] Iteration[190/384], entropy: 0.8769, loss: 2.3702, lr: 2.66e-05
     Epoch[23] Iteration[200/384], entropy: 0.8513, loss: 2.4005, lr: 1.76e-06
     Epoch[23] Iteration[210/384], entropy: 0.7988, loss: 2.2384, lr: 9.06e-06
     Epoch[23] Iteration[220/384], entropy: 0.6143, loss: 2.3595, lr: 3.84e-05
     Epoch[23] Iteration[230/384], entropy: 0.6475, loss: 2.3330, lr: 4.92e-05
     Epoch[23] Iteration[240/384], entropy: 0.6355, loss: 2.2932, lr: 2.66e-05
     Epoch[23] Iteration[250/384], entropy: 0.7322, loss: 2.3118, lr: 1.76e-06
     Epoch[23] Iteration[260/384], entropy: 0.8616, loss: 2.2826, lr: 9.06e-06
     Epoch[23] Iteration[270/384], entropy: 0.7238, loss: 2.2896, lr: 3.84e-05
     Epoch[23] Iteration[280/384], entropy: 0.7683, loss: 2.2266, lr: 4.92e-05
     Epoch[23] Iteration[290/384], entropy: 0.9338, loss: 2.3304, lr: 2.66e-05
     Epoch[23] Iteration[300/384], entropy: 0.6196, loss: 2.3965, lr: 1.76e-06
     Epoch[23] Iteration[310/384], entropy: 0.6388, loss: 2.0027, lr: 9.06e-06
     Epoch[23] Iteration[320/384], entropy: 0.5537, loss: 2.1849, lr: 3.84e-05
     Epoch[23] Iteration[330/384], entropy: 0.6847, loss: 2.2377, lr: 4.92e-05
     Epoch[23] Iteration[340/384], entropy: 0.8006, loss: 2.5271, lr: 2.66e-05
     Epoch[23] Iteration[350/384], entropy: 0.7094, loss: 2.2261, lr: 1.76e-06
     Epoch[23] Iteration[360/384], entropy: 0.8042, loss: 2.2932, lr: 9.06e-06
     Epoch[23] Iteration[370/384], entropy: 0.6842, loss: 2.3826, lr: 3.84e-05
     Epoch[23] Iteration[380/384], entropy: 0.7462, loss: 2.2631, lr: 4.92e-05
     Averaged stats: entropy: 0.9236, loss: 2.5782, lr: 4.32e-05
     itm tta time 0:00:40
### TTA Eval Score: 
+-------+--------+--------+--------+--------+--------+
| epoch |   R1   |   R5   |  R10   |  mAP   |  mINP  |
+-------+--------+--------+--------+--------+--------+
|  -999 | 69.087 | 86.160 | 91.066 | 62.263 | 46.200 |
|   0   | 69.266 | 86.127 | 91.163 | 62.412 | 46.350 |
|   1   | 69.493 | 86.387 | 91.147 | 62.494 | 46.411 |
|   2   | 69.591 | 86.371 | 91.196 | 62.558 | 46.477 |
|   3   | 69.526 | 86.192 | 91.147 | 62.514 | 46.429 |
|   4   | 69.266 | 86.225 | 91.309 | 62.417 | 46.360 |
|   5   | 69.379 | 86.144 | 91.326 | 62.303 | 46.215 |
|   6   | 69.055 | 86.062 | 91.196 | 62.108 | 46.073 |
|   7   | 68.746 | 85.949 | 91.098 | 61.824 | 45.738 |
|   8   | 68.470 | 86.046 | 90.936 | 61.567 | 45.453 |
|   9   | 67.917 | 85.721 | 90.676 | 61.208 | 45.104 |
|   10  | 67.609 | 85.299 | 90.497 | 60.804 | 44.684 |
|   11  | 66.959 | 84.860 | 90.335 | 60.247 | 44.130 |
|   12  | 66.488 | 84.422 | 89.961 | 59.754 | 43.662 |
|   13  | 65.919 | 84.129 | 89.717 | 59.208 | 43.146 |
|   14  | 65.010 | 83.512 | 89.376 | 58.573 | 42.568 |
|   15  | 64.246 | 82.960 | 88.970 | 57.966 | 41.944 |
|   16  | 63.775 | 82.359 | 88.483 | 57.281 | 41.276 |
|   17  | 62.930 | 81.709 | 88.077 | 56.619 | 40.675 |
|   18  | 62.297 | 81.157 | 87.638 | 55.997 | 40.136 |
|   19  | 61.533 | 80.686 | 87.167 | 55.305 | 39.415 |
|   20  | 60.559 | 79.987 | 86.712 | 54.494 | 38.587 |
|   21  | 59.779 | 79.548 | 86.387 | 53.821 | 37.961 |
|   22  | 59.016 | 78.899 | 85.900 | 53.159 | 37.363 |
|   23  | 58.106 | 78.151 | 85.413 | 52.418 | 36.702 |
+-------+--------+--------+--------+--------+--------+
     logs:  {'epo': 23, 'R1': 58.106, 'R5': 78.151, 'R10': 85.413, 'mAP': 52.418, 'mINP': 36.702, 'entropy': 0.7377652823925018, 'loss': 2.3098303644280684, 'lr': 2.557038550418276e-05}
     Epoch[24] Iteration[10/384], entropy: 0.8026, loss: 2.2906, lr: 1.44e-05
     Epoch[24] Iteration[20/384], entropy: 0.7483, loss: 2.2673, lr: 1.97e-07
     Epoch[24] Iteration[30/384], entropy: 0.6922, loss: 2.1676, lr: 2.03e-05
     Epoch[24] Iteration[40/384], entropy: 0.9219, loss: 2.3815, lr: 4.69e-05
     Epoch[24] Iteration[50/384], entropy: 0.6533, loss: 2.1571, lr: 4.32e-05
     Epoch[24] Iteration[60/384], entropy: 0.7916, loss: 2.4240, lr: 1.44e-05
     Epoch[24] Iteration[70/384], entropy: 0.7033, loss: 2.1975, lr: 1.97e-07
     Epoch[24] Iteration[80/384], entropy: 0.5757, loss: 2.0915, lr: 2.03e-05
     Epoch[24] Iteration[90/384], entropy: 0.9091, loss: 2.4582, lr: 4.69e-05
     Epoch[24] Iteration[100/384], entropy: 0.6261, loss: 2.3109, lr: 4.32e-05
     Epoch[24] Iteration[110/384], entropy: 0.8580, loss: 2.4368, lr: 1.44e-05
     Epoch[24] Iteration[120/384], entropy: 0.5961, loss: 2.0927, lr: 1.97e-07
     Epoch[24] Iteration[130/384], entropy: 0.5775, loss: 2.2340, lr: 2.03e-05
     Epoch[24] Iteration[140/384], entropy: 0.6266, loss: 2.4323, lr: 4.69e-05
     Epoch[24] Iteration[150/384], entropy: 0.6934, loss: 2.2931, lr: 4.32e-05
     Epoch[24] Iteration[160/384], entropy: 0.6656, loss: 2.3289, lr: 1.44e-05
     Epoch[24] Iteration[170/384], entropy: 0.7285, loss: 2.2745, lr: 1.97e-07
     Epoch[24] Iteration[180/384], entropy: 0.5670, loss: 2.2923, lr: 2.03e-05
     Epoch[24] Iteration[190/384], entropy: 0.7953, loss: 2.3633, lr: 4.69e-05
     Epoch[24] Iteration[200/384], entropy: 0.6971, loss: 2.2395, lr: 4.32e-05
     Epoch[24] Iteration[210/384], entropy: 0.7106, loss: 2.0953, lr: 1.44e-05
     Epoch[24] Iteration[220/384], entropy: 0.6380, loss: 2.2631, lr: 1.97e-07
     Epoch[24] Iteration[230/384], entropy: 0.6472, loss: 2.3237, lr: 2.03e-05
     Epoch[24] Iteration[240/384], entropy: 0.7841, loss: 2.2824, lr: 4.69e-05
     Epoch[24] Iteration[250/384], entropy: 0.7344, loss: 2.3772, lr: 4.32e-05
     Epoch[24] Iteration[260/384], entropy: 0.8535, loss: 2.4817, lr: 1.44e-05
     Epoch[24] Iteration[270/384], entropy: 0.8341, loss: 2.2817, lr: 1.97e-07
     Epoch[24] Iteration[280/384], entropy: 0.5241, loss: 1.9804, lr: 2.03e-05
     Epoch[24] Iteration[290/384], entropy: 0.6490, loss: 2.2357, lr: 4.69e-05
     Epoch[24] Iteration[300/384], entropy: 0.6646, loss: 2.2521, lr: 4.32e-05
     Epoch[24] Iteration[310/384], entropy: 0.6008, loss: 2.2002, lr: 1.44e-05
     Epoch[24] Iteration[320/384], entropy: 0.7621, loss: 2.3278, lr: 1.97e-07
     Epoch[24] Iteration[330/384], entropy: 0.6787, loss: 2.2636, lr: 2.03e-05
     Epoch[24] Iteration[340/384], entropy: 0.7401, loss: 2.2579, lr: 4.69e-05
     Epoch[24] Iteration[350/384], entropy: 0.6720, loss: 2.2730, lr: 4.32e-05
     Epoch[24] Iteration[360/384], entropy: 0.5247, loss: 1.9629, lr: 1.44e-05
     Epoch[24] Iteration[370/384], entropy: 0.8114, loss: 2.1693, lr: 1.97e-07
     Epoch[24] Iteration[380/384], entropy: 0.5531, loss: 2.2027, lr: 2.03e-05
     Averaged stats: entropy: 0.7737, loss: 2.4582, lr: 3.27e-05
     itm tta time 0:00:40
### TTA Eval Score: 
+-------+--------+--------+--------+--------+--------+
| epoch |   R1   |   R5   |  R10   |  mAP   |  mINP  |
+-------+--------+--------+--------+--------+--------+
|  -999 | 69.087 | 86.160 | 91.066 | 62.263 | 46.200 |
|   0   | 69.266 | 86.127 | 91.163 | 62.412 | 46.350 |
|   1   | 69.493 | 86.387 | 91.147 | 62.494 | 46.411 |
|   2   | 69.591 | 86.371 | 91.196 | 62.558 | 46.477 |
|   3   | 69.526 | 86.192 | 91.147 | 62.514 | 46.429 |
|   4   | 69.266 | 86.225 | 91.309 | 62.417 | 46.360 |
|   5   | 69.379 | 86.144 | 91.326 | 62.303 | 46.215 |
|   6   | 69.055 | 86.062 | 91.196 | 62.108 | 46.073 |
|   7   | 68.746 | 85.949 | 91.098 | 61.824 | 45.738 |
|   8   | 68.470 | 86.046 | 90.936 | 61.567 | 45.453 |
|   9   | 67.917 | 85.721 | 90.676 | 61.208 | 45.104 |
|   10  | 67.609 | 85.299 | 90.497 | 60.804 | 44.684 |
|   11  | 66.959 | 84.860 | 90.335 | 60.247 | 44.130 |
|   12  | 66.488 | 84.422 | 89.961 | 59.754 | 43.662 |
|   13  | 65.919 | 84.129 | 89.717 | 59.208 | 43.146 |
|   14  | 65.010 | 83.512 | 89.376 | 58.573 | 42.568 |
|   15  | 64.246 | 82.960 | 88.970 | 57.966 | 41.944 |
|   16  | 63.775 | 82.359 | 88.483 | 57.281 | 41.276 |
|   17  | 62.930 | 81.709 | 88.077 | 56.619 | 40.675 |
|   18  | 62.297 | 81.157 | 87.638 | 55.997 | 40.136 |
|   19  | 61.533 | 80.686 | 87.167 | 55.305 | 39.415 |
|   20  | 60.559 | 79.987 | 86.712 | 54.494 | 38.587 |
|   21  | 59.779 | 79.548 | 86.387 | 53.821 | 37.961 |
|   22  | 59.016 | 78.899 | 85.900 | 53.159 | 37.363 |
|   23  | 58.106 | 78.151 | 85.413 | 52.418 | 36.702 |
|   24  | 57.537 | 77.697 | 84.990 | 51.740 | 36.079 |
+-------+--------+--------+--------+--------+--------+
     logs:  {'epo': 24, 'R1': 57.537, 'R5': 77.697, 'R10': 84.99, 'mAP': 51.74, 'mINP': 36.079, 'entropy': 0.7003122850468284, 'loss': 2.2622228704000773, 'lr': 2.3943897824035845e-05}
     Epoch[25] Iteration[10/384], entropy: 0.9711, loss: 2.3891, lr: 5.00e-05
     Epoch[25] Iteration[20/384], entropy: 0.7713, loss: 2.4240, lr: 3.27e-05
     Epoch[25] Iteration[30/384], entropy: 0.6948, loss: 2.3742, lr: 4.77e-06
     Epoch[25] Iteration[40/384], entropy: 0.5990, loss: 2.3269, lr: 4.77e-06
     Epoch[25] Iteration[50/384], entropy: 0.7174, loss: 2.2340, lr: 3.27e-05
     Epoch[25] Iteration[60/384], entropy: 0.7355, loss: 2.2549, lr: 5.00e-05
     Epoch[25] Iteration[70/384], entropy: 0.6668, loss: 2.1005, lr: 3.27e-05
     Epoch[25] Iteration[80/384], entropy: 0.5180, loss: 2.0524, lr: 4.77e-06
     Epoch[25] Iteration[90/384], entropy: 0.8499, loss: 2.2810, lr: 4.77e-06
     Epoch[25] Iteration[100/384], entropy: 0.7983, loss: 2.3989, lr: 3.27e-05
     Epoch[25] Iteration[110/384], entropy: 0.7316, loss: 2.1638, lr: 5.00e-05
     Epoch[25] Iteration[120/384], entropy: 0.8443, loss: 2.4185, lr: 3.27e-05
     Epoch[25] Iteration[130/384], entropy: 0.9579, loss: 2.4902, lr: 4.77e-06
     Epoch[25] Iteration[140/384], entropy: 0.5893, loss: 2.0856, lr: 4.77e-06
     Epoch[25] Iteration[150/384], entropy: 0.7899, loss: 2.3380, lr: 3.27e-05
     Epoch[25] Iteration[160/384], entropy: 0.6601, loss: 2.2344, lr: 5.00e-05
     Epoch[25] Iteration[170/384], entropy: 0.7313, loss: 2.3035, lr: 3.27e-05
     Epoch[25] Iteration[180/384], entropy: 0.7483, loss: 2.3435, lr: 4.77e-06
     Epoch[25] Iteration[190/384], entropy: 0.7141, loss: 2.1596, lr: 4.77e-06
     Epoch[25] Iteration[200/384], entropy: 0.6961, loss: 2.3164, lr: 3.27e-05
     Epoch[25] Iteration[210/384], entropy: 0.5788, loss: 2.0766, lr: 5.00e-05
     Epoch[25] Iteration[220/384], entropy: 0.7459, loss: 2.3676, lr: 3.27e-05
     Epoch[25] Iteration[230/384], entropy: 0.7575, loss: 2.2799, lr: 4.77e-06
     Epoch[25] Iteration[240/384], entropy: 0.7146, loss: 2.3796, lr: 4.77e-06
     Epoch[25] Iteration[250/384], entropy: 0.6935, loss: 2.1733, lr: 3.27e-05
     Epoch[25] Iteration[260/384], entropy: 0.9517, loss: 2.4137, lr: 5.00e-05
     Epoch[25] Iteration[270/384], entropy: 0.6921, loss: 2.2199, lr: 3.27e-05
     Epoch[25] Iteration[280/384], entropy: 0.7057, loss: 2.2009, lr: 4.77e-06
     Epoch[25] Iteration[290/384], entropy: 0.8413, loss: 2.3873, lr: 4.77e-06
     Epoch[25] Iteration[300/384], entropy: 0.6157, loss: 2.1325, lr: 3.27e-05
     Epoch[25] Iteration[310/384], entropy: 0.7306, loss: 2.2942, lr: 5.00e-05
     Epoch[25] Iteration[320/384], entropy: 0.8885, loss: 2.3454, lr: 3.27e-05
     Epoch[25] Iteration[330/384], entropy: 0.6953, loss: 2.2143, lr: 4.77e-06
     Epoch[25] Iteration[340/384], entropy: 0.7656, loss: 2.3759, lr: 4.77e-06
     Epoch[25] Iteration[350/384], entropy: 0.6740, loss: 2.3166, lr: 3.27e-05
     Epoch[25] Iteration[360/384], entropy: 0.4968, loss: 2.0043, lr: 5.00e-05
     Epoch[25] Iteration[370/384], entropy: 0.6505, loss: 2.1336, lr: 3.27e-05
     Epoch[25] Iteration[380/384], entropy: 0.4267, loss: 1.8886, lr: 4.77e-06
     Averaged stats: entropy: 0.7360, loss: 2.2096, lr: 1.97e-07
     itm tta time 0:00:42
### TTA Eval Score: 
+-------+--------+--------+--------+--------+--------+
| epoch |   R1   |   R5   |  R10   |  mAP   |  mINP  |
+-------+--------+--------+--------+--------+--------+
|  -999 | 69.087 | 86.160 | 91.066 | 62.263 | 46.200 |
|   0   | 69.266 | 86.127 | 91.163 | 62.412 | 46.350 |
|   1   | 69.493 | 86.387 | 91.147 | 62.494 | 46.411 |
|   2   | 69.591 | 86.371 | 91.196 | 62.558 | 46.477 |
|   3   | 69.526 | 86.192 | 91.147 | 62.514 | 46.429 |
|   4   | 69.266 | 86.225 | 91.309 | 62.417 | 46.360 |
|   5   | 69.379 | 86.144 | 91.326 | 62.303 | 46.215 |
|   6   | 69.055 | 86.062 | 91.196 | 62.108 | 46.073 |
|   7   | 68.746 | 85.949 | 91.098 | 61.824 | 45.738 |
|   8   | 68.470 | 86.046 | 90.936 | 61.567 | 45.453 |
|   9   | 67.917 | 85.721 | 90.676 | 61.208 | 45.104 |
|   10  | 67.609 | 85.299 | 90.497 | 60.804 | 44.684 |
|   11  | 66.959 | 84.860 | 90.335 | 60.247 | 44.130 |
|   12  | 66.488 | 84.422 | 89.961 | 59.754 | 43.662 |
|   13  | 65.919 | 84.129 | 89.717 | 59.208 | 43.146 |
|   14  | 65.010 | 83.512 | 89.376 | 58.573 | 42.568 |
|   15  | 64.246 | 82.960 | 88.970 | 57.966 | 41.944 |
|   16  | 63.775 | 82.359 | 88.483 | 57.281 | 41.276 |
|   17  | 62.930 | 81.709 | 88.077 | 56.619 | 40.675 |
|   18  | 62.297 | 81.157 | 87.638 | 55.997 | 40.136 |
|   19  | 61.533 | 80.686 | 87.167 | 55.305 | 39.415 |
|   20  | 60.559 | 79.987 | 86.712 | 54.494 | 38.587 |
|   21  | 59.779 | 79.548 | 86.387 | 53.821 | 37.961 |
|   22  | 59.016 | 78.899 | 85.900 | 53.159 | 37.363 |
|   23  | 58.106 | 78.151 | 85.413 | 52.418 | 36.702 |
|   24  | 57.537 | 77.697 | 84.990 | 51.740 | 36.079 |
|   25  | 56.693 | 77.112 | 84.503 | 50.999 | 35.428 |
+-------+--------+--------+--------+--------+--------+
     logs:  {'epo': 25, 'R1': 56.693, 'R5': 77.112, 'R10': 84.503, 'mAP': 50.999, 'mINP': 35.428, 'entropy': 0.7213109512078134, 'loss': 2.2603586723929956, 'lr': 2.532894736842164e-05}
     Epoch[26] Iteration[10/384], entropy: 0.5695, loss: 2.1525, lr: 1.44e-05
     Epoch[26] Iteration[20/384], entropy: 0.5331, loss: 2.1336, lr: 4.32e-05
     Epoch[26] Iteration[30/384], entropy: 0.8204, loss: 2.4063, lr: 4.69e-05
     Epoch[26] Iteration[40/384], entropy: 0.8432, loss: 2.4749, lr: 2.03e-05
     Epoch[26] Iteration[50/384], entropy: 0.6165, loss: 2.3448, lr: 1.97e-07
     Epoch[26] Iteration[60/384], entropy: 0.7598, loss: 2.3565, lr: 1.44e-05
     Epoch[26] Iteration[70/384], entropy: 0.6866, loss: 2.3468, lr: 4.32e-05
     Epoch[26] Iteration[80/384], entropy: 0.7378, loss: 2.2758, lr: 4.69e-05
     Epoch[26] Iteration[90/384], entropy: 0.7238, loss: 2.3194, lr: 2.03e-05
     Epoch[26] Iteration[100/384], entropy: 0.6399, loss: 2.2413, lr: 1.97e-07
     Epoch[26] Iteration[110/384], entropy: 0.6034, loss: 2.1577, lr: 1.44e-05
     Epoch[26] Iteration[120/384], entropy: 0.6750, loss: 2.1856, lr: 4.32e-05
     Epoch[26] Iteration[130/384], entropy: 0.6060, loss: 2.1273, lr: 4.82e-05
     Epoch[26] Iteration[140/384], entropy: 0.4812, loss: 2.0337, lr: 2.66e-05
     Epoch[26] Iteration[150/384], entropy: 0.6572, loss: 2.2408, lr: 1.76e-06
     Epoch[26] Iteration[160/384], entropy: 0.6920, loss: 2.2356, lr: 9.06e-06
     Epoch[26] Iteration[170/384], entropy: 0.8650, loss: 2.4968, lr: 3.84e-05
     Epoch[26] Iteration[180/384], entropy: 0.7779, loss: 2.3619, lr: 4.92e-05
     Epoch[26] Iteration[190/384], entropy: 0.5852, loss: 2.2370, lr: 2.66e-05
     Epoch[26] Iteration[200/384], entropy: 0.6631, loss: 2.2867, lr: 1.76e-06
     Epoch[26] Iteration[210/384], entropy: 0.7726, loss: 2.2942, lr: 9.06e-06
     Epoch[26] Iteration[220/384], entropy: 0.7276, loss: 2.3263, lr: 3.84e-05
     Epoch[26] Iteration[230/384], entropy: 0.8584, loss: 2.3565, lr: 4.92e-05
     Epoch[26] Iteration[240/384], entropy: 0.7587, loss: 2.2320, lr: 2.66e-05
     Epoch[26] Iteration[250/384], entropy: 0.8710, loss: 2.4385, lr: 1.76e-06
     Epoch[26] Iteration[260/384], entropy: 0.7245, loss: 2.3680, lr: 9.06e-06
     Epoch[26] Iteration[270/384], entropy: 0.8277, loss: 2.3022, lr: 3.84e-05
     Epoch[26] Iteration[280/384], entropy: 0.7735, loss: 2.3479, lr: 4.92e-05
     Epoch[26] Iteration[290/384], entropy: 0.6556, loss: 2.3306, lr: 2.66e-05
     Epoch[26] Iteration[300/384], entropy: 0.6753, loss: 2.2793, lr: 1.76e-06
     Epoch[26] Iteration[310/384], entropy: 0.7661, loss: 2.2039, lr: 9.06e-06
     Epoch[26] Iteration[320/384], entropy: 0.6917, loss: 2.3207, lr: 3.84e-05
     Epoch[26] Iteration[330/384], entropy: 0.7632, loss: 2.2864, lr: 4.92e-05
     Epoch[26] Iteration[340/384], entropy: 0.7581, loss: 2.4390, lr: 2.66e-05
     Epoch[26] Iteration[350/384], entropy: 0.5458, loss: 2.1709, lr: 1.76e-06
     Epoch[26] Iteration[360/384], entropy: 0.6829, loss: 2.1087, lr: 9.06e-06
     Epoch[26] Iteration[370/384], entropy: 0.6516, loss: 2.1929, lr: 3.84e-05
     Epoch[26] Iteration[380/384], entropy: 0.6144, loss: 2.0682, lr: 4.92e-05
     Averaged stats: entropy: 0.5675, loss: 2.1770, lr: 4.32e-05
     itm tta time 0:00:42
### TTA Eval Score: 
+-------+--------+--------+--------+--------+--------+
| epoch |   R1   |   R5   |  R10   |  mAP   |  mINP  |
+-------+--------+--------+--------+--------+--------+
|  -999 | 69.087 | 86.160 | 91.066 | 62.263 | 46.200 |
|   0   | 69.266 | 86.127 | 91.163 | 62.412 | 46.350 |
|   1   | 69.493 | 86.387 | 91.147 | 62.494 | 46.411 |
|   2   | 69.591 | 86.371 | 91.196 | 62.558 | 46.477 |
|   3   | 69.526 | 86.192 | 91.147 | 62.514 | 46.429 |
|   4   | 69.266 | 86.225 | 91.309 | 62.417 | 46.360 |
|   5   | 69.379 | 86.144 | 91.326 | 62.303 | 46.215 |
|   6   | 69.055 | 86.062 | 91.196 | 62.108 | 46.073 |
|   7   | 68.746 | 85.949 | 91.098 | 61.824 | 45.738 |
|   8   | 68.470 | 86.046 | 90.936 | 61.567 | 45.453 |
|   9   | 67.917 | 85.721 | 90.676 | 61.208 | 45.104 |
|   10  | 67.609 | 85.299 | 90.497 | 60.804 | 44.684 |
|   11  | 66.959 | 84.860 | 90.335 | 60.247 | 44.130 |
|   12  | 66.488 | 84.422 | 89.961 | 59.754 | 43.662 |
|   13  | 65.919 | 84.129 | 89.717 | 59.208 | 43.146 |
|   14  | 65.010 | 83.512 | 89.376 | 58.573 | 42.568 |
|   15  | 64.246 | 82.960 | 88.970 | 57.966 | 41.944 |
|   16  | 63.775 | 82.359 | 88.483 | 57.281 | 41.276 |
|   17  | 62.930 | 81.709 | 88.077 | 56.619 | 40.675 |
|   18  | 62.297 | 81.157 | 87.638 | 55.997 | 40.136 |
|   19  | 61.533 | 80.686 | 87.167 | 55.305 | 39.415 |
|   20  | 60.559 | 79.987 | 86.712 | 54.494 | 38.587 |
|   21  | 59.779 | 79.548 | 86.387 | 53.821 | 37.961 |
|   22  | 59.016 | 78.899 | 85.900 | 53.159 | 37.363 |
|   23  | 58.106 | 78.151 | 85.413 | 52.418 | 36.702 |
|   24  | 57.537 | 77.697 | 84.990 | 51.740 | 36.079 |
|   25  | 56.693 | 77.112 | 84.503 | 50.999 | 35.428 |
|   26  | 56.075 | 76.576 | 84.194 | 50.451 | 34.861 |
+-------+--------+--------+--------+--------+--------+
     logs:  {'epo': 26, 'R1': 56.075, 'R5': 76.576, 'R10': 84.194, 'mAP': 50.451, 'mINP': 34.861, 'entropy': 0.7014593748669875, 'loss': 2.275827690174705, 'lr': 2.5811161724831553e-05}
     Epoch[27] Iteration[10/384], entropy: 0.6840, loss: 2.2655, lr: 1.44e-05
     Epoch[27] Iteration[20/384], entropy: 0.7743, loss: 2.3782, lr: 1.97e-07
     Epoch[27] Iteration[30/384], entropy: 0.6276, loss: 2.2442, lr: 2.03e-05
     Epoch[27] Iteration[40/384], entropy: 0.7451, loss: 2.3948, lr: 4.69e-05
     Epoch[27] Iteration[50/384], entropy: 0.5532, loss: 2.0640, lr: 4.32e-05
     Epoch[27] Iteration[60/384], entropy: 0.7500, loss: 2.3624, lr: 1.44e-05
     Epoch[27] Iteration[70/384], entropy: 0.8563, loss: 2.4004, lr: 1.97e-07
     Epoch[27] Iteration[80/384], entropy: 0.7462, loss: 2.2855, lr: 2.03e-05
     Epoch[27] Iteration[90/384], entropy: 0.6418, loss: 2.2534, lr: 4.69e-05
     Epoch[27] Iteration[100/384], entropy: 0.6254, loss: 2.1918, lr: 4.32e-05
     Epoch[27] Iteration[110/384], entropy: 0.5523, loss: 2.3098, lr: 1.44e-05
     Epoch[27] Iteration[120/384], entropy: 0.6994, loss: 2.3003, lr: 1.97e-07
     Epoch[27] Iteration[130/384], entropy: 0.6056, loss: 2.2827, lr: 2.03e-05
     Epoch[27] Iteration[140/384], entropy: 0.8686, loss: 2.3838, lr: 4.69e-05
     Epoch[27] Iteration[150/384], entropy: 0.6893, loss: 2.2161, lr: 4.32e-05
     Epoch[27] Iteration[160/384], entropy: 0.6311, loss: 2.2708, lr: 1.44e-05
     Epoch[27] Iteration[170/384], entropy: 0.6287, loss: 2.1415, lr: 1.97e-07
     Epoch[27] Iteration[180/384], entropy: 0.6593, loss: 2.2561, lr: 2.03e-05
     Epoch[27] Iteration[190/384], entropy: 0.5990, loss: 2.0148, lr: 4.69e-05
     Epoch[27] Iteration[200/384], entropy: 0.6487, loss: 2.1267, lr: 4.32e-05
     Epoch[27] Iteration[210/384], entropy: 0.5514, loss: 2.2889, lr: 1.44e-05
     Epoch[27] Iteration[220/384], entropy: 0.5358, loss: 2.2765, lr: 1.97e-07
     Epoch[27] Iteration[230/384], entropy: 0.6794, loss: 2.0898, lr: 2.03e-05
     Epoch[27] Iteration[240/384], entropy: 0.5994, loss: 2.0780, lr: 4.69e-05
     Epoch[27] Iteration[250/384], entropy: 0.6573, loss: 2.1076, lr: 4.32e-05
     Epoch[27] Iteration[260/384], entropy: 0.8740, loss: 2.4237, lr: 1.44e-05
     Epoch[27] Iteration[270/384], entropy: 0.6848, loss: 2.1273, lr: 1.97e-07
     Epoch[27] Iteration[280/384], entropy: 0.7735, loss: 2.3342, lr: 2.03e-05
     Epoch[27] Iteration[290/384], entropy: 0.6215, loss: 2.2357, lr: 4.69e-05
     Epoch[27] Iteration[300/384], entropy: 0.6583, loss: 2.1260, lr: 4.32e-05
     Epoch[27] Iteration[310/384], entropy: 0.5833, loss: 2.1564, lr: 1.44e-05
     Epoch[27] Iteration[320/384], entropy: 0.7332, loss: 2.3428, lr: 1.97e-07
     Epoch[27] Iteration[330/384], entropy: 0.7117, loss: 2.3359, lr: 2.03e-05
     Epoch[27] Iteration[340/384], entropy: 0.4658, loss: 2.0291, lr: 4.69e-05
     Epoch[27] Iteration[350/384], entropy: 0.8034, loss: 2.3452, lr: 4.32e-05
     Epoch[27] Iteration[360/384], entropy: 0.6932, loss: 2.2111, lr: 1.44e-05
     Epoch[27] Iteration[370/384], entropy: 0.7104, loss: 2.3079, lr: 1.97e-07
     Epoch[27] Iteration[380/384], entropy: 0.6808, loss: 2.4224, lr: 2.03e-05
     Averaged stats: entropy: 0.6177, loss: 2.1779, lr: 3.27e-05
     itm tta time 0:00:42
### TTA Eval Score: 
+-------+--------+--------+--------+--------+--------+
| epoch |   R1   |   R5   |  R10   |  mAP   |  mINP  |
+-------+--------+--------+--------+--------+--------+
|  -999 | 69.087 | 86.160 | 91.066 | 62.263 | 46.200 |
|   0   | 69.266 | 86.127 | 91.163 | 62.412 | 46.350 |
|   1   | 69.493 | 86.387 | 91.147 | 62.494 | 46.411 |
|   2   | 69.591 | 86.371 | 91.196 | 62.558 | 46.477 |
|   3   | 69.526 | 86.192 | 91.147 | 62.514 | 46.429 |
|   4   | 69.266 | 86.225 | 91.309 | 62.417 | 46.360 |
|   5   | 69.379 | 86.144 | 91.326 | 62.303 | 46.215 |
|   6   | 69.055 | 86.062 | 91.196 | 62.108 | 46.073 |
|   7   | 68.746 | 85.949 | 91.098 | 61.824 | 45.738 |
|   8   | 68.470 | 86.046 | 90.936 | 61.567 | 45.453 |
|   9   | 67.917 | 85.721 | 90.676 | 61.208 | 45.104 |
|   10  | 67.609 | 85.299 | 90.497 | 60.804 | 44.684 |
|   11  | 66.959 | 84.860 | 90.335 | 60.247 | 44.130 |
|   12  | 66.488 | 84.422 | 89.961 | 59.754 | 43.662 |
|   13  | 65.919 | 84.129 | 89.717 | 59.208 | 43.146 |
|   14  | 65.010 | 83.512 | 89.376 | 58.573 | 42.568 |
|   15  | 64.246 | 82.960 | 88.970 | 57.966 | 41.944 |
|   16  | 63.775 | 82.359 | 88.483 | 57.281 | 41.276 |
|   17  | 62.930 | 81.709 | 88.077 | 56.619 | 40.675 |
|   18  | 62.297 | 81.157 | 87.638 | 55.997 | 40.136 |
|   19  | 61.533 | 80.686 | 87.167 | 55.305 | 39.415 |
|   20  | 60.559 | 79.987 | 86.712 | 54.494 | 38.587 |
|   21  | 59.779 | 79.548 | 86.387 | 53.821 | 37.961 |
|   22  | 59.016 | 78.899 | 85.900 | 53.159 | 37.363 |
|   23  | 58.106 | 78.151 | 85.413 | 52.418 | 36.702 |
|   24  | 57.537 | 77.697 | 84.990 | 51.740 | 36.079 |
|   25  | 56.693 | 77.112 | 84.503 | 50.999 | 35.428 |
|   26  | 56.075 | 76.576 | 84.194 | 50.451 | 34.861 |
|   27  | 55.491 | 76.056 | 83.577 | 49.923 | 34.378 |
+-------+--------+--------+--------+--------+--------+
     logs:  {'epo': 27, 'R1': 55.491, 'R5': 76.056, 'R10': 83.577, 'mAP': 49.923, 'mINP': 34.378, 'entropy': 0.6737643213648545, 'loss': 2.2468718729521098, 'lr': 2.3943897824036204e-05}
     Epoch[28] Iteration[10/384], entropy: 0.8555, loss: 2.3208, lr: 5.00e-05
     Epoch[28] Iteration[20/384], entropy: 0.5817, loss: 2.1851, lr: 3.27e-05
     Epoch[28] Iteration[30/384], entropy: 0.6080, loss: 2.3488, lr: 4.77e-06
     Epoch[28] Iteration[40/384], entropy: 0.7902, loss: 2.2500, lr: 4.77e-06
     Epoch[28] Iteration[50/384], entropy: 0.7200, loss: 2.3573, lr: 3.27e-05
     Epoch[28] Iteration[60/384], entropy: 0.6650, loss: 2.1997, lr: 5.00e-05
     Epoch[28] Iteration[70/384], entropy: 0.6008, loss: 2.1328, lr: 3.27e-05
     Epoch[28] Iteration[80/384], entropy: 0.8200, loss: 2.3375, lr: 4.77e-06
     Epoch[28] Iteration[90/384], entropy: 0.7601, loss: 2.3769, lr: 4.77e-06
     Epoch[28] Iteration[100/384], entropy: 0.7320, loss: 2.2944, lr: 3.27e-05
     Epoch[28] Iteration[110/384], entropy: 0.8147, loss: 2.2517, lr: 5.00e-05
     Epoch[28] Iteration[120/384], entropy: 0.9186, loss: 2.5361, lr: 3.27e-05
     Epoch[28] Iteration[130/384], entropy: 0.6730, loss: 2.1663, lr: 4.77e-06
     Epoch[28] Iteration[140/384], entropy: 0.6351, loss: 2.1865, lr: 4.77e-06
     Epoch[28] Iteration[150/384], entropy: 0.7407, loss: 2.2960, lr: 3.27e-05
     Epoch[28] Iteration[160/384], entropy: 0.4561, loss: 2.0676, lr: 5.00e-05
     Epoch[28] Iteration[170/384], entropy: 0.7494, loss: 2.3737, lr: 3.27e-05
     Epoch[28] Iteration[180/384], entropy: 0.5429, loss: 2.1796, lr: 4.77e-06
     Epoch[28] Iteration[190/384], entropy: 0.6695, loss: 2.3035, lr: 4.77e-06
     Epoch[28] Iteration[200/384], entropy: 0.7091, loss: 2.5450, lr: 3.27e-05
     Epoch[28] Iteration[210/384], entropy: 0.7222, loss: 2.1727, lr: 5.00e-05
     Epoch[28] Iteration[220/384], entropy: 0.8153, loss: 2.3181, lr: 3.27e-05
     Epoch[28] Iteration[230/384], entropy: 0.7719, loss: 2.2297, lr: 4.77e-06
     Epoch[28] Iteration[240/384], entropy: 0.7877, loss: 2.2992, lr: 4.77e-06
     Epoch[28] Iteration[250/384], entropy: 0.8523, loss: 2.4926, lr: 3.27e-05
     Epoch[28] Iteration[260/384], entropy: 0.6035, loss: 2.1856, lr: 5.00e-05
     Epoch[28] Iteration[270/384], entropy: 0.6195, loss: 2.2249, lr: 3.27e-05
     Epoch[28] Iteration[280/384], entropy: 0.5232, loss: 2.0965, lr: 4.77e-06
     Epoch[28] Iteration[290/384], entropy: 0.6577, loss: 2.1846, lr: 4.77e-06
     Epoch[28] Iteration[300/384], entropy: 0.7406, loss: 2.1865, lr: 3.27e-05
     Epoch[28] Iteration[310/384], entropy: 0.6857, loss: 2.2940, lr: 5.00e-05
     Epoch[28] Iteration[320/384], entropy: 0.4612, loss: 2.0060, lr: 3.27e-05
     Epoch[28] Iteration[330/384], entropy: 0.7656, loss: 2.3682, lr: 4.77e-06
     Epoch[28] Iteration[340/384], entropy: 0.6926, loss: 2.2712, lr: 4.77e-06
     Epoch[28] Iteration[350/384], entropy: 0.7017, loss: 2.4708, lr: 3.27e-05
     Epoch[28] Iteration[360/384], entropy: 0.7739, loss: 2.3151, lr: 5.00e-05
     Epoch[28] Iteration[370/384], entropy: 0.7179, loss: 2.3752, lr: 3.27e-05
     Epoch[28] Iteration[380/384], entropy: 0.6022, loss: 2.3009, lr: 4.77e-06
     Averaged stats: entropy: 0.7071, loss: 2.2471, lr: 1.97e-07
     itm tta time 0:00:42
### TTA Eval Score: 
+-------+--------+--------+--------+--------+--------+
| epoch |   R1   |   R5   |  R10   |  mAP   |  mINP  |
+-------+--------+--------+--------+--------+--------+
|  -999 | 69.087 | 86.160 | 91.066 | 62.263 | 46.200 |
|   0   | 69.266 | 86.127 | 91.163 | 62.412 | 46.350 |
|   1   | 69.493 | 86.387 | 91.147 | 62.494 | 46.411 |
|   2   | 69.591 | 86.371 | 91.196 | 62.558 | 46.477 |
|   3   | 69.526 | 86.192 | 91.147 | 62.514 | 46.429 |
|   4   | 69.266 | 86.225 | 91.309 | 62.417 | 46.360 |
|   5   | 69.379 | 86.144 | 91.326 | 62.303 | 46.215 |
|   6   | 69.055 | 86.062 | 91.196 | 62.108 | 46.073 |
|   7   | 68.746 | 85.949 | 91.098 | 61.824 | 45.738 |
|   8   | 68.470 | 86.046 | 90.936 | 61.567 | 45.453 |
|   9   | 67.917 | 85.721 | 90.676 | 61.208 | 45.104 |
|   10  | 67.609 | 85.299 | 90.497 | 60.804 | 44.684 |
|   11  | 66.959 | 84.860 | 90.335 | 60.247 | 44.130 |
|   12  | 66.488 | 84.422 | 89.961 | 59.754 | 43.662 |
|   13  | 65.919 | 84.129 | 89.717 | 59.208 | 43.146 |
|   14  | 65.010 | 83.512 | 89.376 | 58.573 | 42.568 |
|   15  | 64.246 | 82.960 | 88.970 | 57.966 | 41.944 |
|   16  | 63.775 | 82.359 | 88.483 | 57.281 | 41.276 |
|   17  | 62.930 | 81.709 | 88.077 | 56.619 | 40.675 |
|   18  | 62.297 | 81.157 | 87.638 | 55.997 | 40.136 |
|   19  | 61.533 | 80.686 | 87.167 | 55.305 | 39.415 |
|   20  | 60.559 | 79.987 | 86.712 | 54.494 | 38.587 |
|   21  | 59.779 | 79.548 | 86.387 | 53.821 | 37.961 |
|   22  | 59.016 | 78.899 | 85.900 | 53.159 | 37.363 |
|   23  | 58.106 | 78.151 | 85.413 | 52.418 | 36.702 |
|   24  | 57.537 | 77.697 | 84.990 | 51.740 | 36.079 |
|   25  | 56.693 | 77.112 | 84.503 | 50.999 | 35.428 |
|   26  | 56.075 | 76.576 | 84.194 | 50.451 | 34.861 |
|   27  | 55.491 | 76.056 | 83.577 | 49.923 | 34.378 |
|   28  | 54.760 | 75.439 | 83.171 | 49.213 | 33.700 |
+-------+--------+--------+--------+--------+--------+
     logs:  {'epo': 28, 'R1': 54.76, 'R5': 75.439, 'R10': 83.171, 'mAP': 49.213, 'mINP': 33.7, 'entropy': 0.6983474328329689, 'loss': 2.2763533905932776, 'lr': 2.5328947368421774e-05}
     Epoch[29] Iteration[10/384], entropy: 0.7658, loss: 2.3872, lr: 1.44e-05
     Epoch[29] Iteration[20/384], entropy: 0.6404, loss: 2.2897, lr: 4.32e-05
     Epoch[29] Iteration[30/384], entropy: 0.5979, loss: 2.1994, lr: 4.69e-05
     Epoch[29] Iteration[40/384], entropy: 0.6064, loss: 2.2643, lr: 2.03e-05
     Epoch[29] Iteration[50/384], entropy: 0.6037, loss: 2.3035, lr: 1.97e-07
     Epoch[29] Iteration[60/384], entropy: 0.6421, loss: 2.2583, lr: 1.44e-05
     Epoch[29] Iteration[70/384], entropy: 0.7495, loss: 2.2171, lr: 4.32e-05
     Epoch[29] Iteration[80/384], entropy: 0.6497, loss: 2.2207, lr: 4.69e-05
     Epoch[29] Iteration[90/384], entropy: 0.4308, loss: 2.0351, lr: 2.03e-05
     Epoch[29] Iteration[100/384], entropy: 0.6149, loss: 2.1024, lr: 1.97e-07
     Epoch[29] Iteration[110/384], entropy: 0.7039, loss: 2.2615, lr: 1.44e-05
     Epoch[29] Iteration[120/384], entropy: 0.6907, loss: 2.3917, lr: 4.32e-05
     Epoch[29] Iteration[130/384], entropy: 0.6686, loss: 2.1036, lr: 4.69e-05
     Epoch[29] Iteration[140/384], entropy: 0.6039, loss: 2.3471, lr: 2.03e-05
     Epoch[29] Iteration[150/384], entropy: 0.7175, loss: 2.2181, lr: 1.97e-07
     Epoch[29] Iteration[160/384], entropy: 0.8002, loss: 2.4593, lr: 1.44e-05
     Epoch[29] Iteration[170/384], entropy: 0.6622, loss: 2.1773, lr: 4.32e-05
     Epoch[29] Iteration[180/384], entropy: 0.8703, loss: 2.3990, lr: 4.69e-05
     Epoch[29] Iteration[190/384], entropy: 0.9263, loss: 2.4832, lr: 2.03e-05
     Epoch[29] Iteration[200/384], entropy: 0.7386, loss: 2.2454, lr: 1.97e-07
     Epoch[29] Iteration[210/384], entropy: 0.8020, loss: 2.4664, lr: 1.44e-05
     Epoch[29] Iteration[220/384], entropy: 0.6203, loss: 2.2428, lr: 4.32e-05
     Epoch[29] Iteration[230/384], entropy: 0.7519, loss: 2.3189, lr: 4.69e-05
     Epoch[29] Iteration[240/384], entropy: 0.7696, loss: 2.4016, lr: 2.03e-05
     Epoch[29] Iteration[250/384], entropy: 0.7445, loss: 2.3702, lr: 1.97e-07
     Epoch[29] Iteration[260/384], entropy: 0.7261, loss: 2.2561, lr: 1.44e-05
     Epoch[29] Iteration[270/384], entropy: 0.6276, loss: 2.1512, lr: 4.32e-05
     Epoch[29] Iteration[280/384], entropy: 0.6776, loss: 2.1041, lr: 4.69e-05
     Epoch[29] Iteration[290/384], entropy: 0.8481, loss: 2.3452, lr: 2.03e-05
     Epoch[29] Iteration[300/384], entropy: 0.8514, loss: 2.3574, lr: 1.97e-07
     Epoch[29] Iteration[310/384], entropy: 0.6432, loss: 2.2639, lr: 1.44e-05
     Epoch[29] Iteration[320/384], entropy: 0.6825, loss: 2.2125, lr: 4.32e-05
     Epoch[29] Iteration[330/384], entropy: 0.7118, loss: 2.3775, lr: 4.69e-05
     Epoch[29] Iteration[340/384], entropy: 0.5810, loss: 2.1952, lr: 2.03e-05
     Epoch[29] Iteration[350/384], entropy: 0.7889, loss: 2.3577, lr: 1.97e-07
     Epoch[29] Iteration[360/384], entropy: 0.5950, loss: 2.2551, lr: 1.44e-05
     Epoch[29] Iteration[370/384], entropy: 0.5690, loss: 2.0347, lr: 4.32e-05
     Epoch[29] Iteration[380/384], entropy: 0.7811, loss: 2.2785, lr: 4.69e-05
     Averaged stats: entropy: 0.8476, loss: 2.2661, lr: 3.84e-05
     itm tta time 0:00:42
### TTA Eval Score: 
+-------+--------+--------+--------+--------+--------+
| epoch |   R1   |   R5   |  R10   |  mAP   |  mINP  |
+-------+--------+--------+--------+--------+--------+
|  -999 | 69.087 | 86.160 | 91.066 | 62.263 | 46.200 |
|   0   | 69.266 | 86.127 | 91.163 | 62.412 | 46.350 |
|   1   | 69.493 | 86.387 | 91.147 | 62.494 | 46.411 |
|   2   | 69.591 | 86.371 | 91.196 | 62.558 | 46.477 |
|   3   | 69.526 | 86.192 | 91.147 | 62.514 | 46.429 |
|   4   | 69.266 | 86.225 | 91.309 | 62.417 | 46.360 |
|   5   | 69.379 | 86.144 | 91.326 | 62.303 | 46.215 |
|   6   | 69.055 | 86.062 | 91.196 | 62.108 | 46.073 |
|   7   | 68.746 | 85.949 | 91.098 | 61.824 | 45.738 |
|   8   | 68.470 | 86.046 | 90.936 | 61.567 | 45.453 |
|   9   | 67.917 | 85.721 | 90.676 | 61.208 | 45.104 |
|   10  | 67.609 | 85.299 | 90.497 | 60.804 | 44.684 |
|   11  | 66.959 | 84.860 | 90.335 | 60.247 | 44.130 |
|   12  | 66.488 | 84.422 | 89.961 | 59.754 | 43.662 |
|   13  | 65.919 | 84.129 | 89.717 | 59.208 | 43.146 |
|   14  | 65.010 | 83.512 | 89.376 | 58.573 | 42.568 |
|   15  | 64.246 | 82.960 | 88.970 | 57.966 | 41.944 |
|   16  | 63.775 | 82.359 | 88.483 | 57.281 | 41.276 |
|   17  | 62.930 | 81.709 | 88.077 | 56.619 | 40.675 |
|   18  | 62.297 | 81.157 | 87.638 | 55.997 | 40.136 |
|   19  | 61.533 | 80.686 | 87.167 | 55.305 | 39.415 |
|   20  | 60.559 | 79.987 | 86.712 | 54.494 | 38.587 |
|   21  | 59.779 | 79.548 | 86.387 | 53.821 | 37.961 |
|   22  | 59.016 | 78.899 | 85.900 | 53.159 | 37.363 |
|   23  | 58.106 | 78.151 | 85.413 | 52.418 | 36.702 |
|   24  | 57.537 | 77.697 | 84.990 | 51.740 | 36.079 |
|   25  | 56.693 | 77.112 | 84.503 | 50.999 | 35.428 |
|   26  | 56.075 | 76.576 | 84.194 | 50.451 | 34.861 |
|   27  | 55.491 | 76.056 | 83.577 | 49.923 | 34.378 |
|   28  | 54.760 | 75.439 | 83.171 | 49.213 | 33.700 |
|   29  | 54.012 | 74.578 | 82.732 | 48.537 | 33.071 |
+-------+--------+--------+--------+--------+--------+
     logs:  {'epo': 29, 'R1': 54.012, 'R5': 74.578, 'R10': 82.732, 'mAP': 48.537, 'mINP': 33.071, 'entropy': 0.6961881534049386, 'loss': 2.2724428490588537, 'lr': 2.5775984220987096e-05}
### best epoch 2 : {'epo': '2', 'R1': '69.591', 'R5': '86.371', 'R10': '91.196', 'mAP': '62.558', 'mINP': '46.477', 'entropy': '0.9055277469911074', 'loss': '2.347255223675778', 'lr': '2.432146468377773e-05'}
### Time 0:26:11
