/home/user/yc57963/miniconda3/envs/irra/lib/python3.9/site-packages/torch/utils/data/dataloader.py:627: UserWarning: This DataLoader will create 8 worker processes in total. Our suggested max number of worker in current system is 2, which is smaller than what this DataLoader is going to create. Please be aware that excessive worker creation might get DataLoader running slow or even freeze, lower the worker number to avoid potential slowness/freeze if necessary.
  warnings.warn(
Not using distributed mode
### Hyper-parameters:
     output_dir: output_rerun2/ham_icfg_tta/exp8/exp8.1.2/2025091803101
     seed: 42
     device: cuda
     batch_size_tta: 16
     epochs: 10
     lr: 0.0001
### Creating test dataset
     test_txt_set: 19848    test_img_set: 19848
     test_txt_loader: 39    test_img_loader: 39
### Creating model
Training Model with ['sdm', 'id', 'mlm'] tasks
Resized position embedding from size:torch.Size([1, 197, 768]) to size: torch.Size([1, 193, 768]) with height:24 width: 8
     Total Params Sum:  190482206
### Zero-Shot Score: 
/home/user/yc57963/miniconda3/envs/irra/lib/python3.9/site-packages/torch/utils/data/dataloader.py:627: UserWarning: This DataLoader will create 4 worker processes in total. Our suggested max number of worker in current system is 2, which is smaller than what this DataLoader is going to create. Please be aware that excessive worker creation might get DataLoader running slow or even freeze, lower the worker number to avoid potential slowness/freeze if necessary.
  warnings.warn(
/home/user/yc57963/task/IRRA/tta.py:284: FutureWarning: `torch.cuda.amp.GradScaler(args...)` is deprecated. Please use `torch.amp.GradScaler('cuda', args...)` instead.
  scaler = GradScaler()  # bf16
+-------+--------+--------+--------+--------+-------+
| epoch |   R1   |   R5   |  R10   |  mAP   |  mINP |
+-------+--------+--------+--------+--------+-------+
|  -999 | 60.656 | 77.499 | 83.268 | 35.543 | 6.006 |
+-------+--------+--------+--------+--------+-------+
### TTA:
### Compute Cos Similarity Uncertainty
     preprocess_tta_coefficients  start
     sample selection ...
     number of sample after sample_selection: 19848
     uncertainty ...
     pos/neg sampling ...
      number of sample after pos/neg sampling: torch.Size([19848, 8])
     preprocess_tta_coefficients  end
### Creating TTA dataset
     tta_dataset: 19848
### Creating tta dataloader
### be careful: func create_loader returns a list length of 1
     tta_loader: 1240
### Configure adapted weights
     TTA Dropout Modules: 
 []
     TTA Require Gradient Params: 
 [('base_model.transformer.resblocks.1.ln_1.weight', torch.Size([512])), ('base_model.transformer.resblocks.1.ln_1.bias', torch.Size([512])), ('base_model.transformer.resblocks.1.ln_2.weight', torch.Size([512])), ('base_model.transformer.resblocks.1.ln_2.bias', torch.Size([512])), ('base_model.transformer.resblocks.2.ln_1.weight', torch.Size([512])), ('base_model.transformer.resblocks.2.ln_1.bias', torch.Size([512])), ('base_model.transformer.resblocks.2.ln_2.weight', torch.Size([512])), ('base_model.transformer.resblocks.2.ln_2.bias', torch.Size([512])), ('base_model.transformer.resblocks.3.ln_1.weight', torch.Size([512])), ('base_model.transformer.resblocks.3.ln_1.bias', torch.Size([512])), ('base_model.transformer.resblocks.3.ln_2.weight', torch.Size([512])), ('base_model.transformer.resblocks.3.ln_2.bias', torch.Size([512])), ('base_model.transformer.resblocks.4.ln_1.weight', torch.Size([512])), ('base_model.transformer.resblocks.4.ln_1.bias', torch.Size([512])), ('base_model.transformer.resblocks.4.ln_2.weight', torch.Size([512])), ('base_model.transformer.resblocks.4.ln_2.bias', torch.Size([512])), ('base_model.transformer.resblocks.5.ln_1.weight', torch.Size([512])), ('base_model.transformer.resblocks.5.ln_1.bias', torch.Size([512])), ('base_model.transformer.resblocks.5.ln_2.weight', torch.Size([512])), ('base_model.transformer.resblocks.5.ln_2.bias', torch.Size([512])), ('base_model.transformer.resblocks.7.ln_1.weight', torch.Size([512])), ('base_model.transformer.resblocks.7.ln_1.bias', torch.Size([512])), ('base_model.transformer.resblocks.7.ln_2.weight', torch.Size([512])), ('base_model.transformer.resblocks.7.ln_2.bias', torch.Size([512])), ('base_model.transformer.resblocks.8.ln_1.weight', torch.Size([512])), ('base_model.transformer.resblocks.8.ln_1.bias', torch.Size([512])), ('base_model.transformer.resblocks.8.ln_2.weight', torch.Size([512])), ('base_model.transformer.resblocks.8.ln_2.bias', torch.Size([512])), ('base_model.transformer.resblocks.9.ln_1.weight', torch.Size([512])), ('base_model.transformer.resblocks.9.ln_1.bias', torch.Size([512])), ('base_model.transformer.resblocks.9.ln_2.weight', torch.Size([512])), ('base_model.transformer.resblocks.9.ln_2.bias', torch.Size([512])), ('base_model.transformer.resblocks.10.ln_1.weight', torch.Size([512])), ('base_model.transformer.resblocks.10.ln_1.bias', torch.Size([512])), ('base_model.transformer.resblocks.10.ln_2.weight', torch.Size([512])), ('base_model.transformer.resblocks.10.ln_2.bias', torch.Size([512])), ('base_model.transformer.resblocks.11.ln_1.weight', torch.Size([512])), ('base_model.transformer.resblocks.11.ln_1.bias', torch.Size([512])), ('base_model.transformer.resblocks.11.ln_2.weight', torch.Size([512])), ('base_model.transformer.resblocks.11.ln_2.bias', torch.Size([512])), ('base_model.ln_final.weight', torch.Size([512])), ('base_model.ln_final.bias', torch.Size([512]))]
     TTA Dropout Modules Number: 
 0
     TTA Require Gradient Params Sum: 
 21504
Using 5.0 times learning rate for random init module 
### Start Test Time Adaptation : num_epoch = 10
/home/user/yc57963/task/IRRA/tta.py:67: FutureWarning: `torch.cuda.amp.autocast(args...)` is deprecated. Please use `torch.amp.autocast('cuda', args...)` instead.
  with torch.cuda.amp.autocast(enabled=True):
     Epoch[0] Iteration[10/1240], entropy: 0.6254, uncertainty: 3.4613, uncertainty_coeffi: 0.0010, loss: 0.1923, lr: 9.55e-06
     Epoch[0] Iteration[20/1240], entropy: 0.4723, uncertainty: 2.2479, uncertainty_coeffi: 0.0010, loss: 0.2017, lr: 9.55e-06
     Epoch[0] Iteration[30/1240], entropy: 0.8147, uncertainty: 3.8221, uncertainty_coeffi: 0.0010, loss: 0.2270, lr: 9.55e-06
     Epoch[0] Iteration[40/1240], entropy: 0.8424, uncertainty: 3.0148, uncertainty_coeffi: 0.0010, loss: 0.3708, lr: 9.55e-06
     Epoch[0] Iteration[50/1240], entropy: 0.6126, uncertainty: 3.5072, uncertainty_coeffi: 0.0010, loss: 0.1996, lr: 9.55e-06
     Epoch[0] Iteration[60/1240], entropy: 0.6510, uncertainty: 3.1147, uncertainty_coeffi: 0.0010, loss: 0.2605, lr: 9.55e-06
     Epoch[0] Iteration[70/1240], entropy: 0.7173, uncertainty: 3.5227, uncertainty_coeffi: 0.0010, loss: 0.2201, lr: 9.55e-06
     Epoch[0] Iteration[80/1240], entropy: 0.6735, uncertainty: 4.1782, uncertainty_coeffi: 0.0010, loss: 0.2141, lr: 9.55e-06
     Epoch[0] Iteration[90/1240], entropy: 0.5036, uncertainty: 3.4462, uncertainty_coeffi: 0.0010, loss: 0.1543, lr: 9.55e-06
     Epoch[0] Iteration[100/1240], entropy: 0.7730, uncertainty: 3.1886, uncertainty_coeffi: 0.0010, loss: 0.3562, lr: 9.55e-06
     Epoch[0] Iteration[110/1240], entropy: 0.5086, uncertainty: 2.3572, uncertainty_coeffi: 0.0010, loss: 0.2607, lr: 9.55e-06
     Epoch[0] Iteration[120/1240], entropy: 0.4851, uncertainty: 3.1427, uncertainty_coeffi: 0.0010, loss: 0.1846, lr: 9.55e-06
     Epoch[0] Iteration[130/1240], entropy: 0.6340, uncertainty: 4.0829, uncertainty_coeffi: 0.0010, loss: 0.2189, lr: 9.55e-06
     Epoch[0] Iteration[140/1240], entropy: 0.6650, uncertainty: 4.5630, uncertainty_coeffi: 0.0010, loss: 0.1870, lr: 9.55e-06
     Epoch[0] Iteration[150/1240], entropy: 0.6132, uncertainty: 3.2884, uncertainty_coeffi: 0.0010, loss: 0.2707, lr: 9.55e-06
     Epoch[0] Iteration[160/1240], entropy: 0.5102, uncertainty: 2.8410, uncertainty_coeffi: 0.0010, loss: 0.2207, lr: 9.55e-06
     Epoch[0] Iteration[170/1240], entropy: 0.6241, uncertainty: 3.3765, uncertainty_coeffi: 0.0010, loss: 0.2399, lr: 9.55e-06
     Epoch[0] Iteration[180/1240], entropy: 0.3625, uncertainty: 3.0185, uncertainty_coeffi: 0.0010, loss: 0.1233, lr: 9.55e-06
     Epoch[0] Iteration[190/1240], entropy: 0.4391, uncertainty: 2.5759, uncertainty_coeffi: 0.0010, loss: 0.2020, lr: 9.55e-06
     Epoch[0] Iteration[200/1240], entropy: 0.4404, uncertainty: 2.9441, uncertainty_coeffi: 0.0010, loss: 0.1716, lr: 9.55e-06
     Epoch[0] Iteration[210/1240], entropy: 0.6172, uncertainty: 3.5428, uncertainty_coeffi: 0.0010, loss: 0.2526, lr: 9.55e-06
     Epoch[0] Iteration[220/1240], entropy: 0.4349, uncertainty: 4.5149, uncertainty_coeffi: 0.0010, loss: 0.1218, lr: 9.55e-06
     Epoch[0] Iteration[230/1240], entropy: 0.5084, uncertainty: 2.7649, uncertainty_coeffi: 0.0010, loss: 0.2312, lr: 9.55e-06
     Epoch[0] Iteration[240/1240], entropy: 0.5453, uncertainty: 3.3466, uncertainty_coeffi: 0.0010, loss: 0.1974, lr: 9.55e-06
     Epoch[0] Iteration[250/1240], entropy: 0.7107, uncertainty: 3.2176, uncertainty_coeffi: 0.0010, loss: 0.2387, lr: 9.55e-06
     Epoch[0] Iteration[260/1240], entropy: 0.7120, uncertainty: 3.5147, uncertainty_coeffi: 0.0010, loss: 0.3392, lr: 9.55e-06
     Epoch[0] Iteration[270/1240], entropy: 0.5388, uncertainty: 4.1618, uncertainty_coeffi: 0.0010, loss: 0.1507, lr: 9.55e-06
     Epoch[0] Iteration[280/1240], entropy: 0.5852, uncertainty: 2.9723, uncertainty_coeffi: 0.0010, loss: 0.2438, lr: 9.55e-06
     Epoch[0] Iteration[290/1240], entropy: 0.5095, uncertainty: 3.0268, uncertainty_coeffi: 0.0010, loss: 0.1967, lr: 9.55e-06
     Epoch[0] Iteration[300/1240], entropy: 0.4923, uncertainty: 2.8151, uncertainty_coeffi: 0.0010, loss: 0.2034, lr: 9.55e-06
     Epoch[0] Iteration[310/1240], entropy: 0.6410, uncertainty: 2.0964, uncertainty_coeffi: 0.0010, loss: 0.3503, lr: 9.55e-06
     Epoch[0] Iteration[320/1240], entropy: 0.4827, uncertainty: 3.6236, uncertainty_coeffi: 0.0010, loss: 0.1554, lr: 9.55e-06
     Epoch[0] Iteration[330/1240], entropy: 0.8687, uncertainty: 2.9074, uncertainty_coeffi: 0.0010, loss: 0.3967, lr: 9.55e-06
     Epoch[0] Iteration[340/1240], entropy: 0.4601, uncertainty: 3.0677, uncertainty_coeffi: 0.0010, loss: 0.1611, lr: 9.55e-06
     Epoch[0] Iteration[350/1240], entropy: 0.6280, uncertainty: 3.5787, uncertainty_coeffi: 0.0010, loss: 0.2280, lr: 9.55e-06
     Epoch[0] Iteration[360/1240], entropy: 0.5433, uncertainty: 2.5502, uncertainty_coeffi: 0.0010, loss: 0.2108, lr: 9.55e-06
     Epoch[0] Iteration[370/1240], entropy: 0.6400, uncertainty: 3.0503, uncertainty_coeffi: 0.0010, loss: 0.2585, lr: 9.55e-06
     Epoch[0] Iteration[380/1240], entropy: 0.6843, uncertainty: 3.0954, uncertainty_coeffi: 0.0010, loss: 0.3563, lr: 9.55e-06
     Epoch[0] Iteration[390/1240], entropy: 0.5005, uncertainty: 3.6821, uncertainty_coeffi: 0.0010, loss: 0.1739, lr: 9.55e-06
     Epoch[0] Iteration[400/1240], entropy: 0.5089, uncertainty: 2.5378, uncertainty_coeffi: 0.0010, loss: 0.2198, lr: 9.55e-06
     Epoch[0] Iteration[410/1240], entropy: 0.4672, uncertainty: 2.4449, uncertainty_coeffi: 0.0010, loss: 0.2209, lr: 9.55e-06
     Epoch[0] Iteration[420/1240], entropy: 0.5630, uncertainty: 3.3554, uncertainty_coeffi: 0.0010, loss: 0.1626, lr: 9.55e-06
     Epoch[0] Iteration[430/1240], entropy: 0.7168, uncertainty: 3.6603, uncertainty_coeffi: 0.0010, loss: 0.2240, lr: 9.55e-06
     Epoch[0] Iteration[440/1240], entropy: 0.4683, uncertainty: 3.7177, uncertainty_coeffi: 0.0010, loss: 0.1701, lr: 9.55e-06
     Epoch[0] Iteration[450/1240], entropy: 0.7952, uncertainty: 3.2912, uncertainty_coeffi: 0.0010, loss: 0.3168, lr: 9.55e-06
     Epoch[0] Iteration[460/1240], entropy: 0.6241, uncertainty: 3.4186, uncertainty_coeffi: 0.0010, loss: 0.2457, lr: 9.55e-06
     Epoch[0] Iteration[470/1240], entropy: 0.7659, uncertainty: 3.3272, uncertainty_coeffi: 0.0010, loss: 0.2615, lr: 9.55e-06
     Epoch[0] Iteration[480/1240], entropy: 0.5730, uncertainty: 3.4967, uncertainty_coeffi: 0.0010, loss: 0.2003, lr: 9.55e-06
     Epoch[0] Iteration[490/1240], entropy: 0.5057, uncertainty: 3.2274, uncertainty_coeffi: 0.0010, loss: 0.1788, lr: 9.55e-06
     Epoch[0] Iteration[500/1240], entropy: 0.9090, uncertainty: 3.3570, uncertainty_coeffi: 0.0010, loss: 0.3045, lr: 9.55e-06
     Epoch[0] Iteration[510/1240], entropy: 0.7175, uncertainty: 3.7422, uncertainty_coeffi: 0.0010, loss: 0.2264, lr: 9.55e-06
     Epoch[0] Iteration[520/1240], entropy: 0.4481, uncertainty: 4.0257, uncertainty_coeffi: 0.0010, loss: 0.1489, lr: 9.55e-06
     Epoch[0] Iteration[530/1240], entropy: 0.5374, uncertainty: 3.2262, uncertainty_coeffi: 0.0010, loss: 0.1950, lr: 9.55e-06
     Epoch[0] Iteration[540/1240], entropy: 0.6847, uncertainty: 3.0361, uncertainty_coeffi: 0.0010, loss: 0.2547, lr: 9.55e-06
     Epoch[0] Iteration[550/1240], entropy: 0.4977, uncertainty: 3.0216, uncertainty_coeffi: 0.0010, loss: 0.1802, lr: 9.55e-06
     Epoch[0] Iteration[560/1240], entropy: 0.5713, uncertainty: 3.1550, uncertainty_coeffi: 0.0010, loss: 0.2257, lr: 9.55e-06
     Epoch[0] Iteration[570/1240], entropy: 0.7111, uncertainty: 3.6497, uncertainty_coeffi: 0.0010, loss: 0.2298, lr: 9.55e-06
     Epoch[0] Iteration[580/1240], entropy: 0.6244, uncertainty: 3.0206, uncertainty_coeffi: 0.0010, loss: 0.2813, lr: 9.55e-06
     Epoch[0] Iteration[590/1240], entropy: 0.5616, uncertainty: 3.5545, uncertainty_coeffi: 0.0010, loss: 0.1409, lr: 9.55e-06
     Epoch[0] Iteration[600/1240], entropy: 0.5211, uncertainty: 2.8599, uncertainty_coeffi: 0.0010, loss: 0.2003, lr: 9.55e-06
     Epoch[0] Iteration[610/1240], entropy: 0.7021, uncertainty: 3.2593, uncertainty_coeffi: 0.0010, loss: 0.2708, lr: 9.55e-06
     Epoch[0] Iteration[620/1240], entropy: 0.8835, uncertainty: 3.9222, uncertainty_coeffi: 0.0010, loss: 0.2923, lr: 9.55e-06
     Epoch[0] Iteration[630/1240], entropy: 0.4550, uncertainty: 3.3229, uncertainty_coeffi: 0.0010, loss: 0.1685, lr: 9.55e-06
     Epoch[0] Iteration[640/1240], entropy: 0.5599, uncertainty: 3.0682, uncertainty_coeffi: 0.0010, loss: 0.2268, lr: 9.55e-06
     Epoch[0] Iteration[650/1240], entropy: 0.3392, uncertainty: 2.6551, uncertainty_coeffi: 0.0010, loss: 0.1544, lr: 9.55e-06
     Epoch[0] Iteration[660/1240], entropy: 0.3731, uncertainty: 3.0764, uncertainty_coeffi: 0.0010, loss: 0.1340, lr: 9.55e-06
     Epoch[0] Iteration[670/1240], entropy: 0.6302, uncertainty: 3.6339, uncertainty_coeffi: 0.0010, loss: 0.2003, lr: 9.55e-06
     Epoch[0] Iteration[680/1240], entropy: 0.5849, uncertainty: 2.7994, uncertainty_coeffi: 0.0010, loss: 0.2845, lr: 9.55e-06
     Epoch[0] Iteration[690/1240], entropy: 0.4921, uncertainty: 2.9046, uncertainty_coeffi: 0.0010, loss: 0.2073, lr: 9.55e-06
     Epoch[0] Iteration[700/1240], entropy: 0.6505, uncertainty: 2.9211, uncertainty_coeffi: 0.0010, loss: 0.2770, lr: 9.55e-06
     Epoch[0] Iteration[710/1240], entropy: 0.5223, uncertainty: 2.4497, uncertainty_coeffi: 0.0010, loss: 0.3044, lr: 9.55e-06
     Epoch[0] Iteration[720/1240], entropy: 0.4599, uncertainty: 3.8198, uncertainty_coeffi: 0.0010, loss: 0.1584, lr: 9.55e-06
     Epoch[0] Iteration[730/1240], entropy: 0.6132, uncertainty: 3.8700, uncertainty_coeffi: 0.0010, loss: 0.1676, lr: 9.55e-06
     Epoch[0] Iteration[740/1240], entropy: 0.4291, uncertainty: 2.8257, uncertainty_coeffi: 0.0010, loss: 0.1723, lr: 9.55e-06
     Epoch[0] Iteration[750/1240], entropy: 0.6081, uncertainty: 3.4013, uncertainty_coeffi: 0.0010, loss: 0.1825, lr: 9.55e-06
     Epoch[0] Iteration[760/1240], entropy: 0.7974, uncertainty: 2.6735, uncertainty_coeffi: 0.0010, loss: 0.3374, lr: 9.55e-06
     Epoch[0] Iteration[770/1240], entropy: 0.6161, uncertainty: 3.5283, uncertainty_coeffi: 0.0010, loss: 0.1934, lr: 9.55e-06
     Epoch[0] Iteration[780/1240], entropy: 0.5035, uncertainty: 4.2364, uncertainty_coeffi: 0.0010, loss: 0.1472, lr: 9.55e-06
     Epoch[0] Iteration[790/1240], entropy: 0.5173, uncertainty: 2.7495, uncertainty_coeffi: 0.0010, loss: 0.1991, lr: 9.55e-06
     Epoch[0] Iteration[800/1240], entropy: 0.5172, uncertainty: 4.3778, uncertainty_coeffi: 0.0010, loss: 0.1481, lr: 9.55e-06
     Epoch[0] Iteration[810/1240], entropy: 0.7442, uncertainty: 4.0249, uncertainty_coeffi: 0.0010, loss: 0.2283, lr: 9.55e-06
     Epoch[0] Iteration[820/1240], entropy: 0.6103, uncertainty: 4.0726, uncertainty_coeffi: 0.0010, loss: 0.1886, lr: 9.55e-06
     Epoch[0] Iteration[830/1240], entropy: 0.4215, uncertainty: 2.8448, uncertainty_coeffi: 0.0010, loss: 0.2428, lr: 9.55e-06
     Epoch[0] Iteration[840/1240], entropy: 0.5127, uncertainty: 4.0550, uncertainty_coeffi: 0.0010, loss: 0.1338, lr: 9.55e-06
     Epoch[0] Iteration[850/1240], entropy: 0.7152, uncertainty: 3.8410, uncertainty_coeffi: 0.0010, loss: 0.2283, lr: 9.55e-06
     Epoch[0] Iteration[860/1240], entropy: 0.6906, uncertainty: 3.7691, uncertainty_coeffi: 0.0010, loss: 0.2033, lr: 9.55e-06
     Epoch[0] Iteration[870/1240], entropy: 0.6092, uncertainty: 3.4292, uncertainty_coeffi: 0.0010, loss: 0.2184, lr: 9.55e-06
     Epoch[0] Iteration[880/1240], entropy: 0.4202, uncertainty: 3.4379, uncertainty_coeffi: 0.0010, loss: 0.1483, lr: 9.55e-06
     Epoch[0] Iteration[890/1240], entropy: 0.5866, uncertainty: 3.1973, uncertainty_coeffi: 0.0010, loss: 0.2546, lr: 9.55e-06
     Epoch[0] Iteration[900/1240], entropy: 0.6588, uncertainty: 3.7385, uncertainty_coeffi: 0.0010, loss: 0.2072, lr: 9.55e-06
     Epoch[0] Iteration[910/1240], entropy: 0.6571, uncertainty: 2.9148, uncertainty_coeffi: 0.0010, loss: 0.3078, lr: 9.55e-06
     Epoch[0] Iteration[920/1240], entropy: 0.3733, uncertainty: 3.8977, uncertainty_coeffi: 0.0010, loss: 0.1122, lr: 9.55e-06
     Epoch[0] Iteration[930/1240], entropy: 0.5088, uncertainty: 2.7943, uncertainty_coeffi: 0.0010, loss: 0.2268, lr: 9.55e-06
     Epoch[0] Iteration[940/1240], entropy: 0.7314, uncertainty: 3.5781, uncertainty_coeffi: 0.0010, loss: 0.2634, lr: 9.55e-06
     Epoch[0] Iteration[950/1240], entropy: 0.5252, uncertainty: 3.6435, uncertainty_coeffi: 0.0010, loss: 0.1731, lr: 9.55e-06
     Epoch[0] Iteration[960/1240], entropy: 0.6065, uncertainty: 3.0860, uncertainty_coeffi: 0.0010, loss: 0.2876, lr: 9.55e-06
     Epoch[0] Iteration[970/1240], entropy: 0.6547, uncertainty: 3.3507, uncertainty_coeffi: 0.0010, loss: 0.2762, lr: 9.55e-06
     Epoch[0] Iteration[980/1240], entropy: 0.6574, uncertainty: 3.2742, uncertainty_coeffi: 0.0010, loss: 0.1984, lr: 9.55e-06
     Epoch[0] Iteration[990/1240], entropy: 0.6530, uncertainty: 3.3344, uncertainty_coeffi: 0.0010, loss: 0.2947, lr: 9.55e-06
     Epoch[0] Iteration[1000/1240], entropy: 0.4173, uncertainty: 2.2799, uncertainty_coeffi: 0.0010, loss: 0.1852, lr: 9.55e-06
     Epoch[0] Iteration[1010/1240], entropy: 0.6815, uncertainty: 3.6478, uncertainty_coeffi: 0.0010, loss: 0.2143, lr: 9.55e-06
     Epoch[0] Iteration[1020/1240], entropy: 0.6503, uncertainty: 3.4898, uncertainty_coeffi: 0.0010, loss: 0.2616, lr: 9.55e-06
     Epoch[0] Iteration[1030/1240], entropy: 0.5073, uncertainty: 3.6258, uncertainty_coeffi: 0.0010, loss: 0.1701, lr: 9.55e-06
     Epoch[0] Iteration[1040/1240], entropy: 0.4957, uncertainty: 3.3693, uncertainty_coeffi: 0.0010, loss: 0.1655, lr: 9.55e-06
     Epoch[0] Iteration[1050/1240], entropy: 0.5533, uncertainty: 3.1684, uncertainty_coeffi: 0.0010, loss: 0.2427, lr: 9.55e-06
     Epoch[0] Iteration[1060/1240], entropy: 0.4928, uncertainty: 3.3579, uncertainty_coeffi: 0.0010, loss: 0.1838, lr: 9.55e-06
     Epoch[0] Iteration[1070/1240], entropy: 0.6276, uncertainty: 3.4406, uncertainty_coeffi: 0.0010, loss: 0.1910, lr: 9.55e-06
     Epoch[0] Iteration[1080/1240], entropy: 0.6222, uncertainty: 2.3363, uncertainty_coeffi: 0.0010, loss: 0.3483, lr: 9.55e-06
     Epoch[0] Iteration[1090/1240], entropy: 0.6274, uncertainty: 3.9148, uncertainty_coeffi: 0.0010, loss: 0.2123, lr: 9.55e-06
     Epoch[0] Iteration[1100/1240], entropy: 0.4454, uncertainty: 2.7930, uncertainty_coeffi: 0.0010, loss: 0.1722, lr: 9.55e-06
     Epoch[0] Iteration[1110/1240], entropy: 0.1914, uncertainty: 3.3954, uncertainty_coeffi: 0.0010, loss: 0.0817, lr: 9.55e-06
     Epoch[0] Iteration[1120/1240], entropy: 0.4586, uncertainty: 3.7160, uncertainty_coeffi: 0.0010, loss: 0.1706, lr: 9.55e-06
     Epoch[0] Iteration[1130/1240], entropy: 0.5542, uncertainty: 3.5265, uncertainty_coeffi: 0.0010, loss: 0.1658, lr: 9.55e-06
     Epoch[0] Iteration[1140/1240], entropy: 0.8439, uncertainty: 3.3973, uncertainty_coeffi: 0.0010, loss: 0.2679, lr: 9.55e-06
     Epoch[0] Iteration[1150/1240], entropy: 0.4182, uncertainty: 3.3354, uncertainty_coeffi: 0.0010, loss: 0.1830, lr: 9.55e-06
     Epoch[0] Iteration[1160/1240], entropy: 0.5106, uncertainty: 3.6109, uncertainty_coeffi: 0.0010, loss: 0.1446, lr: 9.55e-06
     Epoch[0] Iteration[1170/1240], entropy: 0.5650, uncertainty: 4.0921, uncertainty_coeffi: 0.0010, loss: 0.1511, lr: 9.55e-06
     Epoch[0] Iteration[1180/1240], entropy: 0.5657, uncertainty: 3.0739, uncertainty_coeffi: 0.0010, loss: 0.1995, lr: 9.55e-06
     Epoch[0] Iteration[1190/1240], entropy: 0.7400, uncertainty: 2.8852, uncertainty_coeffi: 0.0010, loss: 0.2517, lr: 9.55e-06
     Epoch[0] Iteration[1200/1240], entropy: 0.7746, uncertainty: 4.0012, uncertainty_coeffi: 0.0010, loss: 0.2122, lr: 9.55e-06
     Epoch[0] Iteration[1210/1240], entropy: 0.6949, uncertainty: 2.9308, uncertainty_coeffi: 0.0010, loss: 0.2893, lr: 9.55e-06
     Epoch[0] Iteration[1220/1240], entropy: 0.4237, uncertainty: 3.8334, uncertainty_coeffi: 0.0010, loss: 0.1489, lr: 9.55e-06
     Epoch[0] Iteration[1230/1240], entropy: 0.6926, uncertainty: 4.4442, uncertainty_coeffi: 0.0010, loss: 0.1954, lr: 9.55e-06
     Epoch[0] Iteration[1240/1240], entropy: 0.6169, uncertainty: 3.1164, uncertainty_coeffi: 0.0010, loss: 0.2849, lr: 9.55e-06
     Averaged stats: entropy_avg: 0.5855, uncertainty_avg: 3.3299, uncertainty_coeffi_avg: 0.0010, loss_avg: 0.2181, lr_avg: 9.55e-06
     itm tta time 0:03:23
### TTA Eval Score: 
+-------+--------+--------+--------+--------+-------+
| epoch |   R1   |   R5   |  R10   |  mAP   |  mINP |
+-------+--------+--------+--------+--------+-------+
|  -999 | 60.656 | 77.499 | 83.268 | 35.543 | 6.006 |
|   0   | 61.810 | 77.529 | 83.142 | 36.171 | 6.091 |
+-------+--------+--------+--------+--------+-------+
     logs:  {'epo': 0, 'R1': np.float32(61.81), 'R5': np.float32(77.529), 'R10': np.float32(83.142), 'mAP': np.float32(36.171), 'mINP': np.float32(6.091), 'entropy': 0.585530289599011, 'uncertainty': 3.3299217012620743, 'uncertainty_coeffi': 0.0010000000474974513, 'loss': 0.21809865071648551, 'lr': 9.549150281252628e-06}
     Epoch[1] Iteration[10/1240], entropy: 0.6465, uncertainty: 3.2925, uncertainty_coeffi: 0.0010, loss: 0.2253, lr: 9.55e-06
     Epoch[1] Iteration[20/1240], entropy: 0.6069, uncertainty: 4.2510, uncertainty_coeffi: 0.0010, loss: 0.1990, lr: 9.55e-06
     Epoch[1] Iteration[30/1240], entropy: 0.4525, uncertainty: 3.3032, uncertainty_coeffi: 0.0010, loss: 0.1549, lr: 9.55e-06
     Epoch[1] Iteration[40/1240], entropy: 0.4734, uncertainty: 2.7016, uncertainty_coeffi: 0.0010, loss: 0.2379, lr: 9.55e-06
     Epoch[1] Iteration[50/1240], entropy: 0.8289, uncertainty: 2.5765, uncertainty_coeffi: 0.0010, loss: 0.3807, lr: 9.55e-06
     Epoch[1] Iteration[60/1240], entropy: 0.4743, uncertainty: 3.8662, uncertainty_coeffi: 0.0010, loss: 0.1685, lr: 9.55e-06
     Epoch[1] Iteration[70/1240], entropy: 0.6625, uncertainty: 2.9035, uncertainty_coeffi: 0.0010, loss: 0.2716, lr: 9.55e-06
     Epoch[1] Iteration[80/1240], entropy: 0.3483, uncertainty: 2.8575, uncertainty_coeffi: 0.0010, loss: 0.1413, lr: 9.55e-06
     Epoch[1] Iteration[90/1240], entropy: 0.5827, uncertainty: 3.8811, uncertainty_coeffi: 0.0010, loss: 0.1861, lr: 9.55e-06
     Epoch[1] Iteration[100/1240], entropy: 0.2723, uncertainty: 3.4431, uncertainty_coeffi: 0.0010, loss: 0.1172, lr: 9.55e-06
     Epoch[1] Iteration[110/1240], entropy: 0.6445, uncertainty: 3.8340, uncertainty_coeffi: 0.0010, loss: 0.1718, lr: 9.55e-06
     Epoch[1] Iteration[120/1240], entropy: 0.4737, uncertainty: 2.9493, uncertainty_coeffi: 0.0010, loss: 0.1764, lr: 9.55e-06
     Epoch[1] Iteration[130/1240], entropy: 0.6918, uncertainty: 3.4673, uncertainty_coeffi: 0.0010, loss: 0.2496, lr: 9.55e-06
     Epoch[1] Iteration[140/1240], entropy: 0.5285, uncertainty: 3.5429, uncertainty_coeffi: 0.0010, loss: 0.1733, lr: 9.55e-06
     Epoch[1] Iteration[150/1240], entropy: 0.7249, uncertainty: 3.8796, uncertainty_coeffi: 0.0010, loss: 0.2729, lr: 9.55e-06
     Epoch[1] Iteration[160/1240], entropy: 0.5296, uncertainty: 2.7503, uncertainty_coeffi: 0.0010, loss: 0.2404, lr: 9.55e-06
     Epoch[1] Iteration[170/1240], entropy: 0.3432, uncertainty: 2.3392, uncertainty_coeffi: 0.0010, loss: 0.1464, lr: 9.55e-06
     Epoch[1] Iteration[180/1240], entropy: 0.5926, uncertainty: 3.3719, uncertainty_coeffi: 0.0010, loss: 0.2245, lr: 9.55e-06
     Epoch[1] Iteration[190/1240], entropy: 0.4647, uncertainty: 2.9150, uncertainty_coeffi: 0.0010, loss: 0.2508, lr: 9.55e-06
     Epoch[1] Iteration[200/1240], entropy: 0.5803, uncertainty: 4.0948, uncertainty_coeffi: 0.0010, loss: 0.2134, lr: 9.55e-06
     Epoch[1] Iteration[210/1240], entropy: 0.4764, uncertainty: 3.9629, uncertainty_coeffi: 0.0010, loss: 0.1521, lr: 9.55e-06
     Epoch[1] Iteration[220/1240], entropy: 0.4688, uncertainty: 3.2258, uncertainty_coeffi: 0.0010, loss: 0.1613, lr: 9.55e-06
     Epoch[1] Iteration[230/1240], entropy: 0.5390, uncertainty: 3.1160, uncertainty_coeffi: 0.0010, loss: 0.2465, lr: 9.55e-06
     Epoch[1] Iteration[240/1240], entropy: 0.2580, uncertainty: 3.1138, uncertainty_coeffi: 0.0010, loss: 0.0875, lr: 9.55e-06
     Epoch[1] Iteration[250/1240], entropy: 0.6235, uncertainty: 3.7763, uncertainty_coeffi: 0.0010, loss: 0.1753, lr: 9.55e-06
     Epoch[1] Iteration[260/1240], entropy: 0.3426, uncertainty: 2.5811, uncertainty_coeffi: 0.0010, loss: 0.1152, lr: 9.55e-06
     Epoch[1] Iteration[270/1240], entropy: 0.4394, uncertainty: 2.9592, uncertainty_coeffi: 0.0010, loss: 0.2225, lr: 9.55e-06
     Epoch[1] Iteration[280/1240], entropy: 0.5189, uncertainty: 3.1198, uncertainty_coeffi: 0.0010, loss: 0.2398, lr: 9.55e-06
     Epoch[1] Iteration[290/1240], entropy: 0.3514, uncertainty: 3.8428, uncertainty_coeffi: 0.0010, loss: 0.1160, lr: 9.55e-06
     Epoch[1] Iteration[300/1240], entropy: 0.4978, uncertainty: 2.9433, uncertainty_coeffi: 0.0010, loss: 0.2049, lr: 9.55e-06
     Epoch[1] Iteration[310/1240], entropy: 0.3573, uncertainty: 2.8868, uncertainty_coeffi: 0.0010, loss: 0.2085, lr: 9.55e-06
     Epoch[1] Iteration[320/1240], entropy: 0.4899, uncertainty: 3.4078, uncertainty_coeffi: 0.0010, loss: 0.1442, lr: 9.55e-06
     Epoch[1] Iteration[330/1240], entropy: 0.6392, uncertainty: 3.6279, uncertainty_coeffi: 0.0010, loss: 0.2527, lr: 9.55e-06
     Epoch[1] Iteration[340/1240], entropy: 0.4938, uncertainty: 2.6719, uncertainty_coeffi: 0.0010, loss: 0.1991, lr: 9.55e-06
     Epoch[1] Iteration[350/1240], entropy: 0.5796, uncertainty: 2.9425, uncertainty_coeffi: 0.0010, loss: 0.2656, lr: 9.55e-06
     Epoch[1] Iteration[360/1240], entropy: 0.5602, uncertainty: 3.1185, uncertainty_coeffi: 0.0010, loss: 0.2116, lr: 9.55e-06
     Epoch[1] Iteration[370/1240], entropy: 0.4290, uncertainty: 3.4179, uncertainty_coeffi: 0.0010, loss: 0.1690, lr: 9.55e-06
     Epoch[1] Iteration[380/1240], entropy: 0.6556, uncertainty: 3.4126, uncertainty_coeffi: 0.0010, loss: 0.2169, lr: 9.55e-06
     Epoch[1] Iteration[390/1240], entropy: 0.5627, uncertainty: 3.0303, uncertainty_coeffi: 0.0010, loss: 0.2226, lr: 9.55e-06
     Epoch[1] Iteration[400/1240], entropy: 0.4171, uncertainty: 3.3586, uncertainty_coeffi: 0.0010, loss: 0.1625, lr: 9.55e-06
     Epoch[1] Iteration[410/1240], entropy: 0.2527, uncertainty: 2.9512, uncertainty_coeffi: 0.0010, loss: 0.0850, lr: 9.55e-06
     Epoch[1] Iteration[420/1240], entropy: 0.4194, uncertainty: 3.3626, uncertainty_coeffi: 0.0010, loss: 0.1479, lr: 9.55e-06
     Epoch[1] Iteration[430/1240], entropy: 0.7387, uncertainty: 3.6592, uncertainty_coeffi: 0.0010, loss: 0.2139, lr: 9.55e-06
     Epoch[1] Iteration[440/1240], entropy: 0.6176, uncertainty: 2.9351, uncertainty_coeffi: 0.0010, loss: 0.2292, lr: 9.55e-06
     Epoch[1] Iteration[450/1240], entropy: 0.6263, uncertainty: 3.5658, uncertainty_coeffi: 0.0010, loss: 0.1792, lr: 9.55e-06
     Epoch[1] Iteration[460/1240], entropy: 0.5151, uncertainty: 3.4324, uncertainty_coeffi: 0.0010, loss: 0.1619, lr: 9.55e-06
     Epoch[1] Iteration[470/1240], entropy: 0.4535, uncertainty: 3.3891, uncertainty_coeffi: 0.0010, loss: 0.1565, lr: 9.55e-06
     Epoch[1] Iteration[480/1240], entropy: 0.5815, uncertainty: 3.6255, uncertainty_coeffi: 0.0010, loss: 0.1996, lr: 9.55e-06
     Epoch[1] Iteration[490/1240], entropy: 0.5788, uncertainty: 3.6458, uncertainty_coeffi: 0.0010, loss: 0.2486, lr: 9.55e-06
     Epoch[1] Iteration[500/1240], entropy: 0.6082, uncertainty: 2.9910, uncertainty_coeffi: 0.0010, loss: 0.3099, lr: 9.55e-06
     Epoch[1] Iteration[510/1240], entropy: 0.5569, uncertainty: 3.5641, uncertainty_coeffi: 0.0010, loss: 0.1647, lr: 9.55e-06
     Epoch[1] Iteration[520/1240], entropy: 0.5942, uncertainty: 4.0877, uncertainty_coeffi: 0.0010, loss: 0.1703, lr: 9.55e-06
     Epoch[1] Iteration[530/1240], entropy: 0.5086, uncertainty: 2.4756, uncertainty_coeffi: 0.0010, loss: 0.2379, lr: 9.55e-06
     Epoch[1] Iteration[540/1240], entropy: 0.8885, uncertainty: 2.6907, uncertainty_coeffi: 0.0010, loss: 0.4308, lr: 9.55e-06
     Epoch[1] Iteration[550/1240], entropy: 0.5958, uncertainty: 2.8961, uncertainty_coeffi: 0.0010, loss: 0.2293, lr: 9.55e-06
     Epoch[1] Iteration[560/1240], entropy: 0.5189, uncertainty: 2.5973, uncertainty_coeffi: 0.0010, loss: 0.2307, lr: 9.55e-06
     Epoch[1] Iteration[570/1240], entropy: 0.7343, uncertainty: 4.1832, uncertainty_coeffi: 0.0010, loss: 0.2127, lr: 9.55e-06
     Epoch[1] Iteration[580/1240], entropy: 0.1907, uncertainty: 3.5115, uncertainty_coeffi: 0.0010, loss: 0.0787, lr: 9.55e-06
     Epoch[1] Iteration[590/1240], entropy: 0.5640, uncertainty: 3.1555, uncertainty_coeffi: 0.0010, loss: 0.1929, lr: 9.55e-06
     Epoch[1] Iteration[600/1240], entropy: 0.5997, uncertainty: 3.0013, uncertainty_coeffi: 0.0010, loss: 0.2742, lr: 9.55e-06
     Epoch[1] Iteration[610/1240], entropy: 0.5402, uncertainty: 3.6928, uncertainty_coeffi: 0.0010, loss: 0.1738, lr: 9.55e-06
     Epoch[1] Iteration[620/1240], entropy: 0.6766, uncertainty: 4.5144, uncertainty_coeffi: 0.0010, loss: 0.1782, lr: 9.55e-06
     Epoch[1] Iteration[630/1240], entropy: 0.6361, uncertainty: 2.9944, uncertainty_coeffi: 0.0010, loss: 0.2979, lr: 9.55e-06
     Epoch[1] Iteration[640/1240], entropy: 0.4722, uncertainty: 2.6183, uncertainty_coeffi: 0.0010, loss: 0.1854, lr: 9.55e-06
     Epoch[1] Iteration[650/1240], entropy: 0.6095, uncertainty: 3.9805, uncertainty_coeffi: 0.0010, loss: 0.2280, lr: 9.55e-06
     Epoch[1] Iteration[660/1240], entropy: 0.8200, uncertainty: 3.5050, uncertainty_coeffi: 0.0010, loss: 0.2691, lr: 9.55e-06
     Epoch[1] Iteration[670/1240], entropy: 0.4609, uncertainty: 4.1194, uncertainty_coeffi: 0.0010, loss: 0.1275, lr: 9.55e-06
     Epoch[1] Iteration[680/1240], entropy: 0.6291, uncertainty: 3.4724, uncertainty_coeffi: 0.0010, loss: 0.2489, lr: 9.55e-06
     Epoch[1] Iteration[690/1240], entropy: 0.6540, uncertainty: 3.2362, uncertainty_coeffi: 0.0010, loss: 0.3164, lr: 9.55e-06
     Epoch[1] Iteration[700/1240], entropy: 0.8168, uncertainty: 2.4496, uncertainty_coeffi: 0.0010, loss: 0.4209, lr: 9.55e-06
     Epoch[1] Iteration[710/1240], entropy: 0.4239, uncertainty: 3.1782, uncertainty_coeffi: 0.0010, loss: 0.1574, lr: 9.55e-06
     Epoch[1] Iteration[720/1240], entropy: 0.8243, uncertainty: 3.2373, uncertainty_coeffi: 0.0010, loss: 0.3578, lr: 9.55e-06
     Epoch[1] Iteration[730/1240], entropy: 0.5598, uncertainty: 3.9312, uncertainty_coeffi: 0.0010, loss: 0.1818, lr: 9.55e-06
     Epoch[1] Iteration[740/1240], entropy: 0.4900, uncertainty: 2.9821, uncertainty_coeffi: 0.0010, loss: 0.1871, lr: 9.55e-06
     Epoch[1] Iteration[750/1240], entropy: 0.4446, uncertainty: 3.2293, uncertainty_coeffi: 0.0010, loss: 0.1574, lr: 9.55e-06
     Epoch[1] Iteration[760/1240], entropy: 0.4271, uncertainty: 3.5213, uncertainty_coeffi: 0.0010, loss: 0.1429, lr: 9.55e-06
     Epoch[1] Iteration[770/1240], entropy: 0.5779, uncertainty: 4.0800, uncertainty_coeffi: 0.0010, loss: 0.1759, lr: 3.45e-05
     Epoch[1] Iteration[780/1240], entropy: 0.8160, uncertainty: 2.5921, uncertainty_coeffi: 0.0010, loss: 0.3881, lr: 3.45e-05
     Epoch[1] Iteration[790/1240], entropy: 0.5889, uncertainty: 2.5436, uncertainty_coeffi: 0.0010, loss: 0.2174, lr: 3.45e-05
     Epoch[1] Iteration[800/1240], entropy: 0.4714, uncertainty: 3.4383, uncertainty_coeffi: 0.0010, loss: 0.1815, lr: 3.45e-05
     Epoch[1] Iteration[810/1240], entropy: 0.4909, uncertainty: 3.7222, uncertainty_coeffi: 0.0010, loss: 0.2187, lr: 3.45e-05
     Epoch[1] Iteration[820/1240], entropy: 0.3887, uncertainty: 3.2544, uncertainty_coeffi: 0.0010, loss: 0.2099, lr: 3.45e-05
     Epoch[1] Iteration[830/1240], entropy: 0.4378, uncertainty: 2.8411, uncertainty_coeffi: 0.0010, loss: 0.2345, lr: 3.45e-05
     Epoch[1] Iteration[840/1240], entropy: 0.6534, uncertainty: 3.6143, uncertainty_coeffi: 0.0010, loss: 0.1835, lr: 3.45e-05
     Epoch[1] Iteration[850/1240], entropy: 0.3438, uncertainty: 2.8476, uncertainty_coeffi: 0.0010, loss: 0.1449, lr: 3.45e-05
     Epoch[1] Iteration[860/1240], entropy: 0.8078, uncertainty: 2.7772, uncertainty_coeffi: 0.0010, loss: 0.3172, lr: 3.45e-05
     Epoch[1] Iteration[870/1240], entropy: 0.4633, uncertainty: 2.6204, uncertainty_coeffi: 0.0010, loss: 0.2177, lr: 3.45e-05
     Epoch[1] Iteration[880/1240], entropy: 0.5906, uncertainty: 4.1096, uncertainty_coeffi: 0.0010, loss: 0.1556, lr: 3.45e-05
     Epoch[1] Iteration[890/1240], entropy: 0.4535, uncertainty: 3.7157, uncertainty_coeffi: 0.0010, loss: 0.1515, lr: 3.45e-05
     Epoch[1] Iteration[900/1240], entropy: 0.6546, uncertainty: 3.1322, uncertainty_coeffi: 0.0010, loss: 0.2469, lr: 3.45e-05
     Epoch[1] Iteration[910/1240], entropy: 0.6439, uncertainty: 3.3481, uncertainty_coeffi: 0.0010, loss: 0.2225, lr: 3.45e-05
     Epoch[1] Iteration[920/1240], entropy: 0.6062, uncertainty: 4.1471, uncertainty_coeffi: 0.0010, loss: 0.1528, lr: 3.45e-05
     Epoch[1] Iteration[930/1240], entropy: 0.6308, uncertainty: 2.7859, uncertainty_coeffi: 0.0010, loss: 0.2473, lr: 3.45e-05
     Epoch[1] Iteration[940/1240], entropy: 0.3961, uncertainty: 3.4438, uncertainty_coeffi: 0.0010, loss: 0.1417, lr: 3.45e-05
     Epoch[1] Iteration[950/1240], entropy: 0.3492, uncertainty: 2.9524, uncertainty_coeffi: 0.0010, loss: 0.1328, lr: 3.45e-05
     Epoch[1] Iteration[960/1240], entropy: 0.4756, uncertainty: 2.8337, uncertainty_coeffi: 0.0010, loss: 0.1785, lr: 3.45e-05
     Epoch[1] Iteration[970/1240], entropy: 0.5733, uncertainty: 2.5567, uncertainty_coeffi: 0.0010, loss: 0.2842, lr: 3.45e-05
     Epoch[1] Iteration[980/1240], entropy: 0.2720, uncertainty: 3.3793, uncertainty_coeffi: 0.0010, loss: 0.1056, lr: 3.45e-05
     Epoch[1] Iteration[990/1240], entropy: 0.5078, uncertainty: 4.5307, uncertainty_coeffi: 0.0010, loss: 0.1742, lr: 3.45e-05
     Epoch[1] Iteration[1000/1240], entropy: 0.6040, uncertainty: 3.5153, uncertainty_coeffi: 0.0010, loss: 0.2118, lr: 3.45e-05
     Epoch[1] Iteration[1010/1240], entropy: 0.6432, uncertainty: 3.7369, uncertainty_coeffi: 0.0010, loss: 0.2555, lr: 3.45e-05
     Epoch[1] Iteration[1020/1240], entropy: 0.6034, uncertainty: 3.2591, uncertainty_coeffi: 0.0010, loss: 0.2329, lr: 3.45e-05
     Epoch[1] Iteration[1030/1240], entropy: 0.5658, uncertainty: 2.8298, uncertainty_coeffi: 0.0010, loss: 0.1594, lr: 3.45e-05
     Epoch[1] Iteration[1040/1240], entropy: 0.5968, uncertainty: 3.5825, uncertainty_coeffi: 0.0010, loss: 0.2210, lr: 3.45e-05
     Epoch[1] Iteration[1050/1240], entropy: 0.3834, uncertainty: 3.7303, uncertainty_coeffi: 0.0010, loss: 0.1318, lr: 3.45e-05
     Epoch[1] Iteration[1060/1240], entropy: 0.5181, uncertainty: 3.7943, uncertainty_coeffi: 0.0010, loss: 0.1433, lr: 3.45e-05
     Epoch[1] Iteration[1070/1240], entropy: 0.5109, uncertainty: 2.9194, uncertainty_coeffi: 0.0010, loss: 0.2257, lr: 3.45e-05
     Epoch[1] Iteration[1080/1240], entropy: 0.5238, uncertainty: 3.0824, uncertainty_coeffi: 0.0010, loss: 0.2779, lr: 3.45e-05
     Epoch[1] Iteration[1090/1240], entropy: 0.4899, uncertainty: 2.9666, uncertainty_coeffi: 0.0010, loss: 0.2052, lr: 3.45e-05
     Epoch[1] Iteration[1100/1240], entropy: 0.5626, uncertainty: 3.1663, uncertainty_coeffi: 0.0010, loss: 0.2229, lr: 3.45e-05
     Epoch[1] Iteration[1110/1240], entropy: 0.3041, uncertainty: 3.9563, uncertainty_coeffi: 0.0010, loss: 0.1032, lr: 3.45e-05
     Epoch[1] Iteration[1120/1240], entropy: 0.5564, uncertainty: 3.7446, uncertainty_coeffi: 0.0010, loss: 0.2108, lr: 3.45e-05
     Epoch[1] Iteration[1130/1240], entropy: 0.4043, uncertainty: 3.3352, uncertainty_coeffi: 0.0010, loss: 0.1804, lr: 3.45e-05
     Epoch[1] Iteration[1140/1240], entropy: 0.4075, uncertainty: 2.6463, uncertainty_coeffi: 0.0010, loss: 0.1776, lr: 3.45e-05
     Epoch[1] Iteration[1150/1240], entropy: 0.6120, uncertainty: 3.4998, uncertainty_coeffi: 0.0010, loss: 0.1683, lr: 3.45e-05
     Epoch[1] Iteration[1160/1240], entropy: 0.6949, uncertainty: 3.4647, uncertainty_coeffi: 0.0010, loss: 0.2744, lr: 3.45e-05
     Epoch[1] Iteration[1170/1240], entropy: 0.5883, uncertainty: 3.6093, uncertainty_coeffi: 0.0010, loss: 0.1591, lr: 3.45e-05
     Epoch[1] Iteration[1180/1240], entropy: 0.6087, uncertainty: 3.3892, uncertainty_coeffi: 0.0010, loss: 0.2039, lr: 3.45e-05
     Epoch[1] Iteration[1190/1240], entropy: 0.3821, uncertainty: 3.8724, uncertainty_coeffi: 0.0010, loss: 0.1056, lr: 3.45e-05
     Epoch[1] Iteration[1200/1240], entropy: 0.5971, uncertainty: 3.1236, uncertainty_coeffi: 0.0010, loss: 0.2217, lr: 3.45e-05
     Epoch[1] Iteration[1210/1240], entropy: 0.5372, uncertainty: 3.4722, uncertainty_coeffi: 0.0010, loss: 0.1764, lr: 3.45e-05
     Epoch[1] Iteration[1220/1240], entropy: 0.5350, uncertainty: 3.4058, uncertainty_coeffi: 0.0010, loss: 0.2004, lr: 3.45e-05
     Epoch[1] Iteration[1230/1240], entropy: 0.6689, uncertainty: 3.8913, uncertainty_coeffi: 0.0010, loss: 0.2181, lr: 3.45e-05
     Epoch[1] Iteration[1240/1240], entropy: 0.2946, uncertainty: 2.4723, uncertainty_coeffi: 0.0010, loss: 0.1532, lr: 3.45e-05
     Averaged stats: entropy_avg: 0.5374, uncertainty_avg: 3.3133, uncertainty_coeffi_avg: 0.0010, loss_avg: 0.2039, lr_avg: 1.92e-05
     itm tta time 0:03:24
### TTA Eval Score: 
+-------+--------+--------+--------+--------+-------+
| epoch |   R1   |   R5   |  R10   |  mAP   |  mINP |
+-------+--------+--------+--------+--------+-------+
|  -999 | 60.656 | 77.499 | 83.268 | 35.543 | 6.006 |
|   0   | 61.810 | 77.529 | 83.142 | 36.171 | 6.091 |
|   1   | 61.885 | 77.524 | 83.026 | 36.133 | 6.046 |
+-------+--------+--------+--------+--------+-------+
     logs:  {'epo': 1, 'R1': np.float32(61.885), 'R5': np.float32(77.524), 'R10': np.float32(83.026), 'mAP': np.float32(36.133), 'mINP': np.float32(6.046), 'entropy': 0.5373971625681846, 'uncertainty': 3.3133197138386388, 'uncertainty_coeffi': 0.0010000000474974513, 'loss': 0.20390294912842014, 'lr': 1.9226569636091035e-05}
     Epoch[2] Iteration[10/1240], entropy: 0.5767, uncertainty: 3.4894, uncertainty_coeffi: 0.0010, loss: 0.2181, lr: 3.45e-05
     Epoch[2] Iteration[20/1240], entropy: 0.4827, uncertainty: 3.0500, uncertainty_coeffi: 0.0010, loss: 0.1772, lr: 3.45e-05
     Epoch[2] Iteration[30/1240], entropy: 0.2524, uncertainty: 2.4271, uncertainty_coeffi: 0.0010, loss: 0.1072, lr: 3.45e-05
     Epoch[2] Iteration[40/1240], entropy: 0.3120, uncertainty: 2.6320, uncertainty_coeffi: 0.0010, loss: 0.1173, lr: 3.45e-05
     Epoch[2] Iteration[50/1240], entropy: 0.3555, uncertainty: 2.9308, uncertainty_coeffi: 0.0010, loss: 0.1124, lr: 3.45e-05
     Epoch[2] Iteration[60/1240], entropy: 0.5302, uncertainty: 3.1552, uncertainty_coeffi: 0.0010, loss: 0.1627, lr: 3.45e-05
     Epoch[2] Iteration[70/1240], entropy: 0.3807, uncertainty: 3.3261, uncertainty_coeffi: 0.0010, loss: 0.1452, lr: 3.45e-05
     Epoch[2] Iteration[80/1240], entropy: 0.5369, uncertainty: 2.6774, uncertainty_coeffi: 0.0010, loss: 0.2637, lr: 3.45e-05
     Epoch[2] Iteration[90/1240], entropy: 0.6708, uncertainty: 3.2911, uncertainty_coeffi: 0.0010, loss: 0.2788, lr: 3.45e-05
     Epoch[2] Iteration[100/1240], entropy: 0.4144, uncertainty: 2.7875, uncertainty_coeffi: 0.0010, loss: 0.1483, lr: 3.45e-05
     Epoch[2] Iteration[110/1240], entropy: 0.5088, uncertainty: 3.7209, uncertainty_coeffi: 0.0010, loss: 0.1405, lr: 3.45e-05
     Epoch[2] Iteration[120/1240], entropy: 0.4211, uncertainty: 3.2922, uncertainty_coeffi: 0.0010, loss: 0.1585, lr: 3.45e-05
     Epoch[2] Iteration[130/1240], entropy: 0.6090, uncertainty: 4.1225, uncertainty_coeffi: 0.0010, loss: 0.1653, lr: 3.45e-05
     Epoch[2] Iteration[140/1240], entropy: 0.6702, uncertainty: 3.5127, uncertainty_coeffi: 0.0010, loss: 0.2509, lr: 3.45e-05
     Epoch[2] Iteration[150/1240], entropy: 0.5925, uncertainty: 3.7681, uncertainty_coeffi: 0.0010, loss: 0.1995, lr: 3.45e-05
     Epoch[2] Iteration[160/1240], entropy: 0.3598, uncertainty: 2.3942, uncertainty_coeffi: 0.0010, loss: 0.1602, lr: 3.45e-05
     Epoch[2] Iteration[170/1240], entropy: 0.4938, uncertainty: 2.8586, uncertainty_coeffi: 0.0010, loss: 0.2023, lr: 3.45e-05
     Epoch[2] Iteration[180/1240], entropy: 0.6392, uncertainty: 3.3500, uncertainty_coeffi: 0.0010, loss: 0.2630, lr: 3.45e-05
     Epoch[2] Iteration[190/1240], entropy: 0.5942, uncertainty: 2.6302, uncertainty_coeffi: 0.0010, loss: 0.2793, lr: 3.45e-05
     Epoch[2] Iteration[200/1240], entropy: 0.4620, uncertainty: 2.0137, uncertainty_coeffi: 0.0010, loss: 0.3416, lr: 3.45e-05
     Epoch[2] Iteration[210/1240], entropy: 0.5961, uncertainty: 3.5246, uncertainty_coeffi: 0.0010, loss: 0.1835, lr: 3.45e-05
     Epoch[2] Iteration[220/1240], entropy: 0.5451, uncertainty: 2.9280, uncertainty_coeffi: 0.0010, loss: 0.2516, lr: 3.45e-05
     Epoch[2] Iteration[230/1240], entropy: 0.5655, uncertainty: 3.4523, uncertainty_coeffi: 0.0010, loss: 0.2212, lr: 3.45e-05
     Epoch[2] Iteration[240/1240], entropy: 0.5593, uncertainty: 3.6401, uncertainty_coeffi: 0.0010, loss: 0.2105, lr: 3.45e-05
     Epoch[2] Iteration[250/1240], entropy: 0.4356, uncertainty: 3.9135, uncertainty_coeffi: 0.0010, loss: 0.1484, lr: 3.45e-05
     Epoch[2] Iteration[260/1240], entropy: 0.3386, uncertainty: 2.5246, uncertainty_coeffi: 0.0010, loss: 0.1535, lr: 3.45e-05
     Epoch[2] Iteration[270/1240], entropy: 0.5036, uncertainty: 3.5033, uncertainty_coeffi: 0.0010, loss: 0.1805, lr: 3.45e-05
     Epoch[2] Iteration[280/1240], entropy: 0.8306, uncertainty: 3.6686, uncertainty_coeffi: 0.0010, loss: 0.2494, lr: 3.45e-05
     Epoch[2] Iteration[290/1240], entropy: 0.2756, uncertainty: 2.8703, uncertainty_coeffi: 0.0010, loss: 0.1276, lr: 3.45e-05
     Epoch[2] Iteration[300/1240], entropy: 0.3481, uncertainty: 3.4097, uncertainty_coeffi: 0.0010, loss: 0.1165, lr: 3.45e-05
     Epoch[2] Iteration[310/1240], entropy: 0.2713, uncertainty: 3.1154, uncertainty_coeffi: 0.0010, loss: 0.0901, lr: 3.45e-05
     Epoch[2] Iteration[320/1240], entropy: 0.4583, uncertainty: 3.1057, uncertainty_coeffi: 0.0010, loss: 0.2035, lr: 3.45e-05
     Epoch[2] Iteration[330/1240], entropy: 0.5614, uncertainty: 3.2945, uncertainty_coeffi: 0.0010, loss: 0.1858, lr: 3.45e-05
     Epoch[2] Iteration[340/1240], entropy: 0.4753, uncertainty: 3.3606, uncertainty_coeffi: 0.0010, loss: 0.1905, lr: 3.45e-05
     Epoch[2] Iteration[350/1240], entropy: 0.4164, uncertainty: 3.2556, uncertainty_coeffi: 0.0010, loss: 0.1375, lr: 3.45e-05
     Epoch[2] Iteration[360/1240], entropy: 0.2580, uncertainty: 2.8079, uncertainty_coeffi: 0.0010, loss: 0.1293, lr: 3.45e-05
     Epoch[2] Iteration[370/1240], entropy: 0.6070, uncertainty: 3.0724, uncertainty_coeffi: 0.0010, loss: 0.2812, lr: 3.45e-05
     Epoch[2] Iteration[380/1240], entropy: 0.5805, uncertainty: 3.2725, uncertainty_coeffi: 0.0010, loss: 0.2708, lr: 3.45e-05
     Epoch[2] Iteration[390/1240], entropy: 0.3810, uncertainty: 2.6189, uncertainty_coeffi: 0.0010, loss: 0.1710, lr: 3.45e-05
     Epoch[2] Iteration[400/1240], entropy: 0.5103, uncertainty: 3.5368, uncertainty_coeffi: 0.0010, loss: 0.2071, lr: 3.45e-05
     Epoch[2] Iteration[410/1240], entropy: 0.5917, uncertainty: 3.6002, uncertainty_coeffi: 0.0010, loss: 0.1731, lr: 3.45e-05
     Epoch[2] Iteration[420/1240], entropy: 0.5881, uncertainty: 3.8466, uncertainty_coeffi: 0.0010, loss: 0.1997, lr: 3.45e-05
     Epoch[2] Iteration[430/1240], entropy: 0.4508, uncertainty: 3.0480, uncertainty_coeffi: 0.0010, loss: 0.2301, lr: 3.45e-05
     Epoch[2] Iteration[440/1240], entropy: 0.5870, uncertainty: 3.5662, uncertainty_coeffi: 0.0010, loss: 0.1938, lr: 3.45e-05
     Epoch[2] Iteration[450/1240], entropy: 0.5598, uncertainty: 4.0880, uncertainty_coeffi: 0.0010, loss: 0.1272, lr: 3.45e-05
     Epoch[2] Iteration[460/1240], entropy: 0.7909, uncertainty: 3.4232, uncertainty_coeffi: 0.0010, loss: 0.2965, lr: 3.45e-05
     Epoch[2] Iteration[470/1240], entropy: 0.5379, uncertainty: 2.8591, uncertainty_coeffi: 0.0010, loss: 0.2396, lr: 3.45e-05
     Epoch[2] Iteration[480/1240], entropy: 0.5453, uncertainty: 3.7840, uncertainty_coeffi: 0.0010, loss: 0.1508, lr: 3.45e-05
     Epoch[2] Iteration[490/1240], entropy: 0.7832, uncertainty: 3.0129, uncertainty_coeffi: 0.0010, loss: 0.3239, lr: 3.45e-05
     Epoch[2] Iteration[500/1240], entropy: 0.3759, uncertainty: 2.6685, uncertainty_coeffi: 0.0010, loss: 0.2269, lr: 3.45e-05
     Epoch[2] Iteration[510/1240], entropy: 0.5807, uncertainty: 2.8185, uncertainty_coeffi: 0.0010, loss: 0.2729, lr: 3.45e-05
     Epoch[2] Iteration[520/1240], entropy: 0.5774, uncertainty: 2.9275, uncertainty_coeffi: 0.0010, loss: 0.2179, lr: 3.45e-05
     Epoch[2] Iteration[530/1240], entropy: 0.5756, uncertainty: 3.0326, uncertainty_coeffi: 0.0010, loss: 0.2466, lr: 3.45e-05
     Epoch[2] Iteration[540/1240], entropy: 0.3942, uncertainty: 3.3993, uncertainty_coeffi: 0.0010, loss: 0.1361, lr: 3.45e-05
     Epoch[2] Iteration[550/1240], entropy: 0.4298, uncertainty: 3.0863, uncertainty_coeffi: 0.0010, loss: 0.1990, lr: 3.45e-05
     Epoch[2] Iteration[560/1240], entropy: 0.4442, uncertainty: 3.0703, uncertainty_coeffi: 0.0010, loss: 0.2039, lr: 3.45e-05
     Epoch[2] Iteration[570/1240], entropy: 0.5952, uncertainty: 3.0849, uncertainty_coeffi: 0.0010, loss: 0.2507, lr: 3.45e-05
     Epoch[2] Iteration[580/1240], entropy: 0.2752, uncertainty: 3.3989, uncertainty_coeffi: 0.0010, loss: 0.1114, lr: 3.45e-05
     Epoch[2] Iteration[590/1240], entropy: 0.3525, uncertainty: 3.2813, uncertainty_coeffi: 0.0010, loss: 0.0889, lr: 3.45e-05
     Epoch[2] Iteration[600/1240], entropy: 0.3213, uncertainty: 3.4529, uncertainty_coeffi: 0.0010, loss: 0.1443, lr: 3.45e-05
     Epoch[2] Iteration[610/1240], entropy: 0.5718, uncertainty: 3.2465, uncertainty_coeffi: 0.0010, loss: 0.1834, lr: 3.45e-05
     Epoch[2] Iteration[620/1240], entropy: 0.5578, uncertainty: 3.8898, uncertainty_coeffi: 0.0010, loss: 0.1274, lr: 3.45e-05
     Epoch[2] Iteration[630/1240], entropy: 0.7748, uncertainty: 2.7896, uncertainty_coeffi: 0.0010, loss: 0.3560, lr: 3.45e-05
     Epoch[2] Iteration[640/1240], entropy: 0.5370, uncertainty: 3.4405, uncertainty_coeffi: 0.0010, loss: 0.2520, lr: 3.45e-05
     Epoch[2] Iteration[650/1240], entropy: 0.8447, uncertainty: 2.7161, uncertainty_coeffi: 0.0010, loss: 0.3076, lr: 3.45e-05
     Epoch[2] Iteration[660/1240], entropy: 0.4111, uncertainty: 2.8404, uncertainty_coeffi: 0.0010, loss: 0.1445, lr: 3.45e-05
     Epoch[2] Iteration[670/1240], entropy: 0.5784, uncertainty: 2.5801, uncertainty_coeffi: 0.0010, loss: 0.2139, lr: 3.45e-05
     Epoch[2] Iteration[680/1240], entropy: 0.4307, uncertainty: 2.2130, uncertainty_coeffi: 0.0010, loss: 0.1966, lr: 3.45e-05
     Epoch[2] Iteration[690/1240], entropy: 0.3074, uncertainty: 4.2040, uncertainty_coeffi: 0.0010, loss: 0.0716, lr: 3.45e-05
     Epoch[2] Iteration[700/1240], entropy: 0.7260, uncertainty: 3.7052, uncertainty_coeffi: 0.0010, loss: 0.2238, lr: 3.45e-05
     Epoch[2] Iteration[710/1240], entropy: 0.7559, uncertainty: 3.7595, uncertainty_coeffi: 0.0010, loss: 0.2385, lr: 3.45e-05
     Epoch[2] Iteration[720/1240], entropy: 0.5810, uncertainty: 4.1373, uncertainty_coeffi: 0.0010, loss: 0.2341, lr: 3.45e-05
     Epoch[2] Iteration[730/1240], entropy: 0.3230, uncertainty: 4.6175, uncertainty_coeffi: 0.0010, loss: 0.1143, lr: 3.45e-05
     Epoch[2] Iteration[740/1240], entropy: 0.4188, uncertainty: 3.2581, uncertainty_coeffi: 0.0010, loss: 0.1948, lr: 3.45e-05
     Epoch[2] Iteration[750/1240], entropy: 0.4674, uncertainty: 3.3594, uncertainty_coeffi: 0.0010, loss: 0.2062, lr: 3.45e-05
     Epoch[2] Iteration[760/1240], entropy: 0.5607, uncertainty: 3.2284, uncertainty_coeffi: 0.0010, loss: 0.2488, lr: 3.45e-05
     Epoch[2] Iteration[770/1240], entropy: 0.5867, uncertainty: 3.2383, uncertainty_coeffi: 0.0010, loss: 0.2568, lr: 3.45e-05
     Epoch[2] Iteration[780/1240], entropy: 0.4298, uncertainty: 3.2277, uncertainty_coeffi: 0.0010, loss: 0.1708, lr: 3.45e-05
     Epoch[2] Iteration[790/1240], entropy: 0.4529, uncertainty: 3.0650, uncertainty_coeffi: 0.0010, loss: 0.1872, lr: 3.45e-05
     Epoch[2] Iteration[800/1240], entropy: 0.4487, uncertainty: 2.9650, uncertainty_coeffi: 0.0010, loss: 0.1897, lr: 3.45e-05
     Epoch[2] Iteration[810/1240], entropy: 0.4690, uncertainty: 3.0651, uncertainty_coeffi: 0.0010, loss: 0.1737, lr: 3.45e-05
     Epoch[2] Iteration[820/1240], entropy: 0.3789, uncertainty: 3.6142, uncertainty_coeffi: 0.0010, loss: 0.1548, lr: 3.45e-05
     Epoch[2] Iteration[830/1240], entropy: 0.3727, uncertainty: 3.1819, uncertainty_coeffi: 0.0010, loss: 0.1344, lr: 3.45e-05
     Epoch[2] Iteration[840/1240], entropy: 0.4863, uncertainty: 3.1160, uncertainty_coeffi: 0.0010, loss: 0.1829, lr: 3.45e-05
     Epoch[2] Iteration[850/1240], entropy: 0.4694, uncertainty: 3.3074, uncertainty_coeffi: 0.0010, loss: 0.1538, lr: 3.45e-05
     Epoch[2] Iteration[860/1240], entropy: 0.3748, uncertainty: 2.2675, uncertainty_coeffi: 0.0010, loss: 0.1843, lr: 3.45e-05
     Epoch[2] Iteration[870/1240], entropy: 0.3908, uncertainty: 2.7380, uncertainty_coeffi: 0.0010, loss: 0.2295, lr: 3.45e-05
     Epoch[2] Iteration[880/1240], entropy: 0.6021, uncertainty: 4.1964, uncertainty_coeffi: 0.0010, loss: 0.1542, lr: 3.45e-05
     Epoch[2] Iteration[890/1240], entropy: 0.4978, uncertainty: 3.2403, uncertainty_coeffi: 0.0010, loss: 0.1828, lr: 3.45e-05
     Epoch[2] Iteration[900/1240], entropy: 0.5345, uncertainty: 3.3747, uncertainty_coeffi: 0.0010, loss: 0.2214, lr: 3.45e-05
     Epoch[2] Iteration[910/1240], entropy: 0.4815, uncertainty: 3.5775, uncertainty_coeffi: 0.0010, loss: 0.1506, lr: 3.45e-05
     Epoch[2] Iteration[920/1240], entropy: 0.4138, uncertainty: 2.9023, uncertainty_coeffi: 0.0010, loss: 0.1475, lr: 3.45e-05
     Epoch[2] Iteration[930/1240], entropy: 0.3641, uncertainty: 3.4274, uncertainty_coeffi: 0.0010, loss: 0.1199, lr: 3.45e-05
     Epoch[2] Iteration[940/1240], entropy: 0.3730, uncertainty: 2.9943, uncertainty_coeffi: 0.0010, loss: 0.1269, lr: 3.45e-05
     Epoch[2] Iteration[950/1240], entropy: 0.4618, uncertainty: 3.2085, uncertainty_coeffi: 0.0010, loss: 0.1427, lr: 3.45e-05
     Epoch[2] Iteration[960/1240], entropy: 0.5199, uncertainty: 3.2680, uncertainty_coeffi: 0.0010, loss: 0.1524, lr: 3.45e-05
     Epoch[2] Iteration[970/1240], entropy: 0.5370, uncertainty: 3.1830, uncertainty_coeffi: 0.0010, loss: 0.2119, lr: 3.45e-05
     Epoch[2] Iteration[980/1240], entropy: 0.7340, uncertainty: 3.8309, uncertainty_coeffi: 0.0010, loss: 0.2718, lr: 3.45e-05
     Epoch[2] Iteration[990/1240], entropy: 0.6031, uncertainty: 3.2417, uncertainty_coeffi: 0.0010, loss: 0.2361, lr: 3.45e-05
     Epoch[2] Iteration[1000/1240], entropy: 0.5035, uncertainty: 3.4433, uncertainty_coeffi: 0.0010, loss: 0.2404, lr: 3.45e-05
     Epoch[2] Iteration[1010/1240], entropy: 0.4258, uncertainty: 3.0669, uncertainty_coeffi: 0.0010, loss: 0.1711, lr: 3.45e-05
     Epoch[2] Iteration[1020/1240], entropy: 0.5183, uncertainty: 3.8809, uncertainty_coeffi: 0.0010, loss: 0.1436, lr: 3.45e-05
     Epoch[2] Iteration[1030/1240], entropy: 0.3091, uncertainty: 3.7268, uncertainty_coeffi: 0.0010, loss: 0.1109, lr: 3.45e-05
     Epoch[2] Iteration[1040/1240], entropy: 0.4290, uncertainty: 3.7854, uncertainty_coeffi: 0.0010, loss: 0.1211, lr: 3.45e-05
     Epoch[2] Iteration[1050/1240], entropy: 0.5291, uncertainty: 3.0825, uncertainty_coeffi: 0.0010, loss: 0.1890, lr: 3.45e-05
     Epoch[2] Iteration[1060/1240], entropy: 0.7363, uncertainty: 4.1214, uncertainty_coeffi: 0.0010, loss: 0.2791, lr: 3.45e-05
     Epoch[2] Iteration[1070/1240], entropy: 0.5843, uncertainty: 3.9499, uncertainty_coeffi: 0.0010, loss: 0.1910, lr: 3.45e-05
     Epoch[2] Iteration[1080/1240], entropy: 0.5731, uncertainty: 3.8337, uncertainty_coeffi: 0.0010, loss: 0.1715, lr: 3.45e-05
     Epoch[2] Iteration[1090/1240], entropy: 0.2527, uncertainty: 2.4497, uncertainty_coeffi: 0.0010, loss: 0.1437, lr: 3.45e-05
     Epoch[2] Iteration[1100/1240], entropy: 0.5908, uncertainty: 3.9176, uncertainty_coeffi: 0.0010, loss: 0.1533, lr: 3.45e-05
     Epoch[2] Iteration[1110/1240], entropy: 0.6447, uncertainty: 4.1048, uncertainty_coeffi: 0.0010, loss: 0.1833, lr: 3.45e-05
     Epoch[2] Iteration[1120/1240], entropy: 0.6506, uncertainty: 3.7779, uncertainty_coeffi: 0.0010, loss: 0.2080, lr: 3.45e-05
     Epoch[2] Iteration[1130/1240], entropy: 0.5180, uncertainty: 3.1059, uncertainty_coeffi: 0.0010, loss: 0.2075, lr: 3.45e-05
     Epoch[2] Iteration[1140/1240], entropy: 0.4747, uncertainty: 3.4410, uncertainty_coeffi: 0.0010, loss: 0.1567, lr: 3.45e-05
     Epoch[2] Iteration[1150/1240], entropy: 0.6557, uncertainty: 3.4271, uncertainty_coeffi: 0.0010, loss: 0.2614, lr: 3.45e-05
     Epoch[2] Iteration[1160/1240], entropy: 0.6619, uncertainty: 3.1465, uncertainty_coeffi: 0.0010, loss: 0.2393, lr: 3.45e-05
     Epoch[2] Iteration[1170/1240], entropy: 0.4784, uncertainty: 2.4671, uncertainty_coeffi: 0.0010, loss: 0.2172, lr: 3.45e-05
     Epoch[2] Iteration[1180/1240], entropy: 0.6618, uncertainty: 3.5262, uncertainty_coeffi: 0.0010, loss: 0.2475, lr: 3.45e-05
     Epoch[2] Iteration[1190/1240], entropy: 0.4711, uncertainty: 3.0431, uncertainty_coeffi: 0.0010, loss: 0.1823, lr: 3.45e-05
     Epoch[2] Iteration[1200/1240], entropy: 0.5544, uncertainty: 3.0685, uncertainty_coeffi: 0.0010, loss: 0.2185, lr: 3.45e-05
     Epoch[2] Iteration[1210/1240], entropy: 0.6244, uncertainty: 2.9924, uncertainty_coeffi: 0.0010, loss: 0.2492, lr: 3.45e-05
     Epoch[2] Iteration[1220/1240], entropy: 0.2870, uncertainty: 2.3501, uncertainty_coeffi: 0.0010, loss: 0.1466, lr: 3.45e-05
     Epoch[2] Iteration[1230/1240], entropy: 0.6899, uncertainty: 3.7228, uncertainty_coeffi: 0.0010, loss: 0.1985, lr: 3.45e-05
     Epoch[2] Iteration[1240/1240], entropy: 0.5025, uncertainty: 3.0881, uncertainty_coeffi: 0.0010, loss: 0.1990, lr: 3.45e-05
     Averaged stats: entropy_avg: 0.5072, uncertainty_avg: 3.2620, uncertainty_coeffi_avg: 0.0010, loss_avg: 0.1929, lr_avg: 3.45e-05
     itm tta time 0:03:23
### TTA Eval Score: 
+-------+--------+--------+--------+--------+-------+
| epoch |   R1   |   R5   |  R10   |  mAP   |  mINP |
+-------+--------+--------+--------+--------+-------+
|  -999 | 60.656 | 77.499 | 83.268 | 35.543 | 6.006 |
|   0   | 61.810 | 77.529 | 83.142 | 36.171 | 6.091 |
|   1   | 61.885 | 77.524 | 83.026 | 36.133 | 6.046 |
|   2   | 61.835 | 77.469 | 82.976 | 36.099 | 6.055 |
+-------+--------+--------+--------+--------+-------+
     logs:  {'epo': 2, 'R1': np.float32(61.835), 'R5': np.float32(77.469), 'R10': np.float32(82.976), 'mAP': np.float32(36.099), 'mINP': np.float32(6.055), 'entropy': 0.507199769779559, 'uncertainty': 3.262023752735507, 'uncertainty_coeffi': 0.0010000000474974513, 'loss': 0.1928528634410712, 'lr': 3.4549150281252805e-05}
     Epoch[3] Iteration[10/1240], entropy: 0.3733, uncertainty: 3.2113, uncertainty_coeffi: 0.0010, loss: 0.1506, lr: 3.45e-05
     Epoch[3] Iteration[20/1240], entropy: 0.4938, uncertainty: 3.5442, uncertainty_coeffi: 0.0010, loss: 0.1769, lr: 3.45e-05
     Epoch[3] Iteration[30/1240], entropy: 0.3544, uncertainty: 3.2564, uncertainty_coeffi: 0.0010, loss: 0.1404, lr: 3.45e-05
     Epoch[3] Iteration[40/1240], entropy: 0.4972, uncertainty: 4.1052, uncertainty_coeffi: 0.0010, loss: 0.1225, lr: 3.45e-05
     Epoch[3] Iteration[50/1240], entropy: 0.6198, uncertainty: 3.4427, uncertainty_coeffi: 0.0010, loss: 0.2896, lr: 3.45e-05
     Epoch[3] Iteration[60/1240], entropy: 0.4608, uncertainty: 2.9403, uncertainty_coeffi: 0.0010, loss: 0.1929, lr: 3.45e-05
     Epoch[3] Iteration[70/1240], entropy: 0.4626, uncertainty: 2.8634, uncertainty_coeffi: 0.0010, loss: 0.1973, lr: 3.45e-05
     Epoch[3] Iteration[80/1240], entropy: 0.7376, uncertainty: 3.0932, uncertainty_coeffi: 0.0010, loss: 0.3017, lr: 3.45e-05
     Epoch[3] Iteration[90/1240], entropy: 0.4507, uncertainty: 3.5922, uncertainty_coeffi: 0.0010, loss: 0.1443, lr: 3.45e-05
     Epoch[3] Iteration[100/1240], entropy: 0.6137, uncertainty: 3.6270, uncertainty_coeffi: 0.0010, loss: 0.2033, lr: 3.45e-05
     Epoch[3] Iteration[110/1240], entropy: 0.5411, uncertainty: 2.7139, uncertainty_coeffi: 0.0010, loss: 0.2160, lr: 3.45e-05
     Epoch[3] Iteration[120/1240], entropy: 0.5880, uncertainty: 3.6351, uncertainty_coeffi: 0.0010, loss: 0.1895, lr: 3.45e-05
     Epoch[3] Iteration[130/1240], entropy: 0.5043, uncertainty: 3.2114, uncertainty_coeffi: 0.0010, loss: 0.2890, lr: 3.45e-05
     Epoch[3] Iteration[140/1240], entropy: 0.5620, uncertainty: 3.6227, uncertainty_coeffi: 0.0010, loss: 0.1863, lr: 3.45e-05
     Epoch[3] Iteration[150/1240], entropy: 0.4719, uncertainty: 2.9952, uncertainty_coeffi: 0.0010, loss: 0.2190, lr: 3.45e-05
     Epoch[3] Iteration[160/1240], entropy: 0.5382, uncertainty: 3.1278, uncertainty_coeffi: 0.0010, loss: 0.2173, lr: 3.45e-05
     Epoch[3] Iteration[170/1240], entropy: 0.3235, uncertainty: 3.8212, uncertainty_coeffi: 0.0010, loss: 0.1021, lr: 3.45e-05
     Epoch[3] Iteration[180/1240], entropy: 0.5092, uncertainty: 3.4860, uncertainty_coeffi: 0.0010, loss: 0.1652, lr: 3.45e-05
     Epoch[3] Iteration[190/1240], entropy: 0.5645, uncertainty: 3.9520, uncertainty_coeffi: 0.0010, loss: 0.1891, lr: 3.45e-05
     Epoch[3] Iteration[200/1240], entropy: 0.6075, uncertainty: 3.4124, uncertainty_coeffi: 0.0010, loss: 0.1945, lr: 3.45e-05
     Epoch[3] Iteration[210/1240], entropy: 0.3962, uncertainty: 2.5181, uncertainty_coeffi: 0.0010, loss: 0.1666, lr: 3.45e-05
     Epoch[3] Iteration[220/1240], entropy: 0.3422, uncertainty: 4.3077, uncertainty_coeffi: 0.0010, loss: 0.0844, lr: 3.45e-05
     Epoch[3] Iteration[230/1240], entropy: 0.5517, uncertainty: 2.7475, uncertainty_coeffi: 0.0010, loss: 0.2716, lr: 3.45e-05
     Epoch[3] Iteration[240/1240], entropy: 0.4579, uncertainty: 2.7027, uncertainty_coeffi: 0.0010, loss: 0.2054, lr: 3.45e-05
     Epoch[3] Iteration[250/1240], entropy: 0.6693, uncertainty: 3.0350, uncertainty_coeffi: 0.0010, loss: 0.2716, lr: 3.45e-05
     Epoch[3] Iteration[260/1240], entropy: 0.5040, uncertainty: 3.9363, uncertainty_coeffi: 0.0010, loss: 0.1497, lr: 3.45e-05
     Epoch[3] Iteration[270/1240], entropy: 0.3909, uncertainty: 2.9632, uncertainty_coeffi: 0.0010, loss: 0.2222, lr: 3.45e-05
     Epoch[3] Iteration[280/1240], entropy: 0.6561, uncertainty: 3.6706, uncertainty_coeffi: 0.0010, loss: 0.2370, lr: 3.45e-05
     Epoch[3] Iteration[290/1240], entropy: 0.6836, uncertainty: 4.1656, uncertainty_coeffi: 0.0010, loss: 0.2125, lr: 6.55e-05
     Epoch[3] Iteration[300/1240], entropy: 0.5258, uncertainty: 3.1370, uncertainty_coeffi: 0.0010, loss: 0.2126, lr: 6.55e-05
     Epoch[3] Iteration[310/1240], entropy: 0.4143, uncertainty: 2.8302, uncertainty_coeffi: 0.0010, loss: 0.2246, lr: 6.55e-05
     Epoch[3] Iteration[320/1240], entropy: 0.3806, uncertainty: 3.1548, uncertainty_coeffi: 0.0010, loss: 0.1708, lr: 6.55e-05
     Epoch[3] Iteration[330/1240], entropy: 0.3963, uncertainty: 3.9684, uncertainty_coeffi: 0.0010, loss: 0.1078, lr: 6.55e-05
     Epoch[3] Iteration[340/1240], entropy: 0.5191, uncertainty: 2.8854, uncertainty_coeffi: 0.0010, loss: 0.2002, lr: 6.55e-05
     Epoch[3] Iteration[350/1240], entropy: 0.5965, uncertainty: 3.5531, uncertainty_coeffi: 0.0010, loss: 0.2819, lr: 6.55e-05
     Epoch[3] Iteration[360/1240], entropy: 0.4715, uncertainty: 3.7119, uncertainty_coeffi: 0.0010, loss: 0.1343, lr: 6.55e-05
     Epoch[3] Iteration[370/1240], entropy: 0.6535, uncertainty: 3.0567, uncertainty_coeffi: 0.0010, loss: 0.2578, lr: 6.55e-05
     Epoch[3] Iteration[380/1240], entropy: 0.6551, uncertainty: 3.1084, uncertainty_coeffi: 0.0010, loss: 0.2571, lr: 6.55e-05
     Epoch[3] Iteration[390/1240], entropy: 0.3466, uncertainty: 2.3716, uncertainty_coeffi: 0.0010, loss: 0.1537, lr: 6.55e-05
     Epoch[3] Iteration[400/1240], entropy: 0.4805, uncertainty: 3.2880, uncertainty_coeffi: 0.0010, loss: 0.1514, lr: 6.55e-05
     Epoch[3] Iteration[410/1240], entropy: 0.6266, uncertainty: 3.5972, uncertainty_coeffi: 0.0010, loss: 0.2408, lr: 6.55e-05
     Epoch[3] Iteration[420/1240], entropy: 0.6163, uncertainty: 2.9875, uncertainty_coeffi: 0.0010, loss: 0.2409, lr: 6.55e-05
     Epoch[3] Iteration[430/1240], entropy: 0.5620, uncertainty: 3.2493, uncertainty_coeffi: 0.0010, loss: 0.2323, lr: 6.55e-05
     Epoch[3] Iteration[440/1240], entropy: 0.2964, uncertainty: 2.6558, uncertainty_coeffi: 0.0010, loss: 0.1729, lr: 6.55e-05
     Epoch[3] Iteration[450/1240], entropy: 0.3719, uncertainty: 3.0875, uncertainty_coeffi: 0.0010, loss: 0.1367, lr: 6.55e-05
     Epoch[3] Iteration[460/1240], entropy: 0.6346, uncertainty: 2.4889, uncertainty_coeffi: 0.0010, loss: 0.3282, lr: 6.55e-05
     Epoch[3] Iteration[470/1240], entropy: 0.5297, uncertainty: 2.6915, uncertainty_coeffi: 0.0010, loss: 0.2860, lr: 6.55e-05
     Epoch[3] Iteration[480/1240], entropy: 0.4487, uncertainty: 4.3264, uncertainty_coeffi: 0.0010, loss: 0.1194, lr: 6.55e-05
     Epoch[3] Iteration[490/1240], entropy: 0.3234, uncertainty: 2.5437, uncertainty_coeffi: 0.0010, loss: 0.1593, lr: 6.55e-05
     Epoch[3] Iteration[500/1240], entropy: 0.3961, uncertainty: 2.7569, uncertainty_coeffi: 0.0010, loss: 0.1435, lr: 6.55e-05
     Epoch[3] Iteration[510/1240], entropy: 0.5030, uncertainty: 3.8600, uncertainty_coeffi: 0.0010, loss: 0.1700, lr: 6.55e-05
     Epoch[3] Iteration[520/1240], entropy: 0.4619, uncertainty: 2.9196, uncertainty_coeffi: 0.0010, loss: 0.1967, lr: 6.55e-05
     Epoch[3] Iteration[530/1240], entropy: 0.6609, uncertainty: 3.9041, uncertainty_coeffi: 0.0010, loss: 0.1664, lr: 6.55e-05
     Epoch[3] Iteration[540/1240], entropy: 0.4795, uncertainty: 3.6720, uncertainty_coeffi: 0.0010, loss: 0.1621, lr: 6.55e-05
     Epoch[3] Iteration[550/1240], entropy: 0.3450, uncertainty: 3.6554, uncertainty_coeffi: 0.0010, loss: 0.1685, lr: 6.55e-05
     Epoch[3] Iteration[560/1240], entropy: 0.6978, uncertainty: 3.5346, uncertainty_coeffi: 0.0010, loss: 0.2419, lr: 6.55e-05
     Epoch[3] Iteration[570/1240], entropy: 0.5727, uncertainty: 3.6315, uncertainty_coeffi: 0.0010, loss: 0.2164, lr: 6.55e-05
     Epoch[3] Iteration[580/1240], entropy: 0.6098, uncertainty: 3.5293, uncertainty_coeffi: 0.0010, loss: 0.2463, lr: 6.55e-05
     Epoch[3] Iteration[590/1240], entropy: 0.2734, uncertainty: 2.8479, uncertainty_coeffi: 0.0010, loss: 0.1575, lr: 6.55e-05
     Epoch[3] Iteration[600/1240], entropy: 0.2108, uncertainty: 3.0605, uncertainty_coeffi: 0.0010, loss: 0.0929, lr: 6.55e-05
     Epoch[3] Iteration[610/1240], entropy: 0.3516, uncertainty: 2.7221, uncertainty_coeffi: 0.0010, loss: 0.1253, lr: 6.55e-05
     Epoch[3] Iteration[620/1240], entropy: 0.4117, uncertainty: 3.2638, uncertainty_coeffi: 0.0010, loss: 0.1399, lr: 6.55e-05
     Epoch[3] Iteration[630/1240], entropy: 0.3284, uncertainty: 2.8348, uncertainty_coeffi: 0.0010, loss: 0.1254, lr: 6.55e-05
     Epoch[3] Iteration[640/1240], entropy: 0.4718, uncertainty: 3.3690, uncertainty_coeffi: 0.0010, loss: 0.1838, lr: 6.55e-05
     Epoch[3] Iteration[650/1240], entropy: 0.4680, uncertainty: 3.1137, uncertainty_coeffi: 0.0010, loss: 0.2240, lr: 6.55e-05
     Epoch[3] Iteration[660/1240], entropy: 0.3820, uncertainty: 3.4178, uncertainty_coeffi: 0.0010, loss: 0.1077, lr: 6.55e-05
     Epoch[3] Iteration[670/1240], entropy: 0.3947, uncertainty: 3.2089, uncertainty_coeffi: 0.0010, loss: 0.1601, lr: 6.55e-05
     Epoch[3] Iteration[680/1240], entropy: 0.3613, uncertainty: 2.9127, uncertainty_coeffi: 0.0010, loss: 0.1185, lr: 6.55e-05
     Epoch[3] Iteration[690/1240], entropy: 0.5377, uncertainty: 3.9257, uncertainty_coeffi: 0.0010, loss: 0.1590, lr: 6.55e-05
     Epoch[3] Iteration[700/1240], entropy: 0.5024, uncertainty: 3.6827, uncertainty_coeffi: 0.0010, loss: 0.1209, lr: 6.55e-05
     Epoch[3] Iteration[710/1240], entropy: 0.5399, uncertainty: 3.0868, uncertainty_coeffi: 0.0010, loss: 0.1989, lr: 6.55e-05
     Epoch[3] Iteration[720/1240], entropy: 0.6770, uncertainty: 4.1645, uncertainty_coeffi: 0.0010, loss: 0.2203, lr: 6.55e-05
     Epoch[3] Iteration[730/1240], entropy: 0.4240, uncertainty: 3.1033, uncertainty_coeffi: 0.0010, loss: 0.1342, lr: 6.55e-05
     Epoch[3] Iteration[740/1240], entropy: 0.4903, uncertainty: 3.7195, uncertainty_coeffi: 0.0010, loss: 0.1220, lr: 6.55e-05
     Epoch[3] Iteration[750/1240], entropy: 0.6901, uncertainty: 3.9082, uncertainty_coeffi: 0.0010, loss: 0.1598, lr: 6.55e-05
     Epoch[3] Iteration[760/1240], entropy: 0.3857, uncertainty: 3.4346, uncertainty_coeffi: 0.0010, loss: 0.1391, lr: 6.55e-05
     Epoch[3] Iteration[770/1240], entropy: 0.4404, uncertainty: 2.8946, uncertainty_coeffi: 0.0010, loss: 0.1896, lr: 6.55e-05
     Epoch[3] Iteration[780/1240], entropy: 0.6955, uncertainty: 3.7993, uncertainty_coeffi: 0.0010, loss: 0.2647, lr: 6.55e-05
     Epoch[3] Iteration[790/1240], entropy: 0.6429, uncertainty: 3.5471, uncertainty_coeffi: 0.0010, loss: 0.2485, lr: 6.55e-05
     Epoch[3] Iteration[800/1240], entropy: 0.6464, uncertainty: 3.4208, uncertainty_coeffi: 0.0010, loss: 0.2285, lr: 6.55e-05
     Epoch[3] Iteration[810/1240], entropy: 0.5174, uncertainty: 3.6254, uncertainty_coeffi: 0.0010, loss: 0.2161, lr: 6.55e-05
     Epoch[3] Iteration[820/1240], entropy: 0.4195, uncertainty: 2.9281, uncertainty_coeffi: 0.0010, loss: 0.1947, lr: 6.55e-05
     Epoch[3] Iteration[830/1240], entropy: 0.6140, uncertainty: 3.8255, uncertainty_coeffi: 0.0010, loss: 0.2784, lr: 6.55e-05
     Epoch[3] Iteration[840/1240], entropy: 0.3546, uncertainty: 2.9657, uncertainty_coeffi: 0.0010, loss: 0.1800, lr: 6.55e-05
     Epoch[3] Iteration[850/1240], entropy: 0.5463, uncertainty: 4.0675, uncertainty_coeffi: 0.0010, loss: 0.1647, lr: 6.55e-05
     Epoch[3] Iteration[860/1240], entropy: 0.6234, uncertainty: 3.3615, uncertainty_coeffi: 0.0010, loss: 0.2309, lr: 6.55e-05
     Epoch[3] Iteration[870/1240], entropy: 0.4200, uncertainty: 3.4745, uncertainty_coeffi: 0.0010, loss: 0.1313, lr: 6.55e-05
     Epoch[3] Iteration[880/1240], entropy: 0.3637, uncertainty: 3.7654, uncertainty_coeffi: 0.0010, loss: 0.1064, lr: 6.55e-05
     Epoch[3] Iteration[890/1240], entropy: 0.4984, uncertainty: 3.3150, uncertainty_coeffi: 0.0010, loss: 0.2344, lr: 6.55e-05
     Epoch[3] Iteration[900/1240], entropy: 0.6016, uncertainty: 4.0432, uncertainty_coeffi: 0.0010, loss: 0.1804, lr: 6.55e-05
     Epoch[3] Iteration[910/1240], entropy: 0.4937, uncertainty: 3.3194, uncertainty_coeffi: 0.0010, loss: 0.2012, lr: 6.55e-05
     Epoch[3] Iteration[920/1240], entropy: 0.3718, uncertainty: 3.7270, uncertainty_coeffi: 0.0010, loss: 0.1247, lr: 6.55e-05
     Epoch[3] Iteration[930/1240], entropy: 0.4831, uncertainty: 3.2503, uncertainty_coeffi: 0.0010, loss: 0.1575, lr: 6.55e-05
     Epoch[3] Iteration[940/1240], entropy: 0.3498, uncertainty: 2.9758, uncertainty_coeffi: 0.0010, loss: 0.1686, lr: 6.55e-05
     Epoch[3] Iteration[950/1240], entropy: 0.3192, uncertainty: 2.7662, uncertainty_coeffi: 0.0010, loss: 0.1488, lr: 6.55e-05
     Epoch[3] Iteration[960/1240], entropy: 0.5846, uncertainty: 2.9044, uncertainty_coeffi: 0.0010, loss: 0.2824, lr: 6.55e-05
     Epoch[3] Iteration[970/1240], entropy: 0.3931, uncertainty: 3.0152, uncertainty_coeffi: 0.0010, loss: 0.1388, lr: 6.55e-05
     Epoch[3] Iteration[980/1240], entropy: 0.7010, uncertainty: 3.3161, uncertainty_coeffi: 0.0010, loss: 0.2990, lr: 6.55e-05
     Epoch[3] Iteration[990/1240], entropy: 0.7995, uncertainty: 3.8497, uncertainty_coeffi: 0.0010, loss: 0.3012, lr: 6.55e-05
     Epoch[3] Iteration[1000/1240], entropy: 0.3932, uncertainty: 2.9314, uncertainty_coeffi: 0.0010, loss: 0.1839, lr: 6.55e-05
     Epoch[3] Iteration[1010/1240], entropy: 0.5974, uncertainty: 3.0901, uncertainty_coeffi: 0.0010, loss: 0.2577, lr: 6.55e-05
     Epoch[3] Iteration[1020/1240], entropy: 0.5687, uncertainty: 3.5880, uncertainty_coeffi: 0.0010, loss: 0.1829, lr: 6.55e-05
     Epoch[3] Iteration[1030/1240], entropy: 0.4341, uncertainty: 3.8108, uncertainty_coeffi: 0.0010, loss: 0.1372, lr: 6.55e-05
     Epoch[3] Iteration[1040/1240], entropy: 0.5407, uncertainty: 4.3687, uncertainty_coeffi: 0.0010, loss: 0.1630, lr: 6.55e-05
     Epoch[3] Iteration[1050/1240], entropy: 0.6664, uncertainty: 3.7521, uncertainty_coeffi: 0.0010, loss: 0.1795, lr: 6.55e-05
     Epoch[3] Iteration[1060/1240], entropy: 0.5714, uncertainty: 3.7504, uncertainty_coeffi: 0.0010, loss: 0.1917, lr: 6.55e-05
     Epoch[3] Iteration[1070/1240], entropy: 0.4900, uncertainty: 2.4636, uncertainty_coeffi: 0.0010, loss: 0.2719, lr: 6.55e-05
     Epoch[3] Iteration[1080/1240], entropy: 0.3031, uncertainty: 3.1232, uncertainty_coeffi: 0.0010, loss: 0.1440, lr: 6.55e-05
     Epoch[3] Iteration[1090/1240], entropy: 0.5384, uncertainty: 2.7277, uncertainty_coeffi: 0.0010, loss: 0.2353, lr: 6.55e-05
     Epoch[3] Iteration[1100/1240], entropy: 0.6646, uncertainty: 3.4718, uncertainty_coeffi: 0.0010, loss: 0.2103, lr: 6.55e-05
     Epoch[3] Iteration[1110/1240], entropy: 0.4225, uncertainty: 3.4517, uncertainty_coeffi: 0.0010, loss: 0.1475, lr: 6.55e-05
     Epoch[3] Iteration[1120/1240], entropy: 0.6639, uncertainty: 3.6019, uncertainty_coeffi: 0.0010, loss: 0.2111, lr: 6.55e-05
     Epoch[3] Iteration[1130/1240], entropy: 0.3426, uncertainty: 2.9084, uncertainty_coeffi: 0.0010, loss: 0.1323, lr: 6.55e-05
     Epoch[3] Iteration[1140/1240], entropy: 0.6748, uncertainty: 3.0688, uncertainty_coeffi: 0.0010, loss: 0.2190, lr: 6.55e-05
     Epoch[3] Iteration[1150/1240], entropy: 0.3901, uncertainty: 3.3030, uncertainty_coeffi: 0.0010, loss: 0.1201, lr: 6.55e-05
     Epoch[3] Iteration[1160/1240], entropy: 0.4909, uncertainty: 2.7373, uncertainty_coeffi: 0.0010, loss: 0.2362, lr: 6.55e-05
     Epoch[3] Iteration[1170/1240], entropy: 0.2916, uncertainty: 3.1834, uncertainty_coeffi: 0.0010, loss: 0.1099, lr: 6.55e-05
     Epoch[3] Iteration[1180/1240], entropy: 0.3921, uncertainty: 1.8357, uncertainty_coeffi: 0.0010, loss: 0.2751, lr: 6.55e-05
     Epoch[3] Iteration[1190/1240], entropy: 0.7772, uncertainty: 2.7721, uncertainty_coeffi: 0.0010, loss: 0.2858, lr: 6.55e-05
     Epoch[3] Iteration[1200/1240], entropy: 0.6524, uncertainty: 3.6017, uncertainty_coeffi: 0.0010, loss: 0.1790, lr: 6.55e-05
     Epoch[3] Iteration[1210/1240], entropy: 0.5242, uncertainty: 3.7372, uncertainty_coeffi: 0.0010, loss: 0.1885, lr: 6.55e-05
     Epoch[3] Iteration[1220/1240], entropy: 0.3795, uncertainty: 3.2558, uncertainty_coeffi: 0.0010, loss: 0.1218, lr: 6.55e-05
     Epoch[3] Iteration[1230/1240], entropy: 0.5771, uncertainty: 3.7404, uncertainty_coeffi: 0.0010, loss: 0.2122, lr: 6.55e-05
     Epoch[3] Iteration[1240/1240], entropy: 0.4415, uncertainty: 3.2007, uncertainty_coeffi: 0.0010, loss: 0.1622, lr: 6.55e-05
     Averaged stats: entropy_avg: 0.5006, uncertainty_avg: 3.3167, uncertainty_coeffi_avg: 0.0010, loss_avg: 0.1904, lr_avg: 5.85e-05
     itm tta time 0:03:24
     Epoch[4] Iteration[10/1240], entropy: 0.5356, uncertainty: 3.0291, uncertainty_coeffi: 0.0010, loss: 0.2031, lr: 6.55e-05
     Epoch[4] Iteration[20/1240], entropy: 0.2549, uncertainty: 3.1617, uncertainty_coeffi: 0.0010, loss: 0.0724, lr: 6.55e-05
     Epoch[4] Iteration[30/1240], entropy: 0.4492, uncertainty: 3.5484, uncertainty_coeffi: 0.0010, loss: 0.1304, lr: 6.55e-05
     Epoch[4] Iteration[40/1240], entropy: 0.5459, uncertainty: 2.9482, uncertainty_coeffi: 0.0010, loss: 0.1905, lr: 6.55e-05
     Epoch[4] Iteration[50/1240], entropy: 0.5020, uncertainty: 2.3072, uncertainty_coeffi: 0.0010, loss: 0.2291, lr: 6.55e-05
     Epoch[4] Iteration[60/1240], entropy: 0.5232, uncertainty: 2.9186, uncertainty_coeffi: 0.0010, loss: 0.1920, lr: 6.55e-05
     Epoch[4] Iteration[70/1240], entropy: 0.4107, uncertainty: 3.7502, uncertainty_coeffi: 0.0010, loss: 0.1654, lr: 6.55e-05
     Epoch[4] Iteration[80/1240], entropy: 0.4812, uncertainty: 3.3199, uncertainty_coeffi: 0.0010, loss: 0.1968, lr: 6.55e-05
     Epoch[4] Iteration[90/1240], entropy: 0.6194, uncertainty: 3.2913, uncertainty_coeffi: 0.0010, loss: 0.2387, lr: 6.55e-05
     Epoch[4] Iteration[100/1240], entropy: 0.6604, uncertainty: 2.7957, uncertainty_coeffi: 0.0010, loss: 0.3430, lr: 6.55e-05
     Epoch[4] Iteration[110/1240], entropy: 0.4997, uncertainty: 2.9164, uncertainty_coeffi: 0.0010, loss: 0.2073, lr: 6.55e-05
     Epoch[4] Iteration[120/1240], entropy: 0.3876, uncertainty: 2.7733, uncertainty_coeffi: 0.0010, loss: 0.1646, lr: 6.55e-05
     Epoch[4] Iteration[130/1240], entropy: 0.7514, uncertainty: 2.6385, uncertainty_coeffi: 0.0010, loss: 0.3167, lr: 6.55e-05
     Epoch[4] Iteration[140/1240], entropy: 0.3030, uncertainty: 2.2370, uncertainty_coeffi: 0.0010, loss: 0.1371, lr: 6.55e-05
     Epoch[4] Iteration[150/1240], entropy: 0.4368, uncertainty: 3.3674, uncertainty_coeffi: 0.0010, loss: 0.2011, lr: 6.55e-05
     Epoch[4] Iteration[160/1240], entropy: 0.4574, uncertainty: 3.3682, uncertainty_coeffi: 0.0010, loss: 0.1845, lr: 6.55e-05
     Epoch[4] Iteration[170/1240], entropy: 0.4441, uncertainty: 3.9912, uncertainty_coeffi: 0.0010, loss: 0.1242, lr: 6.55e-05
     Epoch[4] Iteration[180/1240], entropy: 0.5678, uncertainty: 4.0384, uncertainty_coeffi: 0.0010, loss: 0.1332, lr: 6.55e-05
     Epoch[4] Iteration[190/1240], entropy: 0.6202, uncertainty: 3.0522, uncertainty_coeffi: 0.0010, loss: 0.2428, lr: 6.55e-05
     Epoch[4] Iteration[200/1240], entropy: 0.2788, uncertainty: 2.7180, uncertainty_coeffi: 0.0010, loss: 0.1079, lr: 6.55e-05
     Epoch[4] Iteration[210/1240], entropy: 0.6304, uncertainty: 4.4202, uncertainty_coeffi: 0.0010, loss: 0.1566, lr: 6.55e-05
     Epoch[4] Iteration[220/1240], entropy: 0.4051, uncertainty: 2.9778, uncertainty_coeffi: 0.0010, loss: 0.1385, lr: 6.55e-05
     Epoch[4] Iteration[230/1240], entropy: 0.6250, uncertainty: 3.6039, uncertainty_coeffi: 0.0010, loss: 0.2470, lr: 6.55e-05
     Epoch[4] Iteration[240/1240], entropy: 0.3289, uncertainty: 3.5615, uncertainty_coeffi: 0.0010, loss: 0.1212, lr: 6.55e-05
     Epoch[4] Iteration[250/1240], entropy: 0.5998, uncertainty: 4.1239, uncertainty_coeffi: 0.0010, loss: 0.2025, lr: 6.55e-05
     Epoch[4] Iteration[260/1240], entropy: 0.6337, uncertainty: 4.3532, uncertainty_coeffi: 0.0010, loss: 0.1783, lr: 6.55e-05
     Epoch[4] Iteration[270/1240], entropy: 0.5149, uncertainty: 2.7414, uncertainty_coeffi: 0.0010, loss: 0.1853, lr: 6.55e-05
     Epoch[4] Iteration[280/1240], entropy: 0.5043, uncertainty: 2.5762, uncertainty_coeffi: 0.0010, loss: 0.1723, lr: 6.55e-05
     Epoch[4] Iteration[290/1240], entropy: 0.4783, uncertainty: 2.7589, uncertainty_coeffi: 0.0010, loss: 0.2367, lr: 6.55e-05
     Epoch[4] Iteration[300/1240], entropy: 0.4266, uncertainty: 3.2311, uncertainty_coeffi: 0.0010, loss: 0.1449, lr: 6.55e-05
     Epoch[4] Iteration[310/1240], entropy: 0.4987, uncertainty: 3.8470, uncertainty_coeffi: 0.0010, loss: 0.1352, lr: 6.55e-05
     Epoch[4] Iteration[320/1240], entropy: 0.4166, uncertainty: 3.3966, uncertainty_coeffi: 0.0010, loss: 0.1135, lr: 6.55e-05
     Epoch[4] Iteration[330/1240], entropy: 0.5696, uncertainty: 2.9701, uncertainty_coeffi: 0.0010, loss: 0.1952, lr: 6.55e-05
     Epoch[4] Iteration[340/1240], entropy: 0.3751, uncertainty: 2.8304, uncertainty_coeffi: 0.0010, loss: 0.1698, lr: 6.55e-05
     Epoch[4] Iteration[350/1240], entropy: 0.6377, uncertainty: 4.3026, uncertainty_coeffi: 0.0010, loss: 0.1728, lr: 6.55e-05
     Epoch[4] Iteration[360/1240], entropy: 0.3578, uncertainty: 3.4063, uncertainty_coeffi: 0.0010, loss: 0.1606, lr: 6.55e-05
     Epoch[4] Iteration[370/1240], entropy: 0.3430, uncertainty: 2.4967, uncertainty_coeffi: 0.0010, loss: 0.1486, lr: 6.55e-05
     Epoch[4] Iteration[380/1240], entropy: 0.5383, uncertainty: 2.6418, uncertainty_coeffi: 0.0010, loss: 0.2570, lr: 6.55e-05
     Epoch[4] Iteration[390/1240], entropy: 0.3562, uncertainty: 2.4884, uncertainty_coeffi: 0.0010, loss: 0.1429, lr: 6.55e-05
     Epoch[4] Iteration[400/1240], entropy: 0.4228, uncertainty: 3.2044, uncertainty_coeffi: 0.0010, loss: 0.2046, lr: 6.55e-05
     Epoch[4] Iteration[410/1240], entropy: 0.5255, uncertainty: 3.3959, uncertainty_coeffi: 0.0010, loss: 0.1841, lr: 6.55e-05
     Epoch[4] Iteration[420/1240], entropy: 0.6062, uncertainty: 3.5996, uncertainty_coeffi: 0.0010, loss: 0.1906, lr: 6.55e-05
     Epoch[4] Iteration[430/1240], entropy: 0.5433, uncertainty: 2.7373, uncertainty_coeffi: 0.0010, loss: 0.2483, lr: 6.55e-05
     Epoch[4] Iteration[440/1240], entropy: 0.5676, uncertainty: 2.9329, uncertainty_coeffi: 0.0010, loss: 0.2539, lr: 6.55e-05
     Epoch[4] Iteration[450/1240], entropy: 0.5689, uncertainty: 3.9092, uncertainty_coeffi: 0.0010, loss: 0.1502, lr: 6.55e-05
     Epoch[4] Iteration[460/1240], entropy: 0.4292, uncertainty: 3.2770, uncertainty_coeffi: 0.0010, loss: 0.1493, lr: 6.55e-05
     Epoch[4] Iteration[470/1240], entropy: 0.7683, uncertainty: 2.8402, uncertainty_coeffi: 0.0010, loss: 0.3095, lr: 6.55e-05
     Epoch[4] Iteration[480/1240], entropy: 0.5454, uncertainty: 4.1780, uncertainty_coeffi: 0.0010, loss: 0.1168, lr: 6.55e-05
     Epoch[4] Iteration[490/1240], entropy: 0.4241, uncertainty: 2.5180, uncertainty_coeffi: 0.0010, loss: 0.2290, lr: 6.55e-05
     Epoch[4] Iteration[500/1240], entropy: 0.3781, uncertainty: 3.7166, uncertainty_coeffi: 0.0010, loss: 0.1306, lr: 6.55e-05
     Epoch[4] Iteration[510/1240], entropy: 0.6190, uncertainty: 3.0896, uncertainty_coeffi: 0.0010, loss: 0.2443, lr: 6.55e-05
     Epoch[4] Iteration[520/1240], entropy: 0.4836, uncertainty: 2.7544, uncertainty_coeffi: 0.0010, loss: 0.2301, lr: 6.55e-05
     Epoch[4] Iteration[530/1240], entropy: 0.3155, uncertainty: 2.9499, uncertainty_coeffi: 0.0010, loss: 0.0975, lr: 6.55e-05
     Epoch[4] Iteration[540/1240], entropy: 0.4980, uncertainty: 3.4865, uncertainty_coeffi: 0.0010, loss: 0.1882, lr: 6.55e-05
     Epoch[4] Iteration[550/1240], entropy: 0.6681, uncertainty: 3.2251, uncertainty_coeffi: 0.0010, loss: 0.2638, lr: 6.55e-05
     Epoch[4] Iteration[560/1240], entropy: 0.6625, uncertainty: 3.3592, uncertainty_coeffi: 0.0010, loss: 0.2454, lr: 6.55e-05
     Epoch[4] Iteration[570/1240], entropy: 0.4043, uncertainty: 3.5527, uncertainty_coeffi: 0.0010, loss: 0.1595, lr: 6.55e-05
     Epoch[4] Iteration[580/1240], entropy: 0.3487, uncertainty: 3.0473, uncertainty_coeffi: 0.0010, loss: 0.1637, lr: 6.55e-05
     Epoch[4] Iteration[590/1240], entropy: 0.3493, uncertainty: 3.5367, uncertainty_coeffi: 0.0010, loss: 0.1083, lr: 6.55e-05
     Epoch[4] Iteration[600/1240], entropy: 0.4441, uncertainty: 2.4840, uncertainty_coeffi: 0.0010, loss: 0.2251, lr: 6.55e-05
     Epoch[4] Iteration[610/1240], entropy: 0.4095, uncertainty: 4.0700, uncertainty_coeffi: 0.0010, loss: 0.1113, lr: 6.55e-05
     Epoch[4] Iteration[620/1240], entropy: 0.5291, uncertainty: 3.3315, uncertainty_coeffi: 0.0010, loss: 0.1731, lr: 6.55e-05
     Epoch[4] Iteration[630/1240], entropy: 0.5767, uncertainty: 3.6687, uncertainty_coeffi: 0.0010, loss: 0.1634, lr: 6.55e-05
     Epoch[4] Iteration[640/1240], entropy: 0.2796, uncertainty: 2.9438, uncertainty_coeffi: 0.0010, loss: 0.0901, lr: 6.55e-05
     Epoch[4] Iteration[650/1240], entropy: 0.6365, uncertainty: 3.3289, uncertainty_coeffi: 0.0010, loss: 0.2069, lr: 6.55e-05
     Epoch[4] Iteration[660/1240], entropy: 0.6676, uncertainty: 4.1970, uncertainty_coeffi: 0.0010, loss: 0.2155, lr: 6.55e-05
     Epoch[4] Iteration[670/1240], entropy: 0.6359, uncertainty: 3.3271, uncertainty_coeffi: 0.0010, loss: 0.2535, lr: 6.55e-05
     Epoch[4] Iteration[680/1240], entropy: 0.4881, uncertainty: 4.3194, uncertainty_coeffi: 0.0010, loss: 0.1171, lr: 6.55e-05
     Epoch[4] Iteration[690/1240], entropy: 0.2113, uncertainty: 3.3154, uncertainty_coeffi: 0.0010, loss: 0.0717, lr: 6.55e-05
     Epoch[4] Iteration[700/1240], entropy: 0.3256, uncertainty: 3.3288, uncertainty_coeffi: 0.0010, loss: 0.1364, lr: 6.55e-05
     Epoch[4] Iteration[710/1240], entropy: 0.4365, uncertainty: 3.5179, uncertainty_coeffi: 0.0010, loss: 0.1401, lr: 6.55e-05
     Epoch[4] Iteration[720/1240], entropy: 0.2744, uncertainty: 3.0505, uncertainty_coeffi: 0.0010, loss: 0.1429, lr: 6.55e-05
     Epoch[4] Iteration[730/1240], entropy: 0.3061, uncertainty: 3.2054, uncertainty_coeffi: 0.0010, loss: 0.0880, lr: 6.55e-05
     Epoch[4] Iteration[740/1240], entropy: 0.4596, uncertainty: 3.0621, uncertainty_coeffi: 0.0010, loss: 0.1486, lr: 6.55e-05
     Epoch[4] Iteration[750/1240], entropy: 0.4016, uncertainty: 2.8438, uncertainty_coeffi: 0.0010, loss: 0.1371, lr: 6.55e-05
     Epoch[4] Iteration[760/1240], entropy: 0.4852, uncertainty: 3.0642, uncertainty_coeffi: 0.0010, loss: 0.1977, lr: 6.55e-05
     Epoch[4] Iteration[770/1240], entropy: 0.5173, uncertainty: 4.0523, uncertainty_coeffi: 0.0010, loss: 0.1476, lr: 6.55e-05
     Epoch[4] Iteration[780/1240], entropy: 0.4693, uncertainty: 3.4215, uncertainty_coeffi: 0.0010, loss: 0.1369, lr: 6.55e-05
     Epoch[4] Iteration[790/1240], entropy: 0.3995, uncertainty: 3.9444, uncertainty_coeffi: 0.0010, loss: 0.1531, lr: 6.55e-05
     Epoch[4] Iteration[800/1240], entropy: 0.5796, uncertainty: 3.5869, uncertainty_coeffi: 0.0010, loss: 0.2011, lr: 6.55e-05
     Epoch[4] Iteration[810/1240], entropy: 0.6243, uncertainty: 3.2054, uncertainty_coeffi: 0.0010, loss: 0.2349, lr: 6.55e-05
     Epoch[4] Iteration[820/1240], entropy: 0.5686, uncertainty: 3.0827, uncertainty_coeffi: 0.0010, loss: 0.3149, lr: 6.55e-05
     Epoch[4] Iteration[830/1240], entropy: 0.5111, uncertainty: 3.1206, uncertainty_coeffi: 0.0010, loss: 0.2374, lr: 6.55e-05
     Epoch[4] Iteration[840/1240], entropy: 0.6216, uncertainty: 2.6794, uncertainty_coeffi: 0.0010, loss: 0.3087, lr: 6.55e-05
     Epoch[4] Iteration[850/1240], entropy: 0.2295, uncertainty: 2.4708, uncertainty_coeffi: 0.0010, loss: 0.1161, lr: 6.55e-05
     Epoch[4] Iteration[860/1240], entropy: 0.4867, uncertainty: 2.7976, uncertainty_coeffi: 0.0010, loss: 0.1500, lr: 6.55e-05
     Epoch[4] Iteration[870/1240], entropy: 0.4603, uncertainty: 2.8363, uncertainty_coeffi: 0.0010, loss: 0.2197, lr: 6.55e-05
     Epoch[4] Iteration[880/1240], entropy: 0.6638, uncertainty: 3.7323, uncertainty_coeffi: 0.0010, loss: 0.1929, lr: 6.55e-05
     Epoch[4] Iteration[890/1240], entropy: 0.3929, uncertainty: 3.5145, uncertainty_coeffi: 0.0010, loss: 0.1312, lr: 6.55e-05
     Epoch[4] Iteration[900/1240], entropy: 0.2815, uncertainty: 2.7213, uncertainty_coeffi: 0.0010, loss: 0.1039, lr: 6.55e-05
     Epoch[4] Iteration[910/1240], entropy: 0.4240, uncertainty: 2.4800, uncertainty_coeffi: 0.0010, loss: 0.1786, lr: 6.55e-05
     Epoch[4] Iteration[920/1240], entropy: 0.7762, uncertainty: 3.4756, uncertainty_coeffi: 0.0010, loss: 0.3181, lr: 6.55e-05
     Epoch[4] Iteration[930/1240], entropy: 0.4445, uncertainty: 3.0875, uncertainty_coeffi: 0.0010, loss: 0.1341, lr: 6.55e-05
     Epoch[4] Iteration[940/1240], entropy: 0.3024, uncertainty: 2.9595, uncertainty_coeffi: 0.0010, loss: 0.1015, lr: 6.55e-05
     Epoch[4] Iteration[950/1240], entropy: 0.4234, uncertainty: 3.0986, uncertainty_coeffi: 0.0010, loss: 0.1301, lr: 6.55e-05
     Epoch[4] Iteration[960/1240], entropy: 0.4913, uncertainty: 2.9739, uncertainty_coeffi: 0.0010, loss: 0.1442, lr: 6.55e-05
     Epoch[4] Iteration[970/1240], entropy: 0.5181, uncertainty: 3.3001, uncertainty_coeffi: 0.0010, loss: 0.2074, lr: 6.55e-05
     Epoch[4] Iteration[980/1240], entropy: 0.3950, uncertainty: 4.2667, uncertainty_coeffi: 0.0010, loss: 0.1471, lr: 6.55e-05
     Epoch[4] Iteration[990/1240], entropy: 0.3352, uncertainty: 3.4633, uncertainty_coeffi: 0.0010, loss: 0.0736, lr: 6.55e-05
     Epoch[4] Iteration[1000/1240], entropy: 0.5144, uncertainty: 4.2405, uncertainty_coeffi: 0.0010, loss: 0.1239, lr: 6.55e-05
     Epoch[4] Iteration[1010/1240], entropy: 0.5666, uncertainty: 3.9505, uncertainty_coeffi: 0.0010, loss: 0.1782, lr: 6.55e-05
     Epoch[4] Iteration[1020/1240], entropy: 0.2941, uncertainty: 3.1784, uncertainty_coeffi: 0.0010, loss: 0.1142, lr: 6.55e-05
     Epoch[4] Iteration[1030/1240], entropy: 0.6199, uncertainty: 3.3631, uncertainty_coeffi: 0.0010, loss: 0.2676, lr: 6.55e-05
     Epoch[4] Iteration[1040/1240], entropy: 0.3044, uncertainty: 3.2518, uncertainty_coeffi: 0.0010, loss: 0.1071, lr: 6.55e-05
     Epoch[4] Iteration[1050/1240], entropy: 0.5950, uncertainty: 3.5565, uncertainty_coeffi: 0.0010, loss: 0.2527, lr: 9.05e-05
     Epoch[4] Iteration[1060/1240], entropy: 0.5745, uncertainty: 3.1485, uncertainty_coeffi: 0.0010, loss: 0.2567, lr: 9.05e-05
     Epoch[4] Iteration[1070/1240], entropy: 0.3869, uncertainty: 3.2607, uncertainty_coeffi: 0.0010, loss: 0.1209, lr: 9.05e-05
     Epoch[4] Iteration[1080/1240], entropy: 0.4994, uncertainty: 2.6237, uncertainty_coeffi: 0.0010, loss: 0.2086, lr: 9.05e-05
     Epoch[4] Iteration[1090/1240], entropy: 0.4367, uncertainty: 3.1544, uncertainty_coeffi: 0.0010, loss: 0.2099, lr: 9.05e-05
     Epoch[4] Iteration[1100/1240], entropy: 0.4779, uncertainty: 3.3968, uncertainty_coeffi: 0.0010, loss: 0.1479, lr: 9.05e-05
     Epoch[4] Iteration[1110/1240], entropy: 0.7905, uncertainty: 3.2888, uncertainty_coeffi: 0.0010, loss: 0.2750, lr: 9.05e-05
     Epoch[4] Iteration[1120/1240], entropy: 0.5572, uncertainty: 2.9191, uncertainty_coeffi: 0.0010, loss: 0.1793, lr: 9.05e-05
     Epoch[4] Iteration[1130/1240], entropy: 0.4090, uncertainty: 3.4769, uncertainty_coeffi: 0.0010, loss: 0.1455, lr: 9.05e-05
     Epoch[4] Iteration[1140/1240], entropy: 0.4944, uncertainty: 2.9576, uncertainty_coeffi: 0.0010, loss: 0.2384, lr: 9.05e-05
     Epoch[4] Iteration[1150/1240], entropy: 0.5867, uncertainty: 3.0949, uncertainty_coeffi: 0.0010, loss: 0.1867, lr: 9.05e-05
     Epoch[4] Iteration[1160/1240], entropy: 0.3779, uncertainty: 3.2031, uncertainty_coeffi: 0.0010, loss: 0.1403, lr: 9.05e-05
     Epoch[4] Iteration[1170/1240], entropy: 0.2651, uncertainty: 4.1749, uncertainty_coeffi: 0.0010, loss: 0.0575, lr: 9.05e-05
     Epoch[4] Iteration[1180/1240], entropy: 0.5950, uncertainty: 2.8524, uncertainty_coeffi: 0.0010, loss: 0.2778, lr: 9.05e-05
     Epoch[4] Iteration[1190/1240], entropy: 0.4057, uncertainty: 4.1000, uncertainty_coeffi: 0.0010, loss: 0.1492, lr: 9.05e-05
     Epoch[4] Iteration[1200/1240], entropy: 0.5637, uncertainty: 3.0997, uncertainty_coeffi: 0.0010, loss: 0.2057, lr: 9.05e-05
     Epoch[4] Iteration[1210/1240], entropy: 0.3546, uncertainty: 3.3944, uncertainty_coeffi: 0.0010, loss: 0.1113, lr: 9.05e-05
     Epoch[4] Iteration[1220/1240], entropy: 0.4031, uncertainty: 2.8900, uncertainty_coeffi: 0.0010, loss: 0.1658, lr: 9.05e-05
     Epoch[4] Iteration[1230/1240], entropy: 0.4807, uncertainty: 3.5099, uncertainty_coeffi: 0.0010, loss: 0.1684, lr: 9.05e-05
     Epoch[4] Iteration[1240/1240], entropy: 0.5740, uncertainty: 4.1280, uncertainty_coeffi: 0.0010, loss: 0.1320, lr: 9.05e-05
     Averaged stats: entropy_avg: 0.4815, uncertainty_avg: 3.2722, uncertainty_coeffi_avg: 0.0010, loss_avg: 0.1778, lr_avg: 6.95e-05
     itm tta time 0:03:25
### TTA Eval Score: 
+-------+--------+--------+--------+--------+-------+
| epoch |   R1   |   R5   |  R10   |  mAP   |  mINP |
+-------+--------+--------+--------+--------+-------+
|  -999 | 60.656 | 77.499 | 83.268 | 35.543 | 6.006 |
|   0   | 61.810 | 77.529 | 83.142 | 36.171 | 6.091 |
|   1   | 61.885 | 77.524 | 83.026 | 36.133 | 6.046 |
|   2   | 61.835 | 77.469 | 82.976 | 36.099 | 6.055 |
|   4   | 61.880 | 77.378 | 82.991 | 36.061 | 5.986 |
+-------+--------+--------+--------+--------+-------+
     logs:  {'epo': 4, 'R1': np.float32(61.88), 'R5': np.float32(77.378), 'R10': np.float32(82.991), 'mAP': np.float32(36.061), 'mINP': np.float32(5.986), 'entropy': 0.4815224517256983, 'uncertainty': 3.272208277256258, 'uncertainty_coeffi': 0.0010000000474974513, 'loss': 0.17781549547949144, 'lr': 6.948310778325987e-05}
     Epoch[5] Iteration[10/1240], entropy: 0.6954, uncertainty: 4.3611, uncertainty_coeffi: 0.0010, loss: 0.2059, lr: 9.05e-05
     Epoch[5] Iteration[20/1240], entropy: 0.5624, uncertainty: 2.7501, uncertainty_coeffi: 0.0010, loss: 0.1896, lr: 9.05e-05
     Epoch[5] Iteration[30/1240], entropy: 0.3755, uncertainty: 3.1387, uncertainty_coeffi: 0.0010, loss: 0.1706, lr: 9.05e-05
     Epoch[5] Iteration[40/1240], entropy: 0.4259, uncertainty: 2.9566, uncertainty_coeffi: 0.0010, loss: 0.1528, lr: 9.05e-05
     Epoch[5] Iteration[50/1240], entropy: 0.5154, uncertainty: 3.4198, uncertainty_coeffi: 0.0010, loss: 0.1622, lr: 9.05e-05
     Epoch[5] Iteration[60/1240], entropy: 0.3406, uncertainty: 3.1129, uncertainty_coeffi: 0.0010, loss: 0.1115, lr: 9.05e-05
     Epoch[5] Iteration[70/1240], entropy: 0.5411, uncertainty: 3.5037, uncertainty_coeffi: 0.0010, loss: 0.1526, lr: 9.05e-05
     Epoch[5] Iteration[80/1240], entropy: 0.4640, uncertainty: 3.9942, uncertainty_coeffi: 0.0010, loss: 0.1042, lr: 9.05e-05
     Epoch[5] Iteration[90/1240], entropy: 0.4542, uncertainty: 3.2369, uncertainty_coeffi: 0.0010, loss: 0.2027, lr: 9.05e-05
     Epoch[5] Iteration[100/1240], entropy: 0.6783, uncertainty: 3.3762, uncertainty_coeffi: 0.0010, loss: 0.2420, lr: 9.05e-05
     Epoch[5] Iteration[110/1240], entropy: 0.5307, uncertainty: 3.6739, uncertainty_coeffi: 0.0010, loss: 0.2235, lr: 9.05e-05
     Epoch[5] Iteration[120/1240], entropy: 0.7753, uncertainty: 3.4057, uncertainty_coeffi: 0.0010, loss: 0.2889, lr: 9.05e-05
     Epoch[5] Iteration[130/1240], entropy: 0.3941, uncertainty: 2.5405, uncertainty_coeffi: 0.0010, loss: 0.2136, lr: 9.05e-05
     Epoch[5] Iteration[140/1240], entropy: 0.5948, uncertainty: 3.5731, uncertainty_coeffi: 0.0010, loss: 0.2463, lr: 9.05e-05
     Epoch[5] Iteration[150/1240], entropy: 0.4983, uncertainty: 3.6043, uncertainty_coeffi: 0.0010, loss: 0.1770, lr: 9.05e-05
     Epoch[5] Iteration[160/1240], entropy: 0.3140, uncertainty: 3.2496, uncertainty_coeffi: 0.0010, loss: 0.0934, lr: 9.05e-05
     Epoch[5] Iteration[170/1240], entropy: 0.3991, uncertainty: 2.8654, uncertainty_coeffi: 0.0010, loss: 0.1895, lr: 9.05e-05
     Epoch[5] Iteration[180/1240], entropy: 0.4632, uncertainty: 2.7987, uncertainty_coeffi: 0.0010, loss: 0.2290, lr: 9.05e-05
     Epoch[5] Iteration[190/1240], entropy: 0.4493, uncertainty: 3.2447, uncertainty_coeffi: 0.0010, loss: 0.1727, lr: 9.05e-05
     Epoch[5] Iteration[200/1240], entropy: 0.4669, uncertainty: 3.5852, uncertainty_coeffi: 0.0010, loss: 0.1488, lr: 9.05e-05
     Epoch[5] Iteration[210/1240], entropy: 0.2924, uncertainty: 3.4339, uncertainty_coeffi: 0.0010, loss: 0.1017, lr: 9.05e-05
     Epoch[5] Iteration[220/1240], entropy: 0.2691, uncertainty: 2.6088, uncertainty_coeffi: 0.0010, loss: 0.1124, lr: 9.05e-05
     Epoch[5] Iteration[230/1240], entropy: 0.3907, uncertainty: 3.3528, uncertainty_coeffi: 0.0010, loss: 0.1460, lr: 9.05e-05
     Epoch[5] Iteration[240/1240], entropy: 0.3390, uncertainty: 3.6615, uncertainty_coeffi: 0.0010, loss: 0.1622, lr: 9.05e-05
     Epoch[5] Iteration[250/1240], entropy: 0.7101, uncertainty: 3.3090, uncertainty_coeffi: 0.0010, loss: 0.2770, lr: 9.05e-05
     Epoch[5] Iteration[260/1240], entropy: 0.5619, uncertainty: 3.1842, uncertainty_coeffi: 0.0010, loss: 0.2298, lr: 9.05e-05
     Epoch[5] Iteration[270/1240], entropy: 0.4603, uncertainty: 2.9312, uncertainty_coeffi: 0.0010, loss: 0.1436, lr: 9.05e-05
     Epoch[5] Iteration[280/1240], entropy: 0.5209, uncertainty: 3.3072, uncertainty_coeffi: 0.0010, loss: 0.2061, lr: 9.05e-05
     Epoch[5] Iteration[290/1240], entropy: 0.5385, uncertainty: 2.8364, uncertainty_coeffi: 0.0010, loss: 0.1946, lr: 9.05e-05
     Epoch[5] Iteration[300/1240], entropy: 0.3529, uncertainty: 2.9776, uncertainty_coeffi: 0.0010, loss: 0.1091, lr: 9.05e-05
     Epoch[5] Iteration[310/1240], entropy: 0.3921, uncertainty: 3.1453, uncertainty_coeffi: 0.0010, loss: 0.1706, lr: 9.05e-05
     Epoch[5] Iteration[320/1240], entropy: 0.4636, uncertainty: 2.5430, uncertainty_coeffi: 0.0010, loss: 0.2354, lr: 9.05e-05
     Epoch[5] Iteration[330/1240], entropy: 0.6135, uncertainty: 3.5375, uncertainty_coeffi: 0.0010, loss: 0.2259, lr: 9.05e-05
     Epoch[5] Iteration[340/1240], entropy: 0.5100, uncertainty: 4.0260, uncertainty_coeffi: 0.0010, loss: 0.1308, lr: 9.05e-05
     Epoch[5] Iteration[350/1240], entropy: 0.5641, uncertainty: 3.1298, uncertainty_coeffi: 0.0010, loss: 0.2105, lr: 9.05e-05
     Epoch[5] Iteration[360/1240], entropy: 0.5527, uncertainty: 3.3039, uncertainty_coeffi: 0.0010, loss: 0.2142, lr: 9.05e-05
     Epoch[5] Iteration[370/1240], entropy: 0.8880, uncertainty: 3.6310, uncertainty_coeffi: 0.0010, loss: 0.3588, lr: 9.05e-05
     Epoch[5] Iteration[380/1240], entropy: 0.8418, uncertainty: 3.6743, uncertainty_coeffi: 0.0010, loss: 0.2810, lr: 9.05e-05
     Epoch[5] Iteration[390/1240], entropy: 0.5963, uncertainty: 2.8073, uncertainty_coeffi: 0.0010, loss: 0.2835, lr: 9.05e-05
     Epoch[5] Iteration[400/1240], entropy: 0.3091, uncertainty: 2.7541, uncertainty_coeffi: 0.0010, loss: 0.1247, lr: 9.05e-05
     Epoch[5] Iteration[410/1240], entropy: 0.6877, uncertainty: 3.7446, uncertainty_coeffi: 0.0010, loss: 0.2738, lr: 9.05e-05
     Epoch[5] Iteration[420/1240], entropy: 0.7178, uncertainty: 3.6531, uncertainty_coeffi: 0.0010, loss: 0.2353, lr: 9.05e-05
     Epoch[5] Iteration[430/1240], entropy: 0.7439, uncertainty: 2.9817, uncertainty_coeffi: 0.0010, loss: 0.3274, lr: 9.05e-05
     Epoch[5] Iteration[440/1240], entropy: 0.3354, uncertainty: 4.2042, uncertainty_coeffi: 0.0010, loss: 0.0747, lr: 9.05e-05
     Epoch[5] Iteration[450/1240], entropy: 0.4492, uncertainty: 2.4440, uncertainty_coeffi: 0.0010, loss: 0.2464, lr: 9.05e-05
     Epoch[5] Iteration[460/1240], entropy: 0.6295, uncertainty: 3.3845, uncertainty_coeffi: 0.0010, loss: 0.2035, lr: 9.05e-05
     Epoch[5] Iteration[470/1240], entropy: 0.4993, uncertainty: 3.5860, uncertainty_coeffi: 0.0010, loss: 0.2168, lr: 9.05e-05
     Epoch[5] Iteration[480/1240], entropy: 0.4649, uncertainty: 3.1260, uncertainty_coeffi: 0.0010, loss: 0.1944, lr: 9.05e-05
     Epoch[5] Iteration[490/1240], entropy: 0.3019, uncertainty: 2.9176, uncertainty_coeffi: 0.0010, loss: 0.1186, lr: 9.05e-05
     Epoch[5] Iteration[500/1240], entropy: 0.4415, uncertainty: 2.6764, uncertainty_coeffi: 0.0010, loss: 0.1898, lr: 9.05e-05
     Epoch[5] Iteration[510/1240], entropy: 0.3606, uncertainty: 3.7441, uncertainty_coeffi: 0.0010, loss: 0.1222, lr: 9.05e-05
     Epoch[5] Iteration[520/1240], entropy: 0.5299, uncertainty: 3.5828, uncertainty_coeffi: 0.0010, loss: 0.1692, lr: 9.05e-05
     Epoch[5] Iteration[530/1240], entropy: 0.5360, uncertainty: 3.1163, uncertainty_coeffi: 0.0010, loss: 0.1500, lr: 9.05e-05
     Epoch[5] Iteration[540/1240], entropy: 0.3513, uncertainty: 2.8993, uncertainty_coeffi: 0.0010, loss: 0.1951, lr: 9.05e-05
     Epoch[5] Iteration[550/1240], entropy: 0.5981, uncertainty: 3.2646, uncertainty_coeffi: 0.0010, loss: 0.2705, lr: 9.05e-05
     Epoch[5] Iteration[560/1240], entropy: 0.4587, uncertainty: 2.6554, uncertainty_coeffi: 0.0010, loss: 0.1869, lr: 9.05e-05
     Epoch[5] Iteration[570/1240], entropy: 0.3607, uncertainty: 3.6805, uncertainty_coeffi: 0.0010, loss: 0.1614, lr: 9.05e-05
     Epoch[5] Iteration[580/1240], entropy: 0.5044, uncertainty: 4.1324, uncertainty_coeffi: 0.0010, loss: 0.1302, lr: 9.05e-05
     Epoch[5] Iteration[590/1240], entropy: 0.4857, uncertainty: 4.9253, uncertainty_coeffi: 0.0010, loss: 0.1222, lr: 9.05e-05
     Epoch[5] Iteration[600/1240], entropy: 0.4923, uncertainty: 3.6252, uncertainty_coeffi: 0.0010, loss: 0.1886, lr: 9.05e-05
     Epoch[5] Iteration[610/1240], entropy: 0.5762, uncertainty: 3.2042, uncertainty_coeffi: 0.0010, loss: 0.2338, lr: 9.05e-05
     Epoch[5] Iteration[620/1240], entropy: 0.3311, uncertainty: 2.8254, uncertainty_coeffi: 0.0010, loss: 0.1335, lr: 9.05e-05
     Epoch[5] Iteration[630/1240], entropy: 0.5602, uncertainty: 3.9398, uncertainty_coeffi: 0.0010, loss: 0.1929, lr: 9.05e-05
     Epoch[5] Iteration[640/1240], entropy: 0.5599, uncertainty: 3.8022, uncertainty_coeffi: 0.0010, loss: 0.1834, lr: 9.05e-05
     Epoch[5] Iteration[650/1240], entropy: 0.4367, uncertainty: 2.4593, uncertainty_coeffi: 0.0010, loss: 0.2380, lr: 9.05e-05
     Epoch[5] Iteration[660/1240], entropy: 0.3444, uncertainty: 3.2379, uncertainty_coeffi: 0.0010, loss: 0.1704, lr: 9.05e-05
     Epoch[5] Iteration[670/1240], entropy: 0.5881, uncertainty: 4.0238, uncertainty_coeffi: 0.0010, loss: 0.1774, lr: 9.05e-05
     Epoch[5] Iteration[680/1240], entropy: 0.5596, uncertainty: 3.5442, uncertainty_coeffi: 0.0010, loss: 0.1994, lr: 9.05e-05
     Epoch[5] Iteration[690/1240], entropy: 0.4070, uncertainty: 2.2093, uncertainty_coeffi: 0.0010, loss: 0.2038, lr: 9.05e-05
     Epoch[5] Iteration[700/1240], entropy: 0.5742, uncertainty: 3.9898, uncertainty_coeffi: 0.0010, loss: 0.1587, lr: 9.05e-05
     Epoch[5] Iteration[710/1240], entropy: 0.7761, uncertainty: 3.1455, uncertainty_coeffi: 0.0010, loss: 0.3355, lr: 9.05e-05
     Epoch[5] Iteration[720/1240], entropy: 0.6113, uncertainty: 2.4995, uncertainty_coeffi: 0.0010, loss: 0.2906, lr: 9.05e-05
     Epoch[5] Iteration[730/1240], entropy: 0.4163, uncertainty: 2.7950, uncertainty_coeffi: 0.0010, loss: 0.2180, lr: 9.05e-05
     Epoch[5] Iteration[740/1240], entropy: 0.4851, uncertainty: 3.7193, uncertainty_coeffi: 0.0010, loss: 0.1224, lr: 9.05e-05
     Epoch[5] Iteration[750/1240], entropy: 0.4381, uncertainty: 2.1150, uncertainty_coeffi: 0.0010, loss: 0.2068, lr: 9.05e-05
     Epoch[5] Iteration[760/1240], entropy: 0.5397, uncertainty: 3.1946, uncertainty_coeffi: 0.0010, loss: 0.2554, lr: 9.05e-05
     Epoch[5] Iteration[770/1240], entropy: 0.4351, uncertainty: 3.1818, uncertainty_coeffi: 0.0010, loss: 0.1583, lr: 9.05e-05
     Epoch[5] Iteration[780/1240], entropy: 0.4844, uncertainty: 3.1428, uncertainty_coeffi: 0.0010, loss: 0.1840, lr: 9.05e-05
     Epoch[5] Iteration[790/1240], entropy: 0.4232, uncertainty: 2.6956, uncertainty_coeffi: 0.0010, loss: 0.1732, lr: 9.05e-05
     Epoch[5] Iteration[800/1240], entropy: 0.2619, uncertainty: 3.8410, uncertainty_coeffi: 0.0010, loss: 0.1137, lr: 9.05e-05
     Epoch[5] Iteration[810/1240], entropy: 0.5290, uncertainty: 3.1579, uncertainty_coeffi: 0.0010, loss: 0.2136, lr: 9.05e-05
     Epoch[5] Iteration[820/1240], entropy: 0.5850, uncertainty: 3.7500, uncertainty_coeffi: 0.0010, loss: 0.1837, lr: 9.05e-05
     Epoch[5] Iteration[830/1240], entropy: 0.5305, uncertainty: 3.7686, uncertainty_coeffi: 0.0010, loss: 0.1355, lr: 9.05e-05
     Epoch[5] Iteration[840/1240], entropy: 0.3194, uncertainty: 3.0521, uncertainty_coeffi: 0.0010, loss: 0.1081, lr: 9.05e-05
     Epoch[5] Iteration[850/1240], entropy: 0.7859, uncertainty: 3.4123, uncertainty_coeffi: 0.0010, loss: 0.2862, lr: 9.05e-05
     Epoch[5] Iteration[860/1240], entropy: 0.4884, uncertainty: 3.2049, uncertainty_coeffi: 0.0010, loss: 0.2025, lr: 9.05e-05
     Epoch[5] Iteration[870/1240], entropy: 0.5038, uncertainty: 2.9221, uncertainty_coeffi: 0.0010, loss: 0.2077, lr: 9.05e-05
     Epoch[5] Iteration[880/1240], entropy: 0.5131, uncertainty: 3.4211, uncertainty_coeffi: 0.0010, loss: 0.2024, lr: 9.05e-05
     Epoch[5] Iteration[890/1240], entropy: 0.4980, uncertainty: 3.2601, uncertainty_coeffi: 0.0010, loss: 0.1526, lr: 9.05e-05
     Epoch[5] Iteration[900/1240], entropy: 0.6438, uncertainty: 2.7407, uncertainty_coeffi: 0.0010, loss: 0.2949, lr: 9.05e-05
     Epoch[5] Iteration[910/1240], entropy: 0.3514, uncertainty: 3.0330, uncertainty_coeffi: 0.0010, loss: 0.1602, lr: 9.05e-05
     Epoch[5] Iteration[920/1240], entropy: 0.7793, uncertainty: 3.2333, uncertainty_coeffi: 0.0010, loss: 0.2531, lr: 9.05e-05
     Epoch[5] Iteration[930/1240], entropy: 0.4617, uncertainty: 3.8593, uncertainty_coeffi: 0.0010, loss: 0.1214, lr: 9.05e-05
     Epoch[5] Iteration[940/1240], entropy: 0.4587, uncertainty: 2.7168, uncertainty_coeffi: 0.0010, loss: 0.1620, lr: 9.05e-05
     Epoch[5] Iteration[950/1240], entropy: 0.5115, uncertainty: 3.3333, uncertainty_coeffi: 0.0010, loss: 0.2158, lr: 9.05e-05
     Epoch[5] Iteration[960/1240], entropy: 0.4185, uncertainty: 3.2808, uncertainty_coeffi: 0.0010, loss: 0.1459, lr: 9.05e-05
     Epoch[5] Iteration[970/1240], entropy: 0.5160, uncertainty: 2.8717, uncertainty_coeffi: 0.0010, loss: 0.1811, lr: 9.05e-05
     Epoch[5] Iteration[980/1240], entropy: 0.5428, uncertainty: 3.6454, uncertainty_coeffi: 0.0010, loss: 0.1858, lr: 9.05e-05
     Epoch[5] Iteration[990/1240], entropy: 0.4479, uncertainty: 2.8698, uncertainty_coeffi: 0.0010, loss: 0.1602, lr: 9.05e-05
     Epoch[5] Iteration[1000/1240], entropy: 0.3517, uncertainty: 3.1887, uncertainty_coeffi: 0.0010, loss: 0.1333, lr: 9.05e-05
     Epoch[5] Iteration[1010/1240], entropy: 0.4170, uncertainty: 2.7294, uncertainty_coeffi: 0.0010, loss: 0.2322, lr: 9.05e-05
     Epoch[5] Iteration[1020/1240], entropy: 0.3949, uncertainty: 2.9804, uncertainty_coeffi: 0.0010, loss: 0.1852, lr: 9.05e-05
     Epoch[5] Iteration[1030/1240], entropy: 0.5654, uncertainty: 2.7235, uncertainty_coeffi: 0.0010, loss: 0.2710, lr: 9.05e-05
     Epoch[5] Iteration[1040/1240], entropy: 0.5190, uncertainty: 3.8472, uncertainty_coeffi: 0.0010, loss: 0.1364, lr: 9.05e-05
     Epoch[5] Iteration[1050/1240], entropy: 0.5187, uncertainty: 3.8220, uncertainty_coeffi: 0.0010, loss: 0.1382, lr: 9.05e-05
     Epoch[5] Iteration[1060/1240], entropy: 0.5473, uncertainty: 3.0657, uncertainty_coeffi: 0.0010, loss: 0.1713, lr: 9.05e-05
     Epoch[5] Iteration[1070/1240], entropy: 0.2911, uncertainty: 3.2068, uncertainty_coeffi: 0.0010, loss: 0.1185, lr: 9.05e-05
     Epoch[5] Iteration[1080/1240], entropy: 0.7503, uncertainty: 4.5516, uncertainty_coeffi: 0.0010, loss: 0.2320, lr: 9.05e-05
     Epoch[5] Iteration[1090/1240], entropy: 0.6445, uncertainty: 3.0120, uncertainty_coeffi: 0.0010, loss: 0.2117, lr: 9.05e-05
     Epoch[5] Iteration[1100/1240], entropy: 0.3426, uncertainty: 3.3663, uncertainty_coeffi: 0.0010, loss: 0.1628, lr: 9.05e-05
     Epoch[5] Iteration[1110/1240], entropy: 0.5093, uncertainty: 3.0249, uncertainty_coeffi: 0.0010, loss: 0.2356, lr: 9.05e-05
     Epoch[5] Iteration[1120/1240], entropy: 0.4675, uncertainty: 3.9910, uncertainty_coeffi: 0.0010, loss: 0.1575, lr: 9.05e-05
     Epoch[5] Iteration[1130/1240], entropy: 0.5722, uncertainty: 2.7968, uncertainty_coeffi: 0.0010, loss: 0.2487, lr: 9.05e-05
     Epoch[5] Iteration[1140/1240], entropy: 0.6058, uncertainty: 3.8875, uncertainty_coeffi: 0.0010, loss: 0.1891, lr: 9.05e-05
     Epoch[5] Iteration[1150/1240], entropy: 0.4930, uncertainty: 3.4409, uncertainty_coeffi: 0.0010, loss: 0.1469, lr: 9.05e-05
     Epoch[5] Iteration[1160/1240], entropy: 0.3600, uncertainty: 2.7590, uncertainty_coeffi: 0.0010, loss: 0.1621, lr: 9.05e-05
     Epoch[5] Iteration[1170/1240], entropy: 0.5082, uncertainty: 3.5751, uncertainty_coeffi: 0.0010, loss: 0.1996, lr: 9.05e-05
     Epoch[5] Iteration[1180/1240], entropy: 0.5005, uncertainty: 4.4196, uncertainty_coeffi: 0.0010, loss: 0.1336, lr: 9.05e-05
     Epoch[5] Iteration[1190/1240], entropy: 0.4964, uncertainty: 2.9161, uncertainty_coeffi: 0.0010, loss: 0.1664, lr: 9.05e-05
     Epoch[5] Iteration[1200/1240], entropy: 0.4442, uncertainty: 3.3241, uncertainty_coeffi: 0.0010, loss: 0.1566, lr: 9.05e-05
     Epoch[5] Iteration[1210/1240], entropy: 0.3810, uncertainty: 3.4899, uncertainty_coeffi: 0.0010, loss: 0.1177, lr: 9.05e-05
     Epoch[5] Iteration[1220/1240], entropy: 0.4754, uncertainty: 3.4405, uncertainty_coeffi: 0.0010, loss: 0.2082, lr: 9.05e-05
     Epoch[5] Iteration[1230/1240], entropy: 0.6740, uncertainty: 3.3288, uncertainty_coeffi: 0.0010, loss: 0.2281, lr: 9.05e-05
     Epoch[5] Iteration[1240/1240], entropy: 0.4609, uncertainty: 2.7961, uncertainty_coeffi: 0.0010, loss: 0.2340, lr: 9.05e-05
     Averaged stats: entropy_avg: 0.5003, uncertainty_avg: 3.2877, uncertainty_coeffi_avg: 0.0010, loss_avg: 0.1893, lr_avg: 9.05e-05
     itm tta time 0:03:23
     Epoch[6] Iteration[10/1240], entropy: 0.4727, uncertainty: 2.5157, uncertainty_coeffi: 0.0010, loss: 0.2221, lr: 9.05e-05
     Epoch[6] Iteration[20/1240], entropy: 0.7792, uncertainty: 3.6864, uncertainty_coeffi: 0.0010, loss: 0.2506, lr: 9.05e-05
     Epoch[6] Iteration[30/1240], entropy: 0.3878, uncertainty: 3.0905, uncertainty_coeffi: 0.0010, loss: 0.1241, lr: 9.05e-05
     Epoch[6] Iteration[40/1240], entropy: 0.6971, uncertainty: 2.6993, uncertainty_coeffi: 0.0010, loss: 0.3203, lr: 9.05e-05
     Epoch[6] Iteration[50/1240], entropy: 0.4719, uncertainty: 2.3481, uncertainty_coeffi: 0.0010, loss: 0.2903, lr: 9.05e-05
     Epoch[6] Iteration[60/1240], entropy: 0.3915, uncertainty: 3.0962, uncertainty_coeffi: 0.0010, loss: 0.1559, lr: 9.05e-05
     Epoch[6] Iteration[70/1240], entropy: 0.4124, uncertainty: 3.0814, uncertainty_coeffi: 0.0010, loss: 0.1486, lr: 9.05e-05
     Epoch[6] Iteration[80/1240], entropy: 0.6477, uncertainty: 3.4134, uncertainty_coeffi: 0.0010, loss: 0.2084, lr: 9.05e-05
     Epoch[6] Iteration[90/1240], entropy: 0.4934, uncertainty: 2.8728, uncertainty_coeffi: 0.0010, loss: 0.2155, lr: 9.05e-05
     Epoch[6] Iteration[100/1240], entropy: 0.4465, uncertainty: 2.7606, uncertainty_coeffi: 0.0010, loss: 0.2056, lr: 9.05e-05
     Epoch[6] Iteration[110/1240], entropy: 0.4481, uncertainty: 3.2009, uncertainty_coeffi: 0.0010, loss: 0.2060, lr: 9.05e-05
     Epoch[6] Iteration[120/1240], entropy: 0.7265, uncertainty: 3.0917, uncertainty_coeffi: 0.0010, loss: 0.3059, lr: 9.05e-05
     Epoch[6] Iteration[130/1240], entropy: 0.5215, uncertainty: 4.1877, uncertainty_coeffi: 0.0010, loss: 0.1514, lr: 9.05e-05
     Epoch[6] Iteration[140/1240], entropy: 0.2966, uncertainty: 3.4946, uncertainty_coeffi: 0.0010, loss: 0.0784, lr: 9.05e-05
     Epoch[6] Iteration[150/1240], entropy: 0.7897, uncertainty: 4.1628, uncertainty_coeffi: 0.0010, loss: 0.1964, lr: 9.05e-05
     Epoch[6] Iteration[160/1240], entropy: 0.3264, uncertainty: 2.4434, uncertainty_coeffi: 0.0010, loss: 0.1512, lr: 9.05e-05
     Epoch[6] Iteration[170/1240], entropy: 0.3806, uncertainty: 3.1275, uncertainty_coeffi: 0.0010, loss: 0.1524, lr: 9.05e-05
     Epoch[6] Iteration[180/1240], entropy: 0.4380, uncertainty: 3.3404, uncertainty_coeffi: 0.0010, loss: 0.1795, lr: 9.05e-05
     Epoch[6] Iteration[190/1240], entropy: 0.4811, uncertainty: 3.3532, uncertainty_coeffi: 0.0010, loss: 0.1378, lr: 9.05e-05
     Epoch[6] Iteration[200/1240], entropy: 0.5622, uncertainty: 4.1252, uncertainty_coeffi: 0.0010, loss: 0.1574, lr: 9.05e-05
     Epoch[6] Iteration[210/1240], entropy: 0.4609, uncertainty: 4.4792, uncertainty_coeffi: 0.0010, loss: 0.1051, lr: 9.05e-05
     Epoch[6] Iteration[220/1240], entropy: 0.7520, uncertainty: 3.5950, uncertainty_coeffi: 0.0010, loss: 0.2067, lr: 9.05e-05
     Epoch[6] Iteration[230/1240], entropy: 0.2123, uncertainty: 2.1208, uncertainty_coeffi: 0.0010, loss: 0.0946, lr: 9.05e-05
     Epoch[6] Iteration[240/1240], entropy: 0.4312, uncertainty: 2.9685, uncertainty_coeffi: 0.0010, loss: 0.1580, lr: 9.05e-05
     Epoch[6] Iteration[250/1240], entropy: 0.5282, uncertainty: 2.7009, uncertainty_coeffi: 0.0010, loss: 0.2465, lr: 9.05e-05
     Epoch[6] Iteration[260/1240], entropy: 0.6399, uncertainty: 2.7030, uncertainty_coeffi: 0.0010, loss: 0.3238, lr: 9.05e-05
     Epoch[6] Iteration[270/1240], entropy: 0.4802, uncertainty: 3.5429, uncertainty_coeffi: 0.0010, loss: 0.1365, lr: 9.05e-05
     Epoch[6] Iteration[280/1240], entropy: 0.4944, uncertainty: 3.0712, uncertainty_coeffi: 0.0010, loss: 0.1624, lr: 9.05e-05
     Epoch[6] Iteration[290/1240], entropy: 0.5240, uncertainty: 3.6633, uncertainty_coeffi: 0.0010, loss: 0.1426, lr: 9.05e-05
     Epoch[6] Iteration[300/1240], entropy: 0.4554, uncertainty: 3.1460, uncertainty_coeffi: 0.0010, loss: 0.1808, lr: 9.05e-05
     Epoch[6] Iteration[310/1240], entropy: 0.4277, uncertainty: 2.0910, uncertainty_coeffi: 0.0010, loss: 0.2141, lr: 9.05e-05
     Epoch[6] Iteration[320/1240], entropy: 0.7060, uncertainty: 4.1506, uncertainty_coeffi: 0.0010, loss: 0.1629, lr: 9.05e-05
     Epoch[6] Iteration[330/1240], entropy: 0.5557, uncertainty: 3.5988, uncertainty_coeffi: 0.0010, loss: 0.2308, lr: 9.05e-05
     Epoch[6] Iteration[340/1240], entropy: 0.4855, uncertainty: 3.1158, uncertainty_coeffi: 0.0010, loss: 0.1776, lr: 9.05e-05
     Epoch[6] Iteration[350/1240], entropy: 0.3395, uncertainty: 4.0152, uncertainty_coeffi: 0.0010, loss: 0.1291, lr: 9.05e-05
     Epoch[6] Iteration[360/1240], entropy: 0.4119, uncertainty: 3.1700, uncertainty_coeffi: 0.0010, loss: 0.1710, lr: 9.05e-05
     Epoch[6] Iteration[370/1240], entropy: 0.3721, uncertainty: 3.4455, uncertainty_coeffi: 0.0010, loss: 0.1111, lr: 9.05e-05
     Epoch[6] Iteration[380/1240], entropy: 0.4763, uncertainty: 3.4878, uncertainty_coeffi: 0.0010, loss: 0.1935, lr: 9.05e-05
     Epoch[6] Iteration[390/1240], entropy: 0.5160, uncertainty: 3.6431, uncertainty_coeffi: 0.0010, loss: 0.1676, lr: 9.05e-05
     Epoch[6] Iteration[400/1240], entropy: 0.4827, uncertainty: 2.8445, uncertainty_coeffi: 0.0010, loss: 0.1868, lr: 9.05e-05
     Epoch[6] Iteration[410/1240], entropy: 0.4628, uncertainty: 2.9073, uncertainty_coeffi: 0.0010, loss: 0.1987, lr: 9.05e-05
     Epoch[6] Iteration[420/1240], entropy: 0.4247, uncertainty: 2.2094, uncertainty_coeffi: 0.0010, loss: 0.2287, lr: 9.05e-05
     Epoch[6] Iteration[430/1240], entropy: 0.4980, uncertainty: 2.9586, uncertainty_coeffi: 0.0010, loss: 0.1976, lr: 9.05e-05
     Epoch[6] Iteration[440/1240], entropy: 0.7419, uncertainty: 4.4795, uncertainty_coeffi: 0.0010, loss: 0.1796, lr: 9.05e-05
     Epoch[6] Iteration[450/1240], entropy: 0.5237, uncertainty: 3.8655, uncertainty_coeffi: 0.0010, loss: 0.1458, lr: 9.05e-05
     Epoch[6] Iteration[460/1240], entropy: 0.4773, uncertainty: 3.1558, uncertainty_coeffi: 0.0010, loss: 0.1607, lr: 9.05e-05
     Epoch[6] Iteration[470/1240], entropy: 0.5349, uncertainty: 3.6424, uncertainty_coeffi: 0.0010, loss: 0.1687, lr: 9.05e-05
     Epoch[6] Iteration[480/1240], entropy: 0.3780, uncertainty: 3.9104, uncertainty_coeffi: 0.0010, loss: 0.1311, lr: 9.05e-05
     Epoch[6] Iteration[490/1240], entropy: 0.4280, uncertainty: 3.2490, uncertainty_coeffi: 0.0010, loss: 0.1635, lr: 9.05e-05
     Epoch[6] Iteration[500/1240], entropy: 0.4536, uncertainty: 3.7482, uncertainty_coeffi: 0.0010, loss: 0.1245, lr: 9.05e-05
     Epoch[6] Iteration[510/1240], entropy: 0.4357, uncertainty: 3.8895, uncertainty_coeffi: 0.0010, loss: 0.1377, lr: 9.05e-05
     Epoch[6] Iteration[520/1240], entropy: 0.5376, uncertainty: 3.5744, uncertainty_coeffi: 0.0010, loss: 0.1547, lr: 9.05e-05
     Epoch[6] Iteration[530/1240], entropy: 0.4205, uncertainty: 2.9746, uncertainty_coeffi: 0.0010, loss: 0.2493, lr: 9.05e-05
     Epoch[6] Iteration[540/1240], entropy: 0.4213, uncertainty: 2.3479, uncertainty_coeffi: 0.0010, loss: 0.1921, lr: 9.05e-05
     Epoch[6] Iteration[550/1240], entropy: 0.7143, uncertainty: 2.8787, uncertainty_coeffi: 0.0010, loss: 0.2956, lr: 9.05e-05
     Epoch[6] Iteration[560/1240], entropy: 0.6249, uncertainty: 2.9688, uncertainty_coeffi: 0.0010, loss: 0.2561, lr: 9.05e-05
     Epoch[6] Iteration[570/1240], entropy: 0.4863, uncertainty: 4.0284, uncertainty_coeffi: 0.0010, loss: 0.1488, lr: 9.05e-05
     Epoch[6] Iteration[580/1240], entropy: 0.4081, uncertainty: 2.5467, uncertainty_coeffi: 0.0010, loss: 0.2532, lr: 1.00e-04
     Epoch[6] Iteration[590/1240], entropy: 0.4645, uncertainty: 2.5391, uncertainty_coeffi: 0.0010, loss: 0.1985, lr: 1.00e-04
     Epoch[6] Iteration[600/1240], entropy: 0.4654, uncertainty: 3.1815, uncertainty_coeffi: 0.0010, loss: 0.1648, lr: 1.00e-04
     Epoch[6] Iteration[610/1240], entropy: 0.5868, uncertainty: 3.7244, uncertainty_coeffi: 0.0010, loss: 0.1879, lr: 1.00e-04
     Epoch[6] Iteration[620/1240], entropy: 0.5277, uncertainty: 2.5477, uncertainty_coeffi: 0.0010, loss: 0.2498, lr: 1.00e-04
     Epoch[6] Iteration[630/1240], entropy: 0.4334, uncertainty: 3.0574, uncertainty_coeffi: 0.0010, loss: 0.1431, lr: 1.00e-04
     Epoch[6] Iteration[640/1240], entropy: 0.3138, uncertainty: 2.8876, uncertainty_coeffi: 0.0010, loss: 0.1087, lr: 1.00e-04
     Epoch[6] Iteration[650/1240], entropy: 0.3038, uncertainty: 2.5766, uncertainty_coeffi: 0.0010, loss: 0.1350, lr: 1.00e-04
     Epoch[6] Iteration[660/1240], entropy: 0.4341, uncertainty: 3.5946, uncertainty_coeffi: 0.0010, loss: 0.1527, lr: 1.00e-04
     Epoch[6] Iteration[670/1240], entropy: 0.3697, uncertainty: 3.1303, uncertainty_coeffi: 0.0010, loss: 0.1386, lr: 1.00e-04
     Epoch[6] Iteration[680/1240], entropy: 0.4699, uncertainty: 2.5128, uncertainty_coeffi: 0.0010, loss: 0.2044, lr: 1.00e-04
     Epoch[6] Iteration[690/1240], entropy: 0.3139, uncertainty: 3.4562, uncertainty_coeffi: 0.0010, loss: 0.0812, lr: 1.00e-04
     Epoch[6] Iteration[700/1240], entropy: 0.4396, uncertainty: 2.3428, uncertainty_coeffi: 0.0010, loss: 0.1674, lr: 1.00e-04
     Epoch[6] Iteration[710/1240], entropy: 0.5531, uncertainty: 3.2548, uncertainty_coeffi: 0.0010, loss: 0.1986, lr: 1.00e-04
     Epoch[6] Iteration[720/1240], entropy: 0.4638, uncertainty: 3.7150, uncertainty_coeffi: 0.0010, loss: 0.1379, lr: 1.00e-04
     Epoch[6] Iteration[730/1240], entropy: 0.5017, uncertainty: 3.0699, uncertainty_coeffi: 0.0010, loss: 0.2445, lr: 1.00e-04
     Epoch[6] Iteration[740/1240], entropy: 0.6320, uncertainty: 2.8159, uncertainty_coeffi: 0.0010, loss: 0.3393, lr: 1.00e-04
     Epoch[6] Iteration[750/1240], entropy: 0.5566, uncertainty: 4.3976, uncertainty_coeffi: 0.0010, loss: 0.1320, lr: 1.00e-04
     Epoch[6] Iteration[760/1240], entropy: 0.3068, uncertainty: 3.4003, uncertainty_coeffi: 0.0010, loss: 0.1166, lr: 1.00e-04
     Epoch[6] Iteration[770/1240], entropy: 0.4856, uncertainty: 3.2690, uncertainty_coeffi: 0.0010, loss: 0.1669, lr: 1.00e-04
     Epoch[6] Iteration[780/1240], entropy: 0.7062, uncertainty: 2.8876, uncertainty_coeffi: 0.0010, loss: 0.2714, lr: 1.00e-04
     Epoch[6] Iteration[790/1240], entropy: 0.3111, uncertainty: 2.5716, uncertainty_coeffi: 0.0010, loss: 0.1084, lr: 1.00e-04
     Epoch[6] Iteration[800/1240], entropy: 0.3573, uncertainty: 3.2112, uncertainty_coeffi: 0.0010, loss: 0.1083, lr: 1.00e-04
     Epoch[6] Iteration[810/1240], entropy: 0.3646, uncertainty: 2.2218, uncertainty_coeffi: 0.0010, loss: 0.2022, lr: 1.00e-04
     Epoch[6] Iteration[820/1240], entropy: 0.4751, uncertainty: 3.2892, uncertainty_coeffi: 0.0010, loss: 0.2312, lr: 1.00e-04
     Epoch[6] Iteration[830/1240], entropy: 0.3308, uncertainty: 2.8774, uncertainty_coeffi: 0.0010, loss: 0.1239, lr: 1.00e-04
     Epoch[6] Iteration[840/1240], entropy: 0.5328, uncertainty: 3.0661, uncertainty_coeffi: 0.0010, loss: 0.2382, lr: 1.00e-04
     Epoch[6] Iteration[850/1240], entropy: 0.3945, uncertainty: 3.5149, uncertainty_coeffi: 0.0010, loss: 0.1208, lr: 1.00e-04
     Epoch[6] Iteration[860/1240], entropy: 0.5806, uncertainty: 3.4463, uncertainty_coeffi: 0.0010, loss: 0.1714, lr: 1.00e-04
     Epoch[6] Iteration[870/1240], entropy: 0.5131, uncertainty: 3.3433, uncertainty_coeffi: 0.0010, loss: 0.1488, lr: 1.00e-04
     Epoch[6] Iteration[880/1240], entropy: 0.7629, uncertainty: 3.3030, uncertainty_coeffi: 0.0010, loss: 0.2766, lr: 1.00e-04
     Epoch[6] Iteration[890/1240], entropy: 0.4646, uncertainty: 2.8242, uncertainty_coeffi: 0.0010, loss: 0.1494, lr: 1.00e-04
     Epoch[6] Iteration[900/1240], entropy: 0.4000, uncertainty: 2.6919, uncertainty_coeffi: 0.0010, loss: 0.1573, lr: 1.00e-04
     Epoch[6] Iteration[910/1240], entropy: 0.2873, uncertainty: 2.8403, uncertainty_coeffi: 0.0010, loss: 0.0752, lr: 1.00e-04
     Epoch[6] Iteration[920/1240], entropy: 0.2651, uncertainty: 2.9687, uncertainty_coeffi: 0.0010, loss: 0.1381, lr: 1.00e-04
     Epoch[6] Iteration[930/1240], entropy: 0.4002, uncertainty: 3.7107, uncertainty_coeffi: 0.0010, loss: 0.1398, lr: 1.00e-04
     Epoch[6] Iteration[940/1240], entropy: 0.6235, uncertainty: 4.0473, uncertainty_coeffi: 0.0010, loss: 0.2379, lr: 1.00e-04
     Epoch[6] Iteration[950/1240], entropy: 0.7966, uncertainty: 4.1265, uncertainty_coeffi: 0.0010, loss: 0.2635, lr: 1.00e-04
     Epoch[6] Iteration[960/1240], entropy: 0.4751, uncertainty: 3.0920, uncertainty_coeffi: 0.0010, loss: 0.1728, lr: 1.00e-04
     Epoch[6] Iteration[970/1240], entropy: 0.3850, uncertainty: 2.3983, uncertainty_coeffi: 0.0010, loss: 0.2060, lr: 1.00e-04
     Epoch[6] Iteration[980/1240], entropy: 0.4265, uncertainty: 3.1867, uncertainty_coeffi: 0.0010, loss: 0.1596, lr: 1.00e-04
     Epoch[6] Iteration[990/1240], entropy: 0.4101, uncertainty: 2.8805, uncertainty_coeffi: 0.0010, loss: 0.2153, lr: 1.00e-04
     Epoch[6] Iteration[1000/1240], entropy: 0.5824, uncertainty: 3.1111, uncertainty_coeffi: 0.0010, loss: 0.2181, lr: 1.00e-04
     Epoch[6] Iteration[1010/1240], entropy: 0.4878, uncertainty: 3.4949, uncertainty_coeffi: 0.0010, loss: 0.1436, lr: 1.00e-04
     Epoch[6] Iteration[1020/1240], entropy: 0.3902, uncertainty: 2.6877, uncertainty_coeffi: 0.0010, loss: 0.1390, lr: 1.00e-04
     Epoch[6] Iteration[1030/1240], entropy: 0.4042, uncertainty: 3.4960, uncertainty_coeffi: 0.0010, loss: 0.1521, lr: 1.00e-04
     Epoch[6] Iteration[1040/1240], entropy: 0.4952, uncertainty: 3.5374, uncertainty_coeffi: 0.0010, loss: 0.1356, lr: 1.00e-04
     Epoch[6] Iteration[1050/1240], entropy: 0.4715, uncertainty: 2.9307, uncertainty_coeffi: 0.0010, loss: 0.2314, lr: 1.00e-04
     Epoch[6] Iteration[1060/1240], entropy: 0.3777, uncertainty: 3.0403, uncertainty_coeffi: 0.0010, loss: 0.1413, lr: 1.00e-04
     Epoch[6] Iteration[1070/1240], entropy: 0.2950, uncertainty: 2.9053, uncertainty_coeffi: 0.0010, loss: 0.1540, lr: 1.00e-04
     Epoch[6] Iteration[1080/1240], entropy: 0.3770, uncertainty: 4.1275, uncertainty_coeffi: 0.0010, loss: 0.1338, lr: 1.00e-04
     Epoch[6] Iteration[1090/1240], entropy: 0.4619, uncertainty: 3.1300, uncertainty_coeffi: 0.0010, loss: 0.2016, lr: 1.00e-04
     Epoch[6] Iteration[1100/1240], entropy: 0.5751, uncertainty: 3.6469, uncertainty_coeffi: 0.0010, loss: 0.2077, lr: 1.00e-04
     Epoch[6] Iteration[1110/1240], entropy: 0.3728, uncertainty: 3.5207, uncertainty_coeffi: 0.0010, loss: 0.1380, lr: 1.00e-04
     Epoch[6] Iteration[1120/1240], entropy: 0.7475, uncertainty: 3.5103, uncertainty_coeffi: 0.0010, loss: 0.2165, lr: 1.00e-04
     Epoch[6] Iteration[1130/1240], entropy: 0.3505, uncertainty: 2.7473, uncertainty_coeffi: 0.0010, loss: 0.1526, lr: 1.00e-04
     Epoch[6] Iteration[1140/1240], entropy: 0.5543, uncertainty: 3.3922, uncertainty_coeffi: 0.0010, loss: 0.1717, lr: 1.00e-04
     Epoch[6] Iteration[1150/1240], entropy: 0.2122, uncertainty: 3.0263, uncertainty_coeffi: 0.0010, loss: 0.1054, lr: 1.00e-04
     Epoch[6] Iteration[1160/1240], entropy: 0.3766, uncertainty: 3.3013, uncertainty_coeffi: 0.0010, loss: 0.1148, lr: 1.00e-04
     Epoch[6] Iteration[1170/1240], entropy: 0.5285, uncertainty: 3.1671, uncertainty_coeffi: 0.0010, loss: 0.1640, lr: 1.00e-04
     Epoch[6] Iteration[1180/1240], entropy: 0.5502, uncertainty: 3.9138, uncertainty_coeffi: 0.0010, loss: 0.1996, lr: 1.00e-04
     Epoch[6] Iteration[1190/1240], entropy: 0.4684, uncertainty: 4.1720, uncertainty_coeffi: 0.0010, loss: 0.1639, lr: 1.00e-04
     Epoch[6] Iteration[1200/1240], entropy: 0.4210, uncertainty: 3.2552, uncertainty_coeffi: 0.0010, loss: 0.1513, lr: 1.00e-04
     Epoch[6] Iteration[1210/1240], entropy: 0.1737, uncertainty: 3.2849, uncertainty_coeffi: 0.0010, loss: 0.0824, lr: 1.00e-04
     Epoch[6] Iteration[1220/1240], entropy: 0.3805, uncertainty: 2.8686, uncertainty_coeffi: 0.0010, loss: 0.2249, lr: 1.00e-04
     Epoch[6] Iteration[1230/1240], entropy: 0.3796, uncertainty: 2.6968, uncertainty_coeffi: 0.0010, loss: 0.2288, lr: 1.00e-04
     Epoch[6] Iteration[1240/1240], entropy: 0.6744, uncertainty: 3.0395, uncertainty_coeffi: 0.0010, loss: 0.2457, lr: 1.00e-04
     Averaged stats: entropy_avg: 0.4749, uncertainty_avg: 3.2174, uncertainty_coeffi_avg: 0.0010, loss_avg: 0.1786, lr_avg: 9.56e-05
     itm tta time 0:03:23
     Epoch[7] Iteration[10/1240], entropy: 0.5389, uncertainty: 2.7123, uncertainty_coeffi: 0.0010, loss: 0.2504, lr: 1.00e-04
     Epoch[7] Iteration[20/1240], entropy: 0.3530, uncertainty: 3.1671, uncertainty_coeffi: 0.0010, loss: 0.1795, lr: 1.00e-04
     Epoch[7] Iteration[30/1240], entropy: 0.4385, uncertainty: 2.8491, uncertainty_coeffi: 0.0010, loss: 0.1708, lr: 1.00e-04
     Epoch[7] Iteration[40/1240], entropy: 0.5028, uncertainty: 3.2208, uncertainty_coeffi: 0.0010, loss: 0.1848, lr: 1.00e-04
     Epoch[7] Iteration[50/1240], entropy: 0.2938, uncertainty: 3.4480, uncertainty_coeffi: 0.0010, loss: 0.1224, lr: 1.00e-04
     Epoch[7] Iteration[60/1240], entropy: 0.3489, uncertainty: 3.3944, uncertainty_coeffi: 0.0010, loss: 0.0945, lr: 1.00e-04
     Epoch[7] Iteration[70/1240], entropy: 0.4689, uncertainty: 3.2477, uncertainty_coeffi: 0.0010, loss: 0.1968, lr: 1.00e-04
     Epoch[7] Iteration[80/1240], entropy: 0.3612, uncertainty: 3.6344, uncertainty_coeffi: 0.0010, loss: 0.1324, lr: 1.00e-04
     Epoch[7] Iteration[90/1240], entropy: 0.4390, uncertainty: 3.5505, uncertainty_coeffi: 0.0010, loss: 0.1704, lr: 1.00e-04
     Epoch[7] Iteration[100/1240], entropy: 0.7452, uncertainty: 4.3490, uncertainty_coeffi: 0.0010, loss: 0.1554, lr: 1.00e-04
     Epoch[7] Iteration[110/1240], entropy: 0.3064, uncertainty: 2.8246, uncertainty_coeffi: 0.0010, loss: 0.1681, lr: 1.00e-04
     Epoch[7] Iteration[120/1240], entropy: 0.4348, uncertainty: 2.8111, uncertainty_coeffi: 0.0010, loss: 0.1907, lr: 1.00e-04
     Epoch[7] Iteration[130/1240], entropy: 0.3477, uncertainty: 2.6541, uncertainty_coeffi: 0.0010, loss: 0.1653, lr: 1.00e-04
     Epoch[7] Iteration[140/1240], entropy: 0.6187, uncertainty: 3.5918, uncertainty_coeffi: 0.0010, loss: 0.1810, lr: 1.00e-04
     Epoch[7] Iteration[150/1240], entropy: 0.4302, uncertainty: 3.5100, uncertainty_coeffi: 0.0010, loss: 0.1209, lr: 1.00e-04
     Epoch[7] Iteration[160/1240], entropy: 0.6524, uncertainty: 3.3102, uncertainty_coeffi: 0.0010, loss: 0.2957, lr: 1.00e-04
     Epoch[7] Iteration[170/1240], entropy: 0.7080, uncertainty: 4.1222, uncertainty_coeffi: 0.0010, loss: 0.1781, lr: 1.00e-04
     Epoch[7] Iteration[180/1240], entropy: 0.4578, uncertainty: 2.6121, uncertainty_coeffi: 0.0010, loss: 0.2300, lr: 1.00e-04
     Epoch[7] Iteration[190/1240], entropy: 0.3518, uncertainty: 3.1706, uncertainty_coeffi: 0.0010, loss: 0.1246, lr: 1.00e-04
     Epoch[7] Iteration[200/1240], entropy: 0.3936, uncertainty: 2.9653, uncertainty_coeffi: 0.0010, loss: 0.1777, lr: 1.00e-04
     Epoch[7] Iteration[210/1240], entropy: 0.4560, uncertainty: 3.3610, uncertainty_coeffi: 0.0010, loss: 0.1920, lr: 1.00e-04
     Epoch[7] Iteration[220/1240], entropy: 0.5581, uncertainty: 3.1862, uncertainty_coeffi: 0.0010, loss: 0.2187, lr: 1.00e-04
     Epoch[7] Iteration[230/1240], entropy: 0.5429, uncertainty: 3.3830, uncertainty_coeffi: 0.0010, loss: 0.2092, lr: 1.00e-04
     Epoch[7] Iteration[240/1240], entropy: 0.2773, uncertainty: 3.0868, uncertainty_coeffi: 0.0010, loss: 0.1650, lr: 1.00e-04
     Epoch[7] Iteration[250/1240], entropy: 0.3730, uncertainty: 2.4813, uncertainty_coeffi: 0.0010, loss: 0.1787, lr: 1.00e-04
     Epoch[7] Iteration[260/1240], entropy: 0.5434, uncertainty: 3.7156, uncertainty_coeffi: 0.0010, loss: 0.1963, lr: 1.00e-04
     Epoch[7] Iteration[270/1240], entropy: 0.3993, uncertainty: 3.3021, uncertainty_coeffi: 0.0010, loss: 0.1314, lr: 1.00e-04
     Epoch[7] Iteration[280/1240], entropy: 0.2858, uncertainty: 2.5986, uncertainty_coeffi: 0.0010, loss: 0.1314, lr: 1.00e-04
     Epoch[7] Iteration[290/1240], entropy: 0.5638, uncertainty: 3.4061, uncertainty_coeffi: 0.0010, loss: 0.1567, lr: 1.00e-04
     Epoch[7] Iteration[300/1240], entropy: 0.2672, uncertainty: 1.9093, uncertainty_coeffi: 0.0010, loss: 0.1395, lr: 1.00e-04
     Epoch[7] Iteration[310/1240], entropy: 0.5043, uncertainty: 2.7432, uncertainty_coeffi: 0.0010, loss: 0.1748, lr: 1.00e-04
     Epoch[7] Iteration[320/1240], entropy: 0.3910, uncertainty: 3.1660, uncertainty_coeffi: 0.0010, loss: 0.1278, lr: 1.00e-04
     Epoch[7] Iteration[330/1240], entropy: 0.6895, uncertainty: 2.8392, uncertainty_coeffi: 0.0010, loss: 0.3354, lr: 1.00e-04
     Epoch[7] Iteration[340/1240], entropy: 0.4384, uncertainty: 3.1824, uncertainty_coeffi: 0.0010, loss: 0.1754, lr: 1.00e-04
     Epoch[7] Iteration[350/1240], entropy: 0.7369, uncertainty: 3.7931, uncertainty_coeffi: 0.0010, loss: 0.2963, lr: 1.00e-04
     Epoch[7] Iteration[360/1240], entropy: 0.4110, uncertainty: 2.6770, uncertainty_coeffi: 0.0010, loss: 0.1679, lr: 1.00e-04
     Epoch[7] Iteration[370/1240], entropy: 0.6069, uncertainty: 2.6692, uncertainty_coeffi: 0.0010, loss: 0.3069, lr: 1.00e-04
     Epoch[7] Iteration[380/1240], entropy: 0.4532, uncertainty: 3.4003, uncertainty_coeffi: 0.0010, loss: 0.1928, lr: 1.00e-04
     Epoch[7] Iteration[390/1240], entropy: 0.4441, uncertainty: 2.9234, uncertainty_coeffi: 0.0010, loss: 0.1610, lr: 1.00e-04
     Epoch[7] Iteration[400/1240], entropy: 0.3765, uncertainty: 3.7749, uncertainty_coeffi: 0.0010, loss: 0.1314, lr: 1.00e-04
     Epoch[7] Iteration[410/1240], entropy: 0.4677, uncertainty: 2.9710, uncertainty_coeffi: 0.0010, loss: 0.1996, lr: 1.00e-04
     Epoch[7] Iteration[420/1240], entropy: 0.3857, uncertainty: 3.0541, uncertainty_coeffi: 0.0010, loss: 0.1843, lr: 1.00e-04
     Epoch[7] Iteration[430/1240], entropy: 0.5398, uncertainty: 3.5946, uncertainty_coeffi: 0.0010, loss: 0.1643, lr: 1.00e-04
     Epoch[7] Iteration[440/1240], entropy: 0.4876, uncertainty: 3.3014, uncertainty_coeffi: 0.0010, loss: 0.1895, lr: 1.00e-04
     Epoch[7] Iteration[450/1240], entropy: 0.6795, uncertainty: 3.1461, uncertainty_coeffi: 0.0010, loss: 0.2632, lr: 1.00e-04
     Epoch[7] Iteration[460/1240], entropy: 0.6549, uncertainty: 3.8916, uncertainty_coeffi: 0.0010, loss: 0.1965, lr: 1.00e-04
     Epoch[7] Iteration[470/1240], entropy: 0.5294, uncertainty: 3.0897, uncertainty_coeffi: 0.0010, loss: 0.1816, lr: 1.00e-04
     Epoch[7] Iteration[480/1240], entropy: 0.4546, uncertainty: 3.2303, uncertainty_coeffi: 0.0010, loss: 0.1453, lr: 1.00e-04
     Epoch[7] Iteration[490/1240], entropy: 0.4505, uncertainty: 3.4556, uncertainty_coeffi: 0.0010, loss: 0.2131, lr: 1.00e-04
     Epoch[7] Iteration[500/1240], entropy: 0.4296, uncertainty: 2.6286, uncertainty_coeffi: 0.0010, loss: 0.1760, lr: 1.00e-04
     Epoch[7] Iteration[510/1240], entropy: 0.4990, uncertainty: 2.9613, uncertainty_coeffi: 0.0010, loss: 0.2523, lr: 1.00e-04
     Epoch[7] Iteration[520/1240], entropy: 0.5723, uncertainty: 3.4949, uncertainty_coeffi: 0.0010, loss: 0.1806, lr: 1.00e-04
     Epoch[7] Iteration[530/1240], entropy: 0.4384, uncertainty: 2.8332, uncertainty_coeffi: 0.0010, loss: 0.1733, lr: 1.00e-04
     Epoch[7] Iteration[540/1240], entropy: 0.5936, uncertainty: 3.9626, uncertainty_coeffi: 0.0010, loss: 0.1964, lr: 1.00e-04
     Epoch[7] Iteration[550/1240], entropy: 0.3243, uncertainty: 3.6661, uncertainty_coeffi: 0.0010, loss: 0.1377, lr: 1.00e-04
     Epoch[7] Iteration[560/1240], entropy: 0.4225, uncertainty: 2.7699, uncertainty_coeffi: 0.0010, loss: 0.1615, lr: 1.00e-04
     Epoch[7] Iteration[570/1240], entropy: 0.6644, uncertainty: 3.4872, uncertainty_coeffi: 0.0010, loss: 0.3078, lr: 1.00e-04
     Epoch[7] Iteration[580/1240], entropy: 0.6587, uncertainty: 3.1913, uncertainty_coeffi: 0.0010, loss: 0.2729, lr: 1.00e-04
     Epoch[7] Iteration[590/1240], entropy: 0.5731, uncertainty: 3.5264, uncertainty_coeffi: 0.0010, loss: 0.1878, lr: 1.00e-04
     Epoch[7] Iteration[600/1240], entropy: 0.5061, uncertainty: 3.3553, uncertainty_coeffi: 0.0010, loss: 0.1694, lr: 1.00e-04
     Epoch[7] Iteration[610/1240], entropy: 0.3670, uncertainty: 4.0109, uncertainty_coeffi: 0.0010, loss: 0.0929, lr: 1.00e-04
     Epoch[7] Iteration[620/1240], entropy: 0.3734, uncertainty: 2.5368, uncertainty_coeffi: 0.0010, loss: 0.1658, lr: 1.00e-04
     Epoch[7] Iteration[630/1240], entropy: 0.4694, uncertainty: 3.4874, uncertainty_coeffi: 0.0010, loss: 0.1627, lr: 1.00e-04
     Epoch[7] Iteration[640/1240], entropy: 0.6034, uncertainty: 2.7143, uncertainty_coeffi: 0.0010, loss: 0.2648, lr: 1.00e-04
     Epoch[7] Iteration[650/1240], entropy: 0.4871, uncertainty: 3.0941, uncertainty_coeffi: 0.0010, loss: 0.1931, lr: 1.00e-04
     Epoch[7] Iteration[660/1240], entropy: 0.4764, uncertainty: 2.8798, uncertainty_coeffi: 0.0010, loss: 0.2003, lr: 1.00e-04
     Epoch[7] Iteration[670/1240], entropy: 0.4261, uncertainty: 2.5073, uncertainty_coeffi: 0.0010, loss: 0.2075, lr: 1.00e-04
     Epoch[7] Iteration[680/1240], entropy: 0.5885, uncertainty: 3.6974, uncertainty_coeffi: 0.0010, loss: 0.1948, lr: 1.00e-04
     Epoch[7] Iteration[690/1240], entropy: 0.6826, uncertainty: 3.4424, uncertainty_coeffi: 0.0010, loss: 0.2618, lr: 1.00e-04
     Epoch[7] Iteration[700/1240], entropy: 0.5853, uncertainty: 3.4153, uncertainty_coeffi: 0.0010, loss: 0.2409, lr: 1.00e-04
     Epoch[7] Iteration[710/1240], entropy: 0.4790, uncertainty: 3.0604, uncertainty_coeffi: 0.0010, loss: 0.1519, lr: 1.00e-04
     Epoch[7] Iteration[720/1240], entropy: 0.2397, uncertainty: 2.8879, uncertainty_coeffi: 0.0010, loss: 0.0845, lr: 1.00e-04
     Epoch[7] Iteration[730/1240], entropy: 0.5598, uncertainty: 3.3098, uncertainty_coeffi: 0.0010, loss: 0.1927, lr: 1.00e-04
     Epoch[7] Iteration[740/1240], entropy: 0.4098, uncertainty: 3.5470, uncertainty_coeffi: 0.0010, loss: 0.1476, lr: 1.00e-04
     Epoch[7] Iteration[750/1240], entropy: 0.4637, uncertainty: 2.8410, uncertainty_coeffi: 0.0010, loss: 0.2630, lr: 1.00e-04
     Epoch[7] Iteration[760/1240], entropy: 0.4490, uncertainty: 2.3792, uncertainty_coeffi: 0.0010, loss: 0.2555, lr: 1.00e-04
     Epoch[7] Iteration[770/1240], entropy: 0.6226, uncertainty: 4.5199, uncertainty_coeffi: 0.0010, loss: 0.1431, lr: 1.00e-04
     Epoch[7] Iteration[780/1240], entropy: 0.6836, uncertainty: 3.5123, uncertainty_coeffi: 0.0010, loss: 0.2387, lr: 1.00e-04
     Epoch[7] Iteration[790/1240], entropy: 0.4434, uncertainty: 4.1623, uncertainty_coeffi: 0.0010, loss: 0.0925, lr: 1.00e-04
     Epoch[7] Iteration[800/1240], entropy: 0.4867, uncertainty: 3.1271, uncertainty_coeffi: 0.0010, loss: 0.2116, lr: 1.00e-04
     Epoch[7] Iteration[810/1240], entropy: 0.5499, uncertainty: 3.2488, uncertainty_coeffi: 0.0010, loss: 0.2114, lr: 1.00e-04
     Epoch[7] Iteration[820/1240], entropy: 0.4298, uncertainty: 3.8256, uncertainty_coeffi: 0.0010, loss: 0.1154, lr: 1.00e-04
     Epoch[7] Iteration[830/1240], entropy: 0.5370, uncertainty: 3.0685, uncertainty_coeffi: 0.0010, loss: 0.1618, lr: 1.00e-04
     Epoch[7] Iteration[840/1240], entropy: 0.5391, uncertainty: 3.4237, uncertainty_coeffi: 0.0010, loss: 0.1690, lr: 1.00e-04
     Epoch[7] Iteration[850/1240], entropy: 0.5366, uncertainty: 3.7920, uncertainty_coeffi: 0.0010, loss: 0.1470, lr: 1.00e-04
     Epoch[7] Iteration[860/1240], entropy: 0.3529, uncertainty: 2.8592, uncertainty_coeffi: 0.0010, loss: 0.1336, lr: 1.00e-04
     Epoch[7] Iteration[870/1240], entropy: 0.5109, uncertainty: 3.3824, uncertainty_coeffi: 0.0010, loss: 0.1562, lr: 1.00e-04
     Epoch[7] Iteration[880/1240], entropy: 0.1649, uncertainty: 2.8904, uncertainty_coeffi: 0.0010, loss: 0.0867, lr: 1.00e-04
     Epoch[7] Iteration[890/1240], entropy: 0.3701, uncertainty: 3.4228, uncertainty_coeffi: 0.0010, loss: 0.1314, lr: 1.00e-04
     Epoch[7] Iteration[900/1240], entropy: 0.5411, uncertainty: 2.5619, uncertainty_coeffi: 0.0010, loss: 0.2096, lr: 1.00e-04
     Epoch[7] Iteration[910/1240], entropy: 0.7985, uncertainty: 3.2849, uncertainty_coeffi: 0.0010, loss: 0.4196, lr: 1.00e-04
     Epoch[7] Iteration[920/1240], entropy: 0.4903, uncertainty: 3.6098, uncertainty_coeffi: 0.0010, loss: 0.1548, lr: 1.00e-04
     Epoch[7] Iteration[930/1240], entropy: 0.4467, uncertainty: 3.1143, uncertainty_coeffi: 0.0010, loss: 0.1728, lr: 1.00e-04
     Epoch[7] Iteration[940/1240], entropy: 0.6603, uncertainty: 3.6115, uncertainty_coeffi: 0.0010, loss: 0.2846, lr: 1.00e-04
     Epoch[7] Iteration[950/1240], entropy: 0.4902, uncertainty: 3.7675, uncertainty_coeffi: 0.0010, loss: 0.1354, lr: 1.00e-04
     Epoch[7] Iteration[960/1240], entropy: 0.4141, uncertainty: 2.7256, uncertainty_coeffi: 0.0010, loss: 0.1837, lr: 1.00e-04
     Epoch[7] Iteration[970/1240], entropy: 0.5146, uncertainty: 3.0393, uncertainty_coeffi: 0.0010, loss: 0.2425, lr: 1.00e-04
     Epoch[7] Iteration[980/1240], entropy: 0.4129, uncertainty: 3.2528, uncertainty_coeffi: 0.0010, loss: 0.1274, lr: 1.00e-04
     Epoch[7] Iteration[990/1240], entropy: 0.4313, uncertainty: 3.3827, uncertainty_coeffi: 0.0010, loss: 0.1806, lr: 1.00e-04
     Epoch[7] Iteration[1000/1240], entropy: 0.4455, uncertainty: 3.2058, uncertainty_coeffi: 0.0010, loss: 0.1492, lr: 1.00e-04
     Epoch[7] Iteration[1010/1240], entropy: 0.4938, uncertainty: 3.0167, uncertainty_coeffi: 0.0010, loss: 0.2345, lr: 1.00e-04
     Epoch[7] Iteration[1020/1240], entropy: 0.3941, uncertainty: 3.9071, uncertainty_coeffi: 0.0010, loss: 0.0944, lr: 1.00e-04
     Epoch[7] Iteration[1030/1240], entropy: 0.3325, uncertainty: 3.3276, uncertainty_coeffi: 0.0010, loss: 0.1332, lr: 1.00e-04
     Epoch[7] Iteration[1040/1240], entropy: 0.5932, uncertainty: 3.8161, uncertainty_coeffi: 0.0010, loss: 0.1885, lr: 1.00e-04
     Epoch[7] Iteration[1050/1240], entropy: 0.5158, uncertainty: 3.1802, uncertainty_coeffi: 0.0010, loss: 0.2407, lr: 1.00e-04
     Epoch[7] Iteration[1060/1240], entropy: 0.6025, uncertainty: 3.1347, uncertainty_coeffi: 0.0010, loss: 0.2286, lr: 1.00e-04
     Epoch[7] Iteration[1070/1240], entropy: 0.3125, uncertainty: 3.1776, uncertainty_coeffi: 0.0010, loss: 0.0976, lr: 1.00e-04
     Epoch[7] Iteration[1080/1240], entropy: 0.5785, uncertainty: 2.4512, uncertainty_coeffi: 0.0010, loss: 0.2193, lr: 1.00e-04
     Epoch[7] Iteration[1090/1240], entropy: 0.4688, uncertainty: 3.2092, uncertainty_coeffi: 0.0010, loss: 0.2112, lr: 1.00e-04
     Epoch[7] Iteration[1100/1240], entropy: 0.6006, uncertainty: 2.9908, uncertainty_coeffi: 0.0010, loss: 0.2127, lr: 1.00e-04
     Epoch[7] Iteration[1110/1240], entropy: 0.5899, uncertainty: 3.3160, uncertainty_coeffi: 0.0010, loss: 0.2291, lr: 1.00e-04
     Epoch[7] Iteration[1120/1240], entropy: 0.4747, uncertainty: 2.5345, uncertainty_coeffi: 0.0010, loss: 0.1794, lr: 1.00e-04
     Epoch[7] Iteration[1130/1240], entropy: 0.5864, uncertainty: 2.9831, uncertainty_coeffi: 0.0010, loss: 0.2301, lr: 1.00e-04
     Epoch[7] Iteration[1140/1240], entropy: 0.4011, uncertainty: 4.3213, uncertainty_coeffi: 0.0010, loss: 0.0856, lr: 1.00e-04
     Epoch[7] Iteration[1150/1240], entropy: 0.3270, uncertainty: 2.9557, uncertainty_coeffi: 0.0010, loss: 0.0841, lr: 1.00e-04
     Epoch[7] Iteration[1160/1240], entropy: 0.3838, uncertainty: 3.3148, uncertainty_coeffi: 0.0010, loss: 0.1320, lr: 1.00e-04
     Epoch[7] Iteration[1170/1240], entropy: 0.5982, uncertainty: 3.6904, uncertainty_coeffi: 0.0010, loss: 0.1835, lr: 1.00e-04
     Epoch[7] Iteration[1180/1240], entropy: 0.3837, uncertainty: 2.3936, uncertainty_coeffi: 0.0010, loss: 0.1922, lr: 1.00e-04
     Epoch[7] Iteration[1190/1240], entropy: 0.4190, uncertainty: 3.3657, uncertainty_coeffi: 0.0010, loss: 0.1195, lr: 1.00e-04
     Epoch[7] Iteration[1200/1240], entropy: 0.4663, uncertainty: 3.4205, uncertainty_coeffi: 0.0010, loss: 0.1745, lr: 1.00e-04
     Epoch[7] Iteration[1210/1240], entropy: 0.6855, uncertainty: 3.6469, uncertainty_coeffi: 0.0010, loss: 0.2036, lr: 1.00e-04
     Epoch[7] Iteration[1220/1240], entropy: 0.4655, uncertainty: 3.0364, uncertainty_coeffi: 0.0010, loss: 0.1979, lr: 1.00e-04
     Epoch[7] Iteration[1230/1240], entropy: 0.5412, uncertainty: 3.4037, uncertainty_coeffi: 0.0010, loss: 0.2188, lr: 1.00e-04
     Epoch[7] Iteration[1240/1240], entropy: 0.5255, uncertainty: 3.1009, uncertainty_coeffi: 0.0010, loss: 0.1821, lr: 1.00e-04
     Averaged stats: entropy_avg: 0.4848, uncertainty_avg: 3.2311, uncertainty_coeffi_avg: 0.0010, loss_avg: 0.1842, lr_avg: 1.00e-04
     itm tta time 0:03:25
     Epoch[8] Iteration[10/1240], entropy: 0.3294, uncertainty: 3.0449, uncertainty_coeffi: 0.0010, loss: 0.1539, lr: 1.00e-04
     Epoch[8] Iteration[20/1240], entropy: 0.5405, uncertainty: 3.3806, uncertainty_coeffi: 0.0010, loss: 0.1882, lr: 1.00e-04
     Epoch[8] Iteration[30/1240], entropy: 0.3973, uncertainty: 3.1271, uncertainty_coeffi: 0.0010, loss: 0.1562, lr: 1.00e-04
     Epoch[8] Iteration[40/1240], entropy: 0.4619, uncertainty: 3.3827, uncertainty_coeffi: 0.0010, loss: 0.1268, lr: 1.00e-04
     Epoch[8] Iteration[50/1240], entropy: 0.6292, uncertainty: 2.9036, uncertainty_coeffi: 0.0010, loss: 0.2854, lr: 1.00e-04
     Epoch[8] Iteration[60/1240], entropy: 0.7881, uncertainty: 3.7617, uncertainty_coeffi: 0.0010, loss: 0.2761, lr: 1.00e-04
     Epoch[8] Iteration[70/1240], entropy: 0.6300, uncertainty: 3.3895, uncertainty_coeffi: 0.0010, loss: 0.2243, lr: 1.00e-04
     Epoch[8] Iteration[80/1240], entropy: 0.2716, uncertainty: 3.1258, uncertainty_coeffi: 0.0010, loss: 0.0828, lr: 1.00e-04
     Epoch[8] Iteration[90/1240], entropy: 0.3774, uncertainty: 2.9980, uncertainty_coeffi: 0.0010, loss: 0.1455, lr: 1.00e-04
     Epoch[8] Iteration[100/1240], entropy: 0.3442, uncertainty: 3.4549, uncertainty_coeffi: 0.0010, loss: 0.1286, lr: 9.05e-05
     Epoch[8] Iteration[110/1240], entropy: 0.4713, uncertainty: 4.2161, uncertainty_coeffi: 0.0010, loss: 0.1163, lr: 9.05e-05
     Epoch[8] Iteration[120/1240], entropy: 0.3475, uncertainty: 2.6022, uncertainty_coeffi: 0.0010, loss: 0.2104, lr: 9.05e-05
     Epoch[8] Iteration[130/1240], entropy: 0.4092, uncertainty: 3.3883, uncertainty_coeffi: 0.0010, loss: 0.1915, lr: 9.05e-05
     Epoch[8] Iteration[140/1240], entropy: 0.3741, uncertainty: 3.0000, uncertainty_coeffi: 0.0010, loss: 0.1670, lr: 9.05e-05
     Epoch[8] Iteration[150/1240], entropy: 0.4339, uncertainty: 3.4154, uncertainty_coeffi: 0.0010, loss: 0.2012, lr: 9.05e-05
     Epoch[8] Iteration[160/1240], entropy: 0.5249, uncertainty: 3.5244, uncertainty_coeffi: 0.0010, loss: 0.1683, lr: 9.05e-05
     Epoch[8] Iteration[170/1240], entropy: 0.4022, uncertainty: 2.1370, uncertainty_coeffi: 0.0010, loss: 0.2068, lr: 9.05e-05
     Epoch[8] Iteration[180/1240], entropy: 0.4869, uncertainty: 2.6899, uncertainty_coeffi: 0.0010, loss: 0.2624, lr: 9.05e-05
     Epoch[8] Iteration[190/1240], entropy: 0.2140, uncertainty: 3.4794, uncertainty_coeffi: 0.0010, loss: 0.0667, lr: 9.05e-05
     Epoch[8] Iteration[200/1240], entropy: 0.4828, uncertainty: 3.2694, uncertainty_coeffi: 0.0010, loss: 0.2191, lr: 9.05e-05
     Epoch[8] Iteration[210/1240], entropy: 0.3494, uncertainty: 2.6773, uncertainty_coeffi: 0.0010, loss: 0.1531, lr: 9.05e-05
     Epoch[8] Iteration[220/1240], entropy: 0.5310, uncertainty: 2.9229, uncertainty_coeffi: 0.0010, loss: 0.2323, lr: 9.05e-05
     Epoch[8] Iteration[230/1240], entropy: 0.4366, uncertainty: 3.7013, uncertainty_coeffi: 0.0010, loss: 0.1175, lr: 9.05e-05
     Epoch[8] Iteration[240/1240], entropy: 0.6101, uncertainty: 3.1330, uncertainty_coeffi: 0.0010, loss: 0.1888, lr: 9.05e-05
     Epoch[8] Iteration[250/1240], entropy: 0.4666, uncertainty: 4.6632, uncertainty_coeffi: 0.0010, loss: 0.1331, lr: 9.05e-05
     Epoch[8] Iteration[260/1240], entropy: 0.3293, uncertainty: 3.2020, uncertainty_coeffi: 0.0010, loss: 0.1205, lr: 9.05e-05
     Epoch[8] Iteration[270/1240], entropy: 0.2931, uncertainty: 2.9290, uncertainty_coeffi: 0.0010, loss: 0.1179, lr: 9.05e-05
     Epoch[8] Iteration[280/1240], entropy: 0.4990, uncertainty: 3.0153, uncertainty_coeffi: 0.0010, loss: 0.2534, lr: 9.05e-05
     Epoch[8] Iteration[290/1240], entropy: 0.6895, uncertainty: 2.3643, uncertainty_coeffi: 0.0010, loss: 0.3596, lr: 9.05e-05
     Epoch[8] Iteration[300/1240], entropy: 0.8315, uncertainty: 3.0675, uncertainty_coeffi: 0.0010, loss: 0.3013, lr: 9.05e-05
     Epoch[8] Iteration[310/1240], entropy: 0.4310, uncertainty: 3.4936, uncertainty_coeffi: 0.0010, loss: 0.1714, lr: 9.05e-05
     Epoch[8] Iteration[320/1240], entropy: 0.3670, uncertainty: 4.0614, uncertainty_coeffi: 0.0010, loss: 0.1271, lr: 9.05e-05
     Epoch[8] Iteration[330/1240], entropy: 0.4186, uncertainty: 2.9068, uncertainty_coeffi: 0.0010, loss: 0.1732, lr: 9.05e-05
     Epoch[8] Iteration[340/1240], entropy: 0.6581, uncertainty: 2.9705, uncertainty_coeffi: 0.0010, loss: 0.2379, lr: 9.05e-05
     Epoch[8] Iteration[350/1240], entropy: 0.4080, uncertainty: 4.0326, uncertainty_coeffi: 0.0010, loss: 0.1346, lr: 9.05e-05
     Epoch[8] Iteration[360/1240], entropy: 0.5762, uncertainty: 3.7821, uncertainty_coeffi: 0.0010, loss: 0.1926, lr: 9.05e-05
     Epoch[8] Iteration[370/1240], entropy: 0.3504, uncertainty: 2.6974, uncertainty_coeffi: 0.0010, loss: 0.1118, lr: 9.05e-05
     Epoch[8] Iteration[380/1240], entropy: 0.5099, uncertainty: 3.7254, uncertainty_coeffi: 0.0010, loss: 0.1814, lr: 9.05e-05
     Epoch[8] Iteration[390/1240], entropy: 0.5191, uncertainty: 2.8830, uncertainty_coeffi: 0.0010, loss: 0.2084, lr: 9.05e-05
     Epoch[8] Iteration[400/1240], entropy: 0.5862, uncertainty: 2.5635, uncertainty_coeffi: 0.0010, loss: 0.2973, lr: 9.05e-05
     Epoch[8] Iteration[410/1240], entropy: 0.4233, uncertainty: 2.5954, uncertainty_coeffi: 0.0010, loss: 0.1769, lr: 9.05e-05
     Epoch[8] Iteration[420/1240], entropy: 0.6027, uncertainty: 2.6265, uncertainty_coeffi: 0.0010, loss: 0.2764, lr: 9.05e-05
     Epoch[8] Iteration[430/1240], entropy: 0.5052, uncertainty: 3.6748, uncertainty_coeffi: 0.0010, loss: 0.2074, lr: 9.05e-05
     Epoch[8] Iteration[440/1240], entropy: 0.4696, uncertainty: 4.0185, uncertainty_coeffi: 0.0010, loss: 0.1628, lr: 9.05e-05
     Epoch[8] Iteration[450/1240], entropy: 0.4299, uncertainty: 3.3229, uncertainty_coeffi: 0.0010, loss: 0.1331, lr: 9.05e-05
     Epoch[8] Iteration[460/1240], entropy: 0.4464, uncertainty: 2.9924, uncertainty_coeffi: 0.0010, loss: 0.1463, lr: 9.05e-05
     Epoch[8] Iteration[470/1240], entropy: 0.6626, uncertainty: 3.5410, uncertainty_coeffi: 0.0010, loss: 0.2337, lr: 9.05e-05
     Epoch[8] Iteration[480/1240], entropy: 0.5487, uncertainty: 2.9535, uncertainty_coeffi: 0.0010, loss: 0.2334, lr: 9.05e-05
     Epoch[8] Iteration[490/1240], entropy: 0.3390, uncertainty: 3.0781, uncertainty_coeffi: 0.0010, loss: 0.0860, lr: 9.05e-05
     Epoch[8] Iteration[500/1240], entropy: 0.2856, uncertainty: 3.4149, uncertainty_coeffi: 0.0010, loss: 0.0976, lr: 9.05e-05
     Epoch[8] Iteration[510/1240], entropy: 0.6395, uncertainty: 3.2758, uncertainty_coeffi: 0.0010, loss: 0.2669, lr: 9.05e-05
     Epoch[8] Iteration[520/1240], entropy: 0.1825, uncertainty: 3.2538, uncertainty_coeffi: 0.0010, loss: 0.0743, lr: 9.05e-05
     Epoch[8] Iteration[530/1240], entropy: 0.2860, uncertainty: 2.4994, uncertainty_coeffi: 0.0010, loss: 0.1163, lr: 9.05e-05
     Epoch[8] Iteration[540/1240], entropy: 0.5051, uncertainty: 3.5644, uncertainty_coeffi: 0.0010, loss: 0.1776, lr: 9.05e-05
     Epoch[8] Iteration[550/1240], entropy: 0.5837, uncertainty: 3.6555, uncertainty_coeffi: 0.0010, loss: 0.1539, lr: 9.05e-05
     Epoch[8] Iteration[560/1240], entropy: 0.5730, uncertainty: 3.1656, uncertainty_coeffi: 0.0010, loss: 0.2059, lr: 9.05e-05
     Epoch[8] Iteration[570/1240], entropy: 0.2872, uncertainty: 2.5621, uncertainty_coeffi: 0.0010, loss: 0.1153, lr: 9.05e-05
     Epoch[8] Iteration[580/1240], entropy: 0.5111, uncertainty: 3.1768, uncertainty_coeffi: 0.0010, loss: 0.1616, lr: 9.05e-05
     Epoch[8] Iteration[590/1240], entropy: 0.2788, uncertainty: 3.3096, uncertainty_coeffi: 0.0010, loss: 0.1003, lr: 9.05e-05
     Epoch[8] Iteration[600/1240], entropy: 0.4514, uncertainty: 2.8119, uncertainty_coeffi: 0.0010, loss: 0.1930, lr: 9.05e-05
     Epoch[8] Iteration[610/1240], entropy: 0.3916, uncertainty: 3.3393, uncertainty_coeffi: 0.0010, loss: 0.1654, lr: 9.05e-05
     Epoch[8] Iteration[620/1240], entropy: 0.6309, uncertainty: 3.6233, uncertainty_coeffi: 0.0010, loss: 0.2822, lr: 9.05e-05
     Epoch[8] Iteration[630/1240], entropy: 0.3194, uncertainty: 3.3834, uncertainty_coeffi: 0.0010, loss: 0.0881, lr: 9.05e-05
     Epoch[8] Iteration[640/1240], entropy: 0.5259, uncertainty: 2.8145, uncertainty_coeffi: 0.0010, loss: 0.2522, lr: 9.05e-05
     Epoch[8] Iteration[650/1240], entropy: 0.4950, uncertainty: 3.2736, uncertainty_coeffi: 0.0010, loss: 0.1800, lr: 9.05e-05
     Epoch[8] Iteration[660/1240], entropy: 0.3924, uncertainty: 2.6140, uncertainty_coeffi: 0.0010, loss: 0.2078, lr: 9.05e-05
     Epoch[8] Iteration[670/1240], entropy: 0.2861, uncertainty: 2.8636, uncertainty_coeffi: 0.0010, loss: 0.0882, lr: 9.05e-05
     Epoch[8] Iteration[680/1240], entropy: 0.4914, uncertainty: 3.2485, uncertainty_coeffi: 0.0010, loss: 0.1636, lr: 9.05e-05
     Epoch[8] Iteration[690/1240], entropy: 0.3633, uncertainty: 2.9839, uncertainty_coeffi: 0.0010, loss: 0.1299, lr: 9.05e-05
     Epoch[8] Iteration[700/1240], entropy: 0.5676, uncertainty: 3.0304, uncertainty_coeffi: 0.0010, loss: 0.2604, lr: 9.05e-05
     Epoch[8] Iteration[710/1240], entropy: 0.4921, uncertainty: 2.8606, uncertainty_coeffi: 0.0010, loss: 0.2238, lr: 9.05e-05
     Epoch[8] Iteration[720/1240], entropy: 0.5282, uncertainty: 2.7737, uncertainty_coeffi: 0.0010, loss: 0.1936, lr: 9.05e-05
     Epoch[8] Iteration[730/1240], entropy: 0.5959, uncertainty: 4.1870, uncertainty_coeffi: 0.0010, loss: 0.1272, lr: 9.05e-05
     Epoch[8] Iteration[740/1240], entropy: 0.3695, uncertainty: 3.0809, uncertainty_coeffi: 0.0010, loss: 0.1164, lr: 9.05e-05
     Epoch[8] Iteration[750/1240], entropy: 0.2828, uncertainty: 2.2640, uncertainty_coeffi: 0.0010, loss: 0.1314, lr: 9.05e-05
     Epoch[8] Iteration[760/1240], entropy: 0.4477, uncertainty: 3.4968, uncertainty_coeffi: 0.0010, loss: 0.2293, lr: 9.05e-05
     Epoch[8] Iteration[770/1240], entropy: 0.4551, uncertainty: 3.0703, uncertainty_coeffi: 0.0010, loss: 0.1879, lr: 9.05e-05
     Epoch[8] Iteration[780/1240], entropy: 0.5602, uncertainty: 2.7093, uncertainty_coeffi: 0.0010, loss: 0.2160, lr: 9.05e-05
     Epoch[8] Iteration[790/1240], entropy: 0.4989, uncertainty: 3.9043, uncertainty_coeffi: 0.0010, loss: 0.1997, lr: 9.05e-05
     Epoch[8] Iteration[800/1240], entropy: 0.5219, uncertainty: 3.4824, uncertainty_coeffi: 0.0010, loss: 0.2026, lr: 9.05e-05
     Epoch[8] Iteration[810/1240], entropy: 0.6070, uncertainty: 3.8722, uncertainty_coeffi: 0.0010, loss: 0.1907, lr: 9.05e-05
     Epoch[8] Iteration[820/1240], entropy: 0.6873, uncertainty: 3.4564, uncertainty_coeffi: 0.0010, loss: 0.2525, lr: 9.05e-05
     Epoch[8] Iteration[830/1240], entropy: 0.4796, uncertainty: 3.3170, uncertainty_coeffi: 0.0010, loss: 0.1345, lr: 9.05e-05
     Epoch[8] Iteration[840/1240], entropy: 0.5560, uncertainty: 3.2993, uncertainty_coeffi: 0.0010, loss: 0.1982, lr: 9.05e-05
     Epoch[8] Iteration[850/1240], entropy: 0.5306, uncertainty: 3.3448, uncertainty_coeffi: 0.0010, loss: 0.1803, lr: 9.05e-05
     Epoch[8] Iteration[860/1240], entropy: 0.4993, uncertainty: 3.4677, uncertainty_coeffi: 0.0010, loss: 0.2003, lr: 9.05e-05
     Epoch[8] Iteration[870/1240], entropy: 0.2852, uncertainty: 3.2015, uncertainty_coeffi: 0.0010, loss: 0.1173, lr: 9.05e-05
     Epoch[8] Iteration[880/1240], entropy: 0.4358, uncertainty: 3.5598, uncertainty_coeffi: 0.0010, loss: 0.1180, lr: 9.05e-05
     Epoch[8] Iteration[890/1240], entropy: 0.3620, uncertainty: 3.3505, uncertainty_coeffi: 0.0010, loss: 0.1565, lr: 9.05e-05
     Epoch[8] Iteration[900/1240], entropy: 0.4795, uncertainty: 2.9479, uncertainty_coeffi: 0.0010, loss: 0.1847, lr: 9.05e-05
     Epoch[8] Iteration[910/1240], entropy: 0.3722, uncertainty: 3.3979, uncertainty_coeffi: 0.0010, loss: 0.1252, lr: 9.05e-05
     Epoch[8] Iteration[920/1240], entropy: 0.1713, uncertainty: 2.2725, uncertainty_coeffi: 0.0010, loss: 0.0779, lr: 9.05e-05
     Epoch[8] Iteration[930/1240], entropy: 0.3610, uncertainty: 3.2847, uncertainty_coeffi: 0.0010, loss: 0.1340, lr: 9.05e-05
     Epoch[8] Iteration[940/1240], entropy: 0.3695, uncertainty: 3.2087, uncertainty_coeffi: 0.0010, loss: 0.1617, lr: 9.05e-05
     Epoch[8] Iteration[950/1240], entropy: 0.5207, uncertainty: 3.3445, uncertainty_coeffi: 0.0010, loss: 0.2463, lr: 9.05e-05
     Epoch[8] Iteration[960/1240], entropy: 0.4239, uncertainty: 2.9761, uncertainty_coeffi: 0.0010, loss: 0.1236, lr: 9.05e-05
     Epoch[8] Iteration[970/1240], entropy: 0.3989, uncertainty: 3.8534, uncertainty_coeffi: 0.0010, loss: 0.1027, lr: 9.05e-05
     Epoch[8] Iteration[980/1240], entropy: 0.4669, uncertainty: 3.7151, uncertainty_coeffi: 0.0010, loss: 0.1940, lr: 9.05e-05
     Epoch[8] Iteration[990/1240], entropy: 0.3797, uncertainty: 3.4466, uncertainty_coeffi: 0.0010, loss: 0.1344, lr: 9.05e-05
     Epoch[8] Iteration[1000/1240], entropy: 0.6602, uncertainty: 3.7198, uncertainty_coeffi: 0.0010, loss: 0.1953, lr: 9.05e-05
     Epoch[8] Iteration[1010/1240], entropy: 0.3063, uncertainty: 3.3951, uncertainty_coeffi: 0.0010, loss: 0.1274, lr: 9.05e-05
     Epoch[8] Iteration[1020/1240], entropy: 0.5635, uncertainty: 2.7488, uncertainty_coeffi: 0.0010, loss: 0.2111, lr: 9.05e-05
     Epoch[8] Iteration[1030/1240], entropy: 0.6243, uncertainty: 3.7475, uncertainty_coeffi: 0.0010, loss: 0.2095, lr: 9.05e-05
     Epoch[8] Iteration[1040/1240], entropy: 0.5372, uncertainty: 3.3604, uncertainty_coeffi: 0.0010, loss: 0.1611, lr: 9.05e-05
     Epoch[8] Iteration[1050/1240], entropy: 0.6201, uncertainty: 2.9067, uncertainty_coeffi: 0.0010, loss: 0.2616, lr: 9.05e-05
     Epoch[8] Iteration[1060/1240], entropy: 0.2996, uncertainty: 3.4011, uncertainty_coeffi: 0.0010, loss: 0.0817, lr: 9.05e-05
     Epoch[8] Iteration[1070/1240], entropy: 0.6459, uncertainty: 3.3120, uncertainty_coeffi: 0.0010, loss: 0.2369, lr: 9.05e-05
     Epoch[8] Iteration[1080/1240], entropy: 0.3462, uncertainty: 2.8656, uncertainty_coeffi: 0.0010, loss: 0.1604, lr: 9.05e-05
     Epoch[8] Iteration[1090/1240], entropy: 0.6854, uncertainty: 3.5300, uncertainty_coeffi: 0.0010, loss: 0.2582, lr: 9.05e-05
     Epoch[8] Iteration[1100/1240], entropy: 0.4367, uncertainty: 2.8424, uncertainty_coeffi: 0.0010, loss: 0.2066, lr: 9.05e-05
     Epoch[8] Iteration[1110/1240], entropy: 0.3484, uncertainty: 3.3068, uncertainty_coeffi: 0.0010, loss: 0.1633, lr: 9.05e-05
     Epoch[8] Iteration[1120/1240], entropy: 0.5746, uncertainty: 3.7987, uncertainty_coeffi: 0.0010, loss: 0.1389, lr: 9.05e-05
     Epoch[8] Iteration[1130/1240], entropy: 0.3565, uncertainty: 2.9893, uncertainty_coeffi: 0.0010, loss: 0.1383, lr: 9.05e-05
     Epoch[8] Iteration[1140/1240], entropy: 0.2380, uncertainty: 3.6931, uncertainty_coeffi: 0.0010, loss: 0.0911, lr: 9.05e-05
     Epoch[8] Iteration[1150/1240], entropy: 0.2932, uncertainty: 2.7824, uncertainty_coeffi: 0.0010, loss: 0.0907, lr: 9.05e-05
     Epoch[8] Iteration[1160/1240], entropy: 0.4876, uncertainty: 3.6902, uncertainty_coeffi: 0.0010, loss: 0.1640, lr: 9.05e-05
     Epoch[8] Iteration[1170/1240], entropy: 0.4714, uncertainty: 3.3229, uncertainty_coeffi: 0.0010, loss: 0.1745, lr: 9.05e-05
     Epoch[8] Iteration[1180/1240], entropy: 0.6167, uncertainty: 3.1852, uncertainty_coeffi: 0.0010, loss: 0.3013, lr: 9.05e-05
     Epoch[8] Iteration[1190/1240], entropy: 0.4680, uncertainty: 3.3694, uncertainty_coeffi: 0.0010, loss: 0.1980, lr: 9.05e-05
     Epoch[8] Iteration[1200/1240], entropy: 0.6770, uncertainty: 3.1966, uncertainty_coeffi: 0.0010, loss: 0.2658, lr: 9.05e-05
     Epoch[8] Iteration[1210/1240], entropy: 0.4832, uncertainty: 2.7619, uncertainty_coeffi: 0.0010, loss: 0.1731, lr: 9.05e-05
     Epoch[8] Iteration[1220/1240], entropy: 0.4692, uncertainty: 4.0675, uncertainty_coeffi: 0.0010, loss: 0.1373, lr: 9.05e-05
     Epoch[8] Iteration[1230/1240], entropy: 0.4259, uncertainty: 3.4099, uncertainty_coeffi: 0.0010, loss: 0.1373, lr: 9.05e-05
     Epoch[8] Iteration[1240/1240], entropy: 0.7161, uncertainty: 3.3872, uncertainty_coeffi: 0.0010, loss: 0.2907, lr: 9.05e-05
     Averaged stats: entropy_avg: 0.4657, uncertainty_avg: 3.2394, uncertainty_coeffi_avg: 0.0010, loss_avg: 0.1771, lr_avg: 9.11e-05
     itm tta time 0:03:24
     Epoch[9] Iteration[10/1240], entropy: 0.4165, uncertainty: 3.1976, uncertainty_coeffi: 0.0010, loss: 0.1514, lr: 9.05e-05
     Epoch[9] Iteration[20/1240], entropy: 0.5322, uncertainty: 2.7818, uncertainty_coeffi: 0.0010, loss: 0.2528, lr: 9.05e-05
     Epoch[9] Iteration[30/1240], entropy: 0.4989, uncertainty: 3.3727, uncertainty_coeffi: 0.0010, loss: 0.1459, lr: 9.05e-05
     Epoch[9] Iteration[40/1240], entropy: 0.4197, uncertainty: 3.8710, uncertainty_coeffi: 0.0010, loss: 0.1107, lr: 9.05e-05
     Epoch[9] Iteration[50/1240], entropy: 0.4943, uncertainty: 3.0386, uncertainty_coeffi: 0.0010, loss: 0.2034, lr: 9.05e-05
     Epoch[9] Iteration[60/1240], entropy: 0.5448, uncertainty: 2.9680, uncertainty_coeffi: 0.0010, loss: 0.2207, lr: 9.05e-05
     Epoch[9] Iteration[70/1240], entropy: 0.5024, uncertainty: 2.4046, uncertainty_coeffi: 0.0010, loss: 0.2262, lr: 9.05e-05
     Epoch[9] Iteration[80/1240], entropy: 0.3803, uncertainty: 3.1700, uncertainty_coeffi: 0.0010, loss: 0.1229, lr: 9.05e-05
     Epoch[9] Iteration[90/1240], entropy: 0.6538, uncertainty: 4.5994, uncertainty_coeffi: 0.0010, loss: 0.1657, lr: 9.05e-05
     Epoch[9] Iteration[100/1240], entropy: 0.6613, uncertainty: 2.9266, uncertainty_coeffi: 0.0010, loss: 0.3011, lr: 9.05e-05
     Epoch[9] Iteration[110/1240], entropy: 0.4478, uncertainty: 3.1170, uncertainty_coeffi: 0.0010, loss: 0.1927, lr: 9.05e-05
     Epoch[9] Iteration[120/1240], entropy: 0.4644, uncertainty: 3.5619, uncertainty_coeffi: 0.0010, loss: 0.1263, lr: 9.05e-05
     Epoch[9] Iteration[130/1240], entropy: 0.3045, uncertainty: 2.3575, uncertainty_coeffi: 0.0010, loss: 0.1740, lr: 9.05e-05
     Epoch[9] Iteration[140/1240], entropy: 0.3728, uncertainty: 3.6276, uncertainty_coeffi: 0.0010, loss: 0.1260, lr: 9.05e-05
     Epoch[9] Iteration[150/1240], entropy: 0.5153, uncertainty: 2.4620, uncertainty_coeffi: 0.0010, loss: 0.2447, lr: 9.05e-05
     Epoch[9] Iteration[160/1240], entropy: 0.4084, uncertainty: 2.6081, uncertainty_coeffi: 0.0010, loss: 0.2270, lr: 9.05e-05
     Epoch[9] Iteration[170/1240], entropy: 0.4942, uncertainty: 3.2974, uncertainty_coeffi: 0.0010, loss: 0.1783, lr: 9.05e-05
     Epoch[9] Iteration[180/1240], entropy: 0.6747, uncertainty: 4.0362, uncertainty_coeffi: 0.0010, loss: 0.2349, lr: 9.05e-05
     Epoch[9] Iteration[190/1240], entropy: 0.2038, uncertainty: 3.3380, uncertainty_coeffi: 0.0010, loss: 0.0704, lr: 9.05e-05
     Epoch[9] Iteration[200/1240], entropy: 0.5787, uncertainty: 3.3781, uncertainty_coeffi: 0.0010, loss: 0.1969, lr: 9.05e-05
     Epoch[9] Iteration[210/1240], entropy: 0.3995, uncertainty: 2.3372, uncertainty_coeffi: 0.0010, loss: 0.1899, lr: 9.05e-05
     Epoch[9] Iteration[220/1240], entropy: 0.3923, uncertainty: 4.0851, uncertainty_coeffi: 0.0010, loss: 0.1081, lr: 9.05e-05
     Epoch[9] Iteration[230/1240], entropy: 0.4829, uncertainty: 4.0514, uncertainty_coeffi: 0.0010, loss: 0.1125, lr: 9.05e-05
     Epoch[9] Iteration[240/1240], entropy: 0.3935, uncertainty: 3.2647, uncertainty_coeffi: 0.0010, loss: 0.1647, lr: 9.05e-05
     Epoch[9] Iteration[250/1240], entropy: 0.4799, uncertainty: 3.1490, uncertainty_coeffi: 0.0010, loss: 0.1736, lr: 9.05e-05
     Epoch[9] Iteration[260/1240], entropy: 0.7521, uncertainty: 3.0728, uncertainty_coeffi: 0.0010, loss: 0.3455, lr: 9.05e-05
     Epoch[9] Iteration[270/1240], entropy: 0.5473, uncertainty: 3.1483, uncertainty_coeffi: 0.0010, loss: 0.2372, lr: 9.05e-05
     Epoch[9] Iteration[280/1240], entropy: 0.6050, uncertainty: 3.9350, uncertainty_coeffi: 0.0010, loss: 0.1523, lr: 9.05e-05
     Epoch[9] Iteration[290/1240], entropy: 0.2598, uncertainty: 2.9560, uncertainty_coeffi: 0.0010, loss: 0.1212, lr: 9.05e-05
     Epoch[9] Iteration[300/1240], entropy: 0.3475, uncertainty: 2.9712, uncertainty_coeffi: 0.0010, loss: 0.1486, lr: 9.05e-05
     Epoch[9] Iteration[310/1240], entropy: 0.7464, uncertainty: 3.8703, uncertainty_coeffi: 0.0010, loss: 0.2575, lr: 9.05e-05
     Epoch[9] Iteration[320/1240], entropy: 0.4374, uncertainty: 4.1101, uncertainty_coeffi: 0.0010, loss: 0.1408, lr: 9.05e-05
     Epoch[9] Iteration[330/1240], entropy: 0.2880, uncertainty: 3.2544, uncertainty_coeffi: 0.0010, loss: 0.1065, lr: 9.05e-05
     Epoch[9] Iteration[340/1240], entropy: 0.4261, uncertainty: 3.0668, uncertainty_coeffi: 0.0010, loss: 0.2315, lr: 9.05e-05
     Epoch[9] Iteration[350/1240], entropy: 0.4213, uncertainty: 3.0609, uncertainty_coeffi: 0.0010, loss: 0.1572, lr: 9.05e-05
     Epoch[9] Iteration[360/1240], entropy: 0.4110, uncertainty: 2.6279, uncertainty_coeffi: 0.0010, loss: 0.1945, lr: 9.05e-05
     Epoch[9] Iteration[370/1240], entropy: 0.3408, uncertainty: 2.4485, uncertainty_coeffi: 0.0010, loss: 0.2087, lr: 9.05e-05
     Epoch[9] Iteration[380/1240], entropy: 0.7126, uncertainty: 4.7606, uncertainty_coeffi: 0.0010, loss: 0.2279, lr: 9.05e-05
     Epoch[9] Iteration[390/1240], entropy: 0.2371, uncertainty: 2.9181, uncertainty_coeffi: 0.0010, loss: 0.1159, lr: 9.05e-05
     Epoch[9] Iteration[400/1240], entropy: 0.3841, uncertainty: 3.1785, uncertainty_coeffi: 0.0010, loss: 0.1824, lr: 9.05e-05
     Epoch[9] Iteration[410/1240], entropy: 0.3904, uncertainty: 2.5370, uncertainty_coeffi: 0.0010, loss: 0.2004, lr: 9.05e-05
     Epoch[9] Iteration[420/1240], entropy: 0.5713, uncertainty: 2.8825, uncertainty_coeffi: 0.0010, loss: 0.2492, lr: 9.05e-05
     Epoch[9] Iteration[430/1240], entropy: 0.4191, uncertainty: 3.4361, uncertainty_coeffi: 0.0010, loss: 0.1390, lr: 9.05e-05
     Epoch[9] Iteration[440/1240], entropy: 0.3743, uncertainty: 3.0946, uncertainty_coeffi: 0.0010, loss: 0.1134, lr: 9.05e-05
     Epoch[9] Iteration[450/1240], entropy: 0.5480, uncertainty: 2.3753, uncertainty_coeffi: 0.0010, loss: 0.2293, lr: 9.05e-05
     Epoch[9] Iteration[460/1240], entropy: 0.2777, uncertainty: 3.8791, uncertainty_coeffi: 0.0010, loss: 0.0715, lr: 9.05e-05
     Epoch[9] Iteration[470/1240], entropy: 0.4050, uncertainty: 3.2938, uncertainty_coeffi: 0.0010, loss: 0.1472, lr: 9.05e-05
     Epoch[9] Iteration[480/1240], entropy: 0.4938, uncertainty: 3.3885, uncertainty_coeffi: 0.0010, loss: 0.1648, lr: 9.05e-05
     Epoch[9] Iteration[490/1240], entropy: 0.4630, uncertainty: 3.0055, uncertainty_coeffi: 0.0010, loss: 0.1533, lr: 9.05e-05
     Epoch[9] Iteration[500/1240], entropy: 0.4543, uncertainty: 3.4465, uncertainty_coeffi: 0.0010, loss: 0.1377, lr: 9.05e-05
     Epoch[9] Iteration[510/1240], entropy: 0.4621, uncertainty: 3.9802, uncertainty_coeffi: 0.0010, loss: 0.1233, lr: 9.05e-05
     Epoch[9] Iteration[520/1240], entropy: 0.4769, uncertainty: 3.0707, uncertainty_coeffi: 0.0010, loss: 0.2160, lr: 9.05e-05
     Epoch[9] Iteration[530/1240], entropy: 0.5618, uncertainty: 3.2367, uncertainty_coeffi: 0.0010, loss: 0.2461, lr: 9.05e-05
     Epoch[9] Iteration[540/1240], entropy: 0.5707, uncertainty: 4.0024, uncertainty_coeffi: 0.0010, loss: 0.1772, lr: 9.05e-05
     Epoch[9] Iteration[550/1240], entropy: 0.4181, uncertainty: 3.8116, uncertainty_coeffi: 0.0010, loss: 0.1089, lr: 9.05e-05
     Epoch[9] Iteration[560/1240], entropy: 0.4722, uncertainty: 3.7203, uncertainty_coeffi: 0.0010, loss: 0.1569, lr: 9.05e-05
     Epoch[9] Iteration[570/1240], entropy: 0.6103, uncertainty: 3.2562, uncertainty_coeffi: 0.0010, loss: 0.1666, lr: 9.05e-05
     Epoch[9] Iteration[580/1240], entropy: 0.7878, uncertainty: 3.4289, uncertainty_coeffi: 0.0010, loss: 0.2694, lr: 9.05e-05
     Epoch[9] Iteration[590/1240], entropy: 0.2362, uncertainty: 3.0094, uncertainty_coeffi: 0.0010, loss: 0.1250, lr: 9.05e-05
     Epoch[9] Iteration[600/1240], entropy: 0.5434, uncertainty: 3.3246, uncertainty_coeffi: 0.0010, loss: 0.2193, lr: 9.05e-05
     Epoch[9] Iteration[610/1240], entropy: 0.5629, uncertainty: 3.2793, uncertainty_coeffi: 0.0010, loss: 0.2229, lr: 9.05e-05
     Epoch[9] Iteration[620/1240], entropy: 0.4920, uncertainty: 3.7342, uncertainty_coeffi: 0.0010, loss: 0.1716, lr: 9.05e-05
     Epoch[9] Iteration[630/1240], entropy: 0.3707, uncertainty: 3.0659, uncertainty_coeffi: 0.0010, loss: 0.1418, lr: 9.05e-05
     Epoch[9] Iteration[640/1240], entropy: 0.5578, uncertainty: 4.3827, uncertainty_coeffi: 0.0010, loss: 0.1581, lr: 9.05e-05
     Epoch[9] Iteration[650/1240], entropy: 0.4998, uncertainty: 3.7241, uncertainty_coeffi: 0.0010, loss: 0.2038, lr: 9.05e-05
     Epoch[9] Iteration[660/1240], entropy: 0.6148, uncertainty: 3.5357, uncertainty_coeffi: 0.0010, loss: 0.2127, lr: 9.05e-05
     Epoch[9] Iteration[670/1240], entropy: 0.4061, uncertainty: 2.4276, uncertainty_coeffi: 0.0010, loss: 0.2335, lr: 9.05e-05
     Epoch[9] Iteration[680/1240], entropy: 0.5098, uncertainty: 3.2865, uncertainty_coeffi: 0.0010, loss: 0.1667, lr: 9.05e-05
     Epoch[9] Iteration[690/1240], entropy: 0.5622, uncertainty: 3.7519, uncertainty_coeffi: 0.0010, loss: 0.2011, lr: 9.05e-05
     Epoch[9] Iteration[700/1240], entropy: 0.3390, uncertainty: 3.5174, uncertainty_coeffi: 0.0010, loss: 0.1072, lr: 9.05e-05
     Epoch[9] Iteration[710/1240], entropy: 0.3589, uncertainty: 3.4319, uncertainty_coeffi: 0.0010, loss: 0.1619, lr: 9.05e-05
     Epoch[9] Iteration[720/1240], entropy: 0.5270, uncertainty: 2.4135, uncertainty_coeffi: 0.0010, loss: 0.2657, lr: 9.05e-05
     Epoch[9] Iteration[730/1240], entropy: 0.5796, uncertainty: 3.5894, uncertainty_coeffi: 0.0010, loss: 0.1928, lr: 9.05e-05
     Epoch[9] Iteration[740/1240], entropy: 0.5076, uncertainty: 3.3494, uncertainty_coeffi: 0.0010, loss: 0.1495, lr: 9.05e-05
     Epoch[9] Iteration[750/1240], entropy: 0.5274, uncertainty: 2.7650, uncertainty_coeffi: 0.0010, loss: 0.2215, lr: 9.05e-05
     Epoch[9] Iteration[760/1240], entropy: 0.5594, uncertainty: 3.5126, uncertainty_coeffi: 0.0010, loss: 0.2163, lr: 9.05e-05
     Epoch[9] Iteration[770/1240], entropy: 0.4298, uncertainty: 3.4818, uncertainty_coeffi: 0.0010, loss: 0.1225, lr: 9.05e-05
     Epoch[9] Iteration[780/1240], entropy: 0.4018, uncertainty: 2.6841, uncertainty_coeffi: 0.0010, loss: 0.1838, lr: 9.05e-05
     Epoch[9] Iteration[790/1240], entropy: 0.4451, uncertainty: 2.9132, uncertainty_coeffi: 0.0010, loss: 0.1641, lr: 9.05e-05
     Epoch[9] Iteration[800/1240], entropy: 0.4301, uncertainty: 2.7762, uncertainty_coeffi: 0.0010, loss: 0.1647, lr: 9.05e-05
     Epoch[9] Iteration[810/1240], entropy: 0.6216, uncertainty: 3.6333, uncertainty_coeffi: 0.0010, loss: 0.1883, lr: 9.05e-05
     Epoch[9] Iteration[820/1240], entropy: 0.4915, uncertainty: 3.2312, uncertainty_coeffi: 0.0010, loss: 0.1555, lr: 9.05e-05
     Epoch[9] Iteration[830/1240], entropy: 0.5512, uncertainty: 2.5903, uncertainty_coeffi: 0.0010, loss: 0.2204, lr: 9.05e-05
     Epoch[9] Iteration[840/1240], entropy: 0.4459, uncertainty: 3.4238, uncertainty_coeffi: 0.0010, loss: 0.1357, lr: 9.05e-05
     Epoch[9] Iteration[850/1240], entropy: 0.6163, uncertainty: 2.6525, uncertainty_coeffi: 0.0010, loss: 0.2326, lr: 9.05e-05
     Epoch[9] Iteration[860/1240], entropy: 0.3594, uncertainty: 3.1245, uncertainty_coeffi: 0.0010, loss: 0.1400, lr: 6.55e-05
     Epoch[9] Iteration[870/1240], entropy: 0.5349, uncertainty: 3.5750, uncertainty_coeffi: 0.0010, loss: 0.1685, lr: 6.55e-05
     Epoch[9] Iteration[880/1240], entropy: 0.4043, uncertainty: 3.6814, uncertainty_coeffi: 0.0010, loss: 0.1364, lr: 6.55e-05
     Epoch[9] Iteration[890/1240], entropy: 0.5082, uncertainty: 3.0532, uncertainty_coeffi: 0.0010, loss: 0.2384, lr: 6.55e-05
     Epoch[9] Iteration[900/1240], entropy: 0.4495, uncertainty: 2.5360, uncertainty_coeffi: 0.0010, loss: 0.2144, lr: 6.55e-05
     Epoch[9] Iteration[910/1240], entropy: 0.5617, uncertainty: 3.9809, uncertainty_coeffi: 0.0010, loss: 0.1503, lr: 6.55e-05
     Epoch[9] Iteration[920/1240], entropy: 0.3213, uncertainty: 2.8461, uncertainty_coeffi: 0.0010, loss: 0.1188, lr: 6.55e-05
     Epoch[9] Iteration[930/1240], entropy: 0.3677, uncertainty: 3.9420, uncertainty_coeffi: 0.0010, loss: 0.1158, lr: 6.55e-05
     Epoch[9] Iteration[940/1240], entropy: 0.4211, uncertainty: 3.7065, uncertainty_coeffi: 0.0010, loss: 0.1316, lr: 6.55e-05
     Epoch[9] Iteration[950/1240], entropy: 0.5112, uncertainty: 3.9471, uncertainty_coeffi: 0.0010, loss: 0.1367, lr: 6.55e-05
     Epoch[9] Iteration[960/1240], entropy: 0.4052, uncertainty: 2.9175, uncertainty_coeffi: 0.0010, loss: 0.1478, lr: 6.55e-05
     Epoch[9] Iteration[970/1240], entropy: 0.5360, uncertainty: 4.0583, uncertainty_coeffi: 0.0010, loss: 0.1651, lr: 6.55e-05
     Epoch[9] Iteration[980/1240], entropy: 0.4286, uncertainty: 2.9526, uncertainty_coeffi: 0.0010, loss: 0.2155, lr: 6.55e-05
     Epoch[9] Iteration[990/1240], entropy: 0.4120, uncertainty: 2.4724, uncertainty_coeffi: 0.0010, loss: 0.1939, lr: 6.55e-05
     Epoch[9] Iteration[1000/1240], entropy: 0.4777, uncertainty: 2.5185, uncertainty_coeffi: 0.0010, loss: 0.2183, lr: 6.55e-05
     Epoch[9] Iteration[1010/1240], entropy: 0.6347, uncertainty: 2.9874, uncertainty_coeffi: 0.0010, loss: 0.2662, lr: 6.55e-05
     Epoch[9] Iteration[1020/1240], entropy: 0.6876, uncertainty: 3.7867, uncertainty_coeffi: 0.0010, loss: 0.2109, lr: 6.55e-05
     Epoch[9] Iteration[1030/1240], entropy: 0.4342, uncertainty: 3.9412, uncertainty_coeffi: 0.0010, loss: 0.1164, lr: 6.55e-05
     Epoch[9] Iteration[1040/1240], entropy: 0.8043, uncertainty: 4.1430, uncertainty_coeffi: 0.0010, loss: 0.1993, lr: 6.55e-05
     Epoch[9] Iteration[1050/1240], entropy: 0.5041, uncertainty: 3.3807, uncertainty_coeffi: 0.0010, loss: 0.2120, lr: 6.55e-05
     Epoch[9] Iteration[1060/1240], entropy: 0.3992, uncertainty: 2.7927, uncertainty_coeffi: 0.0010, loss: 0.1988, lr: 6.55e-05
     Epoch[9] Iteration[1070/1240], entropy: 0.5343, uncertainty: 4.0306, uncertainty_coeffi: 0.0010, loss: 0.1724, lr: 6.55e-05
     Epoch[9] Iteration[1080/1240], entropy: 0.4815, uncertainty: 4.0871, uncertainty_coeffi: 0.0010, loss: 0.1236, lr: 6.55e-05
     Epoch[9] Iteration[1090/1240], entropy: 0.5057, uncertainty: 3.5627, uncertainty_coeffi: 0.0010, loss: 0.2094, lr: 6.55e-05
     Epoch[9] Iteration[1100/1240], entropy: 0.4714, uncertainty: 2.2865, uncertainty_coeffi: 0.0010, loss: 0.2128, lr: 6.55e-05
     Epoch[9] Iteration[1110/1240], entropy: 0.5631, uncertainty: 4.3692, uncertainty_coeffi: 0.0010, loss: 0.1169, lr: 6.55e-05
     Epoch[9] Iteration[1120/1240], entropy: 0.4516, uncertainty: 3.0844, uncertainty_coeffi: 0.0010, loss: 0.1655, lr: 6.55e-05
     Epoch[9] Iteration[1130/1240], entropy: 0.3407, uncertainty: 3.2090, uncertainty_coeffi: 0.0010, loss: 0.1174, lr: 6.55e-05
     Epoch[9] Iteration[1140/1240], entropy: 0.4639, uncertainty: 3.9899, uncertainty_coeffi: 0.0010, loss: 0.1450, lr: 6.55e-05
     Epoch[9] Iteration[1150/1240], entropy: 0.5598, uncertainty: 2.8132, uncertainty_coeffi: 0.0010, loss: 0.2708, lr: 6.55e-05
     Epoch[9] Iteration[1160/1240], entropy: 0.4031, uncertainty: 2.6767, uncertainty_coeffi: 0.0010, loss: 0.1667, lr: 6.55e-05
     Epoch[9] Iteration[1170/1240], entropy: 0.4303, uncertainty: 3.0038, uncertainty_coeffi: 0.0010, loss: 0.1844, lr: 6.55e-05
     Epoch[9] Iteration[1180/1240], entropy: 0.4409, uncertainty: 2.9219, uncertainty_coeffi: 0.0010, loss: 0.2038, lr: 6.55e-05
     Epoch[9] Iteration[1190/1240], entropy: 0.2643, uncertainty: 3.4263, uncertainty_coeffi: 0.0010, loss: 0.1288, lr: 6.55e-05
     Epoch[9] Iteration[1200/1240], entropy: 0.3629, uncertainty: 3.1167, uncertainty_coeffi: 0.0010, loss: 0.1771, lr: 6.55e-05
     Epoch[9] Iteration[1210/1240], entropy: 0.6261, uncertainty: 4.0336, uncertainty_coeffi: 0.0010, loss: 0.1542, lr: 6.55e-05
     Epoch[9] Iteration[1220/1240], entropy: 0.6699, uncertainty: 3.2643, uncertainty_coeffi: 0.0010, loss: 0.3019, lr: 6.55e-05
     Epoch[9] Iteration[1230/1240], entropy: 0.3702, uncertainty: 3.1067, uncertainty_coeffi: 0.0010, loss: 0.1037, lr: 6.55e-05
     Epoch[9] Iteration[1240/1240], entropy: 0.6016, uncertainty: 3.6704, uncertainty_coeffi: 0.0010, loss: 0.1853, lr: 6.55e-05
     Averaged stats: entropy_avg: 0.4781, uncertainty_avg: 3.2961, uncertainty_coeffi_avg: 0.0010, loss_avg: 0.1782, lr_avg: 8.26e-05
     itm tta time 0:03:23
### TTA Eval Score: 
+-------+--------+--------+--------+--------+-------+
| epoch |   R1   |   R5   |  R10   |  mAP   |  mINP |
+-------+--------+--------+--------+--------+-------+
|  -999 | 60.656 | 77.499 | 83.268 | 35.543 | 6.006 |
|   0   | 61.810 | 77.529 | 83.142 | 36.171 | 6.091 |
|   1   | 61.885 | 77.524 | 83.026 | 36.133 | 6.046 |
|   2   | 61.835 | 77.469 | 82.976 | 36.099 | 6.055 |
|   4   | 61.880 | 77.378 | 82.991 | 36.061 | 5.986 |
|   9   | 61.951 | 77.222 | 82.860 | 36.023 | 5.958 |
+-------+--------+--------+--------+--------+-------+
     logs:  {'epo': 9, 'R1': np.float32(61.951), 'R5': np.float32(77.222), 'R10': np.float32(82.86), 'mAP': np.float32(36.023), 'mINP': np.float32(5.958), 'entropy': 0.4780872163753356, 'uncertainty': 3.296060823625134, 'uncertainty_coeffi': 0.0010000000474974513, 'loss': 0.17816375153920344, 'lr': 8.258794649293749e-05}
### best epoch 9 : {'epo': '9', 'R1': '61.951', 'R5': '77.222', 'R10': '82.86', 'mAP': '36.023', 'mINP': '5.958', 'entropy': '0.4780872163753356', 'uncertainty': '3.296060823625134', 'uncertainty_coeffi': '0.0010000000474974513', 'loss': '0.17816375153920344', 'lr': '8.258794649293749e-05'}
### Time 0:42:26
