Not using distributed mode
### Hyper-parameters:
     output_dir: output_rerun2/ham_icfg_tta/exp8/exp8/2025091617021
     seed: 42
     device: cuda
     batch_size_tta: 16
     epochs: 10
     lr: 1e-05
### Creating test dataset
     test_txt_set: 19848    test_img_set: 19848
     test_txt_loader: 39    test_img_loader: 39
### Creating model
Training Model with ['sdm', 'id', 'mlm'] tasks
Resized position embedding from size:torch.Size([1, 197, 768]) to size: torch.Size([1, 193, 768]) with height:24 width: 8
     Total Params Sum:  190482206
### Zero-Shot Score: 
/data2/jiahao/task/IRRA/tta.py:281: FutureWarning: `torch.cuda.amp.GradScaler(args...)` is deprecated. Please use `torch.amp.GradScaler('cuda', args...)` instead.
  scaler = GradScaler()  # bf16
+-------+--------+--------+--------+--------+-------+
| epoch |   R1   |   R5   |  R10   |  mAP   |  mINP |
+-------+--------+--------+--------+--------+-------+
|  -999 | 60.631 | 77.519 | 83.268 | 35.542 | 6.004 |
+-------+--------+--------+--------+--------+-------+
### TTA:
### Compute Cos Similarity Uncertainty
     preprocess_tta_coefficients  start
     sample selection ...
     number of sample after sample_selection: 19848
     uncertainty ...
     pos/neg sampling ...
      number of sample after pos/neg sampling: torch.Size([19848, 8])
     preprocess_tta_coefficients  end
### Creating TTA dataset
     tta_dataset: 19848
### Creating tta dataloader
### be careful: func create_loader returns a list length of 1
     tta_loader: 1240
### Configure adapted weights
     TTA Dropout Modules: 
 []
     TTA Require Gradient Params: 
 [('base_model.transformer.resblocks.1.ln_1.weight', torch.Size([512])), ('base_model.transformer.resblocks.1.ln_1.bias', torch.Size([512])), ('base_model.transformer.resblocks.1.ln_2.weight', torch.Size([512])), ('base_model.transformer.resblocks.1.ln_2.bias', torch.Size([512])), ('base_model.transformer.resblocks.2.ln_1.weight', torch.Size([512])), ('base_model.transformer.resblocks.2.ln_1.bias', torch.Size([512])), ('base_model.transformer.resblocks.2.ln_2.weight', torch.Size([512])), ('base_model.transformer.resblocks.2.ln_2.bias', torch.Size([512])), ('base_model.transformer.resblocks.3.ln_1.weight', torch.Size([512])), ('base_model.transformer.resblocks.3.ln_1.bias', torch.Size([512])), ('base_model.transformer.resblocks.3.ln_2.weight', torch.Size([512])), ('base_model.transformer.resblocks.3.ln_2.bias', torch.Size([512])), ('base_model.transformer.resblocks.4.ln_1.weight', torch.Size([512])), ('base_model.transformer.resblocks.4.ln_1.bias', torch.Size([512])), ('base_model.transformer.resblocks.4.ln_2.weight', torch.Size([512])), ('base_model.transformer.resblocks.4.ln_2.bias', torch.Size([512])), ('base_model.transformer.resblocks.5.ln_1.weight', torch.Size([512])), ('base_model.transformer.resblocks.5.ln_1.bias', torch.Size([512])), ('base_model.transformer.resblocks.5.ln_2.weight', torch.Size([512])), ('base_model.transformer.resblocks.5.ln_2.bias', torch.Size([512])), ('base_model.transformer.resblocks.7.ln_1.weight', torch.Size([512])), ('base_model.transformer.resblocks.7.ln_1.bias', torch.Size([512])), ('base_model.transformer.resblocks.7.ln_2.weight', torch.Size([512])), ('base_model.transformer.resblocks.7.ln_2.bias', torch.Size([512])), ('base_model.transformer.resblocks.8.ln_1.weight', torch.Size([512])), ('base_model.transformer.resblocks.8.ln_1.bias', torch.Size([512])), ('base_model.transformer.resblocks.8.ln_2.weight', torch.Size([512])), ('base_model.transformer.resblocks.8.ln_2.bias', torch.Size([512])), ('base_model.transformer.resblocks.9.ln_1.weight', torch.Size([512])), ('base_model.transformer.resblocks.9.ln_1.bias', torch.Size([512])), ('base_model.transformer.resblocks.9.ln_2.weight', torch.Size([512])), ('base_model.transformer.resblocks.9.ln_2.bias', torch.Size([512])), ('base_model.transformer.resblocks.10.ln_1.weight', torch.Size([512])), ('base_model.transformer.resblocks.10.ln_1.bias', torch.Size([512])), ('base_model.transformer.resblocks.10.ln_2.weight', torch.Size([512])), ('base_model.transformer.resblocks.10.ln_2.bias', torch.Size([512])), ('base_model.transformer.resblocks.11.ln_1.weight', torch.Size([512])), ('base_model.transformer.resblocks.11.ln_1.bias', torch.Size([512])), ('base_model.transformer.resblocks.11.ln_2.weight', torch.Size([512])), ('base_model.transformer.resblocks.11.ln_2.bias', torch.Size([512])), ('base_model.ln_final.weight', torch.Size([512])), ('base_model.ln_final.bias', torch.Size([512]))]
     TTA Dropout Modules Number: 
 0
     TTA Require Gradient Params Sum: 
 21504
Using 5.0 times learning rate for random init module 
### Start Test Time Adaptation : num_epoch = 10
/data2/jiahao/task/IRRA/tta.py:67: FutureWarning: `torch.cuda.amp.autocast(args...)` is deprecated. Please use `torch.amp.autocast('cuda', args...)` instead.
  with torch.cuda.amp.autocast(enabled=True):
     Epoch[0] Iteration[10/1240], entropy: 0.6255, uncertainty: 3.4653, uncertainty_coeffi: 0.0100, loss: 0.2231, lr: 9.55e-07
     Epoch[0] Iteration[20/1240], entropy: 0.4732, uncertainty: 2.2518, uncertainty_coeffi: 0.0100, loss: 0.2225, lr: 9.55e-07
     Epoch[0] Iteration[30/1240], entropy: 0.8178, uncertainty: 3.8211, uncertainty_coeffi: 0.0100, loss: 0.2629, lr: 9.55e-07
     Epoch[0] Iteration[40/1240], entropy: 0.8330, uncertainty: 3.0428, uncertainty_coeffi: 0.0100, loss: 0.3884, lr: 9.55e-07
     Epoch[0] Iteration[50/1240], entropy: 0.6280, uncertainty: 3.5221, uncertainty_coeffi: 0.0100, loss: 0.2384, lr: 9.55e-07
     Epoch[0] Iteration[60/1240], entropy: 0.6538, uncertainty: 3.1140, uncertainty_coeffi: 0.0100, loss: 0.2907, lr: 9.55e-07
     Epoch[0] Iteration[70/1240], entropy: 0.7271, uncertainty: 3.5214, uncertainty_coeffi: 0.0100, loss: 0.2578, lr: 9.55e-07
     Epoch[0] Iteration[80/1240], entropy: 0.6908, uncertainty: 4.1770, uncertainty_coeffi: 0.0100, loss: 0.2573, lr: 9.55e-07
     Epoch[0] Iteration[90/1240], entropy: 0.5171, uncertainty: 3.4430, uncertainty_coeffi: 0.0100, loss: 0.1916, lr: 9.55e-07
     Epoch[0] Iteration[100/1240], entropy: 0.7874, uncertainty: 3.1887, uncertainty_coeffi: 0.0100, loss: 0.3890, lr: 9.55e-07
     Epoch[0] Iteration[110/1240], entropy: 0.5207, uncertainty: 2.3560, uncertainty_coeffi: 0.0100, loss: 0.2864, lr: 9.55e-07
     Epoch[0] Iteration[120/1240], entropy: 0.4841, uncertainty: 3.1408, uncertainty_coeffi: 0.0100, loss: 0.2147, lr: 9.55e-07
     Epoch[0] Iteration[130/1240], entropy: 0.6575, uncertainty: 4.0848, uncertainty_coeffi: 0.0100, loss: 0.2657, lr: 9.55e-07
     Epoch[0] Iteration[140/1240], entropy: 0.6808, uncertainty: 4.5622, uncertainty_coeffi: 0.0100, loss: 0.2309, lr: 9.55e-07
     Epoch[0] Iteration[150/1240], entropy: 0.6360, uncertainty: 3.2906, uncertainty_coeffi: 0.0100, loss: 0.3113, lr: 9.55e-07
     Epoch[0] Iteration[160/1240], entropy: 0.5234, uncertainty: 2.8423, uncertainty_coeffi: 0.0100, loss: 0.2563, lr: 9.55e-07
     Epoch[0] Iteration[170/1240], entropy: 0.6681, uncertainty: 3.3769, uncertainty_coeffi: 0.0100, loss: 0.2890, lr: 9.55e-07
     Epoch[0] Iteration[180/1240], entropy: 0.3659, uncertainty: 3.0171, uncertainty_coeffi: 0.0100, loss: 0.1520, lr: 9.55e-07
     Epoch[0] Iteration[190/1240], entropy: 0.4559, uncertainty: 2.5756, uncertainty_coeffi: 0.0100, loss: 0.2319, lr: 9.55e-07
     Epoch[0] Iteration[200/1240], entropy: 0.4798, uncertainty: 2.9442, uncertainty_coeffi: 0.0100, loss: 0.2089, lr: 9.55e-07
     Epoch[0] Iteration[210/1240], entropy: 0.6306, uncertainty: 3.5414, uncertainty_coeffi: 0.0100, loss: 0.2886, lr: 9.55e-07
     Epoch[0] Iteration[220/1240], entropy: 0.4600, uncertainty: 4.5127, uncertainty_coeffi: 0.0100, loss: 0.1690, lr: 9.55e-07
     Epoch[0] Iteration[230/1240], entropy: 0.5239, uncertainty: 2.7655, uncertainty_coeffi: 0.0100, loss: 0.2658, lr: 9.55e-07
     Epoch[0] Iteration[240/1240], entropy: 0.5605, uncertainty: 3.3470, uncertainty_coeffi: 0.0100, loss: 0.2316, lr: 9.55e-07
     Epoch[0] Iteration[250/1240], entropy: 0.7324, uncertainty: 3.2180, uncertainty_coeffi: 0.0100, loss: 0.2782, lr: 9.55e-07
     Epoch[0] Iteration[260/1240], entropy: 0.7339, uncertainty: 3.5162, uncertainty_coeffi: 0.0100, loss: 0.3764, lr: 9.55e-07
     Epoch[0] Iteration[270/1240], entropy: 0.5833, uncertainty: 4.1655, uncertainty_coeffi: 0.0100, loss: 0.1962, lr: 9.55e-07
     Epoch[0] Iteration[280/1240], entropy: 0.6337, uncertainty: 2.9714, uncertainty_coeffi: 0.0100, loss: 0.2904, lr: 9.55e-07
     Epoch[0] Iteration[290/1240], entropy: 0.5053, uncertainty: 3.0818, uncertainty_coeffi: 0.0100, loss: 0.2195, lr: 9.55e-07
     Epoch[0] Iteration[300/1240], entropy: 0.5119, uncertainty: 2.8164, uncertainty_coeffi: 0.0100, loss: 0.2498, lr: 9.55e-07
     Epoch[0] Iteration[310/1240], entropy: 0.6727, uncertainty: 2.0973, uncertainty_coeffi: 0.0100, loss: 0.3875, lr: 9.55e-07
     Epoch[0] Iteration[320/1240], entropy: 0.5242, uncertainty: 3.6250, uncertainty_coeffi: 0.0100, loss: 0.1977, lr: 9.55e-07
     Epoch[0] Iteration[330/1240], entropy: 0.9313, uncertainty: 2.9068, uncertainty_coeffi: 0.0100, loss: 0.4468, lr: 9.55e-07
     Epoch[0] Iteration[340/1240], entropy: 0.4825, uncertainty: 3.0662, uncertainty_coeffi: 0.0100, loss: 0.2004, lr: 9.55e-07
     Epoch[0] Iteration[350/1240], entropy: 0.6539, uncertainty: 3.5793, uncertainty_coeffi: 0.0100, loss: 0.2773, lr: 9.55e-07
     Epoch[0] Iteration[360/1240], entropy: 0.5712, uncertainty: 2.5499, uncertainty_coeffi: 0.0100, loss: 0.2547, lr: 9.55e-07
     Epoch[0] Iteration[370/1240], entropy: 0.6163, uncertainty: 2.8807, uncertainty_coeffi: 0.0100, loss: 0.2918, lr: 9.55e-07
     Epoch[0] Iteration[380/1240], entropy: 0.7043, uncertainty: 3.0935, uncertainty_coeffi: 0.0100, loss: 0.3860, lr: 9.55e-07
     Epoch[0] Iteration[390/1240], entropy: 0.5446, uncertainty: 3.6819, uncertainty_coeffi: 0.0100, loss: 0.2203, lr: 9.55e-07
     Epoch[0] Iteration[400/1240], entropy: 0.5440, uncertainty: 2.5416, uncertainty_coeffi: 0.0100, loss: 0.2578, lr: 9.55e-07
     Epoch[0] Iteration[410/1240], entropy: 0.4932, uncertainty: 2.4467, uncertainty_coeffi: 0.0100, loss: 0.2454, lr: 9.55e-07
     Epoch[0] Iteration[420/1240], entropy: 0.5761, uncertainty: 3.3579, uncertainty_coeffi: 0.0100, loss: 0.1968, lr: 9.55e-07
     Epoch[0] Iteration[430/1240], entropy: 0.7737, uncertainty: 3.6594, uncertainty_coeffi: 0.0100, loss: 0.2736, lr: 9.55e-07
     Epoch[0] Iteration[440/1240], entropy: 0.4927, uncertainty: 3.7151, uncertainty_coeffi: 0.0100, loss: 0.2135, lr: 9.55e-07
     Epoch[0] Iteration[450/1240], entropy: 0.8350, uncertainty: 3.2905, uncertainty_coeffi: 0.0100, loss: 0.3658, lr: 9.55e-07
     Epoch[0] Iteration[460/1240], entropy: 0.6733, uncertainty: 3.4187, uncertainty_coeffi: 0.0100, loss: 0.2992, lr: 9.55e-07
     Epoch[0] Iteration[470/1240], entropy: 0.7921, uncertainty: 3.3261, uncertainty_coeffi: 0.0100, loss: 0.2986, lr: 9.55e-07
     Epoch[0] Iteration[480/1240], entropy: 0.6044, uncertainty: 3.4969, uncertainty_coeffi: 0.0100, loss: 0.2366, lr: 9.55e-07
     Epoch[0] Iteration[490/1240], entropy: 0.5717, uncertainty: 3.2273, uncertainty_coeffi: 0.0100, loss: 0.2229, lr: 9.55e-07
     Epoch[0] Iteration[500/1240], entropy: 0.9111, uncertainty: 3.3557, uncertainty_coeffi: 0.0100, loss: 0.3409, lr: 9.55e-07
     Epoch[0] Iteration[510/1240], entropy: 0.7653, uncertainty: 3.7421, uncertainty_coeffi: 0.0100, loss: 0.2832, lr: 9.55e-07
     Epoch[0] Iteration[520/1240], entropy: 0.5090, uncertainty: 4.0263, uncertainty_coeffi: 0.0100, loss: 0.2067, lr: 9.55e-07
     Epoch[0] Iteration[530/1240], entropy: 0.5647, uncertainty: 3.2258, uncertainty_coeffi: 0.0100, loss: 0.2342, lr: 9.55e-07
     Epoch[0] Iteration[540/1240], entropy: 0.7082, uncertainty: 3.0377, uncertainty_coeffi: 0.0100, loss: 0.2983, lr: 9.55e-07
     Epoch[0] Iteration[550/1240], entropy: 0.5836, uncertainty: 3.0210, uncertainty_coeffi: 0.0100, loss: 0.2449, lr: 9.55e-07
     Epoch[0] Iteration[560/1240], entropy: 0.6508, uncertainty: 3.1537, uncertainty_coeffi: 0.0100, loss: 0.2780, lr: 9.55e-07
     Epoch[0] Iteration[570/1240], entropy: 0.7858, uncertainty: 3.6483, uncertainty_coeffi: 0.0100, loss: 0.2879, lr: 9.55e-07
     Epoch[0] Iteration[580/1240], entropy: 0.6430, uncertainty: 3.0209, uncertainty_coeffi: 0.0100, loss: 0.3145, lr: 9.55e-07
     Epoch[0] Iteration[590/1240], entropy: 0.6127, uncertainty: 3.5545, uncertainty_coeffi: 0.0100, loss: 0.1971, lr: 9.55e-07
     Epoch[0] Iteration[600/1240], entropy: 0.6109, uncertainty: 2.8850, uncertainty_coeffi: 0.0100, loss: 0.2678, lr: 9.55e-07
     Epoch[0] Iteration[610/1240], entropy: 0.7052, uncertainty: 3.2582, uncertainty_coeffi: 0.0100, loss: 0.2995, lr: 9.55e-07
     Epoch[0] Iteration[620/1240], entropy: 0.9644, uncertainty: 3.9252, uncertainty_coeffi: 0.0100, loss: 0.3515, lr: 9.55e-07
     Epoch[0] Iteration[630/1240], entropy: 0.5293, uncertainty: 3.3258, uncertainty_coeffi: 0.0100, loss: 0.2294, lr: 9.55e-07
     Epoch[0] Iteration[640/1240], entropy: 0.6509, uncertainty: 3.0697, uncertainty_coeffi: 0.0100, loss: 0.2945, lr: 9.55e-07
     Epoch[0] Iteration[650/1240], entropy: 0.3823, uncertainty: 2.6542, uncertainty_coeffi: 0.0100, loss: 0.1952, lr: 9.55e-07
     Epoch[0] Iteration[660/1240], entropy: 0.4021, uncertainty: 3.0781, uncertainty_coeffi: 0.0100, loss: 0.1723, lr: 9.55e-07
     Epoch[0] Iteration[670/1240], entropy: 0.6947, uncertainty: 3.6344, uncertainty_coeffi: 0.0100, loss: 0.2531, lr: 9.55e-07
     Epoch[0] Iteration[680/1240], entropy: 0.6214, uncertainty: 2.8009, uncertainty_coeffi: 0.0100, loss: 0.3293, lr: 9.55e-07
     Epoch[0] Iteration[690/1240], entropy: 0.5951, uncertainty: 2.9060, uncertainty_coeffi: 0.0100, loss: 0.2604, lr: 9.55e-07
     Epoch[0] Iteration[700/1240], entropy: 0.7169, uncertainty: 2.9186, uncertainty_coeffi: 0.0100, loss: 0.3266, lr: 9.55e-07
     Epoch[0] Iteration[710/1240], entropy: 0.5585, uncertainty: 2.4499, uncertainty_coeffi: 0.0100, loss: 0.3276, lr: 9.55e-07
     Epoch[0] Iteration[720/1240], entropy: 0.4917, uncertainty: 3.8193, uncertainty_coeffi: 0.0100, loss: 0.2107, lr: 9.55e-07
     Epoch[0] Iteration[730/1240], entropy: 0.6944, uncertainty: 3.8685, uncertainty_coeffi: 0.0100, loss: 0.2258, lr: 9.55e-07
     Epoch[0] Iteration[740/1240], entropy: 0.4749, uncertainty: 2.8277, uncertainty_coeffi: 0.0100, loss: 0.2363, lr: 9.55e-07
     Epoch[0] Iteration[750/1240], entropy: 0.6570, uncertainty: 3.3980, uncertainty_coeffi: 0.0100, loss: 0.2239, lr: 9.55e-07
     Epoch[0] Iteration[760/1240], entropy: 0.8625, uncertainty: 2.6716, uncertainty_coeffi: 0.0100, loss: 0.3922, lr: 9.55e-07
     Epoch[0] Iteration[770/1240], entropy: 0.7127, uncertainty: 3.5291, uncertainty_coeffi: 0.0100, loss: 0.2549, lr: 9.55e-07
     Epoch[0] Iteration[780/1240], entropy: 0.5455, uncertainty: 4.2381, uncertainty_coeffi: 0.0100, loss: 0.2080, lr: 9.55e-07
     Epoch[0] Iteration[790/1240], entropy: 0.5655, uncertainty: 2.7517, uncertainty_coeffi: 0.0100, loss: 0.2503, lr: 9.55e-07
     Epoch[0] Iteration[800/1240], entropy: 0.6314, uncertainty: 4.3792, uncertainty_coeffi: 0.0100, loss: 0.2259, lr: 9.55e-07
     Epoch[0] Iteration[810/1240], entropy: 0.8038, uncertainty: 4.0245, uncertainty_coeffi: 0.0100, loss: 0.2827, lr: 9.55e-07
     Epoch[0] Iteration[820/1240], entropy: 0.6702, uncertainty: 4.0714, uncertainty_coeffi: 0.0100, loss: 0.2367, lr: 9.55e-07
     Epoch[0] Iteration[830/1240], entropy: 0.4743, uncertainty: 2.8454, uncertainty_coeffi: 0.0100, loss: 0.2970, lr: 9.55e-07
     Epoch[0] Iteration[840/1240], entropy: 0.5743, uncertainty: 4.0529, uncertainty_coeffi: 0.0100, loss: 0.1873, lr: 9.55e-07
     Epoch[0] Iteration[850/1240], entropy: 0.7760, uncertainty: 3.8442, uncertainty_coeffi: 0.0100, loss: 0.2883, lr: 9.55e-07
     Epoch[0] Iteration[860/1240], entropy: 0.7328, uncertainty: 3.7724, uncertainty_coeffi: 0.0100, loss: 0.2448, lr: 9.55e-07
     Epoch[0] Iteration[870/1240], entropy: 0.6674, uncertainty: 3.4523, uncertainty_coeffi: 0.0100, loss: 0.2640, lr: 9.55e-07
     Epoch[0] Iteration[880/1240], entropy: 0.4898, uncertainty: 3.4403, uncertainty_coeffi: 0.0100, loss: 0.2119, lr: 9.55e-07
     Epoch[0] Iteration[890/1240], entropy: 0.6314, uncertainty: 3.1967, uncertainty_coeffi: 0.0100, loss: 0.2912, lr: 9.55e-07
     Epoch[0] Iteration[900/1240], entropy: 0.7465, uncertainty: 3.7394, uncertainty_coeffi: 0.0100, loss: 0.2775, lr: 9.55e-07
     Epoch[0] Iteration[910/1240], entropy: 0.7493, uncertainty: 2.9143, uncertainty_coeffi: 0.0100, loss: 0.3528, lr: 9.55e-07
     Epoch[0] Iteration[920/1240], entropy: 0.4195, uncertainty: 3.8963, uncertainty_coeffi: 0.0100, loss: 0.1601, lr: 9.55e-07
     Epoch[0] Iteration[930/1240], entropy: 0.5629, uncertainty: 2.7938, uncertainty_coeffi: 0.0100, loss: 0.2866, lr: 9.55e-07
     Epoch[0] Iteration[940/1240], entropy: 0.7845, uncertainty: 3.5793, uncertainty_coeffi: 0.0100, loss: 0.3153, lr: 9.55e-07
     Epoch[0] Iteration[950/1240], entropy: 0.5760, uncertainty: 3.6449, uncertainty_coeffi: 0.0100, loss: 0.2241, lr: 9.55e-07
     Epoch[0] Iteration[960/1240], entropy: 0.6153, uncertainty: 3.0845, uncertainty_coeffi: 0.0100, loss: 0.3121, lr: 9.55e-07
     Epoch[0] Iteration[970/1240], entropy: 0.7109, uncertainty: 3.3511, uncertainty_coeffi: 0.0100, loss: 0.3220, lr: 9.55e-07
     Epoch[0] Iteration[980/1240], entropy: 0.7148, uncertainty: 3.2754, uncertainty_coeffi: 0.0100, loss: 0.2430, lr: 9.55e-07
     Epoch[0] Iteration[990/1240], entropy: 0.7057, uncertainty: 3.3342, uncertainty_coeffi: 0.0100, loss: 0.3596, lr: 9.55e-07
     Epoch[0] Iteration[1000/1240], entropy: 0.5128, uncertainty: 2.2825, uncertainty_coeffi: 0.0100, loss: 0.2502, lr: 9.55e-07
     Epoch[0] Iteration[1010/1240], entropy: 0.7269, uncertainty: 3.6498, uncertainty_coeffi: 0.0100, loss: 0.2686, lr: 9.55e-07
     Epoch[0] Iteration[1020/1240], entropy: 0.7773, uncertainty: 3.4923, uncertainty_coeffi: 0.0100, loss: 0.3499, lr: 9.55e-07
     Epoch[0] Iteration[1030/1240], entropy: 0.5345, uncertainty: 3.6260, uncertainty_coeffi: 0.0100, loss: 0.2162, lr: 9.55e-07
     Epoch[0] Iteration[1040/1240], entropy: 0.5725, uncertainty: 3.3743, uncertainty_coeffi: 0.0100, loss: 0.2212, lr: 9.55e-07
     Epoch[0] Iteration[1050/1240], entropy: 0.5717, uncertainty: 3.1686, uncertainty_coeffi: 0.0100, loss: 0.2729, lr: 9.55e-07
     Epoch[0] Iteration[1060/1240], entropy: 0.5406, uncertainty: 3.3577, uncertainty_coeffi: 0.0100, loss: 0.2342, lr: 9.55e-07
     Epoch[0] Iteration[1070/1240], entropy: 0.6722, uncertainty: 3.4429, uncertainty_coeffi: 0.0100, loss: 0.2304, lr: 9.55e-07
     Epoch[0] Iteration[1080/1240], entropy: 0.6833, uncertainty: 2.3330, uncertainty_coeffi: 0.0100, loss: 0.4081, lr: 9.55e-07
     Epoch[0] Iteration[1090/1240], entropy: 0.7483, uncertainty: 3.9144, uncertainty_coeffi: 0.0100, loss: 0.2977, lr: 9.55e-07
     Epoch[0] Iteration[1100/1240], entropy: 0.5236, uncertainty: 2.7944, uncertainty_coeffi: 0.0100, loss: 0.2360, lr: 9.55e-07
     Epoch[0] Iteration[1110/1240], entropy: 0.2318, uncertainty: 3.3977, uncertainty_coeffi: 0.0100, loss: 0.1273, lr: 9.55e-07
     Epoch[0] Iteration[1120/1240], entropy: 0.4913, uncertainty: 3.7161, uncertainty_coeffi: 0.0100, loss: 0.2264, lr: 9.55e-07
     Epoch[0] Iteration[1130/1240], entropy: 0.6215, uncertainty: 3.5283, uncertainty_coeffi: 0.0100, loss: 0.2128, lr: 9.55e-07
     Epoch[0] Iteration[1140/1240], entropy: 0.9160, uncertainty: 3.3963, uncertainty_coeffi: 0.0100, loss: 0.3249, lr: 9.55e-07
     Epoch[0] Iteration[1150/1240], entropy: 0.5251, uncertainty: 3.3317, uncertainty_coeffi: 0.0100, loss: 0.2395, lr: 9.55e-07
     Epoch[0] Iteration[1160/1240], entropy: 0.5907, uncertainty: 3.6143, uncertainty_coeffi: 0.0100, loss: 0.2078, lr: 9.55e-07
     Epoch[0] Iteration[1170/1240], entropy: 0.6549, uncertainty: 4.0918, uncertainty_coeffi: 0.0100, loss: 0.2165, lr: 9.55e-07
     Epoch[0] Iteration[1180/1240], entropy: 0.6411, uncertainty: 3.0729, uncertainty_coeffi: 0.0100, loss: 0.2599, lr: 9.55e-07
     Epoch[0] Iteration[1190/1240], entropy: 0.8304, uncertainty: 2.8883, uncertainty_coeffi: 0.0100, loss: 0.3126, lr: 9.55e-07
     Epoch[0] Iteration[1200/1240], entropy: 0.8486, uncertainty: 4.0015, uncertainty_coeffi: 0.0100, loss: 0.2675, lr: 9.55e-07
     Epoch[0] Iteration[1210/1240], entropy: 0.8469, uncertainty: 2.9278, uncertainty_coeffi: 0.0100, loss: 0.3850, lr: 9.55e-07
     Epoch[0] Iteration[1220/1240], entropy: 0.4882, uncertainty: 3.8312, uncertainty_coeffi: 0.0100, loss: 0.2118, lr: 9.55e-07
     Epoch[0] Iteration[1230/1240], entropy: 0.7305, uncertainty: 4.4473, uncertainty_coeffi: 0.0100, loss: 0.2556, lr: 9.55e-07
     Epoch[0] Iteration[1240/1240], entropy: 0.7046, uncertainty: 3.1139, uncertainty_coeffi: 0.0100, loss: 0.3494, lr: 9.55e-07
     Averaged stats: entropy_avg: 0.6319, uncertainty_avg: 3.3300, uncertainty_coeffi_avg: 0.0100, loss_avg: 0.2659, lr_avg: 9.55e-07
     itm tta time 0:04:15
### TTA Eval Score: 
+-------+--------+--------+--------+--------+-------+
| epoch |   R1   |   R5   |  R10   |  mAP   |  mINP |
+-------+--------+--------+--------+--------+-------+
|  -999 | 60.631 | 77.519 | 83.268 | 35.542 | 6.004 |
|   0   | 60.999 | 77.544 | 83.202 | 35.766 | 6.027 |
+-------+--------+--------+--------+--------+-------+
     logs:  {'epo': 0, 'R1': 60.999, 'R5': 77.544, 'R10': 83.202, 'mAP': 35.766, 'mINP': 6.027, 'entropy': 0.6318631130120447, 'uncertainty': 3.329986014673787, 'uncertainty_coeffi': 0.009999999776482582, 'loss': 0.2658685193427147, 'lr': 9.549150281252629e-07}
     Epoch[1] Iteration[10/1240], entropy: 0.6988, uncertainty: 3.2939, uncertainty_coeffi: 0.0100, loss: 0.2861, lr: 9.55e-07
     Epoch[1] Iteration[20/1240], entropy: 0.6727, uncertainty: 4.2484, uncertainty_coeffi: 0.0100, loss: 0.2599, lr: 9.55e-07
     Epoch[1] Iteration[30/1240], entropy: 0.4644, uncertainty: 3.3022, uncertainty_coeffi: 0.0100, loss: 0.1963, lr: 9.55e-07
     Epoch[1] Iteration[40/1240], entropy: 0.5448, uncertainty: 2.7012, uncertainty_coeffi: 0.0100, loss: 0.2967, lr: 9.55e-07
     Epoch[1] Iteration[50/1240], entropy: 0.8798, uncertainty: 2.5731, uncertainty_coeffi: 0.0100, loss: 0.4180, lr: 9.55e-07
     Epoch[1] Iteration[60/1240], entropy: 0.5174, uncertainty: 3.8659, uncertainty_coeffi: 0.0100, loss: 0.2198, lr: 9.55e-07
     Epoch[1] Iteration[70/1240], entropy: 0.7570, uncertainty: 2.9036, uncertainty_coeffi: 0.0100, loss: 0.3495, lr: 9.55e-07
     Epoch[1] Iteration[80/1240], entropy: 0.3608, uncertainty: 2.8539, uncertainty_coeffi: 0.0100, loss: 0.1764, lr: 9.55e-07
     Epoch[1] Iteration[90/1240], entropy: 0.6398, uncertainty: 3.8593, uncertainty_coeffi: 0.0100, loss: 0.2463, lr: 9.55e-07
     Epoch[1] Iteration[100/1240], entropy: 0.3367, uncertainty: 3.4416, uncertainty_coeffi: 0.0100, loss: 0.1706, lr: 9.55e-07
     Epoch[1] Iteration[110/1240], entropy: 0.6884, uncertainty: 3.8357, uncertainty_coeffi: 0.0100, loss: 0.2186, lr: 9.55e-07
     Epoch[1] Iteration[120/1240], entropy: 0.5745, uncertainty: 2.9458, uncertainty_coeffi: 0.0100, loss: 0.2459, lr: 9.55e-07
     Epoch[1] Iteration[130/1240], entropy: 0.8352, uncertainty: 3.5455, uncertainty_coeffi: 0.0100, loss: 0.2985, lr: 9.55e-07
     Epoch[1] Iteration[140/1240], entropy: 0.5825, uncertainty: 3.2763, uncertainty_coeffi: 0.0100, loss: 0.2244, lr: 9.55e-07
     Epoch[1] Iteration[150/1240], entropy: 0.7923, uncertainty: 3.8796, uncertainty_coeffi: 0.0100, loss: 0.3329, lr: 9.55e-07
     Epoch[1] Iteration[160/1240], entropy: 0.6140, uncertainty: 2.7498, uncertainty_coeffi: 0.0100, loss: 0.2981, lr: 9.55e-07
     Epoch[1] Iteration[170/1240], entropy: 0.4347, uncertainty: 2.4043, uncertainty_coeffi: 0.0100, loss: 0.2053, lr: 9.55e-07
     Epoch[1] Iteration[180/1240], entropy: 0.6924, uncertainty: 3.3751, uncertainty_coeffi: 0.0100, loss: 0.2996, lr: 9.55e-07
     Epoch[1] Iteration[190/1240], entropy: 0.5772, uncertainty: 2.9150, uncertainty_coeffi: 0.0100, loss: 0.3330, lr: 9.55e-07
     Epoch[1] Iteration[200/1240], entropy: 0.7062, uncertainty: 4.0952, uncertainty_coeffi: 0.0100, loss: 0.2865, lr: 9.55e-07
     Epoch[1] Iteration[210/1240], entropy: 0.6036, uncertainty: 3.9590, uncertainty_coeffi: 0.0100, loss: 0.2226, lr: 9.55e-07
     Epoch[1] Iteration[220/1240], entropy: 0.5255, uncertainty: 3.2284, uncertainty_coeffi: 0.0100, loss: 0.2261, lr: 9.55e-07
     Epoch[1] Iteration[230/1240], entropy: 0.5859, uncertainty: 3.1167, uncertainty_coeffi: 0.0100, loss: 0.2981, lr: 9.55e-07
     Epoch[1] Iteration[240/1240], entropy: 0.3629, uncertainty: 3.1138, uncertainty_coeffi: 0.0100, loss: 0.1533, lr: 9.55e-07
     Epoch[1] Iteration[250/1240], entropy: 0.7445, uncertainty: 3.7778, uncertainty_coeffi: 0.0100, loss: 0.2437, lr: 9.55e-07
     Epoch[1] Iteration[260/1240], entropy: 0.3644, uncertainty: 2.5792, uncertainty_coeffi: 0.0100, loss: 0.1464, lr: 9.55e-07
     Epoch[1] Iteration[270/1240], entropy: 0.5483, uncertainty: 2.9622, uncertainty_coeffi: 0.0100, loss: 0.3007, lr: 9.55e-07
     Epoch[1] Iteration[280/1240], entropy: 0.5712, uncertainty: 3.1208, uncertainty_coeffi: 0.0100, loss: 0.2782, lr: 9.55e-07
     Epoch[1] Iteration[290/1240], entropy: 0.4339, uncertainty: 3.8464, uncertainty_coeffi: 0.0100, loss: 0.1768, lr: 9.55e-07
     Epoch[1] Iteration[300/1240], entropy: 0.5543, uncertainty: 2.9425, uncertainty_coeffi: 0.0100, loss: 0.2545, lr: 9.55e-07
     Epoch[1] Iteration[310/1240], entropy: 0.4344, uncertainty: 2.8867, uncertainty_coeffi: 0.0100, loss: 0.2748, lr: 9.55e-07
     Epoch[1] Iteration[320/1240], entropy: 0.5569, uncertainty: 3.4041, uncertainty_coeffi: 0.0100, loss: 0.1893, lr: 9.55e-07
     Epoch[1] Iteration[330/1240], entropy: 0.7221, uncertainty: 3.6316, uncertainty_coeffi: 0.0100, loss: 0.3263, lr: 9.55e-07
     Epoch[1] Iteration[340/1240], entropy: 0.5320, uncertainty: 2.6722, uncertainty_coeffi: 0.0100, loss: 0.2368, lr: 9.55e-07
     Epoch[1] Iteration[350/1240], entropy: 0.6140, uncertainty: 2.9415, uncertainty_coeffi: 0.0100, loss: 0.2834, lr: 9.55e-07
     Epoch[1] Iteration[360/1240], entropy: 0.6587, uncertainty: 3.1169, uncertainty_coeffi: 0.0100, loss: 0.2679, lr: 9.55e-07
     Epoch[1] Iteration[370/1240], entropy: 0.4933, uncertainty: 3.4143, uncertainty_coeffi: 0.0100, loss: 0.2144, lr: 9.55e-07
     Epoch[1] Iteration[380/1240], entropy: 0.7396, uncertainty: 3.4131, uncertainty_coeffi: 0.0100, loss: 0.2889, lr: 9.55e-07
     Epoch[1] Iteration[390/1240], entropy: 0.6290, uncertainty: 3.0520, uncertainty_coeffi: 0.0100, loss: 0.2802, lr: 9.55e-07
     Epoch[1] Iteration[400/1240], entropy: 0.4559, uncertainty: 3.3566, uncertainty_coeffi: 0.0100, loss: 0.1940, lr: 9.55e-07
     Epoch[1] Iteration[410/1240], entropy: 0.3202, uncertainty: 2.9527, uncertainty_coeffi: 0.0100, loss: 0.1371, lr: 9.55e-07
     Epoch[1] Iteration[420/1240], entropy: 0.4932, uncertainty: 3.3627, uncertainty_coeffi: 0.0100, loss: 0.2068, lr: 9.55e-07
     Epoch[1] Iteration[430/1240], entropy: 0.8141, uncertainty: 3.6600, uncertainty_coeffi: 0.0100, loss: 0.2765, lr: 9.55e-07
     Epoch[1] Iteration[440/1240], entropy: 0.6746, uncertainty: 2.9356, uncertainty_coeffi: 0.0100, loss: 0.2834, lr: 9.55e-07
     Epoch[1] Iteration[450/1240], entropy: 0.7305, uncertainty: 3.5653, uncertainty_coeffi: 0.0100, loss: 0.2425, lr: 9.55e-07
     Epoch[1] Iteration[460/1240], entropy: 0.6107, uncertainty: 3.4352, uncertainty_coeffi: 0.0100, loss: 0.2189, lr: 9.55e-07
     Epoch[1] Iteration[470/1240], entropy: 0.5154, uncertainty: 3.3889, uncertainty_coeffi: 0.0100, loss: 0.2049, lr: 9.55e-07
     Epoch[1] Iteration[480/1240], entropy: 0.7420, uncertainty: 3.6247, uncertainty_coeffi: 0.0100, loss: 0.2893, lr: 9.55e-07
     Epoch[1] Iteration[490/1240], entropy: 0.6863, uncertainty: 3.6453, uncertainty_coeffi: 0.0100, loss: 0.3246, lr: 9.55e-07
     Epoch[1] Iteration[500/1240], entropy: 0.6761, uncertainty: 2.9947, uncertainty_coeffi: 0.0100, loss: 0.3756, lr: 9.55e-07
     Epoch[1] Iteration[510/1240], entropy: 0.5847, uncertainty: 3.5628, uncertainty_coeffi: 0.0100, loss: 0.2034, lr: 9.55e-07
     Epoch[1] Iteration[520/1240], entropy: 0.6740, uncertainty: 4.0908, uncertainty_coeffi: 0.0100, loss: 0.2307, lr: 9.55e-07
     Epoch[1] Iteration[530/1240], entropy: 0.5578, uncertainty: 2.4773, uncertainty_coeffi: 0.0100, loss: 0.2920, lr: 9.55e-07
     Epoch[1] Iteration[540/1240], entropy: 0.9427, uncertainty: 2.6871, uncertainty_coeffi: 0.0100, loss: 0.4800, lr: 9.55e-07
     Epoch[1] Iteration[550/1240], entropy: 0.7147, uncertainty: 2.8966, uncertainty_coeffi: 0.0100, loss: 0.3166, lr: 9.55e-07
     Epoch[1] Iteration[560/1240], entropy: 0.5641, uncertainty: 2.5955, uncertainty_coeffi: 0.0100, loss: 0.2745, lr: 9.55e-07
     Epoch[1] Iteration[570/1240], entropy: 0.8693, uncertainty: 4.1832, uncertainty_coeffi: 0.0100, loss: 0.2905, lr: 9.55e-07
     Epoch[1] Iteration[580/1240], entropy: 0.2324, uncertainty: 3.5098, uncertainty_coeffi: 0.0100, loss: 0.1308, lr: 9.55e-07
     Epoch[1] Iteration[590/1240], entropy: 0.6373, uncertainty: 3.1556, uncertainty_coeffi: 0.0100, loss: 0.2531, lr: 9.55e-07
     Epoch[1] Iteration[600/1240], entropy: 0.7433, uncertainty: 3.0018, uncertainty_coeffi: 0.0100, loss: 0.3615, lr: 9.55e-07
     Epoch[1] Iteration[610/1240], entropy: 0.5673, uncertainty: 3.6922, uncertainty_coeffi: 0.0100, loss: 0.2173, lr: 9.55e-07
     Epoch[1] Iteration[620/1240], entropy: 0.7445, uncertainty: 4.5116, uncertainty_coeffi: 0.0100, loss: 0.2365, lr: 9.55e-07
     Epoch[1] Iteration[630/1240], entropy: 0.7164, uncertainty: 2.9977, uncertainty_coeffi: 0.0100, loss: 0.3869, lr: 9.55e-07
     Epoch[1] Iteration[640/1240], entropy: 0.5379, uncertainty: 2.6175, uncertainty_coeffi: 0.0100, loss: 0.2452, lr: 9.55e-07
     Epoch[1] Iteration[650/1240], entropy: 0.6973, uncertainty: 3.9837, uncertainty_coeffi: 0.0100, loss: 0.2882, lr: 9.55e-07
     Epoch[1] Iteration[660/1240], entropy: 0.8566, uncertainty: 3.5051, uncertainty_coeffi: 0.0100, loss: 0.3280, lr: 9.55e-07
     Epoch[1] Iteration[670/1240], entropy: 0.6265, uncertainty: 4.1183, uncertainty_coeffi: 0.0100, loss: 0.1917, lr: 9.55e-07
     Epoch[1] Iteration[680/1240], entropy: 0.7747, uncertainty: 3.4752, uncertainty_coeffi: 0.0100, loss: 0.3354, lr: 9.55e-07
     Epoch[1] Iteration[690/1240], entropy: 0.7916, uncertainty: 3.2354, uncertainty_coeffi: 0.0100, loss: 0.3854, lr: 9.55e-07
     Epoch[1] Iteration[700/1240], entropy: 0.9487, uncertainty: 2.4507, uncertainty_coeffi: 0.0100, loss: 0.5054, lr: 9.55e-07
     Epoch[1] Iteration[710/1240], entropy: 0.5673, uncertainty: 3.2955, uncertainty_coeffi: 0.0100, loss: 0.2313, lr: 9.55e-07
     Epoch[1] Iteration[720/1240], entropy: 0.9047, uncertainty: 3.2390, uncertainty_coeffi: 0.0100, loss: 0.4158, lr: 9.55e-07
     Epoch[1] Iteration[730/1240], entropy: 0.6744, uncertainty: 3.9312, uncertainty_coeffi: 0.0100, loss: 0.2533, lr: 9.55e-07
     Epoch[1] Iteration[740/1240], entropy: 0.5432, uncertainty: 2.9803, uncertainty_coeffi: 0.0100, loss: 0.2462, lr: 9.55e-07
     Epoch[1] Iteration[750/1240], entropy: 0.5603, uncertainty: 3.2312, uncertainty_coeffi: 0.0100, loss: 0.2454, lr: 9.55e-07
     Epoch[1] Iteration[760/1240], entropy: 0.5380, uncertainty: 3.5214, uncertainty_coeffi: 0.0100, loss: 0.2068, lr: 9.55e-07
     Epoch[1] Iteration[770/1240], entropy: 0.7244, uncertainty: 4.0774, uncertainty_coeffi: 0.0100, loss: 0.2564, lr: 3.45e-06
     Epoch[1] Iteration[780/1240], entropy: 0.8792, uncertainty: 2.5918, uncertainty_coeffi: 0.0100, loss: 0.4405, lr: 3.45e-06
     Epoch[1] Iteration[790/1240], entropy: 0.6426, uncertainty: 2.5430, uncertainty_coeffi: 0.0100, loss: 0.2677, lr: 3.45e-06
     Epoch[1] Iteration[800/1240], entropy: 0.5515, uncertainty: 3.4411, uncertainty_coeffi: 0.0100, loss: 0.2344, lr: 3.45e-06
     Epoch[1] Iteration[810/1240], entropy: 0.5210, uncertainty: 3.7238, uncertainty_coeffi: 0.0100, loss: 0.2452, lr: 3.45e-06
     Epoch[1] Iteration[820/1240], entropy: 0.4106, uncertainty: 3.2551, uncertainty_coeffi: 0.0100, loss: 0.2336, lr: 3.45e-06
     Epoch[1] Iteration[830/1240], entropy: 0.5772, uncertainty: 2.8429, uncertainty_coeffi: 0.0100, loss: 0.3452, lr: 3.45e-06
     Epoch[1] Iteration[840/1240], entropy: 0.7119, uncertainty: 3.6124, uncertainty_coeffi: 0.0100, loss: 0.2324, lr: 3.45e-06
     Epoch[1] Iteration[850/1240], entropy: 0.4152, uncertainty: 2.8463, uncertainty_coeffi: 0.0100, loss: 0.2004, lr: 3.45e-06
     Epoch[1] Iteration[860/1240], entropy: 0.8741, uncertainty: 2.7762, uncertainty_coeffi: 0.0100, loss: 0.3693, lr: 3.45e-06
     Epoch[1] Iteration[870/1240], entropy: 0.4658, uncertainty: 2.6233, uncertainty_coeffi: 0.0100, loss: 0.2426, lr: 3.45e-06
     Epoch[1] Iteration[880/1240], entropy: 0.7118, uncertainty: 4.1065, uncertainty_coeffi: 0.0100, loss: 0.2216, lr: 3.45e-06
     Epoch[1] Iteration[890/1240], entropy: 0.4981, uncertainty: 3.7147, uncertainty_coeffi: 0.0100, loss: 0.2011, lr: 3.45e-06
     Epoch[1] Iteration[900/1240], entropy: 0.6990, uncertainty: 3.1449, uncertainty_coeffi: 0.0100, loss: 0.2957, lr: 3.45e-06
     Epoch[1] Iteration[910/1240], entropy: 0.6906, uncertainty: 3.3489, uncertainty_coeffi: 0.0100, loss: 0.2707, lr: 3.45e-06
     Epoch[1] Iteration[920/1240], entropy: 0.7026, uncertainty: 4.1469, uncertainty_coeffi: 0.0100, loss: 0.2174, lr: 3.45e-06
     Epoch[1] Iteration[930/1240], entropy: 0.6328, uncertainty: 2.7865, uncertainty_coeffi: 0.0100, loss: 0.2787, lr: 3.45e-06
     Epoch[1] Iteration[940/1240], entropy: 0.4342, uncertainty: 3.4465, uncertainty_coeffi: 0.0100, loss: 0.1972, lr: 3.45e-06
     Epoch[1] Iteration[950/1240], entropy: 0.4133, uncertainty: 2.9502, uncertainty_coeffi: 0.0100, loss: 0.1844, lr: 3.45e-06
     Epoch[1] Iteration[960/1240], entropy: 0.5729, uncertainty: 2.8345, uncertainty_coeffi: 0.0100, loss: 0.2518, lr: 3.45e-06
     Epoch[1] Iteration[970/1240], entropy: 0.6431, uncertainty: 2.5539, uncertainty_coeffi: 0.0100, loss: 0.3374, lr: 3.45e-06
     Epoch[1] Iteration[980/1240], entropy: 0.3038, uncertainty: 3.3789, uncertainty_coeffi: 0.0100, loss: 0.1517, lr: 3.45e-06
     Epoch[1] Iteration[990/1240], entropy: 0.6190, uncertainty: 4.5291, uncertainty_coeffi: 0.0100, loss: 0.2377, lr: 3.45e-06
     Epoch[1] Iteration[1000/1240], entropy: 0.6853, uncertainty: 3.5199, uncertainty_coeffi: 0.0100, loss: 0.2610, lr: 3.45e-06
     Epoch[1] Iteration[1010/1240], entropy: 0.6522, uncertainty: 3.7383, uncertainty_coeffi: 0.0100, loss: 0.2915, lr: 3.45e-06
     Epoch[1] Iteration[1020/1240], entropy: 0.5880, uncertainty: 3.2605, uncertainty_coeffi: 0.0100, loss: 0.2366, lr: 3.45e-06
     Epoch[1] Iteration[1030/1240], entropy: 0.6099, uncertainty: 2.8312, uncertainty_coeffi: 0.0100, loss: 0.2077, lr: 3.45e-06
     Epoch[1] Iteration[1040/1240], entropy: 0.6610, uncertainty: 3.5822, uncertainty_coeffi: 0.0100, loss: 0.2689, lr: 3.45e-06
     Epoch[1] Iteration[1050/1240], entropy: 0.5075, uncertainty: 3.7311, uncertainty_coeffi: 0.0100, loss: 0.2073, lr: 3.45e-06
     Epoch[1] Iteration[1060/1240], entropy: 0.5859, uncertainty: 3.8529, uncertainty_coeffi: 0.0100, loss: 0.1933, lr: 3.45e-06
     Epoch[1] Iteration[1070/1240], entropy: 0.6212, uncertainty: 2.9209, uncertainty_coeffi: 0.0100, loss: 0.3036, lr: 3.45e-06
     Epoch[1] Iteration[1080/1240], entropy: 0.5485, uncertainty: 3.0814, uncertainty_coeffi: 0.0100, loss: 0.2954, lr: 3.45e-06
     Epoch[1] Iteration[1090/1240], entropy: 0.5050, uncertainty: 2.9664, uncertainty_coeffi: 0.0100, loss: 0.2282, lr: 3.45e-06
     Epoch[1] Iteration[1100/1240], entropy: 0.6460, uncertainty: 3.1653, uncertainty_coeffi: 0.0100, loss: 0.2896, lr: 3.45e-06
     Epoch[1] Iteration[1110/1240], entropy: 0.4451, uncertainty: 3.9579, uncertainty_coeffi: 0.0100, loss: 0.1848, lr: 3.45e-06
     Epoch[1] Iteration[1120/1240], entropy: 0.5971, uncertainty: 3.7435, uncertainty_coeffi: 0.0100, loss: 0.2478, lr: 3.45e-06
     Epoch[1] Iteration[1130/1240], entropy: 0.5422, uncertainty: 3.3359, uncertainty_coeffi: 0.0100, loss: 0.2618, lr: 3.45e-06
     Epoch[1] Iteration[1140/1240], entropy: 0.4626, uncertainty: 2.6462, uncertainty_coeffi: 0.0100, loss: 0.2255, lr: 3.45e-06
     Epoch[1] Iteration[1150/1240], entropy: 0.5986, uncertainty: 3.4969, uncertainty_coeffi: 0.0100, loss: 0.2054, lr: 3.45e-06
     Epoch[1] Iteration[1160/1240], entropy: 0.8267, uncertainty: 3.4637, uncertainty_coeffi: 0.0100, loss: 0.3465, lr: 3.45e-06
     Epoch[1] Iteration[1170/1240], entropy: 0.6590, uncertainty: 3.6116, uncertainty_coeffi: 0.0100, loss: 0.2146, lr: 3.45e-06
     Epoch[1] Iteration[1180/1240], entropy: 0.6674, uncertainty: 3.3869, uncertainty_coeffi: 0.0100, loss: 0.2545, lr: 3.45e-06
     Epoch[1] Iteration[1190/1240], entropy: 0.4159, uncertainty: 3.8715, uncertainty_coeffi: 0.0100, loss: 0.1504, lr: 3.45e-06
     Epoch[1] Iteration[1200/1240], entropy: 0.6530, uncertainty: 3.1200, uncertainty_coeffi: 0.0100, loss: 0.2784, lr: 3.45e-06
     Epoch[1] Iteration[1210/1240], entropy: 0.5892, uncertainty: 3.4709, uncertainty_coeffi: 0.0100, loss: 0.2265, lr: 3.45e-06
     Epoch[1] Iteration[1220/1240], entropy: 0.6512, uncertainty: 3.4043, uncertainty_coeffi: 0.0100, loss: 0.2616, lr: 3.45e-06
     Epoch[1] Iteration[1230/1240], entropy: 0.7350, uncertainty: 3.8937, uncertainty_coeffi: 0.0100, loss: 0.2727, lr: 3.45e-06
     Epoch[1] Iteration[1240/1240], entropy: 0.3796, uncertainty: 2.4745, uncertainty_coeffi: 0.0100, loss: 0.2160, lr: 3.45e-06
     Averaged stats: entropy_avg: 0.6118, uncertainty_avg: 3.3138, uncertainty_coeffi_avg: 0.0100, loss_avg: 0.2611, lr_avg: 1.92e-06
     itm tta time 0:04:24
### TTA Eval Score: 
+-------+--------+--------+--------+--------+-------+
| epoch |   R1   |   R5   |  R10   |  mAP   |  mINP |
+-------+--------+--------+--------+--------+-------+
|  -999 | 60.631 | 77.519 | 83.268 | 35.542 | 6.004 |
|   0   | 60.999 | 77.544 | 83.202 | 35.766 | 6.027 |
|   1   | 61.200 | 77.539 | 83.338 | 35.902 | 6.043 |
+-------+--------+--------+--------+--------+-------+
     logs:  {'epo': 1, 'R1': 61.2, 'R5': 77.539, 'R10': 83.338, 'mAP': 35.902, 'mINP': 6.043, 'entropy': 0.6117797727065701, 'uncertainty': 3.3138356900984243, 'uncertainty_coeffi': 0.009999999776482582, 'loss': 0.2610740188148714, 'lr': 1.9226569636091036e-06}
     Epoch[2] Iteration[10/1240], entropy: 0.6084, uncertainty: 3.4876, uncertainty_coeffi: 0.0100, loss: 0.2611, lr: 3.45e-06
     Epoch[2] Iteration[20/1240], entropy: 0.5978, uncertainty: 3.0506, uncertainty_coeffi: 0.0100, loss: 0.2440, lr: 3.45e-06
     Epoch[2] Iteration[30/1240], entropy: 0.3131, uncertainty: 2.4290, uncertainty_coeffi: 0.0100, loss: 0.1563, lr: 3.45e-06
     Epoch[2] Iteration[40/1240], entropy: 0.3940, uncertainty: 2.6309, uncertainty_coeffi: 0.0100, loss: 0.1745, lr: 3.45e-06
     Epoch[2] Iteration[50/1240], entropy: 0.5088, uncertainty: 2.9321, uncertainty_coeffi: 0.0100, loss: 0.1929, lr: 3.45e-06
     Epoch[2] Iteration[60/1240], entropy: 0.6350, uncertainty: 3.1519, uncertainty_coeffi: 0.0100, loss: 0.2299, lr: 3.45e-06
     Epoch[2] Iteration[70/1240], entropy: 0.4116, uncertainty: 3.3243, uncertainty_coeffi: 0.0100, loss: 0.1989, lr: 3.45e-06
     Epoch[2] Iteration[80/1240], entropy: 0.6515, uncertainty: 2.6776, uncertainty_coeffi: 0.0100, loss: 0.3263, lr: 3.45e-06
     Epoch[2] Iteration[90/1240], entropy: 0.7260, uncertainty: 3.2937, uncertainty_coeffi: 0.0100, loss: 0.3176, lr: 3.45e-06
     Epoch[2] Iteration[100/1240], entropy: 0.4465, uncertainty: 2.7876, uncertainty_coeffi: 0.0100, loss: 0.1792, lr: 3.45e-06
     Epoch[2] Iteration[110/1240], entropy: 0.6110, uncertainty: 3.7215, uncertainty_coeffi: 0.0100, loss: 0.2086, lr: 3.45e-06
     Epoch[2] Iteration[120/1240], entropy: 0.4853, uncertainty: 3.2927, uncertainty_coeffi: 0.0100, loss: 0.2199, lr: 3.45e-06
     Epoch[2] Iteration[130/1240], entropy: 0.7673, uncertainty: 4.1235, uncertainty_coeffi: 0.0100, loss: 0.2377, lr: 3.45e-06
     Epoch[2] Iteration[140/1240], entropy: 0.7636, uncertainty: 3.5113, uncertainty_coeffi: 0.0100, loss: 0.3114, lr: 3.45e-06
     Epoch[2] Iteration[150/1240], entropy: 0.6600, uncertainty: 3.7672, uncertainty_coeffi: 0.0100, loss: 0.2405, lr: 3.45e-06
     Epoch[2] Iteration[160/1240], entropy: 0.3867, uncertainty: 2.4287, uncertainty_coeffi: 0.0100, loss: 0.1795, lr: 3.45e-06
     Epoch[2] Iteration[170/1240], entropy: 0.5959, uncertainty: 2.8589, uncertainty_coeffi: 0.0100, loss: 0.2770, lr: 3.45e-06
     Epoch[2] Iteration[180/1240], entropy: 0.7004, uncertainty: 3.3492, uncertainty_coeffi: 0.0100, loss: 0.3254, lr: 3.45e-06
     Epoch[2] Iteration[190/1240], entropy: 0.6716, uncertainty: 2.6296, uncertainty_coeffi: 0.0100, loss: 0.3490, lr: 3.45e-06
     Epoch[2] Iteration[200/1240], entropy: 0.5131, uncertainty: 2.0144, uncertainty_coeffi: 0.0100, loss: 0.3947, lr: 3.45e-06
     Epoch[2] Iteration[210/1240], entropy: 0.7413, uncertainty: 3.5242, uncertainty_coeffi: 0.0100, loss: 0.2789, lr: 3.45e-06
     Epoch[2] Iteration[220/1240], entropy: 0.6712, uncertainty: 2.9273, uncertainty_coeffi: 0.0100, loss: 0.3425, lr: 3.45e-06
     Epoch[2] Iteration[230/1240], entropy: 0.6185, uncertainty: 3.5050, uncertainty_coeffi: 0.0100, loss: 0.2358, lr: 3.45e-06
     Epoch[2] Iteration[240/1240], entropy: 0.6286, uncertainty: 3.6398, uncertainty_coeffi: 0.0100, loss: 0.2647, lr: 3.45e-06
     Epoch[2] Iteration[250/1240], entropy: 0.5138, uncertainty: 3.9093, uncertainty_coeffi: 0.0100, loss: 0.2092, lr: 3.45e-06
     Epoch[2] Iteration[260/1240], entropy: 0.3898, uncertainty: 2.5236, uncertainty_coeffi: 0.0100, loss: 0.2166, lr: 3.45e-06
     Epoch[2] Iteration[270/1240], entropy: 0.6069, uncertainty: 3.5024, uncertainty_coeffi: 0.0100, loss: 0.2482, lr: 3.45e-06
     Epoch[2] Iteration[280/1240], entropy: 0.9130, uncertainty: 3.6704, uncertainty_coeffi: 0.0100, loss: 0.2968, lr: 3.45e-06
     Epoch[2] Iteration[290/1240], entropy: 0.4416, uncertainty: 2.8688, uncertainty_coeffi: 0.0100, loss: 0.2130, lr: 3.45e-06
     Epoch[2] Iteration[300/1240], entropy: 0.4203, uncertainty: 3.4110, uncertainty_coeffi: 0.0100, loss: 0.1755, lr: 3.45e-06
     Epoch[2] Iteration[310/1240], entropy: 0.3300, uncertainty: 3.1164, uncertainty_coeffi: 0.0100, loss: 0.1390, lr: 3.45e-06
     Epoch[2] Iteration[320/1240], entropy: 0.5336, uncertainty: 3.1046, uncertainty_coeffi: 0.0100, loss: 0.2640, lr: 3.45e-06
     Epoch[2] Iteration[330/1240], entropy: 0.5669, uncertainty: 3.2964, uncertainty_coeffi: 0.0100, loss: 0.2287, lr: 3.45e-06
     Epoch[2] Iteration[340/1240], entropy: 0.6249, uncertainty: 3.3575, uncertainty_coeffi: 0.0100, loss: 0.2704, lr: 3.45e-06
     Epoch[2] Iteration[350/1240], entropy: 0.5146, uncertainty: 3.2567, uncertainty_coeffi: 0.0100, loss: 0.2185, lr: 3.45e-06
     Epoch[2] Iteration[360/1240], entropy: 0.2779, uncertainty: 2.8069, uncertainty_coeffi: 0.0100, loss: 0.1619, lr: 3.45e-06
     Epoch[2] Iteration[370/1240], entropy: 0.6358, uncertainty: 3.0736, uncertainty_coeffi: 0.0100, loss: 0.3147, lr: 3.45e-06
     Epoch[2] Iteration[380/1240], entropy: 0.6579, uncertainty: 3.2701, uncertainty_coeffi: 0.0100, loss: 0.3395, lr: 3.45e-06
     Epoch[2] Iteration[390/1240], entropy: 0.4514, uncertainty: 2.6185, uncertainty_coeffi: 0.0100, loss: 0.2208, lr: 3.45e-06
     Epoch[2] Iteration[400/1240], entropy: 0.5600, uncertainty: 3.5353, uncertainty_coeffi: 0.0100, loss: 0.2649, lr: 3.45e-06
     Epoch[2] Iteration[410/1240], entropy: 0.6939, uncertainty: 3.6016, uncertainty_coeffi: 0.0100, loss: 0.2430, lr: 3.45e-06
     Epoch[2] Iteration[420/1240], entropy: 0.6887, uncertainty: 3.8479, uncertainty_coeffi: 0.0100, loss: 0.2719, lr: 3.45e-06
     Epoch[2] Iteration[430/1240], entropy: 0.5170, uncertainty: 3.0500, uncertainty_coeffi: 0.0100, loss: 0.2780, lr: 3.45e-06
     Epoch[2] Iteration[440/1240], entropy: 0.7277, uncertainty: 3.5704, uncertainty_coeffi: 0.0100, loss: 0.2658, lr: 3.45e-06
     Epoch[2] Iteration[450/1240], entropy: 0.6044, uncertainty: 4.0872, uncertainty_coeffi: 0.0100, loss: 0.1786, lr: 3.45e-06
     Epoch[2] Iteration[460/1240], entropy: 0.8606, uncertainty: 3.4219, uncertainty_coeffi: 0.0100, loss: 0.3474, lr: 3.45e-06
     Epoch[2] Iteration[470/1240], entropy: 0.5671, uncertainty: 2.8584, uncertainty_coeffi: 0.0100, loss: 0.2644, lr: 3.45e-06
     Epoch[2] Iteration[480/1240], entropy: 0.6133, uncertainty: 3.7824, uncertainty_coeffi: 0.0100, loss: 0.2093, lr: 3.45e-06
     Epoch[2] Iteration[490/1240], entropy: 0.8340, uncertainty: 3.0116, uncertainty_coeffi: 0.0100, loss: 0.3615, lr: 3.45e-06
     Epoch[2] Iteration[500/1240], entropy: 0.3978, uncertainty: 2.6683, uncertainty_coeffi: 0.0100, loss: 0.2651, lr: 3.45e-06
     Epoch[2] Iteration[510/1240], entropy: 0.7818, uncertainty: 2.8511, uncertainty_coeffi: 0.0100, loss: 0.3938, lr: 3.45e-06
     Epoch[2] Iteration[520/1240], entropy: 0.6786, uncertainty: 2.9282, uncertainty_coeffi: 0.0100, loss: 0.2895, lr: 3.45e-06
     Epoch[2] Iteration[530/1240], entropy: 0.7012, uncertainty: 3.0339, uncertainty_coeffi: 0.0100, loss: 0.3271, lr: 3.45e-06
     Epoch[2] Iteration[540/1240], entropy: 0.4875, uncertainty: 3.3985, uncertainty_coeffi: 0.0100, loss: 0.1878, lr: 3.45e-06
     Epoch[2] Iteration[550/1240], entropy: 0.4721, uncertainty: 3.0898, uncertainty_coeffi: 0.0100, loss: 0.2422, lr: 3.45e-06
     Epoch[2] Iteration[560/1240], entropy: 0.5430, uncertainty: 3.0684, uncertainty_coeffi: 0.0100, loss: 0.2720, lr: 3.45e-06
     Epoch[2] Iteration[570/1240], entropy: 0.7590, uncertainty: 3.0850, uncertainty_coeffi: 0.0100, loss: 0.3420, lr: 3.45e-06
     Epoch[2] Iteration[580/1240], entropy: 0.3563, uncertainty: 3.3968, uncertainty_coeffi: 0.0100, loss: 0.1754, lr: 3.45e-06
     Epoch[2] Iteration[590/1240], entropy: 0.4898, uncertainty: 3.2838, uncertainty_coeffi: 0.0100, loss: 0.1603, lr: 3.45e-06
     Epoch[2] Iteration[600/1240], entropy: 0.4082, uncertainty: 3.4528, uncertainty_coeffi: 0.0100, loss: 0.1985, lr: 3.45e-06
     Epoch[2] Iteration[610/1240], entropy: 0.5481, uncertainty: 3.2456, uncertainty_coeffi: 0.0100, loss: 0.2219, lr: 3.45e-06
     Epoch[2] Iteration[620/1240], entropy: 0.6720, uncertainty: 3.8921, uncertainty_coeffi: 0.0100, loss: 0.1899, lr: 3.45e-06
     Epoch[2] Iteration[630/1240], entropy: 0.8518, uncertainty: 2.7895, uncertainty_coeffi: 0.0100, loss: 0.4257, lr: 3.45e-06
     Epoch[2] Iteration[640/1240], entropy: 0.6669, uncertainty: 3.4395, uncertainty_coeffi: 0.0100, loss: 0.3491, lr: 3.45e-06
     Epoch[2] Iteration[650/1240], entropy: 0.9325, uncertainty: 2.7749, uncertainty_coeffi: 0.0100, loss: 0.3665, lr: 3.45e-06
     Epoch[2] Iteration[660/1240], entropy: 0.5005, uncertainty: 2.8429, uncertainty_coeffi: 0.0100, loss: 0.2147, lr: 3.45e-06
     Epoch[2] Iteration[670/1240], entropy: 0.6290, uncertainty: 2.5831, uncertainty_coeffi: 0.0100, loss: 0.2664, lr: 3.45e-06
     Epoch[2] Iteration[680/1240], entropy: 0.4772, uncertainty: 2.2148, uncertainty_coeffi: 0.0100, loss: 0.2396, lr: 3.45e-06
     Epoch[2] Iteration[690/1240], entropy: 0.3533, uncertainty: 4.2026, uncertainty_coeffi: 0.0100, loss: 0.1207, lr: 3.45e-06
     Epoch[2] Iteration[700/1240], entropy: 0.7584, uncertainty: 3.7024, uncertainty_coeffi: 0.0100, loss: 0.2702, lr: 3.45e-06
     Epoch[2] Iteration[710/1240], entropy: 0.8645, uncertainty: 3.7576, uncertainty_coeffi: 0.0100, loss: 0.3060, lr: 3.45e-06
     Epoch[2] Iteration[720/1240], entropy: 0.7355, uncertainty: 4.1406, uncertainty_coeffi: 0.0100, loss: 0.3217, lr: 3.45e-06
     Epoch[2] Iteration[730/1240], entropy: 0.4345, uncertainty: 4.6173, uncertainty_coeffi: 0.0100, loss: 0.1858, lr: 3.45e-06
     Epoch[2] Iteration[740/1240], entropy: 0.5057, uncertainty: 3.2605, uncertainty_coeffi: 0.0100, loss: 0.2650, lr: 3.45e-06
     Epoch[2] Iteration[750/1240], entropy: 0.5311, uncertainty: 3.3584, uncertainty_coeffi: 0.0100, loss: 0.2505, lr: 3.45e-06
     Epoch[2] Iteration[760/1240], entropy: 0.6942, uncertainty: 2.9608, uncertainty_coeffi: 0.0100, loss: 0.3354, lr: 3.45e-06
     Epoch[2] Iteration[770/1240], entropy: 0.6712, uncertainty: 3.2379, uncertainty_coeffi: 0.0100, loss: 0.3119, lr: 3.45e-06
     Epoch[2] Iteration[780/1240], entropy: 0.5504, uncertainty: 3.2293, uncertainty_coeffi: 0.0100, loss: 0.2264, lr: 3.45e-06
     Epoch[2] Iteration[790/1240], entropy: 0.5353, uncertainty: 3.0655, uncertainty_coeffi: 0.0100, loss: 0.2395, lr: 3.45e-06
     Epoch[2] Iteration[800/1240], entropy: 0.5682, uncertainty: 2.9682, uncertainty_coeffi: 0.0100, loss: 0.2852, lr: 3.45e-06
     Epoch[2] Iteration[810/1240], entropy: 0.5437, uncertainty: 3.0650, uncertainty_coeffi: 0.0100, loss: 0.2235, lr: 3.45e-06
     Epoch[2] Iteration[820/1240], entropy: 0.4530, uncertainty: 3.6142, uncertainty_coeffi: 0.0100, loss: 0.2273, lr: 3.45e-06
     Epoch[2] Iteration[830/1240], entropy: 0.3770, uncertainty: 3.1836, uncertainty_coeffi: 0.0100, loss: 0.1768, lr: 3.45e-06
     Epoch[2] Iteration[840/1240], entropy: 0.5705, uncertainty: 3.1158, uncertainty_coeffi: 0.0100, loss: 0.2493, lr: 3.45e-06
     Epoch[2] Iteration[850/1240], entropy: 0.5185, uncertainty: 3.3060, uncertainty_coeffi: 0.0100, loss: 0.1972, lr: 3.45e-06
     Epoch[2] Iteration[860/1240], entropy: 0.4859, uncertainty: 2.3229, uncertainty_coeffi: 0.0100, loss: 0.2617, lr: 3.45e-06
     Epoch[2] Iteration[870/1240], entropy: 0.4700, uncertainty: 2.7378, uncertainty_coeffi: 0.0100, loss: 0.2970, lr: 3.45e-06
     Epoch[2] Iteration[880/1240], entropy: 0.7073, uncertainty: 4.1976, uncertainty_coeffi: 0.0100, loss: 0.2162, lr: 3.45e-06
     Epoch[2] Iteration[890/1240], entropy: 0.5880, uncertainty: 3.2411, uncertainty_coeffi: 0.0100, loss: 0.2512, lr: 3.45e-06
     Epoch[2] Iteration[900/1240], entropy: 0.5780, uncertainty: 3.3746, uncertainty_coeffi: 0.0100, loss: 0.2500, lr: 3.45e-06
     Epoch[2] Iteration[910/1240], entropy: 0.5256, uncertainty: 3.5777, uncertainty_coeffi: 0.0100, loss: 0.1843, lr: 3.45e-06
     Epoch[2] Iteration[920/1240], entropy: 0.5220, uncertainty: 2.9023, uncertainty_coeffi: 0.0100, loss: 0.2159, lr: 3.45e-06
     Epoch[2] Iteration[930/1240], entropy: 0.4407, uncertainty: 3.4301, uncertainty_coeffi: 0.0100, loss: 0.1746, lr: 3.45e-06
     Epoch[2] Iteration[940/1240], entropy: 0.4346, uncertainty: 2.9949, uncertainty_coeffi: 0.0100, loss: 0.1829, lr: 3.45e-06
     Epoch[2] Iteration[950/1240], entropy: 0.5496, uncertainty: 3.2100, uncertainty_coeffi: 0.0100, loss: 0.2067, lr: 3.45e-06
     Epoch[2] Iteration[960/1240], entropy: 0.5687, uncertainty: 3.3051, uncertainty_coeffi: 0.0100, loss: 0.2016, lr: 3.45e-06
     Epoch[2] Iteration[970/1240], entropy: 0.6103, uncertainty: 3.1834, uncertainty_coeffi: 0.0100, loss: 0.2736, lr: 3.45e-06
     Epoch[2] Iteration[980/1240], entropy: 0.8045, uncertainty: 3.8307, uncertainty_coeffi: 0.0100, loss: 0.3337, lr: 3.45e-06
     Epoch[2] Iteration[990/1240], entropy: 0.6380, uncertainty: 3.2421, uncertainty_coeffi: 0.0100, loss: 0.2889, lr: 3.45e-06
     Epoch[2] Iteration[1000/1240], entropy: 0.5759, uncertainty: 3.4470, uncertainty_coeffi: 0.0100, loss: 0.2851, lr: 3.45e-06
     Epoch[2] Iteration[1010/1240], entropy: 0.4862, uncertainty: 3.0686, uncertainty_coeffi: 0.0100, loss: 0.2171, lr: 3.45e-06
     Epoch[2] Iteration[1020/1240], entropy: 0.7096, uncertainty: 3.8798, uncertainty_coeffi: 0.0100, loss: 0.2289, lr: 3.45e-06
     Epoch[2] Iteration[1030/1240], entropy: 0.4334, uncertainty: 3.7274, uncertainty_coeffi: 0.0100, loss: 0.1866, lr: 3.45e-06
     Epoch[2] Iteration[1040/1240], entropy: 0.5067, uncertainty: 3.7888, uncertainty_coeffi: 0.0100, loss: 0.1901, lr: 3.45e-06
     Epoch[2] Iteration[1050/1240], entropy: 0.6164, uncertainty: 3.0822, uncertainty_coeffi: 0.0100, loss: 0.2557, lr: 3.45e-06
     Epoch[2] Iteration[1060/1240], entropy: 0.8473, uncertainty: 4.1227, uncertainty_coeffi: 0.0100, loss: 0.3472, lr: 3.45e-06
     Epoch[2] Iteration[1070/1240], entropy: 0.6634, uncertainty: 3.9488, uncertainty_coeffi: 0.0100, loss: 0.2591, lr: 3.45e-06
     Epoch[2] Iteration[1080/1240], entropy: 0.6550, uncertainty: 3.8336, uncertainty_coeffi: 0.0100, loss: 0.2320, lr: 3.45e-06
     Epoch[2] Iteration[1090/1240], entropy: 0.3242, uncertainty: 2.4501, uncertainty_coeffi: 0.0100, loss: 0.2059, lr: 3.45e-06
     Epoch[2] Iteration[1100/1240], entropy: 0.6516, uncertainty: 3.9180, uncertainty_coeffi: 0.0100, loss: 0.2062, lr: 3.45e-06
     Epoch[2] Iteration[1110/1240], entropy: 0.7062, uncertainty: 4.1025, uncertainty_coeffi: 0.0100, loss: 0.2430, lr: 3.45e-06
     Epoch[2] Iteration[1120/1240], entropy: 0.7656, uncertainty: 3.7800, uncertainty_coeffi: 0.0100, loss: 0.2800, lr: 3.45e-06
     Epoch[2] Iteration[1130/1240], entropy: 0.5615, uncertainty: 3.1093, uncertainty_coeffi: 0.0100, loss: 0.2438, lr: 3.45e-06
     Epoch[2] Iteration[1140/1240], entropy: 0.5978, uncertainty: 3.4428, uncertainty_coeffi: 0.0100, loss: 0.2312, lr: 3.45e-06
     Epoch[2] Iteration[1150/1240], entropy: 0.8426, uncertainty: 3.4266, uncertainty_coeffi: 0.0100, loss: 0.3509, lr: 3.45e-06
     Epoch[2] Iteration[1160/1240], entropy: 0.7980, uncertainty: 3.1453, uncertainty_coeffi: 0.0100, loss: 0.3403, lr: 3.45e-06
     Epoch[2] Iteration[1170/1240], entropy: 0.5653, uncertainty: 2.4693, uncertainty_coeffi: 0.0100, loss: 0.2633, lr: 3.45e-06
     Epoch[2] Iteration[1180/1240], entropy: 0.8285, uncertainty: 3.5268, uncertainty_coeffi: 0.0100, loss: 0.3376, lr: 3.45e-06
     Epoch[2] Iteration[1190/1240], entropy: 0.5446, uncertainty: 3.0419, uncertainty_coeffi: 0.0100, loss: 0.2221, lr: 3.45e-06
     Epoch[2] Iteration[1200/1240], entropy: 0.5807, uncertainty: 3.0687, uncertainty_coeffi: 0.0100, loss: 0.2597, lr: 3.45e-06
     Epoch[2] Iteration[1210/1240], entropy: 0.6939, uncertainty: 2.9928, uncertainty_coeffi: 0.0100, loss: 0.2961, lr: 3.45e-06
     Epoch[2] Iteration[1220/1240], entropy: 0.3258, uncertainty: 2.3531, uncertainty_coeffi: 0.0100, loss: 0.1801, lr: 3.45e-06
     Epoch[2] Iteration[1230/1240], entropy: 0.7545, uncertainty: 3.7195, uncertainty_coeffi: 0.0100, loss: 0.2586, lr: 3.45e-06
     Epoch[2] Iteration[1240/1240], entropy: 0.6341, uncertainty: 3.0879, uncertainty_coeffi: 0.0100, loss: 0.2673, lr: 3.45e-06
     Averaged stats: entropy_avg: 0.5908, uncertainty_avg: 3.2623, uncertainty_coeffi_avg: 0.0100, loss_avg: 0.2532, lr_avg: 3.45e-06
     itm tta time 0:04:21
### TTA Eval Score: 
+-------+--------+--------+--------+--------+-------+
| epoch |   R1   |   R5   |  R10   |  mAP   |  mINP |
+-------+--------+--------+--------+--------+-------+
|  -999 | 60.631 | 77.519 | 83.268 | 35.542 | 6.004 |
|   0   | 60.999 | 77.544 | 83.202 | 35.766 | 6.027 |
|   1   | 61.200 | 77.539 | 83.338 | 35.902 | 6.043 |
|   2   | 61.356 | 77.580 | 83.348 | 35.996 | 6.057 |
+-------+--------+--------+--------+--------+-------+
     logs:  {'epo': 2, 'R1': 61.356, 'R5': 77.58, 'R10': 83.348, 'mAP': 35.996, 'mINP': 6.057, 'entropy': 0.5908228468991095, 'uncertainty': 3.2622591814687176, 'uncertainty_coeffi': 0.009999999776482582, 'loss': 0.25317439653219714, 'lr': 3.4549150281252804e-06}
     Epoch[3] Iteration[10/1240], entropy: 0.4043, uncertainty: 3.2119, uncertainty_coeffi: 0.0100, loss: 0.1932, lr: 3.45e-06
     Epoch[3] Iteration[20/1240], entropy: 0.5985, uncertainty: 3.5486, uncertainty_coeffi: 0.0100, loss: 0.2540, lr: 3.45e-06
     Epoch[3] Iteration[30/1240], entropy: 0.4672, uncertainty: 3.2574, uncertainty_coeffi: 0.0100, loss: 0.2036, lr: 3.45e-06
     Epoch[3] Iteration[40/1240], entropy: 0.5983, uncertainty: 4.1057, uncertainty_coeffi: 0.0100, loss: 0.1998, lr: 3.45e-06
     Epoch[3] Iteration[50/1240], entropy: 0.6857, uncertainty: 3.4415, uncertainty_coeffi: 0.0100, loss: 0.3402, lr: 3.45e-06
     Epoch[3] Iteration[60/1240], entropy: 0.4887, uncertainty: 2.6962, uncertainty_coeffi: 0.0100, loss: 0.2613, lr: 3.45e-06
     Epoch[3] Iteration[70/1240], entropy: 0.5983, uncertainty: 2.8635, uncertainty_coeffi: 0.0100, loss: 0.2850, lr: 3.45e-06
     Epoch[3] Iteration[80/1240], entropy: 0.8439, uncertainty: 3.0921, uncertainty_coeffi: 0.0100, loss: 0.3537, lr: 3.45e-06
     Epoch[3] Iteration[90/1240], entropy: 0.5367, uncertainty: 3.5948, uncertainty_coeffi: 0.0100, loss: 0.2075, lr: 3.45e-06
     Epoch[3] Iteration[100/1240], entropy: 0.7414, uncertainty: 3.6285, uncertainty_coeffi: 0.0100, loss: 0.2621, lr: 3.45e-06
     Epoch[3] Iteration[110/1240], entropy: 0.5702, uncertainty: 2.7118, uncertainty_coeffi: 0.0100, loss: 0.2551, lr: 3.45e-06
     Epoch[3] Iteration[120/1240], entropy: 0.7463, uncertainty: 3.6367, uncertainty_coeffi: 0.0100, loss: 0.2711, lr: 3.45e-06
     Epoch[3] Iteration[130/1240], entropy: 0.5418, uncertainty: 3.2110, uncertainty_coeffi: 0.0100, loss: 0.3361, lr: 3.45e-06
     Epoch[3] Iteration[140/1240], entropy: 0.7050, uncertainty: 3.6263, uncertainty_coeffi: 0.0100, loss: 0.2721, lr: 3.45e-06
     Epoch[3] Iteration[150/1240], entropy: 0.5251, uncertainty: 2.9977, uncertainty_coeffi: 0.0100, loss: 0.2964, lr: 3.45e-06
     Epoch[3] Iteration[160/1240], entropy: 0.5832, uncertainty: 3.0412, uncertainty_coeffi: 0.0100, loss: 0.2681, lr: 3.45e-06
     Epoch[3] Iteration[170/1240], entropy: 0.3668, uncertainty: 3.6929, uncertainty_coeffi: 0.0100, loss: 0.1453, lr: 3.45e-06
     Epoch[3] Iteration[180/1240], entropy: 0.5250, uncertainty: 3.4827, uncertainty_coeffi: 0.0100, loss: 0.2085, lr: 3.45e-06
     Epoch[3] Iteration[190/1240], entropy: 0.6246, uncertainty: 3.9511, uncertainty_coeffi: 0.0100, loss: 0.2455, lr: 3.45e-06
     Epoch[3] Iteration[200/1240], entropy: 0.6390, uncertainty: 3.4120, uncertainty_coeffi: 0.0100, loss: 0.2329, lr: 3.45e-06
     Epoch[3] Iteration[210/1240], entropy: 0.5042, uncertainty: 2.5189, uncertainty_coeffi: 0.0100, loss: 0.2464, lr: 3.45e-06
     Epoch[3] Iteration[220/1240], entropy: 0.4068, uncertainty: 4.3081, uncertainty_coeffi: 0.0100, loss: 0.1360, lr: 3.45e-06
     Epoch[3] Iteration[230/1240], entropy: 0.6571, uncertainty: 2.7450, uncertainty_coeffi: 0.0100, loss: 0.3478, lr: 3.45e-06
     Epoch[3] Iteration[240/1240], entropy: 0.5010, uncertainty: 2.7028, uncertainty_coeffi: 0.0100, loss: 0.2493, lr: 3.45e-06
     Epoch[3] Iteration[250/1240], entropy: 0.6644, uncertainty: 3.0322, uncertainty_coeffi: 0.0100, loss: 0.2860, lr: 3.45e-06
     Epoch[3] Iteration[260/1240], entropy: 0.5788, uncertainty: 3.9360, uncertainty_coeffi: 0.0100, loss: 0.2073, lr: 3.45e-06
     Epoch[3] Iteration[270/1240], entropy: 0.4896, uncertainty: 2.9643, uncertainty_coeffi: 0.0100, loss: 0.2957, lr: 3.45e-06
     Epoch[3] Iteration[280/1240], entropy: 0.7275, uncertainty: 3.7145, uncertainty_coeffi: 0.0100, loss: 0.2947, lr: 3.45e-06
     Epoch[3] Iteration[290/1240], entropy: 0.7900, uncertainty: 4.2390, uncertainty_coeffi: 0.0100, loss: 0.2652, lr: 6.55e-06
     Epoch[3] Iteration[300/1240], entropy: 0.6054, uncertainty: 3.1342, uncertainty_coeffi: 0.0100, loss: 0.2683, lr: 6.55e-06
     Epoch[3] Iteration[310/1240], entropy: 0.5554, uncertainty: 2.8295, uncertainty_coeffi: 0.0100, loss: 0.3130, lr: 6.55e-06
     Epoch[3] Iteration[320/1240], entropy: 0.4552, uncertainty: 3.1580, uncertainty_coeffi: 0.0100, loss: 0.2225, lr: 6.55e-06
     Epoch[3] Iteration[330/1240], entropy: 0.5079, uncertainty: 3.9691, uncertainty_coeffi: 0.0100, loss: 0.1706, lr: 6.55e-06
     Epoch[3] Iteration[340/1240], entropy: 0.5945, uncertainty: 2.8844, uncertainty_coeffi: 0.0100, loss: 0.2522, lr: 6.55e-06
     Epoch[3] Iteration[350/1240], entropy: 0.7485, uncertainty: 3.5772, uncertainty_coeffi: 0.0100, loss: 0.3772, lr: 6.55e-06
     Epoch[3] Iteration[360/1240], entropy: 0.5719, uncertainty: 3.7135, uncertainty_coeffi: 0.0100, loss: 0.2020, lr: 6.55e-06
     Epoch[3] Iteration[370/1240], entropy: 0.7020, uncertainty: 3.0569, uncertainty_coeffi: 0.0100, loss: 0.3105, lr: 6.55e-06
     Epoch[3] Iteration[380/1240], entropy: 0.6926, uncertainty: 3.1096, uncertainty_coeffi: 0.0100, loss: 0.3011, lr: 6.55e-06
     Epoch[3] Iteration[390/1240], entropy: 0.3954, uncertainty: 2.3735, uncertainty_coeffi: 0.0100, loss: 0.1919, lr: 6.55e-06
     Epoch[3] Iteration[400/1240], entropy: 0.5684, uncertainty: 3.2867, uncertainty_coeffi: 0.0100, loss: 0.2075, lr: 6.55e-06
     Epoch[3] Iteration[410/1240], entropy: 0.6409, uncertainty: 3.5983, uncertainty_coeffi: 0.0100, loss: 0.2708, lr: 6.55e-06
     Epoch[3] Iteration[420/1240], entropy: 0.7180, uncertainty: 2.9847, uncertainty_coeffi: 0.0100, loss: 0.3136, lr: 6.55e-06
     Epoch[3] Iteration[430/1240], entropy: 0.6111, uncertainty: 3.2486, uncertainty_coeffi: 0.0100, loss: 0.2786, lr: 6.55e-06
     Epoch[3] Iteration[440/1240], entropy: 0.4126, uncertainty: 2.6561, uncertainty_coeffi: 0.0100, loss: 0.2543, lr: 6.55e-06
     Epoch[3] Iteration[450/1240], entropy: 0.4549, uncertainty: 3.0879, uncertainty_coeffi: 0.0100, loss: 0.1910, lr: 6.55e-06
     Epoch[3] Iteration[460/1240], entropy: 0.7596, uncertainty: 2.4896, uncertainty_coeffi: 0.0100, loss: 0.4153, lr: 6.55e-06
     Epoch[3] Iteration[470/1240], entropy: 0.7542, uncertainty: 2.6909, uncertainty_coeffi: 0.0100, loss: 0.3897, lr: 6.55e-06
     Epoch[3] Iteration[480/1240], entropy: 0.5318, uncertainty: 4.3260, uncertainty_coeffi: 0.0100, loss: 0.1875, lr: 6.55e-06
     Epoch[3] Iteration[490/1240], entropy: 0.3524, uncertainty: 2.5450, uncertainty_coeffi: 0.0100, loss: 0.1887, lr: 6.55e-06
     Epoch[3] Iteration[500/1240], entropy: 0.4532, uncertainty: 2.7528, uncertainty_coeffi: 0.0100, loss: 0.2023, lr: 6.55e-06
     Epoch[3] Iteration[510/1240], entropy: 0.5717, uncertainty: 3.8573, uncertainty_coeffi: 0.0100, loss: 0.2526, lr: 6.55e-06
     Epoch[3] Iteration[520/1240], entropy: 0.5235, uncertainty: 2.9185, uncertainty_coeffi: 0.0100, loss: 0.2478, lr: 6.55e-06
     Epoch[3] Iteration[530/1240], entropy: 0.8538, uncertainty: 3.9023, uncertainty_coeffi: 0.0100, loss: 0.2485, lr: 6.55e-06
     Epoch[3] Iteration[540/1240], entropy: 0.5149, uncertainty: 3.6714, uncertainty_coeffi: 0.0100, loss: 0.2032, lr: 6.55e-06
     Epoch[3] Iteration[550/1240], entropy: 0.4468, uncertainty: 3.6518, uncertainty_coeffi: 0.0100, loss: 0.2604, lr: 6.55e-06
     Epoch[3] Iteration[560/1240], entropy: 0.7477, uncertainty: 3.5331, uncertainty_coeffi: 0.0100, loss: 0.2916, lr: 6.55e-06
     Epoch[3] Iteration[570/1240], entropy: 0.5818, uncertainty: 3.6324, uncertainty_coeffi: 0.0100, loss: 0.2365, lr: 6.55e-06
     Epoch[3] Iteration[580/1240], entropy: 0.6660, uncertainty: 3.5280, uncertainty_coeffi: 0.0100, loss: 0.3004, lr: 6.55e-06
     Epoch[3] Iteration[590/1240], entropy: 0.3278, uncertainty: 2.8480, uncertainty_coeffi: 0.0100, loss: 0.2107, lr: 6.55e-06
     Epoch[3] Iteration[600/1240], entropy: 0.3272, uncertainty: 3.0603, uncertainty_coeffi: 0.0100, loss: 0.1833, lr: 6.55e-06
     Epoch[3] Iteration[610/1240], entropy: 0.3823, uncertainty: 2.7213, uncertainty_coeffi: 0.0100, loss: 0.1676, lr: 6.55e-06
     Epoch[3] Iteration[620/1240], entropy: 0.4980, uncertainty: 3.2636, uncertainty_coeffi: 0.0100, loss: 0.1928, lr: 6.55e-06
     Epoch[3] Iteration[630/1240], entropy: 0.3972, uncertainty: 2.8355, uncertainty_coeffi: 0.0100, loss: 0.1712, lr: 6.55e-06
     Epoch[3] Iteration[640/1240], entropy: 0.6108, uncertainty: 3.3715, uncertainty_coeffi: 0.0100, loss: 0.2837, lr: 6.55e-06
     Epoch[3] Iteration[650/1240], entropy: 0.5227, uncertainty: 3.1134, uncertainty_coeffi: 0.0100, loss: 0.2677, lr: 6.55e-06
     Epoch[3] Iteration[660/1240], entropy: 0.4163, uncertainty: 3.4179, uncertainty_coeffi: 0.0100, loss: 0.1484, lr: 6.55e-06
     Epoch[3] Iteration[670/1240], entropy: 0.4677, uncertainty: 3.2084, uncertainty_coeffi: 0.0100, loss: 0.2128, lr: 6.55e-06
     Epoch[3] Iteration[680/1240], entropy: 0.4199, uncertainty: 2.9119, uncertainty_coeffi: 0.0100, loss: 0.1725, lr: 6.55e-06
     Epoch[3] Iteration[690/1240], entropy: 0.6601, uncertainty: 3.9245, uncertainty_coeffi: 0.0100, loss: 0.2374, lr: 6.55e-06
     Epoch[3] Iteration[700/1240], entropy: 0.5710, uncertainty: 3.6829, uncertainty_coeffi: 0.0100, loss: 0.1735, lr: 6.55e-06
     Epoch[3] Iteration[710/1240], entropy: 0.6439, uncertainty: 3.0881, uncertainty_coeffi: 0.0100, loss: 0.2607, lr: 6.55e-06
     Epoch[3] Iteration[720/1240], entropy: 0.7685, uncertainty: 4.1633, uncertainty_coeffi: 0.0100, loss: 0.2931, lr: 6.55e-06
     Epoch[3] Iteration[730/1240], entropy: 0.5588, uncertainty: 3.1049, uncertainty_coeffi: 0.0100, loss: 0.1984, lr: 6.55e-06
     Epoch[3] Iteration[740/1240], entropy: 0.6085, uncertainty: 3.7178, uncertainty_coeffi: 0.0100, loss: 0.1932, lr: 6.55e-06
     Epoch[3] Iteration[750/1240], entropy: 0.8434, uncertainty: 3.9097, uncertainty_coeffi: 0.0100, loss: 0.2518, lr: 6.55e-06
     Epoch[3] Iteration[760/1240], entropy: 0.4919, uncertainty: 3.4369, uncertainty_coeffi: 0.0100, loss: 0.2108, lr: 6.55e-06
     Epoch[3] Iteration[770/1240], entropy: 0.5890, uncertainty: 2.8955, uncertainty_coeffi: 0.0100, loss: 0.2741, lr: 6.55e-06
     Epoch[3] Iteration[780/1240], entropy: 0.7842, uncertainty: 3.7991, uncertainty_coeffi: 0.0100, loss: 0.3139, lr: 6.55e-06
     Epoch[3] Iteration[790/1240], entropy: 0.7409, uncertainty: 3.5471, uncertainty_coeffi: 0.0100, loss: 0.3276, lr: 6.55e-06
     Epoch[3] Iteration[800/1240], entropy: 0.6999, uncertainty: 3.4185, uncertainty_coeffi: 0.0100, loss: 0.2765, lr: 6.55e-06
     Epoch[3] Iteration[810/1240], entropy: 0.5703, uncertainty: 3.6253, uncertainty_coeffi: 0.0100, loss: 0.2748, lr: 6.55e-06
     Epoch[3] Iteration[820/1240], entropy: 0.5333, uncertainty: 2.9292, uncertainty_coeffi: 0.0100, loss: 0.2902, lr: 6.55e-06
     Epoch[3] Iteration[830/1240], entropy: 0.7701, uncertainty: 3.8255, uncertainty_coeffi: 0.0100, loss: 0.3670, lr: 6.55e-06
     Epoch[3] Iteration[840/1240], entropy: 0.4910, uncertainty: 2.9655, uncertainty_coeffi: 0.0100, loss: 0.2747, lr: 6.55e-06
     Epoch[3] Iteration[850/1240], entropy: 0.6352, uncertainty: 4.0688, uncertainty_coeffi: 0.0100, loss: 0.2282, lr: 6.55e-06
     Epoch[3] Iteration[860/1240], entropy: 0.7601, uncertainty: 3.3618, uncertainty_coeffi: 0.0100, loss: 0.3020, lr: 6.55e-06
     Epoch[3] Iteration[870/1240], entropy: 0.4712, uncertainty: 3.4735, uncertainty_coeffi: 0.0100, loss: 0.1768, lr: 6.55e-06
     Epoch[3] Iteration[880/1240], entropy: 0.4275, uncertainty: 3.7647, uncertainty_coeffi: 0.0100, loss: 0.1685, lr: 6.55e-06
     Epoch[3] Iteration[890/1240], entropy: 0.6044, uncertainty: 3.3163, uncertainty_coeffi: 0.0100, loss: 0.3021, lr: 6.55e-06
     Epoch[3] Iteration[900/1240], entropy: 0.7285, uncertainty: 4.0438, uncertainty_coeffi: 0.0100, loss: 0.2612, lr: 6.55e-06
     Epoch[3] Iteration[910/1240], entropy: 0.5650, uncertainty: 3.3203, uncertainty_coeffi: 0.0100, loss: 0.2577, lr: 6.55e-06
     Epoch[3] Iteration[920/1240], entropy: 0.3823, uncertainty: 3.7265, uncertainty_coeffi: 0.0100, loss: 0.1639, lr: 6.55e-06
     Epoch[3] Iteration[930/1240], entropy: 0.5879, uncertainty: 3.2522, uncertainty_coeffi: 0.0100, loss: 0.2185, lr: 6.55e-06
     Epoch[3] Iteration[940/1240], entropy: 0.4200, uncertainty: 2.9779, uncertainty_coeffi: 0.0100, loss: 0.2325, lr: 6.55e-06
     Epoch[3] Iteration[950/1240], entropy: 0.3937, uncertainty: 2.7660, uncertainty_coeffi: 0.0100, loss: 0.2030, lr: 6.55e-06
     Epoch[3] Iteration[960/1240], entropy: 0.6293, uncertainty: 2.9053, uncertainty_coeffi: 0.0100, loss: 0.3272, lr: 6.55e-06
     Epoch[3] Iteration[970/1240], entropy: 0.4666, uncertainty: 3.0165, uncertainty_coeffi: 0.0100, loss: 0.2019, lr: 6.55e-06
     Epoch[3] Iteration[980/1240], entropy: 0.7972, uncertainty: 3.3862, uncertainty_coeffi: 0.0100, loss: 0.3718, lr: 6.55e-06
     Epoch[3] Iteration[990/1240], entropy: 0.8893, uncertainty: 3.8472, uncertainty_coeffi: 0.0100, loss: 0.3616, lr: 6.55e-06
     Epoch[3] Iteration[1000/1240], entropy: 0.4795, uncertainty: 2.9308, uncertainty_coeffi: 0.0100, loss: 0.2607, lr: 6.55e-06
     Epoch[3] Iteration[1010/1240], entropy: 0.7447, uncertainty: 3.0914, uncertainty_coeffi: 0.0100, loss: 0.3466, lr: 6.55e-06
     Epoch[3] Iteration[1020/1240], entropy: 0.5774, uncertainty: 3.5890, uncertainty_coeffi: 0.0100, loss: 0.2133, lr: 6.55e-06
     Epoch[3] Iteration[1030/1240], entropy: 0.4534, uncertainty: 3.8075, uncertainty_coeffi: 0.0100, loss: 0.1798, lr: 6.55e-06
     Epoch[3] Iteration[1040/1240], entropy: 0.6658, uncertainty: 4.3703, uncertainty_coeffi: 0.0100, loss: 0.2430, lr: 6.55e-06
     Epoch[3] Iteration[1050/1240], entropy: 0.7361, uncertainty: 3.7509, uncertainty_coeffi: 0.0100, loss: 0.2233, lr: 6.55e-06
     Epoch[3] Iteration[1060/1240], entropy: 0.5913, uncertainty: 3.7503, uncertainty_coeffi: 0.0100, loss: 0.2497, lr: 6.55e-06
     Epoch[3] Iteration[1070/1240], entropy: 0.5350, uncertainty: 2.4616, uncertainty_coeffi: 0.0100, loss: 0.3170, lr: 6.55e-06
     Epoch[3] Iteration[1080/1240], entropy: 0.3555, uncertainty: 3.1215, uncertainty_coeffi: 0.0100, loss: 0.2009, lr: 6.55e-06
     Epoch[3] Iteration[1090/1240], entropy: 0.7316, uncertainty: 2.7279, uncertainty_coeffi: 0.0100, loss: 0.3412, lr: 6.55e-06
     Epoch[3] Iteration[1100/1240], entropy: 0.7712, uncertainty: 3.4707, uncertainty_coeffi: 0.0100, loss: 0.2875, lr: 6.55e-06
     Epoch[3] Iteration[1110/1240], entropy: 0.5050, uncertainty: 3.4491, uncertainty_coeffi: 0.0100, loss: 0.2054, lr: 6.55e-06
     Epoch[3] Iteration[1120/1240], entropy: 0.7171, uncertainty: 3.6030, uncertainty_coeffi: 0.0100, loss: 0.2560, lr: 6.55e-06
     Epoch[3] Iteration[1130/1240], entropy: 0.4226, uncertainty: 2.9086, uncertainty_coeffi: 0.0100, loss: 0.1868, lr: 6.55e-06
     Epoch[3] Iteration[1140/1240], entropy: 0.6763, uncertainty: 3.0676, uncertainty_coeffi: 0.0100, loss: 0.2424, lr: 6.55e-06
     Epoch[3] Iteration[1150/1240], entropy: 0.4762, uncertainty: 3.3124, uncertainty_coeffi: 0.0100, loss: 0.1800, lr: 6.55e-06
     Epoch[3] Iteration[1160/1240], entropy: 0.5351, uncertainty: 2.7370, uncertainty_coeffi: 0.0100, loss: 0.2706, lr: 6.55e-06
     Epoch[3] Iteration[1170/1240], entropy: 0.3899, uncertainty: 3.1824, uncertainty_coeffi: 0.0100, loss: 0.1900, lr: 6.55e-06
     Epoch[3] Iteration[1180/1240], entropy: 0.4382, uncertainty: 1.8369, uncertainty_coeffi: 0.0100, loss: 0.3250, lr: 6.55e-06
     Epoch[3] Iteration[1190/1240], entropy: 0.7902, uncertainty: 2.7713, uncertainty_coeffi: 0.0100, loss: 0.3487, lr: 6.55e-06
     Epoch[3] Iteration[1200/1240], entropy: 0.7445, uncertainty: 3.6018, uncertainty_coeffi: 0.0100, loss: 0.2370, lr: 6.55e-06
     Epoch[3] Iteration[1210/1240], entropy: 0.6314, uncertainty: 3.7375, uncertainty_coeffi: 0.0100, loss: 0.2664, lr: 6.55e-06
     Epoch[3] Iteration[1220/1240], entropy: 0.4652, uncertainty: 3.2556, uncertainty_coeffi: 0.0100, loss: 0.1842, lr: 6.55e-06
     Epoch[3] Iteration[1230/1240], entropy: 0.6463, uncertainty: 3.7425, uncertainty_coeffi: 0.0100, loss: 0.2739, lr: 6.55e-06
     Epoch[3] Iteration[1240/1240], entropy: 0.5374, uncertainty: 3.1987, uncertainty_coeffi: 0.0100, loss: 0.2396, lr: 6.55e-06
     Averaged stats: entropy_avg: 0.5820, uncertainty_avg: 3.3147, uncertainty_coeffi_avg: 0.0100, loss_avg: 0.2520, lr_avg: 5.85e-06
     itm tta time 0:04:14
     Epoch[4] Iteration[10/1240], entropy: 0.6397, uncertainty: 3.0304, uncertainty_coeffi: 0.0100, loss: 0.2568, lr: 6.55e-06
     Epoch[4] Iteration[20/1240], entropy: 0.3226, uncertainty: 3.1614, uncertainty_coeffi: 0.0100, loss: 0.1322, lr: 6.55e-06
     Epoch[4] Iteration[30/1240], entropy: 0.5021, uncertainty: 3.5520, uncertainty_coeffi: 0.0100, loss: 0.1699, lr: 6.55e-06
     Epoch[4] Iteration[40/1240], entropy: 0.5819, uncertainty: 2.9477, uncertainty_coeffi: 0.0100, loss: 0.2266, lr: 6.55e-06
     Epoch[4] Iteration[50/1240], entropy: 0.6131, uncertainty: 2.3045, uncertainty_coeffi: 0.0100, loss: 0.3044, lr: 6.55e-06
     Epoch[4] Iteration[60/1240], entropy: 0.6422, uncertainty: 2.9200, uncertainty_coeffi: 0.0100, loss: 0.2616, lr: 6.55e-06
     Epoch[4] Iteration[70/1240], entropy: 0.4897, uncertainty: 3.7495, uncertainty_coeffi: 0.0100, loss: 0.2324, lr: 6.55e-06
     Epoch[4] Iteration[80/1240], entropy: 0.5955, uncertainty: 3.3205, uncertainty_coeffi: 0.0100, loss: 0.2742, lr: 6.55e-06
     Epoch[4] Iteration[90/1240], entropy: 0.6817, uncertainty: 3.2899, uncertainty_coeffi: 0.0100, loss: 0.2886, lr: 6.55e-06
     Epoch[4] Iteration[100/1240], entropy: 0.7126, uncertainty: 2.7958, uncertainty_coeffi: 0.0100, loss: 0.4089, lr: 6.55e-06
     Epoch[4] Iteration[110/1240], entropy: 0.5612, uncertainty: 2.9161, uncertainty_coeffi: 0.0100, loss: 0.2527, lr: 6.55e-06
     Epoch[4] Iteration[120/1240], entropy: 0.4314, uncertainty: 2.7718, uncertainty_coeffi: 0.0100, loss: 0.2093, lr: 6.55e-06
     Epoch[4] Iteration[130/1240], entropy: 0.8607, uncertainty: 2.6380, uncertainty_coeffi: 0.0100, loss: 0.3790, lr: 6.55e-06
     Epoch[4] Iteration[140/1240], entropy: 0.3926, uncertainty: 2.2382, uncertainty_coeffi: 0.0100, loss: 0.2023, lr: 6.55e-06
     Epoch[4] Iteration[150/1240], entropy: 0.5252, uncertainty: 3.3690, uncertainty_coeffi: 0.0100, loss: 0.2669, lr: 6.55e-06
     Epoch[4] Iteration[160/1240], entropy: 0.5582, uncertainty: 3.3681, uncertainty_coeffi: 0.0100, loss: 0.2511, lr: 6.55e-06
     Epoch[4] Iteration[170/1240], entropy: 0.5438, uncertainty: 3.9918, uncertainty_coeffi: 0.0100, loss: 0.1905, lr: 6.55e-06
     Epoch[4] Iteration[180/1240], entropy: 0.6845, uncertainty: 4.0374, uncertainty_coeffi: 0.0100, loss: 0.2009, lr: 6.55e-06
     Epoch[4] Iteration[190/1240], entropy: 0.6987, uncertainty: 3.0511, uncertainty_coeffi: 0.0100, loss: 0.3249, lr: 6.55e-06
     Epoch[4] Iteration[200/1240], entropy: 0.3764, uncertainty: 2.7187, uncertainty_coeffi: 0.0100, loss: 0.1694, lr: 6.55e-06
     Epoch[4] Iteration[210/1240], entropy: 0.6756, uncertainty: 4.4191, uncertainty_coeffi: 0.0100, loss: 0.2117, lr: 6.55e-06
     Epoch[4] Iteration[220/1240], entropy: 0.4702, uncertainty: 2.9760, uncertainty_coeffi: 0.0100, loss: 0.1820, lr: 6.55e-06
     Epoch[4] Iteration[230/1240], entropy: 0.7070, uncertainty: 3.6305, uncertainty_coeffi: 0.0100, loss: 0.2962, lr: 6.55e-06
     Epoch[4] Iteration[240/1240], entropy: 0.4301, uncertainty: 3.5607, uncertainty_coeffi: 0.0100, loss: 0.2000, lr: 6.55e-06
     Epoch[4] Iteration[250/1240], entropy: 0.6258, uncertainty: 3.8008, uncertainty_coeffi: 0.0100, loss: 0.2491, lr: 6.55e-06
     Epoch[4] Iteration[260/1240], entropy: 0.6650, uncertainty: 4.3539, uncertainty_coeffi: 0.0100, loss: 0.2244, lr: 6.55e-06
     Epoch[4] Iteration[270/1240], entropy: 0.5024, uncertainty: 2.7445, uncertainty_coeffi: 0.0100, loss: 0.2139, lr: 6.55e-06
     Epoch[4] Iteration[280/1240], entropy: 0.5642, uncertainty: 2.5748, uncertainty_coeffi: 0.0100, loss: 0.2144, lr: 6.55e-06
     Epoch[4] Iteration[290/1240], entropy: 0.5051, uncertainty: 2.7600, uncertainty_coeffi: 0.0100, loss: 0.2879, lr: 6.55e-06
     Epoch[4] Iteration[300/1240], entropy: 0.4501, uncertainty: 3.2306, uncertainty_coeffi: 0.0100, loss: 0.1810, lr: 6.55e-06
     Epoch[4] Iteration[310/1240], entropy: 0.4694, uncertainty: 3.8475, uncertainty_coeffi: 0.0100, loss: 0.1727, lr: 6.55e-06
     Epoch[4] Iteration[320/1240], entropy: 0.5337, uncertainty: 3.3958, uncertainty_coeffi: 0.0100, loss: 0.1835, lr: 6.55e-06
     Epoch[4] Iteration[330/1240], entropy: 0.6081, uncertainty: 2.9709, uncertainty_coeffi: 0.0100, loss: 0.2411, lr: 6.55e-06
     Epoch[4] Iteration[340/1240], entropy: 0.4661, uncertainty: 2.8269, uncertainty_coeffi: 0.0100, loss: 0.2386, lr: 6.55e-06
     Epoch[4] Iteration[350/1240], entropy: 0.7031, uncertainty: 4.2995, uncertainty_coeffi: 0.0100, loss: 0.2327, lr: 6.55e-06
     Epoch[4] Iteration[360/1240], entropy: 0.4387, uncertainty: 3.4065, uncertainty_coeffi: 0.0100, loss: 0.2274, lr: 6.55e-06
     Epoch[4] Iteration[370/1240], entropy: 0.3987, uncertainty: 2.4967, uncertainty_coeffi: 0.0100, loss: 0.1987, lr: 6.55e-06
     Epoch[4] Iteration[380/1240], entropy: 0.5569, uncertainty: 2.6431, uncertainty_coeffi: 0.0100, loss: 0.2843, lr: 6.55e-06
     Epoch[4] Iteration[390/1240], entropy: 0.4131, uncertainty: 2.4877, uncertainty_coeffi: 0.0100, loss: 0.1915, lr: 6.55e-06
     Epoch[4] Iteration[400/1240], entropy: 0.5477, uncertainty: 3.2028, uncertainty_coeffi: 0.0100, loss: 0.2752, lr: 6.55e-06
     Epoch[4] Iteration[410/1240], entropy: 0.5932, uncertainty: 3.3972, uncertainty_coeffi: 0.0100, loss: 0.2402, lr: 6.55e-06
     Epoch[4] Iteration[420/1240], entropy: 0.6219, uncertainty: 3.5991, uncertainty_coeffi: 0.0100, loss: 0.2214, lr: 6.55e-06
     Epoch[4] Iteration[430/1240], entropy: 0.6751, uncertainty: 2.7387, uncertainty_coeffi: 0.0100, loss: 0.3571, lr: 6.55e-06
     Epoch[4] Iteration[440/1240], entropy: 0.6980, uncertainty: 2.9310, uncertainty_coeffi: 0.0100, loss: 0.3363, lr: 6.55e-06
     Epoch[4] Iteration[450/1240], entropy: 0.6446, uncertainty: 3.9107, uncertainty_coeffi: 0.0100, loss: 0.2100, lr: 6.55e-06
     Epoch[4] Iteration[460/1240], entropy: 0.4728, uncertainty: 3.2789, uncertainty_coeffi: 0.0100, loss: 0.1967, lr: 6.55e-06
     Epoch[4] Iteration[470/1240], entropy: 0.8227, uncertainty: 2.8439, uncertainty_coeffi: 0.0100, loss: 0.3549, lr: 6.55e-06
     Epoch[4] Iteration[480/1240], entropy: 0.6213, uncertainty: 4.1789, uncertainty_coeffi: 0.0100, loss: 0.1737, lr: 6.55e-06
     Epoch[4] Iteration[490/1240], entropy: 0.4660, uncertainty: 2.5173, uncertainty_coeffi: 0.0100, loss: 0.2833, lr: 6.55e-06
     Epoch[4] Iteration[500/1240], entropy: 0.4339, uncertainty: 3.7196, uncertainty_coeffi: 0.0100, loss: 0.1810, lr: 6.55e-06
     Epoch[4] Iteration[510/1240], entropy: 0.6950, uncertainty: 3.0868, uncertainty_coeffi: 0.0100, loss: 0.2970, lr: 6.55e-06
     Epoch[4] Iteration[520/1240], entropy: 0.5572, uncertainty: 2.7539, uncertainty_coeffi: 0.0100, loss: 0.2932, lr: 6.55e-06
     Epoch[4] Iteration[530/1240], entropy: 0.3172, uncertainty: 2.9494, uncertainty_coeffi: 0.0100, loss: 0.1279, lr: 6.55e-06
     Epoch[4] Iteration[540/1240], entropy: 0.6142, uncertainty: 3.4866, uncertainty_coeffi: 0.0100, loss: 0.2720, lr: 6.55e-06
     Epoch[4] Iteration[550/1240], entropy: 0.7419, uncertainty: 3.2238, uncertainty_coeffi: 0.0100, loss: 0.3309, lr: 6.55e-06
     Epoch[4] Iteration[560/1240], entropy: 0.6917, uncertainty: 3.3586, uncertainty_coeffi: 0.0100, loss: 0.2952, lr: 6.55e-06
     Epoch[4] Iteration[570/1240], entropy: 0.5627, uncertainty: 3.5536, uncertainty_coeffi: 0.0100, loss: 0.2591, lr: 6.55e-06
     Epoch[4] Iteration[580/1240], entropy: 0.4604, uncertainty: 3.0467, uncertainty_coeffi: 0.0100, loss: 0.2398, lr: 6.55e-06
     Epoch[4] Iteration[590/1240], entropy: 0.4904, uncertainty: 3.5375, uncertainty_coeffi: 0.0100, loss: 0.1787, lr: 6.55e-06
     Epoch[4] Iteration[600/1240], entropy: 0.5183, uncertainty: 2.4833, uncertainty_coeffi: 0.0100, loss: 0.2981, lr: 6.55e-06
     Epoch[4] Iteration[610/1240], entropy: 0.5103, uncertainty: 4.0702, uncertainty_coeffi: 0.0100, loss: 0.1893, lr: 6.55e-06
     Epoch[4] Iteration[620/1240], entropy: 0.6130, uncertainty: 3.3318, uncertainty_coeffi: 0.0100, loss: 0.2328, lr: 6.55e-06
     Epoch[4] Iteration[630/1240], entropy: 0.7066, uncertainty: 3.6690, uncertainty_coeffi: 0.0100, loss: 0.2306, lr: 6.55e-06
     Epoch[4] Iteration[640/1240], entropy: 0.2964, uncertainty: 2.9450, uncertainty_coeffi: 0.0100, loss: 0.1251, lr: 6.55e-06
     Epoch[4] Iteration[650/1240], entropy: 0.7236, uncertainty: 3.3333, uncertainty_coeffi: 0.0100, loss: 0.2668, lr: 6.55e-06
     Epoch[4] Iteration[660/1240], entropy: 0.7481, uncertainty: 4.1956, uncertainty_coeffi: 0.0100, loss: 0.2734, lr: 6.55e-06
     Epoch[4] Iteration[670/1240], entropy: 0.7783, uncertainty: 3.3275, uncertainty_coeffi: 0.0100, loss: 0.3324, lr: 6.55e-06
     Epoch[4] Iteration[680/1240], entropy: 0.5788, uncertainty: 4.3161, uncertainty_coeffi: 0.0100, loss: 0.1736, lr: 6.55e-06
     Epoch[4] Iteration[690/1240], entropy: 0.3086, uncertainty: 3.3158, uncertainty_coeffi: 0.0100, loss: 0.1303, lr: 6.55e-06
     Epoch[4] Iteration[700/1240], entropy: 0.3965, uncertainty: 3.3278, uncertainty_coeffi: 0.0100, loss: 0.1909, lr: 6.55e-06
     Epoch[4] Iteration[710/1240], entropy: 0.5374, uncertainty: 3.5184, uncertainty_coeffi: 0.0100, loss: 0.2032, lr: 6.55e-06
     Epoch[4] Iteration[720/1240], entropy: 0.4002, uncertainty: 3.0492, uncertainty_coeffi: 0.0100, loss: 0.2238, lr: 6.55e-06
     Epoch[4] Iteration[730/1240], entropy: 0.4653, uncertainty: 3.2079, uncertainty_coeffi: 0.0100, loss: 0.1625, lr: 6.55e-06
     Epoch[4] Iteration[740/1240], entropy: 0.5542, uncertainty: 3.0628, uncertainty_coeffi: 0.0100, loss: 0.2122, lr: 6.55e-06
     Epoch[4] Iteration[750/1240], entropy: 0.5464, uncertainty: 2.8431, uncertainty_coeffi: 0.0100, loss: 0.2144, lr: 6.55e-06
     Epoch[4] Iteration[760/1240], entropy: 0.5241, uncertainty: 3.0634, uncertainty_coeffi: 0.0100, loss: 0.2385, lr: 6.55e-06
     Epoch[4] Iteration[770/1240], entropy: 0.5930, uncertainty: 4.0523, uncertainty_coeffi: 0.0100, loss: 0.1987, lr: 6.55e-06
     Epoch[4] Iteration[780/1240], entropy: 0.5474, uncertainty: 3.5370, uncertainty_coeffi: 0.0100, loss: 0.1868, lr: 6.55e-06
     Epoch[4] Iteration[790/1240], entropy: 0.4572, uncertainty: 3.9447, uncertainty_coeffi: 0.0100, loss: 0.1926, lr: 6.55e-06
     Epoch[4] Iteration[800/1240], entropy: 0.6470, uncertainty: 3.5891, uncertainty_coeffi: 0.0100, loss: 0.2603, lr: 6.55e-06
     Epoch[4] Iteration[810/1240], entropy: 0.7411, uncertainty: 3.2053, uncertainty_coeffi: 0.0100, loss: 0.3096, lr: 6.55e-06
     Epoch[4] Iteration[820/1240], entropy: 0.6717, uncertainty: 3.0831, uncertainty_coeffi: 0.0100, loss: 0.3834, lr: 6.55e-06
     Epoch[4] Iteration[830/1240], entropy: 0.6684, uncertainty: 3.1161, uncertainty_coeffi: 0.0100, loss: 0.3283, lr: 6.55e-06
     Epoch[4] Iteration[840/1240], entropy: 0.6624, uncertainty: 2.6829, uncertainty_coeffi: 0.0100, loss: 0.3401, lr: 6.55e-06
     Epoch[4] Iteration[850/1240], entropy: 0.2682, uncertainty: 2.4674, uncertainty_coeffi: 0.0100, loss: 0.1601, lr: 6.55e-06
     Epoch[4] Iteration[860/1240], entropy: 0.5688, uncertainty: 2.7986, uncertainty_coeffi: 0.0100, loss: 0.2221, lr: 6.55e-06
     Epoch[4] Iteration[870/1240], entropy: 0.5667, uncertainty: 2.8382, uncertainty_coeffi: 0.0100, loss: 0.3071, lr: 6.55e-06
     Epoch[4] Iteration[880/1240], entropy: 0.7840, uncertainty: 3.7282, uncertainty_coeffi: 0.0100, loss: 0.2772, lr: 6.55e-06
     Epoch[4] Iteration[890/1240], entropy: 0.4730, uncertainty: 3.5143, uncertainty_coeffi: 0.0100, loss: 0.1841, lr: 6.55e-06
     Epoch[4] Iteration[900/1240], entropy: 0.3491, uncertainty: 2.7215, uncertainty_coeffi: 0.0100, loss: 0.1529, lr: 6.55e-06
     Epoch[4] Iteration[910/1240], entropy: 0.5567, uncertainty: 2.4825, uncertainty_coeffi: 0.0100, loss: 0.2494, lr: 6.55e-06
     Epoch[4] Iteration[920/1240], entropy: 0.8122, uncertainty: 3.4752, uncertainty_coeffi: 0.0100, loss: 0.3537, lr: 6.55e-06
     Epoch[4] Iteration[930/1240], entropy: 0.5830, uncertainty: 3.0955, uncertainty_coeffi: 0.0100, loss: 0.2047, lr: 6.55e-06
     Epoch[4] Iteration[940/1240], entropy: 0.3976, uncertainty: 2.9594, uncertainty_coeffi: 0.0100, loss: 0.1615, lr: 6.55e-06
     Epoch[4] Iteration[950/1240], entropy: 0.4253, uncertainty: 3.1226, uncertainty_coeffi: 0.0100, loss: 0.1747, lr: 6.55e-06
     Epoch[4] Iteration[960/1240], entropy: 0.5765, uncertainty: 2.9718, uncertainty_coeffi: 0.0100, loss: 0.2126, lr: 6.55e-06
     Epoch[4] Iteration[970/1240], entropy: 0.5937, uncertainty: 3.3017, uncertainty_coeffi: 0.0100, loss: 0.2620, lr: 6.55e-06
     Epoch[4] Iteration[980/1240], entropy: 0.4757, uncertainty: 4.2674, uncertainty_coeffi: 0.0100, loss: 0.2135, lr: 6.55e-06
     Epoch[4] Iteration[990/1240], entropy: 0.4336, uncertainty: 3.4632, uncertainty_coeffi: 0.0100, loss: 0.1325, lr: 6.55e-06
     Epoch[4] Iteration[1000/1240], entropy: 0.5825, uncertainty: 4.2399, uncertainty_coeffi: 0.0100, loss: 0.1749, lr: 6.55e-06
     Epoch[4] Iteration[1010/1240], entropy: 0.7757, uncertainty: 3.9519, uncertainty_coeffi: 0.0100, loss: 0.2652, lr: 6.55e-06
     Epoch[4] Iteration[1020/1240], entropy: 0.3457, uncertainty: 3.1783, uncertainty_coeffi: 0.0100, loss: 0.1643, lr: 6.55e-06
     Epoch[4] Iteration[1030/1240], entropy: 0.7589, uncertainty: 3.3612, uncertainty_coeffi: 0.0100, loss: 0.3433, lr: 6.55e-06
     Epoch[4] Iteration[1040/1240], entropy: 0.3586, uncertainty: 3.2505, uncertainty_coeffi: 0.0100, loss: 0.1645, lr: 6.55e-06
     Epoch[4] Iteration[1050/1240], entropy: 0.6174, uncertainty: 3.5531, uncertainty_coeffi: 0.0100, loss: 0.3040, lr: 9.05e-06
     Epoch[4] Iteration[1060/1240], entropy: 0.6437, uncertainty: 3.1498, uncertainty_coeffi: 0.0100, loss: 0.3145, lr: 9.05e-06
     Epoch[4] Iteration[1070/1240], entropy: 0.4413, uncertainty: 3.2642, uncertainty_coeffi: 0.0100, loss: 0.1642, lr: 9.05e-06
     Epoch[4] Iteration[1080/1240], entropy: 0.5445, uncertainty: 2.6235, uncertainty_coeffi: 0.0100, loss: 0.2531, lr: 9.05e-06
     Epoch[4] Iteration[1090/1240], entropy: 0.5203, uncertainty: 3.1531, uncertainty_coeffi: 0.0100, loss: 0.2682, lr: 9.05e-06
     Epoch[4] Iteration[1100/1240], entropy: 0.5646, uncertainty: 3.3945, uncertainty_coeffi: 0.0100, loss: 0.2147, lr: 9.05e-06
     Epoch[4] Iteration[1110/1240], entropy: 0.9041, uncertainty: 3.2293, uncertainty_coeffi: 0.0100, loss: 0.3834, lr: 9.05e-06
     Epoch[4] Iteration[1120/1240], entropy: 0.5889, uncertainty: 2.9212, uncertainty_coeffi: 0.0100, loss: 0.2267, lr: 9.05e-06
     Epoch[4] Iteration[1130/1240], entropy: 0.5176, uncertainty: 3.4744, uncertainty_coeffi: 0.0100, loss: 0.2143, lr: 9.05e-06
     Epoch[4] Iteration[1140/1240], entropy: 0.5234, uncertainty: 3.2068, uncertainty_coeffi: 0.0100, loss: 0.2767, lr: 9.05e-06
     Epoch[4] Iteration[1150/1240], entropy: 0.6568, uncertainty: 3.0940, uncertainty_coeffi: 0.0100, loss: 0.2467, lr: 9.05e-06
     Epoch[4] Iteration[1160/1240], entropy: 0.4848, uncertainty: 3.2067, uncertainty_coeffi: 0.0100, loss: 0.2047, lr: 9.05e-06
     Epoch[4] Iteration[1170/1240], entropy: 0.4030, uncertainty: 4.1759, uncertainty_coeffi: 0.0100, loss: 0.1201, lr: 9.05e-06
     Epoch[4] Iteration[1180/1240], entropy: 0.6576, uncertainty: 2.8545, uncertainty_coeffi: 0.0100, loss: 0.3225, lr: 9.05e-06
     Epoch[4] Iteration[1190/1240], entropy: 0.5153, uncertainty: 4.1014, uncertainty_coeffi: 0.0100, loss: 0.2074, lr: 9.05e-06
     Epoch[4] Iteration[1200/1240], entropy: 0.6030, uncertainty: 3.0999, uncertainty_coeffi: 0.0100, loss: 0.2475, lr: 9.05e-06
     Epoch[4] Iteration[1210/1240], entropy: 0.4280, uncertainty: 3.3965, uncertainty_coeffi: 0.0100, loss: 0.1641, lr: 9.05e-06
     Epoch[4] Iteration[1220/1240], entropy: 0.4698, uncertainty: 2.8909, uncertainty_coeffi: 0.0100, loss: 0.2215, lr: 9.05e-06
     Epoch[4] Iteration[1230/1240], entropy: 0.5505, uncertainty: 3.5098, uncertainty_coeffi: 0.0100, loss: 0.2281, lr: 9.05e-06
     Epoch[4] Iteration[1240/1240], entropy: 0.6802, uncertainty: 4.1288, uncertainty_coeffi: 0.0100, loss: 0.2103, lr: 9.05e-06
     Averaged stats: entropy_avg: 0.5606, uncertainty_avg: 3.2726, uncertainty_coeffi_avg: 0.0100, loss_avg: 0.2373, lr_avg: 6.95e-06
     itm tta time 0:04:18
### TTA Eval Score: 
+-------+--------+--------+--------+--------+-------+
| epoch |   R1   |   R5   |  R10   |  mAP   |  mINP |
+-------+--------+--------+--------+--------+-------+
|  -999 | 60.631 | 77.519 | 83.268 | 35.542 | 6.004 |
|   0   | 60.999 | 77.544 | 83.202 | 35.766 | 6.027 |
|   1   | 61.200 | 77.539 | 83.338 | 35.902 | 6.043 |
|   2   | 61.356 | 77.580 | 83.348 | 35.996 | 6.057 |
|   4   | 61.649 | 77.610 | 83.222 | 36.101 | 6.073 |
+-------+--------+--------+--------+--------+-------+
     logs:  {'epo': 4, 'R1': 61.649, 'R5': 77.61, 'R10': 83.222, 'mAP': 36.101, 'mINP': 6.073, 'entropy': 0.5606467101362443, 'uncertainty': 3.272583798054726, 'uncertainty_coeffi': 0.009999999776482582, 'loss': 0.2373221918580032, 'lr': 6.9483107783259865e-06}
     Epoch[5] Iteration[10/1240], entropy: 0.8082, uncertainty: 4.3582, uncertainty_coeffi: 0.0100, loss: 0.2783, lr: 9.05e-06
     Epoch[5] Iteration[20/1240], entropy: 0.6045, uncertainty: 2.7524, uncertainty_coeffi: 0.0100, loss: 0.2463, lr: 9.05e-06
     Epoch[5] Iteration[30/1240], entropy: 0.4271, uncertainty: 3.1397, uncertainty_coeffi: 0.0100, loss: 0.2152, lr: 9.05e-06
     Epoch[5] Iteration[40/1240], entropy: 0.4805, uncertainty: 2.9525, uncertainty_coeffi: 0.0100, loss: 0.1963, lr: 9.05e-06
     Epoch[5] Iteration[50/1240], entropy: 0.6426, uncertainty: 3.4173, uncertainty_coeffi: 0.0100, loss: 0.2191, lr: 9.05e-06
     Epoch[5] Iteration[60/1240], entropy: 0.4705, uncertainty: 3.1152, uncertainty_coeffi: 0.0100, loss: 0.1887, lr: 9.05e-06
     Epoch[5] Iteration[70/1240], entropy: 0.7259, uncertainty: 3.5038, uncertainty_coeffi: 0.0100, loss: 0.2414, lr: 9.05e-06
     Epoch[5] Iteration[80/1240], entropy: 0.5684, uncertainty: 3.9907, uncertainty_coeffi: 0.0100, loss: 0.1692, lr: 9.05e-06
     Epoch[5] Iteration[90/1240], entropy: 0.5326, uncertainty: 3.2363, uncertainty_coeffi: 0.0100, loss: 0.2504, lr: 9.05e-06
     Epoch[5] Iteration[100/1240], entropy: 0.7072, uncertainty: 3.3754, uncertainty_coeffi: 0.0100, loss: 0.3082, lr: 9.05e-06
     Epoch[5] Iteration[110/1240], entropy: 0.6318, uncertainty: 3.6756, uncertainty_coeffi: 0.0100, loss: 0.2692, lr: 9.05e-06
     Epoch[5] Iteration[120/1240], entropy: 0.9131, uncertainty: 3.4049, uncertainty_coeffi: 0.0100, loss: 0.3650, lr: 9.05e-06
     Epoch[5] Iteration[130/1240], entropy: 0.4967, uncertainty: 2.5408, uncertainty_coeffi: 0.0100, loss: 0.2816, lr: 9.05e-06
     Epoch[5] Iteration[140/1240], entropy: 0.6153, uncertainty: 3.5704, uncertainty_coeffi: 0.0100, loss: 0.2847, lr: 9.05e-06
     Epoch[5] Iteration[150/1240], entropy: 0.5462, uncertainty: 3.6062, uncertainty_coeffi: 0.0100, loss: 0.2310, lr: 9.05e-06
     Epoch[5] Iteration[160/1240], entropy: 0.3767, uncertainty: 3.2524, uncertainty_coeffi: 0.0100, loss: 0.1349, lr: 9.05e-06
     Epoch[5] Iteration[170/1240], entropy: 0.4730, uncertainty: 2.8614, uncertainty_coeffi: 0.0100, loss: 0.2545, lr: 9.05e-06
     Epoch[5] Iteration[180/1240], entropy: 0.6049, uncertainty: 2.7980, uncertainty_coeffi: 0.0100, loss: 0.2912, lr: 9.05e-06
     Epoch[5] Iteration[190/1240], entropy: 0.5918, uncertainty: 3.2458, uncertainty_coeffi: 0.0100, loss: 0.2488, lr: 9.05e-06
     Epoch[5] Iteration[200/1240], entropy: 0.6307, uncertainty: 3.5874, uncertainty_coeffi: 0.0100, loss: 0.2295, lr: 9.05e-06
     Epoch[5] Iteration[210/1240], entropy: 0.3864, uncertainty: 3.4340, uncertainty_coeffi: 0.0100, loss: 0.1576, lr: 9.05e-06
     Epoch[5] Iteration[220/1240], entropy: 0.3143, uncertainty: 2.6107, uncertainty_coeffi: 0.0100, loss: 0.1527, lr: 9.05e-06
     Epoch[5] Iteration[230/1240], entropy: 0.4413, uncertainty: 3.3546, uncertainty_coeffi: 0.0100, loss: 0.2041, lr: 9.05e-06
     Epoch[5] Iteration[240/1240], entropy: 0.3430, uncertainty: 3.6599, uncertainty_coeffi: 0.0100, loss: 0.1946, lr: 9.05e-06
     Epoch[5] Iteration[250/1240], entropy: 0.8099, uncertainty: 3.3097, uncertainty_coeffi: 0.0100, loss: 0.3368, lr: 9.05e-06
     Epoch[5] Iteration[260/1240], entropy: 0.6817, uncertainty: 3.1855, uncertainty_coeffi: 0.0100, loss: 0.3152, lr: 9.05e-06
     Epoch[5] Iteration[270/1240], entropy: 0.5752, uncertainty: 2.9321, uncertainty_coeffi: 0.0100, loss: 0.2093, lr: 9.05e-06
     Epoch[5] Iteration[280/1240], entropy: 0.6430, uncertainty: 3.3057, uncertainty_coeffi: 0.0100, loss: 0.2965, lr: 9.05e-06
     Epoch[5] Iteration[290/1240], entropy: 0.6627, uncertainty: 2.8386, uncertainty_coeffi: 0.0100, loss: 0.2800, lr: 9.05e-06
     Epoch[5] Iteration[300/1240], entropy: 0.4441, uncertainty: 2.9796, uncertainty_coeffi: 0.0100, loss: 0.1659, lr: 9.05e-06
     Epoch[5] Iteration[310/1240], entropy: 0.4868, uncertainty: 3.1445, uncertainty_coeffi: 0.0100, loss: 0.2315, lr: 9.05e-06
     Epoch[5] Iteration[320/1240], entropy: 0.5717, uncertainty: 2.5461, uncertainty_coeffi: 0.0100, loss: 0.3032, lr: 9.05e-06
     Epoch[5] Iteration[330/1240], entropy: 0.5749, uncertainty: 3.5373, uncertainty_coeffi: 0.0100, loss: 0.2260, lr: 9.05e-06
     Epoch[5] Iteration[340/1240], entropy: 0.5850, uncertainty: 4.0243, uncertainty_coeffi: 0.0100, loss: 0.1865, lr: 9.05e-06
     Epoch[5] Iteration[350/1240], entropy: 0.6824, uncertainty: 3.1301, uncertainty_coeffi: 0.0100, loss: 0.2916, lr: 9.05e-06
     Epoch[5] Iteration[360/1240], entropy: 0.6270, uncertainty: 3.3052, uncertainty_coeffi: 0.0100, loss: 0.2606, lr: 9.05e-06
     Epoch[5] Iteration[370/1240], entropy: 0.9607, uncertainty: 3.6320, uncertainty_coeffi: 0.0100, loss: 0.4265, lr: 9.05e-06
     Epoch[5] Iteration[380/1240], entropy: 0.8956, uncertainty: 3.6724, uncertainty_coeffi: 0.0100, loss: 0.3359, lr: 9.05e-06
     Epoch[5] Iteration[390/1240], entropy: 0.7502, uncertainty: 2.8074, uncertainty_coeffi: 0.0100, loss: 0.3787, lr: 9.05e-06
     Epoch[5] Iteration[400/1240], entropy: 0.3907, uncertainty: 2.7553, uncertainty_coeffi: 0.0100, loss: 0.1914, lr: 9.05e-06
     Epoch[5] Iteration[410/1240], entropy: 0.7593, uncertainty: 3.7458, uncertainty_coeffi: 0.0100, loss: 0.3373, lr: 9.05e-06
     Epoch[5] Iteration[420/1240], entropy: 0.7943, uncertainty: 3.6536, uncertainty_coeffi: 0.0100, loss: 0.2976, lr: 9.05e-06
     Epoch[5] Iteration[430/1240], entropy: 0.7564, uncertainty: 2.9800, uncertainty_coeffi: 0.0100, loss: 0.3813, lr: 9.05e-06
     Epoch[5] Iteration[440/1240], entropy: 0.4382, uncertainty: 4.2041, uncertainty_coeffi: 0.0100, loss: 0.1318, lr: 9.05e-06
     Epoch[5] Iteration[450/1240], entropy: 0.5304, uncertainty: 2.4438, uncertainty_coeffi: 0.0100, loss: 0.3078, lr: 9.05e-06
     Epoch[5] Iteration[460/1240], entropy: 0.6934, uncertainty: 3.3846, uncertainty_coeffi: 0.0100, loss: 0.2385, lr: 9.05e-06
     Epoch[5] Iteration[470/1240], entropy: 0.5496, uncertainty: 3.5858, uncertainty_coeffi: 0.0100, loss: 0.2681, lr: 9.05e-06
     Epoch[5] Iteration[480/1240], entropy: 0.5965, uncertainty: 3.1261, uncertainty_coeffi: 0.0100, loss: 0.2944, lr: 9.05e-06
     Epoch[5] Iteration[490/1240], entropy: 0.3315, uncertainty: 2.9147, uncertainty_coeffi: 0.0100, loss: 0.1498, lr: 9.05e-06
     Epoch[5] Iteration[500/1240], entropy: 0.4880, uncertainty: 2.6754, uncertainty_coeffi: 0.0100, loss: 0.2370, lr: 9.05e-06
     Epoch[5] Iteration[510/1240], entropy: 0.4847, uncertainty: 3.7413, uncertainty_coeffi: 0.0100, loss: 0.2036, lr: 9.05e-06
     Epoch[5] Iteration[520/1240], entropy: 0.6500, uncertainty: 3.5814, uncertainty_coeffi: 0.0100, loss: 0.2352, lr: 9.05e-06
     Epoch[5] Iteration[530/1240], entropy: 0.5761, uncertainty: 3.1173, uncertainty_coeffi: 0.0100, loss: 0.1917, lr: 9.05e-06
     Epoch[5] Iteration[540/1240], entropy: 0.3878, uncertainty: 2.9242, uncertainty_coeffi: 0.0100, loss: 0.2316, lr: 9.05e-06
     Epoch[5] Iteration[550/1240], entropy: 0.6738, uncertainty: 3.2679, uncertainty_coeffi: 0.0100, loss: 0.3087, lr: 9.05e-06
     Epoch[5] Iteration[560/1240], entropy: 0.5046, uncertainty: 2.6550, uncertainty_coeffi: 0.0100, loss: 0.2245, lr: 9.05e-06
     Epoch[5] Iteration[570/1240], entropy: 0.4561, uncertainty: 3.6824, uncertainty_coeffi: 0.0100, loss: 0.2311, lr: 9.05e-06
     Epoch[5] Iteration[580/1240], entropy: 0.5854, uncertainty: 4.1311, uncertainty_coeffi: 0.0100, loss: 0.1955, lr: 9.05e-06
     Epoch[5] Iteration[590/1240], entropy: 0.5626, uncertainty: 4.9262, uncertainty_coeffi: 0.0100, loss: 0.1816, lr: 9.05e-06
     Epoch[5] Iteration[600/1240], entropy: 0.5822, uncertainty: 3.6254, uncertainty_coeffi: 0.0100, loss: 0.2452, lr: 9.05e-06
     Epoch[5] Iteration[610/1240], entropy: 0.7237, uncertainty: 3.2035, uncertainty_coeffi: 0.0100, loss: 0.3080, lr: 9.05e-06
     Epoch[5] Iteration[620/1240], entropy: 0.4069, uncertainty: 2.8274, uncertainty_coeffi: 0.0100, loss: 0.1867, lr: 9.05e-06
     Epoch[5] Iteration[630/1240], entropy: 0.7309, uncertainty: 3.9341, uncertainty_coeffi: 0.0100, loss: 0.2794, lr: 9.05e-06
     Epoch[5] Iteration[640/1240], entropy: 0.6289, uncertainty: 3.8037, uncertainty_coeffi: 0.0100, loss: 0.2532, lr: 9.05e-06
     Epoch[5] Iteration[650/1240], entropy: 0.4738, uncertainty: 2.4592, uncertainty_coeffi: 0.0100, loss: 0.2644, lr: 9.05e-06
     Epoch[5] Iteration[660/1240], entropy: 0.3753, uncertainty: 3.2368, uncertainty_coeffi: 0.0100, loss: 0.2122, lr: 9.05e-06
     Epoch[5] Iteration[670/1240], entropy: 0.6302, uncertainty: 4.0223, uncertainty_coeffi: 0.0100, loss: 0.2372, lr: 9.05e-06
     Epoch[5] Iteration[680/1240], entropy: 0.6153, uncertainty: 3.5454, uncertainty_coeffi: 0.0100, loss: 0.2606, lr: 9.05e-06
     Epoch[5] Iteration[690/1240], entropy: 0.4308, uncertainty: 2.2102, uncertainty_coeffi: 0.0100, loss: 0.2500, lr: 9.05e-06
     Epoch[5] Iteration[700/1240], entropy: 0.6540, uncertainty: 3.9901, uncertainty_coeffi: 0.0100, loss: 0.2238, lr: 9.05e-06
     Epoch[5] Iteration[710/1240], entropy: 0.9918, uncertainty: 3.1448, uncertainty_coeffi: 0.0100, loss: 0.4561, lr: 9.05e-06
     Epoch[5] Iteration[720/1240], entropy: 0.6784, uncertainty: 2.4991, uncertainty_coeffi: 0.0100, loss: 0.3377, lr: 9.05e-06
     Epoch[5] Iteration[730/1240], entropy: 0.4625, uncertainty: 2.7951, uncertainty_coeffi: 0.0100, loss: 0.2588, lr: 9.05e-06
     Epoch[5] Iteration[740/1240], entropy: 0.5588, uncertainty: 3.7209, uncertainty_coeffi: 0.0100, loss: 0.1805, lr: 9.05e-06
     Epoch[5] Iteration[750/1240], entropy: 0.5446, uncertainty: 2.1143, uncertainty_coeffi: 0.0100, loss: 0.2717, lr: 9.05e-06
     Epoch[5] Iteration[760/1240], entropy: 0.6937, uncertainty: 3.1945, uncertainty_coeffi: 0.0100, loss: 0.3353, lr: 9.05e-06
     Epoch[5] Iteration[770/1240], entropy: 0.5881, uncertainty: 3.1821, uncertainty_coeffi: 0.0100, loss: 0.2423, lr: 9.05e-06
     Epoch[5] Iteration[780/1240], entropy: 0.5725, uncertainty: 3.1411, uncertainty_coeffi: 0.0100, loss: 0.2395, lr: 9.05e-06
     Epoch[5] Iteration[790/1240], entropy: 0.4810, uncertainty: 2.7001, uncertainty_coeffi: 0.0100, loss: 0.2261, lr: 9.05e-06
     Epoch[5] Iteration[800/1240], entropy: 0.3094, uncertainty: 3.8434, uncertainty_coeffi: 0.0100, loss: 0.1656, lr: 9.05e-06
     Epoch[5] Iteration[810/1240], entropy: 0.5504, uncertainty: 3.1598, uncertainty_coeffi: 0.0100, loss: 0.2574, lr: 9.05e-06
     Epoch[5] Iteration[820/1240], entropy: 0.7228, uncertainty: 3.7541, uncertainty_coeffi: 0.0100, loss: 0.2755, lr: 9.05e-06
     Epoch[5] Iteration[830/1240], entropy: 0.5927, uncertainty: 3.7674, uncertainty_coeffi: 0.0100, loss: 0.1851, lr: 9.05e-06
     Epoch[5] Iteration[840/1240], entropy: 0.4402, uncertainty: 3.0528, uncertainty_coeffi: 0.0100, loss: 0.1924, lr: 9.05e-06
     Epoch[5] Iteration[850/1240], entropy: 0.8630, uncertainty: 3.4132, uncertainty_coeffi: 0.0100, loss: 0.3227, lr: 9.05e-06
     Epoch[5] Iteration[860/1240], entropy: 0.5374, uncertainty: 3.2060, uncertainty_coeffi: 0.0100, loss: 0.2677, lr: 9.05e-06
     Epoch[5] Iteration[870/1240], entropy: 0.5998, uncertainty: 2.9239, uncertainty_coeffi: 0.0100, loss: 0.2725, lr: 9.05e-06
     Epoch[5] Iteration[880/1240], entropy: 0.5785, uncertainty: 3.4227, uncertainty_coeffi: 0.0100, loss: 0.2808, lr: 9.05e-06
     Epoch[5] Iteration[890/1240], entropy: 0.6176, uncertainty: 3.2601, uncertainty_coeffi: 0.0100, loss: 0.2241, lr: 9.05e-06
     Epoch[5] Iteration[900/1240], entropy: 0.6978, uncertainty: 2.7434, uncertainty_coeffi: 0.0100, loss: 0.3503, lr: 9.05e-06
     Epoch[5] Iteration[910/1240], entropy: 0.4011, uncertainty: 3.0344, uncertainty_coeffi: 0.0100, loss: 0.2023, lr: 9.05e-06
     Epoch[5] Iteration[920/1240], entropy: 0.8099, uncertainty: 3.2321, uncertainty_coeffi: 0.0100, loss: 0.3036, lr: 9.05e-06
     Epoch[5] Iteration[930/1240], entropy: 0.5001, uncertainty: 3.8608, uncertainty_coeffi: 0.0100, loss: 0.1666, lr: 9.05e-06
     Epoch[5] Iteration[940/1240], entropy: 0.5291, uncertainty: 2.7170, uncertainty_coeffi: 0.0100, loss: 0.2122, lr: 9.05e-06
     Epoch[5] Iteration[950/1240], entropy: 0.5562, uncertainty: 3.3308, uncertainty_coeffi: 0.0100, loss: 0.2593, lr: 9.05e-06
     Epoch[5] Iteration[960/1240], entropy: 0.5721, uncertainty: 3.2811, uncertainty_coeffi: 0.0100, loss: 0.2202, lr: 9.05e-06
     Epoch[5] Iteration[970/1240], entropy: 0.6347, uncertainty: 2.8696, uncertainty_coeffi: 0.0100, loss: 0.2609, lr: 9.05e-06
     Epoch[5] Iteration[980/1240], entropy: 0.5732, uncertainty: 3.6467, uncertainty_coeffi: 0.0100, loss: 0.2222, lr: 9.05e-06
     Epoch[5] Iteration[990/1240], entropy: 0.5382, uncertainty: 2.8721, uncertainty_coeffi: 0.0100, loss: 0.2126, lr: 9.05e-06
     Epoch[5] Iteration[1000/1240], entropy: 0.4074, uncertainty: 3.1913, uncertainty_coeffi: 0.0100, loss: 0.1796, lr: 9.05e-06
     Epoch[5] Iteration[1010/1240], entropy: 0.5039, uncertainty: 2.7277, uncertainty_coeffi: 0.0100, loss: 0.3077, lr: 9.05e-06
     Epoch[5] Iteration[1020/1240], entropy: 0.4999, uncertainty: 2.9814, uncertainty_coeffi: 0.0100, loss: 0.2542, lr: 9.05e-06
     Epoch[5] Iteration[1030/1240], entropy: 0.5407, uncertainty: 2.7235, uncertainty_coeffi: 0.0100, loss: 0.2771, lr: 9.05e-06
     Epoch[5] Iteration[1040/1240], entropy: 0.6334, uncertainty: 3.8491, uncertainty_coeffi: 0.0100, loss: 0.2027, lr: 9.05e-06
     Epoch[5] Iteration[1050/1240], entropy: 0.6172, uncertainty: 3.8215, uncertainty_coeffi: 0.0100, loss: 0.2012, lr: 9.05e-06
     Epoch[5] Iteration[1060/1240], entropy: 0.6135, uncertainty: 3.0657, uncertainty_coeffi: 0.0100, loss: 0.2149, lr: 9.05e-06
     Epoch[5] Iteration[1070/1240], entropy: 0.3044, uncertainty: 3.2067, uncertainty_coeffi: 0.0100, loss: 0.1549, lr: 9.05e-06
     Epoch[5] Iteration[1080/1240], entropy: 0.7502, uncertainty: 4.5520, uncertainty_coeffi: 0.0100, loss: 0.2597, lr: 9.05e-06
     Epoch[5] Iteration[1090/1240], entropy: 0.7612, uncertainty: 3.0808, uncertainty_coeffi: 0.0100, loss: 0.2745, lr: 9.05e-06
     Epoch[5] Iteration[1100/1240], entropy: 0.4170, uncertainty: 3.3696, uncertainty_coeffi: 0.0100, loss: 0.2345, lr: 9.05e-06
     Epoch[5] Iteration[1110/1240], entropy: 0.5497, uncertainty: 3.0240, uncertainty_coeffi: 0.0100, loss: 0.2748, lr: 9.05e-06
     Epoch[5] Iteration[1120/1240], entropy: 0.6099, uncertainty: 3.9900, uncertainty_coeffi: 0.0100, loss: 0.2460, lr: 9.05e-06
     Epoch[5] Iteration[1130/1240], entropy: 0.6603, uncertainty: 2.7944, uncertainty_coeffi: 0.0100, loss: 0.3083, lr: 9.05e-06
     Epoch[5] Iteration[1140/1240], entropy: 0.6743, uncertainty: 3.8865, uncertainty_coeffi: 0.0100, loss: 0.2477, lr: 9.05e-06
     Epoch[5] Iteration[1150/1240], entropy: 0.5566, uncertainty: 3.4402, uncertainty_coeffi: 0.0100, loss: 0.2036, lr: 9.05e-06
     Epoch[5] Iteration[1160/1240], entropy: 0.4502, uncertainty: 2.7642, uncertainty_coeffi: 0.0100, loss: 0.2306, lr: 9.05e-06
     Epoch[5] Iteration[1170/1240], entropy: 0.6292, uncertainty: 3.5783, uncertainty_coeffi: 0.0100, loss: 0.2948, lr: 9.05e-06
     Epoch[5] Iteration[1180/1240], entropy: 0.6006, uncertainty: 4.4198, uncertainty_coeffi: 0.0100, loss: 0.2041, lr: 9.05e-06
     Epoch[5] Iteration[1190/1240], entropy: 0.6344, uncertainty: 3.0273, uncertainty_coeffi: 0.0100, loss: 0.2440, lr: 9.05e-06
     Epoch[5] Iteration[1200/1240], entropy: 0.5916, uncertainty: 3.3233, uncertainty_coeffi: 0.0100, loss: 0.2291, lr: 9.05e-06
     Epoch[5] Iteration[1210/1240], entropy: 0.4841, uncertainty: 3.4881, uncertainty_coeffi: 0.0100, loss: 0.1853, lr: 9.05e-06
     Epoch[5] Iteration[1220/1240], entropy: 0.5524, uncertainty: 3.4395, uncertainty_coeffi: 0.0100, loss: 0.2743, lr: 9.05e-06
     Epoch[5] Iteration[1230/1240], entropy: 0.7403, uncertainty: 3.3275, uncertainty_coeffi: 0.0100, loss: 0.2799, lr: 9.05e-06
     Epoch[5] Iteration[1240/1240], entropy: 0.5201, uncertainty: 2.7924, uncertainty_coeffi: 0.0100, loss: 0.2837, lr: 9.05e-06
     Averaged stats: entropy_avg: 0.5826, uncertainty_avg: 3.2895, uncertainty_coeffi_avg: 0.0100, loss_avg: 0.2491, lr_avg: 9.05e-06
     itm tta time 0:04:26
     Epoch[6] Iteration[10/1240], entropy: 0.5061, uncertainty: 2.5156, uncertainty_coeffi: 0.0100, loss: 0.2530, lr: 9.05e-06
     Epoch[6] Iteration[20/1240], entropy: 0.8102, uncertainty: 3.6870, uncertainty_coeffi: 0.0100, loss: 0.3043, lr: 9.05e-06
     Epoch[6] Iteration[30/1240], entropy: 0.5068, uncertainty: 3.0931, uncertainty_coeffi: 0.0100, loss: 0.1886, lr: 9.05e-06
     Epoch[6] Iteration[40/1240], entropy: 0.7801, uncertainty: 2.7000, uncertainty_coeffi: 0.0100, loss: 0.3908, lr: 9.05e-06
     Epoch[6] Iteration[50/1240], entropy: 0.5701, uncertainty: 2.3503, uncertainty_coeffi: 0.0100, loss: 0.3617, lr: 9.05e-06
     Epoch[6] Iteration[60/1240], entropy: 0.4756, uncertainty: 3.0968, uncertainty_coeffi: 0.0100, loss: 0.2258, lr: 9.05e-06
     Epoch[6] Iteration[70/1240], entropy: 0.5268, uncertainty: 3.0834, uncertainty_coeffi: 0.0100, loss: 0.2211, lr: 9.05e-06
     Epoch[6] Iteration[80/1240], entropy: 0.7289, uncertainty: 3.4133, uncertainty_coeffi: 0.0100, loss: 0.2625, lr: 9.05e-06
     Epoch[6] Iteration[90/1240], entropy: 0.5468, uncertainty: 2.8711, uncertainty_coeffi: 0.0100, loss: 0.2700, lr: 9.05e-06
     Epoch[6] Iteration[100/1240], entropy: 0.5330, uncertainty: 2.7610, uncertainty_coeffi: 0.0100, loss: 0.2811, lr: 9.05e-06
     Epoch[6] Iteration[110/1240], entropy: 0.5452, uncertainty: 3.1985, uncertainty_coeffi: 0.0100, loss: 0.2805, lr: 9.05e-06
     Epoch[6] Iteration[120/1240], entropy: 0.8360, uncertainty: 3.0917, uncertainty_coeffi: 0.0100, loss: 0.3883, lr: 9.05e-06
     Epoch[6] Iteration[130/1240], entropy: 0.6539, uncertainty: 4.1890, uncertainty_coeffi: 0.0100, loss: 0.2220, lr: 9.05e-06
     Epoch[6] Iteration[140/1240], entropy: 0.3514, uncertainty: 3.4929, uncertainty_coeffi: 0.0100, loss: 0.1277, lr: 9.05e-06
     Epoch[6] Iteration[150/1240], entropy: 0.9521, uncertainty: 4.1622, uncertainty_coeffi: 0.0100, loss: 0.2808, lr: 9.05e-06
     Epoch[6] Iteration[160/1240], entropy: 0.4137, uncertainty: 2.4443, uncertainty_coeffi: 0.0100, loss: 0.2179, lr: 9.05e-06
     Epoch[6] Iteration[170/1240], entropy: 0.4231, uncertainty: 3.1279, uncertainty_coeffi: 0.0100, loss: 0.1963, lr: 9.05e-06
     Epoch[6] Iteration[180/1240], entropy: 0.5075, uncertainty: 3.3404, uncertainty_coeffi: 0.0100, loss: 0.2241, lr: 9.05e-06
     Epoch[6] Iteration[190/1240], entropy: 0.5558, uncertainty: 3.3517, uncertainty_coeffi: 0.0100, loss: 0.1934, lr: 9.05e-06
     Epoch[6] Iteration[200/1240], entropy: 0.6226, uncertainty: 4.1254, uncertainty_coeffi: 0.0100, loss: 0.2079, lr: 9.05e-06
     Epoch[6] Iteration[210/1240], entropy: 0.5186, uncertainty: 4.4794, uncertainty_coeffi: 0.0100, loss: 0.1551, lr: 9.05e-06
     Epoch[6] Iteration[220/1240], entropy: 0.8457, uncertainty: 3.5949, uncertainty_coeffi: 0.0100, loss: 0.2839, lr: 9.05e-06
     Epoch[6] Iteration[230/1240], entropy: 0.2980, uncertainty: 2.1206, uncertainty_coeffi: 0.0100, loss: 0.1548, lr: 9.05e-06
     Epoch[6] Iteration[240/1240], entropy: 0.5018, uncertainty: 2.9663, uncertainty_coeffi: 0.0100, loss: 0.2023, lr: 9.05e-06
     Epoch[6] Iteration[250/1240], entropy: 0.5351, uncertainty: 2.6991, uncertainty_coeffi: 0.0100, loss: 0.2638, lr: 9.05e-06
     Epoch[6] Iteration[260/1240], entropy: 0.6759, uncertainty: 2.7015, uncertainty_coeffi: 0.0100, loss: 0.3774, lr: 9.05e-06
     Epoch[6] Iteration[270/1240], entropy: 0.5262, uncertainty: 3.5447, uncertainty_coeffi: 0.0100, loss: 0.1743, lr: 9.05e-06
     Epoch[6] Iteration[280/1240], entropy: 0.5875, uncertainty: 3.0726, uncertainty_coeffi: 0.0100, loss: 0.2284, lr: 9.05e-06
     Epoch[6] Iteration[290/1240], entropy: 0.6052, uncertainty: 3.6651, uncertainty_coeffi: 0.0100, loss: 0.2076, lr: 9.05e-06
     Epoch[6] Iteration[300/1240], entropy: 0.5169, uncertainty: 3.1438, uncertainty_coeffi: 0.0100, loss: 0.2390, lr: 9.05e-06
     Epoch[6] Iteration[310/1240], entropy: 0.4604, uncertainty: 2.0919, uncertainty_coeffi: 0.0100, loss: 0.2564, lr: 9.05e-06
     Epoch[6] Iteration[320/1240], entropy: 0.7826, uncertainty: 4.1501, uncertainty_coeffi: 0.0100, loss: 0.2239, lr: 9.05e-06
     Epoch[6] Iteration[330/1240], entropy: 0.6791, uncertainty: 3.5985, uncertainty_coeffi: 0.0100, loss: 0.3059, lr: 9.05e-06
     Epoch[6] Iteration[340/1240], entropy: 0.5532, uncertainty: 3.0668, uncertainty_coeffi: 0.0100, loss: 0.2327, lr: 9.05e-06
     Epoch[6] Iteration[350/1240], entropy: 0.4458, uncertainty: 4.0149, uncertainty_coeffi: 0.0100, loss: 0.2032, lr: 9.05e-06
     Epoch[6] Iteration[360/1240], entropy: 0.5030, uncertainty: 3.1721, uncertainty_coeffi: 0.0100, loss: 0.2189, lr: 9.05e-06
     Epoch[6] Iteration[370/1240], entropy: 0.4670, uncertainty: 3.4439, uncertainty_coeffi: 0.0100, loss: 0.1739, lr: 9.05e-06
     Epoch[6] Iteration[380/1240], entropy: 0.5636, uncertainty: 3.4846, uncertainty_coeffi: 0.0100, loss: 0.2534, lr: 9.05e-06
     Epoch[6] Iteration[390/1240], entropy: 0.5208, uncertainty: 3.6449, uncertainty_coeffi: 0.0100, loss: 0.2062, lr: 9.05e-06
     Epoch[6] Iteration[400/1240], entropy: 0.6394, uncertainty: 2.8458, uncertainty_coeffi: 0.0100, loss: 0.2858, lr: 9.05e-06
     Epoch[6] Iteration[410/1240], entropy: 0.5205, uncertainty: 2.9072, uncertainty_coeffi: 0.0100, loss: 0.2480, lr: 9.05e-06
     Epoch[6] Iteration[420/1240], entropy: 0.5221, uncertainty: 2.2099, uncertainty_coeffi: 0.0100, loss: 0.3070, lr: 9.05e-06
     Epoch[6] Iteration[430/1240], entropy: 0.5833, uncertainty: 2.9578, uncertainty_coeffi: 0.0100, loss: 0.2500, lr: 9.05e-06
     Epoch[6] Iteration[440/1240], entropy: 0.8181, uncertainty: 4.4805, uncertainty_coeffi: 0.0100, loss: 0.2427, lr: 9.05e-06
     Epoch[6] Iteration[450/1240], entropy: 0.5949, uncertainty: 3.7347, uncertainty_coeffi: 0.0100, loss: 0.2075, lr: 9.05e-06
     Epoch[6] Iteration[460/1240], entropy: 0.5038, uncertainty: 3.1564, uncertainty_coeffi: 0.0100, loss: 0.2074, lr: 9.05e-06
     Epoch[6] Iteration[470/1240], entropy: 0.6131, uncertainty: 3.6432, uncertainty_coeffi: 0.0100, loss: 0.2235, lr: 9.05e-06
     Epoch[6] Iteration[480/1240], entropy: 0.4692, uncertainty: 3.9119, uncertainty_coeffi: 0.0100, loss: 0.1935, lr: 9.05e-06
     Epoch[6] Iteration[490/1240], entropy: 0.4686, uncertainty: 3.2497, uncertainty_coeffi: 0.0100, loss: 0.2051, lr: 9.05e-06
     Epoch[6] Iteration[500/1240], entropy: 0.5346, uncertainty: 3.7444, uncertainty_coeffi: 0.0100, loss: 0.1953, lr: 9.05e-06
     Epoch[6] Iteration[510/1240], entropy: 0.5504, uncertainty: 3.8882, uncertainty_coeffi: 0.0100, loss: 0.2048, lr: 9.05e-06
     Epoch[6] Iteration[520/1240], entropy: 0.5795, uncertainty: 3.5747, uncertainty_coeffi: 0.0100, loss: 0.2069, lr: 9.05e-06
     Epoch[6] Iteration[530/1240], entropy: 0.4976, uncertainty: 2.9767, uncertainty_coeffi: 0.0100, loss: 0.2968, lr: 9.05e-06
     Epoch[6] Iteration[540/1240], entropy: 0.5041, uncertainty: 2.3478, uncertainty_coeffi: 0.0100, loss: 0.2537, lr: 9.05e-06
     Epoch[6] Iteration[550/1240], entropy: 0.8089, uncertainty: 2.8791, uncertainty_coeffi: 0.0100, loss: 0.3604, lr: 9.05e-06
     Epoch[6] Iteration[560/1240], entropy: 0.7552, uncertainty: 2.9699, uncertainty_coeffi: 0.0100, loss: 0.3454, lr: 9.05e-06
     Epoch[6] Iteration[570/1240], entropy: 0.5235, uncertainty: 4.0288, uncertainty_coeffi: 0.0100, loss: 0.2025, lr: 9.05e-06
     Epoch[6] Iteration[580/1240], entropy: 0.5285, uncertainty: 2.5476, uncertainty_coeffi: 0.0100, loss: 0.3375, lr: 1.00e-05
     Epoch[6] Iteration[590/1240], entropy: 0.5086, uncertainty: 2.5364, uncertainty_coeffi: 0.0100, loss: 0.2513, lr: 1.00e-05
     Epoch[6] Iteration[600/1240], entropy: 0.6058, uncertainty: 3.1817, uncertainty_coeffi: 0.0100, loss: 0.2450, lr: 1.00e-05
     Epoch[6] Iteration[610/1240], entropy: 0.7584, uncertainty: 3.6863, uncertainty_coeffi: 0.0100, loss: 0.2960, lr: 1.00e-05
     Epoch[6] Iteration[620/1240], entropy: 0.5788, uncertainty: 2.5492, uncertainty_coeffi: 0.0100, loss: 0.3070, lr: 1.00e-05
     Epoch[6] Iteration[630/1240], entropy: 0.5790, uncertainty: 3.0583, uncertainty_coeffi: 0.0100, loss: 0.2235, lr: 1.00e-05
     Epoch[6] Iteration[640/1240], entropy: 0.4107, uncertainty: 2.8854, uncertainty_coeffi: 0.0100, loss: 0.1639, lr: 1.00e-05
     Epoch[6] Iteration[650/1240], entropy: 0.4074, uncertainty: 2.5767, uncertainty_coeffi: 0.0100, loss: 0.2153, lr: 1.00e-05
     Epoch[6] Iteration[660/1240], entropy: 0.4945, uncertainty: 3.5960, uncertainty_coeffi: 0.0100, loss: 0.2039, lr: 1.00e-05
     Epoch[6] Iteration[670/1240], entropy: 0.4623, uncertainty: 3.1271, uncertainty_coeffi: 0.0100, loss: 0.2031, lr: 1.00e-05
     Epoch[6] Iteration[680/1240], entropy: 0.5794, uncertainty: 2.5135, uncertainty_coeffi: 0.0100, loss: 0.2724, lr: 1.00e-05
     Epoch[6] Iteration[690/1240], entropy: 0.3424, uncertainty: 3.4544, uncertainty_coeffi: 0.0100, loss: 0.1262, lr: 1.00e-05
     Epoch[6] Iteration[700/1240], entropy: 0.4784, uncertainty: 2.3421, uncertainty_coeffi: 0.0100, loss: 0.2068, lr: 1.00e-05
     Epoch[6] Iteration[710/1240], entropy: 0.6295, uncertainty: 3.2517, uncertainty_coeffi: 0.0100, loss: 0.2677, lr: 1.00e-05
     Epoch[6] Iteration[720/1240], entropy: 0.4961, uncertainty: 3.7150, uncertainty_coeffi: 0.0100, loss: 0.1805, lr: 1.00e-05
     Epoch[6] Iteration[730/1240], entropy: 0.5281, uncertainty: 3.0718, uncertainty_coeffi: 0.0100, loss: 0.2885, lr: 1.00e-05
     Epoch[6] Iteration[740/1240], entropy: 0.7366, uncertainty: 2.8130, uncertainty_coeffi: 0.0100, loss: 0.4010, lr: 1.00e-05
     Epoch[6] Iteration[750/1240], entropy: 0.7052, uncertainty: 4.3990, uncertainty_coeffi: 0.0100, loss: 0.2056, lr: 1.00e-05
     Epoch[6] Iteration[760/1240], entropy: 0.4278, uncertainty: 3.3962, uncertainty_coeffi: 0.0100, loss: 0.1816, lr: 1.00e-05
     Epoch[6] Iteration[770/1240], entropy: 0.6045, uncertainty: 3.2253, uncertainty_coeffi: 0.0100, loss: 0.2846, lr: 1.00e-05
     Epoch[6] Iteration[780/1240], entropy: 0.7747, uncertainty: 2.8864, uncertainty_coeffi: 0.0100, loss: 0.3083, lr: 1.00e-05
     Epoch[6] Iteration[790/1240], entropy: 0.4178, uncertainty: 2.5742, uncertainty_coeffi: 0.0100, loss: 0.1662, lr: 1.00e-05
     Epoch[6] Iteration[800/1240], entropy: 0.4344, uncertainty: 3.2082, uncertainty_coeffi: 0.0100, loss: 0.1541, lr: 1.00e-05
     Epoch[6] Iteration[810/1240], entropy: 0.4016, uncertainty: 2.2216, uncertainty_coeffi: 0.0100, loss: 0.2381, lr: 1.00e-05
     Epoch[6] Iteration[820/1240], entropy: 0.5233, uncertainty: 3.2899, uncertainty_coeffi: 0.0100, loss: 0.2789, lr: 1.00e-05
     Epoch[6] Iteration[830/1240], entropy: 0.3791, uncertainty: 2.8794, uncertainty_coeffi: 0.0100, loss: 0.1732, lr: 1.00e-05
     Epoch[6] Iteration[840/1240], entropy: 0.6764, uncertainty: 3.0802, uncertainty_coeffi: 0.0100, loss: 0.3267, lr: 1.00e-05
     Epoch[6] Iteration[850/1240], entropy: 0.4662, uncertainty: 3.5161, uncertainty_coeffi: 0.0100, loss: 0.1804, lr: 1.00e-05
     Epoch[6] Iteration[860/1240], entropy: 0.5484, uncertainty: 3.4471, uncertainty_coeffi: 0.0100, loss: 0.1959, lr: 1.00e-05
     Epoch[6] Iteration[870/1240], entropy: 0.6216, uncertainty: 3.3426, uncertainty_coeffi: 0.0100, loss: 0.2119, lr: 1.00e-05
     Epoch[6] Iteration[880/1240], entropy: 0.9157, uncertainty: 3.3056, uncertainty_coeffi: 0.0100, loss: 0.3755, lr: 1.00e-05
     Epoch[6] Iteration[890/1240], entropy: 0.4923, uncertainty: 2.8252, uncertainty_coeffi: 0.0100, loss: 0.1785, lr: 1.00e-05
     Epoch[6] Iteration[900/1240], entropy: 0.4811, uncertainty: 2.6876, uncertainty_coeffi: 0.0100, loss: 0.2150, lr: 1.00e-05
     Epoch[6] Iteration[910/1240], entropy: 0.3678, uncertainty: 2.8424, uncertainty_coeffi: 0.0100, loss: 0.1197, lr: 1.00e-05
     Epoch[6] Iteration[920/1240], entropy: 0.3178, uncertainty: 2.9675, uncertainty_coeffi: 0.0100, loss: 0.1863, lr: 1.00e-05
     Epoch[6] Iteration[930/1240], entropy: 0.4772, uncertainty: 3.7081, uncertainty_coeffi: 0.0100, loss: 0.1965, lr: 1.00e-05
     Epoch[6] Iteration[940/1240], entropy: 0.7031, uncertainty: 4.0471, uncertainty_coeffi: 0.0100, loss: 0.2810, lr: 1.00e-05
     Epoch[6] Iteration[950/1240], entropy: 0.7816, uncertainty: 4.1626, uncertainty_coeffi: 0.0100, loss: 0.2890, lr: 1.00e-05
     Epoch[6] Iteration[960/1240], entropy: 0.5623, uncertainty: 3.0922, uncertainty_coeffi: 0.0100, loss: 0.2370, lr: 1.00e-05
     Epoch[6] Iteration[970/1240], entropy: 0.4612, uncertainty: 2.3975, uncertainty_coeffi: 0.0100, loss: 0.2647, lr: 1.00e-05
     Epoch[6] Iteration[980/1240], entropy: 0.5332, uncertainty: 3.1876, uncertainty_coeffi: 0.0100, loss: 0.2279, lr: 1.00e-05
     Epoch[6] Iteration[990/1240], entropy: 0.5623, uncertainty: 2.8771, uncertainty_coeffi: 0.0100, loss: 0.2945, lr: 1.00e-05
     Epoch[6] Iteration[1000/1240], entropy: 0.7445, uncertainty: 3.1108, uncertainty_coeffi: 0.0100, loss: 0.3027, lr: 1.00e-05
     Epoch[6] Iteration[1010/1240], entropy: 0.5987, uncertainty: 3.4933, uncertainty_coeffi: 0.0100, loss: 0.2250, lr: 1.00e-05
     Epoch[6] Iteration[1020/1240], entropy: 0.4729, uncertainty: 2.6859, uncertainty_coeffi: 0.0100, loss: 0.2052, lr: 1.00e-05
     Epoch[6] Iteration[1030/1240], entropy: 0.4957, uncertainty: 3.4971, uncertainty_coeffi: 0.0100, loss: 0.2189, lr: 1.00e-05
     Epoch[6] Iteration[1040/1240], entropy: 0.6258, uncertainty: 3.5383, uncertainty_coeffi: 0.0100, loss: 0.2129, lr: 1.00e-05
     Epoch[6] Iteration[1050/1240], entropy: 0.5387, uncertainty: 2.9308, uncertainty_coeffi: 0.0100, loss: 0.2897, lr: 1.00e-05
     Epoch[6] Iteration[1060/1240], entropy: 0.4052, uncertainty: 3.0399, uncertainty_coeffi: 0.0100, loss: 0.1729, lr: 1.00e-05
     Epoch[6] Iteration[1070/1240], entropy: 0.3668, uncertainty: 2.9066, uncertainty_coeffi: 0.0100, loss: 0.2340, lr: 1.00e-05
     Epoch[6] Iteration[1080/1240], entropy: 0.4186, uncertainty: 4.1290, uncertainty_coeffi: 0.0100, loss: 0.1931, lr: 1.00e-05
     Epoch[6] Iteration[1090/1240], entropy: 0.5630, uncertainty: 3.1318, uncertainty_coeffi: 0.0100, loss: 0.2687, lr: 1.00e-05
     Epoch[6] Iteration[1100/1240], entropy: 0.6848, uncertainty: 3.6456, uncertainty_coeffi: 0.0100, loss: 0.2734, lr: 1.00e-05
     Epoch[6] Iteration[1110/1240], entropy: 0.4151, uncertainty: 3.5222, uncertainty_coeffi: 0.0100, loss: 0.1658, lr: 1.00e-05
     Epoch[6] Iteration[1120/1240], entropy: 0.8215, uncertainty: 3.5107, uncertainty_coeffi: 0.0100, loss: 0.2661, lr: 1.00e-05
     Epoch[6] Iteration[1130/1240], entropy: 0.3602, uncertainty: 2.7465, uncertainty_coeffi: 0.0100, loss: 0.1843, lr: 1.00e-05
     Epoch[6] Iteration[1140/1240], entropy: 0.6625, uncertainty: 3.3922, uncertainty_coeffi: 0.0100, loss: 0.2416, lr: 1.00e-05
     Epoch[6] Iteration[1150/1240], entropy: 0.2588, uncertainty: 3.0236, uncertainty_coeffi: 0.0100, loss: 0.1522, lr: 1.00e-05
     Epoch[6] Iteration[1160/1240], entropy: 0.3918, uncertainty: 3.3034, uncertainty_coeffi: 0.0100, loss: 0.1480, lr: 1.00e-05
     Epoch[6] Iteration[1170/1240], entropy: 0.6507, uncertainty: 3.1653, uncertainty_coeffi: 0.0100, loss: 0.2292, lr: 1.00e-05
     Epoch[6] Iteration[1180/1240], entropy: 0.7019, uncertainty: 3.9165, uncertainty_coeffi: 0.0100, loss: 0.2815, lr: 1.00e-05
     Epoch[6] Iteration[1190/1240], entropy: 0.5644, uncertainty: 4.1749, uncertainty_coeffi: 0.0100, loss: 0.2205, lr: 1.00e-05
     Epoch[6] Iteration[1200/1240], entropy: 0.5477, uncertainty: 3.2529, uncertainty_coeffi: 0.0100, loss: 0.2317, lr: 1.00e-05
     Epoch[6] Iteration[1210/1240], entropy: 0.2140, uncertainty: 3.2871, uncertainty_coeffi: 0.0100, loss: 0.1293, lr: 1.00e-05
     Epoch[6] Iteration[1220/1240], entropy: 0.4611, uncertainty: 2.8711, uncertainty_coeffi: 0.0100, loss: 0.2907, lr: 1.00e-05
     Epoch[6] Iteration[1230/1240], entropy: 0.4313, uncertainty: 2.6957, uncertainty_coeffi: 0.0100, loss: 0.2849, lr: 1.00e-05
     Epoch[6] Iteration[1240/1240], entropy: 0.7103, uncertainty: 3.0367, uncertainty_coeffi: 0.0100, loss: 0.2892, lr: 1.00e-05
     Averaged stats: entropy_avg: 0.5547, uncertainty_avg: 3.2156, uncertainty_coeffi_avg: 0.0100, loss_avg: 0.2384, lr_avg: 9.56e-06
     itm tta time 0:04:27
     Epoch[7] Iteration[10/1240], entropy: 0.6354, uncertainty: 2.7119, uncertainty_coeffi: 0.0100, loss: 0.3396, lr: 1.00e-05
     Epoch[7] Iteration[20/1240], entropy: 0.4251, uncertainty: 3.1676, uncertainty_coeffi: 0.0100, loss: 0.2288, lr: 1.00e-05
     Epoch[7] Iteration[30/1240], entropy: 0.5169, uncertainty: 2.8475, uncertainty_coeffi: 0.0100, loss: 0.2300, lr: 1.00e-05
     Epoch[7] Iteration[40/1240], entropy: 0.5266, uncertainty: 3.2176, uncertainty_coeffi: 0.0100, loss: 0.2225, lr: 1.00e-05
     Epoch[7] Iteration[50/1240], entropy: 0.3705, uncertainty: 3.4485, uncertainty_coeffi: 0.0100, loss: 0.1846, lr: 1.00e-05
     Epoch[7] Iteration[60/1240], entropy: 0.4236, uncertainty: 3.3947, uncertainty_coeffi: 0.0100, loss: 0.1482, lr: 1.00e-05
     Epoch[7] Iteration[70/1240], entropy: 0.5516, uncertainty: 3.2501, uncertainty_coeffi: 0.0100, loss: 0.2453, lr: 1.00e-05
     Epoch[7] Iteration[80/1240], entropy: 0.4529, uncertainty: 3.6347, uncertainty_coeffi: 0.0100, loss: 0.1973, lr: 1.00e-05
     Epoch[7] Iteration[90/1240], entropy: 0.5493, uncertainty: 3.5515, uncertainty_coeffi: 0.0100, loss: 0.2622, lr: 1.00e-05
     Epoch[7] Iteration[100/1240], entropy: 0.8322, uncertainty: 3.9778, uncertainty_coeffi: 0.0100, loss: 0.2760, lr: 1.00e-05
     Epoch[7] Iteration[110/1240], entropy: 0.3962, uncertainty: 2.8260, uncertainty_coeffi: 0.0100, loss: 0.2394, lr: 1.00e-05
     Epoch[7] Iteration[120/1240], entropy: 0.4747, uncertainty: 2.8094, uncertainty_coeffi: 0.0100, loss: 0.2151, lr: 1.00e-05
     Epoch[7] Iteration[130/1240], entropy: 0.4503, uncertainty: 2.6539, uncertainty_coeffi: 0.0100, loss: 0.2385, lr: 1.00e-05
     Epoch[7] Iteration[140/1240], entropy: 0.6778, uncertainty: 3.4741, uncertainty_coeffi: 0.0100, loss: 0.2851, lr: 1.00e-05
     Epoch[7] Iteration[150/1240], entropy: 0.5442, uncertainty: 3.5089, uncertainty_coeffi: 0.0100, loss: 0.1891, lr: 1.00e-05
     Epoch[7] Iteration[160/1240], entropy: 0.7002, uncertainty: 3.3123, uncertainty_coeffi: 0.0100, loss: 0.3234, lr: 1.00e-05
     Epoch[7] Iteration[170/1240], entropy: 0.8069, uncertainty: 4.1222, uncertainty_coeffi: 0.0100, loss: 0.2345, lr: 1.00e-05
     Epoch[7] Iteration[180/1240], entropy: 0.5153, uncertainty: 2.6164, uncertainty_coeffi: 0.0100, loss: 0.2943, lr: 1.00e-05
     Epoch[7] Iteration[190/1240], entropy: 0.4223, uncertainty: 3.1714, uncertainty_coeffi: 0.0100, loss: 0.1843, lr: 1.00e-05
     Epoch[7] Iteration[200/1240], entropy: 0.4697, uncertainty: 2.9643, uncertainty_coeffi: 0.0100, loss: 0.2497, lr: 1.00e-05
     Epoch[7] Iteration[210/1240], entropy: 0.5688, uncertainty: 3.3626, uncertainty_coeffi: 0.0100, loss: 0.2834, lr: 1.00e-05
     Epoch[7] Iteration[220/1240], entropy: 0.6424, uncertainty: 3.1875, uncertainty_coeffi: 0.0100, loss: 0.2809, lr: 1.00e-05
     Epoch[7] Iteration[230/1240], entropy: 0.6122, uncertainty: 3.3839, uncertainty_coeffi: 0.0100, loss: 0.2704, lr: 1.00e-05
     Epoch[7] Iteration[240/1240], entropy: 0.3677, uncertainty: 3.0876, uncertainty_coeffi: 0.0100, loss: 0.2286, lr: 1.00e-05
     Epoch[7] Iteration[250/1240], entropy: 0.4123, uncertainty: 2.4819, uncertainty_coeffi: 0.0100, loss: 0.2251, lr: 1.00e-05
     Epoch[7] Iteration[260/1240], entropy: 0.7522, uncertainty: 3.7164, uncertainty_coeffi: 0.0100, loss: 0.2904, lr: 1.00e-05
     Epoch[7] Iteration[270/1240], entropy: 0.4732, uncertainty: 3.3026, uncertainty_coeffi: 0.0100, loss: 0.1812, lr: 1.00e-05
     Epoch[7] Iteration[280/1240], entropy: 0.3900, uncertainty: 2.5983, uncertainty_coeffi: 0.0100, loss: 0.2017, lr: 1.00e-05
     Epoch[7] Iteration[290/1240], entropy: 0.6876, uncertainty: 3.4090, uncertainty_coeffi: 0.0100, loss: 0.2257, lr: 1.00e-05
     Epoch[7] Iteration[300/1240], entropy: 0.3360, uncertainty: 1.9061, uncertainty_coeffi: 0.0100, loss: 0.1863, lr: 1.00e-05
     Epoch[7] Iteration[310/1240], entropy: 0.5636, uncertainty: 2.7441, uncertainty_coeffi: 0.0100, loss: 0.2277, lr: 1.00e-05
     Epoch[7] Iteration[320/1240], entropy: 0.4701, uncertainty: 3.1717, uncertainty_coeffi: 0.0100, loss: 0.1818, lr: 1.00e-05
     Epoch[7] Iteration[330/1240], entropy: 0.7139, uncertainty: 2.8380, uncertainty_coeffi: 0.0100, loss: 0.3759, lr: 1.00e-05
     Epoch[7] Iteration[340/1240], entropy: 0.5772, uncertainty: 3.1815, uncertainty_coeffi: 0.0100, loss: 0.2641, lr: 1.00e-05
     Epoch[7] Iteration[350/1240], entropy: 0.8568, uncertainty: 3.7929, uncertainty_coeffi: 0.0100, loss: 0.3713, lr: 1.00e-05
     Epoch[7] Iteration[360/1240], entropy: 0.4706, uncertainty: 2.6777, uncertainty_coeffi: 0.0100, loss: 0.2125, lr: 1.00e-05
     Epoch[7] Iteration[370/1240], entropy: 0.6983, uncertainty: 2.6706, uncertainty_coeffi: 0.0100, loss: 0.3762, lr: 1.00e-05
     Epoch[7] Iteration[380/1240], entropy: 0.5559, uncertainty: 3.4000, uncertainty_coeffi: 0.0100, loss: 0.2633, lr: 1.00e-05
     Epoch[7] Iteration[390/1240], entropy: 0.5808, uncertainty: 2.9221, uncertainty_coeffi: 0.0100, loss: 0.2494, lr: 1.00e-05
     Epoch[7] Iteration[400/1240], entropy: 0.5218, uncertainty: 3.7736, uncertainty_coeffi: 0.0100, loss: 0.2013, lr: 1.00e-05
     Epoch[7] Iteration[410/1240], entropy: 0.4401, uncertainty: 2.9709, uncertainty_coeffi: 0.0100, loss: 0.2067, lr: 1.00e-05
     Epoch[7] Iteration[420/1240], entropy: 0.5297, uncertainty: 3.0527, uncertainty_coeffi: 0.0100, loss: 0.2820, lr: 1.00e-05
     Epoch[7] Iteration[430/1240], entropy: 0.5695, uncertainty: 3.7991, uncertainty_coeffi: 0.0100, loss: 0.2001, lr: 1.00e-05
     Epoch[7] Iteration[440/1240], entropy: 0.5770, uncertainty: 3.2982, uncertainty_coeffi: 0.0100, loss: 0.2277, lr: 1.00e-05
     Epoch[7] Iteration[450/1240], entropy: 0.6875, uncertainty: 3.1453, uncertainty_coeffi: 0.0100, loss: 0.3026, lr: 1.00e-05
     Epoch[7] Iteration[460/1240], entropy: 0.6824, uncertainty: 3.8888, uncertainty_coeffi: 0.0100, loss: 0.2535, lr: 1.00e-05
     Epoch[7] Iteration[470/1240], entropy: 0.7190, uncertainty: 3.0871, uncertainty_coeffi: 0.0100, loss: 0.2804, lr: 1.00e-05
     Epoch[7] Iteration[480/1240], entropy: 0.5045, uncertainty: 3.2293, uncertainty_coeffi: 0.0100, loss: 0.1870, lr: 1.00e-05
     Epoch[7] Iteration[490/1240], entropy: 0.5044, uncertainty: 3.4545, uncertainty_coeffi: 0.0100, loss: 0.2567, lr: 1.00e-05
     Epoch[7] Iteration[500/1240], entropy: 0.4956, uncertainty: 2.6273, uncertainty_coeffi: 0.0100, loss: 0.2300, lr: 1.00e-05
     Epoch[7] Iteration[510/1240], entropy: 0.6397, uncertainty: 2.9597, uncertainty_coeffi: 0.0100, loss: 0.3506, lr: 1.00e-05
     Epoch[7] Iteration[520/1240], entropy: 0.6850, uncertainty: 3.7320, uncertainty_coeffi: 0.0100, loss: 0.2118, lr: 1.00e-05
     Epoch[7] Iteration[530/1240], entropy: 0.5007, uncertainty: 2.8336, uncertainty_coeffi: 0.0100, loss: 0.2139, lr: 1.00e-05
     Epoch[7] Iteration[540/1240], entropy: 0.6585, uncertainty: 3.9631, uncertainty_coeffi: 0.0100, loss: 0.2499, lr: 1.00e-05
     Epoch[7] Iteration[550/1240], entropy: 0.3358, uncertainty: 3.6671, uncertainty_coeffi: 0.0100, loss: 0.1831, lr: 1.00e-05
     Epoch[7] Iteration[560/1240], entropy: 0.4917, uncertainty: 2.7714, uncertainty_coeffi: 0.0100, loss: 0.2131, lr: 1.00e-05
     Epoch[7] Iteration[570/1240], entropy: 0.7215, uncertainty: 3.4893, uncertainty_coeffi: 0.0100, loss: 0.3684, lr: 1.00e-05
     Epoch[7] Iteration[580/1240], entropy: 0.7360, uncertainty: 3.1888, uncertainty_coeffi: 0.0100, loss: 0.3327, lr: 1.00e-05
     Epoch[7] Iteration[590/1240], entropy: 0.6612, uncertainty: 3.5279, uncertainty_coeffi: 0.0100, loss: 0.2504, lr: 1.00e-05
     Epoch[7] Iteration[600/1240], entropy: 0.5977, uncertainty: 3.3525, uncertainty_coeffi: 0.0100, loss: 0.2359, lr: 1.00e-05
     Epoch[7] Iteration[610/1240], entropy: 0.4771, uncertainty: 4.0128, uncertainty_coeffi: 0.0100, loss: 0.1598, lr: 1.00e-05
     Epoch[7] Iteration[620/1240], entropy: 0.4192, uncertainty: 2.5364, uncertainty_coeffi: 0.0100, loss: 0.2125, lr: 1.00e-05
     Epoch[7] Iteration[630/1240], entropy: 0.5282, uncertainty: 3.4871, uncertainty_coeffi: 0.0100, loss: 0.2129, lr: 1.00e-05
     Epoch[7] Iteration[640/1240], entropy: 0.6229, uncertainty: 2.7118, uncertainty_coeffi: 0.0100, loss: 0.2893, lr: 1.00e-05
     Epoch[7] Iteration[650/1240], entropy: 0.5873, uncertainty: 3.0794, uncertainty_coeffi: 0.0100, loss: 0.2674, lr: 1.00e-05
     Epoch[7] Iteration[660/1240], entropy: 0.6111, uncertainty: 2.8759, uncertainty_coeffi: 0.0100, loss: 0.2953, lr: 1.00e-05
     Epoch[7] Iteration[670/1240], entropy: 0.5166, uncertainty: 2.5108, uncertainty_coeffi: 0.0100, loss: 0.2606, lr: 1.00e-05
     Epoch[7] Iteration[680/1240], entropy: 0.6570, uncertainty: 3.6965, uncertainty_coeffi: 0.0100, loss: 0.2592, lr: 1.00e-05
     Epoch[7] Iteration[690/1240], entropy: 0.7542, uncertainty: 3.4428, uncertainty_coeffi: 0.0100, loss: 0.3204, lr: 1.00e-05
     Epoch[7] Iteration[700/1240], entropy: 0.6362, uncertainty: 3.4149, uncertainty_coeffi: 0.0100, loss: 0.3210, lr: 1.00e-05
     Epoch[7] Iteration[710/1240], entropy: 0.5505, uncertainty: 3.0617, uncertainty_coeffi: 0.0100, loss: 0.2135, lr: 1.00e-05
     Epoch[7] Iteration[720/1240], entropy: 0.2955, uncertainty: 2.8881, uncertainty_coeffi: 0.0100, loss: 0.1406, lr: 1.00e-05
     Epoch[7] Iteration[730/1240], entropy: 0.6627, uncertainty: 3.3092, uncertainty_coeffi: 0.0100, loss: 0.2519, lr: 1.00e-05
     Epoch[7] Iteration[740/1240], entropy: 0.4906, uncertainty: 3.5462, uncertainty_coeffi: 0.0100, loss: 0.2094, lr: 1.00e-05
     Epoch[7] Iteration[750/1240], entropy: 0.5043, uncertainty: 2.8633, uncertainty_coeffi: 0.0100, loss: 0.2989, lr: 1.00e-05
     Epoch[7] Iteration[760/1240], entropy: 0.4873, uncertainty: 2.3798, uncertainty_coeffi: 0.0100, loss: 0.2937, lr: 1.00e-05
     Epoch[7] Iteration[770/1240], entropy: 0.6636, uncertainty: 4.5176, uncertainty_coeffi: 0.0100, loss: 0.1977, lr: 1.00e-05
     Epoch[7] Iteration[780/1240], entropy: 0.8416, uncertainty: 3.5120, uncertainty_coeffi: 0.0100, loss: 0.3192, lr: 1.00e-05
     Epoch[7] Iteration[790/1240], entropy: 0.4840, uncertainty: 4.1609, uncertainty_coeffi: 0.0100, loss: 0.1407, lr: 1.00e-05
     Epoch[7] Iteration[800/1240], entropy: 0.4818, uncertainty: 3.1256, uncertainty_coeffi: 0.0100, loss: 0.2351, lr: 1.00e-05
     Epoch[7] Iteration[810/1240], entropy: 0.5839, uncertainty: 3.2480, uncertainty_coeffi: 0.0100, loss: 0.2661, lr: 1.00e-05
     Epoch[7] Iteration[820/1240], entropy: 0.4714, uncertainty: 3.8264, uncertainty_coeffi: 0.0100, loss: 0.1596, lr: 1.00e-05
     Epoch[7] Iteration[830/1240], entropy: 0.5216, uncertainty: 3.0679, uncertainty_coeffi: 0.0100, loss: 0.1937, lr: 1.00e-05
     Epoch[7] Iteration[840/1240], entropy: 0.5443, uncertainty: 3.4244, uncertainty_coeffi: 0.0100, loss: 0.2272, lr: 1.00e-05
     Epoch[7] Iteration[850/1240], entropy: 0.6109, uncertainty: 3.7894, uncertainty_coeffi: 0.0100, loss: 0.2203, lr: 1.00e-05
     Epoch[7] Iteration[860/1240], entropy: 0.3903, uncertainty: 2.8588, uncertainty_coeffi: 0.0100, loss: 0.1575, lr: 1.00e-05
     Epoch[7] Iteration[870/1240], entropy: 0.5881, uncertainty: 3.3825, uncertainty_coeffi: 0.0100, loss: 0.2062, lr: 1.00e-05
     Epoch[7] Iteration[880/1240], entropy: 0.2066, uncertainty: 2.8885, uncertainty_coeffi: 0.0100, loss: 0.1272, lr: 1.00e-05
     Epoch[7] Iteration[890/1240], entropy: 0.4619, uncertainty: 3.4223, uncertainty_coeffi: 0.0100, loss: 0.1925, lr: 1.00e-05
     Epoch[7] Iteration[900/1240], entropy: 0.5980, uncertainty: 2.5624, uncertainty_coeffi: 0.0100, loss: 0.2604, lr: 1.00e-05
     Epoch[7] Iteration[910/1240], entropy: 0.9199, uncertainty: 3.2823, uncertainty_coeffi: 0.0100, loss: 0.5060, lr: 1.00e-05
     Epoch[7] Iteration[920/1240], entropy: 0.5903, uncertainty: 3.6104, uncertainty_coeffi: 0.0100, loss: 0.2111, lr: 1.00e-05
     Epoch[7] Iteration[930/1240], entropy: 0.5208, uncertainty: 3.1171, uncertainty_coeffi: 0.0100, loss: 0.2295, lr: 1.00e-05
     Epoch[7] Iteration[940/1240], entropy: 0.7374, uncertainty: 3.6126, uncertainty_coeffi: 0.0100, loss: 0.3274, lr: 1.00e-05
     Epoch[7] Iteration[950/1240], entropy: 0.5359, uncertainty: 3.7660, uncertainty_coeffi: 0.0100, loss: 0.1886, lr: 1.00e-05
     Epoch[7] Iteration[960/1240], entropy: 0.4983, uncertainty: 2.7245, uncertainty_coeffi: 0.0100, loss: 0.2490, lr: 1.00e-05
     Epoch[7] Iteration[970/1240], entropy: 0.5972, uncertainty: 3.0402, uncertainty_coeffi: 0.0100, loss: 0.3044, lr: 1.00e-05
     Epoch[7] Iteration[980/1240], entropy: 0.5439, uncertainty: 3.2526, uncertainty_coeffi: 0.0100, loss: 0.2070, lr: 1.00e-05
     Epoch[7] Iteration[990/1240], entropy: 0.4925, uncertainty: 3.3875, uncertainty_coeffi: 0.0100, loss: 0.2318, lr: 1.00e-05
     Epoch[7] Iteration[1000/1240], entropy: 0.5058, uncertainty: 3.2057, uncertainty_coeffi: 0.0100, loss: 0.1947, lr: 1.00e-05
     Epoch[7] Iteration[1010/1240], entropy: 0.5458, uncertainty: 3.0180, uncertainty_coeffi: 0.0100, loss: 0.2758, lr: 1.00e-05
     Epoch[7] Iteration[1020/1240], entropy: 0.5331, uncertainty: 3.9071, uncertainty_coeffi: 0.0100, loss: 0.1634, lr: 1.00e-05
     Epoch[7] Iteration[1030/1240], entropy: 0.3957, uncertainty: 3.3302, uncertainty_coeffi: 0.0100, loss: 0.1800, lr: 1.00e-05
     Epoch[7] Iteration[1040/1240], entropy: 0.6859, uncertainty: 3.8157, uncertainty_coeffi: 0.0100, loss: 0.2500, lr: 1.00e-05
     Epoch[7] Iteration[1050/1240], entropy: 0.5886, uncertainty: 3.1809, uncertainty_coeffi: 0.0100, loss: 0.3130, lr: 1.00e-05
     Epoch[7] Iteration[1060/1240], entropy: 0.6813, uncertainty: 3.1353, uncertainty_coeffi: 0.0100, loss: 0.2827, lr: 1.00e-05
     Epoch[7] Iteration[1070/1240], entropy: 0.3676, uncertainty: 3.1753, uncertainty_coeffi: 0.0100, loss: 0.1509, lr: 1.00e-05
     Epoch[7] Iteration[1080/1240], entropy: 0.6402, uncertainty: 2.4525, uncertainty_coeffi: 0.0100, loss: 0.2693, lr: 1.00e-05
     Epoch[7] Iteration[1090/1240], entropy: 0.4755, uncertainty: 3.2102, uncertainty_coeffi: 0.0100, loss: 0.2431, lr: 1.00e-05
     Epoch[7] Iteration[1100/1240], entropy: 0.7210, uncertainty: 2.9897, uncertainty_coeffi: 0.0100, loss: 0.2862, lr: 1.00e-05
     Epoch[7] Iteration[1110/1240], entropy: 0.6456, uncertainty: 3.3149, uncertainty_coeffi: 0.0100, loss: 0.2690, lr: 1.00e-05
     Epoch[7] Iteration[1120/1240], entropy: 0.5106, uncertainty: 2.5358, uncertainty_coeffi: 0.0100, loss: 0.2097, lr: 1.00e-05
     Epoch[7] Iteration[1130/1240], entropy: 0.6385, uncertainty: 2.9814, uncertainty_coeffi: 0.0100, loss: 0.2807, lr: 1.00e-05
     Epoch[7] Iteration[1140/1240], entropy: 0.4677, uncertainty: 4.3223, uncertainty_coeffi: 0.0100, loss: 0.1403, lr: 1.00e-05
     Epoch[7] Iteration[1150/1240], entropy: 0.3638, uncertainty: 2.9609, uncertainty_coeffi: 0.0100, loss: 0.1223, lr: 1.00e-05
     Epoch[7] Iteration[1160/1240], entropy: 0.4089, uncertainty: 3.3174, uncertainty_coeffi: 0.0100, loss: 0.1704, lr: 1.00e-05
     Epoch[7] Iteration[1170/1240], entropy: 0.6508, uncertainty: 3.6870, uncertainty_coeffi: 0.0100, loss: 0.2331, lr: 1.00e-05
     Epoch[7] Iteration[1180/1240], entropy: 0.4790, uncertainty: 2.3972, uncertainty_coeffi: 0.0100, loss: 0.2406, lr: 1.00e-05
     Epoch[7] Iteration[1190/1240], entropy: 0.4994, uncertainty: 3.4012, uncertainty_coeffi: 0.0100, loss: 0.1672, lr: 1.00e-05
     Epoch[7] Iteration[1200/1240], entropy: 0.5967, uncertainty: 3.4252, uncertainty_coeffi: 0.0100, loss: 0.2463, lr: 1.00e-05
     Epoch[7] Iteration[1210/1240], entropy: 0.8147, uncertainty: 3.6431, uncertainty_coeffi: 0.0100, loss: 0.2767, lr: 1.00e-05
     Epoch[7] Iteration[1220/1240], entropy: 0.5785, uncertainty: 3.0370, uncertainty_coeffi: 0.0100, loss: 0.2695, lr: 1.00e-05
     Epoch[7] Iteration[1230/1240], entropy: 0.5680, uncertainty: 3.4044, uncertainty_coeffi: 0.0100, loss: 0.2744, lr: 1.00e-05
     Epoch[7] Iteration[1240/1240], entropy: 0.6209, uncertainty: 3.1011, uncertainty_coeffi: 0.0100, loss: 0.2360, lr: 1.00e-05
     Averaged stats: entropy_avg: 0.5597, uncertainty_avg: 3.2311, uncertainty_coeffi_avg: 0.0100, loss_avg: 0.2422, lr_avg: 1.00e-05
     itm tta time 0:04:31
     Epoch[8] Iteration[10/1240], entropy: 0.3861, uncertainty: 3.0459, uncertainty_coeffi: 0.0100, loss: 0.2197, lr: 1.00e-05
     Epoch[8] Iteration[20/1240], entropy: 0.6234, uncertainty: 3.3814, uncertainty_coeffi: 0.0100, loss: 0.2278, lr: 1.00e-05
     Epoch[8] Iteration[30/1240], entropy: 0.4826, uncertainty: 3.1292, uncertainty_coeffi: 0.0100, loss: 0.2249, lr: 1.00e-05
     Epoch[8] Iteration[40/1240], entropy: 0.4836, uncertainty: 3.3845, uncertainty_coeffi: 0.0100, loss: 0.1672, lr: 1.00e-05
     Epoch[8] Iteration[50/1240], entropy: 0.6758, uncertainty: 2.9071, uncertainty_coeffi: 0.0100, loss: 0.3206, lr: 1.00e-05
     Epoch[8] Iteration[60/1240], entropy: 0.8534, uncertainty: 3.7452, uncertainty_coeffi: 0.0100, loss: 0.3413, lr: 1.00e-05
     Epoch[8] Iteration[70/1240], entropy: 0.7639, uncertainty: 3.3892, uncertainty_coeffi: 0.0100, loss: 0.2942, lr: 1.00e-05
     Epoch[8] Iteration[80/1240], entropy: 0.3615, uncertainty: 3.1252, uncertainty_coeffi: 0.0100, loss: 0.1391, lr: 1.00e-05
     Epoch[8] Iteration[90/1240], entropy: 0.5220, uncertainty: 3.0004, uncertainty_coeffi: 0.0100, loss: 0.2402, lr: 1.00e-05
     Epoch[8] Iteration[100/1240], entropy: 0.3478, uncertainty: 3.4793, uncertainty_coeffi: 0.0100, loss: 0.1805, lr: 9.05e-06
     Epoch[8] Iteration[110/1240], entropy: 0.4947, uncertainty: 4.2143, uncertainty_coeffi: 0.0100, loss: 0.1686, lr: 9.05e-06
     Epoch[8] Iteration[120/1240], entropy: 0.4669, uncertainty: 2.6007, uncertainty_coeffi: 0.0100, loss: 0.2934, lr: 9.05e-06
     Epoch[8] Iteration[130/1240], entropy: 0.4713, uncertainty: 3.3872, uncertainty_coeffi: 0.0100, loss: 0.2394, lr: 9.05e-06
     Epoch[8] Iteration[140/1240], entropy: 0.4872, uncertainty: 3.0018, uncertainty_coeffi: 0.0100, loss: 0.2321, lr: 9.05e-06
     Epoch[8] Iteration[150/1240], entropy: 0.4517, uncertainty: 3.4131, uncertainty_coeffi: 0.0100, loss: 0.2287, lr: 9.05e-06
     Epoch[8] Iteration[160/1240], entropy: 0.6689, uncertainty: 3.5281, uncertainty_coeffi: 0.0100, loss: 0.2350, lr: 9.05e-06
     Epoch[8] Iteration[170/1240], entropy: 0.4364, uncertainty: 2.1389, uncertainty_coeffi: 0.0100, loss: 0.2566, lr: 9.05e-06
     Epoch[8] Iteration[180/1240], entropy: 0.5699, uncertainty: 2.6933, uncertainty_coeffi: 0.0100, loss: 0.3257, lr: 9.05e-06
     Epoch[8] Iteration[190/1240], entropy: 0.2699, uncertainty: 3.4788, uncertainty_coeffi: 0.0100, loss: 0.1154, lr: 9.05e-06
     Epoch[8] Iteration[200/1240], entropy: 0.5605, uncertainty: 3.2677, uncertainty_coeffi: 0.0100, loss: 0.2666, lr: 9.05e-06
     Epoch[8] Iteration[210/1240], entropy: 0.4100, uncertainty: 2.6785, uncertainty_coeffi: 0.0100, loss: 0.2018, lr: 9.05e-06
     Epoch[8] Iteration[220/1240], entropy: 0.6063, uncertainty: 2.9225, uncertainty_coeffi: 0.0100, loss: 0.2878, lr: 9.05e-06
     Epoch[8] Iteration[230/1240], entropy: 0.4658, uncertainty: 3.7012, uncertainty_coeffi: 0.0100, loss: 0.1572, lr: 9.05e-06
     Epoch[8] Iteration[240/1240], entropy: 0.6735, uncertainty: 3.1334, uncertainty_coeffi: 0.0100, loss: 0.2462, lr: 9.05e-06
     Epoch[8] Iteration[250/1240], entropy: 0.5678, uncertainty: 4.6277, uncertainty_coeffi: 0.0100, loss: 0.2012, lr: 9.05e-06
     Epoch[8] Iteration[260/1240], entropy: 0.4109, uncertainty: 3.2024, uncertainty_coeffi: 0.0100, loss: 0.1830, lr: 9.05e-06
     Epoch[8] Iteration[270/1240], entropy: 0.3730, uncertainty: 2.9301, uncertainty_coeffi: 0.0100, loss: 0.1624, lr: 9.05e-06
     Epoch[8] Iteration[280/1240], entropy: 0.5468, uncertainty: 3.0156, uncertainty_coeffi: 0.0100, loss: 0.3135, lr: 9.05e-06
     Epoch[8] Iteration[290/1240], entropy: 0.6977, uncertainty: 2.3589, uncertainty_coeffi: 0.0100, loss: 0.3775, lr: 9.05e-06
     Epoch[8] Iteration[300/1240], entropy: 1.0013, uncertainty: 3.0678, uncertainty_coeffi: 0.0100, loss: 0.3826, lr: 9.05e-06
     Epoch[8] Iteration[310/1240], entropy: 0.5018, uncertainty: 3.4937, uncertainty_coeffi: 0.0100, loss: 0.2463, lr: 9.05e-06
     Epoch[8] Iteration[320/1240], entropy: 0.4690, uncertainty: 4.0605, uncertainty_coeffi: 0.0100, loss: 0.1986, lr: 9.05e-06
     Epoch[8] Iteration[330/1240], entropy: 0.4617, uncertainty: 2.9054, uncertainty_coeffi: 0.0100, loss: 0.2217, lr: 9.05e-06
     Epoch[8] Iteration[340/1240], entropy: 0.7587, uncertainty: 2.9780, uncertainty_coeffi: 0.0100, loss: 0.3162, lr: 9.05e-06
     Epoch[8] Iteration[350/1240], entropy: 0.4692, uncertainty: 4.0317, uncertainty_coeffi: 0.0100, loss: 0.1843, lr: 9.05e-06
     Epoch[8] Iteration[360/1240], entropy: 0.6464, uncertainty: 3.7818, uncertainty_coeffi: 0.0100, loss: 0.2523, lr: 9.05e-06
     Epoch[8] Iteration[370/1240], entropy: 0.4533, uncertainty: 2.6938, uncertainty_coeffi: 0.0100, loss: 0.1711, lr: 9.05e-06
     Epoch[8] Iteration[380/1240], entropy: 0.6035, uncertainty: 3.7270, uncertainty_coeffi: 0.0100, loss: 0.2466, lr: 9.05e-06
     Epoch[8] Iteration[390/1240], entropy: 0.5478, uncertainty: 2.8844, uncertainty_coeffi: 0.0100, loss: 0.2553, lr: 9.05e-06
     Epoch[8] Iteration[400/1240], entropy: 0.7322, uncertainty: 2.5642, uncertainty_coeffi: 0.0100, loss: 0.3839, lr: 9.05e-06
     Epoch[8] Iteration[410/1240], entropy: 0.4649, uncertainty: 2.5954, uncertainty_coeffi: 0.0100, loss: 0.2373, lr: 9.05e-06
     Epoch[8] Iteration[420/1240], entropy: 0.6780, uncertainty: 2.6222, uncertainty_coeffi: 0.0100, loss: 0.3376, lr: 9.05e-06
     Epoch[8] Iteration[430/1240], entropy: 0.6173, uncertainty: 3.6750, uncertainty_coeffi: 0.0100, loss: 0.2700, lr: 9.05e-06
     Epoch[8] Iteration[440/1240], entropy: 0.5591, uncertainty: 4.0188, uncertainty_coeffi: 0.0100, loss: 0.2160, lr: 9.05e-06
     Epoch[8] Iteration[450/1240], entropy: 0.4920, uncertainty: 3.3233, uncertainty_coeffi: 0.0100, loss: 0.1736, lr: 9.05e-06
     Epoch[8] Iteration[460/1240], entropy: 0.5571, uncertainty: 3.0462, uncertainty_coeffi: 0.0100, loss: 0.2156, lr: 9.05e-06
     Epoch[8] Iteration[470/1240], entropy: 0.7642, uncertainty: 3.5395, uncertainty_coeffi: 0.0100, loss: 0.3171, lr: 9.05e-06
     Epoch[8] Iteration[480/1240], entropy: 0.6366, uncertainty: 2.9564, uncertainty_coeffi: 0.0100, loss: 0.3161, lr: 9.05e-06
     Epoch[8] Iteration[490/1240], entropy: 0.4089, uncertainty: 3.0761, uncertainty_coeffi: 0.0100, loss: 0.1435, lr: 9.05e-06
     Epoch[8] Iteration[500/1240], entropy: 0.3609, uncertainty: 3.4170, uncertainty_coeffi: 0.0100, loss: 0.1490, lr: 9.05e-06
     Epoch[8] Iteration[510/1240], entropy: 0.7322, uncertainty: 3.2736, uncertainty_coeffi: 0.0100, loss: 0.2989, lr: 9.05e-06
     Epoch[8] Iteration[520/1240], entropy: 0.2307, uncertainty: 3.2548, uncertainty_coeffi: 0.0100, loss: 0.1152, lr: 9.05e-06
     Epoch[8] Iteration[530/1240], entropy: 0.3786, uncertainty: 2.5000, uncertainty_coeffi: 0.0100, loss: 0.1666, lr: 9.05e-06
     Epoch[8] Iteration[540/1240], entropy: 0.6525, uncertainty: 3.5691, uncertainty_coeffi: 0.0100, loss: 0.2545, lr: 9.05e-06
     Epoch[8] Iteration[550/1240], entropy: 0.6343, uncertainty: 3.6577, uncertainty_coeffi: 0.0100, loss: 0.2112, lr: 9.05e-06
     Epoch[8] Iteration[560/1240], entropy: 0.6435, uncertainty: 3.1660, uncertainty_coeffi: 0.0100, loss: 0.2525, lr: 9.05e-06
     Epoch[8] Iteration[570/1240], entropy: 0.2880, uncertainty: 2.5613, uncertainty_coeffi: 0.0100, loss: 0.1408, lr: 9.05e-06
     Epoch[8] Iteration[580/1240], entropy: 0.6173, uncertainty: 3.1744, uncertainty_coeffi: 0.0100, loss: 0.2278, lr: 9.05e-06
     Epoch[8] Iteration[590/1240], entropy: 0.3682, uncertainty: 3.3066, uncertainty_coeffi: 0.0100, loss: 0.1586, lr: 9.05e-06
     Epoch[8] Iteration[600/1240], entropy: 0.5448, uncertainty: 2.8151, uncertainty_coeffi: 0.0100, loss: 0.2683, lr: 9.05e-06
     Epoch[8] Iteration[610/1240], entropy: 0.5252, uncertainty: 3.3245, uncertainty_coeffi: 0.0100, loss: 0.2523, lr: 9.05e-06
     Epoch[8] Iteration[620/1240], entropy: 0.7225, uncertainty: 3.6222, uncertainty_coeffi: 0.0100, loss: 0.3412, lr: 9.05e-06
     Epoch[8] Iteration[630/1240], entropy: 0.3227, uncertainty: 3.3828, uncertainty_coeffi: 0.0100, loss: 0.1199, lr: 9.05e-06
     Epoch[8] Iteration[640/1240], entropy: 0.6270, uncertainty: 2.8190, uncertainty_coeffi: 0.0100, loss: 0.3117, lr: 9.05e-06
     Epoch[8] Iteration[650/1240], entropy: 0.5282, uncertainty: 3.2729, uncertainty_coeffi: 0.0100, loss: 0.2249, lr: 9.05e-06
     Epoch[8] Iteration[660/1240], entropy: 0.4153, uncertainty: 2.6135, uncertainty_coeffi: 0.0100, loss: 0.2426, lr: 9.05e-06
     Epoch[8] Iteration[670/1240], entropy: 0.3579, uncertainty: 2.8645, uncertainty_coeffi: 0.0100, loss: 0.1355, lr: 9.05e-06
     Epoch[8] Iteration[680/1240], entropy: 0.6150, uncertainty: 3.2491, uncertainty_coeffi: 0.0100, loss: 0.2447, lr: 9.05e-06
     Epoch[8] Iteration[690/1240], entropy: 0.4043, uncertainty: 2.9833, uncertainty_coeffi: 0.0100, loss: 0.1641, lr: 9.05e-06
     Epoch[8] Iteration[700/1240], entropy: 0.7074, uncertainty: 3.0295, uncertainty_coeffi: 0.0100, loss: 0.3478, lr: 9.05e-06
     Epoch[8] Iteration[710/1240], entropy: 0.5971, uncertainty: 2.8610, uncertainty_coeffi: 0.0100, loss: 0.2821, lr: 9.05e-06
     Epoch[8] Iteration[720/1240], entropy: 0.6164, uncertainty: 2.7738, uncertainty_coeffi: 0.0100, loss: 0.2524, lr: 9.05e-06
     Epoch[8] Iteration[730/1240], entropy: 0.5824, uncertainty: 4.1874, uncertainty_coeffi: 0.0100, loss: 0.1683, lr: 9.05e-06
     Epoch[8] Iteration[740/1240], entropy: 0.4817, uncertainty: 3.0814, uncertainty_coeffi: 0.0100, loss: 0.1839, lr: 9.05e-06
     Epoch[8] Iteration[750/1240], entropy: 0.3292, uncertainty: 2.2670, uncertainty_coeffi: 0.0100, loss: 0.1696, lr: 9.05e-06
     Epoch[8] Iteration[760/1240], entropy: 0.4650, uncertainty: 3.4956, uncertainty_coeffi: 0.0100, loss: 0.2657, lr: 9.05e-06
     Epoch[8] Iteration[770/1240], entropy: 0.6072, uncertainty: 3.0695, uncertainty_coeffi: 0.0100, loss: 0.2750, lr: 9.05e-06
     Epoch[8] Iteration[780/1240], entropy: 0.6273, uncertainty: 2.7094, uncertainty_coeffi: 0.0100, loss: 0.2608, lr: 9.05e-06
     Epoch[8] Iteration[790/1240], entropy: 0.5470, uncertainty: 3.9052, uncertainty_coeffi: 0.0100, loss: 0.2440, lr: 9.05e-06
     Epoch[8] Iteration[800/1240], entropy: 0.5492, uncertainty: 3.4835, uncertainty_coeffi: 0.0100, loss: 0.2517, lr: 9.05e-06
     Epoch[8] Iteration[810/1240], entropy: 0.6686, uncertainty: 3.8744, uncertainty_coeffi: 0.0100, loss: 0.2399, lr: 9.05e-06
     Epoch[8] Iteration[820/1240], entropy: 0.7335, uncertainty: 3.4558, uncertainty_coeffi: 0.0100, loss: 0.3029, lr: 9.05e-06
     Epoch[8] Iteration[830/1240], entropy: 0.5501, uncertainty: 3.3165, uncertainty_coeffi: 0.0100, loss: 0.1878, lr: 9.05e-06
     Epoch[8] Iteration[840/1240], entropy: 0.7200, uncertainty: 3.4529, uncertainty_coeffi: 0.0100, loss: 0.2503, lr: 9.05e-06
     Epoch[8] Iteration[850/1240], entropy: 0.6660, uncertainty: 3.3469, uncertainty_coeffi: 0.0100, loss: 0.2561, lr: 9.05e-06
     Epoch[8] Iteration[860/1240], entropy: 0.6651, uncertainty: 3.7307, uncertainty_coeffi: 0.0100, loss: 0.2753, lr: 9.05e-06
     Epoch[8] Iteration[870/1240], entropy: 0.3727, uncertainty: 3.1996, uncertainty_coeffi: 0.0100, loss: 0.1861, lr: 9.05e-06
     Epoch[8] Iteration[880/1240], entropy: 0.5483, uncertainty: 3.5591, uncertainty_coeffi: 0.0100, loss: 0.1810, lr: 9.05e-06
     Epoch[8] Iteration[890/1240], entropy: 0.4496, uncertainty: 3.3520, uncertainty_coeffi: 0.0100, loss: 0.2308, lr: 9.05e-06
     Epoch[8] Iteration[900/1240], entropy: 0.5059, uncertainty: 2.9504, uncertainty_coeffi: 0.0100, loss: 0.2194, lr: 9.05e-06
     Epoch[8] Iteration[910/1240], entropy: 0.4346, uncertainty: 3.3965, uncertainty_coeffi: 0.0100, loss: 0.1809, lr: 9.05e-06
     Epoch[8] Iteration[920/1240], entropy: 0.2296, uncertainty: 2.2773, uncertainty_coeffi: 0.0100, loss: 0.1167, lr: 9.05e-06
     Epoch[8] Iteration[930/1240], entropy: 0.3832, uncertainty: 3.2846, uncertainty_coeffi: 0.0100, loss: 0.1784, lr: 9.05e-06
     Epoch[8] Iteration[940/1240], entropy: 0.4558, uncertainty: 3.2079, uncertainty_coeffi: 0.0100, loss: 0.2179, lr: 9.05e-06
     Epoch[8] Iteration[950/1240], entropy: 0.5713, uncertainty: 3.3466, uncertainty_coeffi: 0.0100, loss: 0.3005, lr: 9.05e-06
     Epoch[8] Iteration[960/1240], entropy: 0.5860, uncertainty: 2.9768, uncertainty_coeffi: 0.0100, loss: 0.1980, lr: 9.05e-06
     Epoch[8] Iteration[970/1240], entropy: 0.5533, uncertainty: 3.8553, uncertainty_coeffi: 0.0100, loss: 0.1809, lr: 9.05e-06
     Epoch[8] Iteration[980/1240], entropy: 0.5591, uncertainty: 3.7141, uncertainty_coeffi: 0.0100, loss: 0.2535, lr: 9.05e-06
     Epoch[8] Iteration[990/1240], entropy: 0.4840, uncertainty: 3.4466, uncertainty_coeffi: 0.0100, loss: 0.1993, lr: 9.05e-06
     Epoch[8] Iteration[1000/1240], entropy: 0.7478, uncertainty: 3.7178, uncertainty_coeffi: 0.0100, loss: 0.2596, lr: 9.05e-06
     Epoch[8] Iteration[1010/1240], entropy: 0.4177, uncertainty: 3.3978, uncertainty_coeffi: 0.0100, loss: 0.1959, lr: 9.05e-06
     Epoch[8] Iteration[1020/1240], entropy: 0.6884, uncertainty: 2.7470, uncertainty_coeffi: 0.0100, loss: 0.2824, lr: 9.05e-06
     Epoch[8] Iteration[1030/1240], entropy: 0.6814, uncertainty: 3.7481, uncertainty_coeffi: 0.0100, loss: 0.2578, lr: 9.05e-06
     Epoch[8] Iteration[1040/1240], entropy: 0.6797, uncertainty: 3.3628, uncertainty_coeffi: 0.0100, loss: 0.2421, lr: 9.05e-06
     Epoch[8] Iteration[1050/1240], entropy: 0.6880, uncertainty: 2.9085, uncertainty_coeffi: 0.0100, loss: 0.3128, lr: 9.05e-06
     Epoch[8] Iteration[1060/1240], entropy: 0.3523, uncertainty: 3.4067, uncertainty_coeffi: 0.0100, loss: 0.1277, lr: 9.05e-06
     Epoch[8] Iteration[1070/1240], entropy: 0.7477, uncertainty: 3.3110, uncertainty_coeffi: 0.0100, loss: 0.3066, lr: 9.05e-06
     Epoch[8] Iteration[1080/1240], entropy: 0.4419, uncertainty: 2.8656, uncertainty_coeffi: 0.0100, loss: 0.2269, lr: 9.05e-06
     Epoch[8] Iteration[1090/1240], entropy: 0.7051, uncertainty: 3.5314, uncertainty_coeffi: 0.0100, loss: 0.3223, lr: 9.05e-06
     Epoch[8] Iteration[1100/1240], entropy: 0.5403, uncertainty: 2.9104, uncertainty_coeffi: 0.0100, loss: 0.2646, lr: 9.05e-06
     Epoch[8] Iteration[1110/1240], entropy: 0.4428, uncertainty: 3.3073, uncertainty_coeffi: 0.0100, loss: 0.2343, lr: 9.05e-06
     Epoch[8] Iteration[1120/1240], entropy: 0.5674, uncertainty: 3.7976, uncertainty_coeffi: 0.0100, loss: 0.1698, lr: 9.05e-06
     Epoch[8] Iteration[1130/1240], entropy: 0.4737, uncertainty: 2.9885, uncertainty_coeffi: 0.0100, loss: 0.2118, lr: 9.05e-06
     Epoch[8] Iteration[1140/1240], entropy: 0.3282, uncertainty: 3.6951, uncertainty_coeffi: 0.0100, loss: 0.1597, lr: 9.05e-06
     Epoch[8] Iteration[1150/1240], entropy: 0.3587, uncertainty: 2.7845, uncertainty_coeffi: 0.0100, loss: 0.1403, lr: 9.05e-06
     Epoch[8] Iteration[1160/1240], entropy: 0.5567, uncertainty: 3.6932, uncertainty_coeffi: 0.0100, loss: 0.2081, lr: 9.05e-06
     Epoch[8] Iteration[1170/1240], entropy: 0.5595, uncertainty: 3.3242, uncertainty_coeffi: 0.0100, loss: 0.2425, lr: 9.05e-06
     Epoch[8] Iteration[1180/1240], entropy: 0.7580, uncertainty: 3.1876, uncertainty_coeffi: 0.0100, loss: 0.3854, lr: 9.05e-06
     Epoch[8] Iteration[1190/1240], entropy: 0.5747, uncertainty: 3.3686, uncertainty_coeffi: 0.0100, loss: 0.2749, lr: 9.05e-06
     Epoch[8] Iteration[1200/1240], entropy: 0.7668, uncertainty: 3.1952, uncertainty_coeffi: 0.0100, loss: 0.3150, lr: 9.05e-06
     Epoch[8] Iteration[1210/1240], entropy: 0.5536, uncertainty: 2.7594, uncertainty_coeffi: 0.0100, loss: 0.2388, lr: 9.05e-06
     Epoch[8] Iteration[1220/1240], entropy: 0.5317, uncertainty: 4.1351, uncertainty_coeffi: 0.0100, loss: 0.1884, lr: 9.05e-06
     Epoch[8] Iteration[1230/1240], entropy: 0.5082, uncertainty: 3.4075, uncertainty_coeffi: 0.0100, loss: 0.2156, lr: 9.05e-06
     Epoch[8] Iteration[1240/1240], entropy: 0.7728, uncertainty: 3.3868, uncertainty_coeffi: 0.0100, loss: 0.3325, lr: 9.05e-06
     Averaged stats: entropy_avg: 0.5453, uncertainty_avg: 3.2443, uncertainty_coeffi_avg: 0.0100, loss_avg: 0.2354, lr_avg: 9.11e-06
     itm tta time 0:04:24
     Epoch[9] Iteration[10/1240], entropy: 0.5468, uncertainty: 3.2019, uncertainty_coeffi: 0.0100, loss: 0.2318, lr: 9.05e-06
     Epoch[9] Iteration[20/1240], entropy: 0.5492, uncertainty: 2.7788, uncertainty_coeffi: 0.0100, loss: 0.2785, lr: 9.05e-06
     Epoch[9] Iteration[30/1240], entropy: 0.5211, uncertainty: 3.3755, uncertainty_coeffi: 0.0100, loss: 0.1873, lr: 9.05e-06
     Epoch[9] Iteration[40/1240], entropy: 0.5209, uncertainty: 3.8720, uncertainty_coeffi: 0.0100, loss: 0.1713, lr: 9.05e-06
     Epoch[9] Iteration[50/1240], entropy: 0.5392, uncertainty: 3.0413, uncertainty_coeffi: 0.0100, loss: 0.2576, lr: 9.05e-06
     Epoch[9] Iteration[60/1240], entropy: 0.5875, uncertainty: 2.9677, uncertainty_coeffi: 0.0100, loss: 0.2696, lr: 9.05e-06
     Epoch[9] Iteration[70/1240], entropy: 0.5270, uncertainty: 2.4059, uncertainty_coeffi: 0.0100, loss: 0.2506, lr: 9.05e-06
     Epoch[9] Iteration[80/1240], entropy: 0.4616, uncertainty: 3.1712, uncertainty_coeffi: 0.0100, loss: 0.1905, lr: 9.05e-06
     Epoch[9] Iteration[90/1240], entropy: 0.7354, uncertainty: 4.5998, uncertainty_coeffi: 0.0100, loss: 0.2398, lr: 9.05e-06
     Epoch[9] Iteration[100/1240], entropy: 0.7273, uncertainty: 2.9246, uncertainty_coeffi: 0.0100, loss: 0.3606, lr: 9.05e-06
     Epoch[9] Iteration[110/1240], entropy: 0.5919, uncertainty: 3.1218, uncertainty_coeffi: 0.0100, loss: 0.2824, lr: 9.05e-06
     Epoch[9] Iteration[120/1240], entropy: 0.5329, uncertainty: 3.5617, uncertainty_coeffi: 0.0100, loss: 0.1741, lr: 9.05e-06
     Epoch[9] Iteration[130/1240], entropy: 0.3721, uncertainty: 2.3569, uncertainty_coeffi: 0.0100, loss: 0.2343, lr: 9.05e-06
     Epoch[9] Iteration[140/1240], entropy: 0.4077, uncertainty: 3.6271, uncertainty_coeffi: 0.0100, loss: 0.1693, lr: 9.05e-06
     Epoch[9] Iteration[150/1240], entropy: 0.6102, uncertainty: 2.4631, uncertainty_coeffi: 0.0100, loss: 0.3030, lr: 9.05e-06
     Epoch[9] Iteration[160/1240], entropy: 0.5385, uncertainty: 2.6106, uncertainty_coeffi: 0.0100, loss: 0.3172, lr: 9.05e-06
     Epoch[9] Iteration[170/1240], entropy: 0.5366, uncertainty: 3.2950, uncertainty_coeffi: 0.0100, loss: 0.2200, lr: 9.05e-06
     Epoch[9] Iteration[180/1240], entropy: 0.7703, uncertainty: 4.0337, uncertainty_coeffi: 0.0100, loss: 0.3018, lr: 9.05e-06
     Epoch[9] Iteration[190/1240], entropy: 0.2442, uncertainty: 3.3384, uncertainty_coeffi: 0.0100, loss: 0.1149, lr: 9.05e-06
     Epoch[9] Iteration[200/1240], entropy: 0.6397, uncertainty: 3.3797, uncertainty_coeffi: 0.0100, loss: 0.2549, lr: 9.05e-06
     Epoch[9] Iteration[210/1240], entropy: 0.4775, uncertainty: 2.3344, uncertainty_coeffi: 0.0100, loss: 0.2467, lr: 9.05e-06
     Epoch[9] Iteration[220/1240], entropy: 0.4637, uncertainty: 4.0867, uncertainty_coeffi: 0.0100, loss: 0.1632, lr: 9.05e-06
     Epoch[9] Iteration[230/1240], entropy: 0.5715, uncertainty: 4.0514, uncertainty_coeffi: 0.0100, loss: 0.1743, lr: 9.05e-06
     Epoch[9] Iteration[240/1240], entropy: 0.5080, uncertainty: 3.2677, uncertainty_coeffi: 0.0100, loss: 0.2549, lr: 9.05e-06
     Epoch[9] Iteration[250/1240], entropy: 0.5749, uncertainty: 3.1491, uncertainty_coeffi: 0.0100, loss: 0.2475, lr: 9.05e-06
     Epoch[9] Iteration[260/1240], entropy: 0.8544, uncertainty: 3.1076, uncertainty_coeffi: 0.0100, loss: 0.4090, lr: 9.05e-06
     Epoch[9] Iteration[270/1240], entropy: 0.6913, uncertainty: 3.1480, uncertainty_coeffi: 0.0100, loss: 0.3218, lr: 9.05e-06
     Epoch[9] Iteration[280/1240], entropy: 0.6624, uncertainty: 3.9356, uncertainty_coeffi: 0.0100, loss: 0.2044, lr: 9.05e-06
     Epoch[9] Iteration[290/1240], entropy: 0.2721, uncertainty: 2.9570, uncertainty_coeffi: 0.0100, loss: 0.1601, lr: 9.05e-06
     Epoch[9] Iteration[300/1240], entropy: 0.4413, uncertainty: 2.9702, uncertainty_coeffi: 0.0100, loss: 0.2250, lr: 9.05e-06
     Epoch[9] Iteration[310/1240], entropy: 0.8635, uncertainty: 3.9469, uncertainty_coeffi: 0.0100, loss: 0.3119, lr: 9.05e-06
     Epoch[9] Iteration[320/1240], entropy: 0.5411, uncertainty: 4.1072, uncertainty_coeffi: 0.0100, loss: 0.2303, lr: 9.05e-06
     Epoch[9] Iteration[330/1240], entropy: 0.4079, uncertainty: 3.2536, uncertainty_coeffi: 0.0100, loss: 0.1758, lr: 9.05e-06
     Epoch[9] Iteration[340/1240], entropy: 0.4915, uncertainty: 3.0692, uncertainty_coeffi: 0.0100, loss: 0.2796, lr: 9.05e-06
     Epoch[9] Iteration[350/1240], entropy: 0.4611, uncertainty: 3.0627, uncertainty_coeffi: 0.0100, loss: 0.2028, lr: 9.05e-06
     Epoch[9] Iteration[360/1240], entropy: 0.5065, uncertainty: 2.6311, uncertainty_coeffi: 0.0100, loss: 0.2622, lr: 9.05e-06
     Epoch[9] Iteration[370/1240], entropy: 0.3753, uncertainty: 2.4492, uncertainty_coeffi: 0.0100, loss: 0.2321, lr: 9.05e-06
     Epoch[9] Iteration[380/1240], entropy: 0.8196, uncertainty: 4.7594, uncertainty_coeffi: 0.0100, loss: 0.2924, lr: 9.05e-06
     Epoch[9] Iteration[390/1240], entropy: 0.3237, uncertainty: 2.9190, uncertainty_coeffi: 0.0100, loss: 0.1873, lr: 9.05e-06
     Epoch[9] Iteration[400/1240], entropy: 0.5884, uncertainty: 3.1768, uncertainty_coeffi: 0.0100, loss: 0.2952, lr: 9.05e-06
     Epoch[9] Iteration[410/1240], entropy: 0.4626, uncertainty: 2.5413, uncertainty_coeffi: 0.0100, loss: 0.2529, lr: 9.05e-06
     Epoch[9] Iteration[420/1240], entropy: 0.6407, uncertainty: 2.8874, uncertainty_coeffi: 0.0100, loss: 0.3086, lr: 9.05e-06
     Epoch[9] Iteration[430/1240], entropy: 0.5361, uncertainty: 3.4374, uncertainty_coeffi: 0.0100, loss: 0.1931, lr: 9.05e-06
     Epoch[9] Iteration[440/1240], entropy: 0.4353, uncertainty: 3.0943, uncertainty_coeffi: 0.0100, loss: 0.1678, lr: 9.05e-06
     Epoch[9] Iteration[450/1240], entropy: 0.6010, uncertainty: 2.3747, uncertainty_coeffi: 0.0100, loss: 0.2815, lr: 9.05e-06
     Epoch[9] Iteration[460/1240], entropy: 0.3128, uncertainty: 3.8795, uncertainty_coeffi: 0.0100, loss: 0.1140, lr: 9.05e-06
     Epoch[9] Iteration[470/1240], entropy: 0.4932, uncertainty: 3.2928, uncertainty_coeffi: 0.0100, loss: 0.2353, lr: 9.05e-06
     Epoch[9] Iteration[480/1240], entropy: 0.5536, uncertainty: 3.3879, uncertainty_coeffi: 0.0100, loss: 0.2274, lr: 9.05e-06
     Epoch[9] Iteration[490/1240], entropy: 0.5710, uncertainty: 3.0056, uncertainty_coeffi: 0.0100, loss: 0.2126, lr: 9.05e-06
     Epoch[9] Iteration[500/1240], entropy: 0.5526, uncertainty: 3.4475, uncertainty_coeffi: 0.0100, loss: 0.2040, lr: 9.05e-06
     Epoch[9] Iteration[510/1240], entropy: 0.5321, uncertainty: 3.9811, uncertainty_coeffi: 0.0100, loss: 0.1858, lr: 9.05e-06
     Epoch[9] Iteration[520/1240], entropy: 0.5212, uncertainty: 3.0726, uncertainty_coeffi: 0.0100, loss: 0.2442, lr: 9.05e-06
     Epoch[9] Iteration[530/1240], entropy: 0.7053, uncertainty: 3.2345, uncertainty_coeffi: 0.0100, loss: 0.3290, lr: 9.05e-06
     Epoch[9] Iteration[540/1240], entropy: 0.6860, uncertainty: 4.0018, uncertainty_coeffi: 0.0100, loss: 0.2571, lr: 9.05e-06
     Epoch[9] Iteration[550/1240], entropy: 0.5405, uncertainty: 3.8120, uncertainty_coeffi: 0.0100, loss: 0.1720, lr: 9.05e-06
     Epoch[9] Iteration[560/1240], entropy: 0.5420, uncertainty: 3.7188, uncertainty_coeffi: 0.0100, loss: 0.2114, lr: 9.05e-06
     Epoch[9] Iteration[570/1240], entropy: 0.6620, uncertainty: 3.2542, uncertainty_coeffi: 0.0100, loss: 0.2079, lr: 9.05e-06
     Epoch[9] Iteration[580/1240], entropy: 0.8332, uncertainty: 3.4280, uncertainty_coeffi: 0.0100, loss: 0.3018, lr: 9.05e-06
     Epoch[9] Iteration[590/1240], entropy: 0.2780, uncertainty: 3.0075, uncertainty_coeffi: 0.0100, loss: 0.1686, lr: 9.05e-06
     Epoch[9] Iteration[600/1240], entropy: 0.5945, uncertainty: 3.3259, uncertainty_coeffi: 0.0100, loss: 0.2578, lr: 9.05e-06
     Epoch[9] Iteration[610/1240], entropy: 0.7094, uncertainty: 3.2797, uncertainty_coeffi: 0.0100, loss: 0.3109, lr: 9.05e-06
     Epoch[9] Iteration[620/1240], entropy: 0.6194, uncertainty: 3.7348, uncertainty_coeffi: 0.0100, loss: 0.2562, lr: 9.05e-06
     Epoch[9] Iteration[630/1240], entropy: 0.4039, uncertainty: 3.0654, uncertainty_coeffi: 0.0100, loss: 0.1829, lr: 9.05e-06
     Epoch[9] Iteration[640/1240], entropy: 0.6550, uncertainty: 4.3845, uncertainty_coeffi: 0.0100, loss: 0.2288, lr: 9.05e-06
     Epoch[9] Iteration[650/1240], entropy: 0.5307, uncertainty: 3.7240, uncertainty_coeffi: 0.0100, loss: 0.2513, lr: 9.05e-06
     Epoch[9] Iteration[660/1240], entropy: 0.6246, uncertainty: 3.5345, uncertainty_coeffi: 0.0100, loss: 0.2495, lr: 9.05e-06
     Epoch[9] Iteration[670/1240], entropy: 0.5634, uncertainty: 2.4310, uncertainty_coeffi: 0.0100, loss: 0.3496, lr: 9.05e-06
     Epoch[9] Iteration[680/1240], entropy: 0.5981, uncertainty: 3.2877, uncertainty_coeffi: 0.0100, loss: 0.2262, lr: 9.05e-06
     Epoch[9] Iteration[690/1240], entropy: 0.6188, uncertainty: 3.7510, uncertainty_coeffi: 0.0100, loss: 0.2605, lr: 9.05e-06
     Epoch[9] Iteration[700/1240], entropy: 0.3788, uncertainty: 3.5149, uncertainty_coeffi: 0.0100, loss: 0.1530, lr: 9.05e-06
     Epoch[9] Iteration[710/1240], entropy: 0.4907, uncertainty: 3.4326, uncertainty_coeffi: 0.0100, loss: 0.2385, lr: 9.05e-06
     Epoch[9] Iteration[720/1240], entropy: 0.5193, uncertainty: 2.4156, uncertainty_coeffi: 0.0100, loss: 0.2772, lr: 9.05e-06
     Epoch[9] Iteration[730/1240], entropy: 0.6128, uncertainty: 3.5911, uncertainty_coeffi: 0.0100, loss: 0.2205, lr: 9.05e-06
     Epoch[9] Iteration[740/1240], entropy: 0.5743, uncertainty: 3.3488, uncertainty_coeffi: 0.0100, loss: 0.1984, lr: 9.05e-06
     Epoch[9] Iteration[750/1240], entropy: 0.6255, uncertainty: 2.7649, uncertainty_coeffi: 0.0100, loss: 0.2940, lr: 9.05e-06
     Epoch[9] Iteration[760/1240], entropy: 0.6383, uncertainty: 3.5133, uncertainty_coeffi: 0.0100, loss: 0.2748, lr: 9.05e-06
     Epoch[9] Iteration[770/1240], entropy: 0.5346, uncertainty: 3.4841, uncertainty_coeffi: 0.0100, loss: 0.1855, lr: 9.05e-06
     Epoch[9] Iteration[780/1240], entropy: 0.4656, uncertainty: 2.6849, uncertainty_coeffi: 0.0100, loss: 0.2330, lr: 9.05e-06
     Epoch[9] Iteration[790/1240], entropy: 0.5950, uncertainty: 2.9133, uncertainty_coeffi: 0.0100, loss: 0.2471, lr: 9.05e-06
     Epoch[9] Iteration[800/1240], entropy: 0.4330, uncertainty: 2.7774, uncertainty_coeffi: 0.0100, loss: 0.1855, lr: 9.05e-06
     Epoch[9] Iteration[810/1240], entropy: 0.6963, uncertainty: 3.6326, uncertainty_coeffi: 0.0100, loss: 0.2498, lr: 9.05e-06
     Epoch[9] Iteration[820/1240], entropy: 0.5900, uncertainty: 3.2309, uncertainty_coeffi: 0.0100, loss: 0.2360, lr: 9.05e-06
     Epoch[9] Iteration[830/1240], entropy: 0.6018, uncertainty: 2.5907, uncertainty_coeffi: 0.0100, loss: 0.2717, lr: 9.05e-06
     Epoch[9] Iteration[840/1240], entropy: 0.4837, uncertainty: 3.4048, uncertainty_coeffi: 0.0100, loss: 0.1831, lr: 9.05e-06
     Epoch[9] Iteration[850/1240], entropy: 0.7177, uncertainty: 2.6551, uncertainty_coeffi: 0.0100, loss: 0.3001, lr: 9.05e-06
     Epoch[9] Iteration[860/1240], entropy: 0.4197, uncertainty: 3.1257, uncertainty_coeffi: 0.0100, loss: 0.1927, lr: 6.55e-06
     Epoch[9] Iteration[870/1240], entropy: 0.6653, uncertainty: 3.5022, uncertainty_coeffi: 0.0100, loss: 0.2453, lr: 6.55e-06
     Epoch[9] Iteration[880/1240], entropy: 0.4813, uncertainty: 3.6806, uncertainty_coeffi: 0.0100, loss: 0.1944, lr: 6.55e-06
     Epoch[9] Iteration[890/1240], entropy: 0.6285, uncertainty: 3.0554, uncertainty_coeffi: 0.0100, loss: 0.3151, lr: 6.55e-06
     Epoch[9] Iteration[900/1240], entropy: 0.5355, uncertainty: 2.5347, uncertainty_coeffi: 0.0100, loss: 0.2663, lr: 6.55e-06
     Epoch[9] Iteration[910/1240], entropy: 0.6825, uncertainty: 3.9804, uncertainty_coeffi: 0.0100, loss: 0.2188, lr: 6.55e-06
     Epoch[9] Iteration[920/1240], entropy: 0.4169, uncertainty: 2.9565, uncertainty_coeffi: 0.0100, loss: 0.1625, lr: 6.55e-06
     Epoch[9] Iteration[930/1240], entropy: 0.4582, uncertainty: 3.9425, uncertainty_coeffi: 0.0100, loss: 0.1889, lr: 6.55e-06
     Epoch[9] Iteration[940/1240], entropy: 0.4468, uncertainty: 3.7084, uncertainty_coeffi: 0.0100, loss: 0.1777, lr: 6.55e-06
     Epoch[9] Iteration[950/1240], entropy: 0.5921, uncertainty: 3.9472, uncertainty_coeffi: 0.0100, loss: 0.1990, lr: 6.55e-06
     Epoch[9] Iteration[960/1240], entropy: 0.5004, uncertainty: 2.9156, uncertainty_coeffi: 0.0100, loss: 0.2100, lr: 6.55e-06
     Epoch[9] Iteration[970/1240], entropy: 0.6525, uncertainty: 4.0618, uncertainty_coeffi: 0.0100, loss: 0.2396, lr: 6.55e-06
     Epoch[9] Iteration[980/1240], entropy: 0.5511, uncertainty: 2.9527, uncertainty_coeffi: 0.0100, loss: 0.3009, lr: 6.55e-06
     Epoch[9] Iteration[990/1240], entropy: 0.4995, uncertainty: 2.4763, uncertainty_coeffi: 0.0100, loss: 0.2537, lr: 6.55e-06
     Epoch[9] Iteration[1000/1240], entropy: 0.5377, uncertainty: 2.5187, uncertainty_coeffi: 0.0100, loss: 0.2727, lr: 6.55e-06
     Epoch[9] Iteration[1010/1240], entropy: 0.7343, uncertainty: 3.2198, uncertainty_coeffi: 0.0100, loss: 0.3062, lr: 6.55e-06
     Epoch[9] Iteration[1020/1240], entropy: 0.7789, uncertainty: 3.7863, uncertainty_coeffi: 0.0100, loss: 0.2749, lr: 6.55e-06
     Epoch[9] Iteration[1030/1240], entropy: 0.4918, uncertainty: 3.9432, uncertainty_coeffi: 0.0100, loss: 0.1767, lr: 6.55e-06
     Epoch[9] Iteration[1040/1240], entropy: 0.8219, uncertainty: 4.1387, uncertainty_coeffi: 0.0100, loss: 0.2462, lr: 6.55e-06
     Epoch[9] Iteration[1050/1240], entropy: 0.5819, uncertainty: 3.3781, uncertainty_coeffi: 0.0100, loss: 0.3106, lr: 6.55e-06
     Epoch[9] Iteration[1060/1240], entropy: 0.4443, uncertainty: 2.7920, uncertainty_coeffi: 0.0100, loss: 0.2555, lr: 6.55e-06
     Epoch[9] Iteration[1070/1240], entropy: 0.6255, uncertainty: 4.0324, uncertainty_coeffi: 0.0100, loss: 0.2326, lr: 6.55e-06
     Epoch[9] Iteration[1080/1240], entropy: 0.5813, uncertainty: 4.0868, uncertainty_coeffi: 0.0100, loss: 0.1870, lr: 6.55e-06
     Epoch[9] Iteration[1090/1240], entropy: 0.5861, uncertainty: 3.5628, uncertainty_coeffi: 0.0100, loss: 0.2690, lr: 6.55e-06
     Epoch[9] Iteration[1100/1240], entropy: 0.5664, uncertainty: 2.2836, uncertainty_coeffi: 0.0100, loss: 0.2943, lr: 6.55e-06
     Epoch[9] Iteration[1110/1240], entropy: 0.6698, uncertainty: 4.3708, uncertainty_coeffi: 0.0100, loss: 0.1865, lr: 6.55e-06
     Epoch[9] Iteration[1120/1240], entropy: 0.5601, uncertainty: 3.0853, uncertainty_coeffi: 0.0100, loss: 0.2420, lr: 6.55e-06
     Epoch[9] Iteration[1130/1240], entropy: 0.3823, uncertainty: 3.2084, uncertainty_coeffi: 0.0100, loss: 0.1597, lr: 6.55e-06
     Epoch[9] Iteration[1140/1240], entropy: 0.5465, uncertainty: 3.9868, uncertainty_coeffi: 0.0100, loss: 0.2064, lr: 6.55e-06
     Epoch[9] Iteration[1150/1240], entropy: 0.6798, uncertainty: 2.8150, uncertainty_coeffi: 0.0100, loss: 0.3522, lr: 6.55e-06
     Epoch[9] Iteration[1160/1240], entropy: 0.4815, uncertainty: 2.6771, uncertainty_coeffi: 0.0100, loss: 0.2078, lr: 6.55e-06
     Epoch[9] Iteration[1170/1240], entropy: 0.5117, uncertainty: 3.0024, uncertainty_coeffi: 0.0100, loss: 0.2593, lr: 6.55e-06
     Epoch[9] Iteration[1180/1240], entropy: 0.4905, uncertainty: 2.7510, uncertainty_coeffi: 0.0100, loss: 0.2540, lr: 6.55e-06
     Epoch[9] Iteration[1190/1240], entropy: 0.3298, uncertainty: 3.4271, uncertainty_coeffi: 0.0100, loss: 0.1865, lr: 6.55e-06
     Epoch[9] Iteration[1200/1240], entropy: 0.4263, uncertainty: 3.1169, uncertainty_coeffi: 0.0100, loss: 0.2224, lr: 6.55e-06
     Epoch[9] Iteration[1210/1240], entropy: 0.6754, uncertainty: 4.0327, uncertainty_coeffi: 0.0100, loss: 0.2060, lr: 6.55e-06
     Epoch[9] Iteration[1220/1240], entropy: 0.7878, uncertainty: 3.2659, uncertainty_coeffi: 0.0100, loss: 0.3888, lr: 6.55e-06
     Epoch[9] Iteration[1230/1240], entropy: 0.5040, uncertainty: 3.1087, uncertainty_coeffi: 0.0100, loss: 0.1659, lr: 6.55e-06
     Epoch[9] Iteration[1240/1240], entropy: 0.5890, uncertainty: 3.6731, uncertainty_coeffi: 0.0100, loss: 0.1981, lr: 6.55e-06
     Averaged stats: entropy_avg: 0.5573, uncertainty_avg: 3.2979, uncertainty_coeffi_avg: 0.0100, loss_avg: 0.2380, lr_avg: 8.26e-06
     itm tta time 0:04:27
### TTA Eval Score: 
+-------+--------+--------+--------+--------+-------+
| epoch |   R1   |   R5   |  R10   |  mAP   |  mINP |
+-------+--------+--------+--------+--------+-------+
|  -999 | 60.631 | 77.519 | 83.268 | 35.542 | 6.004 |
|   0   | 60.999 | 77.544 | 83.202 | 35.766 | 6.027 |
|   1   | 61.200 | 77.539 | 83.338 | 35.902 | 6.043 |
|   2   | 61.356 | 77.580 | 83.348 | 35.996 | 6.057 |
|   4   | 61.649 | 77.610 | 83.222 | 36.101 | 6.073 |
|   9   | 61.810 | 77.524 | 83.122 | 36.167 | 6.084 |
+-------+--------+--------+--------+--------+-------+
     logs:  {'epo': 9, 'R1': 61.81, 'R5': 77.524, 'R10': 83.122, 'mAP': 36.167, 'mINP': 6.084, 'entropy': 0.5573029948338386, 'uncertainty': 3.2979457013068663, 'uncertainty_coeffi': 0.009999999776482582, 'loss': 0.2379763869628791, 'lr': 8.25879464929375e-06}
### best epoch 9 : {'epo': '9', 'R1': '61.81', 'R5': '77.524', 'R10': '83.122', 'mAP': '36.167', 'mINP': '6.084', 'entropy': '0.5573029948338386', 'uncertainty': '3.2979457013068663', 'uncertainty_coeffi': '0.009999999776482582', 'loss': '0.2379763869628791', 'lr': '8.25879464929375e-06'}
### Time 0:50:36
