Not using distributed mode
### Hyper-parameters:
     output_dir: output_rerun/ham_icfg_tta/exp2.0.4.1/2025090520383
     seed: 42
     device: cuda
     batch_size_tta: 16
     epochs: 30
     lr: 0.001
### Creating test dataset
     test_txt_set: 19848    test_img_set: 19848
     test_txt_loader: 39    test_img_loader: 39
### Creating model
Training Model with ['sdm', 'id', 'mlm'] tasks
Resized position embedding from size:torch.Size([1, 197, 768]) to size: torch.Size([1, 193, 768]) with height:24 width: 8
     Total Params Sum:  190482206
### Zero-Shot Score: 
/home/jiahao/task/IRRA/tta.py:261: FutureWarning: `torch.cuda.amp.GradScaler(args...)` is deprecated. Please use `torch.amp.GradScaler('cuda', args...)` instead.
  scaler = GradScaler()  # bf16
+-------+--------+--------+--------+--------+-------+
| epoch |   R1   |   R5   |  R10   |  mAP   |  mINP |
+-------+--------+--------+--------+--------+-------+
|  -999 | 60.631 | 77.519 | 83.268 | 35.542 | 6.004 |
+-------+--------+--------+--------+--------+-------+
### TTA:
### Compute Cos Similarity Uncertainty
     preprocess_tta_coefficients  start
     sample selection ...
     number of sample after sample_selection: 5129
     uncertainty ...
     pos/neg sampling ...
      number of sample after pos/neg sampling: torch.Size([19848, 8])
     preprocess_tta_coefficients  end
### Creating TTA dataset
     tta_dataset: 5129
### Creating tta dataloader
### be careful: func create_loader returns a list length of 1
     tta_loader: 320
### Configure adapted weights
     TTA Dropout Modules: 
 []
     TTA Require Gradient Params: 
 [('base_model.transformer.resblocks.1.ln_1.weight', torch.Size([512])), ('base_model.transformer.resblocks.1.ln_1.bias', torch.Size([512])), ('base_model.transformer.resblocks.1.ln_2.weight', torch.Size([512])), ('base_model.transformer.resblocks.1.ln_2.bias', torch.Size([512])), ('base_model.transformer.resblocks.2.ln_1.weight', torch.Size([512])), ('base_model.transformer.resblocks.2.ln_1.bias', torch.Size([512])), ('base_model.transformer.resblocks.2.ln_2.weight', torch.Size([512])), ('base_model.transformer.resblocks.2.ln_2.bias', torch.Size([512])), ('base_model.transformer.resblocks.3.ln_1.weight', torch.Size([512])), ('base_model.transformer.resblocks.3.ln_1.bias', torch.Size([512])), ('base_model.transformer.resblocks.3.ln_2.weight', torch.Size([512])), ('base_model.transformer.resblocks.3.ln_2.bias', torch.Size([512])), ('base_model.transformer.resblocks.4.ln_1.weight', torch.Size([512])), ('base_model.transformer.resblocks.4.ln_1.bias', torch.Size([512])), ('base_model.transformer.resblocks.4.ln_2.weight', torch.Size([512])), ('base_model.transformer.resblocks.4.ln_2.bias', torch.Size([512])), ('base_model.transformer.resblocks.5.ln_1.weight', torch.Size([512])), ('base_model.transformer.resblocks.5.ln_1.bias', torch.Size([512])), ('base_model.transformer.resblocks.5.ln_2.weight', torch.Size([512])), ('base_model.transformer.resblocks.5.ln_2.bias', torch.Size([512])), ('base_model.transformer.resblocks.7.ln_1.weight', torch.Size([512])), ('base_model.transformer.resblocks.7.ln_1.bias', torch.Size([512])), ('base_model.transformer.resblocks.7.ln_2.weight', torch.Size([512])), ('base_model.transformer.resblocks.7.ln_2.bias', torch.Size([512])), ('base_model.transformer.resblocks.8.ln_1.weight', torch.Size([512])), ('base_model.transformer.resblocks.8.ln_1.bias', torch.Size([512])), ('base_model.transformer.resblocks.8.ln_2.weight', torch.Size([512])), ('base_model.transformer.resblocks.8.ln_2.bias', torch.Size([512])), ('base_model.transformer.resblocks.9.ln_1.weight', torch.Size([512])), ('base_model.transformer.resblocks.9.ln_1.bias', torch.Size([512])), ('base_model.transformer.resblocks.9.ln_2.weight', torch.Size([512])), ('base_model.transformer.resblocks.9.ln_2.bias', torch.Size([512])), ('base_model.transformer.resblocks.10.ln_1.weight', torch.Size([512])), ('base_model.transformer.resblocks.10.ln_1.bias', torch.Size([512])), ('base_model.transformer.resblocks.10.ln_2.weight', torch.Size([512])), ('base_model.transformer.resblocks.10.ln_2.bias', torch.Size([512])), ('base_model.transformer.resblocks.11.ln_1.weight', torch.Size([512])), ('base_model.transformer.resblocks.11.ln_1.bias', torch.Size([512])), ('base_model.transformer.resblocks.11.ln_2.weight', torch.Size([512])), ('base_model.transformer.resblocks.11.ln_2.bias', torch.Size([512])), ('base_model.ln_final.weight', torch.Size([512])), ('base_model.ln_final.bias', torch.Size([512]))]
     TTA Dropout Modules Number: 
 0
     TTA Require Gradient Params Sum: 
 21504
Using 5.0 times learning rate for random init module 
### Start Test Time Adaptation
/home/jiahao/task/IRRA/tta.py:65: FutureWarning: `torch.cuda.amp.autocast(args...)` is deprecated. Please use `torch.amp.autocast('cuda', args...)` instead.
  with torch.cuda.amp.autocast(enabled=True):
     Epoch[0] Iteration[10/320], entropy: 0.2531, loss: 1.5659, lr: 9.38e-04
     Epoch[0] Iteration[20/320], entropy: 0.4203, loss: 1.7145, lr: 4.06e-04
     Epoch[0] Iteration[30/320], entropy: 0.1754, loss: 1.4866, lr: 3.94e-06
     Epoch[0] Iteration[40/320], entropy: 0.2107, loss: 1.5354, lr: 2.87e-04
     Epoch[0] Iteration[50/320], entropy: 0.2501, loss: 1.5662, lr: 8.64e-04
     Epoch[0] Iteration[60/320], entropy: 0.2477, loss: 1.5462, lr: 9.38e-04
     Epoch[0] Iteration[70/320], entropy: 0.4617, loss: 1.7566, lr: 4.06e-04
     Epoch[0] Iteration[80/320], entropy: 0.3019, loss: 1.5781, lr: 3.94e-06
     Epoch[0] Iteration[90/320], entropy: 0.1486, loss: 1.3561, lr: 2.87e-04
     Epoch[0] Iteration[100/320], entropy: 0.1084, loss: 1.4889, lr: 8.64e-04
     Epoch[0] Iteration[110/320], entropy: 0.2473, loss: 1.5445, lr: 9.38e-04
     Epoch[0] Iteration[120/320], entropy: 0.1634, loss: 1.3628, lr: 4.06e-04
     Epoch[0] Iteration[130/320], entropy: 0.2137, loss: 1.5086, lr: 3.94e-06
     Epoch[0] Iteration[140/320], entropy: 0.2575, loss: 1.5218, lr: 2.87e-04
     Epoch[0] Iteration[150/320], entropy: 0.1569, loss: 1.4499, lr: 8.64e-04
     Epoch[0] Iteration[160/320], entropy: 0.3473, loss: 1.6944, lr: 9.38e-04
     Epoch[0] Iteration[170/320], entropy: 0.3644, loss: 1.6264, lr: 4.06e-04
     Epoch[0] Iteration[180/320], entropy: 0.1386, loss: 1.4140, lr: 3.94e-06
     Epoch[0] Iteration[190/320], entropy: 0.2485, loss: 1.5378, lr: 2.87e-04
     Epoch[0] Iteration[200/320], entropy: 0.2692, loss: 1.5257, lr: 8.64e-04
     Epoch[0] Iteration[210/320], entropy: 0.2841, loss: 1.6146, lr: 9.38e-04
     Epoch[0] Iteration[220/320], entropy: 0.1497, loss: 1.4017, lr: 4.06e-04
     Epoch[0] Iteration[230/320], entropy: 0.3163, loss: 1.5694, lr: 3.94e-06
     Epoch[0] Iteration[240/320], entropy: 0.2023, loss: 1.4531, lr: 2.87e-04
     Epoch[0] Iteration[250/320], entropy: 0.2060, loss: 1.4186, lr: 8.64e-04
     Epoch[0] Iteration[260/320], entropy: 0.3958, loss: 1.6964, lr: 9.38e-04
     Epoch[0] Iteration[270/320], entropy: 0.2431, loss: 1.5011, lr: 4.06e-04
     Epoch[0] Iteration[280/320], entropy: 0.2176, loss: 1.5131, lr: 3.94e-06
     Epoch[0] Iteration[290/320], entropy: 0.3081, loss: 1.5466, lr: 2.87e-04
     Epoch[0] Iteration[300/320], entropy: 0.3342, loss: 1.6000, lr: 8.64e-04
     Epoch[0] Iteration[310/320], entropy: 0.3525, loss: 1.6276, lr: 9.38e-04
     Epoch[0] Iteration[320/320], entropy: 0.2095, loss: 1.3846, lr: 4.06e-04
     Averaged stats: entropy: 0.2095, loss: 1.3846, lr: 4.06e-04
     itm tta time 0:00:51
### TTA Eval Score: 
+-------+--------+--------+--------+--------+-------+
| epoch |   R1   |   R5   |  R10   |  mAP   |  mINP |
+-------+--------+--------+--------+--------+-------+
|  -999 | 60.631 | 77.519 | 83.268 | 35.542 | 6.004 |
|   0   | 61.512 | 77.343 | 83.132 | 36.064 | 6.093 |
+-------+--------+--------+--------+--------+-------+
     logs:  {'epo': 0, 'R1': np.float32(61.512), 'R5': np.float32(77.343), 'R10': np.float32(83.132), 'mAP': np.float32(36.064), 'mINP': np.float32(6.093), 'entropy': 0.2563593597151339, 'loss': 1.5346068069338799, 'lr': 0.0005107644588352833}
     Epoch[1] Iteration[10/320], entropy: 0.3044, loss: 1.5363, lr: 3.94e-06
     Epoch[1] Iteration[20/320], entropy: 0.2617, loss: 1.5502, lr: 2.87e-04
     Epoch[1] Iteration[30/320], entropy: 0.2510, loss: 1.5891, lr: 8.64e-04
     Epoch[1] Iteration[40/320], entropy: 0.2568, loss: 1.5280, lr: 9.38e-04
     Epoch[1] Iteration[50/320], entropy: 0.1884, loss: 1.4215, lr: 4.06e-04
     Epoch[1] Iteration[60/320], entropy: 0.1416, loss: 1.3754, lr: 3.94e-06
     Epoch[1] Iteration[70/320], entropy: 0.2860, loss: 1.5718, lr: 2.87e-04
     Epoch[1] Iteration[80/320], entropy: 0.1932, loss: 1.5022, lr: 8.64e-04
     Epoch[1] Iteration[90/320], entropy: 0.4839, loss: 1.8489, lr: 9.38e-04
     Epoch[1] Iteration[100/320], entropy: 0.1173, loss: 1.3790, lr: 4.06e-04
     Epoch[1] Iteration[110/320], entropy: 0.1411, loss: 1.5448, lr: 3.94e-06
     Epoch[1] Iteration[120/320], entropy: 0.3138, loss: 1.6155, lr: 2.87e-04
     Epoch[1] Iteration[130/320], entropy: 0.1734, loss: 1.4383, lr: 8.64e-04
     Epoch[1] Iteration[140/320], entropy: 0.1276, loss: 1.4025, lr: 9.38e-04
     Epoch[1] Iteration[150/320], entropy: 0.2567, loss: 1.6662, lr: 4.06e-04
     Epoch[1] Iteration[160/320], entropy: 0.1466, loss: 1.3478, lr: 3.94e-06
     Epoch[1] Iteration[170/320], entropy: 0.3594, loss: 1.6535, lr: 2.87e-04
     Epoch[1] Iteration[180/320], entropy: 0.3954, loss: 1.7063, lr: 8.64e-04
     Epoch[1] Iteration[190/320], entropy: 0.2391, loss: 1.4907, lr: 9.38e-04
     Epoch[1] Iteration[200/320], entropy: 0.2250, loss: 1.4680, lr: 4.06e-04
     Epoch[1] Iteration[210/320], entropy: 0.2163, loss: 1.5846, lr: 3.94e-06
     Epoch[1] Iteration[220/320], entropy: 0.1861, loss: 1.4544, lr: 2.87e-04
     Epoch[1] Iteration[230/320], entropy: 0.3092, loss: 1.5645, lr: 8.64e-04
     Epoch[1] Iteration[240/320], entropy: 0.1275, loss: 1.4631, lr: 9.38e-04
     Epoch[1] Iteration[250/320], entropy: 0.2832, loss: 1.5972, lr: 4.06e-04
     Epoch[1] Iteration[260/320], entropy: 0.1791, loss: 1.5051, lr: 3.94e-06
     Epoch[1] Iteration[270/320], entropy: 0.3065, loss: 1.5820, lr: 2.87e-04
     Epoch[1] Iteration[280/320], entropy: 0.2444, loss: 1.5004, lr: 8.64e-04
     Epoch[1] Iteration[290/320], entropy: 0.1673, loss: 1.3882, lr: 9.38e-04
     Epoch[1] Iteration[300/320], entropy: 0.2461, loss: 1.5462, lr: 4.06e-04
     Epoch[1] Iteration[310/320], entropy: 0.2554, loss: 1.5748, lr: 3.94e-06
     Epoch[1] Iteration[320/320], entropy: 0.2137, loss: 1.4576, lr: 2.87e-04
     Averaged stats: entropy: 0.2137, loss: 1.4576, lr: 2.87e-04
     itm tta time 0:00:55
### TTA Eval Score: 
+-------+--------+--------+--------+--------+-------+
| epoch |   R1   |   R5   |  R10   |  mAP   |  mINP |
+-------+--------+--------+--------+--------+-------+
|  -999 | 60.631 | 77.519 | 83.268 | 35.542 | 6.004 |
|   0   | 61.512 | 77.343 | 83.132 | 36.064 | 6.093 |
|   1   | 61.956 | 77.529 | 83.167 | 36.091 | 5.974 |
+-------+--------+--------+--------+--------+-------+
     logs:  {'epo': 1, 'R1': np.float32(61.956), 'R5': np.float32(77.529), 'R10': np.float32(83.167), 'mAP': np.float32(36.091), 'mINP': np.float32(5.974), 'entropy': 0.2374100498855114, 'loss': 1.52669270709157, 'lr': 0.00047784540636125754}
     Epoch[2] Iteration[10/320], entropy: 0.2753, loss: 1.5808, lr: 8.64e-04
     Epoch[2] Iteration[20/320], entropy: 0.3063, loss: 1.5911, lr: 9.38e-04
     Epoch[2] Iteration[30/320], entropy: 0.2496, loss: 1.5805, lr: 4.06e-04
     Epoch[2] Iteration[40/320], entropy: 0.1438, loss: 1.3626, lr: 3.94e-06
     Epoch[2] Iteration[50/320], entropy: 0.1434, loss: 1.4582, lr: 2.87e-04
     Epoch[2] Iteration[60/320], entropy: 0.2584, loss: 1.5461, lr: 8.64e-04
     Epoch[2] Iteration[70/320], entropy: 0.1787, loss: 1.3935, lr: 9.38e-04
     Epoch[2] Iteration[80/320], entropy: 0.0497, loss: 1.3555, lr: 4.06e-04
     Epoch[2] Iteration[90/320], entropy: 0.2085, loss: 1.4359, lr: 3.94e-06
     Epoch[2] Iteration[100/320], entropy: 0.1614, loss: 1.4319, lr: 2.87e-04
     Epoch[2] Iteration[110/320], entropy: 0.1643, loss: 1.4023, lr: 8.64e-04
     Epoch[2] Iteration[120/320], entropy: 0.1767, loss: 1.4459, lr: 9.38e-04
     Epoch[2] Iteration[130/320], entropy: 0.1169, loss: 1.3864, lr: 4.06e-04
     Epoch[2] Iteration[140/320], entropy: 0.3563, loss: 1.5989, lr: 3.94e-06
     Epoch[2] Iteration[150/320], entropy: 0.2865, loss: 1.6127, lr: 2.87e-04
     Epoch[2] Iteration[160/320], entropy: 0.2505, loss: 1.5004, lr: 8.64e-04
     Epoch[2] Iteration[170/320], entropy: 0.2432, loss: 1.5363, lr: 9.38e-04
     Epoch[2] Iteration[180/320], entropy: 0.2243, loss: 1.4845, lr: 4.06e-04
     Epoch[2] Iteration[190/320], entropy: 0.2961, loss: 1.4797, lr: 3.94e-06
     Epoch[2] Iteration[200/320], entropy: 0.0897, loss: 1.3226, lr: 2.87e-04
     Epoch[2] Iteration[210/320], entropy: 0.1635, loss: 1.4420, lr: 8.64e-04
     Epoch[2] Iteration[220/320], entropy: 0.1705, loss: 1.4452, lr: 9.38e-04
     Epoch[2] Iteration[230/320], entropy: 0.2205, loss: 1.5146, lr: 4.06e-04
     Epoch[2] Iteration[240/320], entropy: 0.3073, loss: 1.5920, lr: 3.94e-06
     Epoch[2] Iteration[250/320], entropy: 0.2225, loss: 1.4788, lr: 2.87e-04
     Epoch[2] Iteration[260/320], entropy: 0.2671, loss: 1.5741, lr: 8.64e-04
     Epoch[2] Iteration[270/320], entropy: 0.3364, loss: 1.6518, lr: 9.38e-04
     Epoch[2] Iteration[280/320], entropy: 0.3136, loss: 1.6045, lr: 4.06e-04
     Epoch[2] Iteration[290/320], entropy: 0.2891, loss: 1.5097, lr: 3.94e-06
     Epoch[2] Iteration[300/320], entropy: 0.1868, loss: 1.5502, lr: 2.87e-04
     Epoch[2] Iteration[310/320], entropy: 0.2356, loss: 1.5184, lr: 8.64e-04
     Epoch[2] Iteration[320/320], entropy: 0.2151, loss: 1.4674, lr: 9.38e-04
     Averaged stats: entropy: 0.2151, loss: 1.4674, lr: 9.38e-04
     itm tta time 0:00:53
### TTA Eval Score: 
+-------+--------+--------+--------+--------+-------+
| epoch |   R1   |   R5   |  R10   |  mAP   |  mINP |
+-------+--------+--------+--------+--------+-------+
|  -999 | 60.631 | 77.519 | 83.268 | 35.542 | 6.004 |
|   0   | 61.512 | 77.343 | 83.132 | 36.064 | 6.093 |
|   1   | 61.956 | 77.529 | 83.167 | 36.091 | 5.974 |
|   2   | 61.996 | 77.575 | 83.192 | 36.106 | 5.919 |
+-------+--------+--------+--------+--------+-------+
     logs:  {'epo': 2, 'R1': np.float32(61.996), 'R5': np.float32(77.575), 'R10': np.float32(83.192), 'mAP': np.float32(36.106), 'mINP': np.float32(5.919), 'entropy': 0.22211329825222492, 'loss': 1.4954479336738586, 'lr': 0.0005250824266791454}
     Epoch[3] Iteration[10/320], entropy: 0.0918, loss: 1.3979, lr: 4.06e-04
     Epoch[3] Iteration[20/320], entropy: 0.1383, loss: 1.4493, lr: 3.94e-06
     Epoch[3] Iteration[30/320], entropy: 0.2570, loss: 1.5310, lr: 2.87e-04
     Epoch[3] Iteration[40/320], entropy: 0.1968, loss: 1.4742, lr: 8.64e-04
     Epoch[3] Iteration[50/320], entropy: 0.1993, loss: 1.3785, lr: 9.38e-04
     Epoch[3] Iteration[60/320], entropy: 0.1847, loss: 1.5761, lr: 4.06e-04
     Epoch[3] Iteration[70/320], entropy: 0.2932, loss: 1.5616, lr: 3.94e-06
     Epoch[3] Iteration[80/320], entropy: 0.1781, loss: 1.5026, lr: 2.87e-04
     Epoch[3] Iteration[90/320], entropy: 0.1357, loss: 1.4627, lr: 8.64e-04
     Epoch[3] Iteration[100/320], entropy: 0.2340, loss: 1.4546, lr: 9.38e-04
     Epoch[3] Iteration[110/320], entropy: 0.0891, loss: 1.3317, lr: 4.06e-04
     Epoch[3] Iteration[120/320], entropy: 0.2975, loss: 1.6728, lr: 3.94e-06
     Epoch[3] Iteration[130/320], entropy: 0.1526, loss: 1.4308, lr: 2.87e-04
     Epoch[3] Iteration[140/320], entropy: 0.1416, loss: 1.4663, lr: 8.64e-04
     Epoch[3] Iteration[150/320], entropy: 0.2002, loss: 1.4937, lr: 9.38e-04
     Epoch[3] Iteration[160/320], entropy: 0.3060, loss: 1.6278, lr: 4.06e-04
     Epoch[3] Iteration[170/320], entropy: 0.2444, loss: 1.5411, lr: 3.94e-06
     Epoch[3] Iteration[180/320], entropy: 0.1949, loss: 1.4296, lr: 2.87e-04
     Epoch[3] Iteration[190/320], entropy: 0.2244, loss: 1.5287, lr: 8.64e-04
     Epoch[3] Iteration[200/320], entropy: 0.1342, loss: 1.3828, lr: 9.38e-04
     Epoch[3] Iteration[210/320], entropy: 0.2662, loss: 1.5973, lr: 4.06e-04
     Epoch[3] Iteration[220/320], entropy: 0.1986, loss: 1.4345, lr: 3.94e-06
     Epoch[3] Iteration[230/320], entropy: 0.2121, loss: 1.6456, lr: 2.87e-04
     Epoch[3] Iteration[240/320], entropy: 0.2799, loss: 1.6334, lr: 8.64e-04
     Epoch[3] Iteration[250/320], entropy: 0.1990, loss: 1.5437, lr: 9.38e-04
     Epoch[3] Iteration[260/320], entropy: 0.2743, loss: 1.6048, lr: 4.06e-04
     Epoch[3] Iteration[270/320], entropy: 0.3811, loss: 1.6273, lr: 3.94e-06
     Epoch[3] Iteration[280/320], entropy: 0.1171, loss: 1.3545, lr: 2.87e-04
     Epoch[3] Iteration[290/320], entropy: 0.1786, loss: 1.4379, lr: 8.64e-04
     Epoch[3] Iteration[300/320], entropy: 0.1264, loss: 1.5211, lr: 9.38e-04
     Epoch[3] Iteration[310/320], entropy: 0.1367, loss: 1.4147, lr: 4.06e-04
     Epoch[3] Iteration[320/320], entropy: 0.1277, loss: 1.4428, lr: 3.94e-06
     Averaged stats: entropy: 0.1277, loss: 1.4428, lr: 3.94e-06
     itm tta time 0:00:56
### TTA Eval Score: 
+-------+--------+--------+--------+--------+-------+
| epoch |   R1   |   R5   |  R10   |  mAP   |  mINP |
+-------+--------+--------+--------+--------+-------+
|  -999 | 60.631 | 77.519 | 83.268 | 35.542 | 6.004 |
|   0   | 61.512 | 77.343 | 83.132 | 36.064 | 6.093 |
|   1   | 61.956 | 77.529 | 83.167 | 36.091 | 5.974 |
|   2   | 61.996 | 77.575 | 83.192 | 36.106 | 5.919 |
|   3   | 61.825 | 77.585 | 83.253 | 36.065 | 6.015 |
+-------+--------+--------+--------+--------+-------+
     logs:  {'epo': 3, 'R1': np.float32(61.825), 'R5': np.float32(77.585), 'R10': np.float32(83.253), 'mAP': np.float32(36.065), 'mINP': np.float32(6.015), 'entropy': 0.19973419210873544, 'loss': 1.498489324003458, 'lr': 0.0004815703747515587}
     Epoch[4] Iteration[10/320], entropy: 0.3766, loss: 1.7277, lr: 2.87e-04
     Epoch[4] Iteration[20/320], entropy: 0.1511, loss: 1.4032, lr: 8.64e-04
     Epoch[4] Iteration[30/320], entropy: 0.2049, loss: 1.5787, lr: 9.38e-04
     Epoch[4] Iteration[40/320], entropy: 0.2267, loss: 1.4394, lr: 4.06e-04
     Epoch[4] Iteration[50/320], entropy: 0.2689, loss: 1.6156, lr: 3.94e-06
     Epoch[4] Iteration[60/320], entropy: 0.2078, loss: 1.4729, lr: 2.87e-04
     Epoch[4] Iteration[70/320], entropy: 0.1674, loss: 1.4842, lr: 8.64e-04
     Epoch[4] Iteration[80/320], entropy: 0.3298, loss: 1.6668, lr: 9.38e-04
     Epoch[4] Iteration[90/320], entropy: 0.2081, loss: 1.5050, lr: 4.06e-04
     Epoch[4] Iteration[100/320], entropy: 0.1242, loss: 1.4726, lr: 3.94e-06
     Epoch[4] Iteration[110/320], entropy: 0.1862, loss: 1.5248, lr: 2.87e-04
     Epoch[4] Iteration[120/320], entropy: 0.2687, loss: 1.7145, lr: 8.64e-04
     Epoch[4] Iteration[130/320], entropy: 0.2076, loss: 1.4269, lr: 9.38e-04
     Epoch[4] Iteration[140/320], entropy: 0.1675, loss: 1.4228, lr: 4.06e-04
     Epoch[4] Iteration[150/320], entropy: 0.2464, loss: 1.4950, lr: 3.94e-06
     Epoch[4] Iteration[160/320], entropy: 0.2516, loss: 1.5641, lr: 2.87e-04
     Epoch[4] Iteration[170/320], entropy: 0.1565, loss: 1.5159, lr: 8.64e-04
     Epoch[4] Iteration[180/320], entropy: 0.2015, loss: 1.5064, lr: 9.38e-04
     Epoch[4] Iteration[190/320], entropy: 0.1761, loss: 1.4274, lr: 4.06e-04
     Epoch[4] Iteration[200/320], entropy: 0.1053, loss: 1.3700, lr: 3.94e-06
     Epoch[4] Iteration[210/320], entropy: 0.1927, loss: 1.4153, lr: 2.87e-04
     Epoch[4] Iteration[220/320], entropy: 0.2961, loss: 1.5928, lr: 8.64e-04
     Epoch[4] Iteration[230/320], entropy: 0.2363, loss: 1.5014, lr: 9.38e-04
     Epoch[4] Iteration[240/320], entropy: 0.2115, loss: 1.4826, lr: 4.06e-04
     Epoch[4] Iteration[250/320], entropy: 0.0705, loss: 1.3437, lr: 3.94e-06
     Epoch[4] Iteration[260/320], entropy: 0.2883, loss: 1.6266, lr: 2.87e-04
     Epoch[4] Iteration[270/320], entropy: 0.1435, loss: 1.4708, lr: 8.64e-04
     Epoch[4] Iteration[280/320], entropy: 0.1669, loss: 1.4708, lr: 9.38e-04
     Epoch[4] Iteration[290/320], entropy: 0.0776, loss: 1.3152, lr: 4.06e-04
     Epoch[4] Iteration[300/320], entropy: 0.1829, loss: 1.3881, lr: 3.94e-06
     Epoch[4] Iteration[310/320], entropy: 0.1890, loss: 1.4544, lr: 2.87e-04
     Epoch[4] Iteration[320/320], entropy: 0.2224, loss: 1.5844, lr: 8.64e-04
     Averaged stats: entropy: 0.2224, loss: 1.5844, lr: 8.64e-04
     itm tta time 0:00:56
### TTA Eval Score: 
+-------+--------+--------+--------+--------+-------+
| epoch |   R1   |   R5   |  R10   |  mAP   |  mINP |
+-------+--------+--------+--------+--------+-------+
|  -999 | 60.631 | 77.519 | 83.268 | 35.542 | 6.004 |
|   0   | 61.512 | 77.343 | 83.132 | 36.064 | 6.093 |
|   1   | 61.956 | 77.529 | 83.167 | 36.091 | 5.974 |
|   2   | 61.996 | 77.575 | 83.192 | 36.106 | 5.919 |
|   3   | 61.825 | 77.585 | 83.253 | 36.065 | 6.015 |
|   4   | 61.790 | 77.464 | 83.142 | 35.989 | 6.068 |
+-------+--------+--------+--------+--------+-------+
     logs:  {'epo': 4, 'R1': np.float32(61.79), 'R5': np.float32(77.464), 'R10': np.float32(83.142), 'mAP': np.float32(35.989), 'mINP': np.float32(6.068), 'entropy': 0.20346098230220377, 'loss': 1.4993779808282852, 'lr': 0.0005047373333727546}
     Epoch[5] Iteration[10/320], entropy: 0.2196, loss: 1.4768, lr: 9.38e-04
     Epoch[5] Iteration[20/320], entropy: 0.1677, loss: 1.4447, lr: 4.06e-04
     Epoch[5] Iteration[30/320], entropy: 0.1809, loss: 1.4452, lr: 3.94e-06
     Epoch[5] Iteration[40/320], entropy: 0.2088, loss: 1.4959, lr: 2.87e-04
     Epoch[5] Iteration[50/320], entropy: 0.0939, loss: 1.3088, lr: 8.64e-04
     Epoch[5] Iteration[60/320], entropy: 0.1911, loss: 1.5339, lr: 9.38e-04
     Epoch[5] Iteration[70/320], entropy: 0.2030, loss: 1.5648, lr: 4.06e-04
     Epoch[5] Iteration[80/320], entropy: 0.2018, loss: 1.5130, lr: 3.94e-06
     Epoch[5] Iteration[90/320], entropy: 0.2715, loss: 1.5352, lr: 2.87e-04
     Epoch[5] Iteration[100/320], entropy: 0.1893, loss: 1.4676, lr: 8.64e-04
     Epoch[5] Iteration[110/320], entropy: 0.1572, loss: 1.4842, lr: 9.38e-04
     Epoch[5] Iteration[120/320], entropy: 0.2464, loss: 1.5644, lr: 4.06e-04
     Epoch[5] Iteration[130/320], entropy: 0.1671, loss: 1.4404, lr: 3.94e-06
     Epoch[5] Iteration[140/320], entropy: 0.3239, loss: 1.6133, lr: 2.87e-04
     Epoch[5] Iteration[150/320], entropy: 0.2177, loss: 1.4585, lr: 8.64e-04
     Epoch[5] Iteration[160/320], entropy: 0.1445, loss: 1.4597, lr: 9.38e-04
     Epoch[5] Iteration[170/320], entropy: 0.1943, loss: 1.4929, lr: 4.06e-04
     Epoch[5] Iteration[180/320], entropy: 0.0844, loss: 1.4042, lr: 3.94e-06
     Epoch[5] Iteration[190/320], entropy: 0.1269, loss: 1.3985, lr: 2.87e-04
     Epoch[5] Iteration[200/320], entropy: 0.1324, loss: 1.4746, lr: 8.64e-04
     Epoch[5] Iteration[210/320], entropy: 0.1037, loss: 1.4223, lr: 9.38e-04
     Epoch[5] Iteration[220/320], entropy: 0.0939, loss: 1.3564, lr: 4.06e-04
     Epoch[5] Iteration[230/320], entropy: 0.2001, loss: 1.5095, lr: 3.94e-06
     Epoch[5] Iteration[240/320], entropy: 0.3497, loss: 1.7127, lr: 2.87e-04
     Epoch[5] Iteration[250/320], entropy: 0.2490, loss: 1.6016, lr: 8.64e-04
     Epoch[5] Iteration[260/320], entropy: 0.2120, loss: 1.5272, lr: 9.38e-04
     Epoch[5] Iteration[270/320], entropy: 0.2884, loss: 1.5364, lr: 4.06e-04
     Epoch[5] Iteration[280/320], entropy: 0.1282, loss: 1.4703, lr: 3.94e-06
     Epoch[5] Iteration[290/320], entropy: 0.1944, loss: 1.4525, lr: 2.87e-04
     Epoch[5] Iteration[300/320], entropy: 0.3002, loss: 1.5571, lr: 8.64e-04
     Epoch[5] Iteration[310/320], entropy: 0.2256, loss: 1.5444, lr: 9.38e-04
     Epoch[5] Iteration[320/320], entropy: 0.0951, loss: 1.3817, lr: 4.06e-04
     Averaged stats: entropy: 0.0951, loss: 1.3817, lr: 4.06e-04
     itm tta time 0:00:52
### TTA Eval Score: 
+-------+--------+--------+--------+--------+-------+
| epoch |   R1   |   R5   |  R10   |  mAP   |  mINP |
+-------+--------+--------+--------+--------+-------+
|  -999 | 60.631 | 77.519 | 83.268 | 35.542 | 6.004 |
|   0   | 61.512 | 77.343 | 83.132 | 36.064 | 6.093 |
|   1   | 61.956 | 77.529 | 83.167 | 36.091 | 5.974 |
|   2   | 61.996 | 77.575 | 83.192 | 36.106 | 5.919 |
|   3   | 61.825 | 77.585 | 83.253 | 36.065 | 6.015 |
|   4   | 61.790 | 77.464 | 83.142 | 35.989 | 6.068 |
|   5   | 61.996 | 77.469 | 83.187 | 36.126 | 5.899 |
+-------+--------+--------+--------+--------+-------+
     logs:  {'epo': 5, 'R1': np.float32(61.996), 'R5': np.float32(77.469), 'R10': np.float32(83.187), 'mAP': np.float32(36.126), 'mINP': np.float32(5.899), 'entropy': 0.19258113601244986, 'loss': 1.4890182614326477, 'lr': 0.0005107644588352844}
     Epoch[6] Iteration[10/320], entropy: 0.1776, loss: 1.4361, lr: 3.94e-06
     Epoch[6] Iteration[20/320], entropy: 0.1288, loss: 1.4874, lr: 2.87e-04
     Epoch[6] Iteration[30/320], entropy: 0.2364, loss: 1.6270, lr: 8.64e-04
     Epoch[6] Iteration[40/320], entropy: 0.1045, loss: 1.3719, lr: 9.38e-04
     Epoch[6] Iteration[50/320], entropy: 0.4167, loss: 1.7188, lr: 4.06e-04
     Epoch[6] Iteration[60/320], entropy: 0.1236, loss: 1.3615, lr: 3.94e-06
     Epoch[6] Iteration[70/320], entropy: 0.1886, loss: 1.4162, lr: 2.87e-04
     Epoch[6] Iteration[80/320], entropy: 0.1787, loss: 1.5317, lr: 8.64e-04
     Epoch[6] Iteration[90/320], entropy: 0.2464, loss: 1.5838, lr: 9.65e-04
     Epoch[6] Iteration[100/320], entropy: 0.1398, loss: 1.5350, lr: 4.69e-04
     Epoch[6] Iteration[110/320], entropy: 0.3810, loss: 1.7633, lr: 1.57e-05
     Epoch[6] Iteration[120/320], entropy: 0.4745, loss: 1.7522, lr: 2.32e-04
     Epoch[6] Iteration[130/320], entropy: 0.2058, loss: 1.4440, lr: 8.19e-04
     Epoch[6] Iteration[140/320], entropy: 0.1896, loss: 1.4959, lr: 9.65e-04
     Epoch[6] Iteration[150/320], entropy: 0.1921, loss: 1.5055, lr: 4.69e-04
     Epoch[6] Iteration[160/320], entropy: 0.1464, loss: 1.4372, lr: 1.57e-05
     Epoch[6] Iteration[170/320], entropy: 0.1585, loss: 1.4460, lr: 2.32e-04
     Epoch[6] Iteration[180/320], entropy: 0.1073, loss: 1.4684, lr: 8.19e-04
     Epoch[6] Iteration[190/320], entropy: 0.2358, loss: 1.5583, lr: 9.65e-04
     Epoch[6] Iteration[200/320], entropy: 0.2968, loss: 1.6009, lr: 4.69e-04
     Epoch[6] Iteration[210/320], entropy: 0.1121, loss: 1.4450, lr: 1.57e-05
     Epoch[6] Iteration[220/320], entropy: 0.0913, loss: 1.3040, lr: 2.32e-04
     Epoch[6] Iteration[230/320], entropy: 0.1962, loss: 1.4464, lr: 8.19e-04
     Epoch[6] Iteration[240/320], entropy: 0.1129, loss: 1.3441, lr: 9.65e-04
     Epoch[6] Iteration[250/320], entropy: 0.2757, loss: 1.5549, lr: 4.69e-04
     Epoch[6] Iteration[260/320], entropy: 0.1907, loss: 1.4932, lr: 1.57e-05
     Epoch[6] Iteration[270/320], entropy: 0.3168, loss: 1.5547, lr: 2.32e-04
     Epoch[6] Iteration[280/320], entropy: 0.2750, loss: 1.5638, lr: 8.19e-04
     Epoch[6] Iteration[290/320], entropy: 0.4031, loss: 1.6923, lr: 9.65e-04
     Epoch[6] Iteration[300/320], entropy: 0.1016, loss: 1.4085, lr: 4.69e-04
     Epoch[6] Iteration[310/320], entropy: 0.2356, loss: 1.5048, lr: 1.57e-05
     Epoch[6] Iteration[320/320], entropy: 0.2036, loss: 1.4796, lr: 2.32e-04
     Averaged stats: entropy: 0.2036, loss: 1.4796, lr: 2.32e-04
     itm tta time 0:00:44
### TTA Eval Score: 
+-------+--------+--------+--------+--------+-------+
| epoch |   R1   |   R5   |  R10   |  mAP   |  mINP |
+-------+--------+--------+--------+--------+-------+
|  -999 | 60.631 | 77.519 | 83.268 | 35.542 | 6.004 |
|   0   | 61.512 | 77.343 | 83.132 | 36.064 | 6.093 |
|   1   | 61.956 | 77.529 | 83.167 | 36.091 | 5.974 |
|   2   | 61.996 | 77.575 | 83.192 | 36.106 | 5.919 |
|   3   | 61.825 | 77.585 | 83.253 | 36.065 | 6.015 |
|   4   | 61.790 | 77.464 | 83.142 | 35.989 | 6.068 |
|   5   | 61.996 | 77.469 | 83.187 | 36.126 | 5.899 |
|   6   | 61.709 | 77.469 | 83.197 | 35.952 | 6.075 |
+-------+--------+--------+--------+--------+-------+
     logs:  {'epo': 6, 'R1': np.float32(61.709), 'R5': np.float32(77.469), 'R10': np.float32(83.197), 'mAP': np.float32(35.952), 'mINP': np.float32(6.075), 'entropy': 0.21385381068103015, 'loss': 1.510390266776085, 'lr': 0.00047927579132489204}
     Epoch[7] Iteration[10/320], entropy: 0.2413, loss: 1.5544, lr: 8.19e-04
     Epoch[7] Iteration[20/320], entropy: 0.2366, loss: 1.5337, lr: 9.65e-04
     Epoch[7] Iteration[30/320], entropy: 0.1369, loss: 1.4038, lr: 4.69e-04
     Epoch[7] Iteration[40/320], entropy: 0.2616, loss: 1.5055, lr: 1.57e-05
     Epoch[7] Iteration[50/320], entropy: 0.2066, loss: 1.4672, lr: 2.32e-04
     Epoch[7] Iteration[60/320], entropy: 0.2629, loss: 1.4759, lr: 8.19e-04
     Epoch[7] Iteration[70/320], entropy: 0.0861, loss: 1.3351, lr: 9.65e-04
     Epoch[7] Iteration[80/320], entropy: 0.1777, loss: 1.4609, lr: 4.69e-04
     Epoch[7] Iteration[90/320], entropy: 0.1696, loss: 1.3365, lr: 1.57e-05
     Epoch[7] Iteration[100/320], entropy: 0.2820, loss: 1.5793, lr: 2.32e-04
     Epoch[7] Iteration[110/320], entropy: 0.4002, loss: 1.7136, lr: 8.19e-04
     Epoch[7] Iteration[120/320], entropy: 0.2821, loss: 1.5416, lr: 9.65e-04
     Epoch[7] Iteration[130/320], entropy: 0.1352, loss: 1.4387, lr: 4.69e-04
     Epoch[7] Iteration[140/320], entropy: 0.1694, loss: 1.5035, lr: 1.57e-05
     Epoch[7] Iteration[150/320], entropy: 0.0656, loss: 1.3957, lr: 2.32e-04
     Epoch[7] Iteration[160/320], entropy: 0.2210, loss: 1.4792, lr: 8.19e-04
     Epoch[7] Iteration[170/320], entropy: 0.2209, loss: 1.5384, lr: 9.65e-04
     Epoch[7] Iteration[180/320], entropy: 0.1441, loss: 1.3861, lr: 4.69e-04
     Epoch[7] Iteration[190/320], entropy: 0.3197, loss: 1.6110, lr: 1.57e-05
     Epoch[7] Iteration[200/320], entropy: 0.0956, loss: 1.4023, lr: 2.32e-04
     Epoch[7] Iteration[210/320], entropy: 0.0981, loss: 1.3806, lr: 8.19e-04
     Epoch[7] Iteration[220/320], entropy: 0.1190, loss: 1.4076, lr: 9.65e-04
     Epoch[7] Iteration[230/320], entropy: 0.1791, loss: 1.5112, lr: 4.69e-04
     Epoch[7] Iteration[240/320], entropy: 0.3025, loss: 1.6038, lr: 1.57e-05
     Epoch[7] Iteration[250/320], entropy: 0.3054, loss: 1.5064, lr: 2.32e-04
     Epoch[7] Iteration[260/320], entropy: 0.1656, loss: 1.4619, lr: 8.19e-04
     Epoch[7] Iteration[270/320], entropy: 0.1663, loss: 1.3552, lr: 9.65e-04
     Epoch[7] Iteration[280/320], entropy: 0.2176, loss: 1.5807, lr: 4.69e-04
     Epoch[7] Iteration[290/320], entropy: 0.1936, loss: 1.4686, lr: 1.57e-05
     Epoch[7] Iteration[300/320], entropy: 0.1280, loss: 1.4533, lr: 2.32e-04
     Epoch[7] Iteration[310/320], entropy: 0.2912, loss: 1.6971, lr: 8.19e-04
     Epoch[7] Iteration[320/320], entropy: 0.1424, loss: 1.3967, lr: 9.65e-04
     Averaged stats: entropy: 0.1424, loss: 1.3967, lr: 9.65e-04
     itm tta time 0:00:44
### TTA Eval Score: 
+-------+--------+--------+--------+--------+-------+
| epoch |   R1   |   R5   |  R10   |  mAP   |  mINP |
+-------+--------+--------+--------+--------+-------+
|  -999 | 60.631 | 77.519 | 83.268 | 35.542 | 6.004 |
|   0   | 61.512 | 77.343 | 83.132 | 36.064 | 6.093 |
|   1   | 61.956 | 77.529 | 83.167 | 36.091 | 5.974 |
|   2   | 61.996 | 77.575 | 83.192 | 36.106 | 5.919 |
|   3   | 61.825 | 77.585 | 83.253 | 36.065 | 6.015 |
|   4   | 61.790 | 77.464 | 83.142 | 35.989 | 6.068 |
|   5   | 61.996 | 77.469 | 83.187 | 36.126 | 5.899 |
|   6   | 61.709 | 77.469 | 83.197 | 35.952 | 6.075 |
|   7   | 61.991 | 77.514 | 83.157 | 35.970 | 5.896 |
+-------+--------+--------+--------+--------+-------+
     logs:  {'epo': 7, 'R1': np.float32(61.991), 'R5': np.float32(77.514), 'R10': np.float32(83.157), 'mAP': np.float32(35.97), 'mINP': np.float32(5.896), 'entropy': 0.20074232760816813, 'loss': 1.4839241951704025, 'lr': 0.0005244875074318256}
     Epoch[8] Iteration[10/320], entropy: 0.2084, loss: 1.5731, lr: 4.69e-04
     Epoch[8] Iteration[20/320], entropy: 0.1918, loss: 1.5067, lr: 1.57e-05
     Epoch[8] Iteration[30/320], entropy: 0.1863, loss: 1.4829, lr: 2.32e-04
     Epoch[8] Iteration[40/320], entropy: 0.2021, loss: 1.5459, lr: 8.19e-04
     Epoch[8] Iteration[50/320], entropy: 0.1993, loss: 1.5419, lr: 9.65e-04
     Epoch[8] Iteration[60/320], entropy: 0.3097, loss: 1.6632, lr: 4.69e-04
     Epoch[8] Iteration[70/320], entropy: 0.1391, loss: 1.5218, lr: 1.57e-05
     Epoch[8] Iteration[80/320], entropy: 0.2886, loss: 1.5948, lr: 2.32e-04
     Epoch[8] Iteration[90/320], entropy: 0.2342, loss: 1.5537, lr: 8.19e-04
     Epoch[8] Iteration[100/320], entropy: 0.1293, loss: 1.5131, lr: 9.65e-04
     Epoch[8] Iteration[110/320], entropy: 0.1760, loss: 1.5010, lr: 4.69e-04
     Epoch[8] Iteration[120/320], entropy: 0.2488, loss: 1.5545, lr: 1.57e-05
     Epoch[8] Iteration[130/320], entropy: 0.3805, loss: 1.6053, lr: 2.32e-04
     Epoch[8] Iteration[140/320], entropy: 0.2117, loss: 1.5200, lr: 8.19e-04
     Epoch[8] Iteration[150/320], entropy: 0.2782, loss: 1.6672, lr: 9.65e-04
     Epoch[8] Iteration[160/320], entropy: 0.0902, loss: 1.3222, lr: 4.69e-04
     Epoch[8] Iteration[170/320], entropy: 0.2178, loss: 1.4521, lr: 1.57e-05
     Epoch[8] Iteration[180/320], entropy: 0.2845, loss: 1.6507, lr: 2.32e-04
     Epoch[8] Iteration[190/320], entropy: 0.1648, loss: 1.4301, lr: 8.19e-04
     Epoch[8] Iteration[200/320], entropy: 0.1113, loss: 1.4380, lr: 9.65e-04
     Epoch[8] Iteration[210/320], entropy: 0.2525, loss: 1.5398, lr: 4.69e-04
     Epoch[8] Iteration[220/320], entropy: 0.2618, loss: 1.6374, lr: 1.57e-05
     Epoch[8] Iteration[230/320], entropy: 0.2836, loss: 1.6587, lr: 2.32e-04
     Epoch[8] Iteration[240/320], entropy: 0.2171, loss: 1.5166, lr: 8.19e-04
     Epoch[8] Iteration[250/320], entropy: 0.1283, loss: 1.4004, lr: 9.65e-04
     Epoch[8] Iteration[260/320], entropy: 0.2767, loss: 1.5848, lr: 4.69e-04
     Epoch[8] Iteration[270/320], entropy: 0.0881, loss: 1.4214, lr: 1.57e-05
     Epoch[8] Iteration[280/320], entropy: 0.2194, loss: 1.4713, lr: 2.32e-04
     Epoch[8] Iteration[290/320], entropy: 0.1314, loss: 1.3914, lr: 8.19e-04
     Epoch[8] Iteration[300/320], entropy: 0.1165, loss: 1.3635, lr: 9.65e-04
     Epoch[8] Iteration[310/320], entropy: 0.2044, loss: 1.5534, lr: 4.69e-04
     Epoch[8] Iteration[320/320], entropy: 0.2917, loss: 1.5729, lr: 1.57e-05
     Averaged stats: entropy: 0.2917, loss: 1.5729, lr: 1.57e-05
     itm tta time 0:00:45
### TTA Eval Score: 
+-------+--------+--------+--------+--------+-------+
| epoch |   R1   |   R5   |  R10   |  mAP   |  mINP |
+-------+--------+--------+--------+--------+-------+
|  -999 | 60.631 | 77.519 | 83.268 | 35.542 | 6.004 |
|   0   | 61.512 | 77.343 | 83.132 | 36.064 | 6.093 |
|   1   | 61.956 | 77.529 | 83.167 | 36.091 | 5.974 |
|   2   | 61.996 | 77.575 | 83.192 | 36.106 | 5.919 |
|   3   | 61.825 | 77.585 | 83.253 | 36.065 | 6.015 |
|   4   | 61.790 | 77.464 | 83.142 | 35.989 | 6.068 |
|   5   | 61.996 | 77.469 | 83.187 | 36.126 | 5.899 |
|   6   | 61.709 | 77.469 | 83.197 | 35.952 | 6.075 |
|   7   | 61.991 | 77.514 | 83.157 | 35.970 | 5.896 |
|   8   | 61.885 | 77.373 | 83.091 | 36.065 | 6.051 |
+-------+--------+--------+--------+--------+-------+
     logs:  {'epo': 8, 'R1': np.float32(61.885), 'R5': np.float32(77.373), 'R10': np.float32(83.092), 'mAP': np.float32(36.065), 'mINP': np.float32(6.051), 'entropy': 0.2101350666489452, 'loss': 1.5234324261546135, 'lr': 0.0004838847862397186}
     Epoch[9] Iteration[10/320], entropy: 0.1853, loss: 1.4799, lr: 2.32e-04
     Epoch[9] Iteration[20/320], entropy: 0.1393, loss: 1.4861, lr: 8.19e-04
     Epoch[9] Iteration[30/320], entropy: 0.1187, loss: 1.4027, lr: 9.65e-04
     Epoch[9] Iteration[40/320], entropy: 0.1765, loss: 1.5238, lr: 4.69e-04
     Epoch[9] Iteration[50/320], entropy: 0.2086, loss: 1.5497, lr: 1.57e-05
     Epoch[9] Iteration[60/320], entropy: 0.1999, loss: 1.5675, lr: 2.32e-04
     Epoch[9] Iteration[70/320], entropy: 0.2581, loss: 1.5383, lr: 8.19e-04
     Epoch[9] Iteration[80/320], entropy: 0.1519, loss: 1.5957, lr: 9.65e-04
     Epoch[9] Iteration[90/320], entropy: 0.2594, loss: 1.5457, lr: 4.69e-04
     Epoch[9] Iteration[100/320], entropy: 0.1984, loss: 1.5056, lr: 1.57e-05
     Epoch[9] Iteration[110/320], entropy: 0.1975, loss: 1.4775, lr: 2.32e-04
     Epoch[9] Iteration[120/320], entropy: 0.3776, loss: 1.7004, lr: 8.19e-04
     Epoch[9] Iteration[130/320], entropy: 0.2004, loss: 1.4993, lr: 9.65e-04
     Epoch[9] Iteration[140/320], entropy: 0.1111, loss: 1.4112, lr: 4.69e-04
     Epoch[9] Iteration[150/320], entropy: 0.0766, loss: 1.3613, lr: 1.57e-05
     Epoch[9] Iteration[160/320], entropy: 0.1437, loss: 1.4506, lr: 2.32e-04
     Epoch[9] Iteration[170/320], entropy: 0.2544, loss: 1.5646, lr: 8.19e-04
     Epoch[9] Iteration[180/320], entropy: 0.0738, loss: 1.3579, lr: 9.65e-04
     Epoch[9] Iteration[190/320], entropy: 0.1574, loss: 1.4678, lr: 4.69e-04
     Epoch[9] Iteration[200/320], entropy: 0.1381, loss: 1.3394, lr: 1.57e-05
     Epoch[9] Iteration[210/320], entropy: 0.2668, loss: 1.5201, lr: 2.32e-04
     Epoch[9] Iteration[220/320], entropy: 0.1861, loss: 1.4039, lr: 8.19e-04
     Epoch[9] Iteration[230/320], entropy: 0.2566, loss: 1.5277, lr: 9.65e-04
     Epoch[9] Iteration[240/320], entropy: 0.2266, loss: 1.5465, lr: 4.69e-04
     Epoch[9] Iteration[250/320], entropy: 0.1480, loss: 1.3862, lr: 1.57e-05
     Epoch[9] Iteration[260/320], entropy: 0.1821, loss: 1.4912, lr: 2.32e-04
     Epoch[9] Iteration[270/320], entropy: 0.2166, loss: 1.5187, lr: 8.19e-04
     Epoch[9] Iteration[280/320], entropy: 0.2759, loss: 1.5267, lr: 9.65e-04
     Epoch[9] Iteration[290/320], entropy: 0.1379, loss: 1.3802, lr: 4.69e-04
     Epoch[9] Iteration[300/320], entropy: 0.2067, loss: 1.4852, lr: 1.57e-05
     Epoch[9] Iteration[310/320], entropy: 0.1396, loss: 1.4646, lr: 2.32e-04
     Epoch[9] Iteration[320/320], entropy: 0.2872, loss: 1.6489, lr: 8.19e-04
     Averaged stats: entropy: 0.2872, loss: 1.6489, lr: 8.19e-04
     itm tta time 0:00:56
### TTA Eval Score: 
+-------+--------+--------+--------+--------+-------+
| epoch |   R1   |   R5   |  R10   |  mAP   |  mINP |
+-------+--------+--------+--------+--------+-------+
|  -999 | 60.631 | 77.519 | 83.268 | 35.542 | 6.004 |
|   0   | 61.512 | 77.343 | 83.132 | 36.064 | 6.093 |
|   1   | 61.956 | 77.529 | 83.167 | 36.091 | 5.974 |
|   2   | 61.996 | 77.575 | 83.192 | 36.106 | 5.919 |
|   3   | 61.825 | 77.585 | 83.253 | 36.065 | 6.015 |
|   4   | 61.790 | 77.464 | 83.142 | 35.989 | 6.068 |
|   5   | 61.996 | 77.469 | 83.187 | 36.126 | 5.899 |
|   6   | 61.709 | 77.469 | 83.197 | 35.952 | 6.075 |
|   7   | 61.991 | 77.514 | 83.157 | 35.970 | 5.896 |
|   8   | 61.885 | 77.373 | 83.091 | 36.065 | 6.051 |
|   9   | 61.805 | 77.514 | 83.107 | 35.974 | 5.958 |
+-------+--------+--------+--------+--------+-------+
     logs:  {'epo': 9, 'R1': np.float32(61.805), 'R5': np.float32(77.514), 'R10': np.float32(83.107), 'mAP': np.float32(35.974), 'mINP': np.float32(5.958), 'entropy': 0.1923971939831972, 'loss': 1.4914076067507267, 'lr': 0.0005015874561682742}
     Epoch[10] Iteration[10/320], entropy: 0.2234, loss: 1.4988, lr: 9.65e-04
     Epoch[10] Iteration[20/320], entropy: 0.1015, loss: 1.3157, lr: 4.69e-04
     Epoch[10] Iteration[30/320], entropy: 0.2320, loss: 1.5348, lr: 1.57e-05
     Epoch[10] Iteration[40/320], entropy: 0.1892, loss: 1.4840, lr: 2.32e-04
     Epoch[10] Iteration[50/320], entropy: 0.3019, loss: 1.5966, lr: 8.19e-04
     Epoch[10] Iteration[60/320], entropy: 0.3009, loss: 1.5984, lr: 9.65e-04
     Epoch[10] Iteration[70/320], entropy: 0.1392, loss: 1.4547, lr: 4.69e-04
     Epoch[10] Iteration[80/320], entropy: 0.1789, loss: 1.4839, lr: 1.57e-05
     Epoch[10] Iteration[90/320], entropy: 0.1833, loss: 1.4976, lr: 2.32e-04
     Epoch[10] Iteration[100/320], entropy: 0.2826, loss: 1.4865, lr: 8.19e-04
     Epoch[10] Iteration[110/320], entropy: 0.2422, loss: 1.5881, lr: 9.65e-04
     Epoch[10] Iteration[120/320], entropy: 0.1184, loss: 1.4843, lr: 4.69e-04
     Epoch[10] Iteration[130/320], entropy: 0.1815, loss: 1.5018, lr: 1.57e-05
     Epoch[10] Iteration[140/320], entropy: 0.1869, loss: 1.4391, lr: 2.32e-04
     Epoch[10] Iteration[150/320], entropy: 0.1013, loss: 1.2709, lr: 8.19e-04
     Epoch[10] Iteration[160/320], entropy: 0.1679, loss: 1.4383, lr: 9.65e-04
     Epoch[10] Iteration[170/320], entropy: 0.1586, loss: 1.4831, lr: 4.69e-04
     Epoch[10] Iteration[180/320], entropy: 0.3616, loss: 1.7338, lr: 1.57e-05
     Epoch[10] Iteration[190/320], entropy: 0.2170, loss: 1.5664, lr: 2.32e-04
     Epoch[10] Iteration[200/320], entropy: 0.2955, loss: 1.6421, lr: 8.19e-04
     Epoch[10] Iteration[210/320], entropy: 0.0926, loss: 1.3913, lr: 9.65e-04
     Epoch[10] Iteration[220/320], entropy: 0.2307, loss: 1.5867, lr: 4.69e-04
     Epoch[10] Iteration[230/320], entropy: 0.2522, loss: 1.5227, lr: 1.57e-05
     Epoch[10] Iteration[240/320], entropy: 0.1208, loss: 1.4081, lr: 2.32e-04
     Epoch[10] Iteration[250/320], entropy: 0.0736, loss: 1.3185, lr: 8.19e-04
     Epoch[10] Iteration[260/320], entropy: 0.2165, loss: 1.5139, lr: 9.65e-04
     Epoch[10] Iteration[270/320], entropy: 0.3221, loss: 1.6460, lr: 4.69e-04
     Epoch[10] Iteration[280/320], entropy: 0.1183, loss: 1.4651, lr: 1.57e-05
     Epoch[10] Iteration[290/320], entropy: 0.1382, loss: 1.5239, lr: 2.32e-04
     Epoch[10] Iteration[300/320], entropy: 0.1959, loss: 1.5351, lr: 8.19e-04
     Epoch[10] Iteration[310/320], entropy: 0.1914, loss: 1.4370, lr: 9.65e-04
     Epoch[10] Iteration[320/320], entropy: 0.1668, loss: 1.3894, lr: 4.69e-04
     Averaged stats: entropy: 0.1668, loss: 1.3894, lr: 4.69e-04
     itm tta time 0:00:54
### TTA Eval Score: 
+-------+--------+--------+--------+--------+-------+
| epoch |   R1   |   R5   |  R10   |  mAP   |  mINP |
+-------+--------+--------+--------+--------+-------+
|  -999 | 60.631 | 77.519 | 83.268 | 35.542 | 6.004 |
|   0   | 61.512 | 77.343 | 83.132 | 36.064 | 6.093 |
|   1   | 61.956 | 77.529 | 83.167 | 36.091 | 5.974 |
|   2   | 61.996 | 77.575 | 83.192 | 36.106 | 5.919 |
|   3   | 61.825 | 77.585 | 83.253 | 36.065 | 6.015 |
|   4   | 61.790 | 77.464 | 83.142 | 35.989 | 6.068 |
|   5   | 61.996 | 77.469 | 83.187 | 36.126 | 5.899 |
|   6   | 61.709 | 77.469 | 83.197 | 35.952 | 6.075 |
|   7   | 61.991 | 77.514 | 83.157 | 35.970 | 5.896 |
|   8   | 61.885 | 77.373 | 83.091 | 36.065 | 6.051 |
|   9   | 61.805 | 77.514 | 83.107 | 35.974 | 5.958 |
|   10  | 62.001 | 77.323 | 83.097 | 35.956 | 5.953 |
+-------+--------+--------+--------+--------+-------+
     logs:  {'epo': 10, 'R1': np.float32(62.001), 'R5': np.float32(77.323), 'R10': np.float32(83.097), 'mAP': np.float32(35.956), 'mINP': np.float32(5.953), 'entropy': 0.19634877680800855, 'loss': 1.494897287338972, 'lr': 0.0005135466557243541}
     Epoch[11] Iteration[10/320], entropy: 0.3072, loss: 1.5585, lr: 1.57e-05
     Epoch[11] Iteration[20/320], entropy: 0.1552, loss: 1.4622, lr: 2.32e-04
     Epoch[11] Iteration[30/320], entropy: 0.1376, loss: 1.4090, lr: 8.19e-04
     Epoch[11] Iteration[40/320], entropy: 0.1058, loss: 1.3837, lr: 9.65e-04
     Epoch[11] Iteration[50/320], entropy: 0.2170, loss: 1.4495, lr: 4.69e-04
     Epoch[11] Iteration[60/320], entropy: 0.1589, loss: 1.4803, lr: 1.57e-05
     Epoch[11] Iteration[70/320], entropy: 0.2604, loss: 1.6066, lr: 2.32e-04
     Epoch[11] Iteration[80/320], entropy: 0.1447, loss: 1.4556, lr: 8.19e-04
     Epoch[11] Iteration[90/320], entropy: 0.1110, loss: 1.5112, lr: 9.65e-04
     Epoch[11] Iteration[100/320], entropy: 0.1533, loss: 1.3711, lr: 4.69e-04
     Epoch[11] Iteration[110/320], entropy: 0.2329, loss: 1.5492, lr: 1.57e-05
     Epoch[11] Iteration[120/320], entropy: 0.1451, loss: 1.4867, lr: 2.32e-04
     Epoch[11] Iteration[130/320], entropy: 0.2899, loss: 1.6397, lr: 8.19e-04
     Epoch[11] Iteration[140/320], entropy: 0.1502, loss: 1.3953, lr: 9.65e-04
     Epoch[11] Iteration[150/320], entropy: 0.1520, loss: 1.4758, lr: 4.69e-04
     Epoch[11] Iteration[160/320], entropy: 0.3849, loss: 1.6719, lr: 1.57e-05
     Epoch[11] Iteration[170/320], entropy: 0.2175, loss: 1.4633, lr: 2.32e-04
     Epoch[11] Iteration[180/320], entropy: 0.1971, loss: 1.4370, lr: 8.19e-04
     Epoch[11] Iteration[190/320], entropy: 0.0836, loss: 1.3677, lr: 9.65e-04
     Epoch[11] Iteration[200/320], entropy: 0.2042, loss: 1.5714, lr: 4.69e-04
     Epoch[11] Iteration[210/320], entropy: 0.0954, loss: 1.2836, lr: 1.57e-05
     Epoch[11] Iteration[220/320], entropy: 0.0861, loss: 1.3723, lr: 2.32e-04
     Epoch[11] Iteration[230/320], entropy: 0.1932, loss: 1.5242, lr: 8.19e-04
     Epoch[11] Iteration[240/320], entropy: 0.2218, loss: 1.5165, lr: 9.65e-04
     Epoch[11] Iteration[250/320], entropy: 0.2409, loss: 1.5484, lr: 4.69e-04
     Epoch[11] Iteration[260/320], entropy: 0.2909, loss: 1.5929, lr: 1.57e-05
     Epoch[11] Iteration[270/320], entropy: 0.1609, loss: 1.3854, lr: 2.32e-04
     Epoch[11] Iteration[280/320], entropy: 0.1749, loss: 1.5381, lr: 8.19e-04
     Epoch[11] Iteration[290/320], entropy: 0.1285, loss: 1.3346, lr: 9.65e-04
     Epoch[11] Iteration[300/320], entropy: 0.3077, loss: 1.6319, lr: 4.69e-04
     Epoch[11] Iteration[310/320], entropy: 0.2613, loss: 1.5966, lr: 1.57e-05
     Epoch[11] Iteration[320/320], entropy: 0.1482, loss: 1.4589, lr: 2.32e-04
     Averaged stats: entropy: 0.1482, loss: 1.4589, lr: 2.32e-04
     itm tta time 0:00:55
### TTA Eval Score: 
+-------+--------+--------+--------+--------+-------+
| epoch |   R1   |   R5   |  R10   |  mAP   |  mINP |
+-------+--------+--------+--------+--------+-------+
|  -999 | 60.631 | 77.519 | 83.268 | 35.542 | 6.004 |
|   0   | 61.512 | 77.343 | 83.132 | 36.064 | 6.093 |
|   1   | 61.956 | 77.529 | 83.167 | 36.091 | 5.974 |
|   2   | 61.996 | 77.575 | 83.192 | 36.106 | 5.919 |
|   3   | 61.825 | 77.585 | 83.253 | 36.065 | 6.015 |
|   4   | 61.790 | 77.464 | 83.142 | 35.989 | 6.068 |
|   5   | 61.996 | 77.469 | 83.187 | 36.126 | 5.899 |
|   6   | 61.709 | 77.469 | 83.197 | 35.952 | 6.075 |
|   7   | 61.991 | 77.514 | 83.157 | 35.970 | 5.896 |
|   8   | 61.885 | 77.373 | 83.091 | 36.065 | 6.051 |
|   9   | 61.805 | 77.514 | 83.107 | 35.974 | 5.958 |
|   10  | 62.001 | 77.323 | 83.097 | 35.956 | 5.953 |
|   11  | 61.800 | 77.398 | 83.102 | 36.049 | 5.991 |
+-------+--------+--------+--------+--------+-------+
     logs:  {'epo': 11, 'R1': np.float32(61.8), 'R5': np.float32(77.398), 'R10': np.float32(83.102), 'mAP': np.float32(36.049), 'mINP': np.float32(5.991), 'entropy': 0.1911985131446272, 'loss': 1.485282227396965, 'lr': 0.0004764935944358131}
     Epoch[12] Iteration[10/320], entropy: 0.1780, loss: 1.4707, lr: 8.19e-04
     Epoch[12] Iteration[20/320], entropy: 0.0918, loss: 1.3654, lr: 9.65e-04
     Epoch[12] Iteration[30/320], entropy: 0.2167, loss: 1.6312, lr: 4.69e-04
     Epoch[12] Iteration[40/320], entropy: 0.2501, loss: 1.5183, lr: 1.57e-05
     Epoch[12] Iteration[50/320], entropy: 0.1768, loss: 1.4857, lr: 2.32e-04
     Epoch[12] Iteration[60/320], entropy: 0.1715, loss: 1.4822, lr: 8.19e-04
     Epoch[12] Iteration[70/320], entropy: 0.0914, loss: 1.3968, lr: 9.65e-04
     Epoch[12] Iteration[80/320], entropy: 0.1217, loss: 1.4162, lr: 4.69e-04
     Epoch[12] Iteration[90/320], entropy: 0.3275, loss: 1.6370, lr: 1.57e-05
     Epoch[12] Iteration[100/320], entropy: 0.1042, loss: 1.3803, lr: 2.32e-04
     Epoch[12] Iteration[110/320], entropy: 0.2771, loss: 1.6592, lr: 8.19e-04
     Epoch[12] Iteration[120/320], entropy: 0.2110, loss: 1.5393, lr: 9.65e-04
     Epoch[12] Iteration[130/320], entropy: 0.1493, loss: 1.4180, lr: 4.69e-04
     Epoch[12] Iteration[140/320], entropy: 0.1087, loss: 1.4546, lr: 1.57e-05
     Epoch[12] Iteration[150/320], entropy: 0.1299, loss: 1.4810, lr: 2.32e-04
     Epoch[12] Iteration[160/320], entropy: 0.2890, loss: 1.6489, lr: 8.19e-04
     Epoch[12] Iteration[170/320], entropy: 0.1656, loss: 1.4989, lr: 9.84e-04
     Epoch[12] Iteration[180/320], entropy: 0.2197, loss: 1.5281, lr: 5.31e-04
     Epoch[12] Iteration[190/320], entropy: 0.1694, loss: 1.3646, lr: 3.51e-05
     Epoch[12] Iteration[200/320], entropy: 0.1518, loss: 1.4004, lr: 1.81e-04
     Epoch[12] Iteration[210/320], entropy: 0.1887, loss: 1.4257, lr: 7.68e-04
     Epoch[12] Iteration[220/320], entropy: 0.0825, loss: 1.3423, lr: 9.84e-04
     Epoch[12] Iteration[230/320], entropy: 0.1516, loss: 1.4518, lr: 5.31e-04
     Epoch[12] Iteration[240/320], entropy: 0.1477, loss: 1.4672, lr: 3.51e-05
     Epoch[12] Iteration[250/320], entropy: 0.1278, loss: 1.3981, lr: 1.81e-04
     Epoch[12] Iteration[260/320], entropy: 0.2471, loss: 1.5755, lr: 7.68e-04
     Epoch[12] Iteration[270/320], entropy: 0.2718, loss: 1.5134, lr: 9.84e-04
     Epoch[12] Iteration[280/320], entropy: 0.0994, loss: 1.4833, lr: 5.31e-04
     Epoch[12] Iteration[290/320], entropy: 0.0927, loss: 1.4023, lr: 3.51e-05
     Epoch[12] Iteration[300/320], entropy: 0.2397, loss: 1.4895, lr: 1.81e-04
     Epoch[12] Iteration[310/320], entropy: 0.2950, loss: 1.6457, lr: 7.68e-04
     Epoch[12] Iteration[320/320], entropy: 0.1612, loss: 1.4178, lr: 9.84e-04
     Averaged stats: entropy: 0.1612, loss: 1.4178, lr: 9.84e-04
     itm tta time 0:00:53
### TTA Eval Score: 
+-------+--------+--------+--------+--------+-------+
| epoch |   R1   |   R5   |  R10   |  mAP   |  mINP |
+-------+--------+--------+--------+--------+-------+
|  -999 | 60.631 | 77.519 | 83.268 | 35.542 | 6.004 |
|   0   | 61.512 | 77.343 | 83.132 | 36.064 | 6.093 |
|   1   | 61.956 | 77.529 | 83.167 | 36.091 | 5.974 |
|   2   | 61.996 | 77.575 | 83.192 | 36.106 | 5.919 |
|   3   | 61.825 | 77.585 | 83.253 | 36.065 | 6.015 |
|   4   | 61.790 | 77.464 | 83.142 | 35.989 | 6.068 |
|   5   | 61.996 | 77.469 | 83.187 | 36.126 | 5.899 |
|   6   | 61.709 | 77.469 | 83.197 | 35.952 | 6.075 |
|   7   | 61.991 | 77.514 | 83.157 | 35.970 | 5.896 |
|   8   | 61.885 | 77.373 | 83.091 | 36.065 | 6.051 |
|   9   | 61.805 | 77.514 | 83.107 | 35.974 | 5.958 |
|   10  | 62.001 | 77.323 | 83.097 | 35.956 | 5.953 |
|   11  | 61.800 | 77.398 | 83.102 | 36.049 | 5.991 |
|   12  | 62.042 | 77.343 | 83.117 | 35.953 | 5.855 |
+-------+--------+--------+--------+--------+-------+
     logs:  {'epo': 12, 'R1': np.float32(62.042), 'R5': np.float32(77.343), 'R10': np.float32(83.117), 'mAP': np.float32(35.953), 'mINP': np.float32(5.855), 'entropy': 0.17833225964568555, 'loss': 1.4809204824268818, 'lr': 0.0005250938617324588}
     Epoch[13] Iteration[10/320], entropy: 0.1724, loss: 1.4230, lr: 5.31e-04
     Epoch[13] Iteration[20/320], entropy: 0.2257, loss: 1.4988, lr: 3.51e-05
     Epoch[13] Iteration[30/320], entropy: 0.2528, loss: 1.6189, lr: 1.81e-04
     Epoch[13] Iteration[40/320], entropy: 0.2090, loss: 1.5300, lr: 7.68e-04
     Epoch[13] Iteration[50/320], entropy: 0.1648, loss: 1.4409, lr: 9.84e-04
     Epoch[13] Iteration[60/320], entropy: 0.1311, loss: 1.4017, lr: 5.31e-04
     Epoch[13] Iteration[70/320], entropy: 0.1760, loss: 1.5148, lr: 3.51e-05
     Epoch[13] Iteration[80/320], entropy: 0.2619, loss: 1.5859, lr: 1.81e-04
     Epoch[13] Iteration[90/320], entropy: 0.2269, loss: 1.5951, lr: 7.68e-04
     Epoch[13] Iteration[100/320], entropy: 0.2526, loss: 1.5803, lr: 9.84e-04
     Epoch[13] Iteration[110/320], entropy: 0.0958, loss: 1.3798, lr: 5.31e-04
     Epoch[13] Iteration[120/320], entropy: 0.1791, loss: 1.5012, lr: 3.51e-05
     Epoch[13] Iteration[130/320], entropy: 0.2404, loss: 1.5703, lr: 1.81e-04
     Epoch[13] Iteration[140/320], entropy: 0.1385, loss: 1.4490, lr: 7.68e-04
     Epoch[13] Iteration[150/320], entropy: 0.0592, loss: 1.3435, lr: 9.84e-04
     Epoch[13] Iteration[160/320], entropy: 0.3322, loss: 1.7691, lr: 5.31e-04
     Epoch[13] Iteration[170/320], entropy: 0.1779, loss: 1.4926, lr: 3.51e-05
     Epoch[13] Iteration[180/320], entropy: 0.2331, loss: 1.4805, lr: 1.81e-04
     Epoch[13] Iteration[190/320], entropy: 0.1126, loss: 1.3512, lr: 7.68e-04
     Epoch[13] Iteration[200/320], entropy: 0.1059, loss: 1.3877, lr: 9.84e-04
     Epoch[13] Iteration[210/320], entropy: 0.1856, loss: 1.4010, lr: 5.31e-04
     Epoch[13] Iteration[220/320], entropy: 0.1685, loss: 1.4876, lr: 3.51e-05
     Epoch[13] Iteration[230/320], entropy: 0.1998, loss: 1.4936, lr: 1.81e-04
     Epoch[13] Iteration[240/320], entropy: 0.0839, loss: 1.4220, lr: 7.68e-04
     Epoch[13] Iteration[250/320], entropy: 0.1964, loss: 1.4707, lr: 9.84e-04
     Epoch[13] Iteration[260/320], entropy: 0.1703, loss: 1.4380, lr: 5.31e-04
     Epoch[13] Iteration[270/320], entropy: 0.1801, loss: 1.4774, lr: 3.51e-05
     Epoch[13] Iteration[280/320], entropy: 0.2181, loss: 1.5312, lr: 1.81e-04
     Epoch[13] Iteration[290/320], entropy: 0.2324, loss: 1.4849, lr: 7.68e-04
     Epoch[13] Iteration[300/320], entropy: 0.1168, loss: 1.4398, lr: 9.84e-04
     Epoch[13] Iteration[310/320], entropy: 0.2077, loss: 1.5329, lr: 5.31e-04
     Epoch[13] Iteration[320/320], entropy: 0.2160, loss: 1.5217, lr: 3.51e-05
     Averaged stats: entropy: 0.2160, loss: 1.5217, lr: 3.51e-05
     itm tta time 0:00:54
### TTA Eval Score: 
+-------+--------+--------+--------+--------+-------+
| epoch |   R1   |   R5   |  R10   |  mAP   |  mINP |
+-------+--------+--------+--------+--------+-------+
|  -999 | 60.631 | 77.519 | 83.268 | 35.542 | 6.004 |
|   0   | 61.512 | 77.343 | 83.132 | 36.064 | 6.093 |
|   1   | 61.956 | 77.529 | 83.167 | 36.091 | 5.974 |
|   2   | 61.996 | 77.575 | 83.192 | 36.106 | 5.919 |
|   3   | 61.825 | 77.585 | 83.253 | 36.065 | 6.015 |
|   4   | 61.790 | 77.464 | 83.142 | 35.989 | 6.068 |
|   5   | 61.996 | 77.469 | 83.187 | 36.126 | 5.899 |
|   6   | 61.709 | 77.469 | 83.197 | 35.952 | 6.075 |
|   7   | 61.991 | 77.514 | 83.157 | 35.970 | 5.896 |
|   8   | 61.885 | 77.373 | 83.091 | 36.065 | 6.051 |
|   9   | 61.805 | 77.514 | 83.107 | 35.974 | 5.958 |
|   10  | 62.001 | 77.323 | 83.097 | 35.956 | 5.953 |
|   11  | 61.800 | 77.398 | 83.102 | 36.049 | 5.991 |
|   12  | 62.042 | 77.343 | 83.117 | 35.953 | 5.855 |
|   13  | 61.815 | 77.524 | 83.097 | 35.851 | 5.871 |
+-------+--------+--------+--------+--------+-------+
     logs:  {'epo': 13, 'R1': np.float32(61.815), 'R5': np.float32(77.524), 'R10': np.float32(83.097), 'mAP': np.float32(35.851), 'mINP': np.float32(5.871), 'entropy': 0.18511276529170573, 'loss': 1.4879798032343388, 'lr': 0.00048645334427564616}
     Epoch[14] Iteration[10/320], entropy: 0.1068, loss: 1.3590, lr: 1.81e-04
     Epoch[14] Iteration[20/320], entropy: 0.1091, loss: 1.4501, lr: 7.68e-04
     Epoch[14] Iteration[30/320], entropy: 0.2576, loss: 1.6179, lr: 9.84e-04
     Epoch[14] Iteration[40/320], entropy: 0.1383, loss: 1.4450, lr: 5.31e-04
     Epoch[14] Iteration[50/320], entropy: 0.1621, loss: 1.4231, lr: 3.51e-05
     Epoch[14] Iteration[60/320], entropy: 0.2446, loss: 1.4904, lr: 1.81e-04
     Epoch[14] Iteration[70/320], entropy: 0.1981, loss: 1.4992, lr: 7.68e-04
     Epoch[14] Iteration[80/320], entropy: 0.2052, loss: 1.4561, lr: 9.84e-04
     Epoch[14] Iteration[90/320], entropy: 0.1217, loss: 1.4512, lr: 5.31e-04
     Epoch[14] Iteration[100/320], entropy: 0.1814, loss: 1.4695, lr: 3.51e-05
     Epoch[14] Iteration[110/320], entropy: 0.1298, loss: 1.4300, lr: 1.81e-04
     Epoch[14] Iteration[120/320], entropy: 0.3136, loss: 1.5455, lr: 7.68e-04
     Epoch[14] Iteration[130/320], entropy: 0.2290, loss: 1.5810, lr: 9.84e-04
     Epoch[14] Iteration[140/320], entropy: 0.2150, loss: 1.5563, lr: 5.31e-04
     Epoch[14] Iteration[150/320], entropy: 0.0769, loss: 1.3857, lr: 3.51e-05
     Epoch[14] Iteration[160/320], entropy: 0.0861, loss: 1.4697, lr: 1.81e-04
     Epoch[14] Iteration[170/320], entropy: 0.2094, loss: 1.5564, lr: 7.68e-04
     Epoch[14] Iteration[180/320], entropy: 0.0887, loss: 1.3043, lr: 9.84e-04
     Epoch[14] Iteration[190/320], entropy: 0.1987, loss: 1.4920, lr: 5.31e-04
     Epoch[14] Iteration[200/320], entropy: 0.1991, loss: 1.5877, lr: 3.51e-05
     Epoch[14] Iteration[210/320], entropy: 0.2056, loss: 1.5296, lr: 1.81e-04
     Epoch[14] Iteration[220/320], entropy: 0.2366, loss: 1.5704, lr: 7.68e-04
     Epoch[14] Iteration[230/320], entropy: 0.2799, loss: 1.5287, lr: 9.84e-04
     Epoch[14] Iteration[240/320], entropy: 0.0847, loss: 1.3562, lr: 5.31e-04
     Epoch[14] Iteration[250/320], entropy: 0.2141, loss: 1.5351, lr: 3.51e-05
     Epoch[14] Iteration[260/320], entropy: 0.1629, loss: 1.5746, lr: 1.81e-04
     Epoch[14] Iteration[270/320], entropy: 0.3248, loss: 1.6582, lr: 7.68e-04
     Epoch[14] Iteration[280/320], entropy: 0.1254, loss: 1.3963, lr: 9.84e-04
     Epoch[14] Iteration[290/320], entropy: 0.1281, loss: 1.4503, lr: 5.31e-04
     Epoch[14] Iteration[300/320], entropy: 0.2824, loss: 1.5674, lr: 3.51e-05
     Epoch[14] Iteration[310/320], entropy: 0.1968, loss: 1.5082, lr: 1.81e-04
     Epoch[14] Iteration[320/320], entropy: 0.1239, loss: 1.3758, lr: 7.68e-04
     Averaged stats: entropy: 0.1239, loss: 1.3758, lr: 7.68e-04
     itm tta time 0:00:52
### TTA Eval Score: 
+-------+--------+--------+--------+--------+-------+
| epoch |   R1   |   R5   |  R10   |  mAP   |  mINP |
+-------+--------+--------+--------+--------+-------+
|  -999 | 60.631 | 77.519 | 83.268 | 35.542 | 6.004 |
|   0   | 61.512 | 77.343 | 83.132 | 36.064 | 6.093 |
|   1   | 61.956 | 77.529 | 83.167 | 36.091 | 5.974 |
|   2   | 61.996 | 77.575 | 83.192 | 36.106 | 5.919 |
|   3   | 61.825 | 77.585 | 83.253 | 36.065 | 6.015 |
|   4   | 61.790 | 77.464 | 83.142 | 35.989 | 6.068 |
|   5   | 61.996 | 77.469 | 83.187 | 36.126 | 5.899 |
|   6   | 61.709 | 77.469 | 83.197 | 35.952 | 6.075 |
|   7   | 61.991 | 77.514 | 83.157 | 35.970 | 5.896 |
|   8   | 61.885 | 77.373 | 83.091 | 36.065 | 6.051 |
|   9   | 61.805 | 77.514 | 83.107 | 35.974 | 5.958 |
|   10  | 62.001 | 77.323 | 83.097 | 35.956 | 5.953 |
|   11  | 61.800 | 77.398 | 83.102 | 36.049 | 5.991 |
|   12  | 62.042 | 77.343 | 83.117 | 35.953 | 5.855 |
|   13  | 61.815 | 77.524 | 83.097 | 35.851 | 5.871 |
|   14  | 61.825 | 77.287 | 82.981 | 35.788 | 5.842 |
+-------+--------+--------+--------+--------+-------+
     logs:  {'epo': 14, 'R1': np.float32(61.825), 'R5': np.float32(77.287), 'R10': np.float32(82.981), 'mAP': np.float32(35.788), 'mINP': np.float32(5.842), 'entropy': 0.18237939942628145, 'loss': 1.4881512261927128, 'lr': 0.0004984125438317287}
     Epoch[15] Iteration[10/320], entropy: 0.1014, loss: 1.3387, lr: 9.84e-04
     Epoch[15] Iteration[20/320], entropy: 0.2561, loss: 1.5368, lr: 5.31e-04
     Epoch[15] Iteration[30/320], entropy: 0.2483, loss: 1.5659, lr: 3.51e-05
     Epoch[15] Iteration[40/320], entropy: 0.1698, loss: 1.4331, lr: 1.81e-04
     Epoch[15] Iteration[50/320], entropy: 0.1824, loss: 1.5356, lr: 7.68e-04
     Epoch[15] Iteration[60/320], entropy: 0.2648, loss: 1.5517, lr: 9.84e-04
     Epoch[15] Iteration[70/320], entropy: 0.2292, loss: 1.5768, lr: 5.31e-04
     Epoch[15] Iteration[80/320], entropy: 0.1447, loss: 1.4741, lr: 3.51e-05
     Epoch[15] Iteration[90/320], entropy: 0.1032, loss: 1.4032, lr: 1.81e-04
     Epoch[15] Iteration[100/320], entropy: 0.1909, loss: 1.4714, lr: 7.68e-04
     Epoch[15] Iteration[110/320], entropy: 0.1338, loss: 1.5173, lr: 9.84e-04
     Epoch[15] Iteration[120/320], entropy: 0.3096, loss: 1.6167, lr: 5.31e-04
     Epoch[15] Iteration[130/320], entropy: 0.2218, loss: 1.5493, lr: 3.51e-05
     Epoch[15] Iteration[140/320], entropy: 0.2003, loss: 1.4090, lr: 1.81e-04
     Epoch[15] Iteration[150/320], entropy: 0.1387, loss: 1.3446, lr: 7.68e-04
     Epoch[15] Iteration[160/320], entropy: 0.1510, loss: 1.4113, lr: 9.84e-04
     Epoch[15] Iteration[170/320], entropy: 0.1401, loss: 1.4550, lr: 5.31e-04
     Epoch[15] Iteration[180/320], entropy: 0.1292, loss: 1.4571, lr: 3.51e-05
     Epoch[15] Iteration[190/320], entropy: 0.2225, loss: 1.4763, lr: 1.81e-04
     Epoch[15] Iteration[200/320], entropy: 0.1396, loss: 1.4353, lr: 7.68e-04
     Epoch[15] Iteration[210/320], entropy: 0.2136, loss: 1.4662, lr: 9.84e-04
     Epoch[15] Iteration[220/320], entropy: 0.2601, loss: 1.5895, lr: 5.31e-04
     Epoch[15] Iteration[230/320], entropy: 0.1634, loss: 1.5215, lr: 3.51e-05
     Epoch[15] Iteration[240/320], entropy: 0.0989, loss: 1.2783, lr: 1.81e-04
     Epoch[15] Iteration[250/320], entropy: 0.0990, loss: 1.3875, lr: 7.68e-04
     Epoch[15] Iteration[260/320], entropy: 0.3243, loss: 1.6293, lr: 9.84e-04
     Epoch[15] Iteration[270/320], entropy: 0.1037, loss: 1.3628, lr: 5.31e-04
     Epoch[15] Iteration[280/320], entropy: 0.2369, loss: 1.5017, lr: 3.51e-05
     Epoch[15] Iteration[290/320], entropy: 0.2721, loss: 1.5147, lr: 1.81e-04
     Epoch[15] Iteration[300/320], entropy: 0.2232, loss: 1.5380, lr: 7.68e-04
     Epoch[15] Iteration[310/320], entropy: 0.0739, loss: 1.3991, lr: 9.84e-04
     Epoch[15] Iteration[320/320], entropy: 0.2284, loss: 1.5715, lr: 5.31e-04
     Averaged stats: entropy: 0.2284, loss: 1.5715, lr: 5.31e-04
     itm tta time 0:00:55
### TTA Eval Score: 
+-------+--------+--------+--------+--------+-------+
| epoch |   R1   |   R5   |  R10   |  mAP   |  mINP |
+-------+--------+--------+--------+--------+-------+
|  -999 | 60.631 | 77.519 | 83.268 | 35.542 | 6.004 |
|   0   | 61.512 | 77.343 | 83.132 | 36.064 | 6.093 |
|   1   | 61.956 | 77.529 | 83.167 | 36.091 | 5.974 |
|   2   | 61.996 | 77.575 | 83.192 | 36.106 | 5.919 |
|   3   | 61.825 | 77.585 | 83.253 | 36.065 | 6.015 |
|   4   | 61.790 | 77.464 | 83.142 | 35.989 | 6.068 |
|   5   | 61.996 | 77.469 | 83.187 | 36.126 | 5.899 |
|   6   | 61.709 | 77.469 | 83.197 | 35.952 | 6.075 |
|   7   | 61.991 | 77.514 | 83.157 | 35.970 | 5.896 |
|   8   | 61.885 | 77.373 | 83.091 | 36.065 | 6.051 |
|   9   | 61.805 | 77.514 | 83.107 | 35.974 | 5.958 |
|   10  | 62.001 | 77.323 | 83.097 | 35.956 | 5.953 |
|   11  | 61.800 | 77.398 | 83.102 | 36.049 | 5.991 |
|   12  | 62.042 | 77.343 | 83.117 | 35.953 | 5.855 |
|   13  | 61.815 | 77.524 | 83.097 | 35.851 | 5.871 |
|   14  | 61.825 | 77.287 | 82.981 | 35.788 | 5.842 |
|   15  | 61.875 | 77.328 | 83.157 | 35.902 | 5.919 |
+-------+--------+--------+--------+--------+-------+
     logs:  {'epo': 15, 'R1': np.float32(61.875), 'R5': np.float32(77.328), 'R10': np.float32(83.157), 'mAP': np.float32(35.902), 'mINP': np.float32(5.919), 'entropy': 0.18671295209787786, 'loss': 1.478725854307413, 'lr': 0.0005161152137602862}
     Epoch[16] Iteration[10/320], entropy: 0.0898, loss: 1.4181, lr: 3.51e-05
     Epoch[16] Iteration[20/320], entropy: 0.1978, loss: 1.5218, lr: 1.81e-04
     Epoch[16] Iteration[30/320], entropy: 0.0824, loss: 1.2880, lr: 7.68e-04
     Epoch[16] Iteration[40/320], entropy: 0.1148, loss: 1.4672, lr: 9.84e-04
     Epoch[16] Iteration[50/320], entropy: 0.0946, loss: 1.3358, lr: 5.31e-04
     Epoch[16] Iteration[60/320], entropy: 0.0758, loss: 1.4011, lr: 3.51e-05
     Epoch[16] Iteration[70/320], entropy: 0.1375, loss: 1.4268, lr: 1.81e-04
     Epoch[16] Iteration[80/320], entropy: 0.2001, loss: 1.5729, lr: 7.68e-04
     Epoch[16] Iteration[90/320], entropy: 0.2565, loss: 1.5541, lr: 9.84e-04
     Epoch[16] Iteration[100/320], entropy: 0.1625, loss: 1.5571, lr: 5.31e-04
     Epoch[16] Iteration[110/320], entropy: 0.1891, loss: 1.4751, lr: 3.51e-05
     Epoch[16] Iteration[120/320], entropy: 0.1557, loss: 1.4763, lr: 1.81e-04
     Epoch[16] Iteration[130/320], entropy: 0.0730, loss: 1.3585, lr: 7.68e-04
     Epoch[16] Iteration[140/320], entropy: 0.1282, loss: 1.4770, lr: 9.84e-04
     Epoch[16] Iteration[150/320], entropy: 0.1871, loss: 1.4400, lr: 5.31e-04
     Epoch[16] Iteration[160/320], entropy: 0.1296, loss: 1.3660, lr: 3.51e-05
     Epoch[16] Iteration[170/320], entropy: 0.1643, loss: 1.4303, lr: 1.81e-04
     Epoch[16] Iteration[180/320], entropy: 0.1777, loss: 1.4273, lr: 7.68e-04
     Epoch[16] Iteration[190/320], entropy: 0.1882, loss: 1.5223, lr: 9.84e-04
     Epoch[16] Iteration[200/320], entropy: 0.1077, loss: 1.3954, lr: 5.31e-04
     Epoch[16] Iteration[210/320], entropy: 0.2032, loss: 1.4836, lr: 3.51e-05
     Epoch[16] Iteration[220/320], entropy: 0.0960, loss: 1.4164, lr: 1.81e-04
     Epoch[16] Iteration[230/320], entropy: 0.2037, loss: 1.5894, lr: 7.68e-04
     Epoch[16] Iteration[240/320], entropy: 0.1217, loss: 1.3909, lr: 9.84e-04
     Epoch[16] Iteration[250/320], entropy: 0.1205, loss: 1.4810, lr: 5.31e-04
     Epoch[16] Iteration[260/320], entropy: 0.1684, loss: 1.5159, lr: 3.51e-05
     Epoch[16] Iteration[270/320], entropy: 0.1693, loss: 1.4672, lr: 1.81e-04
     Epoch[16] Iteration[280/320], entropy: 0.1869, loss: 1.4820, lr: 7.68e-04
     Epoch[16] Iteration[290/320], entropy: 0.2168, loss: 1.4803, lr: 9.84e-04
     Epoch[16] Iteration[300/320], entropy: 0.1752, loss: 1.4813, lr: 5.31e-04
     Epoch[16] Iteration[310/320], entropy: 0.1390, loss: 1.3845, lr: 3.51e-05
     Epoch[16] Iteration[320/320], entropy: 0.1787, loss: 1.4896, lr: 1.81e-04
     Averaged stats: entropy: 0.1787, loss: 1.4896, lr: 1.81e-04
     itm tta time 0:00:51
### TTA Eval Score: 
+-------+--------+--------+--------+--------+-------+
| epoch |   R1   |   R5   |  R10   |  mAP   |  mINP |
+-------+--------+--------+--------+--------+-------+
|  -999 | 60.631 | 77.519 | 83.268 | 35.542 | 6.004 |
|   0   | 61.512 | 77.343 | 83.132 | 36.064 | 6.093 |
|   1   | 61.956 | 77.529 | 83.167 | 36.091 | 5.974 |
|   2   | 61.996 | 77.575 | 83.192 | 36.106 | 5.919 |
|   3   | 61.825 | 77.585 | 83.253 | 36.065 | 6.015 |
|   4   | 61.790 | 77.464 | 83.142 | 35.989 | 6.068 |
|   5   | 61.996 | 77.469 | 83.187 | 36.126 | 5.899 |
|   6   | 61.709 | 77.469 | 83.197 | 35.952 | 6.075 |
|   7   | 61.991 | 77.514 | 83.157 | 35.970 | 5.896 |
|   8   | 61.885 | 77.373 | 83.091 | 36.065 | 6.051 |
|   9   | 61.805 | 77.514 | 83.107 | 35.974 | 5.958 |
|   10  | 62.001 | 77.323 | 83.097 | 35.956 | 5.953 |
|   11  | 61.800 | 77.398 | 83.102 | 36.049 | 5.991 |
|   12  | 62.042 | 77.343 | 83.117 | 35.953 | 5.855 |
|   13  | 61.815 | 77.524 | 83.097 | 35.851 | 5.871 |
|   14  | 61.825 | 77.287 | 82.981 | 35.788 | 5.842 |
|   15  | 61.875 | 77.328 | 83.157 | 35.902 | 5.919 |
|   16  | 61.719 | 77.302 | 83.001 | 35.755 | 5.851 |
+-------+--------+--------+--------+--------+-------+
     logs:  {'epo': 16, 'R1': np.float32(61.719), 'R5': np.float32(77.302), 'R10': np.float32(83.001), 'mAP': np.float32(35.755), 'mINP': np.float32(5.851), 'entropy': 0.15287667862139642, 'loss': 1.4554079622030258, 'lr': 0.00047551249256817693}
     Epoch[17] Iteration[10/320], entropy: 0.0884, loss: 1.3761, lr: 7.68e-04
     Epoch[17] Iteration[20/320], entropy: 0.1443, loss: 1.3648, lr: 9.84e-04
     Epoch[17] Iteration[30/320], entropy: 0.1094, loss: 1.3879, lr: 5.31e-04
     Epoch[17] Iteration[40/320], entropy: 0.2584, loss: 1.5339, lr: 3.51e-05
     Epoch[17] Iteration[50/320], entropy: 0.2250, loss: 1.5825, lr: 1.81e-04
     Epoch[17] Iteration[60/320], entropy: 0.1608, loss: 1.4649, lr: 7.68e-04
     Epoch[17] Iteration[70/320], entropy: 0.1334, loss: 1.4414, lr: 9.84e-04
     Epoch[17] Iteration[80/320], entropy: 0.2161, loss: 1.5272, lr: 5.31e-04
     Epoch[17] Iteration[90/320], entropy: 0.2527, loss: 1.5829, lr: 3.51e-05
     Epoch[17] Iteration[100/320], entropy: 0.1713, loss: 1.4836, lr: 1.81e-04
     Epoch[17] Iteration[110/320], entropy: 0.1522, loss: 1.4885, lr: 7.68e-04
     Epoch[17] Iteration[120/320], entropy: 0.2054, loss: 1.4896, lr: 9.84e-04
     Epoch[17] Iteration[130/320], entropy: 0.1125, loss: 1.3829, lr: 5.31e-04
     Epoch[17] Iteration[140/320], entropy: 0.3210, loss: 1.5800, lr: 3.51e-05
     Epoch[17] Iteration[150/320], entropy: 0.2566, loss: 1.5791, lr: 1.81e-04
     Epoch[17] Iteration[160/320], entropy: 0.0914, loss: 1.4030, lr: 7.68e-04
     Epoch[17] Iteration[170/320], entropy: 0.2052, loss: 1.5768, lr: 9.84e-04
     Epoch[17] Iteration[180/320], entropy: 0.0940, loss: 1.4921, lr: 5.31e-04
     Epoch[17] Iteration[190/320], entropy: 0.1136, loss: 1.3918, lr: 3.51e-05
     Epoch[17] Iteration[200/320], entropy: 0.2580, loss: 1.5930, lr: 1.81e-04
     Epoch[17] Iteration[210/320], entropy: 0.2090, loss: 1.5313, lr: 7.68e-04
     Epoch[17] Iteration[220/320], entropy: 0.1780, loss: 1.4504, lr: 9.84e-04
     Epoch[17] Iteration[230/320], entropy: 0.3270, loss: 1.6411, lr: 5.31e-04
     Epoch[17] Iteration[240/320], entropy: 0.1950, loss: 1.5012, lr: 3.51e-05
     Epoch[17] Iteration[250/320], entropy: 0.2008, loss: 1.5968, lr: 1.81e-04
     Epoch[17] Iteration[260/320], entropy: 0.0990, loss: 1.3709, lr: 7.68e-04
     Epoch[17] Iteration[270/320], entropy: 0.1368, loss: 1.4658, lr: 9.84e-04
     Epoch[17] Iteration[280/320], entropy: 0.1982, loss: 1.5575, lr: 5.31e-04
     Epoch[17] Iteration[290/320], entropy: 0.2969, loss: 1.6596, lr: 3.51e-05
     Epoch[17] Iteration[300/320], entropy: 0.1079, loss: 1.3503, lr: 1.81e-04
     Epoch[17] Iteration[310/320], entropy: 0.2418, loss: 1.5627, lr: 7.68e-04
     Epoch[17] Iteration[320/320], entropy: 0.2450, loss: 1.5431, lr: 9.84e-04
     Averaged stats: entropy: 0.2450, loss: 1.5431, lr: 9.84e-04
     itm tta time 0:00:47
### TTA Eval Score: 
+-------+--------+--------+--------+--------+-------+
| epoch |   R1   |   R5   |  R10   |  mAP   |  mINP |
+-------+--------+--------+--------+--------+-------+
|  -999 | 60.631 | 77.519 | 83.268 | 35.542 | 6.004 |
|   0   | 61.512 | 77.343 | 83.132 | 36.064 | 6.093 |
|   1   | 61.956 | 77.529 | 83.167 | 36.091 | 5.974 |
|   2   | 61.996 | 77.575 | 83.192 | 36.106 | 5.919 |
|   3   | 61.825 | 77.585 | 83.253 | 36.065 | 6.015 |
|   4   | 61.790 | 77.464 | 83.142 | 35.989 | 6.068 |
|   5   | 61.996 | 77.469 | 83.187 | 36.126 | 5.899 |
|   6   | 61.709 | 77.469 | 83.197 | 35.952 | 6.075 |
|   7   | 61.991 | 77.514 | 83.157 | 35.970 | 5.896 |
|   8   | 61.885 | 77.373 | 83.091 | 36.065 | 6.051 |
|   9   | 61.805 | 77.514 | 83.107 | 35.974 | 5.958 |
|   10  | 62.001 | 77.323 | 83.097 | 35.956 | 5.953 |
|   11  | 61.800 | 77.398 | 83.102 | 36.049 | 5.991 |
|   12  | 62.042 | 77.343 | 83.117 | 35.953 | 5.855 |
|   13  | 61.815 | 77.524 | 83.097 | 35.851 | 5.871 |
|   14  | 61.825 | 77.287 | 82.981 | 35.788 | 5.842 |
|   15  | 61.875 | 77.328 | 83.157 | 35.902 | 5.919 |
|   16  | 61.719 | 77.302 | 83.001 | 35.755 | 5.851 |
|   17  | 61.739 | 77.287 | 83.056 | 35.794 | 5.880 |
+-------+--------+--------+--------+--------+-------+
     logs:  {'epo': 17, 'R1': np.float32(61.739), 'R5': np.float32(77.287), 'R10': np.float32(83.056), 'mAP': np.float32(35.794), 'mINP': np.float32(5.88), 'entropy': 0.18766454607248306, 'loss': 1.4985365755856037, 'lr': 0.0005235064055641869}
     Epoch[18] Iteration[10/320], entropy: 0.2559, loss: 1.4966, lr: 5.31e-04
     Epoch[18] Iteration[20/320], entropy: 0.2841, loss: 1.6150, lr: 3.51e-05
     Epoch[18] Iteration[30/320], entropy: 0.1947, loss: 1.4956, lr: 1.81e-04
     Epoch[18] Iteration[40/320], entropy: 0.2330, loss: 1.6251, lr: 7.68e-04
     Epoch[18] Iteration[50/320], entropy: 0.1600, loss: 1.4209, lr: 9.84e-04
     Epoch[18] Iteration[60/320], entropy: 0.1166, loss: 1.4452, lr: 5.31e-04
     Epoch[18] Iteration[70/320], entropy: 0.1670, loss: 1.4249, lr: 3.51e-05
     Epoch[18] Iteration[80/320], entropy: 0.1765, loss: 1.4550, lr: 1.81e-04
     Epoch[18] Iteration[90/320], entropy: 0.1898, loss: 1.5387, lr: 7.68e-04
     Epoch[18] Iteration[100/320], entropy: 0.2055, loss: 1.5597, lr: 9.84e-04
     Epoch[18] Iteration[110/320], entropy: 0.1983, loss: 1.4480, lr: 5.31e-04
     Epoch[18] Iteration[120/320], entropy: 0.1213, loss: 1.3712, lr: 3.51e-05
     Epoch[18] Iteration[130/320], entropy: 0.1056, loss: 1.4255, lr: 1.81e-04
     Epoch[18] Iteration[140/320], entropy: 0.1400, loss: 1.4308, lr: 7.68e-04
     Epoch[18] Iteration[150/320], entropy: 0.1932, loss: 1.5940, lr: 9.84e-04
     Epoch[18] Iteration[160/320], entropy: 0.1466, loss: 1.4575, lr: 5.31e-04
     Epoch[18] Iteration[170/320], entropy: 0.1799, loss: 1.4014, lr: 3.51e-05
     Epoch[18] Iteration[180/320], entropy: 0.1403, loss: 1.4283, lr: 1.81e-04
     Epoch[18] Iteration[190/320], entropy: 0.0986, loss: 1.4090, lr: 7.68e-04
     Epoch[18] Iteration[200/320], entropy: 0.1455, loss: 1.4831, lr: 9.84e-04
     Epoch[18] Iteration[210/320], entropy: 0.2091, loss: 1.5559, lr: 5.31e-04
     Epoch[18] Iteration[220/320], entropy: 0.3721, loss: 1.7132, lr: 3.51e-05
     Epoch[18] Iteration[230/320], entropy: 0.1266, loss: 1.4521, lr: 1.81e-04
     Epoch[18] Iteration[240/320], entropy: 0.1388, loss: 1.2944, lr: 7.68e-04
     Epoch[18] Iteration[250/320], entropy: 0.3212, loss: 1.6734, lr: 9.96e-04
     Epoch[18] Iteration[260/320], entropy: 0.2237, loss: 1.4817, lr: 5.94e-04
     Epoch[18] Iteration[270/320], entropy: 0.1376, loss: 1.3541, lr: 6.18e-05
     Epoch[18] Iteration[280/320], entropy: 0.2012, loss: 1.5251, lr: 1.36e-04
     Epoch[18] Iteration[290/320], entropy: 0.1019, loss: 1.3070, lr: 7.13e-04
     Epoch[18] Iteration[300/320], entropy: 0.3438, loss: 1.6065, lr: 9.96e-04
     Epoch[18] Iteration[310/320], entropy: 0.1933, loss: 1.4796, lr: 5.94e-04
     Epoch[18] Iteration[320/320], entropy: 0.3171, loss: 1.5763, lr: 6.18e-05
     Averaged stats: entropy: 0.3171, loss: 1.5763, lr: 6.18e-05
     itm tta time 0:00:46
### TTA Eval Score: 
+-------+--------+--------+--------+--------+-------+
| epoch |   R1   |   R5   |  R10   |  mAP   |  mINP |
+-------+--------+--------+--------+--------+-------+
|  -999 | 60.631 | 77.519 | 83.268 | 35.542 | 6.004 |
|   0   | 61.512 | 77.343 | 83.132 | 36.064 | 6.093 |
|   1   | 61.956 | 77.529 | 83.167 | 36.091 | 5.974 |
|   2   | 61.996 | 77.575 | 83.192 | 36.106 | 5.919 |
|   3   | 61.825 | 77.585 | 83.253 | 36.065 | 6.015 |
|   4   | 61.790 | 77.464 | 83.142 | 35.989 | 6.068 |
|   5   | 61.996 | 77.469 | 83.187 | 36.126 | 5.899 |
|   6   | 61.709 | 77.469 | 83.197 | 35.952 | 6.075 |
|   7   | 61.991 | 77.514 | 83.157 | 35.970 | 5.896 |
|   8   | 61.885 | 77.373 | 83.091 | 36.065 | 6.051 |
|   9   | 61.805 | 77.514 | 83.107 | 35.974 | 5.958 |
|   10  | 62.001 | 77.323 | 83.097 | 35.956 | 5.953 |
|   11  | 61.800 | 77.398 | 83.102 | 36.049 | 5.991 |
|   12  | 62.042 | 77.343 | 83.117 | 35.953 | 5.855 |
|   13  | 61.815 | 77.524 | 83.097 | 35.851 | 5.871 |
|   14  | 61.825 | 77.287 | 82.981 | 35.788 | 5.842 |
|   15  | 61.875 | 77.328 | 83.157 | 35.902 | 5.919 |
|   16  | 61.719 | 77.302 | 83.001 | 35.755 | 5.851 |
|   17  | 61.739 | 77.287 | 83.056 | 35.794 | 5.880 |
|   18  | 61.825 | 77.373 | 83.102 | 35.713 | 5.754 |
+-------+--------+--------+--------+--------+-------+
     logs:  {'epo': 18, 'R1': np.float32(61.825), 'R5': np.float32(77.373), 'R10': np.float32(83.102), 'mAP': np.float32(35.713), 'mINP': np.float32(5.754), 'entropy': 0.1918308192398399, 'loss': 1.485783439129591, 'lr': 0.0004896032214801248}
     Epoch[19] Iteration[10/320], entropy: 0.1912, loss: 1.5638, lr: 1.36e-04
     Epoch[19] Iteration[20/320], entropy: 0.1515, loss: 1.3882, lr: 7.13e-04
     Epoch[19] Iteration[30/320], entropy: 0.1375, loss: 1.5144, lr: 9.96e-04
     Epoch[19] Iteration[40/320], entropy: 0.1083, loss: 1.4502, lr: 5.94e-04
     Epoch[19] Iteration[50/320], entropy: 0.1326, loss: 1.3666, lr: 6.18e-05
     Epoch[19] Iteration[60/320], entropy: 0.1661, loss: 1.4026, lr: 1.36e-04
     Epoch[19] Iteration[70/320], entropy: 0.2066, loss: 1.5323, lr: 7.13e-04
     Epoch[19] Iteration[80/320], entropy: 0.1109, loss: 1.4441, lr: 9.96e-04
     Epoch[19] Iteration[90/320], entropy: 0.2362, loss: 1.5577, lr: 5.94e-04
     Epoch[19] Iteration[100/320], entropy: 0.1206, loss: 1.4715, lr: 6.18e-05
     Epoch[19] Iteration[110/320], entropy: 0.1483, loss: 1.4736, lr: 1.36e-04
     Epoch[19] Iteration[120/320], entropy: 0.2211, loss: 1.4785, lr: 7.13e-04
     Epoch[19] Iteration[130/320], entropy: 0.1918, loss: 1.5113, lr: 9.96e-04
     Epoch[19] Iteration[140/320], entropy: 0.2264, loss: 1.5445, lr: 5.94e-04
     Epoch[19] Iteration[150/320], entropy: 0.0953, loss: 1.3428, lr: 6.18e-05
     Epoch[19] Iteration[160/320], entropy: 0.0967, loss: 1.4011, lr: 1.36e-04
     Epoch[19] Iteration[170/320], entropy: 0.1512, loss: 1.5067, lr: 7.13e-04
     Epoch[19] Iteration[180/320], entropy: 0.1139, loss: 1.4840, lr: 9.96e-04
     Epoch[19] Iteration[190/320], entropy: 0.1620, loss: 1.4914, lr: 5.94e-04
     Epoch[19] Iteration[200/320], entropy: 0.0890, loss: 1.3923, lr: 6.18e-05
     Epoch[19] Iteration[210/320], entropy: 0.1945, loss: 1.5171, lr: 1.36e-04
     Epoch[19] Iteration[220/320], entropy: 0.1872, loss: 1.4315, lr: 7.13e-04
     Epoch[19] Iteration[230/320], entropy: 0.1978, loss: 1.4736, lr: 9.96e-04
     Epoch[19] Iteration[240/320], entropy: 0.0704, loss: 1.3563, lr: 5.94e-04
     Epoch[19] Iteration[250/320], entropy: 0.1667, loss: 1.5695, lr: 6.18e-05
     Epoch[19] Iteration[260/320], entropy: 0.1027, loss: 1.4456, lr: 1.36e-04
     Epoch[19] Iteration[270/320], entropy: 0.1988, loss: 1.5150, lr: 7.13e-04
     Epoch[19] Iteration[280/320], entropy: 0.2460, loss: 1.6196, lr: 9.96e-04
     Epoch[19] Iteration[290/320], entropy: 0.2789, loss: 1.6368, lr: 5.94e-04
     Epoch[19] Iteration[300/320], entropy: 0.1680, loss: 1.4943, lr: 6.18e-05
     Epoch[19] Iteration[310/320], entropy: 0.1714, loss: 1.4372, lr: 1.36e-04
     Epoch[19] Iteration[320/320], entropy: 0.1191, loss: 1.4435, lr: 7.13e-04
     Averaged stats: entropy: 0.1191, loss: 1.4435, lr: 7.13e-04
     itm tta time 0:00:54
### TTA Eval Score: 
+-------+--------+--------+--------+--------+-------+
| epoch |   R1   |   R5   |  R10   |  mAP   |  mINP |
+-------+--------+--------+--------+--------+-------+
|  -999 | 60.631 | 77.519 | 83.268 | 35.542 | 6.004 |
|   0   | 61.512 | 77.343 | 83.132 | 36.064 | 6.093 |
|   1   | 61.956 | 77.529 | 83.167 | 36.091 | 5.974 |
|   2   | 61.996 | 77.575 | 83.192 | 36.106 | 5.919 |
|   3   | 61.825 | 77.585 | 83.253 | 36.065 | 6.015 |
|   4   | 61.790 | 77.464 | 83.142 | 35.989 | 6.068 |
|   5   | 61.996 | 77.469 | 83.187 | 36.126 | 5.899 |
|   6   | 61.709 | 77.469 | 83.197 | 35.952 | 6.075 |
|   7   | 61.991 | 77.514 | 83.157 | 35.970 | 5.896 |
|   8   | 61.885 | 77.373 | 83.091 | 36.065 | 6.051 |
|   9   | 61.805 | 77.514 | 83.107 | 35.974 | 5.958 |
|   10  | 62.001 | 77.323 | 83.097 | 35.956 | 5.953 |
|   11  | 61.800 | 77.398 | 83.102 | 36.049 | 5.991 |
|   12  | 62.042 | 77.343 | 83.117 | 35.953 | 5.855 |
|   13  | 61.815 | 77.524 | 83.097 | 35.851 | 5.871 |
|   14  | 61.825 | 77.287 | 82.981 | 35.788 | 5.842 |
|   15  | 61.875 | 77.328 | 83.157 | 35.902 | 5.919 |
|   16  | 61.719 | 77.302 | 83.001 | 35.755 | 5.851 |
|   17  | 61.739 | 77.287 | 83.056 | 35.794 | 5.880 |
|   18  | 61.825 | 77.373 | 83.102 | 35.713 | 5.754 |
|   19  | 61.931 | 77.363 | 83.102 | 35.776 | 5.759 |
+-------+--------+--------+--------+--------+-------+
     logs:  {'epo': 19, 'R1': np.float32(61.931), 'R5': np.float32(77.363), 'R10': np.float32(83.102), 'mAP': np.float32(35.776), 'mINP': np.float32(5.759), 'entropy': 0.16119890636764467, 'loss': 1.4768001027405262, 'lr': 0.0004952626666272439}
     Epoch[20] Iteration[10/320], entropy: 0.2074, loss: 1.5608, lr: 9.96e-04
     Epoch[20] Iteration[20/320], entropy: 0.1584, loss: 1.5017, lr: 5.94e-04
     Epoch[20] Iteration[30/320], entropy: 0.1539, loss: 1.4732, lr: 6.18e-05
     Epoch[20] Iteration[40/320], entropy: 0.1382, loss: 1.4089, lr: 1.36e-04
     Epoch[20] Iteration[50/320], entropy: 0.1062, loss: 1.3493, lr: 7.13e-04
     Epoch[20] Iteration[60/320], entropy: 0.2315, loss: 1.4953, lr: 9.96e-04
     Epoch[20] Iteration[70/320], entropy: 0.2269, loss: 1.4960, lr: 5.94e-04
     Epoch[20] Iteration[80/320], entropy: 0.2353, loss: 1.5973, lr: 6.18e-05
     Epoch[20] Iteration[90/320], entropy: 0.1945, loss: 1.4767, lr: 1.36e-04
     Epoch[20] Iteration[100/320], entropy: 0.0794, loss: 1.3226, lr: 7.13e-04
     Epoch[20] Iteration[110/320], entropy: 0.2136, loss: 1.4760, lr: 9.96e-04
     Epoch[20] Iteration[120/320], entropy: 0.2951, loss: 1.5654, lr: 5.94e-04
     Epoch[20] Iteration[130/320], entropy: 0.1315, loss: 1.4775, lr: 6.18e-05
     Epoch[20] Iteration[140/320], entropy: 0.0901, loss: 1.3939, lr: 1.36e-04
     Epoch[20] Iteration[150/320], entropy: 0.2245, loss: 1.4840, lr: 7.13e-04
     Epoch[20] Iteration[160/320], entropy: 0.2324, loss: 1.5393, lr: 9.96e-04
     Epoch[20] Iteration[170/320], entropy: 0.2196, loss: 1.5783, lr: 5.94e-04
     Epoch[20] Iteration[180/320], entropy: 0.1669, loss: 1.4476, lr: 6.18e-05
     Epoch[20] Iteration[190/320], entropy: 0.2843, loss: 1.6716, lr: 1.36e-04
     Epoch[20] Iteration[200/320], entropy: 0.2852, loss: 1.7300, lr: 7.13e-04
     Epoch[20] Iteration[210/320], entropy: 0.2282, loss: 1.5336, lr: 9.96e-04
     Epoch[20] Iteration[220/320], entropy: 0.2338, loss: 1.4927, lr: 5.94e-04
     Epoch[20] Iteration[230/320], entropy: 0.1235, loss: 1.4341, lr: 6.18e-05
     Epoch[20] Iteration[240/320], entropy: 0.1664, loss: 1.4379, lr: 1.36e-04
     Epoch[20] Iteration[250/320], entropy: 0.2795, loss: 1.5040, lr: 7.13e-04
     Epoch[20] Iteration[260/320], entropy: 0.2082, loss: 1.4841, lr: 9.96e-04
     Epoch[20] Iteration[270/320], entropy: 0.2211, loss: 1.5119, lr: 5.94e-04
     Epoch[20] Iteration[280/320], entropy: 0.1542, loss: 1.4404, lr: 6.18e-05
     Epoch[20] Iteration[290/320], entropy: 0.1553, loss: 1.4701, lr: 1.36e-04
     Epoch[20] Iteration[300/320], entropy: 0.1851, loss: 1.4542, lr: 7.13e-04
     Epoch[20] Iteration[310/320], entropy: 0.1167, loss: 1.4050, lr: 9.96e-04
     Epoch[20] Iteration[320/320], entropy: 0.3459, loss: 1.6698, lr: 5.94e-04
     Averaged stats: entropy: 0.3459, loss: 1.6698, lr: 5.94e-04
     itm tta time 0:00:55
### TTA Eval Score: 
+-------+--------+--------+--------+--------+-------+
| epoch |   R1   |   R5   |  R10   |  mAP   |  mINP |
+-------+--------+--------+--------+--------+-------+
|  -999 | 60.631 | 77.519 | 83.268 | 35.542 | 6.004 |
|   0   | 61.512 | 77.343 | 83.132 | 36.064 | 6.093 |
|   1   | 61.956 | 77.529 | 83.167 | 36.091 | 5.974 |
|   2   | 61.996 | 77.575 | 83.192 | 36.106 | 5.919 |
|   3   | 61.825 | 77.585 | 83.253 | 36.065 | 6.015 |
|   4   | 61.790 | 77.464 | 83.142 | 35.989 | 6.068 |
|   5   | 61.996 | 77.469 | 83.187 | 36.126 | 5.899 |
|   6   | 61.709 | 77.469 | 83.197 | 35.952 | 6.075 |
|   7   | 61.991 | 77.514 | 83.157 | 35.970 | 5.896 |
|   8   | 61.885 | 77.373 | 83.091 | 36.065 | 6.051 |
|   9   | 61.805 | 77.514 | 83.107 | 35.974 | 5.958 |
|   10  | 62.001 | 77.323 | 83.097 | 35.956 | 5.953 |
|   11  | 61.800 | 77.398 | 83.102 | 36.049 | 5.991 |
|   12  | 62.042 | 77.343 | 83.117 | 35.953 | 5.855 |
|   13  | 61.815 | 77.524 | 83.097 | 35.851 | 5.871 |
|   14  | 61.825 | 77.287 | 82.981 | 35.788 | 5.842 |
|   15  | 61.875 | 77.328 | 83.157 | 35.902 | 5.919 |
|   16  | 61.719 | 77.302 | 83.001 | 35.755 | 5.851 |
|   17  | 61.739 | 77.287 | 83.056 | 35.794 | 5.880 |
|   18  | 61.825 | 77.373 | 83.102 | 35.713 | 5.754 |
|   19  | 61.931 | 77.363 | 83.102 | 35.776 | 5.759 |
|   20  | 61.724 | 77.318 | 82.996 | 35.750 | 5.713 |
+-------+--------+--------+--------+--------+-------+
     logs:  {'epo': 20, 'R1': np.float32(61.724), 'R5': np.float32(77.318), 'R10': np.float32(82.996), 'mAP': np.float32(35.75), 'mINP': np.float32(5.713), 'entropy': 0.19664477929472923, 'loss': 1.4963546581566334, 'lr': 0.0005184296252484426}
     Epoch[21] Iteration[10/320], entropy: 0.1294, loss: 1.4660, lr: 6.18e-05
     Epoch[21] Iteration[20/320], entropy: 0.0896, loss: 1.4398, lr: 1.36e-04
     Epoch[21] Iteration[30/320], entropy: 0.2014, loss: 1.4921, lr: 7.13e-04
     Epoch[21] Iteration[40/320], entropy: 0.1060, loss: 1.4582, lr: 9.96e-04
     Epoch[21] Iteration[50/320], entropy: 0.0974, loss: 1.3525, lr: 5.94e-04
     Epoch[21] Iteration[60/320], entropy: 0.1781, loss: 1.4510, lr: 6.18e-05
     Epoch[21] Iteration[70/320], entropy: 0.1603, loss: 1.4050, lr: 1.36e-04
     Epoch[21] Iteration[80/320], entropy: 0.1056, loss: 1.4528, lr: 7.13e-04
     Epoch[21] Iteration[90/320], entropy: 0.1326, loss: 1.3294, lr: 9.96e-04
     Epoch[21] Iteration[100/320], entropy: 0.0841, loss: 1.4035, lr: 5.94e-04
     Epoch[21] Iteration[110/320], entropy: 0.0554, loss: 1.2800, lr: 6.18e-05
     Epoch[21] Iteration[120/320], entropy: 0.2378, loss: 1.5440, lr: 1.36e-04
     Epoch[21] Iteration[130/320], entropy: 0.1695, loss: 1.4414, lr: 7.13e-04
     Epoch[21] Iteration[140/320], entropy: 0.1881, loss: 1.4419, lr: 9.96e-04
     Epoch[21] Iteration[150/320], entropy: 0.1449, loss: 1.4319, lr: 5.94e-04
     Epoch[21] Iteration[160/320], entropy: 0.2035, loss: 1.4913, lr: 6.18e-05
     Epoch[21] Iteration[170/320], entropy: 0.0504, loss: 1.3619, lr: 1.36e-04
     Epoch[21] Iteration[180/320], entropy: 0.3489, loss: 1.7683, lr: 7.13e-04
     Epoch[21] Iteration[190/320], entropy: 0.3437, loss: 1.6517, lr: 9.96e-04
     Epoch[21] Iteration[200/320], entropy: 0.2105, loss: 1.5856, lr: 5.94e-04
     Epoch[21] Iteration[210/320], entropy: 0.1473, loss: 1.4892, lr: 6.18e-05
     Epoch[21] Iteration[220/320], entropy: 0.1126, loss: 1.3534, lr: 1.36e-04
     Epoch[21] Iteration[230/320], entropy: 0.1969, loss: 1.6171, lr: 7.13e-04
     Epoch[21] Iteration[240/320], entropy: 0.1784, loss: 1.4994, lr: 9.96e-04
     Epoch[21] Iteration[250/320], entropy: 0.1176, loss: 1.4105, lr: 5.94e-04
     Epoch[21] Iteration[260/320], entropy: 0.1540, loss: 1.3801, lr: 6.18e-05
     Epoch[21] Iteration[270/320], entropy: 0.0797, loss: 1.4903, lr: 1.36e-04
     Epoch[21] Iteration[280/320], entropy: 0.2129, loss: 1.5887, lr: 7.13e-04
     Epoch[21] Iteration[290/320], entropy: 0.1973, loss: 1.4330, lr: 9.96e-04
     Epoch[21] Iteration[300/320], entropy: 0.3080, loss: 1.6616, lr: 5.94e-04
     Epoch[21] Iteration[310/320], entropy: 0.2184, loss: 1.5392, lr: 6.18e-05
     Epoch[21] Iteration[320/320], entropy: 0.1622, loss: 1.4899, lr: 1.36e-04
     Averaged stats: entropy: 0.1622, loss: 1.4899, lr: 1.36e-04
     itm tta time 0:00:54
### TTA Eval Score: 
+-------+--------+--------+--------+--------+-------+
| epoch |   R1   |   R5   |  R10   |  mAP   |  mINP |
+-------+--------+--------+--------+--------+-------+
|  -999 | 60.631 | 77.519 | 83.268 | 35.542 | 6.004 |
|   0   | 61.512 | 77.343 | 83.132 | 36.064 | 6.093 |
|   1   | 61.956 | 77.529 | 83.167 | 36.091 | 5.974 |
|   2   | 61.996 | 77.575 | 83.192 | 36.106 | 5.919 |
|   3   | 61.825 | 77.585 | 83.253 | 36.065 | 6.015 |
|   4   | 61.790 | 77.464 | 83.142 | 35.989 | 6.068 |
|   5   | 61.996 | 77.469 | 83.187 | 36.126 | 5.899 |
|   6   | 61.709 | 77.469 | 83.197 | 35.952 | 6.075 |
|   7   | 61.991 | 77.514 | 83.157 | 35.970 | 5.896 |
|   8   | 61.885 | 77.373 | 83.091 | 36.065 | 6.051 |
|   9   | 61.805 | 77.514 | 83.107 | 35.974 | 5.958 |
|   10  | 62.001 | 77.323 | 83.097 | 35.956 | 5.953 |
|   11  | 61.800 | 77.398 | 83.102 | 36.049 | 5.991 |
|   12  | 62.042 | 77.343 | 83.117 | 35.953 | 5.855 |
|   13  | 61.815 | 77.524 | 83.097 | 35.851 | 5.871 |
|   14  | 61.825 | 77.287 | 82.981 | 35.788 | 5.842 |
|   15  | 61.875 | 77.328 | 83.157 | 35.902 | 5.919 |
|   16  | 61.719 | 77.302 | 83.001 | 35.755 | 5.851 |
|   17  | 61.739 | 77.287 | 83.056 | 35.794 | 5.880 |
|   18  | 61.825 | 77.373 | 83.102 | 35.713 | 5.754 |
|   19  | 61.931 | 77.363 | 83.102 | 35.776 | 5.759 |
|   20  | 61.724 | 77.318 | 82.996 | 35.750 | 5.713 |
|   21  | 61.543 | 77.292 | 82.955 | 35.628 | 5.927 |
+-------+--------+--------+--------+--------+-------+
     logs:  {'epo': 21, 'R1': np.float32(61.543), 'R5': np.float32(77.292), 'R10': np.float32(82.955), 'mAP': np.float32(35.628), 'mINP': np.float32(5.927), 'entropy': 0.16633200726937503, 'loss': 1.4750207252800465, 'lr': 0.0004749175733208571}
     Epoch[22] Iteration[10/320], entropy: 0.1882, loss: 1.5436, lr: 7.13e-04
     Epoch[22] Iteration[20/320], entropy: 0.0935, loss: 1.4217, lr: 9.96e-04
     Epoch[22] Iteration[30/320], entropy: 0.1168, loss: 1.4364, lr: 5.94e-04
     Epoch[22] Iteration[40/320], entropy: 0.2657, loss: 1.5312, lr: 6.18e-05
     Epoch[22] Iteration[50/320], entropy: 0.1518, loss: 1.5579, lr: 1.36e-04
     Epoch[22] Iteration[60/320], entropy: 0.2677, loss: 1.5499, lr: 7.13e-04
     Epoch[22] Iteration[70/320], entropy: 0.1256, loss: 1.3812, lr: 9.96e-04
     Epoch[22] Iteration[80/320], entropy: 0.2258, loss: 1.5034, lr: 5.94e-04
     Epoch[22] Iteration[90/320], entropy: 0.1334, loss: 1.3870, lr: 6.18e-05
     Epoch[22] Iteration[100/320], entropy: 0.2176, loss: 1.5716, lr: 1.36e-04
     Epoch[22] Iteration[110/320], entropy: 0.1614, loss: 1.4182, lr: 7.13e-04
     Epoch[22] Iteration[120/320], entropy: 0.3792, loss: 1.7544, lr: 9.96e-04
     Epoch[22] Iteration[130/320], entropy: 0.2977, loss: 1.6463, lr: 5.94e-04
     Epoch[22] Iteration[140/320], entropy: 0.0899, loss: 1.3555, lr: 6.18e-05
     Epoch[22] Iteration[150/320], entropy: 0.2866, loss: 1.5119, lr: 1.36e-04
     Epoch[22] Iteration[160/320], entropy: 0.2257, loss: 1.6482, lr: 7.13e-04
     Epoch[22] Iteration[170/320], entropy: 0.0986, loss: 1.3586, lr: 9.96e-04
     Epoch[22] Iteration[180/320], entropy: 0.2098, loss: 1.4836, lr: 5.94e-04
     Epoch[22] Iteration[190/320], entropy: 0.0945, loss: 1.4602, lr: 6.18e-05
     Epoch[22] Iteration[200/320], entropy: 0.2853, loss: 1.6079, lr: 1.36e-04
     Epoch[22] Iteration[210/320], entropy: 0.1628, loss: 1.4057, lr: 7.13e-04
     Epoch[22] Iteration[220/320], entropy: 0.1280, loss: 1.4604, lr: 9.96e-04
     Epoch[22] Iteration[230/320], entropy: 0.1624, loss: 1.4196, lr: 5.94e-04
     Epoch[22] Iteration[240/320], entropy: 0.2772, loss: 1.5858, lr: 6.18e-05
     Epoch[22] Iteration[250/320], entropy: 0.2901, loss: 1.7092, lr: 1.36e-04
     Epoch[22] Iteration[260/320], entropy: 0.1698, loss: 1.4277, lr: 7.13e-04
     Epoch[22] Iteration[270/320], entropy: 0.1026, loss: 1.3895, lr: 9.96e-04
     Epoch[22] Iteration[280/320], entropy: 0.1322, loss: 1.4690, lr: 5.94e-04
     Epoch[22] Iteration[290/320], entropy: 0.1499, loss: 1.3976, lr: 6.18e-05
     Epoch[22] Iteration[300/320], entropy: 0.1055, loss: 1.3938, lr: 1.36e-04
     Epoch[22] Iteration[310/320], entropy: 0.1480, loss: 1.4316, lr: 7.13e-04
     Epoch[22] Iteration[320/320], entropy: 0.1191, loss: 1.4576, lr: 9.96e-04
     Averaged stats: entropy: 0.1191, loss: 1.4576, lr: 9.96e-04
     itm tta time 0:00:55
### TTA Eval Score: 
+-------+--------+--------+--------+--------+-------+
| epoch |   R1   |   R5   |  R10   |  mAP   |  mINP |
+-------+--------+--------+--------+--------+-------+
|  -999 | 60.631 | 77.519 | 83.268 | 35.542 | 6.004 |
|   0   | 61.512 | 77.343 | 83.132 | 36.064 | 6.093 |
|   1   | 61.956 | 77.529 | 83.167 | 36.091 | 5.974 |
|   2   | 61.996 | 77.575 | 83.192 | 36.106 | 5.919 |
|   3   | 61.825 | 77.585 | 83.253 | 36.065 | 6.015 |
|   4   | 61.790 | 77.464 | 83.142 | 35.989 | 6.068 |
|   5   | 61.996 | 77.469 | 83.187 | 36.126 | 5.899 |
|   6   | 61.709 | 77.469 | 83.197 | 35.952 | 6.075 |
|   7   | 61.991 | 77.514 | 83.157 | 35.970 | 5.896 |
|   8   | 61.885 | 77.373 | 83.091 | 36.065 | 6.051 |
|   9   | 61.805 | 77.514 | 83.107 | 35.974 | 5.958 |
|   10  | 62.001 | 77.323 | 83.097 | 35.956 | 5.953 |
|   11  | 61.800 | 77.398 | 83.102 | 36.049 | 5.991 |
|   12  | 62.042 | 77.343 | 83.117 | 35.953 | 5.855 |
|   13  | 61.815 | 77.524 | 83.097 | 35.851 | 5.871 |
|   14  | 61.825 | 77.287 | 82.981 | 35.788 | 5.842 |
|   15  | 61.875 | 77.328 | 83.157 | 35.902 | 5.919 |
|   16  | 61.719 | 77.302 | 83.001 | 35.755 | 5.851 |
|   17  | 61.739 | 77.287 | 83.056 | 35.794 | 5.880 |
|   18  | 61.825 | 77.373 | 83.102 | 35.713 | 5.754 |
|   19  | 61.931 | 77.363 | 83.102 | 35.776 | 5.759 |
|   20  | 61.724 | 77.318 | 82.996 | 35.750 | 5.713 |
|   21  | 61.543 | 77.292 | 82.955 | 35.628 | 5.927 |
|   22  | 61.638 | 77.323 | 82.910 | 35.639 | 5.804 |
+-------+--------+--------+--------+--------+-------+
     logs:  {'epo': 22, 'R1': np.float32(61.638), 'R5': np.float32(77.323), 'R10': np.float32(82.91), 'mAP': np.float32(35.639), 'mINP': np.float32(5.804), 'entropy': 0.18319914070889354, 'loss': 1.4898797869682312, 'lr': 0.000522154593638743}
     Epoch[23] Iteration[10/320], entropy: 0.1939, loss: 1.4125, lr: 5.94e-04
     Epoch[23] Iteration[20/320], entropy: 0.0716, loss: 1.3039, lr: 6.18e-05
     Epoch[23] Iteration[30/320], entropy: 0.1447, loss: 1.3212, lr: 1.36e-04
     Epoch[23] Iteration[40/320], entropy: 0.1587, loss: 1.3983, lr: 7.13e-04
     Epoch[23] Iteration[50/320], entropy: 0.0582, loss: 1.2966, lr: 9.96e-04
     Epoch[23] Iteration[60/320], entropy: 0.0613, loss: 1.2819, lr: 5.94e-04
     Epoch[23] Iteration[70/320], entropy: 0.1978, loss: 1.5554, lr: 6.18e-05
     Epoch[23] Iteration[80/320], entropy: 0.0799, loss: 1.4138, lr: 1.36e-04
     Epoch[23] Iteration[90/320], entropy: 0.0738, loss: 1.3285, lr: 7.13e-04
     Epoch[23] Iteration[100/320], entropy: 0.0557, loss: 1.2874, lr: 9.96e-04
     Epoch[23] Iteration[110/320], entropy: 0.2039, loss: 1.5575, lr: 5.94e-04
     Epoch[23] Iteration[120/320], entropy: 0.1824, loss: 1.5535, lr: 6.18e-05
     Epoch[23] Iteration[130/320], entropy: 0.1775, loss: 1.4797, lr: 1.36e-04
     Epoch[23] Iteration[140/320], entropy: 0.1977, loss: 1.4895, lr: 7.13e-04
     Epoch[23] Iteration[150/320], entropy: 0.3158, loss: 1.6646, lr: 9.96e-04
     Epoch[23] Iteration[160/320], entropy: 0.2121, loss: 1.5507, lr: 5.94e-04
     Epoch[23] Iteration[170/320], entropy: 0.0481, loss: 1.3243, lr: 6.18e-05
     Epoch[23] Iteration[180/320], entropy: 0.1581, loss: 1.4660, lr: 1.36e-04
     Epoch[23] Iteration[190/320], entropy: 0.1802, loss: 1.3597, lr: 7.13e-04
     Epoch[23] Iteration[200/320], entropy: 0.2438, loss: 1.5836, lr: 9.96e-04
     Epoch[23] Iteration[210/320], entropy: 0.2084, loss: 1.4379, lr: 5.94e-04
     Epoch[23] Iteration[220/320], entropy: 0.1604, loss: 1.5324, lr: 6.18e-05
     Epoch[23] Iteration[230/320], entropy: 0.1066, loss: 1.4348, lr: 1.36e-04
     Epoch[23] Iteration[240/320], entropy: 0.2530, loss: 1.5504, lr: 7.13e-04
     Epoch[23] Iteration[250/320], entropy: 0.1020, loss: 1.4001, lr: 9.96e-04
     Epoch[23] Iteration[260/320], entropy: 0.1313, loss: 1.4180, lr: 5.94e-04
     Epoch[23] Iteration[270/320], entropy: 0.1601, loss: 1.5864, lr: 6.18e-05
     Epoch[23] Iteration[280/320], entropy: 0.1474, loss: 1.4789, lr: 1.36e-04
     Epoch[23] Iteration[290/320], entropy: 0.2871, loss: 1.5340, lr: 7.13e-04
     Epoch[23] Iteration[300/320], entropy: 0.1341, loss: 1.3915, lr: 9.96e-04
     Epoch[23] Iteration[310/320], entropy: 0.1854, loss: 1.5074, lr: 5.94e-04
     Epoch[23] Iteration[320/320], entropy: 0.1083, loss: 1.3604, lr: 6.18e-05
     Averaged stats: entropy: 0.1083, loss: 1.3604, lr: 6.18e-05
     itm tta time 0:00:52
### TTA Eval Score: 
+-------+--------+--------+--------+--------+-------+
| epoch |   R1   |   R5   |  R10   |  mAP   |  mINP |
+-------+--------+--------+--------+--------+-------+
|  -999 | 60.631 | 77.519 | 83.268 | 35.542 | 6.004 |
|   0   | 61.512 | 77.343 | 83.132 | 36.064 | 6.093 |
|   1   | 61.956 | 77.529 | 83.167 | 36.091 | 5.974 |
|   2   | 61.996 | 77.575 | 83.192 | 36.106 | 5.919 |
|   3   | 61.825 | 77.585 | 83.253 | 36.065 | 6.015 |
|   4   | 61.790 | 77.464 | 83.142 | 35.989 | 6.068 |
|   5   | 61.996 | 77.469 | 83.187 | 36.126 | 5.899 |
|   6   | 61.709 | 77.469 | 83.197 | 35.952 | 6.075 |
|   7   | 61.991 | 77.514 | 83.157 | 35.970 | 5.896 |
|   8   | 61.885 | 77.373 | 83.091 | 36.065 | 6.051 |
|   9   | 61.805 | 77.514 | 83.107 | 35.974 | 5.958 |
|   10  | 62.001 | 77.323 | 83.097 | 35.956 | 5.953 |
|   11  | 61.800 | 77.398 | 83.102 | 36.049 | 5.991 |
|   12  | 62.042 | 77.343 | 83.117 | 35.953 | 5.855 |
|   13  | 61.815 | 77.524 | 83.097 | 35.851 | 5.871 |
|   14  | 61.825 | 77.287 | 82.981 | 35.788 | 5.842 |
|   15  | 61.875 | 77.328 | 83.157 | 35.902 | 5.919 |
|   16  | 61.719 | 77.302 | 83.001 | 35.755 | 5.851 |
|   17  | 61.739 | 77.287 | 83.056 | 35.794 | 5.880 |
|   18  | 61.825 | 77.373 | 83.102 | 35.713 | 5.754 |
|   19  | 61.931 | 77.363 | 83.102 | 35.776 | 5.759 |
|   20  | 61.724 | 77.318 | 82.996 | 35.750 | 5.713 |
|   21  | 61.543 | 77.292 | 82.955 | 35.628 | 5.927 |
|   22  | 61.638 | 77.323 | 82.910 | 35.639 | 5.804 |
|   23  | 61.684 | 77.302 | 83.066 | 35.724 | 5.872 |
+-------+--------+--------+--------+--------+-------+
     logs:  {'epo': 23, 'R1': np.float32(61.684), 'R5': np.float32(77.302), 'R10': np.float32(83.066), 'mAP': np.float32(35.724), 'mINP': np.float32(5.872), 'entropy': 0.15623331279493868, 'loss': 1.4456466510891914, 'lr': 0.00048923554116472}
     Epoch[24] Iteration[10/320], entropy: 0.1892, loss: 1.5168, lr: 1.36e-04
     Epoch[24] Iteration[20/320], entropy: 0.1817, loss: 1.4556, lr: 7.13e-04
     Epoch[24] Iteration[30/320], entropy: 0.0992, loss: 1.3417, lr: 9.96e-04
     Epoch[24] Iteration[40/320], entropy: 0.1966, loss: 1.5295, lr: 5.94e-04
     Epoch[24] Iteration[50/320], entropy: 0.1178, loss: 1.3665, lr: 6.18e-05
     Epoch[24] Iteration[60/320], entropy: 0.1361, loss: 1.3677, lr: 1.36e-04
     Epoch[24] Iteration[70/320], entropy: 0.0628, loss: 1.3444, lr: 7.13e-04
     Epoch[24] Iteration[80/320], entropy: 0.1536, loss: 1.5123, lr: 9.96e-04
     Epoch[24] Iteration[90/320], entropy: 0.1508, loss: 1.5037, lr: 5.94e-04
     Epoch[24] Iteration[100/320], entropy: 0.1306, loss: 1.4138, lr: 6.18e-05
     Epoch[24] Iteration[110/320], entropy: 0.1989, loss: 1.4083, lr: 1.36e-04
     Epoch[24] Iteration[120/320], entropy: 0.2785, loss: 1.5027, lr: 7.13e-04
     Epoch[24] Iteration[130/320], entropy: 0.1415, loss: 1.4925, lr: 9.96e-04
     Epoch[24] Iteration[140/320], entropy: 0.1415, loss: 1.4523, lr: 5.94e-04
     Epoch[24] Iteration[150/320], entropy: 0.3139, loss: 1.6013, lr: 6.18e-05
     Epoch[24] Iteration[160/320], entropy: 0.1830, loss: 1.4589, lr: 1.36e-04
     Epoch[24] Iteration[170/320], entropy: 0.1978, loss: 1.4450, lr: 7.13e-04
     Epoch[24] Iteration[180/320], entropy: 0.1254, loss: 1.3991, lr: 9.96e-04
     Epoch[24] Iteration[190/320], entropy: 0.1807, loss: 1.4324, lr: 5.94e-04
     Epoch[24] Iteration[200/320], entropy: 0.1399, loss: 1.4477, lr: 6.18e-05
     Epoch[24] Iteration[210/320], entropy: 0.1539, loss: 1.3740, lr: 1.36e-04
     Epoch[24] Iteration[220/320], entropy: 0.2491, loss: 1.5978, lr: 7.13e-04
     Epoch[24] Iteration[230/320], entropy: 0.1289, loss: 1.4032, lr: 9.96e-04
     Epoch[24] Iteration[240/320], entropy: 0.1396, loss: 1.4042, lr: 5.94e-04
     Epoch[24] Iteration[250/320], entropy: 0.1064, loss: 1.3674, lr: 6.18e-05
     Epoch[24] Iteration[260/320], entropy: 0.2349, loss: 1.6042, lr: 1.36e-04
     Epoch[24] Iteration[270/320], entropy: 0.1168, loss: 1.3347, lr: 7.13e-04
     Epoch[24] Iteration[280/320], entropy: 0.1136, loss: 1.3083, lr: 9.96e-04
     Epoch[24] Iteration[290/320], entropy: 0.1298, loss: 1.3977, lr: 5.94e-04
     Epoch[24] Iteration[300/320], entropy: 0.2082, loss: 1.5530, lr: 6.18e-05
     Epoch[24] Iteration[310/320], entropy: 0.2789, loss: 1.5645, lr: 1.36e-04
     Epoch[24] Iteration[320/320], entropy: 0.1991, loss: 1.4513, lr: 7.13e-04
     Averaged stats: entropy: 0.1991, loss: 1.4513, lr: 7.13e-04
     itm tta time 0:00:52
### TTA Eval Score: 
+-------+--------+--------+--------+--------+-------+
| epoch |   R1   |   R5   |  R10   |  mAP   |  mINP |
+-------+--------+--------+--------+--------+-------+
|  -999 | 60.631 | 77.519 | 83.268 | 35.542 | 6.004 |
|   0   | 61.512 | 77.343 | 83.132 | 36.064 | 6.093 |
|   1   | 61.956 | 77.529 | 83.167 | 36.091 | 5.974 |
|   2   | 61.996 | 77.575 | 83.192 | 36.106 | 5.919 |
|   3   | 61.825 | 77.585 | 83.253 | 36.065 | 6.015 |
|   4   | 61.790 | 77.464 | 83.142 | 35.989 | 6.068 |
|   5   | 61.996 | 77.469 | 83.187 | 36.126 | 5.899 |
|   6   | 61.709 | 77.469 | 83.197 | 35.952 | 6.075 |
|   7   | 61.991 | 77.514 | 83.157 | 35.970 | 5.896 |
|   8   | 61.885 | 77.373 | 83.091 | 36.065 | 6.051 |
|   9   | 61.805 | 77.514 | 83.107 | 35.974 | 5.958 |
|   10  | 62.001 | 77.323 | 83.097 | 35.956 | 5.953 |
|   11  | 61.800 | 77.398 | 83.102 | 36.049 | 5.991 |
|   12  | 62.042 | 77.343 | 83.117 | 35.953 | 5.855 |
|   13  | 61.815 | 77.524 | 83.097 | 35.851 | 5.871 |
|   14  | 61.825 | 77.287 | 82.981 | 35.788 | 5.842 |
|   15  | 61.875 | 77.328 | 83.157 | 35.902 | 5.919 |
|   16  | 61.719 | 77.302 | 83.001 | 35.755 | 5.851 |
|   17  | 61.739 | 77.287 | 83.056 | 35.794 | 5.880 |
|   18  | 61.825 | 77.373 | 83.102 | 35.713 | 5.754 |
|   19  | 61.931 | 77.363 | 83.102 | 35.776 | 5.759 |
|   20  | 61.724 | 77.318 | 82.996 | 35.750 | 5.713 |
|   21  | 61.543 | 77.292 | 82.955 | 35.628 | 5.927 |
|   22  | 61.638 | 77.323 | 82.910 | 35.639 | 5.804 |
|   23  | 61.684 | 77.302 | 83.066 | 35.724 | 5.872 |
|   24  | 61.744 | 77.358 | 82.930 | 35.727 | 5.781 |
+-------+--------+--------+--------+--------+-------+
     logs:  {'epo': 24, 'R1': np.float32(61.744), 'R5': np.float32(77.358), 'R10': np.float32(82.93), 'mAP': np.float32(35.727), 'mINP': np.float32(5.781), 'entropy': 0.168090317863971, 'loss': 1.4485142640769482, 'lr': 0.000495262666627246}
     Epoch[25] Iteration[10/320], entropy: 0.2260, loss: 1.4638, lr: 1.00e-03
     Epoch[25] Iteration[20/320], entropy: 0.1622, loss: 1.4712, lr: 6.55e-04
     Epoch[25] Iteration[30/320], entropy: 0.2126, loss: 1.4826, lr: 9.55e-05
     Epoch[25] Iteration[40/320], entropy: 0.2228, loss: 1.4624, lr: 9.55e-05
     Epoch[25] Iteration[50/320], entropy: 0.1871, loss: 1.5449, lr: 6.55e-04
     Epoch[25] Iteration[60/320], entropy: 0.1280, loss: 1.3776, lr: 1.00e-03
     Epoch[25] Iteration[70/320], entropy: 0.2564, loss: 1.4969, lr: 6.55e-04
     Epoch[25] Iteration[80/320], entropy: 0.1544, loss: 1.5151, lr: 9.55e-05
     Epoch[25] Iteration[90/320], entropy: 0.1550, loss: 1.3694, lr: 9.55e-05
     Epoch[25] Iteration[100/320], entropy: 0.1644, loss: 1.4802, lr: 6.55e-04
     Epoch[25] Iteration[110/320], entropy: 0.1795, loss: 1.4194, lr: 1.00e-03
     Epoch[25] Iteration[120/320], entropy: 0.1762, loss: 1.4789, lr: 6.55e-04
     Epoch[25] Iteration[130/320], entropy: 0.2011, loss: 1.4859, lr: 9.55e-05
     Epoch[25] Iteration[140/320], entropy: 0.1121, loss: 1.4142, lr: 9.55e-05
     Epoch[25] Iteration[150/320], entropy: 0.1704, loss: 1.4756, lr: 6.55e-04
     Epoch[25] Iteration[160/320], entropy: 0.1923, loss: 1.5124, lr: 1.00e-03
     Epoch[25] Iteration[170/320], entropy: 0.2180, loss: 1.5067, lr: 6.55e-04
     Epoch[25] Iteration[180/320], entropy: 0.1502, loss: 1.5289, lr: 9.55e-05
     Epoch[25] Iteration[190/320], entropy: 0.0811, loss: 1.3633, lr: 9.55e-05
     Epoch[25] Iteration[200/320], entropy: 0.1364, loss: 1.3448, lr: 6.55e-04
     Epoch[25] Iteration[210/320], entropy: 0.1580, loss: 1.5089, lr: 1.00e-03
     Epoch[25] Iteration[220/320], entropy: 0.1303, loss: 1.3705, lr: 6.55e-04
     Epoch[25] Iteration[230/320], entropy: 0.0733, loss: 1.3817, lr: 9.55e-05
     Epoch[25] Iteration[240/320], entropy: 0.1422, loss: 1.4247, lr: 9.55e-05
     Epoch[25] Iteration[250/320], entropy: 0.1089, loss: 1.3871, lr: 6.55e-04
     Epoch[25] Iteration[260/320], entropy: 0.2182, loss: 1.4866, lr: 1.00e-03
     Epoch[25] Iteration[270/320], entropy: 0.0795, loss: 1.4228, lr: 6.55e-04
     Epoch[25] Iteration[280/320], entropy: 0.0957, loss: 1.3237, lr: 9.55e-05
     Epoch[25] Iteration[290/320], entropy: 0.2242, loss: 1.4877, lr: 9.55e-05
     Epoch[25] Iteration[300/320], entropy: 0.2471, loss: 1.5374, lr: 6.55e-04
     Epoch[25] Iteration[310/320], entropy: 0.1005, loss: 1.3295, lr: 1.00e-03
     Epoch[25] Iteration[320/320], entropy: 0.1405, loss: 1.4372, lr: 6.55e-04
     Averaged stats: entropy: 0.1405, loss: 1.4372, lr: 6.55e-04
     itm tta time 0:00:53
### TTA Eval Score: 
+-------+--------+--------+--------+--------+-------+
| epoch |   R1   |   R5   |  R10   |  mAP   |  mINP |
+-------+--------+--------+--------+--------+-------+
|  -999 | 60.631 | 77.519 | 83.268 | 35.542 | 6.004 |
|   0   | 61.512 | 77.343 | 83.132 | 36.064 | 6.093 |
|   1   | 61.956 | 77.529 | 83.167 | 36.091 | 5.974 |
|   2   | 61.996 | 77.575 | 83.192 | 36.106 | 5.919 |
|   3   | 61.825 | 77.585 | 83.253 | 36.065 | 6.015 |
|   4   | 61.790 | 77.464 | 83.142 | 35.989 | 6.068 |
|   5   | 61.996 | 77.469 | 83.187 | 36.126 | 5.899 |
|   6   | 61.709 | 77.469 | 83.197 | 35.952 | 6.075 |
|   7   | 61.991 | 77.514 | 83.157 | 35.970 | 5.896 |
|   8   | 61.885 | 77.373 | 83.091 | 36.065 | 6.051 |
|   9   | 61.805 | 77.514 | 83.107 | 35.974 | 5.958 |
|   10  | 62.001 | 77.323 | 83.097 | 35.956 | 5.953 |
|   11  | 61.800 | 77.398 | 83.102 | 36.049 | 5.991 |
|   12  | 62.042 | 77.343 | 83.117 | 35.953 | 5.855 |
|   13  | 61.815 | 77.524 | 83.097 | 35.851 | 5.871 |
|   14  | 61.825 | 77.287 | 82.981 | 35.788 | 5.842 |
|   15  | 61.875 | 77.328 | 83.157 | 35.902 | 5.919 |
|   16  | 61.719 | 77.302 | 83.001 | 35.755 | 5.851 |
|   17  | 61.739 | 77.287 | 83.056 | 35.794 | 5.880 |
|   18  | 61.825 | 77.373 | 83.102 | 35.713 | 5.754 |
|   19  | 61.931 | 77.363 | 83.102 | 35.776 | 5.759 |
|   20  | 61.724 | 77.318 | 82.996 | 35.750 | 5.713 |
|   21  | 61.543 | 77.292 | 82.955 | 35.628 | 5.927 |
|   22  | 61.638 | 77.323 | 82.910 | 35.639 | 5.804 |
|   23  | 61.684 | 77.302 | 83.066 | 35.724 | 5.872 |
|   24  | 61.744 | 77.358 | 82.930 | 35.727 | 5.781 |
|   25  | 61.699 | 77.081 | 82.905 | 35.724 | 5.847 |
+-------+--------+--------+--------+--------+-------+
     logs:  {'epo': 25, 'R1': np.float32(61.699), 'R5': np.float32(77.081), 'R10': np.float32(82.905), 'mAP': np.float32(35.724), 'mINP': np.float32(5.847), 'entropy': 0.16264190198853612, 'loss': 1.4466261491179466, 'lr': 0.0005204533905371251}
     Epoch[26] Iteration[10/320], entropy: 0.1571, loss: 1.4014, lr: 9.55e-05
     Epoch[26] Iteration[20/320], entropy: 0.2350, loss: 1.5170, lr: 9.55e-05
     Epoch[26] Iteration[30/320], entropy: 0.1515, loss: 1.5019, lr: 6.55e-04
     Epoch[26] Iteration[40/320], entropy: 0.2223, loss: 1.5902, lr: 1.00e-03
     Epoch[26] Iteration[50/320], entropy: 0.1822, loss: 1.4454, lr: 6.55e-04
     Epoch[26] Iteration[60/320], entropy: 0.1042, loss: 1.3398, lr: 9.55e-05
     Epoch[26] Iteration[70/320], entropy: 0.1790, loss: 1.3953, lr: 9.55e-05
     Epoch[26] Iteration[80/320], entropy: 0.1289, loss: 1.4087, lr: 6.55e-04
     Epoch[26] Iteration[90/320], entropy: 0.1630, loss: 1.4780, lr: 1.00e-03
     Epoch[26] Iteration[100/320], entropy: 0.2212, loss: 1.4257, lr: 6.55e-04
     Epoch[26] Iteration[110/320], entropy: 0.2793, loss: 1.5221, lr: 9.55e-05
     Epoch[26] Iteration[120/320], entropy: 0.2225, loss: 1.5593, lr: 9.55e-05
     Epoch[26] Iteration[130/320], entropy: 0.1292, loss: 1.4640, lr: 6.55e-04
     Epoch[26] Iteration[140/320], entropy: 0.1763, loss: 1.5608, lr: 1.00e-03
     Epoch[26] Iteration[150/320], entropy: 0.0781, loss: 1.2521, lr: 6.55e-04
     Epoch[26] Iteration[160/320], entropy: 0.2198, loss: 1.5264, lr: 9.55e-05
     Epoch[26] Iteration[170/320], entropy: 0.1418, loss: 1.4852, lr: 9.55e-05
     Epoch[26] Iteration[180/320], entropy: 0.2100, loss: 1.5483, lr: 6.55e-04
     Epoch[26] Iteration[190/320], entropy: 0.0713, loss: 1.3411, lr: 1.00e-03
     Epoch[26] Iteration[200/320], entropy: 0.2340, loss: 1.5920, lr: 6.55e-04
     Epoch[26] Iteration[210/320], entropy: 0.0843, loss: 1.3295, lr: 9.55e-05
     Epoch[26] Iteration[220/320], entropy: 0.1465, loss: 1.4205, lr: 9.55e-05
     Epoch[26] Iteration[230/320], entropy: 0.1484, loss: 1.4438, lr: 6.55e-04
     Epoch[26] Iteration[240/320], entropy: 0.1961, loss: 1.4919, lr: 1.00e-03
     Epoch[26] Iteration[250/320], entropy: 0.1099, loss: 1.3817, lr: 6.55e-04
     Epoch[26] Iteration[260/320], entropy: 0.1381, loss: 1.3925, lr: 9.55e-05
     Epoch[26] Iteration[270/320], entropy: 0.2869, loss: 1.5680, lr: 9.55e-05
     Epoch[26] Iteration[280/320], entropy: 0.1046, loss: 1.4237, lr: 6.55e-04
     Epoch[26] Iteration[290/320], entropy: 0.2583, loss: 1.6927, lr: 1.00e-03
     Epoch[26] Iteration[300/320], entropy: 0.2628, loss: 1.5132, lr: 6.55e-04
     Epoch[26] Iteration[310/320], entropy: 0.2191, loss: 1.5055, lr: 9.55e-05
     Epoch[26] Iteration[320/320], entropy: 0.1459, loss: 1.4033, lr: 9.55e-05
     Averaged stats: entropy: 0.1459, loss: 1.4033, lr: 9.55e-05
     itm tta time 0:00:54
### TTA Eval Score: 
+-------+--------+--------+--------+--------+-------+
| epoch |   R1   |   R5   |  R10   |  mAP   |  mINP |
+-------+--------+--------+--------+--------+-------+
|  -999 | 60.631 | 77.519 | 83.268 | 35.542 | 6.004 |
|   0   | 61.512 | 77.343 | 83.132 | 36.064 | 6.093 |
|   1   | 61.956 | 77.529 | 83.167 | 36.091 | 5.974 |
|   2   | 61.996 | 77.575 | 83.192 | 36.106 | 5.919 |
|   3   | 61.825 | 77.585 | 83.253 | 36.065 | 6.015 |
|   4   | 61.790 | 77.464 | 83.142 | 35.989 | 6.068 |
|   5   | 61.996 | 77.469 | 83.187 | 36.126 | 5.899 |
|   6   | 61.709 | 77.469 | 83.197 | 35.952 | 6.075 |
|   7   | 61.991 | 77.514 | 83.157 | 35.970 | 5.896 |
|   8   | 61.885 | 77.373 | 83.091 | 36.065 | 6.051 |
|   9   | 61.805 | 77.514 | 83.107 | 35.974 | 5.958 |
|   10  | 62.001 | 77.323 | 83.097 | 35.956 | 5.953 |
|   11  | 61.800 | 77.398 | 83.102 | 36.049 | 5.991 |
|   12  | 62.042 | 77.343 | 83.117 | 35.953 | 5.855 |
|   13  | 61.815 | 77.524 | 83.097 | 35.851 | 5.871 |
|   14  | 61.825 | 77.287 | 82.981 | 35.788 | 5.842 |
|   15  | 61.875 | 77.328 | 83.157 | 35.902 | 5.919 |
|   16  | 61.719 | 77.302 | 83.001 | 35.755 | 5.851 |
|   17  | 61.739 | 77.287 | 83.056 | 35.794 | 5.880 |
|   18  | 61.825 | 77.373 | 83.102 | 35.713 | 5.754 |
|   19  | 61.931 | 77.363 | 83.102 | 35.776 | 5.759 |
|   20  | 61.724 | 77.318 | 82.996 | 35.750 | 5.713 |
|   21  | 61.543 | 77.292 | 82.955 | 35.628 | 5.927 |
|   22  | 61.638 | 77.323 | 82.910 | 35.639 | 5.804 |
|   23  | 61.684 | 77.302 | 83.066 | 35.724 | 5.872 |
|   24  | 61.744 | 77.358 | 82.930 | 35.727 | 5.781 |
|   25  | 61.699 | 77.081 | 82.905 | 35.724 | 5.847 |
|   26  | 61.885 | 77.338 | 82.996 | 35.700 | 5.771 |
+-------+--------+--------+--------+--------+-------+
     logs:  {'epo': 26, 'R1': np.float32(61.885), 'R5': np.float32(77.338), 'R10': np.float32(82.996), 'mAP': np.float32(35.7), 'mINP': np.float32(5.771), 'entropy': 0.17523420276120305, 'loss': 1.4662854932248592, 'lr': 0.0004747182189257865}
     Epoch[27] Iteration[10/320], entropy: 0.1969, loss: 1.5898, lr: 6.55e-04
     Epoch[27] Iteration[20/320], entropy: 0.0986, loss: 1.3405, lr: 1.00e-03
     Epoch[27] Iteration[30/320], entropy: 0.1033, loss: 1.3867, lr: 6.55e-04
     Epoch[27] Iteration[40/320], entropy: 0.0809, loss: 1.3777, lr: 9.55e-05
     Epoch[27] Iteration[50/320], entropy: 0.1251, loss: 1.3918, lr: 9.55e-05
     Epoch[27] Iteration[60/320], entropy: 0.2567, loss: 1.6416, lr: 6.55e-04
     Epoch[27] Iteration[70/320], entropy: 0.1100, loss: 1.4480, lr: 1.00e-03
     Epoch[27] Iteration[80/320], entropy: 0.2158, loss: 1.5377, lr: 6.55e-04
     Epoch[27] Iteration[90/320], entropy: 0.1632, loss: 1.4313, lr: 9.55e-05
     Epoch[27] Iteration[100/320], entropy: 0.1321, loss: 1.4178, lr: 9.55e-05
     Epoch[27] Iteration[110/320], entropy: 0.2167, loss: 1.4454, lr: 6.55e-04
     Epoch[27] Iteration[120/320], entropy: 0.2108, loss: 1.5469, lr: 1.00e-03
     Epoch[27] Iteration[130/320], entropy: 0.1040, loss: 1.3680, lr: 6.55e-04
     Epoch[27] Iteration[140/320], entropy: 0.3241, loss: 1.7315, lr: 9.55e-05
     Epoch[27] Iteration[150/320], entropy: 0.1031, loss: 1.3346, lr: 9.55e-05
     Epoch[27] Iteration[160/320], entropy: 0.0835, loss: 1.3900, lr: 6.55e-04
     Epoch[27] Iteration[170/320], entropy: 0.2846, loss: 1.6398, lr: 1.00e-03
     Epoch[27] Iteration[180/320], entropy: 0.1399, loss: 1.4414, lr: 6.55e-04
     Epoch[27] Iteration[190/320], entropy: 0.2484, loss: 1.5886, lr: 9.55e-05
     Epoch[27] Iteration[200/320], entropy: 0.0927, loss: 1.4407, lr: 9.55e-05
     Epoch[27] Iteration[210/320], entropy: 0.1460, loss: 1.3653, lr: 6.55e-04
     Epoch[27] Iteration[220/320], entropy: 0.2278, loss: 1.5934, lr: 1.00e-03
     Epoch[27] Iteration[230/320], entropy: 0.2196, loss: 1.5405, lr: 6.55e-04
     Epoch[27] Iteration[240/320], entropy: 0.3587, loss: 1.6689, lr: 9.55e-05
     Epoch[27] Iteration[250/320], entropy: 0.2650, loss: 1.5298, lr: 9.55e-05
     Epoch[27] Iteration[260/320], entropy: 0.1537, loss: 1.4320, lr: 6.55e-04
     Epoch[27] Iteration[270/320], entropy: 0.1577, loss: 1.4636, lr: 1.00e-03
     Epoch[27] Iteration[280/320], entropy: 0.2427, loss: 1.6095, lr: 6.55e-04
     Epoch[27] Iteration[290/320], entropy: 0.1322, loss: 1.4783, lr: 9.55e-05
     Epoch[27] Iteration[300/320], entropy: 0.2086, loss: 1.4467, lr: 9.55e-05
     Epoch[27] Iteration[310/320], entropy: 0.1329, loss: 1.4626, lr: 6.55e-04
     Epoch[27] Iteration[320/320], entropy: 0.1951, loss: 1.4508, lr: 1.00e-03
     Averaged stats: entropy: 0.1951, loss: 1.4508, lr: 1.00e-03
     itm tta time 0:00:50
### TTA Eval Score: 
+-------+--------+--------+--------+--------+-------+
| epoch |   R1   |   R5   |  R10   |  mAP   |  mINP |
+-------+--------+--------+--------+--------+-------+
|  -999 | 60.631 | 77.519 | 83.268 | 35.542 | 6.004 |
|   0   | 61.512 | 77.343 | 83.132 | 36.064 | 6.093 |
|   1   | 61.956 | 77.529 | 83.167 | 36.091 | 5.974 |
|   2   | 61.996 | 77.575 | 83.192 | 36.106 | 5.919 |
|   3   | 61.825 | 77.585 | 83.253 | 36.065 | 6.015 |
|   4   | 61.790 | 77.464 | 83.142 | 35.989 | 6.068 |
|   5   | 61.996 | 77.469 | 83.187 | 36.126 | 5.899 |
|   6   | 61.709 | 77.469 | 83.197 | 35.952 | 6.075 |
|   7   | 61.991 | 77.514 | 83.157 | 35.970 | 5.896 |
|   8   | 61.885 | 77.373 | 83.091 | 36.065 | 6.051 |
|   9   | 61.805 | 77.514 | 83.107 | 35.974 | 5.958 |
|   10  | 62.001 | 77.323 | 83.097 | 35.956 | 5.953 |
|   11  | 61.800 | 77.398 | 83.102 | 36.049 | 5.991 |
|   12  | 62.042 | 77.343 | 83.117 | 35.953 | 5.855 |
|   13  | 61.815 | 77.524 | 83.097 | 35.851 | 5.871 |
|   14  | 61.825 | 77.287 | 82.981 | 35.788 | 5.842 |
|   15  | 61.875 | 77.328 | 83.157 | 35.902 | 5.919 |
|   16  | 61.719 | 77.302 | 83.001 | 35.755 | 5.851 |
|   17  | 61.739 | 77.287 | 83.056 | 35.794 | 5.880 |
|   18  | 61.825 | 77.373 | 83.102 | 35.713 | 5.754 |
|   19  | 61.931 | 77.363 | 83.102 | 35.776 | 5.759 |
|   20  | 61.724 | 77.318 | 82.996 | 35.750 | 5.713 |
|   21  | 61.543 | 77.292 | 82.955 | 35.628 | 5.927 |
|   22  | 61.638 | 77.323 | 82.910 | 35.639 | 5.804 |
|   23  | 61.684 | 77.302 | 83.066 | 35.724 | 5.872 |
|   24  | 61.744 | 77.358 | 82.930 | 35.727 | 5.781 |
|   25  | 61.699 | 77.081 | 82.905 | 35.724 | 5.847 |
|   26  | 61.885 | 77.338 | 82.996 | 35.700 | 5.771 |
|   27  | 61.764 | 77.318 | 83.041 | 35.645 | 5.766 |
+-------+--------+--------+--------+--------+-------+
     logs:  {'epo': 27, 'R1': np.float32(61.764), 'R5': np.float32(77.318), 'R10': np.float32(83.041), 'mAP': np.float32(35.645), 'mINP': np.float32(5.766), 'entropy': 0.17907219124026597, 'loss': 1.4853485599160194, 'lr': 0.0005204533905371257}
     Epoch[28] Iteration[10/320], entropy: 0.1849, loss: 1.4967, lr: 6.55e-04
     Epoch[28] Iteration[20/320], entropy: 0.1458, loss: 1.3039, lr: 9.55e-05
     Epoch[28] Iteration[30/320], entropy: 0.3753, loss: 1.7382, lr: 9.55e-05
     Epoch[28] Iteration[40/320], entropy: 0.2159, loss: 1.5725, lr: 6.55e-04
     Epoch[28] Iteration[50/320], entropy: 0.1463, loss: 1.3346, lr: 1.00e-03
     Epoch[28] Iteration[60/320], entropy: 0.1886, loss: 1.5730, lr: 6.55e-04
     Epoch[28] Iteration[70/320], entropy: 0.2541, loss: 1.5359, lr: 9.55e-05
     Epoch[28] Iteration[80/320], entropy: 0.1199, loss: 1.3837, lr: 9.55e-05
     Epoch[28] Iteration[90/320], entropy: 0.1412, loss: 1.5361, lr: 6.55e-04
     Epoch[28] Iteration[100/320], entropy: 0.1670, loss: 1.5518, lr: 1.00e-03
     Epoch[28] Iteration[110/320], entropy: 0.2296, loss: 1.5241, lr: 6.55e-04
     Epoch[28] Iteration[120/320], entropy: 0.2173, loss: 1.5415, lr: 9.55e-05
     Epoch[28] Iteration[130/320], entropy: 0.0853, loss: 1.3655, lr: 9.55e-05
     Epoch[28] Iteration[140/320], entropy: 0.1407, loss: 1.5047, lr: 6.55e-04
     Epoch[28] Iteration[150/320], entropy: 0.2699, loss: 1.5970, lr: 1.00e-03
     Epoch[28] Iteration[160/320], entropy: 0.1335, loss: 1.3157, lr: 6.55e-04
     Epoch[28] Iteration[170/320], entropy: 0.0982, loss: 1.3266, lr: 9.55e-05
     Epoch[28] Iteration[180/320], entropy: 0.1661, loss: 1.4399, lr: 9.55e-05
     Epoch[28] Iteration[190/320], entropy: 0.1677, loss: 1.5148, lr: 6.55e-04
     Epoch[28] Iteration[200/320], entropy: 0.2640, loss: 1.5393, lr: 1.00e-03
     Epoch[28] Iteration[210/320], entropy: 0.0899, loss: 1.2962, lr: 6.55e-04
     Epoch[28] Iteration[220/320], entropy: 0.1676, loss: 1.4209, lr: 9.55e-05
     Epoch[28] Iteration[230/320], entropy: 0.2492, loss: 1.5972, lr: 9.55e-05
     Epoch[28] Iteration[240/320], entropy: 0.1935, loss: 1.4546, lr: 6.55e-04
     Epoch[28] Iteration[250/320], entropy: 0.0853, loss: 1.4252, lr: 1.00e-03
     Epoch[28] Iteration[260/320], entropy: 0.1290, loss: 1.5228, lr: 6.55e-04
     Epoch[28] Iteration[270/320], entropy: 0.1804, loss: 1.4642, lr: 9.55e-05
     Epoch[28] Iteration[280/320], entropy: 0.1182, loss: 1.3691, lr: 9.55e-05
     Epoch[28] Iteration[290/320], entropy: 0.2346, loss: 1.5471, lr: 6.55e-04
     Epoch[28] Iteration[300/320], entropy: 0.1396, loss: 1.3670, lr: 1.00e-03
     Epoch[28] Iteration[310/320], entropy: 0.1065, loss: 1.4462, lr: 6.55e-04
     Epoch[28] Iteration[320/320], entropy: 0.1420, loss: 1.4893, lr: 9.55e-05
     Averaged stats: entropy: 0.1420, loss: 1.4893, lr: 9.55e-05
     itm tta time 0:00:45
### TTA Eval Score: 
+-------+--------+--------+--------+--------+-------+
| epoch |   R1   |   R5   |  R10   |  mAP   |  mINP |
+-------+--------+--------+--------+--------+-------+
|  -999 | 60.631 | 77.519 | 83.268 | 35.542 | 6.004 |
|   0   | 61.512 | 77.343 | 83.132 | 36.064 | 6.093 |
|   1   | 61.956 | 77.529 | 83.167 | 36.091 | 5.974 |
|   2   | 61.996 | 77.575 | 83.192 | 36.106 | 5.919 |
|   3   | 61.825 | 77.585 | 83.253 | 36.065 | 6.015 |
|   4   | 61.790 | 77.464 | 83.142 | 35.989 | 6.068 |
|   5   | 61.996 | 77.469 | 83.187 | 36.126 | 5.899 |
|   6   | 61.709 | 77.469 | 83.197 | 35.952 | 6.075 |
|   7   | 61.991 | 77.514 | 83.157 | 35.970 | 5.896 |
|   8   | 61.885 | 77.373 | 83.091 | 36.065 | 6.051 |
|   9   | 61.805 | 77.514 | 83.107 | 35.974 | 5.958 |
|   10  | 62.001 | 77.323 | 83.097 | 35.956 | 5.953 |
|   11  | 61.800 | 77.398 | 83.102 | 36.049 | 5.991 |
|   12  | 62.042 | 77.343 | 83.117 | 35.953 | 5.855 |
|   13  | 61.815 | 77.524 | 83.097 | 35.851 | 5.871 |
|   14  | 61.825 | 77.287 | 82.981 | 35.788 | 5.842 |
|   15  | 61.875 | 77.328 | 83.157 | 35.902 | 5.919 |
|   16  | 61.719 | 77.302 | 83.001 | 35.755 | 5.851 |
|   17  | 61.739 | 77.287 | 83.056 | 35.794 | 5.880 |
|   18  | 61.825 | 77.373 | 83.102 | 35.713 | 5.754 |
|   19  | 61.931 | 77.363 | 83.102 | 35.776 | 5.759 |
|   20  | 61.724 | 77.318 | 82.996 | 35.750 | 5.713 |
|   21  | 61.543 | 77.292 | 82.955 | 35.628 | 5.927 |
|   22  | 61.638 | 77.323 | 82.910 | 35.639 | 5.804 |
|   23  | 61.684 | 77.302 | 83.066 | 35.724 | 5.872 |
|   24  | 61.744 | 77.358 | 82.930 | 35.727 | 5.781 |
|   25  | 61.699 | 77.081 | 82.905 | 35.724 | 5.847 |
|   26  | 61.885 | 77.338 | 82.996 | 35.700 | 5.771 |
|   27  | 61.764 | 77.318 | 83.041 | 35.645 | 5.766 |
|   28  | 61.749 | 77.177 | 82.940 | 35.612 | 5.610 |
+-------+--------+--------+--------+--------+-------+
     logs:  {'epo': 28, 'R1': np.float32(61.749), 'R5': np.float32(77.177), 'R10': np.float32(82.94), 'mAP': np.float32(35.612), 'mINP': np.float32(5.61), 'entropy': 0.17334093991667032, 'loss': 1.4717335440218449, 'lr': 0.0004921875000000047}
     Epoch[29] Iteration[10/320], entropy: 0.1381, loss: 1.4133, lr: 9.55e-05
     Epoch[29] Iteration[20/320], entropy: 0.3259, loss: 1.7690, lr: 6.55e-04
     Epoch[29] Iteration[30/320], entropy: 0.3661, loss: 1.6592, lr: 1.00e-03
     Epoch[29] Iteration[40/320], entropy: 0.2386, loss: 1.5457, lr: 6.55e-04
     Epoch[29] Iteration[50/320], entropy: 0.3430, loss: 1.5817, lr: 9.55e-05
     Epoch[29] Iteration[60/320], entropy: 0.1581, loss: 1.4522, lr: 9.55e-05
     Epoch[29] Iteration[70/320], entropy: 0.0709, loss: 1.3280, lr: 6.55e-04
     Epoch[29] Iteration[80/320], entropy: 0.1863, loss: 1.4234, lr: 1.00e-03
     Epoch[29] Iteration[90/320], entropy: 0.1319, loss: 1.4194, lr: 6.55e-04
     Epoch[29] Iteration[100/320], entropy: 0.1335, loss: 1.3772, lr: 9.55e-05
     Epoch[29] Iteration[110/320], entropy: 0.1260, loss: 1.4304, lr: 9.55e-05
     Epoch[29] Iteration[120/320], entropy: 0.1779, loss: 1.5305, lr: 6.55e-04
     Epoch[29] Iteration[130/320], entropy: 0.1989, loss: 1.4059, lr: 1.00e-03
     Epoch[29] Iteration[140/320], entropy: 0.0976, loss: 1.3411, lr: 6.55e-04
     Epoch[29] Iteration[150/320], entropy: 0.2702, loss: 1.6612, lr: 9.55e-05
     Epoch[29] Iteration[160/320], entropy: 0.2357, loss: 1.5522, lr: 9.55e-05
     Epoch[29] Iteration[170/320], entropy: 0.2323, loss: 1.5313, lr: 6.55e-04
     Epoch[29] Iteration[180/320], entropy: 0.0947, loss: 1.2845, lr: 1.00e-03
     Epoch[29] Iteration[190/320], entropy: 0.0958, loss: 1.3586, lr: 6.55e-04
     Epoch[29] Iteration[200/320], entropy: 0.1062, loss: 1.4314, lr: 9.55e-05
     Epoch[29] Iteration[210/320], entropy: 0.1615, loss: 1.4051, lr: 9.55e-05
     Epoch[29] Iteration[220/320], entropy: 0.1620, loss: 1.4287, lr: 6.55e-04
     Epoch[29] Iteration[230/320], entropy: 0.1272, loss: 1.4309, lr: 1.00e-03
     Epoch[29] Iteration[240/320], entropy: 0.1837, loss: 1.5193, lr: 6.55e-04
     Epoch[29] Iteration[250/320], entropy: 0.1783, loss: 1.4337, lr: 9.55e-05
     Epoch[29] Iteration[260/320], entropy: 0.1253, loss: 1.4346, lr: 9.55e-05
     Epoch[29] Iteration[270/320], entropy: 0.0658, loss: 1.2942, lr: 6.55e-04
     Epoch[29] Iteration[280/320], entropy: 0.0970, loss: 1.4471, lr: 1.00e-03
     Epoch[29] Iteration[290/320], entropy: 0.1718, loss: 1.4644, lr: 6.55e-04
     Epoch[29] Iteration[300/320], entropy: 0.1257, loss: 1.4206, lr: 9.55e-05
     Epoch[29] Iteration[310/320], entropy: 0.2134, loss: 1.5508, lr: 9.55e-05
     Epoch[29] Iteration[320/320], entropy: 0.1204, loss: 1.3466, lr: 6.55e-04
     Averaged stats: entropy: 0.1204, loss: 1.3466, lr: 6.55e-04
     itm tta time 0:00:43
### TTA Eval Score: 
+-------+--------+--------+--------+--------+-------+
| epoch |   R1   |   R5   |  R10   |  mAP   |  mINP |
+-------+--------+--------+--------+--------+-------+
|  -999 | 60.631 | 77.519 | 83.268 | 35.542 | 6.004 |
|   0   | 61.512 | 77.343 | 83.132 | 36.064 | 6.093 |
|   1   | 61.956 | 77.529 | 83.167 | 36.091 | 5.974 |
|   2   | 61.996 | 77.575 | 83.192 | 36.106 | 5.919 |
|   3   | 61.825 | 77.585 | 83.253 | 36.065 | 6.015 |
|   4   | 61.790 | 77.464 | 83.142 | 35.989 | 6.068 |
|   5   | 61.996 | 77.469 | 83.187 | 36.126 | 5.899 |
|   6   | 61.709 | 77.469 | 83.197 | 35.952 | 6.075 |
|   7   | 61.991 | 77.514 | 83.157 | 35.970 | 5.896 |
|   8   | 61.885 | 77.373 | 83.091 | 36.065 | 6.051 |
|   9   | 61.805 | 77.514 | 83.107 | 35.974 | 5.958 |
|   10  | 62.001 | 77.323 | 83.097 | 35.956 | 5.953 |
|   11  | 61.800 | 77.398 | 83.102 | 36.049 | 5.991 |
|   12  | 62.042 | 77.343 | 83.117 | 35.953 | 5.855 |
|   13  | 61.815 | 77.524 | 83.097 | 35.851 | 5.871 |
|   14  | 61.825 | 77.287 | 82.981 | 35.788 | 5.842 |
|   15  | 61.875 | 77.328 | 83.157 | 35.902 | 5.919 |
|   16  | 61.719 | 77.302 | 83.001 | 35.755 | 5.851 |
|   17  | 61.739 | 77.287 | 83.056 | 35.794 | 5.880 |
|   18  | 61.825 | 77.373 | 83.102 | 35.713 | 5.754 |
|   19  | 61.931 | 77.363 | 83.102 | 35.776 | 5.759 |
|   20  | 61.724 | 77.318 | 82.996 | 35.750 | 5.713 |
|   21  | 61.543 | 77.292 | 82.955 | 35.628 | 5.927 |
|   22  | 61.638 | 77.323 | 82.910 | 35.639 | 5.804 |
|   23  | 61.684 | 77.302 | 83.066 | 35.724 | 5.872 |
|   24  | 61.744 | 77.358 | 82.930 | 35.727 | 5.781 |
|   25  | 61.699 | 77.081 | 82.905 | 35.724 | 5.847 |
|   26  | 61.885 | 77.338 | 82.996 | 35.700 | 5.771 |
|   27  | 61.764 | 77.318 | 83.041 | 35.645 | 5.766 |
|   28  | 61.749 | 77.177 | 82.940 | 35.612 | 5.610 |
|   29  | 61.769 | 77.212 | 82.945 | 35.648 | 5.680 |
+-------+--------+--------+--------+--------+-------+
     logs:  {'epo': 29, 'R1': np.float32(61.769), 'R5': np.float32(77.212), 'R10': np.float32(82.945), 'mAP': np.float32(35.648), 'mINP': np.float32(5.68), 'entropy': 0.17060965485870838, 'loss': 1.4585030935704708, 'lr': 0.0004921875000000104}
### best epoch 12 : {'epo': '12', 'R1': '62.042', 'R5': '77.343', 'R10': '83.117', 'mAP': '35.953', 'mINP': '5.855', 'entropy': '0.17833225964568555', 'loss': '1.4809204824268818', 'lr': '0.0005250938617324588'}
### Time 1:05:08
