Not using distributed mode
### Hyper-parameters:
     output_dir: output_rerun/ham_icfg_tta/exp2.0.3.2/2025090516093
     seed: 42
     device: cuda
     batch_size_tta: 16
     epochs: 30
     lr: 0.0005
### Creating test dataset
     test_txt_set: 19848    test_img_set: 19848
     test_txt_loader: 39    test_img_loader: 39
### Creating model
Training Model with ['sdm', 'id', 'mlm'] tasks
Resized position embedding from size:torch.Size([1, 197, 768]) to size: torch.Size([1, 193, 768]) with height:24 width: 8
     Total Params Sum:  190482206
### Zero-Shot Score: 
/home/jiahao/task/IRRA/tta.py:261: FutureWarning: `torch.cuda.amp.GradScaler(args...)` is deprecated. Please use `torch.amp.GradScaler('cuda', args...)` instead.
  scaler = GradScaler()  # bf16
+-------+--------+--------+--------+--------+-------+
| epoch |   R1   |   R5   |  R10   |  mAP   |  mINP |
+-------+--------+--------+--------+--------+-------+
|  -999 | 60.631 | 77.519 | 83.268 | 35.542 | 6.004 |
+-------+--------+--------+--------+--------+-------+
### TTA:
### Compute Cos Similarity Uncertainty
     preprocess_tta_coefficients  start
     sample selection ...
     number of sample after sample_selection: 5129
     uncertainty ...
     pos/neg sampling ...
      number of sample after pos/neg sampling: torch.Size([19848, 8])
     preprocess_tta_coefficients  end
### Creating TTA dataset
     tta_dataset: 5129
### Creating tta dataloader
### be careful: func create_loader returns a list length of 1
     tta_loader: 320
### Configure adapted weights
     TTA Dropout Modules: 
 []
     TTA Require Gradient Params: 
 [('base_model.transformer.resblocks.1.ln_1.weight', torch.Size([512])), ('base_model.transformer.resblocks.1.ln_1.bias', torch.Size([512])), ('base_model.transformer.resblocks.1.ln_2.weight', torch.Size([512])), ('base_model.transformer.resblocks.1.ln_2.bias', torch.Size([512])), ('base_model.transformer.resblocks.2.ln_1.weight', torch.Size([512])), ('base_model.transformer.resblocks.2.ln_1.bias', torch.Size([512])), ('base_model.transformer.resblocks.2.ln_2.weight', torch.Size([512])), ('base_model.transformer.resblocks.2.ln_2.bias', torch.Size([512])), ('base_model.transformer.resblocks.3.ln_1.weight', torch.Size([512])), ('base_model.transformer.resblocks.3.ln_1.bias', torch.Size([512])), ('base_model.transformer.resblocks.3.ln_2.weight', torch.Size([512])), ('base_model.transformer.resblocks.3.ln_2.bias', torch.Size([512])), ('base_model.transformer.resblocks.4.ln_1.weight', torch.Size([512])), ('base_model.transformer.resblocks.4.ln_1.bias', torch.Size([512])), ('base_model.transformer.resblocks.4.ln_2.weight', torch.Size([512])), ('base_model.transformer.resblocks.4.ln_2.bias', torch.Size([512])), ('base_model.transformer.resblocks.5.ln_1.weight', torch.Size([512])), ('base_model.transformer.resblocks.5.ln_1.bias', torch.Size([512])), ('base_model.transformer.resblocks.5.ln_2.weight', torch.Size([512])), ('base_model.transformer.resblocks.5.ln_2.bias', torch.Size([512])), ('base_model.transformer.resblocks.7.ln_1.weight', torch.Size([512])), ('base_model.transformer.resblocks.7.ln_1.bias', torch.Size([512])), ('base_model.transformer.resblocks.7.ln_2.weight', torch.Size([512])), ('base_model.transformer.resblocks.7.ln_2.bias', torch.Size([512])), ('base_model.transformer.resblocks.8.ln_1.weight', torch.Size([512])), ('base_model.transformer.resblocks.8.ln_1.bias', torch.Size([512])), ('base_model.transformer.resblocks.8.ln_2.weight', torch.Size([512])), ('base_model.transformer.resblocks.8.ln_2.bias', torch.Size([512])), ('base_model.transformer.resblocks.9.ln_1.weight', torch.Size([512])), ('base_model.transformer.resblocks.9.ln_1.bias', torch.Size([512])), ('base_model.transformer.resblocks.9.ln_2.weight', torch.Size([512])), ('base_model.transformer.resblocks.9.ln_2.bias', torch.Size([512])), ('base_model.transformer.resblocks.10.ln_1.weight', torch.Size([512])), ('base_model.transformer.resblocks.10.ln_1.bias', torch.Size([512])), ('base_model.transformer.resblocks.10.ln_2.weight', torch.Size([512])), ('base_model.transformer.resblocks.10.ln_2.bias', torch.Size([512])), ('base_model.transformer.resblocks.11.ln_1.weight', torch.Size([512])), ('base_model.transformer.resblocks.11.ln_1.bias', torch.Size([512])), ('base_model.transformer.resblocks.11.ln_2.weight', torch.Size([512])), ('base_model.transformer.resblocks.11.ln_2.bias', torch.Size([512])), ('base_model.ln_final.weight', torch.Size([512])), ('base_model.ln_final.bias', torch.Size([512]))]
     TTA Dropout Modules Number: 
 0
     TTA Require Gradient Params Sum: 
 21504
Using 5.0 times learning rate for random init module 
### Start Test Time Adaptation
/home/jiahao/task/IRRA/tta.py:65: FutureWarning: `torch.cuda.amp.autocast(args...)` is deprecated. Please use `torch.amp.autocast('cuda', args...)` instead.
  with torch.cuda.amp.autocast(enabled=True):
     Epoch[0] Iteration[10/320], entropy: 0.2667, loss: 1.3457, lr: 4.69e-04
     Epoch[0] Iteration[20/320], entropy: 0.4265, loss: 1.5332, lr: 2.03e-04
     Epoch[0] Iteration[30/320], entropy: 0.1828, loss: 1.2927, lr: 1.97e-06
     Epoch[0] Iteration[40/320], entropy: 0.2320, loss: 1.3416, lr: 1.44e-04
     Epoch[0] Iteration[50/320], entropy: 0.2613, loss: 1.3823, lr: 4.32e-04
     Epoch[0] Iteration[60/320], entropy: 0.2591, loss: 1.3504, lr: 4.69e-04
     Epoch[0] Iteration[70/320], entropy: 0.4856, loss: 1.5630, lr: 2.03e-04
     Epoch[0] Iteration[80/320], entropy: 0.3081, loss: 1.3810, lr: 1.97e-06
     Epoch[0] Iteration[90/320], entropy: 0.1621, loss: 1.2119, lr: 1.44e-04
     Epoch[0] Iteration[100/320], entropy: 0.1127, loss: 1.2523, lr: 4.32e-04
     Epoch[0] Iteration[110/320], entropy: 0.2574, loss: 1.3486, lr: 4.69e-04
     Epoch[0] Iteration[120/320], entropy: 0.1702, loss: 1.2256, lr: 2.03e-04
     Epoch[0] Iteration[130/320], entropy: 0.2326, loss: 1.3408, lr: 1.97e-06
     Epoch[0] Iteration[140/320], entropy: 0.2535, loss: 1.3207, lr: 1.44e-04
     Epoch[0] Iteration[150/320], entropy: 0.1608, loss: 1.2369, lr: 4.32e-04
     Epoch[0] Iteration[160/320], entropy: 0.3776, loss: 1.4677, lr: 4.69e-04
     Epoch[0] Iteration[170/320], entropy: 0.3654, loss: 1.4354, lr: 2.03e-04
     Epoch[0] Iteration[180/320], entropy: 0.1502, loss: 1.2537, lr: 1.97e-06
     Epoch[0] Iteration[190/320], entropy: 0.2688, loss: 1.3429, lr: 1.44e-04
     Epoch[0] Iteration[200/320], entropy: 0.2887, loss: 1.3808, lr: 4.32e-04
     Epoch[0] Iteration[210/320], entropy: 0.2918, loss: 1.4423, lr: 4.69e-04
     Epoch[0] Iteration[220/320], entropy: 0.1627, loss: 1.2651, lr: 2.03e-04
     Epoch[0] Iteration[230/320], entropy: 0.3324, loss: 1.3878, lr: 1.97e-06
     Epoch[0] Iteration[240/320], entropy: 0.2063, loss: 1.2726, lr: 1.44e-04
     Epoch[0] Iteration[250/320], entropy: 0.2174, loss: 1.2718, lr: 4.32e-04
     Epoch[0] Iteration[260/320], entropy: 0.4076, loss: 1.5039, lr: 4.69e-04
     Epoch[0] Iteration[270/320], entropy: 0.2620, loss: 1.3380, lr: 2.03e-04
     Epoch[0] Iteration[280/320], entropy: 0.2310, loss: 1.3429, lr: 1.97e-06
     Epoch[0] Iteration[290/320], entropy: 0.3143, loss: 1.3899, lr: 1.44e-04
     Epoch[0] Iteration[300/320], entropy: 0.3364, loss: 1.4219, lr: 4.32e-04
     Epoch[0] Iteration[310/320], entropy: 0.3749, loss: 1.4468, lr: 4.69e-04
     Epoch[0] Iteration[320/320], entropy: 0.2230, loss: 1.2520, lr: 2.03e-04
     Averaged stats: entropy: 0.2230, loss: 1.2520, lr: 2.03e-04
     itm tta time 0:00:53
### TTA Eval Score: 
+-------+--------+--------+--------+--------+-------+
| epoch |   R1   |   R5   |  R10   |  mAP   |  mINP |
+-------+--------+--------+--------+--------+-------+
|  -999 | 60.631 | 77.519 | 83.268 | 35.542 | 6.004 |
|   0   | 61.659 | 77.418 | 83.217 | 36.098 | 6.111 |
+-------+--------+--------+--------+--------+-------+
     logs:  {'epo': 0, 'R1': np.float32(61.659), 'R5': np.float32(77.418), 'R10': np.float32(83.217), 'mAP': np.float32(36.098), 'mINP': np.float32(6.111), 'entropy': 0.268182925414294, 'loss': 1.3544506207108498, 'lr': 0.00025538222941764164}
     Epoch[1] Iteration[10/320], entropy: 0.3092, loss: 1.3684, lr: 1.97e-06
     Epoch[1] Iteration[20/320], entropy: 0.2905, loss: 1.3730, lr: 1.44e-04
     Epoch[1] Iteration[30/320], entropy: 0.2732, loss: 1.3843, lr: 4.32e-04
     Epoch[1] Iteration[40/320], entropy: 0.2724, loss: 1.3322, lr: 4.69e-04
     Epoch[1] Iteration[50/320], entropy: 0.1976, loss: 1.2476, lr: 2.03e-04
     Epoch[1] Iteration[60/320], entropy: 0.1491, loss: 1.2271, lr: 1.97e-06
     Epoch[1] Iteration[70/320], entropy: 0.2975, loss: 1.3830, lr: 1.44e-04
     Epoch[1] Iteration[80/320], entropy: 0.2098, loss: 1.2919, lr: 4.32e-04
     Epoch[1] Iteration[90/320], entropy: 0.4993, loss: 1.6251, lr: 4.69e-04
     Epoch[1] Iteration[100/320], entropy: 0.1302, loss: 1.2038, lr: 2.03e-04
     Epoch[1] Iteration[110/320], entropy: 0.1560, loss: 1.3260, lr: 1.97e-06
     Epoch[1] Iteration[120/320], entropy: 0.3071, loss: 1.4267, lr: 1.44e-04
     Epoch[1] Iteration[130/320], entropy: 0.1795, loss: 1.2704, lr: 4.32e-04
     Epoch[1] Iteration[140/320], entropy: 0.1362, loss: 1.2297, lr: 4.69e-04
     Epoch[1] Iteration[150/320], entropy: 0.2801, loss: 1.3908, lr: 2.03e-04
     Epoch[1] Iteration[160/320], entropy: 0.1454, loss: 1.1993, lr: 1.97e-06
     Epoch[1] Iteration[170/320], entropy: 0.3661, loss: 1.4345, lr: 1.44e-04
     Epoch[1] Iteration[180/320], entropy: 0.4118, loss: 1.5096, lr: 4.32e-04
     Epoch[1] Iteration[190/320], entropy: 0.2485, loss: 1.3361, lr: 4.69e-04
     Epoch[1] Iteration[200/320], entropy: 0.2252, loss: 1.3081, lr: 2.03e-04
     Epoch[1] Iteration[210/320], entropy: 0.2263, loss: 1.3601, lr: 1.97e-06
     Epoch[1] Iteration[220/320], entropy: 0.1886, loss: 1.2738, lr: 1.44e-04
     Epoch[1] Iteration[230/320], entropy: 0.3318, loss: 1.3978, lr: 4.32e-04
     Epoch[1] Iteration[240/320], entropy: 0.1415, loss: 1.2881, lr: 4.69e-04
     Epoch[1] Iteration[250/320], entropy: 0.3004, loss: 1.3832, lr: 2.03e-04
     Epoch[1] Iteration[260/320], entropy: 0.1823, loss: 1.2854, lr: 1.97e-06
     Epoch[1] Iteration[270/320], entropy: 0.3069, loss: 1.3755, lr: 1.44e-04
     Epoch[1] Iteration[280/320], entropy: 0.2528, loss: 1.3240, lr: 4.32e-04
     Epoch[1] Iteration[290/320], entropy: 0.1695, loss: 1.2167, lr: 4.69e-04
     Epoch[1] Iteration[300/320], entropy: 0.2425, loss: 1.3476, lr: 2.03e-04
     Epoch[1] Iteration[310/320], entropy: 0.2631, loss: 1.3772, lr: 1.97e-06
     Epoch[1] Iteration[320/320], entropy: 0.2217, loss: 1.2586, lr: 1.44e-04
     Averaged stats: entropy: 0.2217, loss: 1.2586, lr: 1.44e-04
     itm tta time 0:00:54
### TTA Eval Score: 
+-------+--------+--------+--------+--------+-------+
| epoch |   R1   |   R5   |  R10   |  mAP   |  mINP |
+-------+--------+--------+--------+--------+-------+
|  -999 | 60.631 | 77.519 | 83.268 | 35.542 | 6.004 |
|   0   | 61.659 | 77.418 | 83.217 | 36.098 | 6.111 |
|   1   | 61.815 | 77.534 | 83.222 | 36.096 | 6.008 |
+-------+--------+--------+--------+--------+-------+
     logs:  {'epo': 1, 'R1': np.float32(61.815), 'R5': np.float32(77.534), 'R10': np.float32(83.222), 'mAP': np.float32(36.096), 'mINP': np.float32(6.008), 'entropy': 0.24724679486826062, 'loss': 1.3361084833741188, 'lr': 0.00023892270318062877}
     Epoch[2] Iteration[10/320], entropy: 0.3031, loss: 1.3825, lr: 4.32e-04
     Epoch[2] Iteration[20/320], entropy: 0.3279, loss: 1.4232, lr: 4.69e-04
     Epoch[2] Iteration[30/320], entropy: 0.2695, loss: 1.3564, lr: 2.03e-04
     Epoch[2] Iteration[40/320], entropy: 0.1454, loss: 1.2188, lr: 1.97e-06
     Epoch[2] Iteration[50/320], entropy: 0.1438, loss: 1.2449, lr: 1.44e-04
     Epoch[2] Iteration[60/320], entropy: 0.2696, loss: 1.3659, lr: 4.32e-04
     Epoch[2] Iteration[70/320], entropy: 0.1818, loss: 1.2371, lr: 4.69e-04
     Epoch[2] Iteration[80/320], entropy: 0.0482, loss: 1.2085, lr: 2.03e-04
     Epoch[2] Iteration[90/320], entropy: 0.2250, loss: 1.2756, lr: 1.97e-06
     Epoch[2] Iteration[100/320], entropy: 0.1643, loss: 1.2515, lr: 1.44e-04
     Epoch[2] Iteration[110/320], entropy: 0.1743, loss: 1.2408, lr: 4.32e-04
     Epoch[2] Iteration[120/320], entropy: 0.1781, loss: 1.2616, lr: 4.69e-04
     Epoch[2] Iteration[130/320], entropy: 0.1293, loss: 1.2244, lr: 2.03e-04
     Epoch[2] Iteration[140/320], entropy: 0.3778, loss: 1.4261, lr: 1.97e-06
     Epoch[2] Iteration[150/320], entropy: 0.2887, loss: 1.3929, lr: 1.44e-04
     Epoch[2] Iteration[160/320], entropy: 0.2555, loss: 1.3122, lr: 4.32e-04
     Epoch[2] Iteration[170/320], entropy: 0.2599, loss: 1.3368, lr: 4.69e-04
     Epoch[2] Iteration[180/320], entropy: 0.2363, loss: 1.2956, lr: 2.03e-04
     Epoch[2] Iteration[190/320], entropy: 0.3069, loss: 1.3469, lr: 1.97e-06
     Epoch[2] Iteration[200/320], entropy: 0.0971, loss: 1.1482, lr: 1.44e-04
     Epoch[2] Iteration[210/320], entropy: 0.1694, loss: 1.2600, lr: 4.32e-04
     Epoch[2] Iteration[220/320], entropy: 0.1776, loss: 1.2758, lr: 4.69e-04
     Epoch[2] Iteration[230/320], entropy: 0.2390, loss: 1.3122, lr: 2.03e-04
     Epoch[2] Iteration[240/320], entropy: 0.3056, loss: 1.3878, lr: 1.97e-06
     Epoch[2] Iteration[250/320], entropy: 0.2397, loss: 1.2856, lr: 1.44e-04
     Epoch[2] Iteration[260/320], entropy: 0.2786, loss: 1.3729, lr: 4.32e-04
     Epoch[2] Iteration[270/320], entropy: 0.3451, loss: 1.4380, lr: 4.69e-04
     Epoch[2] Iteration[280/320], entropy: 0.3281, loss: 1.3884, lr: 2.03e-04
     Epoch[2] Iteration[290/320], entropy: 0.2904, loss: 1.3789, lr: 1.97e-06
     Epoch[2] Iteration[300/320], entropy: 0.2028, loss: 1.3498, lr: 1.44e-04
     Epoch[2] Iteration[310/320], entropy: 0.2526, loss: 1.3572, lr: 4.32e-04
     Epoch[2] Iteration[320/320], entropy: 0.2210, loss: 1.3384, lr: 4.69e-04
     Averaged stats: entropy: 0.2210, loss: 1.3384, lr: 4.69e-04
     itm tta time 0:00:54
### TTA Eval Score: 
+-------+--------+--------+--------+--------+-------+
| epoch |   R1   |   R5   |  R10   |  mAP   |  mINP |
+-------+--------+--------+--------+--------+-------+
|  -999 | 60.631 | 77.519 | 83.268 | 35.542 | 6.004 |
|   0   | 61.659 | 77.418 | 83.217 | 36.098 | 6.111 |
|   1   | 61.815 | 77.534 | 83.222 | 36.096 | 6.008 |
|   2   | 61.936 | 77.585 | 83.278 | 36.097 | 5.969 |
+-------+--------+--------+--------+--------+-------+
     logs:  {'epo': 2, 'R1': np.float32(61.936), 'R5': np.float32(77.585), 'R10': np.float32(83.278), 'mAP': np.float32(36.097), 'mINP': np.float32(5.969), 'entropy': 0.2322636384051293, 'loss': 1.3154684342443943, 'lr': 0.0002625412133395727}
     Epoch[3] Iteration[10/320], entropy: 0.0923, loss: 1.1837, lr: 2.03e-04
     Epoch[3] Iteration[20/320], entropy: 0.1417, loss: 1.2439, lr: 1.97e-06
     Epoch[3] Iteration[30/320], entropy: 0.2620, loss: 1.3447, lr: 1.44e-04
     Epoch[3] Iteration[40/320], entropy: 0.2098, loss: 1.3133, lr: 4.32e-04
     Epoch[3] Iteration[50/320], entropy: 0.2182, loss: 1.2745, lr: 4.69e-04
     Epoch[3] Iteration[60/320], entropy: 0.1977, loss: 1.3252, lr: 2.03e-04
     Epoch[3] Iteration[70/320], entropy: 0.3009, loss: 1.3970, lr: 1.97e-06
     Epoch[3] Iteration[80/320], entropy: 0.1912, loss: 1.3104, lr: 1.44e-04
     Epoch[3] Iteration[90/320], entropy: 0.1487, loss: 1.2626, lr: 4.32e-04
     Epoch[3] Iteration[100/320], entropy: 0.2433, loss: 1.2926, lr: 4.69e-04
     Epoch[3] Iteration[110/320], entropy: 0.0936, loss: 1.1719, lr: 2.03e-04
     Epoch[3] Iteration[120/320], entropy: 0.3022, loss: 1.4487, lr: 1.97e-06
     Epoch[3] Iteration[130/320], entropy: 0.1773, loss: 1.2675, lr: 1.44e-04
     Epoch[3] Iteration[140/320], entropy: 0.1597, loss: 1.2713, lr: 4.32e-04
     Epoch[3] Iteration[150/320], entropy: 0.2174, loss: 1.3510, lr: 4.69e-04
     Epoch[3] Iteration[160/320], entropy: 0.3134, loss: 1.4180, lr: 2.03e-04
     Epoch[3] Iteration[170/320], entropy: 0.2641, loss: 1.3248, lr: 1.97e-06
     Epoch[3] Iteration[180/320], entropy: 0.1913, loss: 1.2565, lr: 1.44e-04
     Epoch[3] Iteration[190/320], entropy: 0.2430, loss: 1.3376, lr: 4.32e-04
     Epoch[3] Iteration[200/320], entropy: 0.1396, loss: 1.2119, lr: 4.69e-04
     Epoch[3] Iteration[210/320], entropy: 0.2782, loss: 1.3782, lr: 2.03e-04
     Epoch[3] Iteration[220/320], entropy: 0.2055, loss: 1.2774, lr: 1.97e-06
     Epoch[3] Iteration[230/320], entropy: 0.2251, loss: 1.3881, lr: 1.44e-04
     Epoch[3] Iteration[240/320], entropy: 0.2898, loss: 1.4216, lr: 4.32e-04
     Epoch[3] Iteration[250/320], entropy: 0.2095, loss: 1.3346, lr: 4.69e-04
     Epoch[3] Iteration[260/320], entropy: 0.2863, loss: 1.4185, lr: 2.03e-04
     Epoch[3] Iteration[270/320], entropy: 0.3709, loss: 1.4310, lr: 1.97e-06
     Epoch[3] Iteration[280/320], entropy: 0.1226, loss: 1.1989, lr: 1.44e-04
     Epoch[3] Iteration[290/320], entropy: 0.1814, loss: 1.2605, lr: 4.32e-04
     Epoch[3] Iteration[300/320], entropy: 0.1349, loss: 1.2797, lr: 4.69e-04
     Epoch[3] Iteration[310/320], entropy: 0.1461, loss: 1.2628, lr: 2.03e-04
     Epoch[3] Iteration[320/320], entropy: 0.1355, loss: 1.2295, lr: 1.97e-06
     Averaged stats: entropy: 0.1355, loss: 1.2295, lr: 1.97e-06
     itm tta time 0:00:54
### TTA Eval Score: 
+-------+--------+--------+--------+--------+-------+
| epoch |   R1   |   R5   |  R10   |  mAP   |  mINP |
+-------+--------+--------+--------+--------+-------+
|  -999 | 60.631 | 77.519 | 83.268 | 35.542 | 6.004 |
|   0   | 61.659 | 77.418 | 83.217 | 36.098 | 6.111 |
|   1   | 61.815 | 77.534 | 83.222 | 36.096 | 6.008 |
|   2   | 61.936 | 77.585 | 83.278 | 36.097 | 5.969 |
|   3   | 61.850 | 77.660 | 83.243 | 36.098 | 6.050 |
+-------+--------+--------+--------+--------+-------+
     logs:  {'epo': 3, 'R1': np.float32(61.85), 'R5': np.float32(77.66), 'R10': np.float32(83.243), 'mAP': np.float32(36.098), 'mINP': np.float32(6.05), 'entropy': 0.20916064642369747, 'loss': 1.3089860565960407, 'lr': 0.00024078518737577934}
     Epoch[4] Iteration[10/320], entropy: 0.3933, loss: 1.5230, lr: 1.44e-04
     Epoch[4] Iteration[20/320], entropy: 0.1601, loss: 1.2233, lr: 4.32e-04
     Epoch[4] Iteration[30/320], entropy: 0.2057, loss: 1.3045, lr: 4.69e-04
     Epoch[4] Iteration[40/320], entropy: 0.2358, loss: 1.2887, lr: 2.03e-04
     Epoch[4] Iteration[50/320], entropy: 0.2868, loss: 1.4019, lr: 1.97e-06
     Epoch[4] Iteration[60/320], entropy: 0.2218, loss: 1.2952, lr: 1.44e-04
     Epoch[4] Iteration[70/320], entropy: 0.1644, loss: 1.2757, lr: 4.32e-04
     Epoch[4] Iteration[80/320], entropy: 0.3433, loss: 1.4709, lr: 4.69e-04
     Epoch[4] Iteration[90/320], entropy: 0.2150, loss: 1.3149, lr: 2.03e-04
     Epoch[4] Iteration[100/320], entropy: 0.1297, loss: 1.2624, lr: 1.97e-06
     Epoch[4] Iteration[110/320], entropy: 0.2007, loss: 1.3369, lr: 1.44e-04
     Epoch[4] Iteration[120/320], entropy: 0.2831, loss: 1.4162, lr: 4.32e-04
     Epoch[4] Iteration[130/320], entropy: 0.2126, loss: 1.2607, lr: 4.69e-04
     Epoch[4] Iteration[140/320], entropy: 0.1642, loss: 1.2302, lr: 2.03e-04
     Epoch[4] Iteration[150/320], entropy: 0.2598, loss: 1.3335, lr: 1.97e-06
     Epoch[4] Iteration[160/320], entropy: 0.2575, loss: 1.3700, lr: 1.44e-04
     Epoch[4] Iteration[170/320], entropy: 0.1652, loss: 1.2854, lr: 4.32e-04
     Epoch[4] Iteration[180/320], entropy: 0.2098, loss: 1.2976, lr: 4.69e-04
     Epoch[4] Iteration[190/320], entropy: 0.1845, loss: 1.2482, lr: 2.03e-04
     Epoch[4] Iteration[200/320], entropy: 0.1092, loss: 1.1816, lr: 1.97e-06
     Epoch[4] Iteration[210/320], entropy: 0.1957, loss: 1.2687, lr: 1.44e-04
     Epoch[4] Iteration[220/320], entropy: 0.3058, loss: 1.3976, lr: 4.32e-04
     Epoch[4] Iteration[230/320], entropy: 0.2552, loss: 1.3284, lr: 4.69e-04
     Epoch[4] Iteration[240/320], entropy: 0.2158, loss: 1.2915, lr: 2.03e-04
     Epoch[4] Iteration[250/320], entropy: 0.0744, loss: 1.1894, lr: 1.97e-06
     Epoch[4] Iteration[260/320], entropy: 0.3056, loss: 1.4066, lr: 1.44e-04
     Epoch[4] Iteration[270/320], entropy: 0.1523, loss: 1.2823, lr: 4.32e-04
     Epoch[4] Iteration[280/320], entropy: 0.1715, loss: 1.2978, lr: 4.69e-04
     Epoch[4] Iteration[290/320], entropy: 0.0804, loss: 1.1399, lr: 2.03e-04
     Epoch[4] Iteration[300/320], entropy: 0.1900, loss: 1.2400, lr: 1.97e-06
     Epoch[4] Iteration[310/320], entropy: 0.1965, loss: 1.2704, lr: 1.44e-04
     Epoch[4] Iteration[320/320], entropy: 0.2330, loss: 1.3680, lr: 4.32e-04
     Averaged stats: entropy: 0.2330, loss: 1.3680, lr: 4.32e-04
     itm tta time 0:00:54
### TTA Eval Score: 
+-------+--------+--------+--------+--------+-------+
| epoch |   R1   |   R5   |  R10   |  mAP   |  mINP |
+-------+--------+--------+--------+--------+-------+
|  -999 | 60.631 | 77.519 | 83.268 | 35.542 | 6.004 |
|   0   | 61.659 | 77.418 | 83.217 | 36.098 | 6.111 |
|   1   | 61.815 | 77.534 | 83.222 | 36.096 | 6.008 |
|   2   | 61.936 | 77.585 | 83.278 | 36.097 | 5.969 |
|   3   | 61.850 | 77.660 | 83.243 | 36.098 | 6.050 |
|   4   | 61.840 | 77.554 | 83.187 | 36.025 | 6.096 |
+-------+--------+--------+--------+--------+-------+
     logs:  {'epo': 4, 'R1': np.float32(61.84), 'R5': np.float32(77.554), 'R10': np.float32(83.187), 'mAP': np.float32(36.025), 'mINP': np.float32(6.096), 'entropy': 0.2118321224115789, 'loss': 1.3062951527535915, 'lr': 0.0002523686666863773}
     Epoch[5] Iteration[10/320], entropy: 0.2299, loss: 1.3012, lr: 4.69e-04
     Epoch[5] Iteration[20/320], entropy: 0.1900, loss: 1.2856, lr: 2.03e-04
     Epoch[5] Iteration[30/320], entropy: 0.1856, loss: 1.2704, lr: 1.97e-06
     Epoch[5] Iteration[40/320], entropy: 0.2231, loss: 1.2956, lr: 1.44e-04
     Epoch[5] Iteration[50/320], entropy: 0.1003, loss: 1.1480, lr: 4.32e-04
     Epoch[5] Iteration[60/320], entropy: 0.2095, loss: 1.3211, lr: 4.69e-04
     Epoch[5] Iteration[70/320], entropy: 0.2163, loss: 1.3316, lr: 2.03e-04
     Epoch[5] Iteration[80/320], entropy: 0.2105, loss: 1.3095, lr: 1.97e-06
     Epoch[5] Iteration[90/320], entropy: 0.2843, loss: 1.3550, lr: 1.44e-04
     Epoch[5] Iteration[100/320], entropy: 0.1893, loss: 1.2801, lr: 4.32e-04
     Epoch[5] Iteration[110/320], entropy: 0.1642, loss: 1.2862, lr: 4.69e-04
     Epoch[5] Iteration[120/320], entropy: 0.2588, loss: 1.3741, lr: 2.03e-04
     Epoch[5] Iteration[130/320], entropy: 0.1877, loss: 1.2522, lr: 1.97e-06
     Epoch[5] Iteration[140/320], entropy: 0.3415, loss: 1.4380, lr: 1.44e-04
     Epoch[5] Iteration[150/320], entropy: 0.2140, loss: 1.2833, lr: 4.32e-04
     Epoch[5] Iteration[160/320], entropy: 0.1498, loss: 1.2621, lr: 4.69e-04
     Epoch[5] Iteration[170/320], entropy: 0.2015, loss: 1.2959, lr: 2.03e-04
     Epoch[5] Iteration[180/320], entropy: 0.0954, loss: 1.2196, lr: 1.97e-06
     Epoch[5] Iteration[190/320], entropy: 0.1288, loss: 1.2375, lr: 1.44e-04
     Epoch[5] Iteration[200/320], entropy: 0.1368, loss: 1.2716, lr: 4.32e-04
     Epoch[5] Iteration[210/320], entropy: 0.1106, loss: 1.2039, lr: 4.69e-04
     Epoch[5] Iteration[220/320], entropy: 0.0994, loss: 1.1618, lr: 2.03e-04
     Epoch[5] Iteration[230/320], entropy: 0.2146, loss: 1.3242, lr: 1.97e-06
     Epoch[5] Iteration[240/320], entropy: 0.3656, loss: 1.4851, lr: 1.44e-04
     Epoch[5] Iteration[250/320], entropy: 0.2636, loss: 1.3972, lr: 4.32e-04
     Epoch[5] Iteration[260/320], entropy: 0.2249, loss: 1.3279, lr: 4.69e-04
     Epoch[5] Iteration[270/320], entropy: 0.2972, loss: 1.3534, lr: 2.03e-04
     Epoch[5] Iteration[280/320], entropy: 0.1360, loss: 1.2707, lr: 1.97e-06
     Epoch[5] Iteration[290/320], entropy: 0.1976, loss: 1.2864, lr: 1.44e-04
     Epoch[5] Iteration[300/320], entropy: 0.3011, loss: 1.3929, lr: 4.32e-04
     Epoch[5] Iteration[310/320], entropy: 0.2296, loss: 1.3459, lr: 4.69e-04
     Epoch[5] Iteration[320/320], entropy: 0.0942, loss: 1.2009, lr: 2.03e-04
     Averaged stats: entropy: 0.0942, loss: 1.2009, lr: 2.03e-04
     itm tta time 0:01:18
### TTA Eval Score: 
+-------+--------+--------+--------+--------+-------+
| epoch |   R1   |   R5   |  R10   |  mAP   |  mINP |
+-------+--------+--------+--------+--------+-------+
|  -999 | 60.631 | 77.519 | 83.268 | 35.542 | 6.004 |
|   0   | 61.659 | 77.418 | 83.217 | 36.098 | 6.111 |
|   1   | 61.815 | 77.534 | 83.222 | 36.096 | 6.008 |
|   2   | 61.936 | 77.585 | 83.278 | 36.097 | 5.969 |
|   3   | 61.850 | 77.660 | 83.243 | 36.098 | 6.050 |
|   4   | 61.840 | 77.554 | 83.187 | 36.025 | 6.096 |
|   5   | 61.900 | 77.590 | 83.303 | 36.161 | 6.009 |
+-------+--------+--------+--------+--------+-------+
     logs:  {'epo': 5, 'R1': np.float32(61.9), 'R5': np.float32(77.59), 'R10': np.float32(83.303), 'mAP': np.float32(36.161), 'mINP': np.float32(6.009), 'entropy': 0.2016202963422984, 'loss': 1.299017634242773, 'lr': 0.0002553822294176422}
     Epoch[6] Iteration[10/320], entropy: 0.1918, loss: 1.2876, lr: 1.97e-06
     Epoch[6] Iteration[20/320], entropy: 0.1388, loss: 1.2925, lr: 1.44e-04
     Epoch[6] Iteration[30/320], entropy: 0.2472, loss: 1.3848, lr: 4.32e-04
     Epoch[6] Iteration[40/320], entropy: 0.1121, loss: 1.1934, lr: 4.69e-04
     Epoch[6] Iteration[50/320], entropy: 0.4402, loss: 1.5221, lr: 2.03e-04
     Epoch[6] Iteration[60/320], entropy: 0.1235, loss: 1.1923, lr: 1.97e-06
     Epoch[6] Iteration[70/320], entropy: 0.1858, loss: 1.2598, lr: 1.44e-04
     Epoch[6] Iteration[80/320], entropy: 0.1845, loss: 1.3125, lr: 4.32e-04
     Epoch[6] Iteration[90/320], entropy: 0.2572, loss: 1.3517, lr: 4.82e-04
     Epoch[6] Iteration[100/320], entropy: 0.1402, loss: 1.2899, lr: 2.34e-04
     Epoch[6] Iteration[110/320], entropy: 0.3976, loss: 1.4771, lr: 7.85e-06
     Epoch[6] Iteration[120/320], entropy: 0.4925, loss: 1.5428, lr: 1.16e-04
     Epoch[6] Iteration[130/320], entropy: 0.2195, loss: 1.2791, lr: 4.09e-04
     Epoch[6] Iteration[140/320], entropy: 0.2034, loss: 1.2854, lr: 4.82e-04
     Epoch[6] Iteration[150/320], entropy: 0.1920, loss: 1.2803, lr: 2.34e-04
     Epoch[6] Iteration[160/320], entropy: 0.1502, loss: 1.2800, lr: 7.85e-06
     Epoch[6] Iteration[170/320], entropy: 0.1701, loss: 1.2854, lr: 1.16e-04
     Epoch[6] Iteration[180/320], entropy: 0.1150, loss: 1.2424, lr: 4.09e-04
     Epoch[6] Iteration[190/320], entropy: 0.2494, loss: 1.3362, lr: 4.82e-04
     Epoch[6] Iteration[200/320], entropy: 0.2986, loss: 1.3754, lr: 2.34e-04
     Epoch[6] Iteration[210/320], entropy: 0.1080, loss: 1.2291, lr: 7.85e-06
     Epoch[6] Iteration[220/320], entropy: 0.1001, loss: 1.1693, lr: 1.16e-04
     Epoch[6] Iteration[230/320], entropy: 0.2084, loss: 1.2722, lr: 4.09e-04
     Epoch[6] Iteration[240/320], entropy: 0.1233, loss: 1.1758, lr: 4.82e-04
     Epoch[6] Iteration[250/320], entropy: 0.2888, loss: 1.3533, lr: 2.34e-04
     Epoch[6] Iteration[260/320], entropy: 0.1956, loss: 1.3081, lr: 7.85e-06
     Epoch[6] Iteration[270/320], entropy: 0.3185, loss: 1.3617, lr: 1.16e-04
     Epoch[6] Iteration[280/320], entropy: 0.2790, loss: 1.3626, lr: 4.09e-04
     Epoch[6] Iteration[290/320], entropy: 0.4367, loss: 1.5050, lr: 4.82e-04
     Epoch[6] Iteration[300/320], entropy: 0.1074, loss: 1.2266, lr: 2.34e-04
     Epoch[6] Iteration[310/320], entropy: 0.2419, loss: 1.3189, lr: 7.85e-06
     Epoch[6] Iteration[320/320], entropy: 0.2230, loss: 1.3241, lr: 1.16e-04
     Averaged stats: entropy: 0.2230, loss: 1.3241, lr: 1.16e-04
     itm tta time 0:01:13
### TTA Eval Score: 
+-------+--------+--------+--------+--------+-------+
| epoch |   R1   |   R5   |  R10   |  mAP   |  mINP |
+-------+--------+--------+--------+--------+-------+
|  -999 | 60.631 | 77.519 | 83.268 | 35.542 | 6.004 |
|   0   | 61.659 | 77.418 | 83.217 | 36.098 | 6.111 |
|   1   | 61.815 | 77.534 | 83.222 | 36.096 | 6.008 |
|   2   | 61.936 | 77.585 | 83.278 | 36.097 | 5.969 |
|   3   | 61.850 | 77.660 | 83.243 | 36.098 | 6.050 |
|   4   | 61.840 | 77.554 | 83.187 | 36.025 | 6.096 |
|   5   | 61.900 | 77.590 | 83.303 | 36.161 | 6.009 |
|   6   | 61.785 | 77.549 | 83.182 | 36.061 | 6.091 |
+-------+--------+--------+--------+--------+-------+
     logs:  {'epo': 6, 'R1': np.float32(61.785), 'R5': np.float32(77.549), 'R10': np.float32(83.182), 'mAP': np.float32(36.061), 'mINP': np.float32(6.091), 'entropy': 0.22313837590627372, 'loss': 1.3149168901145458, 'lr': 0.00023963789566244602}
     Epoch[7] Iteration[10/320], entropy: 0.2615, loss: 1.3648, lr: 4.09e-04
     Epoch[7] Iteration[20/320], entropy: 0.2525, loss: 1.3540, lr: 4.82e-04
     Epoch[7] Iteration[30/320], entropy: 0.1436, loss: 1.2520, lr: 2.34e-04
     Epoch[7] Iteration[40/320], entropy: 0.2767, loss: 1.3585, lr: 7.85e-06
     Epoch[7] Iteration[50/320], entropy: 0.2109, loss: 1.2651, lr: 1.16e-04
     Epoch[7] Iteration[60/320], entropy: 0.2684, loss: 1.3114, lr: 4.09e-04
     Epoch[7] Iteration[70/320], entropy: 0.0891, loss: 1.1485, lr: 4.82e-04
     Epoch[7] Iteration[80/320], entropy: 0.1828, loss: 1.2493, lr: 2.34e-04
     Epoch[7] Iteration[90/320], entropy: 0.1798, loss: 1.2207, lr: 7.85e-06
     Epoch[7] Iteration[100/320], entropy: 0.2979, loss: 1.3755, lr: 1.16e-04
     Epoch[7] Iteration[110/320], entropy: 0.4193, loss: 1.5177, lr: 4.09e-04
     Epoch[7] Iteration[120/320], entropy: 0.2839, loss: 1.3397, lr: 4.82e-04
     Epoch[7] Iteration[130/320], entropy: 0.1360, loss: 1.2269, lr: 2.34e-04
     Epoch[7] Iteration[140/320], entropy: 0.1710, loss: 1.3000, lr: 7.85e-06
     Epoch[7] Iteration[150/320], entropy: 0.0676, loss: 1.1859, lr: 1.16e-04
     Epoch[7] Iteration[160/320], entropy: 0.2356, loss: 1.3198, lr: 4.09e-04
     Epoch[7] Iteration[170/320], entropy: 0.2332, loss: 1.3518, lr: 4.82e-04
     Epoch[7] Iteration[180/320], entropy: 0.1492, loss: 1.2483, lr: 2.34e-04
     Epoch[7] Iteration[190/320], entropy: 0.3347, loss: 1.4416, lr: 7.85e-06
     Epoch[7] Iteration[200/320], entropy: 0.1002, loss: 1.2353, lr: 1.16e-04
     Epoch[7] Iteration[210/320], entropy: 0.1004, loss: 1.2049, lr: 4.09e-04
     Epoch[7] Iteration[220/320], entropy: 0.1289, loss: 1.2436, lr: 4.82e-04
     Epoch[7] Iteration[230/320], entropy: 0.1775, loss: 1.3105, lr: 2.34e-04
     Epoch[7] Iteration[240/320], entropy: 0.3139, loss: 1.4120, lr: 7.85e-06
     Epoch[7] Iteration[250/320], entropy: 0.3088, loss: 1.3568, lr: 1.16e-04
     Epoch[7] Iteration[260/320], entropy: 0.1702, loss: 1.2709, lr: 4.09e-04
     Epoch[7] Iteration[270/320], entropy: 0.1772, loss: 1.2101, lr: 4.82e-04
     Epoch[7] Iteration[280/320], entropy: 0.2222, loss: 1.3636, lr: 2.34e-04
     Epoch[7] Iteration[290/320], entropy: 0.1981, loss: 1.2907, lr: 7.85e-06
     Epoch[7] Iteration[300/320], entropy: 0.1396, loss: 1.2587, lr: 1.16e-04
     Epoch[7] Iteration[310/320], entropy: 0.2967, loss: 1.4519, lr: 4.09e-04
     Epoch[7] Iteration[320/320], entropy: 0.1483, loss: 1.2219, lr: 4.82e-04
     Averaged stats: entropy: 0.1483, loss: 1.2219, lr: 4.82e-04
     itm tta time 0:00:47
### TTA Eval Score: 
+-------+--------+--------+--------+--------+-------+
| epoch |   R1   |   R5   |  R10   |  mAP   |  mINP |
+-------+--------+--------+--------+--------+-------+
|  -999 | 60.631 | 77.519 | 83.268 | 35.542 | 6.004 |
|   0   | 61.659 | 77.418 | 83.217 | 36.098 | 6.111 |
|   1   | 61.815 | 77.534 | 83.222 | 36.096 | 6.008 |
|   2   | 61.936 | 77.585 | 83.278 | 36.097 | 5.969 |
|   3   | 61.850 | 77.660 | 83.243 | 36.098 | 6.050 |
|   4   | 61.840 | 77.554 | 83.187 | 36.025 | 6.096 |
|   5   | 61.900 | 77.590 | 83.303 | 36.161 | 6.009 |
|   6   | 61.785 | 77.549 | 83.182 | 36.061 | 6.091 |
|   7   | 61.759 | 77.489 | 83.222 | 36.044 | 5.992 |
+-------+--------+--------+--------+--------+-------+
     logs:  {'epo': 7, 'R1': np.float32(61.759), 'R5': np.float32(77.489), 'R10': np.float32(83.222), 'mAP': np.float32(36.044), 'mINP': np.float32(5.992), 'entropy': 0.20861093327403069, 'loss': 1.3019466176629066, 'lr': 0.0002622437537159128}
     Epoch[8] Iteration[10/320], entropy: 0.2309, loss: 1.3697, lr: 2.34e-04
     Epoch[8] Iteration[20/320], entropy: 0.2020, loss: 1.3316, lr: 7.85e-06
     Epoch[8] Iteration[30/320], entropy: 0.2031, loss: 1.2803, lr: 1.16e-04
     Epoch[8] Iteration[40/320], entropy: 0.2228, loss: 1.3505, lr: 4.09e-04
     Epoch[8] Iteration[50/320], entropy: 0.2051, loss: 1.3481, lr: 4.82e-04
     Epoch[8] Iteration[60/320], entropy: 0.2961, loss: 1.4053, lr: 2.34e-04
     Epoch[8] Iteration[70/320], entropy: 0.1503, loss: 1.3042, lr: 7.85e-06
     Epoch[8] Iteration[80/320], entropy: 0.2894, loss: 1.3523, lr: 1.16e-04
     Epoch[8] Iteration[90/320], entropy: 0.2474, loss: 1.3323, lr: 4.09e-04
     Epoch[8] Iteration[100/320], entropy: 0.1333, loss: 1.2605, lr: 4.82e-04
     Epoch[8] Iteration[110/320], entropy: 0.1829, loss: 1.3198, lr: 2.34e-04
     Epoch[8] Iteration[120/320], entropy: 0.2676, loss: 1.3660, lr: 7.85e-06
     Epoch[8] Iteration[130/320], entropy: 0.3810, loss: 1.4274, lr: 1.16e-04
     Epoch[8] Iteration[140/320], entropy: 0.2233, loss: 1.3398, lr: 4.09e-04
     Epoch[8] Iteration[150/320], entropy: 0.2836, loss: 1.4428, lr: 4.82e-04
     Epoch[8] Iteration[160/320], entropy: 0.0992, loss: 1.1549, lr: 2.34e-04
     Epoch[8] Iteration[170/320], entropy: 0.2244, loss: 1.2824, lr: 7.85e-06
     Epoch[8] Iteration[180/320], entropy: 0.3085, loss: 1.4409, lr: 1.16e-04
     Epoch[8] Iteration[190/320], entropy: 0.1765, loss: 1.2406, lr: 4.09e-04
     Epoch[8] Iteration[200/320], entropy: 0.1171, loss: 1.2435, lr: 4.82e-04
     Epoch[8] Iteration[210/320], entropy: 0.2571, loss: 1.3413, lr: 2.34e-04
     Epoch[8] Iteration[220/320], entropy: 0.2612, loss: 1.3772, lr: 7.85e-06
     Epoch[8] Iteration[230/320], entropy: 0.2932, loss: 1.4077, lr: 1.16e-04
     Epoch[8] Iteration[240/320], entropy: 0.2184, loss: 1.3191, lr: 4.09e-04
     Epoch[8] Iteration[250/320], entropy: 0.1335, loss: 1.2221, lr: 4.82e-04
     Epoch[8] Iteration[260/320], entropy: 0.2773, loss: 1.3801, lr: 2.34e-04
     Epoch[8] Iteration[270/320], entropy: 0.0944, loss: 1.2131, lr: 7.85e-06
     Epoch[8] Iteration[280/320], entropy: 0.2271, loss: 1.3297, lr: 1.16e-04
     Epoch[8] Iteration[290/320], entropy: 0.1423, loss: 1.2192, lr: 4.09e-04
     Epoch[8] Iteration[300/320], entropy: 0.1246, loss: 1.1781, lr: 4.82e-04
     Epoch[8] Iteration[310/320], entropy: 0.2222, loss: 1.3357, lr: 2.34e-04
     Epoch[8] Iteration[320/320], entropy: 0.3007, loss: 1.3978, lr: 7.85e-06
     Averaged stats: entropy: 0.3007, loss: 1.3978, lr: 7.85e-06
     itm tta time 0:00:51
### TTA Eval Score: 
+-------+--------+--------+--------+--------+-------+
| epoch |   R1   |   R5   |  R10   |  mAP   |  mINP |
+-------+--------+--------+--------+--------+-------+
|  -999 | 60.631 | 77.519 | 83.268 | 35.542 | 6.004 |
|   0   | 61.659 | 77.418 | 83.217 | 36.098 | 6.111 |
|   1   | 61.815 | 77.534 | 83.222 | 36.096 | 6.008 |
|   2   | 61.936 | 77.585 | 83.278 | 36.097 | 5.969 |
|   3   | 61.850 | 77.660 | 83.243 | 36.098 | 6.050 |
|   4   | 61.840 | 77.554 | 83.187 | 36.025 | 6.096 |
|   5   | 61.900 | 77.590 | 83.303 | 36.161 | 6.009 |
|   6   | 61.785 | 77.549 | 83.182 | 36.061 | 6.091 |
|   7   | 61.759 | 77.489 | 83.222 | 36.044 | 5.992 |
|   8   | 61.790 | 77.459 | 83.142 | 36.104 | 6.079 |
+-------+--------+--------+--------+--------+-------+
     logs:  {'epo': 8, 'R1': np.float32(61.79), 'R5': np.float32(77.459), 'R10': np.float32(83.142), 'mAP': np.float32(36.104), 'mINP': np.float32(6.079), 'entropy': 0.21864361758343875, 'loss': 1.322321180254221, 'lr': 0.0002419423931198593}
     Epoch[9] Iteration[10/320], entropy: 0.1958, loss: 1.2836, lr: 1.16e-04
     Epoch[9] Iteration[20/320], entropy: 0.1500, loss: 1.2626, lr: 4.09e-04
     Epoch[9] Iteration[30/320], entropy: 0.1199, loss: 1.2254, lr: 4.82e-04
     Epoch[9] Iteration[40/320], entropy: 0.1727, loss: 1.3148, lr: 2.34e-04
     Epoch[9] Iteration[50/320], entropy: 0.2139, loss: 1.3306, lr: 7.85e-06
     Epoch[9] Iteration[60/320], entropy: 0.2194, loss: 1.3552, lr: 1.16e-04
     Epoch[9] Iteration[70/320], entropy: 0.2637, loss: 1.3618, lr: 4.09e-04
     Epoch[9] Iteration[80/320], entropy: 0.1668, loss: 1.3658, lr: 4.82e-04
     Epoch[9] Iteration[90/320], entropy: 0.2729, loss: 1.3760, lr: 2.34e-04
     Epoch[9] Iteration[100/320], entropy: 0.1975, loss: 1.2972, lr: 7.85e-06
     Epoch[9] Iteration[110/320], entropy: 0.2093, loss: 1.3162, lr: 1.16e-04
     Epoch[9] Iteration[120/320], entropy: 0.3899, loss: 1.4857, lr: 4.09e-04
     Epoch[9] Iteration[130/320], entropy: 0.2102, loss: 1.3106, lr: 4.82e-04
     Epoch[9] Iteration[140/320], entropy: 0.1198, loss: 1.2251, lr: 2.34e-04
     Epoch[9] Iteration[150/320], entropy: 0.0831, loss: 1.1903, lr: 7.85e-06
     Epoch[9] Iteration[160/320], entropy: 0.1564, loss: 1.2492, lr: 1.16e-04
     Epoch[9] Iteration[170/320], entropy: 0.2623, loss: 1.3821, lr: 4.09e-04
     Epoch[9] Iteration[180/320], entropy: 0.0738, loss: 1.1605, lr: 4.82e-04
     Epoch[9] Iteration[190/320], entropy: 0.1727, loss: 1.2644, lr: 2.34e-04
     Epoch[9] Iteration[200/320], entropy: 0.1524, loss: 1.1877, lr: 7.85e-06
     Epoch[9] Iteration[210/320], entropy: 0.2815, loss: 1.3671, lr: 1.16e-04
     Epoch[9] Iteration[220/320], entropy: 0.2002, loss: 1.2823, lr: 4.09e-04
     Epoch[9] Iteration[230/320], entropy: 0.2444, loss: 1.3218, lr: 4.82e-04
     Epoch[9] Iteration[240/320], entropy: 0.2332, loss: 1.3250, lr: 2.34e-04
     Epoch[9] Iteration[250/320], entropy: 0.1550, loss: 1.2322, lr: 7.85e-06
     Epoch[9] Iteration[260/320], entropy: 0.1922, loss: 1.3070, lr: 1.16e-04
     Epoch[9] Iteration[270/320], entropy: 0.2198, loss: 1.3182, lr: 4.09e-04
     Epoch[9] Iteration[280/320], entropy: 0.2881, loss: 1.3360, lr: 4.82e-04
     Epoch[9] Iteration[290/320], entropy: 0.1528, loss: 1.2353, lr: 2.34e-04
     Epoch[9] Iteration[300/320], entropy: 0.2153, loss: 1.2974, lr: 7.85e-06
     Epoch[9] Iteration[310/320], entropy: 0.1576, loss: 1.2794, lr: 1.16e-04
     Epoch[9] Iteration[320/320], entropy: 0.3041, loss: 1.4186, lr: 4.09e-04
     Averaged stats: entropy: 0.3041, loss: 1.4186, lr: 4.09e-04
     itm tta time 0:00:54
### TTA Eval Score: 
+-------+--------+--------+--------+--------+-------+
| epoch |   R1   |   R5   |  R10   |  mAP   |  mINP |
+-------+--------+--------+--------+--------+-------+
|  -999 | 60.631 | 77.519 | 83.268 | 35.542 | 6.004 |
|   0   | 61.659 | 77.418 | 83.217 | 36.098 | 6.111 |
|   1   | 61.815 | 77.534 | 83.222 | 36.096 | 6.008 |
|   2   | 61.936 | 77.585 | 83.278 | 36.097 | 5.969 |
|   3   | 61.850 | 77.660 | 83.243 | 36.098 | 6.050 |
|   4   | 61.840 | 77.554 | 83.187 | 36.025 | 6.096 |
|   5   | 61.900 | 77.590 | 83.303 | 36.161 | 6.009 |
|   6   | 61.785 | 77.549 | 83.182 | 36.061 | 6.091 |
|   7   | 61.759 | 77.489 | 83.222 | 36.044 | 5.992 |
|   8   | 61.790 | 77.459 | 83.142 | 36.104 | 6.079 |
|   9   | 61.774 | 77.474 | 83.127 | 36.034 | 6.009 |
+-------+--------+--------+--------+--------+-------+
     logs:  {'epo': 9, 'R1': np.float32(61.774), 'R5': np.float32(77.474), 'R10': np.float32(83.127), 'mAP': np.float32(36.034), 'mINP': np.float32(6.009), 'entropy': 0.2014480782672763, 'loss': 1.3020363487303257, 'lr': 0.0002507937280841371}
     Epoch[10] Iteration[10/320], entropy: 0.2417, loss: 1.3154, lr: 4.82e-04
     Epoch[10] Iteration[20/320], entropy: 0.1024, loss: 1.1688, lr: 2.34e-04
     Epoch[10] Iteration[30/320], entropy: 0.2465, loss: 1.3809, lr: 7.85e-06
     Epoch[10] Iteration[40/320], entropy: 0.1881, loss: 1.2906, lr: 1.16e-04
     Epoch[10] Iteration[50/320], entropy: 0.3126, loss: 1.3939, lr: 4.09e-04
     Epoch[10] Iteration[60/320], entropy: 0.3074, loss: 1.4168, lr: 4.82e-04
     Epoch[10] Iteration[70/320], entropy: 0.1459, loss: 1.2704, lr: 2.34e-04
     Epoch[10] Iteration[80/320], entropy: 0.1734, loss: 1.2588, lr: 7.85e-06
     Epoch[10] Iteration[90/320], entropy: 0.1921, loss: 1.2911, lr: 1.16e-04
     Epoch[10] Iteration[100/320], entropy: 0.2987, loss: 1.3423, lr: 4.09e-04
     Epoch[10] Iteration[110/320], entropy: 0.2478, loss: 1.3784, lr: 4.82e-04
     Epoch[10] Iteration[120/320], entropy: 0.1244, loss: 1.2945, lr: 2.34e-04
     Epoch[10] Iteration[130/320], entropy: 0.2013, loss: 1.3143, lr: 7.85e-06
     Epoch[10] Iteration[140/320], entropy: 0.1807, loss: 1.2481, lr: 1.16e-04
     Epoch[10] Iteration[150/320], entropy: 0.1061, loss: 1.1676, lr: 4.09e-04
     Epoch[10] Iteration[160/320], entropy: 0.1812, loss: 1.2433, lr: 4.82e-04
     Epoch[10] Iteration[170/320], entropy: 0.1633, loss: 1.2622, lr: 2.34e-04
     Epoch[10] Iteration[180/320], entropy: 0.3550, loss: 1.5005, lr: 7.85e-06
     Epoch[10] Iteration[190/320], entropy: 0.2387, loss: 1.3457, lr: 1.16e-04
     Epoch[10] Iteration[200/320], entropy: 0.3038, loss: 1.4264, lr: 4.09e-04
     Epoch[10] Iteration[210/320], entropy: 0.0962, loss: 1.1970, lr: 4.82e-04
     Epoch[10] Iteration[220/320], entropy: 0.2402, loss: 1.3638, lr: 2.34e-04
     Epoch[10] Iteration[230/320], entropy: 0.2590, loss: 1.3520, lr: 7.85e-06
     Epoch[10] Iteration[240/320], entropy: 0.1387, loss: 1.2401, lr: 1.16e-04
     Epoch[10] Iteration[250/320], entropy: 0.0783, loss: 1.1528, lr: 4.09e-04
     Epoch[10] Iteration[260/320], entropy: 0.2229, loss: 1.3222, lr: 4.82e-04
     Epoch[10] Iteration[270/320], entropy: 0.3342, loss: 1.4252, lr: 2.34e-04
     Epoch[10] Iteration[280/320], entropy: 0.1162, loss: 1.2476, lr: 7.85e-06
     Epoch[10] Iteration[290/320], entropy: 0.1413, loss: 1.3086, lr: 1.16e-04
     Epoch[10] Iteration[300/320], entropy: 0.2008, loss: 1.2906, lr: 4.09e-04
     Epoch[10] Iteration[310/320], entropy: 0.1987, loss: 1.2541, lr: 4.82e-04
     Epoch[10] Iteration[320/320], entropy: 0.1753, loss: 1.2507, lr: 2.34e-04
     Averaged stats: entropy: 0.1753, loss: 1.2507, lr: 2.34e-04
     itm tta time 0:00:54
### TTA Eval Score: 
+-------+--------+--------+--------+--------+-------+
| epoch |   R1   |   R5   |  R10   |  mAP   |  mINP |
+-------+--------+--------+--------+--------+-------+
|  -999 | 60.631 | 77.519 | 83.268 | 35.542 | 6.004 |
|   0   | 61.659 | 77.418 | 83.217 | 36.098 | 6.111 |
|   1   | 61.815 | 77.534 | 83.222 | 36.096 | 6.008 |
|   2   | 61.936 | 77.585 | 83.278 | 36.097 | 5.969 |
|   3   | 61.850 | 77.660 | 83.243 | 36.098 | 6.050 |
|   4   | 61.840 | 77.554 | 83.187 | 36.025 | 6.096 |
|   5   | 61.900 | 77.590 | 83.303 | 36.161 | 6.009 |
|   6   | 61.785 | 77.549 | 83.182 | 36.061 | 6.091 |
|   7   | 61.759 | 77.489 | 83.222 | 36.044 | 5.992 |
|   8   | 61.790 | 77.459 | 83.142 | 36.104 | 6.079 |
|   9   | 61.774 | 77.474 | 83.127 | 36.034 | 6.009 |
|   10  | 61.951 | 77.484 | 83.217 | 36.042 | 6.024 |
+-------+--------+--------+--------+--------+-------+
     logs:  {'epo': 10, 'R1': np.float32(61.951), 'R5': np.float32(77.484), 'R10': np.float32(83.217), 'mAP': np.float32(36.042), 'mINP': np.float32(6.024), 'entropy': 0.2035271713975817, 'loss': 1.3035807982087135, 'lr': 0.00025677332786217704}
     Epoch[11] Iteration[10/320], entropy: 0.3015, loss: 1.3601, lr: 7.85e-06
     Epoch[11] Iteration[20/320], entropy: 0.1607, loss: 1.2449, lr: 1.16e-04
     Epoch[11] Iteration[30/320], entropy: 0.1419, loss: 1.2053, lr: 4.09e-04
     Epoch[11] Iteration[40/320], entropy: 0.1068, loss: 1.1733, lr: 4.82e-04
     Epoch[11] Iteration[50/320], entropy: 0.2213, loss: 1.3027, lr: 2.34e-04
     Epoch[11] Iteration[60/320], entropy: 0.1675, loss: 1.2810, lr: 7.85e-06
     Epoch[11] Iteration[70/320], entropy: 0.2729, loss: 1.3765, lr: 1.16e-04
     Epoch[11] Iteration[80/320], entropy: 0.1529, loss: 1.2712, lr: 4.09e-04
     Epoch[11] Iteration[90/320], entropy: 0.1168, loss: 1.2819, lr: 4.82e-04
     Epoch[11] Iteration[100/320], entropy: 0.1631, loss: 1.2339, lr: 2.34e-04
     Epoch[11] Iteration[110/320], entropy: 0.2511, loss: 1.3472, lr: 7.85e-06
     Epoch[11] Iteration[120/320], entropy: 0.1595, loss: 1.2664, lr: 1.16e-04
     Epoch[11] Iteration[130/320], entropy: 0.3064, loss: 1.4191, lr: 4.09e-04
     Epoch[11] Iteration[140/320], entropy: 0.1648, loss: 1.2511, lr: 4.82e-04
     Epoch[11] Iteration[150/320], entropy: 0.1616, loss: 1.2652, lr: 2.34e-04
     Epoch[11] Iteration[160/320], entropy: 0.3936, loss: 1.4741, lr: 7.85e-06
     Epoch[11] Iteration[170/320], entropy: 0.2301, loss: 1.3267, lr: 1.16e-04
     Epoch[11] Iteration[180/320], entropy: 0.2047, loss: 1.2859, lr: 4.09e-04
     Epoch[11] Iteration[190/320], entropy: 0.0893, loss: 1.1880, lr: 4.82e-04
     Epoch[11] Iteration[200/320], entropy: 0.2071, loss: 1.3339, lr: 2.34e-04
     Epoch[11] Iteration[210/320], entropy: 0.0996, loss: 1.1560, lr: 7.85e-06
     Epoch[11] Iteration[220/320], entropy: 0.0901, loss: 1.2167, lr: 1.16e-04
     Epoch[11] Iteration[230/320], entropy: 0.2064, loss: 1.3322, lr: 4.09e-04
     Epoch[11] Iteration[240/320], entropy: 0.2291, loss: 1.3400, lr: 4.82e-04
     Epoch[11] Iteration[250/320], entropy: 0.2539, loss: 1.3525, lr: 2.34e-04
     Epoch[11] Iteration[260/320], entropy: 0.2929, loss: 1.3843, lr: 7.85e-06
     Epoch[11] Iteration[270/320], entropy: 0.1694, loss: 1.2155, lr: 1.16e-04
     Epoch[11] Iteration[280/320], entropy: 0.1863, loss: 1.3220, lr: 4.09e-04
     Epoch[11] Iteration[290/320], entropy: 0.1298, loss: 1.1753, lr: 4.82e-04
     Epoch[11] Iteration[300/320], entropy: 0.3164, loss: 1.4060, lr: 2.34e-04
     Epoch[11] Iteration[310/320], entropy: 0.2690, loss: 1.3801, lr: 7.85e-06
     Epoch[11] Iteration[320/320], entropy: 0.1598, loss: 1.2910, lr: 1.16e-04
     Averaged stats: entropy: 0.1598, loss: 1.2910, lr: 1.16e-04
     itm tta time 0:00:54
### TTA Eval Score: 
+-------+--------+--------+--------+--------+-------+
| epoch |   R1   |   R5   |  R10   |  mAP   |  mINP |
+-------+--------+--------+--------+--------+-------+
|  -999 | 60.631 | 77.519 | 83.268 | 35.542 | 6.004 |
|   0   | 61.659 | 77.418 | 83.217 | 36.098 | 6.111 |
|   1   | 61.815 | 77.534 | 83.222 | 36.096 | 6.008 |
|   2   | 61.936 | 77.585 | 83.278 | 36.097 | 5.969 |
|   3   | 61.850 | 77.660 | 83.243 | 36.098 | 6.050 |
|   4   | 61.840 | 77.554 | 83.187 | 36.025 | 6.096 |
|   5   | 61.900 | 77.590 | 83.303 | 36.161 | 6.009 |
|   6   | 61.785 | 77.549 | 83.182 | 36.061 | 6.091 |
|   7   | 61.759 | 77.489 | 83.222 | 36.044 | 5.992 |
|   8   | 61.790 | 77.459 | 83.142 | 36.104 | 6.079 |
|   9   | 61.774 | 77.474 | 83.127 | 36.034 | 6.009 |
|   10  | 61.951 | 77.484 | 83.217 | 36.042 | 6.024 |
|   11  | 61.880 | 77.418 | 83.142 | 36.102 | 5.978 |
+-------+--------+--------+--------+--------+-------+
     logs:  {'epo': 11, 'R1': np.float32(61.88), 'R5': np.float32(77.418), 'R10': np.float32(83.142), 'mAP': np.float32(36.102), 'mINP': np.float32(5.978), 'entropy': 0.19925912423059344, 'loss': 1.2956278547644615, 'lr': 0.00023824679721790655}
     Epoch[12] Iteration[10/320], entropy: 0.1878, loss: 1.2824, lr: 4.09e-04
     Epoch[12] Iteration[20/320], entropy: 0.1056, loss: 1.1795, lr: 4.82e-04
     Epoch[12] Iteration[30/320], entropy: 0.2213, loss: 1.3904, lr: 2.34e-04
     Epoch[12] Iteration[40/320], entropy: 0.2643, loss: 1.3156, lr: 7.85e-06
     Epoch[12] Iteration[50/320], entropy: 0.1812, loss: 1.3030, lr: 1.16e-04
     Epoch[12] Iteration[60/320], entropy: 0.1787, loss: 1.2583, lr: 4.09e-04
     Epoch[12] Iteration[70/320], entropy: 0.1012, loss: 1.2153, lr: 4.82e-04
     Epoch[12] Iteration[80/320], entropy: 0.1335, loss: 1.2486, lr: 2.34e-04
     Epoch[12] Iteration[90/320], entropy: 0.3359, loss: 1.4343, lr: 7.85e-06
     Epoch[12] Iteration[100/320], entropy: 0.1067, loss: 1.2146, lr: 1.16e-04
     Epoch[12] Iteration[110/320], entropy: 0.2756, loss: 1.4097, lr: 4.09e-04
     Epoch[12] Iteration[120/320], entropy: 0.2155, loss: 1.3320, lr: 4.82e-04
     Epoch[12] Iteration[130/320], entropy: 0.1568, loss: 1.2519, lr: 2.34e-04
     Epoch[12] Iteration[140/320], entropy: 0.1124, loss: 1.2428, lr: 7.85e-06
     Epoch[12] Iteration[150/320], entropy: 0.1373, loss: 1.2571, lr: 1.16e-04
     Epoch[12] Iteration[160/320], entropy: 0.3062, loss: 1.4264, lr: 4.09e-04
     Epoch[12] Iteration[170/320], entropy: 0.1649, loss: 1.2624, lr: 4.92e-04
     Epoch[12] Iteration[180/320], entropy: 0.2206, loss: 1.3018, lr: 2.66e-04
     Epoch[12] Iteration[190/320], entropy: 0.1822, loss: 1.2085, lr: 1.76e-05
     Epoch[12] Iteration[200/320], entropy: 0.1566, loss: 1.2239, lr: 9.06e-05
     Epoch[12] Iteration[210/320], entropy: 0.1907, loss: 1.2500, lr: 3.84e-04
     Epoch[12] Iteration[220/320], entropy: 0.0850, loss: 1.2124, lr: 4.92e-04
     Epoch[12] Iteration[230/320], entropy: 0.1579, loss: 1.2572, lr: 2.66e-04
     Epoch[12] Iteration[240/320], entropy: 0.1572, loss: 1.2819, lr: 1.76e-05
     Epoch[12] Iteration[250/320], entropy: 0.1279, loss: 1.2009, lr: 9.06e-05
     Epoch[12] Iteration[260/320], entropy: 0.2505, loss: 1.3595, lr: 3.84e-04
     Epoch[12] Iteration[270/320], entropy: 0.2808, loss: 1.3579, lr: 4.92e-04
     Epoch[12] Iteration[280/320], entropy: 0.1063, loss: 1.2846, lr: 2.66e-04
     Epoch[12] Iteration[290/320], entropy: 0.0951, loss: 1.2103, lr: 1.76e-05
     Epoch[12] Iteration[300/320], entropy: 0.2371, loss: 1.3127, lr: 9.06e-05
     Epoch[12] Iteration[310/320], entropy: 0.2918, loss: 1.4017, lr: 3.84e-04
     Epoch[12] Iteration[320/320], entropy: 0.1636, loss: 1.2436, lr: 4.92e-04
     Averaged stats: entropy: 0.1636, loss: 1.2436, lr: 4.92e-04
     itm tta time 0:00:52
### TTA Eval Score: 
+-------+--------+--------+--------+--------+-------+
| epoch |   R1   |   R5   |  R10   |  mAP   |  mINP |
+-------+--------+--------+--------+--------+-------+
|  -999 | 60.631 | 77.519 | 83.268 | 35.542 | 6.004 |
|   0   | 61.659 | 77.418 | 83.217 | 36.098 | 6.111 |
|   1   | 61.815 | 77.534 | 83.222 | 36.096 | 6.008 |
|   2   | 61.936 | 77.585 | 83.278 | 36.097 | 5.969 |
|   3   | 61.850 | 77.660 | 83.243 | 36.098 | 6.050 |
|   4   | 61.840 | 77.554 | 83.187 | 36.025 | 6.096 |
|   5   | 61.900 | 77.590 | 83.303 | 36.161 | 6.009 |
|   6   | 61.785 | 77.549 | 83.182 | 36.061 | 6.091 |
|   7   | 61.759 | 77.489 | 83.222 | 36.044 | 5.992 |
|   8   | 61.790 | 77.459 | 83.142 | 36.104 | 6.079 |
|   9   | 61.774 | 77.474 | 83.127 | 36.034 | 6.009 |
|   10  | 61.951 | 77.484 | 83.217 | 36.042 | 6.024 |
|   11  | 61.880 | 77.418 | 83.142 | 36.102 | 5.978 |
|   12  | 61.870 | 77.484 | 83.187 | 36.058 | 6.002 |
+-------+--------+--------+--------+--------+-------+
     logs:  {'epo': 12, 'R1': np.float32(61.87), 'R5': np.float32(77.484), 'R10': np.float32(83.187), 'mAP': np.float32(36.058), 'mINP': np.float32(6.002), 'entropy': 0.18401849502697587, 'loss': 1.2853453308343887, 'lr': 0.0002625469308662294}
     Epoch[13] Iteration[10/320], entropy: 0.1831, loss: 1.2454, lr: 2.66e-04
     Epoch[13] Iteration[20/320], entropy: 0.2219, loss: 1.2942, lr: 1.76e-05
     Epoch[13] Iteration[30/320], entropy: 0.2629, loss: 1.3865, lr: 9.06e-05
     Epoch[13] Iteration[40/320], entropy: 0.2223, loss: 1.3252, lr: 3.84e-04
     Epoch[13] Iteration[50/320], entropy: 0.1684, loss: 1.2566, lr: 4.92e-04
     Epoch[13] Iteration[60/320], entropy: 0.1463, loss: 1.2118, lr: 2.66e-04
     Epoch[13] Iteration[70/320], entropy: 0.1832, loss: 1.3122, lr: 1.76e-05
     Epoch[13] Iteration[80/320], entropy: 0.2732, loss: 1.3627, lr: 9.06e-05
     Epoch[13] Iteration[90/320], entropy: 0.2351, loss: 1.3659, lr: 3.84e-04
     Epoch[13] Iteration[100/320], entropy: 0.2587, loss: 1.3699, lr: 4.92e-04
     Epoch[13] Iteration[110/320], entropy: 0.1038, loss: 1.1844, lr: 2.66e-04
     Epoch[13] Iteration[120/320], entropy: 0.1853, loss: 1.2993, lr: 1.76e-05
     Epoch[13] Iteration[130/320], entropy: 0.2510, loss: 1.3574, lr: 9.06e-05
     Epoch[13] Iteration[140/320], entropy: 0.1497, loss: 1.2574, lr: 3.84e-04
     Epoch[13] Iteration[150/320], entropy: 0.0678, loss: 1.1647, lr: 4.92e-04
     Epoch[13] Iteration[160/320], entropy: 0.3560, loss: 1.5235, lr: 2.66e-04
     Epoch[13] Iteration[170/320], entropy: 0.1841, loss: 1.2569, lr: 1.76e-05
     Epoch[13] Iteration[180/320], entropy: 0.2357, loss: 1.2880, lr: 9.06e-05
     Epoch[13] Iteration[190/320], entropy: 0.1198, loss: 1.1984, lr: 3.84e-04
     Epoch[13] Iteration[200/320], entropy: 0.1019, loss: 1.1672, lr: 4.92e-04
     Epoch[13] Iteration[210/320], entropy: 0.1930, loss: 1.2565, lr: 2.66e-04
     Epoch[13] Iteration[220/320], entropy: 0.1777, loss: 1.2906, lr: 1.76e-05
     Epoch[13] Iteration[230/320], entropy: 0.2043, loss: 1.3006, lr: 9.06e-05
     Epoch[13] Iteration[240/320], entropy: 0.0835, loss: 1.2078, lr: 3.84e-04
     Epoch[13] Iteration[250/320], entropy: 0.1978, loss: 1.2768, lr: 4.92e-04
     Epoch[13] Iteration[260/320], entropy: 0.1743, loss: 1.2504, lr: 2.66e-04
     Epoch[13] Iteration[270/320], entropy: 0.1878, loss: 1.2806, lr: 1.76e-05
     Epoch[13] Iteration[280/320], entropy: 0.2258, loss: 1.3417, lr: 9.06e-05
     Epoch[13] Iteration[290/320], entropy: 0.2490, loss: 1.2827, lr: 3.84e-04
     Epoch[13] Iteration[300/320], entropy: 0.1239, loss: 1.2366, lr: 4.92e-04
     Epoch[13] Iteration[310/320], entropy: 0.2193, loss: 1.3276, lr: 2.66e-04
     Epoch[13] Iteration[320/320], entropy: 0.2215, loss: 1.2951, lr: 1.76e-05
     Averaged stats: entropy: 0.2215, loss: 1.2951, lr: 1.76e-05
     itm tta time 0:00:54
### TTA Eval Score: 
+-------+--------+--------+--------+--------+-------+
| epoch |   R1   |   R5   |  R10   |  mAP   |  mINP |
+-------+--------+--------+--------+--------+-------+
|  -999 | 60.631 | 77.519 | 83.268 | 35.542 | 6.004 |
|   0   | 61.659 | 77.418 | 83.217 | 36.098 | 6.111 |
|   1   | 61.815 | 77.534 | 83.222 | 36.096 | 6.008 |
|   2   | 61.936 | 77.585 | 83.278 | 36.097 | 5.969 |
|   3   | 61.850 | 77.660 | 83.243 | 36.098 | 6.050 |
|   4   | 61.840 | 77.554 | 83.187 | 36.025 | 6.096 |
|   5   | 61.900 | 77.590 | 83.303 | 36.161 | 6.009 |
|   6   | 61.785 | 77.549 | 83.182 | 36.061 | 6.091 |
|   7   | 61.759 | 77.489 | 83.222 | 36.044 | 5.992 |
|   8   | 61.790 | 77.459 | 83.142 | 36.104 | 6.079 |
|   9   | 61.774 | 77.474 | 83.127 | 36.034 | 6.009 |
|   10  | 61.951 | 77.484 | 83.217 | 36.042 | 6.024 |
|   11  | 61.880 | 77.418 | 83.142 | 36.102 | 5.978 |
|   12  | 61.870 | 77.484 | 83.187 | 36.058 | 6.002 |
|   13  | 61.754 | 77.534 | 83.122 | 35.979 | 5.954 |
+-------+--------+--------+--------+--------+-------+
     logs:  {'epo': 13, 'R1': np.float32(61.754), 'R5': np.float32(77.534), 'R10': np.float32(83.122), 'mAP': np.float32(35.979), 'mINP': np.float32(5.954), 'entropy': 0.19275894528254867, 'loss': 1.2867081500589848, 'lr': 0.00024322667213782308}
     Epoch[14] Iteration[10/320], entropy: 0.1117, loss: 1.1884, lr: 9.06e-05
     Epoch[14] Iteration[20/320], entropy: 0.1148, loss: 1.2307, lr: 3.84e-04
     Epoch[14] Iteration[30/320], entropy: 0.2655, loss: 1.3509, lr: 4.92e-04
     Epoch[14] Iteration[40/320], entropy: 0.1412, loss: 1.2617, lr: 2.66e-04
     Epoch[14] Iteration[50/320], entropy: 0.1590, loss: 1.2543, lr: 1.76e-05
     Epoch[14] Iteration[60/320], entropy: 0.2516, loss: 1.3203, lr: 9.06e-05
     Epoch[14] Iteration[70/320], entropy: 0.2092, loss: 1.3125, lr: 3.84e-04
     Epoch[14] Iteration[80/320], entropy: 0.2113, loss: 1.2866, lr: 4.92e-04
     Epoch[14] Iteration[90/320], entropy: 0.1282, loss: 1.2165, lr: 2.66e-04
     Epoch[14] Iteration[100/320], entropy: 0.1947, loss: 1.2611, lr: 1.76e-05
     Epoch[14] Iteration[110/320], entropy: 0.1431, loss: 1.2463, lr: 9.06e-05
     Epoch[14] Iteration[120/320], entropy: 0.3372, loss: 1.4022, lr: 3.84e-04
     Epoch[14] Iteration[130/320], entropy: 0.2268, loss: 1.3652, lr: 4.92e-04
     Epoch[14] Iteration[140/320], entropy: 0.2296, loss: 1.3428, lr: 2.66e-04
     Epoch[14] Iteration[150/320], entropy: 0.0830, loss: 1.1949, lr: 1.76e-05
     Epoch[14] Iteration[160/320], entropy: 0.0898, loss: 1.2344, lr: 9.06e-05
     Epoch[14] Iteration[170/320], entropy: 0.2262, loss: 1.3363, lr: 3.84e-04
     Epoch[14] Iteration[180/320], entropy: 0.0937, loss: 1.1434, lr: 4.92e-04
     Epoch[14] Iteration[190/320], entropy: 0.2025, loss: 1.3014, lr: 2.66e-04
     Epoch[14] Iteration[200/320], entropy: 0.1956, loss: 1.3584, lr: 1.76e-05
     Epoch[14] Iteration[210/320], entropy: 0.2113, loss: 1.3341, lr: 9.06e-05
     Epoch[14] Iteration[220/320], entropy: 0.2335, loss: 1.3451, lr: 3.84e-04
     Epoch[14] Iteration[230/320], entropy: 0.2895, loss: 1.3577, lr: 4.92e-04
     Epoch[14] Iteration[240/320], entropy: 0.0954, loss: 1.1802, lr: 2.66e-04
     Epoch[14] Iteration[250/320], entropy: 0.2107, loss: 1.3119, lr: 1.76e-05
     Epoch[14] Iteration[260/320], entropy: 0.1740, loss: 1.3446, lr: 9.06e-05
     Epoch[14] Iteration[270/320], entropy: 0.3411, loss: 1.4313, lr: 3.84e-04
     Epoch[14] Iteration[280/320], entropy: 0.1338, loss: 1.2034, lr: 4.92e-04
     Epoch[14] Iteration[290/320], entropy: 0.1321, loss: 1.2474, lr: 2.66e-04
     Epoch[14] Iteration[300/320], entropy: 0.2903, loss: 1.4012, lr: 1.76e-05
     Epoch[14] Iteration[310/320], entropy: 0.1957, loss: 1.2767, lr: 9.06e-05
     Epoch[14] Iteration[320/320], entropy: 0.1243, loss: 1.1996, lr: 3.84e-04
     Averaged stats: entropy: 0.1243, loss: 1.1996, lr: 3.84e-04
     itm tta time 0:00:53
### TTA Eval Score: 
+-------+--------+--------+--------+--------+-------+
| epoch |   R1   |   R5   |  R10   |  mAP   |  mINP |
+-------+--------+--------+--------+--------+-------+
|  -999 | 60.631 | 77.519 | 83.268 | 35.542 | 6.004 |
|   0   | 61.659 | 77.418 | 83.217 | 36.098 | 6.111 |
|   1   | 61.815 | 77.534 | 83.222 | 36.096 | 6.008 |
|   2   | 61.936 | 77.585 | 83.278 | 36.097 | 5.969 |
|   3   | 61.850 | 77.660 | 83.243 | 36.098 | 6.050 |
|   4   | 61.840 | 77.554 | 83.187 | 36.025 | 6.096 |
|   5   | 61.900 | 77.590 | 83.303 | 36.161 | 6.009 |
|   6   | 61.785 | 77.549 | 83.182 | 36.061 | 6.091 |
|   7   | 61.759 | 77.489 | 83.222 | 36.044 | 5.992 |
|   8   | 61.790 | 77.459 | 83.142 | 36.104 | 6.079 |
|   9   | 61.774 | 77.474 | 83.127 | 36.034 | 6.009 |
|   10  | 61.951 | 77.484 | 83.217 | 36.042 | 6.024 |
|   11  | 61.880 | 77.418 | 83.142 | 36.102 | 5.978 |
|   12  | 61.870 | 77.484 | 83.187 | 36.058 | 6.002 |
|   13  | 61.754 | 77.534 | 83.122 | 35.979 | 5.954 |
|   14  | 61.774 | 77.469 | 83.086 | 35.931 | 5.972 |
+-------+--------+--------+--------+--------+-------+
     logs:  {'epo': 14, 'R1': np.float32(61.774), 'R5': np.float32(77.469), 'R10': np.float32(83.086), 'mAP': np.float32(35.931), 'mINP': np.float32(5.972), 'entropy': 0.18894580472260714, 'loss': 1.2887971699237823, 'lr': 0.00024920627191586436}
     Epoch[15] Iteration[10/320], entropy: 0.1053, loss: 1.1782, lr: 4.92e-04
     Epoch[15] Iteration[20/320], entropy: 0.2490, loss: 1.3343, lr: 2.66e-04
     Epoch[15] Iteration[30/320], entropy: 0.2468, loss: 1.3391, lr: 1.76e-05
     Epoch[15] Iteration[40/320], entropy: 0.1836, loss: 1.2573, lr: 9.06e-05
     Epoch[15] Iteration[50/320], entropy: 0.1820, loss: 1.3093, lr: 3.84e-04
     Epoch[15] Iteration[60/320], entropy: 0.2730, loss: 1.3544, lr: 4.92e-04
     Epoch[15] Iteration[70/320], entropy: 0.2382, loss: 1.4018, lr: 2.66e-04
     Epoch[15] Iteration[80/320], entropy: 0.1474, loss: 1.2758, lr: 1.76e-05
     Epoch[15] Iteration[90/320], entropy: 0.1081, loss: 1.2277, lr: 9.06e-05
     Epoch[15] Iteration[100/320], entropy: 0.2096, loss: 1.2823, lr: 3.84e-04
     Epoch[15] Iteration[110/320], entropy: 0.1359, loss: 1.2616, lr: 4.92e-04
     Epoch[15] Iteration[120/320], entropy: 0.3098, loss: 1.4287, lr: 2.66e-04
     Epoch[15] Iteration[130/320], entropy: 0.2257, loss: 1.3242, lr: 1.76e-05
     Epoch[15] Iteration[140/320], entropy: 0.2043, loss: 1.2666, lr: 9.06e-05
     Epoch[15] Iteration[150/320], entropy: 0.1530, loss: 1.2011, lr: 3.84e-04
     Epoch[15] Iteration[160/320], entropy: 0.1502, loss: 1.2258, lr: 4.92e-04
     Epoch[15] Iteration[170/320], entropy: 0.1516, loss: 1.2553, lr: 2.66e-04
     Epoch[15] Iteration[180/320], entropy: 0.1297, loss: 1.2442, lr: 1.76e-05
     Epoch[15] Iteration[190/320], entropy: 0.2365, loss: 1.2958, lr: 9.06e-05
     Epoch[15] Iteration[200/320], entropy: 0.1443, loss: 1.2178, lr: 3.84e-04
     Epoch[15] Iteration[210/320], entropy: 0.2256, loss: 1.2985, lr: 4.92e-04
     Epoch[15] Iteration[220/320], entropy: 0.2675, loss: 1.3657, lr: 2.66e-04
     Epoch[15] Iteration[230/320], entropy: 0.1672, loss: 1.3080, lr: 1.76e-05
     Epoch[15] Iteration[240/320], entropy: 0.1039, loss: 1.1544, lr: 9.06e-05
     Epoch[15] Iteration[250/320], entropy: 0.1011, loss: 1.1941, lr: 3.84e-04
     Epoch[15] Iteration[260/320], entropy: 0.3400, loss: 1.4506, lr: 4.92e-04
     Epoch[15] Iteration[270/320], entropy: 0.1084, loss: 1.1849, lr: 2.66e-04
     Epoch[15] Iteration[280/320], entropy: 0.2383, loss: 1.3062, lr: 1.76e-05
     Epoch[15] Iteration[290/320], entropy: 0.3017, loss: 1.3603, lr: 9.06e-05
     Epoch[15] Iteration[300/320], entropy: 0.2272, loss: 1.3137, lr: 3.84e-04
     Epoch[15] Iteration[310/320], entropy: 0.0775, loss: 1.2193, lr: 4.92e-04
     Epoch[15] Iteration[320/320], entropy: 0.2439, loss: 1.3636, lr: 2.66e-04
     Averaged stats: entropy: 0.2439, loss: 1.3636, lr: 2.66e-04
     itm tta time 0:00:54
### TTA Eval Score: 
+-------+--------+--------+--------+--------+-------+
| epoch |   R1   |   R5   |  R10   |  mAP   |  mINP |
+-------+--------+--------+--------+--------+-------+
|  -999 | 60.631 | 77.519 | 83.268 | 35.542 | 6.004 |
|   0   | 61.659 | 77.418 | 83.217 | 36.098 | 6.111 |
|   1   | 61.815 | 77.534 | 83.222 | 36.096 | 6.008 |
|   2   | 61.936 | 77.585 | 83.278 | 36.097 | 5.969 |
|   3   | 61.850 | 77.660 | 83.243 | 36.098 | 6.050 |
|   4   | 61.840 | 77.554 | 83.187 | 36.025 | 6.096 |
|   5   | 61.900 | 77.590 | 83.303 | 36.161 | 6.009 |
|   6   | 61.785 | 77.549 | 83.182 | 36.061 | 6.091 |
|   7   | 61.759 | 77.489 | 83.222 | 36.044 | 5.992 |
|   8   | 61.790 | 77.459 | 83.142 | 36.104 | 6.079 |
|   9   | 61.774 | 77.474 | 83.127 | 36.034 | 6.009 |
|   10  | 61.951 | 77.484 | 83.217 | 36.042 | 6.024 |
|   11  | 61.880 | 77.418 | 83.142 | 36.102 | 5.978 |
|   12  | 61.870 | 77.484 | 83.187 | 36.058 | 6.002 |
|   13  | 61.754 | 77.534 | 83.122 | 35.979 | 5.954 |
|   14  | 61.774 | 77.469 | 83.086 | 35.931 | 5.972 |
|   15  | 61.911 | 77.494 | 83.152 | 36.011 | 5.981 |
+-------+--------+--------+--------+--------+-------+
     logs:  {'epo': 15, 'R1': np.float32(61.911), 'R5': np.float32(77.494), 'R10': np.float32(83.152), 'mAP': np.float32(36.011), 'mINP': np.float32(5.981), 'entropy': 0.19332339894026518, 'loss': 1.287524301558733, 'lr': 0.0002580576068801431}
     Epoch[16] Iteration[10/320], entropy: 0.1003, loss: 1.1894, lr: 1.76e-05
     Epoch[16] Iteration[20/320], entropy: 0.1994, loss: 1.3086, lr: 9.06e-05
     Epoch[16] Iteration[30/320], entropy: 0.0871, loss: 1.1429, lr: 3.84e-04
     Epoch[16] Iteration[40/320], entropy: 0.1237, loss: 1.2489, lr: 4.92e-04
     Epoch[16] Iteration[50/320], entropy: 0.1025, loss: 1.1727, lr: 2.66e-04
     Epoch[16] Iteration[60/320], entropy: 0.0853, loss: 1.1785, lr: 1.76e-05
     Epoch[16] Iteration[70/320], entropy: 0.1373, loss: 1.2338, lr: 9.06e-05
     Epoch[16] Iteration[80/320], entropy: 0.2104, loss: 1.3252, lr: 3.84e-04
     Epoch[16] Iteration[90/320], entropy: 0.2665, loss: 1.3259, lr: 4.92e-04
     Epoch[16] Iteration[100/320], entropy: 0.1662, loss: 1.3088, lr: 2.66e-04
     Epoch[16] Iteration[110/320], entropy: 0.2024, loss: 1.2990, lr: 1.76e-05
     Epoch[16] Iteration[120/320], entropy: 0.1642, loss: 1.2937, lr: 9.06e-05
     Epoch[16] Iteration[130/320], entropy: 0.0777, loss: 1.1776, lr: 3.84e-04
     Epoch[16] Iteration[140/320], entropy: 0.1351, loss: 1.2755, lr: 4.92e-04
     Epoch[16] Iteration[150/320], entropy: 0.1769, loss: 1.2369, lr: 2.66e-04
     Epoch[16] Iteration[160/320], entropy: 0.1363, loss: 1.2092, lr: 1.76e-05
     Epoch[16] Iteration[170/320], entropy: 0.1592, loss: 1.2227, lr: 9.06e-05
     Epoch[16] Iteration[180/320], entropy: 0.1793, loss: 1.2619, lr: 3.84e-04
     Epoch[16] Iteration[190/320], entropy: 0.1942, loss: 1.2856, lr: 4.92e-04
     Epoch[16] Iteration[200/320], entropy: 0.1034, loss: 1.1927, lr: 2.66e-04
     Epoch[16] Iteration[210/320], entropy: 0.2001, loss: 1.2904, lr: 1.76e-05
     Epoch[16] Iteration[220/320], entropy: 0.0995, loss: 1.2072, lr: 9.06e-05
     Epoch[16] Iteration[230/320], entropy: 0.2048, loss: 1.3562, lr: 3.84e-04
     Epoch[16] Iteration[240/320], entropy: 0.1168, loss: 1.1957, lr: 4.92e-04
     Epoch[16] Iteration[250/320], entropy: 0.1291, loss: 1.2741, lr: 2.66e-04
     Epoch[16] Iteration[260/320], entropy: 0.1708, loss: 1.2846, lr: 1.76e-05
     Epoch[16] Iteration[270/320], entropy: 0.1708, loss: 1.2720, lr: 9.06e-05
     Epoch[16] Iteration[280/320], entropy: 0.1928, loss: 1.2762, lr: 3.84e-04
     Epoch[16] Iteration[290/320], entropy: 0.2193, loss: 1.3023, lr: 4.92e-04
     Epoch[16] Iteration[300/320], entropy: 0.1805, loss: 1.2975, lr: 2.66e-04
     Epoch[16] Iteration[310/320], entropy: 0.1403, loss: 1.2161, lr: 1.76e-05
     Epoch[16] Iteration[320/320], entropy: 0.1932, loss: 1.2865, lr: 9.06e-05
     Averaged stats: entropy: 0.1932, loss: 1.2865, lr: 9.06e-05
     itm tta time 0:00:51
### TTA Eval Score: 
+-------+--------+--------+--------+--------+-------+
| epoch |   R1   |   R5   |  R10   |  mAP   |  mINP |
+-------+--------+--------+--------+--------+-------+
|  -999 | 60.631 | 77.519 | 83.268 | 35.542 | 6.004 |
|   0   | 61.659 | 77.418 | 83.217 | 36.098 | 6.111 |
|   1   | 61.815 | 77.534 | 83.222 | 36.096 | 6.008 |
|   2   | 61.936 | 77.585 | 83.278 | 36.097 | 5.969 |
|   3   | 61.850 | 77.660 | 83.243 | 36.098 | 6.050 |
|   4   | 61.840 | 77.554 | 83.187 | 36.025 | 6.096 |
|   5   | 61.900 | 77.590 | 83.303 | 36.161 | 6.009 |
|   6   | 61.785 | 77.549 | 83.182 | 36.061 | 6.091 |
|   7   | 61.759 | 77.489 | 83.222 | 36.044 | 5.992 |
|   8   | 61.790 | 77.459 | 83.142 | 36.104 | 6.079 |
|   9   | 61.774 | 77.474 | 83.127 | 36.034 | 6.009 |
|   10  | 61.951 | 77.484 | 83.217 | 36.042 | 6.024 |
|   11  | 61.880 | 77.418 | 83.142 | 36.102 | 5.978 |
|   12  | 61.870 | 77.484 | 83.187 | 36.058 | 6.002 |
|   13  | 61.754 | 77.534 | 83.122 | 35.979 | 5.954 |
|   14  | 61.774 | 77.469 | 83.086 | 35.931 | 5.972 |
|   15  | 61.911 | 77.494 | 83.152 | 36.011 | 5.981 |
|   16  | 61.754 | 77.378 | 83.071 | 35.914 | 5.943 |
+-------+--------+--------+--------+--------+-------+
     logs:  {'epo': 16, 'R1': np.float32(61.754), 'R5': np.float32(77.378), 'R10': np.float32(83.071), 'mAP': np.float32(35.914), 'mINP': np.float32(5.943), 'entropy': 0.15703390329144895, 'loss': 1.2546386569738388, 'lr': 0.00023775624628408847}
     Epoch[17] Iteration[10/320], entropy: 0.1035, loss: 1.1744, lr: 3.84e-04
     Epoch[17] Iteration[20/320], entropy: 0.1498, loss: 1.2033, lr: 4.92e-04
     Epoch[17] Iteration[30/320], entropy: 0.1167, loss: 1.1934, lr: 2.66e-04
     Epoch[17] Iteration[40/320], entropy: 0.2746, loss: 1.3408, lr: 1.76e-05
     Epoch[17] Iteration[50/320], entropy: 0.2326, loss: 1.3571, lr: 9.06e-05
     Epoch[17] Iteration[60/320], entropy: 0.1718, loss: 1.2712, lr: 3.84e-04
     Epoch[17] Iteration[70/320], entropy: 0.1439, loss: 1.2459, lr: 4.92e-04
     Epoch[17] Iteration[80/320], entropy: 0.1974, loss: 1.3074, lr: 2.66e-04
     Epoch[17] Iteration[90/320], entropy: 0.2658, loss: 1.3897, lr: 1.76e-05
     Epoch[17] Iteration[100/320], entropy: 0.1895, loss: 1.2653, lr: 9.06e-05
     Epoch[17] Iteration[110/320], entropy: 0.1600, loss: 1.2924, lr: 3.84e-04
     Epoch[17] Iteration[120/320], entropy: 0.2299, loss: 1.2949, lr: 4.92e-04
     Epoch[17] Iteration[130/320], entropy: 0.1300, loss: 1.1933, lr: 2.66e-04
     Epoch[17] Iteration[140/320], entropy: 0.3232, loss: 1.3726, lr: 1.76e-05
     Epoch[17] Iteration[150/320], entropy: 0.2564, loss: 1.3786, lr: 9.06e-05
     Epoch[17] Iteration[160/320], entropy: 0.1016, loss: 1.1981, lr: 3.84e-04
     Epoch[17] Iteration[170/320], entropy: 0.2134, loss: 1.3304, lr: 4.92e-04
     Epoch[17] Iteration[180/320], entropy: 0.1051, loss: 1.2725, lr: 2.66e-04
     Epoch[17] Iteration[190/320], entropy: 0.1109, loss: 1.2126, lr: 1.76e-05
     Epoch[17] Iteration[200/320], entropy: 0.2671, loss: 1.3779, lr: 9.06e-05
     Epoch[17] Iteration[210/320], entropy: 0.2255, loss: 1.3252, lr: 3.84e-04
     Epoch[17] Iteration[220/320], entropy: 0.1884, loss: 1.2871, lr: 4.92e-04
     Epoch[17] Iteration[230/320], entropy: 0.3282, loss: 1.4215, lr: 2.66e-04
     Epoch[17] Iteration[240/320], entropy: 0.1993, loss: 1.3262, lr: 1.76e-05
     Epoch[17] Iteration[250/320], entropy: 0.2071, loss: 1.3860, lr: 9.06e-05
     Epoch[17] Iteration[260/320], entropy: 0.1087, loss: 1.2118, lr: 3.84e-04
     Epoch[17] Iteration[270/320], entropy: 0.1373, loss: 1.2450, lr: 4.92e-04
     Epoch[17] Iteration[280/320], entropy: 0.1940, loss: 1.3024, lr: 2.66e-04
     Epoch[17] Iteration[290/320], entropy: 0.3040, loss: 1.4311, lr: 1.76e-05
     Epoch[17] Iteration[300/320], entropy: 0.1005, loss: 1.1788, lr: 9.06e-05
     Epoch[17] Iteration[310/320], entropy: 0.2432, loss: 1.3695, lr: 3.84e-04
     Epoch[17] Iteration[320/320], entropy: 0.2466, loss: 1.3309, lr: 4.92e-04
     Averaged stats: entropy: 0.2466, loss: 1.3309, lr: 4.92e-04
     itm tta time 0:00:48
### TTA Eval Score: 
+-------+--------+--------+--------+--------+-------+
| epoch |   R1   |   R5   |  R10   |  mAP   |  mINP |
+-------+--------+--------+--------+--------+-------+
|  -999 | 60.631 | 77.519 | 83.268 | 35.542 | 6.004 |
|   0   | 61.659 | 77.418 | 83.217 | 36.098 | 6.111 |
|   1   | 61.815 | 77.534 | 83.222 | 36.096 | 6.008 |
|   2   | 61.936 | 77.585 | 83.278 | 36.097 | 5.969 |
|   3   | 61.850 | 77.660 | 83.243 | 36.098 | 6.050 |
|   4   | 61.840 | 77.554 | 83.187 | 36.025 | 6.096 |
|   5   | 61.900 | 77.590 | 83.303 | 36.161 | 6.009 |
|   6   | 61.785 | 77.549 | 83.182 | 36.061 | 6.091 |
|   7   | 61.759 | 77.489 | 83.222 | 36.044 | 5.992 |
|   8   | 61.790 | 77.459 | 83.142 | 36.104 | 6.079 |
|   9   | 61.774 | 77.474 | 83.127 | 36.034 | 6.009 |
|   10  | 61.951 | 77.484 | 83.217 | 36.042 | 6.024 |
|   11  | 61.880 | 77.418 | 83.142 | 36.102 | 5.978 |
|   12  | 61.870 | 77.484 | 83.187 | 36.058 | 6.002 |
|   13  | 61.754 | 77.534 | 83.122 | 35.979 | 5.954 |
|   14  | 61.774 | 77.469 | 83.086 | 35.931 | 5.972 |
|   15  | 61.911 | 77.494 | 83.152 | 36.011 | 5.981 |
|   16  | 61.754 | 77.378 | 83.071 | 35.914 | 5.943 |
|   17  | 61.875 | 77.403 | 83.137 | 35.943 | 5.921 |
+-------+--------+--------+--------+--------+-------+
     logs:  {'epo': 17, 'R1': np.float32(61.875), 'R5': np.float32(77.403), 'R10': np.float32(83.137), 'mAP': np.float32(35.943), 'mINP': np.float32(5.921), 'entropy': 0.19455725559964776, 'loss': 1.2964742705225945, 'lr': 0.00026175320278209346}
     Epoch[18] Iteration[10/320], entropy: 0.2686, loss: 1.3163, lr: 2.66e-04
     Epoch[18] Iteration[20/320], entropy: 0.2832, loss: 1.3788, lr: 1.76e-05
     Epoch[18] Iteration[30/320], entropy: 0.2013, loss: 1.2861, lr: 9.06e-05
     Epoch[18] Iteration[40/320], entropy: 0.2569, loss: 1.3599, lr: 3.84e-04
     Epoch[18] Iteration[50/320], entropy: 0.1701, loss: 1.2626, lr: 4.92e-04
     Epoch[18] Iteration[60/320], entropy: 0.1228, loss: 1.2172, lr: 2.66e-04
     Epoch[18] Iteration[70/320], entropy: 0.1807, loss: 1.2491, lr: 1.76e-05
     Epoch[18] Iteration[80/320], entropy: 0.1883, loss: 1.2670, lr: 9.06e-05
     Epoch[18] Iteration[90/320], entropy: 0.2057, loss: 1.3000, lr: 3.84e-04
     Epoch[18] Iteration[100/320], entropy: 0.2056, loss: 1.3169, lr: 4.92e-04
     Epoch[18] Iteration[110/320], entropy: 0.1983, loss: 1.2626, lr: 2.66e-04
     Epoch[18] Iteration[120/320], entropy: 0.1239, loss: 1.2107, lr: 1.76e-05
     Epoch[18] Iteration[130/320], entropy: 0.1084, loss: 1.2235, lr: 9.06e-05
     Epoch[18] Iteration[140/320], entropy: 0.1472, loss: 1.2503, lr: 3.84e-04
     Epoch[18] Iteration[150/320], entropy: 0.1985, loss: 1.3642, lr: 4.92e-04
     Epoch[18] Iteration[160/320], entropy: 0.1567, loss: 1.2483, lr: 2.66e-04
     Epoch[18] Iteration[170/320], entropy: 0.1818, loss: 1.2651, lr: 1.76e-05
     Epoch[18] Iteration[180/320], entropy: 0.1409, loss: 1.2205, lr: 9.06e-05
     Epoch[18] Iteration[190/320], entropy: 0.1150, loss: 1.2382, lr: 3.84e-04
     Epoch[18] Iteration[200/320], entropy: 0.1512, loss: 1.2813, lr: 4.92e-04
     Epoch[18] Iteration[210/320], entropy: 0.2102, loss: 1.3046, lr: 2.66e-04
     Epoch[18] Iteration[220/320], entropy: 0.3803, loss: 1.4548, lr: 1.76e-05
     Epoch[18] Iteration[230/320], entropy: 0.1445, loss: 1.2497, lr: 9.06e-05
     Epoch[18] Iteration[240/320], entropy: 0.1524, loss: 1.1800, lr: 3.84e-04
     Epoch[18] Iteration[250/320], entropy: 0.3344, loss: 1.4420, lr: 4.98e-04
     Epoch[18] Iteration[260/320], entropy: 0.2381, loss: 1.3111, lr: 2.97e-04
     Epoch[18] Iteration[270/320], entropy: 0.1424, loss: 1.1869, lr: 3.09e-05
     Epoch[18] Iteration[280/320], entropy: 0.2068, loss: 1.3346, lr: 6.78e-05
     Epoch[18] Iteration[290/320], entropy: 0.0988, loss: 1.1524, lr: 3.56e-04
     Epoch[18] Iteration[300/320], entropy: 0.3387, loss: 1.3948, lr: 4.98e-04
     Epoch[18] Iteration[310/320], entropy: 0.1979, loss: 1.2829, lr: 2.97e-04
     Epoch[18] Iteration[320/320], entropy: 0.3087, loss: 1.3671, lr: 3.09e-05
     Averaged stats: entropy: 0.3087, loss: 1.3671, lr: 3.09e-05
     itm tta time 0:00:45
### TTA Eval Score: 
+-------+--------+--------+--------+--------+-------+
| epoch |   R1   |   R5   |  R10   |  mAP   |  mINP |
+-------+--------+--------+--------+--------+-------+
|  -999 | 60.631 | 77.519 | 83.268 | 35.542 | 6.004 |
|   0   | 61.659 | 77.418 | 83.217 | 36.098 | 6.111 |
|   1   | 61.815 | 77.534 | 83.222 | 36.096 | 6.008 |
|   2   | 61.936 | 77.585 | 83.278 | 36.097 | 5.969 |
|   3   | 61.850 | 77.660 | 83.243 | 36.098 | 6.050 |
|   4   | 61.840 | 77.554 | 83.187 | 36.025 | 6.096 |
|   5   | 61.900 | 77.590 | 83.303 | 36.161 | 6.009 |
|   6   | 61.785 | 77.549 | 83.182 | 36.061 | 6.091 |
|   7   | 61.759 | 77.489 | 83.222 | 36.044 | 5.992 |
|   8   | 61.790 | 77.459 | 83.142 | 36.104 | 6.079 |
|   9   | 61.774 | 77.474 | 83.127 | 36.034 | 6.009 |
|   10  | 61.951 | 77.484 | 83.217 | 36.042 | 6.024 |
|   11  | 61.880 | 77.418 | 83.142 | 36.102 | 5.978 |
|   12  | 61.870 | 77.484 | 83.187 | 36.058 | 6.002 |
|   13  | 61.754 | 77.534 | 83.122 | 35.979 | 5.954 |
|   14  | 61.774 | 77.469 | 83.086 | 35.931 | 5.972 |
|   15  | 61.911 | 77.494 | 83.152 | 36.011 | 5.981 |
|   16  | 61.754 | 77.378 | 83.071 | 35.914 | 5.943 |
|   17  | 61.875 | 77.403 | 83.137 | 35.943 | 5.921 |
|   18  | 61.744 | 77.439 | 83.142 | 35.861 | 5.910 |
+-------+--------+--------+--------+--------+-------+
     logs:  {'epo': 18, 'R1': np.float32(61.744), 'R5': np.float32(77.439), 'R10': np.float32(83.142), 'mAP': np.float32(35.861), 'mINP': np.float32(5.91), 'entropy': 0.19869120349176228, 'loss': 1.2868612818419933, 'lr': 0.0002448016107400624}
     Epoch[19] Iteration[10/320], entropy: 0.2032, loss: 1.3469, lr: 6.78e-05
     Epoch[19] Iteration[20/320], entropy: 0.1593, loss: 1.2139, lr: 3.56e-04
     Epoch[19] Iteration[30/320], entropy: 0.1523, loss: 1.2767, lr: 4.98e-04
     Epoch[19] Iteration[40/320], entropy: 0.1151, loss: 1.2438, lr: 2.97e-04
     Epoch[19] Iteration[50/320], entropy: 0.1534, loss: 1.2227, lr: 3.09e-05
     Epoch[19] Iteration[60/320], entropy: 0.1634, loss: 1.2392, lr: 6.78e-05
     Epoch[19] Iteration[70/320], entropy: 0.2195, loss: 1.3267, lr: 3.56e-04
     Epoch[19] Iteration[80/320], entropy: 0.1175, loss: 1.2251, lr: 4.98e-04
     Epoch[19] Iteration[90/320], entropy: 0.2327, loss: 1.3232, lr: 2.97e-04
     Epoch[19] Iteration[100/320], entropy: 0.1221, loss: 1.2301, lr: 3.09e-05
     Epoch[19] Iteration[110/320], entropy: 0.1465, loss: 1.2768, lr: 6.78e-05
     Epoch[19] Iteration[120/320], entropy: 0.2274, loss: 1.2911, lr: 3.56e-04
     Epoch[19] Iteration[130/320], entropy: 0.2076, loss: 1.3266, lr: 4.98e-04
     Epoch[19] Iteration[140/320], entropy: 0.2280, loss: 1.3199, lr: 2.97e-04
     Epoch[19] Iteration[150/320], entropy: 0.0975, loss: 1.1762, lr: 3.09e-05
     Epoch[19] Iteration[160/320], entropy: 0.1010, loss: 1.2248, lr: 6.78e-05
     Epoch[19] Iteration[170/320], entropy: 0.1589, loss: 1.3022, lr: 3.56e-04
     Epoch[19] Iteration[180/320], entropy: 0.1156, loss: 1.2903, lr: 4.98e-04
     Epoch[19] Iteration[190/320], entropy: 0.1609, loss: 1.2820, lr: 2.97e-04
     Epoch[19] Iteration[200/320], entropy: 0.0908, loss: 1.1658, lr: 3.09e-05
     Epoch[19] Iteration[210/320], entropy: 0.1978, loss: 1.3457, lr: 6.78e-05
     Epoch[19] Iteration[220/320], entropy: 0.1873, loss: 1.2655, lr: 3.56e-04
     Epoch[19] Iteration[230/320], entropy: 0.2181, loss: 1.3169, lr: 4.98e-04
     Epoch[19] Iteration[240/320], entropy: 0.0702, loss: 1.1687, lr: 2.97e-04
     Epoch[19] Iteration[250/320], entropy: 0.1690, loss: 1.2980, lr: 3.09e-05
     Epoch[19] Iteration[260/320], entropy: 0.1116, loss: 1.2475, lr: 6.78e-05
     Epoch[19] Iteration[270/320], entropy: 0.2008, loss: 1.3001, lr: 3.56e-04
     Epoch[19] Iteration[280/320], entropy: 0.2495, loss: 1.3817, lr: 4.98e-04
     Epoch[19] Iteration[290/320], entropy: 0.2720, loss: 1.3811, lr: 2.97e-04
     Epoch[19] Iteration[300/320], entropy: 0.1771, loss: 1.2775, lr: 3.09e-05
     Epoch[19] Iteration[310/320], entropy: 0.1735, loss: 1.2330, lr: 6.78e-05
     Epoch[19] Iteration[320/320], entropy: 0.1319, loss: 1.2375, lr: 3.56e-04
     Averaged stats: entropy: 0.1319, loss: 1.2375, lr: 3.56e-04
     itm tta time 0:00:55
### TTA Eval Score: 
+-------+--------+--------+--------+--------+-------+
| epoch |   R1   |   R5   |  R10   |  mAP   |  mINP |
+-------+--------+--------+--------+--------+-------+
|  -999 | 60.631 | 77.519 | 83.268 | 35.542 | 6.004 |
|   0   | 61.659 | 77.418 | 83.217 | 36.098 | 6.111 |
|   1   | 61.815 | 77.534 | 83.222 | 36.096 | 6.008 |
|   2   | 61.936 | 77.585 | 83.278 | 36.097 | 5.969 |
|   3   | 61.850 | 77.660 | 83.243 | 36.098 | 6.050 |
|   4   | 61.840 | 77.554 | 83.187 | 36.025 | 6.096 |
|   5   | 61.900 | 77.590 | 83.303 | 36.161 | 6.009 |
|   6   | 61.785 | 77.549 | 83.182 | 36.061 | 6.091 |
|   7   | 61.759 | 77.489 | 83.222 | 36.044 | 5.992 |
|   8   | 61.790 | 77.459 | 83.142 | 36.104 | 6.079 |
|   9   | 61.774 | 77.474 | 83.127 | 36.034 | 6.009 |
|   10  | 61.951 | 77.484 | 83.217 | 36.042 | 6.024 |
|   11  | 61.880 | 77.418 | 83.142 | 36.102 | 5.978 |
|   12  | 61.870 | 77.484 | 83.187 | 36.058 | 6.002 |
|   13  | 61.754 | 77.534 | 83.122 | 35.979 | 5.954 |
|   14  | 61.774 | 77.469 | 83.086 | 35.931 | 5.972 |
|   15  | 61.911 | 77.494 | 83.152 | 36.011 | 5.981 |
|   16  | 61.754 | 77.378 | 83.071 | 35.914 | 5.943 |
|   17  | 61.875 | 77.403 | 83.137 | 35.943 | 5.921 |
|   18  | 61.744 | 77.439 | 83.142 | 35.861 | 5.910 |
|   19  | 61.875 | 77.428 | 83.187 | 35.905 | 5.864 |
+-------+--------+--------+--------+--------+-------+
     logs:  {'epo': 19, 'R1': np.float32(61.875), 'R5': np.float32(77.428), 'R10': np.float32(83.187), 'mAP': np.float32(35.905), 'mINP': np.float32(5.864), 'entropy': 0.1666060322895646, 'loss': 1.2736599892377853, 'lr': 0.00024763133331362193}
     Epoch[20] Iteration[10/320], entropy: 0.2070, loss: 1.3394, lr: 4.98e-04
     Epoch[20] Iteration[20/320], entropy: 0.1661, loss: 1.2807, lr: 2.97e-04
     Epoch[20] Iteration[30/320], entropy: 0.1534, loss: 1.2722, lr: 3.09e-05
     Epoch[20] Iteration[40/320], entropy: 0.1417, loss: 1.2356, lr: 6.78e-05
     Epoch[20] Iteration[50/320], entropy: 0.1128, loss: 1.1714, lr: 3.56e-04
     Epoch[20] Iteration[60/320], entropy: 0.2245, loss: 1.2803, lr: 4.98e-04
     Epoch[20] Iteration[70/320], entropy: 0.2339, loss: 1.3242, lr: 2.97e-04
     Epoch[20] Iteration[80/320], entropy: 0.2496, loss: 1.3933, lr: 3.09e-05
     Epoch[20] Iteration[90/320], entropy: 0.2048, loss: 1.2722, lr: 6.78e-05
     Epoch[20] Iteration[100/320], entropy: 0.0812, loss: 1.1496, lr: 3.56e-04
     Epoch[20] Iteration[110/320], entropy: 0.2181, loss: 1.2908, lr: 4.98e-04
     Epoch[20] Iteration[120/320], entropy: 0.2925, loss: 1.3761, lr: 2.97e-04
     Epoch[20] Iteration[130/320], entropy: 0.1377, loss: 1.2520, lr: 3.09e-05
     Epoch[20] Iteration[140/320], entropy: 0.0999, loss: 1.1675, lr: 6.78e-05
     Epoch[20] Iteration[150/320], entropy: 0.2340, loss: 1.2976, lr: 3.56e-04
     Epoch[20] Iteration[160/320], entropy: 0.2541, loss: 1.3699, lr: 4.98e-04
     Epoch[20] Iteration[170/320], entropy: 0.2424, loss: 1.3783, lr: 2.97e-04
     Epoch[20] Iteration[180/320], entropy: 0.1757, loss: 1.2609, lr: 3.09e-05
     Epoch[20] Iteration[190/320], entropy: 0.2882, loss: 1.4148, lr: 6.78e-05
     Epoch[20] Iteration[200/320], entropy: 0.2814, loss: 1.4460, lr: 3.56e-04
     Epoch[20] Iteration[210/320], entropy: 0.2460, loss: 1.3170, lr: 4.98e-04
     Epoch[20] Iteration[220/320], entropy: 0.2431, loss: 1.3298, lr: 2.97e-04
     Epoch[20] Iteration[230/320], entropy: 0.1360, loss: 1.2406, lr: 3.09e-05
     Epoch[20] Iteration[240/320], entropy: 0.1736, loss: 1.2594, lr: 6.78e-05
     Epoch[20] Iteration[250/320], entropy: 0.2837, loss: 1.3412, lr: 3.56e-04
     Epoch[20] Iteration[260/320], entropy: 0.2125, loss: 1.3217, lr: 4.98e-04
     Epoch[20] Iteration[270/320], entropy: 0.2234, loss: 1.2929, lr: 2.97e-04
     Epoch[20] Iteration[280/320], entropy: 0.1624, loss: 1.2591, lr: 3.09e-05
     Epoch[20] Iteration[290/320], entropy: 0.1665, loss: 1.2786, lr: 6.78e-05
     Epoch[20] Iteration[300/320], entropy: 0.1880, loss: 1.2576, lr: 3.56e-04
     Epoch[20] Iteration[310/320], entropy: 0.1225, loss: 1.2008, lr: 4.98e-04
     Epoch[20] Iteration[320/320], entropy: 0.3579, loss: 1.4643, lr: 2.97e-04
     Averaged stats: entropy: 0.3579, loss: 1.4643, lr: 2.97e-04
     itm tta time 0:00:51
### TTA Eval Score: 
+-------+--------+--------+--------+--------+-------+
| epoch |   R1   |   R5   |  R10   |  mAP   |  mINP |
+-------+--------+--------+--------+--------+-------+
|  -999 | 60.631 | 77.519 | 83.268 | 35.542 | 6.004 |
|   0   | 61.659 | 77.418 | 83.217 | 36.098 | 6.111 |
|   1   | 61.815 | 77.534 | 83.222 | 36.096 | 6.008 |
|   2   | 61.936 | 77.585 | 83.278 | 36.097 | 5.969 |
|   3   | 61.850 | 77.660 | 83.243 | 36.098 | 6.050 |
|   4   | 61.840 | 77.554 | 83.187 | 36.025 | 6.096 |
|   5   | 61.900 | 77.590 | 83.303 | 36.161 | 6.009 |
|   6   | 61.785 | 77.549 | 83.182 | 36.061 | 6.091 |
|   7   | 61.759 | 77.489 | 83.222 | 36.044 | 5.992 |
|   8   | 61.790 | 77.459 | 83.142 | 36.104 | 6.079 |
|   9   | 61.774 | 77.474 | 83.127 | 36.034 | 6.009 |
|   10  | 61.951 | 77.484 | 83.217 | 36.042 | 6.024 |
|   11  | 61.880 | 77.418 | 83.142 | 36.102 | 5.978 |
|   12  | 61.870 | 77.484 | 83.187 | 36.058 | 6.002 |
|   13  | 61.754 | 77.534 | 83.122 | 35.979 | 5.954 |
|   14  | 61.774 | 77.469 | 83.086 | 35.931 | 5.972 |
|   15  | 61.911 | 77.494 | 83.152 | 36.011 | 5.981 |
|   16  | 61.754 | 77.378 | 83.071 | 35.914 | 5.943 |
|   17  | 61.875 | 77.403 | 83.137 | 35.943 | 5.921 |
|   18  | 61.744 | 77.439 | 83.142 | 35.861 | 5.910 |
|   19  | 61.875 | 77.428 | 83.187 | 35.905 | 5.864 |
|   20  | 61.895 | 77.353 | 83.167 | 35.923 | 5.844 |
+-------+--------+--------+--------+--------+-------+
     logs:  {'epo': 20, 'R1': np.float32(61.895), 'R5': np.float32(77.353), 'R10': np.float32(83.167), 'mAP': np.float32(35.923), 'mINP': np.float32(5.844), 'entropy': 0.20358590222895145, 'loss': 1.2979912422597408, 'lr': 0.0002592148126242213}
     Epoch[21] Iteration[10/320], entropy: 0.1389, loss: 1.2231, lr: 3.09e-05
     Epoch[21] Iteration[20/320], entropy: 0.0922, loss: 1.2102, lr: 6.78e-05
     Epoch[21] Iteration[30/320], entropy: 0.2077, loss: 1.2970, lr: 3.56e-04
     Epoch[21] Iteration[40/320], entropy: 0.1127, loss: 1.2542, lr: 4.98e-04
     Epoch[21] Iteration[50/320], entropy: 0.1041, loss: 1.1713, lr: 2.97e-04
     Epoch[21] Iteration[60/320], entropy: 0.1872, loss: 1.2817, lr: 3.09e-05
     Epoch[21] Iteration[70/320], entropy: 0.1622, loss: 1.2379, lr: 6.78e-05
     Epoch[21] Iteration[80/320], entropy: 0.1018, loss: 1.2165, lr: 3.56e-04
     Epoch[21] Iteration[90/320], entropy: 0.1368, loss: 1.2148, lr: 4.98e-04
     Epoch[21] Iteration[100/320], entropy: 0.0917, loss: 1.2018, lr: 2.97e-04
     Epoch[21] Iteration[110/320], entropy: 0.0601, loss: 1.1459, lr: 3.09e-05
     Epoch[21] Iteration[120/320], entropy: 0.2466, loss: 1.3308, lr: 6.78e-05
     Epoch[21] Iteration[130/320], entropy: 0.1763, loss: 1.2442, lr: 3.56e-04
     Epoch[21] Iteration[140/320], entropy: 0.1847, loss: 1.2451, lr: 4.98e-04
     Epoch[21] Iteration[150/320], entropy: 0.1489, loss: 1.2421, lr: 2.97e-04
     Epoch[21] Iteration[160/320], entropy: 0.2098, loss: 1.2933, lr: 3.09e-05
     Epoch[21] Iteration[170/320], entropy: 0.0499, loss: 1.1938, lr: 6.78e-05
     Epoch[21] Iteration[180/320], entropy: 0.3455, loss: 1.4897, lr: 3.56e-04
     Epoch[21] Iteration[190/320], entropy: 0.3212, loss: 1.4372, lr: 4.98e-04
     Epoch[21] Iteration[200/320], entropy: 0.2014, loss: 1.3440, lr: 2.97e-04
     Epoch[21] Iteration[210/320], entropy: 0.1598, loss: 1.2989, lr: 3.09e-05
     Epoch[21] Iteration[220/320], entropy: 0.1132, loss: 1.1908, lr: 6.78e-05
     Epoch[21] Iteration[230/320], entropy: 0.2011, loss: 1.3468, lr: 3.56e-04
     Epoch[21] Iteration[240/320], entropy: 0.1804, loss: 1.2478, lr: 4.98e-04
     Epoch[21] Iteration[250/320], entropy: 0.1257, loss: 1.2201, lr: 2.97e-04
     Epoch[21] Iteration[260/320], entropy: 0.1567, loss: 1.2371, lr: 3.09e-05
     Epoch[21] Iteration[270/320], entropy: 0.0864, loss: 1.2404, lr: 6.78e-05
     Epoch[21] Iteration[280/320], entropy: 0.2296, loss: 1.3785, lr: 3.56e-04
     Epoch[21] Iteration[290/320], entropy: 0.2055, loss: 1.2586, lr: 4.98e-04
     Epoch[21] Iteration[300/320], entropy: 0.3068, loss: 1.4246, lr: 2.97e-04
     Epoch[21] Iteration[310/320], entropy: 0.2313, loss: 1.3434, lr: 3.09e-05
     Epoch[21] Iteration[320/320], entropy: 0.1657, loss: 1.2678, lr: 6.78e-05
     Averaged stats: entropy: 0.1657, loss: 1.2678, lr: 6.78e-05
     itm tta time 0:00:56
### TTA Eval Score: 
+-------+--------+--------+--------+--------+-------+
| epoch |   R1   |   R5   |  R10   |  mAP   |  mINP |
+-------+--------+--------+--------+--------+-------+
|  -999 | 60.631 | 77.519 | 83.268 | 35.542 | 6.004 |
|   0   | 61.659 | 77.418 | 83.217 | 36.098 | 6.111 |
|   1   | 61.815 | 77.534 | 83.222 | 36.096 | 6.008 |
|   2   | 61.936 | 77.585 | 83.278 | 36.097 | 5.969 |
|   3   | 61.850 | 77.660 | 83.243 | 36.098 | 6.050 |
|   4   | 61.840 | 77.554 | 83.187 | 36.025 | 6.096 |
|   5   | 61.900 | 77.590 | 83.303 | 36.161 | 6.009 |
|   6   | 61.785 | 77.549 | 83.182 | 36.061 | 6.091 |
|   7   | 61.759 | 77.489 | 83.222 | 36.044 | 5.992 |
|   8   | 61.790 | 77.459 | 83.142 | 36.104 | 6.079 |
|   9   | 61.774 | 77.474 | 83.127 | 36.034 | 6.009 |
|   10  | 61.951 | 77.484 | 83.217 | 36.042 | 6.024 |
|   11  | 61.880 | 77.418 | 83.142 | 36.102 | 5.978 |
|   12  | 61.870 | 77.484 | 83.187 | 36.058 | 6.002 |
|   13  | 61.754 | 77.534 | 83.122 | 35.979 | 5.954 |
|   14  | 61.774 | 77.469 | 83.086 | 35.931 | 5.972 |
|   15  | 61.911 | 77.494 | 83.152 | 36.011 | 5.981 |
|   16  | 61.754 | 77.378 | 83.071 | 35.914 | 5.943 |
|   17  | 61.875 | 77.403 | 83.137 | 35.943 | 5.921 |
|   18  | 61.744 | 77.439 | 83.142 | 35.861 | 5.910 |
|   19  | 61.875 | 77.428 | 83.187 | 35.905 | 5.864 |
|   20  | 61.895 | 77.353 | 83.167 | 35.923 | 5.844 |
|   21  | 61.608 | 77.308 | 83.041 | 35.825 | 5.999 |
+-------+--------+--------+--------+--------+-------+
     logs:  {'epo': 21, 'R1': np.float32(61.608), 'R5': np.float32(77.308), 'R10': np.float32(83.041), 'mAP': np.float32(35.825), 'mINP': np.float32(5.999), 'entropy': 0.1700533271068707, 'loss': 1.2727961093187332, 'lr': 0.00023745878666042855}
     Epoch[22] Iteration[10/320], entropy: 0.1998, loss: 1.3205, lr: 3.56e-04
     Epoch[22] Iteration[20/320], entropy: 0.0973, loss: 1.1743, lr: 4.98e-04
     Epoch[22] Iteration[30/320], entropy: 0.1222, loss: 1.2369, lr: 2.97e-04
     Epoch[22] Iteration[40/320], entropy: 0.2757, loss: 1.3416, lr: 3.09e-05
     Epoch[22] Iteration[50/320], entropy: 0.1570, loss: 1.3112, lr: 6.78e-05
     Epoch[22] Iteration[60/320], entropy: 0.2802, loss: 1.3639, lr: 3.56e-04
     Epoch[22] Iteration[70/320], entropy: 0.1366, loss: 1.2146, lr: 4.98e-04
     Epoch[22] Iteration[80/320], entropy: 0.2198, loss: 1.3212, lr: 2.97e-04
     Epoch[22] Iteration[90/320], entropy: 0.1452, loss: 1.2102, lr: 3.09e-05
     Epoch[22] Iteration[100/320], entropy: 0.2185, loss: 1.3458, lr: 6.78e-05
     Epoch[22] Iteration[110/320], entropy: 0.1553, loss: 1.2381, lr: 3.56e-04
     Epoch[22] Iteration[120/320], entropy: 0.3769, loss: 1.4897, lr: 4.98e-04
     Epoch[22] Iteration[130/320], entropy: 0.3180, loss: 1.4357, lr: 2.97e-04
     Epoch[22] Iteration[140/320], entropy: 0.0914, loss: 1.1927, lr: 3.09e-05
     Epoch[22] Iteration[150/320], entropy: 0.2898, loss: 1.3527, lr: 6.78e-05
     Epoch[22] Iteration[160/320], entropy: 0.2390, loss: 1.3683, lr: 3.56e-04
     Epoch[22] Iteration[170/320], entropy: 0.0987, loss: 1.1635, lr: 4.98e-04
     Epoch[22] Iteration[180/320], entropy: 0.2151, loss: 1.3062, lr: 2.97e-04
     Epoch[22] Iteration[190/320], entropy: 0.1092, loss: 1.2814, lr: 3.09e-05
     Epoch[22] Iteration[200/320], entropy: 0.2650, loss: 1.3801, lr: 6.78e-05
     Epoch[22] Iteration[210/320], entropy: 0.1737, loss: 1.2648, lr: 3.56e-04
     Epoch[22] Iteration[220/320], entropy: 0.1354, loss: 1.2603, lr: 4.98e-04
     Epoch[22] Iteration[230/320], entropy: 0.1711, loss: 1.2665, lr: 2.97e-04
     Epoch[22] Iteration[240/320], entropy: 0.2723, loss: 1.3722, lr: 3.09e-05
     Epoch[22] Iteration[250/320], entropy: 0.2908, loss: 1.4366, lr: 6.78e-05
     Epoch[22] Iteration[260/320], entropy: 0.1740, loss: 1.2562, lr: 3.56e-04
     Epoch[22] Iteration[270/320], entropy: 0.1113, loss: 1.1905, lr: 4.98e-04
     Epoch[22] Iteration[280/320], entropy: 0.1382, loss: 1.2751, lr: 2.97e-04
     Epoch[22] Iteration[290/320], entropy: 0.1489, loss: 1.2472, lr: 3.09e-05
     Epoch[22] Iteration[300/320], entropy: 0.1213, loss: 1.2039, lr: 6.78e-05
     Epoch[22] Iteration[310/320], entropy: 0.1518, loss: 1.2524, lr: 3.56e-04
     Epoch[22] Iteration[320/320], entropy: 0.1239, loss: 1.2126, lr: 4.98e-04
     Averaged stats: entropy: 0.1239, loss: 1.2126, lr: 4.98e-04
     itm tta time 0:00:53
### TTA Eval Score: 
+-------+--------+--------+--------+--------+-------+
| epoch |   R1   |   R5   |  R10   |  mAP   |  mINP |
+-------+--------+--------+--------+--------+-------+
|  -999 | 60.631 | 77.519 | 83.268 | 35.542 | 6.004 |
|   0   | 61.659 | 77.418 | 83.217 | 36.098 | 6.111 |
|   1   | 61.815 | 77.534 | 83.222 | 36.096 | 6.008 |
|   2   | 61.936 | 77.585 | 83.278 | 36.097 | 5.969 |
|   3   | 61.850 | 77.660 | 83.243 | 36.098 | 6.050 |
|   4   | 61.840 | 77.554 | 83.187 | 36.025 | 6.096 |
|   5   | 61.900 | 77.590 | 83.303 | 36.161 | 6.009 |
|   6   | 61.785 | 77.549 | 83.182 | 36.061 | 6.091 |
|   7   | 61.759 | 77.489 | 83.222 | 36.044 | 5.992 |
|   8   | 61.790 | 77.459 | 83.142 | 36.104 | 6.079 |
|   9   | 61.774 | 77.474 | 83.127 | 36.034 | 6.009 |
|   10  | 61.951 | 77.484 | 83.217 | 36.042 | 6.024 |
|   11  | 61.880 | 77.418 | 83.142 | 36.102 | 5.978 |
|   12  | 61.870 | 77.484 | 83.187 | 36.058 | 6.002 |
|   13  | 61.754 | 77.534 | 83.122 | 35.979 | 5.954 |
|   14  | 61.774 | 77.469 | 83.086 | 35.931 | 5.972 |
|   15  | 61.911 | 77.494 | 83.152 | 36.011 | 5.981 |
|   16  | 61.754 | 77.378 | 83.071 | 35.914 | 5.943 |
|   17  | 61.875 | 77.403 | 83.137 | 35.943 | 5.921 |
|   18  | 61.744 | 77.439 | 83.142 | 35.861 | 5.910 |
|   19  | 61.875 | 77.428 | 83.187 | 35.905 | 5.864 |
|   20  | 61.895 | 77.353 | 83.167 | 35.923 | 5.844 |
|   21  | 61.608 | 77.308 | 83.041 | 35.825 | 5.999 |
|   22  | 61.825 | 77.348 | 83.031 | 35.814 | 5.863 |
+-------+--------+--------+--------+--------+-------+
     logs:  {'epo': 22, 'R1': np.float32(61.825), 'R5': np.float32(77.348), 'R10': np.float32(83.031), 'mAP': np.float32(35.814), 'mINP': np.float32(5.863), 'entropy': 0.18822919041849673, 'loss': 1.2902166694402695, 'lr': 0.0002610772968193715}
     Epoch[23] Iteration[10/320], entropy: 0.1996, loss: 1.2782, lr: 2.97e-04
     Epoch[23] Iteration[20/320], entropy: 0.0693, loss: 1.1511, lr: 3.09e-05
     Epoch[23] Iteration[30/320], entropy: 0.1513, loss: 1.1789, lr: 6.78e-05
     Epoch[23] Iteration[40/320], entropy: 0.1551, loss: 1.2404, lr: 3.56e-04
     Epoch[23] Iteration[50/320], entropy: 0.0638, loss: 1.1330, lr: 4.98e-04
     Epoch[23] Iteration[60/320], entropy: 0.0614, loss: 1.1553, lr: 2.97e-04
     Epoch[23] Iteration[70/320], entropy: 0.2018, loss: 1.3070, lr: 3.09e-05
     Epoch[23] Iteration[80/320], entropy: 0.0789, loss: 1.2307, lr: 6.78e-05
     Epoch[23] Iteration[90/320], entropy: 0.0774, loss: 1.1548, lr: 3.56e-04
     Epoch[23] Iteration[100/320], entropy: 0.0614, loss: 1.1347, lr: 4.98e-04
     Epoch[23] Iteration[110/320], entropy: 0.2092, loss: 1.3136, lr: 2.97e-04
     Epoch[23] Iteration[120/320], entropy: 0.2030, loss: 1.3697, lr: 3.09e-05
     Epoch[23] Iteration[130/320], entropy: 0.1839, loss: 1.2524, lr: 6.78e-05
     Epoch[23] Iteration[140/320], entropy: 0.2020, loss: 1.2704, lr: 3.56e-04
     Epoch[23] Iteration[150/320], entropy: 0.3378, loss: 1.4612, lr: 4.98e-04
     Epoch[23] Iteration[160/320], entropy: 0.2278, loss: 1.3828, lr: 2.97e-04
     Epoch[23] Iteration[170/320], entropy: 0.0510, loss: 1.1465, lr: 3.09e-05
     Epoch[23] Iteration[180/320], entropy: 0.1619, loss: 1.2888, lr: 6.78e-05
     Epoch[23] Iteration[190/320], entropy: 0.1856, loss: 1.2223, lr: 3.56e-04
     Epoch[23] Iteration[200/320], entropy: 0.2525, loss: 1.3582, lr: 4.98e-04
     Epoch[23] Iteration[210/320], entropy: 0.2124, loss: 1.2751, lr: 2.97e-04
     Epoch[23] Iteration[220/320], entropy: 0.1665, loss: 1.3228, lr: 3.09e-05
     Epoch[23] Iteration[230/320], entropy: 0.1181, loss: 1.2297, lr: 6.78e-05
     Epoch[23] Iteration[240/320], entropy: 0.2435, loss: 1.3464, lr: 3.56e-04
     Epoch[23] Iteration[250/320], entropy: 0.1002, loss: 1.2152, lr: 4.98e-04
     Epoch[23] Iteration[260/320], entropy: 0.1243, loss: 1.2212, lr: 2.97e-04
     Epoch[23] Iteration[270/320], entropy: 0.1676, loss: 1.3511, lr: 3.09e-05
     Epoch[23] Iteration[280/320], entropy: 0.1443, loss: 1.2581, lr: 6.78e-05
     Epoch[23] Iteration[290/320], entropy: 0.2963, loss: 1.3376, lr: 3.56e-04
     Epoch[23] Iteration[300/320], entropy: 0.1391, loss: 1.2092, lr: 4.98e-04
     Epoch[23] Iteration[310/320], entropy: 0.1827, loss: 1.3104, lr: 2.97e-04
     Epoch[23] Iteration[320/320], entropy: 0.1167, loss: 1.1879, lr: 3.09e-05
     Averaged stats: entropy: 0.1167, loss: 1.1879, lr: 3.09e-05
     itm tta time 0:00:56
### TTA Eval Score: 
+-------+--------+--------+--------+--------+-------+
| epoch |   R1   |   R5   |  R10   |  mAP   |  mINP |
+-------+--------+--------+--------+--------+-------+
|  -999 | 60.631 | 77.519 | 83.268 | 35.542 | 6.004 |
|   0   | 61.659 | 77.418 | 83.217 | 36.098 | 6.111 |
|   1   | 61.815 | 77.534 | 83.222 | 36.096 | 6.008 |
|   2   | 61.936 | 77.585 | 83.278 | 36.097 | 5.969 |
|   3   | 61.850 | 77.660 | 83.243 | 36.098 | 6.050 |
|   4   | 61.840 | 77.554 | 83.187 | 36.025 | 6.096 |
|   5   | 61.900 | 77.590 | 83.303 | 36.161 | 6.009 |
|   6   | 61.785 | 77.549 | 83.182 | 36.061 | 6.091 |
|   7   | 61.759 | 77.489 | 83.222 | 36.044 | 5.992 |
|   8   | 61.790 | 77.459 | 83.142 | 36.104 | 6.079 |
|   9   | 61.774 | 77.474 | 83.127 | 36.034 | 6.009 |
|   10  | 61.951 | 77.484 | 83.217 | 36.042 | 6.024 |
|   11  | 61.880 | 77.418 | 83.142 | 36.102 | 5.978 |
|   12  | 61.870 | 77.484 | 83.187 | 36.058 | 6.002 |
|   13  | 61.754 | 77.534 | 83.122 | 35.979 | 5.954 |
|   14  | 61.774 | 77.469 | 83.086 | 35.931 | 5.972 |
|   15  | 61.911 | 77.494 | 83.152 | 36.011 | 5.981 |
|   16  | 61.754 | 77.378 | 83.071 | 35.914 | 5.943 |
|   17  | 61.875 | 77.403 | 83.137 | 35.943 | 5.921 |
|   18  | 61.744 | 77.439 | 83.142 | 35.861 | 5.910 |
|   19  | 61.875 | 77.428 | 83.187 | 35.905 | 5.864 |
|   20  | 61.895 | 77.353 | 83.167 | 35.923 | 5.844 |
|   21  | 61.608 | 77.308 | 83.041 | 35.825 | 5.999 |
|   22  | 61.825 | 77.348 | 83.031 | 35.814 | 5.863 |
|   23  | 61.981 | 77.368 | 83.081 | 35.909 | 5.943 |
+-------+--------+--------+--------+--------+-------+
     logs:  {'epo': 23, 'R1': np.float32(61.981), 'R5': np.float32(77.368), 'R10': np.float32(83.081), 'mAP': np.float32(35.909), 'mINP': np.float32(5.943), 'entropy': 0.16082955547608435, 'loss': 1.2592181228101254, 'lr': 0.00024461777058236}
     Epoch[24] Iteration[10/320], entropy: 0.1891, loss: 1.2903, lr: 6.78e-05
     Epoch[24] Iteration[20/320], entropy: 0.1856, loss: 1.2724, lr: 3.56e-04
     Epoch[24] Iteration[30/320], entropy: 0.1026, loss: 1.1656, lr: 4.98e-04
     Epoch[24] Iteration[40/320], entropy: 0.1910, loss: 1.2961, lr: 2.97e-04
     Epoch[24] Iteration[50/320], entropy: 0.1158, loss: 1.1716, lr: 3.09e-05
     Epoch[24] Iteration[60/320], entropy: 0.1384, loss: 1.2255, lr: 6.78e-05
     Epoch[24] Iteration[70/320], entropy: 0.0638, loss: 1.1710, lr: 3.56e-04
     Epoch[24] Iteration[80/320], entropy: 0.1634, loss: 1.2832, lr: 4.98e-04
     Epoch[24] Iteration[90/320], entropy: 0.1499, loss: 1.2582, lr: 2.97e-04
     Epoch[24] Iteration[100/320], entropy: 0.1377, loss: 1.2244, lr: 3.09e-05
     Epoch[24] Iteration[110/320], entropy: 0.2059, loss: 1.2620, lr: 6.78e-05
     Epoch[24] Iteration[120/320], entropy: 0.2875, loss: 1.3437, lr: 3.56e-04
     Epoch[24] Iteration[130/320], entropy: 0.1340, loss: 1.2357, lr: 4.98e-04
     Epoch[24] Iteration[140/320], entropy: 0.1529, loss: 1.2653, lr: 2.97e-04
     Epoch[24] Iteration[150/320], entropy: 0.3097, loss: 1.3900, lr: 3.09e-05
     Epoch[24] Iteration[160/320], entropy: 0.1873, loss: 1.2507, lr: 6.78e-05
     Epoch[24] Iteration[170/320], entropy: 0.2008, loss: 1.2738, lr: 3.56e-04
     Epoch[24] Iteration[180/320], entropy: 0.1273, loss: 1.2116, lr: 4.98e-04
     Epoch[24] Iteration[190/320], entropy: 0.1836, loss: 1.2593, lr: 2.97e-04
     Epoch[24] Iteration[200/320], entropy: 0.1496, loss: 1.2507, lr: 3.09e-05
     Epoch[24] Iteration[210/320], entropy: 0.1759, loss: 1.2184, lr: 6.78e-05
     Epoch[24] Iteration[220/320], entropy: 0.2464, loss: 1.3535, lr: 3.56e-04
     Epoch[24] Iteration[230/320], entropy: 0.1358, loss: 1.2359, lr: 4.98e-04
     Epoch[24] Iteration[240/320], entropy: 0.1421, loss: 1.2263, lr: 2.97e-04
     Epoch[24] Iteration[250/320], entropy: 0.1135, loss: 1.2082, lr: 3.09e-05
     Epoch[24] Iteration[260/320], entropy: 0.2195, loss: 1.3574, lr: 6.78e-05
     Epoch[24] Iteration[270/320], entropy: 0.1235, loss: 1.1853, lr: 3.56e-04
     Epoch[24] Iteration[280/320], entropy: 0.1128, loss: 1.1656, lr: 4.98e-04
     Epoch[24] Iteration[290/320], entropy: 0.1312, loss: 1.2296, lr: 2.97e-04
     Epoch[24] Iteration[300/320], entropy: 0.2210, loss: 1.3889, lr: 3.09e-05
     Epoch[24] Iteration[310/320], entropy: 0.2886, loss: 1.3759, lr: 6.78e-05
     Epoch[24] Iteration[320/320], entropy: 0.2047, loss: 1.2828, lr: 3.56e-04
     Averaged stats: entropy: 0.2047, loss: 1.2828, lr: 3.56e-04
     itm tta time 0:00:54
### TTA Eval Score: 
+-------+--------+--------+--------+--------+-------+
| epoch |   R1   |   R5   |  R10   |  mAP   |  mINP |
+-------+--------+--------+--------+--------+-------+
|  -999 | 60.631 | 77.519 | 83.268 | 35.542 | 6.004 |
|   0   | 61.659 | 77.418 | 83.217 | 36.098 | 6.111 |
|   1   | 61.815 | 77.534 | 83.222 | 36.096 | 6.008 |
|   2   | 61.936 | 77.585 | 83.278 | 36.097 | 5.969 |
|   3   | 61.850 | 77.660 | 83.243 | 36.098 | 6.050 |
|   4   | 61.840 | 77.554 | 83.187 | 36.025 | 6.096 |
|   5   | 61.900 | 77.590 | 83.303 | 36.161 | 6.009 |
|   6   | 61.785 | 77.549 | 83.182 | 36.061 | 6.091 |
|   7   | 61.759 | 77.489 | 83.222 | 36.044 | 5.992 |
|   8   | 61.790 | 77.459 | 83.142 | 36.104 | 6.079 |
|   9   | 61.774 | 77.474 | 83.127 | 36.034 | 6.009 |
|   10  | 61.951 | 77.484 | 83.217 | 36.042 | 6.024 |
|   11  | 61.880 | 77.418 | 83.142 | 36.102 | 5.978 |
|   12  | 61.870 | 77.484 | 83.187 | 36.058 | 6.002 |
|   13  | 61.754 | 77.534 | 83.122 | 35.979 | 5.954 |
|   14  | 61.774 | 77.469 | 83.086 | 35.931 | 5.972 |
|   15  | 61.911 | 77.494 | 83.152 | 36.011 | 5.981 |
|   16  | 61.754 | 77.378 | 83.071 | 35.914 | 5.943 |
|   17  | 61.875 | 77.403 | 83.137 | 35.943 | 5.921 |
|   18  | 61.744 | 77.439 | 83.142 | 35.861 | 5.910 |
|   19  | 61.875 | 77.428 | 83.187 | 35.905 | 5.864 |
|   20  | 61.895 | 77.353 | 83.167 | 35.923 | 5.844 |
|   21  | 61.608 | 77.308 | 83.041 | 35.825 | 5.999 |
|   22  | 61.825 | 77.348 | 83.031 | 35.814 | 5.863 |
|   23  | 61.981 | 77.368 | 83.081 | 35.909 | 5.943 |
|   24  | 61.835 | 77.328 | 83.026 | 35.888 | 5.904 |
+-------+--------+--------+--------+--------+-------+
     logs:  {'epo': 24, 'R1': np.float32(61.835), 'R5': np.float32(77.328), 'R10': np.float32(83.026), 'mAP': np.float32(35.888), 'mINP': np.float32(5.904), 'entropy': 0.1715814236085862, 'loss': 1.2602823115885258, 'lr': 0.000247631333313623}
     Epoch[25] Iteration[10/320], entropy: 0.2541, loss: 1.3142, lr: 5.00e-04
     Epoch[25] Iteration[20/320], entropy: 0.1740, loss: 1.2755, lr: 3.27e-04
     Epoch[25] Iteration[30/320], entropy: 0.2130, loss: 1.3149, lr: 4.77e-05
     Epoch[25] Iteration[40/320], entropy: 0.2347, loss: 1.2962, lr: 4.77e-05
     Epoch[25] Iteration[50/320], entropy: 0.1868, loss: 1.3287, lr: 3.27e-04
     Epoch[25] Iteration[60/320], entropy: 0.1372, loss: 1.2072, lr: 5.00e-04
     Epoch[25] Iteration[70/320], entropy: 0.2596, loss: 1.3356, lr: 3.27e-04
     Epoch[25] Iteration[80/320], entropy: 0.1588, loss: 1.2870, lr: 4.77e-05
     Epoch[25] Iteration[90/320], entropy: 0.1609, loss: 1.2114, lr: 4.77e-05
     Epoch[25] Iteration[100/320], entropy: 0.1628, loss: 1.2684, lr: 3.27e-04
     Epoch[25] Iteration[110/320], entropy: 0.1846, loss: 1.2359, lr: 5.00e-04
     Epoch[25] Iteration[120/320], entropy: 0.1644, loss: 1.2685, lr: 3.27e-04
     Epoch[25] Iteration[130/320], entropy: 0.2052, loss: 1.2821, lr: 4.77e-05
     Epoch[25] Iteration[140/320], entropy: 0.1230, loss: 1.1995, lr: 4.77e-05
     Epoch[25] Iteration[150/320], entropy: 0.1792, loss: 1.2655, lr: 3.27e-04
     Epoch[25] Iteration[160/320], entropy: 0.1960, loss: 1.2920, lr: 5.00e-04
     Epoch[25] Iteration[170/320], entropy: 0.2091, loss: 1.3063, lr: 3.27e-04
     Epoch[25] Iteration[180/320], entropy: 0.1446, loss: 1.2820, lr: 4.77e-05
     Epoch[25] Iteration[190/320], entropy: 0.0904, loss: 1.1913, lr: 4.77e-05
     Epoch[25] Iteration[200/320], entropy: 0.1366, loss: 1.1781, lr: 3.27e-04
     Epoch[25] Iteration[210/320], entropy: 0.1663, loss: 1.3135, lr: 5.00e-04
     Epoch[25] Iteration[220/320], entropy: 0.1197, loss: 1.2091, lr: 3.27e-04
     Epoch[25] Iteration[230/320], entropy: 0.0729, loss: 1.1961, lr: 4.77e-05
     Epoch[25] Iteration[240/320], entropy: 0.1406, loss: 1.2487, lr: 4.77e-05
     Epoch[25] Iteration[250/320], entropy: 0.1134, loss: 1.2060, lr: 3.27e-04
     Epoch[25] Iteration[260/320], entropy: 0.2091, loss: 1.2899, lr: 5.00e-04
     Epoch[25] Iteration[270/320], entropy: 0.0797, loss: 1.2316, lr: 3.27e-04
     Epoch[25] Iteration[280/320], entropy: 0.1060, loss: 1.1779, lr: 4.77e-05
     Epoch[25] Iteration[290/320], entropy: 0.2430, loss: 1.3317, lr: 4.77e-05
     Epoch[25] Iteration[300/320], entropy: 0.2612, loss: 1.3368, lr: 3.27e-04
     Epoch[25] Iteration[310/320], entropy: 0.1066, loss: 1.1625, lr: 5.00e-04
     Epoch[25] Iteration[320/320], entropy: 0.1445, loss: 1.2483, lr: 3.27e-04
     Averaged stats: entropy: 0.1445, loss: 1.2483, lr: 3.27e-04
     itm tta time 0:00:54
### TTA Eval Score: 
+-------+--------+--------+--------+--------+-------+
| epoch |   R1   |   R5   |  R10   |  mAP   |  mINP |
+-------+--------+--------+--------+--------+-------+
|  -999 | 60.631 | 77.519 | 83.268 | 35.542 | 6.004 |
|   0   | 61.659 | 77.418 | 83.217 | 36.098 | 6.111 |
|   1   | 61.815 | 77.534 | 83.222 | 36.096 | 6.008 |
|   2   | 61.936 | 77.585 | 83.278 | 36.097 | 5.969 |
|   3   | 61.850 | 77.660 | 83.243 | 36.098 | 6.050 |
|   4   | 61.840 | 77.554 | 83.187 | 36.025 | 6.096 |
|   5   | 61.900 | 77.590 | 83.303 | 36.161 | 6.009 |
|   6   | 61.785 | 77.549 | 83.182 | 36.061 | 6.091 |
|   7   | 61.759 | 77.489 | 83.222 | 36.044 | 5.992 |
|   8   | 61.790 | 77.459 | 83.142 | 36.104 | 6.079 |
|   9   | 61.774 | 77.474 | 83.127 | 36.034 | 6.009 |
|   10  | 61.951 | 77.484 | 83.217 | 36.042 | 6.024 |
|   11  | 61.880 | 77.418 | 83.142 | 36.102 | 5.978 |
|   12  | 61.870 | 77.484 | 83.187 | 36.058 | 6.002 |
|   13  | 61.754 | 77.534 | 83.122 | 35.979 | 5.954 |
|   14  | 61.774 | 77.469 | 83.086 | 35.931 | 5.972 |
|   15  | 61.911 | 77.494 | 83.152 | 36.011 | 5.981 |
|   16  | 61.754 | 77.378 | 83.071 | 35.914 | 5.943 |
|   17  | 61.875 | 77.403 | 83.137 | 35.943 | 5.921 |
|   18  | 61.744 | 77.439 | 83.142 | 35.861 | 5.910 |
|   19  | 61.875 | 77.428 | 83.187 | 35.905 | 5.864 |
|   20  | 61.895 | 77.353 | 83.167 | 35.923 | 5.844 |
|   21  | 61.608 | 77.308 | 83.041 | 35.825 | 5.999 |
|   22  | 61.825 | 77.348 | 83.031 | 35.814 | 5.863 |
|   23  | 61.981 | 77.368 | 83.081 | 35.909 | 5.943 |
|   24  | 61.835 | 77.328 | 83.026 | 35.888 | 5.904 |
|   25  | 61.790 | 77.232 | 83.036 | 35.898 | 5.924 |
+-------+--------+--------+--------+--------+-------+
     logs:  {'epo': 25, 'R1': np.float32(61.79), 'R5': np.float32(77.232), 'R10': np.float32(83.036), 'mAP': np.float32(35.898), 'mINP': np.float32(5.924), 'entropy': 0.1668186322785914, 'loss': 1.2591319642961025, 'lr': 0.00026022669526856257}
     Epoch[26] Iteration[10/320], entropy: 0.1577, loss: 1.2645, lr: 4.77e-05
     Epoch[26] Iteration[20/320], entropy: 0.2308, loss: 1.3002, lr: 4.77e-05
     Epoch[26] Iteration[30/320], entropy: 0.1477, loss: 1.2661, lr: 3.27e-04
     Epoch[26] Iteration[40/320], entropy: 0.2305, loss: 1.3139, lr: 5.00e-04
     Epoch[26] Iteration[50/320], entropy: 0.1818, loss: 1.2579, lr: 3.27e-04
     Epoch[26] Iteration[60/320], entropy: 0.0978, loss: 1.1685, lr: 4.77e-05
     Epoch[26] Iteration[70/320], entropy: 0.1871, loss: 1.2512, lr: 4.77e-05
     Epoch[26] Iteration[80/320], entropy: 0.1238, loss: 1.2231, lr: 3.27e-04
     Epoch[26] Iteration[90/320], entropy: 0.1765, loss: 1.2798, lr: 5.00e-04
     Epoch[26] Iteration[100/320], entropy: 0.2284, loss: 1.2559, lr: 3.27e-04
     Epoch[26] Iteration[110/320], entropy: 0.2757, loss: 1.3488, lr: 4.77e-05
     Epoch[26] Iteration[120/320], entropy: 0.2367, loss: 1.3600, lr: 4.77e-05
     Epoch[26] Iteration[130/320], entropy: 0.1340, loss: 1.2712, lr: 3.27e-04
     Epoch[26] Iteration[140/320], entropy: 0.1844, loss: 1.2991, lr: 5.00e-04
     Epoch[26] Iteration[150/320], entropy: 0.0746, loss: 1.1151, lr: 3.27e-04
     Epoch[26] Iteration[160/320], entropy: 0.2330, loss: 1.3153, lr: 4.77e-05
     Epoch[26] Iteration[170/320], entropy: 0.1454, loss: 1.2623, lr: 4.77e-05
     Epoch[26] Iteration[180/320], entropy: 0.2162, loss: 1.3578, lr: 3.27e-04
     Epoch[26] Iteration[190/320], entropy: 0.0768, loss: 1.1513, lr: 5.00e-04
     Epoch[26] Iteration[200/320], entropy: 0.2453, loss: 1.3759, lr: 3.27e-04
     Epoch[26] Iteration[210/320], entropy: 0.0892, loss: 1.1766, lr: 4.77e-05
     Epoch[26] Iteration[220/320], entropy: 0.1621, loss: 1.2768, lr: 4.77e-05
     Epoch[26] Iteration[230/320], entropy: 0.1645, loss: 1.2772, lr: 3.27e-04
     Epoch[26] Iteration[240/320], entropy: 0.2001, loss: 1.2759, lr: 5.00e-04
     Epoch[26] Iteration[250/320], entropy: 0.1098, loss: 1.2139, lr: 3.27e-04
     Epoch[26] Iteration[260/320], entropy: 0.1363, loss: 1.2093, lr: 4.77e-05
     Epoch[26] Iteration[270/320], entropy: 0.2973, loss: 1.3655, lr: 4.77e-05
     Epoch[26] Iteration[280/320], entropy: 0.1141, loss: 1.2342, lr: 3.27e-04
     Epoch[26] Iteration[290/320], entropy: 0.2609, loss: 1.4399, lr: 5.00e-04
     Epoch[26] Iteration[300/320], entropy: 0.2504, loss: 1.3190, lr: 3.27e-04
     Epoch[26] Iteration[310/320], entropy: 0.2167, loss: 1.2964, lr: 4.77e-05
     Epoch[26] Iteration[320/320], entropy: 0.1585, loss: 1.2277, lr: 4.77e-05
     Averaged stats: entropy: 0.1585, loss: 1.2277, lr: 4.77e-05
     itm tta time 0:00:56
### TTA Eval Score: 
+-------+--------+--------+--------+--------+-------+
| epoch |   R1   |   R5   |  R10   |  mAP   |  mINP |
+-------+--------+--------+--------+--------+-------+
|  -999 | 60.631 | 77.519 | 83.268 | 35.542 | 6.004 |
|   0   | 61.659 | 77.418 | 83.217 | 36.098 | 6.111 |
|   1   | 61.815 | 77.534 | 83.222 | 36.096 | 6.008 |
|   2   | 61.936 | 77.585 | 83.278 | 36.097 | 5.969 |
|   3   | 61.850 | 77.660 | 83.243 | 36.098 | 6.050 |
|   4   | 61.840 | 77.554 | 83.187 | 36.025 | 6.096 |
|   5   | 61.900 | 77.590 | 83.303 | 36.161 | 6.009 |
|   6   | 61.785 | 77.549 | 83.182 | 36.061 | 6.091 |
|   7   | 61.759 | 77.489 | 83.222 | 36.044 | 5.992 |
|   8   | 61.790 | 77.459 | 83.142 | 36.104 | 6.079 |
|   9   | 61.774 | 77.474 | 83.127 | 36.034 | 6.009 |
|   10  | 61.951 | 77.484 | 83.217 | 36.042 | 6.024 |
|   11  | 61.880 | 77.418 | 83.142 | 36.102 | 5.978 |
|   12  | 61.870 | 77.484 | 83.187 | 36.058 | 6.002 |
|   13  | 61.754 | 77.534 | 83.122 | 35.979 | 5.954 |
|   14  | 61.774 | 77.469 | 83.086 | 35.931 | 5.972 |
|   15  | 61.911 | 77.494 | 83.152 | 36.011 | 5.981 |
|   16  | 61.754 | 77.378 | 83.071 | 35.914 | 5.943 |
|   17  | 61.875 | 77.403 | 83.137 | 35.943 | 5.921 |
|   18  | 61.744 | 77.439 | 83.142 | 35.861 | 5.910 |
|   19  | 61.875 | 77.428 | 83.187 | 35.905 | 5.864 |
|   20  | 61.895 | 77.353 | 83.167 | 35.923 | 5.844 |
|   21  | 61.608 | 77.308 | 83.041 | 35.825 | 5.999 |
|   22  | 61.825 | 77.348 | 83.031 | 35.814 | 5.863 |
|   23  | 61.981 | 77.368 | 83.081 | 35.909 | 5.943 |
|   24  | 61.835 | 77.328 | 83.026 | 35.888 | 5.904 |
|   25  | 61.790 | 77.232 | 83.036 | 35.898 | 5.924 |
|   26  | 62.052 | 77.353 | 83.127 | 35.888 | 5.834 |
+-------+--------+--------+--------+--------+-------+
     logs:  {'epo': 26, 'R1': np.float32(62.052), 'R5': np.float32(77.353), 'R10': np.float32(83.127), 'mAP': np.float32(35.888), 'mINP': np.float32(5.834), 'entropy': 0.17949930601753294, 'loss': 1.273450642824173, 'lr': 0.00023735910946289326}
     Epoch[27] Iteration[10/320], entropy: 0.2003, loss: 1.3552, lr: 3.27e-04
     Epoch[27] Iteration[20/320], entropy: 0.1060, loss: 1.1663, lr: 5.00e-04
     Epoch[27] Iteration[30/320], entropy: 0.1129, loss: 1.2208, lr: 3.27e-04
     Epoch[27] Iteration[40/320], entropy: 0.0871, loss: 1.1908, lr: 4.77e-05
     Epoch[27] Iteration[50/320], entropy: 0.1261, loss: 1.1969, lr: 4.77e-05
     Epoch[27] Iteration[60/320], entropy: 0.2700, loss: 1.4082, lr: 3.27e-04
     Epoch[27] Iteration[70/320], entropy: 0.1141, loss: 1.2449, lr: 5.00e-04
     Epoch[27] Iteration[80/320], entropy: 0.2444, loss: 1.3371, lr: 3.27e-04
     Epoch[27] Iteration[90/320], entropy: 0.1772, loss: 1.2661, lr: 4.77e-05
     Epoch[27] Iteration[100/320], entropy: 0.1327, loss: 1.1987, lr: 4.77e-05
     Epoch[27] Iteration[110/320], entropy: 0.2250, loss: 1.2748, lr: 3.27e-04
     Epoch[27] Iteration[120/320], entropy: 0.2171, loss: 1.3194, lr: 5.00e-04
     Epoch[27] Iteration[130/320], entropy: 0.1077, loss: 1.2112, lr: 3.27e-04
     Epoch[27] Iteration[140/320], entropy: 0.3098, loss: 1.4625, lr: 4.77e-05
     Epoch[27] Iteration[150/320], entropy: 0.1086, loss: 1.1588, lr: 4.77e-05
     Epoch[27] Iteration[160/320], entropy: 0.0915, loss: 1.2121, lr: 3.27e-04
     Epoch[27] Iteration[170/320], entropy: 0.2960, loss: 1.4041, lr: 5.00e-04
     Epoch[27] Iteration[180/320], entropy: 0.1378, loss: 1.2425, lr: 3.27e-04
     Epoch[27] Iteration[190/320], entropy: 0.2472, loss: 1.3545, lr: 4.77e-05
     Epoch[27] Iteration[200/320], entropy: 0.0946, loss: 1.2285, lr: 4.77e-05
     Epoch[27] Iteration[210/320], entropy: 0.1447, loss: 1.1950, lr: 3.27e-04
     Epoch[27] Iteration[220/320], entropy: 0.2226, loss: 1.3500, lr: 5.00e-04
     Epoch[27] Iteration[230/320], entropy: 0.2208, loss: 1.3395, lr: 3.27e-04
     Epoch[27] Iteration[240/320], entropy: 0.3711, loss: 1.4555, lr: 4.77e-05
     Epoch[27] Iteration[250/320], entropy: 0.2729, loss: 1.3606, lr: 4.77e-05
     Epoch[27] Iteration[260/320], entropy: 0.1518, loss: 1.2478, lr: 3.27e-04
     Epoch[27] Iteration[270/320], entropy: 0.1576, loss: 1.2705, lr: 5.00e-04
     Epoch[27] Iteration[280/320], entropy: 0.2516, loss: 1.3685, lr: 3.27e-04
     Epoch[27] Iteration[290/320], entropy: 0.1271, loss: 1.2390, lr: 4.77e-05
     Epoch[27] Iteration[300/320], entropy: 0.2103, loss: 1.2994, lr: 4.77e-05
     Epoch[27] Iteration[310/320], entropy: 0.1409, loss: 1.2578, lr: 3.27e-04
     Epoch[27] Iteration[320/320], entropy: 0.2030, loss: 1.2574, lr: 5.00e-04
     Averaged stats: entropy: 0.2030, loss: 1.2574, lr: 5.00e-04
     itm tta time 0:00:52
### TTA Eval Score: 
+-------+--------+--------+--------+--------+-------+
| epoch |   R1   |   R5   |  R10   |  mAP   |  mINP |
+-------+--------+--------+--------+--------+-------+
|  -999 | 60.631 | 77.519 | 83.268 | 35.542 | 6.004 |
|   0   | 61.659 | 77.418 | 83.217 | 36.098 | 6.111 |
|   1   | 61.815 | 77.534 | 83.222 | 36.096 | 6.008 |
|   2   | 61.936 | 77.585 | 83.278 | 36.097 | 5.969 |
|   3   | 61.850 | 77.660 | 83.243 | 36.098 | 6.050 |
|   4   | 61.840 | 77.554 | 83.187 | 36.025 | 6.096 |
|   5   | 61.900 | 77.590 | 83.303 | 36.161 | 6.009 |
|   6   | 61.785 | 77.549 | 83.182 | 36.061 | 6.091 |
|   7   | 61.759 | 77.489 | 83.222 | 36.044 | 5.992 |
|   8   | 61.790 | 77.459 | 83.142 | 36.104 | 6.079 |
|   9   | 61.774 | 77.474 | 83.127 | 36.034 | 6.009 |
|   10  | 61.951 | 77.484 | 83.217 | 36.042 | 6.024 |
|   11  | 61.880 | 77.418 | 83.142 | 36.102 | 5.978 |
|   12  | 61.870 | 77.484 | 83.187 | 36.058 | 6.002 |
|   13  | 61.754 | 77.534 | 83.122 | 35.979 | 5.954 |
|   14  | 61.774 | 77.469 | 83.086 | 35.931 | 5.972 |
|   15  | 61.911 | 77.494 | 83.152 | 36.011 | 5.981 |
|   16  | 61.754 | 77.378 | 83.071 | 35.914 | 5.943 |
|   17  | 61.875 | 77.403 | 83.137 | 35.943 | 5.921 |
|   18  | 61.744 | 77.439 | 83.142 | 35.861 | 5.910 |
|   19  | 61.875 | 77.428 | 83.187 | 35.905 | 5.864 |
|   20  | 61.895 | 77.353 | 83.167 | 35.923 | 5.844 |
|   21  | 61.608 | 77.308 | 83.041 | 35.825 | 5.999 |
|   22  | 61.825 | 77.348 | 83.031 | 35.814 | 5.863 |
|   23  | 61.981 | 77.368 | 83.081 | 35.909 | 5.943 |
|   24  | 61.835 | 77.328 | 83.026 | 35.888 | 5.904 |
|   25  | 61.790 | 77.232 | 83.036 | 35.898 | 5.924 |
|   26  | 62.052 | 77.353 | 83.127 | 35.888 | 5.834 |
|   27  | 61.996 | 77.423 | 83.056 | 35.886 | 5.857 |
+-------+--------+--------+--------+--------+-------+
     logs:  {'epo': 27, 'R1': np.float32(61.996), 'R5': np.float32(77.423), 'R10': np.float32(83.056), 'mAP': np.float32(35.886), 'mINP': np.float32(5.857), 'entropy': 0.1837791414000094, 'loss': 1.2841991856694221, 'lr': 0.00026022669526856284}
     Epoch[28] Iteration[10/320], entropy: 0.1907, loss: 1.2929, lr: 3.27e-04
     Epoch[28] Iteration[20/320], entropy: 0.1472, loss: 1.1811, lr: 4.77e-05
     Epoch[28] Iteration[30/320], entropy: 0.3950, loss: 1.5010, lr: 4.77e-05
     Epoch[28] Iteration[40/320], entropy: 0.2268, loss: 1.3615, lr: 3.27e-04
     Epoch[28] Iteration[50/320], entropy: 0.1530, loss: 1.1933, lr: 5.00e-04
     Epoch[28] Iteration[60/320], entropy: 0.2029, loss: 1.3496, lr: 3.27e-04
     Epoch[28] Iteration[70/320], entropy: 0.2497, loss: 1.3289, lr: 4.77e-05
     Epoch[28] Iteration[80/320], entropy: 0.1132, loss: 1.1891, lr: 4.77e-05
     Epoch[28] Iteration[90/320], entropy: 0.1417, loss: 1.2983, lr: 3.27e-04
     Epoch[28] Iteration[100/320], entropy: 0.1668, loss: 1.3257, lr: 5.00e-04
     Epoch[28] Iteration[110/320], entropy: 0.2220, loss: 1.3062, lr: 3.27e-04
     Epoch[28] Iteration[120/320], entropy: 0.2185, loss: 1.3493, lr: 4.77e-05
     Epoch[28] Iteration[130/320], entropy: 0.0864, loss: 1.1790, lr: 4.77e-05
     Epoch[28] Iteration[140/320], entropy: 0.1448, loss: 1.2732, lr: 3.27e-04
     Epoch[28] Iteration[150/320], entropy: 0.2668, loss: 1.3824, lr: 5.00e-04
     Epoch[28] Iteration[160/320], entropy: 0.1337, loss: 1.1658, lr: 3.27e-04
     Epoch[28] Iteration[170/320], entropy: 0.1008, loss: 1.1638, lr: 4.77e-05
     Epoch[28] Iteration[180/320], entropy: 0.1720, loss: 1.2525, lr: 4.77e-05
     Epoch[28] Iteration[190/320], entropy: 0.1684, loss: 1.2887, lr: 3.27e-04
     Epoch[28] Iteration[200/320], entropy: 0.2757, loss: 1.3622, lr: 5.00e-04
     Epoch[28] Iteration[210/320], entropy: 0.0896, loss: 1.1556, lr: 3.27e-04
     Epoch[28] Iteration[220/320], entropy: 0.1829, loss: 1.2483, lr: 4.77e-05
     Epoch[28] Iteration[230/320], entropy: 0.2495, loss: 1.3761, lr: 4.77e-05
     Epoch[28] Iteration[240/320], entropy: 0.2007, loss: 1.2694, lr: 3.27e-04
     Epoch[28] Iteration[250/320], entropy: 0.0919, loss: 1.2225, lr: 5.00e-04
     Epoch[28] Iteration[260/320], entropy: 0.1386, loss: 1.2818, lr: 3.27e-04
     Epoch[28] Iteration[270/320], entropy: 0.1852, loss: 1.2541, lr: 4.77e-05
     Epoch[28] Iteration[280/320], entropy: 0.1172, loss: 1.1906, lr: 4.77e-05
     Epoch[28] Iteration[290/320], entropy: 0.2533, loss: 1.3612, lr: 3.27e-04
     Epoch[28] Iteration[300/320], entropy: 0.1410, loss: 1.2190, lr: 5.00e-04
     Epoch[28] Iteration[310/320], entropy: 0.1160, loss: 1.2378, lr: 3.27e-04
     Epoch[28] Iteration[320/320], entropy: 0.1522, loss: 1.3010, lr: 4.77e-05
     Averaged stats: entropy: 0.1522, loss: 1.3010, lr: 4.77e-05
     itm tta time 0:00:47
### TTA Eval Score: 
+-------+--------+--------+--------+--------+-------+
| epoch |   R1   |   R5   |  R10   |  mAP   |  mINP |
+-------+--------+--------+--------+--------+-------+
|  -999 | 60.631 | 77.519 | 83.268 | 35.542 | 6.004 |
|   0   | 61.659 | 77.418 | 83.217 | 36.098 | 6.111 |
|   1   | 61.815 | 77.534 | 83.222 | 36.096 | 6.008 |
|   2   | 61.936 | 77.585 | 83.278 | 36.097 | 5.969 |
|   3   | 61.850 | 77.660 | 83.243 | 36.098 | 6.050 |
|   4   | 61.840 | 77.554 | 83.187 | 36.025 | 6.096 |
|   5   | 61.900 | 77.590 | 83.303 | 36.161 | 6.009 |
|   6   | 61.785 | 77.549 | 83.182 | 36.061 | 6.091 |
|   7   | 61.759 | 77.489 | 83.222 | 36.044 | 5.992 |
|   8   | 61.790 | 77.459 | 83.142 | 36.104 | 6.079 |
|   9   | 61.774 | 77.474 | 83.127 | 36.034 | 6.009 |
|   10  | 61.951 | 77.484 | 83.217 | 36.042 | 6.024 |
|   11  | 61.880 | 77.418 | 83.142 | 36.102 | 5.978 |
|   12  | 61.870 | 77.484 | 83.187 | 36.058 | 6.002 |
|   13  | 61.754 | 77.534 | 83.122 | 35.979 | 5.954 |
|   14  | 61.774 | 77.469 | 83.086 | 35.931 | 5.972 |
|   15  | 61.911 | 77.494 | 83.152 | 36.011 | 5.981 |
|   16  | 61.754 | 77.378 | 83.071 | 35.914 | 5.943 |
|   17  | 61.875 | 77.403 | 83.137 | 35.943 | 5.921 |
|   18  | 61.744 | 77.439 | 83.142 | 35.861 | 5.910 |
|   19  | 61.875 | 77.428 | 83.187 | 35.905 | 5.864 |
|   20  | 61.895 | 77.353 | 83.167 | 35.923 | 5.844 |
|   21  | 61.608 | 77.308 | 83.041 | 35.825 | 5.999 |
|   22  | 61.825 | 77.348 | 83.031 | 35.814 | 5.863 |
|   23  | 61.981 | 77.368 | 83.081 | 35.909 | 5.943 |
|   24  | 61.835 | 77.328 | 83.026 | 35.888 | 5.904 |
|   25  | 61.790 | 77.232 | 83.036 | 35.898 | 5.924 |
|   26  | 62.052 | 77.353 | 83.127 | 35.888 | 5.834 |
|   27  | 61.996 | 77.423 | 83.056 | 35.886 | 5.857 |
|   28  | 61.966 | 77.413 | 83.076 | 35.863 | 5.796 |
+-------+--------+--------+--------+--------+-------+
     logs:  {'epo': 28, 'R1': np.float32(61.966), 'R5': np.float32(77.413), 'R10': np.float32(83.076), 'mAP': np.float32(35.863), 'mINP': np.float32(5.796), 'entropy': 0.17794484784826636, 'loss': 1.276935875415802, 'lr': 0.00024609375000000233}
     Epoch[29] Iteration[10/320], entropy: 0.1587, loss: 1.2490, lr: 4.77e-05
     Epoch[29] Iteration[20/320], entropy: 0.3353, loss: 1.5066, lr: 3.27e-04
     Epoch[29] Iteration[30/320], entropy: 0.3597, loss: 1.4679, lr: 5.00e-04
     Epoch[29] Iteration[40/320], entropy: 0.2325, loss: 1.3427, lr: 3.27e-04
     Epoch[29] Iteration[50/320], entropy: 0.3415, loss: 1.4193, lr: 4.77e-05
     Epoch[29] Iteration[60/320], entropy: 0.1676, loss: 1.2594, lr: 4.77e-05
     Epoch[29] Iteration[70/320], entropy: 0.0706, loss: 1.1559, lr: 3.27e-04
     Epoch[29] Iteration[80/320], entropy: 0.2000, loss: 1.2654, lr: 5.00e-04
     Epoch[29] Iteration[90/320], entropy: 0.1380, loss: 1.2395, lr: 3.27e-04
     Epoch[29] Iteration[100/320], entropy: 0.1299, loss: 1.2126, lr: 4.77e-05
     Epoch[29] Iteration[110/320], entropy: 0.1403, loss: 1.2701, lr: 4.77e-05
     Epoch[29] Iteration[120/320], entropy: 0.1840, loss: 1.3004, lr: 3.27e-04
     Epoch[29] Iteration[130/320], entropy: 0.2065, loss: 1.2551, lr: 5.00e-04
     Epoch[29] Iteration[140/320], entropy: 0.1055, loss: 1.1566, lr: 3.27e-04
     Epoch[29] Iteration[150/320], entropy: 0.2591, loss: 1.3636, lr: 4.77e-05
     Epoch[29] Iteration[160/320], entropy: 0.2456, loss: 1.3515, lr: 4.77e-05
     Epoch[29] Iteration[170/320], entropy: 0.2309, loss: 1.3374, lr: 3.27e-04
     Epoch[29] Iteration[180/320], entropy: 0.0979, loss: 1.1263, lr: 5.00e-04
     Epoch[29] Iteration[190/320], entropy: 0.1003, loss: 1.1649, lr: 3.27e-04
     Epoch[29] Iteration[200/320], entropy: 0.1182, loss: 1.2412, lr: 4.77e-05
     Epoch[29] Iteration[210/320], entropy: 0.1629, loss: 1.2126, lr: 4.77e-05
     Epoch[29] Iteration[220/320], entropy: 0.1655, loss: 1.2517, lr: 3.27e-04
     Epoch[29] Iteration[230/320], entropy: 0.1291, loss: 1.2386, lr: 5.00e-04
     Epoch[29] Iteration[240/320], entropy: 0.1837, loss: 1.3052, lr: 3.27e-04
     Epoch[29] Iteration[250/320], entropy: 0.1762, loss: 1.2392, lr: 4.77e-05
     Epoch[29] Iteration[260/320], entropy: 0.1279, loss: 1.2561, lr: 4.77e-05
     Epoch[29] Iteration[270/320], entropy: 0.0697, loss: 1.1305, lr: 3.27e-04
     Epoch[29] Iteration[280/320], entropy: 0.1031, loss: 1.2328, lr: 5.00e-04
     Epoch[29] Iteration[290/320], entropy: 0.1665, loss: 1.2786, lr: 3.27e-04
     Epoch[29] Iteration[300/320], entropy: 0.1252, loss: 1.2442, lr: 4.77e-05
     Epoch[29] Iteration[310/320], entropy: 0.2190, loss: 1.3102, lr: 4.77e-05
     Epoch[29] Iteration[320/320], entropy: 0.1336, loss: 1.1985, lr: 3.27e-04
     Averaged stats: entropy: 0.1336, loss: 1.1985, lr: 3.27e-04
     itm tta time 0:00:44
### TTA Eval Score: 
+-------+--------+--------+--------+--------+-------+
| epoch |   R1   |   R5   |  R10   |  mAP   |  mINP |
+-------+--------+--------+--------+--------+-------+
|  -999 | 60.631 | 77.519 | 83.268 | 35.542 | 6.004 |
|   0   | 61.659 | 77.418 | 83.217 | 36.098 | 6.111 |
|   1   | 61.815 | 77.534 | 83.222 | 36.096 | 6.008 |
|   2   | 61.936 | 77.585 | 83.278 | 36.097 | 5.969 |
|   3   | 61.850 | 77.660 | 83.243 | 36.098 | 6.050 |
|   4   | 61.840 | 77.554 | 83.187 | 36.025 | 6.096 |
|   5   | 61.900 | 77.590 | 83.303 | 36.161 | 6.009 |
|   6   | 61.785 | 77.549 | 83.182 | 36.061 | 6.091 |
|   7   | 61.759 | 77.489 | 83.222 | 36.044 | 5.992 |
|   8   | 61.790 | 77.459 | 83.142 | 36.104 | 6.079 |
|   9   | 61.774 | 77.474 | 83.127 | 36.034 | 6.009 |
|   10  | 61.951 | 77.484 | 83.217 | 36.042 | 6.024 |
|   11  | 61.880 | 77.418 | 83.142 | 36.102 | 5.978 |
|   12  | 61.870 | 77.484 | 83.187 | 36.058 | 6.002 |
|   13  | 61.754 | 77.534 | 83.122 | 35.979 | 5.954 |
|   14  | 61.774 | 77.469 | 83.086 | 35.931 | 5.972 |
|   15  | 61.911 | 77.494 | 83.152 | 36.011 | 5.981 |
|   16  | 61.754 | 77.378 | 83.071 | 35.914 | 5.943 |
|   17  | 61.875 | 77.403 | 83.137 | 35.943 | 5.921 |
|   18  | 61.744 | 77.439 | 83.142 | 35.861 | 5.910 |
|   19  | 61.875 | 77.428 | 83.187 | 35.905 | 5.864 |
|   20  | 61.895 | 77.353 | 83.167 | 35.923 | 5.844 |
|   21  | 61.608 | 77.308 | 83.041 | 35.825 | 5.999 |
|   22  | 61.825 | 77.348 | 83.031 | 35.814 | 5.863 |
|   23  | 61.981 | 77.368 | 83.081 | 35.909 | 5.943 |
|   24  | 61.835 | 77.328 | 83.026 | 35.888 | 5.904 |
|   25  | 61.790 | 77.232 | 83.036 | 35.898 | 5.924 |
|   26  | 62.052 | 77.353 | 83.127 | 35.888 | 5.834 |
|   27  | 61.996 | 77.423 | 83.056 | 35.886 | 5.857 |
|   28  | 61.966 | 77.413 | 83.076 | 35.863 | 5.796 |
|   29  | 61.916 | 77.313 | 83.001 | 35.851 | 5.830 |
+-------+--------+--------+--------+--------+-------+
     logs:  {'epo': 29, 'R1': np.float32(61.916), 'R5': np.float32(77.313), 'R10': np.float32(83.001), 'mAP': np.float32(35.851), 'mINP': np.float32(5.83), 'entropy': 0.17450927454046905, 'loss': 1.268242422491312, 'lr': 0.0002460937500000052}
### best epoch 26 : {'epo': '26', 'R1': '62.052', 'R5': '77.353', 'R10': '83.127', 'mAP': '35.888', 'mINP': '5.834', 'entropy': '0.17949930601753294', 'loss': '1.273450642824173', 'lr': '0.00023735910946289326'}
### Time 1:04:18
