Not using distributed mode
### Hyper-parameters:
     output_dir: output_rerun2/ham_rstp_tta/exp4/exp4.2.2/2025091521565
     seed: 42
     device: cuda
     batch_size_tta: 16
     epochs: 60
     lr: 0.0001
### Creating test dataset
     test_txt_set: 2000    test_img_set: 1000
     test_txt_loader: 4    test_img_loader: 2
### Creating model
Training Model with ['sdm', 'id', 'mlm'] tasks
Resized position embedding from size:torch.Size([1, 197, 768]) to size: torch.Size([1, 193, 768]) with height:24 width: 8
     Total Params Sum:  190789493
### Zero-Shot Score: 
/home/jiahao/task/IRRA/tta.py:281: FutureWarning: `torch.cuda.amp.GradScaler(args...)` is deprecated. Please use `torch.amp.GradScaler('cuda', args...)` instead.
  scaler = GradScaler()  # bf16
+-------+--------+--------+--------+--------+--------+
| epoch |   R1   |   R5   |  R10   |  mAP   |  mINP  |
+-------+--------+--------+--------+--------+--------+
|  -999 | 59.500 | 80.050 | 87.050 | 44.116 | 20.549 |
+-------+--------+--------+--------+--------+--------+
### TTA:
### Compute Cos Similarity Uncertainty
     preprocess_tta_coefficients  start
     sample selection ...
     number of sample after sample_selection: 2000
     uncertainty ...
     pos/neg sampling ...
      number of sample after pos/neg sampling: torch.Size([2000, 8])
     preprocess_tta_coefficients  end
### Creating TTA dataset
     tta_dataset: 2000
### Creating tta dataloader
### be careful: func create_loader returns a list length of 1
     tta_loader: 125
### Configure adapted weights
     TTA Dropout Modules: 
 []
     TTA Require Gradient Params: 
 [('base_model.transformer.resblocks.1.ln_1.weight', torch.Size([512])), ('base_model.transformer.resblocks.1.ln_1.bias', torch.Size([512])), ('base_model.transformer.resblocks.1.ln_2.weight', torch.Size([512])), ('base_model.transformer.resblocks.1.ln_2.bias', torch.Size([512])), ('base_model.transformer.resblocks.2.ln_1.weight', torch.Size([512])), ('base_model.transformer.resblocks.2.ln_1.bias', torch.Size([512])), ('base_model.transformer.resblocks.2.ln_2.weight', torch.Size([512])), ('base_model.transformer.resblocks.2.ln_2.bias', torch.Size([512])), ('base_model.transformer.resblocks.3.ln_1.weight', torch.Size([512])), ('base_model.transformer.resblocks.3.ln_1.bias', torch.Size([512])), ('base_model.transformer.resblocks.3.ln_2.weight', torch.Size([512])), ('base_model.transformer.resblocks.3.ln_2.bias', torch.Size([512])), ('base_model.transformer.resblocks.4.ln_1.weight', torch.Size([512])), ('base_model.transformer.resblocks.4.ln_1.bias', torch.Size([512])), ('base_model.transformer.resblocks.4.ln_2.weight', torch.Size([512])), ('base_model.transformer.resblocks.4.ln_2.bias', torch.Size([512])), ('base_model.transformer.resblocks.5.ln_1.weight', torch.Size([512])), ('base_model.transformer.resblocks.5.ln_1.bias', torch.Size([512])), ('base_model.transformer.resblocks.5.ln_2.weight', torch.Size([512])), ('base_model.transformer.resblocks.5.ln_2.bias', torch.Size([512])), ('base_model.transformer.resblocks.7.ln_1.weight', torch.Size([512])), ('base_model.transformer.resblocks.7.ln_1.bias', torch.Size([512])), ('base_model.transformer.resblocks.7.ln_2.weight', torch.Size([512])), ('base_model.transformer.resblocks.7.ln_2.bias', torch.Size([512])), ('base_model.transformer.resblocks.8.ln_1.weight', torch.Size([512])), ('base_model.transformer.resblocks.8.ln_1.bias', torch.Size([512])), ('base_model.transformer.resblocks.8.ln_2.weight', torch.Size([512])), ('base_model.transformer.resblocks.8.ln_2.bias', torch.Size([512])), ('base_model.transformer.resblocks.9.ln_1.weight', torch.Size([512])), ('base_model.transformer.resblocks.9.ln_1.bias', torch.Size([512])), ('base_model.transformer.resblocks.9.ln_2.weight', torch.Size([512])), ('base_model.transformer.resblocks.9.ln_2.bias', torch.Size([512])), ('base_model.transformer.resblocks.10.ln_1.weight', torch.Size([512])), ('base_model.transformer.resblocks.10.ln_1.bias', torch.Size([512])), ('base_model.transformer.resblocks.10.ln_2.weight', torch.Size([512])), ('base_model.transformer.resblocks.10.ln_2.bias', torch.Size([512])), ('base_model.transformer.resblocks.11.ln_1.weight', torch.Size([512])), ('base_model.transformer.resblocks.11.ln_1.bias', torch.Size([512])), ('base_model.transformer.resblocks.11.ln_2.weight', torch.Size([512])), ('base_model.transformer.resblocks.11.ln_2.bias', torch.Size([512])), ('base_model.ln_final.weight', torch.Size([512])), ('base_model.ln_final.bias', torch.Size([512]))]
     TTA Dropout Modules Number: 
 0
     TTA Require Gradient Params Sum: 
 21504
Using 5.0 times learning rate for random init module 
### Start Test Time Adaptation : num_epoch = 60
/home/jiahao/task/IRRA/tta.py:67: FutureWarning: `torch.cuda.amp.autocast(args...)` is deprecated. Please use `torch.amp.autocast('cuda', args...)` instead.
  with torch.cuda.amp.autocast(enabled=True):
     Epoch[0] Iteration[10/125], entropy: 0.6366, uncertainty: 2.0516, uncertainty_coeffi: 0.0001, loss: 0.2956, lr: 9.80e-05
     Epoch[0] Iteration[20/125], entropy: 0.3186, uncertainty: 1.9811, uncertainty_coeffi: 0.0001, loss: 0.1542, lr: 8.48e-05
     Epoch[0] Iteration[30/125], entropy: 0.5010, uncertainty: 2.0032, uncertainty_coeffi: 0.0001, loss: 0.2266, lr: 5.99e-05
     Epoch[0] Iteration[40/125], entropy: 0.6361, uncertainty: 2.0118, uncertainty_coeffi: 0.0001, loss: 0.2798, lr: 3.19e-05
     Epoch[0] Iteration[50/125], entropy: 0.3804, uncertainty: 1.8656, uncertainty_coeffi: 0.0001, loss: 0.1778, lr: 9.55e-06
     Epoch[0] Iteration[60/125], entropy: 0.5282, uncertainty: 1.9689, uncertainty_coeffi: 0.0001, loss: 0.2231, lr: 8.15e-08
     Epoch[0] Iteration[70/125], entropy: 0.8105, uncertainty: 2.1037, uncertainty_coeffi: 0.0001, loss: 0.3481, lr: 6.46e-06
     Epoch[0] Iteration[80/125], entropy: 0.3663, uncertainty: 1.8744, uncertainty_coeffi: 0.0001, loss: 0.1720, lr: 2.67e-05
     Epoch[0] Iteration[90/125], entropy: 0.4149, uncertainty: 1.9284, uncertainty_coeffi: 0.0001, loss: 0.1896, lr: 5.43e-05
     Epoch[0] Iteration[100/125], entropy: 0.5874, uncertainty: 2.0744, uncertainty_coeffi: 0.0001, loss: 0.2547, lr: 8.05e-05
     Epoch[0] Iteration[110/125], entropy: 0.6982, uncertainty: 2.0169, uncertainty_coeffi: 0.0001, loss: 0.3321, lr: 9.71e-05
     Epoch[0] Iteration[120/125], entropy: 0.8065, uncertainty: 2.0400, uncertainty_coeffi: 0.0001, loss: 0.3623, lr: 9.87e-05
     Averaged stats: entropy_avg: 0.5571, uncertainty_avg: 1.9933, uncertainty_coeffi_avg: 0.0001, loss_avg: 0.2513, lr_avg: 5.40e-05
     itm tta time 0:00:40
### TTA Eval Score: 
+-------+--------+--------+--------+--------+--------+
| epoch |   R1   |   R5   |  R10   |  mAP   |  mINP  |
+-------+--------+--------+--------+--------+--------+
|  -999 | 59.500 | 80.050 | 87.050 | 44.116 | 20.549 |
|   0   | 59.900 | 80.150 | 87.350 | 44.315 | 20.696 |
+-------+--------+--------+--------+--------+--------+
     logs:  {'epo': 0, 'R1': np.float32(59.9), 'R5': np.float32(80.15), 'R10': np.float32(87.35), 'mAP': np.float32(44.315), 'mINP': np.float32(20.696), 'entropy': 0.5570569882790247, 'uncertainty': 1.9933355450630188, 'uncertainty_coeffi': 9.999999747378752e-05, 'loss': 0.2513204788168271, 'lr': 5.399788739006041e-05}
     Epoch[1] Iteration[10/125], entropy: 0.3989, uncertainty: 1.8629, uncertainty_coeffi: 0.0001, loss: 0.1947, lr: 7.33e-05
     Epoch[1] Iteration[20/125], entropy: 0.5529, uncertainty: 1.9923, uncertainty_coeffi: 0.0001, loss: 0.2449, lr: 4.57e-05
     Epoch[1] Iteration[30/125], entropy: 0.4905, uncertainty: 1.9700, uncertainty_coeffi: 0.0001, loss: 0.2114, lr: 1.95e-05
     Epoch[1] Iteration[40/125], entropy: 0.5300, uncertainty: 1.9831, uncertainty_coeffi: 0.0001, loss: 0.2329, lr: 2.91e-06
     Epoch[1] Iteration[50/125], entropy: 0.2543, uncertainty: 1.9077, uncertainty_coeffi: 0.0001, loss: 0.1157, lr: 1.30e-06
     Epoch[1] Iteration[60/125], entropy: 0.5029, uncertainty: 1.9582, uncertainty_coeffi: 0.0001, loss: 0.2365, lr: 1.52e-05
     Epoch[1] Iteration[70/125], entropy: 0.6709, uncertainty: 2.0635, uncertainty_coeffi: 0.0001, loss: 0.2918, lr: 4.01e-05
     Epoch[1] Iteration[80/125], entropy: 0.3894, uncertainty: 1.9553, uncertainty_coeffi: 0.0001, loss: 0.1755, lr: 6.81e-05
     Epoch[1] Iteration[90/125], entropy: 0.4128, uncertainty: 1.9216, uncertainty_coeffi: 0.0001, loss: 0.1877, lr: 9.05e-05
     Epoch[1] Iteration[100/125], entropy: 0.4364, uncertainty: 1.9329, uncertainty_coeffi: 0.0001, loss: 0.2002, lr: 9.99e-05
     Epoch[1] Iteration[110/125], entropy: 0.6631, uncertainty: 2.1075, uncertainty_coeffi: 0.0001, loss: 0.2892, lr: 9.35e-05
     Epoch[1] Iteration[120/125], entropy: 0.5460, uncertainty: 2.0112, uncertainty_coeffi: 0.0001, loss: 0.2399, lr: 7.33e-05
     Averaged stats: entropy_avg: 0.4873, uncertainty_avg: 1.9722, uncertainty_coeffi_avg: 0.0001, loss_avg: 0.2184, lr_avg: 5.19e-05
     itm tta time 0:00:38
### TTA Eval Score: 
+-------+--------+--------+--------+--------+--------+
| epoch |   R1   |   R5   |  R10   |  mAP   |  mINP  |
+-------+--------+--------+--------+--------+--------+
|  -999 | 59.500 | 80.050 | 87.050 | 44.116 | 20.549 |
|   0   | 59.900 | 80.150 | 87.350 | 44.315 | 20.696 |
|   1   | 59.950 | 80.150 | 87.550 | 44.458 | 20.800 |
+-------+--------+--------+--------+--------+--------+
     logs:  {'epo': 1, 'R1': np.float32(59.95), 'R5': np.float32(80.15), 'R10': np.float32(87.55), 'mAP': np.float32(44.458), 'mINP': np.float32(20.8), 'entropy': 0.48734570542971295, 'uncertainty': 1.9721839427947998, 'uncertainty_coeffi': 9.999999747378752e-05, 'loss': 0.21835959640642008, 'lr': 5.194444718010697e-05}
     Epoch[2] Iteration[10/125], entropy: 0.4915, uncertainty: 1.9952, uncertainty_coeffi: 0.0001, loss: 0.2167, lr: 3.19e-05
     Epoch[2] Iteration[20/125], entropy: 0.6714, uncertainty: 1.9757, uncertainty_coeffi: 0.0001, loss: 0.3061, lr: 9.55e-06
     Epoch[2] Iteration[30/125], entropy: 0.5774, uncertainty: 1.9790, uncertainty_coeffi: 0.0001, loss: 0.2597, lr: 8.15e-08
     Epoch[2] Iteration[40/125], entropy: 0.3819, uncertainty: 1.9856, uncertainty_coeffi: 0.0001, loss: 0.1800, lr: 6.46e-06
     Epoch[2] Iteration[50/125], entropy: 0.6349, uncertainty: 2.1080, uncertainty_coeffi: 0.0001, loss: 0.2738, lr: 2.67e-05
     Epoch[2] Iteration[60/125], entropy: 0.3606, uncertainty: 1.8461, uncertainty_coeffi: 0.0001, loss: 0.1613, lr: 5.43e-05
     Epoch[2] Iteration[70/125], entropy: 0.6181, uncertainty: 2.0701, uncertainty_coeffi: 0.0001, loss: 0.2775, lr: 8.05e-05
     Epoch[2] Iteration[80/125], entropy: 0.5258, uncertainty: 1.9878, uncertainty_coeffi: 0.0001, loss: 0.2504, lr: 9.71e-05
     Epoch[2] Iteration[90/125], entropy: 0.3943, uncertainty: 1.9899, uncertainty_coeffi: 0.0001, loss: 0.1811, lr: 9.87e-05
     Epoch[2] Iteration[100/125], entropy: 0.5256, uncertainty: 2.0080, uncertainty_coeffi: 0.0001, loss: 0.2392, lr: 8.48e-05
     Epoch[2] Iteration[110/125], entropy: 0.6017, uncertainty: 2.0281, uncertainty_coeffi: 0.0001, loss: 0.2546, lr: 5.99e-05
     Epoch[2] Iteration[120/125], entropy: 0.4167, uncertainty: 1.9454, uncertainty_coeffi: 0.0001, loss: 0.1806, lr: 3.19e-05
     Averaged stats: entropy_avg: 0.5167, uncertainty_avg: 1.9932, uncertainty_coeffi_avg: 0.0001, loss_avg: 0.2318, lr_avg: 4.85e-05
     itm tta time 0:00:37
### TTA Eval Score: 
+-------+--------+--------+--------+--------+--------+
| epoch |   R1   |   R5   |  R10   |  mAP   |  mINP  |
+-------+--------+--------+--------+--------+--------+
|  -999 | 59.500 | 80.050 | 87.050 | 44.116 | 20.549 |
|   0   | 59.900 | 80.150 | 87.350 | 44.315 | 20.696 |
|   1   | 59.950 | 80.150 | 87.550 | 44.458 | 20.800 |
|   2   | 59.800 | 80.450 | 87.650 | 44.479 | 20.879 |
+-------+--------+--------+--------+--------+--------+
     logs:  {'epo': 2, 'R1': np.float32(59.8), 'R5': np.float32(80.45), 'R10': np.float32(87.65), 'mAP': np.float32(44.479), 'mINP': np.float32(20.879), 'entropy': 0.5166565130154291, 'uncertainty': 1.993237555027008, 'uncertainty_coeffi': 9.999999747378752e-05, 'loss': 0.23175011575222015, 'lr': 4.8488301227705655e-05}
     Epoch[3] Iteration[10/125], entropy: 0.2496, uncertainty: 1.8915, uncertainty_coeffi: 0.0001, loss: 0.1105, lr: 2.91e-06
     Epoch[3] Iteration[20/125], entropy: 0.6343, uncertainty: 1.9921, uncertainty_coeffi: 0.0001, loss: 0.2692, lr: 1.30e-06
     Epoch[3] Iteration[30/125], entropy: 0.5600, uncertainty: 1.9565, uncertainty_coeffi: 0.0001, loss: 0.2453, lr: 1.52e-05
     Epoch[3] Iteration[40/125], entropy: 0.3304, uncertainty: 1.9382, uncertainty_coeffi: 0.0001, loss: 0.1563, lr: 4.01e-05
     Epoch[3] Iteration[50/125], entropy: 0.6242, uncertainty: 1.9692, uncertainty_coeffi: 0.0001, loss: 0.2681, lr: 6.81e-05
     Epoch[3] Iteration[60/125], entropy: 0.6614, uncertainty: 2.0396, uncertainty_coeffi: 0.0001, loss: 0.2888, lr: 9.05e-05
     Epoch[3] Iteration[70/125], entropy: 0.7132, uncertainty: 2.0272, uncertainty_coeffi: 0.0001, loss: 0.3011, lr: 9.99e-05
     Epoch[3] Iteration[80/125], entropy: 0.3392, uncertainty: 1.8572, uncertainty_coeffi: 0.0001, loss: 0.1663, lr: 9.35e-05
     Epoch[3] Iteration[90/125], entropy: 0.4053, uncertainty: 2.0226, uncertainty_coeffi: 0.0001, loss: 0.1831, lr: 7.33e-05
     Epoch[3] Iteration[100/125], entropy: 0.6127, uncertainty: 2.0488, uncertainty_coeffi: 0.0001, loss: 0.2563, lr: 4.57e-05
     Epoch[3] Iteration[110/125], entropy: 0.3768, uncertainty: 1.9309, uncertainty_coeffi: 0.0001, loss: 0.1770, lr: 1.95e-05
     Epoch[3] Iteration[120/125], entropy: 0.4585, uncertainty: 2.0137, uncertainty_coeffi: 0.0001, loss: 0.2161, lr: 2.91e-06
     Averaged stats: entropy_avg: 0.4971, uncertainty_avg: 1.9740, uncertainty_coeffi_avg: 0.0001, loss_avg: 0.2198, lr_avg: 4.61e-05
     itm tta time 0:00:36
     Epoch[4] Iteration[10/125], entropy: 0.6079, uncertainty: 2.0475, uncertainty_coeffi: 0.0001, loss: 0.2631, lr: 6.46e-06
     Epoch[4] Iteration[20/125], entropy: 0.5869, uncertainty: 2.0056, uncertainty_coeffi: 0.0001, loss: 0.2661, lr: 2.67e-05
     Epoch[4] Iteration[30/125], entropy: 0.5096, uncertainty: 2.0559, uncertainty_coeffi: 0.0001, loss: 0.2250, lr: 5.43e-05
     Epoch[4] Iteration[40/125], entropy: 0.4750, uncertainty: 1.9309, uncertainty_coeffi: 0.0001, loss: 0.2250, lr: 8.05e-05
     Epoch[4] Iteration[50/125], entropy: 0.3075, uncertainty: 1.8174, uncertainty_coeffi: 0.0001, loss: 0.1426, lr: 9.71e-05
     Epoch[4] Iteration[60/125], entropy: 0.6568, uncertainty: 2.0464, uncertainty_coeffi: 0.0001, loss: 0.2775, lr: 9.87e-05
     Epoch[4] Iteration[70/125], entropy: 0.2522, uncertainty: 1.8087, uncertainty_coeffi: 0.0001, loss: 0.1212, lr: 8.48e-05
     Epoch[4] Iteration[80/125], entropy: 0.4012, uncertainty: 1.9764, uncertainty_coeffi: 0.0001, loss: 0.1852, lr: 5.99e-05
     Epoch[4] Iteration[90/125], entropy: 0.2794, uncertainty: 1.8429, uncertainty_coeffi: 0.0001, loss: 0.1374, lr: 3.19e-05
     Epoch[4] Iteration[100/125], entropy: 0.3851, uncertainty: 1.9760, uncertainty_coeffi: 0.0001, loss: 0.1764, lr: 9.55e-06
     Epoch[4] Iteration[110/125], entropy: 0.3354, uncertainty: 2.0004, uncertainty_coeffi: 0.0001, loss: 0.1506, lr: 8.15e-08
     Epoch[4] Iteration[120/125], entropy: 0.8402, uncertainty: 2.1408, uncertainty_coeffi: 0.0001, loss: 0.3605, lr: 6.46e-06
     Averaged stats: entropy_avg: 0.4698, uncertainty_avg: 1.9707, uncertainty_coeffi_avg: 0.0001, loss_avg: 0.2109, lr_avg: 4.64e-05
     itm tta time 0:00:36
### TTA Eval Score: 
+-------+--------+--------+--------+--------+--------+
| epoch |   R1   |   R5   |  R10   |  mAP   |  mINP  |
+-------+--------+--------+--------+--------+--------+
|  -999 | 59.500 | 80.050 | 87.050 | 44.116 | 20.549 |
|   0   | 59.900 | 80.150 | 87.350 | 44.315 | 20.696 |
|   1   | 59.950 | 80.150 | 87.550 | 44.458 | 20.800 |
|   2   | 59.800 | 80.450 | 87.650 | 44.479 | 20.879 |
|   4   | 59.900 | 80.550 | 87.550 | 44.632 | 20.978 |
+-------+--------+--------+--------+--------+--------+
     logs:  {'epo': 4, 'R1': np.float32(59.9), 'R5': np.float32(80.55), 'R10': np.float32(87.55), 'mAP': np.float32(44.632), 'mINP': np.float32(20.978), 'entropy': 0.46975502123435336, 'uncertainty': 1.9707374672094982, 'uncertainty_coeffi': 9.999999747378752e-05, 'loss': 0.21087797606984773, 'lr': 4.637189134533424e-05}
     Epoch[5] Iteration[10/125], entropy: 0.2765, uncertainty: 1.9338, uncertainty_coeffi: 0.0001, loss: 0.1327, lr: 4.01e-05
     Epoch[5] Iteration[20/125], entropy: 0.3662, uncertainty: 2.0617, uncertainty_coeffi: 0.0001, loss: 0.1601, lr: 6.81e-05
     Epoch[5] Iteration[30/125], entropy: 0.3154, uncertainty: 1.9314, uncertainty_coeffi: 0.0001, loss: 0.1416, lr: 9.05e-05
     Epoch[5] Iteration[40/125], entropy: 0.7109, uncertainty: 2.0424, uncertainty_coeffi: 0.0001, loss: 0.3067, lr: 9.99e-05
     Epoch[5] Iteration[50/125], entropy: 0.4071, uncertainty: 1.8656, uncertainty_coeffi: 0.0001, loss: 0.1820, lr: 9.35e-05
     Epoch[5] Iteration[60/125], entropy: 0.3686, uncertainty: 1.9556, uncertainty_coeffi: 0.0001, loss: 0.1640, lr: 7.33e-05
     Epoch[5] Iteration[70/125], entropy: 0.4091, uncertainty: 2.0761, uncertainty_coeffi: 0.0001, loss: 0.1840, lr: 4.57e-05
     Epoch[5] Iteration[80/125], entropy: 0.7813, uncertainty: 2.0604, uncertainty_coeffi: 0.0001, loss: 0.3358, lr: 1.95e-05
     Epoch[5] Iteration[90/125], entropy: 0.4146, uncertainty: 1.9418, uncertainty_coeffi: 0.0001, loss: 0.1892, lr: 2.91e-06
     Epoch[5] Iteration[100/125], entropy: 0.5817, uncertainty: 2.0326, uncertainty_coeffi: 0.0001, loss: 0.2616, lr: 1.30e-06
     Epoch[5] Iteration[110/125], entropy: 0.3981, uncertainty: 1.9600, uncertainty_coeffi: 0.0001, loss: 0.1831, lr: 1.52e-05
     Epoch[5] Iteration[120/125], entropy: 0.4480, uncertainty: 1.9363, uncertainty_coeffi: 0.0001, loss: 0.2003, lr: 4.01e-05
     Averaged stats: entropy_avg: 0.4565, uncertainty_avg: 1.9831, uncertainty_coeffi_avg: 0.0001, loss_avg: 0.2034, lr_avg: 4.92e-05
     itm tta time 0:00:40
     Epoch[6] Iteration[10/125], entropy: 0.3947, uncertainty: 1.9974, uncertainty_coeffi: 0.0001, loss: 0.1804, lr: 8.05e-05
     Epoch[6] Iteration[20/125], entropy: 0.4578, uncertainty: 2.0604, uncertainty_coeffi: 0.0001, loss: 0.2107, lr: 9.71e-05
     Epoch[6] Iteration[30/125], entropy: 0.4810, uncertainty: 1.9748, uncertainty_coeffi: 0.0001, loss: 0.2327, lr: 9.87e-05
     Epoch[6] Iteration[40/125], entropy: 0.5601, uncertainty: 2.0433, uncertainty_coeffi: 0.0001, loss: 0.2477, lr: 8.48e-05
     Epoch[6] Iteration[50/125], entropy: 0.3764, uncertainty: 1.9110, uncertainty_coeffi: 0.0001, loss: 0.1813, lr: 5.99e-05
     Epoch[6] Iteration[60/125], entropy: 0.3329, uncertainty: 1.9912, uncertainty_coeffi: 0.0001, loss: 0.1475, lr: 3.19e-05
     Epoch[6] Iteration[70/125], entropy: 0.4512, uncertainty: 2.0175, uncertainty_coeffi: 0.0001, loss: 0.1981, lr: 9.55e-06
     Epoch[6] Iteration[80/125], entropy: 0.6570, uncertainty: 2.0021, uncertainty_coeffi: 0.0001, loss: 0.3027, lr: 8.15e-08
     Epoch[6] Iteration[90/125], entropy: 0.6027, uncertainty: 2.0755, uncertainty_coeffi: 0.0001, loss: 0.2636, lr: 6.46e-06
     Epoch[6] Iteration[100/125], entropy: 0.4687, uncertainty: 1.9848, uncertainty_coeffi: 0.0001, loss: 0.2159, lr: 2.67e-05
     Epoch[6] Iteration[110/125], entropy: 0.7388, uncertainty: 2.0356, uncertainty_coeffi: 0.0001, loss: 0.3339, lr: 5.43e-05
     Epoch[6] Iteration[120/125], entropy: 0.7621, uncertainty: 2.1956, uncertainty_coeffi: 0.0001, loss: 0.3191, lr: 8.05e-05
     Averaged stats: entropy_avg: 0.5236, uncertainty_avg: 2.0241, uncertainty_coeffi_avg: 0.0001, loss_avg: 0.2361, lr_avg: 5.25e-05
     itm tta time 0:00:41
     Epoch[7] Iteration[10/125], entropy: 0.3697, uncertainty: 1.8775, uncertainty_coeffi: 0.0001, loss: 0.1868, lr: 9.99e-05
     Epoch[7] Iteration[20/125], entropy: 0.3981, uncertainty: 1.9387, uncertainty_coeffi: 0.0001, loss: 0.1733, lr: 9.35e-05
     Epoch[7] Iteration[30/125], entropy: 0.5158, uncertainty: 2.0439, uncertainty_coeffi: 0.0001, loss: 0.2326, lr: 7.33e-05
     Epoch[7] Iteration[40/125], entropy: 0.3824, uncertainty: 1.9201, uncertainty_coeffi: 0.0001, loss: 0.1637, lr: 4.57e-05
     Epoch[7] Iteration[50/125], entropy: 0.3922, uncertainty: 1.9962, uncertainty_coeffi: 0.0001, loss: 0.1819, lr: 1.95e-05
     Epoch[7] Iteration[60/125], entropy: 0.6029, uncertainty: 2.0067, uncertainty_coeffi: 0.0001, loss: 0.2665, lr: 2.91e-06
     Epoch[7] Iteration[70/125], entropy: 0.4104, uncertainty: 1.9549, uncertainty_coeffi: 0.0001, loss: 0.1858, lr: 1.30e-06
     Epoch[7] Iteration[80/125], entropy: 0.4005, uncertainty: 2.0252, uncertainty_coeffi: 0.0001, loss: 0.1734, lr: 1.52e-05
     Epoch[7] Iteration[90/125], entropy: 0.3809, uncertainty: 1.9082, uncertainty_coeffi: 0.0001, loss: 0.1685, lr: 4.01e-05
     Epoch[7] Iteration[100/125], entropy: 0.3921, uncertainty: 1.9644, uncertainty_coeffi: 0.0001, loss: 0.1787, lr: 6.81e-05
     Epoch[7] Iteration[110/125], entropy: 0.2957, uncertainty: 1.8023, uncertainty_coeffi: 0.0001, loss: 0.1342, lr: 9.05e-05
     Epoch[7] Iteration[120/125], entropy: 0.4959, uncertainty: 1.9539, uncertainty_coeffi: 0.0001, loss: 0.2203, lr: 9.99e-05
     Averaged stats: entropy_avg: 0.4197, uncertainty_avg: 1.9493, uncertainty_coeffi_avg: 0.0001, loss_avg: 0.1888, lr_avg: 5.42e-05
     itm tta time 0:00:40
     Epoch[8] Iteration[10/125], entropy: 0.3130, uncertainty: 1.8642, uncertainty_coeffi: 0.0001, loss: 0.1430, lr: 8.48e-05
     Epoch[8] Iteration[20/125], entropy: 0.4166, uncertainty: 1.8500, uncertainty_coeffi: 0.0001, loss: 0.1813, lr: 5.99e-05
     Epoch[8] Iteration[30/125], entropy: 0.2896, uncertainty: 1.6954, uncertainty_coeffi: 0.0001, loss: 0.1354, lr: 3.19e-05
     Epoch[8] Iteration[40/125], entropy: 0.3067, uncertainty: 1.8524, uncertainty_coeffi: 0.0001, loss: 0.1384, lr: 9.55e-06
     Epoch[8] Iteration[50/125], entropy: 0.2679, uncertainty: 1.8809, uncertainty_coeffi: 0.0001, loss: 0.1294, lr: 8.15e-08
     Epoch[8] Iteration[60/125], entropy: 0.3558, uncertainty: 1.8559, uncertainty_coeffi: 0.0001, loss: 0.1654, lr: 6.46e-06
     Epoch[8] Iteration[70/125], entropy: 0.5709, uncertainty: 2.0671, uncertainty_coeffi: 0.0001, loss: 0.2472, lr: 2.67e-05
     Epoch[8] Iteration[80/125], entropy: 0.2827, uncertainty: 1.8756, uncertainty_coeffi: 0.0001, loss: 0.1342, lr: 5.43e-05
     Epoch[8] Iteration[90/125], entropy: 0.5502, uncertainty: 2.1298, uncertainty_coeffi: 0.0001, loss: 0.2335, lr: 8.05e-05
     Epoch[8] Iteration[100/125], entropy: 0.5712, uncertainty: 2.0628, uncertainty_coeffi: 0.0001, loss: 0.2513, lr: 9.71e-05
     Epoch[8] Iteration[110/125], entropy: 0.3820, uncertainty: 1.9725, uncertainty_coeffi: 0.0001, loss: 0.1737, lr: 9.87e-05
     Epoch[8] Iteration[120/125], entropy: 0.1452, uncertainty: 1.8079, uncertainty_coeffi: 0.0001, loss: 0.0736, lr: 8.48e-05
     Averaged stats: entropy_avg: 0.3710, uncertainty_avg: 1.9095, uncertainty_coeffi_avg: 0.0001, loss_avg: 0.1672, lr_avg: 5.29e-05
     itm tta time 0:00:41
     Epoch[9] Iteration[10/125], entropy: 0.3744, uncertainty: 2.0126, uncertainty_coeffi: 0.0001, loss: 0.1607, lr: 4.57e-05
     Epoch[9] Iteration[20/125], entropy: 0.3662, uncertainty: 1.8206, uncertainty_coeffi: 0.0001, loss: 0.1728, lr: 1.95e-05
     Epoch[9] Iteration[30/125], entropy: 0.4842, uncertainty: 2.0198, uncertainty_coeffi: 0.0001, loss: 0.2096, lr: 2.91e-06
     Epoch[9] Iteration[40/125], entropy: 0.5510, uncertainty: 2.0966, uncertainty_coeffi: 0.0001, loss: 0.2351, lr: 1.30e-06
     Epoch[9] Iteration[50/125], entropy: 0.2959, uncertainty: 1.9241, uncertainty_coeffi: 0.0001, loss: 0.1345, lr: 1.52e-05
     Epoch[9] Iteration[60/125], entropy: 0.6456, uncertainty: 2.1090, uncertainty_coeffi: 0.0001, loss: 0.2822, lr: 4.01e-05
     Epoch[9] Iteration[70/125], entropy: 0.6163, uncertainty: 1.9919, uncertainty_coeffi: 0.0001, loss: 0.2861, lr: 6.81e-05
     Epoch[9] Iteration[80/125], entropy: 0.5658, uncertainty: 2.0380, uncertainty_coeffi: 0.0001, loss: 0.2449, lr: 9.05e-05
     Epoch[9] Iteration[90/125], entropy: 0.4627, uncertainty: 2.0013, uncertainty_coeffi: 0.0001, loss: 0.1993, lr: 9.99e-05
     Epoch[9] Iteration[100/125], entropy: 0.3038, uncertainty: 1.8720, uncertainty_coeffi: 0.0001, loss: 0.1428, lr: 9.35e-05
     Epoch[9] Iteration[110/125], entropy: 0.6648, uncertainty: 2.1036, uncertainty_coeffi: 0.0001, loss: 0.2873, lr: 7.33e-05
     Epoch[9] Iteration[120/125], entropy: 0.3815, uncertainty: 1.9327, uncertainty_coeffi: 0.0001, loss: 0.1674, lr: 4.57e-05
     Averaged stats: entropy_avg: 0.4760, uncertainty_avg: 1.9935, uncertainty_coeffi_avg: 0.0001, loss_avg: 0.2102, lr_avg: 4.96e-05
     itm tta time 0:00:40
### TTA Eval Score: 
+-------+--------+--------+--------+--------+--------+
| epoch |   R1   |   R5   |  R10   |  mAP   |  mINP  |
+-------+--------+--------+--------+--------+--------+
|  -999 | 59.500 | 80.050 | 87.050 | 44.116 | 20.549 |
|   0   | 59.900 | 80.150 | 87.350 | 44.315 | 20.696 |
|   1   | 59.950 | 80.150 | 87.550 | 44.458 | 20.800 |
|   2   | 59.800 | 80.450 | 87.650 | 44.479 | 20.879 |
|   4   | 59.900 | 80.550 | 87.550 | 44.632 | 20.978 |
|   9   | 60.300 | 81.100 | 87.950 | 44.958 | 21.153 |
+-------+--------+--------+--------+--------+--------+
     logs:  {'epo': 9, 'R1': np.float32(60.3), 'R5': np.float32(81.1), 'R10': np.float32(87.95), 'mAP': np.float32(44.958), 'mINP': np.float32(21.153), 'entropy': 0.4760247419277827, 'uncertainty': 1.9935278594493866, 'uncertainty_coeffi': 9.999999747378752e-05, 'loss': 0.21021698291103044, 'lr': 4.964343746467152e-05}
     Epoch[10] Iteration[10/125], entropy: 0.6276, uncertainty: 2.0684, uncertainty_coeffi: 0.0001, loss: 0.2651, lr: 9.55e-06
     Epoch[10] Iteration[20/125], entropy: 0.5774, uncertainty: 2.0785, uncertainty_coeffi: 0.0001, loss: 0.2566, lr: 8.15e-08
     Epoch[10] Iteration[30/125], entropy: 0.6002, uncertainty: 2.0346, uncertainty_coeffi: 0.0001, loss: 0.2607, lr: 6.46e-06
     Epoch[10] Iteration[40/125], entropy: 0.3045, uncertainty: 1.7582, uncertainty_coeffi: 0.0001, loss: 0.1435, lr: 2.67e-05
     Epoch[10] Iteration[50/125], entropy: 0.4404, uncertainty: 1.8564, uncertainty_coeffi: 0.0001, loss: 0.1960, lr: 5.43e-05
     Epoch[10] Iteration[60/125], entropy: 0.4766, uncertainty: 1.9702, uncertainty_coeffi: 0.0001, loss: 0.2143, lr: 8.05e-05
     Epoch[10] Iteration[70/125], entropy: 0.2324, uncertainty: 1.9196, uncertainty_coeffi: 0.0001, loss: 0.1105, lr: 9.71e-05
     Epoch[10] Iteration[80/125], entropy: 0.4294, uncertainty: 1.9123, uncertainty_coeffi: 0.0001, loss: 0.1898, lr: 9.87e-05
     Epoch[10] Iteration[90/125], entropy: 0.4596, uncertainty: 2.0188, uncertainty_coeffi: 0.0001, loss: 0.2139, lr: 8.48e-05
     Epoch[10] Iteration[100/125], entropy: 0.5353, uncertainty: 2.1860, uncertainty_coeffi: 0.0001, loss: 0.2330, lr: 5.99e-05
     Epoch[10] Iteration[110/125], entropy: 0.2426, uncertainty: 1.9600, uncertainty_coeffi: 0.0001, loss: 0.1207, lr: 3.19e-05
     Epoch[10] Iteration[120/125], entropy: 0.4461, uncertainty: 2.0158, uncertainty_coeffi: 0.0001, loss: 0.2024, lr: 9.55e-06
     Averaged stats: entropy_avg: 0.4477, uncertainty_avg: 1.9816, uncertainty_coeffi_avg: 0.0001, loss_avg: 0.2005, lr_avg: 4.66e-05
     itm tta time 0:00:36
     Epoch[11] Iteration[10/125], entropy: 0.4018, uncertainty: 1.9839, uncertainty_coeffi: 0.0001, loss: 0.1796, lr: 1.30e-06
     Epoch[11] Iteration[20/125], entropy: 0.1966, uncertainty: 1.8205, uncertainty_coeffi: 0.0001, loss: 0.1018, lr: 1.52e-05
     Epoch[11] Iteration[30/125], entropy: 0.4615, uncertainty: 1.9724, uncertainty_coeffi: 0.0001, loss: 0.1947, lr: 4.01e-05
     Epoch[11] Iteration[40/125], entropy: 0.5000, uncertainty: 2.0027, uncertainty_coeffi: 0.0001, loss: 0.2148, lr: 6.81e-05
     Epoch[11] Iteration[50/125], entropy: 0.6022, uncertainty: 2.0308, uncertainty_coeffi: 0.0001, loss: 0.2693, lr: 9.05e-05
     Epoch[11] Iteration[60/125], entropy: 0.4561, uncertainty: 2.0059, uncertainty_coeffi: 0.0001, loss: 0.2044, lr: 9.99e-05
     Epoch[11] Iteration[70/125], entropy: 0.5138, uncertainty: 2.0643, uncertainty_coeffi: 0.0001, loss: 0.2347, lr: 9.35e-05
     Epoch[11] Iteration[80/125], entropy: 0.2988, uncertainty: 1.8588, uncertainty_coeffi: 0.0001, loss: 0.1477, lr: 7.33e-05
     Epoch[11] Iteration[90/125], entropy: 0.2638, uncertainty: 1.9564, uncertainty_coeffi: 0.0001, loss: 0.1286, lr: 4.57e-05
     Epoch[11] Iteration[100/125], entropy: 0.5415, uncertainty: 2.1441, uncertainty_coeffi: 0.0001, loss: 0.2343, lr: 1.95e-05
     Epoch[11] Iteration[110/125], entropy: 0.3982, uncertainty: 2.0091, uncertainty_coeffi: 0.0001, loss: 0.1788, lr: 2.91e-06
     Epoch[11] Iteration[120/125], entropy: 0.3252, uncertainty: 1.8259, uncertainty_coeffi: 0.0001, loss: 0.1705, lr: 1.30e-06
     Averaged stats: entropy_avg: 0.4133, uncertainty_avg: 1.9729, uncertainty_coeffi_avg: 0.0001, loss_avg: 0.1883, lr_avg: 4.59e-05
     itm tta time 0:00:37
     Epoch[12] Iteration[10/125], entropy: 0.3988, uncertainty: 2.0149, uncertainty_coeffi: 0.0001, loss: 0.1757, lr: 2.67e-05
     Epoch[12] Iteration[20/125], entropy: 0.5787, uncertainty: 1.9880, uncertainty_coeffi: 0.0001, loss: 0.2569, lr: 5.43e-05
     Epoch[12] Iteration[30/125], entropy: 0.3925, uncertainty: 1.8112, uncertainty_coeffi: 0.0001, loss: 0.1764, lr: 8.05e-05
     Epoch[12] Iteration[40/125], entropy: 0.5852, uncertainty: 2.0732, uncertainty_coeffi: 0.0001, loss: 0.2469, lr: 9.71e-05
     Epoch[12] Iteration[50/125], entropy: 0.3089, uncertainty: 1.9970, uncertainty_coeffi: 0.0001, loss: 0.1444, lr: 9.87e-05
     Epoch[12] Iteration[60/125], entropy: 0.4065, uncertainty: 2.0116, uncertainty_coeffi: 0.0001, loss: 0.1823, lr: 8.48e-05
     Epoch[12] Iteration[70/125], entropy: 0.3896, uncertainty: 1.9506, uncertainty_coeffi: 0.0001, loss: 0.1769, lr: 5.99e-05
     Epoch[12] Iteration[80/125], entropy: 0.5841, uncertainty: 2.1079, uncertainty_coeffi: 0.0001, loss: 0.2502, lr: 3.19e-05
     Epoch[12] Iteration[90/125], entropy: 0.3737, uncertainty: 1.8796, uncertainty_coeffi: 0.0001, loss: 0.1787, lr: 9.55e-06
     Epoch[12] Iteration[100/125], entropy: 0.3436, uncertainty: 1.8362, uncertainty_coeffi: 0.0001, loss: 0.1502, lr: 8.15e-08
     Epoch[12] Iteration[110/125], entropy: 0.5155, uncertainty: 2.0607, uncertainty_coeffi: 0.0001, loss: 0.2217, lr: 6.46e-06
     Epoch[12] Iteration[120/125], entropy: 0.2557, uncertainty: 1.9794, uncertainty_coeffi: 0.0001, loss: 0.1165, lr: 2.67e-05
     Averaged stats: entropy_avg: 0.4277, uncertainty_avg: 1.9758, uncertainty_coeffi_avg: 0.0001, loss_avg: 0.1897, lr_avg: 4.81e-05
     itm tta time 0:00:37
     Epoch[13] Iteration[10/125], entropy: 0.8497, uncertainty: 2.1590, uncertainty_coeffi: 0.0001, loss: 0.3695, lr: 6.81e-05
     Epoch[13] Iteration[20/125], entropy: 0.3658, uncertainty: 1.9140, uncertainty_coeffi: 0.0001, loss: 0.1622, lr: 9.05e-05
     Epoch[13] Iteration[30/125], entropy: 0.4124, uncertainty: 1.9768, uncertainty_coeffi: 0.0001, loss: 0.1847, lr: 9.99e-05
     Epoch[13] Iteration[40/125], entropy: 0.2573, uncertainty: 1.8515, uncertainty_coeffi: 0.0001, loss: 0.1225, lr: 9.35e-05
     Epoch[13] Iteration[50/125], entropy: 0.2806, uncertainty: 1.8767, uncertainty_coeffi: 0.0001, loss: 0.1286, lr: 7.33e-05
     Epoch[13] Iteration[60/125], entropy: 0.7394, uncertainty: 2.0337, uncertainty_coeffi: 0.0001, loss: 0.3274, lr: 4.57e-05
     Epoch[13] Iteration[70/125], entropy: 0.6055, uncertainty: 1.9973, uncertainty_coeffi: 0.0001, loss: 0.2813, lr: 1.95e-05
     Epoch[13] Iteration[80/125], entropy: 0.3084, uncertainty: 1.9350, uncertainty_coeffi: 0.0001, loss: 0.1506, lr: 2.91e-06
     Epoch[13] Iteration[90/125], entropy: 0.5700, uncertainty: 2.0953, uncertainty_coeffi: 0.0001, loss: 0.2470, lr: 1.30e-06
     Epoch[13] Iteration[100/125], entropy: 0.1812, uncertainty: 1.7638, uncertainty_coeffi: 0.0001, loss: 0.0844, lr: 1.52e-05
     Epoch[13] Iteration[110/125], entropy: 0.5159, uncertainty: 2.0889, uncertainty_coeffi: 0.0001, loss: 0.2246, lr: 4.01e-05
     Epoch[13] Iteration[120/125], entropy: 0.4621, uncertainty: 1.9428, uncertainty_coeffi: 0.0001, loss: 0.2111, lr: 6.81e-05
     Averaged stats: entropy_avg: 0.4624, uncertainty_avg: 1.9696, uncertainty_coeffi_avg: 0.0001, loss_avg: 0.2078, lr_avg: 5.15e-05
     itm tta time 0:00:37
     Epoch[14] Iteration[10/125], entropy: 0.3866, uncertainty: 2.0007, uncertainty_coeffi: 0.0001, loss: 0.1737, lr: 9.71e-05
     Epoch[14] Iteration[20/125], entropy: 0.6496, uncertainty: 2.0834, uncertainty_coeffi: 0.0001, loss: 0.2732, lr: 9.87e-05
     Epoch[14] Iteration[30/125], entropy: 0.3959, uncertainty: 1.9987, uncertainty_coeffi: 0.0001, loss: 0.1773, lr: 8.48e-05
     Epoch[14] Iteration[40/125], entropy: 0.4675, uncertainty: 1.9254, uncertainty_coeffi: 0.0001, loss: 0.2097, lr: 5.99e-05
     Epoch[14] Iteration[50/125], entropy: 0.2538, uncertainty: 1.9226, uncertainty_coeffi: 0.0001, loss: 0.1136, lr: 3.19e-05
     Epoch[14] Iteration[60/125], entropy: 0.4880, uncertainty: 1.9904, uncertainty_coeffi: 0.0001, loss: 0.2251, lr: 9.55e-06
     Epoch[14] Iteration[70/125], entropy: 0.4196, uncertainty: 1.9334, uncertainty_coeffi: 0.0001, loss: 0.1959, lr: 8.15e-08
     Epoch[14] Iteration[80/125], entropy: 0.3270, uncertainty: 1.9084, uncertainty_coeffi: 0.0001, loss: 0.1539, lr: 6.46e-06
     Epoch[14] Iteration[90/125], entropy: 0.5907, uncertainty: 2.0966, uncertainty_coeffi: 0.0001, loss: 0.2642, lr: 2.67e-05
     Epoch[14] Iteration[100/125], entropy: 0.3532, uncertainty: 1.8617, uncertainty_coeffi: 0.0001, loss: 0.1790, lr: 5.43e-05
     Epoch[14] Iteration[110/125], entropy: 0.2163, uncertainty: 1.8114, uncertainty_coeffi: 0.0001, loss: 0.1104, lr: 8.05e-05
     Epoch[14] Iteration[120/125], entropy: 0.3418, uncertainty: 1.8975, uncertainty_coeffi: 0.0001, loss: 0.1454, lr: 9.71e-05
     Averaged stats: entropy_avg: 0.4075, uncertainty_avg: 1.9525, uncertainty_coeffi_avg: 0.0001, loss_avg: 0.1851, lr_avg: 5.39e-05
     itm tta time 0:00:41
### TTA Eval Score: 
+-------+--------+--------+--------+--------+--------+
| epoch |   R1   |   R5   |  R10   |  mAP   |  mINP  |
+-------+--------+--------+--------+--------+--------+
|  -999 | 59.500 | 80.050 | 87.050 | 44.116 | 20.549 |
|   0   | 59.900 | 80.150 | 87.350 | 44.315 | 20.696 |
|   1   | 59.950 | 80.150 | 87.550 | 44.458 | 20.800 |
|   2   | 59.800 | 80.450 | 87.650 | 44.479 | 20.879 |
|   4   | 59.900 | 80.550 | 87.550 | 44.632 | 20.978 |
|   9   | 60.300 | 81.100 | 87.950 | 44.958 | 21.153 |
|   14  | 60.200 | 80.800 | 88.100 | 44.998 | 21.257 |
+-------+--------+--------+--------+--------+--------+
     logs:  {'epo': 14, 'R1': np.float32(60.2), 'R5': np.float32(80.8), 'R10': np.float32(88.1), 'mAP': np.float32(44.998), 'mINP': np.float32(21.257), 'entropy': 0.40750504781802493, 'uncertainty': 1.952515035867691, 'uncertainty_coeffi': 9.999999747378752e-05, 'loss': 0.1851214828590552, 'lr': 5.3924351515164647e-05}
     Epoch[15] Iteration[10/125], entropy: 0.5242, uncertainty: 1.9891, uncertainty_coeffi: 0.0001, loss: 0.2409, lr: 9.35e-05
     Epoch[15] Iteration[20/125], entropy: 0.3431, uncertainty: 2.0616, uncertainty_coeffi: 0.0001, loss: 0.1578, lr: 7.33e-05
     Epoch[15] Iteration[30/125], entropy: 0.3709, uncertainty: 2.0768, uncertainty_coeffi: 0.0001, loss: 0.1701, lr: 4.57e-05
     Epoch[15] Iteration[40/125], entropy: 0.7265, uncertainty: 2.2159, uncertainty_coeffi: 0.0001, loss: 0.3155, lr: 1.95e-05
     Epoch[15] Iteration[50/125], entropy: 0.1694, uncertainty: 1.6893, uncertainty_coeffi: 0.0001, loss: 0.0938, lr: 2.91e-06
     Epoch[15] Iteration[60/125], entropy: 0.6978, uncertainty: 2.0902, uncertainty_coeffi: 0.0001, loss: 0.3144, lr: 1.30e-06
     Epoch[15] Iteration[70/125], entropy: 0.7563, uncertainty: 2.1278, uncertainty_coeffi: 0.0001, loss: 0.3174, lr: 1.52e-05
     Epoch[15] Iteration[80/125], entropy: 0.4890, uncertainty: 2.0114, uncertainty_coeffi: 0.0001, loss: 0.2084, lr: 4.01e-05
     Epoch[15] Iteration[90/125], entropy: 0.2551, uncertainty: 1.9402, uncertainty_coeffi: 0.0001, loss: 0.1178, lr: 6.81e-05
     Epoch[15] Iteration[100/125], entropy: 0.5575, uncertainty: 2.0690, uncertainty_coeffi: 0.0001, loss: 0.2392, lr: 9.05e-05
     Epoch[15] Iteration[110/125], entropy: 0.6543, uncertainty: 2.0327, uncertainty_coeffi: 0.0001, loss: 0.2801, lr: 9.99e-05
     Epoch[15] Iteration[120/125], entropy: 0.4483, uncertainty: 1.8777, uncertainty_coeffi: 0.0001, loss: 0.2015, lr: 9.35e-05
     Averaged stats: entropy_avg: 0.4994, uncertainty_avg: 2.0151, uncertainty_coeffi_avg: 0.0001, loss_avg: 0.2214, lr_avg: 5.36e-05
     itm tta time 0:00:40
     Epoch[16] Iteration[10/125], entropy: 0.3149, uncertainty: 1.9753, uncertainty_coeffi: 0.0001, loss: 0.1441, lr: 5.99e-05
     Epoch[16] Iteration[20/125], entropy: 0.3977, uncertainty: 1.7635, uncertainty_coeffi: 0.0001, loss: 0.1904, lr: 3.19e-05
     Epoch[16] Iteration[30/125], entropy: 0.1347, uncertainty: 1.7760, uncertainty_coeffi: 0.0001, loss: 0.0657, lr: 9.55e-06
     Epoch[16] Iteration[40/125], entropy: 0.4291, uncertainty: 1.9871, uncertainty_coeffi: 0.0001, loss: 0.1875, lr: 8.15e-08
     Epoch[16] Iteration[50/125], entropy: 0.3472, uncertainty: 1.7200, uncertainty_coeffi: 0.0001, loss: 0.1622, lr: 6.46e-06
     Epoch[16] Iteration[60/125], entropy: 0.5057, uncertainty: 2.1800, uncertainty_coeffi: 0.0001, loss: 0.2173, lr: 2.67e-05
     Epoch[16] Iteration[70/125], entropy: 0.3329, uncertainty: 1.9256, uncertainty_coeffi: 0.0001, loss: 0.1403, lr: 5.43e-05
     Epoch[16] Iteration[80/125], entropy: 0.6312, uncertainty: 2.1046, uncertainty_coeffi: 0.0001, loss: 0.2684, lr: 8.05e-05
     Epoch[16] Iteration[90/125], entropy: 0.3588, uncertainty: 1.9169, uncertainty_coeffi: 0.0001, loss: 0.1586, lr: 9.71e-05
     Epoch[16] Iteration[100/125], entropy: 0.4488, uncertainty: 2.0229, uncertainty_coeffi: 0.0001, loss: 0.1987, lr: 9.87e-05
     Epoch[16] Iteration[110/125], entropy: 0.4742, uncertainty: 1.9194, uncertainty_coeffi: 0.0001, loss: 0.2246, lr: 8.48e-05
     Epoch[16] Iteration[120/125], entropy: 0.5426, uncertainty: 2.0949, uncertainty_coeffi: 0.0001, loss: 0.2386, lr: 5.99e-05
     Averaged stats: entropy_avg: 0.4098, uncertainty_avg: 1.9489, uncertainty_coeffi_avg: 0.0001, loss_avg: 0.1830, lr_avg: 5.08e-05
     itm tta time 0:00:41
     Epoch[17] Iteration[10/125], entropy: 0.5749, uncertainty: 2.0030, uncertainty_coeffi: 0.0001, loss: 0.2543, lr: 1.95e-05
     Epoch[17] Iteration[20/125], entropy: 0.5261, uncertainty: 2.0463, uncertainty_coeffi: 0.0001, loss: 0.2298, lr: 2.91e-06
     Epoch[17] Iteration[30/125], entropy: 0.4990, uncertainty: 1.9533, uncertainty_coeffi: 0.0001, loss: 0.2146, lr: 1.30e-06
     Epoch[17] Iteration[40/125], entropy: 0.4551, uncertainty: 1.9216, uncertainty_coeffi: 0.0001, loss: 0.2033, lr: 1.52e-05
     Epoch[17] Iteration[50/125], entropy: 0.3806, uncertainty: 1.9088, uncertainty_coeffi: 0.0001, loss: 0.1741, lr: 4.01e-05
     Epoch[17] Iteration[60/125], entropy: 0.2783, uncertainty: 1.9143, uncertainty_coeffi: 0.0001, loss: 0.1421, lr: 6.81e-05
     Epoch[17] Iteration[70/125], entropy: 0.4650, uncertainty: 2.0246, uncertainty_coeffi: 0.0001, loss: 0.2125, lr: 9.05e-05
     Epoch[17] Iteration[80/125], entropy: 0.1742, uncertainty: 1.8389, uncertainty_coeffi: 0.0001, loss: 0.0834, lr: 9.99e-05
     Epoch[17] Iteration[90/125], entropy: 0.3872, uncertainty: 2.0121, uncertainty_coeffi: 0.0001, loss: 0.1730, lr: 9.35e-05
     Epoch[17] Iteration[100/125], entropy: 0.5105, uncertainty: 2.0443, uncertainty_coeffi: 0.0001, loss: 0.2227, lr: 7.33e-05
     Epoch[17] Iteration[110/125], entropy: 0.5012, uncertainty: 2.0664, uncertainty_coeffi: 0.0001, loss: 0.2172, lr: 4.86e-05
     Epoch[17] Iteration[120/125], entropy: 0.5202, uncertainty: 1.9204, uncertainty_coeffi: 0.0001, loss: 0.2280, lr: 2.18e-05
     Averaged stats: entropy_avg: 0.4394, uncertainty_avg: 1.9712, uncertainty_coeffi_avg: 0.0001, loss_avg: 0.1962, lr_avg: 4.79e-05
     itm tta time 0:00:41
     Epoch[18] Iteration[10/125], entropy: 0.4940, uncertainty: 1.9271, uncertainty_coeffi: 0.0001, loss: 0.2221, lr: 3.26e-07
     Epoch[18] Iteration[20/125], entropy: 0.4786, uncertainty: 1.9788, uncertainty_coeffi: 0.0001, loss: 0.2070, lr: 5.13e-06
     Epoch[18] Iteration[30/125], entropy: 0.3882, uncertainty: 1.9702, uncertainty_coeffi: 0.0001, loss: 0.1773, lr: 2.42e-05
     Epoch[18] Iteration[40/125], entropy: 0.3474, uncertainty: 1.8223, uncertainty_coeffi: 0.0001, loss: 0.1772, lr: 5.14e-05
     Epoch[18] Iteration[50/125], entropy: 0.3778, uncertainty: 1.9495, uncertainty_coeffi: 0.0001, loss: 0.1703, lr: 7.82e-05
     Epoch[18] Iteration[60/125], entropy: 0.2976, uncertainty: 1.9930, uncertainty_coeffi: 0.0001, loss: 0.1297, lr: 9.61e-05
     Epoch[18] Iteration[70/125], entropy: 0.2133, uncertainty: 1.7859, uncertainty_coeffi: 0.0001, loss: 0.0948, lr: 9.93e-05
     Epoch[18] Iteration[80/125], entropy: 0.4469, uncertainty: 2.0182, uncertainty_coeffi: 0.0001, loss: 0.1970, lr: 8.68e-05
     Epoch[18] Iteration[90/125], entropy: 0.2837, uncertainty: 1.8521, uncertainty_coeffi: 0.0001, loss: 0.1292, lr: 6.27e-05
     Epoch[18] Iteration[100/125], entropy: 0.4645, uncertainty: 2.0558, uncertainty_coeffi: 0.0001, loss: 0.2110, lr: 3.45e-05
     Epoch[18] Iteration[110/125], entropy: 0.3416, uncertainty: 2.0166, uncertainty_coeffi: 0.0001, loss: 0.1513, lr: 1.13e-05
     Epoch[18] Iteration[120/125], entropy: 0.8008, uncertainty: 2.0552, uncertainty_coeffi: 0.0001, loss: 0.3384, lr: 3.26e-07
     Averaged stats: entropy_avg: 0.4112, uncertainty_avg: 1.9521, uncertainty_coeffi_avg: 0.0001, loss_avg: 0.1838, lr_avg: 4.59e-05
     itm tta time 0:00:40
     Epoch[19] Iteration[10/125], entropy: 0.4714, uncertainty: 1.9586, uncertainty_coeffi: 0.0001, loss: 0.2048, lr: 1.32e-05
     Epoch[19] Iteration[20/125], entropy: 0.2684, uncertainty: 1.8073, uncertainty_coeffi: 0.0001, loss: 0.1248, lr: 3.73e-05
     Epoch[19] Iteration[30/125], entropy: 0.3888, uncertainty: 1.8942, uncertainty_coeffi: 0.0001, loss: 0.1724, lr: 6.55e-05
     Epoch[19] Iteration[40/125], entropy: 0.2517, uncertainty: 1.9143, uncertainty_coeffi: 0.0001, loss: 0.1157, lr: 8.87e-05
     Epoch[19] Iteration[50/125], entropy: 0.5060, uncertainty: 2.0506, uncertainty_coeffi: 0.0001, loss: 0.2241, lr: 9.97e-05
     Epoch[19] Iteration[60/125], entropy: 0.3605, uncertainty: 1.9789, uncertainty_coeffi: 0.0001, loss: 0.1597, lr: 9.49e-05
     Epoch[19] Iteration[70/125], entropy: 0.3387, uncertainty: 1.9804, uncertainty_coeffi: 0.0001, loss: 0.1514, lr: 7.58e-05
     Epoch[19] Iteration[80/125], entropy: 0.4540, uncertainty: 2.0235, uncertainty_coeffi: 0.0001, loss: 0.1909, lr: 4.86e-05
     Epoch[19] Iteration[90/125], entropy: 0.5061, uncertainty: 2.0131, uncertainty_coeffi: 0.0001, loss: 0.2210, lr: 2.18e-05
     Epoch[19] Iteration[100/125], entropy: 0.5163, uncertainty: 1.7321, uncertainty_coeffi: 0.0001, loss: 0.2262, lr: 3.94e-06
     Epoch[19] Iteration[110/125], entropy: 0.4479, uncertainty: 2.0070, uncertainty_coeffi: 0.0001, loss: 0.1945, lr: 7.32e-07
     Epoch[19] Iteration[120/125], entropy: 0.3924, uncertainty: 1.8706, uncertainty_coeffi: 0.0001, loss: 0.1739, lr: 1.32e-05
     Averaged stats: entropy_avg: 0.4085, uncertainty_avg: 1.9359, uncertainty_coeffi_avg: 0.0001, loss_avg: 0.1800, lr_avg: 4.69e-05
     itm tta time 0:00:38
### TTA Eval Score: 
+-------+--------+--------+--------+--------+--------+
| epoch |   R1   |   R5   |  R10   |  mAP   |  mINP  |
+-------+--------+--------+--------+--------+--------+
|  -999 | 59.500 | 80.050 | 87.050 | 44.116 | 20.549 |
|   0   | 59.900 | 80.150 | 87.350 | 44.315 | 20.696 |
|   1   | 59.950 | 80.150 | 87.550 | 44.458 | 20.800 |
|   2   | 59.800 | 80.450 | 87.650 | 44.479 | 20.879 |
|   4   | 59.900 | 80.550 | 87.550 | 44.632 | 20.978 |
|   9   | 60.300 | 81.100 | 87.950 | 44.958 | 21.153 |
|   14  | 60.200 | 80.800 | 88.100 | 44.998 | 21.257 |
|   19  | 60.050 | 80.800 | 87.900 | 45.042 | 21.265 |
+-------+--------+--------+--------+--------+--------+
     logs:  {'epo': 19, 'R1': np.float32(60.05), 'R5': np.float32(80.8), 'R10': np.float32(87.9), 'mAP': np.float32(45.042), 'mINP': np.float32(21.265), 'entropy': 0.4085288420319557, 'uncertainty': 1.9358924726645153, 'uncertainty_coeffi': 9.999999747378752e-05, 'loss': 0.17995491934319338, 'lr': 4.693024525884842e-05}
     Epoch[20] Iteration[10/125], entropy: 0.3255, uncertainty: 1.9342, uncertainty_coeffi: 0.0001, loss: 0.1541, lr: 5.14e-05
     Epoch[20] Iteration[20/125], entropy: 0.3199, uncertainty: 1.9333, uncertainty_coeffi: 0.0001, loss: 0.1457, lr: 7.82e-05
     Epoch[20] Iteration[30/125], entropy: 0.4067, uncertainty: 1.8764, uncertainty_coeffi: 0.0001, loss: 0.1876, lr: 9.61e-05
     Epoch[20] Iteration[40/125], entropy: 0.3198, uncertainty: 2.0003, uncertainty_coeffi: 0.0001, loss: 0.1517, lr: 9.93e-05
     Epoch[20] Iteration[50/125], entropy: 0.5167, uncertainty: 2.0246, uncertainty_coeffi: 0.0001, loss: 0.2336, lr: 8.68e-05
     Epoch[20] Iteration[60/125], entropy: 0.1834, uncertainty: 1.7822, uncertainty_coeffi: 0.0001, loss: 0.0878, lr: 6.27e-05
     Epoch[20] Iteration[70/125], entropy: 0.4016, uncertainty: 2.0180, uncertainty_coeffi: 0.0001, loss: 0.1697, lr: 3.45e-05
     Epoch[20] Iteration[80/125], entropy: 0.3985, uncertainty: 2.0975, uncertainty_coeffi: 0.0001, loss: 0.1769, lr: 1.13e-05
     Epoch[20] Iteration[90/125], entropy: 0.2351, uncertainty: 1.8415, uncertainty_coeffi: 0.0001, loss: 0.1191, lr: 3.26e-07
     Epoch[20] Iteration[100/125], entropy: 0.6072, uncertainty: 2.0168, uncertainty_coeffi: 0.0001, loss: 0.2620, lr: 5.13e-06
     Epoch[20] Iteration[110/125], entropy: 0.2402, uncertainty: 1.9198, uncertainty_coeffi: 0.0001, loss: 0.1161, lr: 2.42e-05
     Epoch[20] Iteration[120/125], entropy: 0.6221, uncertainty: 2.0060, uncertainty_coeffi: 0.0001, loss: 0.2690, lr: 5.14e-05
     Averaged stats: entropy_avg: 0.3814, uncertainty_avg: 1.9542, uncertainty_coeffi_avg: 0.0001, loss_avg: 0.1728, lr_avg: 5.01e-05
     itm tta time 0:00:36
     Epoch[21] Iteration[10/125], entropy: 0.6286, uncertainty: 2.1239, uncertainty_coeffi: 0.0001, loss: 0.2690, lr: 8.87e-05
     Epoch[21] Iteration[20/125], entropy: 0.2043, uncertainty: 1.8419, uncertainty_coeffi: 0.0001, loss: 0.0971, lr: 9.97e-05
     Epoch[21] Iteration[30/125], entropy: 0.2830, uncertainty: 1.9327, uncertainty_coeffi: 0.0001, loss: 0.1302, lr: 9.49e-05
     Epoch[21] Iteration[40/125], entropy: 0.4990, uncertainty: 2.0319, uncertainty_coeffi: 0.0001, loss: 0.2163, lr: 7.58e-05
     Epoch[21] Iteration[50/125], entropy: 0.5851, uncertainty: 2.0777, uncertainty_coeffi: 0.0001, loss: 0.2605, lr: 4.86e-05
     Epoch[21] Iteration[60/125], entropy: 0.3685, uncertainty: 2.0192, uncertainty_coeffi: 0.0001, loss: 0.1694, lr: 2.18e-05
     Epoch[21] Iteration[70/125], entropy: 0.3209, uncertainty: 1.9405, uncertainty_coeffi: 0.0001, loss: 0.1486, lr: 3.94e-06
     Epoch[21] Iteration[80/125], entropy: 0.1634, uncertainty: 1.8136, uncertainty_coeffi: 0.0001, loss: 0.0758, lr: 7.32e-07
     Epoch[21] Iteration[90/125], entropy: 0.3000, uncertainty: 2.0086, uncertainty_coeffi: 0.0001, loss: 0.1323, lr: 1.32e-05
     Epoch[21] Iteration[100/125], entropy: 0.6254, uncertainty: 2.0728, uncertainty_coeffi: 0.0001, loss: 0.2783, lr: 3.73e-05
     Epoch[21] Iteration[110/125], entropy: 0.4667, uncertainty: 1.9457, uncertainty_coeffi: 0.0001, loss: 0.2095, lr: 6.55e-05
     Epoch[21] Iteration[120/125], entropy: 0.3032, uncertainty: 1.7999, uncertainty_coeffi: 0.0001, loss: 0.1392, lr: 8.87e-05
     Averaged stats: entropy_avg: 0.3957, uncertainty_avg: 1.9674, uncertainty_coeffi_avg: 0.0001, loss_avg: 0.1772, lr_avg: 5.32e-05
     itm tta time 0:00:36
     Epoch[22] Iteration[10/125], entropy: 0.3695, uncertainty: 2.0023, uncertainty_coeffi: 0.0001, loss: 0.1656, lr: 9.93e-05
     Epoch[22] Iteration[20/125], entropy: 0.2323, uncertainty: 1.8915, uncertainty_coeffi: 0.0001, loss: 0.1127, lr: 8.68e-05
     Epoch[22] Iteration[30/125], entropy: 0.2107, uncertainty: 1.6969, uncertainty_coeffi: 0.0001, loss: 0.1070, lr: 6.27e-05
     Epoch[22] Iteration[40/125], entropy: 0.4069, uncertainty: 2.0053, uncertainty_coeffi: 0.0001, loss: 0.1811, lr: 3.45e-05
     Epoch[22] Iteration[50/125], entropy: 0.3073, uncertainty: 1.9739, uncertainty_coeffi: 0.0001, loss: 0.1352, lr: 1.13e-05
     Epoch[22] Iteration[60/125], entropy: 0.3783, uncertainty: 1.9793, uncertainty_coeffi: 0.0001, loss: 0.1662, lr: 3.26e-07
     Epoch[22] Iteration[70/125], entropy: 0.2821, uncertainty: 1.9630, uncertainty_coeffi: 0.0001, loss: 0.1286, lr: 5.13e-06
     Epoch[22] Iteration[80/125], entropy: 0.4856, uncertainty: 1.9447, uncertainty_coeffi: 0.0001, loss: 0.2193, lr: 2.42e-05
     Epoch[22] Iteration[90/125], entropy: 0.3848, uncertainty: 1.8237, uncertainty_coeffi: 0.0001, loss: 0.1671, lr: 5.14e-05
     Epoch[22] Iteration[100/125], entropy: 0.3677, uncertainty: 1.9436, uncertainty_coeffi: 0.0001, loss: 0.1731, lr: 7.82e-05
     Epoch[22] Iteration[110/125], entropy: 0.6220, uncertainty: 2.0858, uncertainty_coeffi: 0.0001, loss: 0.2706, lr: 9.61e-05
     Epoch[22] Iteration[120/125], entropy: 0.2346, uncertainty: 1.9604, uncertainty_coeffi: 0.0001, loss: 0.1074, lr: 9.93e-05
     Averaged stats: entropy_avg: 0.3568, uncertainty_avg: 1.9392, uncertainty_coeffi_avg: 0.0001, loss_avg: 0.1612, lr_avg: 5.41e-05
     itm tta time 0:00:39
     Epoch[23] Iteration[10/125], entropy: 0.4189, uncertainty: 2.0188, uncertainty_coeffi: 0.0001, loss: 0.1866, lr: 7.58e-05
     Epoch[23] Iteration[20/125], entropy: 0.2882, uncertainty: 1.9674, uncertainty_coeffi: 0.0001, loss: 0.1313, lr: 4.86e-05
     Epoch[23] Iteration[30/125], entropy: 0.4332, uncertainty: 1.9153, uncertainty_coeffi: 0.0001, loss: 0.1971, lr: 2.18e-05
     Epoch[23] Iteration[40/125], entropy: 0.6140, uncertainty: 2.0834, uncertainty_coeffi: 0.0001, loss: 0.2735, lr: 3.94e-06
     Epoch[23] Iteration[50/125], entropy: 0.5728, uncertainty: 2.0104, uncertainty_coeffi: 0.0001, loss: 0.2415, lr: 7.32e-07
     Epoch[23] Iteration[60/125], entropy: 0.4443, uncertainty: 2.0368, uncertainty_coeffi: 0.0001, loss: 0.2127, lr: 1.32e-05
     Epoch[23] Iteration[70/125], entropy: 0.3663, uncertainty: 1.9568, uncertainty_coeffi: 0.0001, loss: 0.1621, lr: 3.73e-05
     Epoch[23] Iteration[80/125], entropy: 0.3157, uncertainty: 1.9988, uncertainty_coeffi: 0.0001, loss: 0.1393, lr: 6.55e-05
     Epoch[23] Iteration[90/125], entropy: 0.2801, uncertainty: 1.9053, uncertainty_coeffi: 0.0001, loss: 0.1346, lr: 8.87e-05
     Epoch[23] Iteration[100/125], entropy: 0.3822, uncertainty: 1.8657, uncertainty_coeffi: 0.0001, loss: 0.1815, lr: 9.97e-05
     Epoch[23] Iteration[110/125], entropy: 0.3362, uncertainty: 1.9580, uncertainty_coeffi: 0.0001, loss: 0.1557, lr: 9.49e-05
     Epoch[23] Iteration[120/125], entropy: 0.2870, uncertainty: 1.8975, uncertainty_coeffi: 0.0001, loss: 0.1247, lr: 7.58e-05
     Averaged stats: entropy_avg: 0.3949, uncertainty_avg: 1.9678, uncertainty_coeffi_avg: 0.0001, loss_avg: 0.1784, lr_avg: 5.22e-05
     itm tta time 0:00:41
     Epoch[24] Iteration[10/125], entropy: 0.3529, uncertainty: 1.8782, uncertainty_coeffi: 0.0001, loss: 0.1659, lr: 3.45e-05
     Epoch[24] Iteration[20/125], entropy: 0.4069, uncertainty: 1.9129, uncertainty_coeffi: 0.0001, loss: 0.1823, lr: 1.13e-05
     Epoch[24] Iteration[30/125], entropy: 0.5323, uncertainty: 2.0196, uncertainty_coeffi: 0.0001, loss: 0.2282, lr: 3.26e-07
     Epoch[24] Iteration[40/125], entropy: 0.3171, uncertainty: 1.8034, uncertainty_coeffi: 0.0001, loss: 0.1491, lr: 5.13e-06
     Epoch[24] Iteration[50/125], entropy: 0.3863, uncertainty: 1.8709, uncertainty_coeffi: 0.0001, loss: 0.1788, lr: 2.42e-05
     Epoch[24] Iteration[60/125], entropy: 0.4038, uncertainty: 1.9240, uncertainty_coeffi: 0.0001, loss: 0.1744, lr: 5.14e-05
     Epoch[24] Iteration[70/125], entropy: 0.4584, uncertainty: 1.9509, uncertainty_coeffi: 0.0001, loss: 0.2026, lr: 7.82e-05
     Epoch[24] Iteration[80/125], entropy: 0.3386, uncertainty: 2.0327, uncertainty_coeffi: 0.0001, loss: 0.1556, lr: 9.61e-05
     Epoch[24] Iteration[90/125], entropy: 0.5111, uncertainty: 1.9956, uncertainty_coeffi: 0.0001, loss: 0.2210, lr: 9.93e-05
     Epoch[24] Iteration[100/125], entropy: 0.3085, uncertainty: 1.9203, uncertainty_coeffi: 0.0001, loss: 0.1434, lr: 8.68e-05
     Epoch[24] Iteration[110/125], entropy: 0.2754, uncertainty: 1.9719, uncertainty_coeffi: 0.0001, loss: 0.1256, lr: 6.27e-05
     Epoch[24] Iteration[120/125], entropy: 0.2921, uncertainty: 1.8185, uncertainty_coeffi: 0.0001, loss: 0.1313, lr: 3.45e-05
     Averaged stats: entropy_avg: 0.3819, uncertainty_avg: 1.9249, uncertainty_coeffi_avg: 0.0001, loss_avg: 0.1715, lr_avg: 4.87e-05
     itm tta time 0:00:41
     Epoch[25] Iteration[10/125], entropy: 0.2395, uncertainty: 1.9769, uncertainty_coeffi: 0.0001, loss: 0.1132, lr: 3.94e-06
     Epoch[25] Iteration[20/125], entropy: 0.3057, uncertainty: 1.8719, uncertainty_coeffi: 0.0001, loss: 0.1409, lr: 7.32e-07
     Epoch[25] Iteration[30/125], entropy: 0.4779, uncertainty: 2.0070, uncertainty_coeffi: 0.0001, loss: 0.2106, lr: 1.32e-05
     Epoch[25] Iteration[40/125], entropy: 0.4487, uncertainty: 2.0769, uncertainty_coeffi: 0.0001, loss: 0.1958, lr: 3.73e-05
     Epoch[25] Iteration[50/125], entropy: 0.4081, uncertainty: 1.9296, uncertainty_coeffi: 0.0001, loss: 0.1884, lr: 6.55e-05
     Epoch[25] Iteration[60/125], entropy: 0.5286, uncertainty: 2.0168, uncertainty_coeffi: 0.0001, loss: 0.2394, lr: 8.87e-05
     Epoch[25] Iteration[70/125], entropy: 0.4429, uncertainty: 1.9887, uncertainty_coeffi: 0.0001, loss: 0.2081, lr: 9.97e-05
     Epoch[25] Iteration[80/125], entropy: 0.3561, uncertainty: 1.8722, uncertainty_coeffi: 0.0001, loss: 0.1605, lr: 9.49e-05
     Epoch[25] Iteration[90/125], entropy: 0.3576, uncertainty: 2.0092, uncertainty_coeffi: 0.0001, loss: 0.1643, lr: 7.58e-05
     Epoch[25] Iteration[100/125], entropy: 0.4812, uncertainty: 2.0552, uncertainty_coeffi: 0.0001, loss: 0.2127, lr: 4.86e-05
     Epoch[25] Iteration[110/125], entropy: 0.2748, uncertainty: 1.8501, uncertainty_coeffi: 0.0001, loss: 0.1192, lr: 2.18e-05
     Epoch[25] Iteration[120/125], entropy: 0.3466, uncertainty: 1.9478, uncertainty_coeffi: 0.0001, loss: 0.1504, lr: 3.94e-06
     Averaged stats: entropy_avg: 0.3890, uncertainty_avg: 1.9669, uncertainty_coeffi_avg: 0.0001, loss_avg: 0.1753, lr_avg: 4.62e-05
     itm tta time 0:00:40
     Epoch[26] Iteration[10/125], entropy: 0.4629, uncertainty: 1.9656, uncertainty_coeffi: 0.0001, loss: 0.2197, lr: 5.13e-06
     Epoch[26] Iteration[20/125], entropy: 0.4224, uncertainty: 2.0886, uncertainty_coeffi: 0.0001, loss: 0.1945, lr: 2.42e-05
     Epoch[26] Iteration[30/125], entropy: 0.1108, uncertainty: 1.7441, uncertainty_coeffi: 0.0001, loss: 0.0552, lr: 5.14e-05
     Epoch[26] Iteration[40/125], entropy: 0.6064, uncertainty: 2.0843, uncertainty_coeffi: 0.0001, loss: 0.2761, lr: 7.82e-05
     Epoch[26] Iteration[50/125], entropy: 0.5044, uncertainty: 2.0283, uncertainty_coeffi: 0.0001, loss: 0.2251, lr: 9.61e-05
     Epoch[26] Iteration[60/125], entropy: 0.5512, uncertainty: 2.1054, uncertainty_coeffi: 0.0001, loss: 0.2504, lr: 9.93e-05
     Epoch[26] Iteration[70/125], entropy: 0.5941, uncertainty: 2.0108, uncertainty_coeffi: 0.0001, loss: 0.2661, lr: 8.68e-05
     Epoch[26] Iteration[80/125], entropy: 0.4612, uncertainty: 2.0484, uncertainty_coeffi: 0.0001, loss: 0.2058, lr: 6.27e-05
     Epoch[26] Iteration[90/125], entropy: 0.6574, uncertainty: 2.0967, uncertainty_coeffi: 0.0001, loss: 0.2917, lr: 3.45e-05
     Epoch[26] Iteration[100/125], entropy: 0.2173, uncertainty: 1.8394, uncertainty_coeffi: 0.0001, loss: 0.0994, lr: 1.13e-05
     Epoch[26] Iteration[110/125], entropy: 0.4067, uncertainty: 1.9918, uncertainty_coeffi: 0.0001, loss: 0.1806, lr: 3.26e-07
     Epoch[26] Iteration[120/125], entropy: 0.5871, uncertainty: 2.0650, uncertainty_coeffi: 0.0001, loss: 0.2592, lr: 5.13e-06
     Averaged stats: entropy_avg: 0.4651, uncertainty_avg: 2.0057, uncertainty_coeffi_avg: 0.0001, loss_avg: 0.2103, lr_avg: 4.63e-05
     itm tta time 0:00:41
     Epoch[27] Iteration[10/125], entropy: 0.3980, uncertainty: 1.9724, uncertainty_coeffi: 0.0001, loss: 0.1801, lr: 3.73e-05
     Epoch[27] Iteration[20/125], entropy: 0.2507, uncertainty: 1.9565, uncertainty_coeffi: 0.0001, loss: 0.1131, lr: 6.55e-05
     Epoch[27] Iteration[30/125], entropy: 0.3672, uncertainty: 1.9129, uncertainty_coeffi: 0.0001, loss: 0.1718, lr: 8.87e-05
     Epoch[27] Iteration[40/125], entropy: 0.3257, uncertainty: 1.9528, uncertainty_coeffi: 0.0001, loss: 0.1520, lr: 9.97e-05
     Epoch[27] Iteration[50/125], entropy: 0.5352, uncertainty: 1.9443, uncertainty_coeffi: 0.0001, loss: 0.2281, lr: 9.49e-05
     Epoch[27] Iteration[60/125], entropy: 0.6348, uncertainty: 2.0684, uncertainty_coeffi: 0.0001, loss: 0.2773, lr: 7.58e-05
     Epoch[27] Iteration[70/125], entropy: 0.3815, uncertainty: 1.9861, uncertainty_coeffi: 0.0001, loss: 0.1817, lr: 4.86e-05
     Epoch[27] Iteration[80/125], entropy: 0.3024, uncertainty: 1.9640, uncertainty_coeffi: 0.0001, loss: 0.1344, lr: 2.18e-05
     Epoch[27] Iteration[90/125], entropy: 0.3717, uncertainty: 1.9761, uncertainty_coeffi: 0.0001, loss: 0.1683, lr: 3.94e-06
     Epoch[27] Iteration[100/125], entropy: 0.3801, uncertainty: 1.9527, uncertainty_coeffi: 0.0001, loss: 0.1681, lr: 7.32e-07
     Epoch[27] Iteration[110/125], entropy: 0.5750, uncertainty: 2.0620, uncertainty_coeffi: 0.0001, loss: 0.2438, lr: 1.32e-05
     Epoch[27] Iteration[120/125], entropy: 0.4105, uncertainty: 1.9491, uncertainty_coeffi: 0.0001, loss: 0.1933, lr: 3.73e-05
     Averaged stats: entropy_avg: 0.4111, uncertainty_avg: 1.9748, uncertainty_coeffi_avg: 0.0001, loss_avg: 0.1843, lr_avg: 4.89e-05
     itm tta time 0:00:39
     Epoch[28] Iteration[10/125], entropy: 0.2049, uncertainty: 1.7500, uncertainty_coeffi: 0.0001, loss: 0.1083, lr: 7.82e-05
     Epoch[28] Iteration[20/125], entropy: 0.3811, uncertainty: 1.9877, uncertainty_coeffi: 0.0001, loss: 0.1786, lr: 9.61e-05
     Epoch[28] Iteration[30/125], entropy: 0.2525, uncertainty: 1.9395, uncertainty_coeffi: 0.0001, loss: 0.1207, lr: 9.93e-05
     Epoch[28] Iteration[40/125], entropy: 0.4442, uncertainty: 1.9623, uncertainty_coeffi: 0.0001, loss: 0.1948, lr: 8.68e-05
     Epoch[28] Iteration[50/125], entropy: 0.5023, uncertainty: 1.8904, uncertainty_coeffi: 0.0001, loss: 0.2235, lr: 6.27e-05
     Epoch[28] Iteration[60/125], entropy: 0.4681, uncertainty: 2.0417, uncertainty_coeffi: 0.0001, loss: 0.2001, lr: 3.45e-05
     Epoch[28] Iteration[70/125], entropy: 0.4851, uncertainty: 1.9644, uncertainty_coeffi: 0.0001, loss: 0.2086, lr: 1.13e-05
     Epoch[28] Iteration[80/125], entropy: 0.2668, uncertainty: 1.9911, uncertainty_coeffi: 0.0001, loss: 0.1219, lr: 3.26e-07
     Epoch[28] Iteration[90/125], entropy: 0.3474, uncertainty: 2.0409, uncertainty_coeffi: 0.0001, loss: 0.1523, lr: 5.13e-06
     Epoch[28] Iteration[100/125], entropy: 0.5639, uncertainty: 2.1221, uncertainty_coeffi: 0.0001, loss: 0.2536, lr: 2.42e-05
     Epoch[28] Iteration[110/125], entropy: 0.3973, uncertainty: 1.9279, uncertainty_coeffi: 0.0001, loss: 0.1822, lr: 5.14e-05
     Epoch[28] Iteration[120/125], entropy: 0.4119, uncertainty: 1.9722, uncertainty_coeffi: 0.0001, loss: 0.1959, lr: 7.82e-05
     Averaged stats: entropy_avg: 0.3938, uncertainty_avg: 1.9658, uncertainty_coeffi_avg: 0.0001, loss_avg: 0.1784, lr_avg: 5.24e-05
     itm tta time 0:00:36
     Epoch[29] Iteration[10/125], entropy: 0.4634, uncertainty: 2.0351, uncertainty_coeffi: 0.0001, loss: 0.2007, lr: 9.97e-05
     Epoch[29] Iteration[20/125], entropy: 0.3826, uncertainty: 1.9474, uncertainty_coeffi: 0.0001, loss: 0.1700, lr: 9.49e-05
     Epoch[29] Iteration[30/125], entropy: 0.5297, uncertainty: 2.0038, uncertainty_coeffi: 0.0001, loss: 0.2267, lr: 7.58e-05
     Epoch[29] Iteration[40/125], entropy: 0.4306, uncertainty: 1.9455, uncertainty_coeffi: 0.0001, loss: 0.1934, lr: 4.86e-05
     Epoch[29] Iteration[50/125], entropy: 0.2949, uncertainty: 2.0705, uncertainty_coeffi: 0.0001, loss: 0.1304, lr: 2.18e-05
     Epoch[29] Iteration[60/125], entropy: 0.2950, uncertainty: 1.7695, uncertainty_coeffi: 0.0001, loss: 0.1409, lr: 3.94e-06
     Epoch[29] Iteration[70/125], entropy: 0.2986, uncertainty: 1.9351, uncertainty_coeffi: 0.0001, loss: 0.1337, lr: 7.32e-07
     Epoch[29] Iteration[80/125], entropy: 0.2117, uncertainty: 2.0007, uncertainty_coeffi: 0.0001, loss: 0.0977, lr: 1.32e-05
     Epoch[29] Iteration[90/125], entropy: 0.4861, uncertainty: 2.0628, uncertainty_coeffi: 0.0001, loss: 0.2257, lr: 3.73e-05
     Epoch[29] Iteration[100/125], entropy: 0.7127, uncertainty: 2.0538, uncertainty_coeffi: 0.0001, loss: 0.3043, lr: 6.55e-05
     Epoch[29] Iteration[110/125], entropy: 0.6174, uncertainty: 2.0149, uncertainty_coeffi: 0.0001, loss: 0.2632, lr: 8.87e-05
     Epoch[29] Iteration[120/125], entropy: 0.4869, uncertainty: 2.0537, uncertainty_coeffi: 0.0001, loss: 0.2123, lr: 9.97e-05
     Averaged stats: entropy_avg: 0.4341, uncertainty_avg: 1.9911, uncertainty_coeffi_avg: 0.0001, loss_avg: 0.1916, lr_avg: 5.41e-05
     itm tta time 0:00:35
### TTA Eval Score: 
+-------+--------+--------+--------+--------+--------+
| epoch |   R1   |   R5   |  R10   |  mAP   |  mINP  |
+-------+--------+--------+--------+--------+--------+
|  -999 | 59.500 | 80.050 | 87.050 | 44.116 | 20.549 |
|   0   | 59.900 | 80.150 | 87.350 | 44.315 | 20.696 |
|   1   | 59.950 | 80.150 | 87.550 | 44.458 | 20.800 |
|   2   | 59.800 | 80.450 | 87.650 | 44.479 | 20.879 |
|   4   | 59.900 | 80.550 | 87.550 | 44.632 | 20.978 |
|   9   | 60.300 | 81.100 | 87.950 | 44.958 | 21.153 |
|   14  | 60.200 | 80.800 | 88.100 | 44.998 | 21.257 |
|   19  | 60.050 | 80.800 | 87.900 | 45.042 | 21.265 |
|   29  | 60.150 | 80.650 | 87.900 | 45.078 | 21.384 |
+-------+--------+--------+--------+--------+--------+
     logs:  {'epo': 29, 'R1': np.float32(60.15), 'R5': np.float32(80.65), 'R10': np.float32(87.9), 'mAP': np.float32(45.078), 'mINP': np.float32(21.384), 'entropy': 0.43413975834846497, 'uncertainty': 1.9910740653673809, 'uncertainty_coeffi': 9.999999747378752e-05, 'loss': 0.19156178397436938, 'lr': 5.413950723061887e-05}
     Epoch[30] Iteration[10/125], entropy: 0.6501, uncertainty: 2.0534, uncertainty_coeffi: 0.0001, loss: 0.2936, lr: 8.68e-05
     Epoch[30] Iteration[20/125], entropy: 0.2264, uncertainty: 1.8923, uncertainty_coeffi: 0.0001, loss: 0.1069, lr: 6.27e-05
     Epoch[30] Iteration[30/125], entropy: 0.4563, uncertainty: 1.9533, uncertainty_coeffi: 0.0001, loss: 0.2020, lr: 3.45e-05
     Epoch[30] Iteration[40/125], entropy: 0.4277, uncertainty: 1.9887, uncertainty_coeffi: 0.0001, loss: 0.1877, lr: 1.13e-05
     Epoch[30] Iteration[50/125], entropy: 0.2216, uncertainty: 1.9033, uncertainty_coeffi: 0.0001, loss: 0.1018, lr: 3.26e-07
     Epoch[30] Iteration[60/125], entropy: 0.2033, uncertainty: 1.8926, uncertainty_coeffi: 0.0001, loss: 0.0926, lr: 5.13e-06
     Epoch[30] Iteration[70/125], entropy: 0.7997, uncertainty: 2.2534, uncertainty_coeffi: 0.0001, loss: 0.3359, lr: 2.42e-05
     Epoch[30] Iteration[80/125], entropy: 0.4456, uncertainty: 1.9757, uncertainty_coeffi: 0.0001, loss: 0.2099, lr: 5.14e-05
     Epoch[30] Iteration[90/125], entropy: 0.3755, uncertainty: 1.8889, uncertainty_coeffi: 0.0001, loss: 0.1793, lr: 7.82e-05
     Epoch[30] Iteration[100/125], entropy: 0.3003, uncertainty: 1.8659, uncertainty_coeffi: 0.0001, loss: 0.1375, lr: 9.61e-05
     Epoch[30] Iteration[110/125], entropy: 0.3350, uncertainty: 1.9651, uncertainty_coeffi: 0.0001, loss: 0.1558, lr: 9.93e-05
     Epoch[30] Iteration[120/125], entropy: 0.4495, uncertainty: 1.9453, uncertainty_coeffi: 0.0001, loss: 0.2057, lr: 8.68e-05
     Averaged stats: entropy_avg: 0.4076, uncertainty_avg: 1.9648, uncertainty_coeffi_avg: 0.0001, loss_avg: 0.1841, lr_avg: 5.31e-05
     itm tta time 0:00:36
     Epoch[31] Iteration[10/125], entropy: 0.4356, uncertainty: 1.9345, uncertainty_coeffi: 0.0001, loss: 0.1960, lr: 4.86e-05
     Epoch[31] Iteration[20/125], entropy: 0.3143, uncertainty: 1.8774, uncertainty_coeffi: 0.0001, loss: 0.1386, lr: 2.18e-05
     Epoch[31] Iteration[30/125], entropy: 0.6923, uncertainty: 2.1530, uncertainty_coeffi: 0.0001, loss: 0.2980, lr: 3.94e-06
     Epoch[31] Iteration[40/125], entropy: 0.2648, uncertainty: 1.9482, uncertainty_coeffi: 0.0001, loss: 0.1198, lr: 7.32e-07
     Epoch[31] Iteration[50/125], entropy: 0.2538, uncertainty: 1.8709, uncertainty_coeffi: 0.0001, loss: 0.1137, lr: 1.32e-05
     Epoch[31] Iteration[60/125], entropy: 0.5284, uncertainty: 2.1351, uncertainty_coeffi: 0.0001, loss: 0.2271, lr: 3.73e-05
     Epoch[31] Iteration[70/125], entropy: 0.4370, uncertainty: 2.1157, uncertainty_coeffi: 0.0001, loss: 0.1962, lr: 6.55e-05
     Epoch[31] Iteration[80/125], entropy: 0.5150, uncertainty: 2.0135, uncertainty_coeffi: 0.0001, loss: 0.2257, lr: 8.87e-05
     Epoch[31] Iteration[90/125], entropy: 0.2654, uncertainty: 1.7219, uncertainty_coeffi: 0.0001, loss: 0.1341, lr: 9.97e-05
     Epoch[31] Iteration[100/125], entropy: 0.5058, uncertainty: 2.0314, uncertainty_coeffi: 0.0001, loss: 0.2176, lr: 9.49e-05
     Epoch[31] Iteration[110/125], entropy: 0.4174, uncertainty: 1.9871, uncertainty_coeffi: 0.0001, loss: 0.1923, lr: 7.58e-05
     Epoch[31] Iteration[120/125], entropy: 0.3287, uncertainty: 1.8647, uncertainty_coeffi: 0.0001, loss: 0.1433, lr: 4.86e-05
     Averaged stats: entropy_avg: 0.4132, uncertainty_avg: 1.9711, uncertainty_coeffi_avg: 0.0001, loss_avg: 0.1835, lr_avg: 4.99e-05
     itm tta time 0:00:39
     Epoch[32] Iteration[10/125], entropy: 0.2052, uncertainty: 1.8441, uncertainty_coeffi: 0.0001, loss: 0.0977, lr: 1.13e-05
     Epoch[32] Iteration[20/125], entropy: 0.2594, uncertainty: 1.8866, uncertainty_coeffi: 0.0001, loss: 0.1244, lr: 3.26e-07
     Epoch[32] Iteration[30/125], entropy: 0.3342, uncertainty: 1.9137, uncertainty_coeffi: 0.0001, loss: 0.1489, lr: 5.13e-06
     Epoch[32] Iteration[40/125], entropy: 0.3165, uncertainty: 1.8691, uncertainty_coeffi: 0.0001, loss: 0.1444, lr: 2.42e-05
     Epoch[32] Iteration[50/125], entropy: 0.5386, uncertainty: 2.0095, uncertainty_coeffi: 0.0001, loss: 0.2300, lr: 5.14e-05
     Epoch[32] Iteration[60/125], entropy: 0.4754, uncertainty: 2.0558, uncertainty_coeffi: 0.0001, loss: 0.2103, lr: 7.82e-05
     Epoch[32] Iteration[70/125], entropy: 0.3974, uncertainty: 2.0438, uncertainty_coeffi: 0.0001, loss: 0.1744, lr: 9.61e-05
     Epoch[32] Iteration[80/125], entropy: 0.5824, uncertainty: 1.9939, uncertainty_coeffi: 0.0001, loss: 0.2540, lr: 9.93e-05
     Epoch[32] Iteration[90/125], entropy: 0.6905, uncertainty: 2.0589, uncertainty_coeffi: 0.0001, loss: 0.3024, lr: 8.68e-05
     Epoch[32] Iteration[100/125], entropy: 0.3063, uncertainty: 1.9512, uncertainty_coeffi: 0.0001, loss: 0.1457, lr: 6.27e-05
     Epoch[32] Iteration[110/125], entropy: 0.2183, uncertainty: 1.8580, uncertainty_coeffi: 0.0001, loss: 0.1067, lr: 3.45e-05
     Epoch[32] Iteration[120/125], entropy: 0.2755, uncertainty: 1.8300, uncertainty_coeffi: 0.0001, loss: 0.1284, lr: 1.13e-05
     Averaged stats: entropy_avg: 0.3833, uncertainty_avg: 1.9429, uncertainty_coeffi_avg: 0.0001, loss_avg: 0.1723, lr_avg: 4.68e-05
     itm tta time 0:00:40
     Epoch[33] Iteration[10/125], entropy: 0.2994, uncertainty: 2.0493, uncertainty_coeffi: 0.0001, loss: 0.1337, lr: 7.32e-07
     Epoch[33] Iteration[20/125], entropy: 0.4502, uncertainty: 2.1194, uncertainty_coeffi: 0.0001, loss: 0.1968, lr: 1.32e-05
     Epoch[33] Iteration[30/125], entropy: 0.4648, uncertainty: 2.0922, uncertainty_coeffi: 0.0001, loss: 0.2067, lr: 3.73e-05
     Epoch[33] Iteration[40/125], entropy: 0.3211, uncertainty: 1.8228, uncertainty_coeffi: 0.0001, loss: 0.1489, lr: 6.55e-05
     Epoch[33] Iteration[50/125], entropy: 0.4225, uncertainty: 1.9699, uncertainty_coeffi: 0.0001, loss: 0.1800, lr: 8.87e-05
     Epoch[33] Iteration[60/125], entropy: 0.3026, uncertainty: 1.9256, uncertainty_coeffi: 0.0001, loss: 0.1393, lr: 9.97e-05
     Epoch[33] Iteration[70/125], entropy: 0.4955, uncertainty: 1.8870, uncertainty_coeffi: 0.0001, loss: 0.2176, lr: 9.49e-05
     Epoch[33] Iteration[80/125], entropy: 0.3608, uncertainty: 1.9268, uncertainty_coeffi: 0.0001, loss: 0.1652, lr: 7.58e-05
     Epoch[33] Iteration[90/125], entropy: 0.4240, uncertainty: 2.0342, uncertainty_coeffi: 0.0001, loss: 0.1945, lr: 4.86e-05
     Epoch[33] Iteration[100/125], entropy: 0.4524, uncertainty: 1.9862, uncertainty_coeffi: 0.0001, loss: 0.1976, lr: 2.18e-05
     Epoch[33] Iteration[110/125], entropy: 0.4944, uncertainty: 2.0253, uncertainty_coeffi: 0.0001, loss: 0.2239, lr: 3.94e-06
     Epoch[33] Iteration[120/125], entropy: 0.2288, uncertainty: 1.8861, uncertainty_coeffi: 0.0001, loss: 0.1063, lr: 7.32e-07
     Averaged stats: entropy_avg: 0.3930, uncertainty_avg: 1.9771, uncertainty_coeffi_avg: 0.0001, loss_avg: 0.1759, lr_avg: 4.59e-05
     itm tta time 0:00:40
     Epoch[34] Iteration[10/125], entropy: 0.2616, uncertainty: 1.8917, uncertainty_coeffi: 0.0001, loss: 0.1210, lr: 2.42e-05
     Epoch[34] Iteration[20/125], entropy: 0.1476, uncertainty: 1.9266, uncertainty_coeffi: 0.0001, loss: 0.0730, lr: 5.14e-05
     Epoch[34] Iteration[30/125], entropy: 0.2873, uncertainty: 1.9369, uncertainty_coeffi: 0.0001, loss: 0.1355, lr: 7.82e-05
     Epoch[34] Iteration[40/125], entropy: 0.5548, uncertainty: 2.0795, uncertainty_coeffi: 0.0001, loss: 0.2469, lr: 9.61e-05
     Epoch[34] Iteration[50/125], entropy: 0.5447, uncertainty: 2.0155, uncertainty_coeffi: 0.0001, loss: 0.2353, lr: 9.93e-05
     Epoch[34] Iteration[60/125], entropy: 0.3605, uncertainty: 1.9020, uncertainty_coeffi: 0.0001, loss: 0.1650, lr: 8.68e-05
     Epoch[34] Iteration[70/125], entropy: 0.5188, uncertainty: 2.1731, uncertainty_coeffi: 0.0001, loss: 0.2236, lr: 6.27e-05
     Epoch[34] Iteration[80/125], entropy: 0.2926, uncertainty: 1.7572, uncertainty_coeffi: 0.0001, loss: 0.1308, lr: 3.45e-05
     Epoch[34] Iteration[90/125], entropy: 0.4222, uncertainty: 1.9360, uncertainty_coeffi: 0.0001, loss: 0.1857, lr: 1.13e-05
     Epoch[34] Iteration[100/125], entropy: 0.3924, uncertainty: 2.0104, uncertainty_coeffi: 0.0001, loss: 0.1730, lr: 3.26e-07
     Epoch[34] Iteration[110/125], entropy: 0.5630, uncertainty: 2.0751, uncertainty_coeffi: 0.0001, loss: 0.2547, lr: 5.13e-06
     Epoch[34] Iteration[120/125], entropy: 0.3654, uncertainty: 1.9930, uncertainty_coeffi: 0.0001, loss: 0.1632, lr: 2.42e-05
     Averaged stats: entropy_avg: 0.3926, uncertainty_avg: 1.9747, uncertainty_coeffi_avg: 0.0001, loss_avg: 0.1756, lr_avg: 4.78e-05
     itm tta time 0:00:41
     Epoch[35] Iteration[10/125], entropy: 0.4836, uncertainty: 2.1127, uncertainty_coeffi: 0.0001, loss: 0.2115, lr: 6.55e-05
     Epoch[35] Iteration[20/125], entropy: 0.3530, uncertainty: 1.9897, uncertainty_coeffi: 0.0001, loss: 0.1522, lr: 8.87e-05
     Epoch[35] Iteration[30/125], entropy: 0.1682, uncertainty: 1.8086, uncertainty_coeffi: 0.0001, loss: 0.0805, lr: 9.97e-05
     Epoch[35] Iteration[40/125], entropy: 0.3990, uncertainty: 1.9848, uncertainty_coeffi: 0.0001, loss: 0.1771, lr: 9.49e-05
     Epoch[35] Iteration[50/125], entropy: 0.6866, uncertainty: 2.1369, uncertainty_coeffi: 0.0001, loss: 0.2895, lr: 7.58e-05
     Epoch[35] Iteration[60/125], entropy: 0.2960, uncertainty: 1.8476, uncertainty_coeffi: 0.0001, loss: 0.1418, lr: 4.86e-05
     Epoch[35] Iteration[70/125], entropy: 0.4747, uncertainty: 1.9339, uncertainty_coeffi: 0.0001, loss: 0.2062, lr: 2.18e-05
     Epoch[35] Iteration[80/125], entropy: 0.5378, uncertainty: 2.0951, uncertainty_coeffi: 0.0001, loss: 0.2406, lr: 3.94e-06
     Epoch[35] Iteration[90/125], entropy: 0.4059, uncertainty: 2.0181, uncertainty_coeffi: 0.0001, loss: 0.1898, lr: 7.32e-07
     Epoch[35] Iteration[100/125], entropy: 0.4673, uncertainty: 2.0403, uncertainty_coeffi: 0.0001, loss: 0.2057, lr: 1.32e-05
     Epoch[35] Iteration[110/125], entropy: 0.3669, uncertainty: 1.9910, uncertainty_coeffi: 0.0001, loss: 0.1690, lr: 3.73e-05
     Epoch[35] Iteration[120/125], entropy: 0.3770, uncertainty: 1.9721, uncertainty_coeffi: 0.0001, loss: 0.1733, lr: 6.55e-05
     Averaged stats: entropy_avg: 0.4180, uncertainty_avg: 1.9942, uncertainty_coeffi_avg: 0.0001, loss_avg: 0.1864, lr_avg: 5.13e-05
     itm tta time 0:00:41
     Epoch[36] Iteration[10/125], entropy: 0.4978, uncertainty: 2.0668, uncertainty_coeffi: 0.0001, loss: 0.2206, lr: 9.61e-05
     Epoch[36] Iteration[20/125], entropy: 0.2742, uncertainty: 1.9421, uncertainty_coeffi: 0.0001, loss: 0.1306, lr: 9.93e-05
     Epoch[36] Iteration[30/125], entropy: 0.4633, uncertainty: 2.0655, uncertainty_coeffi: 0.0001, loss: 0.2029, lr: 8.68e-05
     Epoch[36] Iteration[40/125], entropy: 0.3745, uncertainty: 1.8586, uncertainty_coeffi: 0.0001, loss: 0.1817, lr: 6.27e-05
     Epoch[36] Iteration[50/125], entropy: 0.4859, uncertainty: 1.9891, uncertainty_coeffi: 0.0001, loss: 0.2113, lr: 3.45e-05
     Epoch[36] Iteration[60/125], entropy: 0.3506, uncertainty: 1.9461, uncertainty_coeffi: 0.0001, loss: 0.1662, lr: 1.13e-05
     Epoch[36] Iteration[70/125], entropy: 0.4439, uncertainty: 2.0532, uncertainty_coeffi: 0.0001, loss: 0.1968, lr: 3.26e-07
     Epoch[36] Iteration[80/125], entropy: 0.4357, uncertainty: 2.0398, uncertainty_coeffi: 0.0001, loss: 0.1939, lr: 5.13e-06
     Epoch[36] Iteration[90/125], entropy: 0.3315, uncertainty: 1.9454, uncertainty_coeffi: 0.0001, loss: 0.1534, lr: 2.42e-05
     Epoch[36] Iteration[100/125], entropy: 0.4094, uncertainty: 2.0554, uncertainty_coeffi: 0.0001, loss: 0.1775, lr: 5.14e-05
     Epoch[36] Iteration[110/125], entropy: 0.1303, uncertainty: 1.7023, uncertainty_coeffi: 0.0001, loss: 0.0647, lr: 7.82e-05
     Epoch[36] Iteration[120/125], entropy: 0.2931, uncertainty: 1.9348, uncertainty_coeffi: 0.0001, loss: 0.1352, lr: 9.61e-05
     Averaged stats: entropy_avg: 0.3742, uncertainty_avg: 1.9666, uncertainty_coeffi_avg: 0.0001, loss_avg: 0.1696, lr_avg: 5.38e-05
     itm tta time 0:00:38
     Epoch[37] Iteration[10/125], entropy: 0.3436, uncertainty: 2.0524, uncertainty_coeffi: 0.0001, loss: 0.1516, lr: 9.49e-05
     Epoch[37] Iteration[20/125], entropy: 0.3348, uncertainty: 1.9851, uncertainty_coeffi: 0.0001, loss: 0.1461, lr: 7.58e-05
     Epoch[37] Iteration[30/125], entropy: 0.8681, uncertainty: 2.1040, uncertainty_coeffi: 0.0001, loss: 0.3930, lr: 4.86e-05
     Epoch[37] Iteration[40/125], entropy: 0.1520, uncertainty: 1.7753, uncertainty_coeffi: 0.0001, loss: 0.0724, lr: 2.18e-05
     Epoch[37] Iteration[50/125], entropy: 0.3403, uncertainty: 1.8912, uncertainty_coeffi: 0.0001, loss: 0.1558, lr: 3.94e-06
     Epoch[37] Iteration[60/125], entropy: 0.4523, uncertainty: 1.9810, uncertainty_coeffi: 0.0001, loss: 0.1984, lr: 7.32e-07
     Epoch[37] Iteration[70/125], entropy: 0.3991, uncertainty: 1.9181, uncertainty_coeffi: 0.0001, loss: 0.1782, lr: 1.32e-05
     Epoch[37] Iteration[80/125], entropy: 0.4562, uncertainty: 2.0218, uncertainty_coeffi: 0.0001, loss: 0.1956, lr: 3.73e-05
     Epoch[37] Iteration[90/125], entropy: 0.4120, uncertainty: 1.9111, uncertainty_coeffi: 0.0001, loss: 0.1846, lr: 6.55e-05
     Epoch[37] Iteration[100/125], entropy: 0.6341, uncertainty: 2.1031, uncertainty_coeffi: 0.0001, loss: 0.2787, lr: 8.87e-05
     Epoch[37] Iteration[110/125], entropy: 0.2991, uncertainty: 1.8992, uncertainty_coeffi: 0.0001, loss: 0.1381, lr: 9.97e-05
     Epoch[37] Iteration[120/125], entropy: 0.4468, uncertainty: 1.9882, uncertainty_coeffi: 0.0001, loss: 0.1971, lr: 9.49e-05
     Averaged stats: entropy_avg: 0.4282, uncertainty_avg: 1.9692, uncertainty_coeffi_avg: 0.0001, loss_avg: 0.1908, lr_avg: 5.37e-05
     itm tta time 0:00:33
     Epoch[38] Iteration[10/125], entropy: 0.4328, uncertainty: 1.9581, uncertainty_coeffi: 0.0001, loss: 0.1974, lr: 6.27e-05
     Epoch[38] Iteration[20/125], entropy: 0.2927, uncertainty: 1.9734, uncertainty_coeffi: 0.0001, loss: 0.1401, lr: 3.45e-05
     Epoch[38] Iteration[30/125], entropy: 0.4998, uncertainty: 1.9889, uncertainty_coeffi: 0.0001, loss: 0.2210, lr: 1.13e-05
     Epoch[38] Iteration[40/125], entropy: 0.4742, uncertainty: 2.0343, uncertainty_coeffi: 0.0001, loss: 0.2082, lr: 3.26e-07
     Epoch[38] Iteration[50/125], entropy: 0.4069, uncertainty: 2.0643, uncertainty_coeffi: 0.0001, loss: 0.1787, lr: 5.13e-06
     Epoch[38] Iteration[60/125], entropy: 0.2377, uncertainty: 1.9160, uncertainty_coeffi: 0.0001, loss: 0.1146, lr: 2.42e-05
     Epoch[38] Iteration[70/125], entropy: 0.2512, uncertainty: 1.8742, uncertainty_coeffi: 0.0001, loss: 0.1092, lr: 5.14e-05
     Epoch[38] Iteration[80/125], entropy: 0.5989, uncertainty: 2.0097, uncertainty_coeffi: 0.0001, loss: 0.2585, lr: 7.82e-05
     Epoch[38] Iteration[90/125], entropy: 0.3831, uncertainty: 2.0617, uncertainty_coeffi: 0.0001, loss: 0.1684, lr: 9.61e-05
     Epoch[38] Iteration[100/125], entropy: 0.5663, uncertainty: 1.9874, uncertainty_coeffi: 0.0001, loss: 0.2438, lr: 9.93e-05
     Epoch[38] Iteration[110/125], entropy: 0.2857, uncertainty: 1.8284, uncertainty_coeffi: 0.0001, loss: 0.1348, lr: 8.68e-05
     Epoch[38] Iteration[120/125], entropy: 0.4076, uncertainty: 1.9491, uncertainty_coeffi: 0.0001, loss: 0.1875, lr: 6.27e-05
     Averaged stats: entropy_avg: 0.4031, uncertainty_avg: 1.9705, uncertainty_coeffi_avg: 0.0001, loss_avg: 0.1802, lr_avg: 5.11e-05
     itm tta time 0:00:41
     Epoch[39] Iteration[10/125], entropy: 0.4751, uncertainty: 1.9747, uncertainty_coeffi: 0.0001, loss: 0.2029, lr: 2.18e-05
     Epoch[39] Iteration[20/125], entropy: 0.2751, uncertainty: 1.9450, uncertainty_coeffi: 0.0001, loss: 0.1262, lr: 3.94e-06
     Epoch[39] Iteration[30/125], entropy: 0.3134, uncertainty: 2.0385, uncertainty_coeffi: 0.0001, loss: 0.1361, lr: 7.32e-07
     Epoch[39] Iteration[40/125], entropy: 0.5112, uncertainty: 1.9975, uncertainty_coeffi: 0.0001, loss: 0.2313, lr: 1.32e-05
     Epoch[39] Iteration[50/125], entropy: 0.5688, uncertainty: 2.0780, uncertainty_coeffi: 0.0001, loss: 0.2459, lr: 3.73e-05
     Epoch[39] Iteration[60/125], entropy: 0.2707, uncertainty: 1.9927, uncertainty_coeffi: 0.0001, loss: 0.1265, lr: 6.55e-05
     Epoch[39] Iteration[70/125], entropy: 0.3700, uncertainty: 2.0485, uncertainty_coeffi: 0.0001, loss: 0.1634, lr: 8.87e-05
     Epoch[39] Iteration[80/125], entropy: 0.3746, uncertainty: 1.9054, uncertainty_coeffi: 0.0001, loss: 0.1734, lr: 9.97e-05
     Epoch[39] Iteration[90/125], entropy: 0.3017, uncertainty: 2.0059, uncertainty_coeffi: 0.0001, loss: 0.1414, lr: 9.49e-05
     Epoch[39] Iteration[100/125], entropy: 0.5259, uncertainty: 2.0914, uncertainty_coeffi: 0.0001, loss: 0.2270, lr: 7.58e-05
     Epoch[39] Iteration[110/125], entropy: 0.4880, uncertainty: 2.1192, uncertainty_coeffi: 0.0001, loss: 0.2110, lr: 4.86e-05
     Epoch[39] Iteration[120/125], entropy: 0.5142, uncertainty: 2.1063, uncertainty_coeffi: 0.0001, loss: 0.2226, lr: 2.18e-05
     Averaged stats: entropy_avg: 0.4157, uncertainty_avg: 2.0253, uncertainty_coeffi_avg: 0.0001, loss_avg: 0.1840, lr_avg: 4.76e-05
     itm tta time 0:00:41
### TTA Eval Score: 
+-------+--------+--------+--------+--------+--------+
| epoch |   R1   |   R5   |  R10   |  mAP   |  mINP  |
+-------+--------+--------+--------+--------+--------+
|  -999 | 59.500 | 80.050 | 87.050 | 44.116 | 20.549 |
|   0   | 59.900 | 80.150 | 87.350 | 44.315 | 20.696 |
|   1   | 59.950 | 80.150 | 87.550 | 44.458 | 20.800 |
|   2   | 59.800 | 80.450 | 87.650 | 44.479 | 20.879 |
|   4   | 59.900 | 80.550 | 87.550 | 44.632 | 20.978 |
|   9   | 60.300 | 81.100 | 87.950 | 44.958 | 21.153 |
|   14  | 60.200 | 80.800 | 88.100 | 44.998 | 21.257 |
|   19  | 60.050 | 80.800 | 87.900 | 45.042 | 21.265 |
|   29  | 60.150 | 80.650 | 87.900 | 45.078 | 21.384 |
|   39  | 60.150 | 80.500 | 87.850 | 45.080 | 21.386 |
+-------+--------+--------+--------+--------+--------+
     logs:  {'epo': 39, 'R1': np.float32(60.15), 'R5': np.float32(80.5), 'R10': np.float32(87.85), 'mAP': np.float32(45.08), 'mINP': np.float32(21.386), 'entropy': 0.4157240514953931, 'uncertainty': 2.0252616504828134, 'uncertainty_coeffi': 9.999999747378752e-05, 'loss': 0.18397960563500723, 'lr': 4.764815325472187e-05}
     Epoch[40] Iteration[10/125], entropy: 0.4720, uncertainty: 2.1219, uncertainty_coeffi: 0.0001, loss: 0.2054, lr: 3.26e-07
     Epoch[40] Iteration[20/125], entropy: 0.5593, uncertainty: 2.0648, uncertainty_coeffi: 0.0001, loss: 0.2412, lr: 5.13e-06
     Epoch[40] Iteration[30/125], entropy: 0.2991, uncertainty: 1.9313, uncertainty_coeffi: 0.0001, loss: 0.1351, lr: 2.42e-05
     Epoch[40] Iteration[40/125], entropy: 0.4661, uncertainty: 1.9753, uncertainty_coeffi: 0.0001, loss: 0.2101, lr: 5.14e-05
     Epoch[40] Iteration[50/125], entropy: 0.5279, uncertainty: 2.1121, uncertainty_coeffi: 0.0001, loss: 0.2294, lr: 7.82e-05
     Epoch[40] Iteration[60/125], entropy: 0.4943, uncertainty: 1.9366, uncertainty_coeffi: 0.0001, loss: 0.2255, lr: 9.61e-05
     Epoch[40] Iteration[70/125], entropy: 0.3933, uncertainty: 1.9206, uncertainty_coeffi: 0.0001, loss: 0.1823, lr: 9.93e-05
     Epoch[40] Iteration[80/125], entropy: 0.3699, uncertainty: 1.9086, uncertainty_coeffi: 0.0001, loss: 0.1762, lr: 8.68e-05
     Epoch[40] Iteration[90/125], entropy: 0.5505, uncertainty: 2.0101, uncertainty_coeffi: 0.0001, loss: 0.2401, lr: 6.27e-05
     Epoch[40] Iteration[100/125], entropy: 0.3787, uncertainty: 1.9134, uncertainty_coeffi: 0.0001, loss: 0.1787, lr: 3.45e-05
     Epoch[40] Iteration[110/125], entropy: 0.4265, uncertainty: 2.0095, uncertainty_coeffi: 0.0001, loss: 0.1842, lr: 1.13e-05
     Epoch[40] Iteration[120/125], entropy: 0.3997, uncertainty: 1.9413, uncertainty_coeffi: 0.0001, loss: 0.1708, lr: 3.26e-07
     Averaged stats: entropy_avg: 0.4448, uncertainty_avg: 1.9871, uncertainty_coeffi_avg: 0.0001, loss_avg: 0.1982, lr_avg: 4.59e-05
     itm tta time 0:00:41
     Epoch[41] Iteration[10/125], entropy: 0.4986, uncertainty: 1.9527, uncertainty_coeffi: 0.0001, loss: 0.2368, lr: 1.32e-05
     Epoch[41] Iteration[20/125], entropy: 0.3986, uncertainty: 1.8477, uncertainty_coeffi: 0.0001, loss: 0.1885, lr: 3.73e-05
     Epoch[41] Iteration[30/125], entropy: 0.4059, uncertainty: 2.0910, uncertainty_coeffi: 0.0001, loss: 0.1758, lr: 6.55e-05
     Epoch[41] Iteration[40/125], entropy: 0.1625, uncertainty: 1.7551, uncertainty_coeffi: 0.0001, loss: 0.0799, lr: 8.87e-05
     Epoch[41] Iteration[50/125], entropy: 0.2913, uncertainty: 1.9743, uncertainty_coeffi: 0.0001, loss: 0.1277, lr: 9.97e-05
     Epoch[41] Iteration[60/125], entropy: 0.5915, uncertainty: 2.1175, uncertainty_coeffi: 0.0001, loss: 0.2554, lr: 9.49e-05
     Epoch[41] Iteration[70/125], entropy: 0.2864, uncertainty: 1.8476, uncertainty_coeffi: 0.0001, loss: 0.1289, lr: 7.58e-05
     Epoch[41] Iteration[80/125], entropy: 0.5596, uncertainty: 2.1006, uncertainty_coeffi: 0.0001, loss: 0.2451, lr: 4.86e-05
     Epoch[41] Iteration[90/125], entropy: 0.4502, uncertainty: 1.9901, uncertainty_coeffi: 0.0001, loss: 0.2009, lr: 2.18e-05
     Epoch[41] Iteration[100/125], entropy: 0.2429, uncertainty: 1.8600, uncertainty_coeffi: 0.0001, loss: 0.1091, lr: 3.94e-06
     Epoch[41] Iteration[110/125], entropy: 0.4177, uncertainty: 1.8925, uncertainty_coeffi: 0.0001, loss: 0.1803, lr: 7.32e-07
     Epoch[41] Iteration[120/125], entropy: 0.3822, uncertainty: 1.9028, uncertainty_coeffi: 0.0001, loss: 0.1863, lr: 1.32e-05
     Averaged stats: entropy_avg: 0.3906, uncertainty_avg: 1.9443, uncertainty_coeffi_avg: 0.0001, loss_avg: 0.1762, lr_avg: 4.69e-05
     itm tta time 0:00:41
     Epoch[42] Iteration[10/125], entropy: 0.4058, uncertainty: 2.0478, uncertainty_coeffi: 0.0001, loss: 0.1901, lr: 5.14e-05
     Epoch[42] Iteration[20/125], entropy: 0.3977, uncertainty: 1.9261, uncertainty_coeffi: 0.0001, loss: 0.1851, lr: 7.82e-05
     Epoch[42] Iteration[30/125], entropy: 0.5236, uncertainty: 1.9999, uncertainty_coeffi: 0.0001, loss: 0.2173, lr: 9.61e-05
     Epoch[42] Iteration[40/125], entropy: 0.4118, uncertainty: 1.9450, uncertainty_coeffi: 0.0001, loss: 0.1802, lr: 9.93e-05
     Epoch[42] Iteration[50/125], entropy: 0.4060, uncertainty: 2.0955, uncertainty_coeffi: 0.0001, loss: 0.1845, lr: 8.68e-05
     Epoch[42] Iteration[60/125], entropy: 0.1992, uncertainty: 1.8829, uncertainty_coeffi: 0.0001, loss: 0.0934, lr: 6.27e-05
     Epoch[42] Iteration[70/125], entropy: 0.3394, uncertainty: 1.8986, uncertainty_coeffi: 0.0001, loss: 0.1530, lr: 3.45e-05
     Epoch[42] Iteration[80/125], entropy: 0.3144, uncertainty: 1.9012, uncertainty_coeffi: 0.0001, loss: 0.1528, lr: 1.13e-05
     Epoch[42] Iteration[90/125], entropy: 0.4175, uncertainty: 1.9311, uncertainty_coeffi: 0.0001, loss: 0.1844, lr: 3.26e-07
     Epoch[42] Iteration[100/125], entropy: 0.2352, uncertainty: 1.9354, uncertainty_coeffi: 0.0001, loss: 0.1150, lr: 5.13e-06
     Epoch[42] Iteration[110/125], entropy: 0.5013, uncertainty: 2.0470, uncertainty_coeffi: 0.0001, loss: 0.2183, lr: 2.42e-05
     Epoch[42] Iteration[120/125], entropy: 0.1685, uncertainty: 1.8419, uncertainty_coeffi: 0.0001, loss: 0.0819, lr: 5.14e-05
     Averaged stats: entropy_avg: 0.3600, uncertainty_avg: 1.9544, uncertainty_coeffi_avg: 0.0001, loss_avg: 0.1630, lr_avg: 5.01e-05
     itm tta time 0:00:40
     Epoch[43] Iteration[10/125], entropy: 0.3202, uncertainty: 1.9498, uncertainty_coeffi: 0.0001, loss: 0.1411, lr: 8.87e-05
     Epoch[43] Iteration[20/125], entropy: 0.4390, uncertainty: 1.9813, uncertainty_coeffi: 0.0001, loss: 0.1960, lr: 9.97e-05
     Epoch[43] Iteration[30/125], entropy: 0.3183, uncertainty: 1.9785, uncertainty_coeffi: 0.0001, loss: 0.1448, lr: 9.49e-05
     Epoch[43] Iteration[40/125], entropy: 0.5354, uncertainty: 2.0594, uncertainty_coeffi: 0.0001, loss: 0.2303, lr: 7.58e-05
     Epoch[43] Iteration[50/125], entropy: 0.4280, uncertainty: 2.0326, uncertainty_coeffi: 0.0001, loss: 0.1852, lr: 4.86e-05
     Epoch[43] Iteration[60/125], entropy: 0.3403, uncertainty: 1.9495, uncertainty_coeffi: 0.0001, loss: 0.1518, lr: 2.18e-05
     Epoch[43] Iteration[70/125], entropy: 0.3547, uncertainty: 1.9726, uncertainty_coeffi: 0.0001, loss: 0.1563, lr: 3.94e-06
     Epoch[43] Iteration[80/125], entropy: 0.5266, uncertainty: 1.9623, uncertainty_coeffi: 0.0001, loss: 0.2229, lr: 7.32e-07
     Epoch[43] Iteration[90/125], entropy: 0.5423, uncertainty: 2.1268, uncertainty_coeffi: 0.0001, loss: 0.2329, lr: 1.32e-05
     Epoch[43] Iteration[100/125], entropy: 0.4694, uncertainty: 2.0633, uncertainty_coeffi: 0.0001, loss: 0.1998, lr: 3.73e-05
     Epoch[43] Iteration[110/125], entropy: 0.3660, uncertainty: 1.8982, uncertainty_coeffi: 0.0001, loss: 0.1711, lr: 6.55e-05
     Epoch[43] Iteration[120/125], entropy: 0.3045, uncertainty: 1.9840, uncertainty_coeffi: 0.0001, loss: 0.1344, lr: 8.87e-05
     Averaged stats: entropy_avg: 0.4121, uncertainty_avg: 1.9965, uncertainty_coeffi_avg: 0.0001, loss_avg: 0.1805, lr_avg: 5.32e-05
     itm tta time 0:00:40
     Epoch[44] Iteration[10/125], entropy: 0.3496, uncertainty: 1.9900, uncertainty_coeffi: 0.0001, loss: 0.1619, lr: 9.93e-05
     Epoch[44] Iteration[20/125], entropy: 0.3995, uncertainty: 1.9845, uncertainty_coeffi: 0.0001, loss: 0.1816, lr: 8.68e-05
     Epoch[44] Iteration[30/125], entropy: 0.5770, uncertainty: 2.0696, uncertainty_coeffi: 0.0001, loss: 0.2583, lr: 6.27e-05
     Epoch[44] Iteration[40/125], entropy: 0.1713, uncertainty: 1.6947, uncertainty_coeffi: 0.0001, loss: 0.0790, lr: 3.45e-05
     Epoch[44] Iteration[50/125], entropy: 0.2136, uncertainty: 1.7292, uncertainty_coeffi: 0.0001, loss: 0.1032, lr: 1.13e-05
     Epoch[44] Iteration[60/125], entropy: 0.4179, uncertainty: 1.9492, uncertainty_coeffi: 0.0001, loss: 0.1869, lr: 3.26e-07
     Epoch[44] Iteration[70/125], entropy: 0.3535, uncertainty: 1.9987, uncertainty_coeffi: 0.0001, loss: 0.1521, lr: 5.13e-06
     Epoch[44] Iteration[80/125], entropy: 0.2282, uncertainty: 1.9060, uncertainty_coeffi: 0.0001, loss: 0.1071, lr: 2.42e-05
     Epoch[44] Iteration[90/125], entropy: 0.3488, uncertainty: 1.9019, uncertainty_coeffi: 0.0001, loss: 0.1646, lr: 5.14e-05
     Epoch[44] Iteration[100/125], entropy: 0.2450, uncertainty: 1.8263, uncertainty_coeffi: 0.0001, loss: 0.1139, lr: 7.82e-05
     Epoch[44] Iteration[110/125], entropy: 0.4503, uncertainty: 2.0463, uncertainty_coeffi: 0.0001, loss: 0.1992, lr: 9.61e-05
     Epoch[44] Iteration[120/125], entropy: 0.2526, uncertainty: 1.8795, uncertainty_coeffi: 0.0001, loss: 0.1193, lr: 9.93e-05
     Averaged stats: entropy_avg: 0.3339, uncertainty_avg: 1.9147, uncertainty_coeffi_avg: 0.0001, loss_avg: 0.1523, lr_avg: 5.41e-05
     itm tta time 0:00:41
     Epoch[45] Iteration[10/125], entropy: 0.4968, uncertainty: 2.0806, uncertainty_coeffi: 0.0001, loss: 0.2163, lr: 7.58e-05
     Epoch[45] Iteration[20/125], entropy: 0.4436, uncertainty: 2.0424, uncertainty_coeffi: 0.0001, loss: 0.2009, lr: 4.86e-05
     Epoch[45] Iteration[30/125], entropy: 0.3012, uncertainty: 1.9364, uncertainty_coeffi: 0.0001, loss: 0.1378, lr: 2.18e-05
     Epoch[45] Iteration[40/125], entropy: 0.1139, uncertainty: 1.7171, uncertainty_coeffi: 0.0001, loss: 0.0564, lr: 3.94e-06
     Epoch[45] Iteration[50/125], entropy: 0.5694, uncertainty: 2.0932, uncertainty_coeffi: 0.0001, loss: 0.2486, lr: 7.32e-07
     Epoch[45] Iteration[60/125], entropy: 0.4727, uncertainty: 1.9851, uncertainty_coeffi: 0.0001, loss: 0.2089, lr: 1.32e-05
     Epoch[45] Iteration[70/125], entropy: 0.3366, uncertainty: 1.9695, uncertainty_coeffi: 0.0001, loss: 0.1475, lr: 3.73e-05
     Epoch[45] Iteration[80/125], entropy: 0.3159, uncertainty: 1.9054, uncertainty_coeffi: 0.0001, loss: 0.1373, lr: 6.55e-05
     Epoch[45] Iteration[90/125], entropy: 0.4039, uncertainty: 1.8978, uncertainty_coeffi: 0.0001, loss: 0.1773, lr: 8.87e-05
     Epoch[45] Iteration[100/125], entropy: 0.5070, uncertainty: 2.0938, uncertainty_coeffi: 0.0001, loss: 0.2270, lr: 9.97e-05
     Epoch[45] Iteration[110/125], entropy: 0.1434, uncertainty: 1.8099, uncertainty_coeffi: 0.0001, loss: 0.0674, lr: 9.49e-05
     Epoch[45] Iteration[120/125], entropy: 0.3102, uncertainty: 1.9443, uncertainty_coeffi: 0.0001, loss: 0.1392, lr: 7.58e-05
     Averaged stats: entropy_avg: 0.3679, uncertainty_avg: 1.9563, uncertainty_coeffi_avg: 0.0001, loss_avg: 0.1637, lr_avg: 5.22e-05
     itm tta time 0:00:41
     Epoch[46] Iteration[10/125], entropy: 0.2809, uncertainty: 1.8898, uncertainty_coeffi: 0.0001, loss: 0.1371, lr: 3.45e-05
     Epoch[46] Iteration[20/125], entropy: 0.4202, uncertainty: 2.0891, uncertainty_coeffi: 0.0001, loss: 0.1789, lr: 1.13e-05
     Epoch[46] Iteration[30/125], entropy: 0.3595, uncertainty: 1.8946, uncertainty_coeffi: 0.0001, loss: 0.1647, lr: 3.26e-07
     Epoch[46] Iteration[40/125], entropy: 0.4064, uncertainty: 2.0318, uncertainty_coeffi: 0.0001, loss: 0.1802, lr: 5.13e-06
     Epoch[46] Iteration[50/125], entropy: 0.3802, uncertainty: 1.9535, uncertainty_coeffi: 0.0001, loss: 0.1828, lr: 2.42e-05
     Epoch[46] Iteration[60/125], entropy: 0.2439, uncertainty: 1.9337, uncertainty_coeffi: 0.0001, loss: 0.1159, lr: 5.14e-05
     Epoch[46] Iteration[70/125], entropy: 0.5290, uncertainty: 2.0192, uncertainty_coeffi: 0.0001, loss: 0.2272, lr: 7.82e-05
     Epoch[46] Iteration[80/125], entropy: 0.1985, uncertainty: 1.8024, uncertainty_coeffi: 0.0001, loss: 0.0942, lr: 9.61e-05
     Epoch[46] Iteration[90/125], entropy: 0.4682, uncertainty: 2.0541, uncertainty_coeffi: 0.0001, loss: 0.2088, lr: 9.93e-05
     Epoch[46] Iteration[100/125], entropy: 0.4060, uncertainty: 2.0117, uncertainty_coeffi: 0.0001, loss: 0.1854, lr: 8.68e-05
     Epoch[46] Iteration[110/125], entropy: 0.3785, uncertainty: 1.9505, uncertainty_coeffi: 0.0001, loss: 0.1784, lr: 6.27e-05
     Epoch[46] Iteration[120/125], entropy: 0.4997, uncertainty: 2.0201, uncertainty_coeffi: 0.0001, loss: 0.2188, lr: 3.45e-05
     Averaged stats: entropy_avg: 0.3809, uncertainty_avg: 1.9709, uncertainty_coeffi_avg: 0.0001, loss_avg: 0.1727, lr_avg: 4.87e-05
     itm tta time 0:00:40
     Epoch[47] Iteration[10/125], entropy: 0.2806, uncertainty: 1.8377, uncertainty_coeffi: 0.0001, loss: 0.1302, lr: 3.94e-06
     Epoch[47] Iteration[20/125], entropy: 0.3066, uncertainty: 2.0356, uncertainty_coeffi: 0.0001, loss: 0.1409, lr: 7.32e-07
     Epoch[47] Iteration[30/125], entropy: 0.3611, uncertainty: 1.9327, uncertainty_coeffi: 0.0001, loss: 0.1556, lr: 1.32e-05
     Epoch[47] Iteration[40/125], entropy: 0.3580, uncertainty: 1.9404, uncertainty_coeffi: 0.0001, loss: 0.1616, lr: 3.73e-05
     Epoch[47] Iteration[50/125], entropy: 0.3157, uncertainty: 1.9558, uncertainty_coeffi: 0.0001, loss: 0.1395, lr: 6.55e-05
     Epoch[47] Iteration[60/125], entropy: 0.3193, uncertainty: 1.8941, uncertainty_coeffi: 0.0001, loss: 0.1477, lr: 8.87e-05
     Epoch[47] Iteration[70/125], entropy: 0.2457, uncertainty: 1.8633, uncertainty_coeffi: 0.0001, loss: 0.1110, lr: 9.97e-05
     Epoch[47] Iteration[80/125], entropy: 0.5573, uncertainty: 2.0328, uncertainty_coeffi: 0.0001, loss: 0.2334, lr: 9.49e-05
     Epoch[47] Iteration[90/125], entropy: 0.4507, uncertainty: 1.9112, uncertainty_coeffi: 0.0001, loss: 0.2003, lr: 7.58e-05
     Epoch[47] Iteration[100/125], entropy: 0.4223, uncertainty: 1.9400, uncertainty_coeffi: 0.0001, loss: 0.1916, lr: 4.86e-05
     Epoch[47] Iteration[110/125], entropy: 0.4817, uncertainty: 2.1340, uncertainty_coeffi: 0.0001, loss: 0.2103, lr: 2.18e-05
     Epoch[47] Iteration[120/125], entropy: 0.3526, uncertainty: 1.8719, uncertainty_coeffi: 0.0001, loss: 0.1627, lr: 3.94e-06
     Averaged stats: entropy_avg: 0.3710, uncertainty_avg: 1.9458, uncertainty_coeffi_avg: 0.0001, loss_avg: 0.1654, lr_avg: 4.62e-05
     itm tta time 0:00:41
     Epoch[48] Iteration[10/125], entropy: 0.2075, uncertainty: 1.8743, uncertainty_coeffi: 0.0001, loss: 0.0958, lr: 5.13e-06
     Epoch[48] Iteration[20/125], entropy: 0.4199, uncertainty: 2.1462, uncertainty_coeffi: 0.0001, loss: 0.1825, lr: 2.42e-05
     Epoch[48] Iteration[30/125], entropy: 0.4828, uncertainty: 2.0097, uncertainty_coeffi: 0.0001, loss: 0.2191, lr: 5.14e-05
     Epoch[48] Iteration[40/125], entropy: 0.2878, uncertainty: 1.8798, uncertainty_coeffi: 0.0001, loss: 0.1285, lr: 7.82e-05
     Epoch[48] Iteration[50/125], entropy: 0.4572, uncertainty: 2.0562, uncertainty_coeffi: 0.0001, loss: 0.1954, lr: 9.61e-05
     Epoch[48] Iteration[60/125], entropy: 0.3304, uncertainty: 2.0089, uncertainty_coeffi: 0.0001, loss: 0.1460, lr: 9.93e-05
     Epoch[48] Iteration[70/125], entropy: 0.3477, uncertainty: 1.9899, uncertainty_coeffi: 0.0001, loss: 0.1629, lr: 8.68e-05
     Epoch[48] Iteration[80/125], entropy: 0.1150, uncertainty: 1.6720, uncertainty_coeffi: 0.0001, loss: 0.0618, lr: 6.27e-05
     Epoch[48] Iteration[90/125], entropy: 0.4837, uncertainty: 2.0818, uncertainty_coeffi: 0.0001, loss: 0.2102, lr: 3.45e-05
     Epoch[48] Iteration[100/125], entropy: 0.3351, uncertainty: 1.9209, uncertainty_coeffi: 0.0001, loss: 0.1530, lr: 1.13e-05
     Epoch[48] Iteration[110/125], entropy: 0.6218, uncertainty: 2.0611, uncertainty_coeffi: 0.0001, loss: 0.2741, lr: 3.26e-07
     Epoch[48] Iteration[120/125], entropy: 0.3589, uncertainty: 2.0351, uncertainty_coeffi: 0.0001, loss: 0.1600, lr: 5.13e-06
     Averaged stats: entropy_avg: 0.3706, uncertainty_avg: 1.9780, uncertainty_coeffi_avg: 0.0001, loss_avg: 0.1658, lr_avg: 4.63e-05
     itm tta time 0:00:39
     Epoch[49] Iteration[10/125], entropy: 0.1664, uncertainty: 1.9441, uncertainty_coeffi: 0.0001, loss: 0.0785, lr: 3.73e-05
     Epoch[49] Iteration[20/125], entropy: 0.2664, uncertainty: 1.9864, uncertainty_coeffi: 0.0001, loss: 0.1144, lr: 6.55e-05
     Epoch[49] Iteration[30/125], entropy: 0.2669, uncertainty: 1.8518, uncertainty_coeffi: 0.0001, loss: 0.1202, lr: 8.87e-05
     Epoch[49] Iteration[40/125], entropy: 0.3717, uncertainty: 1.9927, uncertainty_coeffi: 0.0001, loss: 0.1672, lr: 9.97e-05
     Epoch[49] Iteration[50/125], entropy: 0.5003, uncertainty: 2.0522, uncertainty_coeffi: 0.0001, loss: 0.2253, lr: 9.49e-05
     Epoch[49] Iteration[60/125], entropy: 0.2800, uncertainty: 1.9268, uncertainty_coeffi: 0.0001, loss: 0.1264, lr: 7.58e-05
     Epoch[49] Iteration[70/125], entropy: 0.5515, uncertainty: 2.0790, uncertainty_coeffi: 0.0001, loss: 0.2419, lr: 4.86e-05
     Epoch[49] Iteration[80/125], entropy: 0.3273, uncertainty: 2.0116, uncertainty_coeffi: 0.0001, loss: 0.1472, lr: 2.18e-05
     Epoch[49] Iteration[90/125], entropy: 0.5106, uncertainty: 2.0857, uncertainty_coeffi: 0.0001, loss: 0.2229, lr: 3.94e-06
     Epoch[49] Iteration[100/125], entropy: 0.3763, uncertainty: 2.0703, uncertainty_coeffi: 0.0001, loss: 0.1668, lr: 7.32e-07
     Epoch[49] Iteration[110/125], entropy: 0.3571, uncertainty: 1.9978, uncertainty_coeffi: 0.0001, loss: 0.1550, lr: 1.13e-05
     Epoch[49] Iteration[120/125], entropy: 0.4528, uncertainty: 2.0076, uncertainty_coeffi: 0.0001, loss: 0.1939, lr: 3.45e-05
     Averaged stats: entropy_avg: 0.3690, uncertainty_avg: 2.0005, uncertainty_coeffi_avg: 0.0001, loss_avg: 0.1633, lr_avg: 4.86e-05
     itm tta time 0:00:40
### TTA Eval Score: 
+-------+--------+--------+--------+--------+--------+
| epoch |   R1   |   R5   |  R10   |  mAP   |  mINP  |
+-------+--------+--------+--------+--------+--------+
|  -999 | 59.500 | 80.050 | 87.050 | 44.116 | 20.549 |
|   0   | 59.900 | 80.150 | 87.350 | 44.315 | 20.696 |
|   1   | 59.950 | 80.150 | 87.550 | 44.458 | 20.800 |
|   2   | 59.800 | 80.450 | 87.650 | 44.479 | 20.879 |
|   4   | 59.900 | 80.550 | 87.550 | 44.632 | 20.978 |
|   9   | 60.300 | 81.100 | 87.950 | 44.958 | 21.153 |
|   14  | 60.200 | 80.800 | 88.100 | 44.998 | 21.257 |
|   19  | 60.050 | 80.800 | 87.900 | 45.042 | 21.265 |
|   29  | 60.150 | 80.650 | 87.900 | 45.078 | 21.384 |
|   39  | 60.150 | 80.500 | 87.850 | 45.080 | 21.386 |
|   49  | 60.250 | 80.450 | 87.700 | 45.097 | 21.417 |
+-------+--------+--------+--------+--------+--------+
     logs:  {'epo': 49, 'R1': np.float32(60.25), 'R5': np.float32(80.45), 'R10': np.float32(87.7), 'mAP': np.float32(45.097), 'mINP': np.float32(21.417), 'entropy': 0.3689523624877135, 'uncertainty': 2.0005009373029075, 'uncertainty_coeffi': 9.999999747378752e-05, 'loss': 0.16331416678925356, 'lr': 4.8556593886926244e-05}
     Epoch[50] Iteration[10/125], entropy: 0.4930, uncertainty: 2.0463, uncertainty_coeffi: 0.0001, loss: 0.2157, lr: 7.58e-05
     Epoch[50] Iteration[20/125], entropy: 0.3382, uncertainty: 1.9817, uncertainty_coeffi: 0.0001, loss: 0.1495, lr: 9.49e-05
     Epoch[50] Iteration[30/125], entropy: 0.2751, uncertainty: 1.9525, uncertainty_coeffi: 0.0001, loss: 0.1292, lr: 9.97e-05
     Epoch[50] Iteration[40/125], entropy: 0.4558, uncertainty: 2.0303, uncertainty_coeffi: 0.0001, loss: 0.2071, lr: 8.87e-05
     Epoch[50] Iteration[50/125], entropy: 0.3779, uncertainty: 2.0420, uncertainty_coeffi: 0.0001, loss: 0.1638, lr: 6.55e-05
     Epoch[50] Iteration[60/125], entropy: 0.2031, uncertainty: 1.7042, uncertainty_coeffi: 0.0001, loss: 0.1107, lr: 3.73e-05
     Epoch[50] Iteration[70/125], entropy: 0.2568, uncertainty: 1.8089, uncertainty_coeffi: 0.0001, loss: 0.1239, lr: 1.32e-05
     Epoch[50] Iteration[80/125], entropy: 0.4216, uncertainty: 2.0372, uncertainty_coeffi: 0.0001, loss: 0.1818, lr: 7.32e-07
     Epoch[50] Iteration[90/125], entropy: 0.4433, uncertainty: 1.9968, uncertainty_coeffi: 0.0001, loss: 0.2060, lr: 3.94e-06
     Epoch[50] Iteration[100/125], entropy: 0.5060, uncertainty: 2.0195, uncertainty_coeffi: 0.0001, loss: 0.2362, lr: 2.18e-05
     Epoch[50] Iteration[110/125], entropy: 0.3435, uncertainty: 1.9152, uncertainty_coeffi: 0.0001, loss: 0.1504, lr: 4.86e-05
     Epoch[50] Iteration[120/125], entropy: 0.3329, uncertainty: 1.9255, uncertainty_coeffi: 0.0001, loss: 0.1551, lr: 7.58e-05
     Averaged stats: entropy_avg: 0.3706, uncertainty_avg: 1.9550, uncertainty_coeffi_avg: 0.0001, loss_avg: 0.1691, lr_avg: 5.22e-05
     itm tta time 0:00:41
     Epoch[51] Iteration[10/125], entropy: 0.4187, uncertainty: 1.8547, uncertainty_coeffi: 0.0001, loss: 0.1811, lr: 9.93e-05
     Epoch[51] Iteration[20/125], entropy: 0.3070, uncertainty: 2.0132, uncertainty_coeffi: 0.0001, loss: 0.1430, lr: 9.61e-05
     Epoch[51] Iteration[30/125], entropy: 0.2561, uncertainty: 1.9097, uncertainty_coeffi: 0.0001, loss: 0.1149, lr: 7.82e-05
     Epoch[51] Iteration[40/125], entropy: 0.2828, uncertainty: 1.9084, uncertainty_coeffi: 0.0001, loss: 0.1304, lr: 5.14e-05
     Epoch[51] Iteration[50/125], entropy: 0.3372, uncertainty: 1.9667, uncertainty_coeffi: 0.0001, loss: 0.1512, lr: 2.42e-05
     Epoch[51] Iteration[60/125], entropy: 0.5772, uncertainty: 2.0679, uncertainty_coeffi: 0.0001, loss: 0.2522, lr: 5.13e-06
     Epoch[51] Iteration[70/125], entropy: 0.2745, uncertainty: 1.9499, uncertainty_coeffi: 0.0001, loss: 0.1174, lr: 3.26e-07
     Epoch[51] Iteration[80/125], entropy: 0.2154, uncertainty: 1.7366, uncertainty_coeffi: 0.0001, loss: 0.0999, lr: 1.13e-05
     Epoch[51] Iteration[90/125], entropy: 0.4698, uncertainty: 2.0094, uncertainty_coeffi: 0.0001, loss: 0.1984, lr: 3.45e-05
     Epoch[51] Iteration[100/125], entropy: 0.3777, uncertainty: 1.9191, uncertainty_coeffi: 0.0001, loss: 0.1625, lr: 6.27e-05
     Epoch[51] Iteration[110/125], entropy: 0.4593, uncertainty: 1.9761, uncertainty_coeffi: 0.0001, loss: 0.2018, lr: 8.68e-05
     Epoch[51] Iteration[120/125], entropy: 0.3558, uncertainty: 1.8394, uncertainty_coeffi: 0.0001, loss: 0.1726, lr: 9.93e-05
     Averaged stats: entropy_avg: 0.3609, uncertainty_avg: 1.9293, uncertainty_coeffi_avg: 0.0001, loss_avg: 0.1605, lr_avg: 5.41e-05
     itm tta time 0:00:41
     Epoch[52] Iteration[10/125], entropy: 0.4046, uncertainty: 2.0726, uncertainty_coeffi: 0.0001, loss: 0.1815, lr: 8.87e-05
     Epoch[52] Iteration[20/125], entropy: 0.3028, uncertainty: 1.9461, uncertainty_coeffi: 0.0001, loss: 0.1294, lr: 6.55e-05
     Epoch[52] Iteration[30/125], entropy: 0.3984, uncertainty: 1.9914, uncertainty_coeffi: 0.0001, loss: 0.1735, lr: 3.73e-05
     Epoch[52] Iteration[40/125], entropy: 0.3434, uncertainty: 1.9476, uncertainty_coeffi: 0.0001, loss: 0.1646, lr: 1.32e-05
     Epoch[52] Iteration[50/125], entropy: 0.3158, uncertainty: 1.9631, uncertainty_coeffi: 0.0001, loss: 0.1435, lr: 7.32e-07
     Epoch[52] Iteration[60/125], entropy: 0.3262, uncertainty: 1.9589, uncertainty_coeffi: 0.0001, loss: 0.1460, lr: 3.94e-06
     Epoch[52] Iteration[70/125], entropy: 0.3618, uncertainty: 1.9687, uncertainty_coeffi: 0.0001, loss: 0.1612, lr: 2.18e-05
     Epoch[52] Iteration[80/125], entropy: 0.2792, uncertainty: 2.0007, uncertainty_coeffi: 0.0001, loss: 0.1195, lr: 4.86e-05
     Epoch[52] Iteration[90/125], entropy: 0.3674, uncertainty: 2.0376, uncertainty_coeffi: 0.0001, loss: 0.1643, lr: 7.58e-05
     Epoch[52] Iteration[100/125], entropy: 0.2359, uncertainty: 2.0533, uncertainty_coeffi: 0.0001, loss: 0.1030, lr: 9.49e-05
     Epoch[52] Iteration[110/125], entropy: 0.2341, uncertainty: 1.9969, uncertainty_coeffi: 0.0001, loss: 0.1118, lr: 9.97e-05
     Epoch[52] Iteration[120/125], entropy: 0.2604, uncertainty: 2.0644, uncertainty_coeffi: 0.0001, loss: 0.1169, lr: 8.87e-05
     Averaged stats: entropy_avg: 0.3192, uncertainty_avg: 2.0001, uncertainty_coeffi_avg: 0.0001, loss_avg: 0.1429, lr_avg: 5.32e-05
     itm tta time 0:00:41
     Epoch[53] Iteration[10/125], entropy: 0.2399, uncertainty: 1.9576, uncertainty_coeffi: 0.0001, loss: 0.1100, lr: 5.14e-05
     Epoch[53] Iteration[20/125], entropy: 0.2597, uncertainty: 1.8938, uncertainty_coeffi: 0.0001, loss: 0.1235, lr: 2.42e-05
     Epoch[53] Iteration[30/125], entropy: 0.5457, uncertainty: 1.9750, uncertainty_coeffi: 0.0001, loss: 0.2411, lr: 5.13e-06
     Epoch[53] Iteration[40/125], entropy: 0.4607, uncertainty: 2.0010, uncertainty_coeffi: 0.0001, loss: 0.1992, lr: 3.26e-07
     Epoch[53] Iteration[50/125], entropy: 0.3983, uncertainty: 2.0550, uncertainty_coeffi: 0.0001, loss: 0.1767, lr: 1.13e-05
     Epoch[53] Iteration[60/125], entropy: 0.4210, uncertainty: 1.9286, uncertainty_coeffi: 0.0001, loss: 0.1835, lr: 3.45e-05
     Epoch[53] Iteration[70/125], entropy: 0.3556, uncertainty: 1.9605, uncertainty_coeffi: 0.0001, loss: 0.1656, lr: 6.27e-05
     Epoch[53] Iteration[80/125], entropy: 0.4449, uncertainty: 2.0204, uncertainty_coeffi: 0.0001, loss: 0.1964, lr: 8.68e-05
     Epoch[53] Iteration[90/125], entropy: 0.3907, uncertainty: 1.9415, uncertainty_coeffi: 0.0001, loss: 0.1807, lr: 9.93e-05
     Epoch[53] Iteration[100/125], entropy: 0.2758, uncertainty: 1.9421, uncertainty_coeffi: 0.0001, loss: 0.1328, lr: 9.61e-05
     Epoch[53] Iteration[110/125], entropy: 0.5056, uncertainty: 2.0846, uncertainty_coeffi: 0.0001, loss: 0.2145, lr: 7.82e-05
     Epoch[53] Iteration[120/125], entropy: 0.4504, uncertainty: 2.0510, uncertainty_coeffi: 0.0001, loss: 0.1919, lr: 5.14e-05
     Averaged stats: entropy_avg: 0.3957, uncertainty_avg: 1.9843, uncertainty_coeffi_avg: 0.0001, loss_avg: 0.1763, lr_avg: 5.01e-05
     itm tta time 0:00:41
     Epoch[54] Iteration[10/125], entropy: 0.4101, uncertainty: 2.0379, uncertainty_coeffi: 0.0001, loss: 0.1764, lr: 1.32e-05
     Epoch[54] Iteration[20/125], entropy: 0.3062, uncertainty: 1.8665, uncertainty_coeffi: 0.0001, loss: 0.1411, lr: 7.32e-07
     Epoch[54] Iteration[30/125], entropy: 0.3208, uncertainty: 1.9266, uncertainty_coeffi: 0.0001, loss: 0.1401, lr: 3.94e-06
     Epoch[54] Iteration[40/125], entropy: 0.3807, uncertainty: 1.9189, uncertainty_coeffi: 0.0001, loss: 0.1787, lr: 2.18e-05
     Epoch[54] Iteration[50/125], entropy: 0.2742, uncertainty: 1.9612, uncertainty_coeffi: 0.0001, loss: 0.1255, lr: 4.86e-05
     Epoch[54] Iteration[60/125], entropy: 0.3250, uncertainty: 2.0650, uncertainty_coeffi: 0.0001, loss: 0.1486, lr: 7.58e-05
     Epoch[54] Iteration[70/125], entropy: 0.3819, uncertainty: 1.9563, uncertainty_coeffi: 0.0001, loss: 0.1734, lr: 9.49e-05
     Epoch[54] Iteration[80/125], entropy: 0.3031, uncertainty: 1.9588, uncertainty_coeffi: 0.0001, loss: 0.1457, lr: 9.97e-05
     Epoch[54] Iteration[90/125], entropy: 0.3341, uncertainty: 2.0347, uncertainty_coeffi: 0.0001, loss: 0.1434, lr: 8.87e-05
     Epoch[54] Iteration[100/125], entropy: 0.4820, uncertainty: 1.9815, uncertainty_coeffi: 0.0001, loss: 0.2137, lr: 6.55e-05
     Epoch[54] Iteration[110/125], entropy: 0.4636, uncertainty: 2.0265, uncertainty_coeffi: 0.0001, loss: 0.2113, lr: 3.73e-05
     Epoch[54] Iteration[120/125], entropy: 0.2645, uncertainty: 1.9205, uncertainty_coeffi: 0.0001, loss: 0.1313, lr: 1.32e-05
     Averaged stats: entropy_avg: 0.3539, uncertainty_avg: 1.9712, uncertainty_coeffi_avg: 0.0001, loss_avg: 0.1608, lr_avg: 4.69e-05
     itm tta time 0:00:37
     Epoch[55] Iteration[10/125], entropy: 0.2069, uncertainty: 1.9153, uncertainty_coeffi: 0.0001, loss: 0.0984, lr: 3.26e-07
     Epoch[55] Iteration[20/125], entropy: 0.3126, uncertainty: 1.9077, uncertainty_coeffi: 0.0001, loss: 0.1478, lr: 1.13e-05
     Epoch[55] Iteration[30/125], entropy: 0.3229, uncertainty: 1.9985, uncertainty_coeffi: 0.0001, loss: 0.1440, lr: 3.45e-05
     Epoch[55] Iteration[40/125], entropy: 0.2999, uncertainty: 1.8145, uncertainty_coeffi: 0.0001, loss: 0.1427, lr: 6.27e-05
     Epoch[55] Iteration[50/125], entropy: 0.4986, uncertainty: 2.0395, uncertainty_coeffi: 0.0001, loss: 0.2071, lr: 8.68e-05
     Epoch[55] Iteration[60/125], entropy: 0.2484, uncertainty: 1.9265, uncertainty_coeffi: 0.0001, loss: 0.1171, lr: 9.93e-05
     Epoch[55] Iteration[70/125], entropy: 0.3379, uncertainty: 1.9429, uncertainty_coeffi: 0.0001, loss: 0.1520, lr: 9.61e-05
     Epoch[55] Iteration[80/125], entropy: 0.4658, uncertainty: 1.9961, uncertainty_coeffi: 0.0001, loss: 0.2197, lr: 7.82e-05
     Epoch[55] Iteration[90/125], entropy: 0.6284, uncertainty: 2.0826, uncertainty_coeffi: 0.0001, loss: 0.2702, lr: 5.14e-05
     Epoch[55] Iteration[100/125], entropy: 0.4224, uncertainty: 2.0294, uncertainty_coeffi: 0.0001, loss: 0.1933, lr: 2.42e-05
     Epoch[55] Iteration[110/125], entropy: 0.2588, uncertainty: 1.8762, uncertainty_coeffi: 0.0001, loss: 0.1165, lr: 5.13e-06
     Epoch[55] Iteration[120/125], entropy: 0.3488, uncertainty: 1.9767, uncertainty_coeffi: 0.0001, loss: 0.1521, lr: 3.26e-07
     Averaged stats: entropy_avg: 0.3626, uncertainty_avg: 1.9588, uncertainty_coeffi_avg: 0.0001, loss_avg: 0.1634, lr_avg: 4.59e-05
     itm tta time 0:00:40
     Epoch[56] Iteration[10/125], entropy: 0.3849, uncertainty: 1.9196, uncertainty_coeffi: 0.0001, loss: 0.1751, lr: 2.18e-05
     Epoch[56] Iteration[20/125], entropy: 0.3518, uncertainty: 1.8096, uncertainty_coeffi: 0.0001, loss: 0.1672, lr: 4.86e-05
     Epoch[56] Iteration[30/125], entropy: 0.6670, uncertainty: 2.1030, uncertainty_coeffi: 0.0001, loss: 0.2776, lr: 7.58e-05
     Epoch[56] Iteration[40/125], entropy: 0.1722, uncertainty: 1.8497, uncertainty_coeffi: 0.0001, loss: 0.0834, lr: 9.49e-05
     Epoch[56] Iteration[50/125], entropy: 0.2385, uncertainty: 1.8935, uncertainty_coeffi: 0.0001, loss: 0.1133, lr: 9.97e-05
     Epoch[56] Iteration[60/125], entropy: 0.3643, uncertainty: 1.8862, uncertainty_coeffi: 0.0001, loss: 0.1665, lr: 8.87e-05
     Epoch[56] Iteration[70/125], entropy: 0.2092, uncertainty: 1.8919, uncertainty_coeffi: 0.0001, loss: 0.0990, lr: 6.55e-05
     Epoch[56] Iteration[80/125], entropy: 0.4302, uncertainty: 1.8469, uncertainty_coeffi: 0.0001, loss: 0.1984, lr: 3.73e-05
     Epoch[56] Iteration[90/125], entropy: 0.3554, uncertainty: 2.0400, uncertainty_coeffi: 0.0001, loss: 0.1597, lr: 1.32e-05
     Epoch[56] Iteration[100/125], entropy: 0.1676, uncertainty: 1.9334, uncertainty_coeffi: 0.0001, loss: 0.0782, lr: 7.32e-07
     Epoch[56] Iteration[110/125], entropy: 0.4754, uncertainty: 2.1234, uncertainty_coeffi: 0.0001, loss: 0.2049, lr: 3.94e-06
     Epoch[56] Iteration[120/125], entropy: 0.2572, uncertainty: 1.9456, uncertainty_coeffi: 0.0001, loss: 0.1195, lr: 2.18e-05
     Averaged stats: entropy_avg: 0.3395, uncertainty_avg: 1.9369, uncertainty_coeffi_avg: 0.0001, loss_avg: 0.1536, lr_avg: 4.76e-05
     itm tta time 0:00:41
     Epoch[57] Iteration[10/125], entropy: 0.1716, uncertainty: 1.9122, uncertainty_coeffi: 0.0001, loss: 0.0797, lr: 6.27e-05
     Epoch[57] Iteration[20/125], entropy: 0.3206, uncertainty: 1.9406, uncertainty_coeffi: 0.0001, loss: 0.1444, lr: 8.68e-05
     Epoch[57] Iteration[30/125], entropy: 0.4077, uncertainty: 2.0217, uncertainty_coeffi: 0.0001, loss: 0.1873, lr: 9.93e-05
     Epoch[57] Iteration[40/125], entropy: 0.6441, uncertainty: 2.0806, uncertainty_coeffi: 0.0001, loss: 0.2734, lr: 9.61e-05
     Epoch[57] Iteration[50/125], entropy: 0.2237, uncertainty: 1.8561, uncertainty_coeffi: 0.0001, loss: 0.1057, lr: 7.82e-05
     Epoch[57] Iteration[60/125], entropy: 0.2136, uncertainty: 1.8757, uncertainty_coeffi: 0.0001, loss: 0.1078, lr: 5.14e-05
     Epoch[57] Iteration[70/125], entropy: 0.4403, uncertainty: 2.0894, uncertainty_coeffi: 0.0001, loss: 0.1921, lr: 2.42e-05
     Epoch[57] Iteration[80/125], entropy: 0.2072, uncertainty: 1.7858, uncertainty_coeffi: 0.0001, loss: 0.0965, lr: 5.13e-06
     Epoch[57] Iteration[90/125], entropy: 0.3592, uncertainty: 2.0223, uncertainty_coeffi: 0.0001, loss: 0.1644, lr: 3.26e-07
     Epoch[57] Iteration[100/125], entropy: 0.4346, uncertainty: 1.9352, uncertainty_coeffi: 0.0001, loss: 0.1851, lr: 1.13e-05
     Epoch[57] Iteration[110/125], entropy: 0.3566, uncertainty: 2.0400, uncertainty_coeffi: 0.0001, loss: 0.1557, lr: 3.45e-05
     Epoch[57] Iteration[120/125], entropy: 0.3832, uncertainty: 1.9952, uncertainty_coeffi: 0.0001, loss: 0.1741, lr: 6.27e-05
     Averaged stats: entropy_avg: 0.3468, uncertainty_avg: 1.9629, uncertainty_coeffi_avg: 0.0001, loss_avg: 0.1555, lr_avg: 5.11e-05
     itm tta time 0:00:40
     Epoch[58] Iteration[10/125], entropy: 0.4253, uncertainty: 1.9706, uncertainty_coeffi: 0.0001, loss: 0.1926, lr: 9.49e-05
     Epoch[58] Iteration[20/125], entropy: 0.3023, uncertainty: 1.8743, uncertainty_coeffi: 0.0001, loss: 0.1360, lr: 9.97e-05
     Epoch[58] Iteration[30/125], entropy: 0.2725, uncertainty: 1.9678, uncertainty_coeffi: 0.0001, loss: 0.1219, lr: 8.87e-05
     Epoch[58] Iteration[40/125], entropy: 0.4240, uncertainty: 2.0238, uncertainty_coeffi: 0.0001, loss: 0.1921, lr: 6.55e-05
     Epoch[58] Iteration[50/125], entropy: 0.5911, uncertainty: 2.0870, uncertainty_coeffi: 0.0001, loss: 0.2527, lr: 3.73e-05
     Epoch[58] Iteration[60/125], entropy: 0.4055, uncertainty: 1.9224, uncertainty_coeffi: 0.0001, loss: 0.1890, lr: 1.32e-05
     Epoch[58] Iteration[70/125], entropy: 0.2872, uncertainty: 1.9616, uncertainty_coeffi: 0.0001, loss: 0.1303, lr: 7.32e-07
     Epoch[58] Iteration[80/125], entropy: 0.2593, uncertainty: 1.9876, uncertainty_coeffi: 0.0001, loss: 0.1220, lr: 3.94e-06
     Epoch[58] Iteration[90/125], entropy: 0.1584, uncertainty: 1.8632, uncertainty_coeffi: 0.0001, loss: 0.0740, lr: 2.18e-05
     Epoch[58] Iteration[100/125], entropy: 0.2248, uncertainty: 1.9305, uncertainty_coeffi: 0.0001, loss: 0.1079, lr: 4.86e-05
     Epoch[58] Iteration[110/125], entropy: 0.3440, uncertainty: 1.8987, uncertainty_coeffi: 0.0001, loss: 0.1584, lr: 7.58e-05
     Epoch[58] Iteration[120/125], entropy: 0.5843, uncertainty: 2.0796, uncertainty_coeffi: 0.0001, loss: 0.2495, lr: 9.49e-05
     Averaged stats: entropy_avg: 0.3566, uncertainty_avg: 1.9639, uncertainty_coeffi_avg: 0.0001, loss_avg: 0.1605, lr_avg: 5.37e-05
     itm tta time 0:00:40
     Epoch[59] Iteration[10/125], entropy: 0.2485, uncertainty: 1.8359, uncertainty_coeffi: 0.0001, loss: 0.1147, lr: 9.61e-05
     Epoch[59] Iteration[20/125], entropy: 0.2951, uncertainty: 1.8877, uncertainty_coeffi: 0.0001, loss: 0.1317, lr: 7.82e-05
     Epoch[59] Iteration[30/125], entropy: 0.2896, uncertainty: 1.8643, uncertainty_coeffi: 0.0001, loss: 0.1290, lr: 5.14e-05
     Epoch[59] Iteration[40/125], entropy: 0.4968, uncertainty: 2.0595, uncertainty_coeffi: 0.0001, loss: 0.2104, lr: 2.42e-05
     Epoch[59] Iteration[50/125], entropy: 0.5403, uncertainty: 2.0668, uncertainty_coeffi: 0.0001, loss: 0.2365, lr: 5.13e-06
     Epoch[59] Iteration[60/125], entropy: 0.3368, uncertainty: 2.0040, uncertainty_coeffi: 0.0001, loss: 0.1503, lr: 3.26e-07
     Epoch[59] Iteration[70/125], entropy: 0.4491, uncertainty: 2.0667, uncertainty_coeffi: 0.0001, loss: 0.1950, lr: 1.13e-05
     Epoch[59] Iteration[80/125], entropy: 0.5299, uncertainty: 1.9930, uncertainty_coeffi: 0.0001, loss: 0.2286, lr: 3.45e-05
     Epoch[59] Iteration[90/125], entropy: 0.3231, uncertainty: 1.9026, uncertainty_coeffi: 0.0001, loss: 0.1423, lr: 6.27e-05
     Epoch[59] Iteration[100/125], entropy: 0.4473, uncertainty: 1.9953, uncertainty_coeffi: 0.0001, loss: 0.1994, lr: 8.68e-05
     Epoch[59] Iteration[110/125], entropy: 0.2576, uncertainty: 1.8390, uncertainty_coeffi: 0.0001, loss: 0.1179, lr: 9.93e-05
     Epoch[59] Iteration[120/125], entropy: 0.5267, uncertainty: 2.0436, uncertainty_coeffi: 0.0001, loss: 0.2277, lr: 9.61e-05
     Averaged stats: entropy_avg: 0.3951, uncertainty_avg: 1.9632, uncertainty_coeffi_avg: 0.0001, loss_avg: 0.1736, lr_avg: 5.38e-05
     itm tta time 0:00:40
### TTA Eval Score: 
+-------+--------+--------+--------+--------+--------+
| epoch |   R1   |   R5   |  R10   |  mAP   |  mINP  |
+-------+--------+--------+--------+--------+--------+
|  -999 | 59.500 | 80.050 | 87.050 | 44.116 | 20.549 |
|   0   | 59.900 | 80.150 | 87.350 | 44.315 | 20.696 |
|   1   | 59.950 | 80.150 | 87.550 | 44.458 | 20.800 |
|   2   | 59.800 | 80.450 | 87.650 | 44.479 | 20.879 |
|   4   | 59.900 | 80.550 | 87.550 | 44.632 | 20.978 |
|   9   | 60.300 | 81.100 | 87.950 | 44.958 | 21.153 |
|   14  | 60.200 | 80.800 | 88.100 | 44.998 | 21.257 |
|   19  | 60.050 | 80.800 | 87.900 | 45.042 | 21.265 |
|   29  | 60.150 | 80.650 | 87.900 | 45.078 | 21.384 |
|   39  | 60.150 | 80.500 | 87.850 | 45.080 | 21.386 |
|   49  | 60.250 | 80.450 | 87.700 | 45.097 | 21.417 |
|   59  | 60.200 | 80.300 | 87.550 | 45.158 | 21.636 |
+-------+--------+--------+--------+--------+--------+
     logs:  {'epo': 59, 'R1': np.float32(60.2), 'R5': np.float32(80.3), 'R10': np.float32(87.55), 'mAP': np.float32(45.158), 'mINP': np.float32(21.636), 'entropy': 0.39506825308005017, 'uncertainty': 1.9631840288639069, 'uncertainty_coeffi': 9.999999747378752e-05, 'loss': 0.1736260298639536, 'lr': 5.383801522131183e-05}
### best epoch 9 : {'epo': '9', 'R1': '60.3', 'R5': '81.1', 'R10': '87.95', 'mAP': '44.958', 'mINP': '21.153', 'entropy': '0.4760247419277827', 'uncertainty': '1.9935278594493866', 'uncertainty_coeffi': '9.999999747378752e-05', 'loss': '0.21021698291103044', 'lr': '4.964343746467152e-05'}
### Time 0:40:55
